codigo_upz,year,cantidad_oxxo,dummy_oxxo,cantidad_ara,dummy_ara,cantidad_d1,dummy_d1,cantidad_jb,dummy_jb,spillover_oxxo,estrato_mean,poblacion_2005,poblacion_urbana_2009,num_est_transmi,acceso_transmi,accesibilidad_arterial,personas_por_localidad_2007,personas_por_hogar_2007_localidad,gasto_promedio_mensual_2007_localidad,ICV_2007_localidad,nombre_localidad,nombre_upz,theft_to_people,homicide,sexual,theft_to_vehicle,theft_to_motorbike,genero_-,genero_FEMENINO,genero_MASCULINO,TOTAL_POBLACION,Hombre,Mujer,crime_index,theft_to_people_index,homicide_index,sexual_index,theft_to_vehicle_index,theft_to_motorbike_index,male_index,female_index
15.0,2018,0.0,0,0.0,0,0.0,0,2.0,1,8.0,5.395,175550.0,49356.0,6.0,2,21.0,430.156,"3,12",1.867.529,"93,6",USAQUEN,COUNTRY CLUB,640.0,2.0,17.0,12.0,4.0,0.0,335.0,340.0,24440.0,10977.0,13463.0,276.18657937806876,261.8657937806874,0.8183306055646482,6.955810147299509,4.909983633387888,1.6366612111292964,309.7385442288421,248.83012701478125
86.0,2018,0.0,0,0.0,0,0.0,0,0.0,0,0.0,1.568,321440.0,368145.0,0.0,0,33.0,546.809,"3,98",703.807,"85,4",BOSA,EL PORVENIR,569.0,32.0,178.0,80.0,183.0,3.0,401.0,635.0,131429.0,62925.0,68504.0,79.28235016624944,43.293337086944284,2.434774669213035,13.543434097497508,6.086936673032588,13.923867639562046,100.91378625347636,58.53672778231928
71.0,2018,0.0,0,0.0,0,2.0,1,0.0,0,2.0,2.105,2325960.0,2670912.0,0.0,0,22.0,981.613,"3,41",1.388.086,"91,6",SUBA,TIBABUYES,1138.0,86.0,329.0,148.0,157.0,3.0,823.0,1029.0,274048.0,132345.0,141703.0,67.79834189631013,41.52557216254087,3.1381363848668844,12.005196170014013,5.4005137786081265,5.728923400280243,77.75133174657147,58.0792220348193
29.0,2018,1.0,1,1.0,1,1.0,1,1.0,1,4.0,2.713333333333334,1291554.0,1329381.0,30.0,9,32.0,824.337,"3,41",1.089.512,"91,78",ENGATIVA,MINUTO DE DIOS,1431.0,10.0,84.0,93.0,117.0,0.0,694.0,1041.0,109581.0,51503.0,58078.0,158.33036749071462,130.58833191885455,0.9125669596006607,7.66556246064555,8.486872724286146,10.67703342732773,202.1241481078772,119.49447295017046
80.0,2018,0.0,0,0.0,0,1.0,1,0.0,0,0.0,2.0025,247816.0,277108.0,11.0,4,19.0,979.914,"3,72",999.300,"88,94",KENNEDY,CORABASTOS,972.0,46.0,116.0,51.0,124.0,2.0,450.0,855.0,57028.0,28359.0,28669.0,229.53636809988075,170.44258960510626,8.066213088307498,20.34088517921021,8.942975380514834,21.74370484674195,301.49158997143763,156.96396804911228
99.0,2018,7.0,1,1.0,1,1.0,1,0.0,0,13.0,3.692,79566.0,121692.0,22.0,6,62.0,122.507,"2,43",2.288.835,"96,61",CHAPINERO,CHAPINERO,3677.0,10.0,53.0,42.0,28.0,0.0,1652.0,2158.0,23444.0,11623.0,11821.0,1625.1492919297048,1568.41835864187,4.265483705852244,22.607063641016893,17.915031564579422,11.943354376386282,1856.6635120020649,1397.5129007698165
3.0,2018,0.0,0,0.0,0,0.0,0,0.0,0,0.0,6.0,0.0,1169.0,0.0,0,26.0,981.613,"3,41",1.388.086,"91,6",SUBA,GUAYMARAL,70.0,0.0,0.0,4.0,0.0,0.0,29.0,45.0,2048.0,988.0,1060.0,361.328125,341.796875,0.0,0.0,19.53125,0.0,455.4655870445344,273.5849056603774
97.0,2018,9.0,1,2.0,1,2.0,1,1.0,1,9.0,5.211875,94384.0,420656.0,63.0,15,98.0,122.507,"2,43",2.288.835,"96,61",CHAPINERO,CHICO LAGO,5308.0,8.0,67.0,37.0,24.0,1.0,2741.0,2701.0,33942.0,15780.0,18162.0,1603.9125567143954,1563.8442048199872,2.3569618761416535,19.739555712686347,10.900948677155148,7.070885628424961,1711.660329531052,1509.1950225746061
94.0,2018,4.0,1,0.0,0,0.0,0,2.0,1,5.0,2.40875,203598.0,216855.0,43.0,8,36.0,22.115,"2,83",1.050.888,"88,9",CANDELARIA,LA CANDELARIA,1650.0,6.0,103.0,14.0,10.0,1.0,984.0,797.0,17075.0,9012.0,8063.0,1044.216691068814,966.3250366032211,3.513909224011713,60.32210834553441,8.199121522693996,5.856515373352855,884.3763870395029,1220.3894332134441
76.0,2018,0.0,0,0.0,0,1.0,1,0.0,0,1.0,2.186666666666667,120020.0,128536.0,0.0,0,21.0,317.179,"3,46",1.428.379,"90,03",FONTIBON,FONTIBON SAN PABLO,273.0,2.0,40.0,36.0,40.0,0.0,150.0,241.0,32717.0,16104.0,16613.0,119.50973500015283,83.44285845279212,0.6113029923281474,12.226059846562949,11.003453861906653,12.226059846562949,149.652260307998,90.29073617046892
114.0,2018,0.0,0,0.0,0,2.0,1,1.0,1,4.0,3.8,191930.0,197050.0,9.0,4,24.0,317.179,"3,46",1.428.379,"90,03",FONTIBON,MODELIA,862.0,0.0,24.0,44.0,16.0,0.0,432.0,514.0,42000.0,19461.0,22539.0,225.2380952380952,205.23809523809524,0.0,5.714285714285714,10.476190476190476,3.8095238095238098,264.1179795488413,191.66777585518435
89.0,2018,0.0,0,0.0,0,0.0,0,0.0,0,0.0,2.0666666666666664,28245.0,48603.0,0.0,0,3.0,122.507,"2,43",2.288.835,"96,61",CHAPINERO,SAN ISIDRO - PATIOS,39.0,2.0,24.0,2.0,2.0,0.0,40.0,29.0,15231.0,7533.0,7698.0,45.30234390388024,25.605672641323615,1.3131114175037752,15.757337010045301,1.3131114175037752,1.3131114175037752,38.49727864064782,51.96154845414394
38.0,2018,0.0,0,2.0,1,4.0,1,0.0,0,1.0,3.008,1246305.0,1155330.0,52.0,15,75.0,119.565,"3,92",1.095.184,"90,79",ANTONIO NARIÑO,RESTREPO,1592.0,26.0,92.0,171.0,86.0,2.0,824.0,1139.0,54246.0,26004.0,28242.0,362.60738118939645,293.47786011871847,4.792980127567009,16.95977583600634,31.52306160822918,15.853703498875493,438.0095369943086,291.76403937398203
52.0,2018,0.0,0,0.0,0,0.0,0,0.0,0,0.0,1.0,614920.0,740280.0,0.0,0,176.0,314.431,"4,07",569.872,"82,91",USME,LA FLORA,122.0,28.0,88.0,20.0,28.0,2.0,124.0,158.0,18178.0,8980.0,9198.0,157.33303993838706,67.11409395973155,15.403234679282649,48.41016613488833,11.002310485201892,15.403234679282649,175.94654788418705,134.81191563383342
96.0,2018,0.0,0,0.0,0,0.0,0,0.0,0,4.0,1.7264285714285716,628474.0,648214.0,4.0,2,16.0,96.241,"3,18",896.890,"88,28",SANTA FE,LOURDES,232.0,16.0,67.0,20.0,30.0,0.0,156.0,209.0,44303.0,21564.0,22739.0,82.38719725526488,52.36665688553822,3.6114935783129813,15.123129359185608,4.514366972891226,6.77155045933684,96.92079391578557,68.60460002638638
84.0,2018,0.0,0,0.0,0,2.0,1,1.0,1,1.0,1.98,990222.0,1073760.0,1.0,1,30.0,546.809,"3,98",703.807,"85,4",BOSA,BOSA OCCIDENTAL,1064.0,90.0,296.0,104.0,403.0,3.0,711.0,1240.0,195836.0,95646.0,100190.0,99.93055413713516,54.331175064850186,4.59568210135011,15.114687799995917,5.310565983782349,20.578443187156598,129.64473161449513,70.96516618424992
111.0,2018,0.0,0,0.0,0,1.0,1,0.0,0,2.0,2.9375,64585.0,73290.0,16.0,5,63.0,250.715,"3,55",1.116.511,"90,43",PUENTE ARANDA,PUENTE ARANDA,849.0,10.0,34.0,33.0,50.0,0.0,408.0,568.0,10700.0,8209.0,2491.0,912.1495327102804,793.4579439252336,9.345794392523365,31.77570093457944,30.841121495327105,46.72897196261682,691.9234985990985,1637.8964271376958
112.0,2018,1.0,1,1.0,1,1.0,1,0.0,0,3.0,3.1133333333333333,126427.0,160027.0,0.0,0,71.0,317.179,"3,46",1.428.379,"90,03",FONTIBON,GRANJAS DE TECHO,1407.0,6.0,26.0,38.0,64.0,0.0,664.0,877.0,43620.0,20259.0,23361.0,353.278312700596,322.55845942228336,1.3755158184319118,5.960568546538285,8.711600183402108,14.672168729940394,432.8940224097932,284.2344077736398
75.0,2018,0.0,0,1.0,1,7.0,1,3.0,1,3.0,2.913,1316550.0,1374890.0,0.0,0,58.0,317.179,"3,46",1.428.379,"90,03",FONTIBON,FONTIBON,1455.0,22.0,180.0,55.0,149.0,3.0,766.0,1089.0,129959.0,62133.0,67826.0,143.19900891819728,111.95838687586085,1.6928415885009889,13.850522087735364,4.232103971252473,11.465154394847605,175.2691806286514,112.93604222569516
12.0,2018,1.0,1,1.0,1,3.0,1,0.0,0,6.0,3.378,256245.0,260090.0,9.0,3,42.0,430.156,"3,12",1.867.529,"93,6",USAQUEN,TOBERIN,956.0,6.0,68.0,50.0,21.0,0.0,492.0,609.0,58835.0,27123.0,31712.0,187.13350896575167,162.4883147786182,1.0198011387779382,11.5577462394833,8.498342823149486,3.569303985722784,224.5326844375622,155.14631685166498
16.0,2018,1.0,1,2.0,1,7.0,1,1.0,1,12.0,5.738888888888889,464238.0,463266.0,18.0,6,60.0,430.156,"3,12",1.867.529,"93,6",USAQUEN,SANTA BARBARA,2558.0,4.0,30.0,19.0,14.0,1.0,1224.0,1399.0,67760.0,30437.0,37323.0,387.39669421487605,377.50885478158204,0.5903187721369539,4.427390791027155,2.8040141676505312,2.0661157024793386,459.63794066432297,327.9479141548107
82.0,2018,0.0,0,0.0,0,2.0,1,2.0,1,0.0,1.9566666666666668,963012.0,1044870.0,9.0,4,29.0,979.914,"3,72",999.300,"88,94",KENNEDY,PATIO BONITO,1531.0,70.0,219.0,136.0,304.0,1.0,806.0,1452.0,140235.0,69384.0,70851.0,161.15805612008413,109.17388669019859,4.991621207259243,15.61664349128249,9.698006916960816,21.677897814383,209.27014873746108,113.75986224612214
35.0,2018,0.0,0,0.0,0,0.0,0,1.0,1,1.0,2.666,168705.0,154565.0,35.0,5,22.0,119.565,"3,92",1.095.184,"90,79",ANTONIO NARIÑO,CIUDAD JARDIN,431.0,2.0,42.0,59.0,34.0,0.0,235.0,333.0,24983.0,11921.0,13062.0,227.35460112876757,172.51731177200497,0.8005443701717168,16.811431773606053,23.616058920065647,13.609254292919184,279.33898162905797,179.9111927729291
68.0,2018,0.0,0,0.0,0,0.0,0,0.0,0,0.0,1.055,351536.0,380992.0,0.0,0,13.0,593.937,"4,09",505.335,"83,5",CIUDAD BOLIVAR,EL TESORO,161.0,84.0,84.0,18.0,66.0,0.0,161.0,252.0,49741.0,24609.0,25132.0,83.03009589674514,32.36766450212099,16.887477131541385,16.887477131541385,3.618745099616011,13.268732031925374,102.40156040472999,64.06175393920101
27.0,2018,1.0,1,2.0,1,7.0,1,2.0,1,2.0,2.840909090909091,1497236.0,1751217.0,16.0,6,48.0,981.613,"3,41",1.388.086,"91,6",SUBA,SUBA,1569.0,22.0,151.0,95.0,102.0,1.0,853.0,1084.0,166333.0,77901.0,88432.0,116.57337990657297,94.32884635039348,1.3226479411782388,9.07817450535973,5.711434291451486,6.132276818190017,139.1509736717115,96.45829563958748
22.0,2018,1.0,1,0.0,0,7.0,1,0.0,0,2.0,3.292222222222222,847206.0,887247.0,37.0,8,38.0,230.066,"3,36",1.462.840,"92,44",BARRIOS UNIDOS,DOCE DE OCTUBRE,1265.0,6.0,58.0,88.0,32.0,0.0,579.0,870.0,64814.0,30527.0,34287.0,223.56281050390348,195.17388218594746,0.9257259234116085,8.948683926312217,13.57731354337026,4.937204924861913,284.9936122121401,168.8686674249716
105.0,2018,0.0,0,0.0,0,0.0,0,0.0,0,1.0,2.67,1601.0,2464.0,4.0,1,11.0,824.337,"3,41",1.089.512,"91,78",ENGATIVA,JARDIN BOTANICO,233.0,0.0,2.0,2.0,2.0,0.0,121.0,118.0,2482.0,1423.0,1059.0,962.9331184528605,938.7590652699436,0.0,8.058017727639001,8.058017727639001,8.058017727639001,829.2340126493324,1142.587346553352
104.0,2018,0.0,0,0.0,0,0.0,0,0.0,0,3.0,4.0,19494.0,20424.0,21.0,5,34.0,139.298,"2,87",1.933.116,"96,03",TEUSAQUILLO,PARQUE SIMON BOLIVAR - CAN,843.0,0.0,55.0,8.0,8.0,1.0,416.0,496.0,2937.0,1546.0,1391.0,3112.0190670752468,2870.275791624106,0.0,187.26591760299627,27.23867892407218,27.23867892407218,3208.279430789133,2990.6542056074763
74.0,2018,0.0,0,0.0,0,1.0,1,0.0,0,2.0,2.0016666666666665,712512.0,784968.0,0.0,0,15.0,824.337,"3,41",1.089.512,"91,78",ENGATIVA,ENGATIVA,532.0,23.0,128.0,57.0,133.0,0.0,362.0,511.0,135897.0,65701.0,70196.0,64.23982869379014,39.147295378117256,1.6924582588283772,9.41889813608836,4.194353076226848,9.786823844529314,77.77659396356219,51.56989002222349
47.0,2018,0.0,0,0.0,0,1.0,1,0.0,0,0.0,3.0,865592.0,770256.0,9.0,4,28.0,979.914,"3,72",999.300,"88,94",KENNEDY,KENNEDY CENTRAL,1133.0,6.0,124.0,234.0,206.0,2.0,701.0,998.0,94686.0,44596.0,50090.0,179.85763470840462,119.65866125932027,0.6336734047272036,13.095917031028875,24.71326278436094,21.756120228967323,223.78688671629743,139.9480934318227
70.0,2018,0.0,0,0.0,0,0.0,0,0.0,0,1.0,1.1733333333333331,789975.0,888237.0,0.0,0,23.0,593.937,"4,09",505.335,"83,5",CIUDAD BOLIVAR,JERUSALEM,372.0,72.0,139.0,44.0,138.0,0.0,282.0,483.0,95007.0,46315.0,48692.0,80.52038270864252,39.1550096308693,7.578388960813413,14.63050091045923,4.631237698274864,14.525245508225709,104.28586850912231,57.915057915057915
66.0,2018,0.0,0,0.0,0,0.0,0,0.0,0,0.0,1.8425,597168.0,609704.0,4.0,3,26.0,593.937,"4,09",505.335,"83,5",CIUDAD BOLIVAR,SAN FRANCISCO,564.0,60.0,118.0,51.0,137.0,0.0,394.0,536.0,68147.0,33151.0,34996.0,136.46969052195988,82.76226392944665,8.804496162707089,17.315509119990608,7.4838217383010255,20.103599571514522,161.68441374317516,112.58429534803977
65.0,2018,0.0,0,0.0,0,0.0,0,0.0,0,1.0,2.463333333333334,349194.0,364512.0,9.0,3,21.0,593.937,"4,09",505.335,"83,5",CIUDAD BOLIVAR,ARBORIZADORA,609.0,18.0,73.0,100.0,86.0,0.0,335.0,551.0,77129.0,36651.0,40478.0,114.87248635403026,78.95862775350386,2.3337525444385383,9.464663096889627,12.965291913547432,11.150151045650793,150.3369621565578,82.76100597855626
79.0,2018,0.0,0,0.0,0,0.0,0,0.0,0,0.0,2.1333333333333333,167274.0,204984.0,3.0,2,22.0,979.914,"3,72",999.300,"88,94",KENNEDY,CALANDAIMA,640.0,20.0,110.0,138.0,182.0,1.0,382.0,706.0,120204.0,56697.0,63507.0,90.67917872949319,53.24282053841802,1.6638381418255632,9.151109780040597,11.480483178596385,15.140927090612625,124.52157962502424,60.150849512652144
59.0,2018,0.0,0,0.0,0,0.0,0,0.0,0,0.0,1.0,163808.0,216380.0,0.0,0,6.0,314.431,"4,07",569.872,"82,91",USME,ALFONSO LOPEZ,280.0,28.0,82.0,16.0,89.0,3.0,186.0,303.0,48496.0,23875.0,24621.0,102.07027383701748,57.736720554272516,5.773672055427252,16.90861101946552,3.299241174529858,18.352029033322335,126.91099476439791,75.54526623613988
45.0,2018,0.0,0,0.0,0,1.0,1,1.0,1,0.0,2.7914285714285714,737583.0,674359.0,9.0,4,35.0,979.914,"3,72",999.300,"88,94",KENNEDY,CARVAJAL,1386.0,34.0,122.0,172.0,152.0,0.0,650.0,1216.0,90556.0,43525.0,47031.0,206.06033835416758,153.05446353637527,3.7545827995936216,13.472326516188879,18.99377180970891,16.785193692300897,279.3796668581275,138.20671472007825
20.0,2018,1.0,1,0.0,0,7.0,1,30.0,1,16.0,4.996666666666667,231126.0,219822.0,33.0,6,26.0,981.613,"3,41",1.388.086,"91,6",SUBA,LA ALHAMBRA,1040.0,0.0,12.0,18.0,18.0,0.0,462.0,626.0,39506.0,17788.0,21718.0,275.40120488027134,263.2511517237888,0.0,3.03751328912064,4.55626993368096,4.55626993368096,351.9226444794243,212.72677042084905
51.0,2018,0.0,0,0.0,0,0.0,0,0.0,0,0.0,1.68875,263745.0,660861.0,0.0,0,15.0,404.35,"3,73",706.208,"83,68",SAN CRISTOBAL,LOS LIBERTADORES,239.0,22.0,104.0,20.0,53.0,1.0,190.0,246.0,73845.0,35930.0,37915.0,59.31342677229332,32.36508903784955,2.9792132168731804,14.083553388855034,2.708375651702891,7.177195477012662,68.46646256610074,50.112092839245676
115.0,2018,1.0,1,1.0,1,0.0,0,0.0,0,3.0,3.314,77135.0,83285.0,6.0,3,26.0,317.179,"3,46",1.428.379,"90,03",FONTIBON,CAPELLANIA,836.0,2.0,28.0,10.0,16.0,1.0,421.0,469.0,17190.0,8131.0,9059.0,518.9063408958697,486.3292611983711,1.1634671320535195,16.288539848749274,5.817335660267597,9.307737056428156,576.8048210552207,464.73120653493766
43.0,2018,0.0,0,0.0,0,1.0,1,0.0,0,0.0,3.0,844074.0,844239.0,17.0,8,31.0,250.715,"3,55",1.116.511,"90,43",PUENTE ARANDA,SAN RAFAEL,1058.0,6.0,76.0,225.0,70.0,0.0,588.0,847.0,71167.0,33640.0,37527.0,201.63839982014136,148.66440906599968,0.8430873860075596,10.679106889429088,31.615776975283488,9.83601950342153,251.78359096313912,156.6871852266368
25.0,2018,2.0,1,1.0,1,4.0,1,0.0,0,6.0,4.04,127070.0,126620.0,24.0,5,25.0,981.613,"3,41",1.388.086,"91,6",SUBA,LA FLORESTA,583.0,4.0,30.0,16.0,18.0,0.0,266.0,385.0,40557.0,18384.0,22173.0,160.51483097862268,143.7483048548956,0.9862662425721824,7.396996819291368,3.9450649702887297,4.4381980915748205,209.4212358572672,119.96572407883463
56.0,2018,0.0,0,0.0,0,0.0,0,0.0,0,0.0,1.508,205135.0,253351.0,6.0,6,8.0,314.431,"4,07",569.872,"82,91",USME,DANUBIO,415.0,6.0,78.0,26.0,18.0,0.0,236.0,307.0,50027.0,24123.0,25904.0,108.54138765066864,82.95520418973754,1.1993523497311451,15.591580546504888,5.1971935155016284,3.5980570491934354,127.26443642996311,91.10562075355158
26.0,2018,0.0,0,2.0,1,5.0,1,1.0,1,5.0,3.0646153846153847,1441973.0,1441167.0,19.0,5,69.0,824.337,"3,41",1.089.512,"91,78",ENGATIVA,LAS FERIAS,2063.0,10.0,142.0,127.0,93.0,0.0,1034.0,1401.0,99530.0,47242.0,52288.0,244.64985431528183,207.2741886868281,1.0047221943132725,14.267055159248468,12.759971867778559,9.343916407113433,296.5581474112019,197.75091799265607
102.0,2018,1.0,1,1.0,1,3.0,1,0.0,0,11.0,2.8186666666666667,764715.0,782955.0,131.0,15,94.0,94.944,"3,53",1.059.511,"89,78",LOS MARTIRES,LA SABANA,3927.0,98.0,146.0,84.0,85.0,3.0,1594.0,2739.0,35073.0,17460.0,17613.0,1237.419097311322,1119.6646993413735,27.941721552191147,41.6274627206113,23.950047044735264,24.235166652410687,1568.7285223367696,905.0133424175325
2.0,2018,0.0,0,0.0,0,0.0,0,0.0,0,0.0,5.058,10545.0,13800.0,3.0,2,95.0,981.613,"3,41",1.388.086,"91,6",SUBA,LA ACADEMIA,185.0,0.0,12.0,6.0,4.0,0.0,91.0,116.0,4077.0,1982.0,2095.0,507.72626931567333,453.7650233014472,0.0,29.433406916850625,14.716703458425313,9.811135638950208,585.2674066599395,434.36754176610975
116.0,2018,1.0,1,0.0,0,0.0,0,1.0,1,4.0,3.155,24638.0,27282.0,3.0,1,17.0,824.337,"3,41",1.089.512,"91,78",ENGATIVA,ALAMOS,653.0,2.0,12.0,50.0,20.0,0.0,305.0,432.0,11820.0,5550.0,6270.0,623.5194585448393,552.4534686971235,1.6920473773265652,10.152284263959391,42.30118443316413,16.920473773265652,778.3783783783783,486.4433811802233
81.0,2018,0.0,0,0.0,0,1.0,1,3.0,1,1.0,2.0025,290204.0,283616.0,1.0,1,16.0,979.914,"3,72",999.300,"88,94",KENNEDY,GRAN BRITALIA,538.0,22.0,91.0,38.0,163.0,0.0,303.0,549.0,63264.0,30735.0,32529.0,134.67374810318665,85.04046535154275,3.4774911482043502,14.384167931208902,6.006575619625695,25.765048052604957,178.6237188872621,93.14765286359864
52.0,2018,0.0,0,0.0,0,0.0,0,0.0,0,0.0,1.0,614920.0,740280.0,0.0,0,176.0,314.431,"4,07",569.872,"82,91",USME,LA FLORA,122.0,28.0,88.0,20.0,28.0,2.0,124.0,158.0,18178.0,8980.0,9198.0,157.33303993838706,67.11409395973155,15.403234679282649,48.41016613488833,11.002310485201892,15.403234679282649,175.94654788418705,134.81191563383342
33.0,2018,0.0,0,0.0,0,0.0,0,0.0,0,0.0,2.8193333333333332,1647904.0,748256.0,42.0,13,30.0,404.35,"3,73",706.208,"83,68",SAN CRISTOBAL,SOSIEGO,550.0,4.0,89.0,63.0,74.0,1.0,357.0,421.0,42167.0,20418.0,21749.0,184.97877487134488,130.43375151184577,0.9486091019043328,21.106552517371405,14.940593354993242,17.549268385230157,206.1906161230287,164.14547795300933
19.0,2018,2.0,1,2.0,1,5.0,1,2.0,1,9.0,3.51625,692512.0,712104.0,25.0,8,34.0,981.613,"3,41",1.388.086,"91,6",SUBA,EL PRADO,1617.0,6.0,54.0,72.0,26.0,0.0,795.0,980.0,96752.0,44278.0,52474.0,183.4587398710104,167.1283280965768,0.6201422192822887,5.581279973540599,7.441706631387464,2.6872829502232514,221.32887664302814,151.50360178374052
41.0,2018,0.0,0,0.0,0,1.0,1,0.0,0,1.0,3.0,523602.0,513468.0,24.0,8,22.0,250.715,"3,55",1.116.511,"90,43",PUENTE ARANDA,MUZU,774.0,12.0,66.0,189.0,76.0,0.0,485.0,632.0,56895.0,26833.0,30062.0,196.3265664821162,136.0400738201951,2.1091484313208544,11.600316372264698,33.21908779330345,13.357940065032077,235.5308761599523,161.3332446277693
37.0,2018,0.0,0,1.0,1,1.0,1,0.0,0,5.0,3.0,307027.0,315602.0,40.0,7,41.0,94.944,"3,53",1.059.511,"89,78",LOS MARTIRES,SANTA ISABEL,760.0,14.0,51.0,81.0,41.0,0.0,364.0,583.0,38204.0,18413.0,19791.0,247.87980316197257,198.9320490001047,3.664537744738771,13.349387498691238,21.201968380274316,10.731860538163541,316.6241242600337,183.92198474053865
107.0,2018,0.0,0,0.0,0,3.0,1,1.0,1,3.0,3.77,207448.0,216792.0,32.0,8,35.0,139.298,"2,87",1.933.116,"96,03",TEUSAQUILLO,QUINTA PAREDES,1244.0,4.0,24.0,23.0,26.0,0.0,584.0,737.0,25448.0,11749.0,13699.0,519.0977679974851,488.83998742533794,1.5718327569946557,9.430996541967936,9.038038352719271,10.216912920465262,627.2874287173375,426.3084896707789
73.0,2018,1.0,1,0.0,0,2.0,1,0.0,0,3.0,2.775714285714286,955689.0,1044302.0,4.0,2,40.0,824.337,"3,41",1.089.512,"91,78",ENGATIVA,GARCES NAVAS,1254.0,6.0,130.0,205.0,259.0,1.0,654.0,1198.0,160612.0,75640.0,84972.0,115.43346698876796,78.07635793091426,0.3735710905785371,8.094040295868304,12.763678928100017,16.12581874330685,158.3818085668958,76.9665301511086
31.0,2018,0.0,0,0.0,0,2.0,1,1.0,1,4.0,3.318333333333334,409362.0,391260.0,10.0,4,38.0,824.337,"3,41",1.089.512,"91,78",ENGATIVA,SANTA CECILIA,1237.0,4.0,81.0,91.0,53.0,0.0,626.0,840.0,65800.0,30709.0,35091.0,222.79635258358664,187.9939209726444,0.60790273556231,12.310030395136778,13.829787234042554,8.054711246200608,273.5354456348302,178.393320224559
58.0,2018,0.0,0,0.0,0,0.0,0,1.0,1,0.0,1.5654545454545454,857659.0,954745.0,0.0,0,29.0,314.431,"4,07",569.872,"82,91",USME,COMUNEROS,426.0,32.0,166.0,36.0,83.0,1.0,342.0,399.0,91633.0,44615.0,47018.0,81.08432551591676,46.4898017089913,3.492191677670708,18.1157443279168,3.928715637379547,9.0578721639584,89.43180544659867,72.738100302012
13.0,2018,4.0,1,1.0,1,5.0,1,2.0,1,3.0,4.381666666666667,1717632.0,1842552.0,20.0,5,88.0,430.156,"3,12",1.867.529,"93,6",USAQUEN,LOS CEDROS,2190.0,2.0,46.0,46.0,14.0,0.0,1067.0,1231.0,123293.0,54733.0,68560.0,186.38527734745688,177.62565595775916,0.162215210920328,3.7309498511675443,3.7309498511675443,1.135506476442296,224.91001772239784,155.6301050175029
63.0,2018,0.0,0,0.0,0,0.0,0,0.0,0,0.0,,1596.0,5864.0,2.0,2,6.0,593.937,"4,09",505.335,"83,5",CIUDAD BOLIVAR,EL MOCHUELO,23.0,6.0,8.0,4.0,0.0,0.0,21.0,20.0,36.0,18.0,18.0,11388.888888888889,6388.888888888889,1666.6666666666665,2222.222222222222,1111.111111111111,0.0,11111.111111111111,11666.666666666668
87.0,2018,0.0,0,0.0,0,0.0,0,0.0,0,1.0,1.765,212992.0,339512.0,0.0,0,47.0,546.809,"3,98",703.807,"85,4",BOSA,TINTAL SUR,308.0,16.0,119.0,42.0,68.0,1.0,245.0,306.0,97019.0,45633.0,51386.0,56.99914449746957,31.746358960615964,1.6491615044475825,12.265638689328894,4.329048949174904,7.008936393902226,67.05673525737953,47.67835597244385
77.0,2018,1.0,1,0.0,0,0.0,0,0.0,0,1.0,2.045,283878.0,356976.0,0.0,0,13.0,317.179,"3,46",1.428.379,"90,03",FONTIBON,ZONA FRANCA,301.0,6.0,33.0,76.0,45.0,0.0,163.0,297.0,56771.0,26670.0,30101.0,81.20343132937592,53.02002783111095,1.056877631184936,5.812826971517147,13.387116661675856,7.92658223388702,111.36107986501686,54.15102488289426
39.0,2018,1.0,1,1.0,1,5.0,1,0.0,0,0.0,3.0,1410480.0,1306815.0,45.0,15,69.0,378.78,"3,72",591.317,"87,06",RAFAEL URIBE URIBE,QUIROGA,1501.0,18.0,119.0,138.0,168.0,0.0,774.0,1170.0,88243.0,42702.0,45541.0,220.30076040025838,170.09847806624887,2.039821855557948,13.485488933966433,15.638634225944266,19.038337318540847,273.99185049880566,169.95674227619068
108.0,2018,0.0,0,0.0,0,0.0,0,1.0,1,2.0,2.685714285714286,33520.0,33976.0,48.0,8,66.0,250.715,"3,55",1.116.511,"90,43",PUENTE ARANDA,ZONA INDUSTRIAL,1031.0,16.0,155.0,57.0,40.0,0.0,513.0,786.0,5977.0,2974.0,3003.0,2173.3311025598127,1724.9456248954325,26.76928224861971,259.32742178350344,95.36556801070772,66.92320562154927,2642.9051782111633,1708.2917082917081
61.0,2018,0.0,0,0.0,0,0.0,0,4.0,1,0.0,1.2366666666666666,79500.0,134960.0,0.0,0,65.0,314.431,"4,07",569.872,"82,91",USME,CIUDAD USME,92.0,16.0,101.0,8.0,4.0,0.0,128.0,93.0,22637.0,10939.0,11698.0,97.62777753235852,40.64142775102708,7.06807439148297,44.617219596236254,3.534037195741485,1.7670185978707424,85.0169119663589,109.42041374593947
1.0,2018,0.0,0,0.0,0,0.0,0,0.0,0,0.0,4.0,52488.0,63828.0,3.0,3,83.0,430.156,"3,12",1.867.529,"93,6",USAQUEN,PASEO DE LOS LIBERTADORES,374.0,0.0,0.0,6.0,8.0,0.0,146.0,242.0,2567.0,1279.0,1288.0,1511.4920140241527,1456.953642384106,0.0,0.0,23.37358784573432,31.164783794312427,1892.103205629398,1133.5403726708075
46.0,2018,0.0,0,0.0,0,2.0,1,1.0,1,1.0,2.72,884656.0,1003288.0,18.0,6,40.0,979.914,"3,72",999.300,"88,94",KENNEDY,CASTILLA,1662.0,16.0,128.0,277.0,144.0,1.0,853.0,1372.0,138657.0,65654.0,73003.0,160.61215805909546,119.86412514333931,1.1539265958444218,9.231412766755374,19.977354190556554,10.385339362599796,208.9743199195784,116.84451323918195
85.0,2018,1.0,1,1.0,1,1.0,1,2.0,1,1.0,1.9988888888888892,2537808.0,2654832.0,17.0,6,39.0,546.809,"3,98",703.807,"85,4",BOSA,BOSA CENTRAL,1898.0,58.0,438.0,133.0,372.0,2.0,1221.0,1674.0,233322.0,112383.0,120939.0,124.24889208904432,81.34680827354471,2.4858350262727047,18.77234037081801,5.700276870590857,15.943631547818036,148.95491310963402,100.95998809317095
60.0,2018,0.0,0,0.0,0,0.0,0,0.0,0,0.0,1.11,10544.0,15584.0,0.0,0,0.0,314.431,"4,07",569.872,"82,91",USME,PARQUE ENTRENUBES,14.0,0.0,12.0,8.0,0.0,0.0,24.0,10.0,1014.0,517.0,497.0,335.3057199211045,138.0670611439842,0.0,118.34319526627219,78.89546351084813,0.0,193.42359767891685,482.897384305835
30.0,2018,1.0,1,2.0,1,6.0,1,0.0,0,5.0,3.001818181818182,1427481.0,1341120.0,25.0,7,42.0,824.337,"3,41",1.089.512,"91,78",ENGATIVA,BOYACA REAL,1750.0,12.0,143.0,158.0,126.0,0.0,863.0,1326.0,125315.0,59415.0,65900.0,174.67980688664565,139.64808682121054,0.9575868810597294,11.411243665961775,12.608227267286438,10.05466225112716,223.17596566523605,130.95599393019728
72.0,2018,0.0,0,0.0,0,1.0,1,0.0,0,3.0,3.0,331356.0,345116.0,4.0,2,21.0,824.337,"3,41",1.089.512,"91,78",ENGATIVA,BOLIVIA,999.0,2.0,51.0,134.0,41.0,0.0,474.0,753.0,81481.0,37070.0,44411.0,150.58725347013416,122.60526994023145,0.24545599587633926,6.259127894846651,16.44555172371473,5.031847915464955,203.12921499865118,106.73031456170769
57.0,2018,0.0,0,1.0,1,0.0,0,0.0,0,0.0,1.7740000000000002,1391324.0,1519562.0,3.0,3,23.0,314.431,"4,07",569.872,"82,91",USME,GRAN YOMASA,657.0,72.0,203.0,54.0,139.0,2.0,466.0,655.0,123476.0,59837.0,63639.0,91.11082315591695,53.20872072305549,5.831092681978684,16.440441867245458,4.373319511484013,11.257248372153292,109.46404398616241,73.22553779914833
23.0,2018,0.0,0,0.0,0,4.0,1,14.0,1,5.0,3.5728571428571425,209118.0,255647.0,7.0,5,41.0,981.613,"3,41",1.388.086,"91,6",SUBA,CASA BLANCA SUBA,505.0,0.0,22.0,20.0,10.0,0.0,273.0,284.0,52913.0,24468.0,28445.0,105.26713662049023,95.43968400960067,0.0,4.1577684122994345,3.779789465726759,1.8898947328633795,116.0699689390224,95.9746879943751
88.0,2018,0.0,0,0.0,0,0.0,0,0.0,0,16.0,5.9375,358776.0,369156.0,3.0,2,60.0,122.507,"2,43",2.288.835,"96,61",CHAPINERO,EL REFUGIO,864.0,0.0,20.0,9.0,2.0,0.0,424.0,471.0,36695.0,16397.0,20298.0,243.90243902439025,235.454421583322,0.0,5.450333832947268,2.4526502248262707,0.5450333832947268,287.24766725620543,208.88757513055475
9.0,2018,0.0,0,1.0,1,4.0,1,1.0,1,0.0,2.7445454545454546,927663.0,1059410.0,9.0,4,60.0,430.156,"3,12",1.867.529,"93,6",USAQUEN,VERBENAL,623.0,20.0,166.0,98.0,50.0,3.0,442.0,509.0,119080.0,56578.0,62502.0,80.36614040980854,52.31776956667786,1.6795431642593215,13.940208263352368,8.229761504870675,4.198857910648304,89.96429707660221,70.71773703241496
109.0,2018,0.0,0,0.0,0,0.0,0,0.0,0,2.0,4.123333333333334,44058.0,53832.0,12.0,3,32.0,139.298,"2,87",1.933.116,"96,03",TEUSAQUILLO,CIUDAD SALITRE ORIENTAL,858.0,2.0,31.0,2.0,12.0,0.0,462.0,443.0,21236.0,9763.0,11473.0,426.1631192314937,404.0308909399134,0.9417969485778867,14.597852702957242,0.9417969485778867,5.65078169146732,453.7539690668852,402.68456375838923
49.0,2018,0.0,0,1.0,1,0.0,0,1.0,1,2.0,2.3333333333333335,124191.0,114375.0,10.0,3,11.0,546.809,"3,98",703.807,"85,4",BOSA,APOGEO,726.0,8.0,34.0,20.0,68.0,0.0,311.0,545.0,36791.0,17636.0,19155.0,232.66559756462178,197.33086896251803,2.17444483705254,9.241390557473295,5.436112092631349,18.48278111494659,309.0269902472216,162.35969720699555
14.0,2018,0.0,0,0.0,0,1.0,1,0.0,0,14.0,4.66,375100.0,457974.0,0.0,0,45.0,430.156,"3,12",1.867.529,"93,6",USAQUEN,USAQUEN,1069.0,4.0,37.0,13.0,12.0,0.0,532.0,603.0,39868.0,18825.0,21043.0,284.68947526838565,268.1348449884619,1.0033109260559847,9.280626066017858,3.2607605096819507,3.0099327781679546,320.3187250996016,252.8156631658984
32.0,2018,0.0,0,0.0,0,0.0,0,0.0,0,0.0,1.7457142857142858,1408200.0,1428675.0,0.0,0,47.0,404.35,"3,73",706.208,"83,68",SAN CRISTOBAL,SAN BLAS,338.0,22.0,124.0,36.0,64.0,0.0,280.0,304.0,97856.0,47245.0,50611.0,59.67952910398954,34.540549378678875,2.248201438848921,12.671680837148465,3.6788750817527798,6.540222367560498,64.34543337919357,55.32394143565627
92.0,2018,0.0,0,0.0,0,0.0,0,0.0,0,10.0,2.5425,132324.0,86100.0,26.0,6,25.0,96.241,"3,18",896.890,"88,28",SANTA FE,LA MACARENA,588.0,2.0,41.0,6.0,10.0,1.0,286.0,359.0,12041.0,5866.0,6175.0,537.3307864795282,488.33153392575366,1.6609916119923593,34.050328045843365,4.982974835977078,8.304958059961796,612.0013637913399,463.15789473684214
11.0,2018,0.0,0,1.0,1,4.0,1,2.0,1,5.0,2.3000000000000003,373404.0,436080.0,0.0,0,21.0,430.156,"3,12",1.867.529,"93,6",USAQUEN,SAN CRISTOBAL NORTE,478.0,16.0,77.0,41.0,28.0,1.0,308.0,330.0,68168.0,32450.0,35718.0,93.88569416735125,70.12087783124046,2.3471423541837813,11.295622579509446,6.01455228259594,4.107499119821617,101.69491525423729,86.23103197267484
36.0,2018,0.0,0,0.0,0,0.0,0,0.0,0,1.0,2.97,350595.0,343350.0,26.0,7,19.0,378.78,"3,72",591.317,"87,06",RAFAEL URIBE URIBE,SAN JOSE,620.0,21.0,59.0,84.0,89.0,1.0,326.0,545.0,46555.0,22110.0,24445.0,187.52013747180752,133.17581355386102,4.510793684888841,12.673182257544841,18.043174739555365,19.11717323595747,246.49479873360468,133.36060544078543
53.0,2018,0.0,0,1.0,1,1.0,1,0.0,0,1.0,2.442857142857143,479920.0,461139.0,21.0,6,14.0,378.78,"3,72",591.317,"87,06",RAFAEL URIBE URIBE,MARCO FIDEL SUAREZ,436.0,31.0,82.0,30.0,75.0,2.0,249.0,401.0,46417.0,22472.0,23945.0,140.8966542430575,93.931102828705,6.678587586444621,17.665941357692226,6.463149277204473,16.15787319301118,178.4442862228551,103.98830653581123
50.0,2018,0.0,0,0.0,0,0.0,0,0.0,0,0.0,1.9327272727272728,215222.0,1432186.0,1.0,1,21.0,404.35,"3,73",706.208,"83,68",SAN CRISTOBAL,LA GLORIA,427.0,32.0,153.0,39.0,80.0,1.0,354.0,375.0,93229.0,45285.0,47944.0,78.40907872014073,45.80119919767455,3.432408370785914,16.41120252282015,4.183247701895334,8.581020926964786,82.80887711162636,73.83614216586017
110.0,2018,1.0,1,1.0,1,0.0,0,0.0,0,3.0,4.074999999999999,71780.0,82212.0,7.0,2,29.0,317.179,"3,46",1.428.379,"90,03",FONTIBON,CIUDAD SALITRE OCCIDENTAL,1207.0,0.0,24.0,14.0,22.0,0.0,608.0,659.0,42871.0,20206.0,22665.0,295.53777611905485,281.54230132257237,0.0,5.598189918592988,3.26561078584591,5.131674092043573,326.1407502721963,268.25501875137877
10.0,2018,0.0,0,1.0,1,1.0,1,11.0,1,1.0,2.87125,122265.0,153495.0,5.0,2,29.0,430.156,"3,12",1.867.529,"93,6",USAQUEN,LA URIBE,735.0,14.0,46.0,29.0,4.0,1.0,376.0,450.0,31194.0,14327.0,16867.0,265.4356607039815,235.622235045201,4.488042572289543,14.746425594665642,9.29665961402834,1.2822978777970122,314.09227333007607,222.92049564237863
42.0,2018,0.0,0,0.0,0,1.0,1,6.0,1,1.0,2.4250000000000003,2179040.0,2310720.0,35.0,13,66.0,182.532,"3,63",829.895,"87,19",TUNJUELITO,VENECIA,1857.0,26.0,176.0,189.0,159.0,1.0,963.0,1442.0,131951.0,63768.0,68183.0,182.41619995301286,140.73406037089526,1.9704284166091959,13.338284666277634,14.323498874582231,12.049927624648543,226.13222933132604,141.23755188243405
103.0,2018,0.0,0,0.0,0,0.0,0,0.0,0,2.0,3.0,10953.0,12423.0,5.0,2,15.0,230.066,"3,36",1.462.840,"92,44",BARRIOS UNIDOS,PARQUE SALITRE,177.0,2.0,4.0,6.0,2.0,0.0,71.0,120.0,1339.0,688.0,651.0,1426.4376400298731,1321.8820014936518,14.936519790888724,29.873039581777448,44.809559372666165,14.936519790888724,1744.1860465116279,1090.6298003072197
21.0,2018,0.0,0,0.0,0,5.0,1,0.0,0,14.0,3.762,225860.0,233125.0,52.0,5,22.0,230.066,"3,36",1.462.840,"92,44",BARRIOS UNIDOS,LOS ANDES,1096.0,2.0,38.0,23.0,14.0,0.0,530.0,643.0,27253.0,11949.0,15304.0,430.41133086265734,402.15756063552635,0.7338641617436612,13.943419073129565,8.439437860052104,5.137049132205629,538.120344798728,346.31468897020386
55.0,2018,0.0,0,0.0,0,0.0,0,0.0,0,0.0,1.5539999999999998,379860.0,395955.0,0.0,0,7.0,378.78,"3,72",591.317,"87,06",RAFAEL URIBE URIBE,DIANA TURBAY,302.0,24.0,121.0,24.0,55.0,1.0,214.0,310.0,71841.0,34863.0,36978.0,73.21724363525007,42.03727676396487,3.3407107362091284,16.842749961721022,3.3407107362091284,7.65579543714592,88.91948484066202,57.87224836389204
113.0,2018,0.0,0,0.0,0,2.0,1,0.0,0,1.0,3.2925,104270.0,104965.0,8.0,3,26.0,979.914,"3,72",999.300,"88,94",KENNEDY,BAVARIA,674.0,2.0,31.0,48.0,22.0,0.0,310.0,467.0,37827.0,17598.0,20229.0,205.40883495915617,178.1796071589077,0.5287228699077379,8.195204483569936,12.68934887778571,5.815951568985116,265.3710648937379,153.24534084729845
60.0,2018,0.0,0,0.0,0,0.0,0,0.0,0,0.0,1.11,10544.0,15584.0,0.0,0,0.0,314.431,"4,07",569.872,"82,91",USME,PARQUE ENTRENUBES,14.0,0.0,12.0,8.0,0.0,0.0,24.0,10.0,1014.0,517.0,497.0,335.3057199211045,138.0670611439842,0.0,118.34319526627219,78.89546351084813,0.0,193.42359767891685,482.897384305835
90.0,2018,0.0,0,1.0,1,3.0,1,0.0,0,20.0,3.05,275954.0,520674.0,22.0,10,60.0,122.507,"2,43",2.288.835,"96,61",CHAPINERO,PARDO RUBIO,1017.0,20.0,264.0,24.0,16.0,1.0,638.0,701.0,46307.0,22621.0,23686.0,289.58904701233075,219.62122357310992,4.319001446865485,57.0108190986244,5.1828017362385825,3.4552011574923878,309.88904115644755,269.3574263277886
67.0,2018,0.0,0,1.0,1,0.0,0,0.0,0,0.0,1.256470588235294,2609568.0,2765373.0,2.0,1,30.0,593.937,"4,09",505.335,"83,5",CIUDAD BOLIVAR,LUCERO,786.0,156.0,322.0,74.0,175.0,2.0,659.0,850.0,153854.0,75900.0,77954.0,98.33998466078229,51.087394542878314,10.139482886372795,20.92893262443615,4.809754702510172,11.374419904584865,111.98945981554678,84.53703466146703
83.0,2018,0.0,0,0.0,0,0.0,0,0.0,0,0.0,2.0,24432.0,29572.0,1.0,1,11.0,979.914,"3,72",999.300,"88,94",KENNEDY,LAS MARGARITAS,289.0,16.0,29.0,52.0,34.0,0.0,140.0,280.0,28531.0,13522.0,15009.0,147.20829974413795,101.29333006203778,5.607935228348112,10.164382601380954,18.225789492131366,11.91686236023974,207.06996006507913,93.27736691318542
101.0,2018,1.0,1,0.0,0,3.0,1,0.0,0,15.0,3.8711111111111105,267970.0,273160.0,65.0,10,59.0,139.298,"2,87",1.933.116,"96,03",TEUSAQUILLO,TEUSAQUILLO,2064.0,0.0,52.0,76.0,30.0,0.0,927.0,1295.0,25536.0,12292.0,13244.0,870.1441102756892,808.2706766917292,0.0,20.363408521303256,29.76190476190476,11.748120300751879,1053.5307517084284,699.9395952884325
54.0,2018,0.0,0,0.0,0,0.0,0,0.0,0,1.0,1.83,984621.0,1061115.0,21.0,8,28.0,378.78,"3,72",591.317,"87,06",RAFAEL URIBE URIBE,MARRUECOS,711.0,46.0,141.0,68.0,60.0,2.0,420.0,602.0,111476.0,58191.0,53285.0,92.03774803545157,63.78054469123399,4.126448742330187,12.648462449316444,6.09996770605332,5.382324446517636,103.45242391435103,78.82143192267992
78.0,2018,0.0,0,0.0,0,0.0,0,0.0,0,2.0,1.956,79812.0,176088.0,0.0,0,25.0,979.914,"3,72",999.300,"88,94",KENNEDY,TINTAL NORTE,214.0,4.0,20.0,44.0,52.0,0.0,113.0,221.0,27577.0,12962.0,14615.0,121.11542227218334,77.60089930014142,1.4504840990680639,7.25242049534032,15.955325089748703,18.85629328788483,170.49837987964818,77.31782415326718
100.0,2018,1.0,1,1.0,1,2.0,1,1.0,1,8.0,3.59625,300195.0,309096.0,38.0,9,56.0,139.298,"2,87",1.933.116,"96,03",TEUSAQUILLO,GALERIAS,1885.0,6.0,56.0,66.0,21.0,1.0,863.0,1169.0,33749.0,16059.0,17690.0,602.6845239858959,558.5350677057098,1.777830454235681,16.593084239533024,19.55613499659249,6.222406589824884,727.9407186001619,487.8462408140192
34.0,2018,0.0,0,1.0,1,2.0,1,1.0,1,0.0,2.346363636363636,864012.0,1108236.0,26.0,12,30.0,404.35,"3,73",706.208,"83,68",SAN CRISTOBAL,20 DE JULIO,859.0,14.0,155.0,80.0,114.0,0.0,520.0,702.0,78361.0,37998.0,40363.0,155.94492158088846,109.62085731422519,1.78660302956828,19.7802478273631,10.2091601689616,14.548053240770281,184.74656560871625,128.83085994599014
106.0,2018,0.0,0,0.0,0,1.0,1,0.0,0,1.0,4.164,167560.0,168920.0,17.0,5,30.0,139.298,"2,87",1.933.116,"96,03",TEUSAQUILLO,LA ESMERALDA,519.0,0.0,11.0,20.0,4.0,0.0,244.0,310.0,35620.0,16336.0,19284.0,155.53060078607524,145.70466030320046,0.0,3.0881527231892196,5.614823133071309,1.1229646266142617,189.76493633692456,126.52976560879485
91.0,2018,2.0,1,0.0,0,0.0,0,1.0,1,13.0,3.3285714285714287,96894.0,41153.0,42.0,7,37.0,96.241,"3,18",896.890,"88,28",SANTA FE,SAGRADO CORAZON,1652.0,0.0,73.0,18.0,13.0,2.0,832.0,920.0,10027.0,4998.0,5029.0,1751.2715667697219,1647.5516106512416,0.0,72.80343073701007,17.95153086666002,12.964994514810012,1840.7362945178072,1654.4044541658382
95.0,2018,0.0,0,0.0,0,0.0,0,0.0,0,9.0,2.0,260205.0,69723.0,19.0,3,15.0,96.241,"3,18",896.890,"88,28",SANTA FE,LAS CRUCES,529.0,22.0,40.0,8.0,14.0,0.0,255.0,358.0,20406.0,10293.0,10113.0,300.40184259531514,259.23747917279235,10.78114280113692,19.602077820248947,3.9204155640497893,6.860727237087131,347.80919071213447,252.15069712251557
40.0,2018,0.0,0,0.0,0,1.0,1,0.0,0,1.0,3.0,1219392.0,1267944.0,21.0,8,62.0,250.715,"3,55",1.116.511,"90,43",PUENTE ARANDA,CIUDAD MONTES,1122.0,6.0,65.0,306.0,97.0,1.0,588.0,1006.0,98166.0,46098.0,52068.0,162.58174928182873,114.29619216429315,0.6112095837662735,6.6214371574679625,31.171688772079946,9.881221604221421,218.23072584493903,112.92924637013137
117.0,2018,0.0,0,0.0,0,0.0,0,0.0,0,3.0,3.0,824.0,1670.0,1.0,1,17.0,317.179,"3,46",1.428.379,"90,03",FONTIBON,AEROPUERTO EL DORADO,211.0,0.0,56.0,4.0,4.0,0.0,134.0,141.0,756.0,499.0,257.0,3637.566137566138,2791.0052910052914,0.0,740.7407407407406,52.910052910052904,52.910052910052904,2825.6513026052103,5214.007782101167
64.0,2018,0.0,0,0.0,0,0.0,0,0.0,0,0.0,1.0,5590.0,25895.0,0.0,0,7.0,593.937,"4,09",505.335,"83,5",CIUDAD BOLIVAR,MONTE BLANCO,7.0,20.0,29.0,0.0,2.0,0.0,27.0,31.0,5331.0,2681.0,2650.0,108.79759894954043,13.130744700806604,37.51641343087601,54.398799474770215,0.0,3.7516413430876008,115.62849682954122,101.88679245283019
48.0,2018,0.0,0,0.0,0,0.0,0,0.0,0,2.0,2.7455555555555557,1310472.0,1325682.0,5.0,3,18.0,979.914,"3,72",999.300,"88,94",KENNEDY,TIMIZA,856.0,26.0,152.0,177.0,179.0,1.0,519.0,869.0,141531.0,67482.0,74049.0,98.21169920370802,60.48144929379429,1.837053366400294,10.739696603570948,12.506094071263538,12.647405868678947,128.77508076227736,70.08872503342381
98.0,2018,0.0,0,1.0,1,5.0,1,0.0,0,18.0,3.0542105263157895,1522242.0,1559634.0,99.0,19,81.0,230.066,"3,36",1.462.840,"92,44",BARRIOS UNIDOS,LOS ALCAZARES,2292.0,14.0,104.0,87.0,76.0,0.0,1051.0,1522.0,39720.0,18906.0,20814.0,647.7844914400806,577.0392749244712,3.524672708962739,26.183282980866064,21.903323262839876,19.133937562940584,805.035438485137,504.9485922936485
28.0,2018,0.0,0,5.0,1,11.0,1,5.0,1,6.0,2.287857142857143,3797108.0,4228084.0,17.0,6,49.0,981.613,"3,41",1.388.086,"91,6",SUBA,EL RINCON,2060.0,42.0,293.0,155.0,255.0,1.0,1195.0,1608.0,266238.0,127428.0,138810.0,105.35686115430555,77.37437931474845,1.5775358889414735,11.005190844282184,5.821858637760199,9.57789646857323,126.18890667671155,86.08889849434479
17.0,2018,0.0,0,0.0,0,2.0,1,0.0,0,2.0,4.285,226840.0,238870.0,6.0,2,32.0,981.613,"3,41",1.388.086,"91,6",SUBA,SAN JOSE DE BAVARIA,825.0,4.0,38.0,28.0,11.0,0.0,392.0,514.0,47245.0,21911.0,25334.0,191.7663244787808,174.62165308498254,0.8466504391999153,8.043179172399196,5.926553074399408,2.3282887077997674,234.58536807995984,154.73277019025815
24.0,2018,2.0,1,1.0,1,11.0,1,1.0,1,6.0,4.819999999999999,859833.0,845949.0,36.0,12,69.0,981.613,"3,41",1.388.086,"91,6",SUBA,NIZA,1096.0,6.0,66.0,30.0,31.0,0.0,565.0,664.0,76588.0,34962.0,41626.0,160.46900297696766,143.1033582284431,0.7834125450462213,8.617537995508433,3.9170627252311063,4.04763148273881,189.92048509810652,135.732474895498
44.0,2018,0.0,0,2.0,1,1.0,1,0.0,0,0.0,3.22875,673424.0,676672.0,20.0,7,33.0,979.914,"3,72",999.300,"88,94",KENNEDY,AMERICAS,1798.0,16.0,79.0,193.0,107.0,0.0,825.0,1368.0,79652.0,37518.0,42134.0,275.32265354291167,225.73193391251945,2.008738010345001,9.918143926078441,24.23040224978657,13.43343544418219,364.6249800095954,195.80386386291354
62.0,2018,0.0,0,1.0,1,2.0,1,0.0,0,1.0,2.024,338366.0,403893.0,26.0,7,26.0,182.532,"3,63",829.895,"87,19",TUNJUELITO,TUNJUELITO,440.0,18.0,109.0,46.0,66.0,0.0,286.0,393.0,39681.0,19601.0,20080.0,171.11463924800282,110.88430231092966,4.536176003628941,27.46906579975303,11.592449787051738,16.63264534663945,200.4999744910974,142.43027888446215
69.0,2018,1.0,1,1.0,1,2.0,1,1.0,1,1.0,1.3691666666666666,1779216.0,1964304.0,13.0,6,22.0,593.937,"4,09",505.335,"83,5",CIUDAD BOLIVAR,ISMAEL PERDOMO,884.0,98.0,245.0,98.0,246.0,0.0,585.0,986.0,155423.0,75643.0,79780.0,101.07899088294525,56.87703879091254,6.305373078630575,15.763432696576439,6.305373078630575,15.82777323819512,130.3491400393956,73.32664828277764
93.0,2018,4.0,1,3.0,1,2.0,1,0.0,0,8.0,2.932857142857143,332178.0,96411.0,80.0,7,52.0,96.241,"3,18",896.890,"88,28",SANTA FE,LAS NIEVES,4588.0,22.0,90.0,21.0,16.0,0.0,2212.0,2525.0,16323.0,8457.0,7866.0,2902.040066164308,2810.757826379955,13.477914599032042,55.13692335967653,12.865282117257857,9.80211970838694,2985.692325883883,2812.10272056954
18.0,2018,0.0,0,1.0,1,4.0,1,2.0,1,7.0,3.272,300834.0,346380.0,10.0,3,25.0,981.613,"3,41",1.388.086,"91,6",SUBA,BRITALIA,714.0,4.0,49.0,54.0,8.0,1.0,338.0,489.0,82735.0,38291.0,44444.0,100.19943192119418,86.29963135311537,0.48347132410708893,5.922523720311839,6.5268628754457,0.9669426482141779,127.7062495103288,76.05076050760508
15.0,2019,0.0,0,0.0,0,0.0,0,3.0,1,11.0,5.395,175550.0,49356.0,6.0,2,21.0,430.156,"3,12",1.867.529,"93,6",USAQUEN,COUNTRY CLUB,136.0,0.0,12.0,5.0,1.0,0.0,84.0,70.0,24929.0,11192.0,13737.0,61.77544225600706,54.55493601829195,0.0,4.813670825143408,2.0056961771430863,0.4011392354286173,62.544674767691205,61.14872242847783
86.0,2019,0.0,0,0.0,0,0.0,0,0.0,0,0.0,1.568,321440.0,368145.0,0.0,0,33.0,546.809,"3,98",703.807,"85,4",BOSA,EL PORVENIR,128.0,22.0,115.0,61.0,115.0,0.0,180.0,261.0,135550.0,64820.0,70730.0,32.53412025082995,9.443009959424566,1.6230173367760974,8.483954260420509,4.50018443378827,8.483954260420509,40.26535020055538,25.448890145624205
71.0,2019,0.0,0,0.0,0,2.0,1,0.0,0,4.0,2.105,2325960.0,2670912.0,0.0,0,22.0,981.613,"3,41",1.388.086,"91,6",SUBA,TIBABUYES,253.0,24.0,186.0,80.0,126.0,0.0,298.0,371.0,281383.0,136036.0,145347.0,23.77542353304926,8.991303667954355,0.8529299922170137,6.610207439681857,2.843099974056713,4.477882459139322,27.272192654885473,20.5026591536117
29.0,2019,2.0,1,2.0,1,1.0,1,0.0,0,5.0,2.713333333333334,1291554.0,1329381.0,30.0,9,32.0,824.337,"3,41",1.089.512,"91,78",ENGATIVA,MINUTO DE DIOS,315.0,4.0,53.0,72.0,70.0,0.0,196.0,318.0,110128.0,51823.0,58305.0,46.672962371059135,28.603080052302772,0.36321371494987653,4.812581723085864,6.537846869097777,6.356240011622839,61.362715396638556,33.6163279307092
80.0,2019,0.0,0,0.0,0,1.0,1,0.0,0,1.0,2.0025,247816.0,277108.0,11.0,4,19.0,979.914,"3,72",999.300,"88,94",KENNEDY,CORABASTOS,228.0,21.0,60.0,26.0,45.0,2.0,126.0,252.0,56948.0,28431.0,28517.0,66.72754091451851,40.0365245487111,3.6875746294865492,10.535927512818713,4.565568588888108,7.901945634614035,88.63564419119975,44.1841708454606
99.0,2019,7.0,1,3.0,1,1.0,1,0.0,0,16.0,3.692,79566.0,121692.0,22.0,6,62.0,122.507,"2,43",2.288.835,"96,61",CHAPINERO,CHAPINERO,846.0,10.0,35.0,16.0,13.0,0.0,376.0,544.0,24347.0,12130.0,12217.0,377.8699634451883,347.47607508111884,4.107282211360743,14.3754877397626,6.571651538177188,5.3394668747689655,448.474855729596,307.7678644511746
3.0,2019,0.0,0,0.0,0,0.0,0,0.0,0,0.0,6.0,0.0,1169.0,0.0,0,26.0,981.613,"3,41",1.388.086,"91,6",SUBA,GUAYMARAL,11.0,0.0,1.0,3.0,0.0,0.0,4.0,11.0,2323.0,1124.0,1199.0,64.57167455876022,47.352561343090834,0.0,4.304778303917348,12.914334911752045,0.0,97.86476868327402,33.36113427856547
97.0,2019,12.0,1,3.0,1,4.0,1,1.0,1,12.0,5.211875,94384.0,420656.0,63.0,15,98.0,122.507,"2,43",2.288.835,"96,61",CHAPINERO,CHICO LAGO,1308.0,4.0,25.0,10.0,15.0,0.0,661.0,701.0,35313.0,16528.0,18785.0,385.69365389516605,370.4018350182652,1.1327273242148783,7.07954577634299,2.8318183105371957,4.247727465805794,424.1287512100678,351.87649720521694
94.0,2019,4.0,1,0.0,0,0.0,0,2.0,1,6.0,2.40875,203598.0,216855.0,43.0,8,36.0,22.115,"2,83",1.050.888,"88,9",CANDELARIA,LA CANDELARIA,346.0,2.0,309.0,35.0,7.0,1.0,417.0,281.0,17345.0,9085.0,8260.0,402.9979821274143,199.48111847794752,1.153070049005477,178.1493225713462,20.17872585759585,4.03574517151917,309.3010456796918,504.84261501210653
76.0,2019,0.0,0,0.0,0,1.0,1,0.0,0,1.0,2.186666666666667,120020.0,128536.0,0.0,0,21.0,317.179,"3,46",1.428.379,"90,03",FONTIBON,FONTIBON SAN PABLO,63.0,6.0,27.0,19.0,11.0,0.0,48.0,78.0,33461.0,16412.0,17049.0,37.655778368847315,18.827889184423658,1.7931323032784434,8.069095364752997,5.6782522937150715,3.2874092226771467,47.52620034121375,28.154143938060884
114.0,2019,0.0,0,0.0,0,2.0,1,1.0,1,7.0,3.8,191930.0,197050.0,9.0,4,24.0,317.179,"3,46",1.428.379,"90,03",FONTIBON,MODELIA,209.0,2.0,19.0,15.0,13.0,0.0,99.0,159.0,42974.0,19838.0,23136.0,60.03630101922093,48.63405780239215,0.46539768231954204,4.421277982035649,3.4904826173965655,3.025084935077023,80.14920858957557,42.790456431535276
89.0,2019,0.0,0,0.0,0,0.0,0,0.0,0,0.0,2.0666666666666664,28245.0,48603.0,0.0,0,3.0,122.507,"2,43",2.288.835,"96,61",CHAPINERO,SAN ISIDRO - PATIOS,18.0,2.0,15.0,4.0,2.0,0.0,23.0,18.0,15994.0,7940.0,8054.0,25.634612979867452,11.254220332624733,1.2504689258471926,9.378516943853946,2.500937851694385,1.2504689258471926,22.670025188916878,28.557238639185496
38.0,2019,0.0,0,4.0,1,4.0,1,0.0,0,3.0,3.008,1246305.0,1155330.0,52.0,15,75.0,119.565,"3,92",1.095.184,"90,79",ANTONIO NARIÑO,RESTREPO,378.0,10.0,57.0,97.0,83.0,0.0,247.0,378.0,54708.0,26059.0,28649.0,114.24288952255613,69.09409958324194,1.827886232360898,10.418951524457118,17.73049645390071,15.171455728595452,145.05545109175333,86.21592376697267
52.0,2019,0.0,0,0.0,0,0.0,0,0.0,0,0.0,1.0,614920.0,740280.0,0.0,0,176.0,314.431,"4,07",569.872,"82,91",USME,LA FLORA,32.0,32.0,68.0,16.0,20.0,0.0,88.0,80.0,18698.0,9295.0,9403.0,89.84918173066639,17.114129853460263,17.114129853460263,36.36752593860306,8.557064926730131,10.696331158412665,86.06777837547068,93.58715303626502
96.0,2019,0.0,0,0.0,0,0.0,0,0.0,0,4.0,1.7264285714285716,628474.0,648214.0,4.0,2,16.0,96.241,"3,18",896.890,"88,28",SANTA FE,LOURDES,39.0,14.0,33.0,7.0,12.0,0.0,45.0,60.0,44918.0,21928.0,22990.0,23.375929471481367,8.682488089407364,3.1167905961975158,7.346720691037001,1.5583952980987579,2.6715347967407275,27.362276541408242,19.573727707699
84.0,2019,0.0,0,0.0,0,2.0,1,1.0,1,1.0,1.98,990222.0,1073760.0,1.0,1,30.0,546.809,"3,98",703.807,"85,4",BOSA,BOSA OCCIDENTAL,235.0,34.0,163.0,63.0,198.0,0.0,252.0,441.0,197601.0,96425.0,101176.0,35.07067271926761,11.89265236511961,1.7206390655917734,8.248946108572325,3.188242974478874,10.020192205505033,45.73502722323049,24.90709259112833
111.0,2019,1.0,1,0.0,0,1.0,1,0.0,0,6.0,2.9375,64585.0,73290.0,16.0,5,63.0,250.715,"3,55",1.116.511,"90,43",PUENTE ARANDA,PUENTE ARANDA,220.0,3.0,22.0,19.0,31.0,0.0,123.0,172.0,11206.0,8709.0,2497.0,263.2518293771194,196.32339817954667,2.6771372479029094,19.632339817954666,16.95520257005176,27.663751561663396,197.49684234699734,492.59110933119746
112.0,2019,1.0,1,1.0,1,1.0,1,1.0,1,7.0,3.1133333333333333,126427.0,160027.0,0.0,0,71.0,317.179,"3,46",1.428.379,"90,03",FONTIBON,GRANJAS DE TECHO,350.0,4.0,17.0,38.0,25.0,0.0,167.0,267.0,46245.0,21402.0,24843.0,93.84798356579088,75.6838577143475,0.8649583738782571,3.676073088982593,8.217104551843443,5.405989836739106,124.7546958228203,67.22215513424305
75.0,2019,0.0,0,2.0,1,7.0,1,3.0,1,4.0,2.913,1316550.0,1374890.0,0.0,0,58.0,317.179,"3,46",1.428.379,"90,03",FONTIBON,FONTIBON,363.0,13.0,104.0,46.0,56.0,0.0,270.0,312.0,132714.0,63221.0,69493.0,43.853700438537004,27.352050273520504,0.9795500097955001,7.836400078364001,3.4661000346610003,4.219600042196,49.35069043514022,38.8528340983984
12.0,2019,1.0,1,2.0,1,4.0,1,0.0,0,7.0,3.378,256245.0,260090.0,9.0,3,42.0,430.156,"3,12",1.867.529,"93,6",USAQUEN,TOBERIN,207.0,7.0,43.0,25.0,12.0,0.0,135.0,159.0,60120.0,27692.0,32428.0,48.902195608782435,34.4311377245509,1.164337990685296,7.152361942781105,4.1583499667332005,1.996007984031936,57.417304636718185,41.63068952756877
16.0,2019,2.0,1,2.0,1,7.0,1,1.0,1,17.0,5.738888888888889,464238.0,463266.0,18.0,6,60.0,430.156,"3,12",1.867.529,"93,6",USAQUEN,SANTA BARBARA,621.0,2.0,25.0,9.0,11.0,1.0,305.0,361.0,69695.0,31338.0,38357.0,95.84618695745749,89.10251811464236,0.2869646316091542,3.587057895114427,1.2913408422411936,1.578305473850348,115.1956091645925,79.51612482728056
82.0,2019,0.0,0,0.0,0,2.0,1,2.0,1,0.0,1.9566666666666668,963012.0,1044870.0,9.0,4,29.0,979.914,"3,72",999.300,"88,94",KENNEDY,PATIO BONITO,292.0,39.0,126.0,64.0,166.0,0.0,228.0,459.0,139919.0,69495.0,70424.0,49.09983633387889,20.869217189945612,2.78732695345164,9.005210157305298,4.574075000536024,11.864007032640314,66.0479171163393,32.375326593206864
35.0,2019,1.0,1,0.0,0,1.0,1,1.0,1,2.0,2.666,168705.0,154565.0,35.0,5,22.0,119.565,"3,92",1.095.184,"90,79",ANTONIO NARIÑO,CIUDAD JARDIN,106.0,3.0,21.0,32.0,22.0,0.0,79.0,105.0,25387.0,12038.0,13349.0,72.47803994170245,41.7536534446764,1.18170717296254,8.27195021073778,12.604876511600425,8.665852601725293,87.22379132746305,59.18046295602667
68.0,2019,0.0,0,0.0,0,0.0,0,1.0,1,0.0,1.055,351536.0,380992.0,0.0,0,13.0,593.937,"4,09",505.335,"83,5",CIUDAD BOLIVAR,EL TESORO,45.0,40.0,58.0,15.0,16.0,0.0,57.0,117.0,51170.0,25484.0,25686.0,34.00429939417627,8.794215360562829,7.817080320500293,11.334766464725426,2.93140512018761,3.1268321282001175,45.91115994349396,22.191076851202993
27.0,2019,1.0,1,5.0,1,7.0,1,4.0,1,3.0,2.840909090909091,1497236.0,1751217.0,16.0,6,48.0,981.613,"3,41",1.388.086,"91,6",SUBA,SUBA,353.0,6.0,77.0,43.0,61.0,0.0,262.0,278.0,170068.0,79760.0,90308.0,31.752005080320814,20.756403321024532,0.35280005644800905,4.527600724416116,2.528400404544065,3.586800573888092,34.85456369107322,29.011826194800015
22.0,2019,1.0,1,0.0,0,5.0,1,0.0,0,2.0,3.292222222222222,847206.0,887247.0,37.0,8,38.0,230.066,"3,36",1.462.840,"92,44",BARRIOS UNIDOS,DOCE DE OCTUBRE,296.0,2.0,44.0,51.0,28.0,0.0,187.0,234.0,67629.0,32457.0,35172.0,62.25140102618699,43.76820594715285,0.2957311212645463,6.506084667820018,7.54114359224593,4.140235697703648,72.09538774378409,53.167292164221536
105.0,2019,0.0,0,0.0,0,0.0,0,0.0,0,3.0,2.67,1601.0,2464.0,4.0,1,11.0,824.337,"3,41",1.089.512,"91,78",ENGATIVA,JARDIN BOTANICO,56.0,0.0,5.0,0.0,1.0,0.0,33.0,29.0,2616.0,1504.0,1112.0,237.00305810397552,214.06727828746176,0.0,19.1131498470948,0.0,3.8226299694189603,192.81914893617022,296.76258992805754
104.0,2019,0.0,0,0.0,0,0.0,0,0.0,0,6.0,4.0,19494.0,20424.0,21.0,5,34.0,139.298,"2,87",1.933.116,"96,03",TEUSAQUILLO,PARQUE SIMON BOLIVAR - CAN,200.0,0.0,52.0,8.0,6.0,0.0,131.0,135.0,3087.0,1586.0,1501.0,861.6780045351475,647.8781988986071,0.0,168.44833171363786,25.915127955944282,19.43634596695821,851.1979823455233,872.7514990006663
74.0,2019,0.0,0,0.0,0,1.0,1,0.0,0,2.0,2.0016666666666665,712512.0,784968.0,0.0,0,15.0,824.337,"3,41",1.089.512,"91,78",ENGATIVA,ENGATIVA,106.0,25.0,90.0,47.0,99.0,0.0,150.0,217.0,138394.0,66983.0,71411.0,26.518490686012402,7.659291587785598,1.8064366952324522,6.503172102836828,3.3961009870370105,7.153489313120511,32.39627965304629,21.005167271148704
47.0,2019,1.0,1,0.0,0,1.0,1,0.0,0,1.0,3.0,865592.0,770256.0,9.0,4,28.0,979.914,"3,72",999.300,"88,94",KENNEDY,KENNEDY CENTRAL,260.0,12.0,91.0,101.0,112.0,0.0,222.0,354.0,94456.0,44672.0,49784.0,60.98077411704921,27.526043872279157,1.2704327941051918,9.634115355297704,10.692809350385366,11.85737274498179,79.24426934097421,44.592640205688575
70.0,2019,0.0,0,0.0,0,0.0,0,0.0,0,1.0,1.1733333333333331,789975.0,888237.0,0.0,0,23.0,593.937,"4,09",505.335,"83,5",CIUDAD BOLIVAR,JERUSALEM,103.0,34.0,109.0,20.0,50.0,0.0,151.0,165.0,97492.0,47838.0,49654.0,32.41291593156362,10.564969433389408,3.487465638206212,11.180404546014032,2.0514503754154187,5.128625938538547,34.49140850369999,30.41044024650582
66.0,2019,0.0,0,0.0,0,0.0,0,0.0,0,0.0,1.8425,597168.0,609704.0,4.0,3,26.0,593.937,"4,09",505.335,"83,5",CIUDAD BOLIVAR,SAN FRANCISCO,138.0,16.0,81.0,27.0,76.0,0.0,143.0,195.0,69426.0,34000.0,35426.0,48.68493071759859,19.87727940541008,2.3046121049750816,11.66709878143635,3.88903292714545,10.946907498631637,57.35294117647059,40.36583300400835
65.0,2019,0.0,0,0.0,0,0.0,0,0.0,0,1.0,2.463333333333334,349194.0,364512.0,9.0,3,21.0,593.937,"4,09",505.335,"83,5",CIUDAD BOLIVAR,ARBORIZADORA,162.0,12.0,51.0,44.0,67.0,0.0,112.0,224.0,79580.0,38071.0,41509.0,42.221663734606686,20.356873586328224,1.5079165619502388,6.408645388288514,5.529027393817542,8.419200804222166,58.837435318221225,26.982100267411887
79.0,2019,0.0,0,0.0,0,0.0,0,0.0,0,0.0,2.1333333333333333,167274.0,204984.0,3.0,2,22.0,979.914,"3,72",999.300,"88,94",KENNEDY,CALANDAIMA,151.0,13.0,80.0,77.0,96.0,0.0,142.0,275.0,124532.0,58974.0,65558.0,33.48536922236855,12.125397488195805,1.04390839302348,6.424051649375261,6.183149712523689,7.7088619792503135,46.630718621765524,21.66020928033192
59.0,2019,0.0,0,0.0,0,0.0,0,0.0,0,0.0,1.0,163808.0,216380.0,0.0,0,6.0,314.431,"4,07",569.872,"82,91",USME,ALFONSO LOPEZ,71.0,20.0,58.0,6.0,15.0,0.0,89.0,81.0,49878.0,24695.0,25183.0,34.08316291751875,14.234732747904888,4.0097838726492645,11.628373230682866,1.2029351617947792,3.007337904486948,32.80016197610853,35.3413016717627
45.0,2019,0.0,0,0.0,0,1.0,1,1.0,1,2.0,2.7914285714285714,737583.0,674359.0,9.0,4,35.0,979.914,"3,72",999.300,"88,94",KENNEDY,CARVAJAL,321.0,15.0,98.0,100.0,80.0,0.0,202.0,412.0,90319.0,43587.0,46732.0,67.98126640020372,35.54069464896644,1.6607801237834787,10.85043014205206,11.071867491889856,8.857493993511886,94.52359648519054,43.22519900710434
20.0,2019,2.0,1,0.0,0,7.0,1,40.0,1,20.0,4.996666666666667,231126.0,219822.0,33.0,6,26.0,981.613,"3,41",1.388.086,"91,6",SUBA,LA ALHAMBRA,244.0,2.0,11.0,5.0,6.0,0.0,113.0,155.0,41140.0,18539.0,22601.0,65.14341273699563,59.309674282936314,0.4861448711716091,2.6737967914438503,1.215362177929023,1.4584346135148276,83.60753007174065,49.997787708508476
51.0,2019,0.0,0,0.0,0,0.0,0,0.0,0,0.0,1.68875,263745.0,660861.0,0.0,0,15.0,404.35,"3,73",706.208,"83,68",SAN CRISTOBAL,LOS LIBERTADORES,59.0,7.0,75.0,14.0,21.0,1.0,94.0,81.0,75389.0,36613.0,38776.0,23.34558092029341,7.8260754221438145,0.9285174229662152,9.948400960352306,1.8570348459324304,2.7855522688986456,22.123289541965967,24.241799050959354
115.0,2019,2.0,1,2.0,1,0.0,0,0.0,0,5.0,3.314,77135.0,83285.0,6.0,3,26.0,317.179,"3,46",1.428.379,"90,03",FONTIBON,CAPELLANIA,209.0,1.0,10.0,15.0,17.0,0.0,84.0,168.0,17600.0,8297.0,9303.0,143.1818181818182,118.75,0.5681818181818182,5.681818181818182,8.522727272727272,9.65909090909091,202.48282511751233,90.29345372460496
43.0,2019,0.0,0,0.0,0,2.0,1,1.0,1,2.0,3.0,844074.0,844239.0,17.0,8,31.0,250.715,"3,55",1.116.511,"90,43",PUENTE ARANDA,SAN RAFAEL,268.0,9.0,36.0,123.0,71.0,0.0,172.0,335.0,72177.0,34309.0,37868.0,70.24398354046303,37.13094198983055,1.2469346190614738,4.987738476245895,17.041439793840144,9.83692866148496,97.6420181293538,45.42093588253935
25.0,2019,2.0,1,2.0,1,4.0,1,0.0,0,9.0,4.04,127070.0,126620.0,24.0,5,25.0,981.613,"3,41",1.388.086,"91,6",SUBA,LA FLORESTA,170.0,0.0,19.0,18.0,11.0,0.0,98.0,120.0,42823.0,19418.0,23405.0,50.90722275412745,39.69829297340214,0.0,4.436868038203769,4.203348667771992,2.5687130747495504,61.79833144505098,41.871395001068144
56.0,2019,0.0,0,0.0,0,0.0,0,0.0,0,0.0,1.508,205135.0,253351.0,6.0,6,8.0,314.431,"4,07",569.872,"82,91",USME,DANUBIO,115.0,14.0,49.0,16.0,35.0,0.0,86.0,143.0,52258.0,25327.0,26931.0,43.82104175437254,22.006200007654332,2.6790156531057447,9.376554785870107,3.0617321749779935,6.697539132764362,56.46148379200063,31.93345958189447
26.0,2019,0.0,0,3.0,1,5.0,1,1.0,1,6.0,3.0646153846153847,1441973.0,1441167.0,19.0,5,69.0,824.337,"3,41",1.089.512,"91,78",ENGATIVA,LAS FERIAS,543.0,5.0,94.0,130.0,83.0,1.0,353.0,501.0,100323.0,47687.0,52636.0,85.2247241410245,54.125175682545375,0.49839019965511394,9.369735753516142,12.958145191032964,8.273277314274893,105.06007926688616,67.06436659320617
102.0,2019,1.0,1,2.0,1,3.0,1,0.0,0,13.0,2.8186666666666667,764715.0,782955.0,131.0,15,94.0,94.944,"3,53",1.059.511,"89,78",LOS MARTIRES,LA SABANA,928.0,64.0,92.0,40.0,57.0,0.0,441.0,740.0,39473.0,18761.0,20712.0,299.1918526587794,235.09740835507816,16.213614369315735,23.30707065589137,10.133508980822334,14.440250297671827,394.4352646447417,212.92004634994206
2.0,2019,0.0,0,0.0,0,0.0,0,0.0,0,0.0,5.058,10545.0,13800.0,3.0,2,95.0,981.613,"3,41",1.388.086,"91,6",SUBA,LA ACADEMIA,23.0,0.0,8.0,0.0,2.0,0.0,14.0,19.0,4483.0,2177.0,2306.0,73.61142092348874,51.30492973455275,0.0,17.845192951148785,0.0,4.461298237787196,87.27606798346348,60.71118820468344
116.0,2019,1.0,1,1.0,1,0.0,0,1.0,1,7.0,3.155,24638.0,27282.0,3.0,1,17.0,824.337,"3,41",1.089.512,"91,78",ENGATIVA,ALAMOS,185.0,2.0,10.0,24.0,13.0,0.0,95.0,139.0,11944.0,5613.0,6331.0,195.914266577361,154.88948425987942,1.6744809109176155,8.372404554588078,20.093770931011385,10.884125920964502,247.63940851594512,150.0552835255094
81.0,2019,0.0,0,0.0,0,1.0,1,3.0,1,2.0,2.0025,290204.0,283616.0,1.0,1,16.0,979.914,"3,72",999.300,"88,94",KENNEDY,GRAN BRITALIA,103.0,6.0,41.0,35.0,85.0,0.0,95.0,175.0,63103.0,30784.0,32319.0,42.78718919861179,16.32252032391487,0.9508264266358176,6.497313915344754,5.546487488708936,13.470041044007417,56.847713097713104,29.394473838918284
52.0,2019,0.0,0,0.0,0,0.0,0,0.0,0,0.0,1.0,614920.0,740280.0,0.0,0,176.0,314.431,"4,07",569.872,"82,91",USME,LA FLORA,32.0,32.0,68.0,16.0,20.0,0.0,88.0,80.0,18698.0,9295.0,9403.0,89.84918173066639,17.114129853460263,17.114129853460263,36.36752593860306,8.557064926730131,10.696331158412665,86.06777837547068,93.58715303626502
33.0,2019,0.0,0,0.0,0,2.0,1,0.0,0,2.0,2.8193333333333332,1647904.0,748256.0,42.0,13,30.0,404.35,"3,73",706.208,"83,68",SAN CRISTOBAL,SOSIEGO,122.0,7.0,54.0,39.0,41.0,0.0,119.0,144.0,42929.0,20777.0,22152.0,61.263947448112,28.41901744741317,1.6305993617368213,12.578909361969766,9.084767872533718,9.550653404458524,69.30740722914761,53.71975442397978
19.0,2019,2.0,1,3.0,1,6.0,1,2.0,1,11.0,3.51625,692512.0,712104.0,25.0,8,34.0,981.613,"3,41",1.388.086,"91,6",SUBA,EL PRADO,367.0,8.0,19.0,50.0,7.0,0.0,206.0,245.0,100927.0,46205.0,54722.0,44.68576297720134,36.36291577080464,0.792652114894924,1.8825487728754444,4.954075718093275,0.6935706005330585,53.02456444107781,37.644822923138776
41.0,2019,0.0,0,0.0,0,1.0,1,0.0,0,2.0,3.0,523602.0,513468.0,24.0,8,22.0,250.715,"3,55",1.116.511,"90,43",PUENTE ARANDA,MUZU,163.0,2.0,28.0,99.0,42.0,0.0,130.0,204.0,57874.0,27440.0,30434.0,57.71158032968172,28.16463351418599,0.34557832532743543,4.838096554584096,17.106127103708054,7.257144831876145,74.34402332361516,42.71538410987711
37.0,2019,0.0,0,1.0,1,1.0,1,0.0,0,7.0,3.0,307027.0,315602.0,40.0,7,41.0,94.944,"3,53",1.059.511,"89,78",LOS MARTIRES,SANTA ISABEL,162.0,9.0,47.0,51.0,29.0,0.0,108.0,190.0,43484.0,19996.0,23488.0,68.53095391408334,37.255082329132556,2.0697267960629198,10.80857326832858,11.728451844356545,6.669119676202741,95.01900380076015,45.98092643051771
107.0,2019,1.0,1,1.0,1,3.0,1,1.0,1,4.0,3.77,207448.0,216792.0,32.0,8,35.0,139.298,"2,87",1.933.116,"96,03",TEUSAQUILLO,QUINTA PAREDES,201.0,0.0,11.0,10.0,4.0,0.0,84.0,142.0,26739.0,11967.0,14772.0,84.52073749953252,75.17109839560193,0.0,4.113841205729459,3.7398556415722353,1.495942256628894,118.65964736358319,56.86433793663688
73.0,2019,1.0,1,0.0,0,3.0,1,1.0,1,4.0,2.775714285714286,955689.0,1044302.0,4.0,2,40.0,824.337,"3,41",1.089.512,"91,78",ENGATIVA,GARCES NAVAS,305.0,10.0,95.0,97.0,101.0,2.0,237.0,368.0,163652.0,77170.0,86482.0,37.15200547503239,18.637108009679075,0.6110527216288222,5.80500085547381,5.927211399799575,6.171632488451103,47.68692497084359,27.404546610855437
31.0,2019,0.0,0,1.0,1,2.0,1,1.0,1,7.0,3.318333333333334,409362.0,391260.0,10.0,4,38.0,824.337,"3,41",1.089.512,"91,78",ENGATIVA,SANTA CECILIA,287.0,5.0,37.0,54.0,42.0,0.0,165.0,260.0,66554.0,31112.0,35442.0,63.85791988460498,43.12287766325089,0.7512696457012351,5.55939537818914,8.113712173573338,6.310665023890375,83.56904088454615,46.55493482309125
58.0,2019,0.0,0,0.0,0,0.0,0,1.0,1,0.0,1.5654545454545454,857659.0,954745.0,0.0,0,29.0,314.431,"4,07",569.872,"82,91",USME,COMUNEROS,99.0,15.0,123.0,31.0,56.0,0.0,165.0,159.0,94210.0,46146.0,48064.0,34.39125358242225,10.50843859462902,1.5921876658528817,13.055938859993631,3.290521176095956,5.944167285850759,34.45585749577428,34.32922769640479
13.0,2019,4.0,1,1.0,1,5.0,1,3.0,1,5.0,4.381666666666667,1717632.0,1842552.0,20.0,5,88.0,430.156,"3,12",1.867.529,"93,6",USAQUEN,LOS CEDROS,550.0,2.0,41.0,17.0,11.0,0.0,272.0,349.0,126708.0,56234.0,70474.0,49.010322947248795,43.40688827856173,0.15784323010386084,3.2357862171291476,1.3416674558828172,0.8681377655712347,62.062097663335344,38.59579419360331
63.0,2019,0.0,0,0.0,0,0.0,0,0.0,0,0.0,,1596.0,5864.0,2.0,2,6.0,593.937,"4,09",505.335,"83,5",CIUDAD BOLIVAR,EL MOCHUELO,8.0,2.0,2.0,5.0,0.0,0.0,5.0,12.0,36.0,18.0,18.0,4722.222222222222,2222.222222222222,555.5555555555555,555.5555555555555,1388.888888888889,0.0,6666.666666666666,2777.777777777778
87.0,2019,0.0,0,0.0,0,0.0,0,0.0,0,1.0,1.765,212992.0,339512.0,0.0,0,47.0,546.809,"3,98",703.807,"85,4",BOSA,TINTAL SUR,71.0,20.0,121.0,22.0,46.0,0.0,137.0,143.0,102194.0,48023.0,54171.0,27.39886881813022,6.94757030745445,1.957062058437873,11.840225453549133,2.15276826428166,4.501242734407108,29.77739832996689,25.29028446955013
77.0,2019,1.0,1,0.0,0,0.0,0,0.0,0,1.0,2.045,283878.0,356976.0,0.0,0,13.0,317.179,"3,46",1.428.379,"90,03",FONTIBON,ZONA FRANCA,80.0,1.0,30.0,18.0,19.0,0.0,62.0,86.0,59305.0,27758.0,31547.0,24.955737290279068,13.489587724475172,0.16861984655593962,5.058595396678189,3.035157238006913,3.203777084562853,30.98205922616903,19.653215836688116
39.0,2019,1.0,1,2.0,1,5.0,1,0.0,0,2.0,3.0,1410480.0,1306815.0,45.0,15,69.0,378.78,"3,72",591.317,"87,06",RAFAEL URIBE URIBE,QUIROGA,408.0,17.0,100.0,89.0,123.0,0.0,282.0,455.0,90059.0,43506.0,46553.0,81.83524134178705,45.303634284191475,1.8876514285079782,11.10383193239987,9.882410419835887,13.65771327685184,104.58327586999494,60.57611754344511
108.0,2019,0.0,0,0.0,0,0.0,0,1.0,1,4.0,2.685714285714286,33520.0,33976.0,48.0,8,66.0,250.715,"3,55",1.116.511,"90,43",PUENTE ARANDA,ZONA INDUSTRIAL,297.0,6.0,164.0,21.0,27.0,2.0,222.0,290.0,6185.0,3095.0,3090.0,832.6596604688763,480.1940177849636,9.700889248181083,265.15763945028294,33.95311236863379,43.65400161681488,936.9951534733441,718.4466019417475
61.0,2019,0.0,0,0.0,0,0.0,0,4.0,1,0.0,1.2366666666666666,79500.0,134960.0,0.0,0,65.0,314.431,"4,07",569.872,"82,91",USME,CIUDAD USME,21.0,7.0,59.0,5.0,9.0,0.0,56.0,45.0,24119.0,11715.0,12404.0,41.875699655872964,8.706828641320122,2.9022762137733737,24.46204237323272,2.0730544384095526,3.731497989137195,38.41229193341869,45.14672686230248
1.0,2019,0.0,0,0.0,0,0.0,0,0.0,0,0.0,4.0,52488.0,63828.0,3.0,3,83.0,430.156,"3,12",1.867.529,"93,6",USAQUEN,PASEO DE LOS LIBERTADORES,50.0,2.0,3.0,4.0,3.0,0.0,18.0,44.0,2602.0,1291.0,1311.0,238.27824750192158,192.1598770176787,7.686395080707149,11.529592621060722,15.372790161414297,11.529592621060722,340.8210689388071,137.29977116704805
46.0,2019,0.0,0,0.0,0,3.0,1,1.0,1,3.0,2.72,884656.0,1003288.0,18.0,6,40.0,979.914,"3,72",999.300,"88,94",KENNEDY,CASTILLA,403.0,7.0,85.0,181.0,98.0,0.0,287.0,487.0,140078.0,66586.0,73492.0,55.254929396479106,28.769685460957465,0.4997215836890875,6.06804780193892,12.921372378246405,6.996102171647226,73.13849758207431,39.05186959124803
85.0,2019,1.0,1,1.0,1,3.0,1,2.0,1,1.0,1.9988888888888892,2537808.0,2654832.0,17.0,6,39.0,546.809,"3,98",703.807,"85,4",BOSA,BOSA CENTRAL,464.0,40.0,237.0,62.0,194.0,1.0,413.0,582.0,235147.0,113170.0,121977.0,42.39900998099061,19.73233764411198,1.7010635900096536,10.078801770807198,2.636648564514963,8.250158411546819,51.42705664045241,33.858842240750306
60.0,2019,0.0,0,0.0,0,0.0,0,0.0,0,1.0,1.11,10544.0,15584.0,0.0,0,0.0,314.431,"4,07",569.872,"82,91",USME,PARQUE ENTRENUBES,8.0,0.0,14.0,0.0,0.0,0.0,16.0,6.0,1058.0,545.0,513.0,207.93950850661628,75.61436672967864,0.0,132.3251417769376,0.0,0.0,110.09174311926606,311.8908382066277
60.0,2019,0.0,0,0.0,0,0.0,0,0.0,0,1.0,1.11,10544.0,15584.0,0.0,0,0.0,314.431,"4,07",569.872,"82,91",USME,PARQUE ENTRENUBES,8.0,0.0,14.0,0.0,0.0,0.0,16.0,6.0,1058.0,545.0,513.0,207.93950850661628,75.61436672967864,0.0,132.3251417769376,0.0,0.0,110.09174311926606,311.8908382066277
30.0,2019,1.0,1,4.0,1,6.0,1,0.0,0,6.0,3.001818181818182,1427481.0,1341120.0,25.0,7,42.0,824.337,"3,41",1.089.512,"91,78",ENGATIVA,BOYACA REAL,394.0,6.0,64.0,90.0,61.0,0.0,234.0,381.0,126709.0,60161.0,66548.0,48.536410199749035,31.094870924717267,0.4735259531682832,5.050943500461688,7.102889297524249,4.814180523877546,63.33006432738817,35.16258940914828
72.0,2019,0.0,0,0.0,0,1.0,1,0.0,0,5.0,3.0,331356.0,345116.0,4.0,2,21.0,824.337,"3,41",1.089.512,"91,78",ENGATIVA,BOLIVIA,242.0,1.0,35.0,73.0,29.0,0.0,154.0,226.0,82460.0,37550.0,44910.0,46.08294930875576,29.347562454523406,0.12127091923356778,4.244482173174872,8.852777104050448,3.5168566577734657,60.18641810918775,34.29080382988199
57.0,2019,0.0,0,2.0,1,0.0,0,0.0,0,0.0,1.7740000000000002,1391324.0,1519562.0,3.0,3,23.0,314.431,"4,07",569.872,"82,91",USME,GRAN YOMASA,171.0,29.0,156.0,49.0,64.0,0.0,219.0,250.0,126215.0,61508.0,64707.0,37.15881630551044,13.548310422691438,2.2976666798716474,12.359862139999208,3.882264390127956,5.0707126728201874,40.645119334070365,33.84486995224628
23.0,2019,0.0,0,0.0,0,4.0,1,18.0,1,6.0,3.5728571428571425,209118.0,255647.0,7.0,5,41.0,981.613,"3,41",1.388.086,"91,6",SUBA,CASA BLANCA SUBA,150.0,0.0,18.0,13.0,9.0,0.0,107.0,83.0,56335.0,26066.0,30269.0,33.72681281618887,26.626431170675424,0.0,3.195171740481051,2.30762403479187,1.5975858702405255,31.842246604772498,35.34969771052892
88.0,2019,0.0,0,0.0,0,0.0,0,0.0,0,20.0,5.9375,358776.0,369156.0,3.0,2,60.0,122.507,"2,43",2.288.835,"96,61",CHAPINERO,EL REFUGIO,201.0,0.0,13.0,6.0,3.0,0.0,113.0,110.0,38133.0,17147.0,20986.0,58.47953216374269,52.7102509637322,0.0,3.4091207090971074,1.573440327275588,0.786720163637794,64.15116346882837,53.84542075669494
9.0,2019,0.0,0,1.0,1,4.0,1,1.0,1,0.0,2.7445454545454546,927663.0,1059410.0,9.0,4,60.0,430.156,"3,12",1.867.529,"93,6",USAQUEN,VERBENAL,133.0,8.0,98.0,27.0,38.0,0.0,146.0,158.0,122844.0,58302.0,64542.0,24.74683338217577,10.826739604701899,0.651232457425678,7.977597603464557,2.197909543811664,3.093354172771971,27.100271002710027,22.620929007468003
109.0,2019,0.0,0,0.0,0,0.0,0,0.0,0,6.0,4.123333333333334,44058.0,53832.0,12.0,3,32.0,139.298,"2,87",1.933.116,"96,03",TEUSAQUILLO,CIUDAD SALITRE ORIENTAL,168.0,0.0,6.0,7.0,4.0,0.0,85.0,100.0,22721.0,10122.0,12599.0,81.42247260243826,73.94040755248449,0.0,2.6407288411601604,3.0808503146868533,1.7604858941067736,98.79470460383322,67.46567187872053
49.0,2019,0.0,0,1.0,1,0.0,0,1.0,1,2.0,2.3333333333333335,124191.0,114375.0,10.0,3,11.0,546.809,"3,98",703.807,"85,4",BOSA,APOGEO,165.0,3.0,22.0,23.0,23.0,0.0,89.0,147.0,36681.0,17572.0,19109.0,64.33848586461656,44.98241596466836,0.8178621084485155,5.99765546195578,6.270276164771953,6.270276164771953,83.65581607102207,46.57491234496834
14.0,2019,1.0,1,0.0,0,1.0,1,0.0,0,18.0,4.66,375100.0,457974.0,0.0,0,45.0,430.156,"3,12",1.867.529,"93,6",USAQUEN,USAQUEN,252.0,0.0,16.0,7.0,8.0,0.0,137.0,146.0,40865.0,19334.0,21531.0,69.2524164933317,61.66646274317876,0.0,3.9153309678208736,1.7129572984216324,1.9576654839104368,75.51463742629564,63.62918582508941
32.0,2019,0.0,0,0.0,0,0.0,0,0.0,0,0.0,1.7457142857142858,1408200.0,1428675.0,0.0,0,47.0,404.35,"3,73",706.208,"83,68",SAN CRISTOBAL,SAN BLAS,84.0,11.0,102.0,35.0,50.0,0.0,120.0,162.0,100161.0,48278.0,51883.0,28.15467097972265,8.386497738640788,1.09823184672677,10.183604396920957,3.4943740577669953,4.991962939667136,33.55565682091222,23.12896324422258
92.0,2019,0.0,0,0.0,0,0.0,0,0.0,0,11.0,2.5425,132324.0,86100.0,26.0,6,25.0,96.241,"3,18",896.890,"88,28",SANTA FE,LA MACARENA,113.0,1.0,17.0,3.0,3.0,0.0,54.0,83.0,12200.0,5967.0,6233.0,112.29508196721312,92.62295081967213,0.819672131147541,13.934426229508198,2.459016393442623,2.459016393442623,139.09837439249205,86.6356489651853
11.0,2019,1.0,1,1.0,1,4.0,1,2.0,1,5.0,2.3000000000000003,373404.0,436080.0,0.0,0,21.0,430.156,"3,12",1.867.529,"93,6",USAQUEN,SAN CRISTOBAL NORTE,95.0,10.0,68.0,13.0,33.0,0.0,105.0,114.0,69583.0,33095.0,36488.0,31.47320466205826,13.652760013221622,1.4371326329706968,9.77250190420074,1.868272422861906,4.742537688803299,34.446290980510646,28.776584082438063
36.0,2019,1.0,1,0.0,0,0.0,0,0.0,0,2.0,2.97,350595.0,343350.0,26.0,7,19.0,378.78,"3,72",591.317,"87,06",RAFAEL URIBE URIBE,SAN JOSE,143.0,4.0,41.0,50.0,57.0,0.0,107.0,188.0,47491.0,22523.0,24968.0,62.11703270093281,30.110968394011497,0.8422648501821398,8.633214714366932,10.528310627276747,12.002274115095492,83.47023043111487,42.854854213393146
53.0,2019,0.0,0,1.0,1,1.0,1,0.0,0,2.0,2.442857142857143,479920.0,461139.0,21.0,6,14.0,378.78,"3,72",591.317,"87,06",RAFAEL URIBE URIBE,MARCO FIDEL SUAREZ,92.0,21.0,61.0,22.0,34.0,0.0,96.0,134.0,46874.0,22582.0,24292.0,49.06771344455348,19.62708537782139,4.480095575372275,13.01361095703375,4.693433459913812,7.253488074412254,59.33929678505004,39.519183270212416
50.0,2019,0.0,0,1.0,1,0.0,0,0.0,0,1.0,1.9327272727272728,215222.0,1432186.0,1.0,1,21.0,404.35,"3,73",706.208,"83,68",SAN CRISTOBAL,LA GLORIA,116.0,13.0,115.0,22.0,69.0,0.0,161.0,174.0,94513.0,45836.0,48677.0,35.44485943732608,12.27344386486515,1.3754721572693704,12.16763831430597,2.3277221123020113,7.300582988583581,37.96142769875207,33.075168970971916
110.0,2019,3.0,1,1.0,1,0.0,0,0.0,0,5.0,4.074999999999999,71780.0,82212.0,7.0,2,29.0,317.179,"3,46",1.428.379,"90,03",FONTIBON,CIUDAD SALITRE OCCIDENTAL,284.0,2.0,15.0,12.0,11.0,0.0,137.0,187.0,44029.0,20708.0,23321.0,73.58786254514071,64.50294124327148,0.45424606509346116,3.406845488200958,2.7254763905607664,2.498353358014036,90.3032644388642,58.74533682089104
10.0,2019,0.0,0,1.0,1,1.0,1,13.0,1,2.0,2.87125,122265.0,153495.0,5.0,2,29.0,430.156,"3,12",1.867.529,"93,6",USAQUEN,LA URIBE,213.0,3.0,15.0,10.0,10.0,0.0,106.0,145.0,32844.0,15072.0,17772.0,76.42187309706492,64.85202776762878,0.9134088417975886,4.567044208987943,3.0446961393252954,3.0446961393252954,96.20488322717621,59.6443844249381
42.0,2019,0.0,0,0.0,0,1.0,1,6.0,1,1.0,2.4250000000000003,2179040.0,2310720.0,35.0,13,66.0,182.532,"3,63",829.895,"87,19",TUNJUELITO,VENECIA,414.0,58.0,114.0,77.0,87.0,0.0,285.0,465.0,135141.0,65747.0,69394.0,55.49759140453304,30.63467045530224,4.291813735283889,8.435633893489022,5.697752717532059,6.437720602925833,70.72566048641002,41.069833126783294
103.0,2019,0.0,0,0.0,0,0.0,0,0.0,0,2.0,3.0,10953.0,12423.0,5.0,2,15.0,230.066,"3,36",1.462.840,"92,44",BARRIOS UNIDOS,PARQUE SALITRE,51.0,0.0,7.0,5.0,2.0,0.0,25.0,40.0,1356.0,709.0,647.0,479.3510324483776,376.1061946902655,0.0,51.62241887905605,36.87315634218289,14.749262536873156,564.1748942172073,386.39876352395675
21.0,2019,0.0,0,0.0,0,6.0,1,0.0,0,19.0,3.762,225860.0,233125.0,52.0,5,22.0,230.066,"3,36",1.462.840,"92,44",BARRIOS UNIDOS,LOS ANDES,257.0,1.0,20.0,18.0,8.0,0.0,142.0,162.0,28368.0,12669.0,15699.0,107.16300056401579,90.5950366610265,0.35250987027636776,7.050197405527355,6.345177664974619,2.820078962210942,127.8711816244376,90.45162112236449
55.0,2019,0.0,0,0.0,0,0.0,0,0.0,0,0.0,1.5539999999999998,379860.0,395955.0,0.0,0,7.0,378.78,"3,72",591.317,"87,06",RAFAEL URIBE URIBE,DIANA TURBAY,59.0,18.0,62.0,17.0,54.0,0.0,82.0,128.0,73342.0,35514.0,37828.0,28.632979738758145,8.044503831365384,2.4542554061792696,8.45354639906193,2.317907883613755,7.36276621853781,36.04212423269696,21.67706460822671
113.0,2019,0.0,0,0.0,0,3.0,1,0.0,0,3.0,3.2925,104270.0,104965.0,8.0,3,26.0,979.914,"3,72",999.300,"88,94",KENNEDY,BAVARIA,152.0,4.0,17.0,39.0,32.0,0.0,94.0,150.0,38880.0,18156.0,20724.0,62.75720164609053,39.09465020576132,1.02880658436214,4.372427983539095,10.030864197530866,8.23045267489712,82.61731658955718,45.358038988612236
60.0,2019,0.0,0,0.0,0,0.0,0,0.0,0,1.0,1.11,10544.0,15584.0,0.0,0,0.0,314.431,"4,07",569.872,"82,91",USME,PARQUE ENTRENUBES,8.0,0.0,14.0,0.0,0.0,0.0,16.0,6.0,1058.0,545.0,513.0,207.93950850661628,75.61436672967864,0.0,132.3251417769376,0.0,0.0,110.09174311926606,311.8908382066277
60.0,2019,0.0,0,0.0,0,0.0,0,0.0,0,1.0,1.11,10544.0,15584.0,0.0,0,0.0,314.431,"4,07",569.872,"82,91",USME,PARQUE ENTRENUBES,8.0,0.0,14.0,0.0,0.0,0.0,16.0,6.0,1058.0,545.0,513.0,207.93950850661628,75.61436672967864,0.0,132.3251417769376,0.0,0.0,110.09174311926606,311.8908382066277
90.0,2019,0.0,0,1.0,1,3.0,1,0.0,0,23.0,3.05,275954.0,520674.0,22.0,10,60.0,122.507,"2,43",2.288.835,"96,61",CHAPINERO,PARDO RUBIO,205.0,11.0,94.0,22.0,15.0,0.0,165.0,182.0,48445.0,23772.0,24673.0,71.62761894932397,42.316028485911865,2.270616162658685,19.403447208174217,4.54123232531737,3.0962947672618433,76.56065959952886,66.8747213553277
67.0,2019,0.0,0,1.0,1,0.0,0,0.0,0,0.0,1.256470588235294,2609568.0,2765373.0,2.0,1,30.0,593.937,"4,09",505.335,"83,5",CIUDAD BOLIVAR,LUCERO,158.0,61.0,179.0,24.0,101.0,0.0,242.0,281.0,157159.0,78057.0,79102.0,33.278399582588335,10.053512684606035,3.8814194541833427,11.38973905407899,1.5271158508262335,6.426612538893732,35.99933382015706,30.593411038911782
83.0,2019,0.0,0,0.0,0,0.0,0,0.0,0,0.0,2.0,24432.0,29572.0,1.0,1,11.0,979.914,"3,72",999.300,"88,94",KENNEDY,LAS MARGARITAS,82.0,1.0,19.0,17.0,15.0,0.0,44.0,90.0,29613.0,14096.0,15517.0,45.25039678519569,27.69054131631378,0.337689528247729,6.416101036706851,5.740721980211394,5.065342923715935,63.84790011350738,28.35599664883676
101.0,2019,1.0,1,0.0,0,3.0,1,0.0,0,17.0,3.8711111111111105,267970.0,273160.0,65.0,10,59.0,139.298,"2,87",1.933.116,"96,03",TEUSAQUILLO,TEUSAQUILLO,468.0,1.0,28.0,36.0,19.0,0.0,232.0,320.0,26793.0,12524.0,14269.0,206.02396148247678,174.67248908296943,0.3732318142798492,10.450490799835778,13.436345314074572,7.091404471317135,255.50942190993294,162.59023056976665
54.0,2019,0.0,0,0.0,0,0.0,0,0.0,0,2.0,1.83,984621.0,1061115.0,21.0,8,28.0,378.78,"3,72",591.317,"87,06",RAFAEL URIBE URIBE,MARRUECOS,152.0,13.0,98.0,31.0,71.0,1.0,154.0,210.0,115215.0,60329.0,54886.0,31.679902790435275,13.192726641496334,1.1283253048648179,8.50583691359632,2.6906218808314892,6.1623920496463125,34.809129937509326,28.058156907043692
78.0,2019,0.0,0,1.0,1,0.0,0,0.0,0,2.0,1.956,79812.0,176088.0,0.0,0,25.0,979.914,"3,72",999.300,"88,94",KENNEDY,TINTAL NORTE,44.0,1.0,11.0,18.0,42.0,0.0,34.0,82.0,28487.0,13405.0,15082.0,40.72032857092709,15.445641871730965,0.35103731526661286,3.8614104679327412,6.318671674799031,14.74356724119774,61.17120477433793,22.543429253414665
100.0,2019,1.0,1,1.0,1,2.0,1,1.0,1,9.0,3.59625,300195.0,309096.0,38.0,9,56.0,139.298,"2,87",1.933.116,"96,03",TEUSAQUILLO,GALERIAS,459.0,3.0,43.0,28.0,20.0,0.0,211.0,342.0,35496.0,16396.0,19100.0,155.79220193824656,129.3103448275862,0.8451656524678837,12.114041018706335,7.888212756366914,5.634437683119225,208.58746035618444,110.47120418848166
34.0,2019,0.0,0,2.0,1,2.0,1,1.0,1,2.0,2.346363636363636,864012.0,1108236.0,26.0,12,30.0,404.35,"3,73",706.208,"83,68",SAN CRISTOBAL,20 DE JULIO,226.0,6.0,83.0,56.0,79.0,0.0,166.0,284.0,79269.0,38378.0,40891.0,56.76872421753775,28.51051482925229,0.7569163229005034,10.470675800123631,7.0645523470713645,9.96606491818996,74.00072958465788,40.59573011176054
106.0,2019,0.0,0,0.0,0,1.0,1,1.0,1,1.0,4.164,167560.0,168920.0,17.0,5,30.0,139.298,"2,87",1.933.116,"96,03",TEUSAQUILLO,LA ESMERALDA,133.0,0.0,6.0,12.0,9.0,0.0,60.0,100.0,37578.0,16706.0,20872.0,42.57810420991005,35.39304912448773,0.0,1.596678907871627,3.193357815743254,2.3950183618074403,59.85873338920148,28.74664622460713
91.0,2019,2.0,1,0.0,0,0.0,0,1.0,1,14.0,3.3285714285714287,96894.0,41153.0,42.0,7,37.0,96.241,"3,18",896.890,"88,28",SANTA FE,SAGRADO CORAZON,391.0,0.0,24.0,6.0,3.0,0.0,191.0,233.0,10453.0,5227.0,5226.0,405.6251793743423,374.0552951305845,0.0,22.95991581364202,5.739978953410505,2.8699894767052525,445.76238760283144,365.48029085342523
95.0,2019,0.0,0,0.0,0,0.0,0,0.0,0,11.0,2.0,260205.0,69723.0,19.0,3,15.0,96.241,"3,18",896.890,"88,28",SANTA FE,LAS CRUCES,111.0,14.0,48.0,5.0,6.0,0.0,91.0,93.0,20700.0,10469.0,10231.0,88.88888888888889,53.6231884057971,6.76328502415459,23.18840579710145,2.4154589371980677,2.898550724637681,88.83369949374344,88.9453621346887
40.0,2019,0.0,0,0.0,0,2.0,1,0.0,0,2.0,3.0,1219392.0,1267944.0,21.0,8,62.0,250.715,"3,55",1.116.511,"90,43",PUENTE ARANDA,CIUDAD MONTES,260.0,18.0,52.0,156.0,80.0,0.0,183.0,383.0,99795.0,47099.0,52696.0,56.716268350117744,26.05340948945338,1.80369758003908,5.210681897890676,15.632045693672028,8.016433689062579,81.31807469373022,34.727493547897375
117.0,2019,0.0,0,0.0,0,0.0,0,0.0,0,4.0,3.0,824.0,1670.0,1.0,1,17.0,317.179,"3,46",1.428.379,"90,03",FONTIBON,AEROPUERTO EL DORADO,91.0,0.0,2.0,1.0,0.0,0.0,44.0,50.0,790.0,522.0,268.0,1189.873417721519,1151.8987341772151,0.0,25.31645569620253,12.658227848101266,0.0,957.8544061302682,1641.7910447761194
64.0,2019,0.0,0,0.0,0,0.0,0,0.0,0,0.0,1.0,5590.0,25895.0,0.0,0,7.0,593.937,"4,09",505.335,"83,5",CIUDAD BOLIVAR,MONTE BLANCO,5.0,12.0,23.0,1.0,3.0,0.0,26.0,18.0,5725.0,2899.0,2826.0,76.85589519650655,8.733624454148472,20.96069868995633,40.17467248908297,1.7467248908296942,5.240174672489083,62.09037599172128,92.00283085633404
48.0,2019,0.0,0,1.0,1,0.0,0,0.0,0,3.0,2.7455555555555557,1310472.0,1325682.0,5.0,3,18.0,979.914,"3,72",999.300,"88,94",KENNEDY,TIMIZA,191.0,17.0,93.0,106.0,120.0,0.0,199.0,328.0,141474.0,67751.0,73723.0,37.250660898822396,13.500713912096922,1.201634222542658,6.573646040968659,7.492542799383632,8.482123923830526,48.41256955616892,26.99293300598185
98.0,2019,0.0,0,3.0,1,6.0,1,0.0,0,21.0,3.0542105263157895,1522242.0,1559634.0,99.0,19,81.0,230.066,"3,36",1.462.840,"92,44",BARRIOS UNIDOS,LOS ALCAZARES,559.0,6.0,47.0,48.0,44.0,1.0,294.0,409.0,40963.0,19865.0,21098.0,171.86241242096526,136.46461440812442,1.464736469496863,11.47376901105876,11.717891755974904,10.741400776310329,205.889755852001,139.349701393497
28.0,2019,1.0,1,6.0,1,12.0,1,6.0,1,7.0,2.287857142857143,3797108.0,4228084.0,17.0,6,49.0,981.613,"3,41",1.388.086,"91,6",SUBA,EL RINCON,485.0,34.0,191.0,77.0,165.0,1.0,414.0,537.0,272474.0,130548.0,141926.0,34.93911345669678,17.799863473212124,1.2478254805963138,7.0098431409969395,2.825957706056357,6.055623655835053,41.1342954315654,29.170130913292844
17.0,2019,0.0,0,0.0,0,2.0,1,0.0,0,2.0,4.285,226840.0,238870.0,6.0,2,32.0,981.613,"3,41",1.388.086,"91,6",SUBA,SAN JOSE DE BAVARIA,224.0,4.0,27.0,26.0,12.0,0.0,120.0,173.0,49227.0,22838.0,26389.0,59.52018201393544,45.50348386048307,0.8125622117943404,5.484794929611798,5.281654376663213,2.4376866353830215,75.75094141343375,45.473492743188444
24.0,2019,2.0,1,2.0,1,11.0,1,1.0,1,8.0,4.819999999999999,859833.0,845949.0,36.0,12,69.0,981.613,"3,41",1.388.086,"91,6",SUBA,NIZA,231.0,4.0,58.0,34.0,27.0,0.0,157.0,197.0,80003.0,36556.0,43447.0,44.24834068722423,28.873917228103945,0.4999812507030986,7.24972813519493,4.249840630976339,3.374873442245916,53.88992231097494,36.135981770893274
44.0,2019,1.0,1,2.0,1,1.0,1,0.0,0,2.0,3.22875,673424.0,676672.0,20.0,7,33.0,979.914,"3,72",999.300,"88,94",KENNEDY,AMERICAS,396.0,13.0,54.0,135.0,52.0,0.0,239.0,411.0,79564.0,37621.0,41943.0,81.69523905283798,49.77125333065205,1.6339047810567595,6.786989090543462,16.967472726358654,6.535619124227038,109.24749475027247,56.982094747633695
62.0,2019,0.0,0,1.0,1,2.0,1,0.0,0,1.0,2.024,338366.0,403893.0,26.0,7,26.0,182.532,"3,63",829.895,"87,19",TUNJUELITO,TUNJUELITO,125.0,2.0,61.0,14.0,25.0,0.0,102.0,125.0,40340.0,20058.0,20282.0,56.271690629648,30.98661378284581,0.49578582052553294,15.121467526028757,3.470500743678731,6.197322756569163,62.319274105095225,50.29089833349768
69.0,2019,1.0,1,1.0,1,2.0,1,1.0,1,1.0,1.3691666666666666,1779216.0,1964304.0,13.0,6,22.0,593.937,"4,09",505.335,"83,5",CIUDAD BOLIVAR,ISMAEL PERDOMO,186.0,46.0,156.0,65.0,107.0,1.0,215.0,344.0,159118.0,77946.0,81172.0,35.19400696338567,11.689438027124524,2.8909362862781083,9.804044796943149,4.085018665392979,6.724569187646904,44.13311779950222,26.48696594884936
93.0,2019,5.0,1,5.0,1,2.0,1,0.0,0,8.0,2.932857142857143,332178.0,96411.0,80.0,7,52.0,96.241,"3,18",896.890,"88,28",SANTA FE,LAS NIEVES,893.0,18.0,47.0,17.0,16.0,1.0,434.0,555.0,16733.0,8688.0,8045.0,592.2428733640112,533.6759696408295,10.75718639813542,28.08820892846471,10.159564931572342,9.561943465009263,638.8121546961326,539.4655065257924
18.0,2019,0.0,0,1.0,1,4.0,1,4.0,1,7.0,3.272,300834.0,346380.0,10.0,3,25.0,981.613,"3,41",1.388.086,"91,6",SUBA,BRITALIA,142.0,2.0,32.0,28.0,12.0,0.0,86.0,130.0,87900.0,40683.0,47217.0,24.573378839590443,16.1547212741752,0.22753128555176338,3.640500568828214,3.185437997724687,1.3651877133105803,31.954378978934688,18.213778935552874
15.0,2020,0.0,0,0.0,0,0.0,0,3.0,1,12.0,5.395,175550.0,49356.0,6.0,2,21.0,430.156,"3,12",1.867.529,"93,6",USAQUEN,COUNTRY CLUB,20.0,1.0,5.0,5.0,3.0,0.0,16.0,18.0,24915.0,11215.0,13700.0,13.646397752358018,8.027292795504716,0.4013646397752358,2.006823198876179,2.006823198876179,1.2040939193257074,16.049933125278645,11.678832116788323
86.0,2020,0.0,0,0.0,0,0.0,0,1.0,1,0.0,1.568,321440.0,368145.0,0.0,0,33.0,546.809,"3,98",703.807,"85,4",BOSA,EL PORVENIR,32.0,23.0,97.0,47.0,71.0,0.0,109.0,161.0,141294.0,67547.0,73747.0,19.10909168117542,2.2647812362874573,1.62781151358161,6.865118122496355,3.326397440797203,5.024983368012796,23.83525545175952,14.780262247955848
71.0,2020,0.0,0,0.0,0,3.0,1,0.0,0,4.0,2.105,2325960.0,2670912.0,0.0,0,22.0,981.613,"3,41",1.388.086,"91,6",SUBA,TIBABUYES,76.0,32.0,161.0,70.0,127.0,0.0,199.0,267.0,291916.0,141299.0,150617.0,15.96349634826457,2.603488674824265,1.096205757820743,5.515285219035613,2.397950095232875,4.3505666013510735,18.896099760083228,13.212319990439326
29.0,2020,2.0,1,2.0,1,1.0,1,0.0,0,5.0,2.713333333333334,1291554.0,1329381.0,30.0,9,32.0,824.337,"3,41",1.089.512,"91,78",ENGATIVA,MINUTO DE DIOS,69.0,7.0,56.0,46.0,37.0,0.0,86.0,129.0,109786.0,51654.0,58132.0,19.58355345854663,6.2849543657661275,0.6376040660922158,5.100832528737726,4.189969577177418,3.3701929207731403,24.973864560343824,14.793917291681003
80.0,2020,0.0,0,1.0,1,1.0,1,0.0,0,1.0,2.0025,247816.0,277108.0,11.0,4,19.0,979.914,"3,72",999.300,"88,94",KENNEDY,CORABASTOS,60.0,34.0,39.0,27.0,44.0,0.0,67.0,137.0,57237.0,28595.0,28642.0,35.64128098956968,10.482729702814613,5.940213498261614,6.813774306829498,4.717228366266576,7.687335115397382,47.910473859066265,23.3922212136024
99.0,2020,7.0,1,3.0,1,1.0,1,0.0,0,16.0,3.692,79566.0,121692.0,22.0,6,62.0,122.507,"2,43",2.288.835,"96,61",CHAPINERO,CHAPINERO,97.0,3.0,32.0,11.0,7.0,0.0,73.0,77.0,24656.0,12293.0,12363.0,60.83711875405581,39.34133679428942,1.2167423750811162,12.978585334198572,4.46138870863076,2.839065541855938,62.63727324493615,59.04715683895495
3.0,2020,0.0,0,0.0,0,0.0,0,0.0,0,0.0,6.0,0.0,1169.0,0.0,0,26.0,981.613,"3,41",1.388.086,"91,6",SUBA,GUAYMARAL,1.0,0.0,2.0,1.0,0.0,0.0,1.0,3.0,2367.0,1149.0,1218.0,16.899028305872413,4.224757076468103,0.0,8.449514152936207,4.224757076468103,0.0,26.109660574412533,8.210180623973727
97.0,2020,12.0,1,3.0,1,7.0,1,1.0,1,15.0,5.211875,94384.0,420656.0,63.0,15,98.0,122.507,"2,43",2.288.835,"96,61",CHAPINERO,CHICO LAGO,177.0,3.0,31.0,11.0,7.0,0.0,114.0,115.0,35901.0,16841.0,19060.0,63.78652405225481,49.30224784824936,0.8356313194618534,8.634856967772485,3.0639815046934626,1.949806412077658,68.28573125111336,59.81112277019937
94.0,2020,4.0,1,0.0,0,0.0,0,2.0,1,6.0,2.40875,203598.0,216855.0,43.0,8,36.0,22.115,"2,83",1.050.888,"88,9",CANDELARIA,LA CANDELARIA,50.0,3.0,186.0,16.0,16.0,0.0,168.0,103.0,17508.0,9175.0,8333.0,154.78638336760338,28.558373315055974,1.7135023989033586,106.23714873200822,9.138679460817912,9.138679460817912,112.26158038147138,201.6080643225729
76.0,2020,0.0,0,0.0,0,1.0,1,0.0,0,1.0,2.186666666666667,120020.0,128536.0,0.0,0,21.0,317.179,"3,46",1.428.379,"90,03",FONTIBON,FONTIBON SAN PABLO,14.0,3.0,31.0,14.0,12.0,0.0,34.0,40.0,33737.0,16552.0,17185.0,21.934374722115184,4.149746569048818,0.8892314076533183,9.188724545750956,4.149746569048818,3.5569256306132733,24.166263895601737,19.784695955775387
114.0,2020,0.0,0,0.0,0,2.0,1,2.0,1,8.0,3.8,191930.0,197050.0,9.0,4,24.0,317.179,"3,46",1.428.379,"90,03",FONTIBON,MODELIA,39.0,2.0,10.0,25.0,9.0,0.0,31.0,54.0,43349.0,20021.0,23328.0,19.608295462409746,8.99674732981153,0.46137165793905277,2.3068582896952643,5.76714572423816,2.0761724607257377,26.971679736276908,13.28875171467764
89.0,2020,0.0,0,0.0,0,0.0,0,0.0,0,0.0,2.0666666666666664,28245.0,48603.0,0.0,0,3.0,122.507,"2,43",2.288.835,"96,61",CHAPINERO,SAN ISIDRO - PATIOS,1.0,2.0,9.0,6.0,1.0,0.0,11.0,8.0,16346.0,8099.0,8247.0,11.62363881071822,0.6117704637220115,1.223540927444023,5.505934173498104,3.670622782332069,0.6117704637220115,9.877762686751451,13.338183581908572
38.0,2020,0.0,0,5.0,1,4.0,1,0.0,0,4.0,3.008,1246305.0,1155330.0,52.0,15,75.0,119.565,"3,92",1.095.184,"90,79",ANTONIO NARIÑO,RESTREPO,84.0,5.0,38.0,95.0,70.0,1.0,96.0,195.0,55425.0,26409.0,29016.0,52.68380694632386,15.155615696887685,0.9021199819576003,6.856111862877762,17.14027965719441,12.629679747406405,73.83846415994547,33.085194375516956
52.0,2020,0.0,0,0.0,0,0.0,0,0.0,0,0.0,1.0,614920.0,740280.0,0.0,0,176.0,314.431,"4,07",569.872,"82,91",USME,LA FLORA,4.0,8.0,62.0,8.0,18.0,0.0,62.0,38.0,19176.0,9534.0,9642.0,52.14851898206091,2.0859407592824364,4.171881518564873,32.332081768877764,4.171881518564873,9.386733416770964,39.857352632683025,64.30201203069903
96.0,2020,0.0,0,0.0,0,0.0,0,0.0,0,4.0,1.7264285714285716,628474.0,648214.0,4.0,2,16.0,96.241,"3,18",896.890,"88,28",SANTA FE,LOURDES,8.0,13.0,36.0,8.0,17.0,0.0,38.0,44.0,45384.0,22140.0,23244.0,18.068041600564076,1.7627357659086902,2.864445619601622,7.932310946589106,1.7627357659086902,3.7458135025559667,19.87353206865402,16.348304938908967
84.0,2020,0.0,0,0.0,0,2.0,1,2.0,1,1.0,1.98,990222.0,1073760.0,1.0,1,30.0,546.809,"3,98",703.807,"85,4",BOSA,BOSA OCCIDENTAL,64.0,24.0,140.0,61.0,131.0,0.0,171.0,249.0,199301.0,97341.0,101960.0,21.073652415191095,3.211223225171976,1.2042087094394909,7.024550805063697,3.0606971364920397,6.572972539023889,25.58017690387401,16.77128285602197
111.0,2020,3.0,1,0.0,0,1.0,1,0.0,0,6.0,2.9375,64585.0,73290.0,16.0,5,63.0,250.715,"3,55",1.116.511,"90,43",PUENTE ARANDA,PUENTE ARANDA,42.0,12.0,13.0,12.0,18.0,0.0,30.0,67.0,11775.0,9297.0,2478.0,82.37791932059449,35.6687898089172,10.19108280254777,11.040339702760086,10.19108280254777,15.286624203821656,72.06625793266646,121.06537530266344
112.0,2020,1.0,1,1.0,1,1.0,1,1.0,1,10.0,3.1133333333333333,126427.0,160027.0,0.0,0,71.0,317.179,"3,46",1.428.379,"90,03",FONTIBON,GRANJAS DE TECHO,75.0,2.0,14.0,33.0,24.0,0.0,50.0,98.0,48912.0,22660.0,26252.0,30.258423290807983,15.333660451422963,0.4088976120379457,2.86228328426562,6.746810598626104,4.906771344455348,43.24801412180053,19.046167911016305
75.0,2020,0.0,0,2.0,1,7.0,1,5.0,1,5.0,2.913,1316550.0,1374890.0,0.0,0,58.0,317.179,"3,46",1.428.379,"90,03",FONTIBON,FONTIBON,89.0,12.0,70.0,46.0,38.0,0.0,96.0,159.0,132681.0,63232.0,69449.0,19.21902909987112,6.707817999562862,0.9044248988174645,5.275811909768543,3.4669621121336136,2.864012179588637,25.145495951417004,13.823093205085748
12.0,2020,1.0,1,2.0,1,5.0,1,0.0,0,6.0,3.378,256245.0,260090.0,9.0,3,42.0,430.156,"3,12",1.867.529,"93,6",USAQUEN,TOBERIN,38.0,2.0,26.0,16.0,12.0,0.0,46.0,48.0,60535.0,27886.0,32649.0,15.528206822499381,6.277360204840175,0.33038737920211453,4.295035929627488,2.6430990336169162,1.9823242752126868,17.21293839202467,14.089252350761125
16.0,2020,4.0,1,2.0,1,9.0,1,1.0,1,18.0,5.738888888888889,464238.0,463266.0,18.0,6,60.0,430.156,"3,12",1.867.529,"93,6",USAQUEN,SANTA BARBARA,90.0,7.0,15.0,10.0,10.0,1.0,48.0,83.0,70850.0,31933.0,38917.0,18.63091037402964,12.70289343683839,0.9880028228652082,2.117148906139732,1.4114326040931546,1.4114326040931546,25.99192058372217,12.333941465169461
82.0,2020,0.0,0,0.0,0,2.0,1,2.0,1,0.0,1.9566666666666668,963012.0,1044870.0,9.0,4,29.0,979.914,"3,72",999.300,"88,94",KENNEDY,PATIO BONITO,79.0,41.0,114.0,62.0,101.0,0.0,141.0,256.0,140225.0,69690.0,70535.0,28.31164200392227,5.633802816901409,2.9238723480121234,8.129791406667856,4.4214655018719915,7.202709930468889,36.73410819342804,19.990075848869356
35.0,2020,1.0,1,0.0,0,1.0,1,1.0,1,2.0,2.666,168705.0,154565.0,35.0,5,22.0,119.565,"3,92",1.095.184,"90,79",ANTONIO NARIÑO,CIUDAD JARDIN,23.0,6.0,21.0,26.0,26.0,0.0,43.0,59.0,25931.0,12296.0,13635.0,39.3351586903706,8.86969264586788,2.3138328641394468,8.098415024488064,10.026609077937604,10.026609077937604,47.98308392973324,31.536486982031533
68.0,2020,0.0,0,0.0,0,0.0,0,1.0,1,0.0,1.055,351536.0,380992.0,0.0,0,13.0,593.937,"4,09",505.335,"83,5",CIUDAD BOLIVAR,EL TESORO,8.0,26.0,53.0,10.0,29.0,0.0,52.0,74.0,52519.0,26166.0,26353.0,23.991317427978444,1.523258249395457,4.950589310535235,10.091585902244901,1.9040728117443213,5.521811154058532,28.280975311472904,19.732098812279435
27.0,2020,1.0,1,5.0,1,7.0,1,5.0,1,3.0,2.840909090909091,1497236.0,1751217.0,16.0,6,48.0,981.613,"3,41",1.388.086,"91,6",SUBA,SUBA,94.0,12.0,72.0,39.0,70.0,0.0,114.0,173.0,176700.0,82963.0,93737.0,16.24221844934918,5.319750990379173,0.6791171477079796,4.074702886247877,2.2071307300509337,3.9615166949632146,20.852669262201225,12.161686420516979
22.0,2020,1.0,1,0.0,0,5.0,1,0.0,0,3.0,3.292222222222222,847206.0,887247.0,37.0,8,38.0,230.066,"3,36",1.462.840,"92,44",BARRIOS UNIDOS,DOCE DE OCTUBRE,60.0,3.0,39.0,33.0,18.0,0.0,60.0,93.0,69087.0,33197.0,35890.0,22.145989838898778,8.684701897607365,0.4342350948803682,5.6450562334447865,4.77658604368405,2.60541056928221,28.01457963068952,16.71774867651156
105.0,2020,1.0,1,0.0,0,0.0,0,0.0,0,3.0,2.67,1601.0,2464.0,4.0,1,11.0,824.337,"3,41",1.089.512,"91,78",ENGATIVA,JARDIN BOTANICO,8.0,0.0,0.0,0.0,0.0,0.0,3.0,5.0,2874.0,1678.0,1196.0,27.83576896311761,27.83576896311761,0.0,0.0,0.0,0.0,29.797377830750893,25.08361204013378
104.0,2020,0.0,0,0.0,0,0.0,0,0.0,0,7.0,4.0,19494.0,20424.0,21.0,5,34.0,139.298,"2,87",1.933.116,"96,03",TEUSAQUILLO,PARQUE SIMON BOLIVAR - CAN,34.0,0.0,20.0,5.0,2.0,0.0,25.0,36.0,3109.0,1610.0,1499.0,196.20456738501127,109.35992280476037,0.0,64.3293663557414,16.08234158893535,6.43293663557414,223.6024844720497,166.77785190126752
74.0,2020,0.0,0,0.0,0,2.0,1,0.0,0,2.0,2.0016666666666665,712512.0,784968.0,0.0,0,15.0,824.337,"3,41",1.089.512,"91,78",ENGATIVA,ENGATIVA,45.0,22.0,67.0,47.0,60.0,0.0,74.0,167.0,141832.0,68646.0,73186.0,16.991934119239662,3.172767781600767,1.5511309154492638,4.723898697050031,3.3137796830052455,4.230357042134356,24.32771028173528,10.111223458038424
47.0,2020,1.0,1,0.0,0,2.0,1,0.0,0,1.0,3.0,865592.0,770256.0,9.0,4,28.0,979.914,"3,72",999.300,"88,94",KENNEDY,KENNEDY CENTRAL,35.0,6.0,56.0,78.0,65.0,0.0,82.0,158.0,94641.0,44822.0,49819.0,25.358988176371764,3.698185775720882,0.633974704409294,5.917097241153411,8.241671157320823,6.868059297767353,35.250546606577124,16.459583692968547
70.0,2020,0.0,0,0.0,0,0.0,0,0.0,0,1.0,1.1733333333333331,789975.0,888237.0,0.0,0,23.0,593.937,"4,09",505.335,"83,5",CIUDAD BOLIVAR,JERUSALEM,19.0,38.0,81.0,44.0,46.0,0.0,88.0,140.0,99821.0,48986.0,50835.0,22.84088518448022,1.903407098706685,3.80681419741337,8.114524999749552,4.407890123320744,4.608248765289869,28.57959416976279,17.310907839087243
66.0,2020,0.0,0,0.0,0,0.0,0,0.0,0,0.0,1.8425,597168.0,609704.0,4.0,3,26.0,593.937,"4,09",505.335,"83,5",CIUDAD BOLIVAR,SAN FRANCISCO,29.0,18.0,62.0,30.0,66.0,0.0,81.0,124.0,70180.0,34379.0,35801.0,29.21060131091479,4.132231404958677,2.564833285836421,8.834425762325449,4.274722143060701,9.404388714733543,36.06853020739405,22.625066338929077
65.0,2020,0.0,0,0.0,0,1.0,1,0.0,0,1.0,2.463333333333334,349194.0,364512.0,9.0,3,21.0,593.937,"4,09",505.335,"83,5",CIUDAD BOLIVAR,ARBORIZADORA,44.0,9.0,31.0,51.0,59.0,0.0,51.0,143.0,82419.0,39437.0,42982.0,23.538261808563558,5.338574843179364,1.0919812179230517,3.7612686395127337,6.187893568230627,7.158543539717783,36.26036463219819,11.865432041319622
79.0,2020,0.0,0,0.0,0,0.0,0,1.0,1,0.0,2.1333333333333333,167274.0,204984.0,3.0,2,22.0,979.914,"3,72",999.300,"88,94",KENNEDY,CALANDAIMA,48.0,8.0,55.0,70.0,58.0,1.0,90.0,148.0,131909.0,62500.0,69409.0,18.118551425604014,3.638872252840974,0.606478708806829,4.169541123046949,5.306688702059753,4.39697063884951,23.68,12.966618161909839
59.0,2020,0.0,0,0.0,0,0.0,0,0.0,0,0.0,1.0,163808.0,216380.0,0.0,0,6.0,314.431,"4,07",569.872,"82,91",USME,ALFONSO LOPEZ,15.0,15.0,42.0,8.0,21.0,0.0,43.0,58.0,50929.0,25223.0,25706.0,19.83153016945159,2.945276757839345,2.945276757839345,8.246774921950166,1.5708142708476507,4.123387460975083,22.99488562026722,16.72761223060764
45.0,2020,0.0,0,0.0,0,2.0,1,1.0,1,3.0,2.7914285714285714,737583.0,674359.0,9.0,4,35.0,979.914,"3,72",999.300,"88,94",KENNEDY,CARVAJAL,81.0,16.0,49.0,92.0,61.0,0.0,96.0,203.0,90380.0,43669.0,46711.0,33.082540385040936,8.96215976986059,1.7703031644169065,5.421553441026775,10.179243195397213,6.749280814339455,46.48606563008083,20.55190426237931
20.0,2020,2.0,1,1.0,1,7.0,1,48.0,1,23.0,4.996666666666667,231126.0,219822.0,33.0,6,26.0,981.613,"3,41",1.388.086,"91,6",SUBA,LA ALHAMBRA,33.0,0.0,7.0,14.0,5.0,0.0,22.0,37.0,40664.0,18425.0,22239.0,14.509148140861695,8.115286248278576,0.0,1.7214243556954554,3.4428487113909108,1.229588825496754,20.081411126187245,9.892531138990062
51.0,2020,0.0,0,0.0,0,0.0,0,0.0,0,0.0,1.68875,263745.0,660861.0,0.0,0,15.0,404.35,"3,73",706.208,"83,68",SAN CRISTOBAL,LOS LIBERTADORES,14.0,16.0,61.0,15.0,28.0,0.0,57.0,77.0,77140.0,37466.0,39674.0,17.371013741249676,1.8148820326678765,2.0741508944775733,7.907700285195748,1.944516463572725,3.629764065335753,20.551967116852612,14.367091798154963
115.0,2020,3.0,1,2.0,1,0.0,0,0.0,0,5.0,3.314,77135.0,83285.0,6.0,3,26.0,317.179,"3,46",1.428.379,"90,03",FONTIBON,CAPELLANIA,30.0,1.0,4.0,7.0,8.0,0.0,18.0,32.0,17775.0,8377.0,9398.0,28.129395218002813,16.877637130801688,0.5625879043600562,2.250351617440225,3.938115330520394,4.50070323488045,38.19983287573117,19.153011278995532
43.0,2020,0.0,0,0.0,0,2.0,1,1.0,1,5.0,3.0,844074.0,844239.0,17.0,8,31.0,250.715,"3,55",1.116.511,"90,43",PUENTE ARANDA,SAN RAFAEL,45.0,5.0,30.0,88.0,37.0,0.0,65.0,140.0,72890.0,34580.0,38310.0,28.12457127177939,6.173686376732062,0.6859651529702291,4.115790917821375,12.072986692276034,5.0761421319796955,40.48582995951417,16.96684938658314
25.0,2020,2.0,1,2.0,1,4.0,1,0.0,0,10.0,4.04,127070.0,126620.0,24.0,5,25.0,981.613,"3,41",1.388.086,"91,6",SUBA,LA FLORESTA,34.0,2.0,15.0,10.0,7.0,0.0,32.0,36.0,43555.0,19828.0,23727.0,15.612444036275972,7.806222018137986,0.4591895304787051,3.443921478590288,2.2959476523935254,1.6071633566754677,18.156142828323585,13.48674505837232
56.0,2020,0.0,0,0.0,0,0.0,0,0.0,0,0.0,1.508,205135.0,253351.0,6.0,6,8.0,314.431,"4,07",569.872,"82,91",USME,DANUBIO,21.0,6.0,34.0,8.0,19.0,0.0,41.0,47.0,54467.0,26373.0,28094.0,16.156571869205205,3.8555455596966968,1.1015844456276278,6.2423118585565565,1.468779260836837,3.4883507444874877,17.821256588177302,14.593863458389693
26.0,2020,0.0,0,3.0,1,6.0,1,4.0,1,8.0,3.0646153846153847,1441973.0,1441167.0,19.0,5,69.0,824.337,"3,41",1.089.512,"91,78",ENGATIVA,LAS FERIAS,131.0,6.0,54.0,62.0,36.0,0.0,116.0,173.0,101318.0,48221.0,53097.0,28.524052981701175,12.929588029767663,0.592194871592412,5.329753844331709,6.119347006454924,3.553169229554472,35.87648534870699,21.84680867092303
102.0,2020,1.0,1,2.0,1,3.0,1,0.0,0,14.0,2.8186666666666667,764715.0,782955.0,131.0,15,94.0,94.944,"3,53",1.059.511,"89,78",LOS MARTIRES,LA SABANA,170.0,48.0,140.0,49.0,58.0,1.0,138.0,326.0,39822.0,18926.0,20896.0,116.7696248304957,42.68997036813821,12.0536386921802,35.15644618552559,12.304756164933956,14.564813419717744,172.24981506921696,66.04134762633997
2.0,2020,0.0,0,0.0,0,0.0,0,0.0,0,0.0,5.058,10545.0,13800.0,3.0,2,95.0,981.613,"3,41",1.388.086,"91,6",SUBA,LA ACADEMIA,1.0,2.0,0.0,1.0,0.0,0.0,1.0,3.0,5017.0,2430.0,2587.0,7.9728921666334465,1.9932230416583616,3.9864460833167232,0.0,1.9932230416583616,0.0,12.345679012345679,3.8654812524159254
116.0,2020,1.0,1,1.0,1,0.0,0,1.0,1,8.0,3.155,24638.0,27282.0,3.0,1,17.0,824.337,"3,41",1.089.512,"91,78",ENGATIVA,ALAMOS,43.0,3.0,6.0,13.0,10.0,0.0,21.0,54.0,12159.0,5711.0,6448.0,61.68270416975081,35.36475039065713,2.467308166790032,4.934616333580064,10.691668722756805,8.224360555966774,94.55436876203817,32.5682382133995
81.0,2020,0.0,0,0.0,0,1.0,1,6.0,1,2.0,2.0025,290204.0,283616.0,1.0,1,16.0,979.914,"3,72",999.300,"88,94",KENNEDY,GRAN BRITALIA,26.0,6.0,48.0,37.0,60.0,0.0,63.0,114.0,63281.0,30922.0,32359.0,27.970480871035537,4.108658207044769,0.9481518939334082,7.585215151467265,5.846936679256017,9.481518939334082,36.86695556561671,19.469081244785066
52.0,2020,0.0,0,0.0,0,0.0,0,0.0,0,0.0,1.0,614920.0,740280.0,0.0,0,176.0,314.431,"4,07",569.872,"82,91",USME,LA FLORA,4.0,8.0,62.0,8.0,18.0,0.0,62.0,38.0,19176.0,9534.0,9642.0,52.14851898206091,2.0859407592824364,4.171881518564873,32.332081768877764,4.171881518564873,9.386733416770964,39.857352632683025,64.30201203069903
33.0,2020,0.0,0,0.0,0,2.0,1,0.0,0,2.0,2.8193333333333332,1647904.0,748256.0,42.0,13,30.0,404.35,"3,73",706.208,"83,68",SAN CRISTOBAL,SOSIEGO,30.0,7.0,26.0,28.0,33.0,0.0,43.0,81.0,43834.0,21242.0,22592.0,28.28854314002829,6.8440023725874894,1.5969338869370808,5.931468722909157,6.387735547748323,7.528402609846238,38.1320026362866,19.03328611898017
19.0,2020,2.0,1,6.0,1,8.0,1,2.0,1,12.0,3.51625,692512.0,712104.0,25.0,8,34.0,981.613,"3,41",1.388.086,"91,6",SUBA,EL PRADO,56.0,2.0,27.0,44.0,11.0,1.0,52.0,87.0,100375.0,46114.0,54261.0,13.947696139476962,5.579078455790785,0.199252801992528,2.6899128268991284,4.383561643835616,1.095890410958904,18.866287895216203,9.583310296529737
41.0,2020,0.0,0,0.0,0,1.0,1,0.0,0,3.0,3.0,523602.0,513468.0,24.0,8,22.0,250.715,"3,55",1.116.511,"90,43",PUENTE ARANDA,MUZU,50.0,3.0,21.0,94.0,43.0,0.0,63.0,148.0,58670.0,27784.0,30886.0,35.96386568944946,8.522243054371911,0.5113345832623146,3.5793420828362024,16.021816942219193,7.329129026759843,53.26806795277857,20.39759114161756
37.0,2020,0.0,0,1.0,1,1.0,1,0.0,0,8.0,3.0,307027.0,315602.0,40.0,7,41.0,94.944,"3,53",1.059.511,"89,78",LOS MARTIRES,SANTA ISABEL,39.0,4.0,19.0,33.0,21.0,0.0,34.0,82.0,44480.0,20483.0,23997.0,26.079136690647484,8.767985611510792,0.8992805755395684,4.2715827338129495,7.419064748201439,4.721223021582734,40.03319826197335,14.16843772138184
107.0,2020,1.0,1,1.0,1,3.0,1,1.0,1,6.0,3.77,207448.0,216792.0,32.0,8,35.0,139.298,"2,87",1.933.116,"96,03",TEUSAQUILLO,QUINTA PAREDES,36.0,2.0,8.0,7.0,3.0,0.0,17.0,39.0,26931.0,12057.0,14874.0,20.793880657977798,13.367494708700011,0.7426385949277784,2.9705543797111136,2.5992350822472248,1.1139578923916675,32.3463548146305,11.429339787548743
73.0,2020,1.0,1,0.0,0,3.0,1,2.0,1,4.0,2.775714285714286,955689.0,1044302.0,4.0,2,40.0,824.337,"3,41",1.089.512,"91,78",ENGATIVA,GARCES NAVAS,96.0,7.0,90.0,100.0,63.0,0.0,119.0,237.0,167992.0,79269.0,88723.0,21.19148530882423,5.714557836087432,0.4166865088813753,5.357397971331968,5.952664412591076,3.7501785799323777,29.898194754569882,13.412531136232994
31.0,2020,0.0,0,1.0,1,2.0,1,0.0,0,9.0,3.318333333333334,409362.0,391260.0,10.0,4,38.0,824.337,"3,41",1.089.512,"91,78",ENGATIVA,SANTA CECILIA,70.0,2.0,22.0,34.0,32.0,0.0,42.0,118.0,67651.0,31657.0,35994.0,23.65079599710278,10.347223248732464,0.2956349499637847,3.2519844496016317,5.025794149384341,4.730159199420555,37.2745364374388,11.668611435239205
58.0,2020,0.0,0,0.0,0,0.0,0,1.0,1,0.0,1.5654545454545454,857659.0,954745.0,0.0,0,29.0,314.431,"4,07",569.872,"82,91",USME,COMUNEROS,33.0,7.0,78.0,25.0,36.0,0.0,83.0,96.0,95714.0,46919.0,48795.0,18.701548362830934,3.4477714858850326,0.7313454667028857,8.14927805754644,2.611948095367449,3.7612052573291264,20.460794134572346,17.00993954298596
13.0,2020,3.0,1,1.0,1,6.0,1,3.0,1,5.0,4.381666666666667,1717632.0,1842552.0,20.0,5,88.0,430.156,"3,12",1.867.529,"93,6",USAQUEN,LOS CEDROS,96.0,2.0,24.0,28.0,12.0,0.0,71.0,91.0,128724.0,57206.0,71518.0,12.585065722009881,7.4578167241540045,0.1553711817532084,1.8644541810385011,2.1751965445449177,0.9322270905192506,15.907422298360311,9.927570681506754
63.0,2020,0.0,0,0.0,0,0.0,0,0.0,0,0.0,,1596.0,5864.0,2.0,2,6.0,593.937,"4,09",505.335,"83,5",CIUDAD BOLIVAR,EL MOCHUELO,1.0,0.0,2.0,0.0,2.0,0.0,3.0,2.0,30.0,13.0,17.0,1666.6666666666665,333.3333333333333,0.0,666.6666666666666,0.0,666.6666666666666,1538.4615384615386,1764.7058823529412
87.0,2020,0.0,0,0.0,0,0.0,0,0.0,0,1.0,1.765,212992.0,339512.0,0.0,0,47.0,546.809,"3,98",703.807,"85,4",BOSA,TINTAL SUR,23.0,9.0,72.0,12.0,31.0,0.0,75.0,72.0,110561.0,51998.0,58563.0,13.295827642658804,2.0802995631370917,0.8140302638362532,6.512242110690026,1.0853736851150044,2.8038820198804277,13.846686411015808,12.806720967163567
77.0,2020,1.0,1,0.0,0,0.0,0,0.0,0,1.0,2.045,283878.0,356976.0,0.0,0,13.0,317.179,"3,46",1.428.379,"90,03",FONTIBON,ZONA FRANCA,25.0,1.0,29.0,19.0,31.0,1.0,42.0,62.0,61591.0,28838.0,32753.0,17.04794531668588,4.059034599210924,0.16236138396843694,4.708480135084671,3.084866295400302,5.033202903021545,21.499410500034678,12.823252831801668
39.0,2020,1.0,1,2.0,1,5.0,1,0.0,0,2.0,3.0,1410480.0,1306815.0,45.0,15,69.0,378.78,"3,72",591.317,"87,06",RAFAEL URIBE URIBE,QUIROGA,97.0,15.0,60.0,80.0,63.0,0.0,108.0,207.0,91627.0,44208.0,47419.0,34.37851288375697,10.58639920547437,1.6370720420836653,6.548288168334661,8.731050891112881,6.875702576751395,46.82410423452769,22.775680634344884
108.0,2020,0.0,0,0.0,0,1.0,1,1.0,1,7.0,2.685714285714286,33520.0,33976.0,48.0,8,66.0,250.715,"3,55",1.116.511,"90,43",PUENTE ARANDA,ZONA INDUSTRIAL,41.0,7.0,48.0,18.0,11.0,0.0,53.0,72.0,6407.0,3194.0,3213.0,195.0991103480568,63.99250819416264,10.925550179491182,74.91805837365382,28.09427189012018,17.168721710628997,225.42266750156543,164.95487083722378
61.0,2020,0.0,0,0.0,0,0.0,0,5.0,1,0.0,1.2366666666666666,79500.0,134960.0,0.0,0,65.0,314.431,"4,07",569.872,"82,91",USME,CIUDAD USME,4.0,7.0,56.0,10.0,12.0,0.0,50.0,39.0,25997.0,12622.0,13375.0,34.23471939069893,1.5386390737392777,2.6926183790437355,21.540947032349884,3.8465976843481937,4.615917221217833,30.8984313104104,37.38317757009346
1.0,2020,0.0,0,0.0,0,0.0,0,0.0,0,0.0,4.0,52488.0,63828.0,3.0,3,83.0,430.156,"3,12",1.867.529,"93,6",USAQUEN,PASEO DE LOS LIBERTADORES,4.0,1.0,3.0,1.0,3.0,0.0,3.0,9.0,2574.0,1275.0,1299.0,46.62004662004662,15.54001554001554,3.885003885003885,11.655011655011656,3.885003885003885,11.655011655011656,70.58823529411765,23.094688221709006
46.0,2020,0.0,0,0.0,0,4.0,1,1.0,1,3.0,2.72,884656.0,1003288.0,18.0,6,40.0,979.914,"3,72",999.300,"88,94",KENNEDY,CASTILLA,90.0,6.0,59.0,108.0,92.0,1.0,119.0,235.0,143736.0,68336.0,75400.0,24.698057549952694,6.261479378861245,0.4174319585907497,4.104747592809039,7.513775254633495,6.400623365058162,34.388901896511356,15.782493368700266
85.0,2020,1.0,1,1.0,1,3.0,1,2.0,1,1.0,1.9988888888888892,2537808.0,2654832.0,17.0,6,39.0,546.809,"3,98",703.807,"85,4",BOSA,BOSA CENTRAL,119.0,26.0,196.0,85.0,217.0,0.0,244.0,399.0,235571.0,113527.0,122044.0,27.295380161395077,5.051555581968918,1.1037012195898477,8.32020919383116,3.608253987120656,9.211660178884499,35.14582434134611,19.992789485759232
60.0,2020,0.0,0,0.0,0,0.0,0,0.0,0,1.0,1.11,10544.0,15584.0,0.0,0,0.0,314.431,"4,07",569.872,"82,91",USME,PARQUE ENTRENUBES,2.0,2.0,16.0,0.0,2.0,0.0,6.0,16.0,982.0,507.0,475.0,224.03258655804478,20.36659877800407,20.36659877800407,162.93279022403257,0.0,20.36659877800407,315.5818540433925,126.3157894736842
60.0,2020,0.0,0,0.0,0,0.0,0,0.0,0,1.0,1.11,10544.0,15584.0,0.0,0,0.0,314.431,"4,07",569.872,"82,91",USME,PARQUE ENTRENUBES,2.0,2.0,16.0,0.0,2.0,0.0,6.0,16.0,982.0,507.0,475.0,224.03258655804478,20.36659877800407,20.36659877800407,162.93279022403257,0.0,20.36659877800407,315.5818540433925,126.3157894736842
30.0,2020,1.0,1,4.0,1,7.0,1,2.0,1,6.0,3.001818181818182,1427481.0,1341120.0,25.0,7,42.0,824.337,"3,41",1.089.512,"91,78",ENGATIVA,BOYACA REAL,99.0,4.0,64.0,56.0,51.0,0.0,99.0,175.0,128700.0,61151.0,67549.0,21.28982128982129,7.6923076923076925,0.3108003108003108,4.972804972804973,4.351204351204351,3.9627039627039626,28.61768409347353,14.6560274763505
72.0,2020,0.0,0,0.0,0,1.0,1,0.0,0,5.0,3.0,331356.0,345116.0,4.0,2,21.0,824.337,"3,41",1.089.512,"91,78",ENGATIVA,BOLIVIA,55.0,0.0,17.0,41.0,50.0,0.0,46.0,117.0,83848.0,38193.0,45655.0,19.43993893712432,6.559488598416182,0.0,2.0274782940559106,4.889800591546608,5.96317145310562,30.633885790589897,10.075566750629722
57.0,2020,0.0,0,2.0,1,0.0,0,0.0,0,0.0,1.7740000000000002,1391324.0,1519562.0,3.0,3,23.0,314.431,"4,07",569.872,"82,91",USME,GRAN YOMASA,49.0,26.0,97.0,29.0,47.0,0.0,114.0,134.0,127216.0,62013.0,65203.0,19.49440321972079,3.8517167651867688,2.043768079486857,7.62482706577789,2.279587473273802,3.694503835995472,21.608372438037186,17.483858104688434
23.0,2020,0.0,0,0.0,0,4.0,1,22.0,1,6.0,3.5728571428571425,209118.0,255647.0,7.0,5,41.0,981.613,"3,41",1.388.086,"91,6",SUBA,CASA BLANCA SUBA,22.0,1.0,16.0,11.0,7.0,0.0,30.0,27.0,57665.0,26781.0,30884.0,9.884678747940692,3.8151391658718463,0.17341541663053847,2.7746466660886155,1.9075695829359232,1.2139079164137692,10.081774392293042,9.713767646677892
88.0,2020,0.0,0,0.0,0,0.0,0,0.0,0,20.0,5.9375,358776.0,369156.0,3.0,2,60.0,122.507,"2,43",2.288.835,"96,61",CHAPINERO,EL REFUGIO,33.0,0.0,12.0,4.0,1.0,0.0,28.0,22.0,38690.0,17433.0,21257.0,12.923235978288965,8.529335745670716,0.0,3.1015766347893514,1.033858878263117,0.25846471956577927,12.619744163368326,13.172131533142023
9.0,2020,0.0,0,2.0,1,4.0,1,1.0,1,0.0,2.7445454545454546,927663.0,1059410.0,9.0,4,60.0,430.156,"3,12",1.867.529,"93,6",USAQUEN,VERBENAL,24.0,16.0,58.0,23.0,24.0,0.0,72.0,73.0,125093.0,59368.0,65725.0,11.591376016243915,1.9185725819989927,1.2790483879993286,4.636550406497566,1.8386320577490347,1.9185725819989927,12.29618649777658,10.954735640928108
109.0,2020,0.0,0,0.0,0,0.0,0,0.0,0,9.0,4.123333333333334,44058.0,53832.0,12.0,3,32.0,139.298,"2,87",1.933.116,"96,03",TEUSAQUILLO,CIUDAD SALITRE ORIENTAL,34.0,0.0,8.0,2.0,4.0,0.0,26.0,22.0,23397.0,10426.0,12971.0,20.51545069880754,14.531777578322007,0.0,3.41924178313459,0.8548104457836475,1.709620891567295,21.101093420295417,20.044715133759926
49.0,2020,0.0,0,1.0,1,0.0,0,0.0,0,2.0,2.3333333333333335,124191.0,114375.0,10.0,3,11.0,546.809,"3,98",703.807,"85,4",BOSA,APOGEO,23.0,2.0,23.0,14.0,35.0,0.0,39.0,58.0,36178.0,17354.0,18824.0,26.811874619934766,6.357454806788656,0.5528221571120571,6.357454806788656,3.869755099784399,9.674387749461,33.42168952402904,20.718232044198896
14.0,2020,1.0,1,0.0,0,1.0,1,0.0,0,19.0,4.66,375100.0,457974.0,0.0,0,45.0,430.156,"3,12",1.867.529,"93,6",USAQUEN,USAQUEN,46.0,0.0,17.0,7.0,17.0,0.0,43.0,44.0,41354.0,19655.0,21699.0,21.037868162692845,11.123470522803114,0.0,4.110847801905499,1.6927020360787348,4.110847801905499,22.38616128211651,19.816581409281536
32.0,2020,0.0,0,0.0,0,0.0,0,0.0,0,0.0,1.7457142857142858,1408200.0,1428675.0,0.0,0,47.0,404.35,"3,73",706.208,"83,68",SAN CRISTOBAL,SAN BLAS,24.0,9.0,86.0,28.0,58.0,0.0,99.0,106.0,102691.0,49503.0,53188.0,19.962801024432522,2.3371084126164905,0.8764156547311839,8.374638478542423,2.7266264813859054,5.648011997156518,21.41284366604044,18.61322102729939
92.0,2020,0.0,0,0.0,0,0.0,0,0.0,0,11.0,2.5425,132324.0,86100.0,26.0,6,25.0,96.241,"3,18",896.890,"88,28",SANTA FE,LA MACARENA,18.0,1.0,20.0,2.0,3.0,0.0,25.0,19.0,12322.0,6030.0,6292.0,35.70848888167505,14.608018178867068,0.8115565654926148,16.231131309852298,1.6231131309852296,2.4346696964778443,31.509121061359867,39.73299427844882
11.0,2020,1.0,1,1.0,1,4.0,1,4.0,1,4.0,2.3000000000000003,373404.0,436080.0,0.0,0,21.0,430.156,"3,12",1.867.529,"93,6",USAQUEN,SAN CRISTOBAL NORTE,22.0,10.0,72.0,16.0,23.0,0.0,81.0,62.0,69775.0,33172.0,36603.0,20.494446434969547,3.152991759226084,1.4331780723754928,10.318882121103547,2.293084915800788,3.2963095664636333,18.69046183528277,22.129333661175316
36.0,2020,1.0,1,0.0,0,0.0,0,0.0,0,2.0,2.97,350595.0,343350.0,26.0,7,19.0,378.78,"3,72",591.317,"87,06",RAFAEL URIBE URIBE,SAN JOSE,42.0,6.0,29.0,32.0,26.0,0.0,46.0,89.0,48165.0,22814.0,25351.0,28.028651510432887,8.720024914356898,1.2457178449081283,6.02096958372262,6.643828506176685,5.398110661268555,39.011133514508636,18.145240818902607
53.0,2020,0.0,0,1.0,1,1.0,1,0.0,0,2.0,2.442857142857143,479920.0,461139.0,21.0,6,14.0,378.78,"3,72",591.317,"87,06",RAFAEL URIBE URIBE,MARCO FIDEL SUAREZ,17.0,12.0,20.0,11.0,17.0,0.0,28.0,49.0,46703.0,22454.0,24249.0,16.48716356550971,3.6400231248527932,2.5694280881313833,4.282380146885639,2.3553090807871015,3.6400231248527932,21.822392446780082,11.546867912078849
50.0,2020,0.0,0,1.0,1,0.0,0,0.0,0,1.0,1.9327272727272728,215222.0,1432186.0,1.0,1,21.0,404.35,"3,73",706.208,"83,68",SAN CRISTOBAL,LA GLORIA,37.0,13.0,71.0,25.0,46.0,0.0,85.0,107.0,95816.0,46487.0,49329.0,20.038406946647743,3.861568005343575,1.3567671370126075,7.410035902145779,2.6091675711780913,4.800868330967688,23.017187600834642,17.23124328488313
110.0,2020,3.0,1,1.0,1,0.0,0,0.0,0,9.0,4.074999999999999,71780.0,82212.0,7.0,2,29.0,317.179,"3,46",1.428.379,"90,03",FONTIBON,CIUDAD SALITRE OCCIDENTAL,36.0,1.0,14.0,14.0,9.0,0.0,20.0,54.0,44709.0,21075.0,23634.0,16.551477331186113,8.052070053009462,0.22366861258359616,3.131360576170346,3.131360576170346,2.0130175132523656,25.622775800711743,8.462384700008462
10.0,2020,0.0,0,1.0,1,1.0,1,16.0,1,2.0,2.87125,122265.0,153495.0,5.0,2,29.0,430.156,"3,12",1.867.529,"93,6",USAQUEN,LA URIBE,32.0,6.0,12.0,2.0,7.0,0.0,25.0,34.0,34511.0,15833.0,18678.0,17.095998377328968,9.272405899568254,1.7385761061690475,3.477152212338095,0.5795253687230159,2.0283387905305554,21.474136297606265,13.384730699218332
42.0,2020,0.0,0,2.0,1,1.0,1,6.0,1,1.0,2.4250000000000003,2179040.0,2310720.0,35.0,13,66.0,182.532,"3,63",829.895,"87,19",TUNJUELITO,VENECIA,98.0,14.0,83.0,63.0,74.0,0.0,120.0,212.0,137756.0,67031.0,70725.0,24.100583640639975,7.1140277011527635,1.016289671593252,6.025145910159994,4.573303522169633,5.371816835564331,31.627157583804507,16.96712619300106
103.0,2020,0.0,0,0.0,0,0.0,0,0.0,0,3.0,3.0,10953.0,12423.0,5.0,2,15.0,230.066,"3,36",1.462.840,"92,44",BARRIOS UNIDOS,PARQUE SALITRE,6.0,0.0,2.0,1.0,1.0,0.0,4.0,6.0,1325.0,693.0,632.0,75.47169811320755,45.28301886792453,0.0,15.094339622641508,7.547169811320754,7.547169811320754,86.58008658008659,63.291139240506325
21.0,2020,1.0,1,0.0,0,6.0,1,0.0,0,21.0,3.762,225860.0,233125.0,52.0,5,22.0,230.066,"3,36",1.462.840,"92,44",BARRIOS UNIDOS,LOS ANDES,23.0,0.0,11.0,16.0,11.0,0.0,24.0,37.0,28891.0,12886.0,16005.0,21.11384168080025,7.960956699318126,0.0,3.8074140735869304,5.538056834308263,3.8074140735869304,28.713332298618653,14.99531396438613
55.0,2020,0.0,0,0.0,0,0.0,0,0.0,0,0.0,1.5539999999999998,379860.0,395955.0,0.0,0,7.0,378.78,"3,72",591.317,"87,06",RAFAEL URIBE URIBE,DIANA TURBAY,26.0,21.0,51.0,19.0,26.0,0.0,54.0,89.0,74601.0,36055.0,38546.0,19.16864385195909,3.4852079730834706,2.8149756705674185,6.836369485663731,2.5468827495609982,3.4852079730834706,24.684509776729996,14.009235718362476
113.0,2020,0.0,0,0.0,0,3.0,1,0.0,0,5.0,3.2925,104270.0,104965.0,8.0,3,26.0,979.914,"3,72",999.300,"88,94",KENNEDY,BAVARIA,37.0,0.0,15.0,18.0,17.0,0.0,41.0,46.0,40752.0,19017.0,21735.0,21.348645465253238,9.079308990969768,0.0,3.680800942285041,4.41696113074205,4.17157440125638,24.188883630435928,18.863584080975386
60.0,2020,0.0,0,0.0,0,0.0,0,0.0,0,1.0,1.11,10544.0,15584.0,0.0,0,0.0,314.431,"4,07",569.872,"82,91",USME,PARQUE ENTRENUBES,2.0,2.0,16.0,0.0,2.0,0.0,6.0,16.0,982.0,507.0,475.0,224.03258655804478,20.36659877800407,20.36659877800407,162.93279022403257,0.0,20.36659877800407,315.5818540433925,126.3157894736842
60.0,2020,0.0,0,0.0,0,0.0,0,0.0,0,1.0,1.11,10544.0,15584.0,0.0,0,0.0,314.431,"4,07",569.872,"82,91",USME,PARQUE ENTRENUBES,2.0,2.0,16.0,0.0,2.0,0.0,6.0,16.0,982.0,507.0,475.0,224.03258655804478,20.36659877800407,20.36659877800407,162.93279022403257,0.0,20.36659877800407,315.5818540433925,126.3157894736842
90.0,2020,0.0,0,1.0,1,4.0,1,0.0,0,23.0,3.05,275954.0,520674.0,22.0,10,60.0,122.507,"2,43",2.288.835,"96,61",CHAPINERO,PARDO RUBIO,29.0,13.0,39.0,12.0,18.0,0.0,43.0,68.0,49381.0,24226.0,25155.0,22.478281120268928,5.872704076466658,2.6325914825540186,7.897774447662056,2.430084445434479,3.6451266681517183,28.069016758854126,17.094017094017094
67.0,2020,0.0,0,1.0,1,0.0,0,0.0,0,0.0,1.256470588235294,2609568.0,2765373.0,2.0,1,30.0,593.937,"4,09",505.335,"83,5",CIUDAD BOLIVAR,LUCERO,57.0,79.0,138.0,48.0,62.0,0.0,164.0,220.0,159884.0,79445.0,80439.0,24.017412624152513,3.5650846863976384,4.9410822846563764,8.631257661804808,3.002176578019064,3.8778114132746238,27.69211404116055,20.38812019045488
83.0,2020,0.0,0,0.0,0,0.0,0,0.0,0,0.0,2.0,24432.0,29572.0,1.0,1,11.0,979.914,"3,72",999.300,"88,94",KENNEDY,LAS MARGARITAS,9.0,4.0,10.0,18.0,16.0,0.0,20.0,37.0,31532.0,15032.0,16500.0,18.076874286439175,2.854243308385133,1.2685525815045033,3.1713814537612586,5.708486616770266,5.074210326018013,24.61415646620543,12.121212121212121
101.0,2020,1.0,1,0.0,0,3.0,1,0.0,0,17.0,3.8711111111111105,267970.0,273160.0,65.0,10,59.0,139.298,"2,87",1.933.116,"96,03",TEUSAQUILLO,TEUSAQUILLO,85.0,0.0,23.0,24.0,14.0,0.0,55.0,91.0,26970.0,12636.0,14334.0,54.13422321097516,31.516499814608824,0.0,8.527994067482389,8.898776418242493,5.190952910641453,72.0164609053498,38.3703083577508
54.0,2020,0.0,0,0.0,0,0.0,0,0.0,0,2.0,1.83,984621.0,1061115.0,21.0,8,28.0,378.78,"3,72",591.317,"87,06",RAFAEL URIBE URIBE,MARRUECOS,38.0,32.0,75.0,32.0,34.0,0.0,85.0,126.0,118698.0,62340.0,56358.0,17.776205159311868,3.201401877032469,2.6959173701326056,6.318556336248294,2.6959173701326056,2.8644122057658934,20.211742059672762,15.082153376627986
78.0,2020,0.0,0,1.0,1,0.0,0,0.0,0,2.0,1.956,79812.0,176088.0,0.0,0,25.0,979.914,"3,72",999.300,"88,94",KENNEDY,TINTAL NORTE,9.0,5.0,12.0,27.0,31.0,1.0,25.0,58.0,30113.0,14147.0,15966.0,27.894929100388534,2.9887424036130574,1.6604124464516987,3.9849898714840766,8.966227210839172,10.294557168000532,40.99809146815579,15.658273831892773
100.0,2020,1.0,1,2.0,1,2.0,1,1.0,1,9.0,3.59625,300195.0,309096.0,38.0,9,56.0,139.298,"2,87",1.933.116,"96,03",TEUSAQUILLO,GALERIAS,72.0,2.0,13.0,14.0,14.0,0.0,35.0,80.0,35859.0,16599.0,19260.0,32.07005214869349,20.07864134526897,0.5577400373685826,3.6253102428957864,3.9041802615800774,3.9041802615800774,48.19567443821917,18.1723779854621
34.0,2020,0.0,0,2.0,1,2.0,1,1.0,1,2.0,2.346363636363636,864012.0,1108236.0,26.0,12,30.0,404.35,"3,73",706.208,"83,68",SAN CRISTOBAL,20 DE JULIO,47.0,4.0,60.0,35.0,61.0,0.0,90.0,117.0,80223.0,38862.0,41361.0,25.80307393141618,5.8586689602732385,0.4986101242785735,7.479151864178602,4.362838587437518,7.603804395248246,30.106530801296895,21.759628635671284
106.0,2020,0.0,0,0.0,0,2.0,1,1.0,1,1.0,4.164,167560.0,168920.0,17.0,5,30.0,139.298,"2,87",1.933.116,"96,03",TEUSAQUILLO,LA ESMERALDA,25.0,1.0,15.0,13.0,6.0,0.0,30.0,30.0,38073.0,16960.0,21113.0,15.75919943266882,6.566333096945343,0.2626533238778137,3.939799858167205,3.4144932104115777,1.575919943266882,17.68867924528302,14.20925496139819
91.0,2020,2.0,1,0.0,0,0.0,0,1.0,1,14.0,3.3285714285714287,96894.0,41153.0,42.0,7,37.0,96.241,"3,18",896.890,"88,28",SANTA FE,SAGRADO CORAZON,46.0,2.0,30.0,5.0,2.0,0.0,46.0,39.0,10950.0,5474.0,5476.0,77.62557077625571,42.00913242009132,1.8264840182648403,27.397260273972602,4.566210045662101,1.8264840182648403,71.24588966021192,84.00292184075968
95.0,2020,0.0,0,0.0,0,0.0,0,0.0,0,11.0,2.0,260205.0,69723.0,19.0,3,15.0,96.241,"3,18",896.890,"88,28",SANTA FE,LAS CRUCES,39.0,7.0,16.0,9.0,6.0,0.0,30.0,47.0,21017.0,10622.0,10395.0,36.63700813627064,18.55640671837084,3.3306371032973305,7.612884807536756,4.282247704239425,2.8548318028262836,44.24778761061947,28.86002886002886
40.0,2020,1.0,1,0.0,0,3.0,1,0.0,0,2.0,3.0,1219392.0,1267944.0,21.0,8,62.0,250.715,"3,55",1.116.511,"90,43",PUENTE ARANDA,CIUDAD MONTES,66.0,4.0,47.0,114.0,34.0,0.0,88.0,177.0,101113.0,47645.0,53468.0,26.208301603156862,6.5273505879560485,0.39559700533066966,4.648264812635368,11.274514651924084,3.362574545310692,37.1497533844055,16.458442432857037
117.0,2020,0.0,0,0.0,0,0.0,0,0.0,0,5.0,3.0,824.0,1670.0,1.0,1,17.0,317.179,"3,46",1.428.379,"90,03",FONTIBON,AEROPUERTO EL DORADO,15.0,0.0,4.0,2.0,5.0,0.0,11.0,15.0,823.0,550.0,273.0,315.9173754556501,182.26002430133656,0.0,48.60267314702308,24.30133657351154,60.75334143377886,272.7272727272727,402.930402930403
64.0,2020,0.0,0,0.0,0,0.0,0,0.0,0,0.0,1.0,5590.0,25895.0,0.0,0,7.0,593.937,"4,09",505.335,"83,5",CIUDAD BOLIVAR,MONTE BLANCO,1.0,6.0,16.0,1.0,7.0,0.0,16.0,15.0,6009.0,3047.0,2962.0,51.58928274255283,1.6641704110500917,9.98502246630055,26.626726576801467,1.6641704110500917,11.64919287735064,49.22874958976042,54.01755570560432
48.0,2020,0.0,0,1.0,1,0.0,0,0.0,0,3.0,2.7455555555555557,1310472.0,1325682.0,5.0,3,18.0,979.914,"3,72",999.300,"88,94",KENNEDY,TIMIZA,60.0,11.0,74.0,82.0,75.0,0.0,102.0,200.0,142922.0,68552.0,74370.0,21.13040679531493,4.198094065294357,0.7696505786372987,5.177649347196373,5.737395222568954,5.247617581617945,29.174932897654337,13.715207745058493
98.0,2020,0.0,0,3.0,1,6.0,1,1.0,1,22.0,3.0542105263157895,1522242.0,1559634.0,99.0,19,81.0,230.066,"3,36",1.462.840,"92,44",BARRIOS UNIDOS,LOS ALCAZARES,103.0,6.0,35.0,41.0,36.0,0.0,79.0,142.0,40934.0,19897.0,21037.0,53.989348707675774,25.162456637514047,1.4657741730590705,8.55034934284458,10.016123515903649,8.794645038354425,71.36754284565512,37.55288301563911
28.0,2020,1.0,1,7.0,1,13.0,1,7.0,1,7.0,2.287857142857143,3797108.0,4228084.0,17.0,6,49.0,981.613,"3,41",1.388.086,"91,6",SUBA,EL RINCON,135.0,22.0,140.0,63.0,98.0,0.0,201.0,257.0,273387.0,131109.0,142278.0,16.75280829007963,4.938054845329149,0.8047200488684539,5.120945765526525,2.3044255944869363,3.5846620358685675,19.60201054084769,14.127271960527981
17.0,2020,0.0,0,0.0,0,3.0,1,0.0,0,2.0,4.285,226840.0,238870.0,6.0,2,32.0,981.613,"3,41",1.388.086,"91,6",SUBA,SAN JOSE DE BAVARIA,34.0,3.0,21.0,23.0,13.0,0.0,41.0,53.0,48738.0,22678.0,26060.0,19.28679880175633,6.976076162337395,0.6155361319709468,4.308752923796627,4.719110345110591,2.667323238540769,23.370667607372784,15.732924021488872
24.0,2020,2.0,1,2.0,1,11.0,1,1.0,1,8.0,4.819999999999999,859833.0,845949.0,36.0,12,69.0,981.613,"3,41",1.388.086,"91,6",SUBA,NIZA,58.0,3.0,157.0,30.0,16.0,0.0,164.0,100.0,79808.0,36623.0,43185.0,33.07939053728949,7.267441860465116,0.3759021651964715,19.672213311948678,3.7590216519647153,2.0048115477145148,27.30524533762936,37.97614912585388
44.0,2020,1.0,1,2.0,1,1.0,1,0.0,0,5.0,3.22875,673424.0,676672.0,20.0,7,33.0,979.914,"3,72",999.300,"88,94",KENNEDY,AMERICAS,71.0,6.0,36.0,80.0,35.0,0.0,76.0,152.0,80223.0,37941.0,42282.0,28.42077708387869,8.850329705944679,0.7479151864178603,4.487491118507161,9.972202485571469,4.362838587437518,40.062201839698474,17.974551818740835
62.0,2020,0.0,0,1.0,1,2.0,1,0.0,0,1.0,2.024,338366.0,403893.0,26.0,7,26.0,182.532,"3,63",829.895,"87,19",TUNJUELITO,TUNJUELITO,26.0,6.0,29.0,11.0,36.0,0.0,46.0,62.0,40735.0,20271.0,20464.0,26.512826807413774,6.38271756474776,1.4729348226340984,7.119184976064809,2.700380508162514,8.83760893580459,30.58556558630556,22.478498827208757
69.0,2020,1.0,1,1.0,1,2.0,1,1.0,1,1.0,1.3691666666666666,1779216.0,1964304.0,13.0,6,22.0,593.937,"4,09",505.335,"83,5",CIUDAD BOLIVAR,ISMAEL PERDOMO,42.0,34.0,89.0,53.0,101.0,0.0,114.0,205.0,162581.0,79637.0,82944.0,19.620988922444813,2.583327695118126,2.0912652770003874,5.474194401559838,3.259913520030016,6.212288028736445,25.741803433077592,13.744212962962964
93.0,2020,5.0,1,5.0,1,3.0,1,0.0,0,8.0,2.932857142857143,332178.0,96411.0,80.0,7,52.0,96.241,"3,18",896.890,"88,28",SANTA FE,LAS NIEVES,130.0,12.0,29.0,12.0,6.0,0.0,78.0,111.0,17187.0,8904.0,8283.0,109.96683539884796,75.63856403095363,6.982021295164951,16.873218129981964,6.982021295164951,3.4910106475824754,124.66307277628033,94.16877942774357
18.0,2020,0.0,0,1.0,1,4.0,1,4.0,1,6.0,3.272,300834.0,346380.0,10.0,3,25.0,981.613,"3,41",1.388.086,"91,6",SUBA,BRITALIA,32.0,1.0,15.0,18.0,6.0,0.0,20.0,52.0,89574.0,41579.0,47995.0,8.038046754638623,3.5724652242838326,0.11163953825886977,1.6745930738830466,2.009511688659656,0.6698372295532186,12.506313283147744,4.167100739660381
15.0,2021,0.0,0,0.0,0,0.0,0,4.0,1,13.0,5.395,175550.0,49356.0,6.0,2,21.0,430.156,"3,12",1.867.529,"93,6",USAQUEN,COUNTRY CLUB,25.0,1.0,9.0,5.0,5.0,0.0,16.0,29.0,24914.0,11228.0,13686.0,18.06213374006583,10.034518744481014,0.4013807497792406,3.612426748013165,2.006903748896203,2.006903748896203,25.828286426790168,11.690778898144089
86.0,2021,0.0,0,0.0,0,0.0,0,1.0,1,0.0,1.568,321440.0,368145.0,0.0,0,33.0,546.809,"3,98",703.807,"85,4",BOSA,EL PORVENIR,59.0,20.0,100.0,43.0,90.0,0.0,130.0,182.0,146365.0,69893.0,76472.0,21.31657158473679,4.031018344549585,1.3664468964574863,6.832234482287433,2.937860827383596,6.149011034058689,26.039803699941338,16.99968615964013
71.0,2021,0.0,0,0.0,0,4.0,1,0.0,0,10.0,2.105,2325960.0,2670912.0,0.0,0,22.0,981.613,"3,41",1.388.086,"91,6",SUBA,TIBABUYES,96.0,22.0,183.0,66.0,123.0,0.0,225.0,265.0,300941.0,145773.0,155168.0,16.282261307033604,3.1899940519902574,0.7310403035811006,6.080926161606428,2.193120910743302,4.087179879112517,18.178949462520492,14.500412456176532
29.0,2021,3.0,1,2.0,1,3.0,1,1.0,1,7.0,2.713333333333334,1291554.0,1329381.0,30.0,9,32.0,824.337,"3,41",1.089.512,"91,78",ENGATIVA,MINUTO DE DIOS,100.0,8.0,60.0,87.0,42.0,0.0,121.0,176.0,108721.0,51115.0,57606.0,27.317629528793887,9.197855060199961,0.735828404815997,5.518713036119976,8.002133902373966,3.8630991252839837,34.432162770224004,21.004756448981006
80.0,2021,0.0,0,1.0,1,1.0,1,0.0,0,4.0,2.0025,247816.0,277108.0,11.0,4,19.0,979.914,"3,72",999.300,"88,94",KENNEDY,CORABASTOS,51.0,38.0,49.0,14.0,49.0,0.0,68.0,133.0,57214.0,28591.0,28623.0,35.13126157933373,8.913902191771244,6.641731044849163,8.564337399937077,2.446953542839165,8.564337399937077,46.51813507747193,23.757118401285677
99.0,2021,7.0,1,3.0,1,1.0,1,0.0,0,18.0,3.692,79566.0,121692.0,22.0,6,62.0,122.507,"2,43",2.288.835,"96,61",CHAPINERO,CHAPINERO,138.0,2.0,30.0,14.0,12.0,0.0,82.0,114.0,24681.0,12298.0,12383.0,79.41331388517483,55.91345569466391,0.8103399376038247,12.155099064057373,5.672379563226774,4.862039625622949,92.69799967474385,66.21981749172252
3.0,2021,0.0,0,0.0,0,0.0,0,1.0,1,0.0,6.0,0.0,1169.0,0.0,0,26.0,981.613,"3,41",1.388.086,"91,6",SUBA,GUAYMARAL,1.0,0.0,1.0,3.0,1.0,0.0,2.0,4.0,2417.0,1178.0,1239.0,24.824162184526273,4.137360364087712,0.0,4.137360364087712,12.412081092263136,4.137360364087712,33.95585738539898,16.142050040355123
97.0,2021,12.0,1,3.0,1,7.0,1,1.0,1,19.0,5.211875,94384.0,420656.0,63.0,15,98.0,122.507,"2,43",2.288.835,"96,61",CHAPINERO,CHICO LAGO,271.0,2.0,46.0,20.0,9.0,0.0,167.0,181.0,36082.0,16937.0,19145.0,96.44698187461891,75.10670140236128,0.5542929992794191,12.74873898342664,5.542929992794192,2.494318496757386,106.86662336895554,87.22904152520239
94.0,2021,4.0,1,0.0,0,0.0,0,2.0,1,6.0,2.40875,203598.0,216855.0,43.0,8,36.0,22.115,"2,83",1.050.888,"88,9",CANDELARIA,LA CANDELARIA,63.0,6.0,241.0,12.0,12.0,1.0,207.0,126.0,17361.0,9066.0,8295.0,192.3852312654801,36.28823224468636,3.4560221185415587,138.81688842808595,6.912044237083117,6.912044237083117,138.98080741230973,249.54792043399638
76.0,2021,0.0,0,0.0,0,1.0,1,0.0,0,2.0,2.186666666666667,120020.0,128536.0,0.0,0,21.0,317.179,"3,46",1.428.379,"90,03",FONTIBON,FONTIBON SAN PABLO,32.0,4.0,23.0,14.0,9.0,0.0,31.0,51.0,33840.0,16586.0,17254.0,24.231678486997637,9.456264775413711,1.1820330969267139,6.796690307328605,4.137115839243499,2.6595744680851063,30.748824309658747,17.966848267068507
114.0,2021,0.0,0,0.0,0,2.0,1,3.0,1,10.0,3.8,191930.0,197050.0,9.0,4,24.0,317.179,"3,46",1.428.379,"90,03",FONTIBON,MODELIA,47.0,3.0,21.0,41.0,16.0,1.0,43.0,84.0,43500.0,20076.0,23424.0,29.42528735632184,10.804597701149424,0.6896551724137931,4.827586206896552,9.425287356321839,3.67816091954023,41.84100418410041,18.35724043715847
89.0,2021,0.0,0,0.0,0,0.0,0,0.0,0,0.0,2.0666666666666664,28245.0,48603.0,0.0,0,3.0,122.507,"2,43",2.288.835,"96,61",CHAPINERO,SAN ISIDRO - PATIOS,2.0,5.0,16.0,2.0,3.0,0.0,12.0,16.0,16520.0,8159.0,8361.0,16.949152542372882,1.2106537530266344,3.026634382566586,9.685230024213075,1.2106537530266344,1.8159806295399514,19.61024635371982,14.352350197344816
38.0,2021,2.0,1,5.0,1,5.0,1,0.0,0,5.0,3.008,1246305.0,1155330.0,52.0,15,75.0,119.565,"3,92",1.095.184,"90,79",ANTONIO NARIÑO,RESTREPO,121.0,14.0,88.0,93.0,69.0,0.0,152.0,233.0,55198.0,26255.0,28943.0,69.74890394579513,21.9210840972499,2.536323779847096,15.942606616181747,16.84843653755571,12.500452914960688,88.74500095219958,52.517016204263555
52.0,2021,0.0,0,0.0,0,0.0,0,0.0,0,0.0,1.0,614920.0,740280.0,0.0,0,176.0,314.431,"4,07",569.872,"82,91",USME,LA FLORA,12.0,6.0,72.0,4.0,10.0,0.0,62.0,42.0,19494.0,9683.0,9811.0,53.349748640607366,6.155740227762388,3.077870113881194,36.934441366574326,2.0519134092541296,5.129783523135324,43.37498709077765,63.19437366221588
96.0,2021,0.0,0,0.0,0,1.0,1,0.0,0,4.0,1.7264285714285716,628474.0,648214.0,4.0,2,16.0,96.241,"3,18",896.890,"88,28",SANTA FE,LOURDES,14.0,10.0,49.0,6.0,18.0,0.0,51.0,46.0,45879.0,22331.0,23548.0,21.142570675036506,3.051505045881558,2.17964646134397,10.680267660585454,1.307787876806382,3.923363630419146,20.59916707715732,21.657890266689314
84.0,2021,0.0,0,0.0,0,4.0,1,3.0,1,2.0,1.98,990222.0,1073760.0,1.0,1,30.0,546.809,"3,98",703.807,"85,4",BOSA,BOSA OCCIDENTAL,93.0,45.0,159.0,89.0,168.0,0.0,211.0,343.0,199961.0,97662.0,102299.0,27.70540255349793,4.650906926850736,2.2504388355729366,7.95155055235771,4.450867919244253,8.401638319472298,35.12113206774385,20.62581256903782
111.0,2021,3.0,1,0.0,0,1.0,1,0.0,0,8.0,2.9375,64585.0,73290.0,16.0,5,63.0,250.715,"3,55",1.116.511,"90,43",PUENTE ARANDA,PUENTE ARANDA,53.0,2.0,22.0,15.0,41.0,0.0,45.0,88.0,12255.0,9822.0,2433.0,108.52713178294573,43.24765401876785,1.631986944104447,17.95185638514892,12.239902080783352,33.45573235414117,89.59478721238037,184.95684340320594
112.0,2021,1.0,1,1.0,1,1.0,1,1.0,1,13.0,3.1133333333333333,126427.0,160027.0,0.0,0,71.0,317.179,"3,46",1.428.379,"90,03",FONTIBON,GRANJAS DE TECHO,87.0,3.0,20.0,30.0,31.0,0.0,61.0,110.0,51360.0,23789.0,27571.0,33.294392523364486,16.939252336448597,0.5841121495327103,3.894080996884735,5.841121495327102,6.03582554517134,46.23985875824961,22.12469623880164
75.0,2021,1.0,1,2.0,1,7.0,1,5.0,1,6.0,2.913,1316550.0,1374890.0,0.0,0,58.0,317.179,"3,46",1.428.379,"90,03",FONTIBON,FONTIBON,111.0,10.0,72.0,30.0,47.0,1.0,115.0,154.0,131922.0,62819.0,69103.0,20.46663937781416,8.4140628553236,0.7580236806597838,5.457770500750444,2.2740710419793513,3.5627112991009837,24.51487607252583,16.64182452281377
12.0,2021,1.0,1,2.0,1,5.0,1,0.0,0,7.0,3.378,256245.0,260090.0,9.0,3,42.0,430.156,"3,12",1.867.529,"93,6",USAQUEN,TOBERIN,55.0,5.0,21.0,12.0,12.0,0.0,42.0,63.0,60994.0,28059.0,32935.0,17.214808013903006,9.017280388234909,0.8197527625668098,3.4429616027806014,1.9674066301603437,1.9674066301603437,22.452688976798886,12.752391073326248
16.0,2021,5.0,1,2.0,1,9.0,1,1.0,1,20.0,5.738888888888889,464238.0,463266.0,18.0,6,60.0,430.156,"3,12",1.867.529,"93,6",USAQUEN,SANTA BARBARA,107.0,3.0,19.0,20.0,12.0,0.0,74.0,87.0,72077.0,32511.0,39566.0,22.337222692398406,14.84523495705981,0.41622154085214425,2.636069758730247,2.7748102723476284,1.664886163408577,26.760173479745315,18.70292675529495
82.0,2021,0.0,0,0.0,0,2.0,1,3.0,1,2.0,1.9566666666666668,963012.0,1044870.0,9.0,4,29.0,979.914,"3,72",999.300,"88,94",KENNEDY,PATIO BONITO,112.0,56.0,97.0,56.0,118.0,1.0,150.0,288.0,139765.0,69471.0,70294.0,31.409866561728613,8.013451150144885,4.006725575072442,6.940221085393339,4.006725575072442,8.442743176045505,41.45614716932245,21.33894784761146
35.0,2021,1.0,1,0.0,0,2.0,1,1.0,1,4.0,2.666,168705.0,154565.0,35.0,5,22.0,119.565,"3,92",1.095.184,"90,79",ANTONIO NARIÑO,CIUDAD JARDIN,40.0,2.0,18.0,23.0,19.0,0.0,42.0,60.0,26040.0,12323.0,13717.0,39.1705069124424,15.360983102918587,0.7680491551459293,6.912442396313364,8.832565284178187,7.296466973886329,48.68944250588331,30.618940001458043
68.0,2021,0.0,0,0.0,0,1.0,1,1.0,1,0.0,1.055,351536.0,380992.0,0.0,0,13.0,593.937,"4,09",505.335,"83,5",CIUDAD BOLIVAR,EL TESORO,15.0,15.0,93.0,14.0,55.0,0.0,96.0,96.0,53474.0,26638.0,26836.0,35.905299771851745,2.8051015446759173,2.8051015446759173,17.391629576990688,2.618094775030856,10.285372330478364,36.03874164727082,35.77284245043971
27.0,2021,4.0,1,5.0,1,7.0,1,6.0,1,8.0,2.840909090909091,1497236.0,1751217.0,16.0,6,48.0,981.613,"3,41",1.388.086,"91,6",SUBA,SUBA,91.0,6.0,91.0,43.0,57.0,1.0,145.0,142.0,182328.0,85641.0,96687.0,15.795708832433855,4.991005221359309,0.32907726734237197,4.991005221359309,2.358387082620333,3.1262340397525343,16.58084328767763,14.996845491120833
22.0,2021,1.0,1,0.0,0,5.0,1,0.0,0,6.0,3.292222222222222,847206.0,887247.0,37.0,8,38.0,230.066,"3,36",1.462.840,"92,44",BARRIOS UNIDOS,DOCE DE OCTUBRE,76.0,3.0,60.0,39.0,38.0,0.0,85.0,131.0,69957.0,33637.0,36320.0,30.87610961018912,10.8638163443258,0.4288348556970711,8.576697113941421,5.574853124061924,5.4319081721629,38.94520914469186,23.40308370044053
105.0,2021,1.0,1,0.0,0,0.0,0,0.0,0,4.0,2.67,1601.0,2464.0,4.0,1,11.0,824.337,"3,41",1.089.512,"91,78",ENGATIVA,JARDIN BOTANICO,9.0,1.0,3.0,0.0,2.0,0.0,10.0,5.0,3136.0,1854.0,1282.0,47.83163265306123,28.698979591836736,3.1887755102040813,9.566326530612244,0.0,6.377551020408163,26.96871628910464,78.003120124805
104.0,2021,1.0,1,0.0,0,0.0,0,0.0,0,10.0,4.0,19494.0,20424.0,21.0,5,34.0,139.298,"2,87",1.933.116,"96,03",TEUSAQUILLO,PARQUE SIMON BOLIVAR - CAN,25.0,1.0,28.0,3.0,4.0,0.0,33.0,28.0,3131.0,1633.0,1498.0,194.82593420632386,79.84669434685404,3.1938677738741617,89.42829766847652,9.581603321622485,12.775471095496647,171.46356399265156,220.29372496662216
74.0,2021,0.0,0,0.0,0,3.0,1,0.0,0,2.0,2.0016666666666665,712512.0,784968.0,0.0,0,15.0,824.337,"3,41",1.089.512,"91,78",ENGATIVA,ENGATIVA,47.0,12.0,96.0,55.0,89.0,1.0,115.0,183.0,144349.0,69835.0,74514.0,20.713686967003582,3.2559976168868503,0.8313185404817491,6.650548323853993,3.8102099772080167,6.1656125085729725,26.20462518794301,15.433341385511447
47.0,2021,2.0,1,0.0,0,2.0,1,1.0,1,4.0,3.0,865592.0,770256.0,9.0,4,28.0,979.914,"3,72",999.300,"88,94",KENNEDY,KENNEDY CENTRAL,70.0,15.0,61.0,83.0,78.0,0.0,113.0,194.0,94320.0,44704.0,49616.0,32.548770144189994,7.421543681085666,1.5903307888040714,6.467345207803223,8.799830364715861,8.269720101781171,43.3965640658554,22.77491131892938
70.0,2021,0.0,0,0.0,0,0.0,0,0.0,0,1.0,1.1733333333333331,789975.0,888237.0,0.0,0,23.0,593.937,"4,09",505.335,"83,5",CIUDAD BOLIVAR,JERUSALEM,56.0,38.0,96.0,35.0,70.0,0.0,117.0,178.0,101414.0,49755.0,51659.0,29.088685980239415,5.521920050486126,3.7470171771155854,9.466148657976216,3.451200031553829,6.902400063107658,35.77529896492815,22.648522038754137
66.0,2021,0.0,0,0.0,0,0.0,0,0.0,0,0.0,1.8425,597168.0,609704.0,4.0,3,26.0,593.937,"4,09",505.335,"83,5",CIUDAD BOLIVAR,SAN FRANCISCO,34.0,16.0,88.0,29.0,84.0,1.0,99.0,151.0,70395.0,34479.0,35916.0,35.65594147311599,4.829888486398182,2.272888699481497,12.500887847148235,4.119610767810214,11.932665672277862,43.79477363032571,27.5643167390578
65.0,2021,0.0,0,0.0,0,1.0,1,0.0,0,1.0,2.463333333333334,349194.0,364512.0,9.0,3,21.0,593.937,"4,09",505.335,"83,5",CIUDAD BOLIVAR,ARBORIZADORA,62.0,10.0,36.0,57.0,85.0,0.0,83.0,167.0,84648.0,40496.0,44152.0,29.534070503733105,7.324449484925811,1.1813628201493243,4.252906152537567,6.733768074851149,10.041583971269255,41.23864085341762,18.7986954158362
79.0,2021,0.0,0,0.0,0,0.0,0,1.0,1,1.0,2.1333333333333333,167274.0,204984.0,3.0,2,22.0,979.914,"3,72",999.300,"88,94",KENNEDY,CALANDAIMA,36.0,12.0,47.0,91.0,60.0,0.0,76.0,170.0,138736.0,65739.0,72997.0,17.731518855956637,2.5948564179448734,0.8649521393149578,3.3877292123169185,6.559220389805097,4.324760696574789,25.859839668994052,10.411386769319288
59.0,2021,0.0,0,0.0,0,0.0,0,0.0,0,0.0,1.0,163808.0,216380.0,0.0,0,6.0,314.431,"4,07",569.872,"82,91",USME,ALFONSO LOPEZ,16.0,10.0,56.0,7.0,15.0,0.0,52.0,52.0,51564.0,25513.0,26051.0,20.169110231944767,3.1029400356838104,1.9393375223023814,10.860290124893336,1.357536265611667,2.909006283453572,20.381766158429038,19.960846032781852
45.0,2021,0.0,0,0.0,0,2.0,1,1.0,1,6.0,2.7914285714285714,737583.0,674359.0,9.0,4,35.0,979.914,"3,72",999.300,"88,94",KENNEDY,CARVAJAL,101.0,13.0,55.0,106.0,115.0,0.0,111.0,279.0,89951.0,43493.0,46458.0,43.356938777779014,11.228335427065847,1.4452312925926336,6.114440084045758,11.784193616524552,12.784738357550223,64.14825374198148,23.892548107968487
20.0,2021,2.0,1,1.0,1,8.0,1,55.0,1,28.0,4.996666666666667,231126.0,219822.0,33.0,6,26.0,981.613,"3,41",1.388.086,"91,6",SUBA,LA ALHAMBRA,43.0,1.0,22.0,9.0,5.0,0.0,27.0,53.0,40213.0,18346.0,21867.0,19.89406410862159,10.693059458384104,0.24867580135776987,5.470867629870938,2.2380822122199286,1.2433790067888493,28.889131145753844,12.347372753464125
51.0,2021,0.0,0,0.0,0,1.0,1,2.0,1,0.0,1.68875,263745.0,660861.0,0.0,0,15.0,404.35,"3,73",706.208,"83,68",SAN CRISTOBAL,LOS LIBERTADORES,16.0,21.0,80.0,21.0,27.0,0.0,78.0,87.0,77761.0,37720.0,40041.0,21.218862926145498,2.0575867079898664,2.7005825542366995,10.287933539949332,2.7005825542366995,3.4721775697329,23.064687168610817,19.480032966209635
115.0,2021,4.0,1,2.0,1,0.0,0,0.0,0,6.0,3.314,77135.0,83285.0,6.0,3,26.0,317.179,"3,46",1.428.379,"90,03",FONTIBON,CAPELLANIA,48.0,2.0,9.0,10.0,9.0,1.0,26.0,51.0,17858.0,8402.0,9456.0,43.677903460633885,26.878709821928545,1.1199462425803561,5.039758091611604,5.599731212901781,5.039758091611604,60.69983337300643,27.495769881556686
43.0,2021,0.0,0,0.0,0,4.0,1,1.0,1,7.0,3.0,844074.0,844239.0,17.0,8,31.0,250.715,"3,55",1.116.511,"90,43",PUENTE ARANDA,SAN RAFAEL,71.0,3.0,40.0,63.0,51.0,0.0,83.0,145.0,72940.0,34547.0,38393.0,31.258568686591715,9.734027968193034,0.4112969564025226,5.483959418700302,8.637236084452974,6.992048258842884,41.97180652444496,21.618524210142475
25.0,2021,2.0,1,2.0,1,4.0,1,0.0,0,17.0,4.04,127070.0,126620.0,24.0,5,25.0,981.613,"3,41",1.388.086,"91,6",SUBA,LA FLORESTA,34.0,2.0,9.0,15.0,8.0,0.0,25.0,43.0,44296.0,20271.0,24025.0,15.351273252663898,7.675636626331949,0.4515080368430558,2.031786165793751,3.3863102763229183,1.8060321473722232,21.212569680824824,10.405827263267431
56.0,2021,0.0,0,0.0,0,0.0,0,0.0,0,0.0,1.508,205135.0,253351.0,6.0,6,8.0,314.431,"4,07",569.872,"82,91",USME,DANUBIO,27.0,9.0,41.0,10.0,25.0,0.0,41.0,71.0,56224.0,27160.0,29064.0,19.9203187250996,4.80221969265794,1.6007398975526468,7.292259533295391,1.7785998861696073,4.446499715424018,26.14138438880707,14.106798788879713
26.0,2021,0.0,0,3.0,1,7.0,1,8.0,1,12.0,3.0646153846153847,1441973.0,1441167.0,19.0,5,69.0,824.337,"3,41",1.089.512,"91,78",ENGATIVA,LAS FERIAS,135.0,8.0,65.0,108.0,87.0,0.0,136.0,267.0,101654.0,48414.0,53240.0,39.64428355008165,13.280343124717179,0.7869832962795364,6.394239282271234,10.624274499773742,8.558443347039958,55.14933696864543,25.544703230653646
102.0,2021,1.0,1,2.0,1,3.0,1,0.0,0,16.0,2.8186666666666667,764715.0,782955.0,131.0,15,94.0,94.944,"3,53",1.059.511,"89,78",LOS MARTIRES,LA SABANA,228.0,59.0,207.0,65.0,87.0,4.0,163.0,479.0,39716.0,18779.0,20937.0,162.65484943095979,57.40759391680935,14.855473864437508,52.12005237184007,16.366200020143015,21.905529257729885,255.07215506682996,77.85260543535368
2.0,2021,0.0,0,0.0,0,0.0,0,0.0,0,2.0,5.058,10545.0,13800.0,3.0,2,95.0,981.613,"3,41",1.388.086,"91,6",SUBA,LA ACADEMIA,8.0,0.0,7.0,3.0,3.0,0.0,8.0,13.0,5589.0,2700.0,2889.0,37.57380568974772,14.313830738951511,0.0,12.524601896582574,5.367686527106817,5.367686527106817,48.14814814814815,27.691242644513675
116.0,2021,1.0,1,1.0,1,2.0,1,1.0,1,9.0,3.155,24638.0,27282.0,3.0,1,17.0,824.337,"3,41",1.089.512,"91,78",ENGATIVA,ALAMOS,37.0,4.0,5.0,11.0,7.0,0.0,23.0,41.0,12296.0,5772.0,6524.0,52.0494469746259,30.091086532205598,3.253090435914119,4.066363044892648,8.945998698763825,5.692908262849707,71.03257103257103,35.254445125689756
81.0,2021,1.0,1,0.0,0,1.0,1,8.0,1,3.0,2.0025,290204.0,283616.0,1.0,1,16.0,979.914,"3,72",999.300,"88,94",KENNEDY,GRAN BRITALIA,37.0,5.0,57.0,52.0,97.0,0.0,78.0,170.0,63122.0,30878.0,32244.0,39.28899591267704,5.8616647127784285,0.7921168530781661,9.030132125091093,8.238015272012927,15.367066949716422,55.05537923440638,24.190547078526237
52.0,2021,0.0,0,0.0,0,0.0,0,0.0,0,0.0,1.0,614920.0,740280.0,0.0,0,176.0,314.431,"4,07",569.872,"82,91",USME,LA FLORA,12.0,6.0,72.0,4.0,10.0,0.0,62.0,42.0,19494.0,9683.0,9811.0,53.349748640607366,6.155740227762388,3.077870113881194,36.934441366574326,2.0519134092541296,5.129783523135324,43.37498709077765,63.19437366221588
33.0,2021,0.0,0,0.0,0,2.0,1,0.0,0,2.0,2.8193333333333332,1647904.0,748256.0,42.0,13,30.0,404.35,"3,73",706.208,"83,68",SAN CRISTOBAL,SOSIEGO,46.0,4.0,40.0,36.0,34.0,0.0,61.0,99.0,44097.0,21364.0,22733.0,36.28364741365626,10.431548631426175,0.9070911853414065,9.070911853414065,8.163820668072658,7.710275075401955,46.33963677214005,26.833238024017948
19.0,2021,2.0,1,7.0,1,8.0,1,2.0,1,15.0,3.51625,692512.0,712104.0,25.0,8,34.0,981.613,"3,41",1.388.086,"91,6",SUBA,EL PRADO,83.0,2.0,32.0,54.0,22.0,0.0,69.0,124.0,99865.0,46097.0,53768.0,19.32609022179943,8.311220147198718,0.2002703649927402,3.2043258398838432,5.407299854803986,2.202974014920142,26.899798251513115,12.832911769081981
41.0,2021,0.0,0,0.0,0,1.0,1,0.0,0,7.0,3.0,523602.0,513468.0,24.0,8,22.0,250.715,"3,55",1.116.511,"90,43",PUENTE ARANDA,MUZU,81.0,5.0,35.0,93.0,56.0,0.0,76.0,194.0,58946.0,27893.0,31053.0,45.804634750449566,13.74139042513487,0.8482339768601771,5.93763783802124,15.777151969599295,9.500220540833984,69.55150037643854,24.474285898302902
37.0,2021,0.0,0,1.0,1,2.0,1,0.0,0,11.0,3.0,307027.0,315602.0,40.0,7,41.0,94.944,"3,53",1.059.511,"89,78",LOS MARTIRES,SANTA ISABEL,53.0,11.0,32.0,30.0,30.0,1.0,52.0,103.0,44974.0,20632.0,24342.0,34.6867078756615,11.784586650064481,2.4458576066171567,7.115222128340819,6.670520745319518,6.670520745319518,49.92245056223342,21.36225453947909
107.0,2021,2.0,1,1.0,1,3.0,1,1.0,1,8.0,3.77,207448.0,216792.0,32.0,8,35.0,139.298,"2,87",1.933.116,"96,03",TEUSAQUILLO,QUINTA PAREDES,49.0,2.0,13.0,11.0,3.0,0.0,27.0,51.0,27157.0,12142.0,15015.0,28.721876495931067,18.043230106418235,0.7364583716905402,4.786979415988511,4.050521044297971,1.1046875575358104,42.00296491517049,17.982017982017982
73.0,2021,1.0,1,0.0,0,4.0,1,2.0,1,5.0,2.775714285714286,955689.0,1044302.0,4.0,2,40.0,824.337,"3,41",1.089.512,"91,78",ENGATIVA,GARCES NAVAS,95.0,10.0,85.0,87.0,89.0,0.0,126.0,240.0,171250.0,80812.0,90438.0,21.372262773722625,5.547445255474452,0.5839416058394161,4.963503649635037,5.08029197080292,5.197080291970803,29.69855961985844,13.932196643004046
31.0,2021,0.0,0,1.0,1,3.0,1,2.0,1,10.0,3.318333333333334,409362.0,391260.0,10.0,4,38.0,824.337,"3,41",1.089.512,"91,78",ENGATIVA,SANTA CECILIA,90.0,3.0,33.0,46.0,63.0,0.0,73.0,162.0,68316.0,31982.0,36334.0,34.39896949470109,13.174073423502547,0.43913578078341825,4.830493588617601,6.733415305345747,9.221851396451783,50.65349258958164,20.091374470193205
58.0,2021,0.0,0,0.0,0,0.0,0,1.0,1,0.0,1.5654545454545454,857659.0,954745.0,0.0,0,29.0,314.431,"4,07",569.872,"82,91",USME,COMUNEROS,33.0,15.0,105.0,25.0,56.0,0.0,102.0,132.0,96410.0,47234.0,49176.0,24.271341147183904,3.4228814438336275,1.5558552017425578,10.890986412197906,2.5930920029042634,5.80852608650555,27.94597112249651,20.741825280624695
13.0,2021,3.0,1,1.0,1,8.0,1,4.0,1,5.0,4.381666666666667,1717632.0,1842552.0,20.0,5,88.0,430.156,"3,12",1.867.529,"93,6",USAQUEN,LOS CEDROS,103.0,0.0,46.0,32.0,15.0,2.0,86.0,108.0,130855.0,58135.0,72720.0,14.97841121852432,7.871307936265333,0.0,3.5153414084291774,2.4454548928202975,1.1463069810095143,18.5774490410252,11.826182618261825
63.0,2021,0.0,0,0.0,0,0.0,0,0.0,0,0.0,,1596.0,5864.0,2.0,2,6.0,593.937,"4,09",505.335,"83,5",CIUDAD BOLIVAR,EL MOCHUELO,1.0,2.0,0.0,0.0,2.0,0.0,0.0,5.0,28.0,13.0,15.0,1785.7142857142858,357.1428571428571,714.2857142857142,0.0,0.0,714.2857142857142,3846.153846153846,0.0
87.0,2021,0.0,0,0.0,0,0.0,0,0.0,0,1.0,1.765,212992.0,339512.0,0.0,0,47.0,546.809,"3,98",703.807,"85,4",BOSA,TINTAL SUR,27.0,12.0,63.0,23.0,39.0,0.0,76.0,88.0,118700.0,55819.0,62881.0,13.816343723673127,2.274641954507161,1.0109519797809605,5.307497893850043,1.9376579612468408,3.285593934288121,15.765241226105807,12.086321782414402
77.0,2021,1.0,1,0.0,0,0.0,0,0.0,0,2.0,2.045,283878.0,356976.0,0.0,0,13.0,317.179,"3,46",1.428.379,"90,03",FONTIBON,ZONA FRANCA,27.0,4.0,27.0,15.0,23.0,0.0,36.0,60.0,63557.0,29730.0,33827.0,15.104551819626476,4.248155199269947,0.6293563258177699,4.248155199269947,2.360086221816637,3.6187988734521768,20.181634712411707,10.642386259496853
39.0,2021,1.0,1,2.0,1,6.0,1,0.0,0,4.0,3.0,1410480.0,1306815.0,45.0,15,69.0,378.78,"3,72",591.317,"87,06",RAFAEL URIBE URIBE,QUIROGA,90.0,16.0,68.0,73.0,105.0,0.0,124.0,228.0,92068.0,44333.0,47735.0,38.2326106790633,9.775383412260503,1.7378459399574229,7.385845244819047,7.928922101055742,11.404613980970588,51.428958112467015,25.97674662197549
108.0,2021,0.0,0,0.0,0,1.0,1,1.0,1,9.0,2.685714285714286,33520.0,33976.0,48.0,8,66.0,250.715,"3,55",1.116.511,"90,43",PUENTE ARANDA,ZONA INDUSTRIAL,46.0,3.0,45.0,18.0,30.0,0.0,47.0,95.0,6571.0,3269.0,3302.0,216.10105006848272,70.00456551514229,4.565515142291889,68.48272713437834,27.393090853751332,45.655151422918884,290.6087488528602,142.33797698364629
61.0,2021,0.0,0,0.0,0,0.0,0,5.0,1,0.0,1.2366666666666666,79500.0,134960.0,0.0,0,65.0,314.431,"4,07",569.872,"82,91",USME,CIUDAD USME,8.0,7.0,28.0,3.0,6.0,0.0,33.0,19.0,27723.0,13439.0,14284.0,18.756988781877862,2.885690581827364,2.524979259098943,10.099917036395771,1.0821339681852613,2.1642679363705226,14.13795669320634,23.10277233267992
1.0,2021,0.0,0,0.0,0,0.0,0,0.0,0,2.0,4.0,52488.0,63828.0,3.0,3,83.0,430.156,"3,12",1.867.529,"93,6",USAQUEN,PASEO DE LOS LIBERTADORES,9.0,3.0,6.0,1.0,2.0,0.0,7.0,14.0,2545.0,1258.0,1287.0,82.5147347740668,35.36345776031434,11.787819253438114,23.575638506876228,3.9292730844793713,7.858546168958743,111.28775834658187,54.39005439005439
46.0,2021,1.0,1,0.0,0,4.0,1,1.0,1,5.0,2.72,884656.0,1003288.0,18.0,6,40.0,979.914,"3,72",999.300,"88,94",KENNEDY,CASTILLA,95.0,9.0,65.0,136.0,78.0,1.0,130.0,252.0,146650.0,69698.0,76952.0,26.11660415956359,6.478008864643709,0.6137061029662462,4.432321854756222,9.273781111489942,5.318786225707466,36.15598725931877,16.893647988356378
85.0,2021,1.0,1,1.0,1,4.0,1,3.0,1,2.0,1.9988888888888892,2537808.0,2654832.0,17.0,6,39.0,546.809,"3,98",703.807,"85,4",BOSA,BOSA CENTRAL,169.0,32.0,229.0,98.0,227.0,1.0,295.0,459.0,234732.0,113175.0,121557.0,32.16434060971661,7.19970008349948,1.3632568205442803,9.755806622020005,4.174974012916858,9.670603070735988,40.55666003976143,24.268450192090953
60.0,2021,0.0,0,0.0,0,0.0,0,0.0,0,1.0,1.11,10544.0,15584.0,0.0,0,0.0,314.431,"4,07",569.872,"82,91",USME,PARQUE ENTRENUBES,0.0,0.0,18.0,2.0,0.0,0.0,14.0,6.0,904.0,467.0,437.0,221.23893805309734,0.0,0.0,199.1150442477876,22.123893805309734,0.0,128.4796573875803,320.3661327231121
60.0,2021,0.0,0,0.0,0,0.0,0,0.0,0,1.0,1.11,10544.0,15584.0,0.0,0,0.0,314.431,"4,07",569.872,"82,91",USME,PARQUE ENTRENUBES,0.0,0.0,18.0,2.0,0.0,0.0,14.0,6.0,904.0,467.0,437.0,221.23893805309734,0.0,0.0,199.1150442477876,22.123893805309734,0.0,128.4796573875803,320.3661327231121
30.0,2021,1.0,1,4.0,1,9.0,1,2.0,1,7.0,3.001818181818182,1427481.0,1341120.0,25.0,7,42.0,824.337,"3,41",1.089.512,"91,78",ENGATIVA,BOYACA REAL,129.0,6.0,85.0,89.0,70.0,1.0,136.0,242.0,129876.0,61720.0,68156.0,29.18168098801934,9.932551048692599,0.4619791185438418,6.5447041793710925,6.85269025840032,5.3897563830114885,39.20933246921581,19.95422266564939
72.0,2021,0.0,0,0.0,0,1.0,1,0.0,0,8.0,3.0,331356.0,345116.0,4.0,2,21.0,824.337,"3,41",1.089.512,"91,78",ENGATIVA,BOLIVIA,59.0,1.0,25.0,67.0,29.0,0.0,70.0,111.0,84724.0,38581.0,46143.0,21.363486143241584,6.963788300835654,0.11803031018365516,2.9507577545913795,7.908030782304896,3.4228789953259997,28.770638397138487,15.170231671109377
57.0,2021,0.0,0,2.0,1,1.0,1,0.0,0,0.0,1.7740000000000002,1391324.0,1519562.0,3.0,3,23.0,314.431,"4,07",569.872,"82,91",USME,GRAN YOMASA,62.0,32.0,120.0,48.0,81.0,0.0,146.0,197.0,127124.0,61887.0,65237.0,26.98152984487587,4.877127843680186,2.5172272741575155,9.439602278090684,3.7758409112362736,6.371731537711211,31.832210318806855,22.379937765378543
23.0,2021,0.0,0,0.0,0,5.0,1,32.0,1,14.0,3.5728571428571425,209118.0,255647.0,7.0,5,41.0,981.613,"3,41",1.388.086,"91,6",SUBA,CASA BLANCA SUBA,27.0,0.0,24.0,15.0,4.0,0.0,35.0,35.0,59007.0,27543.0,31464.0,11.862999305167184,4.575728303421628,0.0,4.067314047485891,2.5420712796786824,0.6778856745809819,12.707402969901608,11.123824052885839
88.0,2021,0.0,0,0.0,0,0.0,0,0.0,0,20.0,5.9375,358776.0,369156.0,3.0,2,60.0,122.507,"2,43",2.288.835,"96,61",CHAPINERO,EL REFUGIO,46.0,2.0,13.0,4.0,5.0,0.0,36.0,34.0,38828.0,17502.0,21326.0,18.028227052642425,11.847120634593592,0.5150922015040692,3.34809930977645,1.0301844030081384,1.2877305037601732,19.426351274140096,16.880802775954233
9.0,2021,1.0,1,2.0,1,4.0,1,1.0,1,1.0,2.7445454545454546,927663.0,1059410.0,9.0,4,60.0,430.156,"3,12",1.867.529,"93,6",USAQUEN,VERBENAL,41.0,15.0,81.0,33.0,42.0,0.0,94.0,118.0,127453.0,60391.0,67062.0,16.63358257553765,3.216872101872847,1.1769044275144562,6.355283908578064,2.5891897405318036,3.2953323970404775,19.539335331423555,14.016879902180072
109.0,2021,0.0,0,0.0,0,1.0,1,0.0,0,11.0,4.123333333333334,44058.0,53832.0,12.0,3,32.0,139.298,"2,87",1.933.116,"96,03",TEUSAQUILLO,CIUDAD SALITRE ORIENTAL,41.0,0.0,14.0,5.0,5.0,0.0,25.0,40.0,24099.0,10726.0,13373.0,26.97207353002199,17.013154072783102,0.0,5.809369683389352,2.0747748869247684,2.0747748869247684,37.29256013425322,18.69438420698422
49.0,2021,0.0,0,1.0,1,0.0,0,0.0,0,2.0,2.3333333333333335,124191.0,114375.0,10.0,3,11.0,546.809,"3,98",703.807,"85,4",BOSA,APOGEO,32.0,5.0,30.0,25.0,36.0,0.0,42.0,86.0,35501.0,17036.0,18465.0,36.055322385284924,9.013830596321231,1.4084110306751922,8.450466184051153,7.042055153375961,10.140559420861385,50.48133364639587,22.74573517465475
14.0,2021,1.0,1,0.0,0,1.0,1,1.0,1,20.0,4.66,375100.0,457974.0,0.0,0,45.0,430.156,"3,12",1.867.529,"93,6",USAQUEN,USAQUEN,48.0,2.0,17.0,14.0,7.0,0.0,36.0,52.0,41886.0,19970.0,21916.0,21.00940648426682,11.459676264145537,0.4774865110060641,4.058635343551545,3.3424055770424483,1.6712027885212242,26.039058587881822,16.42635517430188
32.0,2021,0.0,0,0.0,0,1.0,1,0.0,0,0.0,1.7457142857142858,1408200.0,1428675.0,0.0,0,47.0,404.35,"3,73",706.208,"83,68",SAN CRISTOBAL,SAN BLAS,28.0,9.0,81.0,40.0,76.0,0.0,108.0,126.0,103708.0,49930.0,53778.0,22.56335094688934,2.6998881474910323,0.8678211902649747,7.8103907123847724,3.856983067844332,7.328267828904231,25.235329461245744,20.08256164230726
92.0,2021,0.0,0,0.0,0,0.0,0,0.0,0,11.0,2.5425,132324.0,86100.0,26.0,6,25.0,96.241,"3,18",896.890,"88,28",SANTA FE,LA MACARENA,18.0,4.0,7.0,2.0,1.0,0.0,12.0,20.0,12452.0,6093.0,6359.0,25.6986829424992,14.455509155155799,3.2123353678124,5.621586893671699,1.6061676839062,0.8030838419531,32.824552765468574,18.870891649630444
11.0,2021,1.0,1,1.0,1,5.0,1,6.0,1,4.0,2.3000000000000003,373404.0,436080.0,0.0,0,21.0,430.156,"3,12",1.867.529,"93,6",USAQUEN,SAN CRISTOBAL NORTE,37.0,6.0,48.0,14.0,15.0,0.0,48.0,72.0,70017.0,33225.0,36792.0,17.13869488838425,5.284430923918477,0.8569347444192125,6.8554779553537,1.9995144036448291,2.1423368610480313,21.670428893905193,13.04631441617743
36.0,2021,1.0,1,0.0,0,1.0,1,0.0,0,4.0,2.97,350595.0,343350.0,26.0,7,19.0,378.78,"3,72",591.317,"87,06",RAFAEL URIBE URIBE,SAN JOSE,54.0,7.0,31.0,25.0,45.0,0.0,51.0,111.0,48237.0,22809.0,25428.0,33.584178120529884,11.194726040176628,1.4511681903932665,6.426601986027324,5.182743537118809,9.328938366813857,48.66500065763515,20.05663048607834
53.0,2021,0.0,0,1.0,1,1.0,1,0.0,0,2.0,2.442857142857143,479920.0,461139.0,21.0,6,14.0,378.78,"3,72",591.317,"87,06",RAFAEL URIBE URIBE,MARCO FIDEL SUAREZ,38.0,22.0,40.0,17.0,37.0,0.0,63.0,91.0,45951.0,22034.0,23917.0,33.513960523165984,8.269678570651346,4.7877086461665685,8.704924811211942,3.6995930447650758,8.052055450371048,41.299809385495145,26.34109629134089
50.0,2021,0.0,0,1.0,1,0.0,0,1.0,1,1.0,1.9327272727272728,215222.0,1432186.0,1.0,1,21.0,404.35,"3,73",706.208,"83,68",SAN CRISTOBAL,LA GLORIA,40.0,25.0,96.0,27.0,51.0,2.0,115.0,122.0,95719.0,46400.0,49319.0,24.968919441281248,4.17889865126046,2.6118116570377876,10.029356763025104,2.8207565896008107,5.328095780357087,26.293103448275865,23.317585514710355
110.0,2021,3.0,1,1.0,1,0.0,0,0.0,0,11.0,4.074999999999999,71780.0,82212.0,7.0,2,29.0,317.179,"3,46",1.428.379,"90,03",FONTIBON,CIUDAD SALITRE OCCIDENTAL,61.0,1.0,16.0,11.0,6.0,0.0,42.0,53.0,45154.0,21304.0,23850.0,21.039110599282456,13.509323647960313,0.22146432209771005,3.543429153563361,2.4361075430748107,1.3287859325862605,24.877957191137817,17.61006289308176
10.0,2021,0.0,0,1.0,1,1.0,1,23.0,1,4.0,2.87125,122265.0,153495.0,5.0,2,29.0,430.156,"3,12",1.867.529,"93,6",USAQUEN,LA URIBE,29.0,0.0,8.0,10.0,6.0,0.0,25.0,28.0,36225.0,16591.0,19634.0,14.630779848171153,8.005521048999311,0.0,2.2084195997239475,2.7605244996549345,1.6563146997929605,16.876619854137786,12.733014159111745
42.0,2021,0.0,0,2.0,1,1.0,1,7.0,1,3.0,2.4250000000000003,2179040.0,2310720.0,35.0,13,66.0,182.532,"3,63",829.895,"87,19",TUNJUELITO,VENECIA,115.0,21.0,89.0,60.0,77.0,2.0,140.0,220.0,138482.0,67336.0,71146.0,26.14058144740833,8.304328360364524,1.5164425701535218,6.426828035412544,4.332693057581491,5.560289423896246,32.67197338719259,19.677845557023584
103.0,2021,0.0,0,0.0,0,0.0,0,0.0,0,7.0,3.0,10953.0,12423.0,5.0,2,15.0,230.066,"3,36",1.462.840,"92,44",BARRIOS UNIDOS,PARQUE SALITRE,10.0,0.0,9.0,2.0,1.0,0.0,11.0,11.0,1282.0,673.0,609.0,171.606864274571,78.003120124805,0.0,70.20280811232449,15.600624024960998,7.800312012480499,163.4472511144131,180.623973727422
21.0,2021,3.0,1,0.0,0,7.0,1,0.0,0,23.0,3.762,225860.0,233125.0,52.0,5,22.0,230.066,"3,36",1.462.840,"92,44",BARRIOS UNIDOS,LOS ANDES,61.0,0.0,16.0,14.0,5.0,0.0,35.0,61.0,29182.0,12994.0,16188.0,32.89699129600439,20.903296552669456,0.0,5.482831882667398,4.797477897333973,1.7133849633335618,46.9447437278744,21.620953792933037
55.0,2021,0.0,0,0.0,0,0.0,0,0.0,0,0.0,1.5539999999999998,379860.0,395955.0,0.0,0,7.0,378.78,"3,72",591.317,"87,06",RAFAEL URIBE URIBE,DIANA TURBAY,24.0,15.0,60.0,20.0,34.0,0.0,68.0,85.0,74939.0,36132.0,38807.0,20.416605505811397,3.2026047852253168,2.0016279907658228,8.006511963063291,2.668837321021097,4.537023445735866,23.524853315620504,17.522611899914963
113.0,2021,0.0,0,0.0,0,3.0,1,0.0,0,7.0,3.2925,104270.0,104965.0,8.0,3,26.0,979.914,"3,72",999.300,"88,94",KENNEDY,BAVARIA,26.0,2.0,16.0,31.0,23.0,0.0,30.0,68.0,42429.0,19776.0,22653.0,23.097409790473495,6.127884230125622,0.47137571000966316,3.7710056800773053,7.30632350514978,5.420820665111126,34.385113268608414,13.243279035889287
60.0,2021,0.0,0,0.0,0,0.0,0,0.0,0,1.0,1.11,10544.0,15584.0,0.0,0,0.0,314.431,"4,07",569.872,"82,91",USME,PARQUE ENTRENUBES,0.0,0.0,18.0,2.0,0.0,0.0,14.0,6.0,904.0,467.0,437.0,221.23893805309734,0.0,0.0,199.1150442477876,22.123893805309734,0.0,128.4796573875803,320.3661327231121
60.0,2021,0.0,0,0.0,0,0.0,0,0.0,0,1.0,1.11,10544.0,15584.0,0.0,0,0.0,314.431,"4,07",569.872,"82,91",USME,PARQUE ENTRENUBES,0.0,0.0,18.0,2.0,0.0,0.0,14.0,6.0,904.0,467.0,437.0,221.23893805309734,0.0,0.0,199.1150442477876,22.123893805309734,0.0,128.4796573875803,320.3661327231121
90.0,2021,0.0,0,1.0,1,4.0,1,1.0,1,24.0,3.05,275954.0,520674.0,22.0,10,60.0,122.507,"2,43",2.288.835,"96,61",CHAPINERO,PARDO RUBIO,65.0,6.0,52.0,16.0,15.0,0.0,75.0,79.0,49773.0,24378.0,25395.0,30.94046973258594,13.059289172844714,1.2054728467241276,10.447431338275772,3.2145942579310067,3.013682116810319,32.406267946509146,29.533372711163615
67.0,2021,0.0,0,1.0,1,1.0,1,0.0,0,0.0,1.256470588235294,2609568.0,2765373.0,2.0,1,30.0,593.937,"4,09",505.335,"83,5",CIUDAD BOLIVAR,LUCERO,86.0,58.0,170.0,46.0,136.0,3.0,206.0,287.0,161398.0,80209.0,81189.0,30.731483661507575,5.328442731632363,3.593600912031128,10.532968190436064,2.850097275059171,8.426374552348852,35.78152077697017,25.37289534296518
83.0,2021,0.0,0,0.0,0,0.0,0,0.0,0,1.0,2.0,24432.0,29572.0,1.0,1,11.0,979.914,"3,72",999.300,"88,94",KENNEDY,LAS MARGARITAS,15.0,6.0,18.0,16.0,9.0,0.0,22.0,42.0,33332.0,15905.0,17427.0,19.20076803072123,4.500180007200288,1.8000720028801154,5.400216008640346,4.800192007680307,2.700108004320173,26.406790317510218,12.624089057210075
101.0,2021,1.0,1,0.0,0,3.0,1,0.0,0,20.0,3.8711111111111105,267970.0,273160.0,65.0,10,59.0,139.298,"2,87",1.933.116,"96,03",TEUSAQUILLO,TEUSAQUILLO,91.0,5.0,28.0,35.0,21.0,1.0,53.0,126.0,27179.0,12742.0,14437.0,66.2276021928695,33.481732219728464,1.839655616468597,10.302071452224144,12.87758931528018,7.726553589168108,98.88557526291007,36.711228094479466
54.0,2021,0.0,0,0.0,0,0.0,0,0.0,0,2.0,1.83,984621.0,1061115.0,21.0,8,28.0,378.78,"3,72",591.317,"87,06",RAFAEL URIBE URIBE,MARRUECOS,50.0,24.0,57.0,48.0,75.0,0.0,86.0,168.0,120683.0,63530.0,57153.0,21.046874870528573,4.143085604434758,1.9886810901286842,4.723117589055625,3.9773621802573684,6.214628406652138,26.444199590744528,15.047329099084912
78.0,2021,0.0,0,1.0,1,0.0,0,0.0,0,4.0,1.956,79812.0,176088.0,0.0,0,25.0,979.914,"3,72",999.300,"88,94",KENNEDY,TINTAL NORTE,12.0,9.0,15.0,35.0,29.0,0.0,33.0,67.0,31602.0,14816.0,16786.0,31.64356686285678,3.7972280235428135,2.84792101765711,4.746535029428517,11.075248401999874,9.176634390228466,45.221382289416844,19.65923984272608
100.0,2021,2.0,1,2.0,1,2.0,1,1.0,1,13.0,3.59625,300195.0,309096.0,38.0,9,56.0,139.298,"2,87",1.933.116,"96,03",TEUSAQUILLO,GALERIAS,109.0,4.0,35.0,24.0,23.0,1.0,85.0,109.0,36268.0,16800.0,19468.0,53.76640564685122,30.054042130804017,1.1029006286533585,9.650380500716885,6.61740377192015,6.341678614756811,64.88095238095238,43.66139305527018
34.0,2021,0.0,0,2.0,1,2.0,1,1.0,1,2.0,2.346363636363636,864012.0,1108236.0,26.0,12,30.0,404.35,"3,73",706.208,"83,68",SAN CRISTOBAL,20 DE JULIO,69.0,9.0,54.0,27.0,52.0,0.0,81.0,130.0,79989.0,38719.0,41270.0,26.378627061220918,8.62618610058883,1.1251547087724563,6.750928252634737,3.3754641263173686,6.5008938729075245,33.57524729460988,19.626847589047735
106.0,2021,1.0,1,0.0,0,3.0,1,1.0,1,4.0,4.164,167560.0,168920.0,17.0,5,30.0,139.298,"2,87",1.933.116,"96,03",TEUSAQUILLO,LA ESMERALDA,25.0,4.0,16.0,17.0,11.0,0.0,25.0,48.0,38617.0,17206.0,21411.0,18.90359168241966,6.473832767951938,1.0358132428723101,4.1432529714892405,4.402206282207318,2.8484864178988527,27.89724514704173,11.676241184437904
91.0,2021,2.0,1,1.0,1,0.0,0,1.0,1,14.0,3.3285714285714287,96894.0,41153.0,42.0,7,37.0,96.241,"3,18",896.890,"88,28",SANTA FE,SAGRADO CORAZON,67.0,2.0,145.0,12.0,13.0,3.0,119.0,117.0,11465.0,5724.0,5741.0,208.46053205407765,58.43872655909289,1.7444395987788923,126.4718709114697,10.466637592673354,11.3388573920628,204.40251572327043,207.2809615049643
95.0,2021,0.0,0,0.0,0,1.0,1,0.0,0,13.0,2.0,260205.0,69723.0,19.0,3,15.0,96.241,"3,18",896.890,"88,28",SANTA FE,LAS CRUCES,31.0,9.0,20.0,5.0,11.0,0.0,30.0,46.0,21364.0,10777.0,10587.0,35.57386257255195,14.510391312488299,4.2126942520127315,9.361542782250515,2.3403856955626288,5.148848530237783,42.68349262317899,28.336639274582033
40.0,2021,2.0,1,0.0,0,3.0,1,0.0,0,5.0,3.0,1219392.0,1267944.0,21.0,8,62.0,250.715,"3,55",1.116.511,"90,43",PUENTE ARANDA,CIUDAD MONTES,73.0,5.0,58.0,117.0,64.0,0.0,113.0,204.0,101529.0,47781.0,53748.0,31.222606348924934,7.190063922623094,0.4924701316865132,5.712653527563553,11.52380108146441,6.303617685587369,42.69479500219752,21.024038103743393
117.0,2021,0.0,0,0.0,0,0.0,0,0.0,0,7.0,3.0,824.0,1670.0,1.0,1,17.0,317.179,"3,46",1.428.379,"90,03",FONTIBON,AEROPUERTO EL DORADO,18.0,2.0,4.0,2.0,1.0,0.0,10.0,17.0,853.0,576.0,277.0,316.52989449003513,211.01992966002345,23.446658851113714,46.89331770222743,23.446658851113714,11.723329425556857,295.13888888888886,361.01083032490976
64.0,2021,0.0,0,0.0,0,0.0,0,0.0,0,0.0,1.0,5590.0,25895.0,0.0,0,7.0,593.937,"4,09",505.335,"83,5",CIUDAD BOLIVAR,MONTE BLANCO,0.0,16.0,26.0,1.0,10.0,0.0,24.0,29.0,6257.0,3179.0,3078.0,84.7051302541154,0.0,25.57136007671408,41.553460124660376,1.59821000479463,15.9821000479463,91.22365523749606,77.97270955165692
48.0,2021,0.0,0,1.0,1,0.0,0,0.0,0,5.0,2.7455555555555557,1310472.0,1325682.0,5.0,3,18.0,979.914,"3,72",999.300,"88,94",KENNEDY,TIMIZA,59.0,9.0,87.0,103.0,110.0,0.0,130.0,238.0,143607.0,68959.0,74648.0,25.62549179357552,4.1084348256004235,0.6267103971254883,6.058200505546387,7.172352322658367,7.659793742644857,34.51326150321206,17.415068052727467
98.0,2021,1.0,1,3.0,1,8.0,1,1.0,1,26.0,3.0542105263157895,1522242.0,1559634.0,99.0,19,81.0,230.066,"3,36",1.462.840,"92,44",BARRIOS UNIDOS,LOS ALCAZARES,130.0,8.0,58.0,56.0,58.0,2.0,107.0,201.0,40566.0,19750.0,20816.0,76.41867573830301,32.046541438643196,1.9720948577626585,14.297687718779274,13.804664004338608,14.297687718779274,101.77215189873417,51.402767102229056
28.0,2021,3.0,1,9.0,1,15.0,1,9.0,1,13.0,2.287857142857143,3797108.0,4228084.0,17.0,6,49.0,981.613,"3,41",1.388.086,"91,6",SUBA,EL RINCON,154.0,20.0,158.0,46.0,181.0,2.0,225.0,332.0,272505.0,130755.0,141750.0,20.5133850755032,5.651272453716445,0.7339314874956423,5.798058751215574,1.6880424212399774,6.642079961835563,25.390998432182325,15.873015873015873
17.0,2021,1.0,1,0.0,0,4.0,1,0.0,0,6.0,4.285,226840.0,238870.0,6.0,2,32.0,981.613,"3,41",1.388.086,"91,6",SUBA,SAN JOSE DE BAVARIA,37.0,3.0,17.0,20.0,14.0,0.0,32.0,59.0,48272.0,22557.0,25715.0,18.85150812064965,7.664898906198211,0.6214782896917468,3.5217103082532315,4.143188597944978,2.9002320185614847,26.15596045573436,12.444098775034028
24.0,2021,4.0,1,2.0,1,14.0,1,2.0,1,13.0,4.819999999999999,859833.0,845949.0,36.0,12,69.0,981.613,"3,41",1.388.086,"91,6",SUBA,NIZA,60.0,3.0,149.0,29.0,21.0,0.0,167.0,95.0,79640.0,36747.0,42893.0,32.898041185334,7.533902561526871,0.3766951280763436,18.70919136112506,3.641386238071321,2.636865896534405,25.85245054018015,38.934091809852426
44.0,2021,2.0,1,2.0,1,2.0,1,0.0,0,8.0,3.22875,673424.0,676672.0,20.0,7,33.0,979.914,"3,72",999.300,"88,94",KENNEDY,AMERICAS,82.0,14.0,50.0,94.0,54.0,1.0,90.0,203.0,80454.0,38038.0,42416.0,36.54262062793646,10.192159494866631,1.740124791806498,6.2147313993089215,11.683695030700774,6.711909911253636,53.367684946632316,21.21840814786873
62.0,2021,0.0,0,1.0,1,2.0,1,0.0,0,1.0,2.024,338366.0,403893.0,26.0,7,26.0,182.532,"3,63",829.895,"87,19",TUNJUELITO,TUNJUELITO,39.0,7.0,50.0,8.0,37.0,0.0,55.0,86.0,40570.0,20186.0,20384.0,34.75474488538329,9.61301454276559,1.7254128666502342,12.324377618930244,1.9719004190288392,9.12003943800838,42.603784801347466,26.981946624803765
69.0,2021,1.0,1,1.0,1,2.0,1,1.0,1,1.0,1.3691666666666666,1779216.0,1964304.0,13.0,6,22.0,593.937,"4,09",505.335,"83,5",CIUDAD BOLIVAR,ISMAEL PERDOMO,78.0,50.0,138.0,78.0,149.0,0.0,183.0,310.0,164827.0,80707.0,84120.0,29.910148216008302,4.732234403344112,3.0334835918872516,8.372414713608814,4.732234403344112,9.03978110382401,38.410546792719344,21.754636233951498
93.0,2021,5.0,1,5.0,1,5.0,1,1.0,1,8.0,2.932857142857143,332178.0,96411.0,80.0,7,52.0,96.241,"3,18",896.890,"88,28",SANTA FE,LAS NIEVES,131.0,22.0,37.0,11.0,18.0,0.0,90.0,129.0,17660.0,9118.0,8542.0,124.00906002265006,74.17893544733862,12.457531143827861,20.951302378255946,6.2287655719139305,10.192525481313703,141.4783943847335,105.36174198080076
18.0,2021,0.0,0,1.0,1,5.0,1,5.0,1,7.0,3.272,300834.0,346380.0,10.0,3,25.0,981.613,"3,41",1.388.086,"91,6",SUBA,BRITALIA,34.0,1.0,33.0,29.0,5.0,0.0,39.0,63.0,91263.0,42547.0,48716.0,11.176489924723052,3.725496641574351,0.10957343063453974,3.6159232109398114,3.1776294884016525,0.5478671531726986,14.80715444097116,8.005583381229986
15.0,2022,2.0,1,0.0,0,0.0,0,0.0,0,18.0,5.395,175550.0,49356.0,6.0,2,21.0,430.156,"3,12",1.867.529,"93,6",USAQUEN,COUNTRY CLUB,15.0,1.0,0.0,4.0,0.0,0.0,6.0,14.0,24743.0,11179.0,13564.0,8.083094208463,6.062320656347249,0.40415471042315004,0.0,1.6166188416926002,0.0,12.523481527864746,4.423473901503981
86.0,2022,0.0,0,0.0,0,0.0,0,0.0,0,0.0,1.568,321440.0,368145.0,0.0,0,33.0,546.809,"3,98",703.807,"85,4",BOSA,EL PORVENIR,38.0,7.0,0.0,44.0,55.0,0.0,27.0,117.0,150905.0,72055.0,78850.0,9.542427354958418,2.5181405520029156,0.4638679964215897,0.0,2.9157416917928494,3.6446771147410626,16.237596280618973,3.4242232086239697
71.0,2022,0.0,0,0.0,0,4.0,1,0.0,0,10.0,2.105,2325960.0,2670912.0,0.0,0,22.0,981.613,"3,41",1.388.086,"91,6",SUBA,TIBABUYES,67.0,32.0,0.0,47.0,108.0,0.0,48.0,206.0,308559.0,149557.0,159002.0,8.23181304061784,2.1713837548086428,1.0370788082668145,0.0,1.5232094996418837,3.500140977900499,13.774012583830915,3.0188299518245056
29.0,2022,3.0,1,2.0,1,3.0,1,0.0,0,15.0,2.713333333333334,1291554.0,1329381.0,30.0,9,32.0,824.337,"3,41",1.089.512,"91,78",ENGATIVA,MINUTO DE DIOS,84.0,9.0,0.0,73.0,69.0,0.0,59.0,176.0,107025.0,50235.0,56790.0,21.957486568558746,7.8486334968465306,0.8409250175192712,0.0,6.8208362532118665,6.447091800981079,35.03533393052653,10.38915301989787
80.0,2022,0.0,0,1.0,1,1.0,1,0.0,0,10.0,2.0025,247816.0,277108.0,11.0,4,19.0,979.914,"3,72",999.300,"88,94",KENNEDY,CORABASTOS,35.0,18.0,0.0,19.0,48.0,0.0,19.0,101.0,56865.0,28410.0,28455.0,21.102611448166712,6.154928339048624,3.1653917172250066,0.0,3.341246812626396,8.441044579266684,35.55086237240408,6.67720962923915
99.0,2022,8.0,1,3.0,1,2.0,1,0.0,0,36.0,3.692,79566.0,121692.0,22.0,6,62.0,122.507,"2,43",2.288.835,"96,61",CHAPINERO,CHAPINERO,161.0,10.0,0.0,20.0,24.0,0.0,67.0,148.0,24533.0,12186.0,12347.0,87.6370602861452,65.62589165613663,4.076142338890474,0.0,8.152284677780948,9.782741613337139,121.45084523223372,54.26419373127075
3.0,2022,0.0,0,0.0,0,0.0,0,0.0,0,0.0,6.0,0.0,1169.0,0.0,0,26.0,981.613,"3,41",1.388.086,"91,6",SUBA,GUAYMARAL,2.0,0.0,0.0,2.0,1.0,0.0,2.0,3.0,2446.0,1200.0,1246.0,20.441537203597708,8.176614881439084,0.0,0.0,8.176614881439084,4.088307440719542,25.0,16.051364365971107
97.0,2022,19.0,1,3.0,1,7.0,1,0.0,0,28.0,5.211875,94384.0,420656.0,63.0,15,98.0,122.507,"2,43",2.288.835,"96,61",CHAPINERO,CHICO LAGO,244.0,1.0,0.0,17.0,5.0,0.0,102.0,165.0,36008.0,16870.0,19138.0,74.1501888469229,67.76271939568984,0.2777160630970895,0.0,4.721173072650522,1.3885803154854477,97.8067575577949,53.29710523565681
94.0,2022,4.0,1,0.0,0,1.0,1,0.0,0,7.0,2.40875,203598.0,216855.0,43.0,8,36.0,22.115,"2,83",1.050.888,"88,9",CANDELARIA,LA CANDELARIA,71.0,3.0,0.0,19.0,13.0,0.0,37.0,69.0,17171.0,8942.0,8229.0,61.73198998311106,41.34878574340458,1.7471317919748415,0.0,11.065168015840662,7.5709044318909795,77.16394542607918,44.96293595819662
76.0,2022,0.0,0,0.0,0,3.0,1,0.0,0,5.0,2.186666666666667,120020.0,128536.0,0.0,0,21.0,317.179,"3,46",1.428.379,"90,03",FONTIBON,FONTIBON SAN PABLO,41.0,1.0,0.0,12.0,10.0,0.0,22.0,42.0,33742.0,16516.0,17226.0,18.967458953233358,12.151028391915121,0.2963665461442712,0.0,3.5563985537312552,2.9636654614427123,25.42988617098571,12.77139208173691
114.0,2022,4.0,1,0.0,0,2.0,1,0.0,0,17.0,3.8,191930.0,197050.0,9.0,4,24.0,317.179,"3,46",1.428.379,"90,03",FONTIBON,MODELIA,45.0,1.0,0.0,38.0,14.0,0.0,34.0,64.0,43395.0,20004.0,23391.0,22.583246917847678,10.369858278603525,0.23044129508007835,0.0,8.756769213042977,3.2261781311210966,31.99360127974405,14.53550510880253
89.0,2022,0.0,0,0.0,0,0.0,0,0.0,0,0.0,2.0666666666666664,28245.0,48603.0,0.0,0,3.0,122.507,"2,43",2.288.835,"96,61",CHAPINERO,SAN ISIDRO - PATIOS,3.0,2.0,0.0,1.0,4.0,0.0,2.0,8.0,16570.0,8137.0,8433.0,6.035003017501509,1.8105009052504526,1.2070006035003016,0.0,0.6035003017501508,2.414001207000603,9.831633280078652,2.3716352424997034
38.0,2022,2.0,1,5.0,1,5.0,1,0.0,0,7.0,3.008,1246305.0,1155330.0,52.0,15,75.0,119.565,"3,92",1.095.184,"90,79",ANTONIO NARIÑO,RESTREPO,99.0,14.0,0.0,90.0,85.0,0.0,70.0,218.0,54757.0,25932.0,28825.0,52.59601512135435,18.079880197965558,2.5567507350658367,0.0,16.436254725423233,15.523129462899721,84.06601881844824,24.284475281873373
52.0,2022,0.0,0,0.0,0,0.0,0,0.0,0,0.0,1.0,614920.0,740280.0,0.0,0,176.0,314.431,"4,07",569.872,"82,91",USME,LA FLORA,4.0,22.0,0.0,8.0,18.0,0.0,12.0,40.0,19750.0,9802.0,9948.0,26.32911392405063,2.0253164556962027,11.139240506329113,0.0,4.050632911392405,9.11392405063291,40.80799836768007,12.0627261761158
96.0,2022,0.0,0,0.0,0,1.0,1,0.0,0,4.0,1.7264285714285716,628474.0,648214.0,4.0,2,16.0,96.241,"3,18",896.890,"88,28",SANTA FE,LOURDES,21.0,5.0,0.0,16.0,18.0,0.0,17.0,43.0,46044.0,22372.0,23672.0,13.031013812874642,4.560854834506125,1.0859178177395534,0.0,3.474937016766571,3.9093041438623923,19.22045413910245,7.181480229807367
84.0,2022,0.0,0,1.0,1,4.0,1,0.0,0,2.0,1.98,990222.0,1073760.0,1.0,1,30.0,546.809,"3,98",703.807,"85,4",BOSA,BOSA OCCIDENTAL,73.0,39.0,0.0,77.0,163.0,0.0,53.0,299.0,199880.0,97718.0,102162.0,17.61056633980388,3.652191314788873,1.9511707024214529,0.0,3.852311386832099,8.154892935761456,30.598252113223765,5.1878389224956445
111.0,2022,3.0,1,0.0,0,1.0,1,0.0,0,9.0,2.9375,64585.0,73290.0,16.0,5,63.0,250.715,"3,55",1.116.511,"90,43",PUENTE ARANDA,PUENTE ARANDA,54.0,3.0,0.0,20.0,52.0,0.0,28.0,101.0,12670.0,10287.0,2383.0,101.81531176006314,42.62036306235201,2.3677979479084454,0.0,15.785319652722968,41.041831097079715,98.18217167298532,117.4989509022241
112.0,2022,1.0,1,1.0,1,3.0,1,0.0,0,23.0,3.1133333333333333,126427.0,160027.0,0.0,0,71.0,317.179,"3,46",1.428.379,"90,03",FONTIBON,GRANJAS DE TECHO,59.0,1.0,0.0,31.0,44.0,0.0,38.0,97.0,53534.0,24780.0,28754.0,25.217618709605112,11.021033361975567,0.1867971756267045,0.0,5.79071244442784,8.219075727575,39.14447134786118,13.215552618766084
75.0,2022,4.0,1,3.0,1,8.0,1,0.0,0,10.0,2.913,1316550.0,1374890.0,0.0,0,58.0,317.179,"3,46",1.428.379,"90,03",FONTIBON,FONTIBON,89.0,14.0,0.0,47.0,56.0,0.0,42.0,164.0,130396.0,62011.0,68385.0,15.798030614436026,6.825362741188379,1.0736525660296328,0.0,3.6044050430994816,4.294610264118531,26.44692070761639,6.141697740732616
12.0,2022,3.0,1,2.0,1,6.0,1,0.0,0,11.0,3.378,256245.0,260090.0,9.0,3,42.0,430.156,"3,12",1.867.529,"93,6",USAQUEN,TOBERIN,43.0,0.0,0.0,23.0,9.0,0.0,24.0,51.0,61040.0,28090.0,32950.0,12.287024901703802,7.0445609436435115,0.0,0.0,3.768020969855832,1.4744429882044563,18.155927376290496,7.283763277693475
16.0,2022,8.0,1,2.0,1,9.0,1,0.0,0,32.0,5.738888888888889,464238.0,463266.0,18.0,6,60.0,430.156,"3,12",1.867.529,"93,6",USAQUEN,SANTA BARBARA,74.0,0.0,0.0,12.0,7.0,0.0,34.0,59.0,72809.0,32920.0,39889.0,12.773146176983616,10.16357867846008,0.0,0.0,1.6481478938043375,0.9614196047191967,17.922235722964764,8.523653137456442
82.0,2022,0.0,0,1.0,1,2.0,1,0.0,0,5.0,1.9566666666666668,963012.0,1044870.0,9.0,4,29.0,979.914,"3,72",999.300,"88,94",KENNEDY,PATIO BONITO,70.0,31.0,0.0,37.0,134.0,0.0,61.0,211.0,138518.0,68830.0,69688.0,19.636437141743308,5.053494852654529,2.2379762918898627,0.0,2.671132993545965,9.673833003652955,30.655237541769576,8.753300424750316
35.0,2022,1.0,1,0.0,0,2.0,1,0.0,0,4.0,2.666,168705.0,154565.0,35.0,5,22.0,119.565,"3,92",1.095.184,"90,79",ANTONIO NARIÑO,CIUDAD JARDIN,24.0,7.0,0.0,21.0,19.0,0.0,16.0,55.0,26034.0,12260.0,13774.0,27.272028885303833,9.218713989398479,2.688791580241223,0.0,8.066374740723669,7.298148574940462,44.86133768352365,11.616088282270946
68.0,2022,0.0,0,0.0,0,1.0,1,0.0,0,0.0,1.055,351536.0,380992.0,0.0,0,13.0,593.937,"4,09",505.335,"83,5",CIUDAD BOLIVAR,EL TESORO,8.0,18.0,0.0,18.0,48.0,0.0,5.0,87.0,54271.0,27037.0,27234.0,16.951963295314254,1.4740837648099354,3.3166884708223545,0.0,3.3166884708223545,8.844502588859612,32.17812627140585,1.835940368656826
27.0,2022,4.0,1,5.0,1,7.0,1,0.0,0,11.0,2.840909090909091,1497236.0,1751217.0,16.0,6,48.0,981.613,"3,41",1.388.086,"91,6",SUBA,SUBA,73.0,15.0,0.0,29.0,87.0,0.0,45.0,159.0,187097.0,87903.0,99194.0,10.903435116543823,3.9017194289593102,0.8017231703341048,0.0,1.5499981293126024,4.649994387937808,18.088119859390464,4.536564711575297
22.0,2022,3.0,1,1.0,1,5.0,1,0.0,0,16.0,3.292222222222222,847206.0,887247.0,37.0,8,38.0,230.066,"3,36",1.462.840,"92,44",BARRIOS UNIDOS,DOCE DE OCTUBRE,75.0,4.0,0.0,40.0,23.0,0.0,34.0,108.0,70398.0,33818.0,36580.0,20.17102758601097,10.653711753174807,0.568197960169323,0.0,5.68197960169323,3.267138270973607,31.935655568040687,9.294696555494806
105.0,2022,1.0,1,0.0,0,0.0,0,0.0,0,11.0,2.67,1601.0,2464.0,4.0,1,11.0,824.337,"3,41",1.089.512,"91,78",ENGATIVA,JARDIN BOTANICO,4.0,0.0,0.0,2.0,1.0,0.0,1.0,6.0,3379.0,2022.0,1357.0,20.716188221367265,11.837821840781297,0.0,0.0,5.9189109203906485,2.9594554601953242,29.673590504451038,7.369196757553427
104.0,2022,1.0,1,0.0,0,0.0,0,0.0,0,23.0,4.0,19494.0,20424.0,21.0,5,34.0,139.298,"2,87",1.933.116,"96,03",TEUSAQUILLO,PARQUE SIMON BOLIVAR - CAN,27.0,2.0,0.0,1.0,4.0,0.0,12.0,22.0,3139.0,1650.0,1489.0,108.3147499203568,86.01465434851863,6.371455877668048,0.0,3.185727938834024,12.742911755336095,133.33333333333334,80.59100067159167
74.0,2022,0.0,0,0.0,0,3.0,1,0.0,0,4.0,2.0016666666666665,712512.0,784968.0,0.0,0,15.0,824.337,"3,41",1.089.512,"91,78",ENGATIVA,ENGATIVA,43.0,8.0,0.0,38.0,83.0,0.0,29.0,143.0,145990.0,70530.0,75460.0,11.781628878690322,2.9454072196725805,0.5479827385437358,0.0,2.602918008082745,5.68532091239126,20.27506025804622,3.8430956798303737
47.0,2022,5.0,1,0.0,0,2.0,1,0.0,0,7.0,3.0,865592.0,770256.0,9.0,4,28.0,979.914,"3,72",999.300,"88,94",KENNEDY,KENNEDY CENTRAL,56.0,8.0,0.0,90.0,157.0,0.0,62.0,249.0,93458.0,44314.0,49144.0,33.27698003381198,5.9919964048021574,0.8559994864003082,0.0,9.629994222003466,16.798989920606047,56.18991740759128,12.61598567475175
70.0,2022,0.0,0,0.0,0,0.0,0,0.0,0,1.0,1.1733333333333331,789975.0,888237.0,0.0,0,23.0,593.937,"4,09",505.335,"83,5",CIUDAD BOLIVAR,JERUSALEM,36.0,27.0,0.0,36.0,79.0,0.0,33.0,145.0,102706.0,50382.0,52324.0,17.33102253032929,3.505150624111542,2.628862968083656,0.0,3.505150624111542,7.69185831402255,28.780119884085586,6.306857273908722
66.0,2022,0.0,0,0.0,0,0.0,0,0.0,0,1.0,1.8425,597168.0,609704.0,4.0,3,26.0,593.937,"4,09",505.335,"83,5",CIUDAD BOLIVAR,SAN FRANCISCO,32.0,12.0,0.0,29.0,94.0,0.0,31.0,136.0,70388.0,34476.0,35912.0,23.725635051429222,4.546229470932546,1.7048360515997045,0.0,4.120020458032619,13.354549070864353,39.447731755424066,8.632212073958565
65.0,2022,0.0,0,0.0,0,1.0,1,0.0,0,2.0,2.463333333333334,349194.0,364512.0,9.0,3,21.0,593.937,"4,09",505.335,"83,5",CIUDAD BOLIVAR,ARBORIZADORA,42.0,11.0,0.0,48.0,109.0,0.0,40.0,170.0,86615.0,41438.0,45177.0,24.24522311377937,4.849044622755874,1.269987877388443,0.0,5.541765283149569,12.584425330485482,41.02514600125489,8.854062908116962
79.0,2022,0.0,0,0.0,0,0.0,0,0.0,0,4.0,2.1333333333333333,167274.0,204984.0,3.0,2,22.0,979.914,"3,72",999.300,"88,94",KENNEDY,CALANDAIMA,38.0,5.0,0.0,86.0,91.0,0.0,46.0,174.0,144820.0,68595.0,76225.0,15.191271923767436,2.623946968650739,0.34525618008562353,0.0,5.938406297472724,6.283662477558348,25.366280341132732,6.034765496884225
59.0,2022,0.0,0,0.0,0,0.0,0,0.0,0,0.0,1.0,163808.0,216380.0,0.0,0,6.0,314.431,"4,07",569.872,"82,91",USME,ALFONSO LOPEZ,19.0,13.0,0.0,14.0,18.0,0.0,9.0,55.0,52034.0,25726.0,26308.0,12.29965022869662,3.65145866164431,2.4983664527040013,0.0,2.6905484875273857,3.4592766268209245,21.379149498561766,3.421012619735442
45.0,2022,0.0,0,1.0,1,4.0,1,0.0,0,11.0,2.7914285714285714,737583.0,674359.0,9.0,4,35.0,979.914,"3,72",999.300,"88,94",KENNEDY,CARVAJAL,68.0,9.0,0.0,104.0,94.0,0.0,55.0,220.0,89015.0,43052.0,45963.0,30.89366960624614,7.639161938999045,1.0110655507498736,0.0,11.68342414199854,10.560017974498681,51.1009941466134,11.966146683201707
20.0,2022,2.0,1,1.0,1,8.0,1,0.0,0,47.0,4.996666666666667,231126.0,219822.0,33.0,6,26.0,981.613,"3,41",1.388.086,"91,6",SUBA,LA ALHAMBRA,58.0,1.0,0.0,10.0,1.0,0.0,21.0,49.0,39439.0,18140.0,21299.0,17.74892872537336,14.70625522959507,0.2535561246481909,0.0,2.5355612464819086,0.2535561246481909,27.01212789415656,9.859617822432977
51.0,2022,0.0,0,0.0,0,1.0,1,0.0,0,0.0,1.68875,263745.0,660861.0,0.0,0,15.0,404.35,"3,73",706.208,"83,68",SAN CRISTOBAL,LOS LIBERTADORES,20.0,6.0,0.0,9.0,29.0,0.0,13.0,51.0,78104.0,37831.0,40273.0,8.194202601659326,2.5606883130185394,0.7682064939055618,0.0,1.1523097408583427,3.712998053876882,13.481007639237662,3.227969110818663
115.0,2022,4.0,1,2.0,1,0.0,0,0.0,0,17.0,3.314,77135.0,83285.0,6.0,3,26.0,317.179,"3,46",1.428.379,"90,03",FONTIBON,CAPELLANIA,25.0,3.0,0.0,3.0,16.0,0.0,20.0,27.0,17835.0,8373.0,9462.0,26.352677319876648,14.017381553125876,1.682085786375105,0.0,1.682085786375105,8.971124194000561,32.246506628448586,21.137180300147957
43.0,2022,0.0,0,0.0,0,5.0,1,0.0,0,8.0,3.0,844074.0,844239.0,17.0,8,31.0,250.715,"3,55",1.116.511,"90,43",PUENTE ARANDA,SAN RAFAEL,48.0,1.0,0.0,72.0,59.0,0.0,35.0,145.0,72673.0,34314.0,38359.0,24.768483480797546,6.604928928212679,0.13760268600443082,0.0,9.907393392319017,8.118558474261418,42.25680480270444,9.12432545165411
25.0,2022,5.0,1,2.0,1,4.0,1,0.0,0,25.0,4.04,127070.0,126620.0,24.0,5,25.0,981.613,"3,41",1.388.086,"91,6",SUBA,LA FLORESTA,22.0,2.0,0.0,7.0,9.0,0.0,11.0,29.0,44657.0,20574.0,24083.0,8.95716237096088,4.9264393040284835,0.44785811854804397,0.0,1.567503414918154,2.015361533466198,14.095460289686011,4.567537266951792
56.0,2022,0.0,0,0.0,0,0.0,0,0.0,0,0.0,1.508,205135.0,253351.0,6.0,6,8.0,314.431,"4,07",569.872,"82,91",USME,DANUBIO,18.0,8.0,0.0,9.0,39.0,0.0,10.0,64.0,57802.0,27868.0,29934.0,12.802325179059547,3.1140790976090793,1.3840351544929241,0.0,1.5570395488045397,6.747171378153006,22.96540835366729,3.3406828355715907
26.0,2022,4.0,1,3.0,1,8.0,1,0.0,0,21.0,3.0646153846153847,1441973.0,1441167.0,19.0,5,69.0,824.337,"3,41",1.089.512,"91,78",ENGATIVA,LAS FERIAS,103.0,7.0,0.0,106.0,79.0,0.0,63.0,232.0,101386.0,48275.0,53111.0,29.09671946817115,10.159193577022469,0.6904306314481289,0.0,10.455092419071667,7.792002840628884,48.05800103573278,11.861949501986405
102.0,2022,2.0,1,2.0,1,5.0,1,0.0,0,20.0,2.8186666666666667,764715.0,782955.0,131.0,15,94.0,94.944,"3,53",1.059.511,"89,78",LOS MARTIRES,LA SABANA,195.0,46.0,0.0,48.0,107.0,0.0,89.0,307.0,39345.0,18509.0,20836.0,100.6481128478841,49.561570720548985,11.69144745202694,0.0,12.199771254288983,27.19532342101919,165.86525474093685,42.7145325398349
2.0,2022,0.0,0,0.0,0,0.0,0,0.0,0,3.0,5.058,10545.0,13800.0,3.0,2,95.0,981.613,"3,41",1.388.086,"91,6",SUBA,LA ACADEMIA,4.0,1.0,0.0,4.0,1.0,0.0,2.0,8.0,6160.0,2976.0,3184.0,16.233766233766236,6.4935064935064934,1.6233766233766234,0.0,6.4935064935064934,1.6233766233766234,26.881720430107528,6.28140703517588
116.0,2022,2.0,1,1.0,1,2.0,1,0.0,0,17.0,3.155,24638.0,27282.0,3.0,1,17.0,824.337,"3,41",1.089.512,"91,78",ENGATIVA,ALAMOS,28.0,1.0,0.0,12.0,10.0,0.0,16.0,35.0,12361.0,5789.0,6572.0,41.25879783189062,22.65188900574387,0.808996035919424,0.0,9.707952431033087,8.08996035919424,60.45949214026602,24.345709068776628
81.0,2022,1.0,1,0.0,0,1.0,1,0.0,0,6.0,2.0025,290204.0,283616.0,1.0,1,16.0,979.914,"3,72",999.300,"88,94",KENNEDY,GRAN BRITALIA,42.0,12.0,0.0,62.0,95.0,0.0,31.0,180.0,62604.0,30648.0,31956.0,33.703916682640084,6.708836496070538,1.9168104274487252,0.0,9.903520541818414,15.17474921730241,58.73140172278779,9.700838653148079
52.0,2022,0.0,0,0.0,0,0.0,0,0.0,0,0.0,1.0,614920.0,740280.0,0.0,0,176.0,314.431,"4,07",569.872,"82,91",USME,LA FLORA,4.0,22.0,0.0,8.0,18.0,0.0,12.0,40.0,19750.0,9802.0,9948.0,26.32911392405063,2.0253164556962027,11.139240506329113,0.0,4.050632911392405,9.11392405063291,40.80799836768007,12.0627261761158
33.0,2022,0.0,0,0.0,0,2.0,1,0.0,0,2.0,2.8193333333333332,1647904.0,748256.0,42.0,13,30.0,404.35,"3,73",706.208,"83,68",SAN CRISTOBAL,SOSIEGO,47.0,5.0,0.0,18.0,38.0,0.0,23.0,85.0,44213.0,21410.0,22803.0,24.427204668310225,10.630357587135006,1.1308891050143624,0.0,4.071200778051704,8.594757198109154,39.70107426436245,10.086392141384906
19.0,2022,4.0,1,8.0,1,12.0,1,0.0,0,25.0,3.51625,692512.0,712104.0,25.0,8,34.0,981.613,"3,41",1.388.086,"91,6",SUBA,EL PRADO,66.0,6.0,0.0,42.0,21.0,0.0,40.0,95.0,98532.0,45765.0,52767.0,13.70113262696383,6.69833150651565,0.608939227865059,0.0,4.262574595055414,2.131287297527707,20.75822134819185,7.5804953853734345
41.0,2022,1.0,1,0.0,0,2.0,1,0.0,0,8.0,3.0,523602.0,513468.0,24.0,8,22.0,250.715,"3,55",1.116.511,"90,43",PUENTE ARANDA,MUZU,53.0,8.0,0.0,54.0,49.0,0.0,42.0,122.0,58950.0,27828.0,31122.0,27.820186598812555,8.990670059372349,1.3570822731128076,0.0,9.16030534351145,8.312128922815946,43.840735949403474,13.49527665317139
37.0,2022,0.0,0,1.0,1,2.0,1,0.0,0,12.0,3.0,307027.0,315602.0,40.0,7,41.0,94.944,"3,53",1.059.511,"89,78",LOS MARTIRES,SANTA ISABEL,46.0,3.0,0.0,27.0,39.0,0.0,25.0,90.0,45156.0,20636.0,24520.0,25.467269022942688,10.186907609177076,0.6643635397289397,0.0,5.979271857560457,8.636726016476215,43.61310331459585,10.195758564437194
107.0,2022,3.0,1,1.0,1,3.0,1,0.0,0,16.0,3.77,207448.0,216792.0,32.0,8,35.0,139.298,"2,87",1.933.116,"96,03",TEUSAQUILLO,QUINTA PAREDES,45.0,0.0,0.0,11.0,8.0,0.0,24.0,40.0,27235.0,12192.0,15043.0,23.499173857169083,16.52285661832201,0.0,0.0,4.038920506700936,2.9373967321461354,32.808398950131235,15.954264441933127
73.0,2022,2.0,1,0.0,0,4.0,1,0.0,0,6.0,2.775714285714286,955689.0,1044302.0,4.0,2,40.0,824.337,"3,41",1.089.512,"91,78",ENGATIVA,GARCES NAVAS,68.0,12.0,0.0,69.0,118.0,0.0,53.0,214.0,173461.0,81788.0,91673.0,15.392508978963571,3.9201895526948425,0.6917981563579132,0.0,3.977839399058001,6.8026818708528145,26.165207609918326,5.781418738341714
31.0,2022,3.0,1,1.0,1,3.0,1,0.0,0,19.0,3.318333333333334,409362.0,391260.0,10.0,4,38.0,824.337,"3,41",1.089.512,"91,78",ENGATIVA,SANTA CECILIA,60.0,3.0,0.0,37.0,32.0,0.0,32.0,100.0,68583.0,32094.0,36489.0,19.24675211058134,8.748523686627882,0.437426184331394,0.0,5.394922940087193,4.66587929953487,31.158471988533684,8.769766230918908
58.0,2022,0.0,0,1.0,1,1.0,1,0.0,0,0.0,1.5654545454545454,857659.0,954745.0,0.0,0,29.0,314.431,"4,07",569.872,"82,91",USME,COMUNEROS,42.0,15.0,0.0,26.0,59.0,0.0,29.0,113.0,96803.0,47416.0,49387.0,14.66896687086144,4.338708511099862,1.5495387539642367,0.0,2.68586717353801,6.094852432259331,23.831618019234014,5.871990604815032
13.0,2022,3.0,1,1.0,1,9.0,1,0.0,0,12.0,4.381666666666667,1717632.0,1842552.0,20.0,5,88.0,430.156,"3,12",1.867.529,"93,6",USAQUEN,LOS CEDROS,90.0,1.0,0.0,26.0,11.0,0.0,42.0,86.0,132098.0,58771.0,73327.0,9.689775772532514,6.813123590061924,0.07570137322291026,0.0,1.9682357037956668,0.8327151054520129,14.63306732912491,5.727767398093471
63.0,2022,0.0,0,0.0,0,0.0,0,0.0,0,0.0,,1596.0,5864.0,2.0,2,6.0,593.937,"4,09",505.335,"83,5",CIUDAD BOLIVAR,EL MOCHUELO,1.0,1.0,0.0,3.0,0.0,0.0,0.0,5.0,18.0,4.0,14.0,2777.777777777778,555.5555555555555,555.5555555555555,0.0,1666.6666666666665,0.0,12500.0,0.0
87.0,2022,0.0,0,0.0,0,0.0,0,0.0,0,1.0,1.765,212992.0,339512.0,0.0,0,47.0,546.809,"3,98",703.807,"85,4",BOSA,TINTAL SUR,26.0,8.0,0.0,26.0,49.0,0.0,25.0,84.0,126657.0,59614.0,67043.0,8.605919925467996,2.052788239102458,0.631627150493064,0.0,2.052788239102458,3.8687162967700166,14.090649847351294,3.7289500768163717
77.0,2022,1.0,1,0.0,0,0.0,0,0.0,0,5.0,2.045,283878.0,356976.0,0.0,0,13.0,317.179,"3,46",1.428.379,"90,03",FONTIBON,ZONA FRANCA,22.0,7.0,0.0,17.0,28.0,0.0,13.0,61.0,65142.0,30430.0,34712.0,11.359798593841147,3.3772374197906116,1.074575542660649,0.0,2.60968346074729,4.298302170642596,20.046007229707527,3.745102558193132
39.0,2022,1.0,1,2.0,1,6.0,1,0.0,0,6.0,3.0,1410480.0,1306815.0,45.0,15,69.0,378.78,"3,72",591.317,"87,06",RAFAEL URIBE URIBE,QUIROGA,85.0,14.0,0.0,86.0,103.0,0.0,49.0,239.0,91927.0,44066.0,47861.0,31.329206870669115,9.246467305579428,1.522947556213082,0.0,9.35524927388036,11.204542734996247,54.23682657831434,10.237980819456343
108.0,2022,0.0,0,0.0,0,1.0,1,0.0,0,14.0,2.685714285714286,33520.0,33976.0,48.0,8,66.0,250.715,"3,55",1.116.511,"90,43",PUENTE ARANDA,ZONA INDUSTRIAL,42.0,4.0,0.0,35.0,44.0,0.0,32.0,93.0,6710.0,3325.0,3385.0,186.2891207153502,62.59314456035767,5.961251862891207,0.0,52.16095380029807,65.57377049180327,279.69924812030075,94.53471196454947
61.0,2022,0.0,0,0.0,0,0.0,0,0.0,0,0.0,1.2366666666666666,79500.0,134960.0,0.0,0,65.0,314.431,"4,07",569.872,"82,91",USME,CIUDAD USME,11.0,11.0,0.0,9.0,16.0,0.0,10.0,37.0,29400.0,14233.0,15167.0,15.986394557823129,3.741496598639456,3.741496598639456,0.0,3.061224489795918,5.442176870748299,25.99592496311389,6.59326168655634
1.0,2022,0.0,0,0.0,0,0.0,0,0.0,0,3.0,4.0,52488.0,63828.0,3.0,3,83.0,430.156,"3,12",1.867.529,"93,6",USAQUEN,PASEO DE LOS LIBERTADORES,3.0,7.0,0.0,0.0,2.0,0.0,2.0,10.0,2505.0,1237.0,1268.0,47.90419161676647,11.976047904191617,27.944111776447105,0.0,0.0,7.984031936127744,80.84074373484236,15.772870662460567
46.0,2022,4.0,1,0.0,0,4.0,1,0.0,0,8.0,2.72,884656.0,1003288.0,18.0,6,40.0,979.914,"3,72",999.300,"88,94",KENNEDY,CASTILLA,87.0,8.0,0.0,138.0,108.0,0.0,68.0,273.0,148724.0,70628.0,78096.0,22.928377397057634,5.849761975202388,0.5379091471450472,0.0,9.278932788252064,7.261773486458138,38.653225349719655,8.707232124564639
85.0,2022,1.0,1,2.0,1,5.0,1,0.0,0,2.0,1.9988888888888892,2537808.0,2654832.0,17.0,6,39.0,546.809,"3,98",703.807,"85,4",BOSA,BOSA CENTRAL,133.0,34.0,0.0,109.0,159.0,0.0,87.0,348.0,233006.0,112514.0,120492.0,18.669047149000455,5.708007519119679,1.4591898921057826,0.0,4.677991124692069,6.823858613082924,30.92948433083883,7.220396374863061
60.0,2022,0.0,0,0.0,0,0.0,0,0.0,0,1.0,1.11,10544.0,15584.0,0.0,0,0.0,314.431,"4,07",569.872,"82,91",USME,PARQUE ENTRENUBES,4.0,0.0,0.0,0.0,0.0,0.0,2.0,2.0,827.0,429.0,398.0,48.367593712212816,48.367593712212816,0.0,0.0,0.0,0.0,46.62004662004662,50.25125628140704
60.0,2022,0.0,0,0.0,0,0.0,0,0.0,0,1.0,1.11,10544.0,15584.0,0.0,0,0.0,314.431,"4,07",569.872,"82,91",USME,PARQUE ENTRENUBES,4.0,0.0,0.0,0.0,0.0,0.0,2.0,2.0,827.0,429.0,398.0,48.367593712212816,48.367593712212816,0.0,0.0,0.0,0.0,46.62004662004662,50.25125628140704
30.0,2022,1.0,1,5.0,1,9.0,1,0.0,0,19.0,3.001818181818182,1427481.0,1341120.0,25.0,7,42.0,824.337,"3,41",1.089.512,"91,78",ENGATIVA,BOYACA REAL,131.0,5.0,0.0,66.0,88.0,0.0,74.0,216.0,130301.0,61875.0,68426.0,22.25616073552774,10.053645021910807,0.3837269092332369,0.0,5.065195201878727,6.753593602504969,34.90909090909091,10.81460263642475
72.0,2022,0.0,0,0.0,0,1.0,1,0.0,0,9.0,3.0,331356.0,345116.0,4.0,2,21.0,824.337,"3,41",1.089.512,"91,78",ENGATIVA,BOLIVIA,48.0,2.0,0.0,61.0,45.0,0.0,34.0,122.0,85096.0,38702.0,46394.0,18.33223653285701,5.6406881639560025,0.23502867349816678,0.0,7.168374541694087,5.2881451537087525,31.522918712211254,7.328533862137345
57.0,2022,0.0,0,3.0,1,2.0,1,0.0,0,0.0,1.7740000000000002,1391324.0,1519562.0,3.0,3,23.0,314.431,"4,07",569.872,"82,91",USME,GRAN YOMASA,40.0,14.0,0.0,37.0,85.0,0.0,29.0,147.0,126622.0,61595.0,65027.0,13.899638293503498,3.1590087030689773,1.105653046074142,0.0,2.922083050338804,6.712893494021577,23.865573504342883,4.459685976594337
23.0,2022,1.0,1,0.0,0,5.0,1,0.0,0,19.0,3.5728571428571425,209118.0,255647.0,7.0,5,41.0,981.613,"3,41",1.388.086,"91,6",SUBA,CASA BLANCA SUBA,27.0,2.0,0.0,19.0,14.0,0.0,19.0,43.0,59840.0,28113.0,31727.0,10.36096256684492,4.512032085561497,0.3342245989304813,0.0,3.1751336898395723,2.339572192513369,15.295414932593463,5.9885901598008004
88.0,2022,1.0,1,0.0,0,0.0,0,0.0,0,29.0,5.9375,358776.0,369156.0,3.0,2,60.0,122.507,"2,43",2.288.835,"96,61",CHAPINERO,EL REFUGIO,42.0,0.0,0.0,6.0,3.0,0.0,18.0,33.0,38675.0,17397.0,21278.0,13.186813186813186,10.85972850678733,0.0,0.0,1.5513897866839044,0.7756948933419522,18.968787722021037,8.459441676849329
9.0,2022,1.0,1,2.0,1,5.0,1,0.0,0,2.0,2.7445454545454546,927663.0,1059410.0,9.0,4,60.0,430.156,"3,12",1.867.529,"93,6",USAQUEN,VERBENAL,29.0,15.0,0.0,35.0,33.0,0.0,21.0,91.0,128953.0,61115.0,67838.0,8.685334967003481,2.2488813753848302,1.163214504509395,0.0,2.714167177188588,2.559071909920669,14.889961547901496,3.095610130015625
109.0,2022,0.0,0,0.0,0,1.0,1,0.0,0,12.0,4.123333333333334,44058.0,53832.0,12.0,3,32.0,139.298,"2,87",1.933.116,"96,03",TEUSAQUILLO,CIUDAD SALITRE ORIENTAL,33.0,0.0,0.0,10.0,7.0,0.0,15.0,35.0,24661.0,10992.0,13669.0,20.274928024005515,13.381452495843641,0.0,0.0,4.054985604801103,2.838489923360772,31.841339155749637,10.97373619138196
49.0,2022,0.0,0,1.0,1,0.0,0,0.0,0,2.0,2.3333333333333335,124191.0,114375.0,10.0,3,11.0,546.809,"3,98",703.807,"85,4",BOSA,APOGEO,20.0,2.0,0.0,18.0,28.0,0.0,16.0,52.0,34697.0,16671.0,18026.0,19.598236158745713,5.764187105513445,0.5764187105513444,0.0,5.1877683949621005,8.069861947718824,31.191890108571773,8.87606790191945
14.0,2022,1.0,1,0.0,0,1.0,1,0.0,0,33.0,4.66,375100.0,457974.0,0.0,0,45.0,430.156,"3,12",1.867.529,"93,6",USAQUEN,USAQUEN,78.0,0.0,0.0,13.0,6.0,0.0,36.0,61.0,42132.0,20181.0,21951.0,23.02288047090098,18.51324409000285,0.0,0.0,3.0855406816671413,1.4240956992309883,30.226450621872058,16.400164001640015
32.0,2022,0.0,0,0.0,0,1.0,1,0.0,0,0.0,1.7457142857142858,1408200.0,1428675.0,0.0,0,47.0,404.35,"3,73",706.208,"83,68",SAN CRISTOBAL,SAN BLAS,32.0,12.0,0.0,24.0,67.0,0.0,22.0,113.0,104358.0,50163.0,54195.0,12.93623871672512,3.0663676958163246,1.1498878859311217,0.0,2.2997757718622434,6.42020736311543,22.526563403305225,4.059415075191438
92.0,2022,0.0,0,0.0,0,0.0,0,0.0,0,11.0,2.5425,132324.0,86100.0,26.0,6,25.0,96.241,"3,18",896.890,"88,28",SANTA FE,LA MACARENA,28.0,6.0,0.0,2.0,7.0,0.0,11.0,32.0,12502.0,6119.0,6383.0,34.39449688049912,22.396416573348265,4.799232122860342,0.0,1.5997440409534474,5.599104143337066,52.29612681810754,17.233275889080367
11.0,2022,1.0,1,1.0,1,5.0,1,0.0,0,6.0,2.3000000000000003,373404.0,436080.0,0.0,0,21.0,430.156,"3,12",1.867.529,"93,6",USAQUEN,SAN CRISTOBAL NORTE,20.0,9.0,0.0,19.0,12.0,0.0,11.0,49.0,69776.0,33099.0,36677.0,8.59894519605595,2.8663150653519835,1.2898417794083927,0.0,2.7229993120843843,1.71978903921119,14.804072630593069,2.99915478365188
36.0,2022,1.0,1,0.0,0,2.0,1,0.0,0,4.0,2.97,350595.0,343350.0,26.0,7,19.0,378.78,"3,72",591.317,"87,06",RAFAEL URIBE URIBE,SAN JOSE,32.0,6.0,0.0,32.0,45.0,0.0,23.0,92.0,48007.0,22599.0,25408.0,23.954839919178454,6.665694586206178,1.2498177349136586,0.0,6.665694586206178,9.373633011852439,40.70976591884597,9.052267002518892
53.0,2022,0.0,0,1.0,1,1.0,1,0.0,0,3.0,2.442857142857143,479920.0,461139.0,21.0,6,14.0,378.78,"3,72",591.317,"87,06",RAFAEL URIBE URIBE,MARCO FIDEL SUAREZ,28.0,17.0,0.0,18.0,38.0,0.0,16.0,85.0,44925.0,21430.0,23495.0,22.481914301613802,6.232609905397886,3.784084585420145,0.0,4.006677796327212,8.45854201446856,39.664022398506766,6.8099595658650784
50.0,2022,0.0,0,1.0,1,1.0,1,0.0,0,1.0,1.9327272727272728,215222.0,1432186.0,1.0,1,21.0,404.35,"3,73",706.208,"83,68",SAN CRISTOBAL,LA GLORIA,23.0,16.0,0.0,26.0,73.0,0.0,22.0,116.0,95294.0,46140.0,49154.0,14.481499359875754,2.413583226645959,1.6790144185363192,0.0,2.7283984301215187,7.660503284571956,25.140875596012137,4.475729340440249
110.0,2022,3.0,1,1.0,1,0.0,0,0.0,0,19.0,4.074999999999999,71780.0,82212.0,7.0,2,29.0,317.179,"3,46",1.428.379,"90,03",FONTIBON,CIUDAD SALITRE OCCIDENTAL,49.0,0.0,0.0,7.0,17.0,0.0,20.0,53.0,45341.0,21403.0,23938.0,16.100218345426878,10.806995875697492,0.0,0.0,1.5438565536710704,3.7493659160583137,24.762883707891415,8.354916868577158
10.0,2022,0.0,0,1.0,1,1.0,1,0.0,0,8.0,2.87125,122265.0,153495.0,5.0,2,29.0,430.156,"3,12",1.867.529,"93,6",USAQUEN,LA URIBE,26.0,1.0,0.0,16.0,3.0,0.0,12.0,34.0,37712.0,17271.0,20441.0,12.1977089520577,6.8943572337717445,0.26516758591429784,0.0,4.2426813746287655,0.7955027577428935,19.686179144230213,5.870554278166431
42.0,2022,1.0,1,2.0,1,1.0,1,0.0,0,4.0,2.4250000000000003,2179040.0,2310720.0,35.0,13,66.0,182.532,"3,63",829.895,"87,19",TUNJUELITO,VENECIA,89.0,15.0,0.0,72.0,71.0,0.0,59.0,188.0,138472.0,67123.0,71349.0,17.837541163556534,6.4272921601479,1.0832514876653765,0.0,5.199607140793807,5.1273903749494485,28.00828330080598,8.269211902058894
103.0,2022,0.0,0,0.0,0,0.0,0,0.0,0,20.0,3.0,10953.0,12423.0,5.0,2,15.0,230.066,"3,36",1.462.840,"92,44",BARRIOS UNIDOS,PARQUE SALITRE,9.0,0.0,0.0,1.0,4.0,0.0,4.0,10.0,1233.0,647.0,586.0,113.54420113544201,72.99270072992701,0.0,0.0,8.110300081103,32.441200324412,154.5595054095827,68.25938566552901
21.0,2022,4.0,1,0.0,0,7.0,1,0.0,0,44.0,3.762,225860.0,233125.0,52.0,5,22.0,230.066,"3,36",1.462.840,"92,44",BARRIOS UNIDOS,LOS ANDES,39.0,0.0,0.0,12.0,7.0,0.0,23.0,35.0,29298.0,13002.0,16296.0,19.79657314492457,13.31148883882859,0.0,0.0,4.095842719639566,2.3892415864564134,26.918935548377174,14.113892979872361
55.0,2022,0.0,0,0.0,0,0.0,0,0.0,0,0.0,1.5539999999999998,379860.0,395955.0,0.0,0,7.0,378.78,"3,72",591.317,"87,06",RAFAEL URIBE URIBE,DIANA TURBAY,10.0,15.0,0.0,17.0,42.0,0.0,15.0,69.0,74795.0,35881.0,38914.0,11.230697239120262,1.3369877665619359,2.005481649842904,0.0,2.2728792031552913,5.615348619560131,19.23023327109055,3.8546538520840827
113.0,2022,0.0,0,1.0,1,3.0,1,0.0,0,10.0,3.2925,104270.0,104965.0,8.0,3,26.0,979.914,"3,72",999.300,"88,94",KENNEDY,BAVARIA,22.0,0.0,0.0,26.0,27.0,0.0,16.0,59.0,43863.0,20414.0,23449.0,17.09869365980439,5.015616806875955,0.0,0.0,5.927547135398855,6.15552971752958,28.90173410404624,6.823318691628641
60.0,2022,0.0,0,0.0,0,0.0,0,0.0,0,1.0,1.11,10544.0,15584.0,0.0,0,0.0,314.431,"4,07",569.872,"82,91",USME,PARQUE ENTRENUBES,4.0,0.0,0.0,0.0,0.0,0.0,2.0,2.0,827.0,429.0,398.0,48.367593712212816,48.367593712212816,0.0,0.0,0.0,0.0,46.62004662004662,50.25125628140704
60.0,2022,0.0,0,0.0,0,0.0,0,0.0,0,1.0,1.11,10544.0,15584.0,0.0,0,0.0,314.431,"4,07",569.872,"82,91",USME,PARQUE ENTRENUBES,4.0,0.0,0.0,0.0,0.0,0.0,2.0,2.0,827.0,429.0,398.0,48.367593712212816,48.367593712212816,0.0,0.0,0.0,0.0,46.62004662004662,50.25125628140704
90.0,2022,1.0,1,1.0,1,4.0,1,0.0,0,40.0,3.05,275954.0,520674.0,22.0,10,60.0,122.507,"2,43",2.288.835,"96,61",CHAPINERO,PARDO RUBIO,60.0,4.0,0.0,16.0,33.0,0.0,38.0,75.0,49804.0,24291.0,25513.0,22.68894064733756,12.047225122480121,0.8031483414986749,0.0,3.2125933659946995,6.625973817364067,30.875632950475488,14.894367577313528
67.0,2022,0.0,0,1.0,1,2.0,1,0.0,0,1.0,1.256470588235294,2609568.0,2765373.0,2.0,1,30.0,593.937,"4,09",505.335,"83,5",CIUDAD BOLIVAR,LUCERO,85.0,67.0,0.0,66.0,159.0,0.0,66.0,311.0,162416.0,80734.0,81682.0,23.21199881785046,5.233474534528618,4.1252093389813815,0.0,4.063639050339868,9.789675894000592,38.521564644387745,8.080115570137853
83.0,2022,0.0,0,0.0,0,0.0,0,0.0,0,1.0,2.0,24432.0,29572.0,1.0,1,11.0,979.914,"3,72",999.300,"88,94",KENNEDY,LAS MARGARITAS,17.0,4.0,0.0,28.0,21.0,0.0,5.0,65.0,34964.0,16691.0,18273.0,20.020592609541243,4.862143919460016,1.1440338634023568,0.0,8.008237043816496,6.006177782862372,38.943143011203645,2.7362775679964977
101.0,2022,4.0,1,0.0,0,3.0,1,0.0,0,28.0,3.8711111111111105,267970.0,273160.0,65.0,10,59.0,139.298,"2,87",1.933.116,"96,03",TEUSAQUILLO,TEUSAQUILLO,114.0,5.0,0.0,23.0,22.0,0.0,57.0,107.0,27236.0,12809.0,14427.0,60.2144220884124,41.85636657365252,1.8358055514759877,0.0,8.444705536789543,8.077544426494347,83.53501444296978,39.5092534830526
54.0,2022,0.0,0,0.0,0,0.0,0,0.0,0,3.0,1.83,984621.0,1061115.0,21.0,8,28.0,378.78,"3,72",591.317,"87,06",RAFAEL URIBE URIBE,MARRUECOS,30.0,28.0,0.0,27.0,76.0,0.0,29.0,132.0,121855.0,64130.0,57725.0,13.212424603011776,2.46194247261089,2.2978129744368307,0.0,2.215748225349801,6.236920930614255,20.58319039451115,5.023819835426592
78.0,2022,0.0,0,1.0,1,0.0,0,0.0,0,10.0,1.956,79812.0,176088.0,0.0,0,25.0,979.914,"3,72",999.300,"88,94",KENNEDY,TINTAL NORTE,8.0,4.0,0.0,17.0,26.0,0.0,9.0,46.0,32927.0,15400.0,17527.0,16.703617092355817,2.4296170316153916,1.2148085158076958,0.0,5.162936192182707,7.896255352750022,29.870129870129873,5.134934672220003
100.0,2022,6.0,1,2.0,1,2.0,1,0.0,0,22.0,3.59625,300195.0,309096.0,38.0,9,56.0,139.298,"2,87",1.933.116,"96,03",TEUSAQUILLO,GALERIAS,97.0,7.0,0.0,24.0,29.0,0.0,35.0,122.0,36472.0,16947.0,19525.0,43.04672077209914,26.595744680851062,1.9192805439789427,0.0,6.580390436499232,7.951305110769905,71.98914262111288,17.92573623559539
34.0,2022,0.0,0,2.0,1,2.0,1,0.0,0,2.0,2.346363636363636,864012.0,1108236.0,26.0,12,30.0,404.35,"3,73",706.208,"83,68",SAN CRISTOBAL,20 DE JULIO,30.0,11.0,0.0,39.0,52.0,0.0,25.0,107.0,79483.0,38431.0,41052.0,16.607324836757545,3.7743920083539875,1.383943736396462,0.0,4.906709610860184,6.542279481146912,27.842106632666336,6.08983727954789
106.0,2022,2.0,1,0.0,0,4.0,1,0.0,0,10.0,4.164,167560.0,168920.0,17.0,5,30.0,139.298,"2,87",1.933.116,"96,03",TEUSAQUILLO,LA ESMERALDA,33.0,1.0,0.0,13.0,2.0,0.0,14.0,35.0,38932.0,17394.0,21538.0,12.58604746737902,8.476317682112402,0.25685811157916366,0.0,3.3391554505291277,0.5137162231583273,20.121881108428195,6.500139288699043
91.0,2022,2.0,1,1.0,1,1.0,1,0.0,0,20.0,3.3285714285714287,96894.0,41153.0,42.0,7,37.0,96.241,"3,18",896.890,"88,28",SANTA FE,SAGRADO CORAZON,58.0,2.0,0.0,11.0,11.0,0.0,23.0,59.0,11907.0,5937.0,5970.0,68.86705299403712,48.71084236163601,1.679684219366759,0.0,9.238263206517175,9.238263206517175,99.37678962438943,38.52596314907873
95.0,2022,0.0,0,0.0,0,1.0,1,0.0,0,14.0,2.0,260205.0,69723.0,19.0,3,15.0,96.241,"3,18",896.890,"88,28",SANTA FE,LAS CRUCES,27.0,26.0,0.0,3.0,14.0,0.0,12.0,58.0,21556.0,10859.0,10697.0,32.47355724624234,12.525514937836332,12.06160697717573,0.0,1.391723881981815,6.494711449248469,53.41191638272401,11.218098532298775
40.0,2022,2.0,1,0.0,0,3.0,1,0.0,0,7.0,3.0,1219392.0,1267944.0,21.0,8,62.0,250.715,"3,55",1.116.511,"90,43",PUENTE ARANDA,CIUDAD MONTES,71.0,5.0,0.0,113.0,82.0,0.0,66.0,205.0,101488.0,47624.0,53864.0,26.702664354406433,6.995900993220874,0.492669084029639,0.0,11.134321299069843,8.07977297808608,43.04552326558038,12.253081835734443
117.0,2022,0.0,0,0.0,0,0.0,0,0.0,0,12.0,3.0,824.0,1670.0,1.0,1,17.0,317.179,"3,46",1.428.379,"90,03",FONTIBON,AEROPUERTO EL DORADO,13.0,0.0,0.0,3.0,4.0,0.0,4.0,16.0,876.0,596.0,280.0,228.31050228310502,148.40182648401824,0.0,0.0,34.24657534246575,45.662100456621005,268.4563758389262,142.85714285714286
64.0,2022,0.0,0,0.0,0,0.0,0,0.0,0,0.0,1.0,5590.0,25895.0,0.0,0,7.0,593.937,"4,09",505.335,"83,5",CIUDAD BOLIVAR,MONTE BLANCO,5.0,11.0,0.0,9.0,13.0,0.0,9.0,29.0,6485.0,3297.0,3188.0,58.596761757902854,7.710100231303007,16.962220508866615,0.0,13.878180416345412,20.046260601387818,87.95875037913254,28.23086574654956
48.0,2022,0.0,0,1.0,1,0.0,0,0.0,0,8.0,2.7455555555555557,1310472.0,1325682.0,5.0,3,18.0,979.914,"3,72",999.300,"88,94",KENNEDY,TIMIZA,43.0,9.0,0.0,135.0,120.0,0.0,53.0,254.0,143478.0,68942.0,74536.0,21.3970086006217,2.996975146015417,0.6272738677706687,0.0,9.40910801656003,8.363651570275582,36.84256331409011,7.110657937104218
98.0,2022,3.0,1,3.0,1,8.0,1,0.0,0,42.0,3.0542105263157895,1522242.0,1559634.0,99.0,19,81.0,230.066,"3,36",1.462.840,"92,44",BARRIOS UNIDOS,LOS ALCAZARES,97.0,8.0,0.0,31.0,50.0,0.0,51.0,135.0,39961.0,19462.0,20499.0,46.54538174720353,24.273666825154525,2.0019519031055277,0.0,7.75756362453392,12.51219939440955,69.36594389065873,24.87926240304405
28.0,2022,3.0,1,11.0,1,17.0,1,0.0,0,18.0,2.287857142857143,3797108.0,4228084.0,17.0,6,49.0,981.613,"3,41",1.388.086,"91,6",SUBA,EL RINCON,160.0,20.0,0.0,63.0,179.0,0.0,105.0,317.0,270028.0,129623.0,140405.0,15.62800894722029,5.925311449183048,0.740663931147881,0.0,2.333091383115825,6.6289421837735345,24.45553644029223,7.478366155051458
17.0,2022,2.0,1,0.0,0,4.0,1,0.0,0,10.0,4.285,226840.0,238870.0,6.0,2,32.0,981.613,"3,41",1.388.086,"91,6",SUBA,SAN JOSE DE BAVARIA,43.0,2.0,0.0,34.0,6.0,0.0,27.0,58.0,47421.0,22285.0,25136.0,17.924548195946944,9.06771261677316,0.42175407519875163,0.0,7.169819278378777,1.2652622255962547,26.026475207538702,10.741565881604075
24.0,2022,5.0,1,2.0,1,19.0,1,0.0,0,19.0,4.819999999999999,859833.0,845949.0,36.0,12,69.0,981.613,"3,41",1.388.086,"91,6",SUBA,NIZA,55.0,1.0,0.0,37.0,22.0,0.0,30.0,85.0,78824.0,36626.0,42198.0,14.589465137521568,6.977570283162489,0.12686491423931798,0.0,4.694001826854765,2.7910281132649954,23.207557472833503,7.109341674960899
44.0,2022,2.0,1,2.0,1,2.0,1,0.0,0,15.0,3.22875,673424.0,676672.0,20.0,7,33.0,979.914,"3,72",999.300,"88,94",KENNEDY,AMERICAS,78.0,9.0,0.0,85.0,52.0,0.0,44.0,180.0,80229.0,37902.0,42327.0,27.92007877450797,9.722170287551883,1.1217888793329094,0.0,10.594672749255256,6.481446858367923,47.490897577964226,10.395255983178584
62.0,2022,0.0,0,2.0,1,2.0,1,0.0,0,2.0,2.024,338366.0,403893.0,26.0,7,26.0,182.532,"3,63",829.895,"87,19",TUNJUELITO,TUNJUELITO,19.0,5.0,0.0,14.0,31.0,0.0,11.0,58.0,40185.0,19948.0,20237.0,17.170586039567002,4.7281323877068555,1.2442453651860148,0.0,3.483887022520841,7.714321264153291,29.075596551032685,5.435588278895093
69.0,2022,1.0,1,1.0,1,2.0,1,0.0,0,1.0,1.3691666666666666,1779216.0,1964304.0,13.0,6,22.0,593.937,"4,09",505.335,"83,5",CIUDAD BOLIVAR,ISMAEL PERDOMO,33.0,48.0,0.0,82.0,131.0,0.0,29.0,265.0,166588.0,81544.0,85044.0,17.64833001176555,1.9809350013206233,2.881360001920907,0.0,4.922323336614882,7.863711671909141,32.4977926027666,3.4099995296552374
93.0,2022,5.0,1,5.0,1,5.0,1,0.0,0,12.0,2.932857142857143,332178.0,96411.0,80.0,7,52.0,96.241,"3,18",896.890,"88,28",SANTA FE,LAS NIEVES,175.0,22.0,0.0,11.0,16.0,0.0,72.0,152.0,18006.0,9271.0,8735.0,124.40297678551595,97.18982561368432,12.218149505720316,0.0,6.109074752860158,8.885926913251138,163.95210872613526,82.42701774470521
18.0,2022,1.0,1,1.0,1,6.0,1,0.0,0,13.0,3.272,300834.0,346380.0,10.0,3,25.0,981.613,"3,41",1.388.086,"91,6",SUBA,BRITALIA,45.0,1.0,0.0,23.0,7.0,0.0,26.0,50.0,92162.0,43207.0,48955.0,8.24634882055511,4.882706538486578,0.10850458974414617,0.0,2.4956055641153623,0.7595321282090233,11.572198949244335,5.310999897865387
15.0,2023,2.0,1,0.0,0,0.0,0,0.0,0,21.0,5.395,175550.0,49356.0,6.0,2,21.0,430.156,"3,12",1.867.529,"93,6",USAQUEN,COUNTRY CLUB,0.0,0.0,0.0,0.0,0.0,0.0,0.0,0.0,0.0,0.0,0.0,0.0,0.0,0.0,0.0,0.0,0.0,0.0,0.0
86.0,2023,0.0,0,0.0,0,0.0,0,0.0,0,0.0,1.568,321440.0,368145.0,0.0,0,33.0,546.809,"3,98",703.807,"85,4",BOSA,EL PORVENIR,0.0,13.0,0.0,33.0,40.0,0.0,8.0,78.0,155152.0,74100.0,81052.0,5.542951428276786,0.0,0.8378880065999794,0.0,2.1269464782922554,2.578116943384552,10.526315789473683,0.9870206780832058
71.0,2023,0.0,0,1.0,1,5.0,1,0.0,0,14.0,2.105,2325960.0,2670912.0,0.0,0,22.0,981.613,"3,41",1.388.086,"91,6",SUBA,TIBABUYES,1.0,20.0,0.0,52.0,102.0,0.0,17.0,158.0,315601.0,153094.0,162507.0,5.544976093231643,0.031685577675609394,0.6337115535121879,0.0,1.6476500391316884,3.231928922912158,10.320456712869218,1.0461087830062705
29.0,2023,4.0,1,2.0,1,3.0,1,0.0,0,20.0,2.713333333333334,1291554.0,1329381.0,30.0,9,32.0,824.337,"3,41",1.089.512,"91,78",ENGATIVA,MINUTO DE DIOS,1.0,6.0,0.0,48.0,75.0,0.0,19.0,111.0,105098.0,49265.0,55833.0,12.369407600525223,0.0951492892348094,0.5708957354088565,0.0,4.567165883270852,7.136196692610706,22.531208768902875,3.4030053910769618
80.0,2023,0.0,0,2.0,1,1.0,1,0.0,0,12.0,2.0025,247816.0,277108.0,11.0,4,19.0,979.914,"3,72",999.300,"88,94",KENNEDY,CORABASTOS,0.0,29.0,0.0,18.0,34.0,0.0,9.0,72.0,56388.0,28178.0,28210.0,14.364758459246648,0.0,5.142938213804356,0.0,3.1921685464992553,6.029651698943037,25.5518489601817,3.1903580290677063
99.0,2023,9.0,1,3.0,1,2.0,1,0.0,0,43.0,3.692,79566.0,121692.0,22.0,6,62.0,122.507,"2,43",2.288.835,"96,61",CHAPINERO,CHAPINERO,1.0,3.0,0.0,4.0,17.0,0.0,5.0,20.0,24313.0,12044.0,12269.0,10.282564882984412,0.4113025953193765,1.2339077859581293,0.0,1.645210381277506,6.9921441204294,16.605778811026237,4.075311761349743
3.0,2023,0.0,0,0.0,0,0.0,0,0.0,0,0.0,6.0,0.0,1169.0,0.0,0,26.0,981.613,"3,41",1.388.086,"91,6",SUBA,GUAYMARAL,0.0,0.0,0.0,0.0,0.0,0.0,0.0,0.0,0.0,0.0,0.0,0.0,0.0,0.0,0.0,0.0,0.0,0.0,0.0
97.0,2023,21.0,1,3.0,1,7.0,1,0.0,0,33.0,5.211875,94384.0,420656.0,63.0,15,98.0,122.507,"2,43",2.288.835,"96,61",CHAPINERO,CHICO LAGO,2.0,2.0,0.0,13.0,15.0,0.0,3.0,29.0,35832.0,16761.0,19071.0,8.930564858227283,0.5581603036392052,0.5581603036392052,0.0,3.6280419736548337,4.186202277294039,17.30207028220273,1.5730690577316344
94.0,2023,4.0,1,0.0,0,2.0,1,0.0,0,12.0,2.40875,203598.0,216855.0,43.0,8,36.0,22.115,"2,83",1.050.888,"88,9",CANDELARIA,LA CANDELARIA,0.0,3.0,0.0,3.0,2.0,0.0,1.0,7.0,17047.0,8857.0,8190.0,4.692907843022232,0.0,1.759840441133337,0.0,1.759840441133337,1.173226960755558,7.903353279891611,1.221001221001221
76.0,2023,0.0,0,0.0,0,3.0,1,0.0,0,7.0,2.186666666666667,120020.0,128536.0,0.0,0,21.0,317.179,"3,46",1.428.379,"90,03",FONTIBON,FONTIBON SAN PABLO,0.0,2.0,0.0,10.0,15.0,0.0,2.0,25.0,33564.0,16418.0,17146.0,8.044333214158026,0.0,0.5958765343820761,0.0,2.97938267191038,4.46907400786557,15.227189669874527,1.166452816983553
114.0,2023,4.0,1,0.0,0,2.0,1,0.0,0,23.0,3.8,191930.0,197050.0,9.0,4,24.0,317.179,"3,46",1.428.379,"90,03",FONTIBON,MODELIA,1.0,3.0,0.0,20.0,10.0,0.0,6.0,28.0,43185.0,19895.0,23290.0,7.873104087067269,0.2315618849137432,0.6946856547412297,0.0,4.631237698274864,2.315618849137432,14.07388791153556,2.5762129669386007
89.0,2023,0.0,0,0.0,0,0.0,0,0.0,0,0.0,2.0666666666666664,28245.0,48603.0,0.0,0,3.0,122.507,"2,43",2.288.835,"96,61",CHAPINERO,SAN ISIDRO - PATIOS,0.0,4.0,0.0,0.0,2.0,0.0,1.0,5.0,16570.0,8094.0,8476.0,3.621001810500905,0.0,2.414001207000603,0.0,0.0,1.2070006035003016,6.17741536940944,1.179801793298726
38.0,2023,7.0,1,5.0,1,5.0,1,0.0,0,14.0,3.008,1246305.0,1155330.0,52.0,15,75.0,119.565,"3,92",1.095.184,"90,79",ANTONIO NARIÑO,RESTREPO,2.0,11.0,0.0,72.0,48.0,0.0,20.0,113.0,54363.0,25653.0,28710.0,24.465169324724535,0.36789728307856445,2.0234350569321045,0.0,13.244302190828321,8.829534793885546,44.0494289166959,6.966213862765588
52.0,2023,0.0,0,0.0,0,0.0,0,0.0,0,0.0,1.0,614920.0,740280.0,0.0,0,176.0,314.431,"4,07",569.872,"82,91",USME,LA FLORA,0.0,10.0,0.0,6.0,4.0,0.0,2.0,18.0,20004.0,9928.0,10076.0,9.998000399920016,0.0,4.999000199960008,0.0,2.9994001199760048,1.999600079984003,18.13053988718775,1.984914648670107
96.0,2023,0.0,0,0.0,0,1.0,1,0.0,0,5.0,1.7264285714285716,628474.0,648214.0,4.0,2,16.0,96.241,"3,18",896.890,"88,28",SANTA FE,LOURDES,0.0,10.0,0.0,3.0,7.0,0.0,0.0,20.0,46155.0,22423.0,23732.0,4.333225002708265,0.0,2.1666125013541326,0.0,0.6499837504062398,1.516628750947893,8.919413102617847,0.0
84.0,2023,0.0,0,4.0,1,4.0,1,0.0,0,3.0,1.98,990222.0,1073760.0,1.0,1,30.0,546.809,"3,98",703.807,"85,4",BOSA,BOSA OCCIDENTAL,0.0,26.0,0.0,40.0,97.0,0.0,14.0,149.0,199433.0,97624.0,101809.0,8.173170939613804,0.0,1.3036959780979076,0.0,2.005686120150627,4.86378884136527,15.262640334344013,1.375124006718463
111.0,2023,5.0,1,0.0,0,1.0,1,0.0,0,17.0,2.9375,64585.0,73290.0,16.0,5,63.0,250.715,"3,55",1.116.511,"90,43",PUENTE ARANDA,PUENTE ARANDA,2.0,2.0,0.0,20.0,24.0,0.0,10.0,38.0,13076.0,10743.0,2333.0,36.708473539308656,1.5295197308045274,1.5295197308045274,0.0,15.295197308045275,18.354236769654328,35.37187005491948,42.86326618088299
112.0,2023,1.0,1,2.0,1,3.0,1,0.0,0,29.0,3.1133333333333333,126427.0,160027.0,0.0,0,71.0,317.179,"3,46",1.428.379,"90,03",FONTIBON,GRANJAS DE TECHO,2.0,4.0,0.0,25.0,23.0,0.0,7.0,47.0,55562.0,25714.0,29848.0,9.718872610777149,0.3599582448435982,0.7199164896871963,0.0,4.499478060544977,4.139519815701378,18.277980866454072,2.345215759849906
75.0,2023,6.0,1,3.0,1,10.0,1,0.0,0,10.0,2.913,1316550.0,1374890.0,0.0,0,58.0,317.179,"3,46",1.428.379,"90,03",FONTIBON,FONTIBON,0.0,10.0,0.0,30.0,40.0,0.0,10.0,70.0,128558.0,61095.0,67463.0,6.222872166648517,0.0,0.7778590208310646,0.0,2.3335770624931937,3.1114360833242585,11.457566085604387,1.4822939981916015
12.0,2023,4.0,1,2.0,1,7.0,1,0.0,0,13.0,3.378,256245.0,260090.0,9.0,3,42.0,430.156,"3,12",1.867.529,"93,6",USAQUEN,TOBERIN,0.0,2.0,0.0,9.0,11.0,0.0,3.0,19.0,60763.0,27960.0,32803.0,3.6206243931339794,0.0,0.32914767210308904,0.0,1.4811645244639007,1.8103121965669897,6.795422031473533,0.9145504984300216
16.0,2023,10.0,1,7.0,1,9.0,1,0.0,0,36.0,5.738888888888889,464238.0,463266.0,18.0,6,60.0,430.156,"3,12",1.867.529,"93,6",USAQUEN,SANTA BARBARA,0.0,3.0,0.0,11.0,5.0,1.0,2.0,16.0,73163.0,33143.0,40020.0,2.596941076773779,0.0,0.4100433279116493,0.0,1.5034922023427142,0.6834055465194155,4.827565398425007,0.49975012493753124
82.0,2023,0.0,0,1.0,1,3.0,1,0.0,0,6.0,1.9566666666666668,963012.0,1044870.0,9.0,4,29.0,979.914,"3,72",999.300,"88,94",KENNEDY,PATIO BONITO,1.0,22.0,0.0,67.0,89.0,0.0,24.0,155.0,136941.0,68050.0,68891.0,13.071322686412396,0.07302414908610277,1.606531279894261,0.0,4.892617988768887,6.499149268663148,22.7773695811903,3.483764207225908
35.0,2023,1.0,1,0.0,0,2.0,1,0.0,0,11.0,2.666,168705.0,154565.0,35.0,5,22.0,119.565,"3,92",1.095.184,"90,79",ANTONIO NARIÑO,CIUDAD JARDIN,0.0,1.0,0.0,17.0,10.0,0.0,3.0,25.0,26049.0,12222.0,13827.0,10.748973089178087,0.0,0.3838918960420746,0.0,6.526162232715268,3.8389189604207457,20.45491736213386,2.1696680407897593
68.0,2023,0.0,0,0.0,0,1.0,1,0.0,0,0.0,1.055,351536.0,380992.0,0.0,0,13.0,593.937,"4,09",505.335,"83,5",CIUDAD BOLIVAR,EL TESORO,0.0,16.0,0.0,12.0,37.0,0.0,6.0,59.0,55071.0,27439.0,27632.0,11.802945288808992,0.0,2.9053403787837517,0.0,2.179005284087814,6.718599625937426,21.502241335325632,2.1713954834973945
27.0,2023,7.0,1,6.0,1,8.0,1,0.0,0,11.0,2.840909090909091,1497236.0,1751217.0,16.0,6,48.0,981.613,"3,41",1.388.086,"91,6",SUBA,SUBA,0.0,5.0,0.0,37.0,59.0,0.0,18.0,83.0,191512.0,90018.0,101494.0,5.2738209616107605,0.0,0.2610802456242951,0.0,1.9319938176197835,3.080746898366682,9.220378146592903,1.7735038524444795
22.0,2023,3.0,1,1.0,1,5.0,1,0.0,0,21.0,3.292222222222222,847206.0,887247.0,37.0,8,38.0,230.066,"3,36",1.462.840,"92,44",BARRIOS UNIDOS,DOCE DE OCTUBRE,0.0,3.0,0.0,26.0,25.0,0.0,4.0,50.0,70757.0,33958.0,36799.0,7.631753748745707,0.0,0.42398631937476156,0.0,3.674548101247933,3.5332193281230126,14.724070911125509,1.0869860594037881
105.0,2023,1.0,1,0.0,0,0.0,0,0.0,0,16.0,2.67,1601.0,2464.0,4.0,1,11.0,824.337,"3,41",1.089.512,"91,78",ENGATIVA,JARDIN BOTANICO,0.0,0.0,0.0,1.0,0.0,0.0,0.0,1.0,3625.0,2195.0,1430.0,2.7586206896551726,0.0,0.0,0.0,2.7586206896551726,0.0,4.555808656036446,0.0
104.0,2023,1.0,1,0.0,0,0.0,0,0.0,0,31.0,4.0,19494.0,20424.0,21.0,5,34.0,139.298,"2,87",1.933.116,"96,03",TEUSAQUILLO,PARQUE SIMON BOLIVAR - CAN,0.0,0.0,0.0,7.0,4.0,0.0,2.0,9.0,3126.0,1658.0,1468.0,35.18873960332694,0.0,0.0,0.0,22.392834293026233,12.795905310300704,54.28226779252111,13.623978201634877
74.0,2023,0.0,0,0.0,0,5.0,1,0.0,0,7.0,2.0016666666666665,712512.0,784968.0,0.0,0,15.0,824.337,"3,41",1.089.512,"91,78",ENGATIVA,ENGATIVA,1.0,17.0,0.0,43.0,81.0,0.0,16.0,126.0,147256.0,71073.0,76183.0,9.643070570978432,0.0679089476829467,1.154452110610094,0.0,2.920084750366708,5.500624762318683,17.72825123464607,2.100206082721867
47.0,2023,6.0,1,0.0,0,2.0,1,0.0,0,13.0,3.0,865592.0,770256.0,9.0,4,28.0,979.914,"3,72",999.300,"88,94",KENNEDY,KENNEDY CENTRAL,0.0,7.0,0.0,64.0,96.0,1.0,18.0,148.0,92382.0,43835.0,48547.0,18.077114589422184,0.0,0.7577233660236842,0.0,6.927756489359399,10.3916347340391,33.76297479183301,3.707747131645622
70.0,2023,0.0,0,0.0,0,0.0,0,0.0,0,1.0,1.1733333333333331,789975.0,888237.0,0.0,0,23.0,593.937,"4,09",505.335,"83,5",CIUDAD BOLIVAR,JERUSALEM,0.0,19.0,0.0,24.0,62.0,0.0,10.0,95.0,103996.0,51012.0,52984.0,10.096542174699028,0.0,1.826993345897919,0.0,2.307781068502635,5.961767760298473,18.623069081784678,1.8873622225577533
66.0,2023,0.0,0,0.0,0,0.0,0,0.0,0,2.0,1.8425,597168.0,609704.0,4.0,3,26.0,593.937,"4,09",505.335,"83,5",CIUDAD BOLIVAR,SAN FRANCISCO,0.0,9.0,0.0,19.0,64.0,1.0,5.0,86.0,70371.0,34469.0,35902.0,13.073567236503672,0.0,1.278935925310142,0.0,2.6999758423214106,9.094655468872121,24.94995503205779,1.3926800735335079
65.0,2023,0.0,0,0.0,0,1.0,1,0.0,0,8.0,2.463333333333334,349194.0,364512.0,9.0,3,21.0,593.937,"4,09",505.335,"83,5",CIUDAD BOLIVAR,ARBORIZADORA,1.0,4.0,0.0,30.0,70.0,0.0,8.0,97.0,88566.0,42370.0,46196.0,11.855565341101551,0.11291014610572907,0.45164058442291627,0.0,3.3873043831718714,7.903710227401034,22.89355676185981,1.7317516668109794
79.0,2023,1.0,1,0.0,0,0.0,0,0.0,0,4.0,2.1333333333333333,167274.0,204984.0,3.0,2,22.0,979.914,"3,72",999.300,"88,94",KENNEDY,CALANDAIMA,0.0,11.0,0.0,65.0,58.0,0.0,14.0,120.0,150556.0,71312.0,79244.0,8.90034272961556,0.0,0.7306251494460534,0.0,4.31733042854486,3.8523871516246446,16.827462418667263,1.7666952703043763
59.0,2023,0.0,0,0.0,0,0.0,0,0.0,0,0.0,1.0,163808.0,216380.0,0.0,0,6.0,314.431,"4,07",569.872,"82,91",USME,ALFONSO LOPEZ,0.0,6.0,0.0,13.0,14.0,0.0,6.0,27.0,52499.0,25954.0,26545.0,6.285834015886017,0.0,1.1428789119792757,0.0,2.476237642621764,2.666717461284977,10.403020728982044,2.2603126765869277
45.0,2023,2.0,1,1.0,1,4.0,1,0.0,0,23.0,2.7914285714285714,737583.0,674359.0,9.0,4,35.0,979.914,"3,72",999.300,"88,94",KENNEDY,CARVAJAL,0.0,7.0,0.0,64.0,58.0,0.0,16.0,113.0,87874.0,42529.0,45345.0,14.680110157725835,0.0,0.796595124837836,0.0,7.2831554270887855,6.600359605799213,26.570105104752052,3.5285036939023047
20.0,2023,2.0,1,1.0,1,9.0,1,0.0,0,54.0,4.996666666666667,231126.0,219822.0,33.0,6,26.0,981.613,"3,41",1.388.086,"91,6",SUBA,LA ALHAMBRA,0.0,0.0,0.0,6.0,10.0,0.0,1.0,15.0,38479.0,17801.0,20678.0,4.158112217053458,0.0,0.0,0.0,1.5592920813950468,2.598820135658411,8.42649289365766,0.4836057645807138
51.0,2023,0.0,0,0.0,0,1.0,1,0.0,0,0.0,1.68875,263745.0,660861.0,0.0,0,15.0,404.35,"3,73",706.208,"83,68",SAN CRISTOBAL,LOS LIBERTADORES,0.0,14.0,0.0,13.0,28.0,0.0,6.0,49.0,78449.0,37958.0,40491.0,7.010924294764751,0.0,1.784598911394664,0.0,1.6571275605807594,3.569197822789328,12.909004689393539,1.481810772764318
115.0,2023,4.0,1,2.0,1,0.0,0,0.0,0,23.0,3.314,77135.0,83285.0,6.0,3,26.0,317.179,"3,46",1.428.379,"90,03",FONTIBON,CAPELLANIA,0.0,0.0,0.0,4.0,11.0,0.0,1.0,14.0,17770.0,8332.0,9438.0,8.441193021947102,0.0,0.0,0.0,2.2509848058525606,6.1902082160945415,16.802688430148823,1.0595465140919686
43.0,2023,1.0,1,1.0,1,5.0,1,0.0,0,21.0,3.0,844074.0,844239.0,17.0,8,31.0,250.715,"3,55",1.116.511,"90,43",PUENTE ARANDA,SAN RAFAEL,0.0,0.0,0.0,62.0,31.0,0.0,16.0,77.0,72332.0,34051.0,38281.0,12.85737985953658,0.0,0.0,0.0,8.571586573024387,4.2857932865121935,22.613139114857123,4.179619132206578
25.0,2023,6.0,1,2.0,1,5.0,1,0.0,0,30.0,4.04,127070.0,126620.0,24.0,5,25.0,981.613,"3,41",1.388.086,"91,6",SUBA,LA FLORESTA,0.0,0.0,0.0,5.0,7.0,0.0,0.0,12.0,44766.0,20709.0,24057.0,2.680605816914623,0.0,0.0,0.0,1.1169190903810928,1.56368672653353,5.794582065768506,0.0
56.0,2023,0.0,0,0.0,0,0.0,0,0.0,0,0.0,1.508,205135.0,253351.0,6.0,6,8.0,314.431,"4,07",569.872,"82,91",USME,DANUBIO,0.0,8.0,0.0,11.0,25.0,0.0,4.0,40.0,59354.0,28581.0,30773.0,7.413148229268456,0.0,1.3478451325942649,0.0,1.853287057317114,4.212016039357078,13.99531157062384,1.2998407695057355
26.0,2023,6.0,1,4.0,1,8.0,1,0.0,0,27.0,3.0646153846153847,1441973.0,1441167.0,19.0,5,69.0,824.337,"3,41",1.089.512,"91,78",ENGATIVA,LAS FERIAS,0.0,4.0,0.0,74.0,90.0,0.0,16.0,152.0,100885.0,48044.0,52841.0,16.65262427516479,0.0,0.3964910541705903,0.0,7.335084502155921,8.921048718838282,31.637665473316126,3.0279517798679056
102.0,2023,3.0,1,2.0,1,6.0,1,0.0,0,31.0,2.8186666666666667,764715.0,782955.0,131.0,15,94.0,94.944,"3,53",1.059.511,"89,78",LOS MARTIRES,LA SABANA,2.0,33.0,0.0,29.0,70.0,0.0,16.0,118.0,39019.0,18312.0,20707.0,34.342243522386525,0.51257079884159,8.457418180886236,0.0,7.432276583203055,17.93997795945565,64.43861948449104,7.7268556526778385
2.0,2023,0.0,0,0.0,0,0.0,0,0.0,0,3.0,5.058,10545.0,13800.0,3.0,2,95.0,981.613,"3,41",1.388.086,"91,6",SUBA,LA ACADEMIA,0.0,1.0,0.0,6.0,0.0,0.0,0.0,7.0,6720.0,3239.0,3481.0,10.416666666666666,0.0,1.4880952380952381,0.0,8.928571428571429,0.0,21.6116085211485,0.0
116.0,2023,4.0,1,1.0,1,2.0,1,0.0,0,21.0,3.155,24638.0,27282.0,3.0,1,17.0,824.337,"3,41",1.089.512,"91,78",ENGATIVA,ALAMOS,0.0,3.0,0.0,7.0,9.0,0.0,0.0,19.0,12392.0,5797.0,6595.0,15.332472562943835,0.0,2.4209167204648163,0.0,5.648805681084571,7.262750161394448,32.775573572537525,0.0
81.0,2023,1.0,1,0.0,0,1.0,1,0.0,0,10.0,2.0025,290204.0,283616.0,1.0,1,16.0,979.914,"3,72",999.300,"88,94",KENNEDY,GRAN BRITALIA,0.0,13.0,0.0,25.0,49.0,0.0,9.0,78.0,61933.0,30353.0,31580.0,14.047438360809263,0.0,2.0990425136841426,0.0,4.0366202186233515,7.911775628501768,25.697624617006557,2.849905003166561
52.0,2023,0.0,0,0.0,0,0.0,0,0.0,0,0.0,1.0,614920.0,740280.0,0.0,0,176.0,314.431,"4,07",569.872,"82,91",USME,LA FLORA,0.0,10.0,0.0,6.0,4.0,0.0,2.0,18.0,20004.0,9928.0,10076.0,9.998000399920016,0.0,4.999000199960008,0.0,2.9994001199760048,1.999600079984003,18.13053988718775,1.984914648670107
33.0,2023,0.0,0,2.0,1,2.0,1,0.0,0,2.0,2.8193333333333332,1647904.0,748256.0,42.0,13,30.0,404.35,"3,73",706.208,"83,68",SAN CRISTOBAL,SOSIEGO,0.0,0.0,0.0,23.0,24.0,0.0,3.0,44.0,44329.0,21463.0,22866.0,10.602540097904306,0.0,0.0,0.0,5.188477069187214,5.414063028717093,20.50039603037786,1.311991603253739
19.0,2023,5.0,1,8.0,1,12.0,1,0.0,0,28.0,3.51625,692512.0,712104.0,25.0,8,34.0,981.613,"3,41",1.388.086,"91,6",SUBA,EL PRADO,0.0,2.0,0.0,33.0,13.0,0.0,4.0,44.0,96729.0,45092.0,51637.0,4.96231740222684,0.0,0.206763225092785,0.0,3.4115932140309524,1.3439609631031024,9.757828439634526,0.7746383407246741
41.0,2023,2.0,1,0.0,0,2.0,1,0.0,0,23.0,3.0,523602.0,513468.0,24.0,8,22.0,250.715,"3,55",1.116.511,"90,43",PUENTE ARANDA,MUZU,1.0,0.0,0.0,48.0,33.0,0.0,16.0,66.0,58903.0,27746.0,31157.0,13.921192468974416,0.16977063986554164,0.0,0.0,8.148990713546,5.602431115562874,23.78721257118143,5.135282601020638
37.0,2023,1.0,1,1.0,1,2.0,1,0.0,0,26.0,3.0,307027.0,315602.0,40.0,7,41.0,94.944,"3,53",1.059.511,"89,78",LOS MARTIRES,SANTA ISABEL,0.0,4.0,0.0,19.0,23.0,0.0,12.0,34.0,45376.0,20718.0,24658.0,10.137517630465444,0.0,0.8815232722143864,0.0,4.1872355430183354,5.068758815232722,16.41085046819191,4.866574742477086
107.0,2023,4.0,1,1.0,1,3.0,1,0.0,0,26.0,3.77,207448.0,216792.0,32.0,8,35.0,139.298,"2,87",1.933.116,"96,03",TEUSAQUILLO,QUINTA PAREDES,0.0,2.0,0.0,9.0,2.0,0.0,0.0,13.0,27130.0,12142.0,14988.0,4.791743457427202,0.0,0.7371913011426465,0.0,3.3173608551419096,0.7371913011426465,10.706638115631693,0.0
73.0,2023,3.0,1,1.0,1,4.0,1,0.0,0,10.0,2.775714285714286,955689.0,1044302.0,4.0,2,40.0,824.337,"3,41",1.089.512,"91,78",ENGATIVA,GARCES NAVAS,0.0,7.0,0.0,66.0,105.0,0.0,26.0,152.0,175216.0,82576.0,92640.0,10.158889599123368,0.0,0.3995068943475482,0.0,3.766779289562597,5.992603415213223,18.407285409804302,2.806563039723662
31.0,2023,5.0,1,1.0,1,3.0,1,0.0,0,24.0,3.318333333333334,409362.0,391260.0,10.0,4,38.0,824.337,"3,41",1.089.512,"91,78",ENGATIVA,SANTA CECILIA,2.0,3.0,0.0,27.0,44.0,0.0,12.0,64.0,68688.0,32143.0,36545.0,11.064523643139996,0.2911716748194736,0.43675751222921033,0.0,3.9308176100628933,6.4057768460284175,19.911022617677254,3.2836229306334657
58.0,2023,0.0,0,1.0,1,1.0,1,0.0,0,0.0,1.5654545454545454,857659.0,954745.0,0.0,0,29.0,314.431,"4,07",569.872,"82,91",USME,COMUNEROS,0.0,7.0,0.0,23.0,47.0,0.0,8.0,69.0,97173.0,47611.0,49562.0,7.9240118139812505,0.0,0.7203647103619317,0.0,2.366912619760633,4.8367344838586845,14.492449223918841,1.6141398652193213
13.0,2023,3.0,1,1.0,1,11.0,1,0.0,0,14.0,4.381666666666667,1717632.0,1842552.0,20.0,5,88.0,430.156,"3,12",1.867.529,"93,6",USAQUEN,LOS CEDROS,1.0,1.0,0.0,17.0,6.0,0.0,5.0,20.0,132653.0,59075.0,73578.0,1.8846162544382714,0.07538465017753085,0.07538465017753085,0.0,1.2815390530180246,0.45230790106518515,3.3855268726195513,0.6795509527304358
63.0,2023,0.0,0,0.0,0,0.0,0,0.0,0,0.0,,1596.0,5864.0,2.0,2,6.0,593.937,"4,09",505.335,"83,5",CIUDAD BOLIVAR,EL MOCHUELO,0.0,0.0,0.0,0.0,0.0,0.0,0.0,0.0,0.0,0.0,0.0,0.0,0.0,0.0,0.0,0.0,0.0,0.0,0.0
87.0,2023,0.0,0,0.0,0,0.0,0,0.0,0,2.0,1.765,212992.0,339512.0,0.0,0,47.0,546.809,"3,98",703.807,"85,4",BOSA,TINTAL SUR,0.0,19.0,0.0,15.0,46.0,0.0,9.0,71.0,134567.0,63412.0,71155.0,5.94499394353742,0.0,1.4119360615901373,0.0,1.1146863644132663,3.4183715175340166,11.196618936478899,1.2648443538753424
77.0,2023,1.0,1,0.0,0,0.0,0,0.0,0,7.0,2.045,283878.0,356976.0,0.0,0,13.0,317.179,"3,46",1.428.379,"90,03",FONTIBON,ZONA FRANCA,0.0,1.0,0.0,14.0,15.0,0.0,6.0,24.0,66546.0,31062.0,35484.0,4.508159769182219,0.0,0.150271992306074,0.0,2.103807892285036,2.2540798845911096,7.726482518833301,1.6909029421711192
39.0,2023,2.0,1,3.0,1,7.0,1,0.0,0,13.0,3.0,1410480.0,1306815.0,45.0,15,69.0,378.78,"3,72",591.317,"87,06",RAFAEL URIBE URIBE,QUIROGA,0.0,7.0,0.0,65.0,70.0,0.0,14.0,128.0,91752.0,43814.0,47938.0,15.476501874618538,0.0,0.7629261487488012,0.0,7.084314238381725,7.6292614874880105,29.21440635413338,2.9204389002461513
108.0,2023,2.0,1,0.0,0,1.0,1,0.0,0,24.0,2.685714285714286,33520.0,33976.0,48.0,8,66.0,250.715,"3,55",1.116.511,"90,43",PUENTE ARANDA,ZONA INDUSTRIAL,1.0,3.0,0.0,28.0,19.0,0.0,5.0,46.0,6832.0,3373.0,3459.0,74.64871194379391,1.4637002341920375,4.391100702576113,0.0,40.98360655737705,27.81030444964871,136.37711236288172,14.455044810638912
61.0,2023,0.0,0,0.0,0,0.0,0,0.0,0,0.0,1.2366666666666666,79500.0,134960.0,0.0,0,65.0,314.431,"4,07",569.872,"82,91",USME,CIUDAD USME,0.0,6.0,0.0,2.0,6.0,0.0,0.0,14.0,31097.0,15046.0,16051.0,4.502041997620349,0.0,1.9294465704087211,0.0,0.643148856802907,1.9294465704087211,9.304798617572777,0.0
1.0,2023,0.0,0,0.0,0,0.0,0,0.0,0,3.0,4.0,52488.0,63828.0,3.0,3,83.0,430.156,"3,12",1.867.529,"93,6",USAQUEN,PASEO DE LOS LIBERTADORES,0.0,0.0,0.0,2.0,0.0,0.0,0.0,2.0,2449.0,1210.0,1239.0,8.166598611678236,0.0,0.0,0.0,8.166598611678236,0.0,16.52892561983471,0.0
46.0,2023,4.0,1,1.0,1,5.0,1,0.0,0,13.0,2.72,884656.0,1003288.0,18.0,6,40.0,979.914,"3,72",999.300,"88,94",KENNEDY,CASTILLA,0.0,7.0,0.0,100.0,95.0,0.0,36.0,166.0,150405.0,71399.0,79006.0,13.430404574316013,0.0,0.46541005950600045,0.0,6.648715135800006,6.316279379010006,23.249625344892788,4.556615953218743
85.0,2023,2.0,1,2.0,1,6.0,1,0.0,0,5.0,1.9988888888888892,2537808.0,2654832.0,17.0,6,39.0,546.809,"3,98",703.807,"85,4",BOSA,BOSA CENTRAL,0.0,25.0,0.0,52.0,107.0,0.0,20.0,164.0,230830.0,111661.0,119169.0,7.971234241649699,0.0,1.0830481306589266,0.0,2.252740111770567,4.635445999220205,14.687312490484592,1.6782888167224697
60.0,2023,0.0,0,0.0,0,0.0,0,0.0,0,1.0,1.11,10544.0,15584.0,0.0,0,0.0,314.431,"4,07",569.872,"82,91",USME,PARQUE ENTRENUBES,0.0,0.0,0.0,2.0,4.0,0.0,2.0,4.0,763.0,395.0,368.0,78.63695937090432,0.0,0.0,0.0,26.212319790301443,52.424639580602886,101.26582278481013,54.34782608695652
60.0,2023,0.0,0,0.0,0,0.0,0,0.0,0,1.0,1.11,10544.0,15584.0,0.0,0,0.0,314.431,"4,07",569.872,"82,91",USME,PARQUE ENTRENUBES,0.0,0.0,0.0,2.0,4.0,0.0,2.0,4.0,763.0,395.0,368.0,78.63695937090432,0.0,0.0,0.0,26.212319790301443,52.424639580602886,101.26582278481013,54.34782608695652
30.0,2023,2.0,1,5.0,1,10.0,1,0.0,0,28.0,3.001818181818182,1427481.0,1341120.0,25.0,7,42.0,824.337,"3,41",1.089.512,"91,78",ENGATIVA,BOYACA REAL,2.0,3.0,0.0,50.0,66.0,0.0,15.0,106.0,130399.0,61902.0,68497.0,9.279212263897728,0.15337540932062363,0.23006311398093543,0.0,3.8343852330155905,5.061388507580579,17.12384090982521,2.1898769289165947
72.0,2023,0.0,0,1.0,1,1.0,1,0.0,0,12.0,3.0,331356.0,345116.0,4.0,2,21.0,824.337,"3,41",1.089.512,"91,78",ENGATIVA,BOLIVIA,0.0,2.0,0.0,36.0,32.0,0.0,11.0,59.0,85273.0,38749.0,46524.0,8.208928969310334,0.0,0.23454082769458093,0.0,4.221734898502457,3.752653243113295,15.226199385790602,2.36437107729344
57.0,2023,0.0,0,4.0,1,2.0,1,0.0,0,0.0,1.7740000000000002,1391324.0,1519562.0,3.0,3,23.0,314.431,"4,07",569.872,"82,91",USME,GRAN YOMASA,0.0,17.0,0.0,45.0,66.0,0.0,9.0,119.0,126067.0,61310.0,64757.0,10.153331165174075,0.0,1.3484892953746819,0.0,3.56953048775651,5.235311382042882,19.40955798401566,1.3898111401084052
23.0,2023,1.0,1,0.0,0,5.0,1,0.0,0,23.0,3.5728571428571425,209118.0,255647.0,7.0,5,41.0,981.613,"3,41",1.388.086,"91,6",SUBA,CASA BLANCA SUBA,0.0,1.0,0.0,16.0,8.0,0.0,2.0,23.0,60326.0,28452.0,31874.0,4.144150117693863,0.0,0.16576600470775454,0.0,2.6522560753240727,1.3261280376620364,8.083790243216646,0.6274706657463763
88.0,2023,1.0,1,0.0,0,0.0,0,0.0,0,32.0,5.9375,358776.0,369156.0,3.0,2,60.0,122.507,"2,43",2.288.835,"96,61",CHAPINERO,EL REFUGIO,0.0,0.0,0.0,2.0,7.0,0.0,2.0,7.0,38433.0,17254.0,21179.0,2.341737569276403,0.0,0.0,0.0,0.5203861265058674,1.8213514427705357,4.057030253854179,0.9443316492752255
9.0,2023,1.0,1,3.0,1,5.0,1,0.0,0,3.0,2.7445454545454546,927663.0,1059410.0,9.0,4,60.0,430.156,"3,12",1.867.529,"93,6",USAQUEN,VERBENAL,0.0,9.0,0.0,28.0,37.0,0.0,9.0,65.0,129766.0,61488.0,68278.0,5.702572322488171,0.0,0.6935560932755883,0.0,2.1577300679684974,2.8512861612440856,10.571168358053603,1.3181405430739037
109.0,2023,1.0,1,0.0,0,1.0,1,0.0,0,15.0,4.123333333333334,44058.0,53832.0,12.0,3,32.0,139.298,"2,87",1.933.116,"96,03",TEUSAQUILLO,CIUDAD SALITRE ORIENTAL,0.0,0.0,0.0,6.0,6.0,1.0,2.0,9.0,25063.0,11176.0,13887.0,4.787934405298647,0.0,0.0,0.0,2.3939672026493235,2.3939672026493235,8.05297065139585,1.4401958666378627
49.0,2023,1.0,1,1.0,1,0.0,0,0.0,0,7.0,2.3333333333333335,124191.0,114375.0,10.0,3,11.0,546.809,"3,98",703.807,"85,4",BOSA,APOGEO,0.0,2.0,0.0,9.0,18.0,0.0,3.0,26.0,33860.0,16297.0,17563.0,8.564678086237448,0.0,0.5906674542232723,0.0,2.658003544004725,5.31600708800945,15.953856538013131,1.70813642316233
14.0,2023,1.0,1,0.0,0,2.0,1,0.0,0,37.0,4.66,375100.0,457974.0,0.0,0,45.0,430.156,"3,12",1.867.529,"93,6",USAQUEN,USAQUEN,0.0,0.0,0.0,3.0,2.0,0.0,1.0,4.0,42154.0,20277.0,21877.0,1.1861270579304455,0.0,0.0,0.0,0.7116762347582674,0.4744508231721782,1.9726784041031709,0.45710106504548154
32.0,2023,0.0,0,0.0,0,1.0,1,0.0,0,0.0,1.7457142857142858,1408200.0,1428675.0,0.0,0,47.0,404.35,"3,73",706.208,"83,68",SAN CRISTOBAL,SAN BLAS,0.0,7.0,0.0,35.0,43.0,0.0,11.0,74.0,104987.0,50410.0,54577.0,8.096240486917427,0.0,0.6667492165696705,0.0,3.3337460828483527,4.095745187499404,14.679627058123389,2.0155010352346228
92.0,2023,1.0,1,0.0,0,0.0,0,0.0,0,14.0,2.5425,132324.0,86100.0,26.0,6,25.0,96.241,"3,18",896.890,"88,28",SANTA FE,LA MACARENA,1.0,2.0,0.0,3.0,6.0,0.0,2.0,10.0,12525.0,6138.0,6387.0,9.580838323353293,0.7984031936127745,1.596806387225549,0.0,2.395209580838323,4.790419161676646,16.291951775822742,3.131360576170346
11.0,2023,1.0,1,2.0,1,5.0,1,0.0,0,8.0,2.3000000000000003,373404.0,436080.0,0.0,0,21.0,430.156,"3,12",1.867.529,"93,6",USAQUEN,SAN CRISTOBAL NORTE,0.0,6.0,0.0,9.0,16.0,0.0,4.0,27.0,69174.0,32794.0,36380.0,4.481452568884262,0.0,0.8673779165582444,0.0,1.3010668748373666,2.313007777488652,8.233213392693786,1.0995052226498077
36.0,2023,1.0,1,0.0,0,2.0,1,0.0,0,10.0,2.97,350595.0,343350.0,26.0,7,19.0,378.78,"3,72",591.317,"87,06",RAFAEL URIBE URIBE,SAN JOSE,0.0,6.0,0.0,36.0,40.0,0.0,6.0,76.0,47771.0,22407.0,25364.0,17.16522576458521,0.0,1.2559921291159908,0.0,7.535952774695946,8.373280860773272,33.917972062301956,2.365557483046838
53.0,2023,0.0,0,1.0,1,2.0,1,0.0,0,5.0,2.442857142857143,479920.0,461139.0,21.0,6,14.0,378.78,"3,72",591.317,"87,06",RAFAEL URIBE URIBE,MARCO FIDEL SUAREZ,0.0,15.0,0.0,33.0,17.0,0.0,5.0,60.0,43907.0,20846.0,23061.0,14.804017582617805,0.0,3.4163117498348785,0.0,7.515885849636732,3.8718199831461955,28.782500239854166,2.1681626989289273
50.0,2023,0.0,0,1.0,1,1.0,1,0.0,0,1.0,1.9327272727272728,215222.0,1432186.0,1.0,1,21.0,404.35,"3,73",706.208,"83,68",SAN CRISTOBAL,LA GLORIA,0.0,9.0,0.0,20.0,49.0,0.0,9.0,69.0,94882.0,45906.0,48976.0,8.22073733690268,0.0,0.948546615796463,0.0,2.1078813684365847,5.1643093526696315,15.03071493922363,1.8376347598823914
110.0,2023,3.0,1,1.0,1,0.0,0,0.0,0,26.0,4.074999999999999,71780.0,82212.0,7.0,2,29.0,317.179,"3,46",1.428.379,"90,03",FONTIBON,CIUDAD SALITRE OCCIDENTAL,0.0,2.0,0.0,10.0,5.0,0.0,0.0,17.0,45423.0,21466.0,23957.0,3.7425973625696236,0.0,0.4403055720670145,0.0,2.2015278603350725,1.1007639301675363,7.91950060560887,0.0
10.0,2023,1.0,1,1.0,1,1.0,1,0.0,0,9.0,2.87125,122265.0,153495.0,5.0,2,29.0,430.156,"3,12",1.867.529,"93,6",USAQUEN,LA URIBE,0.0,1.0,0.0,5.0,2.0,0.0,3.0,5.0,38992.0,17853.0,21139.0,2.051702913418137,0.0,0.2564628641772671,0.0,1.2823143208863357,0.5129257283545342,2.8006497507421724,1.4191778229812195
42.0,2023,2.0,1,2.0,1,1.0,1,0.0,0,13.0,2.4250000000000003,2179040.0,2310720.0,35.0,13,66.0,182.532,"3,63",829.895,"87,19",TUNJUELITO,VENECIA,1.0,7.0,0.0,81.0,82.0,0.0,21.0,150.0,138470.0,66976.0,71494.0,12.349245323896874,0.07221780891167762,0.5055246623817433,0.0,5.849642521845888,5.921860330757565,22.396082178690875,2.9373094245670965
103.0,2023,0.0,0,0.0,0,0.0,0,0.0,0,26.0,3.0,10953.0,12423.0,5.0,2,15.0,230.066,"3,36",1.462.840,"92,44",BARRIOS UNIDOS,PARQUE SALITRE,0.0,1.0,0.0,5.0,0.0,0.0,0.0,6.0,1187.0,624.0,563.0,50.54759898904802,0.0,8.424599831508003,0.0,42.122999157540015,0.0,96.15384615384616,0.0
21.0,2023,5.0,1,1.0,1,7.0,1,0.0,0,52.0,3.762,225860.0,233125.0,52.0,5,22.0,230.066,"3,36",1.462.840,"92,44",BARRIOS UNIDOS,LOS ANDES,0.0,0.0,0.0,20.0,7.0,0.0,2.0,25.0,29375.0,12995.0,16380.0,9.191489361702128,0.0,0.0,0.0,6.808510638297872,2.382978723404255,19.23816852635629,1.221001221001221
55.0,2023,0.0,0,0.0,0,0.0,0,0.0,0,0.0,1.5539999999999998,379860.0,395955.0,0.0,0,7.0,378.78,"3,72",591.317,"87,06",RAFAEL URIBE URIBE,DIANA TURBAY,0.0,15.0,0.0,24.0,28.0,0.0,6.0,61.0,74639.0,35649.0,38990.0,8.976540414528598,0.0,2.009673227133268,0.0,3.215477163413229,3.751390023982101,17.111279418777524,1.5388561169530648
113.0,2023,1.0,1,1.0,1,3.0,1,0.0,0,15.0,3.2925,104270.0,104965.0,8.0,3,26.0,979.914,"3,72",999.300,"88,94",KENNEDY,BAVARIA,0.0,1.0,0.0,22.0,26.0,0.0,3.0,46.0,45175.0,20999.0,24176.0,10.846707249584947,0.0,0.2213613724405091,0.0,4.869950193691201,5.755395683453237,21.90580503833516,1.2409000661813367
60.0,2023,0.0,0,0.0,0,0.0,0,0.0,0,1.0,1.11,10544.0,15584.0,0.0,0,0.0,314.431,"4,07",569.872,"82,91",USME,PARQUE ENTRENUBES,0.0,0.0,0.0,2.0,4.0,0.0,2.0,4.0,763.0,395.0,368.0,78.63695937090432,0.0,0.0,0.0,26.212319790301443,52.424639580602886,101.26582278481013,54.34782608695652
60.0,2023,0.0,0,0.0,0,0.0,0,0.0,0,1.0,1.11,10544.0,15584.0,0.0,0,0.0,314.431,"4,07",569.872,"82,91",USME,PARQUE ENTRENUBES,0.0,0.0,0.0,2.0,4.0,0.0,2.0,4.0,763.0,395.0,368.0,78.63695937090432,0.0,0.0,0.0,26.212319790301443,52.424639580602886,101.26582278481013,54.34782608695652
90.0,2023,1.0,1,1.0,1,4.0,1,0.0,0,47.0,3.05,275954.0,520674.0,22.0,10,60.0,122.507,"2,43",2.288.835,"96,61",CHAPINERO,PARDO RUBIO,0.0,1.0,0.0,11.0,10.0,0.0,2.0,20.0,49682.0,24144.0,25538.0,4.428163117426835,0.0,0.20128014170121977,0.0,2.2140815587134175,2.0128014170121977,8.28363154406892,0.7831466833737959
67.0,2023,0.0,0,1.0,1,3.0,1,0.0,0,2.0,1.256470588235294,2609568.0,2765373.0,2.0,1,30.0,593.937,"4,09",505.335,"83,5",CIUDAD BOLIVAR,LUCERO,0.0,54.0,0.0,17.0,109.0,0.0,18.0,162.0,163419.0,81257.0,82162.0,11.014631101646687,0.0,3.304389330494006,0.0,1.0402707151555206,6.66997105599716,19.936743911293796,2.1907937976193375
83.0,2023,0.0,0,0.0,0,0.0,0,0.0,0,1.0,2.0,24432.0,29572.0,1.0,1,11.0,979.914,"3,72",999.300,"88,94",KENNEDY,LAS MARGARITAS,0.0,5.0,0.0,22.0,10.0,0.0,2.0,35.0,36519.0,17447.0,19072.0,10.131712259371835,0.0,1.369150305320518,0.0,6.02426134341028,2.738300610641036,20.060755430733078,1.0486577181208054
101.0,2023,5.0,1,0.0,0,3.0,1,0.0,0,39.0,3.8711111111111105,267970.0,273160.0,65.0,10,59.0,139.298,"2,87",1.933.116,"96,03",TEUSAQUILLO,TEUSAQUILLO,0.0,2.0,0.0,24.0,21.0,1.0,8.0,38.0,27124.0,12781.0,14343.0,17.327827754018582,0.0,0.737354372511429,0.0,8.848252470137147,7.742220911370005,29.73163289257492,5.577633688907481
54.0,2023,0.0,0,0.0,0,0.0,0,0.0,0,5.0,1.83,984621.0,1061115.0,21.0,8,28.0,378.78,"3,72",591.317,"87,06",RAFAEL URIBE URIBE,MARRUECOS,0.0,19.0,0.0,53.0,58.0,0.0,15.0,115.0,122942.0,64728.0,58214.0,10.574091848188578,0.0,1.545444193196792,0.0,4.3109759073384195,4.717671747653365,17.766654307254974,2.5766997629436217
78.0,2023,0.0,0,1.0,1,0.0,0,0.0,0,13.0,1.956,79812.0,176088.0,0.0,0,25.0,979.914,"3,72",999.300,"88,94",KENNEDY,TINTAL NORTE,0.0,3.0,0.0,8.0,23.0,0.0,2.0,32.0,34165.0,15949.0,18216.0,9.95170496121762,0.0,0.8780916142250842,0.0,2.3415776379335576,6.732035709058979,20.06395385290614,1.0979358805445762
100.0,2023,9.0,1,2.0,1,2.0,1,0.0,0,26.0,3.59625,300195.0,309096.0,38.0,9,56.0,139.298,"2,87",1.933.116,"96,03",TEUSAQUILLO,GALERIAS,0.0,8.0,0.0,26.0,21.0,0.0,5.0,50.0,36452.0,16968.0,19484.0,15.088335345111378,0.0,2.194666959288928,0.0,7.132667617689016,5.761000768133436,29.467232437529468,2.566208170806816
34.0,2023,0.0,0,3.0,1,2.0,1,0.0,0,2.0,2.346363636363636,864012.0,1108236.0,26.0,12,30.0,404.35,"3,73",706.208,"83,68",SAN CRISTOBAL,20 DE JULIO,0.0,7.0,0.0,26.0,51.0,0.0,14.0,70.0,78991.0,38171.0,40820.0,10.634122874757884,0.0,0.8861769062298237,0.0,3.291514223139345,6.4564317453887154,18.338529249954153,3.4296913277805
106.0,2023,2.0,1,0.0,0,4.0,1,0.0,0,14.0,4.164,167560.0,168920.0,17.0,5,30.0,139.298,"2,87",1.933.116,"96,03",TEUSAQUILLO,LA ESMERALDA,0.0,0.0,0.0,14.0,6.0,0.0,4.0,16.0,39019.0,17454.0,21565.0,5.1257079884159,0.0,0.0,0.0,3.58799559189113,1.53771239652477,9.166953133952104,1.8548574078367726
91.0,2023,2.0,1,2.0,1,2.0,1,0.0,0,27.0,3.3285714285714287,96894.0,41153.0,42.0,7,37.0,96.241,"3,18",896.890,"88,28",SANTA FE,SAGRADO CORAZON,0.0,2.0,0.0,7.0,6.0,0.0,1.0,14.0,12332.0,6149.0,6183.0,12.16347713266299,0.0,1.621796951021732,0.0,5.676289328576062,4.865390853065196,22.767929744673932,1.6173378618793466
95.0,2023,0.0,0,0.0,0,1.0,1,0.0,0,24.0,2.0,260205.0,69723.0,19.0,3,15.0,96.241,"3,18",896.890,"88,28",SANTA FE,LAS CRUCES,0.0,15.0,0.0,1.0,3.0,0.0,0.0,19.0,21723.0,10939.0,10784.0,8.746489895502464,0.0,6.905123601712471,0.0,0.46034157344749804,1.3810247203424941,17.369046530761498,0.0
40.0,2023,5.0,1,0.0,0,3.0,1,0.0,0,22.0,3.0,1219392.0,1267944.0,21.0,8,62.0,250.715,"3,55",1.116.511,"90,43",PUENTE ARANDA,CIUDAD MONTES,1.0,4.0,0.0,79.0,67.0,0.0,19.0,132.0,101354.0,47442.0,53912.0,14.898277325019238,0.09866408824516053,0.3946563529806421,0.0,7.794462971367682,6.6104939124257545,27.82344757809536,3.52426175990503
117.0,2023,0.0,0,0.0,0,0.0,0,0.0,0,17.0,3.0,824.0,1670.0,1.0,1,17.0,317.179,"3,46",1.428.379,"90,03",FONTIBON,AEROPUERTO EL DORADO,0.0,0.0,0.0,6.0,9.0,1.0,3.0,11.0,899.0,616.0,283.0,166.85205784204672,0.0,0.0,0.0,66.74082313681869,100.11123470522803,178.57142857142856,106.0070671378092
64.0,2023,0.0,0,0.0,0,0.0,0,0.0,0,0.0,1.0,5590.0,25895.0,0.0,0,7.0,593.937,"4,09",505.335,"83,5",CIUDAD BOLIVAR,MONTE BLANCO,0.0,10.0,0.0,2.0,10.0,0.0,2.0,20.0,6716.0,3418.0,3298.0,32.75759380583681,0.0,14.889815366289458,0.0,2.9779630732578917,14.889815366289458,58.51375073142188,6.064281382656155
48.0,2023,2.0,1,1.0,1,0.0,0,0.0,0,13.0,2.7455555555555557,1310472.0,1325682.0,5.0,3,18.0,979.914,"3,72",999.300,"88,94",KENNEDY,TIMIZA,0.0,8.0,0.0,83.0,81.0,0.0,22.0,150.0,142994.0,68781.0,74213.0,12.028476719302908,0.0,0.5594640334559492,0.0,5.804439347105473,5.664573338741485,21.808348235704628,2.964440192419118
98.0,2023,4.0,1,3.0,1,8.0,1,0.0,0,49.0,3.0542105263157895,1522242.0,1559634.0,99.0,19,81.0,230.066,"3,36",1.462.840,"92,44",BARRIOS UNIDOS,LOS ALCAZARES,1.0,13.0,0.0,35.0,42.0,1.0,11.0,79.0,39311.0,19146.0,20165.0,23.1487369947343,0.2543817252168604,3.3069624278191854,0.0,8.903360382590115,10.684032459108137,41.26188237752011,5.454996280684354
28.0,2023,3.0,1,13.0,1,17.0,1,0.0,0,23.0,2.287857142857143,3797108.0,4228084.0,17.0,6,49.0,981.613,"3,41",1.388.086,"91,6",SUBA,EL RINCON,0.0,22.0,0.0,31.0,96.0,0.0,16.0,133.0,266801.0,128139.0,138662.0,5.5846867140677885,0.0,0.8245846154999419,0.0,1.161914685477191,3.5981874130906553,10.379353670623306,1.1538849865139693
17.0,2023,2.0,1,0.0,0,4.0,1,0.0,0,15.0,4.285,226840.0,238870.0,6.0,2,32.0,981.613,"3,41",1.388.086,"91,6",SUBA,SAN JOSE DE BAVARIA,0.0,1.0,0.0,21.0,10.0,0.0,6.0,26.0,46343.0,21850.0,24493.0,6.9050342014975294,0.0,0.2157823187967978,0.0,4.531428694732753,2.157823187967978,11.899313501144164,2.4496795002653817
24.0,2023,5.0,1,2.0,1,20.0,1,0.0,0,24.0,4.819999999999999,859833.0,845949.0,36.0,12,69.0,981.613,"3,41",1.388.086,"91,6",SUBA,NIZA,0.0,2.0,0.0,29.0,21.0,0.0,12.0,40.0,77617.0,36223.0,41394.0,6.699563240011853,0.0,0.2576755092312251,0.0,3.7362948838527643,2.7055928469278636,11.042707671921155,2.8989708653428035
44.0,2023,4.0,1,2.0,1,2.0,1,0.0,0,26.0,3.22875,673424.0,676672.0,20.0,7,33.0,979.914,"3,72",999.300,"88,94",KENNEDY,AMERICAS,0.0,6.0,0.0,101.0,54.0,0.0,15.0,146.0,79808.0,37688.0,42120.0,20.17341619887731,0.0,0.751804330392943,0.0,12.655372894947874,6.766238973536487,38.73912120568882,3.5612535612535616
62.0,2023,0.0,0,2.0,1,2.0,1,0.0,0,4.0,2.024,338366.0,403893.0,26.0,7,26.0,182.532,"3,63",829.895,"87,19",TUNJUELITO,TUNJUELITO,0.0,7.0,0.0,27.0,20.0,0.0,4.0,50.0,39818.0,19735.0,20083.0,13.56170576121352,0.0,1.7579988949721232,0.0,6.78085288060676,5.022853985634638,25.33569799847986,1.9917343026440273
69.0,2023,1.0,1,1.0,1,2.0,1,0.0,0,5.0,1.3691666666666666,1779216.0,1964304.0,13.0,6,22.0,593.937,"4,09",505.335,"83,5",CIUDAD BOLIVAR,ISMAEL PERDOMO,0.0,27.0,0.0,63.0,97.0,0.0,14.0,173.0,168351.0,82392.0,85959.0,11.107745127739069,0.0,1.6037920772671383,0.0,3.742181513623323,5.761771536848609,20.997184192640063,1.6286834421061205
93.0,2023,8.0,1,5.0,1,5.0,1,0.0,0,16.0,2.932857142857143,332178.0,96411.0,80.0,7,52.0,96.241,"3,18",896.890,"88,28",SANTA FE,LAS NIEVES,0.0,11.0,0.0,4.0,14.0,0.0,6.0,23.0,18327.0,9421.0,8906.0,15.8236481693676,0.0,6.002073443553227,0.0,2.1825721612920828,7.63900256452229,24.413544209744188,6.737031214911296
18.0,2023,1.0,1,1.0,1,6.0,1,0.0,0,16.0,3.272,300834.0,346380.0,10.0,3,25.0,981.613,"3,41",1.388.086,"91,6",SUBA,BRITALIA,0.0,2.0,0.0,17.0,9.0,0.0,2.0,26.0,92548.0,43532.0,49016.0,3.025457060120154,0.0,0.21610407572286813,0.0,1.836884643644379,0.9724683407529066,5.9726178443443905,0.4080300310102824
