codigo_upz,year,cantidad_oxxo,dummy_oxxo,cantidad_ara,dummy_ara,cantidad_d1,dummy_d1,cantidad_jb,dummy_jb,spillover_oxxo,estrato_mean,poblacion_2005,poblacion_urbana_2009,num_est_transmi,acceso_transmi,accesibilidad_arterial,personas_por_localidad_2007,personas_por_hogar_2007_localidad,gasto_promedio_mensual_2007_localidad,ICV_2007_localidad,nombre_localidad,nombre_upz,theft_to_people,homicide,sexual,theft_to_vehicle,theft_to_motorbike,genero_-,genero_FEMENINO,genero_MASCULINO,TOTAL_POBLACION,Hombre,Mujer,crime_index_eb,theft_to_people_index_eb,homicide_index_eb,sexual_index_eb,theft_to_vehicle_index_eb,theft_to_motorbike_index_eb,crime_index,theft_to_people_index,homicide_index,sexual_index,theft_to_vehicle_index,theft_to_motorbike_index,male_index,female_index,total_atraco,total_hurto,total_violacion_domicilio,total_alteracion_orden,total_violacion_maltrato,total_homicidio,total_pandillas_drogas,total_armas,total_rapto_secuestro,total_alcohol_menores,total_sospechoso,total_auxilio,total_tendida,tasa_TOTAL_POBLACION,tasa_total_atraco,tasa_total_hurto,tasa_total_violacion_domicilio,tasa_total_alteracion_orden,tasa_total_violacion_maltrato,tasa_total_homicidio,tasa_total_pandillas_drogas,tasa_total_armas,tasa_total_rapto_secuestro,tasa_total_alcohol_menores,tasa_total_sospechoso,tasa_total_auxilio,tasa_total_tendida
15,2015,0,0,0,0,0,0,0,0,6,5.395,175550,49356,6,2,21,430.156,312,1.867.529,936,USAQUEN,COUNTRY CLUB,142,0,8,2,1,0,65,88,24875,11083,13792,61.45463647328928,57.00051266026048,0.28514355390101137,3.3764675044558765,1.1591575879602023,1.106434950652319,61.50753768844221,57.08542713567839,0,3.2160804020100504,0.8040201005025126,0.4020100502512563,79.40088423711991,47.12877030162413,12,22,10,35,34,5,12,11,8,11,12,10,8,10000,4.824120603015075,8.844221105527637,4.0201005025125625,14.07035175879397,13.668341708542714,2.0100502512562812,4.824120603015075,4.422110552763819,3.2160804020100504,4.422110552763819,4.824120603015075,4.0201005025125625,3.2160804020100504
86,2015,0,0,0,0,0,0,0,0,0,1.568,321440,368145,0,0,33,546.809,398,703.807,854,BOSA,EL PORVENIR,131,25,38,14,63,0,86,185,118531,57290,61241,22.893904396078057,11.076241892308111,2.0994676622342845,3.2451747151691066,1.252168317502757,5.280487020097742,22.863217217436787,11.051961090347673,2.109152879837342,3.20591237735276,1.1811256127089116,5.315065257190103,32.291848490137895,14.042879770088666,12,24,12,41,36,1,24,12,12,12,12,12,12,10000,1.0123933823219242,2.0247867646438484,1.0123933823219242,3.4590107229332414,3.0371801469657727,0.08436611519349368,2.0247867646438484,1.0123933823219242,1.0123933823219242,1.0123933823219242,1.0123933823219242,1.0123933823219242,1.0123933823219242
71,2015,0,0,0,0,1,1,0,0,2,2.105,2325960,2670912,0,0,22,981.613,341,1.388.086,916,SUBA,TIBABUYES,281,37,82,33,53,0,197,289,265973,128726,137247,18.28843144121362,10.57600728193851,1.3987686206083936,3.103216981593779,1.2720554223451097,2.040375721641326,18.27253142236242,10.564982159843291,1.3911186473815011,3.083019705007651,1.2407274422591763,1.992683467870799,22.450786942808755,14.353683504921785,12,24,12,45,36,7,24,12,12,12,12,12,12,10000,0.45117361536697337,0.9023472307339467,0.45117361536697337,1.69190105762615,1.35352084610092,0.26318460896406776,0.9023472307339467,0.45117361536697337,0.45117361536697337,0.45117361536697337,0.45117361536697337,0.45117361536697337,0.45117361536697337
29,2015,1,1,0,0,0,0,0,0,2,2.713333333333334,1291554,1329381,30,9,32,824.337,341,1.089.512,9178,ENGATIVA,MINUTO DE DIOS,232,12,47,35,46,0,135,237,114940,54345,60595,32.385750057843616,20.20085712914722,1.0745379573118532,4.092295522138384,3.0488717921638475,4.023095246611617,32.364712023664524,20.184444057769273,1.044022968505307,4.08908995997912,3.045066991473812,4.00208804593701,43.61026773392216,22.279065929532138,12,24,12,46,36,3,24,12,12,12,12,12,12,10000,1.044022968505307,2.088045937010614,1.044022968505307,4.00208804593701,3.132068905515921,0.26100574212632677,2.088045937010614,1.044022968505307,1.044022968505307,1.044022968505307,1.044022968505307,1.044022968505307,1.044022968505307
80,2015,0,0,0,0,0,0,0,0,0,2.0025,247816,277108,11,4,19,979.914,372,999.300,8894,KENNEDY,CORABASTOS,279,22,29,14,27,0,132,239,58405,29271,29134,63.49494043387666,47.75092614515996,3.6282514498154104,4.90154398575398,2.450096894411158,4.612003795078778,63.52195873640955,47.769882715520936,3.766800787603801,4.965328310932284,2.3970550466569644,4.622891875695574,81.6507806361245,45.30788769135718,12,24,12,41,36,4,22,12,12,12,12,12,12,10000,2.0546186114202554,4.109237222840511,2.0546186114202554,7.019946922352538,6.163855834260765,0.6848728704734184,3.766800787603801,2.0546186114202554,2.0546186114202554,2.0546186114202554,2.0546186114202554,2.0546186114202554,2.0546186114202554
99,2015,4,1,0,0,0,0,0,0,10,3.692,79566,121692,22,6,62,122.507,243,2.288.835,9661,CHAPINERO,CHAPINERO,1083,4,35,9,16,0,497,650,23081,11315,11766,494.47858437618663,467.1944367216436,1.7517227705476084,13.18670258427113,3.777909570100795,6.484358408573871,496.9455396213335,469.2171049781205,1.7330271652008145,15.163987695507126,3.899311121701833,6.932108660803258,574.4586831639416,422.4035356110828,12,24,12,48,36,11,23,12,12,12,12,12,12,10000,5.199081495602443,10.398162991204886,5.199081495602443,20.796325982409773,15.597244486807332,4.76582470430224,9.964906199904682,5.199081495602443,5.199081495602443,5.199081495602443,5.199081495602443,5.199081495602443,5.199081495602443
3,2015,0,0,0,0,0,0,0,0,0,6,0,1169,0,0,26,981.613,341,1.388.086,916,SUBA,GUAYMARAL,8,0,1,1,1,0,5,6,1886,911,975,57.870856297288306,42.15328662590327,1.3049016979138155,4.473934163947757,3.789410431257022,4.706237044555107,58.324496288441146,42.417815482502654,0,5.302226935312832,5.302226935312832,5.302226935312832,65.86169045005488,51.282051282051285,1,2,0,6,1,0,0,0,0,0,1,0,0,10000,5.302226935312832,10.604453870625663,0,31.81336161187699,5.302226935312832,0,0,0,0,0,5.302226935312832,0,0
97,2015,6,1,0,0,1,1,0,0,5,5.211875,94384,420656,63,15,98,122.507,243,2.288.835,9661,CHAPINERO,CHICO LAGO,1243,2,38,1,28,0,552,760,33047,15114,17933,395.6713902943471,375.02135172659905,0.7552207895175191,10.525195416527062,0.6397540767293408,7.932995037092576,397.0103186370926,376.13096498925773,0.6051986564589826,11.49877447272067,0.3025993282294913,8.472781190425758,502.8450443297605,307.8124128701277,12,24,12,48,36,12,23,12,12,12,12,12,12,10000,3.6311919387538962,7.2623838775077925,3.6311919387538962,14.524767755015585,10.89357581626169,3.6311919387538962,6.959784549278301,3.6311919387538962,3.6311919387538962,3.6311919387538962,3.6311919387538962,3.6311919387538962,3.6311919387538962
94,2015,3,1,0,0,0,0,0,0,3,2.40875,203598,216855,43,8,36,22.115,283,1.050.888,889,CANDELARIA,LA CANDELARIA,473,4,28,2,2,0,238,271,17290,8831,8459,292.5964646309846,272.0945609282545,2.2163688747728907,13.471470183672531,1.5637062445439285,1.9249660095956624,294.3898207056102,273.5685367264315,2.313475997686524,16.194331983805668,1.156737998843262,1.156737998843262,306.87351375835124,281.3571344130512,12,24,12,47,36,7,23,12,12,12,12,12,12,10000,6.940427993059572,13.880855986119144,6.940427993059572,27.183342972816657,20.821283979178716,4.048582995951417,13.302486986697511,6.940427993059572,6.940427993059572,6.940427993059572,6.940427993059572,6.940427993059572,6.940427993059572
76,2015,0,0,0,0,0,0,0,0,0,2.186666666666667,120020,128536,0,0,21,317.179,346,1.428.379,9003,FONTIBON,FONTIBON SAN PABLO,80,4,12,2,3,0,37,64,32721,16069,16652,30.946578031746913,24.492532974695795,1.298551085780082,3.734019963544631,0.9144407365426956,1.4050798927312258,30.86702729134195,24.449130527795607,1.2224565263897804,3.667369579169341,0.6112282631948902,0.9168423947923352,39.82824071192981,22.219553206822003,12,22,10,40,33,1,22,11,11,12,12,12,12,10000,3.667369579169341,6.723510895143791,3.056141315974451,12.224565263897803,10.085266342715688,0.3056141315974451,6.723510895143791,3.3617554475718956,3.3617554475718956,3.667369579169341,3.667369579169341,3.667369579169341,3.667369579169341
114,2015,0,0,0,0,0,0,0,0,1,3.8,191930,197050,9,4,24,317.179,346,1.428.379,9003,FONTIBON,MODELIA,207,2,13,26,9,0,87,170,41956,19382,22574,61.22398965334729,49.30698244707288,0.6105212467997448,3.2132539504891486,5.904919749775485,2.402707805975708,61.25464772618934,49.3374010868529,0.4766898655734579,3.0984841262274765,6.196968252454953,2.1451043950805606,87.71024662057579,38.53991317444848,12,24,12,37,32,1,18,12,9,12,12,12,12,10000,2.860139193440747,5.720278386881494,2.860139193440747,8.81876251310897,7.627037849175326,0.23834493278672894,4.290208790161121,2.860139193440747,2.1451043950805606,2.860139193440747,2.860139193440747,2.860139193440747,2.860139193440747
89,2015,0,0,0,0,0,0,0,0,0,2.0666666666666664,28245,48603,0,0,3,122.507,243,2.288.835,9661,CHAPINERO,SAN ISIDRO - PATIOS,14,2,5,0,0,0,9,12,14537,7178,7359,14.76791646949937,9.837834284404272,1.4879123347012146,3.626824120135291,0.7367936413167316,1.1793837759137875,14.445896677443764,9.630597784962507,1.3757996835660729,3.4394992089151817,0,0,16.71774867651156,12.22992254382389,6,7,1,31,25,1,9,3,4,8,11,9,0,10000,4.1273990506982186,4.8152988924812545,0.6878998417830364,21.32489509527413,17.19749604457591,0.6878998417830364,6.191098576047327,2.0636995253491093,2.7515993671321457,5.503198734264291,7.566898259613401,6.191098576047327,0
38,2015,0,0,0,0,0,0,0,0,1,3.008,1246305,1155330,52,15,75,119.565,392,1.095.184,9079,ANTONIO NARIÑO,RESTREPO,421,15,25,59,54,0,192,382,55945,26632,29313,102.48304225175092,75.1794150659837,2.6185412112981945,4.443503124432203,10.001669344895356,9.214801349735795,102.60076861202968,75.25248011439807,2.681204754669765,4.468674591116275,10.546072035034408,9.652337116811154,143.43646740762992,65.49994882816497,12,24,12,47,36,12,24,12,12,12,12,12,12,10000,2.144963803735812,4.289927607471624,2.144963803735812,8.401108231298597,6.434891411207436,2.144963803735812,4.289927607471624,2.144963803735812,2.144963803735812,2.144963803735812,2.144963803735812,2.144963803735812,2.144963803735812
52,2015,0,0,0,0,0,0,0,0,0,1,614920,740280,0,0,176,314.431,407,569.872,8291,USME,LA FLORA,32,14,14,0,2,0,20,42,17505,8720,8785,35.53349157806458,18.399443909463557,6.73048749698704,7.1384589504327,0.6371597105173694,1.9067218147648195,35.41845187089403,18.28049128820337,7.997714938588975,7.997714938588975,0,1.1425307055127103,48.165137614678905,22.766078542970973,12,23,11,39,32,3,17,12,8,12,12,11,8,10000,6.855184233076264,13.139103113396173,6.283918880319909,22.279348757497857,18.28049128820337,1.713796058269066,9.71151099685804,6.855184233076264,4.570122822050842,6.855184233076264,6.855184233076264,6.283918880319909,4.570122822050842
96,2015,0,0,0,0,0,0,0,0,3,1.7264285714285716,628474,648214,4,2,16,96.241,318,896.890,8828,SANTA FE,LOURDES,95,12,14,1,8,0,43,87,44546,21724,22822,29.246651618112875,21.365777724112224,2.61546004584944,3.247074761770014,0.4895882265555817,2.0764590303682384,29.18331612265973,21.326269474251333,2.69384456516859,3.1428186593633547,0.22448704709738249,1.7958963767790601,40.0478733198306,18.84146875821576,12,22,12,38,33,2,19,12,7,12,12,12,11,10000,2.69384456516859,4.938715036142415,2.69384456516859,8.530507789700534,7.408072554213622,0.44897409419476497,4.265253894850267,2.69384456516859,1.5714093296816773,2.69384456516859,2.69384456516859,2.69384456516859,2.4693575180712073
84,2015,0,0,0,0,0,0,0,0,0,1.98,990222,1073760,1,1,30,546.809,398,703.807,854,BOSA,BOSA OCCIDENTAL,288,36,64,30,135,0,163,390,196849,96671,100178,28.10767466281206,14.643155087203947,1.829216926011473,3.2741206431394274,1.5598435570536318,6.797313677849308,28.092598895600183,14.630503583965377,1.828812947995672,3.251223018658972,1.5240107899963933,6.858048554983769,40.343019106040074,16.271037553155384,12,24,12,48,36,8,24,12,12,12,12,12,12,10000,0.6096043159985572,1.2192086319971145,0.6096043159985572,2.438417263994229,1.8288129479956718,0.4064028773323715,1.2192086319971145,0.6096043159985572,0.6096043159985572,0.6096043159985572,0.6096043159985572,0.6096043159985572,0.6096043159985572
111,2015,0,0,0,0,0,0,0,0,1,2.9375,64585,73290,16,5,63,250.715,355,1.116.511,9043,PUENTE ARANDA,PUENTE ARANDA,155,1,26,4,34,0,74,146,9493,6848,2645,229.33935885318328,161.85546032968276,1.3101465829882664,19.315245686674327,3.873647135464016,24.756786175256252,231.7497103128621,163.27820499315283,1.0534077741493733,27.388602127883704,4.213631096597493,35.81586432107869,213.20093457943923,279.77315689981094,12,24,11,40,33,2,15,12,12,12,12,11,12,10000,12.640893289792478,25.281786579584956,11.587485515643106,42.13631096597493,34.762456546929315,2.1068155482987465,15.801116612240598,12.640893289792478,12.640893289792478,12.640893289792478,12.640893289792478,11.587485515643106,12.640893289792478
112,2015,0,0,0,0,0,0,0,0,0,3.1133333333333333,126427,160027,0,0,71,317.179,346,1.428.379,9003,FONTIBON,GRANJAS DE TECHO,264,1,13,16,19,0,108,205,37231,17208,20023,83.95674532111603,70.811608482994,0.4401896829800384,3.572268404324608,4.17485798234153,5.028278133608302,84.0697268405361,70.90865139265667,0.26859337648733583,3.491713894335366,4.297494023797373,5.10327415325938,119.1306369130637,53.93797133296708,12,24,10,39,30,1,16,11,11,11,12,10,12,10000,3.22312051784803,6.44624103569606,2.6859337648733583,10.475141683006097,8.057801294620075,0.26859337648733583,4.297494023797373,2.9545271413606944,2.9545271413606944,2.9545271413606944,3.22312051784803,2.6859337648733583,3.22312051784803
75,2015,0,0,0,0,3,1,0,0,0,2.913,1316550,1374890,0,0,58,317.179,346,1.428.379,9003,FONTIBON,FONTIBON,443,10,62,28,41,0,200,383,133192,63502,69690,43.85357242341055,33.2637625544027,0.7869370619220627,4.637011786737722,2.135966937718051,3.1310822254994797,43.84647726590186,33.2602558712235,0.7507958435942099,4.654934230284101,2.1022283620637876,3.07826295873626,60.31306100595257,28.698522026115658,12,24,12,48,36,8,24,12,12,12,12,12,12,10000,0.9009550123130519,1.8019100246261037,0.9009550123130519,3.6038200492522074,2.702865036939156,0.6006366748753679,1.8019100246261037,0.9009550123130519,0.9009550123130519,0.9009550123130519,0.9009550123130519,0.9009550123130519,0.9009550123130519
12,2015,1,1,0,0,2,1,0,0,5,3.378,256245,260090,9,3,42,430.156,312,1.867.529,936,USAQUEN,TOBERIN,225,4,16,8,7,0,100,160,58543,26971,31572,44.42668464842102,38.43167416531566,0.767028491824293,2.846939344465749,1.4921419857942797,1.4634266903224928,44.41179987359718,38.43328835215141,0.6832584595938028,2.7330338383752113,1.3665169191876056,1.195702304289155,59.32297653034741,31.673634866337263,12,23,12,44,36,6,22,12,12,12,12,12,12,10000,2.0497753787814084,3.9287361426643663,2.0497753787814084,7.515843055531832,6.149326136344226,1.0248876893907042,3.757921527765916,2.0497753787814084,2.0497753787814084,2.0497753787814084,2.0497753787814084,2.0497753787814084,2.0497753787814084
16,2015,0,0,0,0,4,1,0,0,8,5.738888888888889,464238,463266,18,6,60,430.156,312,1.867.529,936,USAQUEN,SANTA BARBARA,477,3,34,7,11,0,242,289,65473,29173,36300,81.19603821897476,72.79598257475774,0.5482828920566868,5.11925999451337,1.2012152599858323,1.886034312062357,81.25486841904296,72.85445909000657,0.45820414522016706,5.1929803124952265,1.0691430055137232,1.6800818658072794,99.06420320159052,66.66666666666667,12,24,12,45,35,7,20,12,12,12,12,12,12,10000,1.8328165808806682,3.6656331617613365,1.8328165808806682,6.873062178302506,5.345715027568616,1.0691430055137232,3.0546943014677805,1.8328165808806682,1.8328165808806682,1.8328165808806682,1.8328165808806682,1.8328165808806682,1.8328165808806682
82,2015,0,0,0,0,0,0,0,0,0,1.9566666666666668,963012,1044870,9,4,29,979.914,372,999.300,8894,KENNEDY,PATIO BONITO,321,42,48,26,93,0,163,367,144804,72234,72570,36.61414708852541,22.179439238459754,2.8684240829183083,3.3435282187035713,1.8357750843083191,6.355707540901705,36.60119886190989,22.1678959144775,2.900472362641916,3.3148255573050465,1.7955305102069004,6.422474517278528,50.80709914998477,22.4610720683478,12,24,12,46,36,4,24,12,12,12,12,12,12,10000,0.8287063893262616,1.6574127786525232,0.8287063893262616,3.1767078257506696,2.4861191679787855,0.2762354631087539,1.6574127786525232,0.8287063893262616,0.8287063893262616,0.8287063893262616,0.8287063893262616,0.8287063893262616,0.8287063893262616
35,2015,0,0,0,0,0,0,0,0,1,2.666,168705,154565,35,5,22,119.565,392,1.095.184,9079,ANTONIO NARIÑO,CIUDAD JARDIN,102,2,10,9,17,0,58,82,25069,11890,13179,55.82223422188758,40.67421195379818,0.9586965104039884,4.018565805122091,3.523423695573815,6.3887878343436375,55.84586541146436,40.68770194263832,0.7977980773066337,3.988990386533168,3.5900913478798517,6.781283657106386,68.9655172413793,44.00940890811139,12,24,12,44,35,9,22,12,10,12,12,12,12,10000,4.786788463839803,9.573576927679605,4.786788463839803,17.551557700745942,13.96146635286609,3.5900913478798517,8.775778850372971,4.786788463839803,3.9889903865331684,4.786788463839803,4.786788463839803,4.786788463839803,4.786788463839803
68,2015,0,0,0,0,0,0,0,0,0,1.055,351536,380992,0,0,13,593.937,409,505.335,835,CIUDAD BOLIVAR,EL TESORO,43,27,16,3,16,0,31,74,48247,24089,24158,21.841204758450207,8.976851495076062,5.2735851439473675,3.396825568251068,0.8347752121538791,3.4299912086846507,21.763011171679068,8.912471241735238,5.596202872717474,3.316268369017763,0.6218003191908305,3.316268369017763,30.71941550085101,12.832188095040982,12,24,12,45,36,3,24,12,12,12,12,12,12,10000,2.487201276763322,4.974402553526644,2.487201276763322,9.327004787862457,7.461603830289966,0.6218003191908305,4.974402553526644,2.487201276763322,2.487201276763322,2.487201276763322,2.487201276763322,2.487201276763322,2.487201276763322
27,2015,1,1,0,0,4,1,0,0,2,2.840909090909091,1497236,1751217,16,6,48,981.613,341,1.388.086,916,SUBA,SUBA,444,7,51,42,26,0,237,333,163366,76565,86801,34.903802850207484,27.18514001896135,0.4668511294809605,3.153160863037468,2.5861761747008907,1.680573619171895,34.89098098747597,27.17823782182339,0.4284857314251435,3.121824614668903,2.5709143885508614,1.591518431007676,43.49245738914648,27.303832905150863,12,24,12,44,36,9,23,12,12,12,12,12,12,10000,0.734546968157389,1.469093936314778,0.734546968157389,2.6933388832437593,2.203640904472167,0.5509102261180417,1.4078816889683288,0.734546968157389,0.734546968157389,0.734546968157389,0.734546968157389,0.734546968157389,0.734546968157389
22,2015,1,1,0,0,2,1,0,0,1,3.292222222222222,847206,887247,37,8,38,230.066,336,1.462.840,9244,BARRIOS UNIDOS,DOCE DE OCTUBRE,381,5,47,34,32,0,176,323,65712,31865,33847,75.889181579413,57.946569134404456,0.8310983341313015,6.9388892937186615,5.045723031672786,4.84193258545535,75.93742391039689,57.98027757487217,0.7608960311663014,7.152422692963234,5.174093011930849,4.869734599464329,101.3651341597364,51.998700032499194,12,24,12,47,36,12,24,12,12,12,12,12,12,10000,1.8261504747991235,3.652300949598247,1.8261504747991235,7.152422692963234,5.47845142439737,1.8261504747991235,3.652300949598247,1.8261504747991235,1.8261504747991235,1.8261504747991235,1.8261504747991235,1.8261504747991235,1.8261504747991235
105,2015,0,0,0,0,0,0,0,0,0,2.67,1601,2464,4,1,11,824.337,341,1.089.512,9178,ENGATIVA,JARDIN BOTANICO,39,0,2,1,7,0,22,27,1908,1049,859,243.8444886504805,195.4127091177644,1.300450978555409,5.895199389376841,3.7762846209157614,13.156762985997574,256.8134171907757,204.40251572327043,0,10.482180293501049,5.241090146750524,36.68763102725367,257.38798856053387,256.1117578579744,11,18,3,30,21,1,9,10,2,2,12,8,9,10000,57.65199161425576,94.33962264150944,15.723270440251573,157.23270440251574,110.062893081761,5.241090146750524,47.16981132075472,52.41090146750524,10.482180293501049,10.482180293501049,62.89308176100629,41.928721174004195,47.16981132075472
104,2015,0,0,0,0,0,0,0,0,2,4,19494,20424,21,5,34,139.298,287,1.933.116,9603,TEUSAQUILLO,PARQUE SIMON BOLIVAR - CAN,152,3,13,4,9,0,72,109,2932,1459,1473,593.5648463142213,501.23329628964854,5.136112885702124,18.90568706457328,7.319570403423419,13.961442112977709,617.3260572987722,518.4174624829468,10.231923601637106,44.33833560709414,13.642564802182813,30.695770804911323,747.0870459218643,488.79837067209775,12,24,10,44,34,5,21,12,11,11,12,12,12,10000,40.927694406548426,81.85538881309685,34.106412005457024,150.0682128240109,115.96180081855388,17.053206002728512,71.62346521145976,40.927694406548426,37.51705320600273,37.51705320600273,40.927694406548426,40.927694406548426,40.927694406548426
74,2015,0,0,0,0,0,0,0,0,1,2.0016666666666665,712512,784968,0,0,15,824.337,341,1.089.512,9178,ENGATIVA,ENGATIVA,96,22,44,7,50,0,64,155,130807,63588,67219,16.776038357402744,7.364142561898288,1.687399597863392,3.3935729532656915,0.6209566544069149,3.847825035337338,16.742223275512778,7.339056778306971,1.681867178362014,3.363734356724028,0.53513955675155,3.8224254053682145,24.375668365100335,9.521117541171394,12,24,12,48,36,4,24,12,12,12,12,12,12,10000,0.9173820972883714,1.8347641945767428,0.9173820972883714,3.6695283891534856,2.752146291865114,0.30579403242945713,1.8347641945767428,0.9173820972883714,0.9173820972883714,0.9173820972883714,0.9173820972883714,0.9173820972883714,0.9173820972883714
47,2015,0,0,0,0,0,0,0,0,0,3,865592,770256,9,4,28,979.914,372,999.300,8894,KENNEDY,KENNEDY CENTRAL,334,16,33,47,83,0,154,358,97797,46364,51433,52.45396340648662,34.15616114314496,1.6453928097234307,3.4132300317249924,4.733791258814386,8.285875850021494,52.455596797447775,34.15237686227594,1.636042005378488,3.3743366360931315,4.8058733907993085,8.486967902900906,77.215080666034,29.941866117084363,12,24,12,48,36,12,24,12,12,12,12,12,12,10000,1.227031504033866,2.454063008067732,1.227031504033866,4.908126016135464,3.6810945121015983,1.227031504033866,2.454063008067732,1.227031504033866,1.227031504033866,1.227031504033866,1.227031504033866,1.227031504033866,1.227031504033866
70,2015,0,0,0,0,0,0,0,0,1,1.1733333333333331,789975,888237,0,0,23,593.937,409,505.335,835,CIUDAD BOLIVAR,JERUSALEM,118,37,34,24,67,0,85,195,92919,45751,47168,30.16286928072183,12.728274225098527,3.8824504589,3.685227919839511,2.6086525453951923,7.066886641236345,30.13377242544582,12.69923266500931,3.9819627847910546,3.6591009373755634,2.5828947793239276,7.210581258945964,42.62201919083736,18.02069199457259,12,24,12,44,34,4,23,12,12,12,12,12,12,10000,1.2914473896619638,2.5828947793239276,1.2914473896619638,4.7353070954272,3.6591009373755634,0.43048246322065453,2.4752741635187636,1.2914473896619638,1.2914473896619638,1.2914473896619638,1.2914473896619638,1.2914473896619638,1.2914473896619638
66,2015,0,0,0,0,0,0,0,0,0,1.8425,597168,609704,4,3,26,593.937,409,505.335,835,CIUDAD BOLIVAR,SAN FRANCISCO,130,36,35,18,62,0,99,182,69284,34028,35256,40.57741837885364,18.79278799770108,4.989940273279191,4.9913456762432435,2.6311069290428284,8.638465211411592,40.55770452052422,18.76335084579412,5.196004849604526,5.051671381559956,2.598002424802263,8.948675018763351,53.48536499353474,28.080326752893125,12,24,12,42,36,3,23,12,12,12,12,12,12,10000,1.732001616534842,3.464003233069684,1.732001616534842,6.062005657871947,5.196004849604526,0.4330004041337105,3.319669765025114,1.732001616534842,1.732001616534842,1.732001616534842,1.732001616534842,1.732001616534842,1.732001616534842
65,2015,0,0,0,0,0,0,0,0,1,2.463333333333334,349194,364512,9,3,21,593.937,409,505.335,835,CIUDAD BOLIVAR,ARBORIZADORA,97,13,12,36,28,0,60,126,72468,34778,37690,25.7116992814512,13.421416262818342,1.7970111802815845,1.819633940734109,4.862539418012009,3.90549903390374,25.66650107633714,13.38521830325109,1.7938952365181873,1.6559032952475576,4.967709885742672,3.8637743555776343,36.22980044855943,15.919342000530646,12,24,12,39,34,2,24,12,12,12,12,12,12,10000,1.6559032952475576,3.3118065904951153,1.6559032952475576,5.381685709554562,4.691726003201413,0.2759838825412596,3.3118065904951153,1.6559032952475576,1.6559032952475576,1.6559032952475576,1.6559032952475576,1.6559032952475576,1.6559032952475576
79,2015,0,0,0,0,0,0,0,0,0,2.1333333333333333,167274,204984,3,2,22,979.914,372,999.300,8894,KENNEDY,CALANDAIMA,123,11,24,67,61,0,66,220,103435,49223,54212,27.679437894729737,11.918465790559956,1.0964181333672298,2.4063166437923607,6.340330793521202,5.83026640910299,27.650215110939236,11.891526079180162,1.0634698119592014,2.3202977715473483,6.477497945569682,5.897423502682844,44.694553359202,12.174426326274626,12,24,12,43,36,0,23,12,12,12,12,12,12,10000,1.1601488857736741,2.3202977715473483,1.1601488857736741,4.157200174022333,3.480446657321023,0,2.2236186977328756,1.1601488857736741,1.1601488857736741,1.1601488857736741,1.1601488857736741,1.1601488857736741,1.1601488857736741
59,2015,0,0,0,0,0,0,0,0,0,1,163808,216380,0,0,6,314.431,407,569.872,8291,USME,ALFONSO LOPEZ,84,24,39,4,12,0,63,99,47422,23541,23881,34.417719539820204,17.75867516294269,4.7799892909991275,7.832784704377309,1.0408604511482566,2.723357818480295,34.37223229724601,17.71329762557463,5.0609421787356075,8.224031040445363,0.8434903631226013,2.5304710893678037,42.05428826303046,26.380804823918595,12,23,12,44,36,3,22,12,12,12,12,12,11,10000,2.5304710893678037,4.850069587954957,2.5304710893678037,9.278393994348615,7.5914132681034125,0.6326177723419509,4.639196997174308,2.5304710893678037,2.5304710893678037,2.5304710893678037,2.5304710893678037,2.5304710893678037,2.319598498587154
45,2015,0,0,0,0,1,1,0,0,0,2.7914285714285714,737583,674359,9,4,35,979.914,372,999.300,8894,KENNEDY,CARVAJAL,292,10,22,57,70,0,119,332,93912,45444,48468,48.02803464675537,31.10041462558316,1.1008993040844337,2.435773366500478,5.937495389567905,7.298818636839813,48.02368174461198,31.09293806968226,1.064826646221995,2.342618621688389,6.069511883465371,7.453786523553965,73.05694921221723,24.552281917966493,12,24,12,43,36,2,24,12,12,12,12,12,12,10000,1.277791975466394,2.555583950932788,1.277791975466394,4.5787545787545785,3.8333759263991825,0.21296532924439898,2.555583950932788,1.277791975466394,1.277791975466394,1.277791975466394,1.277791975466394,1.277791975466394,1.277791975466394
20,2015,1,1,0,0,4,1,0,0,10,4.996666666666667,231126,219822,33,6,26,981.613,341,1.388.086,916,SUBA,LA ALHAMBRA,202,1,21,4,4,0,96,136,40161,18050,22111,57.746579986268536,50.26318695669998,0.411338123807879,5.109943463800374,1.2102986873707835,1.3950713921136937,57.76748586937577,50.29755235178406,0.2489977839197231,5.228953462314186,0.9959911356788924,0.9959911356788924,75.34626038781163,43.41730360454072,12,24,11,42,32,6,13,12,11,12,12,12,12,10000,2.9879734070366775,5.975946814073355,2.738975623116954,10.457906924628372,7.967929085431139,1.4939867035183387,3.2369711909564005,2.9879734070366775,2.738975623116954,2.9879734070366775,2.9879734070366775,2.9879734070366775,2.9879734070366775
51,2015,0,0,0,0,0,0,0,0,0,1.68875,263745,660861,0,0,15,404.35,373,706.208,8368,SAN CRISTOBAL,LOS LIBERTADORES,50,17,12,10,17,0,40,66,72249,35162,37087,14.736332113522424,6.966526903609292,2.32302937269722,1.824788662318164,1.486257463130629,2.495887131195316,14.671483342329998,6.920511010533017,2.352973743581226,1.6609226425279242,1.3841022021066036,2.352973743581226,18.770263352482793,10.785450427373473,12,24,12,42,36,3,23,12,12,12,12,12,11,10000,1.6609226425279242,3.3218452850558484,1.6609226425279242,5.813229248847735,4.982767927583772,0.41523066063198105,3.183435064845188,1.6609226425279242,1.6609226425279242,1.6609226425279242,1.6609226425279242,1.6609226425279242,1.5225124223172637
115,2015,0,0,0,0,0,0,0,0,1,3.314,77135,83285,6,3,26,317.179,346,1.428.379,9003,FONTIBON,CAPELLANIA,127,0,6,8,7,0,52,96,17116,8093,9023,86.20616017654629,73.96844842835745,0.3872957759889557,3.655975345231364,4.359337685879431,4.182553702318473,86.46880112175742,74.19957934096752,0,3.505491937368544,4.673989249824726,4.089740593596635,118.62103052020264,57.63049983375817,12,24,10,38,28,2,14,12,10,11,12,12,12,10000,7.010983874737088,14.021967749474175,5.842486562280906,22.201448936667447,16.35896237438654,1.1684973124561815,8.17948118719327,7.010983874737088,5.842486562280906,6.4267352185089965,7.010983874737088,7.010983874737088,7.010983874737088
43,2015,0,0,0,0,0,0,0,0,1,3,844074,844239,17,8,31,250.715,355,1.116.511,9043,PUENTE ARANDA,SAN RAFAEL,191,11,24,44,41,0,96,215,71524,33993,37531,43.49576338573383,26.7207936032059,1.5563835183043049,3.40899660508368,5.976046761516109,5.64839340068599,43.481908170683965,26.704323024439347,1.5379453050724232,3.3555170292489236,6.151781220289693,5.732341591633578,63.248315829729655,25.57885481335429,12,24,12,48,36,9,24,12,12,12,12,12,12,10000,1.6777585146244618,3.3555170292489236,1.6777585146244618,6.711034058497847,5.033275543873385,1.2583188859683463,3.3555170292489236,1.6777585146244618,1.6777585146244618,1.6777585146244618,1.6777585146244618,1.6777585146244618,1.6777585146244618
25,2015,1,1,0,0,3,1,0,0,6,4.04,127070,126620,24,5,25,981.613,341,1.388.086,916,SUBA,LA FLORESTA,147,0,11,7,6,0,70,100,37653,17113,20540,45.43441298513345,39.03645879121411,0.1987932564866013,3.0687182922380467,1.995055664100848,1.943688001125338,45.41470799139511,39.040713887339656,0,2.9214139643587496,1.8590816136828403,1.5934985260138634,58.435107812773914,34.079844206426486,12,24,11,41,33,5,18,12,10,12,12,11,12,10000,3.186997052027727,6.373994104055454,2.9214139643587496,10.888906594428066,8.76424189307625,1.3279154383448861,4.78049557804159,3.186997052027727,2.6558308766897722,3.186997052027727,3.186997052027727,2.9214139643587496,3.186997052027727
56,2015,0,0,0,0,0,0,0,0,0,1.508,205135,253351,6,6,8,314.431,407,569.872,8291,USME,DANUBIO,92,15,7,33,9,0,51,105,45568,22258,23310,34.28227034490111,20.230935087317857,3.1607985884690697,1.7988574268315063,6.878126815165704,2.23169420737084,34.234550561797754,20.189606741573034,3.2917837078651684,1.5361657303370786,7.241924157303371,1.975070224719101,47.174049779854435,21.87902187902188,12,23,11,38,34,1,19,12,9,12,12,12,10,10000,2.633426966292135,5.047401685393258,2.4139747191011236,8.339185393258427,7.4613764044943816,0.21945224719101122,4.169592696629214,2.633426966292135,1.975070224719101,2.633426966292135,2.633426966292135,2.633426966292135,2.1945224719101124
26,2015,0,0,0,0,1,1,0,0,4,3.0646153846153847,1441973,1441167,19,5,69,824.337,341,1.089.512,9178,ENGATIVA,LAS FERIAS,358,10,36,52,66,0,168,353,100458,47763,52695,51.961054128897224,35.638863765935355,1.0322661984774624,3.611467738255401,5.090348826612875,6.467885148320905,51.96201397598996,35.63678353142607,0.9954408807660912,3.5835871707579288,5.1762925799836745,6.569909813056203,73.90658040742834,31.88158269285511,12,24,12,46,36,7,24,12,12,12,12,12,12,10000,1.1945290569193094,2.389058113838619,1.1945290569193094,4.57902805152402,3.5835871707579288,0.6968086165362639,2.389058113838619,1.1945290569193094,1.1945290569193094,1.1945290569193094,1.1945290569193094,1.1945290569193094,1.1945290569193094
102,2015,1,1,0,0,0,0,0,0,9,2.8186666666666667,764715,782955,131,15,94,94.944,353,1.059.511,8978,LOS MARTIRES,LA SABANA,979,68,70,18,41,0,354,821,36187,17240,18947,324.0102146022085,269.84164940124344,16.90160484873726,17.482300426382718,4.774373684897836,10.473441664871494,324.9785834692016,270.53914389145274,18.791278635974244,19.343963301738192,4.974161991875536,11.33003564816094,476.2180974477958,186.83696627434423,12,24,12,48,36,12,24,12,12,12,12,12,12,10000,3.31610799458369,6.63221598916738,3.31610799458369,13.26443197833476,9.948323983751072,3.31610799458369,6.63221598916738,3.31610799458369,3.31610799458369,3.31610799458369,3.31610799458369,3.31610799458369,3.31610799458369
2,2015,0,0,0,0,0,0,0,0,0,5.058,10545,13800,3,2,95,981.613,341,1.388.086,916,SUBA,LA ACADEMIA,28,0,1,2,1,0,13,19,2791,1390,1401,111.8627492537108,97.97055503683856,1.1438610870848624,3.9581317656135986,4.697654422007212,4.171900170151927,114.6542457900394,100.3224650662845,0,3.582945180938731,7.165890361877462,3.582945180938731,136.69064748201438,92.790863668808,10,11,1,23,11,0,3,1,2,5,12,1,3,10000,35.829451809387315,39.412396990326044,3.582945180938731,82.40773916159083,39.412396990326044,0,10.748835542816195,3.582945180938731,7.165890361877462,17.914725904693658,42.99534217126478,3.582945180938731,10.748835542816195
116,2015,1,1,0,0,0,0,0,0,1,3.155,24638,27282,3,1,17,824.337,341,1.089.512,9178,ENGATIVA,ALAMOS,76,0,23,16,7,0,40,82,11648,5508,6140,104.1551348683995,64.99136685628201,0.5180995316565776,15.028090311409215,10.812286316415614,5.5416185212489815,104.73901098901098,65.24725274725274,0,19.74587912087912,13.736263736263735,6.009615384615385,148.8743645606391,65.14657980456026,12,24,10,41,31,1,18,12,9,12,12,11,11,10000,10.302197802197803,20.604395604395606,8.585164835164836,35.199175824175825,26.61401098901099,0.8585164835164836,15.453296703296703,10.302197802197803,7.726648351648351,10.302197802197803,10.302197802197803,9.44368131868132,9.44368131868132
81,2015,0,0,0,0,0,0,0,0,0,2.0025,290204,283616,1,1,16,979.914,372,999.300,8894,KENNEDY,GRAN BRITALIA,111,12,30,14,38,0,61,144,65203,31845,33358,31.479143128255902,17.0579273810882,1.8408176088376385,4.569632211549418,2.2109493849479662,5.729428636202888,31.440271153167796,17.023756575617686,1.840406116282993,4.601015290707483,2.147140468996825,5.827952701562811,45.21902967498823,18.28646801366988,12,24,12,41,36,0,24,12,12,12,12,12,12,10000,1.840406116282993,3.680812232565986,1.840406116282993,6.28805423063356,5.521218348848979,0,3.680812232565986,1.840406116282993,1.840406116282993,1.840406116282993,1.840406116282993,1.840406116282993,1.840406116282993
33,2015,0,0,0,0,0,0,0,0,0,2.8193333333333332,1647904,748256,42,13,30,404.35,373,706.208,8368,SAN CRISTOBAL,SOSIEGO,225,6,32,22,24,0,112,197,41555,20046,21509,74.28794575620854,54.10185848343395,1.4835646596331284,7.316948462968074,5.086801243837969,5.632916782322944,74.35928287811335,54.145108891830105,1.443869570448803,7.700637709060281,5.294188424978944,5.775478281795212,98.2739698693006,52.071225998419266,12,24,12,42,36,12,24,12,12,12,12,12,12,10000,2.887739140897606,5.775478281795212,2.887739140897606,10.107086993141621,8.663217422692817,2.887739140897606,5.775478281795212,2.887739140897606,2.887739140897606,2.887739140897606,2.887739140897606,2.887739140897606,2.887739140897606
19,2015,1,1,0,0,4,1,0,0,8,3.51625,692512,712104,25,8,34,981.613,341,1.388.086,916,SUBA,EL PRADO,272,3,27,12,6,0,138,182,96569,44374,52195,33.16093710591461,28.17694924081811,0.3796624809626752,2.8640831344414255,1.3264178349848283,0.8182279230050749,33.13692799966863,28.166388799718337,0.31065869999689344,2.7959282999720405,1.2426347999875738,0.6213173999937869,41.01500878893045,26.439314110546988,12,24,12,47,35,3,19,12,12,12,12,12,12,10000,1.2426347999875738,2.4852695999751475,1.2426347999875738,4.86698629995133,3.6243514999637565,0.31065869999689344,1.967505099980325,1.2426347999875738,1.2426347999875738,1.2426347999875738,1.2426347999875738,1.2426347999875738,1.2426347999875738
41,2015,0,0,0,0,0,0,0,0,1,3,523602,513468,24,8,22,250.715,355,1.116.511,9043,PUENTE ARANDA,MUZU,156,3,26,84,52,0,86,235,56517,26747,29770,56.78440106594724,27.62142675747338,0.628703615916624,4.56462740523765,14.008846448567253,8.805204314177097,56.79706990816922,27.602314347895323,0.5308137374595254,4.600385724649221,14.862784648866713,9.200771449298442,87.8603207836393,28.88814242526033,12,24,12,41,34,0,24,12,12,12,12,12,12,10000,2.1232549498381017,4.246509899676203,2.1232549498381017,7.254454411946847,6.015889024541288,0,4.246509899676203,2.1232549498381017,2.1232549498381017,2.1232549498381017,2.1232549498381017,2.1232549498381017,2.1232549498381017
37,2015,0,0,0,0,0,0,0,0,4,3,307027,315602,40,7,41,94.944,353,1.059.511,8978,LOS MARTIRES,SANTA ISABEL,155,8,13,17,23,0,69,147,37800,17330,20470,57.122765360493105,40.99542105506033,2.0874730875698875,3.5248423456625355,4.355347932015289,5.892377672943392,57.142857142857146,41.005291005291,2.1164021164021163,3.4391534391534395,4.497354497354497,6.084656084656085,84.82400461627236,33.70786516853933,12,24,12,44,34,3,22,12,11,12,12,12,12,10000,3.1746031746031744,6.349206349206349,3.1746031746031744,11.64021164021164,8.994708994708994,0.7936507936507936,5.82010582010582,3.1746031746031744,2.91005291005291,3.1746031746031744,3.1746031746031744,3.1746031746031744,3.1746031746031744
107,2015,0,0,0,0,1,1,0,0,4,3.77,207448,216792,32,8,35,139.298,287,1.933.116,9603,TEUSAQUILLO,QUINTA PAREDES,234,0,7,11,7,0,105,154,25472,11346,14126,101.42703547427112,91.63490384889518,0.27947187359034964,2.9829050038074065,4.144510885331975,3.042349622314294,101.68027638190956,91.86557788944724,0,2.7481155778894473,4.318467336683417,2.7481155778894473,135.73065397496916,74.33102081268582,12,24,12,41,26,10,17,12,10,12,12,11,12,10000,4.711055276381909,9.422110552763819,4.711055276381909,16.09610552763819,10.207286432160805,3.9258793969849246,6.673994974874372,4.711055276381909,3.9258793969849246,4.711055276381909,4.711055276381909,4.318467336683417,4.711055276381909
73,2015,0,0,0,0,0,0,0,0,3,2.775714285714286,955689,1044302,4,2,40,824.337,341,1.089.512,9178,ENGATIVA,GARCES NAVAS,227,10,55,46,95,0,149,284,153681,72628,81053,28.194484019800942,14.78696006312589,0.6850331826383755,3.597525750260505,2.9975429457126066,6.1264527879440935,28.17524612671703,14.770856514468282,0.6506985248664441,3.5788418867654426,2.993213214385643,6.181635986231219,39.10337610838795,18.3830333238745,12,24,12,48,36,11,24,12,12,12,12,12,12,10000,0.780838229839733,1.561676459679466,0.780838229839733,3.123352919358932,2.3425146895191986,0.7157683773530885,1.561676459679466,0.780838229839733,0.780838229839733,0.780838229839733,0.780838229839733,0.780838229839733,0.780838229839733
31,2015,0,0,0,0,0,0,0,0,2,3.318333333333334,409362,391260,10,4,38,824.337,341,1.089.512,9178,ENGATIVA,SANTA CECILIA,218,0,33,29,20,0,107,193,65135,30471,34664,46.068327672261496,33.47576610386619,0.12038540329092576,5.001447621159513,4.3689522191145755,3.1750567333929283,46.058186842711294,33.46894910570354,0,5.0664005526982425,4.452291394795425,3.0705457895140857,63.338912408519576,30.867759058389108,12,24,12,45,35,3,23,12,12,12,12,12,12,10000,1.8423274737084516,3.6846549474169032,1.8423274737084516,6.908728026406694,5.373455131649651,0.4605818684271129,3.531127657941199,1.8423274737084516,1.8423274737084516,1.8423274737084516,1.8423274737084516,1.8423274737084516,1.8423274737084516
58,2015,0,0,0,0,0,0,0,0,0,1.5654545454545454,857659,954745,0,0,29,314.431,407,569.872,8291,USME,COMUNEROS,139,16,35,17,16,0,82,141,90939,44593,46346,24.55957750535053,15.31155835192461,1.7635742842401338,3.865406669707179,1.9289162365097103,1.9065323645537895,24.52193228427847,15.284971244460571,1.7594211504415047,3.848733766590792,1.869384972344099,1.7594211504415047,31.61931244814209,17.693004790057394,12,24,12,41,36,2,24,12,12,12,12,12,12,10000,1.3195658628311284,2.639131725662257,1.3195658628311284,4.508516698006356,3.958697588493386,0.2199276438051881,2.639131725662257,1.3195658628311284,1.3195658628311284,1.3195658628311284,1.3195658628311284,1.3195658628311284,1.3195658628311284
13,2015,4,1,0,0,3,1,0,0,2,4.381666666666667,1717632,1842552,20,5,88,430.156,312,1.867.529,936,USAQUEN,LOS CEDROS,487,1,39,10,5,0,227,315,119423,52795,66628,45.39115169805136,40.776489500939334,0.14833291142920402,3.3022538066880904,0.92022244463311,0.587897958787174,45.384892357418586,40.77941435066947,0.08373596375907488,3.26570258660392,0.8373596375907489,0.41867981879537447,59.6647409792594,34.06976046106742,12,24,12,48,36,8,22,12,12,12,12,12,12,10000,1.0048315651088986,2.009663130217797,1.0048315651088986,4.019326260435594,3.0144946953266962,0.6698877100725991,1.8421912026996476,1.0048315651088986,1.0048315651088986,1.0048315651088986,1.0048315651088986,1.0048315651088986,1.0048315651088986
87,2015,0,0,0,0,0,0,0,0,0,1.765,212992,339512,0,0,47,546.809,398,703.807,854,BOSA,TINTAL SUR,64,10,16,3,19,0,41,71,77392,36620,40772,14.532657403912628,8.310659300914956,1.3228684709465623,2.196102673631026,0.5374768663694168,2.5826436753701905,14.47178002894356,8.269588587967748,1.2921232168699608,2.067397146991937,0.3876369650609882,2.455034112052925,19.38831239759694,10.055920729912684,12,22,12,41,35,0,24,12,12,12,12,11,11,10000,1.5505478602439529,2.842671077113913,1.5505478602439529,5.297705189166838,4.522431259044862,0,3.1010957204879057,1.5505478602439529,1.5505478602439529,1.5505478602439529,1.5505478602439529,1.4213355385569566,1.4213355385569566
77,2015,0,0,0,0,0,0,0,0,0,2.045,283878,356976,0,0,13,317.179,346,1.428.379,9003,FONTIBON,ZONA FRANCA,143,1,8,16,12,0,48,132,51491,24131,27360,34.99801042976688,27.792460643095417,0.3281648525519524,1.7872811996794995,3.110513062633454,2.5278193070573596,34.9575653997786,27.771843623157444,0.19420869666543664,1.553669573323493,3.107339146646986,2.33050435998524,54.7014214081472,17.54385964912281,12,24,10,42,34,0,20,12,11,12,12,12,10,10000,2.33050435998524,4.66100871997048,1.9420869666543668,8.15676525994834,6.603095686624847,0,3.8841739333087335,2.33050435998524,2.1362956633198036,2.33050435998524,2.33050435998524,2.33050435998524,1.9420869666543668
39,2015,1,1,0,0,0,0,0,0,0,3,1410480,1306815,45,15,69,378.78,372,591.317,8706,RAFAEL URIBE URIBE,QUIROGA,498,15,42,57,85,0,247,450,87659,42280,45379,79.4712438872298,56.7872201309535,1.7178538562335277,4.757129670185673,6.340602866818025,9.406119756654396,79.5126570004221,56.8110519170878,1.7111762625628857,4.79129353517608,6.502469797738966,9.696665487856352,106.4333017975402,54.43046343022103,12,24,12,45,36,8,24,12,12,12,12,12,12,10000,1.3689410100503088,2.7378820201006175,1.3689410100503088,5.1335287876886575,4.106823030150926,0.912627340033539,2.7378820201006175,1.3689410100503088,1.3689410100503088,1.3689410100503088,1.3689410100503088,1.3689410100503088,1.3689410100503088
108,2015,1,1,0,0,0,0,0,0,2,2.685714285714286,33520,33976,48,8,66,250.715,355,1.116.511,9043,PUENTE ARANDA,ZONA INDUSTRIAL,272,4,14,22,19,0,102,229,5506,2769,2737,588.6245429725423,485.1727593609371,4.815620813445606,15.24603533509639,23.51750443054875,19.95656299329777,601.1623683254631,494.0065383218307,7.26480203414457,25.426807119505995,39.95641118779513,34.50780966218671,827.0133622246298,372.67080745341616,12,24,12,47,36,4,21,12,12,12,12,12,12,10000,21.794406102433708,43.588812204867416,21.794406102433708,85.36142390119869,65.38321830730114,7.26480203414457,38.14021067925899,21.794406102433708,21.794406102433708,21.794406102433708,21.794406102433708,21.794406102433708,21.794406102433708
61,2015,0,0,0,0,0,0,0,0,0,1.2366666666666666,79500,134960,0,0,65,314.431,407,569.872,8291,USME,CIUDAD USME,34,10,11,4,0,0,25,34,18445,9007,9438,32.11993799970353,18.545211497522853,4.715159597913316,5.576572866180197,2.3586038329314865,0.9842916375845446,31.986988343724587,18.433179723502302,5.421523448088912,5.963675792897805,2.168609379235565,0,37.748417897191075,26.488662852299218,12,17,11,43,31,1,20,12,8,12,12,10,4,10000,6.505828137706696,9.216589861751151,5.963675792897805,23.312550826782328,16.80672268907563,0.5421523448088913,10.843046896177825,6.505828137706696,4.33721875847113,6.505828137706696,6.505828137706696,5.421523448088912,2.168609379235565
1,2015,0,0,0,0,0,0,0,0,0,4,52488,63828,3,3,83,430.156,312,1.867.529,936,USAQUEN,PASEO DE LOS LIBERTADORES,45,0,3,0,1,0,19,30,2693,1346,1347,176.00078486415902,162.0757331504065,1.1593546542537982,6.588240468772656,1.9596239846638976,4.223831013906783,181.953212031192,167.09988860007428,0,11.139992573338285,0,3.713330857779428,222.88261515601783,141.05419450631032,12,19,6,41,24,0,14,10,8,7,12,9,9,10000,44.55997029335313,70.55328629780914,22.279985146676566,152.24656516895655,89.11994058670626,0,51.986632008912,37.13330857779428,29.706646862235424,25.993316004456,44.55997029335313,33.419977720014856,33.419977720014856
46,2015,0,0,0,0,0,0,0,0,0,2.72,884656,1003288,18,6,40,979.914,372,999.300,8894,KENNEDY,CASTILLA,321,7,15,103,50,0,159,337,132836,63546,69290,37.35267613918077,24.176085982623576,0.5706009928065505,1.2405859903815228,7.604817363852953,3.7912573708087183,37.33927549760607,24.165135957120057,0.5269655816194405,1.1292119606130868,7.753922129543196,3.7640398687102894,53.03244893463003,22.94703420406985,12,24,12,45,34,6,24,12,12,12,12,12,12,10000,0.9033695684904695,1.806739136980939,0.9033695684904695,3.3876358818392607,2.559547110722997,0.4516847842452347,1.806739136980939,0.9033695684904695,0.9033695684904695,0.9033695684904695,0.9033695684904695,0.9033695684904695,0.9033695684904695
85,2015,0,0,0,0,0,0,0,0,1,1.9988888888888892,2537808,2654832,17,6,39,546.809,398,703.807,854,BOSA,BOSA CENTRAL,468,56,102,33,108,0,263,503,239097,115658,123439,32.089303469085586,19.58181735959587,2.332909538335105,4.263959994531807,1.4124336270390765,4.51640658565363,32.0790306862905,19.57364584248234,2.342145656365408,4.2660510169512795,1.3801929760724727,4.516995194419001,43.49029033875737,21.3060702047165,15,27,13,62,38,11,24,12,12,12,12,12,12,10000,0.6273604436693057,1.1292487986047504,0.5437123845133983,2.5930898338331305,1.5893131239622413,0.46006432535749087,1.0037767098708892,0.5018883549354446,0.5018883549354446,0.5018883549354446,0.5018883549354446,0.5018883549354446,0.5018883549354446
60,2015,0,0,0,0,0,0,0,0,0,1.11,10544,15584,0,0,0,314.431,407,569.872,8291,USME,PARQUE ENTRENUBES,6,4,0,2,0,0,6,6,1317,675,642,87.56983134316496,44.9486314640321,8.258545549953405,3.3047614549937574,5.8997176136547305,3.5792143423889384,91.11617312072892,45.558086560364465,30.372057706909644,0,15.186028853454822,0,88.88888888888889,93.45794392523364,4,4,0,20,5,0,5,1,1,2,7,3,1,10000,30.372057706909644,30.372057706909644,0,151.8602885345482,37.96507213363705,0,37.96507213363705,7.593014426727411,7.593014426727411,15.186028853454822,53.15110098709187,22.779043280182233,7.593014426727411
30,2015,1,1,0,0,3,1,0,0,3,3.001818181818182,1427481,1341120,25,7,42,824.337,341,1.089.512,9178,ENGATIVA,BOYACA REAL,347,12,82,43,62,0,222,323,124317,59133,65184,43.927504053090935,27.920941061064873,0.9963445042223276,6.500989493424703,3.448146231943715,4.967329727214674,43.91997876396631,27.912513976366867,0.96527425854871,6.596040766749519,3.4588994264662114,4.987250335835002,54.62263034177193,34.057437407952875,12,24,12,47,35,9,24,12,12,12,12,12,12,10000,0.9652742585487101,1.9305485170974201,0.9652742585487101,3.780657512649115,2.8153832541004045,0.7239556939115326,1.9305485170974201,0.9652742585487101,0.9652742585487101,0.9652742585487101,0.9652742585487101,0.9652742585487101,0.9652742585487101
72,2015,0,0,0,0,0,0,0,0,2,3,331356,345116,4,2,21,824.337,341,1.089.512,9178,ENGATIVA,BOLIVIA,157,2,17,59,26,0,82,179,80539,36818,43721,32.436603128206634,19.518006420790694,0.3336592226466065,2.2321885000431307,7.107174610653486,3.3044497422345365,32.406660127391696,19.4936614559406,0.24832689752790577,2.1107786289871986,7.3256434770732195,3.2282496678627743,48.61752403715573,18.75528922028316,12,24,12,44,35,10,23,12,12,12,12,12,12,10000,1.4899613851674345,2.979922770334869,1.4899613851674345,5.463191745613926,4.3457207067383505,1.2416344876395287,2.8557593215709156,1.4899613851674345,1.4899613851674345,1.4899613851674345,1.4899613851674345,1.4899613851674345,1.4899613851674345
57,2015,0,0,0,0,0,0,0,0,0,1.7740000000000002,1391324,1519562,3,3,23,314.431,407,569.872,8291,USME,GRAN YOMASA,223,48,45,40,61,0,126,291,125387,61305,64082,33.275409977311796,17.80206224728553,3.758880030941007,3.611235616846883,3.1886575354707327,4.850033206532803,33.25703621587565,17.78493783247067,3.828148053625974,3.58888880027435,3.190123378021646,4.864938151483009,47.46758013212626,19.66230766829999,12,24,12,45,36,6,24,12,12,12,12,12,12,10000,0.9570370134064935,1.914074026812987,0.9570370134064935,3.5888888002743506,2.8711110402194806,0.47851850670324675,1.914074026812987,0.9570370134064935,0.9570370134064935,0.9570370134064935,0.9570370134064935,0.9570370134064935,0.9570370134064935
23,2015,0,0,0,0,2,1,0,0,4,3.5728571428571425,209118,255647,7,5,41,981.613,341,1.388.086,916,SUBA,CASA BLANCA SUBA,83,0,20,9,3,0,46,69,48068,22299,25769,23.99716367123588,17.312980032619407,0.1594390348760768,4.161187133608334,1.980230216382811,1.0001106437301066,23.924440376133813,17.26720479320962,0,4.16077223932762,1.8723475076974283,0.6241158358991429,30.943091618458222,17.85090612751756,12,23,6,35,30,2,14,10,10,12,12,12,6,10000,2.4964633435965715,4.784888075226762,1.2482316717982858,7.281351418823333,6.241158358991428,0.4160772239327619,2.9125405675293337,2.08038611966381,2.08038611966381,2.4964633435965715,2.4964633435965715,2.4964633435965715,1.2482316717982858
88,2015,0,0,0,0,0,0,0,0,10,5.9375,358776,369156,3,2,60,122.507,243,2.288.835,9661,CHAPINERO,EL REFUGIO,293,0,22,4,1,0,139,181,35938,15805,20133,88.90749731927123,81.39676052109851,0.20721541841840435,5.880231483507445,1.3368691800572123,0.8087424477554054,89.04223941232122,81.52930046190662,0,6.121653959597084,1.1130279926540152,0.2782569981635038,114.52072129073078,69.04087816023444,12,21,11,44,29,4,16,12,10,12,12,11,11,10000,3.3390839779620456,5.84339696143358,3.060826979798542,12.243307919194168,8.06945294674161,1.1130279926540152,4.452111970616061,3.3390839779620456,2.782569981635038,3.3390839779620456,3.3390839779620456,3.060826979798542,3.060826979798542
9,2015,0,0,0,0,1,1,0,0,0,2.7445454545454546,927663,1059410,9,4,60,430.156,312,1.867.529,936,USAQUEN,VERBENAL,206,10,35,20,6,0,104,173,114369,54372,59997,24.250130442933607,18.03043100608321,0.9115049891529756,3.1070695815815195,1.801029670946526,0.696399471899853,24.21984978446957,18.011873846934048,0.8743628081035946,3.0602698283625807,1.7487256162071891,0.5246176848621567,31.81784742146693,17.3342000433355,12,24,12,48,35,2,24,12,12,12,12,12,12,10000,1.0492353697243133,2.0984707394486266,1.0492353697243133,4.196941478897253,3.0602698283625807,0.1748725616207189,2.0984707394486266,1.0492353697243133,1.0492353697243133,1.0492353697243133,1.0492353697243133,1.0492353697243133,1.0492353697243133
109,2015,0,0,0,0,0,0,0,0,0,4.123333333333334,44058,53832,12,3,32,139.298,287,1.933.116,9603,TEUSAQUILLO,CIUDAD SALITRE ORIENTAL,134,0,8,3,22,0,70,97,19748,8759,10989,84.34996325883452,67.68919821370949,0.34532970329609175,4.074308281309827,1.8181939860130112,9.75829541642233,84.56552562284789,67.85497265545878,0,4.05104314360948,1.519141178853555,11.140368644926069,110.74323552917,63.7000637000637,12,23,2,38,32,10,13,12,6,11,12,11,12,10000,6.07656471541422,11.646749037877253,1.01276078590237,19.242454932145026,16.20417257443792,5.063803929511849,6.582945108365404,6.07656471541422,3.03828235770711,5.570184322463034,6.07656471541422,5.570184322463034,6.07656471541422
49,2015,0,0,0,0,0,0,0,0,1,2.3333333333333335,124191,114375,10,3,11,546.809,398,703.807,854,BOSA,APOGEO,75,3,10,4,17,0,32,77,39535,19036,20499,27.647067579465023,19.02149163975205,0.8709298755332542,2.7149616713526252,1.227526401347023,4.32191058063248,27.57050714556722,18.970532439610473,0.7588212975844189,2.529404325281396,1.0117617301125583,4.299987352978373,40.44967430132381,15.610517586223718,12,24,11,42,32,2,19,12,11,12,12,11,12,10000,3.0352851903376754,6.070570380675351,2.7823447578095357,10.623498166181864,8.094093840900467,0.5058808650562792,4.805868218034653,3.0352851903376754,2.7823447578095357,3.0352851903376754,3.0352851903376754,2.7823447578095357,3.0352851903376754
14,2015,0,0,0,0,0,0,0,0,10,4.66,375100,457974,0,0,45,430.156,312,1.867.529,936,USAQUEN,USAQUEN,252,2,15,2,10,0,111,170,39067,18187,20880,71.85981749072951,64.42983742522618,0.6509667865644907,3.8768823949123967,0.7810693270348147,2.7855916635847646,71.92771392735557,64.50456907364271,0.5119410243939898,3.8395576829549234,0.5119410243939898,2.559705121969949,93.47336009237368,53.16091954022989,12,23,12,44,35,6,15,12,11,11,12,12,12,10000,3.0716461463639386,5.887321780530883,3.0716461463639386,11.262702536667776,8.958967926894822,1.5358230731819693,3.8395576829549234,3.0716461463639386,2.815675634166944,2.815675634166944,3.0716461463639386,3.0716461463639386,3.0716461463639386
32,2015,0,0,0,0,0,0,0,0,0,1.7457142857142858,1408200,1428675,0,0,47,404.35,373,706.208,8368,SAN CRISTOBAL,SAN BLAS,162,16,27,19,38,0,100,162,95088,45923,49165,27.58533932805448,17.06027872628039,1.6901319657032068,2.9064380575791593,2.049450346950087,4.021763682198449,27.553424196533737,17.036850075719336,1.6826518593303046,2.839475012619889,1.9981490829547368,3.9962981659094736,35.27644099906365,20.33967253127225,12,24,12,44,36,9,24,12,12,12,12,12,11,10000,1.2619888944977284,2.523977788995457,1.2619888944977284,4.627292613158338,3.7859666834931853,0.9464916708732963,2.523977788995457,1.2619888944977284,1.2619888944977284,1.2619888944977284,1.2619888944977284,1.2619888944977284,1.1568231532895845
92,2015,0,0,0,0,0,0,0,0,7,2.5425,132324,86100,26,6,25,96.241,318,896.890,8828,SANTA FE,LA MACARENA,198,4,14,3,5,0,105,119,12122,5885,6237,183.3873352561511,162.22191591292977,2.903724049177876,9.37505313527498,2.6552134838482684,4.233858663682095,184.78798878072925,163.3393829401089,3.2997855139415937,11.549249298795578,2.4748391354561954,4.1247318924269925,202.2090059473237,168.35016835016836,12,20,12,41,26,0,15,12,11,12,12,10,11,10000,9.899356541824782,16.49892756970797,9.899356541824782,33.82280151790133,21.44860584062036,0,12.374195677280976,9.899356541824782,9.074410163339383,9.899356541824782,9.899356541824782,8.249463784853985,9.074410163339383
11,2015,0,0,0,0,1,1,0,0,5,2.3000000000000003,373404,436080,0,0,21,430.156,312,1.867.529,936,USAQUEN,SAN CRISTOBAL NORTE,166,13,26,3,6,0,89,125,68665,32719,35946,31.20323325213505,24.19649515565464,1.8903631669631635,3.81248026797882,0.6016358658446701,1.1274142404973144,31.16580499526688,24.175344061749072,1.8932498361610717,3.7864996723221434,0.4369038083448627,0.8738076166897254,38.20410159234696,24.7593612641184,12,23,12,42,34,12,24,12,12,12,12,12,11,10000,1.7476152333794508,3.3495958639772807,1.7476152333794508,6.116653316828078,4.951576494575111,1.7476152333794508,3.4952304667589016,1.7476152333794508,1.7476152333794508,1.7476152333794508,1.7476152333794508,1.7476152333794508,1.60198063059783
36,2015,0,0,0,0,0,0,0,0,1,2.97,350595,343350,26,7,19,378.78,372,591.317,8706,RAFAEL URIBE URIBE,SAN JOSE,261,10,31,18,41,0,128,233,46706,22094,24612,77.22046184645436,55.83894941826217,2.11496607019463,6.395672528560627,3.792511631433585,8.350126122364827,77.29199674560013,55.88147133130647,2.141052541429367,6.637262878431036,3.85389457457286,8.778315419860403,105.45849551914549,52.00715098326019,12,24,12,44,36,6,24,12,12,12,12,12,11,10000,2.5692630497152398,5.1385260994304796,2.5692630497152398,9.420631182289213,7.70778914914572,1.2846315248576199,5.1385260994304796,2.5692630497152398,2.5692630497152398,2.5692630497152398,2.5692630497152398,2.5692630497152398,2.3551577955723033
53,2015,0,0,0,0,0,0,0,0,1,2.442857142857143,479920,461139,21,6,14,378.78,372,591.317,8706,RAFAEL URIBE URIBE,MARCO FIDEL SUAREZ,150,19,19,3,45,0,84,152,49067,23723,25344,48.10562746040572,30.585893732486543,3.7006385619470334,3.8996289890559663,0.8219830089537287,8.724071050308758,48.09749933764037,30.570444494262947,3.872256302606639,3.872256302606639,0.6114088898852589,9.171133348278884,64.07284070311512,33.1439393939394,12,24,12,45,36,4,22,12,12,12,12,12,12,10000,2.4456355595410355,4.891271119082071,2.4456355595410355,9.171133348278884,7.336906678623108,0.8152118531803453,4.483665192491899,2.4456355595410355,2.4456355595410355,2.4456355595410355,2.4456355595410355,2.4456355595410355,2.4456355595410355
50,2015,0,0,0,0,0,0,0,0,0,1.9327272727272728,215222,1432186,1,1,21,404.35,373,706.208,8368,SAN CRISTOBAL,LA GLORIA,139,34,28,32,51,0,95,189,93921,45576,48345,30.266823152993783,14.825976829218831,3.5382586160762424,3.0417365978773603,3.3953817347484168,5.380917851732132,30.2381788950288,14.799672064820436,3.620063670531617,2.9812289051436847,3.4071187487356394,5.430095505797425,41.46919431279621,19.6504292067432,12,24,12,42,36,6,23,12,12,12,12,12,12,10000,1.277669530775865,2.55533906155173,1.277669530775865,4.471843357715527,3.833008592327594,0.6388347653879325,2.4488666006537407,1.277669530775865,1.277669530775865,1.277669530775865,1.277669530775865,1.277669530775865,1.277669530775865
110,2015,0,0,0,0,1,1,0,0,1,4.074999999999999,71780,82212,7,2,29,317.179,346,1.428.379,9003,FONTIBON,CIUDAD SALITRE OCCIDENTAL,243,0,8,16,14,0,105,176,42001,19634,22367,66.85532106413443,57.8033977384576,0.1802222539973364,2.147701839265764,3.7460855040388616,3.4601670883518088,66.90316897216734,57.8557653389205,0,1.9047165543677531,3.8094331087355062,3.333253970143568,89.64041968014669,46.944158805382926,12,24,4,39,31,3,19,12,10,11,12,11,12,10000,2.8570748315516297,5.714149663103259,0.9523582771838766,9.285493202542797,7.380776648175044,0.7142687078879074,4.523701816623413,2.8570748315516297,2.3808956929596916,2.6189852622556606,2.8570748315516297,2.6189852622556606,2.8570748315516297
10,2015,0,0,0,0,0,0,0,0,1,2.87125,122265,153495,5,2,29,430.156,312,1.867.529,936,USAQUEN,LA URIBE,167,4,14,7,2,0,98,96,26931,12379,14552,71.93708235455793,61.912073329452205,1.5374407165490258,5.035061686137776,2.6768535444449735,1.3470127703909174,72.0359437079945,62.01032267646949,1.4852771898555568,5.1984701644944495,2.5992350822472248,0.7426385949277784,77.55069068583892,67.3446948873007,12,22,11,46,36,12,22,12,12,12,12,12,12,10000,4.45583156956667,8.169024544205563,4.084512272102781,17.080687683338905,13.367494708700011,4.45583156956667,8.169024544205563,4.45583156956667,4.45583156956667,4.45583156956667,4.45583156956667,4.45583156956667,4.45583156956667
42,2015,0,0,0,0,0,0,0,0,1,2.4250000000000003,2179040,2310720,35,13,66,182.532,363,829.895,8719,TUNJUELITO,VENECIA,557,31,40,74,85,0,270,517,130110,63358,66752,60.47813018909458,42.805550853120856,2.3645229336077325,3.115145544882277,5.603609629153086,6.454685859613429,60.48727999385136,42.809930059180694,2.3825993390208287,3.074321727768811,5.687495196372301,6.532933671508723,81.59979797342088,40.44822627037392,12,24,12,48,36,12,24,12,12,12,12,12,12,10000,0.9222965183306433,1.8445930366612866,0.9222965183306433,3.689186073322573,2.7668895549919297,0.9222965183306433,1.8445930366612866,0.9222965183306433,0.9222965183306433,0.9222965183306433,0.9222965183306433,0.9222965183306433,0.9222965183306433
103,2015,0,0,0,0,0,0,0,0,2,3,10953,12423,5,2,15,230.066,336,1.462.840,9244,BARRIOS UNIDOS,PARQUE SALITRE,50,0,2,0,6,0,17,41,1566,825,741,346.1752474565443,301.00477873523266,1.373264145514294,6.199537480871158,2.327132057888109,12.341395282363957,370.3703703703703,319.28480204342276,0,12.77139208173691,0,38.31417624521072,496.969696969697,229.41970310391363,12,23,4,30,28,0,14,7,4,6,12,5,9,10000,76.62835249042145,146.87100893997444,25.54278416347382,191.57088122605361,178.79948914431674,0,89.39974457215837,44.699872286079184,25.54278416347382,38.314176245210724,76.62835249042145,31.928480204342275,57.47126436781609
21,2015,0,0,0,0,2,1,0,0,9,3.762,225860,233125,52,5,22,230.066,336,1.462.840,9244,BARRIOS UNIDOS,LOS ANDES,223,0,19,2,8,0,107,145,27856,12709,15147,90.2850618999692,79.88945176996486,0.25890709416446855,6.412638401746983,1.052175701464241,3.125502758676563,90.46524985640436,80.05456634118323,0,6.820792647903504,0.7179781734635268,2.871912693854107,114.09237548194191,70.6410510332079,12,22,12,43,35,4,18,12,8,12,12,12,11,10000,4.30786904078116,7.897759908098794,4.30786904078116,15.436530729465824,12.564618035611717,1.4359563469270535,6.461803561171741,4.30786904078116,2.871912693854107,4.30786904078116,4.30786904078116,4.30786904078116,3.948879954049397
55,2015,0,0,0,0,0,0,0,0,0,1.5539999999999998,379860,395955,0,0,7,378.78,372,591.317,8706,RAFAEL URIBE URIBE,DIANA TURBAY,82,31,20,14,40,0,46,141,71424,34601,36823,26.226608438731994,11.520354070268542,4.191183632044329,2.8904599435805443,2.0296551865095163,5.525225246689255,26.181675627240143,11.480734767025089,4.340277777777778,2.800179211469534,1.9601254480286736,5.600358422939068,40.75026733331407,12.492192379762647,12,24,12,43,36,4,24,12,12,12,12,12,12,10000,1.6801075268817205,3.360215053763441,1.6801075268817205,6.020385304659499,5.040322580645161,0.5600358422939068,3.360215053763441,1.6801075268817205,1.6801075268817205,1.6801075268817205,1.6801075268817205,1.6801075268817205,1.6801075268817205
113,2015,0,0,0,0,0,0,0,0,0,3.2925,104270,104965,8,3,26,979.914,372,999.300,8894,KENNEDY,BAVARIA,130,1,6,21,16,0,63,111,33712,15893,17819,51.61213797851397,38.558723749813254,0.4806827333422877,2.091017341449374,5.870328519662971,4.711875746530531,51.61366872330328,38.56193640246797,0.29663028001898434,1.779781680113906,6.2292358803986705,4.746084480303749,69.84206883533632,35.35551938941579,12,24,11,39,32,3,16,12,8,12,12,12,12,10000,3.5595633602278123,7.119126720455625,3.262933080208828,11.56858092074039,9.492168960607499,0.8898908400569531,4.746084480303749,3.5595633602278123,2.3730422401518747,3.5595633602278123,3.5595633602278123,3.5595633602278123,3.5595633602278123
90,2015,0,0,0,0,2,1,0,0,14,3.05,275954,520674,22,10,60,122.507,243,2.288.835,9661,CHAPINERO,PARDO RUBIO,708,10,54,3,8,0,304,479,44638,21636,23002,175.05469874684724,158.3153046581259,2.2038992929688157,11.289882724019703,0.8961570161330776,2.072624379773062,175.41108472601815,158.60925668712756,2.2402437385187506,12.097316188001257,0.6720731215556253,1.7921949908150008,221.39027546681456,132.16242065907312,12,23,12,45,35,8,21,12,12,12,12,12,12,10000,2.688292486222501,5.152560598593126,2.688292486222501,10.081096823334379,7.8408530848156275,1.7921949908150008,4.704511850889377,2.688292486222501,2.688292486222501,2.688292486222501,2.688292486222501,2.688292486222501,2.688292486222501
67,2015,0,0,0,0,0,0,0,0,0,1.256470588235294,2609568,2765373,2,1,30,593.937,409,505.335,835,CIUDAD BOLIVAR,LUCERO,227,97,76,5,71,0,158,318,153476,76374,77102,31.031510267719884,14.806697234475106,6.191618311171533,4.926808555153711,0.40517271410376776,4.621661092544311,31.014621178555604,14.790586150277568,6.320206416638432,4.951914305819802,0.32578383590919757,4.6261304699106045,41.63720637913426,20.49233482918731,12,24,12,46,36,10,24,12,12,12,12,12,12,10000,0.781881206182074,1.563762412364148,0.781881206182074,2.9972112903646173,2.345643618546222,0.6515676718183951,1.563762412364148,0.781881206182074,0.781881206182074,0.781881206182074,0.781881206182074,0.781881206182074,0.781881206182074
83,2015,0,0,0,0,0,0,0,0,0,2,24432,29572,1,1,11,979.914,372,999.300,8894,KENNEDY,LAS MARGARITAS,140,1,13,15,8,0,66,111,24130,11502,12628,73.2354242448217,57.927353460232695,0.6413229668881669,5.175636748807818,5.739069567359664,3.522830085649743,73.35267302113552,58.019063406547865,0.4144218814753418,5.387484459179444,6.216328222130128,3.315375051802735,96.50495565988524,52.264808362369344,12,22,5,37,29,0,15,8,5,11,11,10,8,10000,4.973062577704103,9.117281392457523,2.0721094073767095,15.33360961458765,12.018234562784913,0,6.216328222130128,3.315375051802735,2.0721094073767095,4.558640696228761,4.558640696228761,4.144218814753419,3.315375051802735
101,2015,1,1,0,0,2,1,0,0,11,3.8711111111111105,267970,273160,65,10,59,139.298,287,1.933.116,9603,TEUSAQUILLO,TEUSAQUILLO,631,3,17,25,26,0,281,421,25575,11819,13756,273.37096677434505,245.840383955868,1.2746260536847394,6.237250960719144,8.794099178320213,9.21003843326342,274.4868035190616,246.72531769305965,1.1730205278592376,6.64711632453568,9.775171065493646,10.166177908113392,356.20610880785176,204.2744984006979,12,24,12,46,31,10,21,12,12,12,12,12,12,10000,4.69208211143695,9.3841642228739,4.69208211143695,17.986314760508307,12.121212121212121,3.9100684261974585,8.211143695014663,4.69208211143695,4.69208211143695,4.69208211143695,4.69208211143695,4.69208211143695,4.69208211143695
54,2015,0,0,0,0,0,0,0,0,1,1.83,984621,1061115,21,8,28,378.78,372,591.317,8706,RAFAEL URIBE URIBE,MARRUECOS,137,30,17,21,58,0,68,195,106068,54423,51645,24.827365653782365,12.94146534964001,2.7880632463721926,1.7193907297451791,2.026801414553693,5.422608445027412,24.79541426254855,12.916242410529096,2.828374250480824,1.6027454086058,1.9798619753365765,5.468190217596259,35.830439336310015,13.166811888856618,12,24,12,48,36,10,24,12,12,12,12,12,12,10000,1.1313497001923294,2.2626994003846588,1.1313497001923294,4.5253988007693176,3.394049100576988,0.9427914168269412,2.2626994003846588,1.1313497001923294,1.1313497001923294,1.1313497001923294,1.1313497001923294,1.1313497001923294,1.1313497001923294
78,2015,0,0,0,0,0,0,0,0,0,1.956,79812,176088,0,0,25,979.914,372,999.300,8894,KENNEDY,TINTAL NORTE,53,1,12,20,16,0,30,72,23903,11416,12487,42.71810542894434,22.2425911892592,0.6464408966273011,4.8709198016127235,7.548922042567627,6.301084283697333,42.6724678910597,22.172949002217297,0.4183575283437226,5.020290340124671,8.367150566874452,6.693720453499561,63.06937631394534,24.02498598542484,12,24,7,40,29,0,19,12,10,12,12,11,9,10000,5.020290340124671,10.040580680249342,2.928502698406058,16.734301133748904,12.132368321967954,0,7.948793038530729,5.020290340124671,4.183575283437226,5.020290340124671,5.020290340124671,4.601932811780948,3.765217755093503
100,2015,1,1,0,0,2,1,0,0,5,3.59625,300195,309096,38,9,56,139.298,287,1.933.116,9603,TEUSAQUILLO,GALERIAS,508,3,33,17,25,0,240,346,33449,15280,18169,174.71777696737456,151.50285007066446,1.0104486393951737,9.116877496604396,4.855451596194527,7.073817943208669,175.19208347035786,151.873000687614,0.896887799336303,9.865765792699332,5.082364196239051,7.474064994469192,226.43979057591625,132.0931256535858,12,24,12,47,35,6,24,12,12,12,12,12,12,10000,3.587551197345212,7.175102394690424,3.587551197345212,14.05124218960208,10.463690992256868,1.793775598672606,7.175102394690424,3.587551197345212,3.587551197345212,3.587551197345212,3.587551197345212,3.587551197345212,3.587551197345212
34,2015,0,0,0,0,0,0,0,0,0,2.346363636363636,864012,1108236,26,12,30,404.35,373,706.208,8368,SAN CRISTOBAL,20 DE JULIO,321,14,31,40,45,0,170,281,79379,38440,40939,56.80697785250796,40.43497418456007,1.7681847870139706,3.9208806978404263,4.938831572502196,5.5967355588164285,56.816034467554395,40.43890701570944,1.763690648660225,3.905315007747641,5.039116139029215,5.669005656407865,73.1009365244537,41.52519602335181,12,24,12,47,36,1,24,12,12,12,12,12,12,10000,1.5117348417087644,3.0234696834175288,1.5117348417087644,5.920961463359327,4.535204525126293,0.12597790347573035,3.0234696834175288,1.5117348417087644,1.5117348417087644,1.5117348417087644,1.5117348417087644,1.5117348417087644,1.5117348417087644
106,2015,0,0,0,0,0,0,0,0,1,4.164,167560,168920,17,5,30,139.298,287,1.933.116,9603,TEUSAQUILLO,LA ESMERALDA,149,0,15,10,5,0,82,97,35069,15445,19624,51.04284478616737,42.47245193967115,0.2117613649027075,4.263143346435691,2.884782440028495,1.8200197642717384,51.04223103025464,42.48766717043543,0,4.2772819299096065,2.851521286606405,1.4257606433032024,62.80349627711233,41.78556869139829,12,22,12,38,30,2,20,12,10,12,12,12,12,10000,3.4218255439276852,6.27334683053409,3.4218255439276852,10.835780889104337,8.554563859819213,0.570304257321281,5.70304257321281,3.4218255439276852,2.851521286606405,3.4218255439276852,3.4218255439276852,3.4218255439276852,3.4218255439276852
91,2015,2,1,0,0,0,0,0,0,8,3.3285714285714287,96894,41153,42,7,37,96.241,318,896.890,8828,SANTA FE,SAGRADO CORAZON,362,0,12,1,7,0,172,210,8934,4452,4482,422.2452323005293,400.7759165779415,0.6224410111082154,10.081682093290848,1.7929237016702662,6.607231512210292,427.5800313409447,405.1936422655026,0,13.43183344526528,1.1193194537721065,7.835236176404746,471.6981132075472,383.7572512271308,12,24,10,45,33,3,19,12,10,12,12,12,12,10000,13.43183344526528,26.86366689053056,11.193194537721066,50.36937541974479,36.937541974479515,3.35795836131632,21.267069621670025,13.43183344526528,11.193194537721066,13.43183344526528,13.43183344526528,13.43183344526528,13.43183344526528
95,2015,0,0,0,0,0,0,0,0,6,2,260205,69723,19,3,15,96.241,318,896.890,8828,SANTA FE,LAS CRUCES,122,25,13,3,13,0,67,109,20209,10207,10002,86.86328993541355,60.247165172849904,10.439435845015725,5.978782514412774,1.7841937241631998,6.03625220023126,87.08991043594438,60.36914246127963,12.370725914196644,6.432777475382256,1.4844871097035974,6.432777475382256,106.78945821495051,66.98660267946411,23,34,17,73,49,12,28,15,14,13,22,13,13,10000,11.381067841060913,16.82418724330744,8.41209362165372,36.122519669454206,24.246622791825423,5.93794843881439,13.855213023900243,7.422435548517987,6.927606511950121,6.432777475382256,10.886238804493047,6.432777475382256,6.432777475382256
40,2015,0,0,0,0,0,0,0,0,2,3,1219392,1267944,21,8,62,250.715,355,1.116.511,9043,PUENTE ARANDA,CIUDAD MONTES,256,3,29,82,46,0,154,262,97657,46070,51587,42.6093863166763,26.226811384059673,0.3756206395956152,3.028457931527239,8.168281174425811,4.699225670129095,42.59807284680054,26.21419867495418,0.30719764072211925,2.969577193647153,8.39673551307126,4.710363824405829,56.869980464510526,29.852482214511408,12,24,12,42,36,5,24,12,12,12,12,12,12,10000,1.228790562888477,2.457581125776954,1.228790562888477,4.300766970109669,3.6863716886654307,0.5119960678701988,2.457581125776954,1.228790562888477,1.228790562888477,1.228790562888477,1.228790562888477,1.228790562888477,1.228790562888477
64,2015,0,0,0,0,0,0,0,0,0,1,5590,25895,0,0,7,593.937,409,505.335,835,CIUDAD BOLIVAR,MONTE BLANCO,9,9,3,1,1,0,9,14,4777,2414,2363,48.227581546602515,19.256670853371197,10.557619710146527,5.192320611817699,2.6012615992084496,3.339774135863424,48.14737282813481,18.840276324052752,18.840276324052752,6.280092108017584,2.0933640360058616,2.0933640360058616,57.9950289975145,38.08717731696995,12,20,9,36,28,2,16,12,10,12,12,10,6,10000,25.120368432070336,41.86728072011723,18.840276324052752,75.36110529621101,58.61419300816412,4.186728072011723,33.493824576093786,25.120368432070336,20.933640360058615,25.120368432070336,25.120368432070336,20.933640360058615,12.560184216035168
48,2015,0,0,0,0,0,0,0,0,1,2.7455555555555557,1310472,1325682,5,3,18,979.914,372,999.300,8894,KENNEDY,TIMIZA,290,12,45,62,100,0,142,367,142655,68402,74253,35.69445931123169,20.341882122645767,0.8722186995788079,3.1890757003015495,4.309936097149615,6.9215983883745755,35.680487890364866,20.328765202761907,0.8411902842522169,3.154463565945813,4.346149801969787,7.009919035435141,53.65340194731149,19.12380644553082,12,24,12,43,36,11,24,12,12,12,12,12,12,10000,0.8411902842522169,1.6823805685044337,0.8411902842522169,3.0142651852371105,2.523570852756651,0.7710910938978655,1.6823805685044337,0.8411902842522169,0.8411902842522169,0.8411902842522169,0.8411902842522169,0.8411902842522169,0.8411902842522169
98,2015,0,0,0,0,2,1,0,0,12,3.0542105263157895,1522242,1559634,99,19,81,230.066,336,1.462.840,9244,BARRIOS UNIDOS,LOS ALCAZARES,604,5,54,16,46,0,296,429,43116,21066,22050,167.80367079178305,139.829466982932,1.2251441649535046,11.646567668856369,3.658260868775965,10.006104304890552,168.15103441877727,140.0872066054365,1.1596623063363949,12.524352908433064,3.7109193802764633,10.668893218294834,203.64568499003133,134.2403628117914,12,24,12,48,36,7,24,12,12,12,12,12,12,10000,2.7831895352073475,5.566379070414695,2.7831895352073475,11.13275814082939,8.349568605622043,1.6235272288709528,5.566379070414695,2.7831895352073475,2.7831895352073475,2.7831895352073475,2.7831895352073475,2.7831895352073475,2.7831895352073475
28,2015,0,0,0,0,3,1,0,0,5,2.287857142857143,3797108,4228084,17,6,49,981.613,341,1.388.086,916,SUBA,EL RINCON,532,34,128,23,53,0,335,435,261019,125124,135895,29.51044735145897,20.388807309690165,1.3118940921987048,4.889812702906518,0.9190930293520015,2.0783474090338654,29.499768216106876,20.381658040219296,1.3025871679839398,4.903857573586597,0.8811619077538417,2.0305035265632,34.7655126114894,24.6513852606792,12,24,12,46,36,5,24,12,12,12,12,12,12,10000,0.4597366475237435,0.919473295047487,0.4597366475237435,1.7623238155076835,1.3792099425712303,0.19155693646822644,0.919473295047487,0.4597366475237435,0.4597366475237435,0.4597366475237435,0.4597366475237435,0.4597366475237435,0.4597366475237435
17,2015,0,0,0,0,1,1,0,0,2,4.285,226840,238870,6,2,32,981.613,341,1.388.086,916,SUBA,SAN JOSE DE BAVARIA,208,1,13,14,2,0,102,136,47809,22292,25517,49.78525104866069,43.49297253870505,0.3512455839612926,2.857513789517646,2.946939831105579,0.8162802230360184,49.78142190800896,43.50645275994059,0.20916563826894516,2.719153297496287,2.9283189357652324,0.4183312765378903,61.008433518751126,39.973351099267155,12,24,12,42,33,0,19,12,12,12,12,12,12,10000,2.509987659227342,5.019975318454684,2.509987659227342,8.784956807295698,6.902466062875191,0,3.974147127109958,2.509987659227342,2.509987659227342,2.509987659227342,2.509987659227342,2.509987659227342,2.509987659227342
24,2015,2,1,0,0,5,1,0,0,4,4.819999999999999,859833,845949,36,12,69,981.613,341,1.388.086,916,SUBA,NIZA,286,4,61,20,10,0,172,209,75777,34662,41115,50.2806844653628,37.74206468703032,0.6024479662208804,7.80682328546727,2.66745956977793,1.5224618628519315,50.27910843659686,37.74232286841654,0.5278646555023292,8.04993599641052,2.639323277511646,1.319661638755823,60.2965783855519,41.83388057886416,12,24,12,43,33,2,19,12,12,12,12,12,12,10000,1.5835939665069876,3.167187933013975,1.5835939665069876,5.674545046650039,4.354883407894215,0.2639323277511646,2.507357113636064,1.5835939665069876,1.5835939665069876,1.5835939665069876,1.5835939665069876,1.5835939665069876,1.5835939665069876
44,2015,0,0,0,0,0,0,0,0,0,3.22875,673424,676672,20,7,33,979.914,372,999.300,8894,KENNEDY,AMERICAS,309,14,26,61,36,0,152,294,80745,38413,42332,55.22922489846784,38.26767380585246,1.73986469156108,3.2757348287741865,7.324762052688527,4.460334545051694,55.23561830453898,38.26862344417611,1.7338534893801474,3.2200136231345597,7.554647346584927,4.458480401263236,76.53658917553953,35.90664272890485,12,24,12,45,36,12,23,12,12,12,12,12,12,10000,1.4861601337544121,2.9723202675088243,1.4861601337544121,5.573100501579045,4.458480401263236,1.4861601337544121,2.8484735896959568,1.4861601337544121,1.4861601337544121,1.4861601337544121,1.4861601337544121,1.4861601337544121,1.4861601337544121
62,2015,0,0,0,0,0,0,0,0,1,2.024,338366,403893,26,7,26,182.532,363,829.895,8719,TUNJUELITO,TUNJUELITO,148,15,23,8,38,0,69,163,40278,20006,20272,57.579370317877874,36.74682411617548,3.533858964841686,5.537899690523838,2.101559057283534,8.870929149986685,57.59968220864989,36.744624857242165,3.7241173841799498,5.710313322409256,1.9861959382293064,9.434430706589206,81.47555733280015,34.0370955011839,12,24,12,45,33,3,21,12,11,12,12,12,12,10000,2.9792939073439597,5.958587814687919,2.9792939073439597,11.172352152539847,8.193058245195889,0.7448234768359899,5.213764337851929,2.9792939073439597,2.731019415065296,2.9792939073439597,2.9792939073439597,2.9792939073439597,2.9792939073439597
69,2015,1,1,0,0,0,0,0,0,0,1.3691666666666666,1779216,1964304,13,6,22,593.937,409,505.335,835,CIUDAD BOLIVAR,ISMAEL PERDOMO,185,46,29,58,89,0,100,307,153037,75256,77781,26.615519931096976,12.106654337766258,2.9723989033637275,1.9676070250345084,3.771800770499113,5.772163421608717,26.594875749001876,12.088579885909942,3.005809052712743,1.8949665767102075,3.789933153420415,5.815587080248568,40.794089507813325,12.856610226147774,12,24,12,46,36,2,24,12,12,12,12,12,12,10000,0.784124100707672,1.568248201415344,0.784124100707672,3.005809052712743,2.352372302123016,0.13068735011794533,1.568248201415344,0.784124100707672,0.784124100707672,0.784124100707672,0.784124100707672,0.784124100707672,0.784124100707672
93,2015,2,1,0,0,0,0,0,0,7,2.932857142857143,332178,96411,80,7,52,96.241,318,896.890,8828,SANTA FE,LAS NIEVES,895,17,38,2,8,0,363,597,15558,8117,7441,612.4123335120638,571.537252622595,8.874961282381916,19.453630128828905,1.6991138517760125,4.978990205362726,617.0458927882761,575.2667437974033,10.926854351459056,24.424733256202597,1.285512276642242,5.142049106568968,735.4934088949119,487.8376562290015,12,24,12,48,36,3,24,12,12,12,12,12,12,10000,7.7130736598534515,15.426147319706903,7.7130736598534515,30.852294639413806,23.139220979560356,1.9282684149633629,15.426147319706903,7.7130736598534515,7.7130736598534515,7.7130736598534515,7.7130736598534515,7.7130736598534515,7.7130736598534515
18,2015,0,0,0,0,2,1,0,0,6,3.272,300834,346380,10,3,25,981.613,341,1.388.086,916,SUBA,BRITALIA,133,2,12,10,6,0,67,96,76331,35537,40794,21.40452371418861,17.45274052998018,0.3510202119530215,1.7332686736497085,1.4111482162519025,1.0213823132453366,21.354364543894356,17.424113400846313,0.26201674286986937,1.5721004572192163,1.310083714349347,0.7860502286096082,27.01409798238456,16.423983919203806,12,24,12,43,33,0,20,12,12,12,12,12,12,10000,1.5721004572192163,3.1442009144384326,1.5721004572192163,5.633359971702192,4.323276257352845,0,2.620167428698694,1.5721004572192163,1.5721004572192163,1.5721004572192163,1.5721004572192163,1.5721004572192163,1.5721004572192163
15,2016,0,0,0,0,0,0,2,1,6,5.395,175550,49356,6,2,21,430.156,312,1.867.529,936,USAQUEN,COUNTRY CLUB,165,1,4,1,1,0,67,105,24687,11016,13671,69.65436610281921,66.77006923130679,0.47235853408675016,2.017201481339359,0.7492296568527412,0.9490979432970944,69.67229716044882,66.83679669461661,0.4050714951188885,1.620285980475554,0.4050714951188885,0.4050714951188885,95.31590413943354,49.00885085216883,12,19,9,33,31,6,12,11,8,12,12,12,9,10000,4.860857941426661,7.696358407258882,3.645643456069996,13.36735933892332,12.557216348685543,2.4304289707133306,4.860857941426661,4.455786446307774,3.240571960951108,4.860857941426661,4.860857941426661,4.860857941426661,3.645643456069996
86,2016,0,0,0,0,0,0,0,0,0,1.568,321440,368145,0,0,33,546.809,398,703.807,854,BOSA,EL PORVENIR,242,26,41,25,43,0,119,258,122669,59104,63565,30.76813731384626,19.756923320378736,2.115601695209902,3.3778199606852475,2.0755481359063266,3.529549734155363,30.73311105495276,19.727885610871535,2.1195249003415695,3.342327727461706,2.038004711866894,3.5053681044110574,43.65186789388197,18.7209942578463,12,24,12,43,36,1,23,12,12,12,12,12,12,10000,0.9782422616961091,1.9564845233922181,0.9782422616961091,3.5053681044110574,2.9347267850883267,0.08152018847467575,1.8749643349175424,0.9782422616961091,0.9782422616961091,0.9782422616961091,0.9782422616961091,0.9782422616961091,0.9782422616961091
71,2016,0,0,0,0,1,1,0,0,2,2.105,2325960,2670912,0,0,22,981.613,341,1.388.086,916,SUBA,TIBABUYES,501,35,98,42,62,0,303,435,268029,129627,138402,27.551826956677424,18.705731487654084,1.3079618292931474,3.668228637851094,1.5894969149843037,2.342213450020788,27.534333971324,18.692007208175234,1.3058288468785093,3.6563207712598262,1.5669946162542112,2.313182528756217,33.557823601564486,21.892747214635627,12,24,12,47,36,4,23,12,12,12,12,12,12,10000,0.4477127475012032,0.8954254950024064,0.4477127475012032,1.7535415943797128,1.3431382425036098,0.14923758250040106,0.8581160993773063,0.4477127475012032,0.4477127475012032,0.4477127475012032,0.4477127475012032,0.4477127475012032,0.4477127475012032
29,2016,1,1,0,0,1,1,1,1,3,2.713333333333334,1291554,1329381,30,9,32,824.337,341,1.089.512,9178,ENGATIVA,MINUTO DE DIOS,507,10,35,37,41,0,245,385,112786,53241,59545,55.86896818665112,44.95921007999533,0.8964605015165857,3.1499107396804926,3.2897997058936075,3.656923897279417,55.85799655985672,44.952387707694214,0.8866348660294717,3.103222031103151,3.2805490043090453,3.635202950720834,72.31269134689431,41.14535225459737,12,24,12,45,36,2,23,12,12,12,12,12,12,10000,1.0639618392353662,2.1279236784707325,1.0639618392353662,3.989856897132623,3.191885517706098,0.17732697320589433,2.039260191867785,1.0639618392353662,1.0639618392353662,1.0639618392353662,1.0639618392353662,1.0639618392353662,1.0639618392353662
80,2016,0,0,0,0,1,1,0,0,0,2.0025,247816,277108,11,4,19,979.914,372,999.300,8894,KENNEDY,CORABASTOS,447,36,48,37,43,0,184,427,57801,28946,28855,105.6240116515076,77.28564406812926,6.129405476802353,8.055806313071688,6.268164479842868,7.230959198011216,105.70751371083546,77.33430217470286,6.2282659469559345,8.304354595941247,6.401273334371378,7.4393176588640335,147.51606439577145,63.767111419164785,12,24,12,39,34,3,24,12,12,12,12,12,12,10000,2.0760886489853116,4.152177297970623,2.0760886489853116,6.7472881092022625,5.8822511721250494,0.5190221622463279,4.152177297970623,2.0760886489853116,2.0760886489853116,2.0760886489853116,2.0760886489853116,2.0760886489853116,2.0760886489853116
99,2016,6,1,1,1,1,1,0,0,13,3.692,79566,121692,22,6,62,122.507,243,2.288.835,9661,CHAPINERO,CHAPINERO,1112,2,26,5,37,0,434,746,23157,11392,11765,508.10213118704974,478.160739324174,0.910722466314766,10.231361225239894,2.326288221023954,14.231859625147214,510.4288120222826,480.20037137798505,0.8636697326942177,11.22770652502483,2.1591743317355445,15.977890054843028,654.8455056179776,368.8907777305567,12,24,12,47,36,9,21,12,12,12,12,12,12,10000,5.182018396165306,10.364036792330612,5.182018396165306,20.296238718314118,15.546055188495918,3.8865137971239796,9.068532193289286,5.182018396165306,5.182018396165306,5.182018396165306,5.182018396165306,5.182018396165306,5.182018396165306
3,2016,0,0,0,0,0,0,0,0,0,6,0,1169,0,0,26,981.613,341,1.388.086,916,SUBA,GUAYMARAL,18,0,0,0,0,0,7,11,1941,937,1004,91.15745702283157,90.53060033431524,0.7017346838209,3.007191639448884,2.1938720115039176,2.8817109714931157,92.7357032457496,92.7357032457496,0,0,0,0,117.39594450373532,69.7211155378486,1,1,0,5,0,0,1,0,0,2,2,0,0,10000,5.151983513652756,5.151983513652756,0,25.75991756826378,0,0,5.151983513652756,0,0,10.303967027305513,10.303967027305513,0,0
97,2016,9,1,0,0,1,1,1,1,7,5.211875,94384,420656,63,15,98,122.507,243,2.288.835,9661,CHAPINERO,CHICO LAGO,1392,0,20,9,22,0,615,828,33283,15303,17980,432.21374362948825,417.0159970726907,0.06583303481371666,5.843434261654316,2.7803349651264195,6.354874880121537,433.55466754799744,418.23152960971066,0,6.009073701288947,2.704083165580026,6.60998107141784,541.0703783571848,342.04671857619576,12,24,12,48,36,11,20,12,12,12,12,12,12,10000,3.6054442207733675,7.210888441546735,3.6054442207733675,14.42177688309347,10.816332662320104,3.30499053570892,6.009073701288947,3.6054442207733675,3.6054442207733675,3.6054442207733675,3.6054442207733675,3.6054442207733675,3.6054442207733675
94,2016,3,1,0,0,0,0,1,1,3,2.40875,203598,216855,43,8,36,22.115,283,1.050.888,889,CANDELARIA,LA CANDELARIA,498,3,27,4,1,0,248,284,17141,8776,8365,309.2211586438695,288.99880251762687,1.7499265857797175,13.615588258831629,2.52529394895682,1.2869849102349529,310.95035295490345,290.53147424304296,1.750189603873753,15.751706434863776,2.333586138498337,0.5833965346245843,323.6098450319052,296.4734010759115,12,23,12,48,36,6,22,12,12,12,12,12,12,10000,7.000758415495012,13.41812029636544,7.000758415495012,28.003033661980048,21.002275246485034,3.500379207747506,12.834723761740856,7.000758415495012,7.000758415495012,7.000758415495012,7.000758415495012,7.000758415495012,7.000758415495012
76,2016,0,0,0,0,0,0,0,0,0,2.186666666666667,120020,128536,0,0,21,317.179,346,1.428.379,9003,FONTIBON,FONTIBON SAN PABLO,102,2,15,0,6,0,51,74,32650,16008,16642,38.38799259565656,31.31031681971476,0.6560969968650905,4.580162931190131,0.3005358958217121,2.1054034333391543,38.28483920367535,31.240428790199083,0.6125574272588055,4.594180704441041,0,1.8376722817764164,46.22688655672164,30.64535512558587,12,22,11,37,33,0,20,12,12,12,12,11,10,10000,3.675344563552833,6.7381316998468606,3.3690658499234303,11.3323124042879,10.10719754977029,0,6.125574272588055,3.675344563552833,3.675344563552833,3.675344563552833,3.675344563552833,3.3690658499234303,3.0627871362940273
114,2016,0,0,0,0,1,1,1,1,3,3.8,191930,197050,9,4,24,317.179,346,1.428.379,9003,FONTIBON,MODELIA,281,3,11,26,8,0,131,198,41894,19326,22568,78.49524620203509,67.03402518907275,0.7471906250329994,2.7861182857321487,6.038566650077731,2.117104433248793,78.53153196161742,67.07404401584952,0.7160929966104931,2.6256743209051416,6.206139303957608,1.9095813242946484,102.45265445513814,58.046791917759656,12,24,12,38,31,1,15,12,10,12,12,12,12,10000,2.8643719864419723,5.728743972883945,2.8643719864419723,9.07051129039958,7.399627631641762,0.23869766553683106,3.5804649830524657,2.8643719864419723,2.3869766553683105,2.8643719864419723,2.8643719864419723,2.8643719864419723,2.8643719864419723
89,2016,0,0,0,0,0,0,0,0,0,2.0666666666666664,28245,48603,0,0,3,122.507,243,2.288.835,9661,CHAPINERO,SAN ISIDRO - PATIOS,21,1,5,0,0,0,15,12,14743,7281,7462,18.704934660946098,14.5249783935504,0.7650741679177214,3.620799827599076,0.6049899351194977,0.9191922921999536,18.31377602930204,14.244048022790476,0.6782880010852608,3.3914400054263036,0,0,16.481252575195715,20.10184937014205,10,11,4,35,27,0,11,4,7,8,8,6,0,10000,6.782880010852607,7.461168011937869,2.713152004341043,23.74008003798413,18.31377602930204,0,7.461168011937869,2.713152004341043,4.748016007596826,5.426304008682086,5.426304008682086,4.069728006511565,0
38,2016,0,0,1,1,4,1,0,0,1,3.008,1246305,1155330,52,15,75,119.565,392,1.095.184,9079,ANTONIO NARIÑO,RESTREPO,734,16,37,61,41,0,324,565,55092,26172,28920,161.15598416672654,133.06843929050777,2.877467956937774,6.563654954123547,10.696911276011967,7.224004818411403,161.3664415886154,133.23168518115153,2.904232919480142,6.716038626297829,11.072388005518045,7.442096856167865,215.87956594834176,112.03319502074687,12,24,12,46,36,12,23,12,12,12,12,12,12,10000,2.1781746896101066,4.356349379220213,2.1781746896101066,8.34966964350541,6.53452406883032,2.1781746896101066,4.174834821752705,2.1781746896101066,2.1781746896101066,2.1781746896101066,2.1781746896101066,2.1781746896101066,2.1781746896101066
52,2016,0,0,0,0,0,0,0,0,0,1,614920,740280,0,0,176,314.431,407,569.872,8291,USME,LA FLORA,44,8,18,2,8,0,28,52,17696,8811,8885,45.35032867264696,25.03263154909298,4.330423829531903,9.119424026321749,1.487872350437764,4.472371215360478,45.20795660036166,24.864376130198917,4.520795660036166,10.171790235081374,1.1301989150090417,4.520795660036166,59.01713766882306,31.513787281935848,12,17,9,36,34,1,20,12,9,12,12,11,12,10000,6.78119349005425,9.606690777576853,5.085895117540687,20.34358047016275,19.213381555153706,0.5650994575045207,11.301989150090415,6.78119349005425,5.085895117540687,6.78119349005425,6.78119349005425,6.216094032549729,6.78119349005425
96,2016,0,0,0,0,0,0,0,0,3,1.7264285714285716,628474,648214,4,2,16,96.241,318,896.890,8828,SANTA FE,LOURDES,103,15,22,8,7,0,56,99,44343,21597,22746,35.03993879166696,23.299494609296517,3.3359870225686543,4.920306474023691,1.9183747148272936,1.8033569488034915,34.95478429515369,23.228017950973097,3.382721060821325,4.961324222537942,1.8041178991047064,1.578603161716618,45.83969995832754,24.619713356194495,12,23,10,38,29,2,20,12,12,12,12,12,7,10000,2.70617684865706,5.186838959926031,2.255147373880883,8.569560020747355,6.539927384254561,0.4510294747761766,4.510294747761766,2.70617684865706,2.70617684865706,2.70617684865706,2.70617684865706,2.70617684865706,1.578603161716618
84,2016,0,0,0,0,1,1,0,0,0,1.98,990222,1073760,1,1,30,546.809,398,703.807,854,BOSA,BOSA OCCIDENTAL,413,42,70,30,127,0,216,466,196269,96215,100054,34.76763621867103,21.05996180043619,2.1373238979507283,3.584502417855538,1.5596895583248795,6.4259814583409876,34.74822819701532,21.042548746872917,2.1399202115463982,3.566533685910663,1.5285144368188557,6.470711115866489,48.433196487034245,21.58834229516061,12,24,12,48,36,6,24,12,12,12,12,12,12,10000,0.6114057747275423,1.2228115494550846,0.6114057747275423,2.4456230989101693,1.834217324182627,0.30570288736377116,1.2228115494550846,0.6114057747275423,0.6114057747275423,0.6114057747275423,0.6114057747275423,0.6114057747275423,0.6114057747275423
111,2016,0,0,0,0,0,0,0,0,3,2.9375,64585,73290,16,5,63,250.715,355,1.116.511,9043,PUENTE ARANDA,PUENTE ARANDA,250,4,21,10,39,0,94,229,9863,7285,2578,325.29663035933595,251.23320690747235,3.785968851589282,16.43527479010085,8.650312386569787,29.262504916527373,328.5004562506337,253.47257426746424,4.0555611882794285,21.291696238466997,10.138902970698572,39.541721585724424,314.3445435827042,364.6237393328161,12,23,12,43,35,2,15,12,11,9,12,10,11,10000,12.166683564838285,23.31947683260671,12.166683564838285,43.59728277400385,35.486160397445,2.0277805941397142,15.208354456047855,12.166683564838285,11.152793267768429,9.125012673628714,12.166683564838285,10.138902970698572,11.152793267768429
112,2016,1,1,0,0,0,0,0,0,1,3.1133333333333333,126427,160027,0,0,71,317.179,346,1.428.379,9003,FONTIBON,GRANJAS DE TECHO,386,1,16,17,16,0,153,283,39243,18122,21121,110.963045564207,98.23068271329414,0.30278510107191203,4.113123260732212,4.284232447761196,4.094382929737204,111.10261702724053,98.36149122136432,0.25482251611752416,4.0771602578803865,4.33198277399791,4.0771602578803865,156.16377883235847,72.43975190568628,12,24,9,41,30,1,15,11,10,12,12,12,11,10000,3.0578701934102894,6.115740386820579,2.2934026450577174,10.44772316081849,7.644675483525725,0.25482251611752416,3.8223377417628623,2.8030476772927657,2.548225161175241,3.0578701934102894,3.0578701934102894,3.0578701934102894,2.8030476772927657
75,2016,0,0,1,1,4,1,3,1,1,2.913,1316550,1374890,0,0,58,317.179,346,1.428.379,9003,FONTIBON,FONTIBON,595,12,37,12,62,0,263,455,131852,62767,69085,54.46567722496846,45.13204439101433,0.918300220624711,2.8550628028371445,0.9696450083124954,4.689077972843158,54.45499499438765,45.12635379061372,0.910111336953554,2.806176622273458,0.910111336953554,4.702241907593362,72.49032134720474,38.069045378881086,12,24,12,48,36,9,24,12,12,12,12,12,12,10000,0.9101113369535541,1.8202226739071081,0.9101113369535541,3.6404453478142162,2.730334010860662,0.6825835027151655,1.8202226739071081,0.9101113369535541,0.9101113369535541,0.9101113369535541,0.9101113369535541,0.9101113369535541,0.9101113369535541
12,2016,1,1,0,0,3,1,0,0,5,3.378,256245,260090,9,3,42,430.156,312,1.867.529,936,USAQUEN,TOBERIN,353,1,10,16,7,0,153,234,58538,26946,31592,66.11071819687372,60.286840654377734,0.2051569573398436,1.8847371330369604,2.77679902771934,1.3943878572270438,66.1109023198606,60.30270935119068,0.1708292049608801,1.708292049608801,2.7332672793740818,1.1958044347261607,86.84034736138945,48.42998227399342,12,24,12,42,35,5,21,12,12,12,12,12,12,10000,2.0499504595305615,4.099900919061123,2.0499504595305615,7.174826608356964,5.9790221736308045,0.8541460248044005,3.587413304178482,2.0499504595305615,2.0499504595305615,2.0499504595305615,2.0499504595305615,2.0499504595305615,2.0499504595305615
16,2016,0,0,2,1,4,1,1,1,11,5.738888888888889,464238,463266,18,6,60,430.156,312,1.867.529,936,USAQUEN,SANTA BARBARA,688,2,20,4,16,0,303,427,66113,29506,36607,110.33532438789646,103.9769781894981,0.3304364556719862,3.107348853501703,0.7342022904979217,2.5264904516820303,110.41701329541844,104.06425362636698,0.3025123651929273,3.025123651929273,0.6050247303858546,2.4200989215434183,144.71632888226122,82.77105471631108,12,24,12,47,34,7,16,12,12,12,12,12,12,10000,1.8150741911575636,3.6301483823151273,1.8150741911575636,7.10904058203379,5.142710208279763,1.0587932781752454,2.4200989215434183,1.8150741911575636,1.8150741911575636,1.8150741911575636,1.8150741911575636,1.8150741911575636,1.8150741911575636
82,2016,0,0,0,0,0,0,1,1,0,1.9566666666666668,963012,1044870,9,4,29,979.914,372,999.300,8894,KENNEDY,PATIO BONITO,555,30,101,37,131,0,299,555,142932,71238,71694,59.75403652852681,38.83978070792582,2.095714550443883,6.995472344239036,2.609897538210663,9.029900564287438,59.74869168555677,38.82965326169087,2.0989001763076147,7.066297260235636,2.5886435507793912,9.165197436543252,77.90785816558578,41.70502413033169,12,24,12,46,36,4,24,12,12,12,12,12,12,10000,0.8395600705230459,1.6791201410460919,0.8395600705230459,3.218313603671676,2.5186802115691376,0.2798533568410153,1.6791201410460919,0.8395600705230459,0.8395600705230459,0.8395600705230459,0.8395600705230459,0.8395600705230459,0.8395600705230459
35,2016,0,0,0,0,0,0,1,1,1,2.666,168705,154565,35,5,22,119.565,392,1.095.184,9079,ANTONIO NARIÑO,CIUDAD JARDIN,189,7,5,19,15,0,87,148,24922,11792,13130,94.15661258454772,75.73067220253559,2.7559540901062785,2.3465487256737765,7.204817400953616,5.772798729405855,94.29419789744,75.83661022389856,2.8087633416258724,2.006259529732766,7.623786212984512,6.018778589198299,125.50881953867028,66.26047220106626,12,24,12,40,34,7,18,12,12,12,12,12,12,10000,4.8150228713586385,9.630045742717277,4.8150228713586385,16.05007623786213,13.642564802182811,2.8087633416258724,7.222534307037958,4.8150228713586385,4.8150228713586385,4.8150228713586385,4.8150228713586385,4.8150228713586385,4.8150228713586385
68,2016,0,0,0,0,0,0,0,0,0,1.055,351536,380992,0,0,13,593.937,409,505.335,835,CIUDAD BOLIVAR,EL TESORO,76,36,32,2,16,0,61,101,48617,24271,24346,33.403448481446866,15.714871535354508,7.257042081596952,6.421113862877664,0.5954181830006485,3.36571006146192,33.321677602484726,15.6323919616595,7.4048172449966065,6.582059773330317,0.4113787358331448,3.2910298866651586,41.61344814799555,25.05545058736548,12,22,12,43,34,6,24,12,12,12,12,12,12,10000,2.4682724149988684,4.525166094164593,2.4682724149988684,8.844642820412613,6.993438509163461,1.2341362074994342,4.936544829997737,2.4682724149988684,2.4682724149988684,2.4682724149988684,2.4682724149988684,2.4682724149988684,2.4682724149988684
27,2016,1,1,1,1,5,1,2,1,2,2.840909090909091,1497236,1751217,16,6,48,981.613,341,1.388.086,916,SUBA,SUBA,621,12,40,41,49,0,308,455,163927,76816,87111,46.5595785781644,37.89218697953833,0.7400375159582273,2.4883826538206324,2.521231888741025,3.01983975814828,46.54510849341475,37.882716087038744,0.732033161102198,2.4401105370073264,2.5011133004325092,2.9891354078339747,59.23245157258904,35.357187955596885,12,24,12,45,36,12,24,12,12,12,12,12,12,10000,0.732033161102198,1.464066322204396,0.732033161102198,2.7451243541332424,2.1960994833065937,0.732033161102198,1.464066322204396,0.732033161102198,0.732033161102198,0.732033161102198,0.732033161102198,0.732033161102198,0.732033161102198
22,2016,1,1,0,0,7,1,0,0,2,3.292222222222222,847206,887247,37,8,38,230.066,336,1.462.840,9244,BARRIOS UNIDOS,DOCE DE OCTUBRE,490,4,40,28,30,0,212,380,65061,31544,33517,90.94484462951893,75.27413350167284,0.6370392914979972,6.050598700494221,4.275256531915588,4.590522194476648,90.99153102473063,75.31393615222638,0.6148076420589909,6.148076420589908,4.303653494412935,4.611057315442431,120.4666497590667,63.25148432138915,12,24,12,48,36,11,22,12,12,12,12,12,12,10000,1.8444229261769725,3.688845852353945,1.8444229261769725,7.37769170470789,5.533268778530917,1.6907210156622245,3.381442031324449,1.8444229261769725,1.8444229261769725,1.8444229261769725,1.8444229261769725,1.8444229261769725,1.8444229261769725
105,2016,0,0,0,0,0,0,0,0,1,2.67,1601,2464,4,1,11,824.337,341,1.089.512,9178,ENGATIVA,JARDIN BOTANICO,64,0,3,12,11,0,35,55,2083,1162,921,411.83563727239186,294.35204230260337,0.6723122407081407,7.867370686249322,26.05260557915141,20.73583842944154,432.06913106096977,307.24915986557846,0,14.402304368698992,57.60921747479597,52.80844935189631,473.32185886402755,380.0217155266015,12,18,2,27,18,0,9,8,2,3,12,5,10,10000,57.60921747479597,86.41382621219395,9.601536245799327,129.62073931829093,86.41382621219395,0,43.20691310609698,38.40614498319731,9.601536245799327,14.402304368698992,57.60921747479597,24.00384061449832,48.00768122899664
104,2016,0,0,0,0,0,0,0,0,3,4,19494,20424,21,5,34,139.298,287,1.933.116,9603,TEUSAQUILLO,PARQUE SIMON BOLIVAR - CAN,247,1,8,13,6,0,103,172,2919,1456,1463,906.9907767248476,817.131987499446,2.907338504203554,14.141672245129657,24.03981059217722,11.080835361227336,942.1034600890716,846.1801986981843,3.4258307639602603,27.406646111682083,44.53579993148339,20.554984583761563,1181.3186813186812,704.0328092959671,12,24,9,44,33,5,21,12,12,11,12,12,11,10000,41.109969167523126,82.21993833504625,30.832476875642342,150.73655361425145,113.0524152106886,17.129153819801303,71.94244604316548,41.109969167523126,41.109969167523126,37.68413840356286,41.109969167523126,41.109969167523126,37.68413840356286
74,2016,0,0,0,0,0,0,0,0,1,2.0016666666666665,712512,784968,0,0,15,824.337,341,1.089.512,9178,ENGATIVA,ENGATIVA,266,17,32,14,60,0,123,266,132139,64142,67997,29.472408255689892,20.156938547995523,1.2910177308345454,2.481777047531099,1.115653299767624,4.532347526618343,29.438697129537836,20.130317317370345,1.2865240390800596,2.4216923088565827,1.059490385124755,4.540673079106093,41.47048735617848,18.08903333970616,12,24,12,43,36,2,24,12,12,12,12,12,12,10000,0.9081346158212186,1.8162692316424371,0.9081346158212186,3.254149040026033,2.7244038474636554,0.15135576930353642,1.8162692316424371,0.9081346158212186,0.9081346158212186,0.9081346158212186,0.9081346158212186,0.9081346158212186,0.9081346158212186
47,2016,0,0,0,0,1,1,0,0,0,3,865592,770256,9,4,28,979.914,372,999.300,8894,KENNEDY,KENNEDY CENTRAL,609,11,43,67,80,0,300,510,96506,45739,50767,83.91001506350523,63.09203827899431,1.147911692331635,4.456084101214554,6.845306022135935,8.127187513949782,83.93260522661804,63.10488467038319,1.1398255030775288,4.45568151203034,6.942573518744948,8.289640022382029,111.50221911279216,59.09350562373196,12,24,12,48,36,12,24,12,12,12,12,12,12,10000,1.2434460033573043,2.4868920067146085,1.2434460033573043,4.973784013429217,3.730338010071913,1.2434460033573043,2.4868920067146085,1.2434460033573043,1.2434460033573043,1.2434460033573043,1.2434460033573043,1.2434460033573043,1.2434460033573043
70,2016,0,0,0,0,0,0,0,0,1,1.1733333333333331,789975,888237,0,0,23,593.937,409,505.335,835,CIUDAD BOLIVAR,JERUSALEM,137,42,30,19,56,0,92,192,93356,45954,47402,30.46759998774578,14.719142229566524,4.460998161840864,3.2649787806882675,2.0842774583475108,5.926213366032382,30.42118342688204,14.675007498179014,4.498907408200865,3.213505291572047,2.0352200179956297,5.998543210934487,41.78091134612874,19.408463777899662,12,24,12,43,36,5,24,12,12,12,12,12,12,10000,1.2854021166288188,2.5708042332576375,1.2854021166288188,4.606024251253267,3.8562063498864565,0.5355842152620078,2.5708042332576375,1.2854021166288188,1.2854021166288188,1.2854021166288188,1.2854021166288188,1.2854021166288188,1.2854021166288188
66,2016,0,0,0,0,0,0,0,0,0,1.8425,597168,609704,4,3,26,593.937,409,505.335,835,CIUDAD BOLIVAR,SAN FRANCISCO,172,30,29,17,55,0,101,202,68718,33745,34973,44.13207445225335,25.07309532107271,4.316901107063323,4.233663991173016,2.5218455097538253,7.79517326216915,44.09325067667859,25.0298320672895,4.365668383829564,4.220146104368578,2.473878750836753,8.0037253703542,59.86072010668247,28.879421267835188,12,24,12,43,34,3,23,12,12,12,12,12,12,10000,1.7462673535318258,3.4925347070636517,1.7462673535318258,6.257458016822375,4.947757501673506,0.43656683838295646,3.347012427602666,1.7462673535318258,1.7462673535318258,1.7462673535318258,1.7462673535318258,1.7462673535318258,1.7462673535318258
65,2016,0,0,0,0,0,0,0,0,1,2.463333333333334,349194,364512,9,3,21,593.937,409,505.335,835,CIUDAD BOLIVAR,ARBORIZADORA,163,11,16,34,26,0,87,163,73832,35427,38405,33.91365901472684,22.121843915213105,1.4943213746850716,2.285268135723,4.56837923724477,3.560012027952641,33.86065662585329,22.077148120056343,1.4898688915375446,2.1670820240546105,4.605049301116048,3.5215082890887417,46.010105286928045,22.65330035151673,12,24,12,43,33,1,23,12,12,12,12,12,12,10000,1.6253115180409579,3.2506230360819157,1.6253115180409579,5.824032939646766,4.469606674612634,0.13544262650341315,3.1151804095785027,1.6253115180409579,1.6253115180409579,1.6253115180409579,1.6253115180409579,1.6253115180409579,1.6253115180409579
79,2016,0,0,0,0,0,0,0,0,0,2.1333333333333333,167274,204984,3,2,22,979.914,372,999.300,8894,KENNEDY,CALANDAIMA,252,5,22,71,85,0,124,311,108668,51659,57009,40.05930233012934,23.21914816054299,0.475367106402585,2.1112231891343254,6.457743189800186,7.693888169022255,40.030183678727866,23.189899510435456,0.4601170537784812,2.0245150366253175,6.5336621636544345,7.821989914234181,60.202481658568686,21.75095160413268,12,24,12,42,33,3,23,12,12,12,12,12,11,10000,1.104280929068355,2.20856185813671,1.104280929068355,3.8649832517392424,3.0367725549379765,0.27607023226708877,2.116538447381014,1.104280929068355,1.104280929068355,1.104280929068355,1.104280929068355,1.104280929068355,1.0122575183126588
59,2016,0,0,0,0,0,0,0,0,0,1,163808,216380,0,0,6,314.431,407,569.872,8291,USME,ALFONSO LOPEZ,100,26,35,9,20,0,64,123,47682,23661,24021,39.914054942936424,21.04398751421587,5.354148396653262,7.117730127000396,1.9893913688971336,4.199674881371991,39.847321840526824,20.972274652908855,5.452791409756302,7.340296128518099,1.8875047187617968,4.194454930581771,51.984277925700525,26.64335373215104,12,24,12,42,32,2,22,12,12,12,12,12,8,10000,2.516672958349062,5.033345916698124,2.516672958349062,8.80835535422172,6.711127888930833,0.4194454930581771,4.613900423639948,2.516672958349062,2.516672958349062,2.516672958349062,2.516672958349062,2.516672958349062,1.6777819722327083
45,2016,0,0,0,0,1,1,1,1,0,2.7914285714285714,737583,674359,9,4,35,979.914,372,999.300,8894,KENNEDY,CARVAJAL,452,19,38,93,59,0,204,457,92553,44769,47784,71.41144199001901,48.84054966639588,2.0486215403211077,4.120677513253525,9.851588082053944,6.2860045401662,71.41853856709129,48.836882651021575,2.052877810551792,4.105755621103584,10.048296651648243,6.374725832766091,102.0795639840068,42.692114515318934,12,24,12,42,36,4,24,12,12,12,12,12,12,10000,1.2965544066642898,2.5931088133285796,1.2965544066642898,4.537940423325014,3.889663219992869,0.43218480222142985,2.5931088133285796,1.2965544066642898,1.2965544066642898,1.2965544066642898,1.2965544066642898,1.2965544066642898,1.2965544066642898
20,2016,1,1,0,0,6,1,16,1,14,4.996666666666667,231126,219822,33,6,26,981.613,341,1.388.086,916,SUBA,LA ALHAMBRA,286,1,4,1,10,0,126,176,39891,17936,21955,75.67680291639508,71.64054604287482,0.2980222425230909,1.3184635189320115,0.4832306360007157,2.6687016972488995,75.70629966659146,71.69536988293099,0.2506831114787797,1.0027324459151188,0.2506831114787797,2.5068311147877966,98.12667261373774,57.39011614666364,12,21,12,39,32,6,12,12,12,12,12,12,12,10000,3.008197337745356,5.264345341054373,3.008197337745356,9.776641347672408,8.02185956732095,1.504098668872678,3.008197337745356,3.008197337745356,3.008197337745356,3.008197337745356,3.008197337745356,3.008197337745356,3.008197337745356
51,2016,0,0,0,0,0,0,0,0,0,1.68875,263745,660861,0,0,15,404.35,373,706.208,8368,SAN CRISTOBAL,LOS LIBERTADORES,91,20,35,8,15,0,75,94,72554,35258,37296,23.364651759618145,12.602403572966464,2.7387371386229424,4.805269186345855,1.2014449578799895,2.1835401004564385,23.292995561926286,12.542382225652618,2.756567522121454,4.823993163712545,1.1026270088485817,2.0674256415910905,26.660616030404448,20.10939510939511,12,24,12,38,35,3,22,12,12,12,12,12,12,10000,1.6539405132728726,3.3078810265457452,1.6539405132728726,5.2374782920307625,4.823993163712545,0.41348512831821815,3.0322242743336,1.6539405132728726,1.6539405132728726,1.6539405132728726,1.6539405132728726,1.6539405132728726,1.6539405132728726
115,2016,0,0,0,0,0,0,0,0,3,3.314,77135,83285,6,3,26,317.179,346,1.428.379,9003,FONTIBON,CAPELLANIA,209,1,8,4,10,0,84,148,17109,8069,9040,135.10900594265107,121.7058563972772,0.6667637075356853,4.636073406364597,2.5293258419273297,5.541410735705484,135.6011455958852,122.15792857560348,0.5844876965339879,4.675901572271903,2.3379507861359516,5.84487696533988,183.4180195811129,92.92035398230088,12,24,10,40,27,1,17,12,11,11,12,10,12,10000,7.013852358407856,14.027704716815713,5.84487696533988,23.37950786135952,15.781167806417674,0.5844876965339879,9.936290841077795,7.013852358407856,6.429364661873867,6.429364661873867,7.013852358407856,5.84487696533988,7.013852358407856
43,2016,0,0,0,0,1,1,0,0,1,3,844074,844239,17,8,31,250.715,355,1.116.511,9043,PUENTE ARANDA,SAN RAFAEL,314,4,19,53,27,0,160,257,71178,33844,37334,58.59822999012381,44.126860788217314,0.5832772122001795,2.764986426946451,7.295679979443276,3.818518808338344,58.58551799713395,44.11475455899295,0.5619713956559611,2.6693641293658152,7.446120992441484,3.7933069206777374,75.93665051412363,42.85637756468634,12,24,12,48,34,4,23,12,12,12,12,12,12,10000,1.6859141869678833,3.3718283739357666,1.6859141869678833,6.743656747871533,4.776756863075669,0.5619713956559611,3.231335525021777,1.6859141869678833,1.6859141869678833,1.6859141869678833,1.6859141869678833,1.6859141869678833,1.6859141869678833
25,2016,2,1,1,1,3,1,0,0,6,4.04,127070,126620,24,5,25,981.613,341,1.388.086,916,SUBA,LA FLORESTA,206,0,5,9,7,0,83,144,38573,17512,21061,58.87204631693755,53.40093010197952,0.05709970539314717,1.5941606086907647,2.425981908747206,2.0474533180145387,58.849454281492235,53.405231638711015,0,1.2962434863764811,2.3332382754776657,1.8147408809270733,82.22932846048424,39.4093347894212,12,24,11,42,33,3,16,12,12,11,12,12,12,10000,3.1109843673035544,6.221968734607109,2.8517356700282583,10.88844528556244,8.555207010084775,0.7777460918258886,4.147979156404739,3.1109843673035544,3.1109843673035544,2.8517356700282583,3.1109843673035544,3.1109843673035544,3.1109843673035544
56,2016,0,0,0,0,0,0,0,0,0,1.508,205135,253351,6,6,8,314.431,407,569.872,8291,USME,DANUBIO,124,10,23,24,14,0,71,124,46964,22896,24068,41.58458330597631,26.46322565828605,2.118950232299957,4.863481582449163,5.024177457535908,3.082747890650149,41.52116514777276,26.40320245294268,2.129290520398603,4.897368196916787,5.110297248956647,2.9810067285580444,54.15793151642208,29.49975070633206,12,24,11,38,34,0,18,12,11,12,12,12,9,10000,2.5551486244783237,5.110297248956647,2.3422195724384633,8.091303977514691,7.239587769355251,0,3.8327229367174858,2.5551486244783237,2.3422195724384633,2.5551486244783237,2.5551486244783237,2.5551486244783237,1.9163614683587429
26,2016,0,0,1,1,2,1,0,0,5,3.0646153846153847,1441973,1441167,19,5,69,824.337,341,1.089.512,9178,ENGATIVA,LAS FERIAS,647,7,31,48,45,0,300,478,99846,47464,52382,77.90549167061242,64.78549567641618,0.7145539526668034,3.1572276528051733,4.7742390900799005,4.497344041734909,77.91999679506439,64.79979167918594,0.701079662680528,3.104781363299481,4.807403401237906,4.506940688660537,100.70790493847969,57.27158184109045,12,24,12,48,36,3,24,12,12,12,12,12,12,10000,1.2018508503094765,2.403701700618953,1.2018508503094765,4.807403401237906,3.60555255092843,0.3004627125773691,2.403701700618953,1.2018508503094765,1.2018508503094765,1.2018508503094765,1.2018508503094765,1.2018508503094765,1.2018508503094765
102,2016,1,1,1,1,1,1,0,0,9,2.8186666666666667,764715,782955,131,15,94,94.944,353,1.059.511,8978,LOS MARTIRES,LA SABANA,1138,45,95,27,41,0,440,905,35646,16830,18816,376.54029315355206,318.42193293587064,12.24032655725798,24.411750201111612,7.2757238363477725,10.7623935009869,377.6019749761544,319.25040677775905,12.624137350614374,26.65095662907479,7.574482410368624,11.50199180833754,537.7302436125966,233.843537414966,12,24,12,48,36,12,23,12,12,12,12,12,12,10000,3.3664366268305,6.732873253661,3.3664366268305,13.465746507322,10.099309880491498,3.3664366268305,6.452336868091791,3.3664366268305,3.3664366268305,3.3664366268305,3.3664366268305,3.3664366268305,3.3664366268305
2,2016,0,0,0,0,0,0,0,0,0,5.058,10545,13800,3,2,95,981.613,341,1.388.086,916,SUBA,LA ACADEMIA,45,1,3,0,0,0,16,33,3173,1568,1605,151.15789698699228,138.78750456371222,2.7423829601265557,6.672146743584495,1.7512568809017155,2.390536591308806,154.42798613299718,141.82161991805862,3.1515915537346357,9.454774661203908,0,0,210.45918367346937,99.68847352024925,11,13,0,20,6,0,9,4,0,2,10,2,2,10000,34.667507091081,40.970690198550265,0,63.03183107469272,18.909549322407816,0,28.364323983611726,12.606366214938543,0,6.3031831074692715,31.51591553734636,6.3031831074692715,6.3031831074692715
116,2016,1,1,0,0,0,0,0,0,2,3.155,24638,27282,3,1,17,824.337,341,1.089.512,9178,ENGATIVA,ALAMOS,170,0,9,15,10,0,80,124,11669,5506,6163,173.69757138871893,144.80299943948071,0.17551800634369388,6.88358787295198,11.004527350468155,7.458546462992497,174.82217842145857,145.6851486845488,0,7.712743165652584,12.854571942754308,8.56971462850287,225.20886305848165,129.8069122180756,12,24,10,38,27,1,13,12,7,11,12,11,9,10000,10.283657554203446,20.56731510840689,8.56971462850287,32.56491558831091,23.138229496957752,0.856971462850287,11.140629017053731,10.283657554203446,5.9988002399520095,9.426686091353158,10.283657554203446,9.426686091353158,7.712743165652584
81,2016,0,0,0,0,0,0,1,1,0,2.0025,290204,283616,1,1,16,979.914,372,999.300,8894,KENNEDY,GRAN BRITALIA,204,17,18,24,48,0,87,224,64393,31453,32940,48.330659934672,31.71520166149112,2.6223057056768555,2.8930727609510396,3.723555456823153,7.265050958721665,48.29717515879055,31.68046216203625,2.6400385135030207,2.795334896650257,3.727113195533676,7.454226391067352,71.2173719518011,26.411657559198545,12,24,12,44,35,0,23,12,12,12,12,12,11,10000,1.863556597766838,3.727113195533676,1.863556597766838,6.833040858478406,5.435373410153277,0,3.571816812386439,1.863556597766838,1.863556597766838,1.863556597766838,1.863556597766838,1.863556597766838,1.7082602146196015
33,2016,0,0,0,0,0,0,0,0,0,2.8193333333333332,1647904,748256,42,13,30,404.35,373,706.208,8368,SAN CRISTOBAL,SOSIEGO,253,3,23,27,13,0,122,196,41623,20079,21544,76.60931921605295,60.76012386701475,0.751907699605025,5.432818502089831,6.299728077874652,3.224280780439729,76.64031905436899,60.78370131898229,0.7207553516084857,5.52579102899839,6.4867981644763715,3.123273190303438,97.61442302903532,56.62829558113628,12,24,12,43,35,11,21,12,11,12,12,12,12,10000,2.883021406433943,5.766042812867886,2.883021406433943,10.330826706388295,8.408812435432333,2.6427696225644475,5.0452874612594,2.883021406433943,2.6427696225644475,2.883021406433943,2.883021406433943,2.883021406433943,2.883021406433943
19,2016,1,1,2,1,5,1,0,0,8,3.51625,692512,712104,25,8,34,981.613,341,1.388.086,916,SUBA,EL PRADO,390,4,22,22,10,0,172,276,96516,44279,52237,46.44189957970579,40.42099060229089,0.43219239863867087,2.3664575528845493,2.3197102362813675,1.1661308607513694,46.41717435451117,40.407808031828914,0.4144390567367068,2.2794148120518876,2.2794148120518876,1.0360976418417671,62.33203098534294,32.92685261404752,12,24,12,44,36,2,19,12,12,12,12,12,12,10000,1.2433171702101204,2.486634340420241,1.2433171702101204,4.558829624103775,3.729951510630362,0.20721952836835342,1.9685855194993576,1.2433171702101204,1.2433171702101204,1.2433171702101204,1.2433171702101204,1.2433171702101204,1.2433171702101204
41,2016,0,0,0,0,1,1,0,0,1,3,523602,513468,24,8,22,250.715,355,1.116.511,9043,PUENTE ARANDA,MUZU,243,8,17,88,35,0,116,275,56465,26754,29711,69.23949170698882,43.052877017246445,1.424246792748484,3.1070131605610976,14.995217405945688,6.068710392228001,69.24643584521385,43.0355087222173,1.4168068715133266,3.0107146019658195,15.584875586646596,6.198530062870805,102.78836809449054,39.042778768806166,12,24,12,40,35,1,23,12,12,12,12,12,12,10000,2.1252103072699904,4.250420614539981,2.1252103072699904,7.084034357566634,6.198530062870805,0.17710085893916583,4.0733197556008145,2.1252103072699904,2.1252103072699904,2.1252103072699904,2.1252103072699904,2.1252103072699904,2.1252103072699904
37,2016,0,0,0,0,1,1,0,0,4,3,307027,315602,40,7,41,94.944,353,1.059.511,8978,LOS MARTIRES,SANTA ISABEL,245,7,16,21,22,0,103,208,37794,17193,20601,82.23590906371682,64.78733126722241,1.8486219499311565,4.255719469143262,5.418792608044458,5.669870277662952,82.28819389321056,64.82510451394401,1.852145843255543,4.2334762131555275,5.5564375297666295,5.82102979308885,120.97946838829756,49.99757293335275,12,24,12,43,31,6,21,12,11,12,12,12,12,10000,3.1751071598666454,6.350214319733291,3.1751071598666454,11.37746732285548,8.202360162988834,1.5875535799333227,5.5564375297666295,3.1751071598666454,2.910514896544425,3.1751071598666454,3.1751071598666454,3.1751071598666454,3.1751071598666454
107,2016,0,0,0,0,2,1,0,0,4,3.77,207448,216792,32,8,35,139.298,287,1.933.116,9603,TEUSAQUILLO,QUINTA PAREDES,324,0,9,11,8,0,144,208,25405,11256,14149,138.20909882233613,127.20551478986934,0.08525111827967684,3.668239010638792,4.259009158249218,3.3020600158647655,138.5554024798268,127.5339500098406,0,3.542609722495572,4.329856327494587,3.148986419996064,184.7903340440654,101.77397695950243,12,24,12,42,27,9,17,12,10,12,12,12,12,10000,4.723479629994095,9.44695925998819,4.723479629994095,16.532178704979334,10.627829167486714,3.542609722495572,6.691596142491636,4.723479629994095,3.93623302499508,4.723479629994095,4.723479629994095,4.723479629994095,4.723479629994095
73,2016,0,0,0,0,1,1,0,0,3,2.775714285714286,955689,1044302,4,2,40,824.337,341,1.089.512,9178,ENGATIVA,GARCES NAVAS,438,10,27,59,91,0,212,413,155570,73464,82106,40.195074360423064,28.17143183596239,0.6519698380927095,1.8040222607560197,3.789783527292019,5.809104992226439,40.174840907630006,28.154528508067106,0.64279745452208,1.7355531272096163,3.7925049816802727,5.849456836150929,56.21801154306871,25.82028110004141,12,24,12,48,36,9,24,12,12,12,12,12,12,10000,0.7713569454264961,1.5427138908529923,0.7713569454264961,3.0854277817059845,2.3140708362794884,0.5785177090698721,1.5427138908529923,0.7713569454264961,0.7713569454264961,0.7713569454264961,0.7713569454264961,0.7713569454264961,0.7713569454264961
31,2016,0,0,0,0,1,1,1,1,3,3.318333333333334,409362,391260,10,4,38,824.337,341,1.089.512,9178,ENGATIVA,SANTA CECILIA,404,1,15,43,26,0,174,315,65158,30469,34689,75.03149257216522,61.98598488668607,0.18472205830794203,2.4272931673731377,6.472082799106917,4.006163622122111,75.04834402529237,62.00313085116179,0.15347309616624205,2.3020964424936308,6.599343135148409,3.9903005003222938,103.38376710755196,50.159993081380264,12,24,12,46,33,2,23,12,11,12,12,12,12,10000,1.8416771539949046,3.6833543079898092,1.8416771539949046,7.059762423647134,5.064612173485988,0.3069461923324841,3.529881211823567,1.8416771539949046,1.6882040578286626,1.8416771539949046,1.8416771539949046,1.8416771539949046,1.8416771539949046
58,2016,0,0,0,0,0,0,1,1,0,1.5654545454545454,857659,954745,0,0,29,314.431,407,569.872,8291,USME,COMUNEROS,189,23,49,14,22,0,123,174,90985,44620,46365,32.687395993571926,20.81052131729157,2.5168502324362665,5.346756111035864,1.604519419634061,2.496620219190488,32.6427433093367,20.77265483321427,2.5278892125075565,5.385503104907403,1.5387151728306865,2.417980985876793,38.9959659345585,26.52863151083792,12,24,11,38,33,2,24,12,12,12,12,12,10,10000,1.31889871956916,2.63779743913832,1.2089904929383966,4.176512611969006,3.626971478815189,0.21981645326152663,2.63779743913832,1.31889871956916,1.31889871956916,1.31889871956916,1.31889871956916,1.31889871956916,1.0990822663076332
13,2016,4,1,1,1,5,1,0,0,2,4.381666666666667,1717632,1842552,20,5,88,430.156,312,1.867.529,936,USAQUEN,LOS CEDROS,656,2,31,10,2,0,293,408,120487,53278,67209,58.18847472003624,54.44337205046511,0.18291168459424084,2.6337399037922347,0.8968857744361098,0.2993291563809889,58.180550598819785,54.44570783570012,0.16599301169420766,2.572891681260219,0.8299650584710383,0.16599301169420766,76.57945118059988,43.59535181300124,12,24,12,48,36,9,19,12,12,12,12,12,12,10000,0.9959580701652461,1.9919161403304921,0.9959580701652461,3.9838322806609843,2.987874210495738,0.7469685526239345,1.576933611094973,0.9959580701652461,0.9959580701652461,0.9959580701652461,0.9959580701652461,0.9959580701652461,0.9959580701652461
87,2016,0,0,0,0,0,0,0,0,0,1.765,212992,339512,0,0,47,546.809,398,703.807,854,BOSA,TINTAL SUR,112,3,15,5,16,0,58,93,83527,39447,44080,18.14784139303792,13.45983670307439,0.38048646453150353,1.9178954239183377,0.7019864560237233,2.0241470035334075,18.077986758772617,13.408837860811474,0.3591652998431645,1.7958264992158226,0.5986088330719408,1.9155482658302103,23.57593733363754,13.157894736842104,12,24,11,40,35,2,20,12,12,12,12,12,11,10000,1.436661199372658,2.873322398745316,1.3169394327582697,4.788870664575526,4.1902618315035856,0.23944353322877632,2.394435332287763,1.436661199372658,1.436661199372658,1.436661199372658,1.436661199372658,1.436661199372658,1.3169394327582697
77,2016,0,0,0,0,0,0,0,0,1,2.045,283878,356976,0,0,13,317.179,346,1.428.379,9003,FONTIBON,ZONA FRANCA,215,5,9,10,23,0,74,188,53150,24869,28281,49.33271981313511,40.47537728340194,0.9600248796939198,1.8874485753005177,1.9737362963436844,4.32267396973034,49.294449670743184,40.451552210724365,0.940733772342427,1.6933207902163687,1.881467544684854,4.327375352775165,75.59612368812579,26.165977157809127,12,24,11,39,34,0,19,12,11,12,12,12,11,10000,2.257761053621825,4.51552210724365,2.0696142991533395,7.337723424270932,6.396989651928504,0,3.574788334901223,2.257761053621825,2.0696142991533395,2.257761053621825,2.257761053621825,2.257761053621825,2.0696142991533395
39,2016,1,1,0,0,3,1,0,0,0,3,1410480,1306815,45,15,69,378.78,372,591.317,8706,RAFAEL URIBE URIBE,QUIROGA,729,17,46,50,53,0,339,556,87575,42210,45365,102.14784081596255,83.20333198784274,1.9383368831340209,5.218256666069449,5.64249617791424,5.972698511052542,102.1981159006566,83.24293462746218,1.941193262917499,5.252640593776762,5.709391949757351,6.0519554667427915,131.72234067756457,74.72721260883941,12,24,12,47,36,11,24,12,12,12,12,12,12,10000,1.3702540679417643,2.7405081358835286,1.3702540679417643,5.36682843277191,4.110762203825293,1.2560662289466171,2.7405081358835286,1.3702540679417643,1.3702540679417643,1.3702540679417643,1.3702540679417643,1.3702540679417643,1.3702540679417643
108,2016,1,1,0,0,0,0,1,1,2,2.685714285714286,33520,33976,48,8,66,250.715,355,1.116.511,9043,PUENTE ARANDA,ZONA INDUSTRIAL,334,7,20,23,25,0,131,278,5650,2837,2813,710.0025184299843,580.7783395864217,10.393959776116924,22.573209073476715,28.04133528606648,27.54000536609443,723.8938053097345,591.1504424778761,12.389380530973453,35.39823008849557,40.70796460176991,44.24778761061947,979.9083538949596,465.6949875577675,12,24,12,47,34,5,18,12,11,12,12,12,12,10000,21.238938053097346,42.47787610619469,21.238938053097346,83.18584070796459,60.17699115044248,8.849557522123893,31.85840707964602,21.238938053097346,19.469026548672566,21.238938053097346,21.238938053097346,21.238938053097346,21.238938053097346
61,2016,0,0,0,0,0,0,4,1,0,1.2366666666666666,79500,134960,0,0,65,314.431,407,569.872,8291,USME,CIUDAD USME,44,11,15,3,5,0,31,47,19753,9635,10118,39.65038741192206,22.440372860025835,5.332113204598031,7.066838611087024,1.7937561159550934,2.825888178217245,39.48767275856832,22.27509745355136,5.56877436338784,7.5937832228016,1.51875664456032,2.5312610742671997,48.78048780487805,30.63846610001977,12,18,9,37,29,1,18,11,10,12,12,11,4,10000,6.07502657824128,9.11253986736192,4.55626993368096,18.73133194957728,14.68131423074976,0.50625221485344,9.11253986736192,5.56877436338784,5.062522148534399,6.07502657824128,6.07502657824128,5.56877436338784,2.02500885941376
1,2016,0,0,0,0,0,0,0,0,0,4,52488,63828,3,3,83,430.156,312,1.867.529,936,USAQUEN,PASEO DE LOS LIBERTADORES,70,0,4,1,1,0,32,44,2646,1320,1326,277.48588448388807,256.00323982397754,0.5764802948058814,8.705348882887225,3.7089268139849856,4.070824495663387,287.2260015117158,264.55026455026456,0,15.117157974300833,3.779289493575208,3.779289493575208,333.3333333333333,241.3273001508296,12,17,4,36,25,0,12,11,9,6,12,7,7,10000,45.35147392290249,64.24792139077854,15.117157974300833,136.05442176870747,94.4822373393802,0,45.35147392290249,41.57218442932729,34.01360544217687,22.675736961451246,45.35147392290249,26.455026455026452,26.455026455026452
46,2016,0,0,0,0,1,1,1,1,1,2.72,884656,1003288,18,6,40,979.914,372,999.300,8894,KENNEDY,CASTILLA,478,9,33,151,60,0,226,503,134471,64229,70242,54.37172270803702,35.56016491650444,0.67963265271772,2.512198165751408,11.067276600509976,4.456048310660316,54.36116337351548,35.54669780101286,0.6692892891404095,2.454060726848168,11.229186962244649,4.461928594269397,78.31353438477946,32.17448250334558,12,24,12,42,36,3,24,12,12,12,12,12,12,10000,0.8923857188538793,1.7847714377077586,0.8923857188538793,3.1233500159885774,2.677157156561638,0.22309642971346982,1.7847714377077586,0.8923857188538793,0.8923857188538793,0.8923857188538793,0.8923857188538793,0.8923857188538793,0.8923857188538793
85,2016,0,0,0,0,1,1,1,1,1,1.9988888888888892,2537808,2654832,17,6,39,546.809,398,703.807,854,BOSA,BOSA CENTRAL,688,52,115,31,105,0,376,615,236890,114433,122457,41.84620070701602,29.05370378614907,2.1926560222971947,4.8481153317803765,1.3372086964351528,4.429552601182874,41.83376250580438,29.043015745704757,2.1951116551986156,4.8545738528430915,1.30862425598379,4.432436996074127,53.743238401510055,30.70465551173065,15,27,12,52,38,12,24,13,12,13,14,12,12,10000,0.6332052851534468,1.1397695132762042,0.5065642281227574,2.1951116551986156,1.6041200557220652,0.5065642281227574,1.0131284562455147,0.5487779137996539,0.5065642281227574,0.5487779137996539,0.5909915994765503,0.5065642281227574,0.5065642281227574
60,2016,0,0,0,0,0,0,0,0,0,1.11,10544,15584,0,0,0,314.431,407,569.872,8291,USME,PARQUE ENTRENUBES,10,2,2,2,0,0,2,14,1205,619,586,126.64825375492124,80.36992275330522,8.879717345749608,7.273440113806643,7.4166439654495315,3.284922080480495,132.78008298755185,82.98755186721992,16.59751037344398,16.59751037344398,16.59751037344398,0,226.17124394184168,34.129692832764505,1,2,1,20,6,0,5,1,2,2,4,1,0,10000,8.29875518672199,16.59751037344398,8.29875518672199,165.97510373443984,49.792531120331944,0,41.49377593360996,8.29875518672199,16.59751037344398,16.59751037344398,33.19502074688796,8.29875518672199,0
30,2016,1,1,2,1,3,1,1,1,4,3.001818181818182,1427481,1341120,25,7,42,824.337,341,1.089.512,9178,ENGATIVA,BOYACA REAL,644,8,51,39,54,0,305,491,124272,59070,65202,64.05497431250815,51.8218830013855,0.6551977862223353,4.115191043590027,3.149973733113361,4.342644665731568,64.05304493369383,51.82181022273722,0.6437491953135059,4.1039011201236,3.1382773271533413,4.345307068366164,83.12171999322838,46.77770620533112,12,24,12,45,35,8,23,12,12,12,12,12,12,10000,0.9656237929702588,1.9312475859405176,0.9656237929702588,3.621089223638471,2.816402729496588,0.6437491953135059,1.8507789365263292,0.9656237929702588,0.9656237929702588,0.9656237929702588,0.9656237929702588,0.9656237929702588,0.9656237929702588
72,2016,0,0,0,0,0,0,0,0,2,3,331356,345116,4,2,21,824.337,341,1.089.512,9178,ENGATIVA,BOLIVIA,270,2,6,68,21,0,120,247,80606,36803,43803,45.561046754615546,33.5215347302673,0.2719694744084524,0.9203765609585728,8.267870176620907,2.6845745132303542,45.5301094211349,33.496265786666,0.24812048730863703,0.7443614619259111,8.43609656849366,2.6052651167406893,67.11409395973155,27.395383877816588,12,24,11,47,36,8,19,12,11,12,12,12,12,10000,1.4887229238518223,2.9774458477036445,1.364662680197504,5.830831451752971,4.466168771555467,0.9924819492345482,2.357144629432052,1.4887229238518223,1.364662680197504,1.4887229238518223,1.4887229238518223,1.4887229238518223,1.4887229238518223
57,2016,0,0,0,0,0,0,0,0,0,1.7740000000000002,1391324,1519562,3,3,23,314.431,407,569.872,8291,USME,GRAN YOMASA,296,38,61,25,52,0,163,309,124485,60831,63654,37.94370491447327,23.802977873727244,3.0390393756908103,4.886659413830986,2.0459669211708715,4.179855155891898,37.916214804996585,23.777965216692778,3.0525766156565046,4.90018877776439,2.0082740892477005,4.177210105635217,50.79646890565666,25.607188864800328,12,24,12,41,34,4,23,12,11,12,12,12,12,10000,0.9639715628388963,1.9279431256777926,0.9639715628388963,3.293569506366229,2.7312527613768722,0.3213238542796321,1.8476121621078845,0.9639715628388963,0.8836405992689882,0.9639715628388963,0.9639715628388963,0.9639715628388963,0.9639715628388963
23,2016,0,0,0,0,4,1,11,1,4,3.5728571428571425,209118,255647,7,5,41,981.613,341,1.388.086,916,SUBA,CASA BLANCA SUBA,138,1,12,14,5,0,55,115,49615,22988,26627,34.34165293086975,27.867848222024534,0.24110865871141712,2.5714163671570622,2.8677126295569386,1.2535669127133788,34.263831502569786,27.814169102086066,0.2015519500151164,2.4186234001813967,2.8217273002116294,1.007759750075582,50.026100574212634,20.655725391519887,12,24,8,36,30,1,14,12,9,12,12,12,10,10000,2.4186234001813967,4.837246800362793,1.612415600120931,7.25587020054419,6.046558500453491,0.2015519500151164,2.8217273002116294,2.4186234001813967,1.8139675501360475,2.4186234001813967,2.4186234001813967,2.4186234001813967,2.015519500151164
88,2016,0,0,0,0,0,0,0,0,15,5.9375,358776,369156,3,2,60,122.507,243,2.288.835,9661,CHAPINERO,EL REFUGIO,273,1,10,2,5,0,128,163,36121,15968,20153,80.51365821251258,75.50689649429683,0.32804365859539003,2.9377594551027544,0.7859298158709536,1.6746038730660522,80.56255363915727,75.57930289859085,0.27684726336480164,2.7684726336480163,0.5536945267296033,1.3842363168240082,102.07915831663328,63.51411700491242,12,22,12,45,28,2,15,12,11,9,12,12,12,10000,3.32216716037762,6.090639794025636,3.32216716037762,12.458126851416074,7.751723374214446,0.5536945267296033,4.152708950472024,3.32216716037762,3.045319897012818,2.4916253702832147,3.32216716037762,3.32216716037762,3.32216716037762
9,2016,0,0,1,1,3,1,1,1,0,2.7445454545454546,927663,1059410,9,4,60,430.156,312,1.867.529,936,USAQUEN,VERBENAL,218,13,190,19,11,0,267,184,115721,54943,60778,39.001505221605704,18.870043450984475,1.130333160881864,16.01926932447561,1.6914154371351315,1.0626415920758934,38.97304724293775,18.838413079734877,1.1233916056722637,16.41880039059462,1.641880039059462,0.9505621278765306,33.48925249804343,43.930369541610446,12,24,12,44,35,1,24,12,12,12,12,12,12,10000,1.036976866774397,2.073953733548794,1.036976866774397,3.8022485115061224,3.024515861425325,0.08641473889786642,2.073953733548794,1.036976866774397,1.036976866774397,1.036976866774397,1.036976866774397,1.036976866774397,1.036976866774397
109,2016,0,0,0,0,0,0,0,0,2,4.123333333333334,44058,53832,12,3,32,139.298,287,1.933.116,9603,TEUSAQUILLO,CIUDAD SALITRE ORIENTAL,235,1,7,7,17,0,121,146,20201,8910,11291,131.77497752117338,115.97940798019545,0.5708949426964324,3.630619973335033,3.48803594849304,7.720900099137869,132.17167466957082,116.33087470917282,0.4950249987624375,3.4651749913370624,3.4651749913370624,8.415424978961438,163.8608305274972,107.16499867150829,12,21,4,37,27,5,14,11,8,7,12,12,10,10000,5.94029998514925,10.395524974011188,1.98009999504975,18.31592495421019,13.365674966585813,2.4751249938121873,6.930349982674125,5.445274986386813,3.9601999900995,3.4651749913370624,5.94029998514925,5.94029998514925,4.950249987624375
49,2016,0,0,1,1,0,0,1,1,1,2.3333333333333335,124191,114375,10,3,11,546.809,398,703.807,854,BOSA,APOGEO,135,2,10,11,12,0,71,99,38553,18538,20015,44.16424070536407,35.06512566314548,0.5589254759706557,2.7698667793108225,2.90923541735361,3.221899591094725,44.09514175291157,35.016730215547426,0.5187663735636656,2.593831867818328,2.853215054600161,3.1125982413819933,53.4038191822203,35.47339495378466,12,24,11,37,30,1,20,12,11,12,12,11,9,10000,3.1125982413819933,6.2251964827639865,2.853215054600161,9.597177910927813,7.781495603454984,0.2593831867818328,5.187663735636656,3.1125982413819933,2.853215054600161,3.1125982413819933,3.1125982413819933,2.853215054600161,2.3344486810364953
14,2016,0,0,0,0,1,1,0,0,13,4.66,375100,457974,0,0,45,430.156,312,1.867.529,936,USAQUEN,USAQUEN,314,0,22,3,5,0,142,202,39260,18344,20916,87.55414624008374,79.90060519636836,0.05613264731757457,5.4984133997065365,0.964463424793312,1.5532471408167738,87.62098828323994,79.97962302598064,0,5.603667855323485,0.7641365257259297,1.273560876209883,110.11774967291755,67.89061005928475,12,24,12,47,34,10,15,12,10,12,12,12,12,10000,3.056546102903719,6.113092205807438,3.056546102903719,11.971472236372898,8.660213958227203,2.547121752419766,3.8206826286296485,3.056546102903719,2.547121752419766,3.056546102903719,3.056546102903719,3.056546102903719,3.056546102903719
32,2016,0,0,0,0,0,0,0,0,0,1.7457142857142858,1408200,1428675,0,0,47,404.35,373,706.208,8368,SAN CRISTOBAL,SAN BLAS,166,14,33,22,25,0,94,166,95716,46157,49559,27.213108665432134,17.3829357505556,1.4664741673841082,3.488556327095874,2.3385219615867525,2.678922367714571,27.163692590580467,17.342972961678296,1.4626603702620251,3.447699444189059,2.2984662961260396,2.611893518325045,35.96420911237732,18.96729151112815,12,24,12,46,34,5,21,12,12,12,12,12,12,10000,1.2537088887960217,2.5074177775920434,1.2537088887960217,4.805884073718083,3.552175184922061,0.5223787036650089,2.1939905553930377,1.2537088887960217,1.2537088887960217,1.2537088887960217,1.2537088887960217,1.2537088887960217,1.2537088887960217
92,2016,0,0,0,0,0,0,0,0,7,2.5425,132324,86100,26,6,25,96.241,318,896.890,8828,SANTA FE,LA MACARENA,191,4,5,2,3,0,86,119,12062,5861,6201,168.9155836788043,157.37959222797215,3.163082119171987,4.225102297392295,2.046883138387688,2.9334697968248187,169.95523130492455,158.3485325816614,3.31619963521804,4.14524954402255,1.65809981760902,2.4871497264135303,203.0370243985668,138.68730849862925,12,21,10,46,27,0,19,12,8,11,12,11,6,10000,9.948598905654121,17.41004808489471,8.2904990880451,38.136295805007464,22.384347537721773,0,15.751948267285691,9.948598905654121,6.63239927043608,9.11954899684961,9.948598905654121,9.11954899684961,4.9742994528270605
11,2016,0,0,0,0,4,1,1,1,5,2.3000000000000003,373404,436080,0,0,21,430.156,312,1.867.529,936,USAQUEN,SAN CRISTOBAL NORTE,252,10,26,5,7,0,139,159,68372,32535,35837,43.91701431713093,36.88153806707888,1.4678989046771422,3.8393891068729418,0.8511838903663965,1.2050608485918357,43.87761071783771,36.85719300298368,1.4625870239279235,3.8027262622126017,0.7312935119639618,1.0238109167495466,48.87044721069617,38.786728799843736,12,23,12,46,35,12,22,12,12,12,12,12,12,10000,1.7551044287135085,3.3639501550342246,1.7551044287135085,6.727900310068449,5.119054583747732,1.7551044287135085,3.217691452641432,1.7551044287135085,1.7551044287135085,1.7551044287135085,1.7551044287135085,1.7551044287135085,1.7551044287135085
36,2016,0,0,0,0,0,0,0,0,1,2.97,350595,343350,26,7,19,378.78,372,591.317,8706,RAFAEL URIBE URIBE,SAN JOSE,396,14,20,51,38,0,171,348,46509,21989,24520,111.47220415051136,85.06580288374046,2.9757117919441116,4.313358779092906,10.531296619558654,7.856936482998508,111.59130490872737,85.14481068180353,3.0101700746092153,4.300242963727451,10.965619557505,8.170461631082157,158.26094865614624,69.7389885807504,12,24,12,44,34,4,24,12,12,12,12,12,12,10000,2.5801457782364703,5.160291556472941,2.5801457782364703,9.46053452020039,7.310413038336667,0.8600485927454902,5.160291556472941,2.5801457782364703,2.5801457782364703,2.5801457782364703,2.5801457782364703,2.5801457782364703,2.5801457782364703
53,2016,0,0,1,1,0,0,0,0,1,2.442857142857143,479920,461139,21,6,14,378.78,372,591.317,8706,RAFAEL URIBE URIBE,MARCO FIDEL SUAREZ,198,17,27,5,21,0,101,167,48024,23187,24837,55.83129346879959,41.25395701085357,3.492495934556398,5.5332404792571115,1.191072496700831,4.364111434916634,55.80543061802432,41.22938530734633,3.5398967183075127,5.622188905547226,1.0411460936198569,4.372813593203398,72.02311640143184,40.6651366912268,12,24,12,39,33,4,21,12,12,12,12,12,11,10000,2.498750624687656,4.997501249375312,2.498750624687656,8.120939530234882,6.871564217891055,0.8329168748958855,4.372813593203398,2.498750624687656,2.498750624687656,2.498750624687656,2.498750624687656,2.498750624687656,2.290521405963685
50,2016,0,0,0,0,0,0,0,0,0,1.9327272727272728,215222,1432186,1,1,21,404.35,373,706.208,8368,SAN CRISTOBAL,LA GLORIA,190,30,65,18,36,0,131,208,93377,45263,48114,36.34318056772081,20.385024465966804,3.1925915771561715,6.858487962542499,1.979992205199334,3.872224926124807,36.304443278323355,20.347623076346423,3.212782591002067,6.961028947171145,1.92766955460124,3.85533910920248,45.95364867551864,27.22700253564451,12,24,12,42,35,9,23,12,12,12,12,12,12,10000,1.2851130364008267,2.5702260728016535,1.2851130364008267,4.497895627402894,3.7482463561690778,0.96383477730062,2.463133319768251,1.2851130364008267,1.2851130364008267,1.2851130364008267,1.2851130364008267,1.2851130364008267,1.2851130364008267
110,2016,1,1,0,0,1,1,0,0,2,4.074999999999999,71780,82212,7,2,29,317.179,346,1.428.379,9003,FONTIBON,CIUDAD SALITRE OCCIDENTAL,310,0,2,12,12,0,96,240,42204,19736,22468,79.57417186012802,73.39632432560119,0.05233436928628699,0.8196163911473463,2.8954637672923993,2.967611244942727,79.6133067955644,73.45275329352667,0,0.4738887309259786,2.843332385555871,2.843332385555871,121.60518848804216,42.72743457361581,12,24,6,36,27,4,16,10,7,11,12,10,12,10000,2.8433323855558714,5.686664771111743,1.4216661927779357,8.529997156667614,6.397497867500712,0.9477774618519572,3.791109847407829,2.369443654629893,1.658610558240925,2.6063880200928824,2.8433323855558714,2.369443654629893,2.8433323855558714
10,2016,0,0,1,1,1,1,6,1,1,2.87125,122265,153495,5,2,29,430.156,312,1.867.529,936,USAQUEN,LA URIBE,227,2,27,8,4,0,126,142,28276,12981,15295,94.65660495594044,80.16933030547794,0.7531150144785888,8.918557918261563,2.9059739917957805,1.7716394002721754,94.7800254632904,80.28009619465271,0.7073136228603764,9.54873390861508,2.8292544914415054,1.4146272457207527,109.3906478699638,82.37986270022884,12,23,9,47,35,12,24,12,12,12,12,12,12,10000,4.243881737162258,8.134106662894327,3.1829113028716933,16.621870137218846,12.377988400056585,4.243881737162258,8.487763474324517,4.243881737162258,4.243881737162258,4.243881737162258,4.243881737162258,4.243881737162258,4.243881737162258
42,2016,0,0,0,0,1,1,5,1,1,2.4250000000000003,2179040,2310720,35,13,66,182.532,363,829.895,8719,TUNJUELITO,VENECIA,755,16,76,94,80,0,340,681,130298,63494,66804,78.34731058188065,57.93896480689797,1.2330911711834238,5.792050883438107,7.135653313198385,6.083067376229405,78.3588389691323,57.94409737678245,1.2279543814947274,5.832783312099956,7.214231991281523,6.139771907473637,107.25422874602324,50.89515597868391,12,24,12,48,36,12,24,12,12,12,12,12,12,10000,0.9209657861210456,1.8419315722420913,0.9209657861210456,3.6838631444841825,2.7628973583631367,0.9209657861210456,1.8419315722420913,0.9209657861210456,0.9209657861210456,0.9209657861210456,0.9209657861210456,0.9209657861210456,0.9209657861210456
103,2016,0,0,0,0,0,0,0,0,2,3,10953,12423,5,2,15,230.066,336,1.462.840,9244,BARRIOS UNIDOS,PARQUE SALITRE,60,2,0,2,2,0,28,38,1476,779,697,418.084076749888,381.742504698221,8.014025342302059,3.262468693859809,6.9608351742443375,6.739879160669168,447.1544715447155,406.5040650406504,13.550135501355014,0,13.550135501355014,13.550135501355014,487.8048780487805,401.72166427546625,12,21,3,33,19,0,8,7,4,5,12,6,8,10000,81.30081300813009,142.27642276422765,20.325203252032523,223.57723577235774,128.72628726287263,0,54.200542005420054,47.42547425474255,27.100271002710027,33.87533875338754,81.30081300813009,40.650406504065046,54.200542005420054
21,2016,0,0,0,0,5,1,0,0,13,3.762,225860,233125,52,5,22,230.066,336,1.462.840,9244,BARRIOS UNIDOS,LOS ANDES,339,1,9,8,11,0,151,217,27482,12497,14985,133.606111256414,123.06654265399897,0.42649409380550624,3.426243307795548,2.981834646602962,4.035849928083765,133.90582927006767,123.35346772432864,0.3638745360599665,3.2748708245396987,2.910996288479732,4.002619896659632,173.6416740017604,100.76743410076745,12,24,12,44,36,4,18,12,11,12,12,12,11,10000,4.366494432719598,8.732988865439197,4.366494432719598,16.010479586638528,13.099483298158795,1.455498144239866,6.549741649079397,4.366494432719598,4.002619896659632,4.366494432719598,4.366494432719598,4.366494432719598,4.002619896659632
55,2016,0,0,0,0,0,0,0,0,0,1.5539999999999998,379860,395955,0,0,7,378.78,372,591.317,8706,RAFAEL URIBE URIBE,DIANA TURBAY,199,21,40,11,31,0,101,201,71340,34519,36821,42.37289450690105,27.93182227140681,2.92216417429169,5.54634032063277,1.6249948654684017,4.340852340824227,42.33249229044014,27.894589290720493,2.943650126156434,5.60695262125035,1.5419119708438465,4.345388281469022,58.2288015295924,27.42999918524755,12,24,12,40,35,0,23,12,12,12,12,12,11,10000,1.682085786375105,3.36417157275021,1.682085786375105,5.60695262125035,4.906083543594057,0,3.2239977572189513,1.682085786375105,1.682085786375105,1.682085786375105,1.682085786375105,1.682085786375105,1.5419119708438465
113,2016,0,0,0,0,1,1,0,0,1,3.2925,104270,104965,8,3,26,979.914,372,999.300,8894,KENNEDY,BAVARIA,211,3,7,35,6,0,75,187,34992,16455,18537,74.84353283061854,60.27299418423363,0.8892764158381159,2.2534634085508474,9.510584740975853,1.9791238332575376,74.87425697302241,60.299497027892095,0.8573388203017832,2.0004572473708273,10.002286236854138,1.7146776406035664,113.64326952294137,40.45962129794465,12,24,12,37,31,3,15,12,10,12,12,12,12,10000,3.429355281207133,6.858710562414266,3.429355281207133,10.57384545038866,8.859167809785093,0.8573388203017832,4.286694101508916,3.429355281207133,2.857796067672611,3.429355281207133,3.429355281207133,3.429355281207133,3.429355281207133
90,2016,0,0,0,0,3,1,0,0,19,3.05,275954,520674,22,10,60,122.507,243,2.288.835,9661,CHAPINERO,PARDO RUBIO,477,28,30,10,15,0,222,338,45110,21916,23194,123.98438942697706,105.60959998078236,6.081753319605333,6.472401920651938,2.3040374637044083,3.402393489551252,124.14098869430282,105.7415207271115,6.207049434715141,6.650410108623365,2.216803369541122,3.3252050543116827,154.22522358094542,95.71440889885316,12,23,12,47,35,9,21,12,12,12,12,12,12,10000,2.660164043449346,5.09864774994458,2.660164043449346,10.418975836843272,7.758811793393926,1.9951230325870095,4.655287076036355,2.660164043449346,2.660164043449346,2.660164043449346,2.660164043449346,2.660164043449346,2.660164043449346
67,2016,0,0,0,0,0,0,0,0,0,1.256470588235294,2609568,2765373,2,1,30,593.937,409,505.335,835,CIUDAD BOLIVAR,LUCERO,262,79,84,15,59,0,179,320,153184,76233,76951,32.60179364262588,17.128768288598373,5.128412924600425,5.457689300277247,1.0293149994954014,3.862137384644494,32.57520367662419,17.103613954459995,5.157196574054732,5.483601420513892,0.9792145393774808,3.8515771882180903,41.9765718258497,23.261556055151978,12,24,12,47,36,12,24,12,12,12,12,12,12,10000,0.7833716315019845,1.566743263003969,0.7833716315019845,3.0682055567161064,2.350114894505954,0.7833716315019845,1.566743263003969,0.7833716315019845,0.7833716315019845,0.7833716315019845,0.7833716315019845,0.7833716315019845,0.7833716315019845
83,2016,0,0,0,0,0,0,0,0,0,2,24432,29572,1,1,11,979.914,372,999.300,8894,KENNEDY,LAS MARGARITAS,119,0,3,36,5,0,38,125,25502,12155,13347,63.92657113312717,46.68567820009203,0.08494262626287974,1.6225391467037775,13.036293159298724,2.276239548228948,63.916555564269466,46.66300682299428,0,1.1763783232687632,14.116539879225158,1.960630538781272,102.83833813245576,28.470817412152545,12,23,8,36,30,1,15,11,9,12,12,11,7,10000,4.705513293075053,9.018900478393851,3.137008862050035,14.116539879225158,11.763783232687631,0.3921261077562544,5.8818916163438155,4.313387185318798,3.5291349698062895,4.705513293075053,4.705513293075053,4.313387185318798,2.744882754293781
101,2016,1,1,0,0,3,1,0,0,13,3.8711111111111105,267970,273160,65,10,59,139.298,287,1.933.116,9603,TEUSAQUILLO,TEUSAQUILLO,704,2,26,20,28,0,327,453,25484,11742,13742,304.9318257451073,275.28051089994386,0.8316097547314572,9.423907561982231,7.414226485997619,10.06391106642797,306.074399623293,276.251765813844,0.7848061528802386,10.2024799874431,7.848061528802386,10.98728614032334,385.7945835462442,237.95662931159947,12,24,12,45,34,9,23,12,12,12,12,12,12,10000,4.708836917281431,9.417673834562862,4.708836917281431,17.65813843980537,13.341704598964057,3.5316276879610737,9.025270758122744,4.708836917281431,4.708836917281431,4.708836917281431,4.708836917281431,4.708836917281431,4.708836917281431
54,2016,0,0,0,0,0,0,0,0,1,1.83,984621,1061115,21,8,28,378.78,372,591.317,8706,RAFAEL URIBE URIBE,MARRUECOS,284,31,35,30,39,0,150,269,107562,55424,52138,38.98491296134939,26.429618765486577,2.8684592122996535,3.2974060826805185,2.8118249138544504,3.648894398296435,38.95427753295774,26.403376657183763,2.8820587196221714,3.2539372640895485,2.7890890835053272,3.625815808556925,48.53493071593534,28.769803214546013,12,24,12,47,36,6,24,12,12,12,12,12,12,10000,1.115635633402131,2.231271266804262,1.115635633402131,4.369572897491679,3.3469069002063927,0.5578178167010654,2.231271266804262,1.115635633402131,1.115635633402131,1.115635633402131,1.115635633402131,1.115635633402131,1.115635633402131
78,2016,0,0,0,0,0,0,0,0,1,1.956,79812,176088,0,0,25,979.914,372,999.300,8894,KENNEDY,TINTAL NORTE,85,1,7,9,15,0,36,81,25050,11924,13126,46.800108691471195,34.011279915259486,0.4658522047207285,3.024636660434742,3.5983333897314473,5.747410817979058,46.706586826347305,33.93213572854291,0.3992015968063872,2.7944111776447103,3.592814371257485,5.9880239520958085,67.93022475679302,27.426481791863473,12,24,9,39,30,1,21,12,11,12,12,12,10,10000,4.790419161676646,9.580838323353293,3.592814371257485,15.568862275449101,11.976047904191617,0.3992015968063872,8.383233532934131,4.790419161676646,4.39121756487026,4.790419161676646,4.790419161676646,4.790419161676646,3.992015968063872
100,2016,1,1,1,1,2,1,1,1,7,3.59625,300195,309096,38,9,56,139.298,287,1.933.116,9603,TEUSAQUILLO,GALERIAS,635,4,44,14,18,0,248,466,33457,15238,18219,213.17111756691932,189.34068112789456,1.2162268063956971,12.223338469660922,4.141024075927842,5.259075789354118,213.70714648653495,189.7958573691604,1.195564455868727,13.151209014555995,4.184475595540545,5.380040051409272,305.8144113400709,136.12163126406497,12,24,12,47,33,6,23,12,12,12,12,12,12,10000,3.586693367606181,7.173386735212362,3.586693367606181,14.047882356457544,9.863406760916998,1.7933466838030905,6.874495621245181,3.586693367606181,3.586693367606181,3.586693367606181,3.586693367606181,3.586693367606181,3.586693367606181
34,2016,0,0,0,0,1,1,1,1,0,2.346363636363636,864012,1108236,26,12,30,404.35,373,706.208,8368,SAN CRISTOBAL,20 DE JULIO,453,9,43,40,43,0,202,386,78777,38113,40664,74.62776188634436,57.49622725266643,1.1522988442170068,5.410458432546445,5.026207092001582,5.399826564139907,74.64107544080125,57.50409383449484,1.1424654404204273,5.4584459931198195,5.077624179646344,5.4584459931198195,101.27777923543148,49.67538855006886,12,24,12,43,36,1,23,12,12,12,12,12,12,10000,1.523287253893903,3.046574507787806,1.523287253893903,5.4584459931198195,4.569861761681709,0.1269406044911586,2.9196339032966474,1.523287253893903,1.523287253893903,1.523287253893903,1.523287253893903,1.523287253893903,1.523287253893903
106,2016,0,0,0,0,1,1,0,0,1,4.164,167560,168920,17,5,30,139.298,287,1.933.116,9603,TEUSAQUILLO,LA ESMERALDA,210,1,12,17,6,0,88,158,35167,15426,19741,69.93837183954875,59.69053806102207,0.336624608792811,3.5199230932390098,4.742560020565255,1.9702934421204807,69.95194358347314,59.71507379076976,0.28435749424176077,3.4122899309011285,4.834077402109933,1.7061449654505645,102.42447815376636,44.57727572058153,12,24,12,38,29,1,19,12,8,11,12,10,11,10000,3.4122899309011285,6.824579861802257,3.4122899309011285,10.805584781186909,8.246367333011062,0.28435749424176077,5.402792390593454,3.4122899309011285,2.274859953934086,3.127932436659368,3.4122899309011285,2.8435749424176073,3.127932436659368
91,2016,2,1,0,0,0,0,1,1,10,3.3285714285714287,96894,41153,42,7,37,96.241,318,896.890,8828,SANTA FE,SAGRADO CORAZON,436,2,12,2,8,0,197,262,9270,4618,4652,490.6417533840257,465.3919201006365,2.106817356169167,10.388304597064492,2.5151812069213366,7.300428047826264,496.22437971952536,470.3344120819849,2.157497303128371,12.944983818770227,2.157497303128371,8.629989212513484,567.3451710697271,423.4737747205503,12,24,12,42,27,2,20,12,11,11,12,12,11,10000,12.944983818770227,25.889967637540455,12.944983818770227,45.30744336569579,29.12621359223301,2.157497303128371,21.574973031283708,12.944983818770227,11.866235167206042,11.866235167206042,12.944983818770227,12.944983818770227,11.866235167206042
95,2016,0,0,0,0,0,0,0,0,6,2,260205,69723,19,3,15,96.241,318,896.890,8828,SANTA FE,LAS CRUCES,228,20,23,1,6,0,106,172,20218,10201,10017,137.07293632332843,112.43903031306203,9.398724232779369,10.23425021618344,0.8938552952392873,3.1837309933176976,137.50123652191115,112.77079829854586,9.892175289346127,11.376001582748046,0.4946087644673064,2.967652586803838,168.6109204979904,105.8201058201058,23,36,14,71,47,14,26,20,14,14,23,14,13,10000,11.376001582748046,17.805915520823028,6.924522702542289,35.11722227717875,23.246611929963397,6.924522702542289,12.859827876149966,9.892175289346127,6.924522702542289,6.924522702542289,11.376001582748046,6.924522702542289,6.429913938074983
40,2016,0,0,0,0,1,1,0,0,2,3,1219392,1267944,21,8,62,250.715,355,1.116.511,9043,PUENTE ARANDA,CIUDAD MONTES,383,5,34,105,38,0,204,361,97517,46038,51479,57.948706129628675,39.28953619004135,0.5290078533913859,3.525171336857747,10.559366372285687,3.9113004988470457,57.93861583108587,39.27520329788653,0.5127311135494323,3.4865715721361403,10.76735338453808,3.896756462975686,78.41348451279379,39.62780939800695,12,24,12,42,36,5,24,12,12,12,12,12,12,10000,1.2305546725186378,2.4611093450372756,1.2305546725186378,4.306941353815232,3.6916640175559134,0.5127311135494323,2.4611093450372756,1.2305546725186378,1.2305546725186378,1.2305546725186378,1.2305546725186378,1.2305546725186378,1.2305546725186378
64,2016,0,0,0,0,0,0,0,0,0,1,5590,25895,0,0,7,593.937,409,505.335,835,CIUDAD BOLIVAR,MONTE BLANCO,13,5,2,1,0,0,8,13,4952,2508,2444,42.97435195104463,26.813433909924065,8.35663006144437,4.229623009990886,2.624311543369086,1.9183807788532588,42.407108239095315,26.252019386106625,10.096930533117932,4.0387722132471735,2.0193861066235868,0,51.8341307814992,32.733224222585925,12,20,8,36,29,0,19,10,12,12,12,9,4,10000,24.232633279483036,40.38772213247173,16.155088852988694,72.69789983844912,58.562197092084006,0,38.368336025848144,20.193861066235865,24.232633279483036,24.232633279483036,24.232633279483036,18.17447495961228,8.077544426494347
48,2016,0,0,0,0,0,0,0,0,1,2.7455555555555557,1310472,1325682,5,3,18,979.914,372,999.300,8894,KENNEDY,TIMIZA,344,10,24,64,54,0,158,338,141933,68053,73880,34.97272795777022,24.25837007974489,0.7140412894834758,1.7670293690897367,4.491679718773874,3.817290637973595,34.94606610161132,24.236787780149783,0.7045577843066799,1.6909386823360315,4.509169819562751,3.804612035256071,49.6671711754074,21.386031402273957,12,24,12,43,35,12,23,12,12,12,12,12,12,10000,0.8454693411680159,1.6909386823360317,0.8454693411680159,3.0295984725187233,2.4659522450733795,0.8454693411680159,1.6204829039053639,0.8454693411680159,0.8454693411680159,0.8454693411680159,0.8454693411680159,0.8454693411680159,0.8454693411680159
98,2016,0,0,1,1,3,1,0,0,17,3.0542105263157895,1522242,1559634,99,19,81,230.066,336,1.462.840,9244,BARRIOS UNIDOS,LOS ALCAZARES,793,4,30,23,48,0,306,592,41720,20398,21322,214.8098360472727,189.7106943647076,0.982642259117915,6.952292609071645,5.390257814045137,10.863523148719826,215.2444870565676,190.07670182166828,0.9587727708533076,7.1907957813998085,5.512943432406519,11.505273250239693,290.2245318168448,143.51374167526498,12,24,12,47,34,11,22,12,12,12,12,12,12,10000,2.876318312559923,5.752636625119846,2.876318312559923,11.265580057526366,8.149568552253116,2.6366251198465966,5.273250239693193,2.876318312559923,2.876318312559923,2.876318312559923,2.876318312559923,2.876318312559923,2.876318312559923
28,2016,0,0,4,1,5,1,3,1,6,2.287857142857143,3797108,4228084,17,6,49,981.613,341,1.388.086,916,SUBA,EL RINCON,839,32,102,25,83,0,461,620,262149,125581,136568,41.24760895325457,32.01310693905273,1.2232818066715054,3.899560633663106,0.9834451033637932,3.1828173224725216,41.23609092538976,32.004699617393165,1.2206798423797154,3.8909169975853426,0.9536561268591526,3.1661383411723865,49.37052579609973,33.75607755843243,12,24,12,46,36,4,24,12,12,12,12,12,12,10000,0.45775494089239327,0.9155098817847865,0.45775494089239327,1.7547272734208408,1.3732648226771798,0.15258498029746442,0.9155098817847865,0.45775494089239327,0.45775494089239327,0.45775494089239327,0.45775494089239327,0.45775494089239327,0.45775494089239327
17,2016,0,0,0,0,2,1,0,0,2,4.285,226840,238870,6,2,32,981.613,341,1.388.086,916,SUBA,SAN JOSE DE BAVARIA,217,3,8,16,0,0,104,140,47566,22136,25430,51.33477809993634,45.635423196601856,0.660468969602583,1.8979107892841112,3.380112135299021,0.3347290348103498,51.297145019551785,45.62082159525711,0.630702602699407,1.6818736071984193,3.3637472143968385,0,63.24539212143115,40.89657884388517,12,22,11,43,33,1,20,12,11,12,12,12,12,10000,2.522810410797628,4.625152419795652,2.312576209897826,9.040070638691503,6.937728629693479,0.2102342008998024,4.204684017996048,2.522810410797628,2.312576209897826,2.522810410797628,2.522810410797628,2.522810410797628,2.522810410797628
24,2016,2,1,1,1,7,1,0,0,5,4.819999999999999,859833,845949,36,12,69,981.613,341,1.388.086,916,SUBA,NIZA,375,1,47,14,13,0,203,246,75953,34712,41241,59.25802011269522,49.3763251781709,0.15891104843394882,6.101838669458461,1.910264019708961,1.8408017332320752,59.24716601055916,49.37263834213263,0.1316603689123537,6.188037338880624,1.8432451647729515,1.711584795860598,70.86886379350081,49.222860745374746,12,24,12,44,34,0,15,12,11,12,12,12,12,10000,1.5799244269482442,3.1598488538964884,1.5799244269482442,5.793056232143562,4.4764525430200255,0,1.9749055336853054,1.5799244269482442,1.4482640580358905,1.5799244269482442,1.5799244269482442,1.5799244269482442,1.5799244269482442
44,2016,0,0,1,1,1,1,0,0,0,3.22875,673424,676672,20,7,33,979.914,372,999.300,8894,KENNEDY,AMERICAS,539,13,26,76,32,0,230,454,80178,38089,42089,85.52997679130743,67.20427781060597,1.6233936779256035,3.300924365462153,9.273009064667956,4.004114812794438,85.55962982364238,67.22542343286189,1.6213924019057595,3.2427848038115195,9.47890942652598,3.991119758537254,119.19451810233926,54.64610705885148,12,24,12,46,36,12,24,12,12,12,12,12,12,10000,1.4966699094514706,2.993339818902941,1.4966699094514706,5.737234652897303,4.490009728354411,1.4966699094514706,2.993339818902941,1.4966699094514706,1.4966699094514706,1.4966699094514706,1.4966699094514706,1.4966699094514706,1.4966699094514706
62,2016,0,0,1,1,1,1,0,0,1,2.024,338366,403893,26,7,26,182.532,363,829.895,8719,TUNJUELITO,TUNJUELITO,204,18,35,10,21,0,112,176,39950,19871,20079,72.07165772248018,51.066152282099985,4.418433974034002,8.369882503773697,2.5812727673691493,5.164832687787791,72.090112640801,51.06382978723404,4.505632040050062,8.760951188986233,2.5031289111389237,5.256570713391739,88.57128478687535,55.779670302305895,12,24,12,44,34,2,21,12,9,12,12,12,12,10000,3.0037546933667083,6.007509386733417,3.0037546933667083,11.013767209011263,8.51063829787234,0.5006257822277848,5.256570713391739,3.0037546933667083,2.252816020025031,3.0037546933667083,3.0037546933667083,3.0037546933667083,3.0037546933667083
69,2016,1,1,1,1,1,1,1,1,0,1.3691666666666666,1779216,1964304,13,6,22,593.937,409,505.335,835,CIUDAD BOLIVAR,ISMAEL PERDOMO,230,35,92,36,69,0,177,285,153409,75406,78003,30.144076906654306,15.01924260721992,2.2769743333718857,5.95811267962954,2.371038077970579,4.49168409265546,30.115573401821276,14.992601477097171,2.281482833471309,5.997040590838869,2.346668057284775,4.497780443129152,37.79540089648039,22.691434944809817,12,24,12,45,36,2,23,12,12,12,12,12,12,10000,0.7822226857615915,1.564445371523183,0.7822226857615915,2.9333350716059683,2.346668057284775,0.13037044762693192,1.4992601477097172,0.7822226857615915,0.7822226857615915,0.7822226857615915,0.7822226857615915,0.7822226857615915,0.7822226857615915
93,2016,2,1,2,1,2,1,0,0,7,2.932857142857143,332178,96411,80,7,52,96.241,318,896.890,8828,SANTA FE,LAS NIEVES,1091,17,25,3,4,0,419,721,15774,8206,7568,717.6733446864502,687.1819125893686,10.087804095837791,13.5454270367471,2.175278899008623,2.8886347342974377,722.7082540890073,691.6444782553568,10.777228350450107,15.84886522125016,1.9018638265500192,2.5358184354000257,878.6253960516694,553.646934460888,12,24,12,48,35,4,23,12,12,12,12,12,12,10000,7.607455306200077,15.214910612400153,7.607455306200077,30.429821224800307,22.188411309750222,2.5358184354000257,14.580956003550146,7.607455306200077,7.607455306200077,7.607455306200077,7.607455306200077,7.607455306200077,7.607455306200077
18,2016,0,0,1,1,2,1,1,1,6,3.272,300834,346380,10,3,25,981.613,341,1.388.086,916,SUBA,BRITALIA,224,3,21,16,3,0,112,155,78362,36404,41958,34.12225121845215,28.61820965725312,0.40515469023382505,2.7666417365619207,2.0996738268940134,0.5736561457495387,34.07263724764554,28.585283683417984,0.3828386207600623,2.679870345320436,2.041805977386999,0.3828386207600623,42.577738710031866,26.69336002669336,12,24,12,38,35,1,20,12,12,12,12,12,12,10000,1.5313544830402492,3.0627089660804985,1.5313544830402492,4.849289196294122,4.46645057553406,0.12761287358668744,2.5522574717337485,1.5313544830402492,1.5313544830402492,1.5313544830402492,1.5313544830402492,1.5313544830402492,1.5313544830402492
15,2017,0,0,0,0,0,0,2,1,6,5.395,175550,49356,6,2,21,430.156,312,1.867.529,936,USAQUEN,COUNTRY CLUB,371,0,2,5,0,0,160,218,24508,10957,13551,154.1792330353245,151.30283431755194,0.12114439853594544,0.9883563000397064,2.224249811128596,0.8125421608263695,154.23535172188673,151.37914150481475,0,0.8160600620205648,2.040150155051412,0,198.95956922515285,118.0724669766069,12,17,6,31,28,3,14,12,8,10,12,8,11,10000,4.896360372123388,6.9365105271748,2.448180186061694,12.648930961318753,11.424840868287905,1.224090093030847,5.712420434143953,4.896360372123388,3.264240248082259,4.080300310102824,4.896360372123388,3.264240248082259,4.488330341113106
86,2017,0,0,0,0,0,0,0,0,0,1.568,321440,368145,0,0,33,546.809,398,703.807,854,BOSA,EL PORVENIR,324,16,44,30,55,0,176,293,126779,60921,65858,37.02068424740886,25.581296409905413,1.2668824101400673,3.4842775510420987,2.3993271815420245,4.351076428550609,36.99350838861326,25.556282980619816,1.2620386657096208,3.470606330701457,2.366322498205539,4.338257913376821,48.095073948228034,26.724164110662336,12,24,12,40,35,2,24,12,12,12,12,12,12,10000,0.9465289992822156,1.8930579985644311,0.9465289992822156,3.1550966642740517,2.7607095812397953,0.1577548332137026,1.8930579985644311,0.9465289992822156,0.9465289992822156,0.9465289992822156,0.9465289992822156,0.9465289992822156,0.9465289992822156
71,2017,0,0,0,0,2,1,0,0,2,2.105,2325960,2670912,0,0,22,981.613,341,1.388.086,916,SUBA,TIBABUYES,959,32,82,54,87,0,498,716,270336,130701,139635,44.91862110242434,35.48463417053675,1.186594118662652,3.0413079946959254,2.0156481575750327,3.245368329939136,44.90707859848485,35.47437263257576,1.183712121212121,3.033262310606061,1.9975142045454544,3.2182173295454546,54.781524242354685,35.66441078526157,12,24,12,46,36,2,24,12,12,12,12,12,12,10000,0.44389204545454547,0.8877840909090909,0.44389204545454547,1.7015861742424243,1.3316761363636362,0.07398200757575758,0.8877840909090909,0.44389204545454547,0.44389204545454547,0.44389204545454547,0.44389204545454547,0.44389204545454547,0.44389204545454547
29,2017,1,1,1,1,1,1,1,1,3,2.713333333333334,1291554,1329381,30,9,32,824.337,341,1.089.512,9178,ENGATIVA,MINUTO DE DIOS,981,7,23,56,60,0,412,715,110868,52265,58603,101.65950189095798,88.4894525049941,0.6483866057068782,2.102602157504907,5.044153126188971,5.378598368109386,101.65241548508136,88.48360212144172,0.6313814626402569,2.074539091532273,5.051051701122055,5.411841108345058,136.80283172295034,70.30356807671961,12,24,12,44,34,6,24,12,12,12,12,12,12,10000,1.0823682216690118,2.1647364433380236,1.0823682216690118,3.9686834794530435,3.0667099613955333,0.5411841108345059,2.1647364433380236,1.0823682216690118,1.0823682216690118,1.0823682216690118,1.0823682216690118,1.0823682216690118,1.0823682216690118
80,2017,0,0,0,0,1,1,0,0,0,2.0025,247816,277108,11,4,19,979.914,372,999.300,8894,KENNEDY,CORABASTOS,730,31,42,33,42,0,288,590,57272,28666,28606,153.28016547130272,127.44598582883096,5.279485254195382,7.297285909145477,5.726334619236925,7.11259281817213,153.30353401313033,127.46193602458445,5.412767146249476,7.333426456208968,5.761977929878475,7.333426456208968,205.81873997069695,100.67817940292248,12,24,12,44,33,0,23,12,12,12,12,12,12,10000,2.0952647017739907,4.190529403547981,2.0952647017739907,7.682637239837967,5.761977929878475,0,4.015924011733482,2.0952647017739907,2.0952647017739907,2.0952647017739907,2.0952647017739907,2.0952647017739907,2.0952647017739907
99,2017,6,1,1,1,1,1,0,0,13,3.692,79566,121692,22,6,62,122.507,243,2.288.835,9661,CHAPINERO,CHAPINERO,2275,4,28,24,29,0,981,1379,23247,11478,11769,1013.6044286249538,977.1159952307656,1.7080611320520076,11.763892118973027,9.900133876810738,11.054323518022288,1015.1847550221534,978.6208973200844,1.720652127156192,12.044564890093346,10.323912762937152,12.474727921882394,1201.4288203519775,833.5457557991333,12,24,12,47,36,11,22,12,12,12,12,12,12,10000,5.161956381468576,10.323912762937152,5.161956381468576,20.21766249408526,15.48586914440573,4.731793349679529,9.463586699359057,5.161956381468576,5.161956381468576,5.161956381468576,5.161956381468576,5.161956381468576,5.161956381468576
3,2017,0,0,0,0,0,0,0,0,0,6,0,1169,0,0,26,981.613,341,1.388.086,916,SUBA,GUAYMARAL,29,0,0,0,1,0,12,18,1996,964,1032,149.703803744241,144.4904968476548,0.7942991570843398,1.739970797875115,2.242948301836583,4.761488730278664,150.3006012024048,145.29058116232466,0,0,0,5.01002004008016,186.7219917012448,116.27906976744184,4,4,0,10,2,0,0,0,0,0,1,0,0,10000,20.040080160320638,20.040080160320638,0,50.100200400801604,10.020040080160319,0,0,0,0,0,5.0100200400801596,0,0
97,2017,9,1,2,1,2,1,1,1,7,5.211875,94384,420656,63,15,98,122.507,243,2.288.835,9661,CHAPINERO,CHICO LAGO,3267,4,16,24,19,0,1553,1777,33535,15501,18034,991.923490407265,973.1675524058904,1.2143171724218536,4.784157837954473,7.023450359184859,5.532154465965657,992.9923960041748,974.2060533770688,1.1927836588638736,4.771134635455494,7.156701953183242,5.665722379603399,1146.3776530546418,861.1511589220361,12,24,12,48,36,9,18,12,12,12,12,12,12,10000,3.578350976591621,7.156701953183242,3.578350976591621,14.313403906366483,10.735052929774863,2.6837632324437157,5.3675264648874315,3.578350976591621,3.578350976591621,3.578350976591621,3.578350976591621,3.578350976591621,3.578350976591621
94,2017,3,1,0,0,0,0,2,1,4,2.40875,203598,216855,43,8,36,22.115,283,1.050.888,889,CANDELARIA,LA CANDELARIA,1114,6,30,11,11,0,600,572,17049,8761,8288,686.06600211781,652.1231418529317,3.3090850905944453,16.91243383149443,6.272329365575998,6.036402653084685,687.4303478209865,653.410757229163,3.5192679922576104,17.596339961288052,6.451991319138952,6.451991319138952,652.8935053076133,723.9382239382239,12,22,12,47,35,3,22,12,12,12,12,12,12,10000,7.038535984515221,12.903982638277904,7.038535984515221,27.567599272684614,20.529063288169397,1.7596339961288052,12.903982638277904,7.038535984515221,7.038535984515221,7.038535984515221,7.038535984515221,7.038535984515221,7.038535984515221
76,2017,0,0,0,0,1,1,0,0,0,2.186666666666667,120020,128536,0,0,21,317.179,346,1.428.379,9003,FONTIBON,FONTIBON SAN PABLO,228,4,15,12,13,0,107,165,32605,15964,16641,83.46983897661734,69.97059374166173,1.2468994786980847,4.618969205954782,3.732251652336099,4.079940644349284,83.42278791596381,69.92792516485201,1.2268057046465266,4.600521392424475,3.68041711393958,3.987118540101211,103.35755449761965,64.299020491557,12,23,12,39,32,0,19,11,10,12,12,12,10,10000,3.6804171139395803,7.054132801717528,3.6804171139395803,11.961355620303635,9.814445637172213,0,5.827327097071001,3.373715687777948,3.0670142616163165,3.6804171139395803,3.6804171139395803,3.6804171139395803,3.0670142616163165
114,2017,0,0,0,0,2,1,1,1,3,3.8,191930,197050,9,4,24,317.179,346,1.428.379,9003,FONTIBON,MODELIA,604,1,34,25,14,0,315,362,41852,19283,22569,161.95891558692787,144.2801172639094,0.30104291127892047,8.0563199816813,5.916166796116627,3.4902562995067927,161.99942655070245,144.31807321036032,0.23893720730192108,8.123865048265316,5.973430182548027,3.3451209022268946,187.73012498055283,139.57197926359166,12,24,11,36,29,1,14,12,11,12,12,12,10,10000,2.8672464876230523,5.734492975246105,2.6283092803211314,8.601739462869158,6.929179011755711,0.23893720730192108,3.3451209022268946,2.8672464876230523,2.6283092803211314,2.8672464876230523,2.8672464876230523,2.8672464876230523,2.3893720730192105
89,2017,0,0,0,0,0,0,0,0,0,2.0666666666666664,28245,48603,0,0,3,122.507,243,2.288.835,9661,CHAPINERO,SAN ISIDRO - PATIOS,43,0,11,2,2,0,24,34,14950,7386,7564,39.02093808718736,28.96558333541583,0.1892345245591981,7.224279254918621,1.704632063987048,2.192683589517241,38.79598662207358,28.762541806020067,0,7.357859531772575,1.3377926421404682,1.3377926421404682,46.03303547251557,31.729243786356424,10,13,5,33,22,0,10,5,5,8,13,5,2,10000,6.688963210702341,8.695652173913043,3.3444816053511706,22.073578595317727,14.71571906354515,0,6.688963210702341,3.3444816053511706,3.3444816053511706,5.351170568561873,8.695652173913043,3.3444816053511706,1.3377926421404682
38,2017,0,0,2,1,4,1,0,0,1,3.008,1246305,1155330,52,15,75,119.565,392,1.095.184,9079,ANTONIO NARIÑO,RESTREPO,1313,9,39,100,37,0,645,853,54472,25836,28636,274.88724316561917,240.94095058464376,1.649077165106109,7.124801606304535,17.902304774729853,6.608157481551422,275.00367161110296,241.0412689087972,1.652224996328389,7.159641650756352,18.358055514759876,6.792480540461155,330.1594674098158,225.240955440704,12,24,12,47,36,12,23,12,12,12,12,12,12,10000,2.2029666617711854,4.405933323542371,2.2029666617711854,8.628286091937142,6.608899985313556,2.2029666617711854,4.222352768394772,2.2029666617711854,2.2029666617711854,2.2029666617711854,2.2029666617711854,2.2029666617711854,2.2029666617711854
52,2017,0,0,0,0,0,0,0,0,0,1,614920,740280,0,0,176,314.431,407,569.872,8291,USME,LA FLORA,120,10,24,2,4,0,74,86,17893,8909,8984,89.4923318762719,67.14940679930976,5.174256125411622,12.980588843882352,1.4508034578204705,2.780111711506598,89.4204437489521,67.06533281171409,5.588777734309506,13.413066562342816,1.1177555468619014,2.2355110937238027,96.53159726119654,82.36865538735529,12,23,11,36,30,1,15,12,12,12,12,12,9,10000,6.706533281171407,12.854188788911866,6.147655507740457,20.119599843514223,16.76633320292852,0.5588777734309507,8.38316660146426,6.706533281171407,6.706533281171407,6.706533281171407,6.706533281171407,6.706533281171407,5.029899960878556
96,2017,0,0,0,0,0,0,0,0,3,1.7264285714285716,628474,648214,4,2,16,96.241,318,896.890,8828,SANTA FE,LOURDES,185,17,23,6,10,0,82,159,44205,21513,22692,54.580314619656576,41.90739772460964,3.744414139699352,5.203450599199673,1.4904433893852762,2.5137680627484245,54.51871960185499,41.85046940391358,3.845718810089356,5.203031331297365,1.3573125212080082,2.2621875353466803,73.9087993306373,36.13608320112815,12,23,9,37,31,2,15,12,11,12,12,12,8,10000,2.7146250424160163,5.203031331297365,2.035968781812012,8.370093880782717,7.012781359574709,0.452437507069336,3.3932813030200206,2.7146250424160163,2.488406288881348,2.7146250424160163,2.7146250424160163,2.7146250424160163,1.809750028277344
84,2017,0,0,0,0,2,1,1,1,0,1.98,990222,1073760,1,1,30,546.809,398,703.807,854,BOSA,BOSA OCCIDENTAL,761,44,82,38,115,0,362,675,195649,95780,99869,53.170631138175494,38.90966333952168,2.241821927393199,4.1964076005409545,1.9677680742430712,5.846670546942132,53.15641787077879,38.89618653813717,2.248925371456026,4.191179101349866,1.9422537298938405,5.877873129941886,70.47400292336606,36.24748420430764,12,24,12,48,36,8,24,12,12,12,12,12,12,10000,0.6133432831243707,1.2266865662487414,0.6133432831243707,2.453373132497483,1.8400298493731122,0.40889552208291374,1.2266865662487414,0.6133432831243707,0.6133432831243707,0.6133432831243707,0.6133432831243707,0.6133432831243707,0.6133432831243707
111,2017,0,0,0,0,1,1,0,0,2,2.9375,64585,73290,16,5,63,250.715,355,1.116.511,9043,PUENTE ARANDA,PUENTE ARANDA,632,4,64,23,17,0,310,430,10261,7743,2518,718.7791863637625,613.9341960681456,3.5089872122827876,57.309107709385295,19.67269323975374,12.58072119016956,721.1772731702564,615.9243738427053,3.898255530650034,62.37208849040054,22.414969301237697,16.567586005262644,555.3403073744026,1231.1358220810168,12,24,10,40,35,4,16,12,10,10,12,12,11,10000,11.694766591950103,23.389533183900205,9.745638826625084,38.98255530650034,34.109735893187796,3.898255530650034,15.593022122600136,11.694766591950103,9.745638826625084,9.745638826625084,11.694766591950103,11.694766591950103,10.720202709287594
112,2017,1,1,1,1,1,1,0,0,1,3.1133333333333333,126427,160027,0,0,71,317.179,346,1.428.379,9003,FONTIBON,GRANJAS DE TECHO,912,2,47,22,14,0,462,535,41316,19068,22248,241.19092848040168,220.62518402467623,0.5353301314128452,11.230685833957796,5.294943303832228,3.5305015471823467,241.3108723012876,220.7377287249492,0.4840739665020816,11.375738212798916,5.324813631522897,3.38851776551457,280.57478498007134,207.65911542610573,12,23,9,34,30,0,13,12,12,11,12,11,12,10000,2.904443799012489,5.566850614773937,2.1783328492593665,8.229257430535386,7.261109497531223,0,3.1464807822635295,2.904443799012489,2.904443799012489,2.6624068157614484,2.904443799012489,2.6624068157614484,2.904443799012489
75,2017,0,0,1,1,7,1,3,1,1,2.913,1316550,1374890,0,0,58,317.179,346,1.428.379,9003,FONTIBON,FONTIBON,1048,8,41,42,63,0,511,691,130600,62096,68504,92.04579806748366,80.25251848042844,0.6273247792021294,3.1551416633471905,3.235977929494705,4.817860475623867,92.03675344563553,80.24502297090352,0.6125574272588055,3.139356814701378,3.215926493108729,4.823889739663094,111.27930945632568,74.59418428120985,12,24,12,47,36,9,24,12,12,12,12,12,12,10000,0.9188361408882082,1.8376722817764164,0.9188361408882082,3.5987748851454824,2.756508422664625,0.6891271056661562,1.8376722817764164,0.9188361408882082,0.9188361408882082,0.9188361408882082,0.9188361408882082,0.9188361408882082,0.9188361408882082
12,2017,1,1,1,1,3,1,0,0,5,3.378,256245,260090,9,3,42,430.156,312,1.867.529,936,USAQUEN,TOBERIN,554,7,12,20,8,0,240,361,58553,26936,31617,102.65476924670382,94.62201271483826,1.208050925942128,2.102562390678182,3.453481692813606,1.6338828397945664,102.64205079159052,94.6151350058921,1.195498095742319,2.049425306986832,3.415708844978054,1.3662835379912217,134.02138402138402,75.9085302210836,12,24,12,45,36,7,20,12,12,12,12,12,12,10000,2.0494253069868322,4.0988506139736645,2.0494253069868322,7.685344901200621,6.148275920960497,1.195498095742319,3.415708844978054,2.0494253069868322,2.0494253069868322,2.0494253069868322,2.0494253069868322,2.0494253069868322,2.0494253069868322
16,2017,0,0,2,1,7,1,1,1,11,5.738888888888889,464238,463266,18,6,60,430.156,312,1.867.529,936,USAQUEN,SANTA BARBARA,1518,2,12,15,21,0,711,857,66787,29864,36923,234.7060241268738,227.2161619958305,0.33726326231953613,1.8471570068496703,2.311070290665391,3.25358839332071,234.7762289068232,227.28974201566172,0.29945947564645814,1.7967568538787488,2.245946067348436,3.1443244942878104,286.9675863916421,192.5629011727108,12,24,11,45,32,11,16,12,12,12,12,12,12,10000,1.7967568538787488,3.5935137077574977,1.6470271160555199,6.737838202045308,4.79135161034333,1.6470271160555199,2.395675805171665,1.7967568538787488,1.7967568538787488,1.7967568538787488,1.7967568538787488,1.7967568538787488,1.7967568538787488
82,2017,0,0,0,0,2,1,2,1,0,1.9566666666666668,963012,1044870,9,4,29,979.914,372,999.300,8894,KENNEDY,PATIO BONITO,1107,26,58,35,122,0,502,846,141226,70344,70882,95.45721651169262,78.39245960471709,1.837070611731341,4.114712817633172,2.506505482671551,8.49836537315442,95.44984634557376,78.38499992919151,1.8410207752113632,4.106892498548426,2.478297197399912,8.638635945222552,120.26612077789152,70.82192940379787,12,24,12,43,36,1,24,12,12,12,12,12,12,10000,0.8497018962513985,1.699403792502797,0.8497018962513985,3.044765128234178,2.5491056887541954,0.07080849135428322,1.699403792502797,0.8497018962513985,0.8497018962513985,0.8497018962513985,0.8497018962513985,0.8497018962513985,0.8497018962513985
35,2017,0,0,0,0,0,0,1,1,1,2.666,168705,154565,35,5,22,119.565,392,1.095.184,9079,ANTONIO NARIÑO,CIUDAD JARDIN,341,4,7,26,12,0,149,241,24864,11743,13121,156.79364016505173,137.09377546655037,1.6054608748499963,2.908134811663716,10.049430533541454,4.798591147104437,156.85328185328186,137.14607464607465,1.6087516087516087,2.815315315315315,10.456885456885455,4.826254826254826,205.2286468534446,113.55841780352108,12,24,12,41,34,7,17,12,11,12,12,12,12,10000,4.826254826254826,9.652509652509652,4.826254826254826,16.48970398970399,13.674388674388673,2.815315315315315,6.837194337194337,4.826254826254826,4.424066924066924,4.826254826254826,4.826254826254826,4.826254826254826,4.826254826254826
68,2017,0,0,0,0,0,0,0,0,0,1.055,351536,380992,0,0,13,593.937,409,505.335,835,CIUDAD BOLIVAR,EL TESORO,122,21,24,15,22,0,74,130,49049,24492,24557,41.65741487378988,24.938265051220135,4.172206431284395,4.899622210910786,3.116128482406589,4.502488453678393,41.59106199922527,24.873086097575893,4.281432852861425,4.893066117555914,3.058166323472446,4.485310607759588,53.07855626326963,30.133974019627804,12,24,12,43,36,3,24,12,12,12,12,12,12,10000,2.446533058777957,4.893066117555914,2.446533058777957,8.766743460621012,7.33959917633387,0.6116332646944892,4.893066117555914,2.446533058777957,2.446533058777957,2.446533058777957,2.446533058777957,2.446533058777957,2.446533058777957
27,2017,1,1,2,1,7,1,2,1,2,2.840909090909091,1497236,1751217,16,6,48,981.613,341,1.388.086,916,SUBA,SUBA,1221,12,47,36,59,0,597,778,164701,77178,87523,83.49392601581644,74.14177174805263,0.7389103041817899,2.867912045664689,2.2132980843810044,3.615208175366947,83.4846175797354,74.13434041080504,0.7285930261504181,2.853656019089137,2.185779078451254,3.5822490452395557,100.80592915079428,68.21064177416223,12,24,12,45,36,10,23,12,12,12,12,12,12,10000,0.7285930261504181,1.4571860523008362,0.7285930261504181,2.7322238480640677,2.185779078451254,0.6071608551253483,1.3964699667883012,0.7285930261504181,0.7285930261504181,0.7285930261504181,0.7285930261504181,0.7285930261504181,0.7285930261504181
22,2017,1,1,0,0,7,1,0,0,2,3.292222222222222,847206,887247,37,8,38,230.066,336,1.462.840,9244,BARRIOS UNIDOS,DOCE DE OCTUBRE,965,4,62,40,32,0,448,655,64694,31352,33342,170.46332900719486,149.1361910500032,0.647466793834091,9.51735674257949,6.139450234914645,4.925585222172328,170.49494543543452,149.16375552601477,0.6182953596933255,9.583578075246546,6.182953596933255,4.946362877546604,208.91809134983413,134.3650650830784,12,24,12,45,35,11,20,12,12,12,12,12,12,10000,1.8548860790799766,3.709772158159953,1.8548860790799766,6.955822796549912,5.410084397316598,1.700312239156645,3.0914767984666276,1.8548860790799766,1.8548860790799766,1.8548860790799766,1.8548860790799766,1.8548860790799766,1.8548860790799766
105,2017,0,0,0,0,0,0,0,0,1,2.67,1601,2464,4,1,11,824.337,341,1.089.512,9178,ENGATIVA,JARDIN BOTANICO,192,1,25,5,4,0,100,127,2269,1284,985,984.7723648573368,833.3107079666181,3.0566272825808274,78.1315880573173,14.17161656453325,8.62036413128984,1000.440722785368,846.1877479065668,4.407227853680036,110.18069634200089,22.036139268400177,17.628911414720143,989.0965732087228,1015.2284263959392,12,22,3,32,23,0,8,10,4,0,12,4,8,10000,52.88673424416042,96.95901278096078,13.221683561040106,141.03129131776114,101.36624063464082,0,35.257822829440286,44.072278536800354,17.628911414720143,0,52.88673424416042,17.628911414720143,35.257822829440286
104,2017,0,0,0,0,0,0,0,0,3,4,19494,20424,21,5,34,139.298,287,1.933.116,9603,TEUSAQUILLO,PARQUE SIMON BOLIVAR - CAN,688,2,65,8,4,0,363,404,2912,1459,1453,2598.912091277018,2331.9667969010743,4.674098852678859,167.59853455011086,18.538448368943108,7.934398841174376,2633.9285714285716,2362.6373626373625,6.868131868131869,223.21428571428572,27.47252747252747,13.736263736263735,2769.019876627827,2498.279421885754,12,24,11,44,33,6,18,12,11,12,12,12,12,10000,41.20879120879121,82.41758241758242,37.77472527472528,151.0989010989011,113.32417582417582,20.604395604395606,61.81318681318681,41.20879120879121,37.77472527472528,41.20879120879121,41.20879120879121,41.20879120879121,41.20879120879121
74,2017,0,0,0,0,1,1,0,0,1,2.0016666666666665,712512,784968,0,0,15,824.337,341,1.089.512,9178,ENGATIVA,ENGATIVA,402,31,52,22,75,0,210,372,133659,64801,68858,43.56740625282285,30.098908607717764,2.307920608875733,3.900360066733099,1.6872546321989124,5.576083581944594,43.54364464794739,30.07653805579871,2.319335024203383,3.8904974599540623,1.6459796945959493,5.6112944133952825,57.40652150429778,30.497545673705307,12,24,12,44,36,1,22,12,12,12,12,12,12,10000,0.8978071061432451,1.7956142122864902,0.8978071061432451,3.2919593891918986,2.6934213184297353,0.07481725884527042,1.6459796945959493,0.8978071061432451,0.8978071061432451,0.8978071061432451,0.8978071061432451,0.8978071061432451,0.8978071061432451
47,2017,0,0,0,0,1,1,0,0,0,3,865592,770256,9,4,28,979.914,372,999.300,8894,KENNEDY,KENNEDY CENTRAL,911,6,43,84,63,0,454,653,95340,45189,50151,116.11276433736413,95.55658941530426,0.6490863023101622,4.517544069717233,8.730203946281007,6.50804468493874,116.11076148521082,95.55275854835324,0.6293266205160478,4.510174113698342,8.81057268722467,6.607929515418502,144.50419349841775,90.52660963889056,12,24,12,48,36,12,24,12,12,12,12,12,12,10000,1.2586532410320956,2.5173064820641913,1.2586532410320956,5.0346129641283826,3.7759597230962867,1.2586532410320956,2.5173064820641913,1.2586532410320956,1.2586532410320956,1.2586532410320956,1.2586532410320956,1.2586532410320956,1.2586532410320956
70,2017,0,0,0,0,0,0,0,0,1,1.1733333333333331,789975,888237,0,0,23,593.937,409,505.335,835,CIUDAD BOLIVAR,JERUSALEM,272,45,29,25,45,0,134,282,93921,46228,47693,44.326026529131106,28.992817142222883,4.722182951419495,3.1101286913826467,2.700365025116368,4.784701584381759,44.29254373356331,28.960509364252935,4.791260740409493,3.087701366041673,2.6618115224497183,4.791260740409493,61.0019901358484,28.096366343069217,12,24,12,43,35,3,21,12,12,12,12,12,10,10000,1.277669530775865,2.55533906155173,1.277669530775865,4.5783158186135156,3.7265361314296057,0.31941738269396625,2.2359216788577636,1.277669530775865,1.277669530775865,1.277669530775865,1.277669530775865,1.277669530775865,1.0647246089798874
66,2017,0,0,0,0,0,0,0,0,0,1.8425,597168,609704,4,3,26,593.937,409,505.335,835,CIUDAD BOLIVAR,SAN FRANCISCO,362,20,27,21,55,0,214,271,68241,33514,34727,71.1015813445768,53.077601469353354,2.890874567697291,3.9747949962095346,3.118913475958683,7.820703067254474,71.07164314708167,53.04728828710013,2.930789408127079,3.9565657009715567,3.077328878533433,8.059670872349466,80.86172942650833,61.623520603564955,12,24,12,41,35,1,20,12,12,12,12,12,12,10000,1.7584736448762472,3.5169472897524945,1.7584736448762472,6.008118286660512,5.1288814642223874,0.14653947040635396,2.930789408127079,1.7584736448762472,1.7584736448762472,1.7584736448762472,1.7584736448762472,1.7584736448762472,1.7584736448762472
65,2017,0,0,0,0,0,0,0,0,1,2.463333333333334,349194,364512,9,3,21,593.937,409,505.335,835,CIUDAD BOLIVAR,ARBORIZADORA,351,6,18,33,42,0,156,294,75273,36121,39152,59.815702694717615,46.661165289789096,0.8175266030846148,2.4283133942981925,4.3901397794294015,5.5209529855026425,59.782392092782274,46.63026583237018,0.7970985612370969,2.39129568371129,4.384042086804033,5.579689928659679,81.39309542925167,39.8447078054761,12,24,12,44,31,0,22,12,12,12,12,12,12,10000,1.5941971224741938,3.1883942449483875,1.5941971224741938,5.845389449072044,4.118342566391668,0,2.922694724536022,1.5941971224741938,1.5941971224741938,1.5941971224741938,1.5941971224741938,1.5941971224741938,1.5941971224741938
79,2017,0,0,0,0,0,0,0,0,0,2.1333333333333333,167274,204984,3,2,22,979.914,372,999.300,8894,KENNEDY,CALANDAIMA,450,10,29,88,39,0,221,395,114092,54197,59895,54.01558430510291,39.46476933958065,0.8886813300763089,2.5650358327143095,7.663410942171851,3.47234495132446,53.99151561897416,39.441853942432424,0.876485643165165,2.5418083651789782,7.7130736598534515,3.418294008344143,72.88226285587764,36.897904666499706,12,24,11,43,36,4,24,12,12,12,12,12,12,10000,1.0517827717981978,2.1035655435963956,0.9641342074816814,3.7688882656102094,3.1553483153945936,0.350594257266066,2.1035655435963956,1.0517827717981978,1.0517827717981978,1.0517827717981978,1.0517827717981978,1.0517827717981978,1.0517827717981978
59,2017,0,0,0,0,0,0,0,0,0,1,163808,216380,0,0,6,314.431,407,569.872,8291,USME,ALFONSO LOPEZ,142,20,27,13,29,0,84,147,47970,23806,24164,48.21731548952051,29.66452874334735,4.062298425494469,5.620238333825753,2.782314679781403,5.911227586676851,48.155096935584744,29.60183447988326,4.169272461955389,5.628517823639775,2.710027100271003,6.0454450698353135,61.74913887255314,34.762456546929315,12,23,12,40,35,2,22,12,12,12,12,12,10,10000,2.5015634771732334,4.794663331248697,2.5015634771732334,8.338544923910778,7.29622680842193,0.4169272461955389,4.586199708150928,2.5015634771732334,2.5015634771732334,2.5015634771732334,2.5015634771732334,2.5015634771732334,2.0846362309776945
45,2017,0,0,0,0,1,1,1,1,0,2.7914285714285714,737583,674359,9,4,35,979.914,372,999.300,8894,KENNEDY,CARVAJAL,985,17,49,92,52,0,440,755,91314,44167,47147,130.86256266000746,107.86814238003694,1.855190775474372,5.364542804147641,9.965890929264638,5.639507143228359,130.8671178570646,107.86954902862652,1.8617079527783251,5.366099393302232,10.075125391506232,5.694636090851349,170.94210609731246,93.32513203385156,12,24,12,43,36,5,21,12,12,12,12,12,12,10000,1.314146790196465,2.62829358039293,1.314146790196465,4.709025998203999,3.942440370589395,0.5475611625818604,2.2997568828438135,1.314146790196465,1.314146790196465,1.314146790196465,1.314146790196465,1.314146790196465,1.314146790196465
20,2017,1,1,0,0,7,1,30,1,14,4.996666666666667,231126,219822,33,6,26,981.613,341,1.388.086,916,SUBA,LA ALHAMBRA,676,0,11,9,14,0,283,427,39630,17827,21803,179.0966281912169,170.51121941663163,0.07719743698244157,2.8357324627852174,2.377616138037149,3.663372848269426,179.1572041382791,170.57784506686855,0,2.7756749936916476,2.2710068130204393,3.532677264698461,239.52431704717563,129.7986515617117,12,24,12,42,27,5,13,12,12,10,12,12,12,10000,3.028009084027252,6.056018168054504,3.028009084027252,10.598031794095382,6.813020439061317,1.2616704516780217,3.2803431743628564,3.028009084027252,3.028009084027252,2.5233409033560434,3.028009084027252,3.028009084027252,3.028009084027252
51,2017,0,0,0,0,0,0,0,0,0,1.68875,263745,660861,0,0,15,404.35,373,706.208,8368,SAN CRISTOBAL,LOS LIBERTADORES,174,16,27,8,20,0,109,136,72985,35428,37557,33.61766597377821,23.884896917963765,2.1750691284562,3.7199177628043514,1.1845910312458234,2.867607367643867,33.56854148112626,23.840515174350895,2.1922312804000823,3.699390285675139,1.0961156402000412,2.7402891005001027,38.38771593090211,29.02255238703837,12,24,12,38,35,1,21,12,12,12,12,12,11,10000,1.6441734603000617,3.2883469206001235,1.6441734603000617,5.206549290950195,4.7955059258751795,0.13701445502500514,2.877303555525108,1.6441734603000617,1.6441734603000617,1.6441734603000617,1.6441734603000617,1.6441734603000617,1.5071590052750565
115,2017,0,0,1,1,0,0,0,0,3,3.314,77135,83285,6,3,26,317.179,346,1.428.379,9003,FONTIBON,CAPELLANIA,523,5,19,4,7,0,246,312,17108,8053,9055,325.6703503393915,305.23482213859313,2.777068378940614,10.781783252276592,2.5645924706905596,4.22479510461074,326.163198503624,305.70493336450784,2.922609305588029,11.105915361234509,2.3380874444704234,4.091653027823241,387.433254687694,271.67310877967975,12,20,9,38,29,1,14,12,7,12,12,10,11,10000,7.014262333411269,11.690437222352116,5.260696750058453,22.211830722469017,16.951133972410567,0.5845218611176058,8.183306055646481,7.014262333411269,4.091653027823241,7.014262333411269,7.014262333411269,5.845218611176058,6.429740472293664
43,2017,0,0,0,0,1,1,0,0,0,3,844074,844239,17,8,31,250.715,355,1.116.511,9043,PUENTE ARANDA,SAN RAFAEL,770,4,70,99,37,0,402,578,70973,33761,37212,138.0706389521151,108.4898007042558,0.5917974191509964,9.79859068302981,13.709716768677904,5.176069755048922,138.08067856790612,108.49196173192622,0.5635946063996168,9.862905611993291,13.948966508390516,5.213250109196455,171.20345961316315,108.02966784908094,12,24,12,47,35,2,23,12,12,12,12,12,12,10000,1.6907838191988505,3.381567638397701,1.6907838191988505,6.622236625195497,4.9314528059966465,0.2817973031998084,3.2406689867977967,1.6907838191988505,1.6907838191988505,1.6907838191988505,1.6907838191988505,1.6907838191988505,1.6907838191988505
25,2017,2,1,1,1,4,1,0,0,6,4.04,127070,126620,24,5,25,981.613,341,1.388.086,916,SUBA,LA FLORESTA,452,3,32,17,12,0,216,299,39491,17913,21578,130.65236878062342,114.4465262048566,0.7995403629049675,8.032139507515643,4.319736975543136,3.2269411380736246,130.6626826365501,114.45645843356714,0.7596667595148261,8.10311210149148,4.304778303917348,3.0386670380593044,166.9178808686429,100.1019556956159,12,24,12,37,32,4,15,12,12,12,12,12,11,10000,3.0386670380593044,6.077334076118609,3.0386670380593044,9.369223367349523,8.10311210149148,1.012889012686435,3.7983337975741307,3.0386670380593044,3.0386670380593044,3.0386670380593044,3.0386670380593044,3.0386670380593044,2.7854447848876958
56,2017,0,0,0,0,0,0,0,0,0,1.508,205135,253351,6,6,8,314.431,407,569.872,8291,USME,DANUBIO,246,14,12,10,10,0,105,187,48373,23549,24824,60.41557699760729,50.89938491064133,2.8400281134279637,2.5361033076882102,2.162914997493399,2.3180806223516717,60.36425278564488,50.8548157029748,2.89417650342133,2.480722717218283,2.067268931015236,2.067268931015236,79.40889209732897,42.29777634547212,12,22,10,36,28,0,15,12,11,12,12,12,8,10000,2.480722717218283,4.547991648233519,2.067268931015236,7.442168151654848,5.78835300684266,0,3.100903396522854,2.480722717218283,2.2739958241167595,2.480722717218283,2.480722717218283,2.480722717218283,1.6538151448121887
26,2017,0,0,2,1,5,1,1,1,5,3.0646153846153847,1441973,1441167,19,5,69,824.337,341,1.089.512,9178,ENGATIVA,LAS FERIAS,1387,6,66,48,59,0,705,861,99412,47261,52151,157.51104042195257,139.5063261197208,0.623037738327374,6.624962068851061,4.82482582705681,5.872163207853202,157.52625437572928,139.52037983342052,0.6035488673399589,6.639037540739548,4.8283909387196715,5.934897195509596,182.17980999132476,135.18436846848573,12,24,12,43,36,5,20,12,12,12,12,12,12,10000,1.2070977346799179,2.4141954693598358,1.2070977346799179,4.325433549269706,3.6212932040397536,0.5029573894499658,2.0118295577998633,1.2070977346799179,1.2070977346799179,1.2070977346799179,1.2070977346799179,1.2070977346799179,1.2070977346799179
102,2017,1,1,1,1,3,1,0,0,9,2.8186666666666667,764715,782955,131,15,94,94.944,353,1.059.511,8978,LOS MARTIRES,LA SABANA,2584,49,56,49,71,0,961,1846,35219,16497,18722,796.7910304983285,732.9795048750847,13.232093025483094,15.606425149901542,13.444882034159924,18.1767782697344,797.5808512450666,733.6948806042193,13.912944717340071,15.900508248388654,13.912944717340071,20.159572957778472,1118.9913317572891,513.299861125948,12,24,12,47,36,12,22,12,12,12,12,12,12,10000,3.4072517675118545,6.814503535023709,3.4072517675118545,13.345069422754763,10.221755302535563,3.4072517675118545,6.2466282404384,3.4072517675118545,3.4072517675118545,3.4072517675118545,3.4072517675118545,3.4072517675118545,3.4072517675118545
2,2017,0,0,0,0,0,0,0,0,0,5.058,10545,13800,3,2,95,981.613,341,1.388.086,916,SUBA,LA ACADEMIA,81,1,3,2,0,0,41,46,3598,1764,1834,240.43235516056112,223.79736017700375,2.338072915375929,7.661677845620394,5.242773730612346,2.750646684120766,241.8010005558644,225.12506948304613,2.7793218454697053,8.337965536409115,5.558643690939411,0,260.77097505668934,223.55507088331515,9,10,2,21,6,0,9,2,1,1,12,3,0,10000,25.013896609227345,27.793218454697055,5.558643690939411,58.36575875486381,16.67593107281823,0,25.013896609227345,5.558643690939411,2.7793218454697053,2.7793218454697053,33.35186214563646,8.337965536409115,0
116,2017,1,1,0,0,0,0,1,1,2,3.155,24638,27282,3,1,17,824.337,341,1.089.512,9178,ENGATIVA,ALAMOS,340,3,14,20,10,0,162,225,11711,5519,6192,329.7243229531498,289.69179385180075,2.412981117406473,11.42618295600806,15.363730961203906,7.352935147229131,330.45854324993593,290.3253351549825,2.561694133720434,11.95457262402869,17.07796089146956,8.53898044573478,407.6825511868092,261.6279069767442,12,23,8,39,28,0,15,11,8,9,12,12,10,10000,10.246776534881736,19.63965502518999,6.831184356587823,33.30202373836564,23.90914524805738,0,12.808470668602169,9.392878490308258,6.831184356587823,7.685082401161301,10.246776534881736,10.246776534881736,8.53898044573478
81,2017,0,0,0,0,1,1,3,1,0,2.0025,290204,283616,1,1,16,979.914,372,999.300,8894,KENNEDY,GRAN BRITALIA,408,14,32,22,50,0,194,331,63663,31108,32555,82.64718830677252,64.11300272961269,2.1792687821047876,5.029484104957448,3.4893821346534795,7.614448141703772,82.62255941441653,64.08746053437633,2.199079528140364,5.026467492892261,3.4556964013634293,7.853855457644157,106.4034974926064,59.591460605129775,12,24,12,38,34,1,22,12,12,12,12,12,12,10000,1.8849253098345977,3.7698506196691954,1.8849253098345977,5.96893014780956,5.340621711198027,0.15707710915288314,3.4556964013634293,1.8849253098345977,1.8849253098345977,1.8849253098345977,1.8849253098345977,1.8849253098345977,1.8849253098345977
33,2017,0,0,0,0,0,0,0,0,0,2.8193333333333332,1647904,748256,42,13,30,404.35,373,706.208,8368,SAN CRISTOBAL,SOSIEGO,384,9,16,29,16,0,202,252,41773,20155,21618,108.69452009729824,91.9376236310792,2.1268870469098444,3.8626817845687262,6.843376604606134,3.9221930871674457,108.68264189787662,91.92540636296172,2.1545017116319154,3.830225265123405,6.942283293036172,3.830225265123405,125.0310096750186,93.44065130909428,12,24,12,41,36,11,18,12,12,12,12,12,12,10000,2.872668948842554,5.745337897685108,2.872668948842554,9.814952241878725,8.618006846527662,2.6332798697723407,4.309003423263831,2.872668948842554,2.872668948842554,2.872668948842554,2.872668948842554,2.872668948842554,2.872668948842554
19,2017,1,1,2,1,5,1,2,1,8,3.51625,692512,712104,25,8,34,981.613,341,1.388.086,916,SUBA,EL PRADO,918,4,13,19,14,0,407,561,96457,44191,52266,100.36429651600224,95.1758866715018,0.4387063445287814,1.3874019629731509,2.020518436344368,1.614884689726244,100.35559886788931,95.17194190157272,0.4146925573053278,1.347750811242315,1.969789647200307,1.451423950568647,126.94892625195176,77.87089121034707,12,24,12,46,33,3,19,12,12,12,12,12,12,10000,1.2440776719159832,2.4881553438319663,1.2440776719159832,4.76896440901127,3.421213597768954,0.3110194179789958,1.969789647200307,1.2440776719159832,1.2440776719159832,1.2440776719159832,1.2440776719159832,1.2440776719159832,1.2440776719159832
41,2017,0,0,0,0,1,1,0,0,1,3,523602,513468,24,8,22,250.715,355,1.116.511,9043,PUENTE ARANDA,MUZU,575,6,27,94,23,0,276,449,56520,26806,29714,128.26770729673723,101.73597748179112,1.079259050473592,4.784786032196102,16.246852642793492,4.119303285152081,128.27317763623495,101.73389950460016,1.0615711252653928,4.777070063694268,16.631280962491154,4.069355980184006,167.49981347459524,92.88550851450496,12,24,12,39,35,0,18,12,11,12,12,12,12,10000,2.1231422505307855,4.246284501061571,2.1231422505307855,6.900212314225053,6.192498230714791,0,3.184713375796178,2.1231422505307855,1.94621372965322,2.1231422505307855,2.1231422505307855,2.1231422505307855,2.1231422505307855
37,2017,0,0,1,1,1,1,0,0,4,3,307027,315602,40,7,41,94.944,353,1.059.511,8978,LOS MARTIRES,SANTA ISABEL,529,7,26,48,15,0,228,396,37893,17125,20768,164.89018876819256,139.56668703450268,1.8328155581574064,6.819381334707355,12.289280861115042,4.04337134910775,164.93811521916976,139.60362072150528,1.8473068904547016,6.861425593117462,12.667247248832238,3.958514765260074,231.24087591240877,109.78428351309708,12,24,12,46,36,6,20,12,12,12,12,12,12,10000,3.1668118122080595,6.333623624416119,3.1668118122080595,12.139445280130895,9.500435436624178,1.5834059061040298,5.278019687013432,3.1668118122080595,3.1668118122080595,3.1668118122080595,3.1668118122080595,3.1668118122080595,3.1668118122080595
107,2017,0,0,0,0,3,1,1,1,3,3.77,207448,216792,32,8,35,139.298,287,1.933.116,9603,TEUSAQUILLO,QUINTA PAREDES,728,1,44,15,16,0,353,451,25370,11184,14186,316.59211245285604,286.6654297249335,0.4819625585887211,16.884810246103193,5.824770886683785,6.02890696714434,316.9097359085534,286.95309420575484,0.3941663381947182,17.3433188805676,5.912495072920772,6.306661411115491,403.25464949928465,248.83688143239817,12,24,11,37,29,5,14,12,9,12,12,12,12,10000,4.729996058336618,9.459992116673236,4.3358297201419,14.584154513204572,11.430823807646828,1.9708316909735908,5.518328734726055,4.729996058336618,3.5474970437524633,4.729996058336618,4.729996058336618,4.729996058336618,4.729996058336618
73,2017,0,0,0,0,2,1,0,0,3,2.775714285714286,955689,1044302,4,2,40,824.337,341,1.089.512,9178,ENGATIVA,GARCES NAVAS,889,8,39,89,90,0,422,693,157669,74414,83255,70.73082386501815,56.39621947525784,0.521010045495793,2.4908136466934376,5.632898531993255,5.675067170983693,70.71776950446822,56.38394357800202,0.5073920681934939,2.473536332443283,5.64473675865262,5.708160767176808,93.12763727255624,50.68764638760435,12,24,12,48,36,11,24,12,12,12,12,12,12,10000,0.7610881022902409,1.5221762045804819,0.7610881022902409,3.0443524091609637,2.283264306870723,0.6976640937660542,1.5221762045804819,0.7610881022902409,0.7610881022902409,0.7610881022902409,0.7610881022902409,0.7610881022902409,0.7610881022902409
31,2017,0,0,0,0,2,1,1,1,3,3.318333333333334,409362,391260,10,4,38,824.337,341,1.089.512,9178,ENGATIVA,SANTA CECILIA,870,2,50,39,38,0,411,588,65292,30527,34765,152.98465043702342,133.2300215349226,0.3447499471886508,7.621255797446184,5.935895595549981,5.735323403974423,153.00496232310238,133.24756478588495,0.30631624088709186,7.657906022177296,5.973166697298291,5.820008576854745,192.61637239165327,118.22235006472026,12,24,12,44,34,1,18,12,12,12,12,12,11,10000,1.837897445322551,3.675794890645102,1.837897445322551,6.738957299516021,5.20737609508056,0.15315812044354593,2.7568461679838268,1.837897445322551,1.837897445322551,1.837897445322551,1.837897445322551,1.837897445322551,1.6847393248790052
58,2017,0,0,0,0,0,0,1,1,0,1.5654545454545454,857659,954745,0,0,29,314.431,407,569.872,8291,USME,COMUNEROS,290,8,41,18,38,0,154,241,91084,44685,46399,43.40150606678921,31.87078932488054,0.8934782276287498,4.509145712348451,2.0297298101353416,4.198474286809173,43.36656273330113,31.83874225989197,0.8783101313073647,4.5013394229502435,1.9761977954415704,4.171973123709982,53.93308716571557,33.19037048212246,12,24,12,39,35,2,22,12,12,12,12,12,11,10000,1.317465196961047,2.634930393922094,1.317465196961047,4.281761890123402,3.84260682446972,0.21957753282684117,2.415352861095253,1.317465196961047,1.317465196961047,1.317465196961047,1.317465196961047,1.317465196961047,1.2076764305476264
13,2017,4,1,1,1,5,1,2,1,2,4.381666666666667,1717632,1842552,20,5,88,430.156,312,1.867.529,936,USAQUEN,LOS CEDROS,1257,0,23,24,7,0,533,778,121615,53809,67806,107.80358382676026,103.35939111070458,0.02602081650916744,1.9183086699651144,2.013779201668682,0.7423158572034844,107.7992024010196,103.35896065452454,0,1.8912140772108703,1.9734407762200383,0.5755868930641779,144.58547826571763,78.6066129841017,12,24,12,47,35,8,18,12,12,12,12,12,12,10000,0.9867203881100193,1.9734407762200386,0.9867203881100193,3.8646548534309093,2.8779344653208896,0.6578135920733462,1.480080582165029,0.9867203881100193,0.9867203881100193,0.9867203881100193,0.9867203881100193,0.9867203881100193,0.9867203881100193
87,2017,0,0,0,0,0,0,0,0,0,1.765,212992,339512,0,0,47,546.809,398,703.807,854,BOSA,TINTAL SUR,214,14,14,13,27,0,103,179,89932,42405,47527,31.39790827235586,23.831798811781592,1.556931082797194,1.5969359467943676,1.5105570032594142,3.092660588358481,31.357025308010495,23.79575679402215,1.5567317528799538,1.5567317528799538,1.445536627674243,3.0022683805541965,42.21200330149747,21.67189176678519,12,24,12,40,32,2,22,12,12,12,12,12,10,10000,1.334341502468532,2.668683004937064,1.334341502468532,4.44780500822844,3.5582440065827514,0.22239025041142196,2.446292754525641,1.334341502468532,1.334341502468532,1.334341502468532,1.334341502468532,1.334341502468532,1.11195125205711
77,2017,0,0,0,0,0,0,0,0,1,2.045,283878,356976,0,0,13,317.179,346,1.428.379,9003,FONTIBON,ZONA FRANCA,271,0,17,22,14,0,127,197,54829,25617,29212,59.13905471111177,49.466767456634294,0.05657096733624693,3.138451331254019,4.033034084841156,2.735339690429377,59.09281584562913,49.42639843878239,0,3.1005489795546155,4.012475150011855,2.553393277280271,76.90205722762228,43.47528412980967,12,24,10,38,33,1,16,11,11,12,12,12,6,10000,2.1886228090973754,4.377245618194751,1.8238523409144796,6.930638895475022,6.0187127250177825,0.18238523409144797,2.9181637454631675,2.0062375750059274,2.0062375750059274,2.1886228090973754,2.1886228090973754,2.1886228090973754,1.0943114045486877
39,2017,1,1,1,1,5,1,0,0,0,3,1410480,1306815,45,15,69,378.78,372,591.317,8706,RAFAEL URIBE URIBE,QUIROGA,1082,13,46,78,77,0,496,800,87655,42225,45430,147.83966112084917,123.42989608998514,1.4849787819831954,5.247556250099027,8.80941666082088,8.555096000713494,147.85237579145513,123.4384804061377,1.4830871028463863,5.24784667161029,8.898522617078319,8.784438993782443,189.46121965660151,109.17895663658376,12,24,12,47,36,11,24,12,12,12,12,12,12,10000,1.3690034795505106,2.738006959101021,1.3690034795505106,5.361930294906167,4.107010438651532,1.2549198562546346,2.738006959101021,1.3690034795505106,1.3690034795505106,1.3690034795505106,1.3690034795505106,1.3690034795505106,1.3690034795505106
108,2017,0,0,0,0,0,0,1,1,2,2.685714285714286,33520,33976,48,8,66,250.715,355,1.116.511,9043,PUENTE ARANDA,ZONA INDUSTRIAL,703,5,52,43,32,0,323,512,5797,2907,2890,1431.0994684601494,1205.0843928248985,6.777312688995684,77.3002785827902,57.20653507805361,31.381657369626204,1440.4002070036229,1212.6962221838885,8.625150940141452,89.70156977747111,74.17629808521649,55.20096601690529,1761.265909872721,1117.6470588235295,12,24,12,47,31,2,15,12,11,12,12,11,12,10000,20.700362256339485,41.40072451267897,20.700362256339485,81.07641883732965,53.475935828877,3.4500603760565807,25.875452820424357,20.700362256339485,18.975332068311197,20.700362256339485,20.700362256339485,18.975332068311197,20.700362256339485
61,2017,0,0,0,0,0,0,4,1,0,1.2366666666666666,79500,134960,0,0,65,314.431,407,569.872,8291,USME,CIUDAD USME,83,6,40,7,7,0,67,76,21111,10292,10819,67.84032979014763,39.439887321145754,2.728869008233728,18.328262418066103,3.4232523444421927,3.581255455786969,67.73719861683483,39.315996399981046,2.842120221685377,18.947468144569186,3.3158069252996065,3.3158069252996065,73.84376214535561,61.928089472224784,12,17,9,40,32,0,17,12,10,12,12,11,3,10000,5.684240443370754,8.052673961441903,4.263180332528066,18.947468144569182,15.157974515655345,0,8.052673961441903,5.684240443370754,4.7368670361422955,5.684240443370754,5.684240443370754,5.210553739756525,1.4210601108426886
1,2017,0,0,0,0,0,0,0,0,0,4,52488,63828,3,3,83,430.156,312,1.867.529,936,USAQUEN,PASEO DE LOS LIBERTADORES,130,2,2,0,1,0,55,80,2600,1293,1307,513.0228540911172,493.99546723393814,4.987353678305051,7.007413496727745,1.939959067662934,4.391280156052156,519.2307692307693,500,7.6923076923076925,7.6923076923076925,0,3.8461538461538463,618.7161639597834,420.81101759755165,12,19,6,39,24,0,14,11,5,8,12,9,8,10000,46.15384615384616,73.07692307692308,23.07692307692308,150,92.30769230769232,0,53.84615384615385,42.30769230769231,19.230769230769234,30.76923076923077,46.15384615384616,34.61538461538461,30.76923076923077
46,2017,0,0,0,0,2,1,1,1,1,2.72,884656,1003288,18,6,40,979.914,372,999.300,8894,KENNEDY,CASTILLA,1145,6,48,141,61,0,506,895,136219,64985,71234,102.85449522931266,84.06188682559986,0.4571924763193719,3.5360820023956085,10.273527910571364,4.4849344284253325,102.84908859997503,84.05582187506882,0.4404671888649895,3.523737510919916,10.350978938327254,4.47808308679406,137.7240901746557,71.03349524103658,12,24,12,46,36,2,22,12,12,12,12,12,12,10000,0.880934377729979,1.761868755459958,0.880934377729979,3.376915114631586,2.6428031331899366,0.14682239628832983,1.615046359171628,0.880934377729979,0.880934377729979,0.880934377729979,0.880934377729979,0.880934377729979,0.880934377729979
85,2017,0,0,1,1,1,1,2,1,1,1.9988888888888892,2537808,2654832,17,6,39,546.809,398,703.807,854,BOSA,BOSA CENTRAL,1296,46,104,50,114,0,664,946,234628,113235,121393,68.62840230336788,55.24482030472099,1.957120998297135,4.435890398194116,2.1508484355414232,4.85459000684233,68.61926112825408,55.23637417529025,1.960550317950117,4.4325485449306985,2.1310329542936053,4.85875513578942,83.5430741378549,54.69837634789486,12,24,12,51,38,10,25,12,12,13,15,12,12,10000,0.5114479090304652,1.0228958180609304,0.5114479090304652,2.1736536133794773,1.6195850452631402,0.42620659085872103,1.0655164771468026,0.5114479090304652,0.5114479090304652,0.5540685681163373,0.6393098862880815,0.5114479090304652,0.5114479090304652
60,2017,0,0,0,0,0,0,0,0,0,1.11,10544,15584,0,0,0,314.431,407,569.872,8291,USME,PARQUE ENTRENUBES,4,8,4,0,0,0,6,10,1100,565,535,144.56389319370618,38.765897796033165,26.373407544488018,21.554582716128845,2.919324008699119,3.846792930092268,145.45454545454547,36.36363636363637,72.72727272727273,36.36363636363637,0,0,176.99115044247787,112.14953271028035,4,5,1,24,10,0,6,3,1,3,3,1,0,10000,36.36363636363637,45.45454545454545,9.090909090909092,218.1818181818182,90.9090909090909,0,54.54545454545455,27.272727272727273,9.090909090909092,27.272727272727273,27.272727272727273,9.090909090909092,0
30,2017,1,1,2,1,6,1,1,1,4,3.001818181818182,1427481,1341120,25,7,42,824.337,341,1.089.512,9178,ENGATIVA,BOYACA REAL,1285,11,45,48,66,0,613,841,124447,59128,65319,116.91850987306196,103.257261687474,0.8949871786730289,3.628766554665927,3.8685941339149266,5.278024020632279,116.91724187806858,103.256808119119,0.8839104196967383,3.615997171486657,3.857063649585767,5.30346251818043,142.2337978622649,93.84711952111944,12,24,12,43,36,9,23,12,12,12,12,12,12,10000,0.9642659123964419,1.9285318247928838,0.9642659123964419,3.45528618608725,2.8927977371893254,0.7231994342973314,1.8481763320931803,0.9642659123964419,0.9642659123964419,0.9642659123964419,0.9642659123964419,0.9642659123964419,0.9642659123964419
72,2017,0,0,0,0,1,1,0,0,2,3,331356,345116,4,2,21,824.337,341,1.089.512,9178,ENGATIVA,BOLIVIA,603,0,17,56,29,0,270,435,80812,36862,43950,87.25657437328748,74.63253315856822,0.03883318530392671,2.1416662595274496,6.877741735566991,3.653312179313723,87.23951888333416,74.61763104489432,0,2.103647973073306,6.9296639113003025,3.588575954066228,118.0077044110466,61.4334470989761,12,24,10,44,34,10,19,12,12,12,12,12,12,10000,1.484927980992922,2.969855961985844,1.2374399841607682,5.44473593030738,4.207295946146612,1.2374399841607682,2.3511359699054597,1.484927980992922,1.484927980992922,1.484927980992922,1.484927980992922,1.484927980992922,1.484927980992922
57,2017,0,0,1,1,0,0,0,0,0,1.7740000000000002,1391324,1519562,3,3,23,314.431,407,569.872,8291,USME,GRAN YOMASA,467,35,54,24,53,0,265,368,123694,60436,63258,51.19781061782914,37.77614254385741,2.8089046385336274,4.3724623265135785,1.9804368004665125,4.3000380518440835,51.17467298332983,37.754458583278094,2.8295632771193433,4.365611913269843,1.9402719614532635,4.284767248209291,60.89085975246542,41.89193461696544,12,24,12,41,34,2,24,12,12,12,12,12,9,10000,0.9701359807266319,1.9402719614532637,0.9701359807266319,3.314631267482659,2.74871861205879,0.1616893301211053,1.9402719614532637,0.9701359807266319,0.9701359807266319,0.9701359807266319,0.9701359807266319,0.9701359807266319,0.7276019855449739
23,2017,0,0,0,0,4,1,14,1,4,3.5728571428571425,209118,255647,7,5,41,981.613,341,1.388.086,916,SUBA,CASA BLANCA SUBA,306,0,5,11,7,0,139,190,51171,23683,27488,64.33959168162146,59.83462608918072,0.0604588254996614,1.0582732710916225,2.2373493172565806,1.670470415196856,64.29422915323133,59.7994958081726,0,0.9771159445779836,2.149655078071564,1.367962322409177,80.2263226787147,50.5675203725262,12,21,8,37,30,5,14,12,10,12,12,10,7,10000,2.3450782669871604,4.103886967227531,1.5633855113247739,7.230657989877079,5.862695667467902,0.9771159445779836,2.735924644818354,2.3450782669871604,1.9542318891559671,2.3450782669871604,2.3450782669871604,1.9542318891559671,1.367962322409177
88,2017,0,0,0,0,0,0,0,0,15,5.9375,358776,369156,3,2,60,122.507,243,2.288.835,9661,CHAPINERO,EL REFUGIO,574,1,9,6,5,0,252,343,36326,16142,20184,163.74582969680893,157.95471918730024,0.34438588963339917,2.5509046564978255,1.797879220540484,1.7861036068430187,163.79452733579257,158.0135440180587,0.2752849198920883,2.477564279028795,1.6517095193525295,1.3764245994604416,212.489158716392,124.8513674197384,12,24,11,45,26,2,12,12,10,12,12,12,11,10000,3.3034190387050595,6.606838077410119,3.0281341188129716,12.387821395143973,7.157407917194296,0.5505698397841766,3.3034190387050595,3.3034190387050595,2.752849198920883,3.3034190387050595,3.3034190387050595,3.3034190387050595,3.0281341188129716
9,2017,0,0,1,1,4,1,1,1,0,2.7445454545454546,927663,1059410,9,4,60,430.156,312,1.867.529,936,USAQUEN,VERBENAL,497,7,136,17,18,0,337,337,117135,55560,61575,57.64798380815704,42.45097297618792,0.6142946008721811,11.55659670409189,1.501383685431224,1.668909457594165,57.62581636573185,42.42967516113885,0.5976010586075895,11.610534852947454,1.4513168566184318,1.536688436419516,60.655147588192946,54.73000406008932,12,24,12,44,35,1,24,12,12,12,12,12,12,10000,1.0244589576130105,2.048917915226021,1.0244589576130105,3.756349511247705,2.9880052930379475,0.08537157980108423,2.048917915226021,1.0244589576130105,1.0244589576130105,1.0244589576130105,1.0244589576130105,1.0244589576130105,1.0244589576130105
109,2017,0,0,0,0,0,0,0,0,2,4.123333333333334,44058,53832,12,3,32,139.298,287,1.933.116,9603,TEUSAQUILLO,CIUDAD SALITRE ORIENTAL,530,0,31,10,6,0,289,288,20676,9074,11602,278.7530877857145,256.04226696762237,0.1415666266183645,14.543566195478803,4.819835698406834,3.2546027087829783,279.06751789514414,256.3358483265622,0,14.993228864383829,4.836525440123816,2.901915264074289,317.3903460436412,249.09498362351317,12,24,6,36,27,4,13,12,11,8,12,10,8,10000,5.803830528148578,11.607661056297156,2.901915264074289,17.411491584445734,13.0586186883343,1.934610176049526,6.287483072160959,5.803830528148578,5.320177984136197,3.869220352099052,5.803830528148578,4.836525440123816,3.869220352099052
49,2017,0,0,1,1,0,0,1,1,1,2.3333333333333335,124191,114375,10,3,11,546.809,398,703.807,854,BOSA,APOGEO,387,2,11,14,14,0,159,269,37582,18051,19531,113.89181886143832,102.9766297242268,0.5857603802683631,2.986268273287602,3.768359793164425,3.838870210252217,113.8843063168538,102.97482837528604,0.5321696556862328,2.9269331062742805,3.7251875898036295,3.7251875898036295,149.02221483574317,81.40904203573807,12,24,11,35,31,0,19,11,11,12,12,11,11,10000,3.1930179341173965,6.386035868234793,2.9269331062742805,9.312968974509074,8.248629663136608,0,5.055611729019212,2.9269331062742805,2.9269331062742805,3.1930179341173965,3.1930179341173965,2.9269331062742805,2.9269331062742805
14,2017,0,0,0,0,1,1,0,0,13,4.66,375100,457974,0,0,45,430.156,312,1.867.529,936,USAQUEN,USAQUEN,690,1,15,12,9,0,341,386,39473,18517,20956,184.1104824000693,174.7318516996627,0.3182884952254133,3.835110223411202,3.1122596578319848,2.5562207909875623,184.1765257264459,174.80302991918526,0.25333772452055836,3.8000658678083754,3.0400526942467,2.2800395206850252,208.45709348166548,162.72189349112426,12,24,11,42,34,8,13,12,10,12,12,12,12,10000,3.0400526942467,6.0801053884934,2.786714969726142,10.64018442986345,8.613482633698984,2.026701796164467,3.2933904187672587,3.0400526942467,2.5333772452055836,3.0400526942467,3.0400526942467,3.0400526942467,3.0400526942467
32,2017,0,0,0,0,0,0,0,0,0,1.7457142857142858,1408200,1428675,0,0,47,404.35,373,706.208,8368,SAN CRISTOBAL,SAN BLAS,306,9,24,9,23,0,149,222,96512,46487,50025,38.4758936833712,31.73620245847933,0.9457287836980968,2.514715858948232,1.0029557112538705,2.4991372624446395,38.440815649867375,31.705901856763926,0.932526525198939,2.486737400530504,0.932526525198939,2.3831233421750664,47.7552864241616,29.78510744627686,12,24,12,44,33,8,19,12,12,12,12,12,12,10000,1.243368700265252,2.486737400530504,1.243368700265252,4.559018567639257,3.4192639257294433,0.8289124668435013,1.9686671087533159,1.243368700265252,1.243368700265252,1.243368700265252,1.243368700265252,1.243368700265252,1.243368700265252
92,2017,0,0,0,0,0,0,0,0,8,2.5425,132324,86100,26,6,25,96.241,318,896.890,8828,SANTA FE,LA MACARENA,437,1,5,2,1,0,204,242,12023,5848,6175,370.10231439158616,362.60971956494177,0.9388870288310344,4.240149912231818,2.0637344164321862,1.9843230722876273,370.9556683024204,363.4700158030442,0.831739166597355,4.158695832986775,1.66347833319471,0.831739166597355,413.8166894664843,330.3643724696356,12,21,11,43,25,0,13,12,8,12,12,10,2,10000,9.98086999916826,17.466522498544457,9.149130832570906,35.764784163686265,20.793479164933878,0,10.812609165765615,9.98086999916826,6.65391333277884,9.98086999916826,9.98086999916826,8.31739166597355,1.66347833319471
11,2017,0,0,1,1,4,1,2,1,5,2.3000000000000003,373404,436080,0,0,21,430.156,312,1.867.529,936,USAQUEN,SAN CRISTOBAL NORTE,352,11,24,9,6,0,194,208,68115,32377,35738,59.055108050820955,51.70848568026313,1.6134729696666037,3.547965959298203,1.4099061210303645,1.1477813025399937,59.01783748073112,51.67731043088894,1.6149159509652793,3.523452983924246,1.321294868971592,0.8808632459810615,64.24313555919325,54.28395545357882,12,23,12,40,33,12,22,12,12,12,12,12,12,10000,1.761726491962123,3.3766424429274022,1.761726491962123,5.872421639873743,4.844747852895837,1.761726491962123,3.2298319019305586,1.761726491962123,1.761726491962123,1.761726491962123,1.761726491962123,1.761726491962123,1.761726491962123
36,2017,0,0,0,0,0,0,0,0,1,2.97,350595,343350,26,7,19,378.78,372,591.317,8706,RAFAEL URIBE URIBE,SAN JOSE,522,12,22,45,48,0,261,388,46401,21932,24469,139.85074056770634,112.49081245269244,2.54286464607698,4.751393546407735,9.501816011536029,9.775430045061588,139.86767526561928,112.497575483287,2.5861511605353336,4.741277127648111,9.6980668520075,10.344604642141334,176.91045048331205,106.66557685234378,12,24,12,42,36,2,23,12,12,12,12,12,12,10000,2.5861511605353336,5.172302321070667,2.5861511605353336,9.051529061873667,7.758453481606,0.4310251934225556,4.956789724359389,2.5861511605353336,2.5861511605353336,2.5861511605353336,2.5861511605353336,2.5861511605353336,2.5861511605353336
53,2017,0,0,1,1,1,1,0,0,1,2.442857142857143,479920,461139,21,6,14,378.78,372,591.317,8706,RAFAEL URIBE URIBE,MARCO FIDEL SUAREZ,321,24,20,9,33,0,128,279,47080,22705,24375,86.47855355194548,68.21286516972911,4.94995716729594,4.268293379733982,2.015761434917516,6.777492716995883,86.44859813084112,68.18181818181817,5.097706032285472,4.248088360237893,1.911639762107052,7.009345794392523,122.88042281435808,52.51282051282051,12,24,12,40,34,3,21,12,12,12,12,12,10,10000,2.548853016142736,5.097706032285472,2.548853016142736,8.496176720475786,7.221750212404419,0.637213254035684,4.460492778249788,2.548853016142736,2.548853016142736,2.548853016142736,2.548853016142736,2.548853016142736,2.1240441801189465
50,2017,0,0,0,0,0,0,0,0,0,1.9327272727272728,215222,1432186,1,1,21,404.35,373,706.208,8368,SAN CRISTOBAL,LA GLORIA,354,14,47,22,32,0,206,263,93030,45064,47966,50.44494211113701,38.08094113389583,1.5062043283526758,5.053935918777366,2.4095998918003483,3.5042653128021644,50.41384499623778,38.052241212512094,1.5048908954100828,5.052133720305278,2.36482854993013,3.4397506180801893,58.361441505414525,42.9470875203269,12,24,12,40,36,6,24,12,12,12,12,12,12,10000,1.289906481780071,2.579812963560142,1.289906481780071,4.299688272600236,3.8697194453402126,0.6449532408900355,2.579812963560142,1.289906481780071,1.289906481780071,1.289906481780071,1.289906481780071,1.289906481780071,1.289906481780071
110,2017,1,1,1,1,0,0,0,0,2,4.074999999999999,71780,82212,7,2,29,317.179,346,1.428.379,9003,FONTIBON,CIUDAD SALITRE OCCIDENTAL,742,0,39,25,10,0,356,459,42435,19854,22581,192.224795446198,174.78939730450728,0.07233034363297026,9.0993932061751,5.838319422421778,2.6072354772154,192.294096854012,174.8556616000943,0,9.190526687875574,5.891363261458702,2.3565453045834803,231.18766999093384,157.65466542668614,12,24,3,33,27,4,17,12,11,12,12,11,12,10000,2.8278543655001767,5.655708731000353,0.7069635913750442,7.776599505125486,6.362672322375398,0.9426181218333923,4.0061270177919175,2.8278543655001767,2.5921998350418285,2.8278543655001767,2.8278543655001767,2.5921998350418285,2.8278543655001767
10,2017,0,0,1,1,1,1,11,1,1,2.87125,122265,153495,5,2,29,430.156,312,1.867.529,936,USAQUEN,LA URIBE,430,2,2,8,4,0,185,261,29655,13597,16058,150.35515061588669,144.9463750270278,0.7321895051350376,0.8223963373786357,2.8127050162168112,1.8410981088532057,150.396223233856,145.0008430281571,0.6744225257123588,0.6744225257123588,2.6976901028494353,1.3488450514247177,191.95410752371848,115.2073732718894,12,22,9,47,36,12,19,12,12,12,12,12,12,10000,4.046535154274153,7.418647782835946,3.0349013657056148,15.848929354240433,12.139605462822459,4.046535154274153,6.407013994267408,4.046535154274153,4.046535154274153,4.046535154274153,4.046535154274153,4.046535154274153,4.046535154274153
42,2017,0,0,0,0,1,1,6,1,1,2.4250000000000003,2179040,2310720,35,13,66,182.532,363,829.895,8719,TUNJUELITO,VENECIA,1268,13,54,69,72,0,584,892,130738,63769,66969,112.90002253035786,96.99022279306844,1.0031976643567029,4.138663162161035,5.268667458811445,5.475188724269566,112.89755082684454,96.987868867506,0.9943551224586578,4.130398200982117,5.27773103458826,5.507197601309489,139.879878938042,87.20452746793292,12,24,12,48,36,12,24,12,12,12,12,12,12,10000,0.9178662668849148,1.8357325337698296,0.9178662668849148,3.671465067539659,2.7535988006547445,0.9178662668849148,1.8357325337698296,0.9178662668849148,0.9178662668849148,0.9178662668849148,0.9178662668849148,0.9178662668849148,0.9178662668849148
103,2017,0,0,0,0,0,0,0,0,2,3,10953,12423,5,2,15,230.066,336,1.462.840,9244,BARRIOS UNIDOS,PARQUE SALITRE,197,2,20,3,4,0,99,127,1404,740,664,1567.2932320890493,1367.0786395888856,6.711617202363766,85.45393347433571,11.807964807989642,9.75489361127313,1609.6866096866097,1403.1339031339032,14.245014245014248,142.4501424501425,21.36752136752137,28.490028490028493,1716.2162162162165,1490.9638554216867,12,19,6,35,15,0,15,9,7,7,12,5,8,10000,85.47008547008548,135.32763532763533,42.73504273504274,249.28774928774928,106.83760683760684,0,106.83760683760684,64.1025641025641,49.857549857549856,49.857549857549856,85.47008547008548,35.612535612535616,56.980056980056986
21,2017,0,0,0,0,5,1,0,0,13,3.762,225860,233125,52,5,22,230.066,336,1.462.840,9244,BARRIOS UNIDOS,LOS ANDES,724,1,15,7,14,0,305,456,27237,12344,14893,279.1600432570428,265.5779835758693,0.45124384488343366,5.497140284051041,2.702809051588627,5.064378188114643,279.3993464772185,265.8148841649227,0.367147630062048,5.507214450930719,2.570033410434336,5.140066820868672,369.41023979261183,204.79419861679983,12,24,12,42,34,6,16,12,10,12,12,11,12,10000,4.405771560744576,8.811543121489152,4.405771560744576,15.420200462606013,12.48301942210963,2.202885780372288,5.874362080992768,4.405771560744576,3.67147630062048,4.405771560744576,4.405771560744576,4.038623930682528,4.405771560744576
55,2017,0,0,0,0,0,0,0,0,0,1.5539999999999998,379860,395955,0,0,7,378.78,372,591.317,8706,RAFAEL URIBE URIBE,DIANA TURBAY,229,22,31,9,19,0,114,196,71384,34504,36880,43.47164480291805,32.12076867271833,3.039486686995444,4.3548266378362355,1.3469893597577745,2.7969504251692676,43.42709850946991,32.08001793118906,3.0819231200268966,4.342709850946991,1.2607867309200942,2.661660876386865,56.80500811500116,30.91106290672451,12,24,12,40,35,4,20,12,12,12,12,12,11,10000,1.6810489745601256,3.362097949120251,1.6810489745601256,5.603496581867085,4.9030595091336995,0.5603496581867085,2.8017482909335425,1.6810489745601256,1.6810489745601256,1.6810489745601256,1.6810489745601256,1.6810489745601256,1.5409615600134483
113,2017,0,0,0,0,2,1,0,0,1,3.2925,104270,104965,8,3,26,979.914,372,999.300,8894,KENNEDY,BAVARIA,444,0,43,25,10,0,234,287,36312,17037,19275,143.7280973984566,122.25420483225618,0.08387344993710709,11.664848679513646,6.774542224985046,2.992094145173799,143.75413086582947,122.2736285525446,0,11.841815377836529,6.884776382463098,2.753910552985239,168.4568879497564,121.40077821011673,12,24,12,39,30,2,15,12,10,12,12,11,12,10000,3.3046926635822866,6.609385327164573,3.3046926635822866,10.740251156642433,8.261731658955718,0.5507821105970477,4.130865829477859,3.3046926635822866,2.753910552985239,3.3046926635822866,3.3046926635822866,3.029301608283763,3.3046926635822866
90,2017,0,0,1,1,3,1,0,0,19,3.05,275954,520674,22,10,60,122.507,243,2.288.835,9661,CHAPINERO,PARDO RUBIO,912,12,56,11,21,0,411,601,45607,22212,23395,221.8045932504107,199.8855820702205,2.585225827356631,12.127792845800702,2.499545406242232,4.610760610436132,221.8957616155415,199.96930295787928,2.631175038919464,12.278816848290834,2.411910452342842,4.604556318109062,270.57446425355664,175.67856379568283,12,24,12,46,32,10,21,12,12,12,12,12,12,10000,2.631175038919464,5.262350077838928,2.631175038919464,10.086170982524614,7.016466770451904,2.1926458657662202,4.604556318109062,2.631175038919464,2.631175038919464,2.631175038919464,2.631175038919464,2.631175038919464,2.631175038919464
67,2017,0,0,1,1,0,0,0,0,0,1.256470588235294,2609568,2765373,2,1,30,593.937,409,505.335,835,CIUDAD BOLIVAR,LUCERO,575,65,83,27,81,0,326,505,153112,76226,76886,54.29185613714109,37.57177994256387,4.209763824533372,5.41958152478916,1.798091355399227,5.269845128548975,54.27399550655728,37.55420868383928,4.245258372955745,5.420868383928105,1.76341501645854,5.290245049375621,66.25036076929132,42.40043701063912,12,24,12,44,36,12,23,12,12,12,12,12,12,10000,0.7837400073149068,1.5674800146298136,0.7837400073149068,2.873713360154658,2.3512200219447204,0.7837400073149068,1.5021683473535712,0.7837400073149068,0.7837400073149068,0.7837400073149068,0.7837400073149068,0.7837400073149068,0.7837400073149068
83,2017,0,0,0,0,0,0,0,0,0,2,24432,29572,1,1,11,979.914,372,999.300,8894,KENNEDY,LAS MARGARITAS,253,0,16,30,11,0,99,211,26932,12844,14088,115.1133252458726,93.95623820794728,0.11101398773001654,5.915216970951489,10.716639174999534,4.177930089619828,115.104708153869,93.94029407396408,0,5.940888162780335,11.13916530521313,4.084360611911481,164.27904079725943,70.27257240204429,12,21,4,30,32,0,18,11,9,12,12,10,4,10000,4.455666122085252,7.79741571364919,1.4852220406950838,11.13916530521313,11.88177632556067,0,6.683499183127878,4.084360611911481,3.341749591563939,4.455666122085252,4.455666122085252,3.7130551017377096,1.4852220406950838
101,2017,1,1,0,0,3,1,0,0,13,3.8711111111111105,267970,273160,65,10,59,139.298,287,1.933.116,9603,TEUSAQUILLO,TEUSAQUILLO,1459,2,40,36,34,0,650,921,25429,11682,13747,616.9956068801062,573.0158312700598,0.84477102797664,15.33347461964163,13.504419770363324,11.900128755368325,617.7985764284872,573.7543749262653,0.7865035982539621,15.73007196507924,14.157064768571315,13.370561170317355,788.3923985618901,472.8304357314323,12,24,12,45,35,7,19,12,12,11,12,12,12,10000,4.719021589523772,9.438043179047543,4.719021589523772,17.696330960714146,13.763812969444336,2.752762593888867,7.471784183412639,4.719021589523772,4.719021589523772,4.325769790396791,4.719021589523772,4.719021589523772,4.719021589523772
54,2017,0,0,0,0,0,0,0,0,1,1.83,984621,1061115,21,8,28,378.78,372,591.317,8706,RAFAEL URIBE URIBE,MARRUECOS,452,31,40,31,53,0,222,385,109202,56507,52695,55.609608393101006,41.41440893754555,2.815256091805125,3.6770476387660342,2.869044000131142,4.844900493503439,55.585062544642035,41.39118331166096,2.8387758465962163,3.662936576253182,2.8387758465962163,4.853390963535467,68.13315164492894,42.12923427270139,12,24,12,47,36,8,24,12,12,12,12,12,12,10000,1.0988809728759545,2.197761945751909,1.0988809728759545,4.303950477097489,3.296642918627864,0.7325873152506364,2.197761945751909,1.0988809728759545,1.0988809728759545,1.0988809728759545,1.0988809728759545,1.0988809728759545,1.0988809728759545
78,2017,0,0,0,0,0,0,0,0,1,1.956,79812,176088,0,0,25,979.914,372,999.300,8894,KENNEDY,TINTAL NORTE,140,1,12,15,15,0,85,98,26236,12449,13787,69.8313492287671,53.440084869284995,0.4672096677063242,4.597606273216022,5.6453064605126135,5.544229050782045,69.7514865070895,53.36179295624333,0.38115566397316664,4.573867967678,5.7173349595975,5.7173349595975,78.7211824242911,61.652281134401974,12,24,3,37,35,0,18,12,11,12,12,11,10,10000,4.573867967678,9.147735935356,1.1434669919195,14.102759567007165,13.340448239060832,0,6.860801951517,4.573867967678,4.192712303704833,4.573867967678,4.573867967678,4.192712303704833,3.8115566397316663
100,2017,1,1,1,1,2,1,1,1,7,3.59625,300195,309096,38,9,56,139.298,287,1.933.116,9603,TEUSAQUILLO,GALERIAS,1336,2,32,21,19,0,588,822,33503,15209,18294,420.4897129186832,398.4186715640952,0.6529545801490714,9.426223696388004,6.18172935757464,5.536732236826437,420.8578336268394,398.770259379757,0.5969614661373608,9.551383458197773,6.268095394442288,5.671133928304928,540.4694588730357,321.41685798622495,12,24,12,46,35,4,23,12,11,12,12,12,12,10000,3.581768796824165,7.16353759364833,3.581768796824165,13.7301137211593,10.446825657403815,1.1939229322747216,6.86505686057965,3.581768796824165,3.283288063755484,3.581768796824165,3.581768796824165,3.581768796824165,3.581768796824165
34,2017,0,0,1,1,2,1,1,1,0,2.346363636363636,864012,1108236,26,12,30,404.35,373,706.208,8368,SAN CRISTOBAL,20 DE JULIO,701,11,46,42,57,0,333,524,78340,37878,40462,109.400907869733,89.48951389855704,1.4082651326334918,5.863671616034235,5.344313175174217,7.114411730439287,109.39494511105438,89.48174623436304,1.404135818228236,5.871840694408986,5.361245851416901,7.2759765126372224,138.33887744865092,82.29944145123821,12,24,12,43,35,3,20,12,12,12,12,12,12,10000,1.5317845289762573,3.0635690579525146,1.5317845289762573,5.488894562164922,4.4677048761807505,0.3829461322440643,2.552974214960429,1.5317845289762573,1.5317845289762573,1.5317845289762573,1.5317845289762573,1.5317845289762573,1.5317845289762573
106,2017,0,0,0,0,1,1,0,0,1,4.164,167560,168920,17,5,30,139.298,287,1.933.116,9603,TEUSAQUILLO,LA ESMERALDA,431,1,23,14,8,0,198,279,35321,15437,19884,135.030507337342,122.00404057692576,0.35364595871194004,6.476289297066688,3.997446803781058,2.571371133494578,135.0471390957221,122.02372526259164,0.2831176920245746,6.511706916565216,3.963647688344045,2.2649415361965968,180.73459869145557,99.57754978877487,12,23,11,40,30,1,15,12,10,11,12,12,11,10000,3.397412304294895,6.511706916565216,3.1142946122703212,11.324707680982986,8.493530760737238,0.2831176920245746,4.246765380368619,3.397412304294895,2.8311769202457464,3.1142946122703212,3.397412304294895,3.397412304294895,3.1142946122703212
91,2017,2,1,0,0,0,0,1,1,11,3.3285714285714287,96894,41153,42,7,37,96.241,318,896.890,8828,SANTA FE,SAGRADO CORAZON,1521,0,70,62,40,0,739,952,9622,4793,4829,1752.531465400815,1574.6264746616412,0.27557597572018383,66.4076057576731,54.69941173685298,28.67485027139874,1759.5094574932446,1580.752442319684,0,72.7499480357514,64.43566826023697,41.57139887757224,1986.2299186313371,1530.33754400497,12,23,11,43,31,1,17,11,9,9,12,12,11,10000,12.47141966327167,23.903554354604033,11.432134691332363,44.689253793390144,32.21783413011848,1.0392849719393058,17.6678445229682,11.432134691332363,9.353564747453753,9.353564747453753,12.47141966327167,12.47141966327167,11.432134691332363
95,2017,0,0,0,0,0,0,0,0,7,2,260205,69723,19,3,15,96.241,318,896.890,8828,SANTA FE,LAS CRUCES,300,11,13,17,9,0,123,227,20257,10212,10045,172.67431663117452,148.01114957210584,5.07422457655322,6.361434070994717,8.074476685746363,4.488158216216155,172.7797798291949,148.09695413930987,5.430221651774696,6.417534679370094,8.392160734560893,4.442908624179296,222.28750489620057,122.44897959183672,21,33,14,69,48,12,20,17,14,16,21,13,11,10000,10.366786789751691,16.290664955324086,6.911191193167793,34.06229945204127,23.695512662289577,5.923878165572394,9.873130275953992,8.392160734560893,6.911191193167793,7.898504220763193,10.366786789751691,6.417534679370094,5.430221651774696
40,2017,0,0,0,0,1,1,0,0,1,3,1219392,1267944,21,8,62,250.715,355,1.116.511,9043,PUENTE ARANDA,CIUDAD MONTES,851,7,57,145,32,0,401,691,97563,46093,51470,111.9313981862695,87.23285475742051,0.7349849239910293,5.836101114207989,14.669734374389163,3.349640435615472,111.92767750069189,87.22569006693111,0.7174851121839222,5.842378770640509,14.862191609524103,3.2799319414122157,149.91430369036513,77.90946182242082,12,24,12,43,34,2,23,12,12,12,12,12,12,10000,1.229974478029581,2.459948956059162,1.229974478029581,4.407408546272665,3.484927687750479,0.20499574633826348,2.35745108289003,1.229974478029581,1.229974478029581,1.229974478029581,1.229974478029581,1.229974478029581,1.229974478029581
64,2017,0,0,0,0,0,0,0,0,0,1,5590,25895,0,0,7,593.937,409,505.335,835,CIUDAD BOLIVAR,MONTE BLANCO,15,4,3,0,3,0,11,14,5124,2596,2528,49.36328477830707,29.85941240609864,6.019744212944249,5.751700526712425,1.239990329617333,5.2575876613662365,48.79000780640125,29.27400468384075,7.8064012490242,5.85480093676815,0,5.85480093676815,53.929121725731896,43.5126582278481,12,18,11,33,26,0,15,12,8,12,12,11,2,10000,23.4192037470726,35.1288056206089,21.467603434816553,64.40281030444964,50.741608118657304,0,29.27400468384075,23.4192037470726,15.6128024980484,23.4192037470726,23.4192037470726,21.467603434816553,3.9032006245121
48,2017,0,0,0,0,0,0,0,0,1,2.7455555555555557,1310472,1325682,5,3,18,979.914,372,999.300,8894,KENNEDY,TIMIZA,597,8,33,78,65,0,299,482,141356,67801,73555,55.26963443039045,42.25149776685777,0.5802747784519172,2.354762396541283,5.5064524389460185,4.6006891316109115,55.25057302130791,42.23379269362461,0.5659469707688389,2.3345312544214605,5.51798296499618,4.598319137496817,71.09039689680094,40.6498538508599,12,24,12,39,36,12,24,12,12,12,12,12,12,10000,0.8489204561532585,1.697840912306517,0.8489204561532585,2.75899148249809,2.5467613684597756,0.8489204561532585,1.697840912306517,0.8489204561532585,0.8489204561532585,0.8489204561532585,0.8489204561532585,0.8489204561532585,0.8489204561532585
98,2017,0,0,1,1,5,1,0,0,17,3.0542105263157895,1522242,1559634,99,19,81,230.066,336,1.462.840,9244,BARRIOS UNIDOS,LOS ALCAZARES,1564,5,60,33,34,0,649,1047,40555,19838,20717,417.8960318892954,385.3715677441995,1.248944735124892,14.564947578152086,7.982653163316638,7.96338670226499,418.19750955492543,385.6491184810751,1.2328936012822092,14.794723215386512,8.137097768462581,8.383676488719024,527.7749773162617,313.2692957474538,12,24,12,48,34,6,20,12,12,12,12,12,12,10000,2.9589446430773023,5.917889286154605,2.9589446430773023,11.83577857230921,8.383676488719024,1.4794723215386512,4.931574405128837,2.9589446430773023,2.9589446430773023,2.9589446430773023,2.9589446430773023,2.9589446430773023,2.9589446430773023
28,2017,0,0,5,1,11,1,5,1,6,2.287857142857143,3797108,4228084,17,6,49,981.613,341,1.388.086,916,SUBA,EL RINCON,1665,35,92,33,113,0,801,1137,263441,126201,137240,73.57222814075787,63.20831749724875,1.3304061250433692,3.4987673582392262,1.2765111386068613,4.2966226183914635,73.56485892476873,63.20200728056757,1.3285707236155344,3.4922430449322617,1.2526523965517895,4.289385479101583,90.09437326170158,58.36490819003206,12,24,12,45,36,6,24,12,12,12,12,12,12,10000,0.45550996238246894,0.9110199247649379,0.45550996238246894,1.7081623589342585,1.366529887147407,0.22775498119123447,0.9110199247649379,0.45550996238246894,0.45550996238246894,0.45550996238246894,0.45550996238246894,0.45550996238246894,0.45550996238246894
17,2017,0,0,0,0,2,1,0,0,2,4.285,226840,238870,6,2,32,981.613,341,1.388.086,916,SUBA,SAN JOSE DE BAVARIA,491,3,11,12,3,0,249,271,47320,21979,25341,109.89954786846754,103.76238778835274,0.6727645877910728,2.384408796189771,2.615791256008873,1.030957692514533,109.8901098901099,103.76162299239222,0.6339814032121724,2.3245984784446323,2.53592561284869,0.6339814032121724,123.29951317166386,98.25973718479932,12,22,12,43,33,0,18,12,12,12,12,12,12,10000,2.53592561284869,4.649196956889265,2.53592561284869,9.087066779374473,6.973795435333897,0,3.8038884192730347,2.53592561284869,2.53592561284869,2.53592561284869,2.53592561284869,2.53592561284869,2.53592561284869
24,2017,2,1,1,1,11,1,1,1,5,4.819999999999999,859833,845949,36,12,69,981.613,341,1.388.086,916,SUBA,NIZA,693,2,100,23,11,0,390,439,76133,34768,41365,108.89480182177245,91.0320972861474,0.2969495656954417,13.032585282826236,3.0597568899927934,1.6495816987807252,108.88839268122892,91.0249169217028,0.2626981729342072,13.134908646710365,3.021028988743383,1.4448399511381398,126.26553152323976,94.28260606793182,12,24,12,46,34,0,18,12,11,12,12,12,12,10000,1.5761890376052434,3.152378075210487,1.5761890376052434,6.042057977486767,4.465868939881523,0,2.364283556407865,1.5761890376052434,1.4448399511381398,1.5761890376052434,1.5761890376052434,1.5761890376052434,1.5761890376052434
44,2017,0,0,2,1,1,1,0,0,0,3.22875,673424,676672,20,7,33,979.914,372,999.300,8894,KENNEDY,AMERICAS,1229,6,49,99,30,0,525,888,79703,37822,41881,177.25399537577422,154.17255047571606,0.7732296998096174,6.136381759923031,12.242515702031524,3.8188746459392298,177.28316374540483,154.19745806305912,0.7527947505112731,6.147823795842063,12.421113383436008,3.7639737525563657,234.78398815504204,125.35517299013873,12,24,12,44,35,12,24,12,12,12,12,12,12,10000,1.5055895010225462,3.0111790020450924,1.5055895010225462,5.520494837082669,4.39130271131576,1.5055895010225462,3.0111790020450924,1.5055895010225462,1.5055895010225462,1.5055895010225462,1.5055895010225462,1.5055895010225462,1.5055895010225462
62,2017,0,0,1,1,2,1,0,0,1,2.024,338366,403893,26,7,26,182.532,363,829.895,8719,TUNJUELITO,TUNJUELITO,288,13,19,29,22,0,154,217,39702,19776,19926,93.47444570828289,72.57283918642717,3.190286806524969,4.7963471750842634,7.184284105630925,5.4404059215128635,93.44617399627224,72.54042617500377,3.2743942370661427,4.785653115712055,7.304417913455241,5.541282555035011,109.72896440129448,77.28595804476564,12,24,12,41,30,1,19,12,12,12,12,12,11,10000,3.022517757291824,6.045035514583648,3.022517757291824,10.326935670747066,7.55629439322956,0.2518764797743187,4.785653115712055,3.022517757291824,3.022517757291824,3.022517757291824,3.022517757291824,3.022517757291824,2.7706412775175053
69,2017,1,1,1,1,2,1,1,1,0,1.3691666666666666,1779216,1964304,13,6,22,593.937,409,505.335,835,CIUDAD BOLIVAR,ISMAEL PERDOMO,570,48,57,28,86,0,286,503,153994,75681,78313,51.2543323822939,37.0320402977535,3.096571213982368,3.7112281315460742,1.852074417023617,5.554786724071684,51.23576243230256,37.01442913360261,3.117004558619167,3.701442913360261,1.818252659194514,5.5846331675260075,66.46318098333796,36.5201179880735,12,24,12,40,36,3,24,12,12,12,12,12,12,10000,0.7792511396547918,1.5585022793095835,0.7792511396547918,2.597503798849306,2.337753418964375,0.19481278491369794,1.5585022793095835,0.7792511396547918,0.7792511396547918,0.7792511396547918,0.7792511396547918,0.7792511396547918,0.7792511396547918
93,2017,3,1,3,1,2,1,0,0,7,2.932857142857143,332178,96411,80,7,52,96.241,318,896.890,8828,SANTA FE,LAS NIEVES,2699,12,33,25,17,0,1253,1533,16007,8306,7701,1736.335613517455,1682.1854766984184,6.821805034154418,19.713048831505525,14.468644040857832,9.166914442729244,1740.4885362653838,1686.1373149247206,7.496720184919098,20.61598050852752,15.618167051914789,10.620353595302056,1845.6537442812423,1627.061420594728,12,24,12,48,36,2,21,12,12,12,12,12,12,10000,7.496720184919098,14.993440369838195,7.496720184919098,29.98688073967639,22.490160554757296,1.2494533641531829,13.119260323608422,7.496720184919098,7.496720184919098,7.496720184919098,7.496720184919098,7.496720184919098,7.496720184919098
18,2017,0,0,1,1,4,1,2,1,6,3.272,300834,346380,10,3,25,981.613,341,1.388.086,916,SUBA,BRITALIA,480,1,19,32,5,0,196,341,80402,37271,43131,66.81698601273281,59.722421717097454,0.16030105333436334,2.3981556826623747,3.9949077116714777,0.8661093626258933,66.78938334867291,59.700007462500935,0.12437501554687694,2.363125295390662,3.980000497500062,0.6218750777343847,91.49204475329344,45.44295286452899,12,24,12,38,31,1,16,12,11,12,12,12,12,10000,1.4925001865625231,2.9850003731250463,1.4925001865625231,4.726250590781324,3.855625481953185,0.12437501554687694,1.990000248750031,1.4925001865625231,1.3681251710156463,1.4925001865625231,1.4925001865625231,1.4925001865625231,1.4925001865625231
15,2018,0,0,0,0,0,0,3,1,8,5.395,175550,49356,6,2,21,430.156,312,1.867.529,936,USAQUEN,COUNTRY CLUB,640,2,17,12,4,0,335,340,24440,10977,13463,276.08094873211263,261.74918002868793,0.9143852243622896,7.146388456823033,5.206211150688387,2.6253038344139843,276.18657937806876,261.8657937806874,0.8183306055646482,6.955810147299509,4.909983633387888,1.6366612111292964,309.7385442288421,248.83012701478123,12,21,5,32,34,3,13,11,8,12,12,11,11,10000,4.909983633387888,8.592471358428805,2.0458265139116203,13.093289689034371,13.911620294599018,1.227495908346972,5.319148936170213,4.500818330605565,3.273322422258593,4.909983633387888,4.909983633387888,4.500818330605565,4.500818330605565
86,2018,0,0,0,0,0,0,0,0,0,1.568,321440,368145,0,0,33,546.809,398,703.807,854,BOSA,EL PORVENIR,569,32,178,80,183,3,401,635,131429,62925,68504,79.30681171712389,43.31445376058902,2.4388912944348955,13.544796081351814,6.131036828739656,13.855836428026391,79.28235016624944,43.29333708694429,2.434774669213035,13.543434097497508,6.086936673032588,13.923867639562046,100.91378625347636,58.53672778231928,12,24,12,41,36,1,21,12,12,12,12,12,12,10000,0.9130405009548882,1.8260810019097764,0.9130405009548882,3.1195550449292013,2.7391215028646645,0.07608670841290735,1.5978208766710542,0.9130405009548882,0.9130405009548882,0.9130405009548882,0.9130405009548882,0.9130405009548882,0.9130405009548882
71,2018,0,0,0,0,2,1,0,0,2,2.105,2325960,2670912,0,0,22,981.613,341,1.388.086,916,SUBA,TIBABUYES,1138,86,329,148,157,3,823,1029,274048,132345,141703,67.81130893694629,41.53586651803221,3.1370916064777092,12.009770131526029,5.4256815649500325,5.783126546645833,67.79834189631013,41.52557216254087,3.1381363848668844,12.005196170014012,5.4005137786081265,5.728923400280243,77.75133174657147,58.0792220348193,12,24,12,43,36,7,23,12,12,12,12,12,12,10000,0.43787949556282113,0.8757589911256423,0.43787949556282113,1.5690681924334422,1.3136384866884634,0.255429705744979,0.8392690331620738,0.43787949556282113,0.43787949556282113,0.43787949556282113,0.43787949556282113,0.43787949556282113,0.43787949556282113
29,2018,1,1,2,1,1,1,1,1,4,2.713333333333334,1291554,1329381,30,9,32,824.337,341,1.089.512,9178,ENGATIVA,MINUTO DE DIOS,1431,10,84,93,117,0,694,1041,109581,51503,58078,158.33846053432035,130.59314700149383,0.9337804153400094,7.704502311182603,8.50593213916127,10.68084339337168,158.33036749071462,130.58833191885455,0.9125669596006608,7.66556246064555,8.486872724286146,10.67703342732773,202.1241481078772,119.49447295017046,12,24,12,46,36,4,21,12,12,12,12,12,12,10000,1.0950803515207927,2.1901607030415855,1.0950803515207927,4.19780801416304,3.2852410545623782,0.36502678384026427,1.9163906151613874,1.0950803515207927,1.0950803515207927,1.0950803515207927,1.0950803515207927,1.0950803515207927,1.0950803515207927
80,2018,0,0,0,0,1,1,0,0,0,2.0025,247816,277108,11,4,19,979.914,372,999.300,8894,KENNEDY,CORABASTOS,972,46,116,51,124,2,450,855,57028,28359,28669,229.51515258600307,170.43385034992326,7.96095651829668,20.261580598759945,8.966977689212273,21.206954302013724,229.53636809988075,170.44258960510626,8.066213088307498,20.34088517921021,8.942975380514834,21.74370484674195,301.49158997143763,156.96396804911228,12,24,12,44,36,6,20,12,12,12,12,12,11,10000,2.1042295012976084,4.208459002595217,2.1042295012976084,7.715508171424563,6.312688503892825,1.0521147506488042,3.5070491688293473,2.1042295012976084,2.1042295012976084,2.1042295012976084,2.1042295012976084,2.1042295012976084,1.9288770428561408
99,2018,7,1,3,1,1,1,0,0,13,3.692,79566,121692,22,6,62,122.507,243,2.288.835,9661,CHAPINERO,CHAPINERO,3677,10,53,42,28,0,1652,2158,23444,11623,11821,1623.346300141855,1566.863127363314,4.199567185877312,22.351746837487827,17.411128463315976,11.818165436801165,1625.1492919297048,1568.41835864187,4.265483705852244,22.607063641016893,17.915031564579422,11.943354376386282,1856.6635120020649,1397.5129007698165,12,24,12,45,36,10,18,12,11,12,12,12,12,10000,5.118580447022692,10.237160894045385,5.118580447022692,19.194676676335096,15.355741341068077,4.265483705852244,7.6778706705340385,5.118580447022692,4.692032076437468,5.118580447022692,5.118580447022692,5.118580447022692,5.118580447022692
3,2018,0,0,0,0,0,0,0,0,0,6,0,1169,0,0,26,981.613,341,1.388.086,916,SUBA,GUAYMARAL,70,0,0,4,0,0,29,45,2048,988,1060,358.87665627814243,339.4284538617634,1.0612812301293395,3.515326596161166,15.340955830674831,6.38573473422271,361.328125,341.796875,0,0,19.53125,0,455.4655870445344,273.5849056603774,4,4,1,14,3,0,0,0,0,0,5,0,0,10000,19.53125,19.53125,4.8828125,68.359375,14.6484375,0,0,0,0,0,24.4140625,0,0
97,2018,9,1,3,1,4,1,1,1,9,5.211875,94384,420656,63,15,98,122.507,243,2.288.835,9661,CHAPINERO,CHICO LAGO,5308,8,67,37,24,1,2741,2701,33942,15780,18162,1602.6851480906787,1562.7730979043315,2.3751282419332247,19.619551676841738,10.854463984839816,7.370655290431558,1603.9125567143954,1563.8442048199872,2.3569618761416535,19.739555712686347,10.900948677155148,7.070885628424961,1711.660329531052,1509.195022574606,12,24,12,46,36,5,12,12,12,12,12,12,12,10000,3.5354428142124803,7.070885628424961,3.5354428142124803,13.552530787814506,10.606328442637441,1.4731011725885335,3.5354428142124803,3.5354428142124803,3.5354428142124803,3.5354428142124803,3.5354428142124803,3.5354428142124803,3.5354428142124803
94,2018,4,1,0,0,0,0,2,1,5,2.40875,203598,216855,43,8,36,22.115,283,1.050.888,889,CANDELARIA,LA CANDELARIA,1650,6,103,14,10,1,984,797,17075,9012,8063,1042.7428445168457,965.097307551216,3.4737752495724212,58.4900959008156,8.336892552111696,6.587584328653058,1044.216691068814,966.3250366032212,3.513909224011713,60.32210834553441,8.199121522693996,5.856515373352855,884.3763870395029,1220.389433213444,12,22,12,48,35,4,20,12,12,12,12,12,10,10000,7.027818448023426,12.88433382137628,7.027818448023426,28.111273792093705,20.497803806734993,2.342606149341142,11.71303074670571,7.027818448023426,7.027818448023426,7.027818448023426,7.027818448023426,7.027818448023426,5.856515373352855
76,2018,0,0,0,0,1,1,0,0,1,2.186666666666667,120020,128536,0,0,21,317.179,346,1.428.379,9003,FONTIBON,FONTIBON SAN PABLO,273,2,40,36,40,0,150,241,32717,16104,16613,119.57174659056668,83.49605832451887,0.691142708205078,12.259039715099943,10.950639582061566,12.11005534386478,119.50973500015284,83.44285845279212,0.6113029923281474,12.226059846562949,11.003453861906651,12.226059846562949,149.652260307998,90.29073617046892,12,24,12,34,31,0,16,12,11,12,12,11,9,10000,3.6678179539688847,7.335635907937769,3.6678179539688847,10.392150869578506,9.475196381086285,0,4.8904239386251795,3.6678179539688847,3.3621664578048107,3.6678179539688847,3.6678179539688847,3.3621664578048107,2.7508634654766633
114,2018,0,0,0,0,2,1,1,1,4,3.8,191930,197050,9,4,24,317.179,346,1.428.379,9003,FONTIBON,MODELIA,862,0,24,44,16,0,432,514,42000,19461,22539,225.2123065443197,205.2049084119488,0.07945158236357727,5.846842487018451,10.453526819722187,4.269431206569328,225.2380952380952,205.23809523809524,0,5.714285714285714,10.476190476190476,3.8095238095238098,264.1179795488413,191.66777585518437,12,24,12,38,29,0,14,12,12,11,12,12,12,10000,2.857142857142857,5.714285714285714,2.857142857142857,9.047619047619047,6.904761904761904,0,3.333333333333333,2.857142857142857,2.857142857142857,2.619047619047619,2.857142857142857,2.857142857142857,2.857142857142857
89,2018,0,0,0,0,0,0,0,0,0,2.0666666666666664,28245,48603,0,0,3,122.507,243,2.288.835,9661,CHAPINERO,SAN ISIDRO - PATIOS,39,2,24,2,2,0,40,29,15231,7533,7698,45.57865673645002,25.81747395026296,1.4273345709680536,15.671358556103872,2.106185032631231,2.855047109822213,45.30234390388024,25.605672641323615,1.3131114175037752,15.7573370100453,1.3131114175037752,1.3131114175037752,38.49727864064782,51.96154845414394,12,15,4,34,21,1,11,6,5,8,10,7,3,10000,7.878668505022651,9.848335631278314,2.6262228350075505,22.322894097564177,13.78766988378964,0.6565557087518876,7.222112796270763,3.9393342525113253,3.282778543759438,5.252445670015101,6.565557087518876,4.595889961263214,1.9696671262556626
38,2018,0,0,4,1,4,1,0,0,1,3.008,1246305,1155330,52,15,75,119.565,392,1.095.184,9079,ANTONIO NARIÑO,RESTREPO,1592,26,92,171,86,2,824,1139,54246,26004,28242,362.5128539798244,293.4102899094059,4.752415496610122,16.919529056101062,30.916617737121168,15.594403906480013,362.6073811893965,293.47786011871847,4.792980127567009,16.95977583600634,31.52306160822918,15.853703498875491,438.0095369943086,291.76403937398203,12,24,12,47,36,12,21,12,12,12,12,12,12,10000,2.2121446742616966,4.424289348523393,2.2121446742616966,8.6642333075249791,6.63643402278509,2.2121446742616966,3.8712531799579697,2.2121446742616966,2.2121446742616966,2.2121446742616966,2.2121446742616966,2.2121446742616966,2.2121446742616966
52,2018,0,0,0,0,0,0,0,0,0,1,614920,740280,0,0,176,314.431,407,569.872,8291,USME,LA FLORA,122,28,88,20,28,2,124,158,18178,8980,9198,157.38337433870603,67.23288415948151,14.63777307770943,47.12687669507013,10.910685864103092,14.764084442143732,157.33303993838706,67.11409395973155,15.403234679282647,48.41016613488833,11.002310485201892,15.403234679282647,175.94654788418703,134.81191563383342,12,24,8,40,28,2,13,11,8,12,12,10,4,10000,6.601386291121135,13.20277258224227,4.400924194080757,22.004620970403785,15.403234679282649,1.1002310485201892,7.15150181538123,6.051270766861041,4.400924194080757,6.601386291121135,6.601386291121135,5.501155242600946,2.2004620970403783
96,2018,0,0,0,0,0,0,0,0,4,1.7264285714285716,628474,648214,4,2,16,96.241,318,896.890,8828,SANTA FE,LOURDES,232,16,67,20,30,0,156,209,44303,21564,22739,82.45766966648696,52.42400613016691,3.592840677546963,15.10255759221276,4.695769141147665,7.024260926872563,82.38719725526488,52.36665688553822,3.611493578312982,15.123129359185608,4.514366972891226,6.77155045933684,96.92079391578557,68.60460002638638,12,22,11,38,34,2,15,12,11,12,12,12,5,10000,2.7086201837347357,4.96580367018035,2.482901835090175,8.57729724849333,7.674423853915084,0.45143669728912267,3.38577522966842,2.7086201837347357,2.482901835090175,2.7086201837347357,2.7086201837347357,2.7086201837347357,1.1285917432228065
84,2018,0,0,0,0,2,1,1,1,1,1.98,990222,1073760,1,1,30,546.809,398,703.807,854,BOSA,BOSA OCCIDENTAL,1064,90,296,104,403,3,711,1240,195836,95646,100190,99.94386645489126,54.343896425336055,4.585456080492789,15.110007324375944,5.34641701603518,20.433777477116553,99.93055413713516,54.331175064850186,4.59568210135011,15.114687799995917,5.310565983782349,20.5784431871566,129.64473161449513,70.96516618424992,12,24,12,48,36,6,24,12,12,12,12,12,12,10000,0.6127576135133479,1.2255152270266958,0.6127576135133479,2.4510304540533916,1.8382728405400437,0.30637880675667395,1.2255152270266958,0.6127576135133479,0.6127576135133479,0.6127576135133479,0.6127576135133479,0.6127576135133479,0.6127576135133479
111,2018,0,0,0,0,1,1,0,0,2,2.9375,64585,73290,16,5,63,250.715,355,1.116.511,9043,PUENTE ARANDA,PUENTE ARANDA,849,10,34,33,50,0,408,568,10700,8209,2491,910.162581114658,791.9155610119284,8.702664371450755,30.671998071727277,28.16768680283575,38.97380402396492,912.1495327102804,793.4579439252336,9.345794392523365,31.77570093457944,30.841121495327105,46.72897196261682,691.9234985990985,1637.8964271376958,12,24,11,42,34,4,14,12,9,10,12,11,10,10000,11.214953271028037,22.429906542056074,10.2803738317757,39.252336448598136,31.77570093457944,3.7383177570093458,13.08411214953271,11.214953271028037,8.411214953271028,9.345794392523365,11.214953271028037,10.2803738317757,9.345794392523365
112,2018,1,1,1,1,1,1,1,1,3,3.1133333333333333,126427,160027,0,0,71,317.179,346,1.428.379,9003,FONTIBON,GRANJAS DE TECHO,1407,6,26,38,64,0,664,877,43620,20259,23361,353.167069807132,322.4572795688632,1.4157153052193563,6.084390342363761,8.750720018411666,14.428490188042648,353.278312700596,322.55845942228336,1.3755158184319118,5.960568546538285,8.711600183402108,14.672168729940394,432.8940224097932,284.2344077736398,12,23,12,39,25,1,13,12,9,12,12,11,11,10000,2.7510316368638237,5.272810637322329,2.7510316368638237,8.940852819807427,5.731315910132966,0.22925263640531865,2.9802842732691426,2.7510316368638237,2.063273727647868,2.7510316368638237,2.7510316368638237,2.5217790004585052,2.5217790004585052
75,2018,0,0,2,1,7,1,3,1,3,2.913,1316550,1374890,0,0,58,317.179,346,1.428.379,9003,FONTIBON,FONTIBON,1455,22,180,55,149,3,766,1089,129959,62133,67826,143.20926230234585,111.96613813449116,1.7037083351318716,13.8502542409064,4.298713521710086,11.450900963328415,143.19900891819728,111.95838687586084,1.6928415885009889,13.850522087735364,4.232103971252473,11.465154394847604,175.2691806286514,112.93604222569516,12,24,12,48,36,8,23,12,12,12,12,12,12,10000,0.9233681391823575,1.846736278364715,0.9233681391823575,3.69347255672943,2.7701044175470724,0.615578759454905,1.769788933432852,0.9233681391823575,0.9233681391823575,0.9233681391823575,0.9233681391823575,0.9233681391823575,0.9233681391823575
12,2018,1,1,2,1,4,1,0,0,6,3.378,256245,260090,9,3,42,430.156,312,1.867.529,936,USAQUEN,TOBERIN,956,6,68,50,21,0,492,609,58835,27123,31712,187.13416470306697,162.4833240230063,1.0568330921607751,11.584115457181811,8.533119852765598,3.915353262049869,187.13350896575167,162.4883147786182,1.0198011387779382,11.5577462394833,8.498342823149486,3.569303985722784,224.5326844375622,155.14631685166498,12,24,12,43,36,7,15,12,12,12,12,12,12,10000,2.0396022775558764,4.079204555111753,2.0396022775558764,7.308574827908558,6.11880683266763,1.189767995240928,2.5495028469448457,2.0396022775558764,2.0396022775558764,2.0396022775558764,2.0396022775558764,2.0396022775558764,2.0396022775558764
16,2018,1,1,2,1,7,1,1,1,12,5.738888888888889,464238,463266,18,6,60,430.156,312,1.867.529,936,USAQUEN,SANTA BARBARA,2558,4,30,19,14,1,1224,1399,67760,30437,37323,387.3102390188886,377.42283055534904,0.629938643011796,4.523227315241158,2.9625504364917132,2.43114999456938,387.3966942148761,377.5088547815821,0.5903187721369539,4.427390791027155,2.8040141676505312,2.066115702479338,459.63794066432297,327.9479141548107,12,23,12,44,34,5,16,12,12,12,12,12,12,10000,1.770956316410862,3.394332939787485,1.770956316410862,6.4935064935064934,5.017709563164108,0.7378984651711924,2.3612750885478158,1.770956316410862,1.770956316410862,1.770956316410862,1.770956316410862,1.770956316410862,1.770956316410862
82,2018,0,0,0,0,2,1,2,1,0,1.9566666666666668,963012,1044870,9,4,29,979.914,372,999.300,8894,KENNEDY,PATIO BONITO,1531,70,219,136,304,1,806,1452,140235,69384,70851,161.16378661097326,109.18158132380611,4.9740570263338,15.607623454834236,9.699611907665364,21.454421107122503,161.15805612008413,109.1738866901986,4.991621207259243,15.61664349128249,9.698006916960816,21.677897814383,209.27014873746108,113.75986224612214,12,24,12,44,36,6,18,12,12,12,12,12,12,10000,0.8557064926730132,1.7114129853460265,0.8557064926730132,3.1375904731343813,2.5671194780190394,0.4278532463365066,1.2835597390095197,0.8557064926730132,0.8557064926730132,0.8557064926730132,0.8557064926730132,0.8557064926730132,0.8557064926730132
35,2018,0,0,0,0,1,1,1,1,1,2.666,168705,154565,35,5,22,119.565,392,1.095.184,9079,ANTONIO NARIÑO,CIUDAD JARDIN,431,2,42,59,34,0,235,333,24983,11921,13062,227.3087746519304,172.49523798262263,0.8954112375967677,16.729371136211498,22.806081811529733,13.315153178640166,227.35460112876757,172.51731177200497,0.8005443701717168,16.811431773606053,23.616058920065647,13.609254292919184,279.33898162905797,179.9111927729291,12,24,12,44,34,7,19,12,12,12,12,12,10,10000,4.8032662210303005,9.606532442060601,4.8032662210303005,17.61197614377777,13.609254292919184,2.801905295601009,7.605171516631309,4.8032662210303005,4.8032662210303005,4.8032662210303005,4.8032662210303005,4.8032662210303005,4.002721850858584
68,2018,0,0,0,0,0,0,1,1,0,1.055,351536,380992,0,0,13,593.937,409,505.335,835,CIUDAD BOLIVAR,EL TESORO,161,84,84,18,66,0,161,252,49741,24609,25132,83.09248786247973,32.42909623051347,16.561897874212725,16.84463911688868,3.808172387157263,13.131877234701175,83.03009589674514,32.36766450212099,16.887477131541385,16.887477131541385,3.618745099616011,13.268732031925374,102.40156040473,64.06175393920101,12,24,12,44,35,5,21,12,12,12,12,12,12,10000,2.4124967330773406,4.824993466154681,2.4124967330773406,8.845821354616914,7.03644880480891,1.0052069721155585,4.221869282885346,2.4124967330773406,2.4124967330773406,2.4124967330773406,2.4124967330773406,2.4124967330773406,2.4124967330773406
27,2018,1,1,6,1,7,1,4,1,2,2.840909090909091,1497236,1751217,16,6,48,981.613,341,1.388.086,916,SUBA,SUBA,1569,22,151,95,102,1,853,1084,166333,77901,88432,116.5861060893838,94.3376319520204,1.3337738259784917,9.097964194336972,5.749857841739591,6.213946461319058,116.57337990657297,94.32884635039348,1.3226479411782388,9.07817450535973,5.711434291451486,6.132276818190017,139.1509736717115,96.45829563958748,12,24,12,46,36,7,20,12,12,12,12,12,12,10000,0.7214443315517667,1.4428886631035334,0.7214443315517667,2.765536604281772,2.1643329946553,0.4208425267385305,1.2024072192529442,0.7214443315517667,0.7214443315517667,0.7214443315517667,0.7214443315517667,0.7214443315517667,0.7214443315517667
22,2018,1,1,0,0,7,1,0,0,2,3.292222222222222,847206,887247,37,8,38,230.066,336,1.462.840,9244,BARRIOS UNIDOS,DOCE DE OCTUBRE,1265,6,58,88,32,0,579,870,64814,30527,34287,223.5468561680893,195.15636953255176,0.9610921626423988,9.000522802799733,13.48950246860717,5.193216190761804,223.56281050390348,195.17388218594743,0.9257259234116084,8.948683926312217,13.57731354337026,4.937204924861913,284.9936122121401,168.8686674249716,12,24,12,47,36,10,20,12,12,12,12,12,12,10000,1.851451846823217,3.702903693646434,1.851451846823217,7.251519733390934,5.554355540469651,1.5428765390193477,3.0857530780386955,1.851451846823217,1.851451846823217,1.851451846823217,1.851451846823217,1.851451846823217,1.851451846823217
105,2018,0,0,0,0,0,0,0,0,1,2.67,1601,2464,4,1,11,824.337,341,1.089.512,9178,ENGATIVA,JARDIN BOTANICO,233,0,2,2,2,0,121,118,2482,1423,1059,953.8487953084368,930.670079046991,0.9356753467200724,9.321262949082614,8.747534386549281,9.558791074407807,962.9331184528604,938.7590652699436,0,8.058017727639001,8.058017727639001,8.058017727639001,829.2340126493324,1142.587346553352,12,18,4,32,17,0,11,9,4,4,12,4,4,10000,48.348106365834006,72.522159548751,16.116035455278002,128.92828364222402,68.4931506849315,0,44.31909750201451,36.2610797743755,16.116035455278002,16.116035455278002,48.348106365834006,16.116035455278002,16.116035455278002
104,2018,0,0,0,0,0,0,0,0,3,4,19494,20424,21,5,34,139.298,287,1.933.116,9603,TEUSAQUILLO,PARQUE SIMON BOLIVAR - CAN,843,0,55,8,8,1,416,496,2937,1546,1391,3082.9869202341692,2846.639725095585,0.8323922619844812,153.8806089687826,21.20160592507488,19.015722730613906,3112.0190670752468,2870.275791624106,0,187.26591760299627,27.23867892407218,27.23867892407218,3208.279430789133,2990.6542056074763,12,23,9,47,32,7,13,12,10,10,12,12,12,10000,40.85801838610828,78.31120190670752,30.643513789581203,160.02723867892408,108.95471569628872,23.833844058563162,44.262853251617294,40.85801838610828,34.04834865509023,34.04834865509023,40.85801838610828,40.85801838610828,40.85801838610828
74,2018,0,0,0,0,1,1,0,0,2,2.0016666666666665,712512,784968,0,0,15,824.337,341,1.089.512,9178,ENGATIVA,ENGATIVA,532,23,128,57,133,0,362,511,135897,65701,70196,64.26674619188712,39.16850345925133,1.702857602731603,9.4413512860816,4.2585139248477475,9.808810706805646,64.23982869379014,39.147295378117256,1.6924582588283772,9.41889813608836,4.194353076226848,9.786823844529314,77.77659396356219,51.56989002222349,12,24,12,42,36,3,20,12,12,12,12,12,12,10000,0.8830217002582839,1.7660434005165677,0.8830217002582839,3.090575950903993,2.649065100774852,0.22075542506457096,1.4717028337638065,0.8830217002582839,0.8830217002582839,0.8830217002582839,0.8830217002582839,0.8830217002582839,0.8830217002582839
47,2018,0,0,0,0,1,1,0,0,0,3,865592,770256,9,4,28,979.914,372,999.300,8894,KENNEDY,KENNEDY CENTRAL,1133,6,124,234,206,2,701,998,94686,44596,50090,179.8603051514687,119.66720549012292,0.6616298977194062,13.101087692539986,24.472081629105563,21.42602338830264,179.85763470840462,119.65866125932028,0.6336734047272036,13.095917031028875,24.71326278436094,21.756120228967323,223.78688671629743,139.9480934318227,12,24,12,48,36,12,24,12,12,12,12,12,12,10000,1.2673468094544071,2.5346936189088143,1.2673468094544071,5.069387237817629,3.8020404283632216,1.2673468094544071,2.5346936189088143,1.2673468094544071,1.2673468094544071,1.2673468094544071,1.2673468094544071,1.2673468094544071,1.2673468094544071
70,2018,0,0,0,0,0,0,0,0,1,1.1733333333333331,789975,888237,0,0,23,593.937,409,505.335,835,CIUDAD BOLIVAR,JERUSALEM,372,72,139,44,138,0,282,483,95007,46315,48692,80.5538352160017,39.18534087998957,7.520699842751015,14.624430686291236,4.715503620031078,14.413821917916788,80.52038270864252,39.1550096308693,7.578388960813413,14.63050091045923,4.631237698274864,14.525245508225709,104.28586850912232,57.915057915057915,12,24,12,42,36,3,18,12,12,12,12,12,11,10000,1.2630648268022355,2.526129653604471,1.2630648268022355,4.420726893807824,3.7891944804067066,0.3157662067005589,1.8945972402033533,1.2630648268022355,1.2630648268022355,1.2630648268022355,1.2630648268022355,1.2630648268022355,1.157809424568716
66,2018,0,0,0,0,0,0,0,0,0,1.8425,597168,609704,4,3,26,593.937,409,505.335,835,CIUDAD BOLIVAR,SAN FRANCISCO,564,60,118,51,137,0,394,536,68147,33151,34996,136.49214774282535,82.78807244740682,8.70350150088696,17.279771845958585,7.536673312785941,19.718795598384517,136.46969052195988,82.76226392944665,8.804496162707089,17.315509119990608,7.4838217383010255,20.10359957151452,161.68441374317516,112.58429534803976,12,24,12,41,34,7,16,12,12,12,12,12,12,10000,1.7608992325414177,3.5217984650828353,1.7608992325414177,6.016405711183178,4.989214492200684,1.0271912189824939,2.347865643388557,1.7608992325414177,1.7608992325414177,1.7608992325414177,1.7608992325414177,1.7608992325414177,1.7608992325414177
65,2018,0,0,0,0,0,0,0,0,1,2.463333333333334,349194,364512,9,3,21,593.937,409,505.335,835,CIUDAD BOLIVAR,ARBORIZADORA,609,18,73,100,86,0,335,551,77129,36651,40478,114.90057483598684,78.98270136246352,2.342252082204738,9.503658830775084,12.903365039731495,11.13808940666686,114.87248635403026,78.95862775350386,2.3337525444385383,9.464663096889629,12.965291913547432,11.150151045650793,150.3369621565578,82.76100597855626,12,24,12,43,33,2,20,12,12,12,12,12,11,10000,1.555835029625692,3.111670059251384,1.555835029625692,5.575075522825396,4.278546331470653,0.25930583827094866,2.593058382709487,1.555835029625692,1.555835029625692,1.555835029625692,1.555835029625692,1.555835029625692,1.4261821104902177
79,2018,0,0,0,0,0,0,0,0,0,2.1333333333333333,167274,204984,3,2,22,979.914,372,999.300,8894,KENNEDY,CALANDAIMA,640,20,110,138,182,1,382,706,120204,56697,63507,90.70313171369293,53.26377755167102,1.6758612867951714,9.1780276518566,11.459499560781644,15.037564498714,90.6791787294932,53.24282053841802,1.6638381418255632,9.151109780040596,11.480483178596383,15.140927090612625,124.52157962502424,60.150849512652144,12,24,12,41,34,0,17,12,12,12,12,12,10,10000,0.9983028850953379,1.9966057701906759,0.9983028850953379,3.4108681907424043,2.8285248411034574,0,1.4142624205517287,0.9983028850953379,0.9983028850953379,0.9983028850953379,0.9983028850953379,0.9983028850953379,0.8319190709127816
59,2018,0,0,0,0,0,0,0,0,0,1,163808,216380,0,0,6,314.431,407,569.872,8291,USME,ALFONSO LOPEZ,280,28,82,16,89,3,186,303,48496,23875,24621,102.12270799184157,57.78626378528848,5.7050210112030255,16.86438820585695,3.5033440976095664,17.920596123280262,102.07027383701748,57.73672055427251,5.773672055427252,16.90861101946552,3.299241174529858,18.352029033322335,126.91099476439793,75.54526623613988,12,24,12,41,35,2,17,12,12,12,12,12,7,10000,2.4744308808973936,4.948861761794787,2.4744308808973936,8.45430550973276,7.2170900692840645,0.41240514681623225,3.5054437479379743,2.4744308808973936,2.4744308808973936,2.4744308808973936,2.4744308808973936,2.4744308808973936,1.443418013856813
45,2018,0,0,0,0,1,1,1,1,0,2.7914285714285714,737583,674359,9,4,35,979.914,372,999.300,8894,KENNEDY,CARVAJAL,1386,34,122,172,152,0,650,1216,90556,43525,47031,206.0546095462338,153.05390262650658,3.743485874412633,13.474843952523546,18.8387062115572,16.59722243102772,206.0603383541676,153.05446353637527,3.7545827995936216,13.47232651618888,18.99377180970891,16.785193692300897,279.3796668581275,138.20671472007825,12,24,12,45,36,3,20,12,12,12,12,12,12,10000,1.3251468704448077,2.6502937408896154,1.3251468704448077,4.969300764168028,3.975440611334423,0.33128671761120193,2.208578117408013,1.3251468704448077,1.3251468704448077,1.3251468704448077,1.3251468704448077,1.3251468704448077,1.3251468704448077
20,2018,1,1,0,0,7,1,40,1,16,4.996666666666667,231126,219822,33,6,26,981.613,341,1.388.086,916,SUBA,LA ALHAMBRA,1040,0,12,18,18,0,462,626,39506,17788,21718,275.336412685332,263.17807829854377,0.08432126544709793,3.22489455360084,4.7572685779210495,4.991346992771759,275.40120488027134,263.2511517237888,0,3.03751328912064,4.55626993368096,4.55626993368096,351.9226444794243,212.72677042084905,12,24,12,43,32,7,15,12,10,10,12,12,11,10000,3.03751328912064,6.07502657824128,3.03751328912064,10.884422619348959,8.10003543765504,1.77188275198704,3.7968916114008,3.03751328912064,2.5312610742671997,2.5312610742671997,3.03751328912064,3.03751328912064,2.78438718169392
51,2018,0,0,0,0,0,0,0,0,0,1.68875,263745,660861,0,0,15,404.35,373,706.208,8368,SAN CRISTOBAL,LOS LIBERTADORES,239,22,104,20,53,1,190,246,73845,35930,37915,59.364918480879254,32.406476513386885,2.9778906199168693,14.080895760580598,2.8560986031748814,7.317118162115597,59.31342677229332,32.36508903784955,2.9792132168731804,14.083553388855034,2.708375651702891,7.177195477012662,68.46646256610074,50.11209283924568,12,24,12,41,35,1,19,12,12,12,12,12,12,10000,1.6250253910217347,3.2500507820434694,1.6250253910217347,5.552170085990927,4.73965739048006,0.13541878258514456,2.5729568691177467,1.6250253910217347,1.6250253910217347,1.6250253910217347,1.6250253910217347,1.6250253910217347,1.6250253910217347
115,2018,1,1,2,1,0,0,0,0,3,3.314,77135,83285,6,3,26,317.179,346,1.428.379,9003,FONTIBON,CAPELLANIA,836,2,28,10,16,1,421,469,17190,8131,9059,518.3410060014569,485.8277620366029,1.2751631806270936,16.1911920514922,6.152556414839648,9.529458005799034,518.9063408958697,486.3292611983711,1.1634671320535197,16.288539848749274,5.817335660267597,9.307737056428156,576.8048210552207,464.73120653493766,12,23,11,34,28,1,14,12,6,11,12,10,11,10000,6.980802792321117,13.379872018615474,6.399069226294357,19.77894124490983,16.288539848749274,0.5817335660267597,8.144269924374637,6.980802792321117,3.4904013961605584,6.399069226294357,6.980802792321117,5.817335660267597,6.399069226294357
43,2018,0,0,0,0,2,1,1,1,0,3,844074,844239,17,8,31,250.715,355,1.116.511,9043,PUENTE ARANDA,SAN RAFAEL,1058,6,76,225,70,0,588,847,71167,33640,37527,201.63294048565564,148.66528344649402,0.876701696678708,10.709509127558938,31.148438825690487,9.87525259016816,201.63839982014136,148.66440906599968,0.8430873860075596,10.679106889429088,31.615776975283488,9.83601950342153,251.78359096313912,156.6871852266368,12,24,12,46,36,2,23,12,12,12,12,12,12,10000,1.6861747720151192,3.3723495440302385,1.6861747720151192,6.463669959391291,5.058524316045358,0.28102912866918656,3.2318349796956456,1.6861747720151192,1.6861747720151192,1.6861747720151192,1.6861747720151192,1.6861747720151192,1.6861747720151192
25,2018,2,1,2,1,4,1,0,0,6,4.04,127070,126620,24,5,25,981.613,341,1.388.086,916,SUBA,LA FLORESTA,583,4,30,16,18,0,266,385,40557,18384,22173,160.53510208277467,143.75295842653813,1.0404657682332514,7.505640607475517,4.163702411840106,4.870764354589114,160.51483097862268,143.7483048548956,0.9862662425721824,7.396996819291368,3.9450649702887297,4.4381980915748205,209.4212358572672,119.96572407883464,12,23,12,40,32,3,13,12,10,11,12,11,11,10000,2.9587987277165473,5.671030894790048,2.9587987277165473,9.862662425721824,7.890129940577459,0.7396996819291368,3.2053652883595927,2.9587987277165473,2.465665606430456,2.7122321670735015,2.9587987277165473,2.7122321670735015,2.7122321670735015
56,2018,0,0,0,0,0,0,0,0,0,1.508,205135,253351,6,6,8,314.431,407,569.872,8291,USME,DANUBIO,415,6,78,26,18,0,236,307,50027,24123,25904,108.58840986276503,82.99025658532307,1.2385988290685312,15.566865980951349,5.33780492987837,4.000043418156396,108.54138765066864,82.95520418973754,1.1993523497311451,15.591580546504888,5.1971935155016284,3.5980570491934354,127.26443642996313,91.10562075355158,12,20,9,39,33,2,13,11,9,12,12,12,5,10000,2.3987046994622903,3.9978411657704838,1.7990285245967177,7.795790273252444,6.596437923521298,0.39978411657704843,2.5985967577508142,2.1988126411737663,1.7990285245967177,2.3987046994622903,2.3987046994622903,2.3987046994622903,0.9994602914426209
26,2018,0,0,3,1,5,1,1,1,5,3.0646153846153847,1441973,1441167,19,5,69,824.337,341,1.089.512,9178,ENGATIVA,LAS FERIAS,2063,10,142,127,93,0,1034,1401,99530,47242,52288,244.6332238894032,207.25965273939877,1.0269683961689875,14.263797055983108,12.71493819466369,9.386445632491,244.64985431528183,207.2741886868281,1.0047221943132725,14.267055159248468,12.75997186777856,9.343916407113433,296.5581474112019,197.75091799265607,12,24,12,44,36,4,23,12,12,12,12,12,12,10000,1.205666633175927,2.411333266351854,1.205666633175927,4.420777654978399,3.6169998995277806,0.4018888777253089,2.310861046920526,1.205666633175927,1.205666633175927,1.205666633175927,1.205666633175927,1.205666633175927,1.205666633175927
102,2018,1,1,2,1,3,1,0,0,11,2.8186666666666667,764715,782955,131,15,94,94.944,353,1.059.511,8978,LOS MARTIRES,LA SABANA,3927,98,146,84,85,3,1594,2739,35073,17460,17613,1236.5387971171183,1118.9540167858663,27.12315273128109,41.08296847464895,23.348926463152345,23.19531268321839,1237.419097311322,1119.6646993413735,27.941721552191147,41.6274627206113,23.950047044735264,24.235166652410687,1568.7285223367696,905.0133424175324,12,24,12,48,36,12,19,12,12,12,12,12,12,10000,3.421435292105038,6.842870584210076,3.421435292105038,13.685741168420153,10.264305876315115,3.421435292105038,5.417272545832977,3.421435292105038,3.421435292105038,3.421435292105038,3.421435292105038,3.421435292105038,3.421435292105038
2,2018,0,0,0,0,0,0,0,0,0,5.058,10545,13800,3,2,95,981.613,341,1.388.086,916,SUBA,LA ACADEMIA,185,0,12,6,4,0,91,116,4077,1982,2095,505.435872560812,451.86506646507934,0.6520562275435529,27.14270298821081,13.367460206106804,10.23551190835713,507.72626931567333,453.7650233014472,0,29.433406916850625,14.716703458425313,9.811135638950208,585.2674066599395,434.36754176610975,10,14,2,23,6,0,10,1,1,5,10,1,0,10000,24.527839097375523,34.33897473632573,4.905567819475104,56.4140299239637,14.716703458425313,0,24.527839097375523,2.452783909737552,2.452783909737552,12.263919548687761,24.527839097375523,2.452783909737552,0
116,2018,1,1,1,1,0,0,1,1,4,3.155,24638,27282,3,1,17,824.337,341,1.089.512,9178,ENGATIVA,ALAMOS,653,2,12,50,20,0,305,432,11820,5550,6270,622.4378519063243,551.5808696637736,1.8017013813693463,10.356252705912624,38.51452032904088,15.70330274538592,623.5194585448393,552.4534686971235,1.6920473773265652,10.152284263959393,42.30118443316413,16.920473773265652,778.3783783783783,486.4433811802233,12,24,9,41,28,0,13,12,8,11,12,10,10,10000,10.152284263959391,20.304568527918782,7.614213197969543,34.68697123519459,23.688663282571913,0,10.998307952622673,10.152284263959391,6.768189509306261,9.306260575296108,10.152284263959391,8.460236886632826,8.460236886632826
81,2018,0,0,0,0,1,1,3,1,1,2.0025,290204,283616,1,1,16,979.914,372,999.300,8894,KENNEDY,GRAN BRITALIA,538,22,91,38,163,0,303,549,63264,30735,32529,134.69877373261733,85.0673380562807,3.4667898030554043,14.377780965755994,6.0989832874167345,25.099825509668708,134.67374810318665,85.04046535154275,3.4774911482043502,14.384167931208902,6.006575619625695,25.765048052604957,178.6237188872621,93.14765286359864,12,24,12,42,35,1,19,12,12,12,12,12,12,10000,1.8968133535660092,3.7936267071320184,1.8968133535660092,6.638846737481032,5.532372281234193,0.1580677794638341,3.0032878098128477,1.8968133535660092,1.8968133535660092,1.8968133535660092,1.8968133535660092,1.8968133535660092,1.8968133535660092
33,2018,0,0,0,0,2,1,0,0,0,2.8193333333333332,1647904,748256,42,13,30,404.35,373,706.208,8368,SAN CRISTOBAL,SOSIEGO,550,4,89,63,74,1,357,421,42167,20418,21749,184.98119388368625,130.4463543042144,1.0018251032458847,20.987252255947897,14.758634691016733,17.10976093644286,184.97877487134488,130.43375151184577,0.9486091019043328,21.106552517371405,14.940593354993242,17.549268385230157,206.1906161230287,164.14547795300933,12,24,12,37,36,11,17,12,11,12,12,12,11,10000,2.8458273057129984,5.691654611425997,2.8458273057129984,8.774634192615078,8.537481917138996,2.608675030236915,4.031588683093415,2.8458273057129984,2.608675030236915,2.8458273057129984,2.8458273057129984,2.8458273057129984,2.608675030236915
19,2018,2,1,3,1,6,1,2,1,9,3.51625,692512,712104,25,8,34,981.613,341,1.388.086,916,SUBA,EL PRADO,1617,6,54,72,26,0,795,980,96752,44278,52474,183.4602572166716,167.1240579559339,0.6476726859530756,5.640316968070125,7.479849358074803,2.9278026754428654,183.4587398710104,167.1283280965768,0.6201422192822887,5.581279973540599,7.441706631387464,2.6872829502232514,221.32887664302817,151.50360178374052,12,24,12,46,33,2,18,12,11,12,12,12,12,10000,1.2402844385645775,2.480568877129155,1.2402844385645775,4.754423681164214,3.410782206052588,0.20671407309409626,1.860426657846866,1.2402844385645775,1.1369274020175295,1.2402844385645775,1.2402844385645775,1.2402844385645775,1.2402844385645775
41,2018,0,0,0,0,2,1,0,0,1,3,523602,513468,24,8,22,250.715,355,1.116.511,9043,PUENTE ARANDA,MUZU,774,12,66,189,76,0,485,632,56895,26833,30062,196.32248722753735,136.0468791767247,2.125191603314951,11.627056424824582,32.594831832092495,13.233051732806397,196.3265664821162,136.0400738201951,2.1091484313208544,11.600316372264698,33.21908779330345,13.357940065032077,235.5308761599523,161.3332446277693,12,24,12,42,35,0,19,12,12,12,12,12,12,10000,2.1091484313208544,4.218296862641709,2.1091484313208544,7.38201950962299,6.151682924685825,0,3.339485016258019,2.1091484313208544,2.1091484313208544,2.1091484313208544,2.1091484313208544,2.1091484313208544,2.1091484313208544
37,2018,0,0,1,1,1,1,0,0,5,3,307027,315602,40,7,41,94.944,353,1.059.511,8978,LOS MARTIRES,SANTA ISABEL,760,14,51,81,41,0,364,583,38204,18413,19791,247.83400913566868,198.89981492390297,3.641400823042978,13.357504546510478,20.75606376495196,10.73835162898688,247.87980316197255,198.9320490001047,3.664537744738771,13.349387498691238,21.201968380274316,10.73186053816354,316.6241242600337,183.92198474053865,12,24,12,46,32,5,16,12,12,12,12,12,12,10000,3.1410323526332324,6.282064705266465,3.1410323526332324,12.040624018427389,8.37608627368862,1.3087634802638466,4.18804313684431,3.1410323526332324,3.1410323526332324,3.1410323526332324,3.1410323526332324,3.1410323526332324,3.1410323526332324
107,2018,0,0,1,1,3,1,1,1,3,3.77,207448,216792,32,8,35,139.298,287,1.933.116,9603,TEUSAQUILLO,QUINTA PAREDES,1244,4,24,23,26,0,584,737,25448,11749,13699,518.7154535795662,488.4985243968771,1.630725997215612,9.547967883513945,9.08461039139852,10.279774847435483,519.0977679974851,488.83998742533794,1.5718327569946555,9.430996541967936,9.038038352719273,10.216912920465262,627.2874287173375,426.3084896707789,12,24,12,41,23,10,15,12,10,11,12,12,12,10000,4.715498270983968,9.430996541967936,4.715498270983968,16.111285759195223,9.038038352719271,3.9295818924866395,5.894372838729959,4.715498270983968,3.9295818924866395,4.322540081735303,4.715498270983968,4.715498270983968,4.715498270983968
73,2018,1,1,0,0,3,1,1,1,3,2.775714285714286,955689,1044302,4,2,40,824.337,341,1.089.512,9178,ENGATIVA,GARCES NAVAS,1254,6,130,205,259,1,654,1198,160612,75640,84972,115.44685542921884,78.08806199519272,0.39204137516555126,8.118802255607406,12.735571362810685,16.030242655774817,115.43346698876796,78.07635793091426,0.3735710905785371,8.094040295868304,12.763678928100015,16.12581874330685,158.3818085668958,76.9665301511086,12,24,12,48,36,12,23,12,12,12,12,12,12,10000,0.7471421811570742,1.4942843623141484,0.7471421811570742,2.988568724628297,2.2414265434712224,0.7471421811570742,1.432022513884392,0.7471421811570742,0.7471421811570742,0.7471421811570742,0.7471421811570742,0.7471421811570742,0.7471421811570742
31,2018,0,0,1,1,2,1,1,1,4,3.318333333333334,409362,391260,10,4,38,824.337,341,1.089.512,9178,ENGATIVA,SANTA CECILIA,1237,4,81,91,53,0,626,840,65800,30709,35091,222.78098019519337,187.97947967235547,0.6483708270238333,12.325719274907383,13.737410331344858,8.17338327165365,222.79635258358664,187.9939209726444,0.60790273556231,12.310030395136778,13.829787234042554,8.054711246200608,273.5354456348302,178.393320224559,12,24,12,44,33,2,18,12,12,12,12,12,12,10000,1.82370820668693,3.64741641337386,1.82370820668693,6.686930091185411,5.015197568389057,0.303951367781155,2.735562310030395,1.82370820668693,1.82370820668693,1.82370820668693,1.82370820668693,1.82370820668693,1.82370820668693
58,2018,0,0,0,0,0,0,1,1,0,1.5654545454545454,857659,954745,0,0,29,314.431,407,569.872,8291,USME,COMUNEROS,426,32,166,36,83,1,342,399,91633,44615,47018,81.11882813846509,46.51918862490836,3.484573424542009,18.083030680432422,4.027800438791675,9.11286706919166,81.08432551591676,46.4898017089913,3.492191677670708,18.1157443279168,3.928715637379547,9.0578721639584,89.43180544659867,72.738100302012,12,24,12,41,35,0,21,12,12,12,12,12,12,10000,1.3095718791265154,2.619143758253031,1.3095718791265154,4.474370587015595,3.8195846474523374,0,2.2917507884714023,1.3095718791265154,1.3095718791265154,1.3095718791265154,1.3095718791265154,1.3095718791265154,1.3095718791265154
13,2018,4,1,1,1,5,1,3,1,3,4.381666666666667,1717632,1842552,20,5,88,430.156,312,1.867.529,936,USAQUEN,LOS CEDROS,2190,2,46,46,14,0,1067,1231,123293,54733,68560,186.38576907475965,177.62011264895304,0.18823500705705715,3.7877954732404953,3.8073819012485703,1.3616921717175363,186.38527734745688,177.62565595775916,0.162215210920328,3.730949851167544,3.730949851167544,1.135506476442296,224.91001772239784,155.6301050175029,12,24,12,46,36,6,17,12,12,12,12,12,12,10000,0.973291265521968,1.946582531043936,0.973291265521968,3.7309498511675443,2.9198737965659043,0.486645632760984,1.3788292928227879,0.973291265521968,0.973291265521968,0.973291265521968,0.973291265521968,0.973291265521968,0.973291265521968
87,2018,0,0,0,0,0,0,0,0,1,1.765,212992,339512,0,0,47,546.809,398,703.807,854,BOSA,TINTAL SUR,308,16,119,42,68,1,245,306,97019,45633,51386,57.0390430825919,31.77802742429792,1.6642002940397678,12.276633311714445,4.41638048893613,7.121383925416972,56.99914449746957,31.746358960615964,1.6491615044475825,12.265638689328894,4.329048949174904,7.008936393902226,67.05673525737953,47.67835597244385,12,24,12,41,34,0,19,12,12,12,12,12,9,10000,1.2368711283356868,2.4737422566713736,1.2368711283356868,4.22597635514693,3.504468196951113,0,1.9583792865315042,1.2368711283356868,1.2368711283356868,1.2368711283356868,1.2368711283356868,1.2368711283356868,0.9276533462517651
77,2018,1,1,0,0,0,0,0,0,1,2.045,283878,356976,0,0,13,317.179,346,1.428.379,9003,FONTIBON,ZONA FRANCA,301,6,33,76,45,0,163,297,56771,26670,30101,81.2590486022659,53.06449153731153,1.094470329343122,5.910114244308365,13.292288099891747,8.069520872697176,81.20343132937592,53.02002783111095,1.056877631184936,5.812826971517147,13.387116661675856,7.92658223388702,111.36107986501686,54.15102488289426,12,24,8,36,29,1,15,12,12,12,12,12,8,10000,2.113755262369872,4.227510524739744,1.409170174913248,6.341265787109616,5.108241884060524,0.176146271864156,2.64219407796234,2.113755262369872,2.113755262369872,2.113755262369872,2.113755262369872,2.113755262369872,1.409170174913248
39,2018,1,1,2,1,5,1,0,0,0,3,1410480,1306815,45,15,69,378.78,372,591.317,8706,RAFAEL URIBE URIBE,QUIROGA,1501,18,119,138,168,0,774,1170,88243,42702,45541,220.29012921480333,170.09292972289282,2.05115990401017,13.48796824989837,15.537899052776778,18.772767528341355,220.3007604002584,170.09847806624887,2.039821855557948,13.485488933966431,15.638634225944266,19.038337318540847,273.99185049880566,169.95674227619068,12,24,12,46,36,9,22,12,12,12,12,12,12,10000,1.359881237038632,2.719762474077264,1.359881237038632,5.212878075314755,4.079643711115896,1.019910927778974,2.4931156012374918,1.359881237038632,1.359881237038632,1.359881237038632,1.359881237038632,1.359881237038632,1.359881237038632
108,2018,0,0,0,0,0,0,1,1,2,2.685714285714286,33520,33976,48,8,66,250.715,355,1.116.511,9043,PUENTE ARANDA,ZONA INDUSTRIAL,1031,16,155,57,40,0,513,786,5977,2974,3003,2163.596449412497,1718.1933956874673,22.819219078420357,233.5877959467648,77.65431337085333,48.39414647787018,2173.3311025598127,1724.9456248954325,26.76928224861971,259.32742178350344,95.36556801070772,66.92320562154927,2642.9051782111633,1708.291708291708,12,24,12,45,35,4,13,12,12,12,12,12,12,10000,20.07696168646478,40.15392337292956,20.07696168646478,75.28860632424293,58.557804918855616,6.6923205621549275,21.750041827003514,20.07696168646478,20.07696168646478,20.07696168646478,20.07696168646478,20.07696168646478,20.07696168646478
61,2018,0,0,0,0,0,0,4,1,0,1.2366666666666666,79500,134960,0,0,65,314.431,407,569.872,8291,USME,CIUDAD USME,92,16,101,8,4,0,128,93,22637,10939,11698,97.74580472395073,40.76692804371307,6.860513621295349,43.692895176108195,3.9411043988256704,2.8103140838074228,97.62777753235852,40.64142775102708,7.06807439148297,44.617219596236254,3.534037195741485,1.7670185978707424,85.0169119663589,109.42041374593948,12,21,8,37,27,0,15,12,5,11,12,10,2,10000,5.301055793612227,9.2768476388214,3.534037195741485,16.344922030304367,11.927375535627514,0,6.626319742015284,5.301055793612227,2.2087732473384283,4.859301144144542,5.301055793612227,4.417546494676857,0.8835092989353712
1,2018,0,0,0,0,0,0,0,0,0,4,52488,63828,3,3,83,430.156,312,1.867.529,936,USAQUEN,PASEO DE LOS LIBERTADORES,374,0,0,6,8,0,146,242,2567,1279,1288,1496.4814352115463,1443.9827484883533,0.9144779783624162,2.9568729424513087,18.257065936573568,20.291563462328934,1511.4920140241527,1456.953642384106,0,0,23.37358784573432,31.164783794312427,1892.103205629398,1133.5403726708075,12,22,5,37,20,0,12,10,7,8,12,8,8,10000,46.74717569146864,85.70315543435918,19.477989871445267,144.13712504869497,77.91195948578107,0,46.74717569146864,38.955979742890534,27.269185820023374,31.164783794312427,46.74717569146864,31.164783794312427,31.164783794312427
46,2018,0,0,0,0,3,1,1,1,1,2.72,884656,1003288,18,6,40,979.914,372,999.300,8894,KENNEDY,CASTILLA,1662,16,128,277,144,1,853,1372,138657,65654,73003,160.6180697051853,119.86992217085069,1.1686841065857565,9.2543629460793,19.864532228318257,10.394438942775883,160.61215805909546,119.86412514333932,1.1539265958444218,9.231412766755374,19.977354190556554,10.385339362599796,208.9743199195784,116.84451323918196,12,24,12,43,34,3,18,12,12,12,12,12,12,10000,0.8654449468833164,1.7308898937666328,0.8654449468833164,3.101177726331884,2.4520940161693967,0.2163612367208291,1.2981674203249745,0.8654449468833164,0.8654449468833164,0.8654449468833164,0.8654449468833164,0.8654449468833164,0.8654449468833164
85,2018,1,1,1,1,3,1,2,1,1,1.9988888888888892,2537808,2654832,17,6,39,546.809,398,703.807,854,BOSA,BOSA CENTRAL,1898,58,438,133,372,2,1221,1674,233322,112383,120939,124.2569959763058,81.3545044700971,2.4879049683010512,18.75746933288636,5.72781612573743,15.879741128270918,124.24889208904432,81.34680827354471,2.4858350262727047,18.77234037081801,5.700276870590857,15.943631547818036,148.95491310963402,100.95998809317096,12,24,12,46,36,8,23,12,12,12,12,12,12,10000,0.5143106950909044,1.0286213901818089,0.5143106950909044,1.9715243311818003,1.5429320852727133,0.3428737967272696,0.9857621655909001,0.5143106950909044,0.5143106950909044,0.5143106950909044,0.5143106950909044,0.5143106950909044,0.5143106950909044
60,2018,0,0,0,0,0,0,0,0,0,1.11,10544,15584,0,0,0,314.431,407,569.872,8291,USME,PARQUE ENTRENUBES,14,0,12,8,0,0,24,10,1014,517,497,331.1596444363694,138.38941140415864,1.5603115415571844,75.64870010825578,37.03416304361891,8.052425806260509,335.3057199211045,138.0670611439842,0,118.3431952662722,78.89546351084813,0,193.42359767891685,482.897384305835,5,5,0,20,9,0,6,0,0,2,6,0,0,10000,49.30966469428008,49.30966469428008,0,197.23865877712032,88.75739644970415,0,59.171597633136095,0,0,19.723865877712033,59.171597633136095,0,0
30,2018,1,1,4,1,6,1,0,0,5,3.001818181818182,1427481,1341120,25,7,42,824.337,341,1.089.512,9178,ENGATIVA,BOYACA REAL,1750,12,143,158,126,0,863,1326,125315,59415,65900,174.68304165772315,139.6504360036838,0.9757400926977796,11.424515413731449,12.574212881177802,10.072307792047855,174.67980688664565,139.64808682121054,0.9575868810597294,11.411243665961775,12.608227267286438,10.05466225112716,223.17596566523605,130.95599393019728,12,24,12,43,36,6,22,12,12,12,12,12,12,10000,0.9575868810597294,1.9151737621194589,0.9575868810597294,3.4313529904640303,2.872760643179188,0.4787934405298647,1.7555759486095042,0.9575868810597294,0.9575868810597294,0.9575868810597294,0.9575868810597294,0.9575868810597294,0.9575868810597294
72,2018,0,0,0,0,1,1,0,0,3,3,331356,345116,4,2,21,824.337,341,1.089.512,9178,ENGATIVA,BOLIVIA,999,2,51,134,41,0,474,753,81481,37070,44411,150.6009348897112,122.61426741074423,0.28344322641286984,6.323361674670047,16.32144450761227,5.234015915433569,150.58725347013416,122.60526994023144,0.2454559958763393,6.259127894846651,16.44555172371473,5.031847915464955,203.1292149986512,106.73031456170769,12,24,12,45,31,9,18,12,10,12,12,12,12,10000,1.4727359752580356,2.945471950516071,1.4727359752580356,5.522759907217634,3.8045679360832585,1.1045519814435267,2.2091039628870535,1.4727359752580356,1.2272799793816964,1.4727359752580356,1.4727359752580356,1.4727359752580356,1.4727359752580356
57,2018,0,0,2,1,0,0,0,0,0,1.7740000000000002,1391324,1519562,3,3,23,314.431,407,569.872,8291,USME,GRAN YOMASA,657,72,203,54,139,2,466,655,123476,59837,63639,91.13403860558098,53.22912962125912,5.803187439702444,16.42556074846784,4.441619565763986,11.247111492890715,91.11082315591696,53.20872072305549,5.831092681978684,16.440441867245458,4.373319511484013,11.257248372153292,109.4640439861624,73.22553779914833,12,24,12,44,34,3,21,12,12,12,12,12,12,10000,0.9718487803297807,1.9436975606595615,0.9718487803297807,3.5634455278758623,2.753571544267712,0.24296219508244518,1.7007353655771162,0.9718487803297807,0.9718487803297807,0.9718487803297807,0.9718487803297807,0.9718487803297807,0.9718487803297807
23,2018,0,0,0,0,4,1,18,1,5,3.5728571428571425,209118,255647,7,5,41,981.613,341,1.388.086,916,SUBA,CASA BLANCA SUBA,505,0,22,20,10,0,273,284,52913,24468,28445,105.3134174001294,95.46675216047996,0.06342409132358523,4.283665084485853,3.953571296090028,2.361248983686674,105.26713662049023,95.43968400960068,0,4.1577684122994345,3.779789465726759,1.8898947328633795,116.0699689390224,95.9746879943751,12,23,8,35,28,5,14,12,12,12,12,12,11,10000,2.2678736794360552,4.346757885585773,1.5119157862907038,6.614631565021828,5.291705252017462,0.9449473664316898,2.645852626008731,2.2678736794360552,2.2678736794360552,2.2678736794360552,2.2678736794360552,2.2678736794360552,2.0788842061497173
88,2018,0,0,0,0,0,0,0,0,16,5.9375,358776,369156,3,2,60,122.507,243,2.288.835,9661,CHAPINERO,EL REFUGIO,864,0,20,9,2,0,424,471,36695,16397,20298,243.8579537160846,235.39524885624363,0.09057858099802855,5.606636404683988,2.75426033024442,1.309218857793752,243.90243902439025,235.454421583322,0,5.450333832947268,2.4526502248262707,0.5450333832947268,287.24766725620543,208.88757513055475,12,22,8,45,26,1,12,12,12,9,12,12,12,10000,3.270200299768361,5.995367216241994,2.1801335331789073,12.263251124131353,7.085433982831448,0.2725166916473634,3.270200299768361,3.270200299768361,3.270200299768361,2.4526502248262707,3.270200299768361,3.270200299768361,3.270200299768361
9,2018,0,0,1,1,4,1,1,1,0,2.7445454545454546,927663,1059410,9,4,60,430.156,312,1.867.529,936,USAQUEN,VERBENAL,623,20,166,98,50,3,442,509,119080,56578,62502,80.39287003759624,52.33912436645967,1.6915239332526812,13.93939197721394,8.250647289879979,4.358855549618498,80.36614040980854,52.31776956667786,1.6795431642593217,13.940208263352368,8.229761504870675,4.198857910648304,89.96429707660221,70.71773703241496,12,24,12,44,36,1,19,12,12,12,12,12,12,10000,1.0077258985555928,2.0154517971111856,1.0077258985555928,3.6949949613705075,3.023177695666779,0.08397715821296607,1.5955660060463555,1.0077258985555928,1.0077258985555928,1.0077258985555928,1.0077258985555928,1.0077258985555928,1.0077258985555928
109,2018,0,0,0,0,0,0,0,0,2,4.123333333333334,44058,53832,12,3,32,139.298,287,1.933.116,9603,TEUSAQUILLO,CIUDAD SALITRE ORIENTAL,858,2,31,2,12,0,462,443,21236,9763,11473,425.8338184583241,403.7245077818655,1.0450525009547262,14.57241003043295,1.551393780792502,6.281140188315151,426.1631192314937,404.0308909399134,0.9417969485778868,14.597852702957242,0.9417969485778868,5.65078169146732,453.7539690668852,402.6845637583892,12,21,3,37,31,6,15,12,7,9,12,10,7,10000,5.65078169146732,9.88886796006781,1.41269542286683,17.423243548690902,14.597852702957242,2.82539084573366,7.06347711433415,5.65078169146732,3.296289320022603,4.238086268600489,5.65078169146732,4.708984742889434,3.296289320022603
49,2018,0,0,1,1,0,0,1,1,2,2.3333333333333335,124191,114375,10,3,11,546.809,398,703.807,854,BOSA,APOGEO,726,8,34,20,68,0,311,545,36791,17636,19155,232.63021820850236,197.2985177844171,2.1969435625701648,9.32651193170766,5.615525871091135,17.914571198778482,232.66559756462175,197.33086896251805,2.17444483705254,9.241390557473297,5.436112092631349,18.48278111494659,309.0269902472216,162.35969720699555,12,24,11,41,31,1,20,12,12,12,12,12,9,10000,3.2616672555788098,6.5233345111576195,2.989861650947242,11.144029789894269,8.425973743578592,0.2718056046315675,5.436112092631349,3.2616672555788098,3.2616672555788098,3.2616672555788098,3.2616672555788098,3.2616672555788098,2.4462504416841075
14,2018,0,0,0,0,1,1,0,0,14,4.66,375100,457974,0,0,45,430.156,312,1.867.529,936,USAQUEN,USAQUEN,1069,4,37,13,12,0,532,603,39868,18825,21043,284.6184130252975,268.0592820022547,1.057928097770483,9.358614169110488,3.5088197845221996,3.54778920520252,284.68947526838565,268.1348449884619,1.0033109260559847,9.280626066017858,3.2607605096819507,3.0099327781679546,320.3187250996016,252.8156631658984,12,24,11,43,35,7,16,12,11,11,12,12,12,10000,3.0099327781679546,6.019865556335909,2.7591050466539584,10.785592455101837,8.778970602989865,1.7557941205979735,4.013243704223939,3.0099327781679546,2.7591050466539584,2.7591050466539584,3.0099327781679546,3.0099327781679546,3.0099327781679546
32,2018,0,0,0,0,0,0,0,0,0,1.7457142857142858,1408200,1428675,0,0,47,404.35,373,706.208,8368,SAN CRISTOBAL,SAN BLAS,338,22,124,36,64,0,280,304,97856,47245,50611,59.71827987966707,34.571211876281055,2.2559458110343527,12.679698246592476,3.775680855486718,6.665442126516037,59.67952910398954,34.540549378678875,2.248201438848921,12.671680837148465,3.67887508175278,6.540222367560498,64.34543337919357,55.32394143565627,12,24,12,41,35,4,20,12,12,12,12,12,12,10000,1.2262916939175932,2.4525833878351864,1.2262916939175932,4.189829954218443,3.5766841072596467,0.4087638979725311,2.0438194898626554,1.2262916939175932,1.2262916939175932,1.2262916939175932,1.2262916939175932,1.2262916939175932,1.2262916939175932
92,2018,0,0,0,0,0,0,0,0,10,2.5425,132324,86100,26,6,25,96.241,318,896.890,8828,SANTA FE,LA MACARENA,588,2,41,6,10,1,286,359,12041,5866,6175,536.4793268605385,487.61176693416326,1.771595818236534,32.93782537708069,5.540851121211143,8.800051461363525,537.3307864795282,488.33153392575366,1.6609916119923591,34.050328045843365,4.982974835977078,8.304958059961796,612.0013637913399,463.15789473684214,12,18,11,43,29,1,14,11,6,10,12,9,7,10000,9.965949671954156,14.948924507931237,9.135453865957977,35.71131965783573,24.084378373889212,0.8304958059961797,11.626941283946516,9.135453865957977,4.982974835977078,8.304958059961796,9.965949671954156,7.474462253965618,5.813470641973258
11,2018,0,0,1,1,4,1,2,1,5,2.3000000000000003,373404,436080,0,0,21,430.156,312,1.867.529,936,USAQUEN,SAN CRISTOBAL NORTE,478,16,77,41,28,1,308,330,68168,32450,35718,93.92653869013137,70.15145238104068,2.3565113210327655,11.321082467119275,6.1002823997862405,4.3858264581759014,93.88569416735125,70.12087783124046,2.3471423541837813,11.295622579509446,6.01455228259594,4.107499119821617,101.69491525423727,86.23103197267484,12,24,12,38,36,12,16,12,12,12,12,12,12,10000,1.760356765637836,3.520713531275672,1.760356765637836,5.57446309118648,5.281070296913509,1.760356765637836,2.3471423541837813,1.760356765637836,1.760356765637836,1.760356765637836,1.760356765637836,1.760356765637836,1.760356765637836
36,2018,0,0,0,0,0,0,0,0,1,2.97,350595,343350,26,7,19,378.78,372,591.317,8706,RAFAEL URIBE URIBE,SAN JOSE,620,21,59,84,89,1,326,545,46555,22110,24445,187.5207215791461,133.1857131309824,4.470698403360266,12.689881295923186,17.777147401553634,18.623263067332868,187.52013747180752,133.17581355386102,4.510793684888841,12.67318225754484,18.043174739555365,19.11717323595747,246.49479873360468,133.36060544078543,12,24,12,44,36,5,17,12,12,12,12,12,12,10000,2.577596391365052,5.155192782730104,2.577596391365052,9.451186768338523,7.732789174095156,1.073998496402105,3.651594887767157,2.577596391365052,2.577596391365052,2.577596391365052,2.577596391365052,2.577596391365052,2.577596391365052
53,2018,0,0,1,1,1,1,0,0,1,2.442857142857143,479920,461139,21,6,14,378.78,372,591.317,8706,RAFAEL URIBE URIBE,MARCO FIDEL SUAREZ,436,31,82,30,75,2,249,401,46417,22472,23945,140.92681034949888,93.9627935615537,6.584411451252747,17.608516252621293,6.573148861839692,15.839287395752034,140.8966542430575,93.931102828705,6.678587586444621,17.665941357692226,6.463149277204473,16.15787319301118,178.4442862228551,103.98830653581123,12,24,12,42,36,2,20,12,12,12,12,12,12,10000,2.585259710881789,5.170519421763578,2.585259710881789,9.048408988086262,7.755779132645367,0.4308766184802981,4.308766184802982,2.585259710881789,2.585259710881789,2.585259710881789,2.585259710881789,2.585259710881789,2.585259710881789
50,2018,0,0,1,1,0,0,0,0,0,1.9327272727272728,215222,1432186,1,1,21,404.35,373,706.208,8368,SAN CRISTOBAL,LA GLORIA,427,32,153,39,80,1,354,375,93229,45285,47944,78.44383591694215,45.83027333778667,3.425669241650752,16.391747284430778,4.276472254238115,8.649717905641722,78.40907872014073,45.80119919767455,3.432408370785914,16.41120252282015,4.183247701895334,8.581020926964786,82.80887711162636,73.83614216586017,12,24,12,41,36,5,19,12,12,12,12,12,12,10000,1.2871531390447177,2.5743062780894355,1.2871531390447177,4.397773225069453,3.861459417134154,0.5363138079352991,2.0379924701541365,1.2871531390447177,1.2871531390447177,1.2871531390447177,1.2871531390447177,1.2871531390447177,1.2871531390447177
110,2018,1,1,1,1,0,0,0,0,3,4.074999999999999,71780,82212,7,2,29,317.179,346,1.428.379,9003,FONTIBON,CIUDAD SALITRE OCCIDENTAL,1207,0,24,14,22,0,608,659,42871,20206,22665,295.4642390958659,281.46397895139836,0.07788080114762362,5.729961932312853,3.4967342516181334,5.4977808673784265,295.53777611905485,281.54230132257237,0,5.598189918592988,3.26561078584591,5.131674092043573,326.14075027219633,268.25501875137877,12,24,6,39,25,2,14,12,11,12,12,11,12,10000,2.799094959296494,5.598189918592988,1.399547479648247,9.097058617713605,5.831447831867696,0.4665158265494157,3.26561078584591,2.799094959296494,2.5658370460217865,2.799094959296494,2.799094959296494,2.5658370460217865,2.799094959296494
10,2018,0,0,1,1,1,1,14,1,1,2.87125,122265,153495,5,2,29,430.156,312,1.867.529,936,USAQUEN,LA URIBE,735,14,46,29,4,1,376,450,31194,14327,16867,265.363022233842,235.55249750372005,4.429758224205512,14.725665960845914,9.322735893221894,2.105958660598832,265.4356607039815,235.622235045201,4.488042572289543,14.746425594665642,9.29665961402834,1.2822978777970122,314.09227333007607,222.92049564237865,12,24,10,47,36,12,18,12,12,12,12,12,12,10000,3.8468936333910366,7.693787266782073,3.2057446944925307,15.067000064114893,11.54068090017311,3.8468936333910366,5.770340450086555,3.8468936333910366,3.8468936333910366,3.8468936333910366,3.8468936333910366,3.8468936333910366,3.8468936333910366
42,2018,0,0,0,0,1,1,6,1,1,2.4250000000000003,2179040,2310720,35,13,66,182.532,363,829.895,8719,TUNJUELITO,VENECIA,1857,26,176,189,159,1,963,1442,131951,63768,68183,182.41754531926185,140.73607952236546,1.978661875675318,13.340723827707942,14.271118961930078,12.023106869324629,182.4161999530129,140.73406037089526,1.970428416609196,13.338284666277634,14.323498874582231,12.049927624648545,226.13222933132604,141.23755188243405,12,24,12,48,36,12,24,12,12,12,12,12,12,10000,0.909428499973475,1.81885699994695,0.909428499973475,3.6377139998939,2.728285499920425,0.909428499973475,1.81885699994695,0.909428499973475,0.909428499973475,0.909428499973475,0.909428499973475,0.909428499973475,0.909428499973475
103,2018,0,0,0,0,0,0,0,0,2,3,10953,12423,5,2,15,230.066,336,1.462.840,9244,BARRIOS UNIDOS,PARQUE SALITRE,177,2,4,6,2,0,71,120,1339,688,651,1399.7880776328825,1299.7887716425546,9.283347617274655,24.355382235757304,25.987676936748617,12.107563091014516,1426.4376400298731,1321.8820014936518,14.936519790888724,29.873039581777448,44.809559372666165,14.936519790888724,1744.186046511628,1090.6298003072195,12,22,8,37,18,0,12,11,5,4,12,7,4,10000,89.61911874533233,164.30171769977596,59.746079163554896,276.32561613144134,134.42867811799852,0,89.61911874533233,82.15085884988798,37.34129947722181,29.873039581777448,89.61911874533233,52.277819268110534,29.873039581777448
21,2018,0,0,0,0,6,1,0,0,14,3.762,225860,233125,52,5,22,230.066,336,1.462.840,9244,BARRIOS UNIDOS,LOS ANDES,1096,2,38,23,14,0,530,643,27253,11949,15304,430.1500686432699,401.9205263812652,0.8239370158025643,13.939840841469728,8.515524005264243,5.691960172583595,430.41133086265734,402.1575606355263,0.7338641617436612,13.943419073129563,8.439437860052104,5.137049132205629,538.120344798728,346.31468897020386,12,23,11,42,36,3,14,12,12,12,12,12,11,10000,4.403184970461968,8.439437860052104,4.036252889590137,15.411147396616885,13.209554911385903,1.100796242615492,5.137049132205629,4.403184970461968,4.403184970461968,4.403184970461968,4.403184970461968,4.403184970461968,4.036252889590137
55,2018,0,0,0,0,0,0,0,0,0,1.5539999999999998,379860,395955,0,0,7,378.78,372,591.317,8706,RAFAEL URIBE URIBE,DIANA TURBAY,302,24,121,24,55,1,214,310,71841,34863,36978,73.26447226976943,42.07635233805907,3.333485816727864,16.813394369184547,3.479018260292849,7.7806043188301794,73.21724363525007,42.03727676396487,3.3407107362091284,16.842749961721022,3.3407107362091284,7.65579543714592,88.91948484066202,57.87224836389204,12,24,12,42,35,2,20,12,12,12,12,12,11,10000,1.6703553681045642,3.3407107362091284,1.6703553681045642,5.846243788365975,4.8718698236383124,0.27839256135076074,2.7839256135076074,1.6703553681045642,1.6703553681045642,1.6703553681045642,1.6703553681045642,1.6703553681045642,1.531159087429184
113,2018,0,0,0,0,3,1,0,0,1,3.2925,104270,104965,8,3,26,979.914,372,999.300,8894,KENNEDY,BAVARIA,674,2,31,48,22,0,310,467,37827,17598,20229,205.39563365248856,178.16117098548858,0.6006131337591359,8.297044508836045,12.576567310771487,6.177880033374904,205.40883495915617,178.1796071589077,0.5287228699077379,8.195204483569936,12.68934887778571,5.815951568985116,265.3710648937379,153.24534084729845,12,24,11,42,29,2,14,12,8,11,12,11,11,10000,3.1723372194464274,6.344674438892855,2.907975784492558,11.103180268062497,7.6664816136621985,0.5287228699077379,3.701060089354165,3.1723372194464274,2.1148914796309515,2.907975784492558,3.1723372194464274,2.907975784492558,2.907975784492558
90,2018,0,0,1,1,3,1,0,0,20,3.05,275954,520674,22,10,60,122.507,243,2.288.835,9661,CHAPINERO,PARDO RUBIO,1017,20,264,24,16,1,638,701,46307,22621,23686,289.5247448512914,219.58312714716453,4.283482285487724,56.36737939043516,5.334809916295017,3.896097124851937,289.58904701233075,219.62122357310992,4.319001446865485,57.0108190986244,5.1828017362385825,3.455201157492388,309.88904115644755,269.3574263277886,12,22,11,45,35,7,19,12,12,12,12,12,12,10000,2.5914008681192913,4.750901591552033,2.3754507957760165,9.717753255447342,7.558252532014598,1.5116505064029195,4.10305137452221,2.5914008681192913,2.5914008681192913,2.5914008681192913,2.5914008681192913,2.5914008681192913,2.5914008681192913
67,2018,0,0,1,1,0,0,0,0,0,1.256470588235294,2609568,2765373,2,1,30,593.937,409,505.335,835,CIUDAD BOLIVAR,LUCERO,786,156,322,74,175,2,659,850,153854,75900,77954,98.35723328662786,51.10412946412422,10.08411544179148,20.896648034033102,4.86032066804716,11.36404423471078,98.33998466078228,51.087394542878314,10.139482886372797,20.92893262443615,4.809754702510172,11.374419904584864,111.98945981554678,84.53703466146703,12,24,12,45,36,12,22,12,12,12,12,12,12,10000,0.7799602220286765,1.559920444057353,0.7799602220286765,2.924850832607537,2.3398806660860294,0.7799602220286765,1.4299270737192402,0.7799602220286765,0.7799602220286765,0.7799602220286765,0.7799602220286765,0.7799602220286765,0.7799602220286765
83,2018,0,0,0,0,0,0,0,0,0,2,24432,29572,1,1,11,979.914,372,999.300,8894,KENNEDY,LAS MARGARITAS,289,16,29,52,34,0,140,280,28531,13522,15009,147.2508311333162,101.33823027515795,5.499769406382892,10.251455007664218,17.790948516461995,11.814384856308184,147.20829974413795,101.29333006203778,5.607935228348112,10.164382601380954,18.22578949213137,11.91686236023974,207.06996006507913,93.27736691318542,12,24,5,34,29,1,16,10,7,12,12,12,8,10000,4.2059514212610845,8.411902842522169,1.7524797588587853,11.91686236023974,10.164382601380954,0.350495951771757,5.607935228348112,3.5049595177175705,2.4534716624022996,4.2059514212610845,4.2059514212610845,4.2059514212610845,2.803967614174056
101,2018,1,1,0,0,3,1,0,0,15,3.8711111111111105,267970,273160,65,10,59,139.298,287,1.933.116,9603,TEUSAQUILLO,TEUSAQUILLO,2064,0,52,76,30,0,927,1295,25536,12292,13244,869.3586160963603,807.60856666737,0.1284052567348663,20.188310833323463,28.61438371746123,11.652329885797746,870.1441102756892,808.2706766917292,0,20.363408521303256,29.76190476190476,11.74812030075188,1053.5307517084284,699.9395952884325,12,24,12,47,33,4,18,12,12,11,12,12,12,10000,4.6992481203007515,9.398496240601503,4.6992481203007515,18.405388471177943,12.922932330827066,1.5664160401002505,7.048872180451127,4.6992481203007515,4.6992481203007515,4.307644110275689,4.6992481203007515,4.6992481203007515,4.6992481203007515
54,2018,0,0,0,0,0,0,0,0,1,1.83,984621,1061115,21,8,28,378.78,372,591.317,8706,RAFAEL URIBE URIBE,MARRUECOS,711,46,141,68,60,2,420,602,111476,58191,53285,92.06321700757604,63.800708292446075,4.113501031654444,12.655651296233366,6.1516723324058775,5.522467578111988,92.03774803545156,63.78054469123399,4.126448742330187,12.648462449316444,6.09996770605332,5.382324446517636,103.45242391435104,78.82143192267992,12,24,12,46,36,10,20,12,12,12,12,12,11,10000,1.0764648893035274,2.1529297786070547,1.0764648893035274,4.126448742330187,3.2293946679105816,0.897054074419606,1.794108148839212,1.0764648893035274,1.0764648893035274,1.0764648893035274,1.0764648893035274,1.0764648893035274,0.9867594818615667
78,2018,0,0,1,1,0,0,0,0,2,1.956,79812,176088,0,0,25,979.914,372,999.300,8894,KENNEDY,TINTAL NORTE,214,4,20,44,52,0,113,221,27577,12962,14615,121.18726631768922,77.66945619871352,1.510017550634648,7.414513998166206,15.627890589598108,18.0804980390184,121.11542227218334,77.60089930014142,1.450484099068064,7.25242049534032,15.955325089748705,18.85629328788483,170.49837987964818,77.31782415326718,12,24,4,39,35,3,15,12,11,11,12,11,9,10000,4.351452297204192,8.702904594408384,1.4504840990680639,14.142219965913624,12.691735866845558,1.087863074301048,5.4393153715052405,4.351452297204192,3.9888312724371757,3.9888312724371757,4.351452297204192,3.9888312724371757,3.263589222903144
100,2018,1,1,1,1,2,1,1,1,8,3.59625,300195,309096,38,9,56,139.298,287,1.933.116,9603,TEUSAQUILLO,GALERIAS,1885,6,56,66,21,1,863,1169,33749,16059,17690,602.323267199818,558.2243855501002,1.8157418716796512,16.536341670186832,19.12673651567704,6.591906763975676,602.6845239858959,558.5350677057098,1.777830454235681,16.593084239533024,19.55613499659249,6.222406589824884,727.9407186001619,487.8462408140192,12,24,12,46,35,5,22,12,11,12,12,12,12,10000,3.555660908471362,7.111321816942724,3.555660908471362,13.630033482473554,10.370677649708139,1.4815253785297342,6.51871166553083,3.555660908471362,3.259355832765415,3.555660908471362,3.555660908471362,3.555660908471362,3.555660908471362
34,2018,0,0,2,1,2,1,1,1,0,2.346363636363636,864012,1108236,26,12,30,404.35,373,706.208,8368,SAN CRISTOBAL,20 DE JULIO,859,14,155,80,114,0,520,702,78361,37998,40363,155.9571341980561,109.63447880201784,1.803121797109309,19.727305647665094,10.202023363266134,14.412991497625123,155.94492158088846,109.6208573142252,1.78660302956828,19.7802478273631,10.2091601689616,14.54805324077028,184.74656560871625,128.83085994599014,12,24,12,47,35,1,20,12,12,12,12,12,12,10000,1.53137402534424,3.06274805068848,1.53137402534424,5.99788159926494,4.4665075739207,0.12761450211202002,2.5522900422404,1.53137402534424,1.53137402534424,1.53137402534424,1.53137402534424,1.53137402534424,1.53137402534424
106,2018,0,0,0,0,1,1,1,1,1,4.164,167560,168920,17,5,30,139.298,287,1.933.116,9603,TEUSAQUILLO,LA ESMERALDA,519,0,11,20,4,0,244,310,35620,16336,19284,155.55779776927517,145.70854498542994,0.09322419952133976,3.29460661116963,5.792383946161688,1.8642801400642288,155.53060078607524,145.70466030320046,0,3.0881527231892196,5.614823133071309,1.1229646266142617,189.76493633692456,126.52976560879485,12,23,11,32,30,2,15,12,10,10,12,12,9,10000,3.3688938798427848,6.457046603032005,3.0881527231892196,8.983717012914093,8.422234699606962,0.5614823133071308,4.211117349803481,3.3688938798427848,2.8074115665356545,2.8074115665356545,3.3688938798427848,3.3688938798427848,2.5266704098820885
91,2018,2,1,0,0,0,0,1,1,13,3.3285714285714287,96894,41153,42,7,37,96.241,318,896.890,8828,SANTA FE,SAGRADO CORAZON,1652,0,73,18,13,2,832,920,10027,4998,5029,1746.693636797526,1643.717951898273,0.30602193044751835,68.95326830732094,16.859279585218975,12.478246785098838,1751.271566769722,1647.5516106512416,0,72.80343073701007,17.95153086666002,12.964994514810012,1840.7362945178072,1654.4044541658382,12,23,12,44,29,3,16,12,11,11,12,12,12,10000,11.967687244440013,22.938067218510025,11.967687244440013,43.88151989628005,28.921910840730032,2.991921811110003,15.956916325920016,11.967687244440013,10.970379974070012,10.970379974070012,11.967687244440013,11.967687244440013,11.967687244440013
95,2018,0,0,0,0,0,0,0,0,9,2,260205,69723,19,3,15,96.241,318,896.890,8828,SANTA FE,LAS CRUCES,529,22,40,8,14,0,255,358,20406,10293,10113,300.2404536219206,259.10115431335214,10.348347714129822,19.409670429461386,4.341366476153777,7.360772040029455,300.40184259531514,259.23747917279235,10.78114280113692,19.602077820248947,3.9204155640497897,6.860727237087131,347.80919071213447,252.15069712251557,20,29,13,66,49,12,23,16,12,13,20,14,9,10000,9.801038910124474,14.211506419680486,6.370675291580908,32.34342840341076,24.012545329804958,5.8806233460746835,11.271194746643143,7.840831128099579,5.8806233460746835,6.370675291580908,9.801038910124474,6.860727237087131,4.410467509556013
40,2018,0,0,0,0,2,1,0,0,1,3,1219392,1267944,21,8,62,250.715,355,1.116.511,9043,PUENTE ARANDA,CIUDAD MONTES,1122,6,65,306,97,1,588,1006,98166,46098,52068,162.58950773703813,114.30584001706,0.6384547693662296,6.672265432731592,30.83782421290481,9.908661088994194,162.5817492818287,114.29619216429316,0.6112095837662735,6.6214371574679625,31.171688772079943,9.88122160422142,218.23072584493903,112.92924637013137,12,24,12,42,35,2,17,12,12,12,12,12,12,10000,1.222419167532547,2.444838335065094,1.222419167532547,4.278467086363914,3.565389238636595,0.20373652792209115,1.7317604873377748,1.222419167532547,1.222419167532547,1.222419167532547,1.222419167532547,1.222419167532547,1.222419167532547
64,2018,0,0,0,0,0,0,0,0,0,1,5590,25895,0,0,7,593.937,409,505.335,835,CIUDAD BOLIVAR,MONTE BLANCO,7,20,29,0,2,0,27,31,5331,2681,2650,109.23528877384727,13.79395783392337,31.22027244252089,49.68682482426229,2.2296930655989167,6.269246306676561,108.79759894954044,13.130744700806604,37.51641343087601,54.398799474770215,0,3.7516413430876008,115.62849682954122,101.8867924528302,12,24,7,38,28,0,15,12,11,12,12,11,3,10000,22.509848058525606,45.01969611705121,13.130744700806604,71.28118551866442,52.522978803226415,0,28.137310073157003,22.509848058525606,20.634027386981806,22.509848058525606,22.509848058525606,20.634027386981806,5.627462014631401
48,2018,0,0,1,1,0,0,0,0,2,2.7455555555555557,1310472,1325682,5,3,18,979.914,372,999.300,8894,KENNEDY,TIMIZA,856,26,152,177,179,1,519,869,141531,67482,74049,98.2304760377186,60.497932004429714,1.84584157850511,10.754760168816354,12.477048646241032,12.610173782842452,98.21169920370802,60.48144929379429,1.837053366400294,10.739696603570948,12.506094071263538,12.647405868678948,128.77508076227736,70.08872503342381,12,24,12,41,36,12,22,12,12,12,12,12,12,10000,0.8478707844924434,1.6957415689848867,0.8478707844924434,2.896891847015848,2.54361235347733,0.8478707844924434,1.5544297715694797,0.8478707844924434,0.8478707844924434,0.8478707844924434,0.8478707844924434,0.8478707844924434,0.8478707844924434
98,2018,0,0,3,1,6,1,0,0,18,3.0542105263157895,1522242,1559634,99,19,81,230.066,336,1.462.840,9244,BARRIOS UNIDOS,LOS ALCAZARES,2292,14,104,87,76,0,1051,1522,39720,18906,20814,647.444077956372,576.7632767620428,3.506445086043644,25.96884373139328,21.447271013044308,18.559748980681125,647.7844914400806,577.0392749244712,3.524672708962739,26.183282980866064,21.903323262839876,19.133937562940584,805.035438485137,504.9485922936485,12,24,12,48,35,6,21,12,12,12,12,12,12,10000,3.0211480362537766,6.042296072507553,3.0211480362537766,12.084592145015106,8.811681772406848,1.5105740181268883,5.287009063444109,3.0211480362537766,3.0211480362537766,3.0211480362537766,3.0211480362537766,3.0211480362537766,3.0211480362537766
28,2018,0,0,6,1,13,1,6,1,6,2.287857142857143,3797108,4228084,17,6,49,981.613,341,1.388.086,916,SUBA,EL RINCON,2060,42,293,155,255,1,1195,1608,266238,127428,138810,105.36605332200774,77.38150830895142,1.5833758697352192,11.012520884401734,5.845304206910934,9.59152499361558,105.35686115430556,77.37437931474845,1.5775358889414737,11.005190844282184,5.821858637760199,9.57789646857323,126.18890667671155,86.08889849434479,12,24,12,46,36,4,24,12,12,12,12,12,12,10000,0.4507245396975638,0.9014490793951276,0.4507245396975638,1.7277774021739947,1.3521736190926916,0.15024151323252127,0.9014490793951276,0.4507245396975638,0.4507245396975638,0.4507245396975638,0.4507245396975638,0.4507245396975638,0.4507245396975638
17,2018,0,0,0,0,2,1,0,0,2,4.285,226840,238870,6,2,32,981.613,341,1.388.086,916,SUBA,SAN JOSE DE BAVARIA,825,4,38,28,11,0,392,514,47245,21911,25334,191.76425414723016,174.60882842411394,0.8967813601753549,8.12723390680206,6.0518501234470286,2.8271251307457392,191.7663244787808,174.62165308498254,0.8466504391999153,8.043179172399196,5.926553074399408,2.3282887077997674,234.58536807995984,154.73277019025815,12,22,12,39,32,2,14,12,11,12,12,12,12,10000,2.539951317599746,4.656577415599535,2.539951317599746,8.254841782199176,6.773203513599323,0.42332521959995767,2.963276537199704,2.539951317599746,2.3282887077997674,2.539951317599746,2.539951317599746,2.539951317599746,2.539951317599746
24,2018,2,1,2,1,11,1,1,1,6,4.819999999999999,859833,845949,36,12,69,981.613,341,1.388.086,916,SUBA,NIZA,1096,6,66,30,31,0,565,664,76588,34962,41626,160.479758780402,143.10604004667212,0.8155930825289647,8.664478867728864,4.035455772901698,4.298712583837931,160.46900297696766,143.1033582284431,0.7834125450462213,8.617537995508433,3.9170627252311063,4.04763148273881,189.92048509810652,135.732474895498,12,22,12,44,32,3,17,12,12,12,12,12,12,10000,1.5668250900924425,2.872512665169478,1.5668250900924425,5.745025330338956,4.178200240246514,0.39170627252311063,2.2196688776309603,1.5668250900924425,1.5668250900924425,1.5668250900924425,1.5668250900924425,1.5668250900924425,1.5668250900924425
44,2018,0,0,2,1,1,1,0,0,0,3.22875,673424,676672,20,7,33,979.914,372,999.300,8894,KENNEDY,AMERICAS,1798,16,79,193,107,0,825,1368,79652,37518,42134,275.29053471374806,225.70780569234708,2.021736676608781,9.951964780522392,23.953855924893247,13.340260922211488,275.32265354291167,225.73193391251945,2.008738010345001,9.91814392607844,24.23040224978657,13.43343544418219,364.6249800095954,195.80386386291352,12,24,12,45,36,11,21,12,12,12,12,12,12,10000,1.5065535077587506,3.0131070155175013,1.5065535077587506,5.649575654095314,4.519660523276252,1.381007382112188,2.6364686385778136,1.5065535077587506,1.5065535077587506,1.5065535077587506,1.5065535077587506,1.5065535077587506,1.5065535077587506
62,2018,0,0,1,1,2,1,0,0,1,2.024,338366,403893,26,7,26,182.532,363,829.895,8719,TUNJUELITO,TUNJUELITO,440,18,109,46,66,0,286,393,39681,19601,20080,171.1274943828622,110.91037360671451,4.488600349413212,27.23213130803713,11.526258576274016,16.230888799642315,171.11463924800282,110.88430231092966,4.536176003628941,27.46906579975303,11.592449787051738,16.63264534663945,200.4999744910974,142.43027888446215,12,24,12,41,33,2,20,12,12,11,12,12,10,10000,3.024117335752627,6.048234671505254,3.024117335752627,10.332400897154809,8.316322673319725,0.5040195559587712,5.040195559587712,3.024117335752627,3.024117335752627,2.7721075577732415,3.024117335752627,3.024117335752627,2.520097779793856
69,2018,1,1,1,1,2,1,1,1,1,1.3691666666666666,1779216,1964304,13,6,22,593.937,409,505.335,835,CIUDAD BOLIVAR,ISMAEL PERDOMO,884,98,245,98,246,0,585,986,155423,75643,79780,101.09554637915082,56.8926456317168,6.279571619289591,15.754632022077146,6.340560587855241,15.734612939524991,101.07899088294523,56.87703879091254,6.305373078630575,15.76343269657644,6.305373078630575,15.82777323819512,130.3491400393956,73.32664828277764,12,24,12,44,36,2,22,12,12,12,12,12,12,10000,0.7720864994241522,1.5441729988483044,0.7720864994241522,2.830983831221891,2.3162594982724563,0.1286810832373587,1.4154919156109456,0.7720864994241522,0.7720864994241522,0.7720864994241522,0.7720864994241522,0.7720864994241522,0.7720864994241522
93,2018,4,1,5,1,2,1,0,0,8,2.932857142857143,332178,96411,80,7,52,96.241,318,896.890,8828,SANTA FE,LAS NIEVES,4588,22,90,21,16,0,2212,2525,16323,8457,7866,2897.151682712451,2806.5682068634756,12.761662630835657,53.43719272368475,12.601533790745345,9.95819493536218,2902.040066164308,2810.757826379955,13.477914599032042,55.13692335967653,12.865282117257856,9.80211970838694,2985.692325883883,2812.10272056954,12,24,12,48,36,3,23,12,12,12,12,12,12,10000,7.351589781290204,14.703179562580408,7.351589781290204,29.406359125160815,22.054769343870614,1.837897445322551,14.090547080806225,7.351589781290204,7.351589781290204,7.351589781290204,7.351589781290204,7.351589781290204,7.351589781290204
18,2018,0,0,1,1,4,1,4,1,7,3.272,300834,346380,10,3,25,981.613,341,1.388.086,916,SUBA,BRITALIA,714,4,49,54,8,1,338,489,82735,38291,44444,100.2308403624364,86.31978993418737,0.517530017845254,5.988616020183903,6.588290480219981,1.3059925779464356,100.19943192119418,86.29963135311537,0.483471324107089,5.922523720311839,6.5268628754457,0.966942648214178,127.7062495103288,76.05076050760508,12,24,12,38,34,3,13,12,12,12,12,12,12,10000,1.4504139723212666,2.900827944642533,1.4504139723212666,4.592977579017345,4.109506254910255,0.36260349308031664,1.571281803348039,1.4504139723212666,1.4504139723212666,1.4504139723212666,1.4504139723212666,1.4504139723212666,1.4504139723212666
15,2019,0,0,0,0,0,0,3,1,11,5.395,175550,49356,6,2,21,430.156,312,1.867.529,936,USAQUEN,COUNTRY CLUB,136,0,12,5,1,0,84,70,24929,11192,13737,61.74648409727416,54.460821919378326,0.18243226322513748,4.908178652399158,2.282173751117636,1.5200386035532838,61.77544225600706,54.55493601829195,0,4.813670825143408,2.0056961771430863,0.4011392354286173,62.544674767691205,61.14872242847783,11,16,3,32,33,8,13,11,4,11,13,10,10,10000,4.41253158971479,6.418227766857877,1.203417706285852,12.836455533715753,13.237594769144371,3.2091138834289383,5.214810060572025,4.41253158971479,1.6045569417144692,4.41253158971479,5.214810060572025,4.011392354286173,4.011392354286173
86,2019,0,0,0,0,0,0,1,1,0,1.568,321440,368145,0,0,33,546.809,398,703.807,854,BOSA,EL PORVENIR,128,22,115,61,115,0,180,261,135550,64820,70730,32.55922789320348,9.46456866775665,1.6222479133269885,8.485597592179204,4.515674485356687,8.39218325652831,32.53412025082995,9.443009959424566,1.6230173367760974,8.483954260420509,4.50018443378827,8.483954260420509,40.26535020055538,25.448890145624205,12,23,12,50,37,1,22,12,13,11,13,12,13,10000,0.885282183696053,1.6967908520841017,0.885282183696053,3.6886757654002214,2.729620066396164,0.07377351530800443,1.6230173367760974,0.885282183696053,0.9590556990040575,0.8115086683880487,0.9590556990040575,0.885282183696053,0.9590556990040575
71,2019,0,0,0,0,3,1,0,0,4,2.105,2325960,2670912,0,0,22,981.613,341,1.388.086,916,SUBA,TIBABUYES,253,24,186,80,126,0,298,371,281383,136036,145347,23.791922345975124,9.001881625099903,0.861297206340514,6.614963312560572,2.863163817004212,4.514552224064786,23.77542353304926,8.991303667954355,0.8529299922170137,6.610207439681857,2.843099974056713,4.477882459139322,27.272192654885473,20.5026591536117,12,24,12,45,37,6,23,13,13,12,13,13,13,10000,0.42646499610850686,0.8529299922170137,0.42646499610850686,1.599243735406901,1.3149337380012296,0.21323249805425343,0.8173912425413049,0.4620037457842158,0.4620037457842158,0.42646499610850686,0.4620037457842158,0.4620037457842158,0.4620037457842158
29,2019,2,1,2,1,1,1,0,0,5,2.713333333333334,1291554,1329381,30,9,32,824.337,341,1.089.512,9178,ENGATIVA,MINUTO DE DIOS,315,4,53,72,70,0,196,318,110128,51823,58305,46.685736078147094,28.60926102457206,0.3981799135299205,4.834374504139572,6.517900190307407,6.352010478625759,46.672962371059135,28.603080052302772,0.3632137149498766,4.812581723085864,6.537846869097777,6.356240011622839,61.36271539663856,33.6163279307092,11,22,12,46,36,3,19,12,12,11,13,12,12,10000,0.9988377161121603,1.9976754322243206,1.0896411448496295,4.17695772192358,3.2689234345488885,0.27241028621240737,1.7252651460119135,1.0896411448496295,1.0896411448496295,0.9988377161121603,1.1804445735870985,1.0896411448496295,1.0896411448496295
80,2019,0,0,1,1,1,1,0,0,1,2.0025,247816,277108,11,4,19,979.914,372,999.300,8894,KENNEDY,CORABASTOS,228,21,60,26,45,2,126,252,56948,28431,28517,66.70256417492075,40.0250064719867,3.5749521498990595,10.518551893952674,4.599288102721478,7.74972002083291,66.72754091451851,40.0365245487111,3.687574629486549,10.535927512818713,4.565568588888108,7.901945634614035,88.63564419119975,44.1841708454606,11,22,12,43,35,0,20,12,12,11,13,13,11,10000,1.9315867106834306,3.863173421366861,2.1071855025637425,7.550748050853411,6.1459577158109155,0,3.5119758376062373,2.1071855025637425,2.1071855025637425,1.9315867106834306,2.282784294444054,2.282784294444054,1.9315867106834306
99,2019,7,1,3,1,1,1,0,0,16,3.692,79566,121692,22,6,62,122.507,243,2.288.835,9661,CHAPINERO,CHAPINERO,846,10,35,16,13,0,376,544,24347,12130,12217,376.0159446041187,345.977785028822,3.8123514445259263,14.243612030237092,6.484381499599211,5.52072271874204,377.8699634451883,347.47607508111884,4.107282211360743,14.3754877397626,6.571651538177188,5.3394668747689655,448.474855729596,307.7678644511746,12,23,12,49,36,9,17,11,12,12,13,12,12,10000,4.928738653632891,9.446749086129708,4.928738653632891,20.12568283566764,14.786215960898675,3.6965539902246687,6.982379759313262,4.5180104324968164,4.928738653632891,4.928738653632891,5.3394668747689655,4.928738653632891,4.928738653632891
3,2019,0,0,0,0,0,0,0,0,0,6,0,1169,0,0,26,981.613,341,1.388.086,916,SUBA,GUAYMARAL,11,0,1,3,0,0,4,11,2323,1124,1199,64.11670356515117,46.73213698141815,0.924961910011318,5.235066966155213,9.35137817362282,4.493915456773118,64.57167455876022,47.352561343090834,0,4.304778303917348,12.914334911752045,0,97.86476868327402,33.36113427856547,3,3,0,10,3,0,0,0,0,0,6,0,0,10000,12.914334911752045,12.914334911752045,0,43.04778303917348,12.914334911752045,0,0,0,0,0,25.82866982350409,0,0
97,2019,12,1,3,1,7,1,1,1,12,5.211875,94384,420656,63,15,98,122.507,243,2.288.835,9661,CHAPINERO,CHICO LAGO,1308,4,25,10,15,0,661,701,35313,16528,18785,384.38189293863473,369.2915189550268,1.171056987421694,7.109097700057249,2.984329501739024,4.536306044259046,385.6936538951661,370.4018350182652,1.1327273242148783,7.07954577634299,2.8318183105371957,4.247727465805794,424.1287512100678,351.87649720521694,12,23,12,47,36,7,15,11,12,11,12,12,13,10000,3.398181972644635,6.513182114235551,3.398181972644635,13.30954605952482,10.194545917933905,1.9822728173760371,4.247727465805794,3.1150001415909156,3.398181972644635,3.1150001415909156,3.398181972644635,3.398181972644635,3.6813638036983547
94,2019,4,1,0,0,0,0,2,1,6,2.40875,203598,216855,43,8,36,22.115,283,1.050.888,889,CANDELARIA,LA CANDELARIA,346,2,309,35,7,1,417,281,17345,9085,8260,400.1984617557888,198.3743728630224,1.2216765569675496,172.52272308792612,18.562064773091368,4.601281797919547,402.9979821274143,199.48111847794752,1.153070049005477,178.1493225713462,20.17872585759585,4.03574517151917,309.3010456796918,504.84261501210653,11,22,12,44,35,2,19,12,10,11,13,12,12,10000,6.341885269530124,12.683770539060248,6.918420294032862,25.367541078120496,20.17872585759585,1.153070049005477,10.954165465552034,6.918420294032862,5.765350245027386,6.341885269530124,7.494955318535601,6.918420294032862,6.918420294032862
76,2019,0,0,0,0,1,1,0,0,1,2.186666666666667,120020,128536,0,0,21,317.179,346,1.428.379,9003,FONTIBON,FONTIBON SAN PABLO,63,6,27,19,11,0,48,78,33461,16412,17049,37.735624298441486,18.88226883454455,1.7752419196470006,8.082928399725054,5.667159572434942,3.7328795768121057,37.655778368847315,18.827889184423658,1.7931323032784434,8.069095364752997,5.6782522937150715,3.2874092226771467,47.52620034121375,28.154143938060884,11,21,11,38,31,0,16,11,12,11,13,12,7,10000,3.2874092226771467,6.2759630614745525,3.2874092226771467,11.356504587430143,9.264516900271959,0,4.781686142075849,3.2874092226771467,3.586264606556887,3.2874092226771467,3.885119990436628,3.586264606556887,2.091987687158184
114,2019,0,0,0,0,2,1,2,1,7,3.8,191930,197050,9,4,24,317.179,346,1.428.379,9003,FONTIBON,MODELIA,209,2,19,15,13,0,99,159,42974,19838,23136,60.02516378016807,48.595443435524594,0.5440377923141002,4.482014918239802,3.5857739932349904,3.4153134136086107,60.03630101922093,48.63405780239215,0.4653976823195421,4.421277982035649,3.4904826173965655,3.025084935077023,80.14920858957557,42.79045643153528,11,21,12,39,30,1,14,11,10,8,13,13,12,10000,2.5596872527574814,4.886675664355192,2.7923860939172522,9.07525480523107,6.980965234793131,0.23269884115977102,3.2577837762367943,2.5596872527574814,2.32698841159771,1.8615907292781682,3.025084935077023,3.025084935077023,2.7923860939172522
89,2019,0,0,0,0,0,0,0,0,0,2.0666666666666664,28245,48603,0,0,3,122.507,243,2.288.835,9661,CHAPINERO,SAN ISIDRO - PATIOS,18,2,15,4,2,0,23,18,15994,7940,8054,25.906193619181433,11.422597486293943,1.307527208478166,9.35984950767372,2.855015005207952,2.598643885708326,25.634612979867452,11.254220332624731,1.2504689258471926,9.378516943853946,2.500937851694385,1.2504689258471926,22.67002518891688,28.557238639185496,6,10,3,32,21,0,13,2,7,6,12,5,3,10000,3.751406777541578,6.252344629235964,1.875703388770789,20.00750281355508,13.129923721395523,0,8.128048018006751,1.2504689258471926,4.376641240465174,3.751406777541578,7.502813555083156,3.126172314617982,1.875703388770789
38,2019,0,0,5,1,4,1,0,0,3,3.008,1246305,1155330,52,15,75,119.565,392,1.095.184,9079,ANTONIO NARIÑO,RESTREPO,378,10,57,97,83,0,247,378,54708,26059,28649,114.09445415069686,69.02005447491881,1.8146183684149593,10.402133402057313,17.26866954531123,14.309295226029796,114.24288952255613,69.09409958324194,1.827886232360898,10.418951524457118,17.73049645390071,15.171455728595452,145.05545109175333,86.21592376697267,12,24,13,44,36,12,23,12,13,11,13,13,13,10000,2.1934634788330776,4.386926957666155,2.3762521020691674,8.042699422387951,6.580390436499232,2.1934634788330776,4.204138334430065,2.1934634788330776,2.3762521020691674,2.0106748555969878,2.3762521020691674,2.3762521020691674,2.3762521020691674
52,2019,0,0,0,0,0,0,0,0,0,1,614920,740280,0,0,176,314.431,407,569.872,8291,USME,LA FLORA,32,32,68,16,20,0,88,80,18698,9295,9403,89.60003025766511,17.221842494500258,14.826769386260056,35.51735933998042,8.241752097098473,9.639523209400217,89.84918173066639,17.114129853460263,17.114129853460263,36.36752593860306,8.557064926730131,10.696331158412663,86.06777837547068,93.58715303626502,11,19,7,39,32,0,13,11,10,11,13,12,6,10000,5.882982137126965,10.16151460049203,3.7437159054444322,20.8578457589047,17.114129853460263,0,6.952615252968232,5.882982137126965,5.3481655792063325,5.882982137126965,6.952615252968232,6.4177986950475985,3.2088993475237992
96,2019,0,0,0,0,0,0,0,0,4,1.7264285714285716,628474,648214,4,2,16,96.241,318,896.890,8828,SANTA FE,LOURDES,39,14,33,7,12,0,45,60,44918,21928,22990,23.480264798441468,8.749410443021238,3.014332307277093,7.366535809859615,1.7378408612778884,3.087682917749039,23.375929471481367,8.682488089407364,3.116790596197516,7.346720691037001,1.558395298098758,2.6715347967407275,27.36227654140824,19.573727707699,11,18,10,39,29,3,14,12,11,11,12,12,7,10000,2.4489068970123333,4.007302195111091,2.2262789972839396,8.682488089407364,6.456209092123426,0.6678836991851819,3.1167905961975158,2.6715347967407275,2.4489068970123333,2.4489068970123333,2.6715347967407275,2.6715347967407275,1.5583952980987579
84,2019,0,0,0,0,2,1,2,1,1,1.98,990222,1073760,1,1,30,546.809,398,703.807,854,BOSA,BOSA OCCIDENTAL,235,34,163,63,198,0,252,441,197601,96425,101176,35.086088643466745,11.905994529043513,1.71853679018266,8.250782006545977,3.2130146929163064,9.91209597130772,35.07067271926761,11.89265236511961,1.7206390655917734,8.248946108572325,3.188242974478874,10.020192205505031,45.73502722323049,24.90709259112833,12,23,13,49,37,6,25,13,12,11,13,13,13,10000,0.6072843760912141,1.1639617208414936,0.6578914074321486,2.479744535705791,1.8724601596145767,0.30364218804560705,1.2651757835233628,0.6578914074321486,0.6072843760912141,0.5566773447502795,0.6578914074321486,0.6578914074321486,0.6578914074321486
111,2019,1,1,0,0,1,1,0,0,6,2.9375,64585,73290,16,5,63,250.715,355,1.116.511,9043,PUENTE ARANDA,PUENTE ARANDA,220,3,22,19,31,0,123,172,11206,8709,2497,260.67835716762687,194.6492644275297,2.4338247936529736,19.08803070659457,15.11327851849003,20.311226356960525,263.2518293771194,196.32339817954667,2.6771372479029094,19.632339817954666,16.95520257005176,27.663751561663396,197.49684234699737,492.59110933119746,11,22,10,41,35,6,13,11,11,9,13,12,11,10000,9.816169908977333,19.632339817954666,8.92379082634303,36.587542388006426,31.233267892200608,5.354274495805819,11.600928074245939,9.816169908977333,9.816169908977333,8.031411743708727,11.600928074245939,10.708548991611638,9.816169908977333
112,2019,1,1,1,1,1,1,1,1,7,3.1133333333333333,126427,160027,0,0,71,317.179,346,1.428.379,9003,FONTIBON,GRANJAS DE TECHO,350,4,17,38,25,0,167,267,46245,21402,24843,93.73460907866868,75.57965401099796,0.9123057516785804,3.7420553683932303,8.096361943183616,5.503591311970099,93.84798356579088,75.6838577143475,0.8649583738782571,3.676073088982593,8.217104551843443,5.405989836739106,124.7546958228203,67.22215513424305,12,23,10,47,33,0,14,11,9,10,13,12,9,10000,2.594875121634771,4.973510649799978,2.1623959346956427,10.163260893069522,7.135906584495621,0,3.0273543085738996,2.3786355281652067,1.9461563412260783,2.1623959346956427,2.8111147151043356,2.594875121634771,1.9461563412260783
75,2019,0,0,2,1,7,1,5,1,4,2.913,1316550,1374890,0,0,58,317.179,346,1.428.379,9003,FONTIBON,FONTIBON,363,13,104,46,56,0,270,312,132714,63221,69493,43.86730180556306,27.358283005089824,0.9940581368596606,7.8409749174966,3.4983694541605654,4.306546654436298,43.85370043853701,27.352050273520504,0.9795500097955,7.836400078364001,3.4661000346610003,4.219600042196,49.35069043514022,38.8528340983984,12,24,13,49,36,8,23,13,12,12,13,13,12,10000,0.904200009042,1.808400018084,0.9795500097955001,3.6921500369215003,2.7126000271260002,0.6028000060280001,1.7330500173305001,0.9795500097955001,0.904200009042,0.904200009042,0.9795500097955001,0.9795500097955001,0.904200009042
12,2019,1,1,2,1,5,1,0,0,7,3.378,256245,260090,9,3,42,430.156,312,1.867.529,936,USAQUEN,TOBERIN,207,7,43,25,12,0,135,159,60120,27692,32428,48.92034115874964,34.431121704771044,1.1860463044212892,7.1691246296937186,4.204385216274756,2.376368042957033,48.902195608782435,34.4311377245509,1.164337990685296,7.152361942781105,4.1583499667332005,1.996007984031936,57.417304636718185,41.63068952756877,12,23,13,42,34,7,16,11,11,11,13,12,12,10000,1.996007984031936,3.8256819693945445,2.162341982701264,6.986027944111776,5.655355954757153,1.164337990685296,2.661343978709248,1.8296739853626083,1.8296739853626083,1.8296739853626083,2.162341982701264,1.996007984031936,1.996007984031936
16,2019,2,1,2,1,9,1,1,1,17,5.738888888888889,464238,463266,18,6,60,430.156,312,1.867.529,936,USAQUEN,SANTA BARBARA,621,2,25,9,11,1,305,361,69695,31338,38357,95.76683790434144,89.01081128771608,0.3446957287319744,3.631782861525838,1.41687443444056,1.9429113048260933,95.84618695745748,89.10251811464236,0.2869646316091542,3.587057895114427,1.2913408422411936,1.578305473850348,115.1956091645925,79.51612482728056,11,22,11,45,33,3,13,13,12,11,13,12,12,10000,1.578305473850348,3.156610947700696,1.578305473850348,6.456704211205969,4.734916421551044,0.43044694741373124,1.865270105459502,1.865270105459502,1.721787789654925,1.578305473850348,1.865270105459502,1.721787789654925,1.721787789654925
82,2019,0,0,0,0,2,1,2,1,0,1.9566666666666668,963012,1044870,9,4,29,979.914,372,999.300,8894,KENNEDY,PATIO BONITO,292,39,126,64,166,0,228,459,139919,69495,70424,49.10744406337347,20.880549645078016,2.7603011160751296,9.004590339873987,4.587972609816971,11.638915212924886,49.09983633387889,20.869217189945612,2.78732695345164,9.005210157305298,4.574075000536024,11.864007032640314,66.0479171163393,32.375326593206864,12,23,12,48,36,3,20,13,14,11,13,13,12,10000,0.8576390626005046,1.6438082033176338,0.8576390626005046,3.4305562504020184,2.572917187801514,0.21440976565012615,1.4293984376675077,0.92910898448388,1.0005789063672554,0.7861691407171292,0.92910898448388,0.92910898448388,0.8576390626005046
35,2019,1,1,0,0,1,1,1,1,2,2.666,168705,154565,35,5,22,119.565,392,1.095.184,9079,ANTONIO NARIÑO,CIUDAD JARDIN,106,3,21,32,22,0,79,105,25387,12038,13349,72.3903466574325,41.719998734578226,1.2278012576020214,8.28542627073828,12.050697873145364,8.2164756709228,72.47803994170245,41.7536534446764,1.18170717296254,8.27195021073778,12.604876511600423,8.665852601725293,87.22379132746305,59.18046295602667,12,23,11,46,35,9,20,12,12,12,13,12,11,10000,4.72682869185016,9.059754992712806,4.332926300862646,18.119509985425612,13.786583684562965,3.5451215188876195,7.878047819750266,4.72682869185016,4.72682869185016,4.72682869185016,5.120731082837673,4.72682869185016,4.332926300862646
68,2019,0,0,0,0,0,0,1,1,0,1.055,351536,380992,0,0,13,593.937,409,505.335,835,CIUDAD BOLIVAR,EL TESORO,45,40,58,15,16,0,57,117,51170,25484,25686,34.06664621768565,8.852724674205446,7.447230076296698,11.306249470944744,3.0345488997695487,3.450518998193315,34.00429939417627,8.794215360562829,7.817080320500293,11.334766464725426,2.93140512018761,3.1268321282001175,45.91115994349396,22.191076851202993,11,22,11,46,37,4,20,13,12,11,12,13,11,10000,2.1496970881375805,4.299394176275161,2.1496970881375805,8.989642368575337,7.230799296462771,0.7817080320500294,3.9085401602501464,2.540551104162595,2.345124096150088,2.1496970881375805,2.345124096150088,2.540551104162595,2.1496970881375805
27,2019,1,1,5,1,7,1,5,1,3,2.840909090909091,1497236,1751217,16,6,48,981.613,341,1.388.086,916,SUBA,SUBA,353,6,77,43,61,0,262,278,170068,79760,90308,31.772670405893027,20.765805799701273,0.37586644148611464,4.5427352662629366,2.5653542254765096,3.676396401168496,31.752005080320817,20.756403321024532,0.35280005644800905,4.527600724416116,2.528400404544065,3.586800573888092,34.85456369107322,29.011826194800015,12,24,12,43,37,6,22,12,13,11,13,12,11,10000,0.7056001128960181,1.4112002257920362,0.7056001128960181,2.528400404544065,2.1756003480960557,0.35280005644800905,1.2936002069760333,0.7056001128960181,0.7644001223040195,0.6468001034880166,0.7644001223040195,0.7056001128960181,0.6468001034880166
22,2019,1,1,0,0,5,1,0,0,2,3.292222222222222,847206,887247,37,8,38,230.066,336,1.462.840,9244,BARRIOS UNIDOS,DOCE DE OCTUBRE,296,2,44,51,28,0,187,234,67629,32457,35172,62.23969588479413,43.75205432021615,0.35474569547686463,6.526651034490788,7.478193100420395,4.310513959841488,62.25140102618699,43.76820594715285,0.2957311212645463,6.506084667820018,7.54114359224593,4.140235697703648,72.09538774378409,53.167292164221536,12,24,12,47,35,11,19,12,10,11,13,12,13,10000,1.7743867275872778,3.5487734551745556,1.7743867275872778,6.949681349716837,5.17529462212956,1.6265211669550046,2.8094456520131894,1.7743867275872778,1.4786556063227314,1.6265211669550046,1.922252288219551,1.7743867275872778,1.922252288219551
105,2019,0,0,0,0,0,0,0,0,3,2.67,1601,2464,4,1,11,824.337,341,1.089.512,9178,ENGATIVA,JARDIN BOTANICO,56,0,5,0,1,0,33,29,2616,1504,1112,227.75785729967433,206.3712430652254,0.8786115656335587,17.20968582719052,2.475828257660952,5.517284344370428,237.00305810397552,214.06727828746176,0,19.1131498470948,0,3.82262996941896,192.81914893617025,296.76258992805754,11,17,1,31,19,0,9,8,7,2,12,7,10,10000,42.04892966360856,64.98470948012232,3.8226299694189603,118.50152905198776,72.62996941896024,0,34.403669724770644,30.581039755351682,26.75840978593272,7.6452599388379205,45.87155963302752,26.75840978593272,38.2262996941896
104,2019,0,0,0,0,0,0,0,0,6,4,19494,20424,21,5,34,139.298,287,1.933.116,9603,TEUSAQUILLO,PARQUE SIMON BOLIVAR - CAN,200,0,52,8,6,0,131,135,3087,1586,1501,826.4332919728147,625.4607867965065,0.8131127880730443,142.61180860749178,17.54117989834895,10.809978701138592,861.6780045351475,647.8781988986071,0,168.44833171363786,25.91512795594428,19.43634596695821,851.1979823455233,872.7514990006663,11,22,7,47,30,9,16,11,8,8,12,11,12,10000,35.633300939423386,71.26660187884677,22.675736961451246,152.25137674117266,97.18172983479106,29.154518950437318,51.830255911888564,35.633300939423386,25.915127955944282,25.915127955944282,38.87269193391642,35.633300939423386,38.87269193391642
74,2019,0,0,0,0,2,1,0,0,2,2.0016666666666665,712512,784968,0,0,15,824.337,341,1.089.512,9178,ENGATIVA,ENGATIVA,106,25,90,47,99,0,150,217,138394,66983,71411,26.54922017795962,7.681915455288307,1.8014981437122153,6.513279882749575,3.4281349803244026,7.117654292265544,26.5184906860124,7.659291587785598,1.806436695232452,6.503172102836828,3.3961009870370105,7.153489313120511,32.39627965304629,21.005167271148704,12,23,12,44,36,4,21,11,12,11,13,12,11,10000,0.8670896137115771,1.661921759613856,0.8670896137115771,3.1793285836091156,2.6012688411347313,0.28902987123719237,1.51740682399526,0.7948321459022789,0.8670896137115771,0.7948321459022789,0.9393470815208752,0.8670896137115771,0.7948321459022789
47,2019,1,1,0,0,2,1,0,0,1,3,865592,770256,9,4,28,979.914,372,999.300,8894,KENNEDY,KENNEDY CENTRAL,260,12,91,101,112,0,222,354,94456,44672,49784,60.97428688583575,27.53458254048422,1.2810016943406235,9.629253684550676,10.577333402443866,11.53066704036824,60.98077411704921,27.526043872279157,1.2704327941051918,9.634115355297704,10.692809350385366,11.85737274498179,79.24426934097421,44.592640205688575,12,23,12,50,37,12,24,11,13,11,13,13,12,10000,1.2704327941051918,2.434996188701618,1.2704327941051918,5.2934699754383,3.9171677818243413,1.2704327941051918,2.5408655882103837,1.164563394596426,1.3763021936139577,1.164563394596426,1.3763021936139577,1.3763021936139577,1.2704327941051918
70,2019,0,0,0,0,0,0,0,0,1,1.1733333333333331,789975,888237,0,0,23,593.937,409,505.335,835,CIUDAD BOLIVAR,JERUSALEM,103,34,109,20,50,0,151,165,97492,47838,49654,32.447986127065114,10.59358808922755,3.4265962713053573,11.16629305081689,2.1255928670716724,5.193585171906459,32.41291593156362,10.564969433389408,3.487465638206212,11.180404546014032,2.0514503754154187,5.128625938538547,34.49140850369999,30.41044024650582,11,22,13,43,33,5,18,12,12,11,13,12,9,10000,1.1282977064784803,2.2565954129569605,1.333442744020022,4.41061830714315,3.384893119435441,0.5128625938538547,1.846305337873877,1.2308702252492512,1.2308702252492512,1.1282977064784803,1.333442744020022,1.2308702252492512,0.9231526689369385
66,2019,0,0,0,0,0,0,0,0,0,1.8425,597168,609704,4,3,26,593.937,409,505.335,835,CIUDAD BOLIVAR,SAN FRANCISCO,138,16,81,27,76,0,143,195,69426,34000,35426,48.70109035105976,19.901769189585444,2.272831802473834,11.643186533118294,3.9371569172945247,10.582564164281816,48.68493071759859,19.87727940541008,2.3046121049750816,11.66709878143635,3.88903292714545,10.946907498631637,57.35294117647059,40.36583300400835,12,23,12,42,32,1,19,13,12,11,13,12,12,10000,1.7284590787313112,3.312879900901679,1.7284590787313112,6.049606775559589,4.609224209950163,0.1440382565609426,2.736726874657909,1.8724973352922536,1.7284590787313112,1.5844208221703684,1.8724973352922536,1.7284590787313112,1.7284590787313112
65,2019,0,0,0,0,1,1,0,0,1,2.463333333333334,349194,364512,9,3,21,593.937,409,505.335,835,CIUDAD BOLIVAR,ARBORIZADORA,162,12,51,44,67,0,112,224,79580,38071,41509,42.24722378449824,20.377538597472753,1.5111180369019472,6.426870849617257,5.5281125013054515,8.271766359950277,42.221663734606686,20.356873586328224,1.5079165619502388,6.408645388288514,5.529027393817542,8.419200804222166,58.837435318221225,26.982100267411887,12,23,12,44,34,3,22,12,11,11,13,12,12,10000,1.5079165619502388,2.8901734104046244,1.5079165619502388,5.529027393817542,4.27243025885901,0.3769791404875597,2.764513696908771,1.5079165619502388,1.3822568484543856,1.3822568484543856,1.633576275446092,1.5079165619502388,1.5079165619502388
79,2019,0,0,0,0,0,0,1,1,0,2.1333333333333333,167274,204984,3,2,22,979.914,372,999.300,8894,KENNEDY,CALANDAIMA,151,13,80,77,96,0,142,275,124532,58974,65558,33.51161735992082,12.146342172870476,1.057718030873889,6.435656244496198,6.171479299308896,7.64422176453962,33.48536922236855,12.125397488195803,1.04390839302348,6.424051649375261,6.183149712523689,7.7088619792503135,46.63071862176552,21.66020928033192,12,23,11,45,36,1,21,12,12,12,13,12,11,10000,0.9636077474062892,1.8469148491953875,0.8833071017890983,3.6135290527735844,2.8908232422188673,0.08030064561719077,1.686313557961006,0.9636077474062892,0.9636077474062892,0.9636077474062892,1.04390839302348,0.9636077474062892,0.8833071017890983
59,2019,0,0,0,0,0,0,0,0,0,1,163808,216380,0,0,6,314.431,407,569.872,8291,USME,ALFONSO LOPEZ,71,20,58,6,15,0,89,81,49878,24695,25183,34.14689731965968,14.282012617168215,3.862566127767601,11.595657604068805,1.3799336583640909,3.351106838401003,34.08316291751875,14.234732747904888,4.0097838726492645,11.628373230682866,1.2029351617947792,3.007337904486948,32.80016197610853,35.3413016717627,12,23,11,41,35,4,23,13,12,11,13,13,10,10000,2.4058703235895584,4.611251453546654,2.2053811299570953,8.220056938930991,7.017121777136213,0.8019567745298528,4.611251453546654,2.606359517222022,2.4058703235895584,2.2053811299570953,2.606359517222022,2.606359517222022,2.0048919363246323
45,2019,0,0,0,0,2,1,1,1,2,2.7914285714285714,737583,674359,9,4,35,979.914,372,999.300,8894,KENNEDY,CARVAJAL,321,15,98,100,80,0,202,412,90319,43587,46732,67.96354478495971,35.53924744891664,1.6583344204272732,10.837369554166932,10.942428340177036,8.699777151290006,67.98126640020372,35.54069464896644,1.6607801237834787,10.85043014205206,11.071867491889856,8.857493993511886,94.52359648519054,43.22519900710434,12,24,12,46,36,2,21,12,12,11,13,12,12,10000,1.3286240990267828,2.6572481980535656,1.3286240990267828,5.093059046269334,3.985872297080349,0.22143734983779714,2.32509217329687,1.3286240990267828,1.3286240990267828,1.2179054241078844,1.4393427739456814,1.3286240990267828,1.3286240990267828
20,2019,2,1,1,1,7,1,48,1,20,4.996666666666667,231126,219822,33,6,26,981.613,341,1.388.086,916,SUBA,LA ALHAMBRA,244,2,11,5,6,0,113,155,41140,18539,22601,65.11429523046188,59.239046283820294,0.5665246344680342,2.7621696894347747,1.4274748977978065,2.059481165160796,65.14341273699563,59.309674282936314,0.4861448711716091,2.6737967914438503,1.215362177929023,1.4584346135148276,83.60753007174065,49.99778770850848,12,21,12,44,31,3,14,11,8,11,12,13,13,10000,2.9168692270296552,5.104521147301896,2.9168692270296552,10.695187165775401,7.535245503159942,0.7292173067574138,3.4030140982012638,2.6737967914438503,1.9445794846864364,2.6737967914438503,2.9168692270296552,3.1599416626154593,3.1599416626154593
51,2019,0,0,0,0,0,0,0,0,0,1.68875,263745,660861,0,0,15,404.35,373,706.208,8368,SAN CRISTOBAL,LOS LIBERTADORES,59,7,75,14,21,1,94,81,75389,36613,38776,23.407881317957045,7.867318830188195,0.955701300040876,9.93985295203222,1.957693783941868,3.037413574462621,23.34558092029341,7.8260754221438145,0.9285174229662152,9.948400960352306,1.8570348459324304,2.7855522688986456,22.123289541965967,24.24179905095935,11,22,12,43,35,2,22,12,13,12,13,12,11,10000,1.4590988075183382,2.9181976150366764,1.591744153656369,5.703749883935322,4.642587114831076,0.2652906922760615,2.9181976150366764,1.591744153656369,1.7243894997943996,1.591744153656369,1.7243894997943996,1.591744153656369,1.4590988075183382
115,2019,2,1,2,1,0,0,0,0,5,3.314,77135,83285,6,3,26,317.179,346,1.428.379,9003,FONTIBON,CAPELLANIA,209,1,10,15,17,0,84,168,17600,8297,9303,142.4923705524571,118.19270947232354,0.7266695257731989,5.785941557479349,8.193612417979711,8.812227401015404,143.1818181818182,118.75,0.5681818181818182,5.681818181818182,8.522727272727272,9.65909090909091,202.48282511751233,90.29345372460496,12,22,8,42,25,1,13,12,10,10,12,11,10,10000,6.818181818181818,12.5,4.545454545454546,23.863636363636367,14.204545454545455,0.5681818181818182,7.386363636363636,6.818181818181818,5.681818181818182,5.681818181818182,6.818181818181818,6.25,5.681818181818182
43,2019,0,0,0,0,2,1,1,1,2,3,844074,844239,17,8,31,250.715,355,1.116.511,9043,PUENTE ARANDA,SAN RAFAEL,268,9,36,123,71,0,172,335,72177,34309,37868,70.21739403369318,37.126556076664414,1.2616329026871482,5.019460874034937,16.708055688849957,9.5688974006449925,70.24398354046303,37.13094198983055,1.2469346190614738,4.987738476245895,17.041439793840144,9.83692866148496,97.6420181293538,45.42093588253935,12,23,13,47,37,6,22,13,12,11,13,12,12,10000,1.662579492081965,3.1866106931571,1.8011277830887957,6.5117696773210305,5.126286767252726,0.8312897460409825,3.0480624021502694,1.8011277830887957,1.662579492081965,1.5240312010751347,1.8011277830887957,1.662579492081965,1.662579492081965
25,2019,2,1,2,1,4,1,0,0,9,4.04,127070,126620,24,5,25,981.613,341,1.388.086,916,SUBA,LA FLORESTA,170,0,19,18,11,0,98,120,42823,19418,23405,50.92607770830085,39.683908333138504,0.11154943534477502,4.497602092104484,4.264943902215312,3.01515961934139,50.90722275412745,39.69829297340214,0,4.436868038203769,4.203348667771992,2.5687130747495504,61.79833144505098,41.871395001068144,11,21,12,42,32,5,17,12,10,11,12,12,11,10000,2.5687130747495504,4.903906779067324,2.8022324451813274,9.807813558134647,7.472619853816874,1.1675968521588864,3.969829297340214,2.8022324451813274,2.335193704317773,2.5687130747495504,2.8022324451813274,2.8022324451813274,2.5687130747495504
56,2019,0,0,0,0,0,0,0,0,0,1.508,205135,253351,6,6,8,314.431,407,569.872,8291,USME,DANUBIO,115,14,49,16,35,0,86,143,52258,25327,26931,43.85561528495373,22.03395800174997,2.615601566179783,9.37071744844289,3.157672863711407,6.654638294623631,43.82104175437254,22.006200007654332,2.6790156531057447,9.376554785870107,3.0617321749779935,6.697539132764362,56.46148379200063,31.93345958189447,12,21,12,39,31,1,13,12,11,12,12,11,8,10000,2.296299131233495,4.018523479658617,2.296299131233495,7.46297217650886,5.932106089019863,0.1913582609361246,2.48765739216962,2.296299131233495,2.1049408702973706,2.296299131233495,2.296299131233495,2.1049408702973706,1.5308660874889968
26,2019,0,0,3,1,6,1,4,1,6,3.0646153846153847,1441973,1441167,19,5,69,824.337,341,1.089.512,9178,ENGATIVA,LAS FERIAS,543,5,94,130,83,1,353,501,100323,47687,52636,85.18450846073647,54.10220805265535,0.5324494180615383,9.366718866008178,12.801842695027078,8.162706827752242,85.2247241410245,54.125175682545375,0.49839019965511394,9.369735753516142,12.958145191032964,8.273277314274893,105.06007926688616,67.06436659320617,12,24,12,48,37,4,24,13,12,11,13,13,13,10000,1.1961364791722735,2.392272958344547,1.1961364791722735,4.784545916689094,3.688087477447844,0.3987121597240912,2.392272958344547,1.2958145191032964,1.1961364791722735,1.0964584392412509,1.2958145191032964,1.2958145191032964,1.2958145191032964
102,2019,1,1,2,1,3,1,0,0,13,2.8186666666666667,764715,782955,131,15,94,94.944,353,1.059.511,8978,LOS MARTIRES,LA SABANA,928,64,92,40,57,0,441,740,39473,18761,20712,298.32646619483353,234.50391952881876,15.107161049273795,23.092059149479407,9.89431319317103,13.38304827488209,299.1918526587794,235.09740835507816,16.213614369315735,23.30707065589137,10.133508980822334,14.440250297671827,394.4352646447417,212.92004634994208,12,23,13,49,36,12,24,13,12,11,13,12,12,10000,3.0400526942467,5.826767663972842,3.2933904187672587,12.413548501507359,9.120158082740101,3.0400526942467,6.0801053884934,3.2933904187672587,3.0400526942467,2.786714969726142,3.2933904187672587,3.0400526942467,3.0400526942467
2,2019,0,0,0,0,0,0,0,0,0,5.058,10545,13800,3,2,95,981.613,341,1.388.086,916,SUBA,LA ACADEMIA,23,0,8,0,2,0,14,19,4483,2177,2306,73.09267577743566,50.87522954457473,0.6659654281739308,16.790241920476827,1.778511187899268,5.488230061667781,73.61142092348874,51.30492973455275,0,17.845192951148785,0,4.461298237787196,87.27606798346348,60.71118820468344,7,7,1,15,5,0,6,1,0,5,11,5,1,10000,15.614543832255187,15.614543832255187,2.230649118893598,33.45973678340397,11.15324559446799,0,13.383894713361588,2.230649118893598,0,11.15324559446799,24.537140307829578,11.15324559446799,2.230649118893598
116,2019,1,1,1,1,0,0,1,1,7,3.155,24638,27282,3,1,17,824.337,341,1.089.512,9178,ENGATIVA,ALAMOS,185,2,10,24,13,0,95,139,11944,5613,6331,194.2854524083069,153.7200199833728,1.6564866665935882,8.395550018287548,17.87033798043505,9.364742945256632,195.914266577361,154.88948425987942,1.6744809109176155,8.372404554588078,20.093770931011385,10.884125920964502,247.63940851594512,150.0552835255094,12,22,10,39,27,2,13,12,8,10,12,12,10,10000,10.046885465505692,18.41929002009377,8.372404554588078,32.6523777628935,22.605492297387812,1.6744809109176155,10.884125920964502,10.046885465505692,6.697923643670462,8.372404554588078,10.046885465505692,10.046885465505692,8.372404554588078
81,2019,0,0,0,0,1,1,6,1,2,2.0025,290204,283616,1,1,16,979.914,372,999.300,8894,KENNEDY,GRAN BRITALIA,103,6,41,35,85,0,95,175,63103,30784,32319,42.818144565980425,16.356043046752085,0.9819584873021112,6.5194236806051995,5.544767363622952,12.857596904968972,42.78718919861179,16.32252032391487,0.9508264266358176,6.497313915344754,5.546487488708936,13.470041044007417,56.847713097713104,29.394473838918284,12,23,12,43,36,0,19,12,12,11,12,12,12,10000,1.9016528532716352,3.6448346354373005,1.9016528532716352,6.814256057556693,5.704958559814906,0,3.0109503510134226,1.9016528532716352,1.9016528532716352,1.7431817821656659,1.9016528532716352,1.9016528532716352,1.9016528532716352
33,2019,0,0,0,0,2,1,0,0,2,2.8193333333333332,1647904,748256,42,13,30,404.35,373,706.208,8368,SAN CRISTOBAL,SOSIEGO,122,7,54,39,41,0,119,144,42929,20777,22152,61.24877000329809,28.435348155354745,1.627755356548587,12.5279480245009,8.913837360353947,9.156403246604622,61.263947448112,28.41901744741317,1.6305993617368213,12.578909361969766,9.084767872533718,9.550653404458524,69.30740722914761,53.71975442397978,11,22,12,42,37,11,18,11,12,11,12,12,10,10000,2.5623704255864332,5.1247408511728665,2.7953131915488365,9.783596170420928,8.618882340608913,2.5623704255864332,4.192969787323255,2.5623704255864332,2.7953131915488365,2.5623704255864332,2.7953131915488365,2.7953131915488365,2.3294276596240304
19,2019,2,1,6,1,8,1,2,1,11,3.51625,692512,712104,25,8,34,981.613,341,1.388.086,916,SUBA,EL PRADO,367,8,19,50,7,0,206,245,100927,46205,54722,44.70247852865432,36.36066774125,0.8173855708042153,1.923526390650974,4.965319787593068,1.000169929344454,44.68576297720134,36.36291577080464,0.792652114894924,1.8825487728754444,4.954075718093275,0.6935706005330585,53.02456444107781,37.644822923138776,12,23,12,46,33,2,16,12,12,11,13,12,12,10000,1.188978172342386,2.278874830322907,1.188978172342386,4.557749660645814,3.2696899739415617,0.198163028723731,1.585304229789848,1.188978172342386,1.188978172342386,1.0898966579805207,1.2880596867042515,1.188978172342386,1.188978172342386
41,2019,0,0,0,0,1,1,0,0,2,3,523602,513468,24,8,22,250.715,355,1.116.511,9043,PUENTE ARANDA,MUZU,163,2,28,99,42,0,130,204,57874,27440,30434,57.70896693805278,28.177269214468545,0.4113783791259506,4.879104993389645,16.690983329709013,7.1664992433996355,57.71158032968172,28.16463351418599,0.34557832532743543,4.838096554584096,17.106127103708054,7.257144831876145,74.34402332361516,42.71538410987711,12,23,13,44,35,3,19,12,13,11,13,12,12,10000,2.0734699519646127,3.974150741265508,2.2462591146283306,7.60272315720358,6.047620693230121,0.5183674879911532,3.2829940906106367,2.0734699519646127,2.2462591146283306,1.900680789300895,2.2462591146283306,2.0734699519646127,2.0734699519646127
37,2019,0,0,1,1,1,1,0,0,7,3,307027,315602,40,7,41,94.944,353,1.059.511,8978,LOS MARTIRES,SANTA ISABEL,162,9,47,51,29,0,108,190,43484,19996,23488,68.49242597183155,37.247476767691914,2.036544096821474,10.782202128649956,11.435278060404537,6.621971512979595,68.53095391408334,37.25508232913256,2.06972679606292,10.80857326832858,11.728451844356544,6.669119676202741,95.01900380076016,45.98092643051771,11,22,12,42,38,5,17,12,13,11,13,13,11,10000,2.529666084076902,5.059332168153804,2.759635728083893,9.658725048293626,8.73884647226566,1.1498482200349553,3.9094839481188486,2.759635728083893,2.989605372090884,2.529666084076902,2.989605372090884,2.989605372090884,2.529666084076902
107,2019,1,1,1,1,3,1,1,1,4,3.77,207448,216792,32,8,35,139.298,287,1.933.116,9603,TEUSAQUILLO,QUINTA PAREDES,201,0,11,10,4,0,84,142,26739,11967,14772,84.37413434097125,74.99344541101263,0.17141452568994003,4.217357623901963,3.8701811009828258,2.355684210666581,84.52073749953252,75.17109839560193,0,4.113841205729459,3.7398556415722353,1.495942256628894,118.6596473635832,56.86433793663688,12,21,12,38,28,2,13,12,8,10,12,11,11,10000,4.4878267698866825,7.853696847301695,4.4878267698866825,14.211451437974494,10.47159579640226,0.747971128314447,4.861812334043906,4.4878267698866825,2.991884513257788,3.7398556415722353,4.4878267698866825,4.113841205729459,4.113841205729459
73,2019,1,1,0,0,3,1,2,1,4,2.775714285714286,955689,1044302,4,2,40,824.337,341,1.089.512,9178,ENGATIVA,GARCES NAVAS,305,10,95,97,101,2,237,368,163652,77170,86482,37.16882063752377,18.648394037661603,0.6300058120488762,5.816088983680957,5.921607035413748,6.175129683649636,37.15200547503239,18.637108009679075,0.6110527216288222,5.80500085547381,5.927211399799575,6.171632488451103,47.68692497084359,27.404546610855437,12,23,12,48,36,11,22,13,13,12,13,13,13,10000,0.7332632659545866,1.405421259746291,0.7332632659545866,2.9330530638183463,2.1997897978637595,0.6721579937917044,1.3443159875834088,0.7943685381174688,0.7943685381174688,0.7332632659545866,0.7943685381174688,0.7943685381174688,0.7943685381174688
31,2019,0,0,1,1,2,1,1,1,7,3.318333333333334,409362,391260,10,4,38,824.337,341,1.089.512,9178,ENGATIVA,SANTA CECILIA,287,5,37,54,42,0,165,260,66554,31112,35442,63.84262163500552,43.10759892179968,0.7901017162874696,5.588697731875229,8.031892831524447,6.307584046392794,63.85791988460498,43.12287766325089,0.7512696457012351,5.55939537818914,8.113712173573338,6.310665023890375,83.56904088454615,46.55493482309125,11,22,13,44,33,4,14,13,11,12,13,12,12,10000,1.6527932205427172,3.3055864410854343,1.9533010788232112,6.611172882170869,4.958379661628152,0.6010157165609881,2.103555007963458,1.9533010788232112,1.6527932205427172,1.8030471496829643,1.9533010788232112,1.8030471496829643,1.8030471496829643
58,2019,0,0,0,0,0,0,1,1,0,1.5654545454545454,857659,954745,0,0,29,314.431,407,569.872,8291,USME,COMUNEROS,99,15,123,31,56,0,165,159,94210,46146,48064,34.42458016826989,10.538123173624586,1.592114098319118,13.02954227466236,3.339595582159741,5.963430476309438,34.39125358242225,10.50843859462902,1.5921876658528815,13.055938859993631,3.290521176095956,5.944167285850759,34.45585749577428,34.32922769640479,11,23,12,44,37,2,20,12,13,11,12,12,7,10000,1.1676042882921134,2.441354420974419,1.2737501326823055,4.6704171531684535,3.9273962424371085,0.21229168878038424,2.1229168878038425,1.2737501326823055,1.3798959770724974,1.1676042882921134,1.2737501326823055,1.2737501326823055,0.7430209107313449
13,2019,4,1,1,1,6,1,4,1,5,4.381666666666667,1717632,1842552,20,5,88,430.156,312,1.867.529,936,USAQUEN,LOS CEDROS,550,2,41,17,11,0,272,349,126708,56234,70474,49.018822737115464,43.39859414585123,0.19345455736599748,3.262126577189402,1.4108190277253614,1.1073877671765413,49.010322947248795,43.40688827856173,0.15784323010386084,3.2357862171291476,1.3416674558828172,0.8681377655712347,62.062097663335344,38.59579419360331,12,23,12,46,34,8,18,13,12,11,13,12,12,10000,0.9470593806231651,1.8151971461943999,0.9470593806231651,3.6303942923887997,2.6833349117656344,0.6313729204154434,1.4205890709347477,1.0259809956750954,0.9470593806231651,0.8681377655712347,1.0259809956750954,0.9470593806231651,0.9470593806231651
87,2019,0,0,0,0,0,0,0,0,1,1.765,212992,339512,0,0,47,546.809,398,703.807,854,BOSA,TINTAL SUR,71,20,121,22,46,0,137,143,102194,48023,54171,27.4392526254351,6.979013521716444,1.9458113738846192,11.822931731099075,2.2214859289129687,4.597449225438078,27.39886881813022,6.94757030745445,1.957062058437873,11.840225453549133,2.15276826428166,4.501242734407108,29.77739832996689,25.29028446955013,11,23,12,43,35,1,19,12,13,12,13,13,8,10000,1.07638413214083,2.250621367203554,1.1742372350627237,4.207683425641427,3.4248586022662777,0.09785310292189366,1.8592089555159794,1.1742372350627237,1.2720903379846176,1.1742372350627237,1.2720903379846176,1.2720903379846176,0.7828248233751492
77,2019,1,1,0,0,0,0,0,0,1,2.045,283878,356976,0,0,13,317.179,346,1.428.379,9003,FONTIBON,ZONA FRANCA,80,1,30,18,19,0,62,86,59305,27758,31547,25.031065655428495,13.530835141252297,0.24205718609236904,5.096429153568826,3.1210236926242536,3.4801324639084705,24.955737290279068,13.489587724475172,0.16861984655593962,5.058595396678189,3.035157238006913,3.203777084562853,30.98205922616903,19.653215836688116,12,23,10,40,32,0,17,12,7,11,12,12,11,10000,2.0234381586712757,3.878256470786612,1.6861984655593965,6.744793862237586,5.395835089790068,0,2.866537391450974,2.0234381586712757,1.1803389258915773,1.8548183121153359,2.0234381586712757,2.0234381586712757,1.8548183121153359
39,2019,1,1,2,1,5,1,0,0,2,3,1410480,1306815,45,15,69,378.78,372,591.317,8706,RAFAEL URIBE URIBE,QUIROGA,408,17,100,89,123,0,282,455,90059,43506,46553,81.79576053176088,45.28950650955377,1.8773412914459788,11.08906708185189,9.780287374021125,13.20588539833942,81.83524134178705,45.303634284191475,1.8876514285079784,11.10383193239987,9.882410419835889,13.65771327685184,104.58327586999494,60.57611754344511,12,23,12,47,37,9,21,12,14,12,12,12,12,10000,1.3324598318879846,2.5538813444519706,1.3324598318879846,5.21880100822794,4.108417814987952,0.9993448739159884,2.331804705803973,1.3324598318879846,1.554536470535982,1.3324598318879846,1.3324598318879846,1.3324598318879846,1.3324598318879846
108,2019,0,0,0,0,1,1,1,1,4,2.685714285714286,33520,33976,48,8,66,250.715,355,1.116.511,9043,PUENTE ARANDA,ZONA INDUSTRIAL,297,6,164,21,27,2,222,290,6185,3095,3090,815.3225435773985,471.9120344475097,6.917672254931717,242.62038205492092,26.622837989454595,25.45331021244708,832.6596604688763,480.1940177849636,9.700889248181085,265.15763945028294,33.95311236863379,43.65400161681488,936.995153473344,718.4466019417475,12,23,11,45,31,4,15,12,11,11,12,12,11,10000,19.401778496362166,37.18674211802748,17.78496362166532,72.75666936135812,50.121261115602266,6.4672594987873895,24.25222312045271,19.401778496362166,17.78496362166532,17.78496362166532,19.401778496362166,19.401778496362166,17.78496362166532
61,2019,0,0,0,0,0,0,5,1,0,1.2366666666666666,79500,134960,0,0,65,314.431,407,569.872,8291,USME,CIUDAD USME,21,7,59,5,9,0,56,45,24119,11715,12404,41.96170748307437,8.831065037105255,2.747243353464474,24.08559236308651,2.352555446225336,4.22883002673163,41.87569965587296,8.706828641320122,2.9022762137733737,24.46204237323272,2.0730544384095526,3.731497989137195,38.41229193341869,45.14672686230248,11,17,7,39,28,0,14,12,6,11,12,11,3,10000,4.560719764501016,7.048385090592479,2.9022762137733737,16.16982461959451,11.609104855093495,0,5.8045524275467475,4.975330652182927,2.4876653260914634,4.560719764501016,4.975330652182927,4.560719764501016,1.2438326630457317
1,2019,0,0,0,0,0,0,0,0,0,4,52488,63828,3,3,83,430.156,312,1.867.529,936,USAQUEN,PASEO DE LOS LIBERTADORES,50,2,3,4,3,0,18,44,2602,1291,1311,228.92016802446804,185.36757038328997,4.30944487055553,11.031705374563684,10.90809380979127,7.887399698976983,238.2782475019216,192.1598770176787,7.686395080707149,11.529592621060722,15.372790161414295,11.529592621060722,340.8210689388071,137.29977116704805,11,14,0,34,22,0,11,9,5,7,12,8,9,10000,42.27517294388932,53.80476556495004,0,130.66871637202152,84.55034588777863,0,42.27517294388932,34.588777863182166,19.21598770176787,26.90238278247502,46.11837048424289,30.745580322828594,34.588777863182166
46,2019,0,0,0,0,4,1,1,1,3,2.72,884656,1003288,18,6,40,979.914,372,999.300,8894,KENNEDY,CASTILLA,403,7,85,181,98,0,287,487,140078,66586,73492,55.2563243456366,28.77440684311668,0.5243025045973924,6.079879032332165,12.809315028788635,6.967009673616802,55.254929396479106,28.769685460957465,0.4997215836890875,6.06804780193892,12.921372378246405,6.996102171647226,73.13849758207431,39.05186959124803,12,24,12,45,36,3,21,12,13,11,12,12,13,10000,0.8566655720384357,1.7133311440768715,0.8566655720384357,3.2124958951441336,2.5699967161153072,0.21416639300960894,1.4991647510672625,0.8566655720384357,0.9280543697083053,0.7852767743685661,0.8566655720384357,0.8566655720384357,0.9280543697083053
85,2019,1,1,1,1,3,1,2,1,1,1.9988888888888892,2537808,2654832,17,6,39,546.809,398,703.807,854,BOSA,BOSA CENTRAL,464,40,237,62,194,1,413,582,235147,113170,121977,42.40756380814752,19.73964885733846,1.699557769711776,10.075716713335789,2.662488706262598,8.202003865049146,42.39900998099061,19.73233764411198,1.7010635900096536,10.078801770807198,2.636648564514963,8.250158411546819,51.42705664045241,33.858842240750306,12,23,12,48,37,9,24,12,12,11,13,13,13,10000,0.510319077002896,0.9781115642555508,0.510319077002896,2.041276308011584,1.5734838207589295,0.3827393077521721,1.020638154005792,0.510319077002896,0.510319077002896,0.46779248725265477,0.5528456667531374,0.5528456667531374,0.5528456667531374
60,2019,0,0,0,0,0,0,0,0,1,1.11,10544,15584,0,0,0,314.431,407,569.872,8291,USME,PARQUE ENTRENUBES,8,0,14,0,0,0,16,6,1058,545,513,190.1093408268844,71.51001807179134,1.1977660475059266,87.82103392373685,3.6798195780489498,5.314588886717766,207.93950850661628,75.61436672967864,0,132.3251417769376,0,0,110.09174311926606,311.8908382066277,3,4,1,21,13,0,6,3,0,1,3,0,0,10000,28.355387523629492,37.80718336483932,9.45179584120983,198.4877126654064,122.87334593572778,0,56.710775047258984,28.355387523629492,0,9.45179584120983,28.355387523629492,0,0
30,2019,1,1,4,1,7,1,2,1,6,3.001818181818182,1427481,1341120,25,7,42,824.337,341,1.089.512,9178,ENGATIVA,BOYACA REAL,394,6,64,90,61,0,234,381,126709,60161,66548,48.54543795747002,31.097943374479133,0.5012872811122494,5.068781360939146,7.076099808594825,4.8787442582046365,48.536410199749035,31.094870924717267,0.4735259531682832,5.050943500461688,7.102889297524249,4.814180523877546,63.33006432738817,35.16258940914828,12,23,12,44,37,6,19,13,13,11,12,12,13,10000,0.9470519063365664,1.815182820478419,0.9470519063365664,3.4725236565674105,2.9200767112044135,0.4735259531682832,1.4994988516995635,1.0259728985312804,1.0259728985312804,0.8681309141418526,0.9470519063365664,0.9470519063365664,1.0259728985312804
72,2019,0,0,0,0,1,1,0,0,5,3,331356,345116,4,2,21,824.337,341,1.089.512,9178,ENGATIVA,BOLIVIA,242,1,35,73,29,0,154,226,82460,37550,44910,46.10101123044655,29.354758796965346,0.17664974097170055,4.277613324561307,8.767595547873345,3.699964379580552,46.08294930875576,29.34756245452341,0.12127091923356778,4.244482173174872,8.852777104050448,3.5168566577734657,60.18641810918775,34.29080382988199,12,24,11,45,36,10,19,12,11,11,13,12,12,10000,1.4552510308028135,2.910502061605627,1.3339801115692458,5.457191365510551,4.365753092408441,1.2127091923356779,2.304147465437788,1.4552510308028135,1.3339801115692458,1.3339801115692458,1.5765219500363812,1.4552510308028135,1.4552510308028135
57,2019,0,0,2,1,0,0,0,0,0,1.7740000000000002,1391324,1519562,3,3,23,314.431,407,569.872,8291,USME,GRAN YOMASA,171,29,156,49,64,0,219,250,126215,61508,64707,37.18060586525735,13.567657304394787,2.2800020066288607,12.34340076186056,3.909210656925719,5.1241191726580535,37.15881630551044,13.548310422691438,2.2976666798716474,12.359862139999208,3.882264390127956,5.0707126728201874,40.645119334070365,33.84486995224628,11,23,12,46,34,1,18,13,13,11,13,12,11,10000,0.8715287406409697,1.822287366794755,0.9507586261537853,3.64457473358951,2.6938161074357247,0.07922988551281543,1.4261379392306779,1.0299885116666008,1.0299885116666008,0.8715287406409697,1.0299885116666008,0.9507586261537853,0.8715287406409697
23,2019,0,0,0,0,4,1,22,1,6,3.5728571428571425,209118,255647,7,5,41,981.613,341,1.388.086,916,SUBA,CASA BLANCA SUBA,150,0,18,13,9,0,107,83,56335,26066,30269,33.784152193367085,26.64260171025376,0.08624550143455742,3.254496919215707,2.4245461536194632,2.038681596802694,33.72681281618887,26.626431170675424,0,3.195171740481051,2.30762403479187,1.5975858702405257,31.842246604772495,35.34969771052892,12,22,7,35,28,0,14,9,8,11,13,11,9,10000,2.130114493654034,3.9052099050323954,1.242566787964853,6.212833939824265,4.970267151859412,0,2.485133575929706,1.5975858702405255,1.4200763291026894,1.9526049525161977,2.30762403479187,1.9526049525161977,1.5975858702405255
88,2019,0,0,0,0,0,0,0,0,20,5.9375,358776,369156,3,2,60,122.507,243,2.288.835,9661,CHAPINERO,EL REFUGIO,201,0,13,6,3,0,113,110,38133,17147,20986,58.472735003681514,52.65427194871738,0.12419729170598556,3.4930334221708073,1.782312158861256,1.5184343645453038,58.47953216374269,52.7102509637322,0,3.4091207090971074,1.573440327275588,0.786720163637794,64.15116346882837,53.84542075669494,12,22,9,46,27,1,12,12,10,11,12,12,12,10000,3.146880654551176,5.769281200010489,2.360160490913382,12.063042509112842,7.080481472740146,0.26224005454593136,3.146880654551176,3.146880654551176,2.6224005454593136,2.8846406000052447,3.146880654551176,3.146880654551176,3.146880654551176
9,2019,0,0,2,1,4,1,1,1,0,2.7445454545454546,927663,1059410,9,4,60,430.156,312,1.867.529,936,USAQUEN,VERBENAL,133,8,98,27,38,0,146,158,122844,58302,64542,24.78348426543412,10.849208429446792,0.6752905543026939,7.981856151280036,2.254499148863526,3.2383221016794055,24.74683338217577,10.826739604701901,0.651232457425678,7.977597603464557,2.197909543811664,3.093354172771971,27.100271002710027,22.620929007468003,12,23,12,44,34,4,22,12,13,12,13,12,12,10000,0.9768486861385172,1.8722933150988244,0.9768486861385172,3.581778515841229,2.767737944059132,0.325616228712839,1.7908892579206146,0.9768486861385172,1.0582527433167268,0.9768486861385172,1.0582527433167268,0.9768486861385172,0.9768486861385172
109,2019,0,0,0,0,0,0,0,0,6,4.123333333333334,44058,53832,12,3,32,139.298,287,1.933.116,9603,TEUSAQUILLO,CIUDAD SALITRE ORIENTAL,168,0,6,7,4,0,85,100,22721,10122,12599,81.2692580434583,73.73780885174723,0.19795358361132984,2.7997556590849113,3.289100475464501,2.686748914518998,81.42247260243826,73.94040755248449,0,2.6407288411601604,3.0808503146868533,1.7604858941067736,98.79470460383322,67.46567187872053,12,20,3,36,30,8,14,11,9,6,12,9,9,10000,5.281457682320321,8.802429470533868,1.3203644205800802,15.844373046960962,13.203644205800801,3.520971788213547,6.161700629373707,4.841336208793627,3.9610932617402406,2.6407288411601604,5.281457682320321,3.9610932617402406,3.9610932617402406
49,2019,0,0,1,1,0,0,1,1,2,2.3333333333333335,124191,114375,10,3,11,546.809,398,703.807,854,BOSA,APOGEO,165,3,22,23,23,0,89,147,36681,17572,19109,64.30893196474882,44.948817013729666,0.8803678516820862,6.043429302340889,6.2273847112171365,6.27060303903539,64.33848586461656,44.98241596466836,0.8178621084485155,5.99765546195578,6.270276164771953,6.270276164771953,83.65581607102207,46.57491234496834,11,22,12,40,33,0,15,11,9,11,13,12,10,10000,2.99882773097789,5.99765546195578,3.271448433794062,10.904828112646873,8.99648319293367,0,4.089310542242578,2.99882773097789,2.4535863253455465,2.99882773097789,3.5440691366102337,3.271448433794062,2.7262070281617183
14,2019,1,1,0,0,1,1,0,0,18,4.66,375100,457974,0,0,45,430.156,312,1.867.529,936,USAQUEN,USAQUEN,252,0,16,7,8,0,137,146,40865,19334,21531,69.20894116872037,61.588627429602354,0.11650257017853972,3.986434023051381,1.9016013576729691,2.4995538806080924,69.2524164933317,61.66646274317876,0,3.9153309678208736,1.7129572984216324,1.9576654839104368,75.51463742629564,63.62918582508941,12,23,13,44,33,8,15,11,10,11,12,11,12,10000,2.9364982258656553,5.628288266242507,3.18120641135446,10.767160161507402,8.075370121130552,1.9576654839104368,3.670622782332069,2.6917900403768504,2.447081854888046,2.6917900403768504,2.9364982258656553,2.6917900403768504,2.9364982258656553
32,2019,0,0,0,0,0,0,0,0,0,1.7457142857142858,1408200,1428675,0,0,47,404.35,373,706.208,8368,SAN CRISTOBAL,SAN BLAS,84,11,102,35,50,0,120,162,100161,48278,51883,28.19480830702425,8.416898303315962,1.113598970019892,10.175765997986474,3.5363182616775375,5.06285161432854,28.15467097972265,8.386497738640788,1.09823184672677,10.183604396920956,3.4943740577669953,4.991962939667136,33.55565682091222,23.12896324422258,12,23,12,46,36,6,19,12,11,11,12,12,11,10000,1.1980711055201125,2.2963029522468825,1.1980711055201125,4.592605904493765,3.5942133165603374,0.5990355527600563,1.8969459170735115,1.1980711055201125,1.09823184672677,1.09823184672677,1.1980711055201125,1.1980711055201125,1.09823184672677
92,2019,0,0,0,0,0,0,0,0,11,2.5425,132324,86100,26,6,25,96.241,318,896.890,8828,SANTA FE,LA MACARENA,113,1,17,3,3,0,54,83,12200,5967,6233,111.65768875057482,92.0696998505749,0.9809626316657484,13.697919755006414,2.913006003640971,3.697722822461891,112.29508196721312,92.62295081967213,0.819672131147541,13.934426229508198,2.459016393442623,2.459016393442623,139.09837439249205,86.6356489651853,12,17,8,43,26,1,13,9,9,11,13,11,7,10000,9.836065573770492,13.934426229508198,6.557377049180328,35.24590163934426,21.311475409836067,0.819672131147541,10.655737704918034,7.377049180327869,7.377049180327869,9.01639344262295,10.655737704918034,9.01639344262295,5.737704918032787
11,2019,1,1,1,1,5,1,4,1,5,2.3000000000000003,373404,436080,0,0,21,430.156,312,1.867.529,936,USAQUEN,SAN CRISTOBAL NORTE,95,10,68,13,33,0,105,114,69583,33095,36488,31.524217498166337,13.687650964142582,1.443914640712416,9.764741303385636,1.9767428997753005,4.861556436232719,31.47320466205826,13.652760013221622,1.4371326329706968,9.77250190420074,1.868272422861906,4.742537688803299,34.446290980510646,28.776584082438063,12,23,12,41,35,12,18,12,12,11,13,12,12,10000,1.7245591595648364,3.305405055832603,1.7245591595648364,5.892243795179857,5.029964215397439,1.7245591595648364,2.5868387393472543,1.7245591595648364,1.7245591595648364,1.5808458962677665,1.868272422861906,1.7245591595648364,1.7245591595648364
36,2019,1,1,0,0,0,0,0,0,2,2.97,350595,343350,26,7,19,378.78,372,591.317,8706,RAFAEL URIBE URIBE,SAN JOSE,143,4,41,50,57,0,107,188,47491,22523,24968,62.10077756395331,30.12157307293808,0.8898947400027198,8.636016468910611,10.310685707645556,11.372079656630529,62.11703270093281,30.110968394011497,0.8422648501821398,8.633214714366932,10.528310627276747,12.002274115095492,83.47023043111487,42.854854213393146,12,23,12,44,35,7,20,12,13,12,13,13,13,10000,2.5267945505464193,4.843022888547304,2.5267945505464193,9.264913352003537,7.3698174390937234,1.4739634878187446,4.211324250910699,2.5267945505464193,2.7373607630919543,2.5267945505464193,2.7373607630919543,2.7373607630919543,2.7373607630919543
53,2019,0,0,1,1,1,1,0,0,2,2.442857142857143,479920,461139,21,6,14,378.78,372,591.317,8706,RAFAEL URIBE URIBE,MARCO FIDEL SUAREZ,92,21,61,22,34,0,96,134,46874,22582,24292,49.09047370487899,19.663951720963645,4.293723043111337,12.961424176374967,4.728485469793743,7.1443444859702225,49.06771344455348,19.62708537782139,4.480095575372275,13.01361095703375,4.693433459913812,7.253488074412254,59.33929678505004,39.519183270212416,12,23,12,44,33,3,15,13,12,11,13,12,11,10000,2.560054614498443,4.906771344455348,2.560054614498443,9.386866919827623,7.040150189870717,0.6400136536246107,3.200068268123053,2.77339249903998,2.560054614498443,2.346716729956906,2.77339249903998,2.560054614498443,2.346716729956906
50,2019,0,0,1,1,0,0,0,0,1,1.9327272727272728,215222,1432186,1,1,21,404.35,373,706.208,8368,SAN CRISTOBAL,LA GLORIA,116,13,115,22,69,0,161,174,94513,45836,48677,35.476506106140576,12.300849541826384,1.38256266489581,12.146895182399414,2.398016513210147,7.240482969396596,35.44485943732608,12.27344386486515,1.3754721572693704,12.16763831430597,2.3277221123020113,7.300582988583581,37.96142769875207,33.075168970971916,11,22,12,44,36,7,24,12,13,11,13,12,12,10000,1.1638610561510057,2.3277221123020113,1.2696666067101878,4.655444224604023,3.808999820130564,0.7406388539142764,2.5393332134203757,1.2696666067101878,1.3754721572693704,1.1638610561510057,1.3754721572693704,1.2696666067101878,1.2696666067101878
110,2019,3,1,1,1,0,0,0,0,5,4.074999999999999,71780,82212,7,2,29,317.179,346,1.428.379,9003,FONTIBON,CIUDAD SALITRE OCCIDENTAL,284,2,15,12,11,0,137,187,44029,20708,23321,73.53362880233739,64.42316142267788,0.5318930824897756,3.479701859281049,2.8541412455801702,2.9422853025262152,73.58786254514071,64.50294124327148,0.4542460650934611,3.406845488200958,2.7254763905607664,2.498353358014036,90.3032644388642,58.74533682089104,12,23,8,34,26,4,13,12,11,8,12,10,10,10000,2.7254763905607664,5.223829748574802,1.8169842603738446,7.722183106588839,5.905198846214995,0.9084921301869223,2.9525994231074977,2.7254763905607664,2.498353358014036,1.8169842603738446,2.7254763905607664,2.2712303254673056,2.2712303254673056
10,2019,0,0,1,1,1,1,16,1,2,2.87125,122265,153495,5,2,29,430.156,312,1.867.529,936,USAQUEN,LA URIBE,213,3,15,10,10,0,106,145,32844,15072,17772,76.33710594096497,64.74393545166384,0.974005124767944,4.643580763936449,3.1949140366128557,3.534062287108208,76.42187309706492,64.85202776762878,0.9134088417975886,4.567044208987943,3.0446961393252954,3.0446961393252954,96.2048832271762,59.6443844249381,12,23,10,44,35,12,19,12,12,11,12,12,12,10000,3.6536353671903545,7.002801120448179,3.0446961393252954,13.3966630130313,10.656436487638533,3.6536353671903545,5.784922664718061,3.6536353671903545,3.6536353671903545,3.349165753257825,3.6536353671903545,3.6536353671903545,3.6536353671903545
42,2019,0,0,2,1,1,1,6,1,1,2.4250000000000003,2179040,2310720,35,13,66,182.532,363,829.895,8719,TUNJUELITO,VENECIA,414,58,114,77,87,0,285,465,135141,65747,69394,55.498783738524374,30.63794974194371,4.228724003479605,8.437494452106618,5.6945709101121915,6.43085000823862,55.49759140453304,30.63467045530224,4.291813735283889,8.435633893489022,5.697752717532059,6.437720602925833,70.72566048641002,41.069833126783294,11,23,13,49,36,13,24,12,13,11,13,12,12,10000,0.8139646739331514,1.70192613640568,0.9619582510119061,3.6258426384294924,2.6638843874175864,0.9619582510119061,1.7759229249450574,0.8879614624725287,0.9619582510119061,0.8139646739331514,0.9619582510119061,0.8879614624725287,0.8879614624725287
103,2019,0,0,0,0,0,0,0,0,2,3,10953,12423,5,2,15,230.066,336,1.462.840,9244,BARRIOS UNIDOS,PARQUE SALITRE,51,0,7,5,2,0,25,40,1356,709,647,439.4502838287783,348.94791314551964,1.1199529639166792,38.56096489874962,17.64506447347143,7.863551944336693,479.3510324483776,376.1061946902655,0,51.62241887905605,36.87315634218289,14.749262536873156,564.1748942172073,386.39876352395675,11,14,4,35,16,1,11,5,3,5,13,4,4,10000,81.12094395280236,103.2448377581121,29.49852507374631,258.1120943952802,117.99410029498524,7.374631268436578,81.12094395280236,36.87315634218289,22.123893805309734,36.87315634218289,95.87020648967551,29.49852507374631,29.49852507374631
21,2019,0,0,0,0,6,1,0,0,19,3.762,225860,233125,52,5,22,230.066,336,1.462.840,9244,BARRIOS UNIDOS,LOS ANDES,257,1,20,18,8,0,142,162,28368,12669,15699,106.91252362172553,90.36414395542924,0.4790427205914824,7.087439439038516,6.285333883056352,3.411927244018847,107.1630005640158,90.5950366610265,0.35250987027636776,7.050197405527355,6.345177664974619,2.820078962210942,127.8711816244376,90.45162112236449,12,23,12,39,36,1,15,13,11,11,12,12,12,10000,4.230118443316413,8.107727016356458,4.230118443316413,13.747884940778343,12.690355329949238,0.35250987027636776,5.287648054145516,4.582628313592781,3.877608573040045,3.877608573040045,4.230118443316413,4.230118443316413,4.230118443316413
55,2019,0,0,0,0,0,0,0,0,0,1.5539999999999998,379860,395955,0,0,7,378.78,372,591.317,8706,RAFAEL URIBE URIBE,DIANA TURBAY,59,18,62,17,54,0,82,128,73342,35514,37828,28.686845896338884,8.08654836890468,2.4177860305093963,8.456817584413097,2.408195742967452,7.281995701668181,28.632979738758145,8.044503831365384,2.4542554061792696,8.45354639906193,2.317907883613755,7.36276621853781,36.04212423269696,21.67706460822671,11,22,11,44,35,3,18,12,12,11,13,12,11,10000,1.4998227482206647,2.9996454964413295,1.4998227482206647,5.999290992882659,4.772163289793024,0.40904256769654496,2.4542554061792696,1.6361702707861798,1.6361702707861798,1.4998227482206647,1.772517793351695,1.6361702707861798,1.4998227482206647
113,2019,0,0,0,0,3,1,0,0,3,3.2925,104270,104965,8,3,26,979.914,372,999.300,8894,KENNEDY,BAVARIA,152,4,17,39,32,0,94,150,38880,18156,20724,62.73504070084131,39.08062353519833,1.0718631176710085,4.440201710696197,9.79357968256702,7.973679032802849,62.75720164609053,39.09465020576132,1.02880658436214,4.372427983539095,10.030864197530866,8.23045267489712,82.61731658955718,45.35803898861224,12,23,9,37,28,2,13,11,8,11,12,11,9,10000,3.0864197530864197,5.915637860082304,2.314814814814815,9.516460905349795,7.20164609053498,0.51440329218107,3.3436213991769548,2.8292181069958846,2.05761316872428,2.8292181069958846,3.0864197530864197,2.8292181069958846,2.314814814814815
90,2019,0,0,1,1,4,1,0,0,23,3.05,275954,520674,22,10,60,122.507,243,2.288.835,9661,CHAPINERO,PARDO RUBIO,205,11,94,22,15,0,165,182,48445,23772,24673,71.58401681953535,42.296997607655165,2.228058354623814,19.275236666116513,4.5816514303499645,3.439521175274788,71.62761894932397,42.316028485911865,2.270616162658685,19.403447208174217,4.54123232531737,3.0962947672618433,76.56065959952886,66.8747213553277,11,21,12,45,35,6,17,11,11,11,12,11,11,10000,2.270616162658685,4.334812674166581,2.4770358138094744,9.288884301785531,7.224687790277634,1.2385179069047372,3.509134069563422,2.270616162658685,2.270616162658685,2.270616162658685,2.4770358138094744,2.270616162658685,2.270616162658685
67,2019,0,0,1,1,0,0,0,0,0,1.256470588235294,2609568,2765373,2,1,30,593.937,409,505.335,835,CIUDAD BOLIVAR,LUCERO,158,61,179,24,101,0,242,281,157159,78057,79102,33.29938933650084,10.071654829361162,3.835257974117308,11.380173608332504,1.5805512063469724,6.421069752682478,33.278399582588335,10.053512684606035,3.8814194541833422,11.38973905407899,1.5271158508262337,6.426612538893732,35.99933382015706,30.593411038911785,12,23,12,48,37,11,20,12,13,12,12,13,11,10000,0.7635579254131167,1.4634860237084735,0.7635579254131167,3.054231701652467,2.3543036033571094,0.699928098295357,1.2725965423551944,0.7635579254131167,0.8271877525308764,0.7635579254131167,0.7635579254131167,0.8271877525308764,0.699928098295357
83,2019,0,0,0,0,0,0,0,0,0,2,24432,29572,1,1,11,979.914,372,999.300,8894,KENNEDY,LAS MARGARITAS,82,1,19,17,15,0,44,90,29613,14096,15517,45.304493414754155,27.71705545978525,0.460883943813646,6.464324731828383,5.724064441762694,5.265040220670613,45.25039678519569,27.69054131631378,0.337689528247729,6.416101036706851,5.740721980211394,5.065342923715935,63.84790011350738,28.35599664883676,11,21,5,37,28,0,13,10,13,10,11,9,8,10000,3.7145848107250194,7.09148009320231,1.6884476412386453,12.494512545165975,9.455306790936413,0,4.3899638672204775,3.3768952824772906,4.3899638672204775,3.3768952824772906,3.7145848107250194,3.0392057542295614,2.701516225981832
101,2019,1,1,0,0,3,1,0,0,17,3.8711111111111105,267970,273160,65,10,59,139.298,287,1.933.116,9603,TEUSAQUILLO,TEUSAQUILLO,468,1,28,36,19,0,232,320,26793,12524,14269,205.24006834434863,174.06225944447726,0.5041722987472478,10.415845101623155,12.847438698633995,6.944282676676359,206.0239614824768,174.67248908296943,0.3732318142798492,10.450490799835778,13.436345314074572,7.091404471317135,255.50942190993297,162.59023056976665,11,22,12,47,34,10,14,11,11,11,12,12,12,10000,4.105549957078342,8.211099914156684,4.47878177135819,17.541895271152914,12.689881685514875,3.732318142798492,5.225245399917889,4.105549957078342,4.105549957078342,4.105549957078342,4.47878177135819,4.47878177135819,4.47878177135819
54,2019,0,0,0,0,0,0,0,0,2,1.83,984621,1061115,21,8,28,378.78,372,591.317,8706,RAFAEL URIBE URIBE,MARRUECOS,152,13,98,31,71,1,154,210,115215,60329,54886,31.71048300975256,13.2142797587996,1.14091841614245,8.507656121282789,2.741881450508438,6.167736109525502,31.679902790435275,13.192726641496334,1.128325304864818,8.50583691359632,2.6906218808314892,6.1623920496463125,34.809129937509326,28.058156907043692,12,23,13,44,36,10,22,12,12,12,13,12,12,10000,1.0415310506444473,1.996267847068524,1.1283253048648179,3.818947185696307,3.1245931519333423,0.867942542203706,1.9094735928481534,1.0415310506444473,1.0415310506444473,1.0415310506444473,1.1283253048648179,1.0415310506444473,1.0415310506444473
78,2019,0,0,1,1,0,0,0,0,2,1.956,79812,176088,0,0,25,979.914,372,999.300,8894,KENNEDY,TINTAL NORTE,44,1,11,18,42,0,34,82,28487,13405,15082,40.79891768146267,15.523322382756913,0.4772454460836041,3.963880889297061,6.260917085591869,13.296488959431544,40.72032857092709,15.445641871730963,0.35103731526661286,3.861410467932741,6.318671674799031,14.74356724119774,61.17120477433793,22.543429253414665,11,22,5,35,35,4,15,11,10,9,13,12,9,10000,3.8614104679327412,7.7228209358654825,1.7551865763330643,12.28630603433145,12.28630603433145,1.4041492610664514,5.265559728999192,3.8614104679327412,3.5103731526661286,3.1593358373995155,4.563485098465967,4.212447783199354,3.1593358373995155
100,2019,1,1,2,1,2,1,1,1,9,3.59625,300195,309096,38,9,56,139.298,287,1.933.116,9603,TEUSAQUILLO,GALERIAS,459,3,43,28,20,0,211,342,35496,16396,19100,155.39896165817473,128.99837978141628,0.9073060070291988,12.060264887116569,7.751739542903713,5.724988713081987,155.79220193824656,129.3103448275862,0.8451656524678837,12.114041018706336,7.888212756366914,5.634437683119225,208.58746035618444,110.47120418848166,12,23,12,49,34,4,23,12,14,11,13,13,13,10000,3.3806626098715347,6.479603335587108,3.3806626098715347,13.8043723236421,9.578544061302681,1.1268875366238449,6.479603335587108,3.3806626098715347,3.944106378183457,3.098940725715573,3.662384494027496,3.662384494027496,3.662384494027496
34,2019,0,0,2,1,2,1,1,1,2,2.346363636363636,864012,1108236,26,12,30,404.35,373,706.208,8368,SAN CRISTOBAL,20 DE JULIO,226,6,83,56,79,0,166,284,79269,38378,40891,56.76849305929975,28.519234996600886,0.7895424037801229,10.458643566572809,7.023163175616838,9.711458653513091,56.76872421753775,28.51051482925229,0.7569163229005034,10.470675800123631,7.0645523470713645,9.96606491818996,74.00072958465788,40.59573011176054,11,22,12,46,35,3,21,13,12,11,13,12,12,10000,1.3876799253175893,2.7753598506351786,1.5138326458010067,5.803025142237193,4.415345216919603,0.3784581614502517,2.649207130151762,1.639985366284424,1.5138326458010067,1.3876799253175893,1.639985366284424,1.5138326458010067,1.5138326458010067
106,2019,0,0,0,0,2,1,1,1,1,4.164,167560,168920,17,5,30,139.298,287,1.933.116,9603,TEUSAQUILLO,LA ESMERALDA,133,0,6,12,9,0,60,100,37578,16706,20872,42.630790796859095,35.39003568630637,0.12588636455433982,1.7101229841951775,3.3176434245576387,2.918824129953689,42.57810420991005,35.39304912448773,0,1.596678907871627,3.193357815743254,2.3950183618074403,59.85873338920148,28.74664622460713,12,23,11,44,27,2,17,12,8,6,12,11,11,10000,3.193357815743254,6.12060248017457,2.927244664431316,11.708978657725265,7.185055085422321,0.5322263026238757,4.523923572302943,3.193357815743254,2.128905210495503,1.596678907871627,3.193357815743254,2.927244664431316,2.927244664431316
91,2019,2,1,0,0,0,0,1,1,14,3.3285714285714287,96894,41153,42,7,37,96.241,318,896.890,8828,SANTA FE,SAGRADO CORAZON,391,0,24,6,3,0,191,233,10453,5227,5226,400.9694206587007,370.2931343376015,0.3754222797028619,22.198931149065402,5.698115506468961,4.093502912964377,405.6251793743423,374.0552951305845,0,22.95991581364202,5.739978953410505,2.8699894767052525,445.76238760283144,365.4802908534252,12,22,9,42,32,4,16,11,10,9,12,11,11,10000,11.47995790682101,21.046589495838514,8.609968430115757,40.179852673873526,30.61322108485602,3.8266526356070023,15.30661054242801,10.523294747919257,9.566631589017506,8.609968430115757,11.47995790682101,10.523294747919257,10.523294747919257
95,2019,0,0,0,0,0,0,0,0,11,2,260205,69723,19,3,15,96.241,318,896.890,8828,SANTA FE,LAS CRUCES,111,14,48,5,6,0,91,93,20700,10469,10231,88.67018297447267,53.515195637147166,6.064805652641087,22.787181206822904,2.704628435916815,3.643876456065234,88.88888888888889,53.6231884057971,6.76328502415459,23.18840579710145,2.4154589371980677,2.898550724637681,88.83369949374344,88.9453621346887,20,31,13,71,50,12,24,17,13,13,21,13,10,10000,9.66183574879227,14.975845410628018,6.280193236714975,34.29951690821256,24.154589371980673,5.797101449275362,11.594202898550725,8.21256038647343,6.280193236714975,6.280193236714975,10.144927536231885,6.280193236714975,4.830917874396135
40,2019,0,0,0,0,3,1,0,0,2,3,1219392,1267944,21,8,62,250.715,355,1.116.511,9043,PUENTE ARANDA,CIUDAD MONTES,260,18,52,156,80,0,183,383,99795,47099,52696,56.716158856417714,26.063217650104782,1.7969946899934393,5.232353112344027,15.418649587703712,7.919576799292738,56.716268350117744,26.05340948945338,1.80369758003908,5.210681897890676,15.632045693672028,8.016433689062579,81.31807469373022,34.727493547897375,12,24,12,44,35,2,19,12,13,11,13,13,12,10000,1.2024650533593868,2.4049301067187736,1.2024650533593868,4.409038528984418,3.507189738964878,0.20041084222656447,1.9039030011523623,1.2024650533593868,1.302670474472669,1.1022596322461045,1.302670474472669,1.302670474472669,1.2024650533593868
64,2019,0,0,0,0,0,0,0,0,0,1,5590,25895,0,0,7,593.937,409,505.335,835,CIUDAD BOLIVAR,MONTE BLANCO,5,12,23,1,3,0,26,18,5725,2899,2826,76.36880817924896,9.24848615836716,13.972341235591026,37.220599904409546,2.7683844958821187,5.762821994087576,76.85589519650655,8.733624454148472,20.96069868995633,40.17467248908297,1.7467248908296942,5.240174672489083,62.09037599172128,92.00283085633404,11,21,8,34,28,0,16,11,9,11,12,11,7,10000,19.213973799126638,36.68122270742358,13.973799126637553,59.38864628820961,48.90829694323144,0,27.947598253275107,19.213973799126638,15.720524017467248,19.213973799126638,20.96069868995633,19.213973799126638,12.22707423580786
48,2019,0,0,1,1,0,0,0,0,3,2.7455555555555557,1310472,1325682,5,3,18,979.914,372,999.300,8894,KENNEDY,TIMIZA,191,17,93,106,120,0,199,328,141474,67751,73723,37.27001097752399,13.51801517661626,1.2103052255583906,6.583238893372382,7.462685701090521,8.39411552608001,37.2506608988224,13.500713912096922,1.201634222542658,6.573646040968659,7.492542799383632,8.482123923830526,48.41256955616892,26.99293300598185,12,23,12,40,36,12,22,13,12,11,13,12,12,10000,0.8482123923830527,1.6257404187341844,0.8482123923830527,2.827374641276842,2.5446371771491583,0.8482123923830527,1.5550560527022634,0.9188967584149738,0.8482123923830527,0.7775280263511317,0.9188967584149738,0.8482123923830527,0.8482123923830527
98,2019,0,0,3,1,6,1,1,1,21,3.0542105263157895,1522242,1559634,99,19,81,230.066,336,1.462.840,9244,BARRIOS UNIDOS,LOS ALCAZARES,559,6,47,48,44,1,294,409,40963,19865,21098,171.46621696549107,136.17377503814092,1.473892348855589,11.436253771517809,11.40809882630405,10.18137529619532,171.86241242096526,136.46461440812442,1.464736469496863,11.47376901105876,11.717891755974904,10.741400776310329,205.889755852001,139.349701393497,12,24,12,47,37,5,24,12,12,11,13,12,12,10000,2.929472938993726,5.858945877987452,2.929472938993726,11.47376901105876,9.032541561897322,1.2206137245807192,5.858945877987452,2.929472938993726,2.929472938993726,2.685350194077582,3.17359568390987,2.929472938993726,2.929472938993726
28,2019,1,1,7,1,13,1,7,1,7,2.287857142857143,3797108,4228084,17,6,49,981.613,341,1.388.086,916,SUBA,EL RINCON,485,34,191,77,165,1,414,537,272474,130548,141926,34.95036364937371,17.807003591183683,1.251835166716157,7.013881489475729,2.846806388847318,6.060199677557526,34.93911345669678,17.799863473212124,1.2478254805963138,7.0098431409969395,2.825957706056357,6.055623655835053,41.1342954315654,29.170130913292844,12,23,13,47,37,8,24,13,13,12,13,12,13,10000,0.44040899315164017,0.844117236873977,0.47710974258094346,1.7249352231772574,1.3579277288842238,0.2936059954344268,0.8808179863032803,0.47710974258094346,0.47710974258094346,0.44040899315164017,0.47710974258094346,0.44040899315164017,0.47710974258094346
17,2019,0,0,0,0,3,1,0,0,2,4.285,226840,238870,6,2,32,981.613,341,1.388.086,916,SUBA,SAN JOSE DE BAVARIA,224,4,27,26,12,0,120,173,49227,22838,26389,59.51193302005862,45.47719120405651,0.8604453686271878,5.525180580335095,5.290531473550997,2.846198486553006,59.52018201393544,45.50348386048307,0.8125622117943404,5.484794929611798,5.281654376663213,2.4376866353830215,75.75094141343375,45.47349274318845,12,23,12,42,31,2,19,12,11,11,13,12,13,10000,2.4376866353830215,4.672232717817458,2.4376866353830215,8.531903223840576,6.297357141406139,0.4062811058971702,3.8596705060231176,2.4376866353830215,2.2345460824344365,2.2345460824344365,2.6408271883316066,2.4376866353830215,2.6408271883316066
24,2019,2,1,2,1,11,1,1,1,8,4.819999999999999,859833,845949,36,12,69,981.613,341,1.388.086,916,SUBA,NIZA,231,4,58,34,27,0,157,197,80003,36556,43447,44.27019172501058,28.88202643613195,0.5422936098339066,7.261635291024622,4.2823438619994905,3.572924275734661,44.24834068722423,28.873917228103945,0.4999812507030986,7.24972813519493,4.249840630976339,3.374873442245916,53.88992231097494,36.135981770893274,12,23,12,42,31,3,14,11,12,11,13,12,12,10000,1.499943752109296,2.874892191542817,1.499943752109296,5.249803132382536,3.8748546929490146,0.374985938027324,1.7499343774608451,1.3749484394335212,1.499943752109296,1.3749484394335212,1.6249390647850706,1.499943752109296,1.499943752109296
44,2019,1,1,2,1,1,1,0,0,2,3.22875,673424,676672,20,7,33,979.914,372,999.300,8894,KENNEDY,AMERICAS,396,13,54,135,52,0,239,411,79564,37621,41943,81.65080796451944,49.74869985739185,1.6321901918625423,6.802403727355933,16.666170778889345,6.517553636785752,81.69523905283798,49.77125333065205,1.6339047810567595,6.786989090543462,16.967472726358654,6.535619124227038,109.24749475027248,56.982094747633695,12,24,12,46,36,11,21,12,13,12,13,13,13,10000,1.508219797898547,3.016439595797094,1.508219797898547,5.781509225277764,4.524659393695641,1.382534814740335,2.6393846463224575,1.508219797898547,1.6339047810567595,1.508219797898547,1.6339047810567595,1.6339047810567595,1.6339047810567595
62,2019,0,0,1,1,2,1,0,0,1,2.024,338366,403893,26,7,26,182.532,363,829.895,8719,TUNJUELITO,TUNJUELITO,125,2,61,14,25,0,102,125,40340,20058,20282,56.27297252595482,30.996558696400957,0.5769264831730624,15.030246607423672,3.5727091250338945,6.206889549037863,56.271690629648,30.98661378284581,0.49578582052553294,15.121467526028756,3.470500743678731,6.197322756569163,62.319274105095225,50.29089833349768,11,22,12,42,35,3,16,12,11,11,12,13,11,10000,2.7268220128904312,5.4536440257808625,2.974714923153198,10.411502231036192,8.676251859196826,0.7436787307882995,3.9662865642042635,2.974714923153198,2.7268220128904312,2.7268220128904312,2.974714923153198,3.2226078334159642,2.7268220128904312
69,2019,1,1,1,1,2,1,1,1,1,1.3691666666666666,1779216,1964304,13,6,22,593.937,409,505.335,835,CIUDAD BOLIVAR,ISMAEL PERDOMO,186,46,156,65,107,1,215,344,159118,77946,81172,35.21303849550669,11.70615407151264,2.865044423660657,9.80051698051937,4.103769155987345,6.708493155639372,35.19400696338567,11.689438027124524,2.8909362862781083,9.804044796943147,4.085018665392979,6.724569187646904,44.13311779950222,26.48696594884936,12,24,12,42,36,7,23,12,13,11,13,13,12,10000,0.75415729207255,1.5083145841451,0.75415729207255,2.639550522253925,2.2624718762176497,0.4399250870423208,1.4454681431390541,0.75415729207255,0.8170037330785958,0.691310851066504,0.8170037330785958,0.8170037330785958,0.75415729207255
93,2019,5,1,5,1,3,1,0,0,8,2.932857142857143,332178,96411,80,7,52,96.241,318,896.890,8828,SANTA FE,LAS NIEVES,893,18,47,17,16,1,434,555,16733,8688,8045,587.75673210176,530.2068011433068,9.273523860820337,27.426533383878468,9.629290017925175,8.70782075240643,592.2428733640112,533.6759696408295,10.75718639813542,28.08820892846471,10.159564931572342,9.561943465009264,638.8121546961326,539.4655065257924,12,23,12,47,35,2,19,12,11,11,13,12,12,10000,7.171457598756948,13.745293730950815,7.171457598756948,28.08820892846471,20.91675132970776,1.1952429331261578,11.3548078646985,7.171457598756948,6.573836132193868,6.573836132193868,7.769079065320026,7.171457598756948,7.171457598756948
18,2019,0,0,1,1,4,1,4,1,7,3.272,300834,346380,10,3,25,981.613,341,1.388.086,916,SUBA,BRITALIA,142,2,32,28,12,0,86,130,87900,40683,47217,24.624855077071537,16.179022878828693,0.2758368253287923,3.675664840730229,3.240455450690639,1.6723453299664606,24.573378839590443,16.1547212741752,0.22753128555176336,3.640500568828214,3.185437997724687,1.3651877133105803,31.954378978934688,18.21377893555287,12,23,12,41,29,1,15,12,10,11,12,12,12,10000,1.3651877133105803,2.616609783845279,1.3651877133105803,4.6643913538111494,3.299203640500569,0.11376564277588169,1.7064846416382253,1.3651877133105803,1.1376564277588168,1.2514220705346983,1.3651877133105803,1.3651877133105803,1.3651877133105803
15,2020,0,0,0,0,0,0,4,1,12,5.395,175550,49356,6,2,21,430.156,312,1.867.529,936,USAQUEN,COUNTRY CLUB,20,1,5,5,3,0,16,18,24915,11215,13700,14.03620552913077,7.973907306650134,0.5976546982867951,2.246534700723613,2.439325823230241,1.9171885934867223,13.646397752358018,8.027292795504716,0.4013646397752358,2.006823198876179,2.006823198876179,1.2040939193257074,16.049933125278645,11.678832116788325,0,0,7,17,21,4,13,4,9,0,12,9,10,10000,0,0,2.809552478426651,6.823198876179009,8.428657435279952,1.6054585591009431,5.217740317078065,1.6054585591009431,3.6122817579771223,0,4.81637567730283,3.6122817579771223,4.013646397752358
86,2020,0,0,0,0,0,0,1,1,0,1.568,321440,368145,0,0,33,546.809,398,703.807,854,BOSA,EL PORVENIR,32,23,97,47,71,0,109,161,141294,67547,73747,19.14172917985731,2.3011242195839197,1.614643314670226,6.861572176958314,3.36669107912173,5.011251325741118,19.10909168117542,2.2647812362874573,1.62781151358161,6.865118122496355,3.326397440797203,5.024983368012796,23.83525545175952,14.780262247955848,0,0,12,32,24,2,20,12,18,0,12,12,12,10000,0,0,0.8492929636077965,2.2647812362874573,1.698585927215593,0.14154882726796608,1.415488272679661,0.8492929636077965,1.2739394454116948,0,0.8492929636077965,0.8492929636077965,0.8492929636077965
71,2020,0,0,0,0,4,1,0,0,4,2.105,2325960,2670912,0,0,22,981.613,341,1.388.086,916,SUBA,TIBABUYES,76,32,161,70,127,0,199,267,291916,141299,150617,15.990079609754908,2.6198352184618816,1.1015012644772513,5.520015202436092,2.4349463718158537,4.358169533935545,15.96349634826457,2.603488674824265,1.096205757820743,5.515285219035613,2.397950095232875,4.3505666013510735,18.896099760083228,13.212319990439326,0,0,12,32,24,4,20,12,23,0,12,12,12,10000,0,0,0.4110771591827786,1.096205757820743,0.8221543183655572,0.13702571972759287,0.6851285986379644,0.4110771591827786,0.7878978884336589,0,0.4110771591827786,0.4110771591827786,0.4110771591827786
29,2020,2,1,2,1,3,1,1,1,5,2.713333333333334,1291554,1329381,30,9,32,824.337,341,1.089.512,9178,ENGATIVA,MINUTO DE DIOS,69,7,56,46,37,0,86,129,109786,51654,58132,19.621194703017142,6.2903161785171475,0.6773325828015323,5.118538810009546,4.200216754255764,3.443475291009196,19.58355345854663,6.2849543657661275,0.6376040660922158,5.100832528737726,4.189969577177418,3.3701929207731403,24.973864560343824,14.793917291681003,0,0,12,30,22,5,16,11,18,0,12,12,12,10000,0,0,1.0930355418723698,2.732588854680925,2.0038984934326782,0.45543147578015414,1.4573807224964932,1.0019492467163391,1.6395533128085547,0,1.0930355418723698,1.0930355418723698,1.0930355418723698
80,2020,0,0,1,1,1,1,0,0,1,2.0025,247816,277108,11,4,19,979.914,372,999.300,8894,KENNEDY,CORABASTOS,60,34,39,27,44,0,67,137,57237,28595,28642,35.43741946302028,10.41096562173538,5.461541491788665,6.806373591694368,4.689986315821215,7.388857889173726,35.64128098956968,10.482729702814613,5.940213498261614,6.813774306829498,4.717228366266576,7.687335115397382,47.910473859066265,23.3922212136024,0,0,12,32,23,2,15,12,14,0,12,12,10,10000,0,0,2.0965459405629225,5.590789174834461,4.018379719412268,0.3494243234271538,2.620682425703653,2.0965459405629225,2.4459702639900764,0,2.0965459405629225,2.0965459405629225,1.7471216171357686
99,2020,7,1,3,1,1,1,0,0,16,3.692,79566,121692,22,6,62,122.507,243,2.288.835,9661,CHAPINERO,CHAPINERO,97,3,32,11,7,0,73,77,24656,12293,12363,59.39321027526528,37.903930779609816,1.241693474731296,12.63009308492522,4.451221933102178,3.222463767596593,60.83711875405581,39.34133679428942,1.2167423750811162,12.978585334198572,4.46138870863076,2.839065541855938,62.63727324493615,59.04715683895495,0,0,12,34,21,9,13,7,13,0,12,12,12,10000,0,0,4.866969500324465,13.789746917585983,8.517196625567813,3.6502271252433482,5.2725502920181695,2.839065541855938,5.2725502920181695,0,4.866969500324465,4.866969500324465,4.866969500324465
3,2020,0,0,0,0,0,0,1,1,0,6,0,1169,0,0,26,981.613,341,1.388.086,916,SUBA,GUAYMARAL,1,0,2,1,0,0,1,3,2367,1149,1218,18.93466330191056,5.063934210254537,0.9836372019245628,7.725739840234691,4.350973386772146,3.4314189589599375,16.899028305872413,4.224757076468103,0,8.449514152936207,4.224757076468103,0,26.109660574412533,8.210180623973727,0,0,0,10,3,0,0,1,0,0,6,1,1,10000,0,0,0,42.24757076468103,12.674271229404308,0,0,4.224757076468103,0,0,25.348542458808616,4.224757076468103,4.224757076468103
97,2020,12,1,3,1,7,1,1,1,15,5.211875,94384,420656,63,15,98,122.507,243,2.288.835,9661,CHAPINERO,CHICO LAGO,177,3,31,11,7,0,114,115,35901,16841,19060,62.70278335946428,47.99473690423083,0.9134601070112344,8.554747541850102,3.2416518755290125,2.3652045007098037,63.78652405225481,49.30224784824936,0.8356313194618534,8.634856967772485,3.063981504693462,1.949806412077658,68.28573125111336,59.81112277019937,0,0,12,31,22,9,14,11,12,0,12,12,12,10000,0,0,3.3425252778474137,8.634856967772485,6.127963009386925,2.50689395838556,3.899612824155316,3.0639815046934626,3.3425252778474137,0,3.3425252778474137,3.3425252778474137,3.3425252778474137
94,2020,4,1,0,0,0,0,2,1,6,2.40875,203598,216855,43,8,36,22.115,283,1.050.888,889,CANDELARIA,LA CANDELARIA,50,3,186,16,16,0,168,103,17508,9175,8333,147.71330002937736,27.22899822529282,1.609269313933939,98.8395619552734,8.01025545483039,7.956423566806654,154.78638336760338,28.558373315055977,1.7135023989033586,106.23714873200822,9.138679460817912,9.138679460817912,112.26158038147138,201.6080643225729,0,0,10,30,19,1,14,6,10,0,12,12,8,10000,0,0,5.711674663011195,17.135023989033584,10.85218185972127,0.5711674663011195,7.996344528215673,3.4270047978067173,5.711674663011195,0,6.854009595613435,6.854009595613435,4.569339730408956
76,2020,0,0,0,0,1,1,0,0,1,2.186666666666667,120020,128536,0,0,21,317.179,346,1.428.379,9003,FONTIBON,FONTIBON SAN PABLO,14,3,31,14,12,0,34,40,33737,16552,17185,21.98681428743551,4.23657283303609,0.9624188486028976,9.081572837238395,4.185485728104205,3.7395099006001993,21.934374722115184,4.149746569048818,0.8892314076533183,9.188724545750956,4.149746569048818,3.5569256306132733,24.166263895601737,19.784695955775387,0,0,10,27,20,1,13,6,15,0,12,11,7,10000,0,0,2.9641046921777274,8.003082668879864,5.928209384355455,0.29641046921777275,3.853336099831046,1.7784628153066366,4.446157038266591,0,3.5569256306132733,3.2605151613955003,2.074873284524409
114,2020,0,0,0,0,2,1,3,1,8,3.8,191930,197050,9,4,24,317.179,346,1.428.379,9003,FONTIBON,MODELIA,39,2,10,25,9,0,31,54,43349,20021,23328,19.701769023414005,8.940647493997972,0.577306227133287,2.4384242302897956,5.61431284193721,2.4131537860369954,19.608295462409743,8.99674732981153,0.4613716579390528,2.3068582896952643,5.76714572423816,2.0761724607257377,26.971679736276908,13.28875171467764,0,0,12,23,14,2,12,7,11,0,12,11,8,10000,0,0,2.768229947634317,5.305774066299107,3.22960160557337,0.46137165793905277,2.768229947634317,1.614800802786685,2.5375441186647905,0,2.768229947634317,2.5375441186647905,1.845486631756211
89,2020,0,0,0,0,0,0,0,0,0,2.0666666666666664,28245,48603,0,0,3,122.507,243,2.288.835,9661,CHAPINERO,SAN ISIDRO - PATIOS,1,2,9,6,1,0,11,8,16346,8099,8247,12.322530051888204,1.015550318976404,1.255549528723445,5.584841948139006,3.8551454531214824,1.7599548706228074,11.62363881071822,0.6117704637220115,1.223540927444023,5.505934173498104,3.670622782332069,0.6117704637220115,9.877762686751453,13.338183581908572,0,0,5,17,15,0,11,1,3,0,9,2,1,10000,0,0,3.0588523186100574,10.400097883274196,9.176556955830172,0,6.7294751009421265,0.6117704637220115,1.8353113911660346,0,5.505934173498104,1.223540927444023,0.6117704637220115
38,2020,0,0,5,1,5,1,0,0,4,3.008,1246305,1155330,52,15,75,119.565,392,1.095.184,9079,ANTONIO NARIÑO,RESTREPO,84,5,38,95,70,1,96,195,55425,26409,29016,52.171647450970106,14.987402362547826,0.9483535491578656,6.847430147940139,15.994329793129522,11.813029978188135,52.68380694632386,15.155615696887685,0.9021199819576003,6.856111862877762,17.14027965719441,12.629679747406405,73.83846415994547,33.085194375516956,0,0,12,33,24,12,15,9,18,0,12,12,11,10000,0,0,2.165087956698241,5.953991880920163,4.330175913396482,2.165087956698241,2.7063599458728014,1.6238159675236807,3.2476319350473615,0,2.165087956698241,2.165087956698241,1.9846639603067207
52,2020,0,0,0,0,0,0,0,0,0,1,614920,740280,0,0,176,314.431,407,569.872,8291,USME,LA FLORA,4,8,62,8,18,0,62,38,19176,9534,9642,50.74265578815593,2.350774910896454,3.4421912530192027,30.57161620242794,4.2238063489000774,8.219825675879822,52.14851898206091,2.0859407592824364,4.171881518564873,32.332081768877764,4.171881518564873,9.386733416770964,39.857352632683025,64.30201203069903,0,0,10,30,21,0,15,8,7,0,11,10,7,10000,0,0,5.214851898206091,15.644555694618273,10.95118898623279,0,7.822277847309136,4.171881518564873,3.6503963287442636,0,5.7363370880267,5.214851898206091,3.6503963287442636
96,2020,0,0,0,0,1,1,0,0,4,1.7264285714285716,628474,648214,4,2,16,96.241,318,896.890,8828,SANTA FE,LOURDES,8,13,36,8,17,0,38,44,45384,22140,23244,18.19058922400024,1.8862994032068203,2.669197969647314,7.889501168505733,2.0474905337953833,3.864060960722928,18.068041600564076,1.7627357659086902,2.864445619601622,7.932310946589106,1.7627357659086902,3.7458135025559662,19.87353206865402,16.348304938908967,0,0,8,29,17,2,13,8,13,0,12,12,8,10000,0,0,1.7627357659086902,6.389917151419002,3.7458135025559667,0.44068394147717255,2.864445619601622,1.7627357659086902,2.864445619601622,0,2.6441036488630356,2.6441036488630356,1.7627357659086902
84,2020,0,0,0,0,4,1,3,1,1,1.98,990222,1073760,1,1,30,546.809,398,703.807,854,BOSA,BOSA OCCIDENTAL,64,24,140,61,131,0,171,249,199301,97341,101960,21.087039487104825,3.231667308161213,1.208404275846124,7.020915455130191,3.09668811458895,6.515174578966205,21.073652415191095,3.211223225171976,1.2042087094394909,7.024550805063697,3.0606971364920397,6.572972539023889,25.58017690387401,16.77128285602197,0,0,12,33,24,8,18,12,23,0,12,12,12,10000,0,0,0.6021043547197454,1.6557869754793002,1.2042087094394909,0.401402903146497,0.9031565320796183,0.6021043547197454,1.154033346546179,0,0.6021043547197454,0.6021043547197454,0.6021043547197454
111,2020,3,1,0,0,1,1,0,0,6,2.9375,64585,73290,16,5,63,250.715,355,1.116.511,9043,PUENTE ARANDA,PUENTE ARANDA,42,12,13,12,18,0,30,67,11775,9297,2478,77.79334847070645,33.12181630534634,6.9980656501678915,10.557515398603202,8.353493671511998,11.572665686212767,82.37791932059449,35.6687898089172,10.19108280254777,11.040339702760086,10.19108280254777,15.286624203821656,72.06625793266646,121.06537530266344,0,0,8,27,23,5,13,3,7,0,12,8,8,10000,0,0,6.794055201698514,22.929936305732483,19.532908704883226,4.246284501061571,11.040339702760086,2.5477707006369426,5.944798301486199,0,10.19108280254777,6.794055201698514,6.794055201698514
112,2020,1,1,1,1,1,1,1,1,10,3.1133333333333333,126427,160027,0,0,71,317.179,346,1.428.379,9003,FONTIBON,GRANJAS DE TECHO,75,2,14,33,24,0,50,98,48912,22660,26252,30.128302901503417,15.139504188544784,0.5194928568453674,2.9638185014238996,6.510896996927565,4.883711267491128,30.258423290807983,15.333660451422965,0.4088976120379457,2.86228328426562,6.746810598626104,4.906771344455348,43.24801412180053,19.046167911016305,0,0,8,31,16,1,12,11,11,0,12,12,9,10000,0,0,1.635590448151783,6.337912986588159,3.271180896303566,0.20444880601897286,2.453385672227674,2.2489368662087013,2.2489368662087013,0,2.453385672227674,2.453385672227674,1.8400392541707555
75,2020,0,0,2,1,7,1,5,1,5,2.913,1316550,1374890,0,0,58,317.179,346,1.428.379,9003,FONTIBON,FONTIBON,89,12,70,46,38,0,96,159,132681,63232,69449,19.252947835924157,6.708661175823112,0.9249109968484908,5.28866431296167,3.504191694316545,2.9484143846223207,19.21902909987112,6.707817999562862,0.9044248988174644,5.275811909768543,3.4669621121336136,2.864012179588637,25.145495951417004,13.823093205085748,0,0,12,30,24,5,16,11,21,0,12,12,12,10000,0,0,0.9044248988174645,2.2610622470436614,1.808849797634929,0.3768437078406102,1.2058998650899526,0.8290561572493423,1.5827435729305628,0,0.9044248988174645,0.9044248988174645,0.9044248988174645
12,2020,1,1,2,1,5,1,0,0,6,3.378,256245,260090,9,3,42,430.156,312,1.867.529,936,USAQUEN,TOBERIN,38,2,26,16,12,0,46,48,60535,27886,32649,15.661815893193548,6.287144084250307,0.42960508130514313,4.345070332739705,2.7894127839390093,2.2416780926755706,15.52820682249938,6.277360204840175,0.33038737920211453,4.295035929627488,2.643099033616916,1.9823242752126868,17.21293839202467,14.089252350761123,0,0,12,27,24,7,12,7,14,0,12,12,10,10000,0,0,1.9823242752126868,4.460229619228546,3.9646485504253737,1.1563558272074006,1.9823242752126868,1.1563558272074006,2.312711654414801,0,1.9823242752126868,1.9823242752126868,1.6519368960105725
16,2020,4,1,2,1,9,1,1,1,18,5.738888888888889,464238,463266,18,6,60,430.156,312,1.867.529,936,USAQUEN,SANTA BARBARA,90,7,15,10,10,1,48,83,70850,31933,38917,18.702196049416617,12.609552000127335,1.0176755130515616,2.202320820193134,1.6264093710585488,1.6832307823859958,18.63091037402964,12.70289343683839,0.9880028228652082,2.117148906139732,1.4114326040931546,1.4114326040931546,25.99192058372217,12.33394146516946,0,0,12,34,20,4,16,9,16,0,12,12,12,10000,0,0,1.6937191249117853,4.798870853916726,2.8228652081863093,0.5645730416372619,2.2582921665490474,1.2702893436838392,2.2582921665490474,0,1.6937191249117853,1.6937191249117853,1.6937191249117853
82,2020,0,0,0,0,2,1,3,1,0,1.9566666666666668,963012,1044870,9,4,29,979.914,372,999.300,8894,KENNEDY,PATIO BONITO,79,41,114,62,101,0,141,256,140225,69690,70535,28.279426896414147,5.643259674850471,2.85202500131204,8.113693353878526,4.420864373587849,7.0942588565973175,28.31164200392227,5.633802816901409,2.9238723480121234,8.129791406667856,4.4214655018719915,7.202709930468889,36.73410819342804,19.990075848869356,0,0,12,32,23,3,17,12,21,0,12,12,12,10000,0,0,0.8557675164913532,2.2820467106436086,1.6402210732750937,0.2139418791228383,1.212337315029417,0.8557675164913532,1.4975931538598681,0,0.8557675164913532,0.8557675164913532,0.8557675164913532
35,2020,1,1,0,0,2,1,1,1,2,2.666,168705,154565,35,5,22,119.565,392,1.095.184,9079,ANTONIO NARIÑO,CIUDAD JARDIN,23,6,21,26,26,0,43,59,25931,12296,13635,38.75727649011074,8.782845684178762,2.1141952859012525,8.016614162322767,9.045846721320908,8.977561013581361,39.3351586903706,8.86969264586788,2.3138328641394468,8.098415024488064,10.026609077937604,10.026609077937604,47.98308392973324,31.536486982031533,0,0,10,30,16,3,14,7,12,0,12,10,8,10000,0,0,3.8563881068990784,11.569164320697235,6.170220971038526,1.1569164320697234,5.39894334965871,2.699471674829355,4.6276657282788936,0,4.6276657282788936,3.8563881068990784,3.085110485519263
68,2020,0,0,0,0,1,1,1,1,0,1.055,351536,380992,0,0,13,593.937,409,505.335,835,CIUDAD BOLIVAR,EL TESORO,8,26,53,10,29,0,52,74,52519,26166,26353,23.98695613529711,1.635477974237428,4.544792819463495,9.998270843708692,2.1404420624273164,5.4336414625641005,23.991317427978444,1.523258249395457,4.950589310535235,10.0915859022449,1.9040728117443213,5.521811154058532,28.280975311472904,19.732098812279435,0,0,10,28,21,1,15,10,14,0,12,11,4,10000,0,0,1.9040728117443213,5.331403872884099,3.9985529046630743,0.19040728117443212,2.8561092176164817,1.9040728117443213,2.6657019364420496,0,2.284887374093185,2.094480092918753,0.7616291246977285
27,2020,1,1,5,1,7,1,6,1,3,2.840909090909091,1497236,1751217,16,6,48,981.613,341,1.388.086,916,SUBA,SUBA,94,12,72,39,70,0,114,173,176700,82963,93737,16.284470704234423,5.3292808297941825,0.7028426130488591,4.093838321282231,2.2732649818641737,3.9874403098111726,16.24221844934918,5.319750990379173,0.6791171477079796,4.074702886247877,2.2071307300509337,3.9615166949632146,20.852669262201225,12.16168642051698,0,0,12,32,24,5,17,11,19,0,12,12,12,10000,0,0,0.6791171477079796,1.8109790605546123,1.3582342954159592,0.2829654782116582,0.9620826259196378,0.622524052065648,1.075268817204301,0,0.6791171477079796,0.6791171477079796,0.6791171477079796
22,2020,1,1,0,0,5,1,0,0,3,3.292222222222222,847206,887247,37,8,38,230.066,336,1.462.840,9244,BARRIOS UNIDOS,DOCE DE OCTUBRE,60,3,39,33,18,0,60,93,69087,33197,35890,22.16896349319257,8.654226637547922,0.513144015769868,5.662156111148218,4.749310471145818,2.7827749896366982,22.145989838898775,8.684701897607365,0.4342350948803682,5.6450562334447865,4.77658604368405,2.60541056928221,28.01457963068952,16.71774867651156,0,0,12,30,23,5,14,10,16,0,12,11,12,10000,0,0,1.7369403795214728,4.3423509488036824,3.3291357274161566,0.723725158133947,2.0264304427750517,1.447450316267894,2.3159205060286303,0,1.7369403795214728,1.5921953478946835,1.7369403795214728
105,2020,1,1,0,0,0,0,0,0,3,2.67,1601,2464,4,1,11,824.337,341,1.089.512,9178,ENGATIVA,JARDIN BOTANICO,8,0,0,0,0,0,3,5,2874,1678,1196,26.783844786250768,21.864631413820412,0.9312103440079488,2.1333327861988693,2.889995299081036,3.2432037433394267,27.83576896311761,27.83576896311761,0,0,0,0,29.797377830750893,25.08361204013378,0,0,2,18,10,0,11,3,3,0,12,3,2,10000,0,0,6.958942240779402,62.63048016701462,34.79471120389701,0,38.274182324286706,10.4384133611691,10.4384133611691,0,41.7536534446764,10.4384133611691,6.958942240779402
104,2020,0,0,0,0,0,0,0,0,7,4,19494,20424,21,5,34,139.298,287,1.933.116,9603,TEUSAQUILLO,PARQUE SIMON BOLIVAR - CAN,34,0,20,5,2,0,25,36,3109,1610,1499,154.2672440093141,81.85077857305674,0.908759748264406,46.3515731249479,8.631896098942736,5.2728768124988665,196.20456738501127,109.35992280476036,0,64.3293663557414,16.08234158893535,6.43293663557414,223.6024844720497,166.77785190126752,0,0,5,25,16,4,10,1,1,0,12,3,6,10000,0,0,16.08234158893535,80.41170794467675,51.46349308459312,12.86587327114828,32.1646831778707,3.21646831778707,3.21646831778707,0,38.59761981344484,9.64940495336121,19.29880990672242
74,2020,0,0,0,0,3,1,0,0,2,2.0016666666666665,712512,784968,0,0,15,824.337,341,1.089.512,9178,ENGATIVA,ENGATIVA,45,22,67,47,60,0,74,167,141832,68646,73186,17.039257136291813,3.201736125054221,1.5414389604450436,4.7413348136441495,3.354395597747561,4.250825780308467,16.991934119239662,3.172767781600767,1.5511309154492638,4.723898697050031,3.3137796830052455,4.230357042134356,24.32771028173528,10.111223458038424,0,0,12,32,24,3,19,12,19,0,12,12,12,10000,0,0,0.8460714084268712,2.2561904224716565,1.6921428168537425,0.2115178521067178,1.339613063342546,0.8460714084268712,1.339613063342546,0,0.8460714084268712,0.8460714084268712,0.8460714084268712
47,2020,1,1,0,0,2,1,1,1,1,3,865592,770256,9,4,28,979.914,372,999.300,8894,KENNEDY,KENNEDY CENTRAL,35,6,56,78,65,0,82,158,94641,44822,49819,25.342261355123387,3.7351749213972063,0.6798819859773112,5.925674356628652,8.03167905554939,6.731768052787523,25.358988176371764,3.698185775720882,0.633974704409294,5.917097241153411,8.241671157320823,6.868059297767353,35.250546606577124,16.459583692968547,0,0,12,33,24,11,18,12,19,0,12,12,12,10000,0,0,1.267949408818588,3.486860874251118,2.535898817637176,1.1622869580837059,1.9019241132278821,1.267949408818588,2.007586563962765,0,1.267949408818588,1.267949408818588,1.267949408818588
70,2020,0,0,0,0,0,0,0,0,1,1.1733333333333331,789975,888237,0,0,23,593.937,409,505.335,835,CIUDAD BOLIVAR,JERUSALEM,19,38,81,44,46,0,88,140,99821,48986,50835,22.84996978830044,1.958758498640722,3.6526422901705544,8.092212869535015,4.407764901712154,4.614149383472073,22.84088518448022,1.903407098706685,3.80681419741337,8.114524999749552,4.407890123320744,4.608248765289869,28.57959416976279,17.310907839087243,0,0,12,27,22,4,15,11,17,0,12,12,9,10000,0,0,1.2021518518147483,2.704841666583184,2.203945061660372,0.40071728393824946,1.5026898147684353,1.101972530830186,1.7030484567375601,0,1.2021518518147483,1.2021518518147483,0.9016138888610613
66,2020,0,0,0,0,0,0,0,0,0,1.8425,597168,609704,4,3,26,593.937,409,505.335,835,CIUDAD BOLIVAR,SAN FRANCISCO,29,18,62,30,66,0,81,124,70180,34379,35801,29.13406703176445,4.17497098779524,2.4585005637501203,8.78876795569628,4.2841941685448015,9.013510431348683,29.21060131091479,4.132231404958677,2.564833285836421,8.834425762325449,4.274722143060701,9.404388714733544,36.06853020739405,22.625066338929077,0,0,12,30,20,4,14,10,14,0,12,12,12,10000,0,0,1.7098888572242805,4.274722143060701,2.8498147620404675,0.5699629524080935,1.994870333428327,1.4249073810202337,1.994870333428327,0,1.7098888572242805,1.7098888572242805,1.7098888572242805
65,2020,0,0,0,0,1,1,0,0,1,2.463333333333334,349194,364512,9,3,21,593.937,409,505.335,835,CIUDAD BOLIVAR,ARBORIZADORA,44,9,31,51,59,0,51,143,82419,39437,42982,23.540889645142983,5.358600656033541,1.110048679929274,3.807172288369102,6.0767583996809496,6.982653242933072,23.53826180856356,5.338574843179364,1.0919812179230517,3.7612686395127337,6.187893568230627,7.158543539717783,36.26036463219819,11.865432041319622,0,0,11,32,18,3,17,10,15,0,12,11,10,10000,0,0,1.334643710794841,3.882599885948628,2.1839624358461034,0.3639937393076839,2.062631189410209,1.2133124643589464,1.8199686965384196,0,1.4559749572307357,1.334643710794841,1.2133124643589464
79,2020,0,0,0,0,0,0,1,1,0,2.1333333333333333,167274,204984,3,2,22,979.914,372,999.300,8894,KENNEDY,CALANDAIMA,48,8,55,70,58,1,90,148,131909,62500,69409,18.16093915268735,3.666008514613302,0.6413547907940775,4.194107944956635,5.270738567623053,4.411233772491305,18.118551425604014,3.638872252840974,0.606478708806829,4.169541123046949,5.306688702059753,4.39697063884951,23.68,12.96661816190984,0,0,10,33,23,7,17,11,14,0,12,12,7,10000,0,0,0.7580983860085362,2.5017246738281695,1.7436262878196334,0.5306688702059753,1.2887672562145116,0.8339082246093898,1.0613377404119506,0,0.9097180632102435,0.9097180632102435,0.5306688702059753
59,2020,0,0,0,0,0,0,0,0,0,1,163808,216380,0,0,6,314.431,407,569.872,8291,USME,ALFONSO LOPEZ,15,15,42,8,21,0,43,58,50929,25223,25706,19.907064516657943,3.029798188413258,2.759514699156301,8.200072417208752,1.846224662407737,4.188220359393736,19.83153016945159,2.945276757839345,2.945276757839345,8.246774921950166,1.570814270847651,4.123387460975083,22.99488562026722,16.72761223060764,0,0,11,29,19,2,24,10,14,0,12,12,10,10000,0,0,2.1598696224155196,5.694201731822734,3.73068389326317,0.39270356771191267,4.712442812542952,1.9635178385595635,2.7489249739833888,0,2.356221406271476,2.356221406271476,1.9635178385595635
45,2020,0,0,0,0,2,1,1,1,3,2.7914285714285714,737583,674359,9,4,35,979.914,372,999.300,8894,KENNEDY,CARVAJAL,81,16,49,92,61,0,96,203,90380,43669,46711,32.980593317832415,8.935319762280043,1.7404746266663318,5.438101970587356,9.849140189965352,6.614806622498059,33.082540385040936,8.96215976986059,1.7703031644169065,5.421553441026775,10.179243195397213,6.749280814339455,46.48606563008083,20.55190426237931,0,0,12,31,23,6,18,12,19,0,12,12,12,10000,0,0,1.3277273733126798,3.429962381057756,2.544810798849303,0.6638636866563399,1.9915910599690199,1.3277273733126798,2.1022350077450764,0,1.3277273733126798,1.3277273733126798,1.3277273733126798
20,2020,2,1,1,1,8,1,55,1,23,4.996666666666667,231126,219822,33,6,26,981.613,341,1.388.086,916,SUBA,LA ALHAMBRA,33,0,7,14,5,0,22,37,40664,18425,22239,14.73091732052968,8.079614126249336,0.1872638281649653,1.8809086508266255,3.5571817539480795,1.7004527171358708,14.509148140861695,8.115286248278576,0,1.7214243556954554,3.4428487113909108,1.229588825496754,20.081411126187245,9.892531138990062,0,0,12,22,17,1,12,5,7,0,12,12,9,10000,0,0,2.9510131811922093,5.410190832185717,4.1806020066889635,0.24591776509935076,2.9510131811922093,1.229588825496754,1.7214243556954554,0,2.9510131811922093,2.9510131811922093,2.213259885894157
51,2020,0,0,0,0,1,1,2,1,0,1.68875,263745,660861,0,0,15,404.35,373,706.208,8368,SAN CRISTOBAL,LOS LIBERTADORES,14,16,61,15,28,0,57,77,77140,37466,39674,17.45266925717815,1.8875599621991423,2.015532281834582,7.88263866917377,2.107764706331764,3.711896829261461,17.371013741249676,1.8148820326678765,2.0741508944775733,7.907700285195748,1.944516463572725,3.629764065335753,20.551967116852612,14.367091798154965,0,0,12,29,22,2,13,10,19,0,12,11,10,10000,0,0,1.55561317085818,3.7593984962406015,2.8519574799066634,0.25926886180969666,1.6852476017630282,1.2963443090484832,2.463054187192118,0,1.55561317085818,1.4259787399533317,1.2963443090484832
115,2020,3,1,2,1,0,0,0,0,5,3.314,77135,83285,6,3,26,317.179,346,1.428.379,9003,FONTIBON,CAPELLANIA,30,1,4,7,8,0,18,32,17775,8377,9398,27.896761265757917,16.27083416134933,0.7724463490251001,2.5614975604289936,4.048259788960555,4.555025707289367,28.129395218002813,16.877637130801688,0.5625879043600562,2.250351617440225,3.938115330520394,4.50070323488045,38.19983287573117,19.153011278995532,0,0,8,22,14,0,12,5,3,0,12,7,9,10000,0,0,4.50070323488045,12.376933895921237,7.876230661040788,0,6.751054852320674,2.8129395218002813,1.6877637130801686,0,6.751054852320674,3.938115330520394,5.063291139240507
43,2020,0,0,0,0,4,1,1,1,5,3,844074,844239,17,8,31,250.715,355,1.116.511,9043,PUENTE ARANDA,SAN RAFAEL,45,5,30,88,37,0,65,140,72890,34580,38310,28.065527896141276,6.183433445634924,0.7400883328199168,4.1608887488085005,11.536780673290984,5.046447646428929,28.12457127177939,6.173686376732062,0.6859651529702291,4.115790917821375,12.072986692276034,5.0761421319796955,40.48582995951417,16.96684938658314,0,0,12,29,24,3,16,11,17,0,12,12,11,10000,0,0,1.64631636712855,3.9785978872273287,3.2926327342571,0.4115790917821375,2.1950884895047333,1.5091233365345043,2.3322815200987788,0,1.64631636712855,1.64631636712855,1.5091233365345043
25,2020,2,1,2,1,4,1,0,0,10,4.04,127070,126620,24,5,25,981.613,341,1.388.086,916,SUBA,LA FLORESTA,34,2,15,10,7,0,32,36,43555,19828,23727,15.795084055261936,7.78073817284419,0.574936889009112,3.5394081270282824,2.5317273257046193,2.0025899861783167,15.612444036275972,7.806222018137986,0.4591895304787051,3.443921478590288,2.2959476523935254,1.6071633566754675,18.156142828323585,13.48674505837232,0,0,11,31,17,9,13,8,11,0,12,10,10,10000,0,0,2.5255424176328782,7.117437722419929,3.903111009068993,2.066352887154173,2.984731948111583,1.8367581219148204,2.5255424176328782,0,2.7551371828722306,2.2959476523935254,2.2959476523935254
56,2020,0,0,0,0,0,0,0,0,0,1.508,205135,253351,6,6,8,314.431,407,569.872,8291,USME,DANUBIO,21,6,34,8,19,0,41,47,54467,26373,28094,16.29347995870632,3.91603300698111,1.1268733972319414,6.248891542652481,1.7372638586242228,3.615898825795647,16.156571869205205,3.8555455596966968,1.1015844456276278,6.2423118585565565,1.468779260836837,3.4883507444874877,17.821256588177302,14.593863458389691,0,0,10,30,20,3,15,10,10,0,12,11,7,10000,0,0,1.8359740760460463,5.507922228138138,3.6719481520920927,0.5507922228138139,2.753961114069069,1.8359740760460463,1.8359740760460463,0,2.2031688912552556,2.0195714836506506,1.2851818532322323
26,2020,0,0,3,1,7,1,8,1,8,3.0646153846153847,1441973,1441167,19,5,69,824.337,341,1.089.512,9178,ENGATIVA,LAS FERIAS,131,6,54,62,36,0,116,173,101318,48221,53097,28.477513783785653,12.86148206739894,0.6378319271728838,5.345793789686874,6.031395864427139,3.621391805201036,28.524052981701175,12.929588029767665,0.592194871592412,5.329753844331709,6.119347006454924,3.553169229554472,35.87648534870699,21.84680867092303,0,0,12,32,24,6,15,10,19,0,12,12,12,10000,0,0,1.184389743184824,3.158372648492864,2.368779486369648,0.592194871592412,1.48048717898103,0.98699145265402,1.8752837600426382,0,1.184389743184824,1.184389743184824,1.184389743184824
102,2020,1,1,2,1,3,1,0,0,14,2.8186666666666667,764715,782955,131,15,94,94.944,353,1.059.511,8978,LOS MARTIRES,LA SABANA,170,48,140,49,58,1,138,326,39822,18926,20896,114.49330207521656,41.691592665968,10.522041598534887,34.18155089194597,11.349115296349396,13.205472037574564,116.7696248304957,42.68997036813821,12.0536386921802,35.15644618552559,12.304756164933956,14.564813419717744,172.24981506921696,66.04134762633997,0,0,12,35,24,12,21,12,15,0,12,12,12,10000,0,0,3.01340967304505,8.789111546381397,6.0268193460901,3.01340967304505,5.273466927828839,3.01340967304505,3.766762091306313,0,3.01340967304505,3.01340967304505,3.01340967304505
2,2020,0,0,0,0,0,0,0,0,0,5.058,10545,13800,3,2,95,981.613,341,1.388.086,916,SUBA,LA ACADEMIA,1,2,0,1,0,0,1,3,5017,2430,2587,10.594138610201943,2.8842804915355207,2.4759407741940023,1.4211897683195465,3.252623536048715,2.6328047055821617,7.9728921666334465,1.9932230416583616,3.9864460833167232,0,1.9932230416583616,0,12.34567901234568,3.8654812524159254,0,0,0,12,3,0,3,1,0,0,11,3,0,10000,0,0,0,23.91867649990034,5.979669124975085,0,5.979669124975085,1.9932230416583616,0,0,21.925453458241975,5.979669124975085,0
116,2020,1,1,1,1,2,1,1,1,8,3.155,24638,27282,3,1,17,824.337,341,1.089.512,9178,ENGATIVA,ALAMOS,43,3,6,13,10,0,21,54,12159,5711,6448,58.803224508955424,32.91737662325405,2.0672045541037485,5.096977208605786,8.738550230455907,7.015101816117594,61.68270416975081,35.36475039065713,2.467308166790032,4.934616333580064,10.691668722756804,8.224360555966774,94.55436876203817,32.5682382133995,0,0,6,26,17,0,13,6,5,0,12,10,9,10000,0,0,4.934616333580064,21.38333744551361,13.981412945143516,0,10.691668722756805,4.934616333580064,4.112180277983387,0,9.869232667160128,8.224360555966774,7.401924500370096
81,2020,0,0,0,0,1,1,8,1,2,2.0025,290204,283616,1,1,16,979.914,372,999.300,8894,KENNEDY,GRAN BRITALIA,26,6,48,37,60,0,63,114,63281,30922,32359,27.9050061565826,4.156391935290466,0.9848203286195668,7.561777057086077,5.732045877871565,9.04487007393819,27.970480871035537,4.108658207044769,0.9481518939334082,7.585215151467265,5.846936679256017,9.481518939334082,36.86695556561671,19.469081244785063,0,0,11,28,22,4,15,12,14,0,12,12,11,10000,0,0,1.738278472211248,4.424708838355905,3.476556944422496,0.6321012626222721,2.3703797348335205,1.8963037878668163,2.2123544191779523,0,1.8963037878668163,1.8963037878668163,1.738278472211248
33,2020,0,0,0,0,2,1,0,0,2,2.8193333333333332,1647904,748256,42,13,30,404.35,373,706.208,8368,SAN CRISTOBAL,SOSIEGO,30,7,26,28,33,0,43,81,43834,21242,22592,28.18758028451368,6.84306022398449,1.562399638324728,5.949233489953838,6.167435792937532,7.170403364303728,28.28854314002829,6.8440023725874894,1.5969338869370808,5.931468722909157,6.387735547748323,7.528402609846238,38.1320026362866,19.03328611898017,0,0,12,29,24,11,14,7,14,0,12,12,12,10000,0,0,2.7376009490349955,6.615868960167906,5.475201898069991,2.5094675366154124,3.1938677738741617,1.5969338869370808,3.1938677738741617,0,2.7376009490349955,2.7376009490349955,2.7376009490349955
19,2020,2,1,7,1,8,1,2,1,12,3.51625,692512,712104,25,8,34,981.613,341,1.388.086,916,SUBA,EL PRADO,56,2,27,44,11,1,52,87,100375,46114,54261,14.044372618483257,5.592862017406357,0.26966744690883054,2.742483224799221,4.384696676018696,1.311338424446035,13.947696139476962,5.579078455790785,0.199252801992528,2.6899128268991284,4.383561643835616,1.095890410958904,18.866287895216203,9.583310296529737,0,0,12,31,21,2,13,12,16,0,12,12,12,10000,0,0,1.1955168119551682,3.088418430884184,2.092154420921544,0.199252801992528,1.2951432129514322,1.1955168119551682,1.594022415940224,0,1.1955168119551682,1.1955168119551682,1.1955168119551682
41,2020,0,0,0,0,1,1,0,0,3,3,523602,513468,24,8,22,250.715,355,1.116.511,9043,PUENTE ARANDA,MUZU,50,3,21,94,43,0,63,148,58670,27784,30886,35.7594990658752,8.489555609726283,0.5949929518548643,3.647641118722455,15.029388495493857,7.0723072214464215,35.96386568944946,8.522243054371911,0.5113345832623146,3.5793420828362024,16.021816942219193,7.329129026759843,53.26806795277857,20.39759114161756,0,0,12,30,21,0,13,10,18,0,12,12,10,10000,0,0,2.0453383330492585,5.113345832623146,3.5793420828362024,0,2.2157831941366966,1.7044486108743822,3.068007499573888,0,2.0453383330492585,2.0453383330492585,1.7044486108743822
37,2020,0,0,1,1,2,1,0,0,8,3,307027,315602,40,7,41,94.944,353,1.059.511,8978,LOS MARTIRES,SANTA ISABEL,39,4,19,33,21,0,34,82,44480,20483,23997,26.028141659313413,8.718991559457933,0.9557819851612168,4.339841871932238,7.088477597662079,4.719394513554211,26.079136690647484,8.767985611510792,0.8992805755395684,4.2715827338129495,7.419064748201439,4.721223021582734,40.03319826197335,14.16843772138184,0,0,12,32,24,6,14,8,19,0,12,12,12,10000,0,0,2.697841726618705,7.194244604316547,5.39568345323741,1.3489208633093526,3.1474820143884887,1.7985611510791368,4.2715827338129495,0,2.697841726618705,2.697841726618705,2.697841726618705
107,2020,1,1,1,1,3,1,1,1,6,3.77,207448,216792,32,8,35,139.298,287,1.933.116,9603,TEUSAQUILLO,QUINTA PAREDES,36,2,8,7,3,0,17,39,26931,12057,14874,20.899893130256377,13.10112952429452,0.8596532456109948,3.1454995962293095,2.9046623481639773,1.8011219999869432,20.7938806579778,13.367494708700011,0.7426385949277784,2.9705543797111136,2.5992350822472248,1.1139578923916675,32.3463548146305,11.429339787548743,0,0,12,31,16,2,13,4,11,0,12,12,11,10000,0,0,4.45583156956667,11.510898221380565,5.941108759422227,0.7426385949277784,4.82715086703056,1.4852771898555568,4.084512272102781,0,4.45583156956667,4.45583156956667,4.084512272102781
73,2020,1,1,0,0,4,1,2,1,4,2.775714285714286,955689,1044302,4,2,40,824.337,341,1.089.512,9178,ENGATIVA,GARCES NAVAS,96,7,90,100,63,0,119,237,167992,79269,88723,21.20665600843241,5.721917965134345,0.45157105786693935,5.366895661427788,5.903783302123417,3.7851169152604274,21.19148530882423,5.714557836087432,0.4166865088813753,5.357397971331968,5.952664412591076,3.7501785799323777,29.89819475456988,13.412531136232994,0,0,12,33,24,3,18,12,19,0,12,12,12,10000,0,0,0.714319729510929,1.964379256155055,1.428639459021858,0.17857993237773226,1.0714795942663937,0.714319729510929,1.1310062383923043,0,0.714319729510929,0.714319729510929,0.714319729510929
31,2020,0,0,1,1,3,1,2,1,9,3.318333333333334,409362,391260,10,4,38,824.337,341,1.089.512,9178,ENGATIVA,SANTA CECILIA,70,2,22,34,32,0,42,118,67651,31657,35994,23.652351477462883,10.288568281655555,0.38845424839708725,3.3180502262320624,4.979306820528627,4.7281341395746095,23.65079599710278,10.347223248732464,0.2956349499637847,3.2519844496016317,5.025794149384341,4.730159199420555,37.2745364374388,11.668611435239203,0,0,12,29,21,1,15,9,14,0,12,12,12,10000,0,0,1.7738096997827084,4.286706774474879,3.10416697461974,0.14781747498189235,2.2172621247283852,1.3303572748370311,2.069444649746493,0,1.7738096997827084,1.7738096997827084,1.7738096997827084
58,2020,0,0,0,0,0,0,1,1,0,1.5654545454545454,857659,954745,0,0,29,314.431,407,569.872,8291,USME,COMUNEROS,33,7,78,25,36,0,83,96,95714,46919,48795,18.75377748947019,3.4872974712424263,0.7704562047633969,8.125520414311406,2.7090848884928005,3.820192980153546,18.701548362830938,3.447771485885033,0.7313454667028857,8.14927805754644,2.611948095367449,3.7612052573291264,20.460794134572343,17.00993954298596,0,0,12,31,24,2,20,11,17,0,12,11,9,10000,0,0,1.2537350857763754,3.2388156382556366,2.5074701715527508,0.2089558476293959,2.089558476293959,1.1492571619616774,1.7761247048498654,0,1.2537350857763754,1.1492571619616774,0.9403013143322816
13,2020,3,1,1,1,8,1,4,1,5,4.381666666666667,1717632,1842552,20,5,88,430.156,312,1.867.529,936,USAQUEN,LOS CEDROS,96,2,24,28,12,0,71,91,128724,57206,71518,12.671109000203238,7.452103637255418,0.21319087937174344,1.914469670903332,2.2662768535709374,1.1101801634150306,12.58506572200988,7.4578167241540045,0.1553711817532084,1.8644541810385011,2.1751965445449177,0.9322270905192506,15.907422298360313,9.927570681506754,0,0,12,30,23,7,15,11,18,0,12,12,12,10000,0,0,0.9322270905192506,2.3305677262981264,1.7867685901618968,0.5437991361362294,1.1652838631490632,0.8545414996426463,1.398340635778876,0,0.9322270905192506,0.9322270905192506,0.9322270905192506
87,2020,0,0,0,0,0,0,0,0,1,1.765,212992,339512,0,0,47,546.809,398,703.807,854,BOSA,TINTAL SUR,23,9,72,12,31,0,75,72,110561,51998,58563,13.389514613971546,2.1285241088271363,0.8435029812365485,6.512143671508168,1.24218226790853,2.9075261471404104,13.295827642658804,2.0802995631370917,0.8140302638362532,6.512242110690026,1.0853736851150044,2.8038820198804277,13.846686411015808,12.806720967163567,0,0,11,25,23,1,14,12,15,0,12,12,10,10000,0,0,0.9949258780220874,2.261195177322926,2.0802995631370917,0.09044780709291703,1.2662692993008386,1.0853736851150044,1.3567171063937555,0,1.0853736851150044,1.0853736851150044,0.9044780709291703
77,2020,1,1,0,0,0,0,0,0,1,2.045,283878,356976,0,0,13,317.179,346,1.428.379,9003,FONTIBON,ZONA FRANCA,25,1,29,19,31,1,42,62,61591,28838,32753,17.15504285680734,4.10895585243886,0.27639156308888374,4.74846960498936,3.192778212014157,5.002595748914525,17.04794531668588,4.059034599210924,0.16236138396843694,4.708480135084671,3.084866295400302,5.033202903021545,21.49941050003468,12.823252831801668,0,0,12,30,20,1,15,8,8,0,12,12,6,10000,0,0,1.9483366076212434,4.8708415190531085,3.247227679368739,0.16236138396843694,2.4354207595265542,1.2988910717474955,1.2988910717474955,0,1.9483366076212434,1.9483366076212434,0.9741683038106217
39,2020,1,1,2,1,6,1,0,0,2,3,1410480,1306815,45,15,69,378.78,372,591.317,8706,RAFAEL URIBE URIBE,QUIROGA,97,15,60,80,63,0,108,207,91627,44208,47419,34.26396040634707,10.539965522913144,1.6166225418890057,6.54762619905285,8.48692110901748,6.734722745114271,34.37851288375697,10.58639920547437,1.6370720420836653,6.548288168334661,8.731050891112881,6.875702576751395,46.82410423452769,22.775680634344884,0,0,12,34,23,12,15,12,19,0,12,12,12,10000,0,0,1.309657633666932,3.710696628722975,2.5101771311949532,1.309657633666932,1.6370720420836653,1.309657633666932,2.0736245866393093,0,1.309657633666932,1.309657633666932,1.309657633666932
108,2020,0,0,0,0,1,1,1,1,7,2.685714285714286,33520,33976,48,8,66,250.715,355,1.116.511,9043,PUENTE ARANDA,ZONA INDUSTRIAL,41,7,48,18,11,0,53,72,6407,3194,3213,171.98613063438583,55.356488888495,6.044901693732327,62.63040517010956,17.172869838659075,10.95606060120202,195.0991103480568,63.99250819416264,10.925550179491182,74.91805837365382,28.09427189012018,17.168721710628997,225.42266750156543,164.95487083722378,0,0,12,25,19,0,13,6,5,0,12,11,9,10000,0,0,18.729514593413455,39.019822069611365,29.655064772904634,0,20.29030747619791,9.364757296706728,7.803964413922273,0,18.729514593413455,17.168721710628997,14.04713594506009
61,2020,0,0,0,0,0,0,5,1,0,1.2366666666666666,79500,134960,0,0,65,314.431,407,569.872,8291,USME,CIUDAD USME,4,7,56,10,12,0,50,39,25997,12622,13375,33.84699991319018,1.759890655033039,2.416335597414099,20.771174432408337,3.943906598543781,4.633767446571852,34.23471939069893,1.5386390737392777,2.6926183790437355,21.540947032349884,3.8465976843481937,4.615917221217833,30.8984313104104,37.38317757009346,0,0,8,26,18,2,14,7,9,0,12,8,3,10000,0,0,3.0772781474785553,10.001153979305306,6.9238758318267495,0.7693195368696388,5.385236758087471,2.6926183790437355,3.4619379159133747,0,4.615917221217833,3.0772781474785553,1.1539793053044582
1,2020,0,0,0,0,0,0,0,0,0,4,52488,63828,3,3,83,430.156,312,1.867.529,936,USAQUEN,PASEO DE LOS LIBERTADORES,4,1,3,1,3,0,3,9,2574,1275,1299,40.22765458439757,12.859916305080418,2.0470312221069347,9.838247334056966,4.239155642018151,6.706462995029391,46.62004662004662,15.54001554001554,3.885003885003885,11.655011655011656,3.885003885003885,11.655011655011656,70.58823529411765,23.094688221709006,0,0,4,18,11,0,9,4,2,0,8,8,3,10000,0,0,15.54001554001554,69.93006993006993,42.73504273504274,0,34.96503496503497,15.54001554001554,7.77000777000777,0,31.08003108003108,31.08003108003108,11.655011655011656
46,2020,0,0,0,0,4,1,1,1,3,2.72,884656,1003288,18,6,40,979.914,372,999.300,8894,KENNEDY,CASTILLA,90,6,59,108,92,1,119,235,143736,68336,75400,24.691566631306603,6.265769378704291,0.457910619138902,4.1279387163879155,7.39960957390195,6.328743288349929,24.698057549952697,6.261479378861245,0.4174319585907497,4.104747592809039,7.513775254633495,6.400623365058162,34.388901896511356,15.782493368700266,0,0,12,30,22,2,19,11,21,0,12,12,12,10000,0,0,0.8348639171814994,2.0871597929537486,1.5305838481660823,0.13914398619691656,1.3218678688707073,0.7652919240830411,1.4610118550676239,0,0.8348639171814994,0.8348639171814994,0.8348639171814994
85,2020,1,1,1,1,4,1,3,1,1,1.9988888888888892,2537808,2654832,17,6,39,546.809,398,703.807,854,BOSA,BOSA CENTRAL,119,26,196,85,217,0,244,399,235571,113527,122044,27.280440526292388,5.0600065734582245,1.1100231836888188,8.309461056715989,3.6263801049732862,9.093061032763702,27.295380161395077,5.051555581968918,1.1037012195898477,8.32020919383116,3.608253987120656,9.2116601788845,35.14582434134611,19.992789485759232,0,0,12,32,24,10,21,12,22,0,12,12,12,10000,0,0,0.509400562887622,1.3584015010336585,1.018801125775244,0.4245004690730183,0.8914509850533385,0.509400562887622,0.9339010319606403,0,0.509400562887622,0.509400562887622,0.509400562887622
60,2020,0,0,0,0,0,0,0,0,1,1.11,10544,15584,0,0,0,314.431,407,569.872,8291,USME,PARQUE ENTRENUBES,2,2,16,0,2,0,6,16,982,507,475,123.03423348380852,13.08284683588647,3.7869547076292154,70.92079476422361,3.7360694317086094,6.798513275944225,224.0325865580448,20.36659877800407,20.36659877800407,162.93279022403257,0,20.36659877800407,315.5818540433925,126.3157894736842,0,0,1,17,7,0,7,0,1,0,0,0,0,10000,0,0,10.183299389002036,173.11608961303463,71.28309572301426,0,71.28309572301426,0,10.183299389002036,0,0,0,0
30,2020,1,1,4,1,9,1,2,1,6,3.001818181818182,1427481,1341120,25,7,42,824.337,341,1.089.512,9178,ENGATIVA,BOYACA REAL,99,4,64,56,51,0,99,175,128700,61151,67549,21.308830463774957,7.684535286802991,0.36100642849411774,4.9893174695046945,4.353421423486252,3.997784147284923,21.28982128982129,7.6923076923076925,0.3108003108003108,4.972804972804973,4.351204351204351,3.962703962703962,28.61768409347353,14.6560274763505,0,0,12,33,23,7,18,10,21,0,12,12,12,10000,0,0,0.9324009324009324,2.5641025641025643,1.7871017871017871,0.5439005439005439,1.3986013986013985,0.777000777000777,1.6317016317016317,0,0.9324009324009324,0.9324009324009324,0.9324009324009324
72,2020,0,0,0,0,1,1,0,0,5,3,331356,345116,4,2,21,824.337,341,1.089.512,9178,ENGATIVA,BOLIVIA,55,0,17,41,50,0,46,117,83848,38193,45655,19.49077821558898,6.5628053397511374,0.09789345681444309,2.1011396242786313,4.860086011019734,5.874459878758809,19.43993893712432,6.559488598416182,0,2.02747829405591,4.889800591546608,5.96317145310562,30.633885790589897,10.075566750629722,0,0,11,28,22,10,15,10,13,0,12,12,9,10000,0,0,1.3118977196832364,3.3393760137391473,2.623795439366473,1.1926342906211238,1.7889514359316858,1.1926342906211238,1.550424577807461,0,1.4311611487453486,1.4311611487453486,1.0733708615590116
57,2020,0,0,2,1,1,1,0,0,0,1.7740000000000002,1391324,1519562,3,3,23,314.431,407,569.872,8291,USME,GRAN YOMASA,49,26,97,29,47,0,114,134,127216,62013,65203,19.52762202631689,3.877955336334052,2.0085859677669022,7.612607805167129,2.3673912877094425,3.742761411109289,19.49440321972079,3.8517167651867688,2.043768079486857,7.62482706577789,2.279587473273802,3.694503835995472,21.608372438037183,17.483858104688434,0,0,12,32,24,4,21,12,21,0,12,12,10,10000,0,0,0.9432775751477802,2.5154068670607472,1.8865551502955604,0.3144258583825934,1.6507357565086151,0.9432775751477802,1.6507357565086151,0,0.9432775751477802,0.9432775751477802,0.7860646459564834
23,2020,0,0,0,0,5,1,32,1,6,3.5728571428571425,209118,255647,7,5,41,981.613,341,1.388.086,916,SUBA,CASA BLANCA SUBA,22,1,16,11,7,0,30,27,57665,26781,30884,10.120931963361596,3.873120203938506,0.2932664663926225,2.863216902062946,2.124372625482078,1.5613179587538042,9.884678747940692,3.8151391658718463,0.17341541663053847,2.7746466660886155,1.9075695829359232,1.2139079164137692,10.081774392293042,9.713767646677892,0,0,9,25,19,3,12,4,13,0,12,10,6,10000,0,0,1.5607387496748462,4.3353854157634615,3.2948929159802303,0.5202462498916154,2.0809849995664615,0.6936616665221539,2.254400416197,0,2.0809849995664615,1.7341541663053845,1.0404924997832308
88,2020,0,0,0,0,0,0,0,0,20,5.9375,358776,369156,3,2,60,122.507,243,2.288.835,9661,CHAPINERO,EL REFUGIO,33,0,12,4,1,0,28,22,38690,17433,21257,13.195954959723814,8.480048153512596,0.19541895785497276,3.220627276655589,1.4522059879856932,0.8872286415087901,12.923235978288965,8.529335745670716,0,3.1015766347893514,1.033858878263117,0.25846471956577927,12.619744163368326,13.172131533142023,0,0,10,26,15,0,13,5,7,0,12,10,9,10000,0,0,2.5846471956577926,6.720082708710261,3.8769707934866893,0,3.3600413543551304,1.2923235978288963,1.809253036960455,0,3.1015766347893514,2.5846471956577926,2.3261824760920136
9,2020,0,0,2,1,4,1,1,1,0,2.7445454545454546,927663,1059410,9,4,60,430.156,312,1.867.529,936,USAQUEN,VERBENAL,24,16,58,23,24,0,72,73,125093,59368,65725,11.68777006970406,1.9627056162258316,1.281836017688822,4.657262406322147,1.946371937968545,2.0536526694400945,11.591376016243917,1.9185725819989927,1.2790483879993286,4.636550406497566,1.8386320577490347,1.9185725819989927,12.29618649777658,10.954735640928108,0,0,11,33,22,4,19,12,20,0,12,12,11,10000,0,0,0.8793457667495383,2.6380373002486146,1.7586915334990767,0.31976209699983216,1.5188699607492024,0.9592862909994964,1.5988104849991607,0,0.9592862909994964,0.9592862909994964,0.8793457667495383
109,2020,0,0,0,0,1,1,0,0,9,4.123333333333334,44058,53832,12,3,32,139.298,287,1.933.116,9603,TEUSAQUILLO,CIUDAD SALITRE ORIENTAL,34,0,8,2,4,0,26,22,23397,10426,12971,20.648221963017843,14.172969483862904,0.29491969250618955,3.5937390249201977,1.5286868327924277,2.3509103847069546,20.51545069880754,14.531777578322007,0,3.41924178313459,0.8548104457836475,1.709620891567295,21.101093420295417,20.04471513375993,0,0,3,24,23,6,11,2,6,0,12,5,6,10000,0,0,1.2822156686754713,10.25772534940377,9.830320126511946,2.5644313373509426,4.701457451810061,0.8548104457836475,2.5644313373509426,0,5.128862674701885,2.1370261144591187,2.5644313373509426
49,2020,0,0,1,1,0,0,0,0,2,2.3333333333333335,124191,114375,10,3,11,546.809,398,703.807,854,BOSA,APOGEO,23,2,23,14,35,0,39,58,36178,17354,18824,26.729801558750044,6.37117847880902,0.6739949990629487,6.362938896872998,3.9402359773721938,8.930717435294795,26.81187461993477,6.357454806788656,0.5528221571120571,6.357454806788656,3.869755099784399,9.674387749461,33.42168952402904,20.718232044198896,0,0,11,23,16,0,12,6,12,0,12,12,9,10000,0,0,3.0405218641163136,6.357454806788656,4.4225772568964565,0,3.316932942672342,1.658466471336171,3.316932942672342,0,3.316932942672342,3.316932942672342,2.4876997070042566
14,2020,1,1,0,0,1,1,1,1,19,4.66,375100,457974,0,0,45,430.156,312,1.867.529,936,USAQUEN,USAQUEN,46,0,17,7,17,0,43,44,41354,19655,21699,21.102023677138057,11.007698319023085,0.18457148308266155,4.1893705558048095,2.0101546385742566,4.190362079360692,21.037868162692845,11.123470522803114,0,4.110847801905499,1.6927020360787348,4.110847801905499,22.38616128211651,19.816581409281536,0,0,10,26,23,3,14,5,14,0,12,12,12,10000,0,0,2.418145765826764,6.287178991149587,5.561735261401557,0.7254437297480293,3.3854040721574696,1.209072882913382,3.3854040721574696,0,2.901774918992117,2.901774918992117,2.901774918992117
32,2020,0,0,0,0,1,1,0,0,0,1.7457142857142858,1408200,1428675,0,0,47,404.35,373,706.208,8368,SAN CRISTOBAL,SAN BLAS,24,9,86,28,58,0,99,106,102691,49503,53188,19.999363905202276,2.3861693954016547,0.9042219628749096,8.349436443419089,2.811687704776175,5.593033475845943,19.96280102443252,2.3371084126164905,0.8764156547311839,8.374638478542423,2.726626481385906,5.648011997156518,21.41284366604044,18.61322102729939,0,0,12,30,24,5,17,10,17,0,12,12,11,10000,0,0,1.1685542063082452,2.921385515770613,2.3371084126164905,0.48689758596176874,1.6554517922700138,0.9737951719235375,1.6554517922700138,0,1.1685542063082452,1.1685542063082452,1.0711746891158913
92,2020,0,0,0,0,0,0,0,0,11,2.5425,132324,86100,26,6,25,96.241,318,896.890,8828,SANTA FE,LA MACARENA,18,1,20,2,3,0,25,19,12322,6030,6292,34.81221976039093,13.947561996640996,0.9946017333699352,15.237043575379635,2.4796810828987033,3.2088675002723255,35.70848888167505,14.608018178867068,0.8115565654926148,16.231131309852298,1.6231131309852296,2.4346696964778443,31.509121061359867,39.73299427844882,0,0,4,27,14,2,13,9,11,0,12,10,8,10000,0,0,3.246226261970459,21.912027268300598,11.361791916896609,1.6231131309852296,10.550235351403993,7.304009089433534,8.927122220418763,0,9.738678785911377,8.115565654926149,6.492452523940918
11,2020,1,1,1,1,5,1,6,1,4,2.3000000000000003,373404,436080,0,0,21,430.156,312,1.867.529,936,USAQUEN,SAN CRISTOBAL NORTE,22,10,72,16,23,0,81,62,69775,33172,36603,20.54050959933125,3.2117129025705515,1.4245938068296096,10.24371067366446,2.446924503976349,3.4142792753327695,20.494446434969547,3.152991759226084,1.4331780723754928,10.318882121103549,2.293084915800788,3.2963095664636333,18.69046183528277,22.129333661175316,0,0,12,31,20,12,13,9,13,0,12,12,12,10000,0,0,1.7198136868505913,4.442852024364027,2.8663561447509855,1.7198136868505913,1.8631314940881403,1.2898602651379434,1.8631314940881403,0,1.7198136868505913,1.7198136868505913,1.7198136868505913
36,2020,1,1,0,0,1,1,0,0,2,2.97,350595,343350,26,7,19,378.78,372,591.317,8706,RAFAEL URIBE URIBE,SAN JOSE,42,6,29,32,26,0,46,89,48165,22814,25351,27.941863855480367,8.675801258015731,1.2564558514329875,6.034649420868937,6.41515091011158,5.317349051157045,28.028651510432887,8.720024914356898,1.2457178449081283,6.02096958372262,6.643828506176685,5.398110661268555,39.01113351450864,18.145240818902607,0,0,12,30,23,5,14,9,16,0,12,12,12,10000,0,0,2.4914356898162566,6.2285892245406425,4.775251738814492,1.0380982040901068,2.9066749714522992,1.8685767673621925,3.3219142530883423,0,2.4914356898162566,2.4914356898162566,2.4914356898162566
53,2020,0,0,1,1,1,1,0,0,2,2.442857142857143,479920,461139,21,6,14,378.78,372,591.317,8706,RAFAEL URIBE URIBE,MARCO FIDEL SUAREZ,17,12,20,11,17,0,28,49,46703,22454,24249,16.639431230457024,3.71546062735111,2.415723598219238,4.34717014375862,2.570630752991017,3.768027878392973,16.48716356550971,3.6400231248527937,2.5694280881313833,4.282380146885639,2.3553090807871015,3.6400231248527937,21.82239244678008,11.546867912078849,0,0,12,29,19,0,14,12,15,0,12,12,12,10000,0,0,2.5694280881313833,6.209451212984177,4.068261139541358,0,2.9976661028199474,2.5694280881313833,3.2117851101642296,0,2.5694280881313833,2.5694280881313833,2.5694280881313833
50,2020,0,0,1,1,0,0,1,1,1,1.9327272727272728,215222,1432186,1,1,21,404.35,373,706.208,8368,SAN CRISTOBAL,LA GLORIA,37,13,71,25,46,0,85,107,95816,46487,49329,20.076786044577315,3.896188384681915,1.3553156803128177,7.39696905805634,2.7063569928466475,4.794994070132365,20.038406946647743,3.861568005343575,1.3567671370126075,7.410035902145779,2.6091675711780913,4.800868330967688,23.01718760083464,17.23124328488313,0,0,11,31,23,8,17,12,19,0,12,12,12,10000,0,0,1.1480337313183602,3.2353677882608336,2.400434165483844,0.8349336227769892,1.7742339484011023,1.252400434165484,1.9829673540953494,0,1.252400434165484,1.252400434165484,1.252400434165484
110,2020,3,1,1,1,0,0,0,0,9,4.074999999999999,71780,82212,7,2,29,317.179,346,1.428.379,9003,FONTIBON,CIUDAD SALITRE OCCIDENTAL,36,1,14,14,9,0,20,54,44709,21075,23634,16.708981937015484,8.021116492958791,0.36726363093683023,3.2339654241000515,3.270493093138296,2.3489016623733336,16.551477331186113,8.052070053009462,0.22366861258359616,3.131360576170346,3.131360576170346,2.0130175132523656,25.622775800711743,8.462384700008462,0,0,9,26,18,1,13,3,11,0,12,10,7,10000,0,0,2.0130175132523656,5.8153839271735,4.026035026504731,0.22366861258359616,2.90769196358675,0.6710058377507885,2.4603547384195577,0,2.684023351003154,2.2366861258359614,1.565680288085173
10,2020,0,0,1,1,1,1,23,1,2,2.87125,122265,153495,5,2,29,430.156,312,1.867.529,936,USAQUEN,LA URIBE,32,6,12,2,7,0,25,34,34511,15833,18678,17.28341673858679,9.193586375078157,1.6733673396683897,3.5953869895037607,1.1038523879935345,2.4456254951753285,17.095998377328968,9.272405899568254,1.7385761061690477,3.477152212338095,0.5795253687230159,2.028338790530555,21.474136297606265,13.384730699218332,0,0,10,27,23,11,15,4,7,0,12,11,10,10000,0,0,2.8976268436150794,7.823592477760714,6.664541740314682,3.187389527976587,4.346440265422619,1.1590507374460317,2.0283387905305554,0,3.477152212338095,3.187389527976587,2.8976268436150794
42,2020,0,0,2,1,1,1,7,1,1,2.4250000000000003,2179040,2310720,35,13,66,182.532,363,829.895,8719,TUNJUELITO,VENECIA,98,14,83,63,74,0,120,212,137756,67031,70725,24.098114770405505,7.11150700529599,1.0309128852916571,6.029976508961561,4.566882280630342,5.342420160785024,24.100583640639975,7.1140277011527635,1.016289671593252,6.025145910159994,4.573303522169633,5.371816835564331,31.627157583804507,16.96712619300106,0,0,12,34,24,12,17,12,17,0,12,12,12,10000,0,0,0.8711054327942158,2.4681320595836116,1.7422108655884316,0.8711054327942158,1.2340660297918058,0.8711054327942158,1.2340660297918058,0,0.8711054327942158,0.8711054327942158,0.8711054327942158
103,2020,0,0,0,0,0,0,0,0,3,3,10953,12423,5,2,15,230.066,336,1.462.840,9244,BARRIOS UNIDOS,PARQUE SALITRE,6,0,2,1,1,0,4,6,1325,693,632,53.24139512550278,27.491457797274872,1.1123451490196603,10.677043936127152,5.017143709077103,5.1957823548571485,75.47169811320755,45.28301886792453,0,15.094339622641508,7.547169811320754,7.547169811320754,86.58008658008659,63.291139240506325,0,0,3,17,10,0,10,3,2,0,12,3,3,10000,0,0,22.641509433962266,128.30188679245282,75.47169811320755,0,75.47169811320755,22.641509433962266,15.094339622641508,0,90.56603773584906,22.641509433962266,22.641509433962266
21,2020,1,1,0,0,7,1,0,0,21,3.762,225860,233125,52,5,22,230.066,336,1.462.840,9244,BARRIOS UNIDOS,LOS ANDES,23,0,11,16,11,0,24,37,28891,12886,16005,21.202208285724073,7.917156824269766,0.24931549376670795,3.93229138657562,5.357465471129196,3.969844450607909,21.11384168080025,7.960956699318126,0,3.8074140735869304,5.538056834308263,3.8074140735869304,28.713332298618653,14.99531396438613,0,0,11,28,23,2,13,8,8,0,12,11,8,10000,0,0,3.8074140735869304,9.691599460039459,7.960956699318126,0.6922571042885328,4.499671177875463,2.7690284171541313,2.7690284171541313,0,4.1535426257311965,3.8074140735869304,2.7690284171541313
55,2020,0,0,0,0,0,0,0,0,0,1.5539999999999998,379860,395955,0,0,7,378.78,372,591.317,8706,RAFAEL URIBE URIBE,DIANA TURBAY,26,21,51,19,26,0,54,89,74601,36055,38546,19.229286606446465,3.53518866545671,2.6939894314219432,6.830242552922055,2.674081973863776,3.581287282897035,19.16864385195909,3.48520797308347,2.8149756705674185,6.836369485663731,2.5468827495609982,3.48520797308347,24.684509776729996,14.009235718362476,0,0,11,28,22,2,13,10,14,0,12,11,11,10000,0,0,1.4745110655353146,3.7533008940898918,2.9490221310706293,0.26809292100642085,1.7426039865417353,1.340464605032104,1.8766504470449459,0,1.608557526038525,1.4745110655353146,1.4745110655353146
113,2020,0,0,0,0,3,1,0,0,5,3.2925,104270,104965,8,3,26,979.914,372,999.300,8894,KENNEDY,BAVARIA,37,0,15,18,17,0,41,46,40752,19017,21735,21.406289652199117,9.017485226719986,0.18691609476922377,3.774754721083146,4.415600599445346,4.243896214759337,21.34864546525324,9.079308990969768,0,3.680800942285041,4.41696113074205,4.17157440125638,24.188883630435928,18.863584080975382,0,0,11,24,17,2,12,7,10,0,12,10,8,10000,0,0,2.6992540243423635,5.889281507656065,4.17157440125638,0.49077345897133884,2.9446407538280326,1.717707106399686,2.453867294856694,0,2.9446407538280326,2.453867294856694,1.9630938358853554
90,2020,0,0,1,1,4,1,1,1,23,3.05,275954,520674,22,10,60,122.507,243,2.288.835,9661,CHAPINERO,PARDO RUBIO,29,13,39,12,18,0,43,68,49381,24226,25155,22.503651546293906,5.893776541483624,2.4787498645623964,7.859287995866319,2.6274254630881906,3.7663995703686513,22.478281120268928,5.872704076466658,2.632591482554018,7.897774447662056,2.430084445434479,3.6451266681517183,28.06901675885413,17.094017094017094,0,0,10,29,21,7,14,6,8,0,12,12,10,10000,0,0,2.0250703711953992,5.872704076466658,4.252647779510338,1.4175492598367794,2.8350985196735587,1.2150422227172395,1.6200562969563193,0,2.430084445434479,2.430084445434479,2.0250703711953992
67,2020,0,0,1,1,1,1,0,0,0,1.256470588235294,2609568,2765373,2,1,30,593.937,409,505.335,835,CIUDAD BOLIVAR,LUCERO,57,79,138,48,62,0,164,220,159884,79445,80439,24.0157997895708,3.588028751835396,4.797301338621622,8.612760611288426,3.0486860467455053,3.909563937610728,24.017412624152513,3.5650846863976384,4.9410822846563756,8.631257661804808,3.002176578019064,3.877811413274624,27.69211404116055,20.38812019045488,0,0,12,34,23,12,14,12,18,0,12,12,10,10000,0,0,0.750544144504766,2.1265417427635036,1.4385429436341348,0.750544144504766,0.8756348352555602,0.750544144504766,1.1258162167571488,0,0.750544144504766,0.750544144504766,0.6254534537539717
83,2020,0,0,0,0,0,0,0,0,0,2,24432,29572,1,1,11,979.914,372,999.300,8894,KENNEDY,LAS MARGARITAS,9,4,10,18,16,0,20,37,31532,15032,16500,18.251332515891686,2.9921201558689146,1.2799984579451291,3.3133335000842257,5.515544818003562,5.012437776280463,18.076874286439175,2.854243308385133,1.2685525815045031,3.1713814537612586,5.708486616770266,5.074210326018013,24.61415646620543,12.12121212121212,0,0,4,23,17,0,14,3,10,0,12,9,6,10000,0,0,1.2685525815045033,7.294177343650895,5.391348471394139,0,4.439934035265762,0.9514144361283775,3.1713814537612586,0,3.80565774451351,2.854243308385133,1.902828872256755
101,2020,1,1,0,0,3,1,0,0,17,3.8711111111111105,267970,273160,65,10,59,139.298,287,1.933.116,9603,TEUSAQUILLO,TEUSAQUILLO,85,0,23,24,14,0,55,91,26970,12636,14334,53.049197622039486,30.51467156015896,0.263565960458882,8.427951293823336,8.13989736959672,5.09842462267616,54.13422321097516,31.516499814608824,0,8.527994067482389,8.898776418242493,5.190952910641453,72.0164609053498,38.3703083577508,0,0,12,30,23,7,14,4,14,0,12,11,12,10000,0,0,4.449388209121246,11.123470522803114,8.527994067482389,2.5954764553207266,5.190952910641453,1.4831294030404152,5.190952910641453,0,4.449388209121246,4.078605858361143,4.449388209121246
54,2020,0,0,0,0,0,0,0,0,2,1.83,984621,1061115,21,8,28,378.78,372,591.317,8706,RAFAEL URIBE URIBE,MARRUECOS,38,32,75,32,34,0,85,126,118698,62340,56358,17.826128569561607,3.23569008337329,2.6238034875171348,6.3207266657764825,2.771369296084182,2.9582305264540945,17.776205159311868,3.201401877032469,2.6959173701326056,6.318556336248294,2.6959173701326056,2.8644122057658934,20.21174205967276,15.082153376627986,0,0,12,29,23,1,17,11,16,0,12,12,11,10000,0,0,1.0109690137997271,2.4431751166826734,1.9376906097828102,0.08424741781664392,1.4322061028829467,0.926721595983083,1.3479586850663028,0,1.0109690137997271,1.0109690137997271,0.926721595983083
78,2020,0,0,1,1,0,0,0,0,2,1.956,79812,176088,0,0,25,979.914,372,999.300,8894,KENNEDY,TINTAL NORTE,9,5,12,27,31,1,25,58,30113,14147,15966,27.76207894771337,3.127974706593576,1.6015188642406648,4.09712170254414,8.263972984694524,9.318982480098017,27.894929100388534,2.9887424036130574,1.6604124464516987,3.984989871484077,8.966227210839172,10.294557168000532,40.99809146815579,15.658273831892773,0,0,5,23,23,2,14,4,8,0,12,11,4,10000,0,0,1.6604124464516987,7.637897253677814,7.637897253677814,0.6641649785806795,4.649154850064757,1.328329957161359,2.656659914322718,0,3.9849898714840766,3.652907382193737,1.328329957161359
100,2020,1,1,2,1,2,1,1,1,9,3.59625,300195,309096,38,9,56,139.298,287,1.933.116,9603,TEUSAQUILLO,GALERIAS,72,2,13,14,14,0,35,80,35859,16599,19260,31.84474665912788,19.669826841927083,0.6790542384223596,3.733690414755403,3.970641063823112,4.02521310038967,32.07005214869349,20.07864134526897,0.5577400373685826,3.6253102428957864,3.904180261580078,3.904180261580078,48.19567443821917,18.1723779854621,0,0,12,31,21,8,18,9,18,0,12,12,12,10000,0,0,3.346440224211495,8.644970579213028,5.856270392370116,2.2309601494743303,5.0196603363172425,2.5098301681586213,5.0196603363172425,0,3.346440224211495,3.346440224211495,3.346440224211495
34,2020,0,0,2,1,2,1,1,1,2,2.346363636363636,864012,1108236,26,12,30,404.35,373,706.208,8368,SAN CRISTOBAL,20 DE JULIO,47,4,60,35,61,0,90,117,80223,38862,41361,25.777915618433177,5.871950120076393,0.5624827249391904,7.4624011420560095,4.365565719420712,7.3907023090851744,25.80307393141618,5.8586689602732385,0.4986101242785735,7.479151864178602,4.362838587437518,7.603804395248246,30.106530801296895,21.759628635671284,0,0,12,33,22,3,17,12,15,0,12,12,12,10000,0,0,1.4958303728357205,4.113533525298231,2.742355683532154,0.37395759320893013,2.1190930281839373,1.4958303728357205,1.8697879660446506,0,1.4958303728357205,1.4958303728357205,1.4958303728357205
106,2020,0,0,0,0,3,1,1,1,1,4.164,167560,168920,17,5,30,139.298,287,1.933.116,9603,TEUSAQUILLO,LA ESMERALDA,25,1,15,13,6,0,30,30,38073,16960,21113,15.963712369909798,6.573322714494933,0.4217723844918451,4.030926805375454,3.539196067657624,2.0246005107952767,15.75919943266882,6.566333096945343,0.2626533238778137,3.939799858167205,3.4144932104115777,1.575919943266882,17.68867924528302,14.209254961398191,0,0,11,26,17,0,14,5,5,0,12,11,9,10000,0,0,2.8891865626559503,6.828986420823155,4.465106505922832,0,3.6771465342893914,1.3132666193890683,1.3132666193890683,0,3.151839886533764,2.8891865626559503,2.3638799149003233
91,2020,2,1,1,1,0,0,1,1,14,3.3285714285714287,96894,41153,42,7,37,96.241,318,896.890,8828,SANTA FE,SAGRADO CORAZON,46,2,30,5,2,0,46,39,10950,5474,5476,73.12179928581878,38.69065772339771,1.64074397168103,25.02481416922126,4.512597991404763,2.8856769389794303,77.62557077625571,42.00913242009132,1.8264840182648403,27.3972602739726,4.566210045662101,1.8264840182648403,71.24588966021192,84.00292184075968,0,0,11,26,15,0,13,2,5,0,12,11,9,10000,0,0,10.04566210045662,23.74429223744292,13.698630136986301,0,11.87214611872146,1.8264840182648403,4.566210045662101,0,10.95890410958904,10.04566210045662,8.219178082191782
95,2020,0,0,0,0,1,1,0,0,11,2,260205,69723,19,3,15,96.241,318,896.890,8828,SANTA FE,LAS CRUCES,39,7,16,9,6,0,30,47,21017,10622,10395,36.052577243060426,17.952040883253066,2.8514535521022415,7.543531729259907,4.307737319854346,3.2855079081902385,36.63700813627064,18.55640671837084,3.3306371032973305,7.612884807536756,4.282247704239425,2.8548318028262836,44.24778761061947,28.86002886002886,0,0,11,41,24,4,21,11,17,0,15,12,12,10000,0,0,5.23385830518152,19.508017319312938,11.419327211305134,1.903221201884189,9.991911309891993,5.23385830518152,8.088690108007803,0,7.137079507065709,5.709663605652567,5.709663605652567
40,2020,1,1,0,0,3,1,0,0,2,3,1219392,1267944,21,8,62,250.715,355,1.116.511,9043,PUENTE ARANDA,CIUDAD MONTES,66,4,47,114,34,0,88,177,101113,47645,53468,26.184325540902332,6.530465510007619,0.45343294384759425,4.6736613850978985,10.921335305443186,3.442221700389987,26.208301603156865,6.5273505879560485,0.39559700533066966,4.648264812635368,11.274514651924084,3.362574545310692,37.1497533844055,16.458442432857037,0,0,12,31,23,7,18,10,17,0,12,12,12,10000,0,0,1.186791015992009,3.06587679131269,2.2746827806513505,0.6922947593286718,1.7801865239880135,0.988992513326674,1.681287272655346,0,1.186791015992009,1.186791015992009,1.186791015992009
64,2020,0,0,0,0,0,0,0,0,0,1,5590,25895,0,0,7,593.937,409,505.335,835,CIUDAD BOLIVAR,MONTE BLANCO,1,6,16,1,7,0,16,15,6009,3047,2962,47.621743473937336,2.484037771344832,5.444450797738542,22.818514465130548,2.9717963716395572,8.076869409977112,51.58928274255283,1.6641704110500917,9.98502246630055,26.626726576801467,1.6641704110500917,11.64919287735064,49.22874958976042,54.01755570560432,0,0,3,18,18,0,6,3,8,0,9,3,0,10000,0,0,4.992511233150275,29.955067398901644,29.955067398901644,0,9.98502246630055,4.992511233150275,13.313363288400733,0,14.977533699450822,4.992511233150275,0
48,2020,0,0,1,1,0,0,0,0,3,2.7455555555555557,1310472,1325682,5,3,18,979.914,372,999.300,8894,KENNEDY,TIMIZA,60,11,74,82,75,0,102,200,142922,68552,74370,21.148644098761068,4.218731830388245,0.7947159956734468,5.190543804597199,5.688206591498427,5.224536916868805,21.13040679531493,4.198094065294357,0.7696505786372987,5.177649347196373,5.737395222568954,5.247617581617945,29.174932897654337,13.715207745058493,0,0,12,27,23,12,16,9,18,0,12,12,10,10000,0,0,0.8396188130588713,1.8891423293824605,1.60926939169617,0.8396188130588713,1.1194917507451618,0.6297141097941534,1.2594282195883069,0,0.8396188130588713,0.8396188130588713,0.6996823442157262
98,2020,0,0,3,1,8,1,1,1,22,3.0542105263157895,1522242,1559634,99,19,81,230.066,336,1.462.840,9244,BARRIOS UNIDOS,LOS ALCAZARES,103,6,35,41,36,0,79,142,40934,19897,21037,53.26909597224491,24.66524535006731,1.4474371045765022,8.482563228191085,9.353619487822575,8.244200993919149,53.989348707675774,25.162456637514047,1.4657741730590703,8.55034934284458,10.016123515903647,8.794645038354425,71.36754284565512,37.55288301563911,0,0,12,32,21,6,15,10,16,0,12,12,12,10000,0,0,2.931548346118141,7.817462256315044,5.130209605706748,1.4657741730590705,3.664435432647677,2.4429569550984516,3.908731128157522,0,2.931548346118141,2.931548346118141,2.931548346118141
28,2020,1,1,9,1,15,1,9,1,7,2.287857142857143,3797108,4228084,17,6,49,981.613,341,1.388.086,916,SUBA,EL RINCON,135,22,140,63,98,0,201,257,273387,131109,142278,16.77831283012191,4.945812904437201,0.8172760139183605,5.128007623098671,2.3457180955372654,3.6102061177066247,16.75280829007963,4.938054845329149,0.8047200488684539,5.120945765526525,2.3044255944869363,3.5846620358685675,19.60201054084769,14.12727196052798,0,0,12,32,24,8,21,12,21,0,12,12,12,10000,0,0,0.43893820847370213,1.1705018892632055,0.8778764169474043,0.2926254723158014,0.7681418648289787,0.43893820847370213,0.7681418648289787,0,0.43893820847370213,0.43893820847370213,0.43893820847370213
17,2020,0,0,0,0,4,1,0,0,2,4.285,226840,238870,6,2,32,981.613,341,1.388.086,916,SUBA,SAN JOSE DE BAVARIA,34,3,21,23,13,0,41,53,48738,22678,26060,19.37660218416452,6.972208832058815,0.7017075884783025,4.370175589575937,4.687407750475728,2.9030256360959372,19.28679880175633,6.976076162337395,0.6155361319709468,4.308752923796627,4.719110345110591,2.667323238540769,23.370667607372784,15.732924021488872,0,0,11,29,18,0,12,8,9,0,12,11,11,10000,0,0,2.2569658172268046,5.950182609052485,3.69321679182568,0,2.4621445278837872,1.6414296852558579,1.84660839591284,0,2.4621445278837872,2.2569658172268046,2.2569658172268046
24,2020,2,1,2,1,14,1,2,1,8,4.819999999999999,859833,845949,36,12,69,981.613,341,1.388.086,916,SUBA,NIZA,58,3,157,30,16,0,164,100,79808,36623,43185,32.96414465708837,7.260956727289176,0.449504368222817,19.444776674182375,3.8005632621282825,2.2045005304000216,33.07939053728949,7.267441860465116,0.3759021651964715,19.67221331194868,3.7590216519647153,2.0048115477145148,27.30524533762936,37.97614912585388,0,0,12,27,18,1,13,11,13,0,12,12,11,10000,0,0,1.503608660785886,3.3831194867682437,2.255412991178829,0.12530072173215717,1.6289093825180432,1.378307939053729,1.6289093825180432,0,1.503608660785886,1.503608660785886,1.378307939053729
44,2020,1,1,2,1,2,1,0,0,5,3.22875,673424,676672,20,7,33,979.914,372,999.300,8894,KENNEDY,AMERICAS,71,6,36,80,35,0,76,152,80223,37941,42282,28.363421011409496,8.821705542287411,0.7927346572200447,4.52215008048064,9.616217953718818,4.388125814039316,28.42077708387869,8.850329705944679,0.7479151864178603,4.487491118507161,9.972202485571469,4.362838587437518,40.062201839698474,17.974551818740835,0,0,12,31,24,9,13,10,16,0,12,12,12,10000,0,0,1.4958303728357205,3.8642284631589447,2.991660745671441,1.1218727796267902,1.6204829039053639,1.2465253106964336,1.994440497114294,0,1.4958303728357205,1.4958303728357205,1.4958303728357205
62,2020,0,0,1,1,2,1,0,0,1,2.024,338366,403893,26,7,26,182.532,363,829.895,8719,TUNJUELITO,TUNJUELITO,26,6,29,11,36,0,46,62,40735,20271,20464,26.446874045388537,6.394260200816097,1.4535173124754115,7.098719450358996,2.902586015183268,8.2790300021311225,26.512826807413777,6.38271756474776,1.4729348226340984,7.119184976064809,2.700380508162514,8.83760893580459,30.58556558630556,22.478498827208757,0,0,12,29,18,4,12,11,14,0,12,12,9,10000,0,0,2.9458696452681967,7.119184976064809,4.418804467902295,0.9819565484227323,2.9458696452681967,2.700380508162514,3.436847919479563,0,2.9458696452681967,2.9458696452681967,2.2094022339511477
69,2020,1,1,1,1,2,1,1,1,1,1.3691666666666666,1779216,1964304,13,6,22,593.937,409,505.335,835,CIUDAD BOLIVAR,ISMAEL PERDOMO,42,34,89,53,101,0,114,205,162581,79637,82944,19.646252930608828,2.6127279181752994,2.061572554673674,5.48300643610243,3.2972715904250993,6.155525676210913,19.620988922444813,2.583327695118126,2.091265277000387,5.474194401559838,3.259913520030016,6.212288028736445,25.741803433077592,13.744212962962964,0,0,12,30,23,6,20,11,18,0,12,12,12,10000,0,0,0.7380936271766074,1.8452340679415182,1.4146794520884973,0.3690468135883037,1.2301560452943456,0.6765858249118901,1.107140440764911,0,0.7380936271766074,0.7380936271766074,0.7380936271766074
93,2020,5,1,5,1,5,1,1,1,8,2.932857142857143,332178,96411,80,7,52,96.241,318,896.890,8828,SANTA FE,LAS NIEVES,130,12,29,12,6,0,78,111,17187,8904,8283,105.23102243947316,71.35813703311558,5.408435795723231,16.090838840368228,6.3590597069187185,3.819696049470497,109.96683539884796,75.63856403095363,6.982021295164951,16.873218129981964,6.982021295164951,3.4910106475824754,124.66307277628032,94.16877942774356,0,0,12,32,21,3,17,10,12,0,12,12,12,10000,0,0,6.982021295164951,18.618723453773203,12.218537266538664,1.7455053237912377,9.891196834817013,5.818351079304125,6.982021295164951,0,6.982021295164951,6.982021295164951,6.982021295164951
18,2020,0,0,1,1,5,1,5,1,6,3.272,300834,346380,10,3,25,981.613,341,1.388.086,916,SUBA,BRITALIA,32,1,15,18,6,0,20,52,89574,41579,47995,8.21143621718791,3.61309996046408,0.19600413982423495,1.7490590189717894,2.1476581161509776,0.9378237105080616,8.038046754638623,3.5724652242838326,0.11163953825886976,1.6745930738830466,2.009511688659656,0.6698372295532186,12.506313283147744,4.167100739660381,0,0,12,25,20,2,13,11,17,0,12,12,12,10000,0,0,1.3396744591064371,2.790988456471744,2.2327907651773953,0.22327907651773954,1.4513139973653069,1.2280349208475674,1.8978721504007858,0,1.3396744591064371,1.3396744591064371,1.3396744591064371
15,2021,0,0,0,0,0,0,4,1,13,5.395,175550,49356,6,2,21,430.156,312,1.867.529,936,USAQUEN,COUNTRY CLUB,25,1,9,5,5,0,16,29,24914,11228,13686,18.350048398930884,9.980379722637396,0.5223834199654962,3.754923320125862,2.4953927158400124,2.616455437452241,18.06213374006583,10.034518744481014,0.4013807497792406,3.612426748013165,2.006903748896203,2.006903748896203,25.828286426790168,11.690778898144089,0,0,8,25,21,3,12,8,13,0,12,10,11,10000,0,0,3.211045998233925,10.034518744481014,8.428995745364052,1.2041422493377216,4.8165689973508865,3.211045998233925,5.2179497471301275,0,4.8165689973508865,4.013807497792406,4.415188247571646
86,2021,0,0,0,0,0,0,1,1,0,1.568,321440,368145,0,0,33,546.809,398,703.807,854,BOSA,EL PORVENIR,59,20,100,43,90,0,130,182,146365,69893,76472,21.35164105071538,4.0597514907564545,1.3686082874277536,6.838344934539712,3.003797689920142,6.146557918608079,21.31657158473679,4.031018344549585,1.3664468964574863,6.832234482287433,2.937860827383596,6.149011034058689,26.039803699941334,16.99968615964013,0,0,12,34,24,4,15,12,23,0,12,12,11,10000,0,0,0.8198681378744919,2.322959723977727,1.6397362757489837,0.27328937929149727,1.0248351723431148,0.8198681378744919,1.5714139309261095,0,0.8198681378744919,0.8198681378744919,0.7515457930516175
71,2021,0,0,0,0,4,1,0,0,10,2.105,2325960,2670912,0,0,22,981.613,341,1.388.086,916,SUBA,TIBABUYES,96,22,183,66,123,0,225,265,300941,145773,155168,16.310702881894827,3.206628114979257,0.7387650630266192,6.086051151949439,2.237803030379996,4.1157042986092645,16.282261307033604,3.1899940519902574,0.7310403035811006,6.080926161606428,2.193120910743302,4.087179879112517,18.178949462520492,14.500412456176532,0,0,12,34,24,5,21,12,21,0,12,12,12,10000,0,0,0.3987492564987822,1.1297895600798828,0.7974985129975644,0.16614552354115925,0.6978111988728688,0.3987492564987822,0.6978111988728688,0,0.3987492564987822,0.3987492564987822,0.3987492564987822
29,2021,3,1,2,1,3,1,1,1,7,2.713333333333334,1291554,1329381,30,9,32,824.337,341,1.089.512,9178,ENGATIVA,MINUTO DE DIOS,100,8,60,87,42,0,121,176,108721,51115,57606,27.327482281566105,9.192249452546337,0.7566850596511376,5.537246844334321,7.869141899476769,3.9488148037694097,27.317629528793887,9.19785506019996,0.735828404815997,5.518713036119976,8.002133902373966,3.863099125283984,34.432162770224004,21.00475644898101,0,0,12,34,24,4,14,12,22,0,12,12,12,10000,0,0,1.1037426072239953,3.1272707204679873,2.2074852144479906,0.3679142024079985,1.2876997084279944,1.1037426072239953,2.0235281132439913,0,1.1037426072239953,1.1037426072239953,1.1037426072239953
80,2021,0,0,1,1,1,1,0,0,4,2.0025,247816,277108,11,4,19,979.914,372,999.300,8894,KENNEDY,CORABASTOS,51,38,49,14,49,0,68,133,57214,28591,28623,35.05814518746557,8.907912384865845,6.368601419788417,8.554139088034747,2.646573373042992,8.38571716837037,35.13126157933373,8.913902191771244,6.641731044849163,8.564337399937077,2.446953542839165,8.564337399937077,46.51813507747193,23.757118401285677,0,0,12,32,23,3,16,12,21,0,12,12,11,10000,0,0,2.0973887510049987,5.593036669346664,4.019995106092915,0.5243471877512497,2.796518334673332,2.0973887510049987,3.6704303142587476,0,2.0973887510049987,2.0973887510049987,1.9226063550879156
99,2021,7,1,3,1,2,1,0,0,18,3.692,79566,121692,22,6,62,122.507,243,2.288.835,9661,CHAPINERO,CHAPINERO,138,2,30,14,12,0,82,114,24681,12298,12383,78.0595966871873,54.17880576790031,0.8855640870505739,12.010826559900044,5.551814378086218,5.044181936103481,79.41331388517483,55.91345569466391,0.8103399376038247,12.155099064057373,5.672379563226774,4.862039625622949,92.69799967474384,66.21981749172252,0,0,12,31,24,9,15,12,21,0,12,12,12,10000,0,0,4.862039625622949,12.560269032859283,9.724079251245898,3.6465297192172113,6.077549532028686,4.862039625622949,8.508569344840161,0,4.862039625622949,4.862039625622949,4.862039625622949
3,2021,0,0,0,0,0,0,1,1,0,6,0,1169,0,0,26,981.613,341,1.388.086,916,SUBA,GUAYMARAL,1,0,1,3,1,0,2,4,2417,1178,1239,25.71953389343429,5.369119978370671,0.8349363189800443,5.11980353818374,7.397283972067912,5.381929580655887,24.824162184526273,4.137360364087712,0,4.137360364087712,12.412081092263136,4.137360364087712,33.95585738539898,16.142050040355123,0,0,0,12,1,0,0,0,0,0,9,0,2,10000,0,0,0,49.648324369052546,4.137360364087712,0,0,0,0,0,37.23624327678941,0,8.274720728175424
97,2021,12,1,3,1,7,1,1,1,19,5.211875,94384,420656,63,15,98,122.507,243,2.288.835,9661,CHAPINERO,CHICO LAGO,271,2,46,20,9,0,167,181,36082,16937,19145,95.19815794090384,73.41988746688192,0.6284683145786042,12.63514966633003,5.471491713429525,2.8827082763446237,96.44698187461891,75.10670140236128,0.5542929992794191,12.74873898342664,5.542929992794192,2.494318496757386,106.86662336895554,87.22904152520239,0,0,12,34,24,10,15,12,22,0,12,12,12,10000,0,0,3.3257579956765144,9.422980987750126,6.651515991353029,2.771464996397096,4.157197494595644,3.3257579956765144,6.097222992073609,0,3.3257579956765144,3.3257579956765144,3.3257579956765144
94,2021,4,1,0,0,1,1,2,1,6,2.40875,203598,216855,43,8,36,22.115,283,1.050.888,889,CANDELARIA,LA CANDELARIA,63,6,241,12,12,1,207,126,17361,9066,8295,186.22596141421351,34.865808273439164,3.1475172683566552,132.62771947638566,6.476661286404972,6.740665491655224,192.3852312654801,36.28823224468636,3.4560221185415587,138.81688842808595,6.912044237083117,6.912044237083117,138.98080741230973,249.5479204339964,0,0,12,30,20,2,15,9,18,0,12,12,11,10000,0,0,6.912044237083117,17.280110592707793,11.520073728471862,1.1520073728471862,8.640055296353896,5.184033177812338,10.368066355624675,0,6.912044237083117,6.912044237083117,6.336040550659524
76,2021,0,0,0,0,3,1,0,0,2,2.186666666666667,120020,128536,0,0,21,317.179,346,1.428.379,9003,FONTIBON,FONTIBON SAN PABLO,32,4,23,14,9,0,31,51,33840,16586,17254,24.32366653604667,9.431619140951328,1.206643061046723,6.823497191386719,4.241117011172279,3.0517043809480513,24.231678486997637,9.456264775413713,1.182033096926714,6.796690307328605,4.137115839243499,2.6595744680851063,30.748824309658747,17.966848267068507,0,0,11,29,18,4,12,11,15,0,12,11,9,10000,0,0,3.250591016548463,8.569739952718676,5.319148936170213,1.1820330969267139,3.546099290780142,3.250591016548463,4.432624113475177,0,3.546099290780142,3.250591016548463,2.6595744680851063
114,2021,0,0,0,0,2,1,3,1,10,3.8,191930,197050,9,4,24,317.179,346,1.428.379,9003,FONTIBON,MODELIA,47,3,21,41,16,1,43,84,43500,20076,23424,29.41725960430838,10.756844863253413,0.7428006609952843,4.886787715538335,8.967745376453497,3.897579700672155,29.42528735632184,10.804597701149424,0.6896551724137931,4.827586206896552,9.42528735632184,3.67816091954023,41.84100418410041,18.35724043715847,0,0,12,29,18,2,12,7,15,0,12,12,9,10000,0,0,2.7586206896551726,6.666666666666666,4.137931034482759,0.45977011494252873,2.7586206896551726,1.6091954022988506,3.4482758620689653,0,2.7586206896551726,2.7586206896551726,2.0689655172413794
89,2021,0,0,0,0,0,0,0,0,0,2.0666666666666664,28245,48603,0,0,3,122.507,243,2.288.835,9661,CHAPINERO,SAN ISIDRO - PATIOS,2,5,16,2,3,0,12,16,16520,8159,8361,17.421561294600508,1.604645689068901,2.774435357945229,9.595610002831377,2.0738098389119495,2.7102500037765855,16.949152542372882,1.2106537530266344,3.026634382566586,9.685230024213077,1.2106537530266344,1.8159806295399512,19.61024635371982,14.352350197344816,0,0,2,19,16,0,12,1,7,0,10,8,1,10000,0,0,1.2106537530266344,11.501210653753027,9.685230024213075,0,7.263922518159806,0.6053268765133172,4.237288135593221,0,6.053268765133172,4.8426150121065374,0.6053268765133172
38,2021,2,1,5,1,5,1,0,0,5,3.008,1246305,1155330,52,15,75,119.565,392,1.095.184,9079,ANTONIO NARIÑO,RESTREPO,121,14,88,93,69,0,152,233,55198,26255,28943,69.25206222970515,21.697506035307963,2.477970104114766,15.818678983783377,15.868354616928324,12.024970745342449,69.74890394579513,21.9210840972499,2.536323779847096,15.942606616181749,16.84843653755571,12.500452914960688,88.74500095219958,52.517016204263555,0,0,12,32,24,12,15,12,19,0,12,12,12,10000,0,0,2.173991811297511,5.797311496793362,4.347983622595022,2.173991811297511,2.7174897641218885,2.173991811297511,3.4421537012210583,0,2.173991811297511,2.173991811297511,2.173991811297511
52,2021,0,0,0,0,0,0,0,0,0,1,614920,740280,0,0,176,314.431,407,569.872,8291,USME,LA FLORA,12,6,72,4,10,0,62,42,19494,9683,9811,52.52610335274446,6.265332656922374,2.8515352482791183,35.7048893401741,2.6395690228744555,5.3021221718845695,53.349748640607366,6.155740227762388,3.077870113881194,36.934441366574326,2.0519134092541296,5.129783523135324,43.37498709077765,63.19437366221588,0,0,11,30,22,2,12,6,14,0,12,12,4,10000,0,0,5.642761875448856,15.389350569405972,11.285523750897712,1.0259567046270648,6.155740227762388,3.077870113881194,7.181696932389453,0,6.155740227762388,6.155740227762388,2.0519134092541296
96,2021,0,0,0,0,1,1,0,0,4,1.7264285714285716,628474,648214,4,2,16,96.241,318,896.890,8828,SANTA FE,LOURDES,14,10,49,6,18,0,51,46,45879,22331,23548,21.255869519566247,3.161537364495852,2.13338871085611,10.6286044087999,1.6629665761951395,4.110926704890801,21.142570675036502,3.051505045881558,2.17964646134397,10.680267660585454,1.307787876806382,3.923363630419146,20.59916707715732,21.65789026668931,0,0,12,26,18,2,13,11,12,0,12,12,6,10000,0,0,2.615575753612764,5.667080799494323,3.923363630419146,0.435929292268794,2.8335403997471613,2.397611107478367,2.615575753612764,0,2.615575753612764,2.615575753612764,1.307787876806382
84,2021,0,0,1,1,4,1,3,1,2,1.98,990222,1073760,1,1,30,546.809,398,703.807,854,BOSA,BOSA OCCIDENTAL,93,45,159,89,168,0,211,343,199961,97662,102299,27.70946120738154,4.669079944612142,2.2381548349657336,7.951229539695113,4.462970383287311,8.35128867106311,27.70540255349793,4.650906926850736,2.250438835572937,7.95155055235771,4.450867919244253,8.401638319472298,35.12113206774385,20.62581256903782,0,0,12,34,24,8,21,12,24,0,12,12,12,10000,0,0,0.6001170228194498,1.7003315646551078,1.2002340456388996,0.40007801521296654,1.0502047899340372,0.6001170228194498,1.2002340456388996,0,0.6001170228194498,0.6001170228194498,0.6001170228194498
111,2021,3,1,0,0,1,1,0,0,8,2.9375,64585,73290,16,5,63,250.715,355,1.116.511,9043,PUENTE ARANDA,PUENTE ARANDA,53,2,22,15,41,0,45,88,12255,9822,2433,104.34306021594008,40.77985516778667,1.5980915481373463,17.290245407232394,10.141289810925572,26.215074754542673,108.52713178294572,43.24765401876785,1.631986944104447,17.95185638514892,12.239902080783352,33.45573235414117,89.59478721238037,184.9568434032059,0,0,11,29,24,4,13,10,10,0,12,8,10,10000,0,0,8.97592819257446,23.663810689514484,19.583843329253366,3.263973888208894,10.607915136678907,8.159934720522235,8.159934720522235,0,9.791921664626683,6.527947776417788,8.159934720522235
112,2021,1,1,1,1,3,1,1,1,13,3.1133333333333333,126427,160027,0,0,71,317.179,346,1.428.379,9003,FONTIBON,GRANJAS DE TECHO,87,3,20,30,31,0,61,110,51360,23789,27571,33.23704265108969,16.788631684035934,0.6357693411847993,3.9597687454011674,5.7628248279178544,6.038131330228284,33.294392523364486,16.939252336448597,0.5841121495327103,3.894080996884735,5.841121495327102,6.03582554517134,46.23985875824961,22.12469623880164,0,0,11,34,20,5,13,11,18,0,12,11,11,10000,0,0,2.141744548286604,6.61993769470405,3.894080996884735,0.9735202492211837,2.531152647975078,2.141744548286604,3.5046728971962615,0,2.336448598130841,2.141744548286604,2.141744548286604
75,2021,1,1,3,1,8,1,5,1,6,2.913,1316550,1374890,0,0,58,317.179,346,1.428.379,9003,FONTIBON,FONTIBON,111,10,72,30,47,1,115,154,131922,62819,69103,20.50988522359152,8.414970550825862,0.7747750478762814,5.473461240608535,2.3709968695537347,3.643542502535913,20.46663937781416,8.4140628553236,0.7580236806597838,5.457770500750444,2.2740710419793513,3.5627112991009837,24.51487607252583,16.64182452281377,0,0,12,31,24,10,18,12,22,0,12,12,12,10000,0,0,0.9096284167917406,2.34987341004533,1.8192568335834811,0.7580236806597838,1.364442625187611,0.9096284167917406,1.6676520974515243,0,0.9096284167917406,0.9096284167917406,0.9096284167917406
12,2021,1,1,2,1,6,1,0,0,7,3.378,256245,260090,9,3,42,430.156,312,1.867.529,936,USAQUEN,TOBERIN,55,5,21,12,12,0,42,63,60994,28059,32935,17.343626656139605,9.01009021581366,0.8519492558334321,3.5047001516559875,2.1916180023738483,2.2433273024877245,17.214808013903006,9.017280388234909,0.8197527625668098,3.442961602780602,1.9674066301603437,1.9674066301603437,22.45268897679889,12.752391073326248,0,0,12,27,24,6,12,12,17,0,12,12,10,10000,0,0,1.9674066301603437,4.426664917860774,3.9348132603206873,0.9837033150801718,1.9674066301603437,1.9674066301603437,2.7871593927271534,0,1.9674066301603437,1.9674066301603437,1.6395055251336197
16,2021,5,1,2,1,9,1,1,1,20,5.738888888888889,464238,463266,18,6,60,430.156,312,1.867.529,936,USAQUEN,SANTA BARBARA,107,3,19,20,12,0,74,87,72077,32511,39566,22.398564798470055,14.764255733860765,0.46077271573429446,2.697955572762288,2.9148237705551066,1.9182413017078457,22.33722269239841,14.84523495705981,0.41622154085214425,2.636069758730247,2.7748102723476284,1.664886163408577,26.760173479745315,18.70292675529495,0,0,12,34,22,3,13,12,20,0,12,12,12,10000,0,0,1.664886163408577,4.717177462990968,3.052291299582391,0.41622154085214425,1.8036266770259584,1.664886163408577,2.7748102723476284,0,1.664886163408577,1.664886163408577,1.664886163408577
82,2021,0,0,1,1,2,1,3,1,2,1.9566666666666668,963012,1044870,9,4,29,979.914,372,999.300,8894,KENNEDY,PATIO BONITO,112,56,97,56,118,1,150,288,139765,69471,70294,31.3977367372667,8.016979317960372,3.950094203905759,6.945956915695239,4.039070075451215,8.370115041351145,31.409866561728613,8.013451150144885,4.006725575072442,6.940221085393339,4.006725575072442,8.442743176045505,41.45614716932245,21.33894784761146,0,0,12,34,24,4,20,12,22,0,12,12,12,10000,0,0,0.8585840518012378,2.4326548134368404,1.7171681036024755,0.2861946839337459,1.4309734196687296,0.8585840518012378,1.5740707616356027,0,0.8585840518012378,0.8585840518012378,0.8585840518012378
35,2021,1,1,0,0,2,1,1,1,4,2.666,168705,154565,35,5,22,119.565,392,1.095.184,9079,ANTONIO NARIÑO,CIUDAD JARDIN,40,2,18,23,19,0,42,60,26040,12323,13717,38.90933523014486,15.123881828961338,0.8443893524965908,6.943315789882294,8.212047979709924,7.118338835044847,39.1705069124424,15.360983102918588,0.7680491551459293,6.912442396313364,8.832565284178187,7.296466973886329,48.68944250588331,30.618940001458043,0,0,12,30,23,1,14,11,21,0,12,11,12,10000,0,0,4.608294930875576,11.52073732718894,8.832565284178187,0.38402457757296465,5.376344086021505,4.224270353302612,8.064516129032258,0,4.608294930875576,4.224270353302612,4.608294930875576
68,2021,0,0,0,0,1,1,1,1,0,1.055,351536,380992,0,0,13,593.937,409,505.335,835,CIUDAD BOLIVAR,EL TESORO,15,15,93,14,55,0,96,96,53474,26638,26836,35.817418659697516,2.904023551231472,2.729847175887119,17.240800118380314,2.815977463122043,9.964263361968449,35.905299771851745,2.8051015446759173,2.8051015446759173,17.391629576990688,2.618094775030856,10.285372330478364,36.03874164727082,35.77284245043971,0,0,11,29,23,1,13,11,18,0,12,12,8,10000,0,0,2.057074466095673,5.423196319706774,4.301155701836406,0.18700676964506113,2.4310880053857953,2.057074466095673,3.3661218536111006,0,2.244081235740734,2.244081235740734,1.496054157160489
27,2021,4,1,5,1,7,1,6,1,8,2.840909090909091,1497236,1751217,16,6,48,981.613,341,1.388.086,916,SUBA,SUBA,91,6,91,43,57,1,145,142,182328,85641,96687,15.844391343978897,5.009185806396403,0.3486498764699276,5.004573159516601,2.4269950526063147,3.195539217781861,15.795708832433856,4.991005221359309,0.32907726734237197,4.991005221359309,2.358387082620333,3.1262340397525343,16.58084328767763,14.996845491120832,0,0,12,35,24,11,20,12,24,0,12,12,12,10000,0,0,0.6581545346847439,1.9196173928305031,1.3163090693694879,0.6033083234610154,1.0969242244745732,0.6581545346847439,1.3163090693694879,0,0.6581545346847439,0.6581545346847439,0.6581545346847439
22,2021,1,1,1,1,5,1,0,0,6,3.292222222222222,847206,887247,37,8,38,230.066,336,1.462.840,9244,BARRIOS UNIDOS,DOCE DE OCTUBRE,76,3,60,39,38,0,85,131,69957,33637,36320,30.857128281812702,10.833100525635183,0.4741274163647294,8.56818355624893,5.53360714888446,5.469401570355189,30.87610961018912,10.8638163443258,0.4288348556970711,8.576697113941421,5.574853124061924,5.4319081721629,38.94520914469186,23.40308370044053,0,0,12,30,24,7,15,12,19,0,12,12,11,10000,0,0,1.7153394227882843,4.2883485569707105,3.4306788455765687,1.0006146632931658,2.1441742784853552,1.7153394227882843,2.71595408608145,0,1.7153394227882843,1.7153394227882843,1.5723944708892605
105,2021,1,1,0,0,0,0,0,0,4,2.67,1601,2464,4,1,11,824.337,341,1.089.512,9178,ENGATIVA,JARDIN BOTANICO,9,1,3,0,2,0,10,5,3136,1854,1282,44.45994178616507,24.057653654382115,2.3211358724203324,9.202257224520258,3.0323389157463945,6.195014140651692,47.83163265306123,28.698979591836736,3.1887755102040813,9.566326530612244,0,6.377551020408163,26.96871628910464,78.003120124805,0,0,0,23,9,0,12,5,3,0,12,5,4,10000,0,0,0,73.34183673469389,28.698979591836736,0,38.265306122448976,15.943877551020408,9.566326530612244,0,38.265306122448976,15.943877551020408,12.755102040816325
104,2021,1,1,0,0,0,0,0,0,10,4,19494,20424,21,5,34,139.298,287,1.933.116,9603,TEUSAQUILLO,PARQUE SIMON BOLIVAR - CAN,25,1,28,3,4,0,33,28,3131,1633,1498,165.2312090883238,63.407614216112854,2.322972317986946,71.83406110380463,6.744132855177467,8.853519962622519,194.82593420632384,79.84669434685404,3.1938677738741617,89.42829766847652,9.581603321622485,12.775471095496648,171.46356399265156,220.29372496662216,0,0,7,27,14,2,12,4,7,0,12,8,9,10000,0,0,22.35707441711913,86.23442989460236,44.71414883423826,6.387735547748323,38.32641328648994,12.775471095496647,22.35707441711913,0,38.32641328648994,25.550942190993293,28.744809964867457
74,2021,0,0,0,0,3,1,0,0,2,2.0016666666666665,712512,784968,0,0,15,824.337,341,1.089.512,9178,ENGATIVA,ENGATIVA,47,12,96,55,89,1,115,183,144349,69835,74514,20.752069411050353,3.2901338555906663,0.8450748731122146,6.657821283291621,3.848083798388506,6.162634676741823,20.713686967003586,3.2559976168868503,0.8313185404817491,6.650548323853993,3.8102099772080167,6.1656125085729725,26.20462518794301,15.433341385511447,0,0,12,33,23,5,18,12,22,0,12,12,12,10000,0,0,0.8313185404817491,2.28612598632481,1.5933605359233523,0.34638272520072877,1.2469778107226237,0.8313185404817491,1.5240839908832067,0,0.8313185404817491,0.8313185404817491,0.8313185404817491
47,2021,2,1,0,0,2,1,1,1,4,3,865592,770256,9,4,28,979.914,372,999.300,8894,KENNEDY,KENNEDY CENTRAL,70,15,61,83,78,0,113,194,94320,44704,49616,32.52268927063666,7.4325843463832655,1.5863245614472643,6.480098810405622,8.607728602434408,8.171377280459465,32.548770144189994,7.421543681085666,1.5903307888040714,6.467345207803223,8.799830364715861,8.269720101781171,43.3965640658554,22.77491131892938,0,0,12,31,24,12,20,12,21,0,12,12,12,10000,0,0,1.272264631043257,3.2866836301950806,2.544529262086514,1.272264631043257,2.1204410517387617,1.272264631043257,2.2264631043257,0,1.272264631043257,1.272264631043257,1.272264631043257
70,2021,0,0,0,0,0,0,0,0,1,1.1733333333333331,789975,888237,0,0,23,593.937,409,505.335,835,CIUDAD BOLIVAR,JERUSALEM,56,38,96,35,70,0,117,178,101414,49755,51659,29.087453016606737,5.549606976156979,3.677539548326106,9.452763067537337,3.5210864446256913,6.867552077841222,29.088685980239415,5.521920050486126,3.747017177115586,9.466148657976216,3.451200031553829,6.902400063107658,35.77529896492815,22.648522038754137,0,0,11,32,24,8,15,12,21,0,12,12,11,10000,0,0,1.0846628670597749,3.155382885992072,2.366537164494054,0.788845721498018,1.4790857278087837,1.183268582247027,2.070720018932297,0,1.183268582247027,1.183268582247027,1.0846628670597749
66,2021,0,0,0,0,0,0,0,0,0,1.8425,597168,609704,4,3,26,593.937,409,505.335,835,CIUDAD BOLIVAR,SAN FRANCISCO,34,16,88,29,84,1,99,151,70395,34479,35916,35.591367159243006,4.878716212183289,2.238002210653378,12.44499262364741,4.174308734876027,11.58721592157094,35.65594147311599,4.829888486398182,2.272888699481497,12.500887847148237,4.119610767810214,11.932665672277862,43.79477363032571,27.5643167390578,0,0,12,30,21,4,14,12,22,0,12,12,11,10000,0,0,1.704666524611123,4.261666311527807,2.9831664180694655,0.5682221748703743,1.98877761204631,1.704666524611123,3.1252219617870587,0,1.704666524611123,1.704666524611123,1.5626109808935293
65,2021,0,0,0,0,1,1,0,0,1,2.463333333333334,349194,364512,9,3,21,593.937,409,505.335,835,CIUDAD BOLIVAR,ARBORIZADORA,62,10,36,57,85,0,83,167,84648,40496,44152,29.529047482258296,7.337802122202871,1.191761792715138,4.28940788898793,6.635191959047464,9.844939989909538,29.534070503733105,7.324449484925811,1.1813628201493245,4.252906152537567,6.733768074851149,10.041583971269256,41.23864085341762,18.7986954158362,0,0,12,31,23,3,16,12,15,0,12,12,12,10000,0,0,1.417635384179189,3.6622247424629055,2.717134486343446,0.3544088460447973,1.8901805122389188,1.417635384179189,1.7720442302239863,0,1.417635384179189,1.417635384179189,1.417635384179189
79,2021,0,0,0,0,0,0,1,1,1,2.1333333333333333,167274,204984,3,2,22,979.914,372,999.300,8894,KENNEDY,CALANDAIMA,36,12,47,91,60,0,76,170,138736,65739,72997,17.785985582097066,2.634805087000608,0.8784968721453256,3.4154262353395453,6.503769627966093,4.378299669050514,17.731518855956637,2.5948564179448734,0.8649521393149578,3.3877292123169185,6.559220389805097,4.324760696574789,25.859839668994052,10.411386769319288,0,0,10,34,24,0,18,12,21,0,12,12,12,10000,0,0,0.7207934494291315,2.450697728059047,1.7299042786299157,0,1.2974282089724367,0.8649521393149578,1.5136662438011763,0,0.8649521393149578,0.8649521393149578,0.8649521393149578
59,2021,0,0,0,0,0,0,0,0,0,1,163808,216380,0,0,6,314.431,407,569.872,8291,USME,ALFONSO LOPEZ,16,10,56,7,15,0,52,52,51564,25513,26051,20.28274502011871,3.2001388441516103,1.9118776699593136,10.811271572221672,1.6726275903769143,3.1573294876333065,20.169110231944767,3.1029400356838104,1.9393375223023817,10.860290124893336,1.357536265611667,2.909006283453572,20.38176615842904,19.960846032781852,0,0,12,27,21,2,17,9,15,0,12,12,7,10000,0,0,2.327205026762858,5.23621131021643,4.072608796835001,0.3878675044604763,3.296873787914049,1.7454037700721434,2.909006283453572,0,2.327205026762858,2.327205026762858,1.357536265611667
45,2021,0,0,1,1,4,1,1,1,6,2.7914285714285714,737583,674359,9,4,35,979.914,372,999.300,8894,KENNEDY,CARVAJAL,101,13,55,106,115,0,111,279,89951,43493,46458,43.24854372926637,11.200614070753138,1.4460046327135507,6.131154423048133,11.427423394388748,12.4711191960718,43.356938777779014,11.228335427065849,1.4452312925926336,6.114440084045758,11.784193616524552,12.784738357550223,64.14825374198148,23.892548107968487,0,0,12,30,24,3,15,12,23,0,12,12,12,10000,0,0,1.3340596547008927,3.3351491367522317,2.6681193094017854,0.3335149136752232,1.6675745683761158,1.3340596547008927,2.5569476715100445,0,1.3340596547008927,1.3340596547008927,1.3340596547008927
20,2021,2,1,1,1,8,1,55,1,28,4.996666666666667,231126,219822,33,6,26,981.613,341,1.388.086,916,SUBA,LA ALHAMBRA,43,1,22,9,5,0,27,53,40213,18346,21867,20.043813308658816,10.644035071416704,0.338244214841247,5.521317347822368,2.535752472471438,1.7192762436151685,19.89406410862159,10.693059458384104,0.24867580135776987,5.470867629870938,2.2380822122199286,1.2433790067888493,28.889131145753844,12.347372753464125,0,0,12,27,16,2,13,7,16,0,12,12,10,10000,0,0,2.9841096162932383,6.714246636659786,3.978812821724318,0.49735160271553974,3.2327854176510087,1.740730609504389,3.978812821724318,0,2.9841096162932383,2.9841096162932383,2.4867580135776985
51,2021,0,0,0,0,1,1,2,1,0,1.68875,263745,660861,0,0,15,404.35,373,706.208,8368,SAN CRISTOBAL,LOS LIBERTADORES,16,21,80,21,27,0,78,87,77761,37720,40041,21.285450695734312,2.134891587421835,2.652023504651416,10.261518231661643,2.835421669721035,3.611143000584726,21.218862926145498,2.0575867079898664,2.7005825542366995,10.287933539949332,2.7005825542366995,3.4721775697329,23.064687168610817,19.480032966209635,0,0,12,34,24,1,15,11,21,0,12,12,11,10000,0,0,1.5431900309923998,4.372371754478466,3.0863800619847996,0.12859916924936665,1.9289875387404998,1.4145908617430332,2.7005825542366995,0,1.5431900309923998,1.5431900309923998,1.4145908617430332
115,2021,4,1,2,1,0,0,0,0,6,3.314,77135,83285,6,3,26,317.179,346,1.428.379,9003,FONTIBON,CAPELLANIA,48,2,9,10,9,1,26,51,17858,8402,9456,43.1361922702928,25.963536090007775,1.1726504372821545,5.170292216280024,5.458887952616651,5.242570131081373,43.677903460633885,26.878709821928545,1.119946242580356,5.039758091611604,5.599731212901781,5.039758091611604,60.69983337300643,27.495769881556686,0,0,9,26,15,0,13,7,10,0,12,11,11,10000,0,0,5.039758091611604,14.559301153544629,8.39959681935267,0,7.2796505767723145,3.919811849031247,5.599731212901781,0,6.719677455482136,6.159704334191959,6.159704334191959
43,2021,0,0,0,0,5,1,1,1,7,3,844074,844239,17,8,31,250.715,355,1.116.511,9043,PUENTE ARANDA,SAN RAFAEL,71,3,40,63,51,0,83,145,72940,34547,38393,31.236825411137865,9.71889888464514,0.4555493616736522,5.511884550806057,8.402751718817505,6.939266771073065,31.258568686591715,9.734027968193034,0.4112969564025226,5.483959418700302,8.637236084452974,6.992048258842884,41.97180652444496,21.618524210142475,0,0,12,31,24,5,16,11,21,0,12,12,12,10000,0,0,1.6451878256100905,4.250068549492734,3.290375651220181,0.6854949273375377,2.1935837674801206,1.508088840142583,2.8790786948176583,0,1.6451878256100905,1.6451878256100905,1.6451878256100905
25,2021,2,1,2,1,4,1,0,0,17,4.04,127070,126620,24,5,25,981.613,341,1.388.086,916,SUBA,LA FLORESTA,34,2,9,15,8,0,25,43,44296,20271,24025,15.556080637469805,7.693617290487186,0.5197544553292032,2.1432703537701916,3.5437744263792323,2.191151990273123,15.351273252663898,7.675636626331949,0.4515080368430558,2.031786165793751,3.3863102763229183,1.8060321473722232,21.212569680824824,10.405827263267431,0,0,12,29,21,9,13,9,15,0,12,11,10,10000,0,0,2.709048221058335,6.546866534224309,4.740834386852086,2.031786165793751,2.934802239479863,2.031786165793751,3.3863102763229183,0,2.709048221058335,2.483294202636807,2.257540184215279
56,2021,0,0,0,0,0,0,0,0,0,1.508,205135,253351,6,6,8,314.431,407,569.872,8291,USME,DANUBIO,27,9,41,10,25,0,41,71,56224,27160,29064,20.02761937069,4.863606339846729,1.593606184937589,7.301077773082085,2.0355854578426653,4.564060750145091,19.9203187250996,4.80221969265794,1.6007398975526468,7.292259533295391,1.7785998861696073,4.446499715424018,26.14138438880707,14.106798788879711,0,0,10,32,21,2,12,12,14,0,12,12,9,10000,0,0,1.7785998861696073,5.691519635742743,3.735059760956175,0.35571997723392146,2.1343198634035287,2.1343198634035287,2.49003984063745,0,2.1343198634035287,2.1343198634035287,1.6007398975526468
26,2021,0,0,3,1,8,1,8,1,12,3.0646153846153847,1441973,1441167,19,5,69,824.337,341,1.089.512,9178,ENGATIVA,LAS FERIAS,135,8,65,108,87,0,136,267,101654,48414,53240,39.57294389602026,13.237019826698509,0.8076900056495493,6.406694709433095,10.36058403474021,8.454912812127924,39.64428355008165,13.28034312471718,0.7869832962795364,6.394239282271234,10.624274499773742,8.558443347039958,55.14933696864543,25.54470323065365,0,0,12,33,24,2,14,12,23,0,12,12,12,10000,0,0,1.1804749444193048,3.246306097153088,2.3609498888386096,0.1967458240698841,1.3772207684891888,1.1804749444193048,2.2625769768036674,0,1.1804749444193048,1.1804749444193048,1.1804749444193048
102,2021,1,1,2,1,5,1,0,0,16,2.8186666666666667,764715,782955,131,15,94,94.944,353,1.059.511,8978,LOS MARTIRES,LA SABANA,228,59,207,65,87,4,163,479,39716,18779,20937,160.40436328011117,56.27998578318272,13.860513000429384,51.18091819569444,15.099941027837325,20.324456274372757,162.6548494309598,57.40759391680935,14.855473864437508,52.12005237184007,16.366200020143015,21.905529257729885,255.07215506682996,77.85260543535368,0,0,12,35,24,12,19,12,24,0,12,12,12,10000,0,0,3.0214523114110183,8.812569241615469,6.042904622822037,3.0214523114110183,4.7839661597341125,3.0214523114110183,6.042904622822037,0,3.0214523114110183,3.0214523114110183,3.0214523114110183
2,2021,0,0,0,0,0,0,0,0,2,5.058,10545,13800,3,2,95,981.613,341,1.388.086,916,SUBA,LA ACADEMIA,8,0,7,3,3,0,8,13,5589,2700,2889,36.63371194452225,13.484342692956943,0.5332131605663043,11.9039636994619,5.172015762980364,5.674996214153078,37.57380568974772,14.313830738951513,0,12.524601896582574,5.367686527106817,5.367686527106817,48.14814814814815,27.691242644513675,0,0,2,17,5,0,3,5,0,0,12,0,3,10000,0,0,3.5784576847378777,30.41689032027196,8.946144211844695,0,5.367686527106817,8.946144211844695,0,0,21.470746108427267,0,5.367686527106817
116,2021,1,1,1,1,2,1,1,1,9,3.155,24638,27282,3,1,17,824.337,341,1.089.512,9178,ENGATIVA,ALAMOS,37,4,5,11,7,0,23,41,12296,5772,6524,50.83701383800031,28.56356915788628,2.885462458336987,4.3157992562989635,7.7985395003593405,5.791034429947297,52.0494469746259,30.0910865322056,3.253090435914119,4.066363044892648,8.945998698763825,5.692908262849707,71.03257103257103,35.254445125689756,0,0,12,31,18,0,13,7,10,0,12,9,10,10000,0,0,9.759271307742356,25.211450878334418,14.638906961613532,0,10.572543916720885,5.692908262849707,8.132726089785296,0,9.759271307742356,7.319453480806766,8.132726089785296
81,2021,1,1,0,0,1,1,8,1,3,2.0025,290204,283616,1,1,16,979.914,372,999.300,8894,KENNEDY,GRAN BRITALIA,37,5,57,52,97,0,78,170,63122,30878,32244,39.17835678768716,5.900926099220809,0.8246090288442641,9.014605154492353,7.998773724300576,14.760435946741229,39.28899591267704,5.8616647127784285,0.7921168530781661,9.030132125091091,8.238015272012927,15.367066949716422,55.05537923440638,24.190547078526237,0,0,12,34,23,2,17,12,20,0,12,12,10,10000,0,0,1.9010804473875986,5.3863946009315296,3.643737524159564,0.31684674123126644,2.6931973004657648,1.9010804473875986,3.1684674123126646,0,1.9010804473875986,1.9010804473875986,1.5842337061563323
33,2021,0,0,0,0,2,1,0,0,2,2.8193333333333332,1647904,748256,42,13,30,404.35,373,706.208,8368,SAN CRISTOBAL,SOSIEGO,46,4,40,36,34,0,61,99,44097,21364,22733,36.17161932714619,10.392199869772606,0.9449031916999692,9.04803307543511,7.839284583751751,7.560892594053671,36.28364741365626,10.431548631426176,0.9070911853414064,9.070911853414064,8.163820668072658,7.710275075401955,46.33963677214005,26.833238024017948,0,0,12,33,24,11,14,10,18,0,12,12,11,10000,0,0,2.7212735560242196,7.483502279066603,5.442547112048439,2.494500759688868,3.174819148694923,2.2677279633535163,4.081910334036329,0,2.7212735560242196,2.7212735560242196,2.494500759688868
19,2021,2,1,8,1,12,1,2,1,15,3.51625,692512,712104,25,8,34,981.613,341,1.388.086,916,SUBA,EL PRADO,83,2,32,54,22,0,69,124,99865,46097,53768,19.39083452764169,8.313373620462176,0.239490365276652,3.244279634027095,5.385743582443733,2.3660834853052193,19.32609022179943,8.311220147198718,0.2002703649927402,3.2043258398838432,5.407299854803986,2.202974014920142,26.899798251513115,12.83291176908198,0,0,12,31,23,5,15,11,18,0,12,12,12,10000,0,0,1.2016221899564412,3.1041906573874734,2.303109197416512,0.5006759124818505,1.5020277374455515,1.101487007460071,1.8024332849346616,0,1.2016221899564412,1.2016221899564412,1.2016221899564412
41,2021,0,0,0,0,2,1,0,0,7,3,523602,513468,24,8,22,250.715,355,1.116.511,9043,PUENTE ARANDA,MUZU,81,5,35,93,56,0,76,194,58946,27893,31053,45.611972810467655,13.659947249859224,0.8800300817159824,5.965563361269113,14.937630638652111,9.261427085059776,45.804634750449566,13.74139042513487,0.8482339768601771,5.93763783802124,15.777151969599297,9.500220540833984,69.55150037643854,24.474285898302902,0,0,12,29,20,1,15,12,18,0,12,12,12,10000,0,0,2.035761544464425,4.919757065789028,3.3929359074407084,0.16964679537203542,2.544701930580531,2.035761544464425,3.0536423166966378,0,2.035761544464425,2.035761544464425,2.035761544464425
37,2021,0,0,1,1,2,1,0,0,11,3,307027,315602,40,7,41,94.944,353,1.059.511,8978,LOS MARTIRES,SANTA ISABEL,53,11,32,30,30,1,52,103,44974,20632,24342,34.60060711678925,11.71834253704884,2.3811059492823787,7.129531559842053,6.499893113797557,6.61652039313232,34.6867078756615,11.78458665006448,2.4458576066171567,7.115222128340819,6.670520745319518,6.670520745319518,49.92245056223342,21.36225453947909,0,0,12,30,24,11,12,10,22,0,12,12,12,10000,0,0,2.6682082981278072,6.670520745319518,5.3364165962556145,2.4458576066171567,2.6682082981278072,2.223506915106506,4.891715213234313,0,2.6682082981278072,2.6682082981278072,2.6682082981278072
107,2021,2,1,1,1,3,1,1,1,8,3.77,207448,216792,32,8,35,139.298,287,1.933.116,9603,TEUSAQUILLO,QUINTA PAREDES,49,2,13,11,3,0,27,51,27157,12142,15015,28.726310939989386,17.725991585326906,0.813308023167174,4.881961288409555,4.189529043001914,1.796805342825855,28.721876495931067,18.043230106418235,0.7364583716905402,4.786979415988511,4.050521044297971,1.1046875575358104,42.00296491517049,17.982017982017982,0,0,12,33,17,1,15,8,15,0,12,12,9,10000,0,0,4.4187502301432415,12.151563132893914,6.259896159369592,0.3682291858452701,5.523437787679051,2.9458334867621607,5.523437787679051,0,4.4187502301432415,4.4187502301432415,3.3140626726074305
73,2021,1,1,0,0,4,1,2,1,5,2.775714285714286,955689,1044302,4,2,40,824.337,341,1.089.512,9178,ENGATIVA,GARCES NAVAS,95,10,85,87,89,0,126,240,171250,80812,90438,21.40203614111376,5.563763858789796,0.6000984243099098,4.978082521828891,5.076665107126658,5.218839813072276,21.372262773722625,5.547445255474452,0.5839416058394161,4.963503649635037,5.08029197080292,5.197080291970803,29.69855961985844,13.932196643004046,0,0,12,34,24,4,18,12,23,0,12,12,12,10000,0,0,0.7007299270072993,1.9854014598540146,1.4014598540145986,0.23357664233576644,1.051094890510949,0.7007299270072993,1.3430656934306568,0,0.7007299270072993,0.7007299270072993,0.7007299270072993
31,2021,0,0,1,1,3,1,2,1,10,3.318333333333334,409362,391260,10,4,38,824.337,341,1.089.512,9178,ENGATIVA,SANTA CECILIA,90,3,33,46,63,0,73,162,68316,31982,36334,34.3448321489598,13.11133443534027,0.4850084314091084,4.868421522614196,6.6128907029389845,9.03068386480747,34.39896949470109,13.174073423502549,0.43913578078341825,4.830493588617601,6.733415305345747,9.221851396451784,50.65349258958164,20.091374470193205,0,0,12,34,22,2,15,12,17,0,12,12,12,10000,0,0,1.756543123133673,4.976872182212073,3.2203290590784004,0.2927571871889455,2.195678903917091,1.756543123133673,2.4884360911060366,0,1.756543123133673,1.756543123133673,1.756543123133673
58,2021,0,0,1,1,1,1,1,1,0,1.5654545454545454,857659,954745,0,0,29,314.431,407,569.872,8291,USME,COMUNEROS,33,15,105,25,56,0,102,132,96410,47234,49176,24.30376931433244,3.472219798640729,1.5530367750695633,10.864295580065658,2.708378567112164,5.819730239162274,24.271341147183904,3.4228814438336275,1.5558552017425578,10.890986412197906,2.593092002904263,5.80852608650555,27.94597112249651,20.741825280624695,0,0,12,32,23,1,18,12,17,0,12,12,11,10000,0,0,1.2446841613940463,3.3191577637174565,2.385644642671922,0.10372368011617052,1.8670262420910695,1.2446841613940463,1.7633025619748988,0,1.2446841613940463,1.2446841613940463,1.1409604812778757
13,2021,3,1,1,1,9,1,4,1,5,4.381666666666667,1717632,1842552,20,5,88,430.156,312,1.867.529,936,USAQUEN,LOS CEDROS,103,0,46,32,15,2,86,108,130855,58135,72720,15.050367794264538,7.87608643818088,0.03491664646037009,3.543861151790187,2.5368887945513867,1.3064477309275018,14.97841121852432,7.871307936265333,0,3.5153414084291774,2.4454548928202975,1.1463069810095143,18.5774490410252,11.826182618261823,0,0,12,30,23,6,13,12,24,0,12,12,12,10000,0,0,0.9170455848076114,2.2926139620190287,1.7576707042145887,0.4585227924038057,0.9934660502082457,0.9170455848076114,1.834091169615223,0,0.9170455848076114,0.9170455848076114,0.9170455848076114
87,2021,0,0,0,0,0,0,0,0,1,1.765,212992,339512,0,0,47,546.809,398,703.807,854,BOSA,TINTAL SUR,27,12,63,23,39,0,76,88,118700,55819,62881,13.902243056411407,2.3237918353850326,1.0229037912506047,5.326006395440814,2.058429282306131,3.3850199096602616,13.816343723673128,2.274641954507161,1.0109519797809603,5.307497893850043,1.9376579612468408,3.285593934288121,15.765241226105807,12.086321782414402,0,0,12,32,24,4,16,11,19,0,12,12,9,10000,0,0,1.0109519797809605,2.695871946082561,2.021903959561921,0.33698399326032014,1.3479359730412805,0.9267059814658803,1.6006739679865205,0,1.0109519797809605,1.0109519797809605,0.7582139848357203
77,2021,1,1,0,0,0,0,0,0,2,2.045,283878,356976,0,0,13,317.179,346,1.428.379,9003,FONTIBON,ZONA FRANCA,27,4,27,15,23,0,36,60,63557,29730,33827,15.250559477406,4.310621599527312,0.6694123066744273,4.296671378767053,2.5475079201058093,3.7773078499336825,15.104551819626476,4.248155199269947,0.6293563258177699,4.248155199269947,2.360086221816637,3.6187988734521768,20.181634712411707,10.642386259496853,0,0,7,28,22,1,17,10,14,0,12,12,9,10000,0,0,1.1013735701810974,4.4054942807243895,3.461459791997734,0.15733908145444248,2.6747643847255222,1.5733908145444246,2.2027471403621948,0,1.8880689774533095,1.8880689774533095,1.4160517330899822
39,2021,1,1,2,1,6,1,0,0,4,3,1410480,1306815,45,15,69,378.78,372,591.317,8706,RAFAEL URIBE URIBE,QUIROGA,90,16,68,73,105,0,124,228,92068,44333,47735,38.16424299262479,9.762948690065206,1.7288070441710428,7.390394778473039,7.776842751196121,11.160875951477118,38.2326106790633,9.775383412260505,1.7378459399574229,7.385845244819047,7.928922101055742,11.404613980970588,51.428958112467015,25.97674662197549,0,0,12,33,24,10,18,12,22,0,12,12,12,10000,0,0,1.303384454968067,3.5843072511621843,2.606768909936134,1.086153712473389,1.9550766824521006,1.303384454968067,2.389538167441456,0,1.303384454968067,1.303384454968067,1.303384454968067
108,2021,0,0,0,0,1,1,1,1,9,2.685714285714286,33520,33976,48,8,66,250.715,355,1.116.511,9043,PUENTE ARANDA,ZONA INDUSTRIAL,46,3,45,18,30,0,47,95,6571,3269,3302,198.55279911381328,62.32597255238326,3.553445184812074,61.459211528196825,17.744953012429363,29.769301914584492,216.10105006848272,70.00456551514229,4.565515142291889,68.48272713437834,27.393090853751332,45.65515142291888,290.6087488528602,142.33797698364629,0,0,12,30,19,2,13,9,15,0,12,12,12,10000,0,0,18.262060569167556,45.655151422918884,28.914929234515295,3.0436767615279257,19.78389894993152,13.696545426875666,22.827575711459442,0,18.262060569167556,18.262060569167556,18.262060569167556
61,2021,0,0,0,0,0,0,5,1,0,1.2366666666666666,79500,134960,0,0,65,314.431,407,569.872,8291,USME,CIUDAD USME,8,7,28,3,6,0,33,19,27723,13439,14284,18.99980064722016,3.070852622201809,2.415929680592336,10.032926072576217,1.6688671398902395,2.6989531359241785,18.756988781877865,2.885690581827364,2.524979259098943,10.099917036395771,1.0821339681852613,2.1642679363705226,14.13795669320634,23.10277233267992,0,0,8,26,18,4,14,9,12,0,12,11,2,10000,0,0,2.885690581827364,9.378494390938931,6.492803809111568,1.442845290913682,5.049958518197886,3.246401904555784,4.328535872741045,0,4.328535872741045,3.967824550012625,0.721422645456841
1,2021,0,0,0,0,0,0,0,0,2,4,52488,63828,3,3,83,430.156,312,1.867.529,936,USAQUEN,PASEO DE LOS LIBERTADORES,9,3,6,1,2,0,7,14,2545,1258,1287,71.21467737868873,28.139630009126204,6.048572921813144,19.606026074489588,4.60453042632102,6.721913702034529,82.5147347740668,35.36345776031434,11.787819253438114,23.575638506876228,3.9292730844793713,7.858546168958743,111.28775834658188,54.39005439005439,0,0,3,25,11,0,8,3,5,0,12,3,5,10000,0,0,11.787819253438114,98.23182711198427,43.222003929273086,0,31.43418467583497,11.787819253438114,19.646365422396855,0,47.151277013752456,11.787819253438114,19.646365422396855
46,2021,1,1,0,0,4,1,1,1,5,2.72,884656,1003288,18,6,40,979.914,372,999.300,8894,KENNEDY,CASTILLA,95,9,65,136,78,1,130,252,146650,69698,76952,26.129461223477776,6.491132385022853,0.6318820894587354,4.452433564350824,9.13249583708287,5.340541317561395,26.11660415956359,6.478008864643709,0.6137061029662462,4.432321854756222,9.273781111489942,5.318786225707466,36.15598725931877,16.893647988356378,0,0,12,35,24,5,21,12,22,0,12,12,12,10000,0,0,0.8182748039549949,2.3866348448687353,1.6365496079099897,0.34094783498124787,1.431980906921241,0.8182748039549949,1.5001704739174906,0,0.8182748039549949,0.8182748039549949,0.8182748039549949
85,2021,1,1,2,1,5,1,3,1,2,1.9988888888888892,2537808,2654832,17,6,39,546.809,398,703.807,854,BOSA,BOSA CENTRAL,169,32,229,98,227,1,295,459,234732,113175,121557,32.154925696400056,7.205045828096075,1.3646581949706815,9.748936720805096,4.191024778088842,9.604206466346586,32.16434060971661,7.19970008349948,1.3632568205442803,9.755806622020003,4.174974012916858,9.670603070735988,40.55666003976143,24.268450192090953,0,0,12,35,24,8,22,12,24,0,12,12,12,10000,0,0,0.5112213077041051,1.4910621474703065,1.0224426154082102,0.3408142051360701,0.9372390641241927,0.5112213077041051,1.0224426154082102,0,0.5112213077041051,0.5112213077041051,0.5112213077041051
60,2021,0,0,0,0,0,0,0,0,1,1.11,10544,15584,0,0,0,314.431,407,569.872,8291,USME,PARQUE ENTRENUBES,0,0,18,2,0,0,14,6,904,467,437,138.6919237067834,4.3504531476234005,1.1436020931534625,105.8078212229757,7.600732201522738,5.032032338454203,221.23893805309737,0,0,199.1150442477876,22.123893805309734,0,128.4796573875803,320.3661327231121,0,0,1,11,6,0,3,1,0,0,1,0,0,10000,0,0,11.061946902654867,121.68141592920354,66.3716814159292,0,33.1858407079646,11.061946902654867,0,0,11.061946902654867,0,0
30,2021,1,1,5,1,9,1,2,1,7,3.001818181818182,1427481,1341120,25,7,42,824.337,341,1.089.512,9178,ENGATIVA,BOYACA REAL,129,6,85,89,70,1,136,242,129876,61720,68156,29.180232671817485,9.92258309028342,0.48608220247122713,6.553479593506748,6.782809900079493,5.411901634169757,29.18168098801934,9.9325510486926,0.4619791185438418,6.5447041793710925,6.85269025840032,5.3897563830114885,39.20933246921581,19.95422266564939,0,0,12,35,24,6,17,12,23,0,12,12,12,10000,0,0,0.9239582370876837,2.6948781915057443,1.8479164741753673,0.4619791185438418,1.3089408358742185,0.9239582370876837,1.7709199544180605,0,0.9239582370876837,0.9239582370876837,0.9239582370876837
72,2021,0,0,0,0,1,1,0,0,8,3,331356,345116,4,2,21,824.337,341,1.089.512,9178,ENGATIVA,BOLIVIA,59,1,25,67,29,0,70,111,84724,38581,46143,21.423493985241937,6.981078896898139,0.16698797879812216,3.0003316905136743,7.744651792392087,3.553423680938522,21.363486143241584,6.963788300835654,0.11803031018365516,2.9507577545913795,7.908030782304896,3.4228789953259997,28.770638397138487,15.170231671109375,0,0,12,33,24,12,18,12,19,0,12,12,12,10000,0,0,1.4163637222038619,3.8950002360606204,2.8327274444077237,1.4163637222038619,2.124545583305793,1.4163637222038619,2.242575893489448,0,1.4163637222038619,1.4163637222038619,1.4163637222038619
57,2021,0,0,3,1,2,1,0,0,0,1.7740000000000002,1391324,1519562,3,3,23,314.431,407,569.872,8291,USME,GRAN YOMASA,62,32,120,48,81,0,146,197,127124,61887,65237,26.99175132413464,4.903979792301822,2.4915491572147284,9.429084269539532,3.8199434848358593,6.361462660872586,26.98152984487587,4.877127843680186,2.5172272741575155,9.439602278090684,3.7758409112362736,6.371731537711211,31.832210318806855,22.379937765378543,0,0,12,35,24,4,21,12,20,0,12,12,11,10000,0,0,0.9439602278090684,2.7532173311097825,1.8879204556181368,0.31465340926968943,1.6519303986658695,0.9439602278090684,1.5732670463484473,0,0.9439602278090684,0.9439602278090684,0.865296875491646
23,2021,0,0,0,0,5,1,32,1,14,3.5728571428571425,209118,255647,7,5,41,981.613,341,1.388.086,916,SUBA,CASA BLANCA SUBA,27,0,24,15,4,0,35,35,59007,27543,31464,12.057051129623623,4.637809592182875,0.0752521284332875,4.122119198888909,2.728726192220123,1.0520056571462764,11.862999305167184,4.575728303421628,0,4.067314047485891,2.5420712796786824,0.6778856745809819,12.707402969901608,11.12382405288584,0,0,7,27,20,5,13,5,17,0,12,12,10,10000,0,0,1.1862999305167183,4.575728303421628,3.3894283729049097,0.8473570932262274,2.203128442388191,0.8473570932262274,2.881014116969173,0,2.0336570237429457,2.0336570237429457,1.6947141864524549
88,2021,0,0,0,0,0,0,0,0,20,5.9375,358776,369156,3,2,60,122.507,243,2.288.835,9661,CHAPINERO,EL REFUGIO,46,2,13,4,5,0,36,34,38828,17502,21326,18.21532594533044,11.76916299647091,0.5873947329891911,3.4463767382751413,1.473981321272049,1.77435617389121,18.028227052642425,11.847120634593592,0.5150922015040692,3.34809930977645,1.0301844030081384,1.2877305037601732,19.426351274140096,16.880802775954233,0,0,9,28,16,0,12,10,12,0,12,10,10,10000,0,0,2.3179149067683116,7.21129082105697,4.120737612032554,0,3.0905532090244154,2.5754610075203463,3.0905532090244154,0,3.0905532090244154,2.5754610075203463,2.5754610075203463
9,2021,1,1,2,1,5,1,1,1,1,2.7445454545454546,927663,1059410,9,4,60,430.156,312,1.867.529,936,USAQUEN,VERBENAL,41,15,81,33,42,0,94,118,127453,60391,67062,16.698669607353875,3.2557864811576445,1.1840049739997736,6.365496525668851,2.6775935494189436,3.3878329696222234,16.63358257553765,3.216872101872847,1.1769044275144562,6.355283908578064,2.5891897405318036,3.2953323970404775,19.539335331423555,14.016879902180072,0,0,12,29,23,0,14,12,21,0,12,12,11,10000,0,0,0.941523542011565,2.2753485598612824,1.8045867888554998,0,1.098444132346826,0.941523542011565,1.6476661985202388,0,0.941523542011565,0.941523542011565,0.8630632468439347
109,2021,0,0,0,0,1,1,0,0,11,4.123333333333334,44058,53832,12,3,32,139.298,287,1.933.116,9603,TEUSAQUILLO,CIUDAD SALITRE ORIENTAL,41,0,14,5,5,0,25,40,24099,10726,13373,27.025053328715515,16.69576516023593,0.1715191952583661,5.880708126642671,2.565390477511309,2.6912698626170193,26.97207353002199,17.013154072783102,0,5.809369683389352,2.0747748869247684,2.0747748869247684,37.29256013425322,18.69438420698422,0,0,2,27,21,8,12,6,10,0,12,6,8,10000,0,0,0.8299099547699075,11.203784389393752,8.714054525084029,3.31963981907963,4.979459728619445,2.4897298643097225,4.149549773849537,0,4.979459728619445,2.4897298643097225,3.31963981907963
49,2021,0,0,1,1,0,0,0,0,2,2.3333333333333335,124191,114375,10,3,11,546.809,398,703.807,854,BOSA,APOGEO,32,5,30,25,36,0,42,86,35501,17036,18465,35.92096740888527,9.001698959239055,1.4133073093836044,8.436875438714935,6.785965994676755,9.690804304095613,36.05532238528493,9.013830596321233,1.4084110306751922,8.450466184051153,7.042055153375961,10.140559420861385,50.48133364639587,22.74573517465475,0,0,12,29,18,2,14,10,10,0,12,12,11,10000,0,0,3.380186473620461,8.168783977916116,5.070279710430692,0.5633644122700769,3.9435508858905384,2.8168220613503845,2.8168220613503845,0,3.380186473620461,3.380186473620461,3.098504267485423
14,2021,1,1,0,0,1,1,1,1,20,4.66,375100,457974,0,0,45,430.156,312,1.867.529,936,USAQUEN,USAQUEN,48,2,17,14,7,0,36,52,41886,19970,21916,21.135460040227983,11.395773071109229,0.5475440986680121,4.135565722446245,3.512616034462889,2.089200015215817,21.00940648426682,11.459676264145536,0.4774865110060641,4.058635343551545,3.3424055770424483,1.6712027885212242,26.039058587881826,16.42635517430188,0,0,12,27,21,8,12,10,18,0,12,12,12,10000,0,0,2.8649190660363844,6.446067898581865,5.013608365563673,1.9099460440242564,2.8649190660363844,2.3874325550303204,4.297378599054577,0,2.8649190660363844,2.8649190660363844,2.8649190660363844
32,2021,0,0,0,0,1,1,0,0,0,1.7457142857142858,1408200,1428675,0,0,47,404.35,373,706.208,8368,SAN CRISTOBAL,SAN BLAS,28,9,81,40,76,0,108,126,103708,49930,53778,22.60463312041825,2.7522671664912832,0.8857186933345069,7.810936922838208,3.9068889884420246,7.276812556739138,22.56335094688934,2.6998881474910323,0.8678211902649747,7.8103907123847724,3.856983067844332,7.328267828904231,25.235329461245744,20.08256164230726,0,0,12,30,24,6,17,12,21,0,12,12,11,10000,0,0,1.1570949203532996,2.8927373008832493,2.3141898407065993,0.5785474601766498,1.6392178038338412,1.1570949203532996,2.0249161106182747,0,1.1570949203532996,1.1570949203532996,1.0606703436571914
92,2021,0,0,0,0,0,0,0,0,11,2.5425,132324,86100,26,6,25,96.241,318,896.890,8828,SANTA FE,LA MACARENA,18,4,7,2,1,0,12,20,12452,6093,6359,25.86456296829628,14.041241954191008,2.8566828129416773,5.76748371710057,2.5584453334696087,2.177805978724734,25.6986829424992,14.4555091551558,3.2123353678124,5.621586893671699,1.6061676839062,0.8030838419531,32.824552765468574,18.870891649630444,0,0,10,27,16,0,13,8,13,0,12,12,8,10000,0,0,8.030838419531,21.683263732733696,12.8493414712496,0,10.440089945390298,6.4246707356248,10.440089945390298,0,9.637006103437198,9.637006103437198,6.4246707356248
11,2021,1,1,1,1,5,1,6,1,4,2.3000000000000003,373404,436080,0,0,21,430.156,312,1.867.529,936,USAQUEN,SAN CRISTOBAL NORTE,37,6,48,14,15,0,48,72,70017,33225,36792,17.251804210357637,5.327509028689085,0.8835432940410267,6.867887947872877,2.194619515926485,2.3744529320561236,17.13869488838425,5.284430923918477,0.8569347444192125,6.8554779553537,1.9995144036448291,2.1423368610480313,21.670428893905193,13.04631441617743,0,0,12,31,24,12,14,12,21,0,12,12,12,10000,0,0,1.713869488838425,4.427496179499265,3.42773897767685,1.713869488838425,1.9995144036448291,1.713869488838425,2.9992716054672437,0,1.713869488838425,1.713869488838425,1.713869488838425
36,2021,1,1,0,0,2,1,0,0,4,2.97,350595,343350,26,7,19,378.78,372,591.317,8706,RAFAEL URIBE URIBE,SAN JOSE,54,7,31,25,45,0,51,111,48237,22809,25428,33.51914029861392,11.144130551755485,1.452200709880995,6.452040689352179,5.1611847432265066,9.055894433310309,33.584178120529884,11.194726040176628,1.4511681903932665,6.426601986027324,5.182743537118809,9.328938366813857,48.66500065763515,20.05663048607834,0,0,12,34,24,8,15,12,21,0,12,12,12,10000,0,0,2.4877168978170285,7.04853121048158,4.975433795634057,1.658477931878019,3.1096461222712852,2.4877168978170285,4.3535045711797995,0,2.4877168978170285,2.4877168978170285,2.4877168978170285
53,2021,0,0,1,1,1,1,0,0,2,2.442857142857143,479920,461139,21,6,14,378.78,372,591.317,8706,RAFAEL URIBE URIBE,MARCO FIDEL SUAREZ,38,22,40,17,37,0,63,91,45951,22034,23917,33.446757818016,8.275139290920343,4.572283054294187,8.689686075751016,3.821441772864507,7.878283291208185,33.513960523165984,8.269678570651346,4.7877086461665685,8.704924811211942,3.6995930447650762,8.052055450371048,41.299809385495145,26.34109629134089,0,0,12,31,22,1,15,12,19,0,12,12,10,10000,0,0,2.6114774433635826,6.746316728689256,4.7877086461665685,0.21762312028029857,3.2643468042044788,2.6114774433635826,4.134839285325673,0,2.6114774433635826,2.6114774433635826,2.1762312028029855
50,2021,0,0,1,1,1,1,1,1,1,1.9327272727272728,215222,1432186,1,1,21,404.35,373,706.208,8368,SAN CRISTOBAL,LA GLORIA,40,25,96,27,51,2,115,122,95719,46400,49319,24.99666153181912,4.221251974463805,2.57493099786872,10.01015910203111,2.92562826596704,5.36050792214791,24.968919441281248,4.17889865126046,2.6118116570377876,10.029356763025104,2.8207565896008107,5.328095780357087,26.293103448275865,23.317585514710355,0,0,12,29,23,7,17,12,22,0,12,12,12,10000,0,0,1.253669595378138,3.0297015221638337,2.4028667244747646,0.7313072639705805,1.7760319267856954,1.253669595378138,2.298394258193253,0,1.253669595378138,1.253669595378138,1.253669595378138
110,2021,3,1,1,1,0,0,0,0,11,4.074999999999999,71780,82212,7,2,29,317.179,346,1.428.379,9003,FONTIBON,CIUDAD SALITRE OCCIDENTAL,61,1,16,11,6,0,42,53,45154,21304,23850,21.15573587913194,13.408233858489703,0.3036729837130059,3.6245396044634286,2.6848431135022652,1.7496460320764473,21.039110599282456,13.509323647960311,0.22146432209771005,3.543429153563361,2.4361075430748107,1.3287859325862603,24.877957191137817,17.61006289308176,0,0,9,31,17,1,13,11,17,0,12,11,11,10000,0,0,1.9931788988793904,6.865393985029011,3.7648934756610712,0.22146432209771005,2.8790361872702306,2.4361075430748107,3.7648934756610712,0,2.657571865172521,2.4361075430748107,2.4361075430748107
10,2021,0,0,1,1,1,1,23,1,4,2.87125,122265,153495,5,2,29,430.156,312,1.867.529,936,USAQUEN,LA URIBE,29,0,8,10,6,0,25,28,36225,16591,19634,14.893648009897625,8.019079210295546,0.11874960502631034,2.3400635548341993,3.0241539020515487,2.1341673030921813,14.630779848171152,8.005521048999311,0,2.2084195997239475,2.7605244996549345,1.6563146997929603,16.876619854137786,12.733014159111743,0,0,10,26,24,11,13,10,12,0,12,12,11,10000,0,0,2.7605244996549345,7.17736369910283,6.625258799171842,3.0365769496204282,3.588681849551415,2.7605244996549345,3.312629399585921,0,3.312629399585921,3.312629399585921,3.0365769496204282
42,2021,0,0,2,1,1,1,7,1,3,2.4250000000000003,2179040,2310720,35,13,66,182.532,363,829.895,8719,TUNJUELITO,VENECIA,115,21,89,60,77,2,140,220,138482,67336,71146,26.15407603797068,8.305931731929064,1.5153482101817068,6.4357900929088165,4.35406544954095,5.5758451132984375,26.14058144740833,8.304328360364524,1.5164425701535218,6.426828035412544,4.332693057581491,5.560289423896246,32.67197338719259,19.677845557023584,0,0,12,32,23,12,18,12,20,0,12,12,12,10000,0,0,0.8665386115162982,2.310769630710128,1.660865672072905,0.8665386115162982,1.2998079172744472,0.8665386115162982,1.4442310191938303,0,0.8665386115162982,0.8665386115162982,0.8665386115162982
103,2021,0,0,0,0,0,0,0,0,7,3,10953,12423,5,2,15,230.066,336,1.462.840,9244,BARRIOS UNIDOS,PARQUE SALITRE,10,0,9,2,1,0,11,11,1282,673,609,122.16256021820352,48.652058190260085,1.0469086993224932,45.156335523457265,7.140113518282555,6.456294717045599,171.606864274571,78.003120124805,0,70.20280811232449,15.600624024960998,7.800312012480499,163.4472511144131,180.623973727422,0,0,2,18,13,1,10,3,4,0,12,7,3,10000,0,0,15.600624024960998,140.40561622464898,101.40405616224649,7.800312012480499,78.003120124805,23.400936037441497,31.201248049921997,0,93.60374414976599,54.6021840873635,23.400936037441497
21,2021,3,1,0,0,7,1,0,0,23,3.762,225860,233125,52,5,22,230.066,336,1.462.840,9244,BARRIOS UNIDOS,LOS ANDES,61,0,16,14,5,0,35,61,29182,12994,16188,32.80609361514291,20.518305364725137,0.14458639431651257,5.551462210514897,4.8198109276360865,2.2839615366259753,32.89699129600439,20.903296552669456,0,5.482831882667398,4.797477897333973,1.7133849633335618,46.9447437278744,21.620953792933037,0,0,12,29,24,2,14,8,12,0,12,12,11,10000,0,0,4.112123912000548,9.937632787334659,8.224247824001097,0.6853539853334247,4.797477897333973,2.741415941333699,4.112123912000548,0,4.112123912000548,4.112123912000548,3.7694469193338356
55,2021,0,0,0,0,0,0,0,0,0,1.5539999999999998,379860,395955,0,0,7,378.78,372,591.317,8706,RAFAEL URIBE URIBE,DIANA TURBAY,24,15,60,20,34,0,68,85,74939,36132,38807,20.492889289884022,3.2686279158786418,1.9798415723389,8.005036959989534,2.810408160654133,4.621830457438858,20.416605505811397,3.2026047852253168,2.0016279907658228,8.006511963063291,2.668837321021097,4.537023445735866,23.524853315620504,17.522611899914963,0,0,11,31,24,2,16,12,20,0,12,12,12,10000,0,0,1.4678605265616034,4.136697847582701,3.2026047852253168,0.2668837321021097,2.1350698568168776,1.6013023926126584,2.668837321021097,0,1.6013023926126584,1.6013023926126584,1.6013023926126584
113,2021,0,0,1,1,3,1,0,0,7,3.2925,104270,104965,8,3,26,979.914,372,999.300,8894,KENNEDY,BAVARIA,26,2,16,31,23,0,30,68,42429,19776,22653,23.188954074304167,6.180120559887295,0.5410265228004134,3.852693869007899,7.060039727367218,5.481395043694884,23.097409790473495,6.1278842301256216,0.4713757100096632,3.7710056800773057,7.30632350514978,5.420820665111126,34.385113268608414,13.243279035889287,0,0,11,31,19,4,13,11,13,0,12,12,11,10000,0,0,2.5925664050531476,7.30632350514978,4.4780692450918,0.9427514200193263,3.0639421150628108,2.5925664050531476,3.0639421150628108,0,2.828254260057979,2.828254260057979,2.5925664050531476
90,2021,0,0,1,1,4,1,1,1,24,3.05,275954,520674,22,10,60,122.507,243,2.288.835,9661,CHAPINERO,PARDO RUBIO,65,6,52,16,15,0,75,79,49773,24378,25395,30.913027720214544,12.975732548062176,1.2212679116460252,10.403701887007731,3.371848198252423,3.261706088855195,30.94046973258594,13.059289172844714,1.2054728467241276,10.447431338275772,3.2145942579310067,3.013682116810319,32.406267946509146,29.533372711163615,0,0,11,30,23,7,13,12,21,0,12,12,11,10000,0,0,2.2100335523275674,6.027364233620638,4.620979245775822,1.4063849878448156,2.611857834568943,2.410945693448255,4.2191549635344465,0,2.410945693448255,2.410945693448255,2.2100335523275674
67,2021,0,0,1,1,2,1,0,0,0,1.256470588235294,2609568,2765373,2,1,30,593.937,409,505.335,835,CIUDAD BOLIVAR,LUCERO,86,58,170,46,136,3,206,287,161398,80209,81189,30.72381772727228,5.347017300560018,3.5524168047055347,10.518868012539173,2.9126899160872366,8.363657334002314,30.731483661507575,5.328442731632363,3.593600912031128,10.532968190436064,2.850097275059171,8.426374552348852,35.78152077697017,25.37289534296518,0,0,12,33,24,12,16,12,22,0,12,12,12,10000,0,0,0.7435036369719575,2.044635001672883,1.487007273943915,0.7435036369719575,0.9913381826292768,0.7435036369719575,1.3630900011152556,0,0.7435036369719575,0.7435036369719575,0.7435036369719575
83,2021,0,0,0,0,0,0,0,0,1,2,24432,29572,1,1,11,979.914,372,999.300,8894,KENNEDY,LAS MARGARITAS,15,6,18,16,9,0,22,42,33332,15905,17427,19.394668315778812,4.610840374525617,1.771062887520243,5.462597822791755,4.819753066617667,3.0927866157512747,19.20076803072123,4.500180007200288,1.8000720028801154,5.400216008640346,4.800192007680307,2.700108004320173,26.406790317510215,12.624089057210076,0,0,5,34,18,1,16,10,15,0,12,9,6,10000,0,0,1.5000600024000958,10.200408016320653,5.400216008640346,0.3000120004800192,4.800192007680307,3.0001200048001917,4.500180007200288,0,3.6001440057602307,2.700108004320173,1.8000720028801154
101,2021,1,1,0,0,3,1,0,0,20,3.8711111111111105,267970,273160,65,10,59,139.298,287,1.933.116,9603,TEUSAQUILLO,TEUSAQUILLO,91,5,28,35,21,1,53,126,27179,12742,14437,65.31697217061534,32.64963274954392,1.80061243020713,10.227571225702224,11.655285575951371,7.494881113059776,66.2276021928695,33.481732219728464,1.839655616468597,10.302071452224144,12.87758931528018,7.726553589168108,98.88557526291008,36.711228094479466,0,0,12,33,23,10,13,11,20,0,12,12,12,10000,0,0,4.415173479524633,12.141727068692742,8.462415835755547,3.679311232937194,4.783104602818352,4.047242356230914,7.358622465874388,0,4.415173479524633,4.415173479524633,4.415173479524633
54,2021,0,0,0,0,0,0,0,0,2,1.83,984621,1061115,21,8,28,378.78,372,591.317,8706,RAFAEL URIBE URIBE,MARRUECOS,50,24,57,48,75,0,86,168,120683,63530,57153,21.090875954066565,4.177021715424609,1.975273352576305,4.745465301775416,4.015777323215188,6.209361574710027,21.046874870528573,4.143085604434758,1.988681090128684,4.723117589055625,3.977362180257368,6.214628406652138,26.444199590744528,15.047329099084912,0,0,12,33,24,5,18,11,19,0,12,12,10,10000,0,0,0.9943405450643421,2.7344364989269407,1.9886810901286842,0.41430856044347586,1.4915108175965133,0.9114788329756469,1.5743725296852082,0,0.9943405450643421,0.9943405450643421,0.8286171208869517
78,2021,0,0,1,1,0,0,0,0,4,1.956,79812,176088,0,0,25,979.914,372,999.300,8894,KENNEDY,TINTAL NORTE,12,9,15,35,29,0,33,67,31602,14816,16786,31.585874286104065,3.934037823328432,2.721431620773196,4.829584695765189,10.24513917979009,8.79606882734532,31.64356686285678,3.7972280235428135,2.84792101765711,4.746535029428517,11.075248401999874,9.176634390228466,45.221382289416844,19.65923984272608,0,0,3,30,23,2,16,8,15,0,12,11,6,10000,0,0,0.9493070058857034,9.493070058857034,7.27802037845706,0.6328713372571356,5.062970698057085,2.5314853490285425,4.746535029428517,0,3.7972280235428135,3.480792354914246,1.8986140117714068
100,2021,2,1,2,1,2,1,1,1,13,3.59625,300195,309096,38,9,56,139.298,287,1.933.116,9603,TEUSAQUILLO,GALERIAS,109,4,35,24,23,1,85,109,36268,16800,19468,53.30902481588421,29.51164184730862,1.132391194435305,9.609235183843296,6.417126333956754,6.31172415055842,53.76640564685122,30.054042130804017,1.1029006286533585,9.650380500716883,6.61740377192015,6.341678614756811,64.88095238095238,43.66139305527018,0,0,12,31,21,2,21,12,22,0,12,12,12,10000,0,0,3.308701885960075,8.547479872063526,5.790228300430131,0.5514503143266792,5.790228300430131,3.308701885960075,6.065953457593471,0,3.308701885960075,3.308701885960075,3.308701885960075
34,2021,0,0,2,1,2,1,1,1,2,2.346363636363636,864012,1108236,26,12,30,404.35,373,706.208,8368,SAN CRISTOBAL,20 DE JULIO,69,9,54,27,52,0,81,130,79989,38719,41270,26.39990089015586,8.625217283126233,1.1382909118789903,6.762921400579944,3.4673957797243102,6.47814983331326,26.37862706122092,8.62618610058883,1.1251547087724565,6.750928252634737,3.3754641263173686,6.5008938729075245,33.57524729460988,19.626847589047735,0,0,12,36,24,1,20,12,21,0,12,12,12,10000,0,0,1.500206278363275,4.500618835089825,3.00041255672655,0.12501718986360624,2.500343797272125,1.500206278363275,2.6253609871357315,0,1.500206278363275,1.500206278363275,1.500206278363275
106,2021,1,1,0,0,4,1,1,1,4,4.164,167560,168920,17,5,30,139.298,287,1.933.116,9603,TEUSAQUILLO,LA ESMERALDA,25,4,16,17,11,0,25,48,38617,17206,21411,19.076554477380252,6.522898297642637,1.068763732691759,4.2247074240159,4.46465708107271,3.1777369985316573,18.90359168241966,6.473832767951938,1.03581324287231,4.1432529714892405,4.402206282207318,2.8484864178988527,27.89724514704173,11.676241184437904,0,0,12,26,19,2,14,11,13,0,12,12,8,10000,0,0,3.1074397286169306,6.732786078670015,4.920112903643473,0.5179066214361551,3.6253463500530856,2.8484864178988527,3.3663930393350077,0,3.1074397286169306,3.1074397286169306,2.0716264857446203
91,2021,2,1,1,1,1,1,1,1,14,3.3285714285714287,96894,41153,42,7,37,96.241,318,896.890,8828,SANTA FE,SAGRADO CORAZON,67,2,145,12,13,3,119,117,11465,5724,5741,198.41138765342663,54.66473913839964,1.684247077537787,118.18488412593248,8.802203008017278,9.875329629098196,208.46053205407765,58.43872655909289,1.7444395987788923,126.4718709114697,10.466637592673354,11.3388573920628,204.40251572327043,207.2809615049643,0,0,7,29,18,2,14,8,14,0,12,11,11,10000,0,0,6.105538595726123,25.294374182293936,15.699956389010032,1.7444395987788923,12.211077191452246,6.977758395115569,12.211077191452246,0,10.466637592673354,9.594417793283908,9.594417793283908
95,2021,0,0,0,0,1,1,0,0,13,2,260205,69723,19,3,15,96.241,318,896.890,8828,SANTA FE,LAS CRUCES,31,9,20,5,11,0,30,46,21364,10777,10587,35.36818873477325,14.259357922868066,3.8562185174929944,9.303999544689434,2.8319746310541007,5.305422102569439,35.57386257255195,14.5103913124883,4.2126942520127315,9.361542782250517,2.3403856955626288,5.148848530237783,42.68349262317899,28.336639274582033,0,0,11,37,22,3,15,10,13,0,15,12,12,10000,0,0,5.148848530237783,17.318854147163453,10.297697060475565,1.4042314173375772,7.021157086687886,4.6807713911252575,6.085002808462835,0,7.021157086687886,5.616925669350309,5.616925669350309
40,2021,2,1,0,0,3,1,0,0,5,3,1219392,1267944,21,8,62,250.715,355,1.116.511,9043,PUENTE ARANDA,CIUDAD MONTES,73,5,58,117,64,0,113,204,101529,47781,53748,31.207184080530386,7.202447135734762,0.5221694567771353,5.7308577237407246,11.217940110589543,6.29369921344553,31.222606348924938,7.190063922623094,0.4924701316865132,5.712653527563553,11.52380108146441,6.303617685587369,42.69479500219752,21.024038103743393,0,0,12,30,22,5,16,12,21,0,12,12,12,10000,0,0,1.1819283160476317,2.9548207901190793,2.166868579420658,0.4924701316865132,1.5759044213968423,1.1819283160476317,2.0683745530833555,0,1.1819283160476317,1.1819283160476317,1.1819283160476317
64,2021,0,0,0,0,0,0,0,0,0,1,5590,25895,0,0,7,593.937,409,505.335,835,CIUDAD BOLIVAR,MONTE BLANCO,0,16,26,1,10,0,24,29,6257,3179,3078,79.23739259307047,1.1138249523488295,17.434531883290312,37.47856987610387,3.080149269626758,11.885588682582462,84.7051302541154,0,25.57136007671408,41.553460124660376,1.59821000479463,15.9821000479463,91.22365523749606,77.97270955165692,0,0,4,20,15,1,8,5,9,0,7,3,0,10000,0,0,6.39284001917852,31.9642000958926,23.973150071919452,1.59821000479463,12.78568003835704,7.99105002397315,14.38389004315167,0,11.18747003356241,4.79463001438389,0
48,2021,0,0,1,1,0,0,0,0,5,2.7455555555555557,1310472,1325682,5,3,18,979.914,372,999.300,8894,KENNEDY,TIMIZA,59,9,87,103,110,0,130,238,143607,68959,74648,25.64093350327908,4.137213763271443,0.644980688069127,6.069042384135695,7.098268103587245,7.61234549101474,25.62549179357552,4.1084348256004235,0.6267103971254883,6.058200505546387,7.172352322658367,7.659793742644857,34.51326150321206,17.415068052727467,0,0,12,34,24,12,19,12,21,0,12,12,12,10000,0,0,0.8356138628339844,2.367572611362956,1.6712277256679688,0.8356138628339844,1.3230552828204754,0.8356138628339844,1.4623242599594728,0,0.8356138628339844,0.8356138628339844,0.8356138628339844
98,2021,1,1,3,1,8,1,1,1,26,3.0542105263157895,1522242,1559634,99,19,81,230.066,336,1.462.840,9244,BARRIOS UNIDOS,LOS ALCAZARES,130,8,58,56,58,2,107,201,40566,19750,20816,75.6356662216579,31.51527266693105,1.935345593742661,14.164188802410845,12.840896222395845,13.491500650339288,76.41867573830301,32.046541438643196,1.9720948577626585,14.297687718779274,13.804664004338608,14.297687718779274,101.77215189873417,51.402767102229056,0,0,12,35,22,7,16,12,23,0,12,12,12,10000,0,0,2.9581422866439877,8.62791500271163,5.423260858847311,1.725583000542326,3.944189715525317,2.9581422866439877,5.6697727160676425,0,2.9581422866439877,2.9581422866439877,2.9581422866439877
28,2021,3,1,11,1,17,1,9,1,13,2.287857142857143,3797108,4228084,17,6,49,981.613,341,1.388.086,916,SUBA,EL RINCON,154,20,158,46,181,2,225,332,272505,130755,141750,20.534259962612257,5.661192124859338,0.7424195663487377,5.804608104006163,1.7463245408138843,6.632903045081673,20.5133850755032,5.651272453716445,0.7339314874956423,5.798058751215574,1.6880424212399774,6.642079961835563,25.390998432182325,15.873015873015872,0,0,12,36,24,6,23,12,24,0,12,12,12,10000,0,0,0.44035889249738536,1.321076677492156,0.8807177849947707,0.22017944624869268,0.8440212106199887,0.44035889249738536,0.8807177849947707,0,0.44035889249738536,0.44035889249738536,0.44035889249738536
17,2021,1,1,0,0,4,1,0,0,6,4.285,226840,238870,6,2,32,981.613,341,1.388.086,916,SUBA,SAN JOSE DE BAVARIA,37,3,17,20,14,0,32,59,48272,22557,25715,18.991079733437232,7.681631500342743,0.6739199672178914,3.5980542261519446,4.218425690056756,3.1648078669746655,18.85150812064965,7.664898906198211,0.6214782896917468,3.5217103082532315,4.143188597944978,2.9002320185614847,26.15596045573436,12.444098775034028,0,0,11,28,18,2,15,10,12,0,12,12,10,10000,0,0,2.2787537288697384,5.800464037122969,3.7288697381504807,0.41431885979449784,3.107391448458734,2.071594298972489,2.485913158766987,0,2.485913158766987,2.485913158766987,2.071594298972489
24,2021,4,1,2,1,19,1,2,1,13,4.819999999999999,859833,845949,36,12,69,981.613,341,1.388.086,916,SUBA,NIZA,60,3,149,29,21,0,167,95,79640,36747,42893,32.864237865397264,7.545646509508549,0.41870002269032336,18.593290093054947,3.718119975330127,2.816492619331846,32.898041185334,7.533902561526871,0.3766951280763436,18.70919136112506,3.641386238071321,2.636865896534405,25.85245054018015,38.934091809852426,0,0,12,32,20,2,13,10,20,0,12,11,12,10000,0,0,1.5067805123053744,4.018081366147665,2.5113008538422905,0.25113008538422904,1.6323455549974888,1.2556504269211453,2.5113008538422905,0,1.5067805123053744,1.3812154696132597,1.5067805123053744
44,2021,2,1,2,1,2,1,0,0,8,3.22875,673424,676672,20,7,33,979.914,372,999.300,8894,KENNEDY,AMERICAS,82,14,50,94,54,1,90,203,80454,38038,42416,36.478624160855894,10.17314663151456,1.7297439467927909,6.232335527246279,11.293085066294523,6.67833986325996,36.54262062793646,10.192159494866631,1.740124791806498,6.2147313993089215,11.683695030700774,6.711909911253636,53.36768494663232,21.21840814786873,0,0,12,34,24,12,17,12,24,0,12,12,12,10000,0,0,1.4915355358341411,4.226017351530067,2.9830710716682822,1.4915355358341411,2.1130086757650335,1.4915355358341411,2.9830710716682822,0,1.4915355358341411,1.4915355358341411,1.4915355358341411
62,2021,0,0,2,1,2,1,0,0,1,2.024,338366,403893,26,7,26,182.532,363,829.895,8719,TUNJUELITO,TUNJUELITO,39,7,50,8,37,0,55,86,40570,20186,20384,34.65833054531593,9.588822138275546,1.7066423977160907,12.231914796225162,2.2962102288570145,8.820902350016022,34.75474488538329,9.61301454276559,1.7254128666502342,12.324377618930244,1.9719004190288392,9.12003943800838,42.603784801347466,26.981946624803765,0,0,12,30,17,5,14,10,16,0,12,12,11,10000,0,0,2.957850628543259,7.394626571358146,4.190288390436283,1.2324377618930242,3.4508257333004684,2.4648755237860485,3.9438008380576783,0,2.957850628543259,2.957850628543259,2.711363076164653
69,2021,1,1,1,1,2,1,1,1,1,1.3691666666666666,1779216,1964304,13,6,22,593.937,409,505.335,835,CIUDAD BOLIVAR,ISMAEL PERDOMO,78,50,138,78,149,0,183,310,164827,80707,84120,29.90601412058208,4.753798934543725,3.0037700484958836,8.369837803275518,4.738629068694981,8.962372782699527,29.910148216008302,4.732234403344112,3.0334835918872516,8.372414713608814,4.732234403344112,9.03978110382401,38.410546792719344,21.754636233951494,0,0,12,29,24,1,20,12,19,0,12,12,12,10000,0,0,0.7280360620529404,1.7594204832946059,1.4560721241058807,0.06066967183774503,1.2133934367549006,0.7280360620529404,1.1527237649171556,0,0.7280360620529404,0.7280360620529404,0.7280360620529404
93,2021,5,1,5,1,5,1,1,1,8,2.932857142857143,332178,96411,80,7,52,96.241,318,896.890,8828,SANTA FE,LAS NIEVES,131,22,37,11,18,0,90,129,17660,9118,8542,120.48432001066404,70.86808138736386,10.776737861928344,20.34328012246781,5.948856962146779,9.36872012331992,124.00906002265006,74.17893544733862,12.45753114382786,20.951302378255946,6.2287655719139305,10.192525481313703,141.4783943847335,105.36174198080076,0,0,12,36,24,5,18,12,20,0,12,12,12,10000,0,0,6.795016987542469,20.385050962627407,13.590033975084937,2.8312570781426953,10.192525481313703,6.795016987542469,11.325028312570781,0,6.795016987542469,6.795016987542469,6.795016987542469
18,2021,0,0,1,1,6,1,5,1,7,3.272,300834,346380,10,3,25,981.613,341,1.388.086,916,SUBA,BRITALIA,34,1,33,29,5,0,39,63,91263,42547,48716,11.307538161143158,3.7745101707422033,0.1554272016107376,3.655759411279802,3.2689782828917826,0.8018297762369382,11.176489924723052,3.725496641574351,0.10957343063453974,3.6159232109398114,3.1776294884016525,0.5478671531726986,14.80715444097116,8.005583381229986,0,0,11,25,22,2,14,12,16,0,12,12,12,10000,0,0,1.205307736979937,2.739335765863493,2.410615473959874,0.21914686126907948,1.5340280288835562,1.3148811676144767,1.7531748901526358,0,1.3148811676144767,1.3148811676144767,1.3148811676144767
15,2022,2,1,0,0,0,0,0,0,18,5.395,175550,49356,6,2,21,430.156,312,1.867.529,936,USAQUEN,COUNTRY CLUB,15,1,0,4,0,0,6,14,24743,11179,13564,8.494286905836395,6.099285972554979,0.5312409356921948,0,1.9444528772967349,0.860905327509303,8.083094208463,6.062320656347249,0.4041547104231501,0,1.6166188416926002,0,12.523481527864746,4.423473901503981,0,0,8,24,23,3,12,7,10,0,12,10,8,10000,0,0,3.2332376833852003,9.6997130501556,9.29555833973245,1.21246413126945,4.8498565250778,2.8290829729620497,4.0415471042315,0,4.8498565250778,4.0415471042315,3.2332376833852003
86,2022,0,0,0,0,0,0,0,0,0,1.568,321440,368145,0,0,33,546.809,398,703.807,854,BOSA,EL PORVENIR,38,7,0,44,55,0,27,117,150905,72055,78850,9.603207620347494,2.543017760492124,0.4859229752928741,0,2.950281501705544,3.713692174725016,9.542427354958418,2.5181405520029156,0.4638679964215897,0,2.91574169179285,3.6446771147410626,16.237596280618973,3.4242232086239697,0,0,12,33,24,1,16,12,22,0,12,12,12,10000,0,0,0.7952022795798681,2.1868062688446375,1.5904045591597362,0.06626685663165567,1.0602697061064907,0.7952022795798681,1.4578708458964247,0,0.7952022795798681,0.7952022795798681,0.7952022795798681
71,2022,0,0,1,1,5,1,0,0,10,2.105,2325960,2670912,0,0,22,981.613,341,1.388.086,916,SUBA,TIBABUYES,67,32,0,47,108,0,48,206,308559,149557,159002,8.265456290588059,2.1844780645902206,1.0405780397445437,0,1.553153670398634,3.5360902557138716,8.23181304061784,2.1713837548086428,1.0370788082668143,0,1.5232094996418837,3.500140977900499,13.774012583830917,3.0188299518245056,0,0,12,32,24,9,16,12,22,0,12,12,12,10000,0,0,0.3889045531000554,1.0370788082668145,0.7778091062001108,0.2916784148250416,0.5185394041334073,0.3889045531000554,0.712991680683435,0,0.3889045531000554,0.3889045531000554,0.3889045531000554
29,2022,3,1,2,1,3,1,0,0,15,2.713333333333334,1291554,1329381,30,9,32,824.337,341,1.089.512,9178,ENGATIVA,MINUTO DE DIOS,84,9,0,73,69,0,59,176,107025,50235,56790,21.939028940299487,7.8441621682694205,0.8579316967437925,0,6.766746255261988,6.446944331325089,21.957486568558743,7.8486334968465314,0.8409250175192712,0,6.8208362532118665,6.447091800981079,35.03533393052653,10.38915301989787,0,0,12,32,24,4,15,12,22,0,12,12,12,10000,0,0,1.1212333566923616,2.9899556178462974,2.242466713384723,0.37374445223078717,1.4015416958654519,1.1212333566923616,2.0555944872693295,0,1.1212333566923616,1.1212333566923616,1.1212333566923616
80,2022,0,0,2,1,1,1,0,0,10,2.0025,247816,277108,11,4,19,979.914,372,999.300,8894,KENNEDY,CORABASTOS,35,18,0,19,48,0,19,101,56865,28410,28455,21.08149991983066,6.170019457729628,3.0417197800796925,0,3.409621926709786,8.315378390673303,21.102611448166712,6.154928339048624,3.1653917172250066,0,3.341246812626396,8.441044579266684,35.55086237240408,6.67720962923915,0,0,12,32,22,3,14,11,18,0,12,12,10,10000,0,0,2.110261144816671,5.627363052844456,3.8688120988305634,0.5275652862041678,2.4619713356194497,1.9344060494152817,3.1653917172250066,0,2.110261144816671,2.110261144816671,1.7585509540138926
99,2022,8,1,3,1,2,1,0,0,36,3.692,79566,121692,22,6,62,122.507,243,2.288.835,9661,CHAPINERO,CHAPINERO,161,10,0,20,24,0,67,148,24533,12186,12347,85.2254013505045,63.7857389515613,3.683444395830908,0,7.79544768540956,9.33314484917892,87.6370602861452,65.62589165613663,4.076142338890474,0,8.152284677780948,9.78274161333714,121.45084523223372,54.26419373127075,0,0,12,33,24,10,15,11,23,0,12,12,12,10000,0,0,4.8913708066685695,13.451269718338565,9.782741613337139,4.076142338890474,6.114213508335711,4.483756572779521,9.37512737944809,0,4.8913708066685695,4.8913708066685695,4.8913708066685695
3,2022,0,0,0,0,0,0,0,0,0,6,0,1169,0,0,26,981.613,341,1.388.086,916,SUBA,GUAYMARAL,2,0,0,2,1,0,2,3,2446,1200,1246,20.25578920536357,7.947303395997349,0.8151059115624756,0,6.327520521237788,5.5231388242292665,20.441537203597708,8.176614881439084,0,0,8.176614881439084,4.088307440719542,25,16.051364365971107,0,0,0,10,1,0,3,2,2,0,8,0,3,10000,0,0,0,40.883074407195416,4.088307440719542,0,12.264922322158627,8.176614881439084,8.176614881439084,0,32.70645952575634,0,12.264922322158627
97,2022,19,1,3,1,7,1,0,0,28,5.211875,94384,420656,63,15,98,122.507,243,2.288.835,9661,CHAPINERO,CHICO LAGO,244,1,0,17,5,0,102,165,36008,16870,19138,72.81844390979231,66.44990991931473,0.3818611774686827,0,4.723937700640717,1.8729018511322943,74.1501888469229,67.76271939568984,0.2777160630970895,0,4.721173072650522,1.3885803154854477,97.8067575577949,53.29710523565681,0,0,12,35,23,12,14,11,22,0,12,12,12,10000,0,0,3.332592757165074,9.720062208398135,6.387469451233059,3.332592757165074,3.8880248833592534,3.054876694067985,6.10975338813597,0,3.332592757165074,3.332592757165074,3.332592757165074
94,2022,4,1,0,0,2,1,0,0,7,2.40875,203598,216855,43,8,36,22.115,283,1.050.888,889,CANDELARIA,LA CANDELARIA,71,3,0,19,13,0,37,69,17171,8942,8229,59.633195563361454,39.83343882987399,1.6630538266298651,0,10.15862267115814,7.365779705800735,61.73198998311106,41.34878574340458,1.7471317919748417,0,11.065168015840662,7.5709044318909795,77.16394542607918,44.96293595819662,0,0,12,33,21,0,12,10,17,0,12,12,10,10000,0,0,6.988527167899366,19.218449711723256,12.22992254382389,0,6.988527167899366,5.823772639916138,9.900413487857435,0,6.988527167899366,6.988527167899366,5.823772639916138
76,2022,0,0,0,0,3,1,0,0,5,2.186666666666667,120020,128536,0,0,21,317.179,346,1.428.379,9003,FONTIBON,FONTIBON SAN PABLO,41,1,0,12,10,0,22,42,33742,16516,17226,18.987948725424225,12.037616028152414,0.4047551586377882,0,3.651008753771837,3.317168818755566,18.96745895323336,12.15102839191512,0.2963665461442712,0,3.5563985537312552,2.9636654614427123,25.42988617098571,12.77139208173691,0,0,11,28,23,0,14,8,14,0,12,11,7,10000,0,0,3.2600320075869833,8.298263292039595,6.816430561318238,0,4.149131646019797,2.3709323691541697,4.149131646019797,0,3.5563985537312552,3.2600320075869833,2.0745658230098987
114,2022,4,1,0,0,2,1,0,0,17,3.8,191930,197050,9,4,24,317.179,346,1.428.379,9003,FONTIBON,MODELIA,45,1,0,38,14,0,34,64,43395,20004,23391,22.52551185908143,10.313398368616474,0.32241171456566403,0,8.507720791200084,3.486183328483602,22.58324691784768,10.369858278603523,0.23044129508007835,0,8.756769213042977,3.2261781311210966,31.99360127974405,14.53550510880253,0,0,12,25,18,1,13,8,18,0,12,12,12,10000,0,0,2.76529554096094,5.761032377001959,4.14794331144141,0.23044129508007835,2.9957368360410186,1.8435303606406268,4.14794331144141,0,2.76529554096094,2.76529554096094,2.76529554096094
89,2022,0,0,0,0,0,0,0,0,0,2.0666666666666664,28245,48603,0,0,3,122.507,243,2.288.835,9661,CHAPINERO,SAN ISIDRO - PATIOS,3,2,0,1,4,0,2,8,16570,8137,8433,6.744442796700416,2.060319846915857,1.2266413428398355,0,1.2192022066360095,3.1681668235145826,6.035003017501509,1.8105009052504528,1.2070006035003016,0,0.6035003017501508,2.414001207000603,9.831633280078652,2.3716352424997034,0,0,3,21,15,0,12,8,7,0,10,6,0,10000,0,0,1.8105009052504526,12.673506336753169,9.052504526252262,0,7.24200362100181,4.828002414001206,4.224502112251056,0,6.035003017501509,3.621001810500905,0
38,2022,2,1,5,1,5,1,0,0,7,3.008,1246305,1155330,52,15,75,119.565,392,1.095.184,9079,ANTONIO NARIÑO,RESTREPO,99,14,0,90,85,0,70,218,54757,25932,28825,52.06279959455854,17.92415939017001,2.4705997239750284,0,15.852246518464424,14.931529593088966,52.59601512135435,18.07988019796556,2.5567507350658367,0,16.436254725423233,15.52312946289972,84.06601881844824,24.284475281873373,0,0,12,30,24,12,16,12,22,0,12,12,12,10000,0,0,2.191500630056431,5.478751575141078,4.383001260112862,2.191500630056431,2.9220008400752415,2.191500630056431,4.017751155103457,0,2.191500630056431,2.191500630056431,2.191500630056431
52,2022,0,0,0,0,0,0,0,0,0,1,614920,740280,0,0,176,314.431,407,569.872,8291,USME,LA FLORA,4,22,0,8,18,0,12,40,19750,9802,9948,26.041387669514677,2.2281273835174384,9.46477502840556,0,4.140785936692873,8.681380852808706,26.32911392405063,2.0253164556962027,11.139240506329111,0,4.050632911392405,9.11392405063291,40.80799836768007,12.0627261761158,0,0,12,26,21,3,12,7,13,0,12,10,4,10000,0,0,6.075949367088608,13.164556962025316,10.632911392405063,1.518987341772152,6.075949367088608,3.5443037974683547,6.582278481012658,0,6.075949367088608,5.063291139240507,2.0253164556962027
96,2022,0,0,0,0,1,1,0,0,4,1.7264285714285716,628474,648214,4,2,16,96.241,318,896.890,8828,SANTA FE,LOURDES,21,5,0,16,18,0,17,43,46044,22372,23672,13.160401518284475,4.606603431365737,1.103801196859861,0,3.5505580155049072,4.103211161010582,13.031013812874642,4.560854834506125,1.0859178177395534,0,3.474937016766571,3.909304143862392,19.22045413910245,7.1814802298073674,0,0,10,24,20,0,13,10,9,0,12,12,9,10000,0,0,2.171835635479107,5.2124055251498564,4.343671270958214,0,2.8233863261228387,2.171835635479107,1.9546520719311962,0,2.6062027625749282,2.6062027625749282,1.9546520719311962
84,2022,0,0,4,1,4,1,0,0,2,1.98,990222,1073760,1,1,30,546.809,398,703.807,854,BOSA,BOSA OCCIDENTAL,73,39,0,77,163,0,53,299,199880,97718,102162,17.62020886111083,3.666485266965892,1.9383641735481063,0,3.865193790458639,8.12281785127417,17.61056633980388,3.652191314788873,1.9511707024214529,0,3.852311386832099,8.154892935761456,30.598252113223765,5.1878389224956445,0,0,12,34,24,5,18,12,23,0,12,12,12,10000,0,0,0.6003602161296778,1.7010206123674205,1.2007204322593557,0.25015009005403244,0.9005403241945167,0.6003602161296778,1.1506904142485492,0,0.6003602161296778,0.6003602161296778,0.6003602161296778
111,2022,3,1,0,0,1,1,0,0,9,2.9375,64585,73290,16,5,63,250.715,355,1.116.511,9043,PUENTE ARANDA,PUENTE ARANDA,54,3,0,20,52,0,28,101,12670,10287,2383,96.3520141627718,40.52322243056854,2.1106425249080747,0,13.741565843829692,33.03298346014475,101.81531176006314,42.62036306235201,2.3677979479084454,0,15.785319652722968,41.041831097079715,98.18217167298532,117.4989509022241,0,0,10,29,23,2,12,8,12,0,12,10,10,10000,0,0,7.892659826361484,22.888713496448304,18.153117600631415,1.5785319652722967,9.471191791633782,6.314127861089187,9.471191791633782,0,9.471191791633782,7.892659826361484,7.892659826361484
112,2022,1,1,2,1,3,1,0,0,23,3.1133333333333333,126427,160027,0,0,71,317.179,346,1.428.379,9003,FONTIBON,GRANJAS DE TECHO,59,1,0,31,44,0,38,97,53534,24780,28754,25.12690613775892,10.965540160132424,0.26564744053878986,0,5.737970843387322,8.100880703165124,25.217618709605112,11.021033361975569,0.1867971756267045,0,5.79071244442784,8.219075727575,39.14447134786118,13.215552618766084,0,0,10,30,21,5,12,11,22,0,12,12,12,10000,0,0,1.8679717562670453,5.603915268801136,3.9227406881607947,0.9339858781335226,2.2415661075204545,2.05476893189375,4.1095378637875,0,2.2415661075204545,2.2415661075204545,2.2415661075204545
75,2022,4,1,3,1,10,1,0,0,10,2.913,1316550,1374890,0,0,58,317.179,346,1.428.379,9003,FONTIBON,FONTIBON,89,14,0,47,56,0,42,164,130396,62011,68385,15.825250709048625,6.827915478927933,1.0806859713089754,0,3.62936536300944,4.355691522245834,15.798030614436026,6.825362741188379,1.0736525660296328,0,3.6044050430994816,4.294610264118531,26.44692070761639,6.141697740732616,0,0,12,30,24,11,15,12,22,0,12,12,12,10000,0,0,0.9202736280253996,2.300684070063499,1.8405472560507992,0.8435841590232829,1.1503420350317495,0.9202736280253996,1.6871683180465658,0,0.9202736280253996,0.9202736280253996,0.9202736280253996
12,2022,3,1,2,1,7,1,0,0,11,3.378,256245,260090,9,3,42,430.156,312,1.867.529,936,USAQUEN,TOBERIN,43,0,0,23,9,0,24,51,61040,28090,32950,12.39594272006492,7.047146530546632,0.08139116915051185,0,3.812685039077292,1.7667827070884683,12.287024901703802,7.0445609436435115,0,0,3.768020969855832,1.4744429882044563,18.155927376290496,7.283763277693475,0,0,12,26,24,2,12,12,22,0,12,12,10,10000,0,0,1.9659239842726082,4.259501965923985,3.9318479685452163,0.327653997378768,1.9659239842726082,1.9659239842726082,3.604193971166448,0,1.9659239842726082,1.9659239842726082,1.6382699868938402
16,2022,8,1,7,1,9,1,0,0,32,5.738888888888889,464238,463266,18,6,60,430.156,312,1.867.529,936,USAQUEN,SANTA BARBARA,74,0,0,12,7,0,34,59,72809,32920,39889,12.858714609274427,10.131918074746151,0.06892880668328283,0,1.766598557615549,1.2344083416005198,12.773146176983616,10.16357867846008,0,0,1.6481478938043377,0.9614196047191969,17.922235722964764,8.523653137456442,0,0,12,29,23,2,14,11,21,0,12,12,12,10000,0,0,1.6481478938043375,3.9830240766938156,3.1589501297916467,0.27469131563405624,1.9228392094383935,1.5108022359873092,2.8842588141575902,0,1.6481478938043375,1.6481478938043375,1.6481478938043375
82,2022,0,0,1,1,3,1,0,0,5,1.9566666666666668,963012,1044870,9,4,29,979.914,372,999.300,8894,KENNEDY,PATIO BONITO,70,31,0,37,134,0,61,211,138518,68830,69688,19.6371927514568,5.066053549847756,2.211502966473234,0,2.7136851149063315,9.587205342278176,19.636437141743308,5.053494852654529,2.2379762918898627,0,2.671132993545965,9.673833003652955,30.655237541769576,8.753300424750316,0,0,12,31,24,2,19,12,21,0,12,12,12,10000,0,0,0.8663134033122049,2.2379762918898627,1.7326268066244097,0.14438556721870083,1.3716628885776578,0.8663134033122049,1.5160484557963585,0,0.8663134033122049,0.8663134033122049,0.8663134033122049
35,2022,1,1,0,0,2,1,0,0,4,2.666,168705,154565,35,5,22,119.565,392,1.095.184,9079,ANTONIO NARIÑO,CIUDAD JARDIN,24,7,0,21,19,0,16,55,26034,12260,13774,27.01979162582619,9.159977644672315,2.502607193490969,0,7.736624415454525,7.188798836026619,27.272028885303833,9.21871398939848,2.688791580241223,0,8.066374740723669,7.298148574940462,44.86133768352365,11.616088282270946,0,0,12,30,24,2,13,11,13,0,12,12,11,10000,0,0,4.609356994699239,11.523392486748099,9.218713989398479,0.7682261657832066,4.993470077590843,4.225243911807636,4.993470077590843,0,4.609356994699239,4.609356994699239,4.225243911807636
68,2022,0,0,0,0,1,1,0,0,0,1.055,351536,380992,0,0,13,593.937,409,505.335,835,CIUDAD BOLIVAR,EL TESORO,8,18,0,18,48,0,5,87,54271,27037,27234,16.997839758374475,1.5577521945247077,3.1770003921195396,0,3.3894055027786703,8.686718549347587,16.951963295314254,1.4740837648099354,3.3166884708223545,0,3.3166884708223545,8.844502588859612,32.17812627140585,1.835940368656826,0,0,11,25,23,3,13,11,18,0,12,12,6,10000,0,0,2.026865176613661,4.606511765031048,4.2379908238285635,0.5527814118037258,2.395386117816145,2.026865176613661,3.3166884708223545,0,2.211125647214903,2.211125647214903,1.1055628236074515
27,2022,4,1,6,1,8,1,0,0,11,2.840909090909091,1497236,1751217,16,6,48,981.613,341,1.388.086,916,SUBA,SUBA,73,15,0,29,87,0,45,159,187097,87903,99194,10.945972589988214,3.915925495428444,0.8124372251205682,0,1.5986804146165614,4.685830828809768,10.903435116543823,3.9017194289593102,0.8017231703341048,0,1.5499981293126024,4.649994387937808,18.088119859390464,4.536564711575297,0,0,12,36,24,9,16,12,22,0,12,12,12,10000,0,0,0.6413785362672838,1.9241356088018515,1.2827570725345676,0.4810339022004629,0.8551713816897117,0.6413785362672838,1.1758606498233537,0,0.6413785362672838,0.6413785362672838,0.6413785362672838
22,2022,3,1,1,1,5,1,0,0,16,3.292222222222222,847206,887247,37,8,38,230.066,336,1.462.840,9244,BARRIOS UNIDOS,DOCE DE OCTUBRE,75,4,0,40,23,0,34,108,70398,33818,36580,20.165729766915973,10.61548235246965,0.6084209553911163,0,5.64565250225131,3.430433738790584,20.17102758601097,10.653711753174807,0.568197960169323,0,5.68197960169323,3.267138270973607,31.935655568040687,9.294696555494806,0,0,12,33,23,8,13,12,21,0,12,12,12,10000,0,0,1.704593880507969,4.687633171396915,3.267138270973607,1.136395920338646,1.8466433705502998,1.704593880507969,2.9830392908889456,0,1.704593880507969,1.704593880507969,1.704593880507969
105,2022,1,1,0,0,0,0,0,0,11,2.67,1601,2464,4,1,11,824.337,341,1.089.512,9178,ENGATIVA,JARDIN BOTANICO,4,0,0,2,1,0,1,6,3379,2022,1357,20.51295341936962,10.959954615979088,0.712790643655839,0,5.38469303668387,4.8069496646630485,20.716188221367265,11.837821840781295,0,0,5.9189109203906485,2.959455460195324,29.67359050445104,7.369196757553427,0,0,1,22,12,0,11,4,1,0,12,4,6,10000,0,0,2.9594554601953242,65.10802012429713,35.513465522343886,0,32.55401006214856,11.837821840781297,2.9594554601953242,0,35.513465522343886,11.837821840781297,17.756732761171943
104,2022,1,1,0,0,0,0,0,0,23,4,19494,20424,21,5,34,139.298,287,1.933.116,9603,TEUSAQUILLO,PARQUE SIMON BOLIVAR - CAN,27,2,0,1,4,0,12,22,3139,1650,1489,88.51833563574489,70.04160748055327,3.517113809339138,0,3.938611821395498,9.286172592554468,108.3147499203568,86.01465434851863,6.371455877668048,0,3.185727938834024,12.742911755336095,133.33333333333334,80.59100067159167,0,0,6,29,15,7,12,7,7,0,12,9,10,10000,0,0,19.11436763300414,92.38611022618669,47.785919082510354,22.300095571838167,38.22873526600828,22.300095571838167,22.300095571838167,0,38.22873526600828,28.67155144950621,31.85727938834024
74,2022,0,0,0,0,5,1,0,0,4,2.0016666666666665,712512,784968,0,0,15,824.337,341,1.089.512,9178,ENGATIVA,ENGATIVA,43,8,0,38,83,0,29,143,145990,70530,75460,11.830667607715837,2.968793338100044,0.5684875829324327,0,2.6446552362286435,5.704617091921449,11.781628878690322,2.9454072196725805,0.5479827385437358,0,2.602918008082745,5.68532091239126,20.27506025804622,3.8430956798303737,0,0,12,28,24,2,17,12,22,0,12,12,12,10000,0,0,0.8219741078156038,1.9179395849030756,1.6439482156312075,0.13699568463593395,1.1644633194054388,0.8219741078156038,1.5069525309952738,0,0.8219741078156038,0.8219741078156038,0.8219741078156038
47,2022,5,1,0,0,2,1,0,0,7,3,865592,770256,9,4,28,979.914,372,999.300,8894,KENNEDY,KENNEDY CENTRAL,56,8,0,90,157,0,62,249,93458,44314,49144,33.14746601221453,6.00260891021903,0.8747456467043736,0,9.484235439250952,16.3927078509414,33.27698003381198,5.9919964048021574,0.8559994864003082,0,9.629994222003466,16.798989920606047,56.18991740759128,12.61598567475175,0,0,12,32,24,12,21,12,22,0,12,12,12,10000,0,0,1.283999229600462,3.423997945601233,2.567998459200924,1.283999229600462,2.246998651800809,1.283999229600462,2.3539985876008473,0,1.283999229600462,1.283999229600462,1.283999229600462
70,2022,0,0,0,0,0,0,0,0,1,1.1733333333333331,789975,888237,0,0,23,593.937,409,505.335,835,CIUDAD BOLIVAR,JERUSALEM,36,27,0,36,79,0,33,145,102706,50382,52324,17.35214676847968,3.533998575244004,2.5786666992589167,0,3.539366289754477,7.647111173747736,17.33102253032929,3.505150624111542,2.628862968083656,0,3.505150624111542,7.69185831402255,28.780119884085583,6.306857273908722,0,0,12,31,24,4,12,12,21,0,12,12,12,10000,0,0,1.168383541370514,3.0183241485404944,2.336767082741028,0.389461180456838,1.168383541370514,1.168383541370514,2.044671197398399,0,1.168383541370514,1.168383541370514,1.168383541370514
66,2022,0,0,0,0,0,0,0,0,1,1.8425,597168,609704,4,3,26,593.937,409,505.335,835,CIUDAD BOLIVAR,SAN FRANCISCO,32,12,0,29,94,0,31,136,70388,34476,35912,23.67527959398346,4.576497220534704,1.6831670365002327,0,4.145138049070011,12.999094024154568,23.725635051429222,4.546229470932546,1.7048360515997043,0,4.120020458032619,13.354549070864351,39.447731755424066,8.632212073958565,0,0,12,29,24,1,16,11,18,0,12,12,12,10000,0,0,1.7048360515997045,4.120020458032619,3.409672103199409,0.14206967096664205,2.273114735466273,1.5627663806330625,2.557254077399557,0,1.7048360515997045,1.7048360515997045,1.7048360515997045
65,2022,0,0,0,0,1,1,0,0,2,2.463333333333334,349194,364512,9,3,21,593.937,409,505.335,835,CIUDAD BOLIVAR,ARBORIZADORA,42,11,0,48,109,0,40,170,86615,41438,45177,24.19883919152875,4.87092768765615,1.2716392361528082,0,5.516536738233007,12.325252116318424,24.24522311377937,4.849044622755874,1.269987877388443,0,5.541765283149569,12.584425330485482,41.02514600125489,8.854062908116962,0,0,10,33,24,1,13,12,21,0,12,12,12,10000,0,0,1.1545344339894936,3.8099636321653296,2.7708826415747847,0.11545344339894938,1.5008947641863417,1.3854413207873923,2.424522311377937,0,1.3854413207873923,1.3854413207873923,1.3854413207873923
79,2022,0,0,0,0,0,0,0,0,4,2.1333333333333333,167274,204984,3,2,22,979.914,372,999.300,8894,KENNEDY,CALANDAIMA,38,5,0,86,91,0,46,174,144820,68595,76225,15.219560376825676,2.649283582361647,0.37144243391171416,0,5.9153786858955755,6.2877484628766585,15.191271923767436,2.623946968650739,0.34525618008562353,0,5.938406297472724,6.283662477558348,25.366280341132732,6.034765496884225,0,0,12,30,24,2,14,12,17,0,12,12,11,10000,0,0,0.8286148322054965,2.071537080513741,1.657229664410993,0.1381024720342494,0.9667173042397458,0.8286148322054965,1.17387101229112,0,0.8286148322054965,0.8286148322054965,0.7595635961883718
59,2022,0,0,0,0,0,0,0,0,0,1,163808,216380,0,0,6,314.431,407,569.872,8291,USME,ALFONSO LOPEZ,19,13,0,14,18,0,9,55,52034,25726,26308,12.426882129228764,3.705763801690652,2.412252736541713,0,2.7990936502146124,3.663136518450139,12.29965022869662,3.65145866164431,2.4983664527040013,0,2.6905484875273857,3.4592766268209245,21.37914949856177,3.421012619735442,0,0,12,26,22,0,16,12,20,0,12,12,12,10000,0,0,2.3061844178806163,4.9967329054080025,4.228004766114464,0,3.074912557174155,2.3061844178806163,3.843640696467694,0,2.3061844178806163,2.3061844178806163,2.3061844178806163
45,2022,0,0,1,1,4,1,0,0,11,2.7914285714285714,737583,674359,9,4,35,979.914,372,999.300,8894,KENNEDY,CARVAJAL,68,9,0,104,94,0,55,220,89015,43052,45963,30.78170797995189,7.635656185076459,1.0239523386785776,0,11.466208038976523,10.390765633797503,30.89366960624614,7.639161938999045,1.0110655507498736,0,11.68342414199854,10.56001797449868,51.1009941466134,11.966146683201709,0,0,12,32,24,4,15,12,24,0,12,12,12,10000,0,0,1.3480874009998316,3.5948997359995505,2.696174801999663,0.4493624669999438,1.6851092512497892,1.3480874009998316,2.696174801999663,0,1.3480874009998316,1.3480874009998316,1.3480874009998316
20,2022,2,1,1,1,9,1,0,0,47,4.996666666666667,231126,219822,33,6,26,981.613,341,1.388.086,916,SUBA,LA ALHAMBRA,58,1,0,10,1,0,21,49,39439,18140,21299,17.79381983978022,14.558196478870318,0.35173747286622,0,2.686966054069865,0.7995978372973969,17.74892872537336,14.70625522959507,0.2535561246481909,0,2.5355612464819086,0.2535561246481909,27.01212789415656,9.859617822432975,0,0,10,26,14,2,13,9,15,0,12,12,11,10000,0,0,2.5355612464819086,6.592459240852962,3.5497857450746726,0.5071122492963818,3.296229620426481,2.282005121833718,3.803341869722863,0,3.0426734957782906,3.0426734957782906,2.7891173711300996
51,2022,0,0,0,0,1,1,0,0,0,1.68875,263745,660861,0,0,15,404.35,373,706.208,8368,SAN CRISTOBAL,LOS LIBERTADORES,20,6,0,9,29,0,13,51,78104,37831,40273,8.326408975756813,2.6080884485880897,0.7947879127176758,0,1.2806643929534327,3.840162939194913,8.194202601659326,2.5606883130185394,0.7682064939055618,0,1.1523097408583427,3.712998053876882,13.481007639237662,3.227969110818663,0,0,11,31,24,2,13,12,17,0,12,12,11,10000,0,0,1.4083785721601967,3.9690668851787363,3.0728259756222474,0.2560688313018539,1.6644474034620507,1.5364129878111237,2.1765850660657584,0,1.5364129878111237,1.5364129878111237,1.4083785721601967
115,2022,4,1,2,1,0,0,0,0,17,3.314,77135,83285,6,3,26,317.179,346,1.428.379,9003,FONTIBON,CAPELLANIA,25,3,0,3,16,0,20,27,17835,8373,9462,26.034410512950505,13.727178464300271,1.6126049519233576,0,2.110122939811417,8.525492798504729,26.352677319876648,14.017381553125876,1.682085786375105,0,1.682085786375105,8.971124194000561,32.246506628448586,21.137180300147957,0,0,8,26,14,0,12,8,14,0,12,8,9,10000,0,0,4.4855620970002805,14.578076815250911,7.849733669750491,0,6.72834314550042,4.4855620970002805,7.849733669750491,0,6.72834314550042,4.4855620970002805,5.046257359125315
43,2022,0,0,1,1,5,1,0,0,8,3,844074,844239,17,8,31,250.715,355,1.116.511,9043,PUENTE ARANDA,SAN RAFAEL,48,1,0,72,59,0,35,145,72673,34314,38359,24.706883624294186,6.611882758173267,0.19938345981669273,0,9.710953793458406,8.034952976560113,24.768483480797546,6.604928928212679,0.13760268600443082,0,9.907393392319015,8.118558474261418,42.25680480270444,9.12432545165411,0,0,12,25,24,3,15,12,21,0,12,12,12,10000,0,0,1.6512322320531698,3.4400671501107705,3.3024644641063396,0.41280805801329246,2.0640402900664623,1.6512322320531698,2.889656406093047,0,1.6512322320531698,1.6512322320531698,1.6512322320531698
25,2022,5,1,2,1,5,1,0,0,25,4.04,127070,126620,24,5,25,981.613,341,1.388.086,916,SUBA,LA FLORESTA,22,2,0,7,9,0,11,29,44657,20574,24083,9.171291274841742,4.967162242628024,0.5193517566006011,0,1.760988127657854,2.36392155640806,8.95716237096088,4.9264393040284835,0.447858118548044,0,1.567503414918154,2.015361533466198,14.095460289686011,4.567537266951792,0,0,12,29,21,7,12,11,16,0,12,11,9,10000,0,0,2.687148711288264,6.493942718946638,4.702510244754461,1.567503414918154,2.687148711288264,2.4632196520142418,3.5828649483843518,0,2.687148711288264,2.4632196520142418,2.015361533466198
56,2022,0,0,0,0,0,0,0,0,0,1.508,205135,253351,6,6,8,314.431,407,569.872,8291,USME,DANUBIO,18,8,0,9,39,0,10,64,57802,27868,29934,12.909318414621088,3.1703608886736108,1.378981412290188,0,1.709110209783722,6.728321503227287,12.802325179059547,3.1140790976090793,1.384035154492924,0,1.5570395488045397,6.747171378153006,22.96540835366729,3.3406828355715907,0,0,11,35,22,0,13,8,17,0,12,12,7,10000,0,0,1.9030483374277707,6.0551538009065435,3.8060966748555414,0,2.2490571260510017,1.3840351544929241,2.941074703297464,0,2.076052731739386,2.076052731739386,1.2110307601813086
26,2022,4,1,4,1,8,1,0,0,21,3.0646153846153847,1441973,1441167,19,5,69,824.337,341,1.089.512,9178,ENGATIVA,LAS FERIAS,103,7,0,106,79,0,63,232,101386,48275,53111,29.01417353712474,10.136421472559274,0.7141329007830559,0,10.297605993609956,7.743061558194074,29.09671946817115,10.159193577022467,0.6904306314481289,0,10.455092419071669,7.792002840628884,48.05800103573278,11.861949501986404,0,0,12,33,24,4,16,12,24,0,12,12,12,10000,0,0,1.1835953681967923,3.254887262541179,2.3671907363935847,0.39453178939893085,1.5781271575957234,1.1835953681967923,2.3671907363935847,0,1.1835953681967923,1.1835953681967923,1.1835953681967923
102,2022,2,1,2,1,6,1,0,0,20,2.8186666666666667,764715,782955,131,15,94,94.944,353,1.059.511,8978,LOS MARTIRES,LA SABANA,195,46,0,48,107,0,89,307,39345,18509,20836,98.83184839965402,48.71990542413837,10.721438190318008,0,11.691808379427451,25.36046238926144,100.6481128478841,49.561570720548985,11.69144745202694,0,12.199771254288985,27.19532342101919,165.86525474093685,42.7145325398349,0,0,12,35,24,12,15,12,24,0,12,12,12,10000,0,0,3.0499428135722457,8.895666539585715,6.0998856271444915,3.0499428135722457,3.8124285169653067,3.0499428135722457,6.0998856271444915,0,3.0499428135722457,3.0499428135722457,3.0499428135722457
2,2022,0,0,0,0,0,0,0,0,3,5.058,10545,13800,3,2,95,981.613,341,1.388.086,916,SUBA,LA ACADEMIA,4,1,0,4,1,0,2,8,6160,2976,3184,16.68398982588252,6.579714320133601,1.4977768080589875,0,5.940416776074459,3.4669410595268144,16.233766233766236,6.4935064935064934,1.6233766233766234,0,6.4935064935064934,1.6233766233766234,26.881720430107528,6.28140703517588,0,0,0,17,9,1,5,3,2,0,11,2,4,10000,0,0,0,27.5974025974026,14.61038961038961,1.6233766233766234,8.116883116883118,4.87012987012987,3.2467532467532467,0,17.857142857142858,3.2467532467532467,6.4935064935064934
116,2022,2,1,1,1,2,1,0,0,17,3.155,24638,27282,3,1,17,824.337,341,1.089.512,9178,ENGATIVA,ALAMOS,28,1,0,12,10,0,16,35,12361,5789,6572,39.79369782100725,21.71707658617112,0.931965044738248,0,8.772003243155105,7.701401267200477,41.25879783189062,22.65188900574387,0.808996035919424,0,9.707952431033087,8.08996035919424,60.45949214026602,24.345709068776628,0,0,7,33,18,1,14,10,11,0,12,12,11,10000,0,0,5.662972251435968,26.69686918534099,14.561928646549632,0.808996035919424,11.325944502871936,8.08996035919424,8.898956395113665,0,9.707952431033087,9.707952431033087,8.898956395113665
81,2022,1,1,0,0,1,1,0,0,6,2.0025,290204,283616,1,1,16,979.914,372,999.300,8894,KENNEDY,GRAN BRITALIA,42,12,0,62,95,0,31,180,62604,30648,31956,33.50540572948999,6.715586142809474,1.8797196202035855,0,9.677047507256653,14.673058140014442,33.703916682640084,6.708836496070538,1.9168104274487252,0,9.903520541818414,15.17474921730241,58.73140172278779,9.70083865314808,0,0,12,32,23,0,20,12,18,0,12,12,12,10000,0,0,1.9168104274487252,5.1114944731966006,3.673886652610057,0,3.194684045747876,1.9168104274487252,2.875215641173088,0,1.9168104274487252,1.9168104274487252,1.9168104274487252
33,2022,0,0,2,1,2,1,0,0,2,2.8193333333333332,1647904,748256,42,13,30,404.35,373,706.208,8368,SAN CRISTOBAL,SOSIEGO,47,5,0,18,38,0,23,85,44213,21410,22803,24.333582731216023,10.570302845720205,1.145673829587033,0,4.113266438027874,8.42377438320996,24.427204668310225,10.630357587135006,1.1308891050143624,0,4.071200778051704,8.594757198109154,39.70107426436245,10.086392141384906,0,0,12,29,24,12,14,10,20,0,12,12,10,10000,0,0,2.7141338520344696,6.5591568090833015,5.428267704068939,2.7141338520344696,3.1664894940402144,2.2617782100287247,4.523556420057449,0,2.7141338520344696,2.7141338520344696,2.2617782100287247
19,2022,4,1,8,1,12,1,0,0,25,3.51625,692512,712104,25,8,34,981.613,341,1.388.086,916,SUBA,EL PRADO,66,6,0,42,21,0,40,95,98532,45765,52767,13.756131872847398,6.70272423507001,0.6365211748895065,0,4.276669793035783,2.292046550926318,13.70113262696383,6.69833150651565,0.608939227865059,0,4.262574595055414,2.131287297527707,20.75822134819185,7.580495385373435,0,0,12,30,24,4,13,12,22,0,12,12,12,10000,0,0,1.217878455730118,3.0446961393252954,2.435756911460236,0.4059594852433727,1.3193683270409613,1.217878455730118,2.23277716883855,0,1.217878455730118,1.217878455730118,1.217878455730118
41,2022,1,1,0,0,2,1,0,0,8,3,523602,513468,24,8,22,250.715,355,1.116.511,9043,PUENTE ARANDA,MUZU,53,8,0,54,49,0,42,122,58950,27828,31122,27.698388960573652,8.967339570878355,1.3538548411962958,0,8.955096742466454,8.198475188396126,27.820186598812555,8.990670059372349,1.3570822731128076,0,9.16030534351145,8.312128922815946,43.840735949403474,13.49527665317139,0,0,12,30,23,0,14,11,19,0,12,12,12,10000,0,0,2.035623409669211,5.089058524173028,3.9016115351993217,0,2.374893977947413,1.8659881255301103,3.2230703986429177,0,2.035623409669211,2.035623409669211,2.035623409669211
37,2022,0,0,1,1,2,1,0,0,12,3,307027,315602,40,7,41,94.944,353,1.059.511,8978,LOS MARTIRES,SANTA ISABEL,46,3,0,27,39,0,25,90,45156,20636,24520,25.355158322935058,10.135789964509463,0.7172967596028791,0,5.906017485403858,8.465765203528553,25.467269022942688,10.186907609177076,0.6643635397289397,0,5.979271857560457,8.636726016476215,43.61310331459585,10.195758564437194,0,0,12,29,22,12,13,12,17,0,12,12,11,10000,0,0,2.6574541589157588,6.4221808840464165,4.871999291345557,2.6574541589157588,2.878908672158739,2.6574541589157588,3.764726725130658,0,2.6574541589157588,2.6574541589157588,2.4359996456727786
107,2022,3,1,1,1,3,1,0,0,16,3.77,207448,216792,32,8,35,139.298,287,1.933.116,9603,TEUSAQUILLO,QUINTA PAREDES,45,0,0,11,8,0,24,40,27235,12192,15043,23.3788668426039,16.258602563965002,0.16932756391367518,0,4.107789155619475,3.368207749588014,23.499173857169083,16.52285661832201,0,0,4.038920506700936,2.9373967321461354,32.808398950131235,15.954264441933129,0,0,12,34,21,1,14,11,15,0,12,12,12,10000,0,0,4.406095098219203,12.483936111621077,7.710666421883606,0.3671745915182669,5.1404442812557365,4.038920506700936,5.507618872774004,0,4.406095098219203,4.406095098219203,4.406095098219203
73,2022,2,1,1,1,4,1,0,0,6,2.775714285714286,955689,1044302,4,2,40,824.337,341,1.089.512,9178,ENGATIVA,GARCES NAVAS,68,12,0,69,118,0,53,214,173461,81788,91673,15.415107857002328,3.935422631882751,0.705845544305287,0,3.990599866989258,6.794935069892364,15.392508978963573,3.9201895526948425,0.6917981563579132,0,3.977839399058001,6.8026818708528145,26.16520760991833,5.781418738341714,0,0,12,33,24,4,17,12,24,0,12,12,12,10000,0,0,0.6917981563579132,1.9024449299842616,1.3835963127158264,0.23059938545263778,0.9800473881737106,0.6917981563579132,1.3835963127158264,0,0.6917981563579132,0.6917981563579132,0.6917981563579132
31,2022,3,1,1,1,3,1,0,0,19,3.318333333333334,409362,391260,10,4,38,824.337,341,1.089.512,9178,ENGATIVA,SANTA CECILIA,60,3,0,37,32,0,32,100,68583,32094,36489,19.253336018783557,8.731219040912395,0.4859525907308331,0,5.369251687462832,4.759541015132922,19.24675211058134,8.748523686627882,0.437426184331394,0,5.394922940087193,4.66587929953487,31.158471988533684,8.769766230918908,0,0,12,27,21,3,12,12,21,0,12,12,12,10000,0,0,1.749704737325576,3.9368356589825466,3.0619832903197586,0.437426184331394,1.749704737325576,1.749704737325576,3.0619832903197586,0,1.749704737325576,1.749704737325576,1.749704737325576
58,2022,0,0,1,1,1,1,0,0,0,1.5654545454545454,857659,954745,0,0,29,314.431,407,569.872,8291,USME,COMUNEROS,42,15,0,26,59,0,29,113,96803,47416,49387,14.7159880931853,4.362482198327939,1.5397870124120572,0,2.745799840162083,6.108049250201141,14.66896687086144,4.338708511099862,1.549538753964237,0,2.68586717353801,6.094852432259331,23.831618019234018,5.871990604815032,0,0,12,34,24,1,19,12,19,0,12,12,12,10000,0,0,1.2396310031713893,3.5122878423189365,2.4792620063427786,0.10330258359761578,1.9627490883546999,1.2396310031713893,1.9627490883546999,0,1.2396310031713893,1.2396310031713893,1.2396310031713893
13,2022,3,1,1,1,11,1,0,0,12,4.381666666666667,1717632,1842552,20,5,88,430.156,312,1.867.529,936,USAQUEN,LOS CEDROS,90,1,0,26,11,0,42,86,132098,58771,73327,9.758149480804285,6.815717167517604,0.11236031404405893,0,2.027822370255752,0.9902333522124436,9.689775772532514,6.813123590061924,0.07570137322291026,0,1.9682357037956668,0.8327151054520129,14.63306732912491,5.727767398093471,0,0,12,32,24,5,14,12,23,0,12,12,12,10000,0,0,0.9084164786749231,2.4224439431331284,1.8168329573498463,0.3785068661145513,1.0598192251207437,0.9084164786749231,1.741131584126936,0,0.9084164786749231,0.9084164786749231,0.9084164786749231
87,2022,0,0,0,0,0,0,0,0,1,1.765,212992,339512,0,0,47,546.809,398,703.807,854,BOSA,TINTAL SUR,26,8,0,26,49,0,25,84,126657,59614,67043,8.684888326057342,2.0853134371772137,0.6525706611509977,0,2.1129962043664374,3.9440047549247774,8.605919925467996,2.052788239102458,0.631627150493064,0,2.052788239102458,3.8687162967700166,14.090649847351294,3.728950076816372,0,0,12,29,24,1,18,12,20,0,12,12,10,10000,0,0,0.9474407257395959,2.2896484205373566,1.8948814514791918,0.078953393811633,1.4211610886093937,0.9474407257395959,1.5790678762326598,0,0.9474407257395959,0.9474407257395959,0.7895339381163299
77,2022,1,1,0,0,0,0,0,0,5,2.045,283878,356976,0,0,13,317.179,346,1.428.379,9003,FONTIBON,ZONA FRANCA,22,7,0,17,28,0,13,61,65142,30430,34712,11.474638418379802,3.424067891470939,1.088187611771343,0,2.7007391887696697,4.416979340796579,11.359798593841148,3.3772374197906116,1.074575542660649,0,2.60968346074729,4.298302170642596,20.046007229707527,3.745102558193132,0,0,9,25,21,0,12,7,16,0,12,12,8,10000,0,0,1.3815971262779774,3.8377697952166034,3.223726627981947,0,1.8421295017039698,1.074575542660649,2.4561726689386263,0,1.8421295017039698,1.8421295017039698,1.2280863344693131
39,2022,1,1,3,1,7,1,0,0,6,3,1410480,1306815,45,15,69,378.78,372,591.317,8706,RAFAEL URIBE URIBE,QUIROGA,85,14,0,86,103,0,49,239,91927,44066,47861,31.21651759301593,9.229231488563704,1.513823514649614,0,9.215490031146995,11.014748554712636,31.329206870669115,9.246467305579428,1.522947556213082,0,9.35524927388036,11.204542734996249,54.23682657831434,10.237980819456345,0,0,12,29,24,10,15,12,22,0,12,12,12,10000,0,0,1.3053836196112132,3.1546770807270987,2.6107672392224264,1.0878196830093445,1.6317295245140166,1.3053836196112132,2.3932033026205577,0,1.3053836196112132,1.3053836196112132,1.3053836196112132
108,2022,0,0,0,0,1,1,0,0,14,2.685714285714286,33520,33976,48,8,66,250.715,355,1.116.511,9043,PUENTE ARANDA,ZONA INDUSTRIAL,42,4,0,35,44,0,32,93,6710,3325,3385,166.52293315346589,56.70746656082122,4.208352362207797,0,37.91650810847956,44.136433439773455,186.2891207153502,62.59314456035767,5.961251862891207,0,52.16095380029807,65.57377049180327,279.69924812030075,94.53471196454947,0,0,12,32,22,3,14,10,17,0,12,12,11,10000,0,0,17.883755588673623,47.69001490312966,32.78688524590164,4.470938897168406,20.864381520119224,14.903129657228018,25.33532041728763,0,17.883755588673623,17.883755588673623,16.39344262295082
61,2022,0,0,0,0,0,0,0,0,0,1.2366666666666666,79500,134960,0,0,65,314.431,407,569.872,8291,USME,CIUDAD USME,11,11,0,9,16,0,10,37,29400,14233,15167,16.098716644176122,3.8341233476988887,3.4464814037596305,0,3.2127746947771385,5.557137831560885,15.986394557823129,3.741496598639456,3.741496598639456,0,3.061224489795918,5.442176870748299,25.99592496311389,6.59326168655634,0,0,7,27,20,4,13,7,8,0,12,10,7,10000,0,0,2.380952380952381,9.183673469387754,6.802721088435374,1.3605442176870748,4.421768707482993,2.380952380952381,2.7210884353741496,0,4.081632653061225,3.401360544217687,2.380952380952381
1,2022,0,0,0,0,0,0,0,0,3,4,52488,63828,3,3,83,430.156,312,1.867.529,936,USAQUEN,PASEO DE LOS LIBERTADORES,3,7,0,0,2,0,2,10,2505,1237,1268,40.44107281480781,10.832511760781298,11.480379862974177,0,2.545975532512228,7.053577844617798,47.90419161676647,11.976047904191615,27.944111776447105,0,0,7.984031936127744,80.84074373484236,15.772870662460567,0,0,2,23,12,0,9,4,3,0,12,6,5,10000,0,0,7.984031936127744,91.81636726546905,47.90419161676647,0,35.92814371257485,15.968063872255488,11.976047904191617,0,47.90419161676647,23.952095808383234,19.96007984031936
46,2022,4,1,1,1,5,1,0,0,8,2.72,884656,1003288,18,6,40,979.914,372,999.300,8894,KENNEDY,CASTILLA,87,8,0,138,108,0,68,273,148724,70628,78096,22.90920000030536,5.8572114420220265,0.5583143472574505,0,9.192983174180998,7.241285153898895,22.92837739705763,5.849761975202388,0.5379091471450472,0,9.278932788252064,7.261773486458138,38.653225349719655,8.707232124564639,0,0,12,34,24,1,16,12,23,0,12,12,12,10000,0,0,0.8068637207175707,2.2861138753664507,1.6137274414351415,0.0672386433931309,1.0758182942900945,0.8068637207175707,1.5464887980420108,0,0.8068637207175707,0.8068637207175707,0.8068637207175707
85,2022,1,1,2,1,6,1,0,0,2,1.9988888888888892,2537808,2654832,17,6,39,546.809,398,703.807,854,BOSA,BOSA CENTRAL,133,34,0,109,159,0,87,348,233006,112514,120492,18.67323486261814,5.71325568593303,1.4565860374963793,0,4.678974609276421,6.817718374833843,18.669047149000455,5.708007519119679,1.4591898921057826,0,4.677991124692069,6.823858613082924,30.92948433083883,7.220396374863061,0,0,12,29,24,7,20,12,24,0,12,12,12,10000,0,0,0.5150081972138056,1.244603143266697,1.0300163944276113,0.30042144837471996,0.8583469953563427,0.5150081972138056,1.0300163944276113,0,0.5150081972138056,0.5150081972138056,0.5150081972138056
60,2022,0,0,0,0,0,0,0,0,1,1.11,10544,15584,0,0,0,314.431,407,569.872,8291,USME,PARQUE ENTRENUBES,4,0,0,0,0,0,2,2,827,429,398,33.42650536570206,28.16749582043983,1.0854803466757552,0,3.6976323006262217,5.2952680437368675,48.367593712212816,48.367593712212816,0,0,0,0,46.62004662004662,50.25125628140704,0,0,0,16,4,0,0,1,0,0,1,2,0,10000,0,0,0,193.47037484885126,48.367593712212816,0,0,12.091898428053204,0,0,12.091898428053204,24.183796856106408,0
30,2022,1,1,5,1,10,1,0,0,19,3.001818181818182,1427481,1341120,25,7,42,824.337,341,1.089.512,9178,ENGATIVA,BOYACA REAL,131,5,0,66,88,0,74,216,130301,61875,68426,22.23892042518601,10.036538307502244,0.4115822039734183,0,5.058556630644904,6.74475056793247,22.25616073552774,10.053645021910809,0.3837269092332369,0,5.065195201878727,6.753593602504969,34.90909090909091,10.81460263642475,0,0,12,30,24,5,16,12,24,0,12,12,12,10000,0,0,0.9209445821597686,2.3023614553994216,1.8418891643195372,0.3837269092332369,1.227926109546358,0.9209445821597686,1.8418891643195372,0,0.9209445821597686,0.9209445821597686,0.9209445821597686
72,2022,0,0,1,1,1,1,0,0,9,3,331356,345116,4,2,21,824.337,341,1.089.512,9178,ENGATIVA,BOLIVIA,48,2,0,61,45,0,34,122,85096,38702,46394,18.3471657919388,5.655599432908925,0.2837701353197136,0,7.089415513008287,5.337703832511666,18.33223653285701,5.6406881639560025,0.2350286734981668,0,7.168374541694087,5.2881451537087525,31.522918712211258,7.328533862137345,0,0,12,30,24,12,12,12,21,0,12,12,12,10000,0,0,1.4101720409890006,3.5254301024725017,2.8203440819780012,1.4101720409890006,1.4101720409890006,1.4101720409890006,2.467801071730751,0,1.4101720409890006,1.4101720409890006,1.4101720409890006
57,2022,0,0,4,1,2,1,0,0,0,1.7740000000000002,1391324,1519562,3,3,23,314.431,407,569.872,8291,USME,GRAN YOMASA,40,14,0,37,85,0,29,147,126622,61595,65027,13.941116247069006,3.1846110643861265,1.1118968562882572,0,2.9629581644282537,6.704991780679707,13.899638293503498,3.1590087030689773,1.105653046074142,0,2.922083050338804,6.712893494021577,23.865573504342883,4.459685976594337,0,0,12,30,24,10,16,12,22,0,12,12,11,10000,0,0,0.9477026109206931,2.3692565273017325,1.8954052218413862,0.7897521757672443,1.263603481227591,0.9477026109206931,1.7374547866879373,0,0.9477026109206931,0.9477026109206931,0.8687273933439686
23,2022,1,1,0,0,5,1,0,0,19,3.5728571428571425,209118,255647,7,5,41,981.613,341,1.388.086,916,SUBA,CASA BLANCA SUBA,27,2,0,19,14,0,19,43,59840,28113,31727,10.500685575078286,4.548015166023657,0.39593897133034783,0,3.247899824803241,2.585558884156027,10.36096256684492,4.512032085561497,0.3342245989304813,0,3.1751336898395723,2.339572192513369,15.295414932593465,5.9885901598008,0,0,6,27,22,3,13,5,12,0,12,12,11,10000,0,0,1.0026737967914439,4.512032085561497,3.676470588235294,0.5013368983957219,2.1724598930481283,0.8355614973262031,2.0053475935828877,0,2.0053475935828877,2.0053475935828877,1.838235294117647
88,2022,1,1,0,0,0,0,0,0,29,5.9375,358776,369156,3,2,60,122.507,243,2.288.835,9661,CHAPINERO,EL REFUGIO,42,0,0,6,3,0,18,33,38675,17397,21278,13.336733854160933,10.78660873218618,0.12399268056823028,0,1.773843331399639,1.2846610254127535,13.186813186813186,10.85972850678733,0,0,1.5513897866839044,0.7756948933419522,18.968787722021037,8.459441676849329,0,0,10,29,18,1,12,8,11,0,12,12,12,10000,0,0,2.585649644473174,7.498383968972204,4.6541693600517124,0.2585649644473174,3.1027795733678087,2.0685197155785393,2.844214608920491,0,3.1027795733678087,3.1027795733678087,3.1027795733678087
9,2022,1,1,3,1,5,1,0,0,2,2.7445454545454546,927663,1059410,9,4,60,430.156,312,1.867.529,936,USAQUEN,VERBENAL,29,15,0,35,33,0,21,91,128953,61115,67838,8.762354478872211,2.2796243488102608,1.1675945030613264,0,2.758865624982656,2.6707011693061573,8.685334967003481,2.2488813753848302,1.163214504509395,0,2.714167177188588,2.559071909920669,14.889961547901496,3.095610130015625,0,0,12,26,23,2,14,12,18,0,12,12,12,10000,0,0,0.9305716036075159,2.016238474482951,1.783595573581072,0.15509526726791933,1.0856668708754351,0.9305716036075159,1.3958574054112738,0,0.9305716036075159,0.9305716036075159,0.9305716036075159
109,2022,0,0,0,0,1,1,0,0,12,4.123333333333334,44058,53832,12,3,32,139.298,287,1.933.116,9603,TEUSAQUILLO,CIUDAD SALITRE ORIENTAL,33,0,0,10,7,0,15,35,24661,10992,13669,20.25647932985868,13.189000056891253,0.18450609288669245,0,4.12860887387239,3.3214954470370555,20.274928024005515,13.38145249584364,0,0,4.054985604801103,2.838489923360772,31.841339155749637,10.97373619138196,0,0,2,28,22,7,14,3,10,0,12,10,9,10000,0,0,0.8109971209602206,11.353959693443088,8.920968330562427,2.838489923360772,5.676979846721544,1.216495681440331,4.054985604801103,0,4.865982725761324,4.054985604801103,3.649487044320993
49,2022,0,0,1,1,0,0,0,0,2,2.3333333333333335,124191,114375,10,3,11,546.809,398,703.807,854,BOSA,APOGEO,20,2,0,18,28,0,16,52,34697,16671,18026,19.602164998916855,5.79749247599424,0.6528389907497567,0,5.154838958742927,7.908642203590198,19.598236158745713,5.764187105513445,0.5764187105513444,0,5.1877683949621005,8.069861947718824,31.191890108571773,8.87606790191945,0,0,10,28,20,0,14,7,17,0,12,12,10,10000,0,0,2.8820935527567224,8.069861947718824,5.764187105513445,0,4.034930973859412,2.017465486929706,4.899559039686428,0,3.4585122633080667,3.4585122633080667,2.8820935527567224
14,2022,1,1,0,0,2,1,0,0,33,4.66,375100,457974,0,0,45,430.156,312,1.867.529,936,USAQUEN,USAQUEN,78,0,0,13,6,0,36,61,42132,20181,21951,22.95421955202543,18.30366895907216,0.11471185717742632,0,3.192669038060746,1.8409168651808383,23.02288047090098,18.51324409000285,0,0,3.0855406816671413,1.4240956992309883,30.226450621872058,16.400164001640015,0,0,12,28,23,5,12,11,16,0,12,12,12,10000,0,0,2.8481913984619767,6.645779929744612,5.459033513718789,1.1867464160258236,2.8481913984619767,2.610842115256812,3.797588531282636,0,2.8481913984619767,2.8481913984619767,2.8481913984619767
32,2022,0,0,0,0,1,1,0,0,0,1.7457142857142858,1408200,1428675,0,0,47,404.35,373,706.208,8368,SAN CRISTOBAL,SAN BLAS,32,12,0,24,67,0,22,113,104358,50163,54195,12.994760457791914,3.09809406769923,1.1557598814487735,0,2.365864156663494,6.421004682480702,12.93623871672512,3.0663676958163246,1.1498878859311217,0,2.2997757718622434,6.42020736311543,22.526563403305225,4.059415075191438,0,0,12,27,23,8,16,11,18,0,12,12,10,10000,0,0,1.1498878859311217,2.587247743345024,2.203951781367983,0.7665919239540812,1.5331838479081623,1.0540638954368615,1.7248318288966824,0,1.1498878859311217,1.1498878859311217,0.9582399049426015
92,2022,0,0,0,0,0,0,0,0,11,2.5425,132324,86100,26,6,25,96.241,318,896.890,8828,SANTA FE,LA MACARENA,28,6,0,2,7,0,11,32,12502,6119,6383,33.40752457599879,21.48685051187711,3.944108758930773,0,2.1915867670782654,5.796412200722127,34.39449688049912,22.396416573348265,4.799232122860342,0,1.5997440409534474,5.599104143337066,52.29612681810754,17.233275889080367,0,0,10,34,17,0,14,10,10,0,12,12,9,10000,0,0,7.9987202047672366,27.195648696208607,13.597824348104304,0,11.198208286674133,7.9987202047672366,7.9987202047672366,0,9.598464245720685,9.598464245720685,7.198848184290513
11,2022,1,1,2,1,5,1,0,0,6,2.3000000000000003,373404,436080,0,0,21,430.156,312,1.867.529,936,USAQUEN,SAN CRISTOBAL NORTE,20,9,0,19,12,0,11,49,69776,33099,36677,8.741554310055358,2.9158508762613704,1.2907796399244722,0,2.8037521574754622,1.964703086443797,8.59894519605595,2.8663150653519835,1.2898417794083927,0,2.7229993120843843,1.71978903921119,14.804072630593067,2.99915478365188,0,0,12,28,23,12,15,11,22,0,12,12,11,10000,0,0,1.71978903921119,4.012841091492777,3.296262325154781,1.71978903921119,2.1497362990139877,1.576473285943591,3.152946571887182,0,1.71978903921119,1.71978903921119,1.576473285943591
36,2022,1,1,0,0,2,1,0,0,4,2.97,350595,343350,26,7,19,378.78,372,591.317,8706,RAFAEL URIBE URIBE,SAN JOSE,32,6,0,32,45,0,23,92,48007,22599,25408,23.877207582612876,6.675168740074577,1.254264329508395,0,6.557662737450287,9.157813126440864,23.954839919178458,6.665694586206178,1.2498177349136586,0,6.665694586206178,9.37363301185244,40.70976591884597,9.052267002518892,0,0,12,29,24,11,14,12,19,0,12,12,12,10000,0,0,2.499635469827317,6.0407857187493486,4.999270939654634,2.291332514008374,2.916241381465203,2.499635469827317,3.957756160559918,0,2.499635469827317,2.499635469827317,2.499635469827317
53,2022,0,0,1,1,2,1,0,0,3,2.442857142857143,479920,461139,21,6,14,378.78,372,591.317,8706,RAFAEL URIBE URIBE,MARCO FIDEL SUAREZ,28,17,0,18,38,0,16,85,44925,21430,23495,22.42810485502125,6.250285343805241,3.5790565151868168,0,4.052007395981197,8.300721739907221,22.4819143016138,6.232609905397886,3.784084585420145,0,4.006677796327212,8.45854201446856,39.664022398506766,6.8099595658650784,0,0,12,25,22,1,12,12,14,0,12,12,11,10000,0,0,2.6711185308848084,5.564830272676684,4.897050639955482,0.22259321090706732,2.6711185308848084,2.6711185308848084,3.116304952698943,0,2.6711185308848084,2.6711185308848084,2.448525319977741
50,2022,0,0,1,1,1,1,0,0,1,1.9327272727272728,215222,1432186,1,1,21,404.35,373,706.208,8368,SAN CRISTOBAL,LA GLORIA,23,16,0,26,73,0,22,116,95294,46140,49154,14.53101922088558,2.453726246681745,1.6638313563287368,0,2.7880035158661385,7.613617006138261,14.481499359875754,2.413583226645959,1.6790144185363192,0,2.7283984301215187,7.660503284571956,25.140875596012137,4.475729340440249,0,0,12,27,23,10,15,12,21,0,12,12,12,10000,0,0,1.2592608139022394,2.8333368312800387,2.413583226645959,1.0493840115851996,1.5740760173777992,1.2592608139022394,2.203706424328919,0,1.2592608139022394,1.2592608139022394,1.2592608139022394
110,2022,3,1,1,1,0,0,0,0,19,4.074999999999999,71780,82212,7,2,29,317.179,346,1.428.379,9003,FONTIBON,CIUDAD SALITRE OCCIDENTAL,49,0,0,7,17,0,20,53,45341,21403,23938,16.171597652948098,10.745352621133913,0.10725945341535754,0,1.736010383871714,3.958462278390132,16.100218345426878,10.806995875697492,0,0,1.5438565536710704,3.7493659160583137,24.762883707891415,8.354916868577158,0,0,6,24,20,0,13,10,21,0,12,12,12,10000,0,0,1.323305617432346,5.293222469729384,4.411018724774487,0,2.8671621711034163,2.2055093623872435,4.631569661013211,0,2.646611234864692,2.646611234864692,2.646611234864692
10,2022,0,0,1,1,1,1,0,0,8,2.87125,122265,153495,5,2,29,430.156,312,1.867.529,936,USAQUEN,LA URIBE,26,1,0,16,3,0,12,34,37712,17271,20441,12.374514934598524,6.901623240809115,0.3662816674036446,0,4.279307013300344,1.3144511452149674,12.1977089520577,6.8943572337717445,0.26516758591429784,0,4.2426813746287655,0.7955027577428935,19.686179144230213,5.870554278166431,0,0,7,30,21,12,13,11,18,0,12,12,11,10000,0,0,1.8561731014000848,7.955027577428935,5.5685193042002545,3.182011030971574,3.4471786168858722,2.916843445057276,4.773016546457361,0,3.182011030971574,3.182011030971574,2.916843445057276
42,2022,1,1,2,1,1,1,0,0,4,2.4250000000000003,2179040,2310720,35,13,66,182.532,363,829.895,8719,TUNJUELITO,VENECIA,89,15,0,72,71,0,59,188,138472,67123,71349,17.8499604845582,6.43197901240481,1.0896133351185309,0,5.190611323193494,5.162669722209667,17.837541163556534,6.4272921601479,1.0832514876653765,0,5.199607140793807,5.1273903749494485,28.00828330080598,8.269211902058894,0,0,12,35,24,12,16,11,23,0,12,12,12,10000,0,0,0.8666011901323011,2.527586804552545,1.7332023802646022,0.8666011901323011,1.155468253509735,0.7943844242879426,1.6609856144202437,0,0.8666011901323011,0.8666011901323011,0.8666011901323011
103,2022,0,0,0,0,0,0,0,0,20,3,10953,12423,5,2,15,230.066,336,1.462.840,9244,BARRIOS UNIDOS,PARQUE SALITRE,9,0,0,1,4,0,4,10,1233,647,586,73.87681521966354,47.15108407371527,1.002121597534022,0,5.762660783172661,12.791603113195976,113.544201135442,72.99270072992701,0,0,8.110300081103,32.441200324412,154.5595054095827,68.25938566552901,0,0,1,20,12,1,12,5,6,0,12,6,6,10000,0,0,8.110300081103,162.20600162206,97.32360097323601,8.110300081103,97.32360097323601,40.551500405515,48.661800486618006,0,97.32360097323601,48.661800486618006,48.661800486618006
21,2022,4,1,1,1,7,1,0,0,44,3.762,225860,233125,52,5,22,230.066,336,1.462.840,9244,BARRIOS UNIDOS,LOS ANDES,39,0,0,12,7,0,23,35,29298,13002,16296,19.79526986446296,13.150543903536668,0.15885369852867676,0,4.15519761219116,2.8563838760484006,19.79657314492457,13.31148883882859,0,0,4.095842719639566,2.3892415864564134,26.918935548377178,14.11389297987236,0,0,12,31,24,3,12,11,16,0,12,12,12,10000,0,0,4.095842719639566,10.580927025735544,8.191685439279132,1.0239606799098915,4.095842719639566,3.7545224930029355,5.4611236261860885,0,4.095842719639566,4.095842719639566,4.095842719639566
55,2022,0,0,0,0,0,0,0,0,0,1.5539999999999998,379860,395955,0,0,7,378.78,372,591.317,8706,RAFAEL URIBE URIBE,DIANA TURBAY,10,15,0,17,42,0,15,69,74795,35881,38914,11.332434003280731,1.3993878412266991,1.9695666922461776,0,2.3651180218469356,5.655517363264942,11.230697239120262,1.336987766561936,2.005481649842904,0,2.2728792031552913,5.615348619560131,19.23023327109055,3.8546538520840823,0,0,11,26,22,2,13,11,20,0,12,12,11,10000,0,0,1.4706865432181297,3.4761681930610333,2.9413730864362595,0.2673975533123872,1.7380840965305167,1.4706865432181297,2.6739755331238717,0,1.6043853198743232,1.6043853198743232,1.4706865432181297
113,2022,0,0,1,1,3,1,0,0,10,3.2925,104270,104965,8,3,26,979.914,372,999.300,8894,KENNEDY,BAVARIA,22,0,0,26,27,0,16,59,43863,20414,23449,17.152274222259805,5.055469447489127,0.11056788206576434,0,5.855456125537972,6.17852297501879,17.09869365980439,5.015616806875955,0,0,5.927547135398855,6.15552971752958,28.90173410404624,6.823318691628641,0,0,12,25,19,1,13,12,16,0,12,12,11,10000,0,0,2.735790985568703,5.6995645532681305,4.331669060483779,0.2279825821307252,2.9637735676994277,2.735790985568703,3.647721314091603,0,2.735790985568703,2.735790985568703,2.5078084034379775
90,2022,1,1,1,1,4,1,0,0,40,3.05,275954,520674,22,10,60,122.507,243,2.288.835,9661,CHAPINERO,PARDO RUBIO,60,4,0,16,33,0,38,75,49804,24291,25513,22.636619209069345,11.97144948110008,0.8410671093628491,0,3.297170878741057,6.6129379281638405,22.68894064733756,12.04722512248012,0.8031483414986749,0,3.2125933659946995,6.625973817364067,30.875632950475488,14.894367577313528,0,0,12,32,23,8,12,10,19,0,12,12,12,10000,0,0,2.4094450244960246,6.425186731989399,4.61810296361738,1.6062966829973497,2.4094450244960246,2.0078708537466867,3.814954622118705,0,2.4094450244960246,2.4094450244960246,2.4094450244960246
67,2022,0,0,1,1,3,1,0,0,1,1.256470588235294,2609568,2765373,2,1,30,593.937,409,505.335,835,CIUDAD BOLIVAR,LUCERO,85,67,0,66,159,0,66,311,162416,80734,81682,23.19285985873223,5.2433139226934395,4.05657885342184,0,4.075755932527003,9.712842691696896,23.21199881785046,5.233474534528618,4.1252093389813815,0,4.063639050339868,9.789675894000592,38.521564644387745,8.080115570137853,0,0,12,33,24,12,15,12,23,0,12,12,12,10000,0,0,0.7388434636981578,2.031819525169934,1.4776869273963156,0.7388434636981578,0.9235543296226972,0.7388434636981578,1.4161166387548025,0,0.7388434636981578,0.7388434636981578,0.7388434636981578
83,2022,0,0,0,0,0,0,0,0,1,2,24432,29572,1,1,11,979.914,372,999.300,8894,KENNEDY,LAS MARGARITAS,17,4,0,28,21,0,5,65,34964,16691,18273,20.01385115569204,4.915339815320394,1.1609575339235696,0,7.760720233468562,6.049144310192357,20.020592609541243,4.862143919460016,1.1440338634023568,0,8.008237043816496,6.006177782862372,38.943143011203645,2.7362775679964977,0,0,8,30,19,0,14,6,11,0,12,12,7,10000,0,0,2.2880677268047136,8.580253975517676,5.434160851161194,0,4.004118521908248,1.716050795103535,3.1460931243564807,0,3.43210159020707,3.43210159020707,2.002059260954124
101,2022,4,1,0,0,3,1,0,0,28,3.8711111111111105,267970,273160,65,10,59,139.298,287,1.933.116,9603,TEUSAQUILLO,TEUSAQUILLO,114,5,0,23,22,0,57,107,27236,12809,14427,58.91505936774489,40.8706073796635,1.7672845424283734,0,8.091906184362701,7.876643758557472,60.2144220884124,41.85636657365252,1.8358055514759877,0,8.444705536789543,8.077544426494347,83.53501444296978,39.5092534830526,0,0,12,34,22,7,13,11,21,0,12,12,12,10000,0,0,4.405933323542371,12.483477750036716,8.077544426494347,2.5701277720663827,4.773094433837568,4.0387722132471735,7.710383316199148,0,4.405933323542371,4.405933323542371,4.405933323542371
54,2022,0,0,0,0,0,0,0,0,3,1.83,984621,1061115,21,8,28,378.78,372,591.317,8706,RAFAEL URIBE URIBE,MARRUECOS,30,28,0,27,76,0,29,132,121855,64130,57725,13.260572046412756,2.493077586613768,2.2659095792667667,0,2.274508156202389,6.243172945390431,13.212424603011776,2.46194247261089,2.2978129744368307,0,2.215748225349801,6.236920930614255,20.58319039451115,5.023819835426592,0,0,12,31,24,4,14,12,22,0,12,12,12,10000,0,0,0.984776989044356,2.5440072216979197,1.969553978088712,0.32825899634811867,1.1489064872184154,0.984776989044356,1.8054244799146528,0,0.984776989044356,0.984776989044356,0.984776989044356
78,2022,0,0,1,1,0,0,0,0,10,1.956,79812,176088,0,0,25,979.914,372,999.300,8894,KENNEDY,TINTAL NORTE,8,4,0,17,26,0,9,46,32927,15400,17527,16.78507102357386,2.543615212981688,1.2249060542073942,0,5.130378035653894,7.745300103667771,16.703617092355817,2.4296170316153916,1.2148085158076958,0,5.162936192182707,7.896255352750022,29.870129870129873,5.134934672220003,0,0,4,27,23,2,13,4,9,0,12,11,6,10000,0,0,1.2148085158076958,8.199957481701947,6.985148965894251,0.6074042579038479,3.948127676375011,1.2148085158076958,2.7333191605673153,0,3.6444255474230878,3.3407234184711636,1.8222127737115439
100,2022,6,1,2,1,2,1,0,0,22,3.59625,300195,309096,38,9,56,139.298,287,1.933.116,9603,TEUSAQUILLO,GALERIAS,97,7,0,24,29,0,35,122,36472,16947,19525,42.483526796170906,26.181192706970258,1.858025641366768,0,6.44694215908558,7.8084181948292946,43.04672077209914,26.595744680851062,1.9192805439789429,0,6.580390436499232,7.951305110769905,71.98914262111288,17.92573623559539,0,0,12,34,23,5,23,10,22,0,12,12,12,10000,0,0,3.290195218249616,9.322219785040579,6.306207501645098,1.3709146742706735,6.306207501645098,2.741829348541347,6.032024566790963,0,3.290195218249616,3.290195218249616,3.290195218249616
34,2022,0,0,3,1,2,1,0,0,2,2.346363636363636,864012,1108236,26,12,30,404.35,373,706.208,8368,SAN CRISTOBAL,20 DE JULIO,30,11,0,39,52,0,25,107,79483,38431,41052,16.642687130665184,3.808907062908161,1.3802060694661822,0,4.901521722112377,6.5377224576535236,16.607324836757545,3.774392008353987,1.383943736396462,0,4.906709610860184,6.542279481146912,27.842106632666336,6.08983727954789,0,0,12,34,23,2,16,12,23,0,12,12,12,10000,0,0,1.5097568033415951,4.277644276134519,2.8937005397380573,0.25162613389026584,2.0130090711221267,1.5097568033415951,2.8937005397380573,0,1.5097568033415951,1.5097568033415951,1.5097568033415951
106,2022,2,1,0,0,4,1,0,0,10,4.164,167560,168920,17,5,30,139.298,287,1.933.116,9603,TEUSAQUILLO,LA ESMERALDA,33,1,0,13,2,0,14,35,38932,17394,21538,12.748629212918008,8.451568864149527,0.35588606845775506,0,3.436998750567102,1.043009448616099,12.58604746737902,8.476317682112402,0.25685811157916366,0,3.3391554505291277,0.5137162231583273,20.121881108428195,6.500139288699043,0,0,12,25,17,0,12,9,9,0,12,10,10,10000,0,0,3.082297338949964,6.421452789479091,4.3665878968457825,0,3.082297338949964,2.3117230042124732,2.3117230042124732,0,3.082297338949964,2.5685811157916367,2.5685811157916367
91,2022,2,1,2,1,2,1,0,0,20,3.3285714285714287,96894,41153,42,7,37,96.241,318,896.890,8828,SANTA FE,SAGRADO CORAZON,58,2,0,11,11,0,23,59,11907,5937,5970,65.40253933976864,46.10502248784024,1.585007555462505,0,8.36512785049029,8.559781176161419,68.86705299403712,48.71084236163601,1.679684219366759,0,9.238263206517177,9.238263206517177,99.37678962438945,38.52596314907873,0,0,9,34,18,2,13,7,12,0,12,12,11,10000,0,0,7.558578987150416,28.554631729234906,15.117157974300833,1.679684219366759,10.917947425883934,5.878894767783657,10.078105316200554,0,10.078105316200554,10.078105316200554,9.238263206517175
95,2022,0,0,0,0,1,1,0,0,14,2,260205,69723,19,3,15,96.241,318,896.890,8828,SANTA FE,LAS CRUCES,27,26,0,3,14,0,12,58,21556,10859,10697,31.96174500891901,12.33690284968179,10.359220651990965,0,1.7888370093527528,6.4869048805460165,32.47355724624234,12.525514937836332,12.06160697717573,0,1.391723881981815,6.494711449248469,53.41191638272401,11.218098532298775,0,0,10,37,20,3,13,11,14,0,12,12,10,10000,0,0,4.63907960660605,17.164594544442384,9.2781592132121,1.391723881981815,6.030803488587865,5.102987567266655,6.494711449248469,0,5.56689552792726,5.56689552792726,4.63907960660605
40,2022,2,1,0,0,3,1,0,0,7,3,1219392,1267944,21,8,62,250.715,355,1.116.511,9043,PUENTE ARANDA,CIUDAD MONTES,71,5,0,113,82,0,66,205,101488,47624,53864,26.641329603455336,6.997843974612292,0.523944440267477,0,10.95822945042775,8.020450509015143,26.702664354406433,6.995900993220874,0.492669084029639,0,11.134321299069844,8.07977297808608,43.04552326558038,12.253081835734443,0,0,12,25,23,4,18,12,21,0,12,12,12,10000,0,0,1.1824058016711336,2.463345420148195,2.2662777865363393,0.39413526722371117,1.7736087025067002,1.1824058016711336,2.0692101529244837,0,1.1824058016711336,1.1824058016711336,1.1824058016711336
64,2022,0,0,0,0,0,0,0,0,0,1,5590,25895,0,0,7,593.937,409,505.335,835,CIUDAD BOLIVAR,MONTE BLANCO,5,11,0,9,13,0,9,29,6485,3297,3188,53.84599840128163,7.659093597037583,10.940291235201643,0,11.071884637260586,15.00674415728574,58.596761757902854,7.710100231303007,16.962220508866615,0,13.878180416345412,20.046260601387814,87.95875037913254,28.23086574654956,0,0,3,20,15,0,10,7,6,0,8,8,1,10000,0,0,4.626060138781804,30.840400925212027,23.13030069390902,0,15.420200462606013,10.79414032382421,9.252120277563607,0,12.33616037008481,12.33616037008481,1.5420200462606013
48,2022,0,0,1,1,0,0,0,0,8,2.7455555555555557,1310472,1325682,5,3,18,979.914,372,999.300,8894,KENNEDY,TIMIZA,43,9,0,135,120,0,53,254,143478,68942,74536,21.38671905453725,3.0204830590979963,0.6459491004121477,0,9.317513915031109,8.313885673201524,21.3970086006217,2.996975146015417,0.6272738677706687,0,9.40910801656003,8.363651570275582,36.84256331409011,7.110657937104218,0,0,12,30,24,12,17,12,24,0,12,12,12,10000,0,0,0.8363651570275582,2.0909128925688956,1.6727303140551164,0.8363651570275582,1.184850639122374,0.8363651570275582,1.6727303140551164,0,0.8363651570275582,0.8363651570275582,0.8363651570275582
98,2022,3,1,3,1,8,1,0,0,42,3.0542105263157895,1522242,1559634,99,19,81,230.066,336,1.462.840,9244,BARRIOS UNIDOS,LOS ALCAZARES,97,8,0,31,50,0,51,135,39961,19462,20499,45.95290476267517,23.94008772203431,1.937938414257987,0,7.555781200629058,11.983117287496905,46.54538174720353,24.273666825154525,2.0019519031055277,0,7.75756362453392,12.51219939440955,69.36594389065873,24.87926240304405,0,0,12,32,24,6,16,12,23,0,12,12,11,10000,0,0,3.002927854658292,8.007807612422111,6.005855709316584,1.501463927329146,4.0039038062110555,3.002927854658292,5.755611721428393,0,3.002927854658292,3.002927854658292,2.752683866770101
28,2022,3,1,13,1,17,1,0,0,18,2.287857142857143,3797108,4228084,17,6,49,981.613,341,1.388.086,916,SUBA,EL RINCON,160,20,0,63,179,0,105,317,270028,129623,140405,15.641767517247263,5.929201545083262,0.7490392596770095,0,2.3587090110708857,6.626348321288295,15.62800894722029,5.925311449183048,0.740663931147881,0,2.333091383115825,6.6289421837735345,24.45553644029223,7.478366155051458,0,0,12,35,24,6,19,12,24,0,12,12,12,10000,0,0,0.44439835868872857,1.2961618795087915,0.8887967173774571,0.22219917934436428,0.7036307345904869,0.44439835868872857,0.8887967173774571,0,0.44439835868872857,0.44439835868872857,0.44439835868872857
17,2022,2,1,0,0,4,1,0,0,10,4.285,226840,238870,6,2,32,981.613,341,1.388.086,916,SUBA,SAN JOSE DE BAVARIA,43,2,0,34,6,0,27,58,47421,22285,25136,17.958740377208198,9.037528233391717,0.4914645783731533,0,7.031640870555647,1.6508865985549774,17.924548195946944,9.06771261677316,0.4217540751987516,0,7.169819278378777,1.265262225596255,26.026475207538702,10.741565881604076,0,0,11,29,18,3,12,9,19,0,12,12,11,10000,0,0,2.3196474135931338,6.115434090381898,3.7957866767887642,0.6326311127981273,2.5305244511925093,1.8978933383943821,4.00666371438814,0,2.5305244511925093,2.5305244511925093,2.3196474135931338
24,2022,5,1,2,1,20,1,0,0,19,4.819999999999999,859833,845949,36,12,69,981.613,341,1.388.086,916,SUBA,NIZA,55,1,0,37,22,0,30,85,78824,36626,42198,14.647990994031394,6.98025013823316,0.18458568581956897,0,4.696276317992954,2.9596597309642596,14.589465137521568,6.977570283162489,0.12686491423931798,0,4.694001826854765,2.791028113264995,23.207557472833503,7.109341674960899,0,0,12,30,22,2,15,12,23,0,12,12,12,10000,0,0,1.5223789708718156,3.805947427179539,2.7910281132649954,0.25372982847863595,1.9029737135897695,1.5223789708718156,2.917893027504314,0,1.5223789708718156,1.5223789708718156,1.5223789708718156
44,2022,2,1,2,1,2,1,0,0,15,3.22875,673424,676672,20,7,33,979.914,372,999.300,8894,KENNEDY,AMERICAS,78,9,0,85,52,0,44,180,80229,37902,42327,27.829112893498067,9.697758576933005,1.1306934548234764,0,10.39225527496558,6.479692447046233,27.92007877450797,9.722170287551885,1.1217888793329094,0,10.594672749255256,6.481446858367923,47.490897577964226,10.395255983178584,0,0,12,30,24,10,14,12,24,0,12,12,12,10000,0,0,1.4957185057772127,3.739296264443032,2.9914370115544253,1.2464320881476771,1.7450049234067482,1.4957185057772127,2.9914370115544253,0,1.4957185057772127,1.4957185057772127,1.4957185057772127
62,2022,0,0,2,1,2,1,0,0,2,2.024,338366,403893,26,7,26,182.532,363,829.895,8719,TUNJUELITO,TUNJUELITO,19,5,0,14,31,0,11,58,40185,19948,20237,17.227381662366184,4.777162313646546,1.2499888019138052,0,3.5691966218837505,7.604044974327662,17.170586039567002,4.7281323877068555,1.2442453651860148,0,3.483887022520841,7.714321264153291,29.075596551032685,5.435588278895093,0,0,12,25,20,4,13,11,14,0,12,12,11,10000,0,0,2.986188876446435,6.221226825930073,4.976981460744059,0.9953962921488118,3.235037949483638,2.7373398034092324,3.483887022520841,0,2.986188876446435,2.986188876446435,2.7373398034092324
69,2022,1,1,1,1,2,1,0,0,1,1.3691666666666666,1779216,1964304,13,6,22,593.937,409,505.335,835,CIUDAD BOLIVAR,ISMAEL PERDOMO,33,48,0,82,131,0,29,265,166588,81544,85044,17.65968541254669,2.0060438681523487,2.843956922598826,0,4.91953635713171,7.831890969163669,17.64833001176555,1.9809350013206233,2.881360001920907,0,4.922323336614882,7.863711671909141,32.4977926027666,3.4099995296552374,0,0,12,35,24,2,15,12,24,0,12,12,11,10000,0,0,0.7203400004802267,2.1009916680673277,1.4406800009604535,0.12005666674670444,0.9004250006002833,0.7203400004802267,1.4406800009604535,0,0.7203400004802267,0.7203400004802267,0.6603116671068744
93,2022,5,1,5,1,5,1,0,0,12,2.932857142857143,332178,96411,80,7,52,96.241,318,896.890,8828,SANTA FE,LAS NIEVES,175,22,0,11,16,0,72,152,18006,9271,8735,119.40189940693348,93.37074947385914,10.213038016802598,0,5.922695256702311,8.458686399501687,124.40297678551596,97.18982561368432,12.218149505720316,0,6.109074752860158,8.885926913251138,163.95210872613526,82.42701774470521,0,0,12,36,24,3,14,12,21,0,12,12,12,10000,0,0,6.664445184938354,19.99333555481506,13.328890369876708,1.6661112962345885,7.775186049094747,6.664445184938354,11.662779073642119,0,6.664445184938354,6.664445184938354,6.664445184938354
18,2022,1,1,1,1,6,1,0,0,13,3.272,300834,346380,10,3,25,981.613,341,1.388.086,916,SUBA,BRITALIA,45,1,0,23,7,0,26,50,92162,43207,48955,8.358078470173691,4.9029947062375525,0.15899734529796844,0,2.5642350896038675,0.9855026833525088,8.24634882055511,4.882706538486578,0.10850458974414616,0,2.4956055641153623,0.7595321282090233,11.572198949244337,5.310999897865387,0,0,12,29,22,1,14,12,20,0,12,12,11,10000,0,0,1.302055076929754,3.1466331025802394,2.387100974371216,0.10850458974414617,1.5190642564180465,1.302055076929754,2.1700917948829237,0,1.302055076929754,1.302055076929754,1.193550487185608
