codigo_upz,year,quarter,cantidad_oxxo,dummy_oxxo,cantidad_ara,dummy_ara,cantidad_d1,dummy_d1,cantidad_jb,dummy_jb,spillover_oxxo,estrato_mean,poblacion_2005,poblacion_urbana_2009,num_est_transmi,acceso_transmi,accesibilidad_arterial,personas_por_localidad_2007,personas_por_hogar_2007_localidad,gasto_promedio_mensual_2007_localidad,ICV_2007_localidad,nombre_localidad,nombre_upz,theft_to_people,genero_-,genero_FEMENINO,genero_MASCULINO,TOTAL_POBLACION,Hombre,Mujer,crime_index,theft_to_people_index,male_index,female_index
15.0,2018,1,0.0,0,0.0,0,0.0,0,2.0,1,6.0,5.395,175550.0,49356.0,6.0,2,21.0,430.156,"3,12",1.867.529,"93,6",USAQUEN,COUNTRY CLUB,9.0,0.0,4.0,5.0,24440.0,10977.0,13463.0,3.6824877250409167,3.6824877250409167,4.554978591600619,2.9711059942063436
86.0,2018,1,0.0,0,0.0,0,0.0,0,0.0,0,0.0,1.568,321440.0,368145.0,0.0,0,33.0,546.809,"3,98",703.807,"85,4",BOSA,EL PORVENIR,7.0,0.0,2.0,5.0,131429.0,62925.0,68504.0,0.5326069588903515,0.5326069588903515,0.7945967421533572,0.2919537545252832
71.0,2018,1,0.0,0,0.0,0,2.0,1,0.0,0,2.0,2.105,2325960.0,2670912.0,0.0,0,22.0,981.613,"3,41",1.388.086,"91,6",SUBA,TIBABUYES,9.0,0.0,5.0,4.0,274048.0,132345.0,141703.0,0.32840962167211585,0.32840962167211585,0.3022403566436208,0.35285068064896297
29.0,2018,1,1.0,1,1.0,1,1.0,1,0.0,0,3.0,2.713333333333334,1291554.0,1329381.0,30.0,9,32.0,824.337,"3,41",1.089.512,"91,78",ENGATIVA,MINUTO DE DIOS,22.0,0.0,8.0,14.0,109581.0,51503.0,58078.0,2.0076473111214534,2.0076473111214534,2.718288255053104,1.3774579014428872
80.0,2018,1,0.0,0,0.0,0,1.0,1,0.0,0,0.0,2.0025,247816.0,277108.0,11.0,4,19.0,979.914,"3,72",999.300,"88,94",KENNEDY,CORABASTOS,12.0,0.0,6.0,6.0,57028.0,28359.0,28669.0,2.1042295012976084,2.1042295012976084,2.115730455939913,2.092852907321497
99.0,2018,1,6.0,1,1.0,1,1.0,1,0.0,0,13.0,3.692,79566.0,121692.0,22.0,6,62.0,122.507,"2,43",2.288.835,"96,61",CHAPINERO,CHAPINERO,45.0,0.0,19.0,26.0,23444.0,11623.0,11821.0,19.194676676335096,19.194676676335096,22.369439903639336,16.073090263091107
3.0,2018,1,0.0,0,0.0,0,0.0,0,0.0,0,0.0,6.0,0.0,1169.0,0.0,0,26.0,981.613,"3,41",1.388.086,"91,6",SUBA,GUAYMARAL,1.0,0.0,1.0,0.0,2048.0,988.0,1060.0,4.8828125,4.8828125,0.0,9.433962264150944
97.0,2018,1,9.0,1,2.0,1,2.0,1,1.0,1,7.0,5.211875,94384.0,420656.0,63.0,15,98.0,122.507,"2,43",2.288.835,"96,61",CHAPINERO,CHICO LAGO,59.0,0.0,28.0,31.0,33942.0,15780.0,18162.0,17.382593836544693,17.382593836544693,19.645120405576677,15.416804316705209
94.0,2018,1,3.0,1,0.0,0,0.0,0,2.0,1,4.0,2.40875,203598.0,216855.0,43.0,8,36.0,22.115,"2,83",1.050.888,"88,9",CANDELARIA,LA CANDELARIA,27.0,0.0,10.0,17.0,17075.0,9012.0,8063.0,15.812591508052709,15.812591508052709,18.863737239236574,12.40233163834801
76.0,2018,1,0.0,0,0.0,0,1.0,1,0.0,0,0.0,2.186666666666667,120020.0,128536.0,0.0,0,21.0,317.179,"3,46",1.428.379,"90,03",FONTIBON,FONTIBON SAN PABLO,1.0,0.0,0.0,1.0,32717.0,16104.0,16613.0,0.3056514961640737,0.3056514961640737,0.620963735717834,0.0
114.0,2018,1,0.0,0,0.0,0,2.0,1,1.0,1,3.0,3.8,191930.0,197050.0,9.0,4,24.0,317.179,"3,46",1.428.379,"90,03",FONTIBON,MODELIA,8.0,0.0,3.0,5.0,42000.0,19461.0,22539.0,1.9047619047619049,1.9047619047619049,2.5692410461949544,1.331026221216558
89.0,2018,1,0.0,0,0.0,0,0.0,0,0.0,0,0.0,2.0666666666666664,28245.0,48603.0,0.0,0,3.0,122.507,"2,43",2.288.835,"96,61",CHAPINERO,SAN ISIDRO - PATIOS,0.0,0.0,0.0,0.0,0.0,0.0,0.0,0.0,0.0,0.0,0.0
38.0,2018,1,0.0,0,2.0,1,4.0,1,0.0,0,1.0,3.008,1246305.0,1155330.0,52.0,15,75.0,119.565,"3,92",1.095.184,"90,79",ANTONIO NARIÑO,RESTREPO,23.0,0.0,7.0,16.0,54246.0,26004.0,28242.0,4.239943959001585,4.239943959001585,6.152899553914783,2.478578004390624
52.0,2018,1,0.0,0,0.0,0,0.0,0,0.0,0,0.0,1.0,614920.0,740280.0,0.0,0,176.0,314.431,"4,07",569.872,"82,91",USME,LA FLORA,2.0,0.0,0.0,2.0,18178.0,8980.0,9198.0,1.1002310485201892,1.1002310485201892,2.2271714922048997,0.0
96.0,2018,1,0.0,0,0.0,0,0.0,0,0.0,0,3.0,1.7264285714285716,628474.0,648214.0,4.0,2,16.0,96.241,"3,18",896.890,"88,28",SANTA FE,LOURDES,2.0,0.0,0.0,2.0,44303.0,21564.0,22739.0,0.45143669728912267,0.45143669728912267,0.9274717121127805,0.0
84.0,2018,1,0.0,0,0.0,0,2.0,1,1.0,1,0.0,1.98,990222.0,1073760.0,1.0,1,30.0,546.809,"3,98",703.807,"85,4",BOSA,BOSA OCCIDENTAL,17.0,0.0,5.0,12.0,195836.0,95646.0,100190.0,0.8680732858105762,0.8680732858105762,1.254626434978985,0.4990518015770037
111.0,2018,1,0.0,0,0.0,0,1.0,1,0.0,0,2.0,2.9375,64585.0,73290.0,16.0,5,63.0,250.715,"3,55",1.116.511,"90,43",PUENTE ARANDA,PUENTE ARANDA,11.0,0.0,6.0,5.0,10700.0,8209.0,2491.0,10.2803738317757,10.2803738317757,6.090875867949811,24.086712163789645
112.0,2018,1,1.0,1,1.0,1,1.0,1,0.0,0,1.0,3.1133333333333333,126427.0,160027.0,0.0,0,71.0,317.179,"3,46",1.428.379,"90,03",FONTIBON,GRANJAS DE TECHO,16.0,0.0,10.0,6.0,43620.0,20259.0,23361.0,3.6680421824850984,3.6680421824850984,2.961646675551607,4.280638671289756
75.0,2018,1,0.0,0,1.0,1,7.0,1,3.0,1,1.0,2.913,1316550.0,1374890.0,0.0,0,58.0,317.179,"3,46",1.428.379,"90,03",FONTIBON,FONTIBON,16.0,0.0,4.0,12.0,129959.0,62133.0,67826.0,1.23115751890981,1.23115751890981,1.9313408333735695,0.5897443458260844
12.0,2018,1,1.0,1,1.0,1,3.0,1,0.0,0,5.0,3.378,256245.0,260090.0,9.0,3,42.0,430.156,"3,12",1.867.529,"93,6",USAQUEN,TOBERIN,14.0,0.0,6.0,8.0,58835.0,27123.0,31712.0,2.379535990481856,2.379535990481856,2.949526232348929,1.8920282542885973
16.0,2018,1,0.0,0,2.0,1,7.0,1,1.0,1,11.0,5.738888888888889,464238.0,463266.0,18.0,6,60.0,430.156,"3,12",1.867.529,"93,6",USAQUEN,SANTA BARBARA,36.0,0.0,16.0,20.0,67760.0,30437.0,37323.0,5.312868949232586,5.312868949232586,6.570949830798042,4.286900838624977
82.0,2018,1,0.0,0,0.0,0,2.0,1,2.0,1,0.0,1.9566666666666668,963012.0,1044870.0,9.0,4,29.0,979.914,"3,72",999.300,"88,94",KENNEDY,PATIO BONITO,20.0,0.0,5.0,15.0,140235.0,69384.0,70851.0,1.4261774877883553,1.4261774877883553,2.1618817018332757,0.7057063414771845
35.0,2018,1,0.0,0,0.0,0,0.0,0,1.0,1,1.0,2.666,168705.0,154565.0,35.0,5,22.0,119.565,"3,92",1.095.184,"90,79",ANTONIO NARIÑO,CIUDAD JARDIN,7.0,0.0,3.0,4.0,24983.0,11921.0,13062.0,2.801905295601009,2.801905295601009,3.3554232027514472,2.296738631143776
68.0,2018,1,0.0,0,0.0,0,0.0,0,0.0,0,0.0,1.055,351536.0,380992.0,0.0,0,13.0,593.937,"4,09",505.335,"83,5",CIUDAD BOLIVAR,EL TESORO,4.0,0.0,3.0,1.0,49741.0,24609.0,25132.0,0.8041655776924469,0.8041655776924469,0.4063553984314682,1.1936972783702053
27.0,2018,1,1.0,1,2.0,1,7.0,1,2.0,1,2.0,2.840909090909091,1497236.0,1751217.0,16.0,6,48.0,981.613,"3,41",1.388.086,"91,6",SUBA,SUBA,23.0,0.0,10.0,13.0,166333.0,77901.0,88432.0,1.382768302140886,1.382768302140886,1.6687847396053965,1.1308123756106385
22.0,2018,1,1.0,1,0.0,0,5.0,1,0.0,0,2.0,3.292222222222222,847206.0,887247.0,37.0,8,38.0,230.066,"3,36",1.462.840,"92,44",BARRIOS UNIDOS,DOCE DE OCTUBRE,17.0,0.0,5.0,12.0,64814.0,30527.0,34287.0,2.622890116332891,2.622890116332891,3.930946375339863,1.4582786478840377
105.0,2018,1,0.0,0,0.0,0,0.0,0,0.0,0,1.0,2.67,1601.0,2464.0,4.0,1,11.0,824.337,"3,41",1.089.512,"91,78",ENGATIVA,JARDIN BOTANICO,3.0,0.0,2.0,1.0,2482.0,1423.0,1059.0,12.087026591458502,12.087026591458502,7.027406886858749,18.885741265344667
104.0,2018,1,0.0,0,0.0,0,0.0,0,0.0,0,3.0,4.0,19494.0,20424.0,21.0,5,34.0,139.298,"2,87",1.933.116,"96,03",TEUSAQUILLO,PARQUE SIMON BOLIVAR - CAN,9.0,0.0,6.0,3.0,2937.0,1546.0,1391.0,30.643513789581203,30.643513789581203,19.404915912031047,43.13443565780014
74.0,2018,1,0.0,0,0.0,0,1.0,1,0.0,0,1.0,2.0016666666666665,712512.0,784968.0,0.0,0,15.0,824.337,"3,41",1.089.512,"91,78",ENGATIVA,ENGATIVA,11.0,0.0,5.0,6.0,135897.0,65701.0,70196.0,0.8094365585700936,0.8094365585700936,0.9132281091612,0.7122912986494957
47.0,2018,1,0.0,0,0.0,0,1.0,1,0.0,0,0.0,3.0,865592.0,770256.0,9.0,4,28.0,979.914,"3,72",999.300,"88,94",KENNEDY,KENNEDY CENTRAL,6.0,0.0,5.0,1.0,94686.0,44596.0,50090.0,0.6336734047272036,0.6336734047272036,0.22423535743115977,0.9982032341784787
70.0,2018,1,0.0,0,0.0,0,0.0,0,0.0,0,1.0,1.1733333333333331,789975.0,888237.0,0.0,0,23.0,593.937,"4,09",505.335,"83,5",CIUDAD BOLIVAR,JERUSALEM,1.0,0.0,0.0,1.0,95007.0,46315.0,48692.0,0.10525540223351963,0.10525540223351963,0.21591277124041888,0.0
66.0,2018,1,0.0,0,0.0,0,0.0,0,0.0,0,0.0,1.8425,597168.0,609704.0,4.0,3,26.0,593.937,"4,09",505.335,"83,5",CIUDAD BOLIVAR,SAN FRANCISCO,5.0,0.0,1.0,4.0,68147.0,33151.0,34996.0,0.7337080135589241,0.7337080135589241,1.2066001025610087,0.28574694250771515
65.0,2018,1,0.0,0,0.0,0,0.0,0,0.0,0,1.0,2.463333333333334,349194.0,364512.0,9.0,3,21.0,593.937,"4,09",505.335,"83,5",CIUDAD BOLIVAR,ARBORIZADORA,5.0,0.0,3.0,2.0,77129.0,36651.0,40478.0,0.6482645956773717,0.6482645956773717,0.5456877029276145,0.7411433371213992
79.0,2018,1,0.0,0,0.0,0,0.0,0,0.0,0,0.0,2.1333333333333333,167274.0,204984.0,3.0,2,22.0,979.914,"3,72",999.300,"88,94",KENNEDY,CALANDAIMA,4.0,0.0,2.0,2.0,120204.0,56697.0,63507.0,0.33276762836511264,0.33276762836511264,0.3527523502125333,0.31492591367880707
59.0,2018,1,0.0,0,0.0,0,0.0,0,0.0,0,0.0,1.0,163808.0,216380.0,0.0,0,6.0,314.431,"4,07",569.872,"82,91",USME,ALFONSO LOPEZ,4.0,0.0,2.0,2.0,48496.0,23875.0,24621.0,0.8248102936324645,0.8248102936324645,0.837696335078534,0.8123146907111816
45.0,2018,1,0.0,0,0.0,0,1.0,1,1.0,1,0.0,2.7914285714285714,737583.0,674359.0,9.0,4,35.0,979.914,"3,72",999.300,"88,94",KENNEDY,CARVAJAL,16.0,0.0,7.0,9.0,90556.0,43525.0,47031.0,1.7668624939264101,1.7668624939264101,2.067777139574957,1.4883800046777658
20.0,2018,1,1.0,1,0.0,0,7.0,1,30.0,1,14.0,4.996666666666667,231126.0,219822.0,33.0,6,26.0,981.613,"3,41",1.388.086,"91,6",SUBA,LA ALHAMBRA,13.0,0.0,7.0,6.0,39506.0,17788.0,21718.0,3.29063939654736,3.29063939654736,3.3730604902181245,3.2231328851643797
51.0,2018,1,0.0,0,0.0,0,0.0,0,0.0,0,0.0,1.68875,263745.0,660861.0,0.0,0,15.0,404.35,"3,73",706.208,"83,68",SAN CRISTOBAL,LOS LIBERTADORES,3.0,0.0,0.0,3.0,73845.0,35930.0,37915.0,0.4062563477554337,0.4062563477554337,0.8349568605622043,0.0
115.0,2018,1,0.0,0,1.0,1,0.0,0,0.0,0,3.0,3.314,77135.0,83285.0,6.0,3,26.0,317.179,"3,46",1.428.379,"90,03",FONTIBON,CAPELLANIA,8.0,0.0,4.0,4.0,17190.0,8131.0,9059.0,4.653868528214078,4.653868528214078,4.9194441028163824,4.41549839938183
43.0,2018,1,0.0,0,0.0,0,1.0,1,0.0,0,0.0,3.0,844074.0,844239.0,17.0,8,31.0,250.715,"3,55",1.116.511,"90,43",PUENTE ARANDA,SAN RAFAEL,6.0,0.0,3.0,3.0,71167.0,33640.0,37527.0,0.8430873860075596,0.8430873860075596,0.89179548156956,0.7994244144216165
25.0,2018,1,2.0,1,1.0,1,4.0,1,0.0,0,6.0,4.04,127070.0,126620.0,24.0,5,25.0,981.613,"3,41",1.388.086,"91,6",SUBA,LA FLORESTA,10.0,0.0,5.0,5.0,40557.0,18384.0,22173.0,2.465665606430456,2.465665606430456,2.7197563098346387,2.254994813511929
56.0,2018,1,0.0,0,0.0,0,0.0,0,0.0,0,0.0,1.508,205135.0,253351.0,6.0,6,8.0,314.431,"4,07",569.872,"82,91",USME,DANUBIO,2.0,0.0,0.0,2.0,50027.0,24123.0,25904.0,0.39978411657704843,0.39978411657704843,0.8290842764166977,0.0
26.0,2018,1,0.0,0,2.0,1,5.0,1,1.0,1,5.0,3.0646153846153847,1441973.0,1441167.0,19.0,5,69.0,824.337,"3,41",1.089.512,"91,78",ENGATIVA,LAS FERIAS,36.0,0.0,12.0,24.0,99530.0,47242.0,52288.0,3.6169998995277806,3.6169998995277806,5.080225223318235,2.294981640146879
102.0,2018,1,1.0,1,1.0,1,3.0,1,0.0,0,9.0,2.8186666666666667,764715.0,782955.0,131.0,15,94.0,94.944,"3,53",1.059.511,"89,78",LOS MARTIRES,LA SABANA,31.0,0.0,14.0,17.0,35073.0,17460.0,17613.0,8.838707837938015,8.838707837938015,9.736540664375717,7.948674274683473
2.0,2018,1,0.0,0,0.0,0,0.0,0,0.0,0,0.0,5.058,10545.0,13800.0,3.0,2,95.0,981.613,"3,41",1.388.086,"91,6",SUBA,LA ACADEMIA,4.0,0.0,3.0,1.0,4077.0,1982.0,2095.0,9.811135638950208,9.811135638950208,5.045408678102927,14.319809069212411
116.0,2018,1,1.0,1,0.0,0,0.0,0,1.0,1,2.0,3.155,24638.0,27282.0,3.0,1,17.0,824.337,"3,41",1.089.512,"91,78",ENGATIVA,ALAMOS,12.0,0.0,5.0,7.0,11820.0,5550.0,6270.0,10.152284263959391,10.152284263959391,12.612612612612612,7.974481658692185
81.0,2018,1,0.0,0,0.0,0,1.0,1,3.0,1,0.0,2.0025,290204.0,283616.0,1.0,1,16.0,979.914,"3,72",999.300,"88,94",KENNEDY,GRAN BRITALIA,4.0,0.0,1.0,3.0,63264.0,30735.0,32529.0,0.6322711178553364,0.6322711178553364,0.9760858955588091,0.30741799624950045
52.0,2018,1,0.0,0,0.0,0,0.0,0,0.0,0,0.0,1.0,614920.0,740280.0,0.0,0,176.0,314.431,"4,07",569.872,"82,91",USME,LA FLORA,2.0,0.0,0.0,2.0,18178.0,8980.0,9198.0,1.1002310485201892,1.1002310485201892,2.2271714922048997,0.0
33.0,2018,1,0.0,0,0.0,0,0.0,0,0.0,0,0.0,2.8193333333333332,1647904.0,748256.0,42.0,13,30.0,404.35,"3,73",706.208,"83,68",SAN CRISTOBAL,SOSIEGO,5.0,0.0,0.0,5.0,42167.0,20418.0,21749.0,1.1857613773804159,1.1857613773804159,2.4488196689195805,0.0
19.0,2018,1,1.0,1,2.0,1,5.0,1,2.0,1,8.0,3.51625,692512.0,712104.0,25.0,8,34.0,981.613,"3,41",1.388.086,"91,6",SUBA,EL PRADO,23.0,0.0,7.0,16.0,96752.0,44278.0,52474.0,2.377211840582107,2.377211840582107,3.6135326798861738,1.3339939779700425
41.0,2018,1,0.0,0,0.0,0,1.0,1,0.0,0,1.0,3.0,523602.0,513468.0,24.0,8,22.0,250.715,"3,55",1.116.511,"90,43",PUENTE ARANDA,MUZU,8.0,0.0,5.0,3.0,56895.0,26833.0,30062.0,1.4060989542139029,1.4060989542139029,1.1180263108858495,1.663229326059477
37.0,2018,1,0.0,0,1.0,1,1.0,1,0.0,0,4.0,3.0,307027.0,315602.0,40.0,7,41.0,94.944,"3,53",1.059.511,"89,78",LOS MARTIRES,SANTA ISABEL,7.0,0.0,4.0,3.0,38204.0,18413.0,19791.0,1.8322688723693854,1.8322688723693854,1.6292836582849075,2.0211207114344907
107.0,2018,1,0.0,0,0.0,0,3.0,1,1.0,1,3.0,3.77,207448.0,216792.0,32.0,8,35.0,139.298,"2,87",1.933.116,"96,03",TEUSAQUILLO,QUINTA PAREDES,14.0,0.0,6.0,8.0,25448.0,11749.0,13699.0,5.501414649481296,5.501414649481296,6.809090135330666,4.379881743192934
73.0,2018,1,0.0,0,0.0,0,2.0,1,0.0,0,3.0,2.775714285714286,955689.0,1044302.0,4.0,2,40.0,824.337,"3,41",1.089.512,"91,78",ENGATIVA,GARCES NAVAS,17.0,0.0,7.0,10.0,160612.0,75640.0,84972.0,1.058451423305855,1.058451423305855,1.3220518244315178,0.8238007814338841
31.0,2018,1,0.0,0,0.0,0,2.0,1,1.0,1,3.0,3.318333333333334,409362.0,391260.0,10.0,4,38.0,824.337,"3,41",1.089.512,"91,78",ENGATIVA,SANTA CECILIA,14.0,0.0,7.0,7.0,65800.0,30709.0,35091.0,2.127659574468085,2.127659574468085,2.279462046956918,1.9948134849391583
58.0,2018,1,0.0,0,0.0,0,0.0,0,1.0,1,0.0,1.5654545454545454,857659.0,954745.0,0.0,0,29.0,314.431,"4,07",569.872,"82,91",USME,COMUNEROS,6.0,0.0,1.0,5.0,91633.0,44615.0,47018.0,0.6547859395632577,0.6547859395632577,1.120699316373417,0.21268450380705262
13.0,2018,1,4.0,1,1.0,1,5.0,1,2.0,1,2.0,4.381666666666667,1717632.0,1842552.0,20.0,5,88.0,430.156,"3,12",1.867.529,"93,6",USAQUEN,LOS CEDROS,24.0,0.0,9.0,15.0,123293.0,54733.0,68560.0,1.946582531043936,1.946582531043936,2.7405769828074473,1.3127187864644108
63.0,2018,1,0.0,0,0.0,0,0.0,0,0.0,0,0.0,,1596.0,5864.0,2.0,2,6.0,593.937,"4,09",505.335,"83,5",CIUDAD BOLIVAR,EL MOCHUELO,1.0,0.0,0.0,1.0,36.0,18.0,18.0,277.77777777777777,277.77777777777777,555.5555555555555,0.0
87.0,2018,1,0.0,0,0.0,0,0.0,0,0.0,0,0.0,1.765,212992.0,339512.0,0.0,0,47.0,546.809,"3,98",703.807,"85,4",BOSA,TINTAL SUR,6.0,0.0,3.0,3.0,97019.0,45633.0,51386.0,0.6184355641678434,0.6184355641678434,0.657418973111564,0.5838166037442105
77.0,2018,1,0.0,0,0.0,0,0.0,0,0.0,0,1.0,2.045,283878.0,356976.0,0.0,0,13.0,317.179,"3,46",1.428.379,"90,03",FONTIBON,ZONA FRANCA,3.0,0.0,1.0,2.0,56771.0,26670.0,30101.0,0.528438815592468,0.528438815592468,0.7499062617172854,0.33221487658217336
39.0,2018,1,1.0,1,1.0,1,5.0,1,0.0,0,0.0,3.0,1410480.0,1306815.0,45.0,15,69.0,378.78,"3,72",591.317,"87,06",RAFAEL URIBE URIBE,QUIROGA,20.0,0.0,6.0,14.0,88243.0,42702.0,45541.0,2.26646872839772,2.26646872839772,3.278534963233572,1.3174941261720208
108.0,2018,1,0.0,0,0.0,0,0.0,0,1.0,1,2.0,2.685714285714286,33520.0,33976.0,48.0,8,66.0,250.715,"3,55",1.116.511,"90,43",PUENTE ARANDA,ZONA INDUSTRIAL,13.0,0.0,4.0,9.0,5977.0,2974.0,3003.0,21.750041827003514,21.750041827003514,30.26227303295225,13.32001332001332
61.0,2018,1,0.0,0,0.0,0,0.0,0,4.0,1,0.0,1.2366666666666666,79500.0,134960.0,0.0,0,65.0,314.431,"4,07",569.872,"82,91",USME,CIUDAD USME,0.0,0.0,0.0,0.0,0.0,0.0,0.0,0.0,0.0,0.0,0.0
1.0,2018,1,0.0,0,0.0,0,0.0,0,0.0,0,0.0,4.0,52488.0,63828.0,3.0,3,83.0,430.156,"3,12",1.867.529,"93,6",USAQUEN,PASEO DE LOS LIBERTADORES,8.0,0.0,3.0,5.0,2567.0,1279.0,1288.0,31.164783794312427,31.164783794312427,39.09304143862392,23.29192546583851
46.0,2018,1,0.0,0,0.0,0,2.0,1,1.0,1,1.0,2.72,884656.0,1003288.0,18.0,6,40.0,979.914,"3,72",999.300,"88,94",KENNEDY,CASTILLA,19.0,0.0,6.0,13.0,138657.0,65654.0,73003.0,1.370287832565251,1.370287832565251,1.9800773753312824,0.8218840321630617
85.0,2018,1,0.0,0,1.0,1,1.0,1,2.0,1,1.0,1.9988888888888892,2537808.0,2654832.0,17.0,6,39.0,546.809,"3,98",703.807,"85,4",BOSA,BOSA CENTRAL,30.0,0.0,18.0,12.0,233322.0,112383.0,120939.0,1.285776737727261,1.285776737727261,1.0677771549077708,1.4883536328231588
60.0,2018,1,0.0,0,0.0,0,0.0,0,0.0,0,0.0,1.11,10544.0,15584.0,0.0,0,0.0,314.431,"4,07",569.872,"82,91",USME,PARQUE ENTRENUBES,2.0,0.0,2.0,0.0,1014.0,517.0,497.0,19.723865877712033,19.723865877712033,0.0,40.24144869215292
30.0,2018,1,1.0,1,2.0,1,6.0,1,0.0,0,4.0,3.001818181818182,1427481.0,1341120.0,25.0,7,42.0,824.337,"3,41",1.089.512,"91,78",ENGATIVA,BOYACA REAL,27.0,0.0,9.0,18.0,125315.0,59415.0,65900.0,2.154570482384391,2.154570482384391,3.029537995455693,1.3657056145675264
72.0,2018,1,0.0,0,0.0,0,1.0,1,0.0,0,2.0,3.0,331356.0,345116.0,4.0,2,21.0,824.337,"3,41",1.089.512,"91,78",ENGATIVA,BOLIVIA,10.0,0.0,5.0,5.0,81481.0,37070.0,44411.0,1.2272799793816964,1.2272799793816964,1.348799568384138,1.1258472000180135
57.0,2018,1,0.0,0,1.0,1,0.0,0,0.0,0,0.0,1.7740000000000002,1391324.0,1519562.0,3.0,3,23.0,314.431,"4,07",569.872,"82,91",USME,GRAN YOMASA,8.0,0.0,3.0,5.0,123476.0,59837.0,63639.0,0.6478991868865204,0.6478991868865204,0.8356033892073467,0.4714090416254184
23.0,2018,1,0.0,0,0.0,0,4.0,1,14.0,1,4.0,3.5728571428571425,209118.0,255647.0,7.0,5,41.0,981.613,"3,41",1.388.086,"91,6",SUBA,CASA BLANCA SUBA,8.0,0.0,5.0,3.0,52913.0,24468.0,28445.0,1.5119157862907038,1.5119157862907038,1.2260912211868564,1.7577781683951486
88.0,2018,1,0.0,0,0.0,0,0.0,0,0.0,0,15.0,5.9375,358776.0,369156.0,3.0,2,60.0,122.507,"2,43",2.288.835,"96,61",CHAPINERO,EL REFUGIO,7.0,0.0,3.0,4.0,36695.0,16397.0,20298.0,1.907616841531544,1.907616841531544,2.4394706348722326,1.4779781259237366
9.0,2018,1,0.0,0,1.0,1,4.0,1,1.0,1,0.0,2.7445454545454546,927663.0,1059410.0,9.0,4,60.0,430.156,"3,12",1.867.529,"93,6",USAQUEN,VERBENAL,7.0,0.0,3.0,4.0,119080.0,56578.0,62502.0,0.5878401074907625,0.5878401074907625,0.7069885821343985,0.4799846404915043
109.0,2018,1,0.0,0,0.0,0,0.0,0,0.0,0,2.0,4.123333333333334,44058.0,53832.0,12.0,3,32.0,139.298,"2,87",1.933.116,"96,03",TEUSAQUILLO,CIUDAD SALITRE ORIENTAL,13.0,0.0,9.0,4.0,21236.0,9763.0,11473.0,6.1216801657562625,6.1216801657562625,4.097101300829663,7.844504488799791
49.0,2018,1,0.0,0,1.0,1,0.0,0,1.0,1,1.0,2.3333333333333335,124191.0,114375.0,10.0,3,11.0,546.809,"3,98",703.807,"85,4",BOSA,APOGEO,11.0,0.0,6.0,5.0,36791.0,17636.0,19155.0,2.989861650947242,2.989861650947242,2.835110002268088,3.1323414252153485
14.0,2018,1,0.0,0,0.0,0,1.0,1,0.0,0,13.0,4.66,375100.0,457974.0,0.0,0,45.0,430.156,"3,12",1.867.529,"93,6",USAQUEN,USAQUEN,20.0,0.0,7.0,13.0,39868.0,18825.0,21043.0,5.016554630279924,5.016554630279924,6.905710491367862,3.326521883761821
32.0,2018,1,0.0,0,0.0,0,0.0,0,0.0,0,0.0,1.7457142857142858,1408200.0,1428675.0,0.0,0,47.0,404.35,"3,73",706.208,"83,68",SAN CRISTOBAL,SAN BLAS,0.0,0.0,0.0,0.0,0.0,0.0,0.0,0.0,0.0,0.0,0.0
92.0,2018,1,0.0,0,0.0,0,0.0,0,0.0,0,8.0,2.5425,132324.0,86100.0,26.0,6,25.0,96.241,"3,18",896.890,"88,28",SANTA FE,LA MACARENA,11.0,0.0,4.0,7.0,12041.0,5866.0,6175.0,9.135453865957977,9.135453865957977,11.933174224343675,6.477732793522267
11.0,2018,1,0.0,0,1.0,1,4.0,1,2.0,1,5.0,2.3000000000000003,373404.0,436080.0,0.0,0,21.0,430.156,"3,12",1.867.529,"93,6",USAQUEN,SAN CRISTOBAL NORTE,6.0,0.0,3.0,3.0,68168.0,32450.0,35718.0,0.880178382818918,0.880178382818918,0.9244992295839753,0.8399126490844953
36.0,2018,1,0.0,0,0.0,0,0.0,0,0.0,0,1.0,2.97,350595.0,343350.0,26.0,7,19.0,378.78,"3,72",591.317,"87,06",RAFAEL URIBE URIBE,SAN JOSE,7.0,0.0,3.0,4.0,46555.0,22110.0,24445.0,1.503597894962947,1.503597894962947,1.8091361374943464,1.2272448353446512
53.0,2018,1,0.0,0,1.0,1,1.0,1,0.0,0,1.0,2.442857142857143,479920.0,461139.0,21.0,6,14.0,378.78,"3,72",591.317,"87,06",RAFAEL URIBE URIBE,MARCO FIDEL SUAREZ,2.0,0.0,0.0,2.0,46417.0,22472.0,23945.0,0.4308766184802981,0.4308766184802981,0.8899964400142399,0.0
50.0,2018,1,0.0,0,0.0,0,0.0,0,0.0,0,0.0,1.9327272727272728,215222.0,1432186.0,1.0,1,21.0,404.35,"3,73",706.208,"83,68",SAN CRISTOBAL,LA GLORIA,8.0,0.0,5.0,3.0,93229.0,45285.0,47944.0,0.8581020926964785,0.8581020926964785,0.6624710168930109,1.0428833639245787
110.0,2018,1,1.0,1,1.0,1,0.0,0,0.0,0,2.0,4.074999999999999,71780.0,82212.0,7.0,2,29.0,317.179,"3,46",1.428.379,"90,03",FONTIBON,CIUDAD SALITRE OCCIDENTAL,14.0,0.0,8.0,6.0,42871.0,20206.0,22665.0,3.26561078584591,3.26561078584591,2.9694150252400275,3.5296712993602473
10.0,2018,1,0.0,0,1.0,1,1.0,1,11.0,1,1.0,2.87125,122265.0,153495.0,5.0,2,29.0,430.156,"3,12",1.867.529,"93,6",USAQUEN,LA URIBE,13.0,0.0,7.0,6.0,31194.0,14327.0,16867.0,4.16746810284029,4.16746810284029,4.187896977734348,4.150115610363431
42.0,2018,1,0.0,0,0.0,0,1.0,1,6.0,1,1.0,2.4250000000000003,2179040.0,2310720.0,35.0,13,66.0,182.532,"3,63",829.895,"87,19",TUNJUELITO,VENECIA,24.0,0.0,9.0,15.0,131951.0,63768.0,68183.0,1.81885699994695,1.81885699994695,2.3522770041400074,1.31997712039658
103.0,2018,1,0.0,0,0.0,0,0.0,0,0.0,0,2.0,3.0,10953.0,12423.0,5.0,2,15.0,230.066,"3,36",1.462.840,"92,44",BARRIOS UNIDOS,PARQUE SALITRE,1.0,0.0,1.0,0.0,1339.0,688.0,651.0,7.468259895444362,7.468259895444362,0.0,15.360983102918587
21.0,2018,1,0.0,0,0.0,0,5.0,1,0.0,0,13.0,3.762,225860.0,233125.0,52.0,5,22.0,230.066,"3,36",1.462.840,"92,44",BARRIOS UNIDOS,LOS ANDES,16.0,0.0,5.0,11.0,27253.0,11949.0,15304.0,5.87091329394929,5.87091329394929,9.205791279604988,3.2671197072660743
55.0,2018,1,0.0,0,0.0,0,0.0,0,0.0,0,0.0,1.5539999999999998,379860.0,395955.0,0.0,0,7.0,378.78,"3,72",591.317,"87,06",RAFAEL URIBE URIBE,DIANA TURBAY,7.0,0.0,1.0,6.0,71841.0,34863.0,36978.0,0.9743739647276625,0.9743739647276625,1.7210222872386196,0.27043106712099085
113.0,2018,1,0.0,0,0.0,0,2.0,1,0.0,0,1.0,3.2925,104270.0,104965.0,8.0,3,26.0,979.914,"3,72",999.300,"88,94",KENNEDY,BAVARIA,16.0,0.0,5.0,11.0,37827.0,17598.0,20229.0,4.229782959261903,4.229782959261903,6.250710307989545,2.471699045924168
60.0,2018,1,0.0,0,0.0,0,0.0,0,0.0,0,0.0,1.11,10544.0,15584.0,0.0,0,0.0,314.431,"4,07",569.872,"82,91",USME,PARQUE ENTRENUBES,2.0,0.0,2.0,0.0,1014.0,517.0,497.0,19.723865877712033,19.723865877712033,0.0,40.24144869215292
90.0,2018,1,0.0,0,1.0,1,3.0,1,0.0,0,19.0,3.05,275954.0,520674.0,22.0,10,60.0,122.507,"2,43",2.288.835,"96,61",CHAPINERO,PARDO RUBIO,14.0,0.0,10.0,4.0,46307.0,22621.0,23686.0,3.023301012805839,3.023301012805839,1.7682684231466337,4.221903233977877
67.0,2018,1,0.0,0,1.0,1,0.0,0,0.0,0,0.0,1.256470588235294,2609568.0,2765373.0,2.0,1,30.0,593.937,"4,09",505.335,"83,5",CIUDAD BOLIVAR,LUCERO,5.0,0.0,2.0,3.0,153854.0,75900.0,77954.0,0.3249834258452819,0.3249834258452819,0.3952569169960474,0.25656156194678914
83.0,2018,1,0.0,0,0.0,0,0.0,0,0.0,0,0.0,2.0,24432.0,29572.0,1.0,1,11.0,979.914,"3,72",999.300,"88,94",KENNEDY,LAS MARGARITAS,3.0,0.0,2.0,1.0,28531.0,13522.0,15009.0,1.0514878553152711,1.0514878553152711,0.7395355716609969,1.332533813045506
101.0,2018,1,1.0,1,0.0,0,3.0,1,0.0,0,13.0,3.8711111111111105,267970.0,273160.0,65.0,10,59.0,139.298,"2,87",1.933.116,"96,03",TEUSAQUILLO,TEUSAQUILLO,19.0,0.0,11.0,8.0,25536.0,12292.0,13244.0,7.44047619047619,7.44047619047619,6.508298080052066,8.305647840531561
54.0,2018,1,0.0,0,0.0,0,0.0,0,0.0,0,1.0,1.83,984621.0,1061115.0,21.0,8,28.0,378.78,"3,72",591.317,"87,06",RAFAEL URIBE URIBE,MARRUECOS,6.0,0.0,4.0,2.0,111476.0,58191.0,53285.0,0.5382324446517637,0.5382324446517637,0.34369576051279405,0.7506803040255231
78.0,2018,1,0.0,0,0.0,0,0.0,0,0.0,0,1.0,1.956,79812.0,176088.0,0.0,0,25.0,979.914,"3,72",999.300,"88,94",KENNEDY,TINTAL NORTE,3.0,0.0,1.0,2.0,27577.0,12962.0,14615.0,1.087863074301048,1.087863074301048,1.5429717636167257,0.6842285323297981
100.0,2018,1,1.0,1,1.0,1,2.0,1,1.0,1,7.0,3.59625,300195.0,309096.0,38.0,9,56.0,139.298,"2,87",1.933.116,"96,03",TEUSAQUILLO,GALERIAS,22.0,0.0,12.0,10.0,33749.0,16059.0,17690.0,6.51871166553083,6.51871166553083,6.227037798119435,6.783493499152064
34.0,2018,1,0.0,0,1.0,1,2.0,1,1.0,1,0.0,2.346363636363636,864012.0,1108236.0,26.0,12,30.0,404.35,"3,73",706.208,"83,68",SAN CRISTOBAL,20 DE JULIO,10.0,0.0,5.0,5.0,78361.0,37998.0,40363.0,1.2761450211202,1.2761450211202,1.315858729406811,1.2387582687114436
106.0,2018,1,0.0,0,0.0,0,1.0,1,0.0,0,1.0,4.164,167560.0,168920.0,17.0,5,30.0,139.298,"2,87",1.933.116,"96,03",TEUSAQUILLO,LA ESMERALDA,7.0,0.0,1.0,6.0,35620.0,16336.0,19284.0,1.965188096574958,1.965188096574958,3.672869735553379,0.5185646131507986
91.0,2018,1,2.0,1,0.0,0,0.0,0,1.0,1,11.0,3.3285714285714287,96894.0,41153.0,42.0,7,37.0,96.241,"3,18",896.890,"88,28",SANTA FE,SAGRADO CORAZON,23.0,0.0,13.0,10.0,10027.0,4998.0,5029.0,22.938067218510025,22.938067218510025,20.008003201280513,25.85006959634122
95.0,2018,1,0.0,0,0.0,0,0.0,0,0.0,0,7.0,2.0,260205.0,69723.0,19.0,3,15.0,96.241,"3,18",896.890,"88,28",SANTA FE,LAS CRUCES,8.0,0.0,4.0,4.0,20406.0,10293.0,10113.0,3.9204155640497893,3.9204155640497893,3.886136209074128,3.9553050529022054
40.0,2018,1,0.0,0,0.0,0,1.0,1,0.0,0,1.0,3.0,1219392.0,1267944.0,21.0,8,62.0,250.715,"3,55",1.116.511,"90,43",PUENTE ARANDA,CIUDAD MONTES,16.0,0.0,5.0,11.0,98166.0,46098.0,52068.0,1.6298922233767292,1.6298922233767292,2.3862206603323353,0.9602827072290082
117.0,2018,1,0.0,0,0.0,0,0.0,0,0.0,0,1.0,3.0,824.0,1670.0,1.0,1,17.0,317.179,"3,46",1.428.379,"90,03",FONTIBON,AEROPUERTO EL DORADO,4.0,0.0,0.0,4.0,756.0,499.0,257.0,52.910052910052904,52.910052910052904,80.16032064128255,0.0
64.0,2018,1,0.0,0,0.0,0,0.0,0,0.0,0,0.0,1.0,5590.0,25895.0,0.0,0,7.0,593.937,"4,09",505.335,"83,5",CIUDAD BOLIVAR,MONTE BLANCO,0.0,0.0,0.0,0.0,0.0,0.0,0.0,0.0,0.0,0.0,0.0
48.0,2018,1,0.0,0,0.0,0,0.0,0,0.0,0,1.0,2.7455555555555557,1310472.0,1325682.0,5.0,3,18.0,979.914,"3,72",999.300,"88,94",KENNEDY,TIMIZA,10.0,0.0,4.0,6.0,141531.0,67482.0,74049.0,0.7065589870770361,0.7065589870770361,0.8891259891526629,0.5401828518953665
98.0,2018,1,0.0,0,1.0,1,5.0,1,0.0,0,17.0,3.0542105263157895,1522242.0,1559634.0,99.0,19,81.0,230.066,"3,36",1.462.840,"92,44",BARRIOS UNIDOS,LOS ALCAZARES,24.0,0.0,9.0,15.0,39720.0,18906.0,20814.0,6.042296072507553,6.042296072507553,7.9339892097746745,4.324012683770539
28.0,2018,1,0.0,0,5.0,1,10.0,1,5.0,1,6.0,2.287857142857143,3797108.0,4228084.0,17.0,6,49.0,981.613,"3,41",1.388.086,"91,6",SUBA,EL RINCON,21.0,0.0,9.0,12.0,266238.0,127428.0,138810.0,0.7887679444707367,0.7887679444707367,0.9417082587814295,0.6483682731791658
17.0,2018,1,0.0,0,0.0,0,2.0,1,0.0,0,2.0,4.285,226840.0,238870.0,6.0,2,32.0,981.613,"3,41",1.388.086,"91,6",SUBA,SAN JOSE DE BAVARIA,12.0,0.0,3.0,9.0,47245.0,21911.0,25334.0,2.539951317599746,2.539951317599746,4.107525900232759,1.1841793637009552
24.0,2018,1,2.0,1,1.0,1,11.0,1,1.0,1,5.0,4.819999999999999,859833.0,845949.0,36.0,12,69.0,981.613,"3,41",1.388.086,"91,6",SUBA,NIZA,12.0,0.0,1.0,11.0,76588.0,34962.0,41626.0,1.5668250900924425,1.5668250900924425,3.146273096504777,0.24023446884158942
44.0,2018,1,0.0,0,2.0,1,1.0,1,0.0,0,0.0,3.22875,673424.0,676672.0,20.0,7,33.0,979.914,"3,72",999.300,"88,94",KENNEDY,AMERICAS,14.0,0.0,6.0,8.0,79652.0,37518.0,42134.0,1.7576457590518757,1.7576457590518757,2.132309824617517,1.4240281008211895
62.0,2018,1,0.0,0,1.0,1,2.0,1,0.0,0,1.0,2.024,338366.0,403893.0,26.0,7,26.0,182.532,"3,63",829.895,"87,19",TUNJUELITO,TUNJUELITO,0.0,0.0,0.0,0.0,0.0,0.0,0.0,0.0,0.0,0.0,0.0
69.0,2018,1,1.0,1,1.0,1,2.0,1,1.0,1,0.0,1.3691666666666666,1779216.0,1964304.0,13.0,6,22.0,593.937,"4,09",505.335,"83,5",CIUDAD BOLIVAR,ISMAEL PERDOMO,7.0,0.0,4.0,3.0,155423.0,75643.0,79780.0,0.45038379133075546,0.45038379133075546,0.39659981756408397,0.5013787916771121
93.0,2018,1,3.0,1,3.0,1,2.0,1,0.0,0,7.0,2.932857142857143,332178.0,96411.0,80.0,7,52.0,96.241,"3,18",896.890,"88,28",SANTA FE,LAS NIEVES,59.0,0.0,25.0,34.0,16323.0,8457.0,7866.0,36.145316424676835,36.145316424676835,40.20338181388199,31.78235443681668
18.0,2018,1,0.0,0,1.0,1,4.0,1,2.0,1,6.0,3.272,300834.0,346380.0,10.0,3,25.0,981.613,"3,41",1.388.086,"91,6",SUBA,BRITALIA,8.0,0.0,3.0,5.0,82735.0,38291.0,44444.0,0.9669426482141779,0.9669426482141779,1.3057898722937504,0.6750067500675007
15.0,2018,2,0.0,0,0.0,0,0.0,0,3.0,1,6.0,5.395,175550.0,49356.0,6.0,2,21.0,430.156,"3,12",1.867.529,"93,6",USAQUEN,COUNTRY CLUB,17.0,0.0,8.0,9.0,24440.0,10977.0,13463.0,6.955810147299509,6.955810147299509,8.198961464881116,5.942211988412687
86.0,2018,2,0.0,0,0.0,0,0.0,0,0.0,0,0.0,1.568,321440.0,368145.0,0.0,0,33.0,546.809,"3,98",703.807,"85,4",BOSA,EL PORVENIR,10.0,0.0,3.0,7.0,131429.0,62925.0,68504.0,0.7608670841290734,0.7608670841290734,1.1124354390147002,0.4379306317879248
71.0,2018,2,0.0,0,0.0,0,2.0,1,0.0,0,2.0,2.105,2325960.0,2670912.0,0.0,0,22.0,981.613,"3,41",1.388.086,"91,6",SUBA,TIBABUYES,20.0,0.0,7.0,13.0,274048.0,132345.0,141703.0,0.7297991592713685,0.7297991592713685,0.9822811590917677,0.49399095290854816
29.0,2018,2,1.0,1,1.0,1,1.0,1,1.0,1,3.0,2.713333333333334,1291554.0,1329381.0,30.0,9,32.0,824.337,"3,41",1.089.512,"91,78",ENGATIVA,MINUTO DE DIOS,22.0,0.0,8.0,14.0,109581.0,51503.0,58078.0,2.0076473111214534,2.0076473111214534,2.718288255053104,1.3774579014428872
80.0,2018,2,0.0,0,0.0,0,1.0,1,0.0,0,0.0,2.0025,247816.0,277108.0,11.0,4,19.0,979.914,"3,72",999.300,"88,94",KENNEDY,CORABASTOS,21.0,0.0,5.0,16.0,57028.0,28359.0,28669.0,3.682401627270814,3.682401627270814,5.641947882506435,1.7440440894345808
99.0,2018,2,6.0,1,2.0,1,1.0,1,0.0,0,13.0,3.692,79566.0,121692.0,22.0,6,62.0,122.507,"2,43",2.288.835,"96,61",CHAPINERO,CHAPINERO,73.0,0.0,37.0,36.0,23444.0,11623.0,11821.0,31.138031052721377,31.138031052721377,30.973070635808313,31.30022840707216
3.0,2018,2,0.0,0,0.0,0,0.0,0,0.0,0,0.0,6.0,0.0,1169.0,0.0,0,26.0,981.613,"3,41",1.388.086,"91,6",SUBA,GUAYMARAL,1.0,0.0,0.0,1.0,2048.0,988.0,1060.0,4.8828125,4.8828125,10.121457489878543,0.0
97.0,2018,2,9.0,1,3.0,1,2.0,1,1.0,1,7.0,5.211875,94384.0,420656.0,63.0,15,98.0,122.507,"2,43",2.288.835,"96,61",CHAPINERO,CHICO LAGO,77.0,0.0,43.0,34.0,33942.0,15780.0,18162.0,22.685758057863413,22.685758057863413,21.546261089987325,23.675806629225857
94.0,2018,2,3.0,1,0.0,0,0.0,0,2.0,1,4.0,2.40875,203598.0,216855.0,43.0,8,36.0,22.115,"2,83",1.050.888,"88,9",CANDELARIA,LA CANDELARIA,32.0,0.0,16.0,16.0,17075.0,9012.0,8063.0,18.740849194729137,18.740849194729137,17.75410563692854,19.843730621356812
76.0,2018,2,0.0,0,0.0,0,1.0,1,0.0,0,0.0,2.186666666666667,120020.0,128536.0,0.0,0,21.0,317.179,"3,46",1.428.379,"90,03",FONTIBON,FONTIBON SAN PABLO,6.0,0.0,1.0,5.0,32717.0,16104.0,16613.0,1.8339089769844423,1.8339089769844423,3.1048186785891705,0.6019382411364594
114.0,2018,2,0.0,0,0.0,0,2.0,1,1.0,1,3.0,3.8,191930.0,197050.0,9.0,4,24.0,317.179,"3,46",1.428.379,"90,03",FONTIBON,MODELIA,15.0,0.0,6.0,9.0,42000.0,19461.0,22539.0,3.5714285714285716,3.5714285714285716,4.624633883150917,2.662052442433116
89.0,2018,2,0.0,0,0.0,0,0.0,0,0.0,0,0.0,2.0666666666666664,28245.0,48603.0,0.0,0,3.0,122.507,"2,43",2.288.835,"96,61",CHAPINERO,SAN ISIDRO - PATIOS,0.0,0.0,0.0,0.0,0.0,0.0,0.0,0.0,0.0,0.0,0.0
38.0,2018,2,0.0,0,3.0,1,4.0,1,0.0,0,1.0,3.008,1246305.0,1155330.0,52.0,15,75.0,119.565,"3,92",1.095.184,"90,79",ANTONIO NARIÑO,RESTREPO,32.0,0.0,13.0,19.0,54246.0,26004.0,28242.0,5.899052464697858,5.899052464697858,7.306568220273804,4.6030734367254444
52.0,2018,2,0.0,0,0.0,0,0.0,0,0.0,0,0.0,1.0,614920.0,740280.0,0.0,0,176.0,314.431,"4,07",569.872,"82,91",USME,LA FLORA,2.0,0.0,0.0,2.0,18178.0,8980.0,9198.0,1.1002310485201892,1.1002310485201892,2.2271714922048997,0.0
96.0,2018,2,0.0,0,0.0,0,0.0,0,0.0,0,3.0,1.7264285714285716,628474.0,648214.0,4.0,2,16.0,96.241,"3,18",896.890,"88,28",SANTA FE,LOURDES,7.0,0.0,0.0,7.0,44303.0,21564.0,22739.0,1.5800284405119291,1.5800284405119291,3.246150992394732,0.0
84.0,2018,2,0.0,0,0.0,0,2.0,1,1.0,1,0.0,1.98,990222.0,1073760.0,1.0,1,30.0,546.809,"3,98",703.807,"85,4",BOSA,BOSA OCCIDENTAL,24.0,0.0,9.0,15.0,195836.0,95646.0,100190.0,1.2255152270266958,1.2255152270266958,1.5682830437237312,0.8982932428386067
111.0,2018,2,0.0,0,0.0,0,1.0,1,0.0,0,2.0,2.9375,64585.0,73290.0,16.0,5,63.0,250.715,"3,55",1.116.511,"90,43",PUENTE ARANDA,PUENTE ARANDA,15.0,0.0,5.0,10.0,10700.0,8209.0,2491.0,14.018691588785046,14.018691588785046,12.181751735899622,20.07226013649137
112.0,2018,2,1.0,1,1.0,1,1.0,1,0.0,0,1.0,3.1133333333333333,126427.0,160027.0,0.0,0,71.0,317.179,"3,46",1.428.379,"90,03",FONTIBON,GRANJAS DE TECHO,21.0,0.0,10.0,11.0,43620.0,20259.0,23361.0,4.814305364511692,4.814305364511692,5.429685571844613,4.280638671289756
75.0,2018,2,0.0,0,2.0,1,7.0,1,3.0,1,1.0,2.913,1316550.0,1374890.0,0.0,0,58.0,317.179,"3,46",1.428.379,"90,03",FONTIBON,FONTIBON,23.0,0.0,8.0,15.0,129959.0,62133.0,67826.0,1.769788933432852,1.769788933432852,2.4141760417169618,1.1794886916521687
12.0,2018,2,1.0,1,2.0,1,3.0,1,0.0,0,5.0,3.378,256245.0,260090.0,9.0,3,42.0,430.156,"3,12",1.867.529,"93,6",USAQUEN,TOBERIN,14.0,0.0,7.0,7.0,58835.0,27123.0,31712.0,2.379535990481856,2.379535990481856,2.580835453305313,2.2073662966700303
16.0,2018,2,0.0,0,2.0,1,7.0,1,1.0,1,11.0,5.738888888888889,464238.0,463266.0,18.0,6,60.0,430.156,"3,12",1.867.529,"93,6",USAQUEN,SANTA BARBARA,37.0,0.0,18.0,19.0,67760.0,30437.0,37323.0,5.460448642266824,5.460448642266824,6.24240233925814,4.822763443453098
82.0,2018,2,0.0,0,0.0,0,2.0,1,2.0,1,0.0,1.9566666666666668,963012.0,1044870.0,9.0,4,29.0,979.914,"3,72",999.300,"88,94",KENNEDY,PATIO BONITO,18.0,0.0,7.0,11.0,140235.0,69384.0,70851.0,1.2835597390095197,1.2835597390095197,1.5853799146777354,0.9879888780680582
35.0,2018,2,0.0,0,0.0,0,0.0,0,1.0,1,1.0,2.666,168705.0,154565.0,35.0,5,22.0,119.565,"3,92",1.095.184,"90,79",ANTONIO NARIÑO,CIUDAD JARDIN,9.0,0.0,3.0,6.0,24983.0,11921.0,13062.0,3.6024496657727254,3.6024496657727254,5.03313480412717,2.296738631143776
68.0,2018,2,0.0,0,0.0,0,0.0,0,0.0,0,0.0,1.055,351536.0,380992.0,0.0,0,13.0,593.937,"4,09",505.335,"83,5",CIUDAD BOLIVAR,EL TESORO,0.0,0.0,0.0,0.0,0.0,0.0,0.0,0.0,0.0,0.0,0.0
27.0,2018,2,1.0,1,2.0,1,7.0,1,2.0,1,2.0,2.840909090909091,1497236.0,1751217.0,16.0,6,48.0,981.613,"3,41",1.388.086,"91,6",SUBA,SUBA,24.0,0.0,11.0,13.0,166333.0,77901.0,88432.0,1.4428886631035334,1.4428886631035334,1.6687847396053965,1.2438936131717024
22.0,2018,2,1.0,1,0.0,0,6.0,1,0.0,0,2.0,3.292222222222222,847206.0,887247.0,37.0,8,38.0,230.066,"3,36",1.462.840,"92,44",BARRIOS UNIDOS,DOCE DE OCTUBRE,12.0,0.0,1.0,11.0,64814.0,30527.0,34287.0,1.851451846823217,1.851451846823217,3.603367510728208,0.2916557295768075
105.0,2018,2,0.0,0,0.0,0,0.0,0,0.0,0,1.0,2.67,1601.0,2464.0,4.0,1,11.0,824.337,"3,41",1.089.512,"91,78",ENGATIVA,JARDIN BOTANICO,6.0,0.0,4.0,2.0,2482.0,1423.0,1059.0,24.174053182917003,24.174053182917003,14.054813773717498,37.77148253068933
104.0,2018,2,0.0,0,0.0,0,0.0,0,0.0,0,3.0,4.0,19494.0,20424.0,21.0,5,34.0,139.298,"2,87",1.933.116,"96,03",TEUSAQUILLO,PARQUE SIMON BOLIVAR - CAN,13.0,0.0,6.0,7.0,2937.0,1546.0,1391.0,44.262853251617294,44.262853251617294,45.278137128072444,43.13443565780014
74.0,2018,2,0.0,0,0.0,0,1.0,1,0.0,0,1.0,2.0016666666666665,712512.0,784968.0,0.0,0,15.0,824.337,"3,41",1.089.512,"91,78",ENGATIVA,ENGATIVA,8.0,0.0,3.0,5.0,135897.0,65701.0,70196.0,0.5886811335055225,0.5886811335055225,0.7610234243009999,0.4273747791896974
47.0,2018,2,0.0,0,0.0,0,1.0,1,0.0,0,0.0,3.0,865592.0,770256.0,9.0,4,28.0,979.914,"3,72",999.300,"88,94",KENNEDY,KENNEDY CENTRAL,17.0,0.0,7.0,10.0,94686.0,44596.0,50090.0,1.7954079800604104,1.7954079800604104,2.2423535743115974,1.3974845278498702
70.0,2018,2,0.0,0,0.0,0,0.0,0,0.0,0,1.0,1.1733333333333331,789975.0,888237.0,0.0,0,23.0,593.937,"4,09",505.335,"83,5",CIUDAD BOLIVAR,JERUSALEM,4.0,0.0,2.0,2.0,95007.0,46315.0,48692.0,0.42102160893407853,0.42102160893407853,0.43182554248083777,0.41074509159615546
66.0,2018,2,0.0,0,0.0,0,0.0,0,0.0,0,0.0,1.8425,597168.0,609704.0,4.0,3,26.0,593.937,"4,09",505.335,"83,5",CIUDAD BOLIVAR,SAN FRANCISCO,6.0,0.0,3.0,3.0,68147.0,33151.0,34996.0,0.8804496162707088,0.8804496162707088,0.9049500769207565,0.8572408275231455
65.0,2018,2,0.0,0,0.0,0,0.0,0,0.0,0,1.0,2.463333333333334,349194.0,364512.0,9.0,3,21.0,593.937,"4,09",505.335,"83,5",CIUDAD BOLIVAR,ARBORIZADORA,16.0,0.0,7.0,9.0,77129.0,36651.0,40478.0,2.0744467061675893,2.0744467061675893,2.4555946631742653,1.7293344532832648
79.0,2018,2,0.0,0,0.0,0,0.0,0,0.0,0,0.0,2.1333333333333333,167274.0,204984.0,3.0,2,22.0,979.914,"3,72",999.300,"88,94",KENNEDY,CALANDAIMA,8.0,0.0,3.0,5.0,120204.0,56697.0,63507.0,0.6655352567302253,0.6655352567302253,0.8818808755313332,0.4723888705182106
59.0,2018,2,0.0,0,0.0,0,0.0,0,0.0,0,0.0,1.0,163808.0,216380.0,0.0,0,6.0,314.431,"4,07",569.872,"82,91",USME,ALFONSO LOPEZ,4.0,0.0,2.0,2.0,48496.0,23875.0,24621.0,0.8248102936324645,0.8248102936324645,0.837696335078534,0.8123146907111816
45.0,2018,2,0.0,0,0.0,0,1.0,1,1.0,1,0.0,2.7914285714285714,737583.0,674359.0,9.0,4,35.0,979.914,"3,72",999.300,"88,94",KENNEDY,CARVAJAL,22.0,0.0,7.0,15.0,90556.0,43525.0,47031.0,2.429435929148814,2.429435929148814,3.446295232624928,1.4883800046777658
20.0,2018,2,1.0,1,0.0,0,7.0,1,33.0,1,14.0,4.996666666666667,231126.0,219822.0,33.0,6,26.0,981.613,"3,41",1.388.086,"91,6",SUBA,LA ALHAMBRA,13.0,0.0,8.0,5.0,39506.0,17788.0,21718.0,3.29063939654736,3.29063939654736,2.8108837418484374,3.6835804401878627
51.0,2018,2,0.0,0,0.0,0,0.0,0,0.0,0,0.0,1.68875,263745.0,660861.0,0.0,0,15.0,404.35,"3,73",706.208,"83,68",SAN CRISTOBAL,LOS LIBERTADORES,3.0,0.0,2.0,1.0,73845.0,35930.0,37915.0,0.4062563477554337,0.4062563477554337,0.27831895352073477,0.527495714097323
115.0,2018,2,0.0,0,1.0,1,0.0,0,0.0,0,3.0,3.314,77135.0,83285.0,6.0,3,26.0,317.179,"3,46",1.428.379,"90,03",FONTIBON,CAPELLANIA,21.0,0.0,10.0,11.0,17190.0,8131.0,9059.0,12.216404886561955,12.216404886561955,13.52847128274505,11.038745998454575
43.0,2018,2,0.0,0,0.0,0,2.0,1,0.0,0,0.0,3.0,844074.0,844239.0,17.0,8,31.0,250.715,"3,55",1.116.511,"90,43",PUENTE ARANDA,SAN RAFAEL,15.0,0.0,4.0,11.0,71167.0,33640.0,37527.0,2.107718465018899,2.107718465018899,3.269916765755054,1.065899219228822
25.0,2018,2,2.0,1,1.0,1,4.0,1,0.0,0,6.0,4.04,127070.0,126620.0,24.0,5,25.0,981.613,"3,41",1.388.086,"91,6",SUBA,LA FLORESTA,10.0,0.0,1.0,9.0,40557.0,18384.0,22173.0,2.465665606430456,2.465665606430456,4.895561357702349,0.45099896270238576
56.0,2018,2,0.0,0,0.0,0,0.0,0,0.0,0,0.0,1.508,205135.0,253351.0,6.0,6,8.0,314.431,"4,07",569.872,"82,91",USME,DANUBIO,9.0,0.0,4.0,5.0,50027.0,24123.0,25904.0,1.7990285245967177,1.7990285245967177,2.0727106910417445,1.5441630636195183
26.0,2018,2,0.0,0,2.0,1,5.0,1,1.0,1,5.0,3.0646153846153847,1441973.0,1441167.0,19.0,5,69.0,824.337,"3,41",1.089.512,"91,78",ENGATIVA,LAS FERIAS,36.0,0.0,16.0,20.0,99530.0,47242.0,52288.0,3.6169998995277806,3.6169998995277806,4.233521019431861,3.059975520195838
102.0,2018,2,1.0,1,1.0,1,3.0,1,0.0,0,9.0,2.8186666666666667,764715.0,782955.0,131.0,15,94.0,94.944,"3,53",1.059.511,"89,78",LOS MARTIRES,LA SABANA,62.0,0.0,26.0,36.0,35073.0,17460.0,17613.0,17.67741567587603,17.67741567587603,20.61855670103093,14.761823652983592
2.0,2018,2,0.0,0,0.0,0,0.0,0,0.0,0,0.0,5.058,10545.0,13800.0,3.0,2,95.0,981.613,"3,41",1.388.086,"91,6",SUBA,LA ACADEMIA,2.0,0.0,1.0,1.0,4077.0,1982.0,2095.0,4.905567819475104,4.905567819475104,5.045408678102927,4.773269689737471
116.0,2018,2,1.0,1,0.0,0,0.0,0,1.0,1,2.0,3.155,24638.0,27282.0,3.0,1,17.0,824.337,"3,41",1.089.512,"91,78",ENGATIVA,ALAMOS,8.0,0.0,2.0,6.0,11820.0,5550.0,6270.0,6.768189509306261,6.768189509306261,10.81081081081081,3.189792663476874
81.0,2018,2,0.0,0,0.0,0,1.0,1,3.0,1,0.0,2.0025,290204.0,283616.0,1.0,1,16.0,979.914,"3,72",999.300,"88,94",KENNEDY,GRAN BRITALIA,10.0,0.0,4.0,6.0,63264.0,30735.0,32529.0,1.580677794638341,1.580677794638341,1.9521717911176182,1.2296719849980018
52.0,2018,2,0.0,0,0.0,0,0.0,0,0.0,0,0.0,1.0,614920.0,740280.0,0.0,0,176.0,314.431,"4,07",569.872,"82,91",USME,LA FLORA,2.0,0.0,0.0,2.0,18178.0,8980.0,9198.0,1.1002310485201892,1.1002310485201892,2.2271714922048997,0.0
33.0,2018,2,0.0,0,0.0,0,1.0,1,0.0,0,0.0,2.8193333333333332,1647904.0,748256.0,42.0,13,30.0,404.35,"3,73",706.208,"83,68",SAN CRISTOBAL,SOSIEGO,7.0,0.0,4.0,3.0,42167.0,20418.0,21749.0,1.6600659283325825,1.6600659283325825,1.4692918013517486,1.8391650190813371
19.0,2018,2,1.0,1,2.0,1,6.0,1,2.0,1,8.0,3.51625,692512.0,712104.0,25.0,8,34.0,981.613,"3,41",1.388.086,"91,6",SUBA,EL PRADO,22.0,0.0,8.0,14.0,96752.0,44278.0,52474.0,2.273854804035059,2.273854804035059,3.161841094900402,1.524564546251477
41.0,2018,2,0.0,0,0.0,0,2.0,1,0.0,0,1.0,3.0,523602.0,513468.0,24.0,8,22.0,250.715,"3,55",1.116.511,"90,43",PUENTE ARANDA,MUZU,23.0,0.0,11.0,12.0,56895.0,26833.0,30062.0,4.042534493364971,4.042534493364971,4.472105243543398,3.65910451733085
37.0,2018,2,0.0,0,1.0,1,1.0,1,0.0,0,4.0,3.0,307027.0,315602.0,40.0,7,41.0,94.944,"3,53",1.059.511,"89,78",LOS MARTIRES,SANTA ISABEL,11.0,0.0,3.0,8.0,38204.0,18413.0,19791.0,2.8792796565804624,2.8792796565804624,4.344756422093087,1.5158405335758678
107.0,2018,2,0.0,0,0.0,0,3.0,1,1.0,1,3.0,3.77,207448.0,216792.0,32.0,8,35.0,139.298,"2,87",1.933.116,"96,03",TEUSAQUILLO,QUINTA PAREDES,24.0,0.0,16.0,8.0,25448.0,11749.0,13699.0,9.430996541967936,9.430996541967936,6.809090135330666,11.679684648514488
73.0,2018,2,0.0,0,0.0,0,2.0,1,0.0,0,3.0,2.775714285714286,955689.0,1044302.0,4.0,2,40.0,824.337,"3,41",1.089.512,"91,78",ENGATIVA,GARCES NAVAS,12.0,0.0,5.0,7.0,160612.0,75640.0,84972.0,0.7471421811570742,0.7471421811570742,0.9254362771020624,0.5884291295956315
31.0,2018,2,0.0,0,0.0,0,2.0,1,1.0,1,3.0,3.318333333333334,409362.0,391260.0,10.0,4,38.0,824.337,"3,41",1.089.512,"91,78",ENGATIVA,SANTA CECILIA,15.0,0.0,6.0,9.0,65800.0,30709.0,35091.0,2.2796352583586623,2.2796352583586623,2.930736917516038,1.7098401299478498
58.0,2018,2,0.0,0,0.0,0,0.0,0,1.0,1,0.0,1.5654545454545454,857659.0,954745.0,0.0,0,29.0,314.431,"4,07",569.872,"82,91",USME,COMUNEROS,6.0,0.0,3.0,3.0,91633.0,44615.0,47018.0,0.6547859395632577,0.6547859395632577,0.6724195898240501,0.6380535114211578
13.0,2018,2,4.0,1,1.0,1,5.0,1,2.0,1,2.0,4.381666666666667,1717632.0,1842552.0,20.0,5,88.0,430.156,"3,12",1.867.529,"93,6",USAQUEN,LOS CEDROS,31.0,0.0,14.0,17.0,123293.0,54733.0,68560.0,2.5143357692650836,2.5143357692650836,3.105987247181773,2.042007001166861
63.0,2018,2,0.0,0,0.0,0,0.0,0,0.0,0,0.0,,1596.0,5864.0,2.0,2,6.0,593.937,"4,09",505.335,"83,5",CIUDAD BOLIVAR,EL MOCHUELO,0.0,0.0,0.0,0.0,0.0,0.0,0.0,0.0,0.0,0.0,0.0
87.0,2018,2,0.0,0,0.0,0,0.0,0,0.0,0,0.0,1.765,212992.0,339512.0,0.0,0,47.0,546.809,"3,98",703.807,"85,4",BOSA,TINTAL SUR,5.0,0.0,5.0,0.0,97019.0,45633.0,51386.0,0.5153629701398695,0.5153629701398695,0.0,0.9730276729070174
77.0,2018,2,0.0,0,0.0,0,0.0,0,0.0,0,1.0,2.045,283878.0,356976.0,0.0,0,13.0,317.179,"3,46",1.428.379,"90,03",FONTIBON,ZONA FRANCA,4.0,0.0,2.0,2.0,56771.0,26670.0,30101.0,0.704585087456624,0.704585087456624,0.7499062617172854,0.6644297531643467
39.0,2018,2,1.0,1,2.0,1,5.0,1,0.0,0,0.0,3.0,1410480.0,1306815.0,45.0,15,69.0,378.78,"3,72",591.317,"87,06",RAFAEL URIBE URIBE,QUIROGA,19.0,0.0,4.0,15.0,88243.0,42702.0,45541.0,2.1531452919778338,2.1531452919778338,3.51271603203597,0.8783294174480138
108.0,2018,2,0.0,0,0.0,0,0.0,0,1.0,1,2.0,2.685714285714286,33520.0,33976.0,48.0,8,66.0,250.715,"3,55",1.116.511,"90,43",PUENTE ARANDA,ZONA INDUSTRIAL,17.0,0.0,3.0,14.0,5977.0,2974.0,3003.0,28.44236238915844,28.44236238915844,47.07464694014795,9.99000999000999
61.0,2018,2,0.0,0,0.0,0,0.0,0,4.0,1,0.0,1.2366666666666666,79500.0,134960.0,0.0,0,65.0,314.431,"4,07",569.872,"82,91",USME,CIUDAD USME,1.0,0.0,1.0,0.0,22637.0,10939.0,11698.0,0.4417546494676856,0.4417546494676856,0.0,0.8548469823901521
1.0,2018,2,0.0,0,0.0,0,0.0,0,0.0,0,0.0,4.0,52488.0,63828.0,3.0,3,83.0,430.156,"3,12",1.867.529,"93,6",USAQUEN,PASEO DE LOS LIBERTADORES,3.0,0.0,0.0,3.0,2567.0,1279.0,1288.0,11.68679392286716,11.68679392286716,23.455824863174357,0.0
46.0,2018,2,0.0,0,0.0,0,2.0,1,1.0,1,1.0,2.72,884656.0,1003288.0,18.0,6,40.0,979.914,"3,72",999.300,"88,94",KENNEDY,CASTILLA,24.0,0.0,8.0,16.0,138657.0,65654.0,73003.0,1.7308898937666328,1.7308898937666328,2.43701830810004,1.0958453762174156
85.0,2018,2,0.0,0,1.0,1,3.0,1,2.0,1,1.0,1.9988888888888892,2537808.0,2654832.0,17.0,6,39.0,546.809,"3,98",703.807,"85,4",BOSA,BOSA CENTRAL,27.0,0.0,17.0,10.0,233322.0,112383.0,120939.0,1.1571990639545349,1.1571990639545349,0.8898142957564756,1.405667319888539
60.0,2018,2,0.0,0,0.0,0,0.0,0,0.0,0,0.0,1.11,10544.0,15584.0,0.0,0,0.0,314.431,"4,07",569.872,"82,91",USME,PARQUE ENTRENUBES,2.0,0.0,2.0,0.0,1014.0,517.0,497.0,19.723865877712033,19.723865877712033,0.0,40.24144869215292
30.0,2018,2,1.0,1,3.0,1,6.0,1,0.0,0,4.0,3.001818181818182,1427481.0,1341120.0,25.0,7,42.0,824.337,"3,41",1.089.512,"91,78",ENGATIVA,BOYACA REAL,26.0,0.0,8.0,18.0,125315.0,59415.0,65900.0,2.074771575629414,2.074771575629414,3.029537995455693,1.2139605462822458
72.0,2018,2,0.0,0,0.0,0,1.0,1,0.0,0,2.0,3.0,331356.0,345116.0,4.0,2,21.0,824.337,"3,41",1.089.512,"91,78",ENGATIVA,BOLIVIA,14.0,0.0,7.0,7.0,81481.0,37070.0,44411.0,1.718191971134375,1.718191971134375,1.8883193957377933,1.5761860800252188
57.0,2018,2,0.0,0,1.0,1,0.0,0,0.0,0,0.0,1.7740000000000002,1391324.0,1519562.0,3.0,3,23.0,314.431,"4,07",569.872,"82,91",USME,GRAN YOMASA,6.0,0.0,1.0,5.0,123476.0,59837.0,63639.0,0.48592439016489036,0.48592439016489036,0.8356033892073467,0.15713634720847278
23.0,2018,2,0.0,0,0.0,0,4.0,1,15.0,1,4.0,3.5728571428571425,209118.0,255647.0,7.0,5,41.0,981.613,"3,41",1.388.086,"91,6",SUBA,CASA BLANCA SUBA,7.0,0.0,4.0,3.0,52913.0,24468.0,28445.0,1.3229263130043656,1.3229263130043656,1.2260912211868564,1.4062225347161188
88.0,2018,2,0.0,0,0.0,0,0.0,0,0.0,0,15.0,5.9375,358776.0,369156.0,3.0,2,60.0,122.507,"2,43",2.288.835,"96,61",CHAPINERO,EL REFUGIO,16.0,0.0,11.0,5.0,36695.0,16397.0,20298.0,4.360267066357815,4.360267066357815,3.0493382935902913,5.419253128387034
9.0,2018,2,0.0,0,1.0,1,4.0,1,1.0,1,0.0,2.7445454545454546,927663.0,1059410.0,9.0,4,60.0,430.156,"3,12",1.867.529,"93,6",USAQUEN,VERBENAL,5.0,0.0,3.0,2.0,119080.0,56578.0,62502.0,0.41988579106483037,0.41988579106483037,0.35349429106719926,0.4799846404915043
109.0,2018,2,0.0,0,0.0,0,0.0,0,0.0,0,2.0,4.123333333333334,44058.0,53832.0,12.0,3,32.0,139.298,"2,87",1.933.116,"96,03",TEUSAQUILLO,CIUDAD SALITRE ORIENTAL,8.0,0.0,6.0,2.0,21236.0,9763.0,11473.0,3.7671877943115466,3.7671877943115466,2.0485506504148314,5.22966965919986
49.0,2018,2,0.0,0,1.0,1,0.0,0,1.0,1,1.0,2.3333333333333335,124191.0,114375.0,10.0,3,11.0,546.809,"3,98",703.807,"85,4",BOSA,APOGEO,11.0,0.0,6.0,5.0,36791.0,17636.0,19155.0,2.989861650947242,2.989861650947242,2.835110002268088,3.1323414252153485
14.0,2018,2,0.0,0,0.0,0,1.0,1,0.0,0,13.0,4.66,375100.0,457974.0,0.0,0,45.0,430.156,"3,12",1.867.529,"93,6",USAQUEN,USAQUEN,18.0,0.0,8.0,10.0,39868.0,18825.0,21043.0,4.514899167251931,4.514899167251931,5.3120849933598935,3.8017392957277956
32.0,2018,2,0.0,0,0.0,0,0.0,0,0.0,0,0.0,1.7457142857142858,1408200.0,1428675.0,0.0,0,47.0,404.35,"3,73",706.208,"83,68",SAN CRISTOBAL,SAN BLAS,8.0,0.0,5.0,3.0,97856.0,47245.0,50611.0,0.8175277959450622,0.8175277959450622,0.6349878293999365,0.9879275256367193
92.0,2018,2,0.0,0,0.0,0,0.0,0,0.0,0,8.0,2.5425,132324.0,86100.0,26.0,6,25.0,96.241,"3,18",896.890,"88,28",SANTA FE,LA MACARENA,12.0,0.0,4.0,8.0,12041.0,5866.0,6175.0,9.965949671954156,9.965949671954156,13.637913399249914,6.477732793522267
11.0,2018,2,0.0,0,1.0,1,4.0,1,2.0,1,5.0,2.3000000000000003,373404.0,436080.0,0.0,0,21.0,430.156,"3,12",1.867.529,"93,6",USAQUEN,SAN CRISTOBAL NORTE,5.0,0.0,3.0,2.0,68168.0,32450.0,35718.0,0.7334819856824316,0.7334819856824316,0.6163328197226502,0.8399126490844953
36.0,2018,2,0.0,0,0.0,0,0.0,0,0.0,0,1.0,2.97,350595.0,343350.0,26.0,7,19.0,378.78,"3,72",591.317,"87,06",RAFAEL URIBE URIBE,SAN JOSE,15.0,0.0,4.0,11.0,46555.0,22110.0,24445.0,3.221995489206315,3.221995489206315,4.975124378109452,1.6363264471262016
53.0,2018,2,0.0,0,1.0,1,1.0,1,0.0,0,1.0,2.442857142857143,479920.0,461139.0,21.0,6,14.0,378.78,"3,72",591.317,"87,06",RAFAEL URIBE URIBE,MARCO FIDEL SUAREZ,6.0,0.0,3.0,3.0,46417.0,22472.0,23945.0,1.2926298554408946,1.2926298554408946,1.33499466002136,1.252871163082063
50.0,2018,2,0.0,0,0.0,0,0.0,0,0.0,0,0.0,1.9327272727272728,215222.0,1432186.0,1.0,1,21.0,404.35,"3,73",706.208,"83,68",SAN CRISTOBAL,LA GLORIA,3.0,0.0,1.0,2.0,93229.0,45285.0,47944.0,0.32178828476117943,0.32178828476117943,0.4416473445953406,0.20857667278491573
110.0,2018,2,1.0,1,1.0,1,0.0,0,0.0,0,2.0,4.074999999999999,71780.0,82212.0,7.0,2,29.0,317.179,"3,46",1.428.379,"90,03",FONTIBON,CIUDAD SALITRE OCCIDENTAL,22.0,0.0,9.0,13.0,42871.0,20206.0,22665.0,5.131674092043573,5.131674092043573,6.433732554686726,3.970880211780278
10.0,2018,2,0.0,0,1.0,1,1.0,1,12.0,1,1.0,2.87125,122265.0,153495.0,5.0,2,29.0,430.156,"3,12",1.867.529,"93,6",USAQUEN,LA URIBE,16.0,0.0,9.0,7.0,31194.0,14327.0,16867.0,5.129191511188049,5.129191511188049,4.88587980735674,5.335862927610126
42.0,2018,2,0.0,0,0.0,0,1.0,1,6.0,1,1.0,2.4250000000000003,2179040.0,2310720.0,35.0,13,66.0,182.532,"3,63",829.895,"87,19",TUNJUELITO,VENECIA,36.0,0.0,21.0,15.0,131951.0,63768.0,68183.0,2.728285499920425,2.728285499920425,2.3522770041400074,3.079946614258686
103.0,2018,2,0.0,0,0.0,0,0.0,0,0.0,0,2.0,3.0,10953.0,12423.0,5.0,2,15.0,230.066,"3,36",1.462.840,"92,44",BARRIOS UNIDOS,PARQUE SALITRE,3.0,0.0,1.0,2.0,1339.0,688.0,651.0,22.404779686333082,22.404779686333082,29.069767441860463,15.360983102918587
21.0,2018,2,0.0,0,0.0,0,6.0,1,0.0,0,13.0,3.762,225860.0,233125.0,52.0,5,22.0,230.066,"3,36",1.462.840,"92,44",BARRIOS UNIDOS,LOS ANDES,18.0,0.0,11.0,7.0,27253.0,11949.0,15304.0,6.604777455692951,6.604777455692951,5.8582308142940835,7.187663355985363
55.0,2018,2,0.0,0,0.0,0,0.0,0,0.0,0,0.0,1.5539999999999998,379860.0,395955.0,0.0,0,7.0,378.78,"3,72",591.317,"87,06",RAFAEL URIBE URIBE,DIANA TURBAY,6.0,0.0,2.0,4.0,71841.0,34863.0,36978.0,0.8351776840522821,0.8351776840522821,1.1473481914924133,0.5408621342419817
113.0,2018,2,0.0,0,0.0,0,2.0,1,0.0,0,1.0,3.2925,104270.0,104965.0,8.0,3,26.0,979.914,"3,72",999.300,"88,94",KENNEDY,BAVARIA,10.0,0.0,4.0,6.0,37827.0,17598.0,20229.0,2.6436143495386895,2.6436143495386895,3.4094783498124785,1.9773592367393347
60.0,2018,2,0.0,0,0.0,0,0.0,0,0.0,0,0.0,1.11,10544.0,15584.0,0.0,0,0.0,314.431,"4,07",569.872,"82,91",USME,PARQUE ENTRENUBES,2.0,0.0,2.0,0.0,1014.0,517.0,497.0,19.723865877712033,19.723865877712033,0.0,40.24144869215292
90.0,2018,2,0.0,0,1.0,1,3.0,1,0.0,0,19.0,3.05,275954.0,520674.0,22.0,10,60.0,122.507,"2,43",2.288.835,"96,61",CHAPINERO,PARDO RUBIO,16.0,0.0,6.0,10.0,46307.0,22621.0,23686.0,3.4552011574923878,3.4552011574923878,4.420671057866584,2.5331419403867264
67.0,2018,2,0.0,0,1.0,1,0.0,0,0.0,0,0.0,1.256470588235294,2609568.0,2765373.0,2.0,1,30.0,593.937,"4,09",505.335,"83,5",CIUDAD BOLIVAR,LUCERO,12.0,0.0,4.0,8.0,153854.0,75900.0,77954.0,0.7799602220286765,0.7799602220286765,1.0540184453227932,0.5131231238935783
83.0,2018,2,0.0,0,0.0,0,0.0,0,0.0,0,0.0,2.0,24432.0,29572.0,1.0,1,11.0,979.914,"3,72",999.300,"88,94",KENNEDY,LAS MARGARITAS,7.0,0.0,3.0,4.0,28531.0,13522.0,15009.0,2.4534716624022996,2.4534716624022996,2.9581422866439877,1.998800719568259
101.0,2018,2,1.0,1,0.0,0,3.0,1,0.0,0,13.0,3.8711111111111105,267970.0,273160.0,65.0,10,59.0,139.298,"2,87",1.933.116,"96,03",TEUSAQUILLO,TEUSAQUILLO,46.0,0.0,20.0,26.0,25536.0,12292.0,13244.0,18.01378446115288,18.01378446115288,21.151968760169215,15.101177891875567
54.0,2018,2,0.0,0,0.0,0,0.0,0,0.0,0,1.0,1.83,984621.0,1061115.0,21.0,8,28.0,378.78,"3,72",591.317,"87,06",RAFAEL URIBE URIBE,MARRUECOS,11.0,0.0,6.0,5.0,111476.0,58191.0,53285.0,0.9867594818615667,0.9867594818615667,0.8592394012819852,1.1260204560382847
78.0,2018,2,0.0,0,0.0,0,0.0,0,0.0,0,1.0,1.956,79812.0,176088.0,0.0,0,25.0,979.914,"3,72",999.300,"88,94",KENNEDY,TINTAL NORTE,3.0,0.0,1.0,2.0,27577.0,12962.0,14615.0,1.087863074301048,1.087863074301048,1.5429717636167257,0.6842285323297981
100.0,2018,2,1.0,1,1.0,1,2.0,1,1.0,1,7.0,3.59625,300195.0,309096.0,38.0,9,56.0,139.298,"2,87",1.933.116,"96,03",TEUSAQUILLO,GALERIAS,31.0,0.0,18.0,13.0,33749.0,16059.0,17690.0,9.185457346884352,9.185457346884352,8.095149137555266,10.175240248728095
34.0,2018,2,0.0,0,1.0,1,2.0,1,1.0,1,0.0,2.346363636363636,864012.0,1108236.0,26.0,12,30.0,404.35,"3,73",706.208,"83,68",SAN CRISTOBAL,20 DE JULIO,14.0,0.0,9.0,5.0,78361.0,37998.0,40363.0,1.78660302956828,1.78660302956828,1.315858729406811,2.2297648836805988
106.0,2018,2,0.0,0,0.0,0,1.0,1,0.0,0,1.0,4.164,167560.0,168920.0,17.0,5,30.0,139.298,"2,87",1.933.116,"96,03",TEUSAQUILLO,LA ESMERALDA,6.0,0.0,5.0,1.0,35620.0,16336.0,19284.0,1.6844469399213924,1.6844469399213924,0.6121449559255632,2.592823065753993
91.0,2018,2,2.0,1,0.0,0,0.0,0,1.0,1,11.0,3.3285714285714287,96894.0,41153.0,42.0,7,37.0,96.241,"3,18",896.890,"88,28",SANTA FE,SAGRADO CORAZON,15.0,0.0,8.0,7.0,10027.0,4998.0,5029.0,14.959609055550017,14.959609055550017,14.005602240896359,15.90773513620998
95.0,2018,2,0.0,0,0.0,0,0.0,0,0.0,0,7.0,2.0,260205.0,69723.0,19.0,3,15.0,96.241,"3,18",896.890,"88,28",SANTA FE,LAS CRUCES,6.0,0.0,0.0,6.0,20406.0,10293.0,10113.0,2.9403116730373418,2.9403116730373418,5.829204313611193,0.0
40.0,2018,2,0.0,0,0.0,0,1.0,1,0.0,0,1.0,3.0,1219392.0,1267944.0,21.0,8,62.0,250.715,"3,55",1.116.511,"90,43",PUENTE ARANDA,CIUDAD MONTES,15.0,0.0,7.0,8.0,98166.0,46098.0,52068.0,1.5280239594156835,1.5280239594156835,1.7354332075144256,1.3443957901206114
117.0,2018,2,0.0,0,0.0,0,0.0,0,0.0,0,1.0,3.0,824.0,1670.0,1.0,1,17.0,317.179,"3,46",1.428.379,"90,03",FONTIBON,AEROPUERTO EL DORADO,3.0,0.0,0.0,3.0,756.0,499.0,257.0,39.682539682539684,39.682539682539684,60.120240480961925,0.0
64.0,2018,2,0.0,0,0.0,0,0.0,0,0.0,0,0.0,1.0,5590.0,25895.0,0.0,0,7.0,593.937,"4,09",505.335,"83,5",CIUDAD BOLIVAR,MONTE BLANCO,0.0,0.0,0.0,0.0,0.0,0.0,0.0,0.0,0.0,0.0,0.0
48.0,2018,2,0.0,0,0.0,0,0.0,0,0.0,0,1.0,2.7455555555555557,1310472.0,1325682.0,5.0,3,18.0,979.914,"3,72",999.300,"88,94",KENNEDY,TIMIZA,15.0,0.0,5.0,10.0,141531.0,67482.0,74049.0,1.0598384806155543,1.0598384806155543,1.4818766485877715,0.6752285648692082
98.0,2018,2,0.0,0,2.0,1,5.0,1,0.0,0,17.0,3.0542105263157895,1522242.0,1559634.0,99.0,19,81.0,230.066,"3,36",1.462.840,"92,44",BARRIOS UNIDOS,LOS ALCAZARES,28.0,0.0,11.0,17.0,39720.0,18906.0,20814.0,7.049345417925478,7.049345417925478,8.991854437744632,5.284904391275103
28.0,2018,2,0.0,0,5.0,1,10.0,1,6.0,1,6.0,2.287857142857143,3797108.0,4228084.0,17.0,6,49.0,981.613,"3,41",1.388.086,"91,6",SUBA,EL RINCON,33.0,0.0,13.0,20.0,266238.0,127428.0,138810.0,1.2394924841683006,1.2394924841683006,1.5695137646357158,0.9365319501476839
17.0,2018,2,0.0,0,0.0,0,2.0,1,0.0,0,2.0,4.285,226840.0,238870.0,6.0,2,32.0,981.613,"3,41",1.388.086,"91,6",SUBA,SAN JOSE DE BAVARIA,15.0,0.0,6.0,9.0,47245.0,21911.0,25334.0,3.1749391469996824,3.1749391469996824,4.107525900232759,2.3683587274019104
24.0,2018,2,2.0,1,1.0,1,11.0,1,1.0,1,5.0,4.819999999999999,859833.0,845949.0,36.0,12,69.0,981.613,"3,41",1.388.086,"91,6",SUBA,NIZA,14.0,0.0,6.0,8.0,76588.0,34962.0,41626.0,1.8279626051078497,1.8279626051078497,2.2881986156398377,1.4414068130495363
44.0,2018,2,0.0,0,2.0,1,1.0,1,0.0,0,0.0,3.22875,673424.0,676672.0,20.0,7,33.0,979.914,"3,72",999.300,"88,94",KENNEDY,AMERICAS,24.0,0.0,13.0,11.0,79652.0,37518.0,42134.0,3.0131070155175013,3.0131070155175013,2.9319260088490857,3.0853942184459107
62.0,2018,2,0.0,0,1.0,1,2.0,1,0.0,0,1.0,2.024,338366.0,403893.0,26.0,7,26.0,182.532,"3,63",829.895,"87,19",TUNJUELITO,TUNJUELITO,6.0,0.0,3.0,3.0,39681.0,19601.0,20080.0,1.5120586678763135,1.5120586678763135,1.5305341564205908,1.4940239043824701
69.0,2018,2,1.0,1,1.0,1,2.0,1,1.0,1,0.0,1.3691666666666666,1779216.0,1964304.0,13.0,6,22.0,593.937,"4,09",505.335,"83,5",CIUDAD BOLIVAR,ISMAEL PERDOMO,14.0,0.0,5.0,9.0,155423.0,75643.0,79780.0,0.9007675826615109,0.9007675826615109,1.1897994526922517,0.62672348959639
93.0,2018,2,3.0,1,4.0,1,2.0,1,0.0,0,7.0,2.932857142857143,332178.0,96411.0,80.0,7,52.0,96.241,"3,18",896.890,"88,28",SANTA FE,LAS NIEVES,73.0,0.0,29.0,44.0,16323.0,8457.0,7866.0,44.72217116951541,44.72217116951541,52.02790587678846,36.86753114670735
18.0,2018,2,0.0,0,1.0,1,4.0,1,4.0,1,6.0,3.272,300834.0,346380.0,10.0,3,25.0,981.613,"3,41",1.388.086,"91,6",SUBA,BRITALIA,9.0,0.0,0.0,9.0,82735.0,38291.0,44444.0,1.08781047924095,1.08781047924095,2.350421770128751,0.0
15.0,2018,3,0.0,0,0.0,0,0.0,0,3.0,1,7.0,5.395,175550.0,49356.0,6.0,2,21.0,430.156,"3,12",1.867.529,"93,6",USAQUEN,COUNTRY CLUB,13.0,0.0,6.0,7.0,24440.0,10977.0,13463.0,5.319148936170213,5.319148936170213,6.3769700282408674,4.4566589913095145
86.0,2018,3,0.0,0,0.0,0,0.0,0,0.0,0,0.0,1.568,321440.0,368145.0,0.0,0,33.0,546.809,"3,98",703.807,"85,4",BOSA,EL PORVENIR,4.0,0.0,2.0,2.0,131429.0,62925.0,68504.0,0.3043468336516294,0.3043468336516294,0.3178386968613429,0.2919537545252832
71.0,2018,3,0.0,0,0.0,0,2.0,1,0.0,0,2.0,2.105,2325960.0,2670912.0,0.0,0,22.0,981.613,"3,41",1.388.086,"91,6",SUBA,TIBABUYES,16.0,0.0,7.0,9.0,274048.0,132345.0,141703.0,0.5838393274170948,0.5838393274170948,0.6800408024481469,0.49399095290854816
29.0,2018,3,1.0,1,2.0,1,1.0,1,1.0,1,4.0,2.713333333333334,1291554.0,1329381.0,30.0,9,32.0,824.337,"3,41",1.089.512,"91,78",ENGATIVA,MINUTO DE DIOS,27.0,0.0,12.0,15.0,109581.0,51503.0,58078.0,2.463930790921784,2.463930790921784,2.912451701842611,2.0661868521643307
80.0,2018,3,0.0,0,0.0,0,1.0,1,0.0,0,0.0,2.0025,247816.0,277108.0,11.0,4,19.0,979.914,"3,72",999.300,"88,94",KENNEDY,CORABASTOS,13.0,0.0,2.0,11.0,57028.0,28359.0,28669.0,2.2795819597390756,2.2795819597390756,3.8788391692231743,0.6976176357738323
99.0,2018,3,6.0,1,3.0,1,1.0,1,0.0,0,13.0,3.692,79566.0,121692.0,22.0,6,62.0,122.507,"2,43",2.288.835,"96,61",CHAPINERO,CHAPINERO,43.0,0.0,14.0,29.0,23444.0,11623.0,11821.0,18.341579935164646,18.341579935164646,24.95052912329003,11.843329667540816
3.0,2018,3,0.0,0,0.0,0,0.0,0,0.0,0,0.0,6.0,0.0,1169.0,0.0,0,26.0,981.613,"3,41",1.388.086,"91,6",SUBA,GUAYMARAL,2.0,0.0,0.0,2.0,2048.0,988.0,1060.0,9.765625,9.765625,20.242914979757085,0.0
97.0,2018,3,9.0,1,3.0,1,2.0,1,1.0,1,8.0,5.211875,94384.0,420656.0,63.0,15,98.0,122.507,"2,43",2.288.835,"96,61",CHAPINERO,CHICO LAGO,74.0,0.0,39.0,35.0,33942.0,15780.0,18162.0,21.801897354310295,21.801897354310295,22.17997465145754,21.47340601255368
94.0,2018,3,3.0,1,0.0,0,0.0,0,2.0,1,5.0,2.40875,203598.0,216855.0,43.0,8,36.0,22.115,"2,83",1.050.888,"88,9",CANDELARIA,LA CANDELARIA,28.0,0.0,20.0,8.0,17075.0,9012.0,8063.0,16.398243045387993,16.398243045387993,8.87705281846427,24.80466327669602
76.0,2018,3,0.0,0,0.0,0,1.0,1,0.0,0,0.0,2.186666666666667,120020.0,128536.0,0.0,0,21.0,317.179,"3,46",1.428.379,"90,03",FONTIBON,FONTIBON SAN PABLO,3.0,0.0,2.0,1.0,32717.0,16104.0,16613.0,0.9169544884922212,0.9169544884922212,0.620963735717834,1.2038764822729189
114.0,2018,3,0.0,0,0.0,0,2.0,1,1.0,1,3.0,3.8,191930.0,197050.0,9.0,4,24.0,317.179,"3,46",1.428.379,"90,03",FONTIBON,MODELIA,8.0,0.0,5.0,3.0,42000.0,19461.0,22539.0,1.9047619047619049,1.9047619047619049,1.5415446277169724,2.21837703536093
89.0,2018,3,0.0,0,0.0,0,0.0,0,0.0,0,0.0,2.0666666666666664,28245.0,48603.0,0.0,0,3.0,122.507,"2,43",2.288.835,"96,61",CHAPINERO,SAN ISIDRO - PATIOS,1.0,0.0,1.0,0.0,15231.0,7533.0,7698.0,0.6565557087518876,0.6565557087518876,0.0,1.2990387113535984
38.0,2018,3,0.0,0,3.0,1,4.0,1,0.0,0,1.0,3.008,1246305.0,1155330.0,52.0,15,75.0,119.565,"3,92",1.095.184,"90,79",ANTONIO NARIÑO,RESTREPO,19.0,0.0,10.0,9.0,54246.0,26004.0,28242.0,3.502562400914353,3.502562400914353,3.461005999077065,3.540825720558034
52.0,2018,3,0.0,0,0.0,0,0.0,0,0.0,0,0.0,1.0,614920.0,740280.0,0.0,0,176.0,314.431,"4,07",569.872,"82,91",USME,LA FLORA,4.0,0.0,2.0,2.0,18178.0,8980.0,9198.0,2.2004620970403783,2.2004620970403783,2.2271714922048997,2.1743857360295715
96.0,2018,3,0.0,0,0.0,0,0.0,0,0.0,0,3.0,1.7264285714285716,628474.0,648214.0,4.0,2,16.0,96.241,"3,18",896.890,"88,28",SANTA FE,LOURDES,4.0,0.0,2.0,2.0,44303.0,21564.0,22739.0,0.9028733945782453,0.9028733945782453,0.9274717121127805,0.8795461541844409
84.0,2018,3,0.0,0,0.0,0,2.0,1,1.0,1,1.0,1.98,990222.0,1073760.0,1.0,1,30.0,546.809,"3,98",703.807,"85,4",BOSA,BOSA OCCIDENTAL,16.0,0.0,6.0,10.0,195836.0,95646.0,100190.0,0.8170101513511305,0.8170101513511305,1.0455220291491543,0.5988621618924044
111.0,2018,3,0.0,0,0.0,0,1.0,1,0.0,0,2.0,2.9375,64585.0,73290.0,16.0,5,63.0,250.715,"3,55",1.116.511,"90,43",PUENTE ARANDA,PUENTE ARANDA,15.0,0.0,6.0,9.0,10700.0,8209.0,2491.0,14.018691588785046,14.018691588785046,10.963576562309662,24.086712163789645
112.0,2018,3,1.0,1,1.0,1,1.0,1,0.0,0,1.0,3.1133333333333333,126427.0,160027.0,0.0,0,71.0,317.179,"3,46",1.428.379,"90,03",FONTIBON,GRANJAS DE TECHO,22.0,0.0,10.0,12.0,43620.0,20259.0,23361.0,5.0435580009170105,5.0435580009170105,5.923293351103214,4.280638671289756
75.0,2018,3,0.0,0,2.0,1,7.0,1,3.0,1,1.0,2.913,1316550.0,1374890.0,0.0,0,58.0,317.179,"3,46",1.428.379,"90,03",FONTIBON,FONTIBON,26.0,0.0,10.0,16.0,129959.0,62133.0,67826.0,2.000630968228441,2.000630968228441,2.5751211111647594,1.4743608645652109
12.0,2018,3,1.0,1,2.0,1,3.0,1,0.0,0,5.0,3.378,256245.0,260090.0,9.0,3,42.0,430.156,"3,12",1.867.529,"93,6",USAQUEN,TOBERIN,6.0,0.0,3.0,3.0,58835.0,27123.0,31712.0,1.0198011387779382,1.0198011387779382,1.1060723371308483,0.9460141271442987
16.0,2018,3,1.0,1,2.0,1,7.0,1,1.0,1,11.0,5.738888888888889,464238.0,463266.0,18.0,6,60.0,430.156,"3,12",1.867.529,"93,6",USAQUEN,SANTA BARBARA,44.0,0.0,15.0,29.0,67760.0,30437.0,37323.0,6.4935064935064934,6.4935064935064934,9.527877254657161,4.018969536210916
82.0,2018,3,0.0,0,0.0,0,2.0,1,2.0,1,0.0,1.9566666666666668,963012.0,1044870.0,9.0,4,29.0,979.914,"3,72",999.300,"88,94",KENNEDY,PATIO BONITO,28.0,0.0,9.0,19.0,140235.0,69384.0,70851.0,1.9966484829036972,1.9966484829036972,2.7383834889888155,1.2702714146589322
35.0,2018,3,0.0,0,0.0,0,0.0,0,1.0,1,1.0,2.666,168705.0,154565.0,35.0,5,22.0,119.565,"3,92",1.095.184,"90,79",ANTONIO NARIÑO,CIUDAD JARDIN,5.0,0.0,2.0,3.0,24983.0,11921.0,13062.0,2.001360925429292,2.001360925429292,2.516567402063585,1.531159087429184
68.0,2018,3,0.0,0,0.0,0,0.0,0,0.0,0,0.0,1.055,351536.0,380992.0,0.0,0,13.0,593.937,"4,09",505.335,"83,5",CIUDAD BOLIVAR,EL TESORO,3.0,0.0,1.0,2.0,49741.0,24609.0,25132.0,0.6031241832693351,0.6031241832693351,0.8127107968629363,0.39789909279006846
27.0,2018,3,1.0,1,3.0,1,7.0,1,4.0,1,2.0,2.840909090909091,1497236.0,1751217.0,16.0,6,48.0,981.613,"3,41",1.388.086,"91,6",SUBA,SUBA,23.0,0.0,14.0,9.0,166333.0,77901.0,88432.0,1.382768302140886,1.382768302140886,1.1553125120345054,1.5831373258548942
22.0,2018,3,1.0,1,0.0,0,6.0,1,0.0,0,2.0,3.292222222222222,847206.0,887247.0,37.0,8,38.0,230.066,"3,36",1.462.840,"92,44",BARRIOS UNIDOS,DOCE DE OCTUBRE,19.0,0.0,4.0,15.0,64814.0,30527.0,34287.0,2.931465424136761,2.931465424136761,4.913682969174828,1.16662291830723
105.0,2018,3,0.0,0,0.0,0,0.0,0,0.0,0,1.0,2.67,1601.0,2464.0,4.0,1,11.0,824.337,"3,41",1.089.512,"91,78",ENGATIVA,JARDIN BOTANICO,4.0,0.0,1.0,3.0,2482.0,1423.0,1059.0,16.116035455278002,16.116035455278002,21.082220660576244,9.442870632672333
104.0,2018,3,0.0,0,0.0,0,0.0,0,0.0,0,3.0,4.0,19494.0,20424.0,21.0,5,34.0,139.298,"2,87",1.933.116,"96,03",TEUSAQUILLO,PARQUE SIMON BOLIVAR - CAN,17.0,0.0,5.0,12.0,2937.0,1546.0,1391.0,57.88219271365339,57.88219271365339,77.61966364812419,35.94536304816678
74.0,2018,3,0.0,0,0.0,0,1.0,1,0.0,0,2.0,2.0016666666666665,712512.0,784968.0,0.0,0,15.0,824.337,"3,41",1.089.512,"91,78",ENGATIVA,ENGATIVA,8.0,0.0,3.0,5.0,135897.0,65701.0,70196.0,0.5886811335055225,0.5886811335055225,0.7610234243009999,0.4273747791896974
47.0,2018,3,0.0,0,0.0,0,1.0,1,0.0,0,0.0,3.0,865592.0,770256.0,9.0,4,28.0,979.914,"3,72",999.300,"88,94",KENNEDY,KENNEDY CENTRAL,23.0,0.0,12.0,11.0,94686.0,44596.0,50090.0,2.429081384787614,2.429081384787614,2.4665889317427574,2.395687762028349
70.0,2018,3,0.0,0,0.0,0,0.0,0,0.0,0,1.0,1.1733333333333331,789975.0,888237.0,0.0,0,23.0,593.937,"4,09",505.335,"83,5",CIUDAD BOLIVAR,JERUSALEM,3.0,0.0,3.0,0.0,95007.0,46315.0,48692.0,0.3157662067005589,0.3157662067005589,0.0,0.6161176373942331
66.0,2018,3,0.0,0,0.0,0,0.0,0,0.0,0,0.0,1.8425,597168.0,609704.0,4.0,3,26.0,593.937,"4,09",505.335,"83,5",CIUDAD BOLIVAR,SAN FRANCISCO,8.0,0.0,5.0,3.0,68147.0,33151.0,34996.0,1.1739328216942786,1.1739328216942786,0.9049500769207565,1.4287347125385759
65.0,2018,3,0.0,0,0.0,0,0.0,0,0.0,0,1.0,2.463333333333334,349194.0,364512.0,9.0,3,21.0,593.937,"4,09",505.335,"83,5",CIUDAD BOLIVAR,ARBORIZADORA,6.0,0.0,3.0,3.0,77129.0,36651.0,40478.0,0.777917514812846,0.777917514812846,0.8185315543914218,0.7411433371213992
79.0,2018,3,0.0,0,0.0,0,0.0,0,0.0,0,0.0,2.1333333333333333,167274.0,204984.0,3.0,2,22.0,979.914,"3,72",999.300,"88,94",KENNEDY,CALANDAIMA,13.0,0.0,5.0,8.0,120204.0,56697.0,63507.0,1.081494792186616,1.081494792186616,1.4110094008501333,0.7873147841970176
59.0,2018,3,0.0,0,0.0,0,0.0,0,0.0,0,0.0,1.0,163808.0,216380.0,0.0,0,6.0,314.431,"4,07",569.872,"82,91",USME,ALFONSO LOPEZ,4.0,0.0,2.0,2.0,48496.0,23875.0,24621.0,0.8248102936324645,0.8248102936324645,0.837696335078534,0.8123146907111816
45.0,2018,3,0.0,0,0.0,0,1.0,1,1.0,1,0.0,2.7914285714285714,737583.0,674359.0,9.0,4,35.0,979.914,"3,72",999.300,"88,94",KENNEDY,CARVAJAL,18.0,0.0,7.0,11.0,90556.0,43525.0,47031.0,1.9877203056672115,1.9877203056672115,2.527283170591614,1.4883800046777658
20.0,2018,3,1.0,1,0.0,0,7.0,1,34.0,1,15.0,4.996666666666667,231126.0,219822.0,33.0,6,26.0,981.613,"3,41",1.388.086,"91,6",SUBA,LA ALHAMBRA,13.0,0.0,4.0,9.0,39506.0,17788.0,21718.0,3.29063939654736,3.29063939654736,5.059590735327187,1.8417902200939313
51.0,2018,3,0.0,0,0.0,0,0.0,0,0.0,0,0.0,1.68875,263745.0,660861.0,0.0,0,15.0,404.35,"3,73",706.208,"83,68",SAN CRISTOBAL,LOS LIBERTADORES,2.0,0.0,1.0,1.0,73845.0,35930.0,37915.0,0.2708375651702891,0.2708375651702891,0.27831895352073477,0.2637478570486615
115.0,2018,3,0.0,0,1.0,1,0.0,0,0.0,0,3.0,3.314,77135.0,83285.0,6.0,3,26.0,317.179,"3,46",1.428.379,"90,03",FONTIBON,CAPELLANIA,17.0,0.0,7.0,10.0,17190.0,8131.0,9059.0,9.889470622454915,9.889470622454915,12.298610257040954,7.727122198918203
43.0,2018,3,0.0,0,0.0,0,2.0,1,0.0,0,0.0,3.0,844074.0,844239.0,17.0,8,31.0,250.715,"3,55",1.116.511,"90,43",PUENTE ARANDA,SAN RAFAEL,18.0,0.0,5.0,13.0,71167.0,33640.0,37527.0,2.529262158022679,2.529262158022679,3.8644470868014267,1.3323740240360273
25.0,2018,3,2.0,1,1.0,1,4.0,1,0.0,0,6.0,4.04,127070.0,126620.0,24.0,5,25.0,981.613,"3,41",1.388.086,"91,6",SUBA,LA FLORESTA,7.0,0.0,2.0,5.0,40557.0,18384.0,22173.0,1.725965924501319,1.725965924501319,2.7197563098346387,0.9019979254047715
56.0,2018,3,0.0,0,0.0,0,0.0,0,0.0,0,0.0,1.508,205135.0,253351.0,6.0,6,8.0,314.431,"4,07",569.872,"82,91",USME,DANUBIO,6.0,0.0,3.0,3.0,50027.0,24123.0,25904.0,1.1993523497311451,1.1993523497311451,1.2436264146250466,1.1581222977146386
26.0,2018,3,0.0,0,3.0,1,5.0,1,1.0,1,5.0,3.0646153846153847,1441973.0,1441167.0,19.0,5,69.0,824.337,"3,41",1.089.512,"91,78",ENGATIVA,LAS FERIAS,28.0,0.0,11.0,17.0,99530.0,47242.0,52288.0,2.8132221440771628,2.8132221440771628,3.598492866517082,2.103733170134639
102.0,2018,3,1.0,1,1.0,1,3.0,1,0.0,0,10.0,2.8186666666666667,764715.0,782955.0,131.0,15,94.0,94.944,"3,53",1.059.511,"89,78",LOS MARTIRES,LA SABANA,65.0,0.0,16.0,49.0,35073.0,17460.0,17613.0,18.53277449890229,18.53277449890229,28.06414662084765,9.084199171066825
2.0,2018,3,0.0,0,0.0,0,0.0,0,0.0,0,0.0,5.058,10545.0,13800.0,3.0,2,95.0,981.613,"3,41",1.388.086,"91,6",SUBA,LA ACADEMIA,4.0,0.0,2.0,2.0,4077.0,1982.0,2095.0,9.811135638950208,9.811135638950208,10.090817356205854,9.546539379474941
116.0,2018,3,1.0,1,0.0,0,0.0,0,1.0,1,3.0,3.155,24638.0,27282.0,3.0,1,17.0,824.337,"3,41",1.089.512,"91,78",ENGATIVA,ALAMOS,14.0,0.0,8.0,6.0,11820.0,5550.0,6270.0,11.844331641285956,11.844331641285956,10.81081081081081,12.759170653907496
81.0,2018,3,0.0,0,0.0,0,1.0,1,3.0,1,1.0,2.0025,290204.0,283616.0,1.0,1,16.0,979.914,"3,72",999.300,"88,94",KENNEDY,GRAN BRITALIA,11.0,0.0,5.0,6.0,63264.0,30735.0,32529.0,1.7387455741021751,1.7387455741021751,1.9521717911176182,1.5370899812475023
52.0,2018,3,0.0,0,0.0,0,0.0,0,0.0,0,0.0,1.0,614920.0,740280.0,0.0,0,176.0,314.431,"4,07",569.872,"82,91",USME,LA FLORA,4.0,0.0,2.0,2.0,18178.0,8980.0,9198.0,2.2004620970403783,2.2004620970403783,2.2271714922048997,2.1743857360295715
33.0,2018,3,0.0,0,0.0,0,1.0,1,0.0,0,0.0,2.8193333333333332,1647904.0,748256.0,42.0,13,30.0,404.35,"3,73",706.208,"83,68",SAN CRISTOBAL,SOSIEGO,13.0,0.0,10.0,3.0,42167.0,20418.0,21749.0,3.082979581189081,3.082979581189081,1.4692918013517486,4.597912547703342
19.0,2018,3,1.0,1,2.0,1,6.0,1,2.0,1,9.0,3.51625,692512.0,712104.0,25.0,8,34.0,981.613,"3,41",1.388.086,"91,6",SUBA,EL PRADO,21.0,0.0,10.0,11.0,96752.0,44278.0,52474.0,2.1704977674880106,2.1704977674880106,2.4843037174217444,1.9057056828143462
41.0,2018,3,0.0,0,0.0,0,2.0,1,0.0,0,1.0,3.0,523602.0,513468.0,24.0,8,22.0,250.715,"3,55",1.116.511,"90,43",PUENTE ARANDA,MUZU,9.0,0.0,4.0,5.0,56895.0,26833.0,30062.0,1.5818613234906407,1.5818613234906407,1.8633771848097493,1.3305834608475815
37.0,2018,3,0.0,0,1.0,1,1.0,1,0.0,0,5.0,3.0,307027.0,315602.0,40.0,7,41.0,94.944,"3,53",1.059.511,"89,78",LOS MARTIRES,SANTA ISABEL,6.0,0.0,4.0,2.0,38204.0,18413.0,19791.0,1.5705161763166162,1.5705161763166162,1.0861891055232717,2.0211207114344907
107.0,2018,3,0.0,0,1.0,1,3.0,1,1.0,1,3.0,3.77,207448.0,216792.0,32.0,8,35.0,139.298,"2,87",1.933.116,"96,03",TEUSAQUILLO,QUINTA PAREDES,14.0,0.0,5.0,9.0,25448.0,11749.0,13699.0,5.501414649481296,5.501414649481296,7.660226402247,3.649901452660778
73.0,2018,3,1.0,1,0.0,0,2.0,1,0.0,0,3.0,2.775714285714286,955689.0,1044302.0,4.0,2,40.0,824.337,"3,41",1.089.512,"91,78",ENGATIVA,GARCES NAVAS,11.0,0.0,2.0,9.0,160612.0,75640.0,84972.0,0.6848803327273181,0.6848803327273181,1.189846641988366,0.2353716518382526
31.0,2018,3,0.0,0,0.0,0,2.0,1,1.0,1,3.0,3.318333333333334,409362.0,391260.0,10.0,4,38.0,824.337,"3,41",1.089.512,"91,78",ENGATIVA,SANTA CECILIA,21.0,0.0,8.0,13.0,65800.0,30709.0,35091.0,3.1914893617021276,3.1914893617021276,4.2332866586342766,2.2797868399304666
58.0,2018,3,0.0,0,0.0,0,0.0,0,1.0,1,0.0,1.5654545454545454,857659.0,954745.0,0.0,0,29.0,314.431,"4,07",569.872,"82,91",USME,COMUNEROS,5.0,0.0,2.0,3.0,91633.0,44615.0,47018.0,0.5456549496360481,0.5456549496360481,0.6724195898240501,0.42536900761410523
13.0,2018,3,4.0,1,1.0,1,5.0,1,3.0,1,2.0,4.381666666666667,1717632.0,1842552.0,20.0,5,88.0,430.156,"3,12",1.867.529,"93,6",USAQUEN,LOS CEDROS,33.0,0.0,15.0,18.0,123293.0,54733.0,68560.0,2.676550980185412,2.676550980185412,3.2886923793689364,2.1878646441073513
63.0,2018,3,0.0,0,0.0,0,0.0,0,0.0,0,0.0,,1596.0,5864.0,2.0,2,6.0,593.937,"4,09",505.335,"83,5",CIUDAD BOLIVAR,EL MOCHUELO,1.0,0.0,1.0,0.0,36.0,18.0,18.0,277.77777777777777,277.77777777777777,0.0,555.5555555555555
87.0,2018,3,0.0,0,0.0,0,0.0,0,0.0,0,1.0,1.765,212992.0,339512.0,0.0,0,47.0,546.809,"3,98",703.807,"85,4",BOSA,TINTAL SUR,3.0,0.0,0.0,3.0,97019.0,45633.0,51386.0,0.3092177820839217,0.3092177820839217,0.657418973111564,0.0
77.0,2018,3,0.0,0,0.0,0,0.0,0,0.0,0,1.0,2.045,283878.0,356976.0,0.0,0,13.0,317.179,"3,46",1.428.379,"90,03",FONTIBON,ZONA FRANCA,5.0,0.0,2.0,3.0,56771.0,26670.0,30101.0,0.88073135932078,0.88073135932078,1.124859392575928,0.6644297531643467
39.0,2018,3,1.0,1,2.0,1,5.0,1,0.0,0,0.0,3.0,1410480.0,1306815.0,45.0,15,69.0,378.78,"3,72",591.317,"87,06",RAFAEL URIBE URIBE,QUIROGA,25.0,0.0,16.0,9.0,88243.0,42702.0,45541.0,2.8330859104971498,2.8330859104971498,2.107629619221582,3.5133176697920554
108.0,2018,3,0.0,0,0.0,0,0.0,0,1.0,1,2.0,2.685714285714286,33520.0,33976.0,48.0,8,66.0,250.715,"3,55",1.116.511,"90,43",PUENTE ARANDA,ZONA INDUSTRIAL,17.0,0.0,4.0,13.0,5977.0,2974.0,3003.0,28.44236238915844,28.44236238915844,43.71217215870881,13.32001332001332
61.0,2018,3,0.0,0,0.0,0,0.0,0,4.0,1,0.0,1.2366666666666666,79500.0,134960.0,0.0,0,65.0,314.431,"4,07",569.872,"82,91",USME,CIUDAD USME,1.0,0.0,1.0,0.0,22637.0,10939.0,11698.0,0.4417546494676856,0.4417546494676856,0.0,0.8548469823901521
1.0,2018,3,0.0,0,0.0,0,0.0,0,0.0,0,0.0,4.0,52488.0,63828.0,3.0,3,83.0,430.156,"3,12",1.867.529,"93,6",USAQUEN,PASEO DE LOS LIBERTADORES,1.0,0.0,1.0,0.0,2567.0,1279.0,1288.0,3.8955979742890534,3.8955979742890534,0.0,7.763975155279502
46.0,2018,3,0.0,0,0.0,0,2.0,1,1.0,1,1.0,2.72,884656.0,1003288.0,18.0,6,40.0,979.914,"3,72",999.300,"88,94",KENNEDY,CASTILLA,29.0,0.0,9.0,20.0,138657.0,65654.0,73003.0,2.091491954968015,2.091491954968015,3.0462728851250493,1.2328260482445927
85.0,2018,3,1.0,1,1.0,1,3.0,1,2.0,1,1.0,1.9988888888888892,2537808.0,2654832.0,17.0,6,39.0,546.809,"3,98",703.807,"85,4",BOSA,BOSA CENTRAL,20.0,0.0,4.0,16.0,233322.0,112383.0,120939.0,0.857184491818174,0.857184491818174,1.4237028732103612,0.33074525173847974
60.0,2018,3,0.0,0,0.0,0,0.0,0,0.0,0,0.0,1.11,10544.0,15584.0,0.0,0,0.0,314.431,"4,07",569.872,"82,91",USME,PARQUE ENTRENUBES,0.0,0.0,0.0,0.0,0.0,0.0,0.0,0.0,0.0,0.0,0.0
30.0,2018,3,1.0,1,3.0,1,6.0,1,0.0,0,5.0,3.001818181818182,1427481.0,1341120.0,25.0,7,42.0,824.337,"3,41",1.089.512,"91,78",ENGATIVA,BOYACA REAL,23.0,0.0,15.0,8.0,125315.0,59415.0,65900.0,1.8353748553644815,1.8353748553644815,1.3464613313136413,2.276176024279211
72.0,2018,3,0.0,0,0.0,0,1.0,1,0.0,0,3.0,3.0,331356.0,345116.0,4.0,2,21.0,824.337,"3,41",1.089.512,"91,78",ENGATIVA,BOLIVIA,15.0,0.0,8.0,7.0,81481.0,37070.0,44411.0,1.8409199690725444,1.8409199690725444,1.8883193957377933,1.8013555200288218
57.0,2018,3,0.0,0,1.0,1,0.0,0,0.0,0,0.0,1.7740000000000002,1391324.0,1519562.0,3.0,3,23.0,314.431,"4,07",569.872,"82,91",USME,GRAN YOMASA,9.0,0.0,4.0,5.0,123476.0,59837.0,63639.0,0.7288865852473355,0.7288865852473355,0.8356033892073467,0.6285453888338911
23.0,2018,3,0.0,0,0.0,0,4.0,1,15.0,1,4.0,3.5728571428571425,209118.0,255647.0,7.0,5,41.0,981.613,"3,41",1.388.086,"91,6",SUBA,CASA BLANCA SUBA,2.0,0.0,1.0,1.0,52913.0,24468.0,28445.0,0.37797894657267594,0.37797894657267594,0.4086970737289521,0.3515556336790297
88.0,2018,3,0.0,0,0.0,0,0.0,0,0.0,0,15.0,5.9375,358776.0,369156.0,3.0,2,60.0,122.507,"2,43",2.288.835,"96,61",CHAPINERO,EL REFUGIO,16.0,0.0,6.0,10.0,36695.0,16397.0,20298.0,4.360267066357815,4.360267066357815,6.098676587180583,2.955956251847473
9.0,2018,3,0.0,0,1.0,1,4.0,1,1.0,1,0.0,2.7445454545454546,927663.0,1059410.0,9.0,4,60.0,430.156,"3,12",1.867.529,"93,6",USAQUEN,VERBENAL,13.0,0.0,6.0,7.0,119080.0,56578.0,62502.0,1.091703056768559,1.091703056768559,1.2372300187351974,0.9599692809830086
109.0,2018,3,0.0,0,0.0,0,0.0,0,0.0,0,2.0,4.123333333333334,44058.0,53832.0,12.0,3,32.0,139.298,"2,87",1.933.116,"96,03",TEUSAQUILLO,CIUDAD SALITRE ORIENTAL,15.0,0.0,9.0,6.0,21236.0,9763.0,11473.0,7.06347711433415,7.06347711433415,6.145651951244495,7.844504488799791
49.0,2018,3,0.0,0,1.0,1,0.0,0,1.0,1,2.0,2.3333333333333335,124191.0,114375.0,10.0,3,11.0,546.809,"3,98",703.807,"85,4",BOSA,APOGEO,12.0,0.0,5.0,7.0,36791.0,17636.0,19155.0,3.2616672555788098,3.2616672555788098,3.9691540031753236,2.6102845210127907
14.0,2018,3,0.0,0,0.0,0,1.0,1,0.0,0,14.0,4.66,375100.0,457974.0,0.0,0,45.0,430.156,"3,12",1.867.529,"93,6",USAQUEN,USAQUEN,12.0,0.0,4.0,8.0,39868.0,18825.0,21043.0,3.0099327781679546,3.0099327781679546,4.249667994687915,1.9008696478638978
32.0,2018,3,0.0,0,0.0,0,0.0,0,0.0,0,0.0,1.7457142857142858,1408200.0,1428675.0,0.0,0,47.0,404.35,"3,73",706.208,"83,68",SAN CRISTOBAL,SAN BLAS,6.0,0.0,3.0,3.0,97856.0,47245.0,50611.0,0.6131458469587966,0.6131458469587966,0.6349878293999365,0.5927565153820316
92.0,2018,3,0.0,0,0.0,0,0.0,0,0.0,0,9.0,2.5425,132324.0,86100.0,26.0,6,25.0,96.241,"3,18",896.890,"88,28",SANTA FE,LA MACARENA,9.0,0.0,5.0,4.0,12041.0,5866.0,6175.0,7.474462253965618,7.474462253965618,6.818956699624957,8.097165991902834
11.0,2018,3,0.0,0,1.0,1,4.0,1,2.0,1,5.0,2.3000000000000003,373404.0,436080.0,0.0,0,21.0,430.156,"3,12",1.867.529,"93,6",USAQUEN,SAN CRISTOBAL NORTE,10.0,0.0,4.0,6.0,68168.0,32450.0,35718.0,1.4669639713648632,1.4669639713648632,1.8489984591679507,1.1198835321126603
36.0,2018,3,0.0,0,0.0,0,0.0,0,0.0,0,1.0,2.97,350595.0,343350.0,26.0,7,19.0,378.78,"3,72",591.317,"87,06",RAFAEL URIBE URIBE,SAN JOSE,12.0,0.0,0.0,12.0,46555.0,22110.0,24445.0,2.577596391365052,2.577596391365052,5.4274084124830395,0.0
53.0,2018,3,0.0,0,1.0,1,1.0,1,0.0,0,1.0,2.442857142857143,479920.0,461139.0,21.0,6,14.0,378.78,"3,72",591.317,"87,06",RAFAEL URIBE URIBE,MARCO FIDEL SUAREZ,15.0,0.0,6.0,9.0,46417.0,22472.0,23945.0,3.2315746386022366,3.2315746386022366,4.00498398006408,2.505742326164126
50.0,2018,3,0.0,0,1.0,1,0.0,0,0.0,0,0.0,1.9327272727272728,215222.0,1432186.0,1.0,1,21.0,404.35,"3,73",706.208,"83,68",SAN CRISTOBAL,LA GLORIA,8.0,0.0,3.0,5.0,93229.0,45285.0,47944.0,0.8581020926964785,0.8581020926964785,1.1041183614883516,0.6257300183547473
110.0,2018,3,1.0,1,1.0,1,0.0,0,0.0,0,2.0,4.074999999999999,71780.0,82212.0,7.0,2,29.0,317.179,"3,46",1.428.379,"90,03",FONTIBON,CIUDAD SALITRE OCCIDENTAL,13.0,0.0,8.0,5.0,42871.0,20206.0,22665.0,3.0323528725712023,3.0323528725712023,2.4745125210333563,3.5296712993602473
10.0,2018,3,0.0,0,1.0,1,1.0,1,12.0,1,1.0,2.87125,122265.0,153495.0,5.0,2,29.0,430.156,"3,12",1.867.529,"93,6",USAQUEN,LA URIBE,12.0,0.0,5.0,7.0,31194.0,14327.0,16867.0,3.8468936333910366,3.8468936333910366,4.88587980735674,2.9643682931167366
42.0,2018,3,0.0,0,0.0,0,1.0,1,6.0,1,1.0,2.4250000000000003,2179040.0,2310720.0,35.0,13,66.0,182.532,"3,63",829.895,"87,19",TUNJUELITO,VENECIA,30.0,0.0,10.0,20.0,131951.0,63768.0,68183.0,2.2735712499336875,2.2735712499336875,3.1363693388533433,1.4666412448850887
103.0,2018,3,0.0,0,0.0,0,0.0,0,0.0,0,2.0,3.0,10953.0,12423.0,5.0,2,15.0,230.066,"3,36",1.462.840,"92,44",BARRIOS UNIDOS,PARQUE SALITRE,4.0,0.0,0.0,4.0,1339.0,688.0,651.0,29.873039581777448,29.873039581777448,58.13953488372093,0.0
21.0,2018,3,0.0,0,0.0,0,6.0,1,0.0,0,14.0,3.762,225860.0,233125.0,52.0,5,22.0,230.066,"3,36",1.462.840,"92,44",BARRIOS UNIDOS,LOS ANDES,16.0,0.0,9.0,7.0,27253.0,11949.0,15304.0,5.87091329394929,5.87091329394929,5.8582308142940835,5.880815473078934
55.0,2018,3,0.0,0,0.0,0,0.0,0,0.0,0,0.0,1.5539999999999998,379860.0,395955.0,0.0,0,7.0,378.78,"3,72",591.317,"87,06",RAFAEL URIBE URIBE,DIANA TURBAY,2.0,0.0,0.0,2.0,71841.0,34863.0,36978.0,0.27839256135076074,0.27839256135076074,0.5736740957462066,0.0
113.0,2018,3,0.0,0,0.0,0,3.0,1,0.0,0,1.0,3.2925,104270.0,104965.0,8.0,3,26.0,979.914,"3,72",999.300,"88,94",KENNEDY,BAVARIA,14.0,0.0,8.0,6.0,37827.0,17598.0,20229.0,3.701060089354165,3.701060089354165,3.4094783498124785,3.9547184734786693
60.0,2018,3,0.0,0,0.0,0,0.0,0,0.0,0,0.0,1.11,10544.0,15584.0,0.0,0,0.0,314.431,"4,07",569.872,"82,91",USME,PARQUE ENTRENUBES,0.0,0.0,0.0,0.0,0.0,0.0,0.0,0.0,0.0,0.0,0.0
90.0,2018,3,0.0,0,1.0,1,3.0,1,0.0,0,19.0,3.05,275954.0,520674.0,22.0,10,60.0,122.507,"2,43",2.288.835,"96,61",CHAPINERO,PARDO RUBIO,12.0,0.0,4.0,8.0,46307.0,22621.0,23686.0,2.5914008681192913,2.5914008681192913,3.5365368462932674,1.688761293591151
67.0,2018,3,0.0,0,1.0,1,0.0,0,0.0,0,0.0,1.256470588235294,2609568.0,2765373.0,2.0,1,30.0,593.937,"4,09",505.335,"83,5",CIUDAD BOLIVAR,LUCERO,10.0,0.0,5.0,5.0,153854.0,75900.0,77954.0,0.6499668516905638,0.6499668516905638,0.6587615283267456,0.6414039048669727
83.0,2018,3,0.0,0,0.0,0,0.0,0,0.0,0,0.0,2.0,24432.0,29572.0,1.0,1,11.0,979.914,"3,72",999.300,"88,94",KENNEDY,LAS MARGARITAS,5.0,0.0,3.0,2.0,28531.0,13522.0,15009.0,1.7524797588587853,1.7524797588587853,1.4790711433219939,1.998800719568259
101.0,2018,3,1.0,1,0.0,0,3.0,1,0.0,0,14.0,3.8711111111111105,267970.0,273160.0,65.0,10,59.0,139.298,"2,87",1.933.116,"96,03",TEUSAQUILLO,TEUSAQUILLO,28.0,0.0,17.0,11.0,25536.0,12292.0,13244.0,10.964912280701753,10.964912280701753,8.948909860071591,12.836001208094231
54.0,2018,3,0.0,0,0.0,0,0.0,0,0.0,0,1.0,1.83,984621.0,1061115.0,21.0,8,28.0,378.78,"3,72",591.317,"87,06",RAFAEL URIBE URIBE,MARRUECOS,12.0,0.0,5.0,7.0,111476.0,58191.0,53285.0,1.0764648893035274,1.0764648893035274,1.2029351617947792,0.938350380031904
78.0,2018,3,0.0,0,0.0,0,0.0,0,0.0,0,1.0,1.956,79812.0,176088.0,0.0,0,25.0,979.914,"3,72",999.300,"88,94",KENNEDY,TINTAL NORTE,6.0,0.0,1.0,5.0,27577.0,12962.0,14615.0,2.175726148602096,2.175726148602096,3.8574294090418144,0.6842285323297981
100.0,2018,3,1.0,1,1.0,1,2.0,1,1.0,1,7.0,3.59625,300195.0,309096.0,38.0,9,56.0,139.298,"2,87",1.933.116,"96,03",TEUSAQUILLO,GALERIAS,33.0,0.0,8.0,25.0,33749.0,16059.0,17690.0,9.778067498296245,9.778067498296245,15.567594495298586,4.522328999434709
34.0,2018,3,0.0,0,1.0,1,2.0,1,1.0,1,0.0,2.346363636363636,864012.0,1108236.0,26.0,12,30.0,404.35,"3,73",706.208,"83,68",SAN CRISTOBAL,20 DE JULIO,14.0,0.0,6.0,8.0,78361.0,37998.0,40363.0,1.78660302956828,1.78660302956828,2.1053739670508973,1.4865099224537326
106.0,2018,3,0.0,0,0.0,0,1.0,1,1.0,1,1.0,4.164,167560.0,168920.0,17.0,5,30.0,139.298,"2,87",1.933.116,"96,03",TEUSAQUILLO,LA ESMERALDA,12.0,0.0,5.0,7.0,35620.0,16336.0,19284.0,3.3688938798427848,3.3688938798427848,4.285014691478942,2.592823065753993
91.0,2018,3,2.0,1,0.0,0,0.0,0,1.0,1,12.0,3.3285714285714287,96894.0,41153.0,42.0,7,37.0,96.241,"3,18",896.890,"88,28",SANTA FE,SAGRADO CORAZON,26.0,0.0,12.0,14.0,10027.0,4998.0,5029.0,25.929989029620025,25.929989029620025,28.011204481792717,23.861602704314976
95.0,2018,3,0.0,0,0.0,0,0.0,0,0.0,0,8.0,2.0,260205.0,69723.0,19.0,3,15.0,96.241,"3,18",896.890,"88,28",SANTA FE,LAS CRUCES,9.0,0.0,4.0,5.0,20406.0,10293.0,10113.0,4.410467509556013,4.410467509556013,4.85767026134266,3.9553050529022054
40.0,2018,3,0.0,0,0.0,0,2.0,1,0.0,0,1.0,3.0,1219392.0,1267944.0,21.0,8,62.0,250.715,"3,55",1.116.511,"90,43",PUENTE ARANDA,CIUDAD MONTES,12.0,0.0,4.0,8.0,98166.0,46098.0,52068.0,1.222419167532547,1.222419167532547,1.7354332075144256,0.7682261657832066
117.0,2018,3,0.0,0,0.0,0,0.0,0,0.0,0,2.0,3.0,824.0,1670.0,1.0,1,17.0,317.179,"3,46",1.428.379,"90,03",FONTIBON,AEROPUERTO EL DORADO,3.0,0.0,1.0,2.0,756.0,499.0,257.0,39.682539682539684,39.682539682539684,40.080160320641276,38.91050583657588
64.0,2018,3,0.0,0,0.0,0,0.0,0,0.0,0,0.0,1.0,5590.0,25895.0,0.0,0,7.0,593.937,"4,09",505.335,"83,5",CIUDAD BOLIVAR,MONTE BLANCO,1.0,0.0,1.0,0.0,5331.0,2681.0,2650.0,1.8758206715438004,1.8758206715438004,0.0,3.773584905660377
48.0,2018,3,0.0,0,1.0,1,0.0,0,0.0,0,2.0,2.7455555555555557,1310472.0,1325682.0,5.0,3,18.0,979.914,"3,72",999.300,"88,94",KENNEDY,TIMIZA,15.0,0.0,7.0,8.0,141531.0,67482.0,74049.0,1.0598384806155543,1.0598384806155543,1.1855013188702173,0.9453199908168916
98.0,2018,3,0.0,0,2.0,1,6.0,1,0.0,0,17.0,3.0542105263157895,1522242.0,1559634.0,99.0,19,81.0,230.066,"3,36",1.462.840,"92,44",BARRIOS UNIDOS,LOS ALCAZARES,37.0,0.0,17.0,20.0,39720.0,18906.0,20814.0,9.31520644511581,9.31520644511581,10.578652279699565,8.167579513788796
28.0,2018,3,0.0,0,5.0,1,12.0,1,6.0,1,6.0,2.287857142857143,3797108.0,4228084.0,17.0,6,49.0,981.613,"3,41",1.388.086,"91,6",SUBA,EL RINCON,33.0,0.0,15.0,18.0,266238.0,127428.0,138810.0,1.2394924841683006,1.2394924841683006,1.4125623881721443,1.080613788631943
17.0,2018,3,0.0,0,0.0,0,2.0,1,0.0,0,2.0,4.285,226840.0,238870.0,6.0,2,32.0,981.613,"3,41",1.388.086,"91,6",SUBA,SAN JOSE DE BAVARIA,7.0,0.0,4.0,3.0,47245.0,21911.0,25334.0,1.481638268599852,1.481638268599852,1.3691753000775868,1.5789058182679403
24.0,2018,3,2.0,1,1.0,1,11.0,1,1.0,1,5.0,4.819999999999999,859833.0,845949.0,36.0,12,69.0,981.613,"3,41",1.388.086,"91,6",SUBA,NIZA,20.0,0.0,9.0,11.0,76588.0,34962.0,41626.0,2.611375150154071,2.611375150154071,3.146273096504777,2.1621102195743047
44.0,2018,3,0.0,0,2.0,1,1.0,1,0.0,0,0.0,3.22875,673424.0,676672.0,20.0,7,33.0,979.914,"3,72",999.300,"88,94",KENNEDY,AMERICAS,28.0,0.0,8.0,20.0,79652.0,37518.0,42134.0,3.5152915181037514,3.5152915181037514,5.330774561543792,1.8987041344282527
62.0,2018,3,0.0,0,1.0,1,2.0,1,0.0,0,1.0,2.024,338366.0,403893.0,26.0,7,26.0,182.532,"3,63",829.895,"87,19",TUNJUELITO,TUNJUELITO,6.0,0.0,2.0,4.0,39681.0,19601.0,20080.0,1.5120586678763135,1.5120586678763135,2.040712208560788,0.9960159362549801
69.0,2018,3,1.0,1,1.0,1,2.0,1,1.0,1,1.0,1.3691666666666666,1779216.0,1964304.0,13.0,6,22.0,593.937,"4,09",505.335,"83,5",CIUDAD BOLIVAR,ISMAEL PERDOMO,15.0,0.0,8.0,7.0,155423.0,75643.0,79780.0,0.9651081242801902,0.9651081242801902,0.9253995743161958,1.0027575833542242
93.0,2018,3,4.0,1,4.0,1,2.0,1,0.0,0,7.0,2.932857142857143,332178.0,96411.0,80.0,7,52.0,96.241,"3,18",896.890,"88,28",SANTA FE,LAS NIEVES,60.0,0.0,28.0,32.0,16323.0,8457.0,7866.0,36.75794890645102,36.75794890645102,37.838477001300696,35.59623696923468
18.0,2018,3,0.0,0,1.0,1,4.0,1,4.0,1,6.0,3.272,300834.0,346380.0,10.0,3,25.0,981.613,"3,41",1.388.086,"91,6",SUBA,BRITALIA,8.0,0.0,5.0,3.0,82735.0,38291.0,44444.0,0.9669426482141779,0.9669426482141779,0.7834739233762503,1.1250112501125011
15.0,2018,4,0.0,0,0.0,0,0.0,0,3.0,1,8.0,5.395,175550.0,49356.0,6.0,2,21.0,430.156,"3,12",1.867.529,"93,6",USAQUEN,COUNTRY CLUB,6.0,0.0,1.0,5.0,24440.0,10977.0,13463.0,2.454991816693944,2.454991816693944,4.554978591600619,0.7427764985515859
86.0,2018,4,0.0,0,0.0,0,0.0,0,0.0,0,0.0,1.568,321440.0,368145.0,0.0,0,33.0,546.809,"3,98",703.807,"85,4",BOSA,EL PORVENIR,4.0,0.0,2.0,2.0,131429.0,62925.0,68504.0,0.3043468336516294,0.3043468336516294,0.3178386968613429,0.2919537545252832
71.0,2018,4,0.0,0,0.0,0,2.0,1,0.0,0,2.0,2.105,2325960.0,2670912.0,0.0,0,22.0,981.613,"3,41",1.388.086,"91,6",SUBA,TIBABUYES,18.0,0.0,7.0,11.0,274048.0,132345.0,141703.0,0.6568192433442317,0.6568192433442317,0.8311609807699573,0.49399095290854816
29.0,2018,4,1.0,1,2.0,1,1.0,1,1.0,1,4.0,2.713333333333334,1291554.0,1329381.0,30.0,9,32.0,824.337,"3,41",1.089.512,"91,78",ENGATIVA,MINUTO DE DIOS,21.0,0.0,7.0,14.0,109581.0,51503.0,58078.0,1.9163906151613874,1.9163906151613874,2.718288255053104,1.2052756637625264
80.0,2018,4,0.0,0,0.0,0,1.0,1,0.0,0,0.0,2.0025,247816.0,277108.0,11.0,4,19.0,979.914,"3,72",999.300,"88,94",KENNEDY,CORABASTOS,16.0,0.0,9.0,7.0,57028.0,28359.0,28669.0,2.8056393350634776,2.8056393350634776,2.4683521985965657,3.1392793609822456
99.0,2018,4,7.0,1,3.0,1,1.0,1,0.0,0,13.0,3.692,79566.0,121692.0,22.0,6,62.0,122.507,"2,43",2.288.835,"96,61",CHAPINERO,CHAPINERO,79.0,0.0,33.0,46.0,23444.0,11623.0,11821.0,33.69732127623273,33.69732127623273,39.576701367977286,27.916419930631925
3.0,2018,4,0.0,0,0.0,0,0.0,0,0.0,0,0.0,6.0,0.0,1169.0,0.0,0,26.0,981.613,"3,41",1.388.086,"91,6",SUBA,GUAYMARAL,0.0,0.0,0.0,0.0,0.0,0.0,0.0,0.0,0.0,0.0,0.0
97.0,2018,4,9.0,1,3.0,1,3.0,1,1.0,1,9.0,5.211875,94384.0,420656.0,63.0,15,98.0,122.507,"2,43",2.288.835,"96,61",CHAPINERO,CHICO LAGO,94.0,0.0,45.0,49.0,33942.0,15780.0,18162.0,27.694302044664425,27.694302044664425,31.051964512040556,24.777006937561943
94.0,2018,4,4.0,1,0.0,0,0.0,0,2.0,1,5.0,2.40875,203598.0,216855.0,43.0,8,36.0,22.115,"2,83",1.050.888,"88,9",CANDELARIA,LA CANDELARIA,28.0,0.0,17.0,11.0,17075.0,9012.0,8063.0,16.398243045387993,16.398243045387993,12.205947625388372,21.083963785191617
76.0,2018,4,0.0,0,0.0,0,1.0,1,0.0,0,1.0,2.186666666666667,120020.0,128536.0,0.0,0,21.0,317.179,"3,46",1.428.379,"90,03",FONTIBON,FONTIBON SAN PABLO,5.0,0.0,5.0,0.0,32717.0,16104.0,16613.0,1.5282574808203686,1.5282574808203686,0.0,3.009691205682297
114.0,2018,4,0.0,0,0.0,0,2.0,1,1.0,1,4.0,3.8,191930.0,197050.0,9.0,4,24.0,317.179,"3,46",1.428.379,"90,03",FONTIBON,MODELIA,9.0,0.0,4.0,5.0,42000.0,19461.0,22539.0,2.142857142857143,2.142857142857143,2.5692410461949544,1.774701628288744
89.0,2018,4,0.0,0,0.0,0,0.0,0,0.0,0,0.0,2.0666666666666664,28245.0,48603.0,0.0,0,3.0,122.507,"2,43",2.288.835,"96,61",CHAPINERO,SAN ISIDRO - PATIOS,0.0,0.0,0.0,0.0,0.0,0.0,0.0,0.0,0.0,0.0,0.0
38.0,2018,4,0.0,0,3.0,1,4.0,1,0.0,0,1.0,3.008,1246305.0,1155330.0,52.0,15,75.0,119.565,"3,92",1.095.184,"90,79",ANTONIO NARIÑO,RESTREPO,19.0,0.0,9.0,10.0,54246.0,26004.0,28242.0,3.502562400914353,3.502562400914353,3.845562221196739,3.1867431485022304
52.0,2018,4,0.0,0,0.0,0,0.0,0,0.0,0,0.0,1.0,614920.0,740280.0,0.0,0,176.0,314.431,"4,07",569.872,"82,91",USME,LA FLORA,0.0,0.0,0.0,0.0,0.0,0.0,0.0,0.0,0.0,0.0,0.0
96.0,2018,4,0.0,0,0.0,0,0.0,0,0.0,0,4.0,1.7264285714285716,628474.0,648214.0,4.0,2,16.0,96.241,"3,18",896.890,"88,28",SANTA FE,LOURDES,3.0,0.0,1.0,2.0,44303.0,21564.0,22739.0,0.6771550459336839,0.6771550459336839,0.9274717121127805,0.43977307709222047
84.0,2018,4,0.0,0,0.0,0,2.0,1,1.0,1,1.0,1.98,990222.0,1073760.0,1.0,1,30.0,546.809,"3,98",703.807,"85,4",BOSA,BOSA OCCIDENTAL,16.0,0.0,6.0,10.0,195836.0,95646.0,100190.0,0.8170101513511305,0.8170101513511305,1.0455220291491543,0.5988621618924044
111.0,2018,4,0.0,0,0.0,0,1.0,1,0.0,0,2.0,2.9375,64585.0,73290.0,16.0,5,63.0,250.715,"3,55",1.116.511,"90,43",PUENTE ARANDA,PUENTE ARANDA,21.0,0.0,10.0,11.0,10700.0,8209.0,2491.0,19.626168224299068,19.626168224299068,13.399926909489585,40.14452027298274
112.0,2018,4,1.0,1,1.0,1,1.0,1,0.0,0,3.0,3.1133333333333333,126427.0,160027.0,0.0,0,71.0,317.179,"3,46",1.428.379,"90,03",FONTIBON,GRANJAS DE TECHO,27.0,0.0,13.0,14.0,43620.0,20259.0,23361.0,6.1898211829436045,6.1898211829436045,6.9105089096204155,5.564830272676684
75.0,2018,4,0.0,0,2.0,1,7.0,1,3.0,1,3.0,2.913,1316550.0,1374890.0,0.0,0,58.0,317.179,"3,46",1.428.379,"90,03",FONTIBON,FONTIBON,37.0,0.0,11.0,26.0,129959.0,62133.0,67826.0,2.8470517624789355,2.8470517624789355,4.184571805642734,1.621796951021732
12.0,2018,4,1.0,1,2.0,1,3.0,1,0.0,0,6.0,3.378,256245.0,260090.0,9.0,3,42.0,430.156,"3,12",1.867.529,"93,6",USAQUEN,TOBERIN,15.0,0.0,6.0,9.0,58835.0,27123.0,31712.0,2.5495028469448457,2.5495028469448457,3.318217011392545,1.8920282542885973
16.0,2018,4,1.0,1,2.0,1,7.0,1,1.0,1,12.0,5.738888888888889,464238.0,463266.0,18.0,6,60.0,430.156,"3,12",1.867.529,"93,6",USAQUEN,SANTA BARBARA,34.0,0.0,18.0,16.0,67760.0,30437.0,37323.0,5.017709563164108,5.017709563164108,5.2567598646384335,4.822763443453098
82.0,2018,4,0.0,0,0.0,0,2.0,1,2.0,1,0.0,1.9566666666666668,963012.0,1044870.0,9.0,4,29.0,979.914,"3,72",999.300,"88,94",KENNEDY,PATIO BONITO,29.0,0.0,14.0,15.0,140235.0,69384.0,70851.0,2.067957357293115,2.067957357293115,2.1618817018332757,1.9759777561361165
35.0,2018,4,0.0,0,0.0,0,0.0,0,1.0,1,1.0,2.666,168705.0,154565.0,35.0,5,22.0,119.565,"3,92",1.095.184,"90,79",ANTONIO NARIÑO,CIUDAD JARDIN,8.0,0.0,4.0,4.0,24983.0,11921.0,13062.0,3.202177480686867,3.202177480686867,3.3554232027514472,3.062318174858368
68.0,2018,4,0.0,0,0.0,0,0.0,0,1.0,1,0.0,1.055,351536.0,380992.0,0.0,0,13.0,593.937,"4,09",505.335,"83,5",CIUDAD BOLIVAR,EL TESORO,1.0,0.0,0.0,1.0,49741.0,24609.0,25132.0,0.20104139442311172,0.20104139442311172,0.4063553984314682,0.0
27.0,2018,4,1.0,1,5.0,1,7.0,1,4.0,1,2.0,2.840909090909091,1497236.0,1751217.0,16.0,6,48.0,981.613,"3,41",1.388.086,"91,6",SUBA,SUBA,18.0,0.0,11.0,7.0,166333.0,77901.0,88432.0,1.08216649732765,1.08216649732765,0.8985763982490597,1.2438936131717024
22.0,2018,4,1.0,1,0.0,0,7.0,1,0.0,0,2.0,3.292222222222222,847206.0,887247.0,37.0,8,38.0,230.066,"3,36",1.462.840,"92,44",BARRIOS UNIDOS,DOCE DE OCTUBRE,25.0,0.0,11.0,14.0,64814.0,30527.0,34287.0,3.8571913475483695,3.8571913475483695,4.586104104563174,3.208213025344883
105.0,2018,4,0.0,0,0.0,0,0.0,0,0.0,0,1.0,2.67,1601.0,2464.0,4.0,1,11.0,824.337,"3,41",1.089.512,"91,78",ENGATIVA,JARDIN BOTANICO,5.0,0.0,1.0,4.0,2482.0,1423.0,1059.0,20.1450443190975,20.1450443190975,28.109627547434997,9.442870632672333
104.0,2018,4,0.0,0,0.0,0,0.0,0,0.0,0,3.0,4.0,19494.0,20424.0,21.0,5,34.0,139.298,"2,87",1.933.116,"96,03",TEUSAQUILLO,PARQUE SIMON BOLIVAR - CAN,16.0,0.0,7.0,9.0,2937.0,1546.0,1391.0,54.47735784814436,54.47735784814436,58.214747736093145,50.3235082674335
74.0,2018,4,0.0,0,0.0,0,1.0,1,0.0,0,2.0,2.0016666666666665,712512.0,784968.0,0.0,0,15.0,824.337,"3,41",1.089.512,"91,78",ENGATIVA,ENGATIVA,8.0,0.0,2.0,6.0,135897.0,65701.0,70196.0,0.5886811335055225,0.5886811335055225,0.9132281091612,0.2849165194597983
47.0,2018,4,0.0,0,0.0,0,1.0,1,0.0,0,0.0,3.0,865592.0,770256.0,9.0,4,28.0,979.914,"3,72",999.300,"88,94",KENNEDY,KENNEDY CENTRAL,18.0,0.0,9.0,9.0,94686.0,44596.0,50090.0,1.9010202141816108,1.9010202141816108,2.0181182168804375,1.7967658215212619
70.0,2018,4,0.0,0,0.0,0,0.0,0,0.0,0,1.0,1.1733333333333331,789975.0,888237.0,0.0,0,23.0,593.937,"4,09",505.335,"83,5",CIUDAD BOLIVAR,JERUSALEM,9.0,0.0,3.0,6.0,95007.0,46315.0,48692.0,0.9472986201016766,0.9472986201016766,1.2954766274425134,0.6161176373942331
66.0,2018,4,0.0,0,0.0,0,0.0,0,0.0,0,0.0,1.8425,597168.0,609704.0,4.0,3,26.0,593.937,"4,09",505.335,"83,5",CIUDAD BOLIVAR,SAN FRANCISCO,13.0,0.0,8.0,5.0,68147.0,33151.0,34996.0,1.9076408352532026,1.9076408352532026,1.5082501282012608,2.285975540061721
65.0,2018,4,0.0,0,0.0,0,0.0,0,0.0,0,1.0,2.463333333333334,349194.0,364512.0,9.0,3,21.0,593.937,"4,09",505.335,"83,5",CIUDAD BOLIVAR,ARBORIZADORA,8.0,0.0,1.0,7.0,77129.0,36651.0,40478.0,1.0372233530837947,1.0372233530837947,1.9099069602466507,0.2470477790404664
79.0,2018,4,0.0,0,0.0,0,0.0,0,0.0,0,0.0,2.1333333333333333,167274.0,204984.0,3.0,2,22.0,979.914,"3,72",999.300,"88,94",KENNEDY,CALANDAIMA,9.0,0.0,4.0,5.0,120204.0,56697.0,63507.0,0.7487271638215035,0.7487271638215035,0.8818808755313332,0.6298518273576141
59.0,2018,4,0.0,0,0.0,0,0.0,0,0.0,0,0.0,1.0,163808.0,216380.0,0.0,0,6.0,314.431,"4,07",569.872,"82,91",USME,ALFONSO LOPEZ,2.0,0.0,1.0,1.0,48496.0,23875.0,24621.0,0.41240514681623225,0.41240514681623225,0.418848167539267,0.4061573453555908
45.0,2018,4,0.0,0,0.0,0,1.0,1,1.0,1,0.0,2.7914285714285714,737583.0,674359.0,9.0,4,35.0,979.914,"3,72",999.300,"88,94",KENNEDY,CARVAJAL,22.0,0.0,3.0,19.0,90556.0,43525.0,47031.0,2.429435929148814,2.429435929148814,4.365307294658242,0.6378771448618996
20.0,2018,4,1.0,1,0.0,0,7.0,1,34.0,1,16.0,4.996666666666667,231126.0,219822.0,33.0,6,26.0,981.613,"3,41",1.388.086,"91,6",SUBA,LA ALHAMBRA,28.0,0.0,15.0,13.0,39506.0,17788.0,21718.0,7.08753100794816,7.08753100794816,7.308297728805936,6.906713325352242
51.0,2018,4,0.0,0,0.0,0,0.0,0,0.0,0,0.0,1.68875,263745.0,660861.0,0.0,0,15.0,404.35,"3,73",706.208,"83,68",SAN CRISTOBAL,LOS LIBERTADORES,3.0,0.0,1.0,2.0,73845.0,35930.0,37915.0,0.4062563477554337,0.4062563477554337,0.5566379070414695,0.2637478570486615
115.0,2018,4,1.0,1,1.0,1,0.0,0,0.0,0,3.0,3.314,77135.0,83285.0,6.0,3,26.0,317.179,"3,46",1.428.379,"90,03",FONTIBON,CAPELLANIA,16.0,0.0,6.0,10.0,17190.0,8131.0,9059.0,9.307737056428156,9.307737056428156,12.298610257040954,6.623247599072745
43.0,2018,4,0.0,0,0.0,0,2.0,1,1.0,1,0.0,3.0,844074.0,844239.0,17.0,8,31.0,250.715,"3,55",1.116.511,"90,43",PUENTE ARANDA,SAN RAFAEL,17.0,0.0,7.0,10.0,71167.0,33640.0,37527.0,2.3887475936880858,2.3887475936880858,2.972651605231867,1.8653236336504384
25.0,2018,4,2.0,1,1.0,1,4.0,1,0.0,0,6.0,4.04,127070.0,126620.0,24.0,5,25.0,981.613,"3,41",1.388.086,"91,6",SUBA,LA FLORESTA,10.0,0.0,4.0,6.0,40557.0,18384.0,22173.0,2.465665606430456,2.465665606430456,3.2637075718015667,1.803995850809543
56.0,2018,4,0.0,0,0.0,0,0.0,0,0.0,0,0.0,1.508,205135.0,253351.0,6.0,6,8.0,314.431,"4,07",569.872,"82,91",USME,DANUBIO,7.0,0.0,0.0,7.0,50027.0,24123.0,25904.0,1.3992444080196693,1.3992444080196693,2.901794967458442,0.0
26.0,2018,4,0.0,0,3.0,1,5.0,1,1.0,1,5.0,3.0646153846153847,1441973.0,1441167.0,19.0,5,69.0,824.337,"3,41",1.089.512,"91,78",ENGATIVA,LAS FERIAS,32.0,0.0,23.0,9.0,99530.0,47242.0,52288.0,3.215111021802471,3.215111021802471,1.9050844587443376,4.3987148102815175
102.0,2018,4,1.0,1,2.0,1,3.0,1,0.0,0,11.0,2.8186666666666667,764715.0,782955.0,131.0,15,94.0,94.944,"3,53",1.059.511,"89,78",LOS MARTIRES,LA SABANA,71.0,0.0,32.0,39.0,35073.0,17460.0,17613.0,20.243492144954807,20.243492144954807,22.33676975945017,18.16839834213365
2.0,2018,4,0.0,0,0.0,0,0.0,0,0.0,0,0.0,5.058,10545.0,13800.0,3.0,2,95.0,981.613,"3,41",1.388.086,"91,6",SUBA,LA ACADEMIA,5.0,0.0,1.0,4.0,4077.0,1982.0,2095.0,12.263919548687761,12.263919548687761,20.181634712411707,4.773269689737471
116.0,2018,4,1.0,1,0.0,0,0.0,0,1.0,1,4.0,3.155,24638.0,27282.0,3.0,1,17.0,824.337,"3,41",1.089.512,"91,78",ENGATIVA,ALAMOS,9.0,0.0,4.0,5.0,11820.0,5550.0,6270.0,7.614213197969543,7.614213197969543,9.00900900900901,6.379585326953748
81.0,2018,4,0.0,0,0.0,0,1.0,1,3.0,1,1.0,2.0025,290204.0,283616.0,1.0,1,16.0,979.914,"3,72",999.300,"88,94",KENNEDY,GRAN BRITALIA,17.0,0.0,6.0,11.0,63264.0,30735.0,32529.0,2.6871522508851795,2.6871522508851795,3.5789816170489672,1.8445079774970026
52.0,2018,4,0.0,0,0.0,0,0.0,0,0.0,0,0.0,1.0,614920.0,740280.0,0.0,0,176.0,314.431,"4,07",569.872,"82,91",USME,LA FLORA,0.0,0.0,0.0,0.0,0.0,0.0,0.0,0.0,0.0,0.0,0.0
33.0,2018,4,0.0,0,0.0,0,1.0,1,0.0,0,0.0,2.8193333333333332,1647904.0,748256.0,42.0,13,30.0,404.35,"3,73",706.208,"83,68",SAN CRISTOBAL,SOSIEGO,9.0,0.0,5.0,4.0,42167.0,20418.0,21749.0,2.134370479284749,2.134370479284749,1.9590557351356646,2.298956273851671
19.0,2018,4,2.0,1,2.0,1,6.0,1,2.0,1,9.0,3.51625,692512.0,712104.0,25.0,8,34.0,981.613,"3,41",1.388.086,"91,6",SUBA,EL PRADO,21.0,0.0,9.0,12.0,96752.0,44278.0,52474.0,2.1704977674880106,2.1704977674880106,2.71014950991463,1.7151351145329117
41.0,2018,4,0.0,0,0.0,0,2.0,1,0.0,0,1.0,3.0,523602.0,513468.0,24.0,8,22.0,250.715,"3,55",1.116.511,"90,43",PUENTE ARANDA,MUZU,14.0,0.0,5.0,9.0,56895.0,26833.0,30062.0,2.4606731698743296,2.4606731698743296,3.3540789326575484,1.663229326059477
37.0,2018,4,0.0,0,1.0,1,1.0,1,0.0,0,5.0,3.0,307027.0,315602.0,40.0,7,41.0,94.944,"3,53",1.059.511,"89,78",LOS MARTIRES,SANTA ISABEL,15.0,0.0,4.0,11.0,38204.0,18413.0,19791.0,3.9262904407915404,3.9262904407915404,5.9740400803779945,2.0211207114344907
107.0,2018,4,0.0,0,1.0,1,3.0,1,1.0,1,3.0,3.77,207448.0,216792.0,32.0,8,35.0,139.298,"2,87",1.933.116,"96,03",TEUSAQUILLO,QUINTA PAREDES,15.0,0.0,5.0,10.0,25448.0,11749.0,13699.0,5.894372838729959,5.894372838729959,8.511362669163333,3.649901452660778
73.0,2018,4,1.0,1,0.0,0,2.0,1,0.0,0,3.0,2.775714285714286,955689.0,1044302.0,4.0,2,40.0,824.337,"3,41",1.089.512,"91,78",ENGATIVA,GARCES NAVAS,19.0,0.0,8.0,11.0,160612.0,75640.0,84972.0,1.1829751201653675,1.1829751201653675,1.4542570068746694,0.9414866073530104
31.0,2018,4,0.0,0,1.0,1,2.0,1,1.0,1,4.0,3.318333333333334,409362.0,391260.0,10.0,4,38.0,824.337,"3,41",1.089.512,"91,78",ENGATIVA,SANTA CECILIA,19.0,0.0,13.0,6.0,65800.0,30709.0,35091.0,2.8875379939209727,2.8875379939209727,1.9538246116773585,3.704653614887008
58.0,2018,4,0.0,0,0.0,0,0.0,0,1.0,1,0.0,1.5654545454545454,857659.0,954745.0,0.0,0,29.0,314.431,"4,07",569.872,"82,91",USME,COMUNEROS,7.0,0.0,2.0,5.0,91633.0,44615.0,47018.0,0.7639169294904674,0.7639169294904674,1.120699316373417,0.42536900761410523
13.0,2018,4,4.0,1,1.0,1,5.0,1,3.0,1,3.0,4.381666666666667,1717632.0,1842552.0,20.0,5,88.0,430.156,"3,12",1.867.529,"93,6",USAQUEN,LOS CEDROS,43.0,0.0,18.0,25.0,123293.0,54733.0,68560.0,3.487627034787052,3.487627034787052,4.567628304679078,2.6254375729288215
63.0,2018,4,0.0,0,0.0,0,0.0,0,0.0,0,0.0,,1596.0,5864.0,2.0,2,6.0,593.937,"4,09",505.335,"83,5",CIUDAD BOLIVAR,EL MOCHUELO,0.0,0.0,0.0,0.0,0.0,0.0,0.0,0.0,0.0,0.0,0.0
87.0,2018,4,0.0,0,0.0,0,0.0,0,0.0,0,1.0,1.765,212992.0,339512.0,0.0,0,47.0,546.809,"3,98",703.807,"85,4",BOSA,TINTAL SUR,7.0,0.0,4.0,3.0,97019.0,45633.0,51386.0,0.7215081581958174,0.7215081581958174,0.657418973111564,0.778422138325614
77.0,2018,4,1.0,1,0.0,0,0.0,0,0.0,0,1.0,2.045,283878.0,356976.0,0.0,0,13.0,317.179,"3,46",1.428.379,"90,03",FONTIBON,ZONA FRANCA,1.0,0.0,0.0,1.0,56771.0,26670.0,30101.0,0.176146271864156,0.176146271864156,0.3749531308586427,0.0
39.0,2018,4,1.0,1,2.0,1,5.0,1,0.0,0,0.0,3.0,1410480.0,1306815.0,45.0,15,69.0,378.78,"3,72",591.317,"87,06",RAFAEL URIBE URIBE,QUIROGA,28.0,0.0,10.0,18.0,88243.0,42702.0,45541.0,3.173056219756808,3.173056219756808,4.215259238443164,2.1958235436200346
108.0,2018,4,0.0,0,0.0,0,0.0,0,1.0,1,2.0,2.685714285714286,33520.0,33976.0,48.0,8,66.0,250.715,"3,55",1.116.511,"90,43",PUENTE ARANDA,ZONA INDUSTRIAL,16.0,0.0,4.0,12.0,5977.0,2974.0,3003.0,26.76928224861971,26.76928224861971,40.34969737726968,13.32001332001332
61.0,2018,4,0.0,0,0.0,0,0.0,0,4.0,1,0.0,1.2366666666666666,79500.0,134960.0,0.0,0,65.0,314.431,"4,07",569.872,"82,91",USME,CIUDAD USME,3.0,0.0,1.0,2.0,22637.0,10939.0,11698.0,1.3252639484030568,1.3252639484030568,1.8283206874485787,0.8548469823901521
1.0,2018,4,0.0,0,0.0,0,0.0,0,0.0,0,0.0,4.0,52488.0,63828.0,3.0,3,83.0,430.156,"3,12",1.867.529,"93,6",USAQUEN,PASEO DE LOS LIBERTADORES,2.0,0.0,1.0,1.0,2567.0,1279.0,1288.0,7.791195948578107,7.791195948578107,7.818608287724785,7.763975155279502
46.0,2018,4,0.0,0,0.0,0,3.0,1,1.0,1,1.0,2.72,884656.0,1003288.0,18.0,6,40.0,979.914,"3,72",999.300,"88,94",KENNEDY,CASTILLA,31.0,0.0,12.0,19.0,138657.0,65654.0,73003.0,2.2357327794485675,2.2357327794485675,2.8939592408687966,1.6437680643261234
85.0,2018,4,1.0,1,1.0,1,3.0,1,2.0,1,1.0,1.9988888888888892,2537808.0,2654832.0,17.0,6,39.0,546.809,"3,98",703.807,"85,4",BOSA,BOSA CENTRAL,34.0,0.0,13.0,21.0,233322.0,112383.0,120939.0,1.4572136360908958,1.4572136360908958,1.8686100210885987,1.074922068150059
60.0,2018,4,0.0,0,0.0,0,0.0,0,0.0,0,0.0,1.11,10544.0,15584.0,0.0,0,0.0,314.431,"4,07",569.872,"82,91",USME,PARQUE ENTRENUBES,0.0,0.0,0.0,0.0,0.0,0.0,0.0,0.0,0.0,0.0,0.0
30.0,2018,4,1.0,1,3.0,1,6.0,1,0.0,0,5.0,3.001818181818182,1427481.0,1341120.0,25.0,7,42.0,824.337,"3,41",1.089.512,"91,78",ENGATIVA,BOYACA REAL,33.0,0.0,10.0,23.0,125315.0,59415.0,65900.0,2.6333639229142562,2.6333639229142562,3.871076327526719,1.5174506828528074
72.0,2018,4,0.0,0,0.0,0,1.0,1,0.0,0,3.0,3.0,331356.0,345116.0,4.0,2,21.0,824.337,"3,41",1.089.512,"91,78",ENGATIVA,BOLIVIA,14.0,0.0,7.0,7.0,81481.0,37070.0,44411.0,1.718191971134375,1.718191971134375,1.8883193957377933,1.5761860800252188
57.0,2018,4,0.0,0,1.0,1,0.0,0,0.0,0,0.0,1.7740000000000002,1391324.0,1519562.0,3.0,3,23.0,314.431,"4,07",569.872,"82,91",USME,GRAN YOMASA,7.0,0.0,1.0,6.0,123476.0,59837.0,63639.0,0.5669117885257055,0.5669117885257055,1.002724067048816,0.15713634720847278
23.0,2018,4,0.0,0,0.0,0,4.0,1,15.0,1,5.0,3.5728571428571425,209118.0,255647.0,7.0,5,41.0,981.613,"3,41",1.388.086,"91,6",SUBA,CASA BLANCA SUBA,5.0,0.0,2.0,3.0,52913.0,24468.0,28445.0,0.9449473664316898,0.9449473664316898,1.2260912211868564,0.7031112673580594
88.0,2018,4,0.0,0,0.0,0,0.0,0,0.0,0,16.0,5.9375,358776.0,369156.0,3.0,2,60.0,122.507,"2,43",2.288.835,"96,61",CHAPINERO,EL REFUGIO,19.0,0.0,8.0,11.0,36695.0,16397.0,20298.0,5.177817141299904,5.177817141299904,6.708544245898641,3.9412750024632968
9.0,2018,4,0.0,0,1.0,1,4.0,1,1.0,1,0.0,2.7445454545454546,927663.0,1059410.0,9.0,4,60.0,430.156,"3,12",1.867.529,"93,6",USAQUEN,VERBENAL,7.0,0.0,1.0,6.0,119080.0,56578.0,62502.0,0.5878401074907625,0.5878401074907625,1.0604828732015978,0.15999488016383476
109.0,2018,4,0.0,0,0.0,0,0.0,0,0.0,0,2.0,4.123333333333334,44058.0,53832.0,12.0,3,32.0,139.298,"2,87",1.933.116,"96,03",TEUSAQUILLO,CIUDAD SALITRE ORIENTAL,19.0,0.0,10.0,9.0,21236.0,9763.0,11473.0,8.947071011489923,8.947071011489923,9.218477926866742,8.716116098666435
49.0,2018,4,0.0,0,1.0,1,0.0,0,1.0,1,2.0,2.3333333333333335,124191.0,114375.0,10.0,3,11.0,546.809,"3,98",703.807,"85,4",BOSA,APOGEO,5.0,0.0,1.0,4.0,36791.0,17636.0,19155.0,1.3590280231578373,1.3590280231578373,2.2680880018144705,0.5220569042025581
14.0,2018,4,0.0,0,0.0,0,1.0,1,0.0,0,14.0,4.66,375100.0,457974.0,0.0,0,45.0,430.156,"3,12",1.867.529,"93,6",USAQUEN,USAQUEN,14.0,0.0,4.0,10.0,39868.0,18825.0,21043.0,3.511588241195947,3.511588241195947,5.3120849933598935,1.9008696478638978
32.0,2018,4,0.0,0,0.0,0,0.0,0,0.0,0,0.0,1.7457142857142858,1408200.0,1428675.0,0.0,0,47.0,404.35,"3,73",706.208,"83,68",SAN CRISTOBAL,SAN BLAS,2.0,0.0,2.0,0.0,97856.0,47245.0,50611.0,0.20438194898626555,0.20438194898626555,0.0,0.39517101025468776
92.0,2018,4,0.0,0,0.0,0,0.0,0,0.0,0,10.0,2.5425,132324.0,86100.0,26.0,6,25.0,96.241,"3,18",896.890,"88,28",SANTA FE,LA MACARENA,8.0,0.0,2.0,6.0,12041.0,5866.0,6175.0,6.643966447969437,6.643966447969437,10.228435049437435,3.2388663967611335
11.0,2018,4,0.0,0,1.0,1,4.0,1,2.0,1,5.0,2.3000000000000003,373404.0,436080.0,0.0,0,21.0,430.156,"3,12",1.867.529,"93,6",USAQUEN,SAN CRISTOBAL NORTE,5.0,0.0,1.0,4.0,68168.0,32450.0,35718.0,0.7334819856824316,0.7334819856824316,1.2326656394453004,0.2799708830281651
36.0,2018,4,0.0,0,0.0,0,0.0,0,0.0,0,1.0,2.97,350595.0,343350.0,26.0,7,19.0,378.78,"3,72",591.317,"87,06",RAFAEL URIBE URIBE,SAN JOSE,10.0,0.0,4.0,6.0,46555.0,22110.0,24445.0,2.14799699280421,2.14799699280421,2.7137042062415198,1.6363264471262016
53.0,2018,4,0.0,0,1.0,1,1.0,1,0.0,0,1.0,2.442857142857143,479920.0,461139.0,21.0,6,14.0,378.78,"3,72",591.317,"87,06",RAFAEL URIBE URIBE,MARCO FIDEL SUAREZ,8.0,0.0,5.0,3.0,46417.0,22472.0,23945.0,1.7235064739211925,1.7235064739211925,1.33499466002136,2.088118605136772
50.0,2018,4,0.0,0,1.0,1,0.0,0,0.0,0,0.0,1.9327272727272728,215222.0,1432186.0,1.0,1,21.0,404.35,"3,73",706.208,"83,68",SAN CRISTOBAL,LA GLORIA,2.0,0.0,2.0,0.0,93229.0,45285.0,47944.0,0.21452552317411963,0.21452552317411963,0.0,0.41715334556983147
110.0,2018,4,1.0,1,1.0,1,0.0,0,0.0,0,3.0,4.074999999999999,71780.0,82212.0,7.0,2,29.0,317.179,"3,46",1.428.379,"90,03",FONTIBON,CIUDAD SALITRE OCCIDENTAL,15.0,0.0,6.0,9.0,42871.0,20206.0,22665.0,3.4988686991206177,3.4988686991206177,4.454122537860042,2.6472534745201854
10.0,2018,4,0.0,0,1.0,1,1.0,1,13.0,1,1.0,2.87125,122265.0,153495.0,5.0,2,29.0,430.156,"3,12",1.867.529,"93,6",USAQUEN,LA URIBE,8.0,0.0,3.0,5.0,31194.0,14327.0,16867.0,2.5645957555940244,2.5645957555940244,3.489914148111956,1.7786209758700422
42.0,2018,4,0.0,0,0.0,0,1.0,1,6.0,1,1.0,2.4250000000000003,2179040.0,2310720.0,35.0,13,66.0,182.532,"3,63",829.895,"87,19",TUNJUELITO,VENECIA,24.0,0.0,12.0,12.0,131951.0,63768.0,68183.0,1.81885699994695,1.81885699994695,1.881821603312006,1.7599694938621064
103.0,2018,4,0.0,0,0.0,0,0.0,0,0.0,0,2.0,3.0,10953.0,12423.0,5.0,2,15.0,230.066,"3,36",1.462.840,"92,44",BARRIOS UNIDOS,PARQUE SALITRE,2.0,0.0,1.0,1.0,1339.0,688.0,651.0,14.936519790888724,14.936519790888724,14.534883720930232,15.360983102918587
21.0,2018,4,0.0,0,0.0,0,6.0,1,0.0,0,14.0,3.762,225860.0,233125.0,52.0,5,22.0,230.066,"3,36",1.462.840,"92,44",BARRIOS UNIDOS,LOS ANDES,14.0,0.0,6.0,8.0,27253.0,11949.0,15304.0,5.137049132205629,5.137049132205629,6.695120930621809,3.9205436487192893
55.0,2018,4,0.0,0,0.0,0,0.0,0,0.0,0,0.0,1.5539999999999998,379860.0,395955.0,0.0,0,7.0,378.78,"3,72",591.317,"87,06",RAFAEL URIBE URIBE,DIANA TURBAY,3.0,0.0,1.0,2.0,71841.0,34863.0,36978.0,0.41758884202614105,0.41758884202614105,0.5736740957462066,0.27043106712099085
113.0,2018,4,0.0,0,0.0,0,3.0,1,0.0,0,1.0,3.2925,104270.0,104965.0,8.0,3,26.0,979.914,"3,72",999.300,"88,94",KENNEDY,BAVARIA,16.0,0.0,6.0,10.0,37827.0,17598.0,20229.0,4.229782959261903,4.229782959261903,5.6824639163541315,2.9660388551090016
60.0,2018,4,0.0,0,0.0,0,0.0,0,0.0,0,0.0,1.11,10544.0,15584.0,0.0,0,0.0,314.431,"4,07",569.872,"82,91",USME,PARQUE ENTRENUBES,0.0,0.0,0.0,0.0,0.0,0.0,0.0,0.0,0.0,0.0,0.0
90.0,2018,4,0.0,0,1.0,1,3.0,1,0.0,0,20.0,3.05,275954.0,520674.0,22.0,10,60.0,122.507,"2,43",2.288.835,"96,61",CHAPINERO,PARDO RUBIO,19.0,0.0,6.0,13.0,46307.0,22621.0,23686.0,4.10305137452221,4.10305137452221,5.746872375226559,2.5331419403867264
67.0,2018,4,0.0,0,1.0,1,0.0,0,0.0,0,0.0,1.256470588235294,2609568.0,2765373.0,2.0,1,30.0,593.937,"4,09",505.335,"83,5",CIUDAD BOLIVAR,LUCERO,15.0,0.0,9.0,6.0,153854.0,75900.0,77954.0,0.9749502775358456,0.9749502775358456,0.7905138339920948,1.1545270287605511
83.0,2018,4,0.0,0,0.0,0,0.0,0,0.0,0,0.0,2.0,24432.0,29572.0,1.0,1,11.0,979.914,"3,72",999.300,"88,94",KENNEDY,LAS MARGARITAS,6.0,0.0,3.0,3.0,28531.0,13522.0,15009.0,2.1029757106305422,2.1029757106305422,2.218606714982991,1.998800719568259
101.0,2018,4,1.0,1,0.0,0,3.0,1,0.0,0,15.0,3.8711111111111105,267970.0,273160.0,65.0,10,59.0,139.298,"2,87",1.933.116,"96,03",TEUSAQUILLO,TEUSAQUILLO,30.0,0.0,16.0,14.0,25536.0,12292.0,13244.0,11.748120300751879,11.748120300751879,11.389521640091116,12.080942313500453
54.0,2018,4,0.0,0,0.0,0,0.0,0,0.0,0,1.0,1.83,984621.0,1061115.0,21.0,8,28.0,378.78,"3,72",591.317,"87,06",RAFAEL URIBE URIBE,MARRUECOS,15.0,0.0,5.0,10.0,111476.0,58191.0,53285.0,1.345581111629409,1.345581111629409,1.7184788025639703,0.938350380031904
78.0,2018,4,0.0,0,0.0,0,0.0,0,0.0,0,2.0,1.956,79812.0,176088.0,0.0,0,25.0,979.914,"3,72",999.300,"88,94",KENNEDY,TINTAL NORTE,4.0,0.0,3.0,1.0,27577.0,12962.0,14615.0,1.4504840990680639,1.4504840990680639,0.7714858818083629,2.0526855969893942
100.0,2018,4,1.0,1,1.0,1,2.0,1,1.0,1,8.0,3.59625,300195.0,309096.0,38.0,9,56.0,139.298,"2,87",1.933.116,"96,03",TEUSAQUILLO,GALERIAS,29.0,0.0,8.0,21.0,33749.0,16059.0,17690.0,8.592847195472459,8.592847195472459,13.076779376050812,4.522328999434709
34.0,2018,4,0.0,0,1.0,1,2.0,1,1.0,1,0.0,2.346363636363636,864012.0,1108236.0,26.0,12,30.0,404.35,"3,73",706.208,"83,68",SAN CRISTOBAL,20 DE JULIO,7.0,0.0,3.0,4.0,78361.0,37998.0,40363.0,0.89330151478414,0.89330151478414,1.0526869835254486,0.7432549612268663
106.0,2018,4,0.0,0,0.0,0,1.0,1,1.0,1,1.0,4.164,167560.0,168920.0,17.0,5,30.0,139.298,"2,87",1.933.116,"96,03",TEUSAQUILLO,LA ESMERALDA,7.0,0.0,6.0,1.0,35620.0,16336.0,19284.0,1.965188096574958,1.965188096574958,0.6121449559255632,3.1113876789047916
91.0,2018,4,2.0,1,0.0,0,0.0,0,1.0,1,13.0,3.3285714285714287,96894.0,41153.0,42.0,7,37.0,96.241,"3,18",896.890,"88,28",SANTA FE,SAGRADO CORAZON,33.0,0.0,17.0,16.0,10027.0,4998.0,5029.0,32.91113992221003,32.91113992221003,32.012805122048825,33.80393716444621
95.0,2018,4,0.0,0,0.0,0,0.0,0,0.0,0,9.0,2.0,260205.0,69723.0,19.0,3,15.0,96.241,"3,18",896.890,"88,28",SANTA FE,LAS CRUCES,10.0,0.0,5.0,5.0,20406.0,10293.0,10113.0,4.900519455062237,4.900519455062237,4.85767026134266,4.9441313161277565
40.0,2018,4,0.0,0,0.0,0,2.0,1,0.0,0,1.0,3.0,1219392.0,1267944.0,21.0,8,62.0,250.715,"3,55",1.116.511,"90,43",PUENTE ARANDA,CIUDAD MONTES,24.0,0.0,10.0,14.0,98166.0,46098.0,52068.0,2.444838335065094,2.444838335065094,3.037008113150245,1.9205654144580164
117.0,2018,4,0.0,0,0.0,0,0.0,0,0.0,0,3.0,3.0,824.0,1670.0,1.0,1,17.0,317.179,"3,46",1.428.379,"90,03",FONTIBON,AEROPUERTO EL DORADO,6.0,0.0,1.0,5.0,756.0,499.0,257.0,79.36507936507937,79.36507936507937,100.20040080160321,38.91050583657588
64.0,2018,4,0.0,0,0.0,0,0.0,0,0.0,0,0.0,1.0,5590.0,25895.0,0.0,0,7.0,593.937,"4,09",505.335,"83,5",CIUDAD BOLIVAR,MONTE BLANCO,0.0,0.0,0.0,0.0,0.0,0.0,0.0,0.0,0.0,0.0,0.0
48.0,2018,4,0.0,0,1.0,1,0.0,0,0.0,0,2.0,2.7455555555555557,1310472.0,1325682.0,5.0,3,18.0,979.914,"3,72",999.300,"88,94",KENNEDY,TIMIZA,21.0,0.0,7.0,14.0,141531.0,67482.0,74049.0,1.483773872861776,1.483773872861776,2.07462730802288,0.9453199908168916
98.0,2018,4,0.0,0,2.0,1,6.0,1,0.0,0,18.0,3.0542105263157895,1522242.0,1559634.0,99.0,19,81.0,230.066,"3,36",1.462.840,"92,44",BARRIOS UNIDOS,LOS ALCAZARES,46.0,0.0,15.0,31.0,39720.0,18906.0,20814.0,11.581067472306144,11.581067472306144,16.396911033534327,7.206687806284232
28.0,2018,4,0.0,0,5.0,1,12.0,1,6.0,1,6.0,2.287857142857143,3797108.0,4228084.0,17.0,6,49.0,981.613,"3,41",1.388.086,"91,6",SUBA,EL RINCON,24.0,0.0,10.0,14.0,266238.0,127428.0,138810.0,0.9014490793951276,0.9014490793951276,1.098659635245001,0.7204091924212953
17.0,2018,4,0.0,0,0.0,0,2.0,1,0.0,0,2.0,4.285,226840.0,238870.0,6.0,2,32.0,981.613,"3,41",1.388.086,"91,6",SUBA,SAN JOSE DE BAVARIA,12.0,0.0,5.0,7.0,47245.0,21911.0,25334.0,2.539951317599746,2.539951317599746,3.1947423668477017,1.9736322728349256
24.0,2018,4,2.0,1,1.0,1,11.0,1,1.0,1,6.0,4.819999999999999,859833.0,845949.0,36.0,12,69.0,981.613,"3,41",1.388.086,"91,6",SUBA,NIZA,14.0,0.0,8.0,6.0,76588.0,34962.0,41626.0,1.8279626051078497,1.8279626051078497,1.7161489617298782,1.9218757507327153
44.0,2018,4,0.0,0,2.0,1,1.0,1,0.0,0,0.0,3.22875,673424.0,676672.0,20.0,7,33.0,979.914,"3,72",999.300,"88,94",KENNEDY,AMERICAS,41.0,0.0,11.0,30.0,79652.0,37518.0,42134.0,5.147391151509065,5.147391151509065,7.996161842315689,2.6107181848388477
62.0,2018,4,0.0,0,1.0,1,2.0,1,0.0,0,1.0,2.024,338366.0,403893.0,26.0,7,26.0,182.532,"3,63",829.895,"87,19",TUNJUELITO,TUNJUELITO,7.0,0.0,3.0,4.0,39681.0,19601.0,20080.0,1.7640684458556992,1.7640684458556992,2.040712208560788,1.4940239043824701
69.0,2018,4,1.0,1,1.0,1,2.0,1,1.0,1,1.0,1.3691666666666666,1779216.0,1964304.0,13.0,6,22.0,593.937,"4,09",505.335,"83,5",CIUDAD BOLIVAR,ISMAEL PERDOMO,12.0,0.0,2.0,10.0,155423.0,75643.0,79780.0,0.7720864994241522,0.7720864994241522,1.3219993918802797,0.25068939583855604
93.0,2018,4,4.0,1,5.0,1,2.0,1,0.0,0,8.0,2.932857142857143,332178.0,96411.0,80.0,7,52.0,96.241,"3,18",896.890,"88,28",SANTA FE,LAS NIEVES,81.0,0.0,37.0,44.0,16323.0,8457.0,7866.0,49.62323102370888,49.62323102370888,52.02790587678846,47.037884566488685
18.0,2018,4,0.0,0,1.0,1,4.0,1,4.0,1,7.0,3.272,300834.0,346380.0,10.0,3,25.0,981.613,"3,41",1.388.086,"91,6",SUBA,BRITALIA,8.0,0.0,3.0,5.0,82735.0,38291.0,44444.0,0.9669426482141779,0.9669426482141779,1.3057898722937504,0.6750067500675007
15.0,2019,1,0.0,0,0.0,0,0.0,0,3.0,1,7.0,5.395,175550.0,49356.0,6.0,2,21.0,430.156,"3,12",1.867.529,"93,6",USAQUEN,COUNTRY CLUB,8.0,0.0,4.0,4.0,24929.0,11192.0,13737.0,3.2091138834289383,3.2091138834289383,3.5739814152966405,2.9118439251656114
86.0,2019,1,0.0,0,0.0,0,0.0,0,0.0,0,0.0,1.568,321440.0,368145.0,0.0,0,33.0,546.809,"3,98",703.807,"85,4",BOSA,EL PORVENIR,2.0,0.0,1.0,1.0,135550.0,64820.0,70730.0,0.14754703061600885,0.14754703061600885,0.154273372415921,0.14138272303124558
71.0,2019,1,0.0,0,0.0,0,2.0,1,0.0,0,2.0,2.105,2325960.0,2670912.0,0.0,0,22.0,981.613,"3,41",1.388.086,"91,6",SUBA,TIBABUYES,21.0,0.0,10.0,11.0,281383.0,136036.0,145347.0,0.7463137431898871,0.7463137431898871,0.8086094857243671,0.6880086964299228
29.0,2019,1,1.0,1,2.0,1,1.0,1,0.0,0,4.0,2.713333333333334,1291554.0,1329381.0,30.0,9,32.0,824.337,"3,41",1.089.512,"91,78",ENGATIVA,MINUTO DE DIOS,23.0,0.0,8.0,15.0,110128.0,51823.0,58305.0,2.08847886096179,2.08847886096179,2.8944677073886114,1.3720950175799673
80.0,2019,1,0.0,0,0.0,0,1.0,1,0.0,0,0.0,2.0025,247816.0,277108.0,11.0,4,19.0,979.914,"3,72",999.300,"88,94",KENNEDY,CORABASTOS,15.0,0.0,0.0,15.0,56948.0,28431.0,28517.0,2.633981878204678,2.633981878204678,5.275931201857127,0.0
99.0,2019,1,6.0,1,3.0,1,1.0,1,0.0,0,13.0,3.692,79566.0,121692.0,22.0,6,62.0,122.507,"2,43",2.288.835,"96,61",CHAPINERO,CHAPINERO,60.0,0.0,30.0,30.0,24347.0,12130.0,12217.0,24.643693268164455,24.643693268164455,24.7320692497939,24.555946631742653
3.0,2019,1,0.0,0,0.0,0,0.0,0,0.0,0,0.0,6.0,0.0,1169.0,0.0,0,26.0,981.613,"3,41",1.388.086,"91,6",SUBA,GUAYMARAL,0.0,0.0,0.0,0.0,0.0,0.0,0.0,0.0,0.0,0.0,0.0
97.0,2019,1,9.0,1,3.0,1,4.0,1,1.0,1,8.0,5.211875,94384.0,420656.0,63.0,15,98.0,122.507,"2,43",2.288.835,"96,61",CHAPINERO,CHICO LAGO,95.0,0.0,44.0,51.0,35313.0,16528.0,18785.0,26.90227395010336,26.90227395010336,30.8567279767667,23.42294383816875
94.0,2019,1,4.0,1,0.0,0,0.0,0,2.0,1,5.0,2.40875,203598.0,216855.0,43.0,8,36.0,22.115,"2,83",1.050.888,"88,9",CANDELARIA,LA CANDELARIA,25.0,0.0,10.0,15.0,17345.0,9085.0,8260.0,14.413375612568464,14.413375612568464,16.51073197578426,12.106537530266344
76.0,2019,1,0.0,0,0.0,0,1.0,1,0.0,0,1.0,2.186666666666667,120020.0,128536.0,0.0,0,21.0,317.179,"3,46",1.428.379,"90,03",FONTIBON,FONTIBON SAN PABLO,4.0,0.0,0.0,4.0,33461.0,16412.0,17049.0,1.1954215355189624,1.1954215355189624,2.4372410431391667,0.0
114.0,2019,1,0.0,0,0.0,0,2.0,1,1.0,1,4.0,3.8,191930.0,197050.0,9.0,4,24.0,317.179,"3,46",1.428.379,"90,03",FONTIBON,MODELIA,15.0,0.0,5.0,10.0,42974.0,19838.0,23136.0,3.4904826173965655,3.4904826173965655,5.040830728904123,2.161134163208852
89.0,2019,1,0.0,0,0.0,0,0.0,0,0.0,0,0.0,2.0666666666666664,28245.0,48603.0,0.0,0,3.0,122.507,"2,43",2.288.835,"96,61",CHAPINERO,SAN ISIDRO - PATIOS,3.0,0.0,2.0,1.0,15994.0,7940.0,8054.0,1.875703388770789,1.875703388770789,1.2594458438287153,2.4832381425378696
38.0,2019,1,0.0,0,4.0,1,4.0,1,0.0,0,1.0,3.008,1246305.0,1155330.0,52.0,15,75.0,119.565,"3,92",1.095.184,"90,79",ANTONIO NARIÑO,RESTREPO,24.0,0.0,12.0,12.0,54708.0,26059.0,28649.0,4.386926957666155,4.386926957666155,4.604934955293756,4.18862787531851
52.0,2019,1,0.0,0,0.0,0,0.0,0,0.0,0,0.0,1.0,614920.0,740280.0,0.0,0,176.0,314.431,"4,07",569.872,"82,91",USME,LA FLORA,4.0,0.0,2.0,2.0,18698.0,9295.0,9403.0,2.139266231682533,2.139266231682533,2.1516944593867673,2.126980750824205
96.0,2019,1,0.0,0,0.0,0,0.0,0,0.0,0,4.0,1.7264285714285716,628474.0,648214.0,4.0,2,16.0,96.241,"3,18",896.890,"88,28",SANTA FE,LOURDES,3.0,0.0,0.0,3.0,44918.0,21928.0,22990.0,0.6678836991851819,0.6678836991851819,1.368113827070412,0.0
84.0,2019,1,0.0,0,0.0,0,2.0,1,1.0,1,1.0,1.98,990222.0,1073760.0,1.0,1,30.0,546.809,"3,98",703.807,"85,4",BOSA,BOSA OCCIDENTAL,18.0,0.0,3.0,15.0,197601.0,96425.0,101176.0,0.9109265641368212,0.9109265641368212,1.55561317085818,0.29651300703724204
111.0,2019,1,0.0,0,0.0,0,1.0,1,0.0,0,3.0,2.9375,64585.0,73290.0,16.0,5,63.0,250.715,"3,55",1.116.511,"90,43",PUENTE ARANDA,PUENTE ARANDA,18.0,0.0,6.0,12.0,11206.0,8709.0,2497.0,16.062823487417454,16.062823487417454,13.778849466069584,24.028834601521826
112.0,2019,1,1.0,1,1.0,1,1.0,1,1.0,1,3.0,3.1133333333333333,126427.0,160027.0,0.0,0,71.0,317.179,"3,46",1.428.379,"90,03",FONTIBON,GRANJAS DE TECHO,22.0,0.0,10.0,12.0,46245.0,21402.0,24843.0,4.7572710563304135,4.7572710563304135,5.60695262125035,4.0252787505534755
75.0,2019,1,0.0,0,2.0,1,7.0,1,3.0,1,3.0,2.913,1316550.0,1374890.0,0.0,0,58.0,317.179,"3,46",1.428.379,"90,03",FONTIBON,FONTIBON,19.0,0.0,6.0,13.0,132714.0,63221.0,69493.0,1.4316500143165003,1.4316500143165003,2.0562787681308428,0.8633963132977422
12.0,2019,1,1.0,1,2.0,1,4.0,1,0.0,0,5.0,3.378,256245.0,260090.0,9.0,3,42.0,430.156,"3,12",1.867.529,"93,6",USAQUEN,TOBERIN,20.0,0.0,7.0,13.0,60120.0,27692.0,32428.0,3.32667997338656,3.32667997338656,4.6944966055178385,2.1586283458739364
16.0,2019,1,1.0,1,2.0,1,7.0,1,1.0,1,12.0,5.738888888888889,464238.0,463266.0,18.0,6,60.0,430.156,"3,12",1.867.529,"93,6",USAQUEN,SANTA BARBARA,43.0,0.0,21.0,22.0,69695.0,31338.0,38357.0,6.169739579596815,6.169739579596815,7.02023102942115,5.474880725812759
82.0,2019,1,0.0,0,0.0,0,2.0,1,2.0,1,0.0,1.9566666666666668,963012.0,1044870.0,9.0,4,29.0,979.914,"3,72",999.300,"88,94",KENNEDY,PATIO BONITO,19.0,0.0,4.0,15.0,139919.0,69495.0,70424.0,1.3579285157841323,1.3579285157841323,2.158428663932657,0.5679881858457344
35.0,2019,1,0.0,0,0.0,0,1.0,1,1.0,1,1.0,2.666,168705.0,154565.0,35.0,5,22.0,119.565,"3,92",1.095.184,"90,79",ANTONIO NARIÑO,CIUDAD JARDIN,3.0,0.0,0.0,3.0,25387.0,12038.0,13349.0,1.18170717296254,1.18170717296254,2.492108323641801,0.0
68.0,2019,1,0.0,0,0.0,0,0.0,0,1.0,1,0.0,1.055,351536.0,380992.0,0.0,0,13.0,593.937,"4,09",505.335,"83,5",CIUDAD BOLIVAR,EL TESORO,1.0,0.0,0.0,1.0,51170.0,25484.0,25686.0,0.19542700801250734,0.19542700801250734,0.3924030764401193,0.0
27.0,2019,1,1.0,1,5.0,1,7.0,1,4.0,1,2.0,2.840909090909091,1497236.0,1751217.0,16.0,6,48.0,981.613,"3,41",1.388.086,"91,6",SUBA,SUBA,20.0,0.0,12.0,8.0,170068.0,79760.0,90308.0,1.1760001881600302,1.1760001881600302,1.0030090270812437,1.3287859325862605
22.0,2019,1,1.0,1,0.0,0,5.0,1,0.0,0,2.0,3.292222222222222,847206.0,887247.0,37.0,8,38.0,230.066,"3,36",1.462.840,"92,44",BARRIOS UNIDOS,DOCE DE OCTUBRE,22.0,0.0,9.0,13.0,67629.0,32457.0,35172.0,3.253042333910009,3.253042333910009,4.005299319099116,2.5588536335721597
105.0,2019,1,0.0,0,0.0,0,0.0,0,0.0,0,1.0,2.67,1601.0,2464.0,4.0,1,11.0,824.337,"3,41",1.089.512,"91,78",ENGATIVA,JARDIN BOTANICO,5.0,0.0,2.0,3.0,2616.0,1504.0,1112.0,19.1131498470948,19.1131498470948,19.946808510638295,17.98561151079137
104.0,2019,1,0.0,0,0.0,0,0.0,0,0.0,0,3.0,4.0,19494.0,20424.0,21.0,5,34.0,139.298,"2,87",1.933.116,"96,03",TEUSAQUILLO,PARQUE SIMON BOLIVAR - CAN,16.0,0.0,8.0,8.0,3087.0,1586.0,1501.0,51.830255911888564,51.830255911888564,50.441361916771754,53.29780146568954
74.0,2019,1,0.0,0,0.0,0,1.0,1,0.0,0,2.0,2.0016666666666665,712512.0,784968.0,0.0,0,15.0,824.337,"3,41",1.089.512,"91,78",ENGATIVA,ENGATIVA,6.0,0.0,3.0,3.0,138394.0,66983.0,71411.0,0.43354480685578856,0.43354480685578856,0.4478748339130824,0.42010334542297406
47.0,2019,1,0.0,0,0.0,0,1.0,1,0.0,0,1.0,3.0,865592.0,770256.0,9.0,4,28.0,979.914,"3,72",999.300,"88,94",KENNEDY,KENNEDY CENTRAL,18.0,0.0,9.0,9.0,94456.0,44672.0,49784.0,1.9056491911577877,1.9056491911577877,2.0146848137535818,1.807809738068456
70.0,2019,1,0.0,0,0.0,0,0.0,0,0.0,0,1.0,1.1733333333333331,789975.0,888237.0,0.0,0,23.0,593.937,"4,09",505.335,"83,5",CIUDAD BOLIVAR,JERUSALEM,6.0,0.0,2.0,4.0,97492.0,47838.0,49654.0,0.6154351126246256,0.6154351126246256,0.8361553576654542,0.4027872880331897
66.0,2019,1,0.0,0,0.0,0,0.0,0,0.0,0,0.0,1.8425,597168.0,609704.0,4.0,3,26.0,593.937,"4,09",505.335,"83,5",CIUDAD BOLIVAR,SAN FRANCISCO,11.0,0.0,5.0,6.0,69426.0,34000.0,35426.0,1.5844208221703684,1.5844208221703684,1.7647058823529413,1.4113927623779146
65.0,2019,1,0.0,0,0.0,0,0.0,0,0.0,0,1.0,2.463333333333334,349194.0,364512.0,9.0,3,21.0,593.937,"4,09",505.335,"83,5",CIUDAD BOLIVAR,ARBORIZADORA,14.0,0.0,5.0,9.0,79580.0,38071.0,41509.0,1.759235988941945,1.759235988941945,2.3640040976071024,1.2045580476523163
79.0,2019,1,0.0,0,0.0,0,0.0,0,0.0,0,0.0,2.1333333333333333,167274.0,204984.0,3.0,2,22.0,979.914,"3,72",999.300,"88,94",KENNEDY,CALANDAIMA,14.0,0.0,4.0,10.0,124532.0,58974.0,65558.0,1.1242090386406707,1.1242090386406707,1.6956624953369281,0.61014674029104
59.0,2019,1,0.0,0,0.0,0,0.0,0,0.0,0,0.0,1.0,163808.0,216380.0,0.0,0,6.0,314.431,"4,07",569.872,"82,91",USME,ALFONSO LOPEZ,3.0,0.0,2.0,1.0,49878.0,24695.0,25183.0,0.6014675808973896,0.6014675808973896,0.4049402713099817,0.7941865544216336
45.0,2019,1,0.0,0,0.0,0,1.0,1,1.0,1,1.0,2.7914285714285714,737583.0,674359.0,9.0,4,35.0,979.914,"3,72",999.300,"88,94",KENNEDY,CARVAJAL,18.0,0.0,6.0,12.0,90319.0,43587.0,46732.0,1.9929361485401744,1.9929361485401744,2.753114460733705,1.283916802191218
20.0,2019,1,1.0,1,0.0,0,7.0,1,40.0,1,16.0,4.996666666666667,231126.0,219822.0,33.0,6,26.0,981.613,"3,41",1.388.086,"91,6",SUBA,LA ALHAMBRA,24.0,0.0,13.0,11.0,41140.0,18539.0,22601.0,5.8337384540593105,5.8337384540593105,5.933437617994498,5.751957877970002
51.0,2019,1,0.0,0,0.0,0,0.0,0,0.0,0,0.0,1.68875,263745.0,660861.0,0.0,0,15.0,404.35,"3,73",706.208,"83,68",SAN CRISTOBAL,LOS LIBERTADORES,2.0,0.0,1.0,1.0,75389.0,36613.0,38776.0,0.2652906922760615,0.2652906922760615,0.27312703138229594,0.2578914792655251
115.0,2019,1,1.0,1,2.0,1,0.0,0,0.0,0,3.0,3.314,77135.0,83285.0,6.0,3,26.0,317.179,"3,46",1.428.379,"90,03",FONTIBON,CAPELLANIA,14.0,0.0,3.0,11.0,17600.0,8297.0,9303.0,7.954545454545455,7.954545454545455,13.257804025551405,3.224766204450177
43.0,2019,1,0.0,0,0.0,0,2.0,1,1.0,1,1.0,3.0,844074.0,844239.0,17.0,8,31.0,250.715,"3,55",1.116.511,"90,43",PUENTE ARANDA,SAN RAFAEL,13.0,0.0,5.0,8.0,72177.0,34309.0,37868.0,1.8011277830887957,1.8011277830887957,2.331749686671136,1.3203760430970741
25.0,2019,1,2.0,1,2.0,1,4.0,1,0.0,0,6.0,4.04,127070.0,126620.0,24.0,5,25.0,981.613,"3,41",1.388.086,"91,6",SUBA,LA FLORESTA,17.0,0.0,6.0,11.0,42823.0,19418.0,23405.0,3.969829297340214,3.969829297340214,5.664847049129673,2.563554795983764
56.0,2019,1,0.0,0,0.0,0,0.0,0,0.0,0,0.0,1.508,205135.0,253351.0,6.0,6,8.0,314.431,"4,07",569.872,"82,91",USME,DANUBIO,10.0,0.0,2.0,8.0,52258.0,25327.0,26931.0,1.913582609361246,1.913582609361246,3.1586844079440914,0.7426385949277784
26.0,2019,1,0.0,0,3.0,1,5.0,1,1.0,1,5.0,3.0646153846153847,1441973.0,1441167.0,19.0,5,69.0,824.337,"3,41",1.089.512,"91,78",ENGATIVA,LAS FERIAS,45.0,0.0,22.0,23.0,100323.0,47687.0,52636.0,4.485511796896026,4.485511796896026,4.823117411453856,4.179648909491602
102.0,2019,1,1.0,1,2.0,1,3.0,1,0.0,0,11.0,2.8186666666666667,764715.0,782955.0,131.0,15,94.0,94.944,"3,53",1.059.511,"89,78",LOS MARTIRES,LA SABANA,63.0,0.0,20.0,43.0,39473.0,18761.0,20712.0,15.960276644795178,15.960276644795178,22.919886999626886,9.656237929702588
2.0,2019,1,0.0,0,0.0,0,0.0,0,0.0,0,0.0,5.058,10545.0,13800.0,3.0,2,95.0,981.613,"3,41",1.388.086,"91,6",SUBA,LA ACADEMIA,1.0,0.0,0.0,1.0,4483.0,2177.0,2306.0,2.230649118893598,2.230649118893598,4.593477262287552,0.0
116.0,2019,1,1.0,1,1.0,1,0.0,0,1.0,1,4.0,3.155,24638.0,27282.0,3.0,1,17.0,824.337,"3,41",1.089.512,"91,78",ENGATIVA,ALAMOS,8.0,0.0,3.0,5.0,11944.0,5613.0,6331.0,6.697923643670462,6.697923643670462,8.907892392659896,4.73858790080556
81.0,2019,1,0.0,0,0.0,0,1.0,1,3.0,1,1.0,2.0025,290204.0,283616.0,1.0,1,16.0,979.914,"3,72",999.300,"88,94",KENNEDY,GRAN BRITALIA,5.0,0.0,1.0,4.0,63103.0,30784.0,32319.0,0.792355355529848,0.792355355529848,1.2993762993762994,0.3094155140938767
52.0,2019,1,0.0,0,0.0,0,0.0,0,0.0,0,0.0,1.0,614920.0,740280.0,0.0,0,176.0,314.431,"4,07",569.872,"82,91",USME,LA FLORA,4.0,0.0,2.0,2.0,18698.0,9295.0,9403.0,2.139266231682533,2.139266231682533,2.1516944593867673,2.126980750824205
33.0,2019,1,0.0,0,0.0,0,2.0,1,0.0,0,0.0,2.8193333333333332,1647904.0,748256.0,42.0,13,30.0,404.35,"3,73",706.208,"83,68",SAN CRISTOBAL,SOSIEGO,8.0,0.0,4.0,4.0,42929.0,20777.0,22152.0,1.8635421276992243,1.8635421276992243,1.9252057563652114,1.8057060310581439
19.0,2019,1,2.0,1,3.0,1,6.0,1,2.0,1,8.0,3.51625,692512.0,712104.0,25.0,8,34.0,981.613,"3,41",1.388.086,"91,6",SUBA,EL PRADO,29.0,0.0,14.0,15.0,100927.0,46205.0,54722.0,2.8733639164940996,2.8733639164940996,3.246401904555784,2.558386023902635
41.0,2019,1,0.0,0,0.0,0,1.0,1,0.0,0,2.0,3.0,523602.0,513468.0,24.0,8,22.0,250.715,"3,55",1.116.511,"90,43",PUENTE ARANDA,MUZU,11.0,0.0,5.0,6.0,57874.0,27440.0,30434.0,1.900680789300895,1.900680789300895,2.186588921282799,1.6428993888414274
37.0,2019,1,0.0,0,1.0,1,1.0,1,0.0,0,5.0,3.0,307027.0,315602.0,40.0,7,41.0,94.944,"3,53",1.059.511,"89,78",LOS MARTIRES,SANTA ISABEL,10.0,0.0,4.0,6.0,43484.0,19996.0,23488.0,2.2996964400699107,2.2996964400699107,3.000600120024005,1.7029972752043596
107.0,2019,1,0.0,0,1.0,1,3.0,1,1.0,1,3.0,3.77,207448.0,216792.0,32.0,8,35.0,139.298,"2,87",1.933.116,"96,03",TEUSAQUILLO,QUINTA PAREDES,9.0,0.0,1.0,8.0,26739.0,11967.0,14772.0,3.365870077415012,3.365870077415012,6.685050555694827,0.6769564040075818
73.0,2019,1,1.0,1,0.0,0,3.0,1,1.0,1,3.0,2.775714285714286,955689.0,1044302.0,4.0,2,40.0,824.337,"3,41",1.089.512,"91,78",ENGATIVA,GARCES NAVAS,25.0,0.0,11.0,14.0,163652.0,77170.0,86482.0,1.5276318040720556,1.5276318040720556,1.8141764934560063,1.271940981938438
31.0,2019,1,0.0,0,1.0,1,2.0,1,0.0,0,4.0,3.318333333333334,409362.0,391260.0,10.0,4,38.0,824.337,"3,41",1.089.512,"91,78",ENGATIVA,SANTA CECILIA,21.0,0.0,8.0,13.0,66554.0,31112.0,35442.0,3.1553325119451876,3.1553325119451876,4.178452044227308,2.257208961119576
58.0,2019,1,0.0,0,0.0,0,0.0,0,1.0,1,0.0,1.5654545454545454,857659.0,954745.0,0.0,0,29.0,314.431,"4,07",569.872,"82,91",USME,COMUNEROS,3.0,0.0,2.0,1.0,94210.0,46146.0,48064.0,0.3184375331705764,0.3184375331705764,0.21670350626273133,0.41611185086551267
13.0,2019,1,3.0,1,1.0,1,5.0,1,2.0,1,3.0,4.381666666666667,1717632.0,1842552.0,20.0,5,88.0,430.156,"3,12",1.867.529,"93,6",USAQUEN,LOS CEDROS,36.0,0.0,19.0,17.0,126708.0,56234.0,70474.0,2.8411781418694955,2.8411781418694955,3.023082121136679,2.6960297414649377
63.0,2019,1,0.0,0,0.0,0,0.0,0,0.0,0,0.0,,1596.0,5864.0,2.0,2,6.0,593.937,"4,09",505.335,"83,5",CIUDAD BOLIVAR,EL MOCHUELO,3.0,0.0,1.0,2.0,36.0,18.0,18.0,833.3333333333333,833.3333333333333,1111.111111111111,555.5555555555555
87.0,2019,1,0.0,0,0.0,0,0.0,0,0.0,0,1.0,1.765,212992.0,339512.0,0.0,0,47.0,546.809,"3,98",703.807,"85,4",BOSA,TINTAL SUR,2.0,0.0,1.0,1.0,102194.0,48023.0,54171.0,0.1957062058437873,0.1957062058437873,0.20823355475501323,0.18460061656605933
77.0,2019,1,1.0,1,0.0,0,0.0,0,0.0,0,1.0,2.045,283878.0,356976.0,0.0,0,13.0,317.179,"3,46",1.428.379,"90,03",FONTIBON,ZONA FRANCA,7.0,0.0,2.0,5.0,59305.0,27758.0,31547.0,1.1803389258915773,1.1803389258915773,1.8012825131493622,0.633974704409294
39.0,2019,1,1.0,1,2.0,1,5.0,1,0.0,0,0.0,3.0,1410480.0,1306815.0,45.0,15,69.0,378.78,"3,72",591.317,"87,06",RAFAEL URIBE URIBE,QUIROGA,31.0,0.0,10.0,21.0,90059.0,43506.0,46553.0,3.44218789904396,3.44218789904396,4.826920424768997,2.148089274590252
108.0,2019,1,0.0,0,0.0,0,0.0,0,1.0,1,2.0,2.685714285714286,33520.0,33976.0,48.0,8,66.0,250.715,"3,55",1.116.511,"90,43",PUENTE ARANDA,ZONA INDUSTRIAL,28.0,0.0,8.0,20.0,6185.0,3095.0,3090.0,45.270816491511724,45.270816491511724,64.62035541195478,25.889967637540455
61.0,2019,1,0.0,0,0.0,0,0.0,0,4.0,1,0.0,1.2366666666666666,79500.0,134960.0,0.0,0,65.0,314.431,"4,07",569.872,"82,91",USME,CIUDAD USME,0.0,0.0,0.0,0.0,0.0,0.0,0.0,0.0,0.0,0.0,0.0
1.0,2019,1,0.0,0,0.0,0,0.0,0,0.0,0,0.0,4.0,52488.0,63828.0,3.0,3,83.0,430.156,"3,12",1.867.529,"93,6",USAQUEN,PASEO DE LOS LIBERTADORES,5.0,0.0,2.0,3.0,2602.0,1291.0,1311.0,19.21598770176787,19.21598770176787,23.237800154918666,15.255530129672007
46.0,2019,1,0.0,0,0.0,0,3.0,1,1.0,1,2.0,2.72,884656.0,1003288.0,18.0,6,40.0,979.914,"3,72",999.300,"88,94",KENNEDY,CASTILLA,32.0,0.0,12.0,20.0,140078.0,66586.0,73492.0,2.284441525435829,2.284441525435829,3.0036343976211213,1.6328307843030534
85.0,2019,1,1.0,1,1.0,1,3.0,1,2.0,1,1.0,1.9988888888888892,2537808.0,2654832.0,17.0,6,39.0,546.809,"3,98",703.807,"85,4",BOSA,BOSA CENTRAL,30.0,0.0,10.0,20.0,235147.0,113170.0,121977.0,1.2757976925072403,1.2757976925072403,1.7672528055138288,0.819826688638022
60.0,2019,1,0.0,0,0.0,0,0.0,0,0.0,0,0.0,1.11,10544.0,15584.0,0.0,0,0.0,314.431,"4,07",569.872,"82,91",USME,PARQUE ENTRENUBES,0.0,0.0,0.0,0.0,0.0,0.0,0.0,0.0,0.0,0.0,0.0
30.0,2019,1,1.0,1,4.0,1,6.0,1,0.0,0,5.0,3.001818181818182,1427481.0,1341120.0,25.0,7,42.0,824.337,"3,41",1.089.512,"91,78",ENGATIVA,BOYACA REAL,35.0,0.0,13.0,22.0,126709.0,60161.0,66548.0,2.762234726814986,2.762234726814986,3.6568541081431496,1.9534771893971268
72.0,2019,1,0.0,0,0.0,0,1.0,1,0.0,0,3.0,3.0,331356.0,345116.0,4.0,2,21.0,824.337,"3,41",1.089.512,"91,78",ENGATIVA,BOLIVIA,11.0,0.0,4.0,7.0,82460.0,37550.0,44910.0,1.3339801115692458,1.3339801115692458,1.8641810918774968,0.890670229347584
57.0,2019,1,0.0,0,2.0,1,0.0,0,0.0,0,0.0,1.7740000000000002,1391324.0,1519562.0,3.0,3,23.0,314.431,"4,07",569.872,"82,91",USME,GRAN YOMASA,11.0,0.0,3.0,8.0,126215.0,61508.0,64707.0,0.8715287406409697,0.8715287406409697,1.3006438186902516,0.463628355510223
23.0,2019,1,0.0,0,0.0,0,4.0,1,18.0,1,5.0,3.5728571428571425,209118.0,255647.0,7.0,5,41.0,981.613,"3,41",1.388.086,"91,6",SUBA,CASA BLANCA SUBA,9.0,0.0,8.0,1.0,56335.0,26066.0,30269.0,1.5975858702405255,1.5975858702405255,0.3836415253587048,2.642968053123658
88.0,2019,1,0.0,0,0.0,0,0.0,0,0.0,0,15.0,5.9375,358776.0,369156.0,3.0,2,60.0,122.507,"2,43",2.288.835,"96,61",CHAPINERO,EL REFUGIO,18.0,0.0,8.0,10.0,38133.0,17147.0,20986.0,4.720320981826764,4.720320981826764,5.83192395171167,3.812065186314686
9.0,2019,1,0.0,0,1.0,1,4.0,1,1.0,1,0.0,2.7445454545454546,927663.0,1059410.0,9.0,4,60.0,430.156,"3,12",1.867.529,"93,6",USAQUEN,VERBENAL,7.0,0.0,4.0,3.0,122844.0,58302.0,64542.0,0.5698284002474684,0.5698284002474684,0.5145621076463929,0.6197514796566577
109.0,2019,1,0.0,0,0.0,0,0.0,0,0.0,0,2.0,4.123333333333334,44058.0,53832.0,12.0,3,32.0,139.298,"2,87",1.933.116,"96,03",TEUSAQUILLO,CIUDAD SALITRE ORIENTAL,12.0,0.0,4.0,8.0,22721.0,10122.0,12599.0,5.281457682320321,5.281457682320321,7.903576368306659,3.1748551472339077
49.0,2019,1,0.0,0,1.0,1,0.0,0,0.0,0,2.0,2.3333333333333335,124191.0,114375.0,10.0,3,11.0,546.809,"3,98",703.807,"85,4",BOSA,APOGEO,8.0,0.0,5.0,3.0,36681.0,17572.0,19109.0,2.1809656225293748,2.1809656225293748,1.7072615524698385,2.616568109267884
14.0,2019,1,0.0,0,0.0,0,1.0,1,0.0,0,13.0,4.66,375100.0,457974.0,0.0,0,45.0,430.156,"3,12",1.867.529,"93,6",USAQUEN,USAQUEN,13.0,0.0,7.0,6.0,40865.0,19334.0,21531.0,3.18120641135446,3.18120641135446,3.1033412640943414,3.251126283033765
32.0,2019,1,0.0,0,0.0,0,0.0,0,0.0,0,0.0,1.7457142857142858,1408200.0,1428675.0,0.0,0,47.0,404.35,"3,73",706.208,"83,68",SAN CRISTOBAL,SAN BLAS,7.0,0.0,4.0,3.0,100161.0,48278.0,51883.0,0.698874811553399,0.698874811553399,0.6214010522391152,0.770965441474086
92.0,2019,1,0.0,0,0.0,0,0.0,0,0.0,0,10.0,2.5425,132324.0,86100.0,26.0,6,25.0,96.241,"3,18",896.890,"88,28",SANTA FE,LA MACARENA,6.0,0.0,2.0,4.0,12200.0,5967.0,6233.0,4.918032786885246,4.918032786885246,6.703536115300822,3.2087277394513074
11.0,2019,1,0.0,0,1.0,1,4.0,1,2.0,1,4.0,2.3000000000000003,373404.0,436080.0,0.0,0,21.0,430.156,"3,12",1.867.529,"93,6",USAQUEN,SAN CRISTOBAL NORTE,5.0,0.0,3.0,2.0,69583.0,33095.0,36488.0,0.7185663164853484,0.7185663164853484,0.6043208943949238,0.8221881166410875
36.0,2019,1,0.0,0,0.0,0,0.0,0,0.0,0,1.0,2.97,350595.0,343350.0,26.0,7,19.0,378.78,"3,72",591.317,"87,06",RAFAEL URIBE URIBE,SAN JOSE,10.0,0.0,3.0,7.0,47491.0,22523.0,24968.0,2.1056621254553494,2.1056621254553494,3.1079341117968298,1.2015379685998078
53.0,2019,1,0.0,0,1.0,1,1.0,1,0.0,0,1.0,2.442857142857143,479920.0,461139.0,21.0,6,14.0,378.78,"3,72",591.317,"87,06",RAFAEL URIBE URIBE,MARCO FIDEL SUAREZ,7.0,0.0,3.0,4.0,46874.0,22582.0,24292.0,1.493365191790758,1.493365191790758,1.7713222920910459,1.234974477194138
50.0,2019,1,0.0,0,1.0,1,0.0,0,0.0,0,0.0,1.9327272727272728,215222.0,1432186.0,1.0,1,21.0,404.35,"3,73",706.208,"83,68",SAN CRISTOBAL,LA GLORIA,7.0,0.0,3.0,4.0,94513.0,45836.0,48677.0,0.7406388539142764,0.7406388539142764,0.8726764988218868,0.616307496353514
110.0,2019,1,1.0,1,1.0,1,0.0,0,0.0,0,3.0,4.074999999999999,71780.0,82212.0,7.0,2,29.0,317.179,"3,46",1.428.379,"90,03",FONTIBON,CIUDAD SALITRE OCCIDENTAL,14.0,0.0,6.0,8.0,44029.0,20708.0,23321.0,3.179722455654228,3.179722455654228,3.8632412594166503,2.5727884739076368
10.0,2019,1,0.0,0,1.0,1,1.0,1,13.0,1,1.0,2.87125,122265.0,153495.0,5.0,2,29.0,430.156,"3,12",1.867.529,"93,6",USAQUEN,LA URIBE,19.0,0.0,7.0,12.0,32844.0,15072.0,17772.0,5.784922664718061,5.784922664718061,7.961783439490446,3.9387801035336483
42.0,2019,1,0.0,0,0.0,0,1.0,1,6.0,1,1.0,2.4250000000000003,2179040.0,2310720.0,35.0,13,66.0,182.532,"3,63",829.895,"87,19",TUNJUELITO,VENECIA,43.0,0.0,18.0,25.0,135141.0,65747.0,69394.0,3.181861907193228,3.181861907193228,3.802454864860754,2.5938841974810503
103.0,2019,1,0.0,0,0.0,0,0.0,0,0.0,0,2.0,3.0,10953.0,12423.0,5.0,2,15.0,230.066,"3,36",1.462.840,"92,44",BARRIOS UNIDOS,PARQUE SALITRE,8.0,0.0,2.0,6.0,1356.0,709.0,647.0,58.99705014749262,58.99705014749262,84.6262341325811,30.911901081916536
21.0,2019,1,0.0,0,0.0,0,6.0,1,0.0,0,14.0,3.762,225860.0,233125.0,52.0,5,22.0,230.066,"3,36",1.462.840,"92,44",BARRIOS UNIDOS,LOS ANDES,14.0,0.0,6.0,8.0,28368.0,12669.0,15699.0,4.935138183869149,4.935138183869149,6.3146262530586466,3.8218994840435694
55.0,2019,1,0.0,0,0.0,0,0.0,0,0.0,0,0.0,1.5539999999999998,379860.0,395955.0,0.0,0,7.0,378.78,"3,72",591.317,"87,06",RAFAEL URIBE URIBE,DIANA TURBAY,7.0,0.0,2.0,5.0,73342.0,35514.0,37828.0,0.9544326579586049,0.9544326579586049,1.4078954778397252,0.5287088928835783
113.0,2019,1,0.0,0,0.0,0,3.0,1,0.0,0,2.0,3.2925,104270.0,104965.0,8.0,3,26.0,979.914,"3,72",999.300,"88,94",KENNEDY,BAVARIA,11.0,0.0,4.0,7.0,38880.0,18156.0,20724.0,2.8292181069958846,2.8292181069958846,3.8554747741793345,1.9301293186643504
60.0,2019,1,0.0,0,0.0,0,0.0,0,0.0,0,0.0,1.11,10544.0,15584.0,0.0,0,0.0,314.431,"4,07",569.872,"82,91",USME,PARQUE ENTRENUBES,0.0,0.0,0.0,0.0,0.0,0.0,0.0,0.0,0.0,0.0,0.0
90.0,2019,1,0.0,0,1.0,1,3.0,1,0.0,0,19.0,3.05,275954.0,520674.0,22.0,10,60.0,122.507,"2,43",2.288.835,"96,61",CHAPINERO,PARDO RUBIO,21.0,0.0,9.0,12.0,48445.0,23772.0,24673.0,4.334812674166581,4.334812674166581,5.047955577990914,3.6477120739269644
67.0,2019,1,0.0,0,1.0,1,0.0,0,0.0,0,0.0,1.256470588235294,2609568.0,2765373.0,2.0,1,30.0,593.937,"4,09",505.335,"83,5",CIUDAD BOLIVAR,LUCERO,13.0,0.0,5.0,8.0,157159.0,78057.0,79102.0,0.8271877525308764,0.8271877525308764,1.0248920660542937,0.6320952693990037
83.0,2019,1,0.0,0,0.0,0,0.0,0,0.0,0,0.0,2.0,24432.0,29572.0,1.0,1,11.0,979.914,"3,72",999.300,"88,94",KENNEDY,LAS MARGARITAS,8.0,0.0,3.0,5.0,29613.0,14096.0,15517.0,2.701516225981832,2.701516225981832,3.547105561861521,1.9333634078752338
101.0,2019,1,1.0,1,0.0,0,3.0,1,0.0,0,14.0,3.8711111111111105,267970.0,273160.0,65.0,10,59.0,139.298,"2,87",1.933.116,"96,03",TEUSAQUILLO,TEUSAQUILLO,30.0,0.0,17.0,13.0,26793.0,12524.0,14269.0,11.196954428395475,11.196954428395475,10.380070265091025,11.913939308991521
54.0,2019,1,0.0,0,0.0,0,0.0,0,0.0,0,1.0,1.83,984621.0,1061115.0,21.0,8,28.0,378.78,"3,72",591.317,"87,06",RAFAEL URIBE URIBE,MARRUECOS,8.0,0.0,3.0,5.0,115215.0,60329.0,54886.0,0.6943540337629649,0.6943540337629649,0.8287888080359362,0.5465874722151368
78.0,2019,1,0.0,0,1.0,1,0.0,0,0.0,0,2.0,1.956,79812.0,176088.0,0.0,0,25.0,979.914,"3,72",999.300,"88,94",KENNEDY,TINTAL NORTE,4.0,0.0,1.0,3.0,28487.0,13405.0,15082.0,1.4041492610664514,1.4041492610664514,2.237970906378217,0.6630420368651372
100.0,2019,1,1.0,1,1.0,1,2.0,1,1.0,1,7.0,3.59625,300195.0,309096.0,38.0,9,56.0,139.298,"2,87",1.933.116,"96,03",TEUSAQUILLO,GALERIAS,27.0,0.0,10.0,17.0,35496.0,16396.0,19100.0,7.606490872210953,7.606490872210953,10.368382532324958,5.235602094240838
34.0,2019,1,0.0,0,2.0,1,2.0,1,1.0,1,0.0,2.346363636363636,864012.0,1108236.0,26.0,12,30.0,404.35,"3,73",706.208,"83,68",SAN CRISTOBAL,20 DE JULIO,17.0,0.0,6.0,11.0,79269.0,38378.0,40891.0,2.1445962482180927,2.1445962482180927,2.866225441659284,1.4673155462082121
106.0,2019,1,0.0,0,0.0,0,1.0,1,1.0,1,1.0,4.164,167560.0,168920.0,17.0,5,30.0,139.298,"2,87",1.933.116,"96,03",TEUSAQUILLO,LA ESMERALDA,8.0,0.0,2.0,6.0,37578.0,16706.0,20872.0,2.128905210495503,2.128905210495503,3.591524003352089,0.9582215408202377
91.0,2019,1,2.0,1,0.0,0,0.0,0,1.0,1,12.0,3.3285714285714287,96894.0,41153.0,42.0,7,37.0,96.241,"3,18",896.890,"88,28",SANTA FE,SAGRADO CORAZON,32.0,0.0,11.0,21.0,10453.0,5227.0,5226.0,30.61322108485602,30.61322108485602,40.176009183087814,21.04860313815538
95.0,2019,1,0.0,0,0.0,0,0.0,0,0.0,0,9.0,2.0,260205.0,69723.0,19.0,3,15.0,96.241,"3,18",896.890,"88,28",SANTA FE,LAS CRUCES,7.0,0.0,3.0,4.0,20700.0,10469.0,10231.0,3.381642512077295,3.381642512077295,3.8208042793007926,2.932264685758968
40.0,2019,1,0.0,0,0.0,0,2.0,1,0.0,0,2.0,3.0,1219392.0,1267944.0,21.0,8,62.0,250.715,"3,55",1.116.511,"90,43",PUENTE ARANDA,CIUDAD MONTES,18.0,0.0,7.0,11.0,99795.0,47099.0,52696.0,1.80369758003908,1.80369758003908,2.335506061699824,1.3283740701381508
117.0,2019,1,0.0,0,0.0,0,0.0,0,0.0,0,3.0,3.0,824.0,1670.0,1.0,1,17.0,317.179,"3,46",1.428.379,"90,03",FONTIBON,AEROPUERTO EL DORADO,4.0,0.0,1.0,3.0,790.0,522.0,268.0,50.63291139240506,50.63291139240506,57.47126436781609,37.3134328358209
64.0,2019,1,0.0,0,0.0,0,0.0,0,0.0,0,0.0,1.0,5590.0,25895.0,0.0,0,7.0,593.937,"4,09",505.335,"83,5",CIUDAD BOLIVAR,MONTE BLANCO,1.0,0.0,1.0,0.0,5725.0,2899.0,2826.0,1.7467248908296942,1.7467248908296942,0.0,3.5385704175513095
48.0,2019,1,0.0,0,1.0,1,0.0,0,0.0,0,2.0,2.7455555555555557,1310472.0,1325682.0,5.0,3,18.0,979.914,"3,72",999.300,"88,94",KENNEDY,TIMIZA,14.0,0.0,6.0,8.0,141474.0,67751.0,73723.0,0.9895811244468948,0.9895811244468948,1.1807943794187539,0.8138572765622669
98.0,2019,1,0.0,0,3.0,1,6.0,1,0.0,0,17.0,3.0542105263157895,1522242.0,1559634.0,99.0,19,81.0,230.066,"3,36",1.462.840,"92,44",BARRIOS UNIDOS,LOS ALCAZARES,36.0,0.0,19.0,17.0,40963.0,19865.0,21098.0,8.788418816981178,8.788418816981178,8.557764913163856,9.005592947198787
28.0,2019,1,0.0,0,6.0,1,12.0,1,6.0,1,6.0,2.287857142857143,3797108.0,4228084.0,17.0,6,49.0,981.613,"3,41",1.388.086,"91,6",SUBA,EL RINCON,42.0,0.0,20.0,22.0,272474.0,130548.0,141926.0,1.5414314760307406,1.5414314760307406,1.6852039096730704,1.4091850682750164
17.0,2019,1,0.0,0,0.0,0,2.0,1,0.0,0,2.0,4.285,226840.0,238870.0,6.0,2,32.0,981.613,"3,41",1.388.086,"91,6",SUBA,SAN JOSE DE BAVARIA,22.0,0.0,7.0,15.0,49227.0,22838.0,26389.0,4.469092164868873,4.469092164868873,6.568000700586742,2.6526204100193262
24.0,2019,1,2.0,1,2.0,1,11.0,1,1.0,1,6.0,4.819999999999999,859833.0,845949.0,36.0,12,69.0,981.613,"3,41",1.388.086,"91,6",SUBA,NIZA,17.0,0.0,4.0,13.0,80003.0,36556.0,43447.0,2.1249203154881693,2.1249203154881693,3.556187766714083,0.9206619559463254
44.0,2019,1,1.0,1,2.0,1,1.0,1,0.0,0,0.0,3.22875,673424.0,676672.0,20.0,7,33.0,979.914,"3,72",999.300,"88,94",KENNEDY,AMERICAS,25.0,0.0,11.0,14.0,79564.0,37621.0,41943.0,3.1421245789553063,3.1421245789553063,3.721325855240424,2.6226068712300026
62.0,2019,1,0.0,0,1.0,1,2.0,1,0.0,0,1.0,2.024,338366.0,403893.0,26.0,7,26.0,182.532,"3,63",829.895,"87,19",TUNJUELITO,TUNJUELITO,11.0,0.0,6.0,5.0,40340.0,20058.0,20282.0,2.7268220128904312,2.7268220128904312,2.492770964203809,2.9582881372645695
69.0,2019,1,1.0,1,1.0,1,2.0,1,1.0,1,1.0,1.3691666666666666,1779216.0,1964304.0,13.0,6,22.0,593.937,"4,09",505.335,"83,5",CIUDAD BOLIVAR,ISMAEL PERDOMO,9.0,0.0,4.0,5.0,159118.0,77946.0,81172.0,0.5656179690544124,0.5656179690544124,0.6414697354578811,0.4927807618390578
93.0,2019,1,4.0,1,5.0,1,2.0,1,0.0,0,8.0,2.932857142857143,332178.0,96411.0,80.0,7,52.0,96.241,"3,18",896.890,"88,28",SANTA FE,LAS NIEVES,59.0,0.0,26.0,33.0,16733.0,8688.0,8045.0,35.25966652722166,35.25966652722166,37.98342541436464,32.318210068365445
18.0,2019,1,0.0,0,1.0,1,4.0,1,4.0,1,6.0,3.272,300834.0,346380.0,10.0,3,25.0,981.613,"3,41",1.388.086,"91,6",SUBA,BRITALIA,8.0,0.0,3.0,5.0,87900.0,40683.0,47217.0,0.9101251422070535,0.9101251422070535,1.2290145761128726,0.6353643814727746
15.0,2019,2,0.0,0,0.0,0,0.0,0,3.0,1,8.0,5.395,175550.0,49356.0,6.0,2,21.0,430.156,"3,12",1.867.529,"93,6",USAQUEN,COUNTRY CLUB,14.0,0.0,9.0,5.0,24929.0,11192.0,13737.0,5.615949296000641,5.615949296000641,4.4674767691208,6.551648831622625
86.0,2019,2,0.0,0,0.0,0,0.0,0,0.0,0,0.0,1.568,321440.0,368145.0,0.0,0,33.0,546.809,"3,98",703.807,"85,4",BOSA,EL PORVENIR,12.0,0.0,2.0,10.0,135550.0,64820.0,70730.0,0.885282183696053,0.885282183696053,1.54273372415921,0.28276544606249115
71.0,2019,2,0.0,0,0.0,0,2.0,1,0.0,0,3.0,2.105,2325960.0,2670912.0,0.0,0,22.0,981.613,"3,41",1.388.086,"91,6",SUBA,TIBABUYES,18.0,0.0,13.0,5.0,281383.0,136036.0,145347.0,0.6396974941627603,0.6396974941627603,0.36754976623834873,0.8944113053588997
29.0,2019,2,1.0,1,2.0,1,1.0,1,0.0,0,5.0,2.713333333333334,1291554.0,1329381.0,30.0,9,32.0,824.337,"3,41",1.089.512,"91,78",ENGATIVA,MINUTO DE DIOS,24.0,0.0,10.0,14.0,110128.0,51823.0,58305.0,2.179282289699259,2.179282289699259,2.7015031935627034,1.7151187719749594
80.0,2019,2,0.0,0,0.0,0,1.0,1,0.0,0,0.0,2.0025,247816.0,277108.0,11.0,4,19.0,979.914,"3,72",999.300,"88,94",KENNEDY,CORABASTOS,14.0,0.0,3.0,11.0,56948.0,28431.0,28517.0,2.4583830863243663,2.4583830863243663,3.869016214695227,1.0520040677490619
99.0,2019,2,6.0,1,3.0,1,1.0,1,0.0,0,13.0,3.692,79566.0,121692.0,22.0,6,62.0,122.507,"2,43",2.288.835,"96,61",CHAPINERO,CHAPINERO,73.0,0.0,28.0,45.0,24347.0,12130.0,12217.0,29.98316014293342,29.98316014293342,37.09810387469085,22.918883522959813
3.0,2019,2,0.0,0,0.0,0,0.0,0,0.0,0,0.0,6.0,0.0,1169.0,0.0,0,26.0,981.613,"3,41",1.388.086,"91,6",SUBA,GUAYMARAL,2.0,0.0,0.0,2.0,2323.0,1124.0,1199.0,8.609556607834696,8.609556607834696,17.793594306049823,0.0
97.0,2019,2,9.0,1,3.0,1,5.0,1,1.0,1,9.0,5.211875,94384.0,420656.0,63.0,15,98.0,122.507,"2,43",2.288.835,"96,61",CHAPINERO,CHICO LAGO,109.0,0.0,45.0,64.0,35313.0,16528.0,18785.0,30.866819584855435,30.866819584855435,38.72216844143272,23.955283470854404
94.0,2019,2,4.0,1,0.0,0,0.0,0,2.0,1,5.0,2.40875,203598.0,216855.0,43.0,8,36.0,22.115,"2,83",1.050.888,"88,9",CANDELARIA,LA CANDELARIA,35.0,0.0,13.0,22.0,17345.0,9085.0,8260.0,20.17872585759585,20.17872585759585,24.21574023115025,15.738498789346247
76.0,2019,2,0.0,0,0.0,0,1.0,1,0.0,0,1.0,2.186666666666667,120020.0,128536.0,0.0,0,21.0,317.179,"3,46",1.428.379,"90,03",FONTIBON,FONTIBON SAN PABLO,4.0,0.0,3.0,1.0,33461.0,16412.0,17049.0,1.1954215355189624,1.1954215355189624,0.6093102607847917,1.7596339961288052
114.0,2019,2,0.0,0,0.0,0,2.0,1,1.0,1,6.0,3.8,191930.0,197050.0,9.0,4,24.0,317.179,"3,46",1.428.379,"90,03",FONTIBON,MODELIA,18.0,0.0,7.0,11.0,42974.0,19838.0,23136.0,4.188579140875879,4.188579140875879,5.544913801794536,3.0255878284923927
89.0,2019,2,0.0,0,0.0,0,0.0,0,0.0,0,0.0,2.0666666666666664,28245.0,48603.0,0.0,0,3.0,122.507,"2,43",2.288.835,"96,61",CHAPINERO,SAN ISIDRO - PATIOS,2.0,0.0,0.0,2.0,15994.0,7940.0,8054.0,1.2504689258471926,1.2504689258471926,2.5188916876574305,0.0
38.0,2019,2,0.0,0,4.0,1,4.0,1,0.0,0,1.0,3.008,1246305.0,1155330.0,52.0,15,75.0,119.565,"3,92",1.095.184,"90,79",ANTONIO NARIÑO,RESTREPO,29.0,0.0,13.0,16.0,54708.0,26059.0,28649.0,5.300870073846604,5.300870073846604,6.139913273725009,4.53768019826172
52.0,2019,2,0.0,0,0.0,0,0.0,0,0.0,0,0.0,1.0,614920.0,740280.0,0.0,0,176.0,314.431,"4,07",569.872,"82,91",USME,LA FLORA,4.0,0.0,2.0,2.0,18698.0,9295.0,9403.0,2.139266231682533,2.139266231682533,2.1516944593867673,2.126980750824205
96.0,2019,2,0.0,0,0.0,0,0.0,0,0.0,0,4.0,1.7264285714285716,628474.0,648214.0,4.0,2,16.0,96.241,"3,18",896.890,"88,28",SANTA FE,LOURDES,1.0,0.0,1.0,0.0,44918.0,21928.0,22990.0,0.22262789972839397,0.22262789972839397,0.0,0.4349717268377556
84.0,2019,2,0.0,0,0.0,0,2.0,1,1.0,1,1.0,1.98,990222.0,1073760.0,1.0,1,30.0,546.809,"3,98",703.807,"85,4",BOSA,BOSA OCCIDENTAL,18.0,0.0,9.0,9.0,197601.0,96425.0,101176.0,0.9109265641368212,0.9109265641368212,0.933367902514908,0.8895390211117261
111.0,2019,2,1.0,1,0.0,0,1.0,1,0.0,0,4.0,2.9375,64585.0,73290.0,16.0,5,63.0,250.715,"3,55",1.116.511,"90,43",PUENTE ARANDA,PUENTE ARANDA,14.0,0.0,7.0,7.0,11206.0,8709.0,2497.0,12.493307156880244,12.493307156880244,8.03766218854059,28.033640368442132
112.0,2019,2,1.0,1,1.0,1,1.0,1,1.0,1,6.0,3.1133333333333333,126427.0,160027.0,0.0,0,71.0,317.179,"3,46",1.428.379,"90,03",FONTIBON,GRANJAS DE TECHO,21.0,0.0,7.0,14.0,46245.0,21402.0,24843.0,4.54103146286085,4.54103146286085,6.5414447247920755,2.817695125387433
75.0,2019,2,0.0,0,2.0,1,7.0,1,3.0,1,4.0,2.913,1316550.0,1374890.0,0.0,0,58.0,317.179,"3,46",1.428.379,"90,03",FONTIBON,FONTIBON,32.0,0.0,15.0,17.0,132714.0,63221.0,69493.0,2.4112000241120004,2.4112000241120004,2.6889799275557174,2.1584907832443556
12.0,2019,2,1.0,1,2.0,1,5.0,1,0.0,0,5.0,3.378,256245.0,260090.0,9.0,3,42.0,430.156,"3,12",1.867.529,"93,6",USAQUEN,TOBERIN,10.0,0.0,6.0,4.0,60120.0,27692.0,32428.0,1.66333998669328,1.66333998669328,1.444460494005489,1.8502528678919454
16.0,2019,2,1.0,1,2.0,1,8.0,1,1.0,1,13.0,5.738888888888889,464238.0,463266.0,18.0,6,60.0,430.156,"3,12",1.867.529,"93,6",USAQUEN,SANTA BARBARA,41.0,0.0,14.0,27.0,69695.0,31338.0,38357.0,5.882774947987661,5.882774947987661,8.61573808156232,3.6499204838751726
82.0,2019,2,0.0,0,0.0,0,2.0,1,2.0,1,0.0,1.9566666666666668,963012.0,1044870.0,9.0,4,29.0,979.914,"3,72",999.300,"88,94",KENNEDY,PATIO BONITO,25.0,0.0,10.0,15.0,139919.0,69495.0,70424.0,1.7867480470843846,1.7867480470843846,2.158428663932657,1.4199704646143358
35.0,2019,2,0.0,0,0.0,0,1.0,1,1.0,1,1.0,2.666,168705.0,154565.0,35.0,5,22.0,119.565,"3,92",1.095.184,"90,79",ANTONIO NARIÑO,CIUDAD JARDIN,11.0,0.0,5.0,6.0,25387.0,12038.0,13349.0,4.332926300862646,4.332926300862646,4.984216647283602,3.7455989212675105
68.0,2019,2,0.0,0,0.0,0,0.0,0,1.0,1,0.0,1.055,351536.0,380992.0,0.0,0,13.0,593.937,"4,09",505.335,"83,5",CIUDAD BOLIVAR,EL TESORO,2.0,0.0,1.0,1.0,51170.0,25484.0,25686.0,0.3908540160250147,0.3908540160250147,0.3924030764401193,0.38931713774040333
27.0,2019,2,1.0,1,5.0,1,7.0,1,4.0,1,3.0,2.840909090909091,1497236.0,1751217.0,16.0,6,48.0,981.613,"3,41",1.388.086,"91,6",SUBA,SUBA,30.0,0.0,15.0,15.0,170068.0,79760.0,90308.0,1.7640002822400451,1.7640002822400451,1.880641925777332,1.6609824157328252
22.0,2019,2,1.0,1,0.0,0,5.0,1,0.0,0,2.0,3.292222222222222,847206.0,887247.0,37.0,8,38.0,230.066,"3,36",1.462.840,"92,44",BARRIOS UNIDOS,DOCE DE OCTUBRE,20.0,0.0,8.0,12.0,67629.0,32457.0,35172.0,2.957311212645463,2.957311212645463,3.6971993714761067,2.274536563175253
105.0,2019,2,0.0,0,0.0,0,0.0,0,0.0,0,2.0,2.67,1601.0,2464.0,4.0,1,11.0,824.337,"3,41",1.089.512,"91,78",ENGATIVA,JARDIN BOTANICO,5.0,0.0,4.0,1.0,2616.0,1504.0,1112.0,19.1131498470948,19.1131498470948,6.648936170212766,35.97122302158274
104.0,2019,2,0.0,0,0.0,0,0.0,0,0.0,0,4.0,4.0,19494.0,20424.0,21.0,5,34.0,139.298,"2,87",1.933.116,"96,03",TEUSAQUILLO,PARQUE SIMON BOLIVAR - CAN,19.0,0.0,7.0,12.0,3087.0,1586.0,1501.0,61.54842889536767,61.54842889536767,75.66204287515762,46.63557628247835
74.0,2019,2,0.0,0,0.0,0,1.0,1,0.0,0,2.0,2.0016666666666665,712512.0,784968.0,0.0,0,15.0,824.337,"3,41",1.089.512,"91,78",ENGATIVA,ENGATIVA,11.0,0.0,6.0,5.0,138394.0,66983.0,71411.0,0.7948321459022789,0.7948321459022789,0.746458056521804,0.8402066908459481
47.0,2019,2,0.0,0,0.0,0,1.0,1,0.0,0,1.0,3.0,865592.0,770256.0,9.0,4,28.0,979.914,"3,72",999.300,"88,94",KENNEDY,KENNEDY CENTRAL,17.0,0.0,8.0,9.0,94456.0,44672.0,49784.0,1.799779791649022,1.799779791649022,2.0146848137535818,1.606941989394183
70.0,2019,2,0.0,0,0.0,0,0.0,0,0.0,0,1.0,1.1733333333333331,789975.0,888237.0,0.0,0,23.0,593.937,"4,09",505.335,"83,5",CIUDAD BOLIVAR,JERUSALEM,6.0,0.0,4.0,2.0,97492.0,47838.0,49654.0,0.6154351126246256,0.6154351126246256,0.4180776788327271,0.8055745760663794
66.0,2019,2,0.0,0,0.0,0,0.0,0,0.0,0,0.0,1.8425,597168.0,609704.0,4.0,3,26.0,593.937,"4,09",505.335,"83,5",CIUDAD BOLIVAR,SAN FRANCISCO,11.0,0.0,7.0,4.0,69426.0,34000.0,35426.0,1.5844208221703684,1.5844208221703684,1.1764705882352942,1.9759498673290803
65.0,2019,2,0.0,0,0.0,0,0.0,0,0.0,0,1.0,2.463333333333334,349194.0,364512.0,9.0,3,21.0,593.937,"4,09",505.335,"83,5",CIUDAD BOLIVAR,ARBORIZADORA,10.0,0.0,5.0,5.0,79580.0,38071.0,41509.0,1.256597134958532,1.256597134958532,1.3133356097817237,1.2045580476523163
79.0,2019,2,0.0,0,0.0,0,0.0,0,0.0,0,0.0,2.1333333333333333,167274.0,204984.0,3.0,2,22.0,979.914,"3,72",999.300,"88,94",KENNEDY,CALANDAIMA,11.0,0.0,7.0,4.0,124532.0,58974.0,65558.0,0.8833071017890983,0.8833071017890983,0.6782649981347713,1.06775679550932
59.0,2019,2,0.0,0,0.0,0,0.0,0,0.0,0,0.0,1.0,163808.0,216380.0,0.0,0,6.0,314.431,"4,07",569.872,"82,91",USME,ALFONSO LOPEZ,5.0,0.0,5.0,0.0,49878.0,24695.0,25183.0,1.0024459681623161,1.0024459681623161,0.0,1.985466386054084
45.0,2019,2,0.0,0,0.0,0,1.0,1,1.0,1,1.0,2.7914285714285714,737583.0,674359.0,9.0,4,35.0,979.914,"3,72",999.300,"88,94",KENNEDY,CARVAJAL,32.0,0.0,9.0,23.0,90319.0,43587.0,46732.0,3.5429975974047543,3.5429975974047543,5.276802716406268,1.9258752032868272
20.0,2019,2,1.0,1,0.0,0,7.0,1,40.0,1,16.0,4.996666666666667,231126.0,219822.0,33.0,6,26.0,981.613,"3,41",1.388.086,"91,6",SUBA,LA ALHAMBRA,18.0,0.0,7.0,11.0,41140.0,18539.0,22601.0,4.375303840544483,4.375303840544483,5.933437617994498,3.097208088137693
51.0,2019,2,0.0,0,0.0,0,0.0,0,0.0,0,0.0,1.68875,263745.0,660861.0,0.0,0,15.0,404.35,"3,73",706.208,"83,68",SAN CRISTOBAL,LOS LIBERTADORES,4.0,0.0,2.0,2.0,75389.0,36613.0,38776.0,0.530581384552123,0.530581384552123,0.5462540627645919,0.5157829585310502
115.0,2019,2,2.0,1,2.0,1,0.0,0,0.0,0,4.0,3.314,77135.0,83285.0,6.0,3,26.0,317.179,"3,46",1.428.379,"90,03",FONTIBON,CAPELLANIA,18.0,0.0,7.0,11.0,17600.0,8297.0,9303.0,10.227272727272728,10.227272727272728,13.257804025551405,7.524454477050414
43.0,2019,2,0.0,0,0.0,0,2.0,1,1.0,1,2.0,3.0,844074.0,844239.0,17.0,8,31.0,250.715,"3,55",1.116.511,"90,43",PUENTE ARANDA,SAN RAFAEL,18.0,0.0,7.0,11.0,72177.0,34309.0,37868.0,2.4938692381229477,2.4938692381229477,3.2061558191728117,1.8485264603359037
25.0,2019,2,2.0,1,2.0,1,4.0,1,0.0,0,7.0,4.04,127070.0,126620.0,24.0,5,25.0,981.613,"3,41",1.388.086,"91,6",SUBA,LA FLORESTA,9.0,0.0,3.0,6.0,42823.0,19418.0,23405.0,2.101674333885996,2.101674333885996,3.089916572252549,1.281777397991882
56.0,2019,2,0.0,0,0.0,0,0.0,0,0.0,0,0.0,1.508,205135.0,253351.0,6.0,6,8.0,314.431,"4,07",569.872,"82,91",USME,DANUBIO,11.0,0.0,4.0,7.0,52258.0,25327.0,26931.0,2.1049408702973706,2.1049408702973706,2.7638488569510797,1.4852771898555568
26.0,2019,2,0.0,0,3.0,1,5.0,1,2.0,1,5.0,3.0646153846153847,1441973.0,1441167.0,19.0,5,69.0,824.337,"3,41",1.089.512,"91,78",ENGATIVA,LAS FERIAS,33.0,0.0,13.0,20.0,100323.0,47687.0,52636.0,3.2893753177237524,3.2893753177237524,4.194015140394657,2.469792537426856
102.0,2019,2,1.0,1,2.0,1,3.0,1,0.0,0,11.0,2.8186666666666667,764715.0,782955.0,131.0,15,94.0,94.944,"3,53",1.059.511,"89,78",LOS MARTIRES,LA SABANA,65.0,0.0,21.0,44.0,39473.0,18761.0,20712.0,16.46695209383629,16.46695209383629,23.452907627525185,10.139049826187717
2.0,2019,2,0.0,0,0.0,0,0.0,0,0.0,0,0.0,5.058,10545.0,13800.0,3.0,2,95.0,981.613,"3,41",1.388.086,"91,6",SUBA,LA ACADEMIA,1.0,0.0,0.0,1.0,4483.0,2177.0,2306.0,2.230649118893598,2.230649118893598,4.593477262287552,0.0
116.0,2019,2,1.0,1,1.0,1,0.0,0,1.0,1,6.0,3.155,24638.0,27282.0,3.0,1,17.0,824.337,"3,41",1.089.512,"91,78",ENGATIVA,ALAMOS,13.0,0.0,9.0,4.0,11944.0,5613.0,6331.0,10.884125920964502,10.884125920964502,7.126313914127917,14.21576370241668
81.0,2019,2,0.0,0,0.0,0,1.0,1,3.0,1,1.0,2.0025,290204.0,283616.0,1.0,1,16.0,979.914,"3,72",999.300,"88,94",KENNEDY,GRAN BRITALIA,5.0,0.0,3.0,2.0,63103.0,30784.0,32319.0,0.792355355529848,0.792355355529848,0.6496881496881497,0.92824654228163
52.0,2019,2,0.0,0,0.0,0,0.0,0,0.0,0,0.0,1.0,614920.0,740280.0,0.0,0,176.0,314.431,"4,07",569.872,"82,91",USME,LA FLORA,4.0,0.0,2.0,2.0,18698.0,9295.0,9403.0,2.139266231682533,2.139266231682533,2.1516944593867673,2.126980750824205
33.0,2019,2,0.0,0,0.0,0,2.0,1,0.0,0,0.0,2.8193333333333332,1647904.0,748256.0,42.0,13,30.0,404.35,"3,73",706.208,"83,68",SAN CRISTOBAL,SOSIEGO,5.0,0.0,2.0,3.0,42929.0,20777.0,22152.0,1.1647138298120152,1.1647138298120152,1.4439043172739086,0.9028530155290719
19.0,2019,2,2.0,1,3.0,1,6.0,1,2.0,1,8.0,3.51625,692512.0,712104.0,25.0,8,34.0,981.613,"3,41",1.388.086,"91,6",SUBA,EL PRADO,20.0,0.0,7.0,13.0,100927.0,46205.0,54722.0,1.98163028723731,1.98163028723731,2.8135483172816795,1.2791930119513175
41.0,2019,2,0.0,0,0.0,0,1.0,1,0.0,0,2.0,3.0,523602.0,513468.0,24.0,8,22.0,250.715,"3,55",1.116.511,"90,43",PUENTE ARANDA,MUZU,14.0,0.0,7.0,7.0,57874.0,27440.0,30434.0,2.419048277292048,2.419048277292048,2.5510204081632657,2.300059144377998
37.0,2019,2,0.0,0,1.0,1,1.0,1,0.0,0,5.0,3.0,307027.0,315602.0,40.0,7,41.0,94.944,"3,53",1.059.511,"89,78",LOS MARTIRES,SANTA ISABEL,10.0,0.0,4.0,6.0,43484.0,19996.0,23488.0,2.2996964400699107,2.2996964400699107,3.000600120024005,1.7029972752043596
107.0,2019,2,0.0,0,1.0,1,3.0,1,1.0,1,4.0,3.77,207448.0,216792.0,32.0,8,35.0,139.298,"2,87",1.933.116,"96,03",TEUSAQUILLO,QUINTA PAREDES,25.0,0.0,15.0,10.0,26739.0,11967.0,14772.0,9.349639103930588,9.349639103930588,8.356313194618535,10.154346060113728
73.0,2019,2,1.0,1,0.0,0,3.0,1,1.0,1,3.0,2.775714285714286,955689.0,1044302.0,4.0,2,40.0,824.337,"3,41",1.089.512,"91,78",ENGATIVA,GARCES NAVAS,25.0,0.0,8.0,17.0,163652.0,77170.0,86482.0,1.5276318040720556,1.5276318040720556,2.202928599196579,0.9250479868643185
31.0,2019,2,0.0,0,1.0,1,2.0,1,0.0,0,6.0,3.318333333333334,409362.0,391260.0,10.0,4,38.0,824.337,"3,41",1.089.512,"91,78",ENGATIVA,SANTA CECILIA,15.0,0.0,7.0,8.0,66554.0,31112.0,35442.0,2.2538089371037056,2.2538089371037056,2.5713551041398817,1.9750578409796289
58.0,2019,2,0.0,0,0.0,0,0.0,0,1.0,1,0.0,1.5654545454545454,857659.0,954745.0,0.0,0,29.0,314.431,"4,07",569.872,"82,91",USME,COMUNEROS,7.0,0.0,3.0,4.0,94210.0,46146.0,48064.0,0.7430209107313449,0.7430209107313449,0.8668140250509253,0.624167776298269
13.0,2019,2,3.0,1,1.0,1,5.0,1,3.0,1,4.0,4.381666666666667,1717632.0,1842552.0,20.0,5,88.0,430.156,"3,12",1.867.529,"93,6",USAQUEN,LOS CEDROS,45.0,0.0,12.0,33.0,126708.0,56234.0,70474.0,3.5514726773368688,3.5514726773368688,5.868335882206495,1.7027556261883816
63.0,2019,2,0.0,0,0.0,0,0.0,0,0.0,0,0.0,,1596.0,5864.0,2.0,2,6.0,593.937,"4,09",505.335,"83,5",CIUDAD BOLIVAR,EL MOCHUELO,0.0,0.0,0.0,0.0,0.0,0.0,0.0,0.0,0.0,0.0,0.0
87.0,2019,2,0.0,0,0.0,0,0.0,0,0.0,0,1.0,1.765,212992.0,339512.0,0.0,0,47.0,546.809,"3,98",703.807,"85,4",BOSA,TINTAL SUR,3.0,0.0,2.0,1.0,102194.0,48023.0,54171.0,0.2935593087656809,0.2935593087656809,0.20823355475501323,0.36920123313211867
77.0,2019,2,1.0,1,0.0,0,0.0,0,0.0,0,1.0,2.045,283878.0,356976.0,0.0,0,13.0,317.179,"3,46",1.428.379,"90,03",FONTIBON,ZONA FRANCA,6.0,0.0,1.0,5.0,59305.0,27758.0,31547.0,1.0117190793356379,1.0117190793356379,1.8012825131493622,0.316987352204647
39.0,2019,2,1.0,1,2.0,1,5.0,1,0.0,0,0.0,3.0,1410480.0,1306815.0,45.0,15,69.0,378.78,"3,72",591.317,"87,06",RAFAEL URIBE URIBE,QUIROGA,23.0,0.0,9.0,14.0,90059.0,43506.0,46553.0,2.5538813444519706,2.5538813444519706,3.2179469498459983,1.9332803471312268
108.0,2019,2,0.0,0,0.0,0,0.0,0,1.0,1,3.0,2.685714285714286,33520.0,33976.0,48.0,8,66.0,250.715,"3,55",1.116.511,"90,43",PUENTE ARANDA,ZONA INDUSTRIAL,17.0,0.0,5.0,12.0,6185.0,3095.0,3090.0,27.4858528698464,27.4858528698464,38.77221324717286,16.181229773462785
61.0,2019,2,0.0,0,0.0,0,0.0,0,5.0,1,0.0,1.2366666666666666,79500.0,134960.0,0.0,0,65.0,314.431,"4,07",569.872,"82,91",USME,CIUDAD USME,1.0,0.0,1.0,0.0,24119.0,11715.0,12404.0,0.41461088768191057,0.41461088768191057,0.0,0.8061915511125443
1.0,2019,2,0.0,0,0.0,0,0.0,0,0.0,0,0.0,4.0,52488.0,63828.0,3.0,3,83.0,430.156,"3,12",1.867.529,"93,6",USAQUEN,PASEO DE LOS LIBERTADORES,7.0,0.0,1.0,6.0,2602.0,1291.0,1311.0,26.90238278247502,26.90238278247502,46.47560030983733,7.627765064836003
46.0,2019,2,0.0,0,0.0,0,3.0,1,1.0,1,2.0,2.72,884656.0,1003288.0,18.0,6,40.0,979.914,"3,72",999.300,"88,94",KENNEDY,CASTILLA,36.0,0.0,16.0,20.0,140078.0,66586.0,73492.0,2.5699967161153072,2.5699967161153072,3.0036343976211213,2.177107712404071
85.0,2019,2,1.0,1,1.0,1,3.0,1,2.0,1,1.0,1.9988888888888892,2537808.0,2654832.0,17.0,6,39.0,546.809,"3,98",703.807,"85,4",BOSA,BOSA CENTRAL,27.0,0.0,12.0,15.0,235147.0,113170.0,121977.0,1.1482179232565162,1.1482179232565162,1.3254396041353715,0.9837920263656262
60.0,2019,2,0.0,0,0.0,0,0.0,0,0.0,0,0.0,1.11,10544.0,15584.0,0.0,0,0.0,314.431,"4,07",569.872,"82,91",USME,PARQUE ENTRENUBES,0.0,0.0,0.0,0.0,0.0,0.0,0.0,0.0,0.0,0.0,0.0
30.0,2019,2,1.0,1,4.0,1,6.0,1,0.0,0,5.0,3.001818181818182,1427481.0,1341120.0,25.0,7,42.0,824.337,"3,41",1.089.512,"91,78",ENGATIVA,BOYACA REAL,23.0,0.0,12.0,11.0,126709.0,60161.0,66548.0,1.815182820478419,1.815182820478419,1.8284270540715748,1.8032097132896556
72.0,2019,2,0.0,0,0.0,0,1.0,1,0.0,0,4.0,3.0,331356.0,345116.0,4.0,2,21.0,824.337,"3,41",1.089.512,"91,78",ENGATIVA,BOLIVIA,26.0,0.0,13.0,13.0,82460.0,37550.0,44910.0,3.1530439000727624,3.1530439000727624,3.4620505992010653,2.8946782453796485
57.0,2019,2,0.0,0,2.0,1,0.0,0,0.0,0,0.0,1.7740000000000002,1391324.0,1519562.0,3.0,3,23.0,314.431,"4,07",569.872,"82,91",USME,GRAN YOMASA,12.0,0.0,4.0,8.0,126215.0,61508.0,64707.0,0.9507586261537853,0.9507586261537853,1.3006438186902516,0.6181711406802973
23.0,2019,2,0.0,0,0.0,0,4.0,1,19.0,1,6.0,3.5728571428571425,209118.0,255647.0,7.0,5,41.0,981.613,"3,41",1.388.086,"91,6",SUBA,CASA BLANCA SUBA,9.0,0.0,6.0,3.0,56335.0,26066.0,30269.0,1.5975858702405255,1.5975858702405255,1.1509245760761144,1.9822260398427434
88.0,2019,2,0.0,0,0.0,0,0.0,0,0.0,0,16.0,5.9375,358776.0,369156.0,3.0,2,60.0,122.507,"2,43",2.288.835,"96,61",CHAPINERO,EL REFUGIO,8.0,0.0,4.0,4.0,38133.0,17147.0,20986.0,2.097920436367451,2.097920436367451,2.3327695806846678,1.906032593157343
9.0,2019,2,0.0,0,1.0,1,4.0,1,1.0,1,0.0,2.7445454545454546,927663.0,1059410.0,9.0,4,60.0,430.156,"3,12",1.867.529,"93,6",USAQUEN,VERBENAL,7.0,0.0,4.0,3.0,122844.0,58302.0,64542.0,0.5698284002474684,0.5698284002474684,0.5145621076463929,0.6197514796566577
109.0,2019,2,0.0,0,0.0,0,0.0,0,0.0,0,4.0,4.123333333333334,44058.0,53832.0,12.0,3,32.0,139.298,"2,87",1.933.116,"96,03",TEUSAQUILLO,CIUDAD SALITRE ORIENTAL,11.0,0.0,6.0,5.0,22721.0,10122.0,12599.0,4.841336208793627,4.841336208793627,4.939735230191662,4.762282720850861
49.0,2019,2,0.0,0,1.0,1,0.0,0,1.0,1,2.0,2.3333333333333335,124191.0,114375.0,10.0,3,11.0,546.809,"3,98",703.807,"85,4",BOSA,APOGEO,10.0,0.0,3.0,7.0,36681.0,17572.0,19109.0,2.7262070281617183,2.7262070281617183,3.9836102890962892,1.5699408655607305
14.0,2019,2,1.0,1,0.0,0,1.0,1,0.0,0,13.0,4.66,375100.0,457974.0,0.0,0,45.0,430.156,"3,12",1.867.529,"93,6",USAQUEN,USAQUEN,17.0,0.0,9.0,8.0,40865.0,19334.0,21531.0,4.160039153309678,4.160039153309678,4.137788352125789,4.180019506757698
32.0,2019,2,0.0,0,0.0,0,0.0,0,0.0,0,0.0,1.7457142857142858,1408200.0,1428675.0,0.0,0,47.0,404.35,"3,73",706.208,"83,68",SAN CRISTOBAL,SAN BLAS,4.0,0.0,1.0,3.0,100161.0,48278.0,51883.0,0.3993570351733709,0.3993570351733709,0.6214010522391152,0.1927413603685215
92.0,2019,2,0.0,0,0.0,0,0.0,0,0.0,0,10.0,2.5425,132324.0,86100.0,26.0,6,25.0,96.241,"3,18",896.890,"88,28",SANTA FE,LA MACARENA,2.0,0.0,1.0,1.0,12200.0,5967.0,6233.0,1.639344262295082,1.639344262295082,1.6758840288252055,1.6043638697256537
11.0,2019,2,0.0,0,1.0,1,4.0,1,2.0,1,4.0,2.3000000000000003,373404.0,436080.0,0.0,0,21.0,430.156,"3,12",1.867.529,"93,6",USAQUEN,SAN CRISTOBAL NORTE,6.0,0.0,5.0,1.0,69583.0,33095.0,36488.0,0.8622795797824182,0.8622795797824182,0.3021604471974619,1.3703135277351457
36.0,2019,2,0.0,0,0.0,0,0.0,0,0.0,0,1.0,2.97,350595.0,343350.0,26.0,7,19.0,378.78,"3,72",591.317,"87,06",RAFAEL URIBE URIBE,SAN JOSE,10.0,0.0,2.0,8.0,47491.0,22523.0,24968.0,2.1056621254553494,2.1056621254553494,3.551924699196377,0.8010253123998718
53.0,2019,2,0.0,0,1.0,1,1.0,1,0.0,0,1.0,2.442857142857143,479920.0,461139.0,21.0,6,14.0,378.78,"3,72",591.317,"87,06",RAFAEL URIBE URIBE,MARCO FIDEL SUAREZ,10.0,0.0,5.0,5.0,46874.0,22582.0,24292.0,2.133378845415369,2.133378845415369,2.214152865113807,2.0582907953235634
50.0,2019,2,0.0,0,1.0,1,0.0,0,0.0,0,0.0,1.9327272727272728,215222.0,1432186.0,1.0,1,21.0,404.35,"3,73",706.208,"83,68",SAN CRISTOBAL,LA GLORIA,10.0,0.0,5.0,5.0,94513.0,45836.0,48677.0,1.0580555055918233,1.0580555055918233,1.0908456235273585,1.02717916058919
110.0,2019,2,2.0,1,1.0,1,0.0,0,0.0,0,5.0,4.074999999999999,71780.0,82212.0,7.0,2,29.0,317.179,"3,46",1.428.379,"90,03",FONTIBON,CIUDAD SALITRE OCCIDENTAL,14.0,0.0,8.0,6.0,44029.0,20708.0,23321.0,3.179722455654228,3.179722455654228,2.8974309445624877,3.430384631876849
10.0,2019,2,0.0,0,1.0,1,1.0,1,13.0,1,1.0,2.87125,122265.0,153495.0,5.0,2,29.0,430.156,"3,12",1.867.529,"93,6",USAQUEN,LA URIBE,15.0,0.0,9.0,6.0,32844.0,15072.0,17772.0,4.567044208987943,4.567044208987943,3.980891719745223,5.064145847400405
42.0,2019,2,0.0,0,1.0,1,1.0,1,6.0,1,1.0,2.4250000000000003,2179040.0,2310720.0,35.0,13,66.0,182.532,"3,63",829.895,"87,19",TUNJUELITO,VENECIA,26.0,0.0,13.0,13.0,135141.0,65747.0,69394.0,1.9239165020238123,1.9239165020238123,1.9772765297275923,1.8733608092918697
103.0,2019,2,0.0,0,0.0,0,0.0,0,0.0,0,2.0,3.0,10953.0,12423.0,5.0,2,15.0,230.066,"3,36",1.462.840,"92,44",BARRIOS UNIDOS,PARQUE SALITRE,3.0,0.0,0.0,3.0,1356.0,709.0,647.0,22.123893805309734,22.123893805309734,42.31311706629055,0.0
21.0,2019,2,0.0,0,0.0,0,6.0,1,0.0,0,14.0,3.762,225860.0,233125.0,52.0,5,22.0,230.066,"3,36",1.462.840,"92,44",BARRIOS UNIDOS,LOS ANDES,12.0,0.0,6.0,6.0,28368.0,12669.0,15699.0,4.230118443316413,4.230118443316413,4.735969689793985,3.8218994840435694
55.0,2019,2,0.0,0,0.0,0,0.0,0,0.0,0,0.0,1.5539999999999998,379860.0,395955.0,0.0,0,7.0,378.78,"3,72",591.317,"87,06",RAFAEL URIBE URIBE,DIANA TURBAY,2.0,0.0,0.0,2.0,73342.0,35514.0,37828.0,0.27269504513102993,0.27269504513102993,0.56315819113589,0.0
113.0,2019,2,0.0,0,0.0,0,3.0,1,0.0,0,3.0,3.2925,104270.0,104965.0,8.0,3,26.0,979.914,"3,72",999.300,"88,94",KENNEDY,BAVARIA,12.0,0.0,6.0,6.0,38880.0,18156.0,20724.0,3.0864197530864197,3.0864197530864197,3.3046926635822866,2.8951939779965254
60.0,2019,2,0.0,0,0.0,0,0.0,0,0.0,0,0.0,1.11,10544.0,15584.0,0.0,0,0.0,314.431,"4,07",569.872,"82,91",USME,PARQUE ENTRENUBES,0.0,0.0,0.0,0.0,0.0,0.0,0.0,0.0,0.0,0.0,0.0
90.0,2019,2,0.0,0,1.0,1,3.0,1,0.0,0,19.0,3.05,275954.0,520674.0,22.0,10,60.0,122.507,"2,43",2.288.835,"96,61",CHAPINERO,PARDO RUBIO,17.0,0.0,8.0,9.0,48445.0,23772.0,24673.0,3.509134069563422,3.509134069563422,3.7859666834931853,3.2424107323795237
67.0,2019,2,0.0,0,1.0,1,0.0,0,0.0,0,0.0,1.256470588235294,2609568.0,2765373.0,2.0,1,30.0,593.937,"4,09",505.335,"83,5",CIUDAD BOLIVAR,LUCERO,11.0,0.0,5.0,6.0,157159.0,78057.0,79102.0,0.699928098295357,0.699928098295357,0.7686690495407202,0.6320952693990037
83.0,2019,2,0.0,0,0.0,0,0.0,0,0.0,0,0.0,2.0,24432.0,29572.0,1.0,1,11.0,979.914,"3,72",999.300,"88,94",KENNEDY,LAS MARGARITAS,8.0,0.0,2.0,6.0,29613.0,14096.0,15517.0,2.701516225981832,2.701516225981832,4.256526674233825,1.288908938583489
101.0,2019,2,1.0,1,0.0,0,3.0,1,0.0,0,14.0,3.8711111111111105,267970.0,273160.0,65.0,10,59.0,139.298,"2,87",1.933.116,"96,03",TEUSAQUILLO,TEUSAQUILLO,47.0,0.0,20.0,27.0,26793.0,12524.0,14269.0,17.541895271152914,17.541895271152914,21.55860747365059,14.016399187048846
54.0,2019,2,0.0,0,0.0,0,0.0,0,0.0,0,1.0,1.83,984621.0,1061115.0,21.0,8,28.0,378.78,"3,72",591.317,"87,06",RAFAEL URIBE URIBE,MARRUECOS,10.0,0.0,4.0,6.0,115215.0,60329.0,54886.0,0.867942542203706,0.867942542203706,0.9945465696431235,0.728783296286849
78.0,2019,2,0.0,0,1.0,1,0.0,0,0.0,0,2.0,1.956,79812.0,176088.0,0.0,0,25.0,979.914,"3,72",999.300,"88,94",KENNEDY,TINTAL NORTE,3.0,0.0,1.0,2.0,28487.0,13405.0,15082.0,1.0531119457998386,1.0531119457998386,1.4919806042521446,0.6630420368651372
100.0,2019,2,1.0,1,1.0,1,2.0,1,1.0,1,7.0,3.59625,300195.0,309096.0,38.0,9,56.0,139.298,"2,87",1.933.116,"96,03",TEUSAQUILLO,GALERIAS,47.0,0.0,17.0,30.0,35496.0,16396.0,19100.0,13.240928555330177,13.240928555330177,18.297145645279336,8.900523560209425
34.0,2019,2,0.0,0,2.0,1,2.0,1,1.0,1,0.0,2.346363636363636,864012.0,1108236.0,26.0,12,30.0,404.35,"3,73",706.208,"83,68",SAN CRISTOBAL,20 DE JULIO,10.0,0.0,7.0,3.0,79269.0,38378.0,40891.0,1.2615272048341724,1.2615272048341724,0.7816978477252593,1.711868137242914
106.0,2019,2,0.0,0,0.0,0,2.0,1,1.0,1,1.0,4.164,167560.0,168920.0,17.0,5,30.0,139.298,"2,87",1.933.116,"96,03",TEUSAQUILLO,LA ESMERALDA,9.0,0.0,3.0,6.0,37578.0,16706.0,20872.0,2.3950183618074403,2.3950183618074403,3.591524003352089,1.4373323112303564
91.0,2019,2,2.0,1,0.0,0,0.0,0,1.0,1,12.0,3.3285714285714287,96894.0,41153.0,42.0,7,37.0,96.241,"3,18",896.890,"88,28",SANTA FE,SAGRADO CORAZON,24.0,0.0,9.0,15.0,10453.0,5227.0,5226.0,22.95991581364202,22.95991581364202,28.697149416491296,17.22158438576349
95.0,2019,2,0.0,0,0.0,0,0.0,0,0.0,0,9.0,2.0,260205.0,69723.0,19.0,3,15.0,96.241,"3,18",896.890,"88,28",SANTA FE,LAS CRUCES,7.0,0.0,5.0,2.0,20700.0,10469.0,10231.0,3.381642512077295,3.381642512077295,1.9104021396503963,4.88710780959828
40.0,2019,2,0.0,0,0.0,0,2.0,1,0.0,0,2.0,3.0,1219392.0,1267944.0,21.0,8,62.0,250.715,"3,55",1.116.511,"90,43",PUENTE ARANDA,CIUDAD MONTES,14.0,0.0,4.0,10.0,99795.0,47099.0,52696.0,1.4028758955859513,1.4028758955859513,2.123187328818022,0.7590708972218004
117.0,2019,2,0.0,0,0.0,0,0.0,0,0.0,0,4.0,3.0,824.0,1670.0,1.0,1,17.0,317.179,"3,46",1.428.379,"90,03",FONTIBON,AEROPUERTO EL DORADO,4.0,0.0,1.0,3.0,790.0,522.0,268.0,50.63291139240506,50.63291139240506,57.47126436781609,37.3134328358209
64.0,2019,2,0.0,0,0.0,0,0.0,0,0.0,0,0.0,1.0,5590.0,25895.0,0.0,0,7.0,593.937,"4,09",505.335,"83,5",CIUDAD BOLIVAR,MONTE BLANCO,0.0,0.0,0.0,0.0,0.0,0.0,0.0,0.0,0.0,0.0,0.0
48.0,2019,2,0.0,0,1.0,1,0.0,0,0.0,0,2.0,2.7455555555555557,1310472.0,1325682.0,5.0,3,18.0,979.914,"3,72",999.300,"88,94",KENNEDY,TIMIZA,14.0,0.0,7.0,7.0,141474.0,67751.0,73723.0,0.9895811244468948,0.9895811244468948,1.0331950819914097,0.9495001559893114
98.0,2019,2,0.0,0,3.0,1,6.0,1,0.0,0,17.0,3.0542105263157895,1522242.0,1559634.0,99.0,19,81.0,230.066,"3,36",1.462.840,"92,44",BARRIOS UNIDOS,LOS ALCAZARES,44.0,0.0,15.0,29.0,40963.0,19865.0,21098.0,10.741400776310329,10.741400776310329,14.598540145985401,7.109678642525358
28.0,2019,2,1.0,1,6.0,1,12.0,1,6.0,1,6.0,2.287857142857143,3797108.0,4228084.0,17.0,6,49.0,981.613,"3,41",1.388.086,"91,6",SUBA,EL RINCON,35.0,0.0,13.0,22.0,272474.0,130548.0,141926.0,1.284526230025617,1.284526230025617,1.6852039096730704,0.9159702943787607
17.0,2019,2,0.0,0,0.0,0,2.0,1,0.0,0,2.0,4.285,226840.0,238870.0,6.0,2,32.0,981.613,"3,41",1.388.086,"91,6",SUBA,SAN JOSE DE BAVARIA,16.0,0.0,3.0,13.0,49227.0,22838.0,26389.0,3.2502488471773616,3.2502488471773616,5.692267273841843,1.1368373185797112
24.0,2019,2,2.0,1,2.0,1,11.0,1,1.0,1,7.0,4.819999999999999,859833.0,845949.0,36.0,12,69.0,981.613,"3,41",1.388.086,"91,6",SUBA,NIZA,12.0,0.0,9.0,3.0,80003.0,36556.0,43447.0,1.499943752109296,1.499943752109296,0.8206587153955576,2.071489400879232
44.0,2019,2,1.0,1,2.0,1,1.0,1,0.0,0,1.0,3.22875,673424.0,676672.0,20.0,7,33.0,979.914,"3,72",999.300,"88,94",KENNEDY,AMERICAS,24.0,0.0,12.0,12.0,79564.0,37621.0,41943.0,3.016439595797094,3.016439595797094,3.1897078759203636,2.8610256777054572
62.0,2019,2,0.0,0,1.0,1,2.0,1,0.0,0,1.0,2.024,338366.0,403893.0,26.0,7,26.0,182.532,"3,63",829.895,"87,19",TUNJUELITO,TUNJUELITO,11.0,0.0,5.0,6.0,40340.0,20058.0,20282.0,2.7268220128904312,2.7268220128904312,2.991325157044571,2.4652401143871416
69.0,2019,2,1.0,1,1.0,1,2.0,1,1.0,1,1.0,1.3691666666666666,1779216.0,1964304.0,13.0,6,22.0,593.937,"4,09",505.335,"83,5",CIUDAD BOLIVAR,ISMAEL PERDOMO,14.0,0.0,6.0,8.0,159118.0,77946.0,81172.0,0.8798501740846416,0.8798501740846416,1.0263515767326097,0.7391711427585866
93.0,2019,2,4.0,1,5.0,1,2.0,1,0.0,0,8.0,2.932857142857143,332178.0,96411.0,80.0,7,52.0,96.241,"3,18",896.890,"88,28",SANTA FE,LAS NIEVES,57.0,0.0,31.0,26.0,16733.0,8688.0,8045.0,34.0644235940955,34.0644235940955,29.926335174953962,38.53325046612803
18.0,2019,2,0.0,0,1.0,1,4.0,1,4.0,1,6.0,3.272,300834.0,346380.0,10.0,3,25.0,981.613,"3,41",1.388.086,"91,6",SUBA,BRITALIA,4.0,0.0,1.0,3.0,87900.0,40683.0,47217.0,0.45506257110352677,0.45506257110352677,0.7374087456677236,0.21178812715759154
15.0,2019,3,0.0,0,0.0,0,0.0,0,3.0,1,10.0,5.395,175550.0,49356.0,6.0,2,21.0,430.156,"3,12",1.867.529,"93,6",USAQUEN,COUNTRY CLUB,11.0,0.0,7.0,4.0,24929.0,11192.0,13737.0,4.41253158971479,4.41253158971479,3.5739814152966405,5.09572686903982
86.0,2019,3,0.0,0,0.0,0,0.0,0,0.0,0,0.0,1.568,321440.0,368145.0,0.0,0,33.0,546.809,"3,98",703.807,"85,4",BOSA,EL PORVENIR,10.0,0.0,7.0,3.0,135550.0,64820.0,70730.0,0.7377351530800442,0.7377351530800442,0.462820117247763,0.989679061218719
71.0,2019,3,0.0,0,0.0,0,2.0,1,0.0,0,3.0,2.105,2325960.0,2670912.0,0.0,0,22.0,981.613,"3,41",1.388.086,"91,6",SUBA,TIBABUYES,16.0,0.0,8.0,8.0,281383.0,136036.0,145347.0,0.5686199948113425,0.5686199948113425,0.5880796259813579,0.5504069571439383
29.0,2019,3,1.0,1,2.0,1,1.0,1,0.0,0,5.0,2.713333333333334,1291554.0,1329381.0,30.0,9,32.0,824.337,"3,41",1.089.512,"91,78",ENGATIVA,MINUTO DE DIOS,24.0,0.0,10.0,14.0,110128.0,51823.0,58305.0,2.179282289699259,2.179282289699259,2.7015031935627034,1.7151187719749594
80.0,2019,3,0.0,0,0.0,0,1.0,1,0.0,0,1.0,2.0025,247816.0,277108.0,11.0,4,19.0,979.914,"3,72",999.300,"88,94",KENNEDY,CORABASTOS,13.0,0.0,6.0,7.0,56948.0,28431.0,28517.0,2.282784294444054,2.282784294444054,2.4621012275333265,2.1040081354981237
99.0,2019,3,7.0,1,3.0,1,1.0,1,0.0,0,14.0,3.692,79566.0,121692.0,22.0,6,62.0,122.507,"2,43",2.288.835,"96,61",CHAPINERO,CHAPINERO,56.0,0.0,14.0,42.0,24347.0,12130.0,12217.0,23.00078038362016,23.00078038362016,34.624896949711456,11.459441761479907
3.0,2019,3,0.0,0,0.0,0,0.0,0,0.0,0,0.0,6.0,0.0,1169.0,0.0,0,26.0,981.613,"3,41",1.388.086,"91,6",SUBA,GUAYMARAL,1.0,0.0,0.0,1.0,2323.0,1124.0,1199.0,4.304778303917348,4.304778303917348,8.896797153024911,0.0
97.0,2019,3,10.0,1,3.0,1,6.0,1,1.0,1,12.0,5.211875,94384.0,420656.0,63.0,15,98.0,122.507,"2,43",2.288.835,"96,61",CHAPINERO,CHICO LAGO,98.0,0.0,47.0,51.0,35313.0,16528.0,18785.0,27.75181944326452,27.75181944326452,30.8567279767667,25.01996273622571
94.0,2019,3,4.0,1,0.0,0,0.0,0,2.0,1,5.0,2.40875,203598.0,216855.0,43.0,8,36.0,22.115,"2,83",1.050.888,"88,9",CANDELARIA,LA CANDELARIA,24.0,0.0,8.0,16.0,17345.0,9085.0,8260.0,13.836840588065725,13.836840588065725,17.611447440836542,9.685230024213075
76.0,2019,3,0.0,0,0.0,0,1.0,1,0.0,0,1.0,2.186666666666667,120020.0,128536.0,0.0,0,21.0,317.179,"3,46",1.428.379,"90,03",FONTIBON,FONTIBON SAN PABLO,4.0,0.0,2.0,2.0,33461.0,16412.0,17049.0,1.1954215355189624,1.1954215355189624,1.2186205215695833,1.1730893307525367
114.0,2019,3,0.0,0,0.0,0,2.0,1,1.0,1,6.0,3.8,191930.0,197050.0,9.0,4,24.0,317.179,"3,46",1.428.379,"90,03",FONTIBON,MODELIA,15.0,0.0,4.0,11.0,42974.0,19838.0,23136.0,3.4904826173965655,3.4904826173965655,5.544913801794536,1.7289073305670817
89.0,2019,3,0.0,0,0.0,0,0.0,0,0.0,0,0.0,2.0666666666666664,28245.0,48603.0,0.0,0,3.0,122.507,"2,43",2.288.835,"96,61",CHAPINERO,SAN ISIDRO - PATIOS,1.0,0.0,1.0,0.0,15994.0,7940.0,8054.0,0.6252344629235963,0.6252344629235963,0.0,1.2416190712689348
38.0,2019,3,0.0,0,4.0,1,4.0,1,0.0,0,3.0,3.008,1246305.0,1155330.0,52.0,15,75.0,119.565,"3,92",1.095.184,"90,79",ANTONIO NARIÑO,RESTREPO,31.0,0.0,12.0,19.0,54708.0,26059.0,28649.0,5.666447320318783,5.666447320318783,7.291147012548448,4.18862787531851
52.0,2019,3,0.0,0,0.0,0,0.0,0,0.0,0,0.0,1.0,614920.0,740280.0,0.0,0,176.0,314.431,"4,07",569.872,"82,91",USME,LA FLORA,0.0,0.0,0.0,0.0,0.0,0.0,0.0,0.0,0.0,0.0,0.0
96.0,2019,3,0.0,0,0.0,0,0.0,0,0.0,0,4.0,1.7264285714285716,628474.0,648214.0,4.0,2,16.0,96.241,"3,18",896.890,"88,28",SANTA FE,LOURDES,3.0,0.0,1.0,2.0,44918.0,21928.0,22990.0,0.6678836991851819,0.6678836991851819,0.9120758847136081,0.4349717268377556
84.0,2019,3,0.0,0,0.0,0,2.0,1,1.0,1,1.0,1.98,990222.0,1073760.0,1.0,1,30.0,546.809,"3,98",703.807,"85,4",BOSA,BOSA OCCIDENTAL,16.0,0.0,8.0,8.0,197601.0,96425.0,101176.0,0.8097125014549521,0.8097125014549521,0.8296603577910292,0.7907013520993121
111.0,2019,3,1.0,1,0.0,0,1.0,1,0.0,0,4.0,2.9375,64585.0,73290.0,16.0,5,63.0,250.715,"3,55",1.116.511,"90,43",PUENTE ARANDA,PUENTE ARANDA,18.0,0.0,12.0,6.0,11206.0,8709.0,2497.0,16.062823487417454,16.062823487417454,6.889424733034792,48.05766920304365
112.0,2019,3,1.0,1,1.0,1,1.0,1,1.0,1,6.0,3.1133333333333333,126427.0,160027.0,0.0,0,71.0,317.179,"3,46",1.428.379,"90,03",FONTIBON,GRANJAS DE TECHO,27.0,0.0,13.0,14.0,46245.0,21402.0,24843.0,5.838469023678235,5.838469023678235,6.5414447247920755,5.2328623757195185
75.0,2019,3,0.0,0,2.0,1,7.0,1,4.0,1,4.0,2.913,1316550.0,1374890.0,0.0,0,58.0,317.179,"3,46",1.428.379,"90,03",FONTIBON,FONTIBON,34.0,0.0,15.0,19.0,132714.0,63221.0,69493.0,2.5619000256190003,2.5619000256190003,3.0053305072681544,2.1584907832443556
12.0,2019,3,1.0,1,2.0,1,5.0,1,0.0,0,5.0,3.378,256245.0,260090.0,9.0,3,42.0,430.156,"3,12",1.867.529,"93,6",USAQUEN,TOBERIN,12.0,0.0,7.0,5.0,60120.0,27692.0,32428.0,1.996007984031936,1.996007984031936,1.8055756175068611,2.1586283458739364
16.0,2019,3,2.0,1,2.0,1,8.0,1,1.0,1,15.0,5.738888888888889,464238.0,463266.0,18.0,6,60.0,430.156,"3,12",1.867.529,"93,6",USAQUEN,SANTA BARBARA,41.0,0.0,17.0,24.0,69695.0,31338.0,38357.0,5.882774947987661,5.882774947987661,7.658433850277619,4.432046301848424
82.0,2019,3,0.0,0,0.0,0,2.0,1,2.0,1,0.0,1.9566666666666668,963012.0,1044870.0,9.0,4,29.0,979.914,"3,72",999.300,"88,94",KENNEDY,PATIO BONITO,23.0,0.0,7.0,16.0,139919.0,69495.0,70424.0,1.6438082033176338,1.6438082033176338,2.302323908194834,0.9939793252300352
35.0,2019,3,1.0,1,0.0,0,1.0,1,1.0,1,2.0,2.666,168705.0,154565.0,35.0,5,22.0,119.565,"3,92",1.095.184,"90,79",ANTONIO NARIÑO,CIUDAD JARDIN,9.0,0.0,3.0,6.0,25387.0,12038.0,13349.0,3.5451215188876195,3.5451215188876195,4.984216647283602,2.2473593527605065
68.0,2019,3,0.0,0,0.0,0,0.0,0,1.0,1,0.0,1.055,351536.0,380992.0,0.0,0,13.0,593.937,"4,09",505.335,"83,5",CIUDAD BOLIVAR,EL TESORO,1.0,0.0,0.0,1.0,51170.0,25484.0,25686.0,0.19542700801250734,0.19542700801250734,0.3924030764401193,0.0
27.0,2019,3,1.0,1,5.0,1,7.0,1,5.0,1,3.0,2.840909090909091,1497236.0,1751217.0,16.0,6,48.0,981.613,"3,41",1.388.086,"91,6",SUBA,SUBA,25.0,0.0,12.0,13.0,170068.0,79760.0,90308.0,1.4700002352000376,1.4700002352000376,1.6298896690070213,1.3287859325862605
22.0,2019,3,1.0,1,0.0,0,5.0,1,0.0,0,2.0,3.292222222222222,847206.0,887247.0,37.0,8,38.0,230.066,"3,36",1.462.840,"92,44",BARRIOS UNIDOS,DOCE DE OCTUBRE,19.0,0.0,14.0,5.0,67629.0,32457.0,35172.0,2.8094456520131894,2.8094456520131894,1.5404997381150445,3.9804389855566926
105.0,2019,3,0.0,0,0.0,0,0.0,0,0.0,0,2.0,2.67,1601.0,2464.0,4.0,1,11.0,824.337,"3,41",1.089.512,"91,78",ENGATIVA,JARDIN BOTANICO,4.0,0.0,1.0,3.0,2616.0,1504.0,1112.0,15.290519877675841,15.290519877675841,19.946808510638295,8.992805755395684
104.0,2019,3,0.0,0,0.0,0,0.0,0,0.0,0,4.0,4.0,19494.0,20424.0,21.0,5,34.0,139.298,"2,87",1.933.116,"96,03",TEUSAQUILLO,PARQUE SIMON BOLIVAR - CAN,24.0,0.0,11.0,13.0,3087.0,1586.0,1501.0,77.74538386783284,77.74538386783284,81.9672131147541,73.28447701532312
74.0,2019,3,0.0,0,0.0,0,1.0,1,0.0,0,2.0,2.0016666666666665,712512.0,784968.0,0.0,0,15.0,824.337,"3,41",1.089.512,"91,78",ENGATIVA,ENGATIVA,12.0,0.0,2.0,10.0,138394.0,66983.0,71411.0,0.8670896137115771,0.8670896137115771,1.492916113043608,0.28006889694864934
47.0,2019,3,1.0,1,0.0,0,1.0,1,0.0,0,1.0,3.0,865592.0,770256.0,9.0,4,28.0,979.914,"3,72",999.300,"88,94",KENNEDY,KENNEDY CENTRAL,20.0,0.0,13.0,7.0,94456.0,44672.0,49784.0,2.1173879901753194,2.1173879901753194,1.566977077363897,2.611280732765547
70.0,2019,3,0.0,0,0.0,0,0.0,0,0.0,0,1.0,1.1733333333333331,789975.0,888237.0,0.0,0,23.0,593.937,"4,09",505.335,"83,5",CIUDAD BOLIVAR,JERUSALEM,5.0,0.0,3.0,2.0,97492.0,47838.0,49654.0,0.5128625938538547,0.5128625938538547,0.4180776788327271,0.6041809320497845
66.0,2019,3,0.0,0,0.0,0,0.0,0,0.0,0,0.0,1.8425,597168.0,609704.0,4.0,3,26.0,593.937,"4,09",505.335,"83,5",CIUDAD BOLIVAR,SAN FRANCISCO,4.0,0.0,3.0,1.0,69426.0,34000.0,35426.0,0.5761530262437704,0.5761530262437704,0.29411764705882354,0.8468356574267488
65.0,2019,3,0.0,0,0.0,0,0.0,0,0.0,0,1.0,2.463333333333334,349194.0,364512.0,9.0,3,21.0,593.937,"4,09",505.335,"83,5",CIUDAD BOLIVAR,ARBORIZADORA,16.0,0.0,8.0,8.0,79580.0,38071.0,41509.0,2.0105554159336516,2.0105554159336516,2.101336975650758,1.9272928762437063
79.0,2019,3,0.0,0,0.0,0,0.0,0,1.0,1,0.0,2.1333333333333333,167274.0,204984.0,3.0,2,22.0,979.914,"3,72",999.300,"88,94",KENNEDY,CALANDAIMA,8.0,0.0,4.0,4.0,124532.0,58974.0,65558.0,0.6424051649375262,0.6424051649375262,0.6782649981347713,0.61014674029104
59.0,2019,3,0.0,0,0.0,0,0.0,0,0.0,0,0.0,1.0,163808.0,216380.0,0.0,0,6.0,314.431,"4,07",569.872,"82,91",USME,ALFONSO LOPEZ,7.0,0.0,4.0,3.0,49878.0,24695.0,25183.0,1.4034243554272423,1.4034243554272423,1.2148208139299452,1.588373108843267
45.0,2019,3,0.0,0,0.0,0,1.0,1,1.0,1,2.0,2.7914285714285714,737583.0,674359.0,9.0,4,35.0,979.914,"3,72",999.300,"88,94",KENNEDY,CARVAJAL,26.0,0.0,8.0,18.0,90319.0,43587.0,46732.0,2.878685547891363,2.878685547891363,4.129671691100557,1.7118890695882907
20.0,2019,3,2.0,1,0.0,0,7.0,1,43.0,1,18.0,4.996666666666667,231126.0,219822.0,33.0,6,26.0,981.613,"3,41",1.388.086,"91,6",SUBA,LA ALHAMBRA,14.0,0.0,6.0,8.0,41140.0,18539.0,22601.0,3.4030140982012638,3.4030140982012638,4.315227358541453,2.6547497898323082
51.0,2019,3,0.0,0,0.0,0,0.0,0,0.0,0,0.0,1.68875,263745.0,660861.0,0.0,0,15.0,404.35,"3,73",706.208,"83,68",SAN CRISTOBAL,LOS LIBERTADORES,2.0,0.0,1.0,1.0,75389.0,36613.0,38776.0,0.2652906922760615,0.2652906922760615,0.27312703138229594,0.2578914792655251
115.0,2019,3,2.0,1,2.0,1,0.0,0,0.0,0,4.0,3.314,77135.0,83285.0,6.0,3,26.0,317.179,"3,46",1.428.379,"90,03",FONTIBON,CAPELLANIA,22.0,0.0,13.0,9.0,17600.0,8297.0,9303.0,12.5,12.5,10.847294202723877,13.973986885950769
43.0,2019,3,0.0,0,0.0,0,2.0,1,1.0,1,2.0,3.0,844074.0,844239.0,17.0,8,31.0,250.715,"3,55",1.116.511,"90,43",PUENTE ARANDA,SAN RAFAEL,13.0,0.0,9.0,4.0,72177.0,34309.0,37868.0,1.8011277830887957,1.8011277830887957,1.165874843335568,2.3766768775747336
25.0,2019,3,2.0,1,2.0,1,4.0,1,0.0,0,8.0,4.04,127070.0,126620.0,24.0,5,25.0,981.613,"3,41",1.388.086,"91,6",SUBA,LA FLORESTA,13.0,0.0,7.0,6.0,42823.0,19418.0,23405.0,3.0357518156131054,3.0357518156131054,3.089916572252549,2.9908139286477247
56.0,2019,3,0.0,0,0.0,0,0.0,0,0.0,0,0.0,1.508,205135.0,253351.0,6.0,6,8.0,314.431,"4,07",569.872,"82,91",USME,DANUBIO,6.0,0.0,3.0,3.0,52258.0,25327.0,26931.0,1.1481495656167475,1.1481495656167475,1.1845066529790342,1.1139578923916675
26.0,2019,3,0.0,0,3.0,1,5.0,1,3.0,1,5.0,3.0646153846153847,1441973.0,1441167.0,19.0,5,69.0,824.337,"3,41",1.089.512,"91,78",ENGATIVA,LAS FERIAS,53.0,0.0,27.0,26.0,100323.0,47687.0,52636.0,5.282936116344208,5.282936116344208,5.4522196825130536,5.12956911619424
102.0,2019,3,1.0,1,2.0,1,3.0,1,0.0,0,11.0,2.8186666666666667,764715.0,782955.0,131.0,15,94.0,94.944,"3,53",1.059.511,"89,78",LOS MARTIRES,LA SABANA,83.0,0.0,28.0,55.0,39473.0,18761.0,20712.0,21.027031135206343,21.027031135206343,29.316134534406483,13.518733101583623
2.0,2019,3,0.0,0,0.0,0,0.0,0,0.0,0,0.0,5.058,10545.0,13800.0,3.0,2,95.0,981.613,"3,41",1.388.086,"91,6",SUBA,LA ACADEMIA,0.0,0.0,0.0,0.0,0.0,0.0,0.0,0.0,0.0,0.0,0.0
116.0,2019,3,1.0,1,1.0,1,0.0,0,1.0,1,6.0,3.155,24638.0,27282.0,3.0,1,17.0,824.337,"3,41",1.089.512,"91,78",ENGATIVA,ALAMOS,8.0,0.0,2.0,6.0,11944.0,5613.0,6331.0,6.697923643670462,6.697923643670462,10.689470871191876,3.15905860053704
81.0,2019,3,0.0,0,0.0,0,1.0,1,3.0,1,2.0,2.0025,290204.0,283616.0,1.0,1,16.0,979.914,"3,72",999.300,"88,94",KENNEDY,GRAN BRITALIA,5.0,0.0,3.0,2.0,63103.0,30784.0,32319.0,0.792355355529848,0.792355355529848,0.6496881496881497,0.92824654228163
52.0,2019,3,0.0,0,0.0,0,0.0,0,0.0,0,0.0,1.0,614920.0,740280.0,0.0,0,176.0,314.431,"4,07",569.872,"82,91",USME,LA FLORA,0.0,0.0,0.0,0.0,0.0,0.0,0.0,0.0,0.0,0.0,0.0
33.0,2019,3,0.0,0,0.0,0,2.0,1,0.0,0,2.0,2.8193333333333332,1647904.0,748256.0,42.0,13,30.0,404.35,"3,73",706.208,"83,68",SAN CRISTOBAL,SOSIEGO,5.0,0.0,3.0,2.0,42929.0,20777.0,22152.0,1.1647138298120152,1.1647138298120152,0.9626028781826057,1.3542795232936078
19.0,2019,3,2.0,1,3.0,1,7.0,1,2.0,1,10.0,3.51625,692512.0,712104.0,25.0,8,34.0,981.613,"3,41",1.388.086,"91,6",SUBA,EL PRADO,20.0,0.0,11.0,9.0,100927.0,46205.0,54722.0,1.98163028723731,1.98163028723731,1.9478411427334703,2.0101604473520704
41.0,2019,3,0.0,0,0.0,0,1.0,1,0.0,0,2.0,3.0,523602.0,513468.0,24.0,8,22.0,250.715,"3,55",1.116.511,"90,43",PUENTE ARANDA,MUZU,13.0,0.0,6.0,7.0,57874.0,27440.0,30434.0,2.2462591146283306,2.2462591146283306,2.5510204081632657,1.971479266609713
37.0,2019,3,0.0,0,1.0,1,1.0,1,0.0,0,6.0,3.0,307027.0,315602.0,40.0,7,41.0,94.944,"3,53",1.059.511,"89,78",LOS MARTIRES,SANTA ISABEL,10.0,0.0,3.0,7.0,43484.0,19996.0,23488.0,2.2996964400699107,2.2996964400699107,3.500700140028006,1.2772479564032697
107.0,2019,3,0.0,0,1.0,1,3.0,1,1.0,1,4.0,3.77,207448.0,216792.0,32.0,8,35.0,139.298,"2,87",1.933.116,"96,03",TEUSAQUILLO,QUINTA PAREDES,16.0,0.0,7.0,9.0,26739.0,11967.0,14772.0,5.983769026515576,5.983769026515576,7.520681875156681,4.738694828053073
73.0,2019,3,1.0,1,0.0,0,3.0,1,1.0,1,3.0,2.775714285714286,955689.0,1044302.0,4.0,2,40.0,824.337,"3,41",1.089.512,"91,78",ENGATIVA,GARCES NAVAS,21.0,0.0,7.0,14.0,163652.0,77170.0,86482.0,1.2832107154205263,1.2832107154205263,1.8141764934560063,0.8094169885062787
31.0,2019,3,0.0,0,1.0,1,2.0,1,1.0,1,6.0,3.318333333333334,409362.0,391260.0,10.0,4,38.0,824.337,"3,41",1.089.512,"91,78",ENGATIVA,SANTA CECILIA,23.0,0.0,9.0,14.0,66554.0,31112.0,35442.0,3.4558403702256815,3.4558403702256815,4.4998714322447935,2.5393600812595225
58.0,2019,3,0.0,0,0.0,0,0.0,0,1.0,1,0.0,1.5654545454545454,857659.0,954745.0,0.0,0,29.0,314.431,"4,07",569.872,"82,91",USME,COMUNEROS,9.0,0.0,5.0,4.0,94210.0,46146.0,48064.0,0.9553125995117291,0.9553125995117291,0.8668140250509253,1.0402796271637815
13.0,2019,3,3.0,1,1.0,1,6.0,1,3.0,1,4.0,4.381666666666667,1717632.0,1842552.0,20.0,5,88.0,430.156,"3,12",1.867.529,"93,6",USAQUEN,LOS CEDROS,37.0,0.0,18.0,19.0,126708.0,56234.0,70474.0,2.9200997569214255,2.9200997569214255,3.378738841270406,2.5541334392825727
63.0,2019,3,0.0,0,0.0,0,0.0,0,0.0,0,0.0,,1596.0,5864.0,2.0,2,6.0,593.937,"4,09",505.335,"83,5",CIUDAD BOLIVAR,EL MOCHUELO,0.0,0.0,0.0,0.0,0.0,0.0,0.0,0.0,0.0,0.0,0.0
87.0,2019,3,0.0,0,0.0,0,0.0,0,0.0,0,1.0,1.765,212992.0,339512.0,0.0,0,47.0,546.809,"3,98",703.807,"85,4",BOSA,TINTAL SUR,6.0,0.0,3.0,3.0,102194.0,48023.0,54171.0,0.5871186175313619,0.5871186175313619,0.6247006642650397,0.553801849698178
77.0,2019,3,1.0,1,0.0,0,0.0,0,0.0,0,1.0,2.045,283878.0,356976.0,0.0,0,13.0,317.179,"3,46",1.428.379,"90,03",FONTIBON,ZONA FRANCA,6.0,0.0,3.0,3.0,59305.0,27758.0,31547.0,1.0117190793356379,1.0117190793356379,1.0807695078896173,0.9509620566139411
39.0,2019,3,1.0,1,2.0,1,5.0,1,0.0,0,2.0,3.0,1410480.0,1306815.0,45.0,15,69.0,378.78,"3,72",591.317,"87,06",RAFAEL URIBE URIBE,QUIROGA,45.0,0.0,25.0,20.0,90059.0,43506.0,46553.0,4.996724369579942,4.996724369579942,4.597067071208569,5.370223186475631
108.0,2019,3,0.0,0,0.0,0,0.0,0,1.0,1,3.0,2.685714285714286,33520.0,33976.0,48.0,8,66.0,250.715,"3,55",1.116.511,"90,43",PUENTE ARANDA,ZONA INDUSTRIAL,29.0,0.0,13.0,16.0,6185.0,3095.0,3090.0,46.88763136620857,46.88763136620857,51.69628432956382,42.07119741100324
61.0,2019,3,0.0,0,0.0,0,0.0,0,5.0,1,0.0,1.2366666666666666,79500.0,134960.0,0.0,0,65.0,314.431,"4,07",569.872,"82,91",USME,CIUDAD USME,1.0,0.0,0.0,1.0,24119.0,11715.0,12404.0,0.41461088768191057,0.41461088768191057,0.8536064874093043,0.0
1.0,2019,3,0.0,0,0.0,0,0.0,0,0.0,0,0.0,4.0,52488.0,63828.0,3.0,3,83.0,430.156,"3,12",1.867.529,"93,6",USAQUEN,PASEO DE LOS LIBERTADORES,6.0,0.0,2.0,4.0,2602.0,1291.0,1311.0,23.059185242121444,23.059185242121444,30.98373353989156,15.255530129672007
46.0,2019,3,0.0,0,0.0,0,3.0,1,1.0,1,3.0,2.72,884656.0,1003288.0,18.0,6,40.0,979.914,"3,72",999.300,"88,94",KENNEDY,CASTILLA,23.0,0.0,10.0,13.0,140078.0,66586.0,73492.0,1.6419423464070018,1.6419423464070018,1.952362358453729,1.3606923202525445
85.0,2019,3,1.0,1,1.0,1,3.0,1,2.0,1,1.0,1.9988888888888892,2537808.0,2654832.0,17.0,6,39.0,546.809,"3,98",703.807,"85,4",BOSA,BOSA CENTRAL,34.0,0.0,16.0,18.0,235147.0,113170.0,121977.0,1.4459040515082056,1.4459040515082056,1.590527524962446,1.311722701820835
60.0,2019,3,0.0,0,0.0,0,0.0,0,0.0,0,1.0,1.11,10544.0,15584.0,0.0,0,0.0,314.431,"4,07",569.872,"82,91",USME,PARQUE ENTRENUBES,0.0,0.0,0.0,0.0,0.0,0.0,0.0,0.0,0.0,0.0,0.0
60.0,2019,3,0.0,0,0.0,0,0.0,0,0.0,0,1.0,1.11,10544.0,15584.0,0.0,0,0.0,314.431,"4,07",569.872,"82,91",USME,PARQUE ENTRENUBES,0.0,0.0,0.0,0.0,0.0,0.0,0.0,0.0,0.0,0.0,0.0
30.0,2019,3,1.0,1,4.0,1,6.0,1,1.0,1,5.0,3.001818181818182,1427481.0,1341120.0,25.0,7,42.0,824.337,"3,41",1.089.512,"91,78",ENGATIVA,BOYACA REAL,31.0,0.0,10.0,21.0,126709.0,60161.0,66548.0,2.44655075803613,2.44655075803613,3.490633466863915,1.502674761074713
72.0,2019,3,0.0,0,0.0,0,1.0,1,0.0,0,4.0,3.0,331356.0,345116.0,4.0,2,21.0,824.337,"3,41",1.089.512,"91,78",ENGATIVA,BOLIVIA,17.0,0.0,7.0,10.0,82460.0,37550.0,44910.0,2.0616056269706524,2.0616056269706524,2.6631158455392807,1.558672901358272
57.0,2019,3,0.0,0,2.0,1,0.0,0,0.0,0,0.0,1.7740000000000002,1391324.0,1519562.0,3.0,3,23.0,314.431,"4,07",569.872,"82,91",USME,GRAN YOMASA,13.0,0.0,4.0,9.0,126215.0,61508.0,64707.0,1.0299885116666008,1.0299885116666008,1.4632242960265331,0.6181711406802973
23.0,2019,3,0.0,0,0.0,0,4.0,1,19.0,1,6.0,3.5728571428571425,209118.0,255647.0,7.0,5,41.0,981.613,"3,41",1.388.086,"91,6",SUBA,CASA BLANCA SUBA,12.0,0.0,8.0,4.0,56335.0,26066.0,30269.0,2.130114493654034,2.130114493654034,1.5345661014348193,2.642968053123658
88.0,2019,3,0.0,0,0.0,0,0.0,0,0.0,0,18.0,5.9375,358776.0,369156.0,3.0,2,60.0,122.507,"2,43",2.288.835,"96,61",CHAPINERO,EL REFUGIO,19.0,0.0,9.0,10.0,38133.0,17147.0,20986.0,4.9825610363726955,4.9825610363726955,5.83192395171167,4.288573334604022
9.0,2019,3,0.0,0,1.0,1,4.0,1,1.0,1,0.0,2.7445454545454546,927663.0,1059410.0,9.0,4,60.0,430.156,"3,12",1.867.529,"93,6",USAQUEN,VERBENAL,12.0,0.0,6.0,6.0,122844.0,58302.0,64542.0,0.9768486861385172,0.9768486861385172,1.0291242152927857,0.9296272194849865
109.0,2019,3,0.0,0,0.0,0,0.0,0,0.0,0,4.0,4.123333333333334,44058.0,53832.0,12.0,3,32.0,139.298,"2,87",1.933.116,"96,03",TEUSAQUILLO,CIUDAD SALITRE ORIENTAL,16.0,0.0,6.0,10.0,22721.0,10122.0,12599.0,7.041943576427094,7.041943576427094,9.879470460383324,4.762282720850861
49.0,2019,3,0.0,0,1.0,1,0.0,0,1.0,1,2.0,2.3333333333333335,124191.0,114375.0,10.0,3,11.0,546.809,"3,98",703.807,"85,4",BOSA,APOGEO,11.0,0.0,5.0,6.0,36681.0,17572.0,19109.0,2.99882773097789,2.99882773097789,3.414523104939677,2.616568109267884
14.0,2019,3,1.0,1,0.0,0,1.0,1,0.0,0,15.0,4.66,375100.0,457974.0,0.0,0,45.0,430.156,"3,12",1.867.529,"93,6",USAQUEN,USAQUEN,18.0,0.0,9.0,9.0,40865.0,19334.0,21531.0,4.404747338798483,4.404747338798483,4.655011896141513,4.180019506757698
32.0,2019,3,0.0,0,0.0,0,0.0,0,0.0,0,0.0,1.7457142857142858,1408200.0,1428675.0,0.0,0,47.0,404.35,"3,73",706.208,"83,68",SAN CRISTOBAL,SAN BLAS,5.0,0.0,1.0,4.0,100161.0,48278.0,51883.0,0.4991962939667136,0.4991962939667136,0.8285347363188202,0.1927413603685215
92.0,2019,3,0.0,0,0.0,0,0.0,0,0.0,0,10.0,2.5425,132324.0,86100.0,26.0,6,25.0,96.241,"3,18",896.890,"88,28",SANTA FE,LA MACARENA,6.0,0.0,3.0,3.0,12200.0,5967.0,6233.0,4.918032786885246,4.918032786885246,5.027652086475616,4.813091609176961
11.0,2019,3,0.0,0,1.0,1,4.0,1,2.0,1,4.0,2.3000000000000003,373404.0,436080.0,0.0,0,21.0,430.156,"3,12",1.867.529,"93,6",USAQUEN,SAN CRISTOBAL NORTE,3.0,0.0,2.0,1.0,69583.0,33095.0,36488.0,0.4311397898912091,0.4311397898912091,0.3021604471974619,0.5481254110940583
36.0,2019,3,1.0,1,0.0,0,0.0,0,0.0,0,2.0,2.97,350595.0,343350.0,26.0,7,19.0,378.78,"3,72",591.317,"87,06",RAFAEL URIBE URIBE,SAN JOSE,16.0,0.0,6.0,10.0,47491.0,22523.0,24968.0,3.3690594007285593,3.3690594007285593,4.439905873995471,2.4030759371996155
53.0,2019,3,0.0,0,1.0,1,1.0,1,0.0,0,2.0,2.442857142857143,479920.0,461139.0,21.0,6,14.0,378.78,"3,72",591.317,"87,06",RAFAEL URIBE URIBE,MARCO FIDEL SUAREZ,14.0,0.0,5.0,9.0,46874.0,22582.0,24292.0,2.986730383581516,2.986730383581516,3.9854751572048532,2.0582907953235634
50.0,2019,3,0.0,0,1.0,1,0.0,0,0.0,0,1.0,1.9327272727272728,215222.0,1432186.0,1.0,1,21.0,404.35,"3,73",706.208,"83,68",SAN CRISTOBAL,LA GLORIA,7.0,0.0,4.0,3.0,94513.0,45836.0,48677.0,0.7406388539142764,0.7406388539142764,0.654507374116415,0.8217433284713519
110.0,2019,3,2.0,1,1.0,1,0.0,0,0.0,0,5.0,4.074999999999999,71780.0,82212.0,7.0,2,29.0,317.179,"3,46",1.428.379,"90,03",FONTIBON,CIUDAD SALITRE OCCIDENTAL,22.0,0.0,10.0,12.0,44029.0,20708.0,23321.0,4.996706716028072,4.996706716028072,5.7948618891249755,4.287980789846062
10.0,2019,3,0.0,0,1.0,1,1.0,1,13.0,1,1.0,2.87125,122265.0,153495.0,5.0,2,29.0,430.156,"3,12",1.867.529,"93,6",USAQUEN,LA URIBE,17.0,0.0,9.0,8.0,32844.0,15072.0,17772.0,5.175983436853002,5.175983436853002,5.307855626326964,5.064145847400405
42.0,2019,3,0.0,0,2.0,1,1.0,1,6.0,1,1.0,2.4250000000000003,2179040.0,2310720.0,35.0,13,66.0,182.532,"3,63",829.895,"87,19",TUNJUELITO,VENECIA,23.0,0.0,12.0,11.0,135141.0,65747.0,69394.0,1.70192613640568,1.70192613640568,1.6730801405387319,1.7292561316540334
103.0,2019,3,0.0,0,0.0,0,0.0,0,0.0,0,2.0,3.0,10953.0,12423.0,5.0,2,15.0,230.066,"3,36",1.462.840,"92,44",BARRIOS UNIDOS,PARQUE SALITRE,3.0,0.0,1.0,2.0,1356.0,709.0,647.0,22.123893805309734,22.123893805309734,28.208744710860366,15.455950540958268
21.0,2019,3,0.0,0,0.0,0,6.0,1,0.0,0,17.0,3.762,225860.0,233125.0,52.0,5,22.0,230.066,"3,36",1.462.840,"92,44",BARRIOS UNIDOS,LOS ANDES,24.0,0.0,12.0,12.0,28368.0,12669.0,15699.0,8.460236886632826,8.460236886632826,9.47193937958797,7.643798968087139
55.0,2019,3,0.0,0,0.0,0,0.0,0,0.0,0,0.0,1.5539999999999998,379860.0,395955.0,0.0,0,7.0,378.78,"3,72",591.317,"87,06",RAFAEL URIBE URIBE,DIANA TURBAY,6.0,0.0,2.0,4.0,73342.0,35514.0,37828.0,0.8180851353930899,0.8180851353930899,1.12631638227178,0.5287088928835783
113.0,2019,3,0.0,0,0.0,0,3.0,1,0.0,0,3.0,3.2925,104270.0,104965.0,8.0,3,26.0,979.914,"3,72",999.300,"88,94",KENNEDY,BAVARIA,15.0,0.0,6.0,9.0,38880.0,18156.0,20724.0,3.8580246913580245,3.8580246913580245,4.957038995373431,2.8951939779965254
60.0,2019,3,0.0,0,0.0,0,0.0,0,0.0,0,1.0,1.11,10544.0,15584.0,0.0,0,0.0,314.431,"4,07",569.872,"82,91",USME,PARQUE ENTRENUBES,0.0,0.0,0.0,0.0,0.0,0.0,0.0,0.0,0.0,0.0,0.0
60.0,2019,3,0.0,0,0.0,0,0.0,0,0.0,0,1.0,1.11,10544.0,15584.0,0.0,0,0.0,314.431,"4,07",569.872,"82,91",USME,PARQUE ENTRENUBES,0.0,0.0,0.0,0.0,0.0,0.0,0.0,0.0,0.0,0.0,0.0
90.0,2019,3,0.0,0,1.0,1,3.0,1,0.0,0,21.0,3.05,275954.0,520674.0,22.0,10,60.0,122.507,"2,43",2.288.835,"96,61",CHAPINERO,PARDO RUBIO,15.0,0.0,6.0,9.0,48445.0,23772.0,24673.0,3.0962947672618433,3.0962947672618433,3.7859666834931853,2.4318080492846432
67.0,2019,3,0.0,0,1.0,1,0.0,0,0.0,0,0.0,1.256470588235294,2609568.0,2765373.0,2.0,1,30.0,593.937,"4,09",505.335,"83,5",CIUDAD BOLIVAR,LUCERO,15.0,0.0,5.0,10.0,157159.0,78057.0,79102.0,0.9544474067663958,0.9544474067663958,1.281115082567867,0.6320952693990037
83.0,2019,3,0.0,0,0.0,0,0.0,0,0.0,0,0.0,2.0,24432.0,29572.0,1.0,1,11.0,979.914,"3,72",999.300,"88,94",KENNEDY,LAS MARGARITAS,8.0,0.0,4.0,4.0,29613.0,14096.0,15517.0,2.701516225981832,2.701516225981832,2.837684449489217,2.577817877166978
101.0,2019,3,1.0,1,0.0,0,3.0,1,0.0,0,15.0,3.8711111111111105,267970.0,273160.0,65.0,10,59.0,139.298,"2,87",1.933.116,"96,03",TEUSAQUILLO,TEUSAQUILLO,40.0,0.0,12.0,28.0,26793.0,12524.0,14269.0,14.929272571193968,14.929272571193968,22.35707441711913,8.409839512229308
54.0,2019,3,0.0,0,0.0,0,0.0,0,0.0,0,2.0,1.83,984621.0,1061115.0,21.0,8,28.0,378.78,"3,72",591.317,"87,06",RAFAEL URIBE URIBE,MARRUECOS,14.0,0.0,5.0,9.0,115215.0,60329.0,54886.0,1.2151195590851884,1.2151195590851884,1.4918198544646852,0.9109791203585614
78.0,2019,3,0.0,0,1.0,1,0.0,0,0.0,0,2.0,1.956,79812.0,176088.0,0.0,0,25.0,979.914,"3,72",999.300,"88,94",KENNEDY,TINTAL NORTE,6.0,0.0,2.0,4.0,28487.0,13405.0,15082.0,2.106223891599677,2.106223891599677,2.9839612085042893,1.3260840737302744
100.0,2019,3,1.0,1,1.0,1,2.0,1,1.0,1,8.0,3.59625,300195.0,309096.0,38.0,9,56.0,139.298,"2,87",1.933.116,"96,03",TEUSAQUILLO,GALERIAS,31.0,0.0,16.0,15.0,35496.0,16396.0,19100.0,8.733378408834797,8.733378408834797,9.148572822639668,8.37696335078534
34.0,2019,3,0.0,0,2.0,1,2.0,1,1.0,1,2.0,2.346363636363636,864012.0,1108236.0,26.0,12,30.0,404.35,"3,73",706.208,"83,68",SAN CRISTOBAL,20 DE JULIO,19.0,0.0,9.0,10.0,79269.0,38378.0,40891.0,2.396901689184927,2.396901689184927,2.605659492417531,2.200973319312318
106.0,2019,3,0.0,0,0.0,0,2.0,1,1.0,1,1.0,4.164,167560.0,168920.0,17.0,5,30.0,139.298,"2,87",1.933.116,"96,03",TEUSAQUILLO,LA ESMERALDA,13.0,0.0,5.0,8.0,37578.0,16706.0,20872.0,3.459470967055192,3.459470967055192,4.788698671136118,2.395553852050594
91.0,2019,3,2.0,1,0.0,0,0.0,0,1.0,1,13.0,3.3285714285714287,96894.0,41153.0,42.0,7,37.0,96.241,"3,18",896.890,"88,28",SANTA FE,SAGRADO CORAZON,24.0,0.0,9.0,15.0,10453.0,5227.0,5226.0,22.95991581364202,22.95991581364202,28.697149416491296,17.22158438576349
95.0,2019,3,0.0,0,0.0,0,0.0,0,0.0,0,10.0,2.0,260205.0,69723.0,19.0,3,15.0,96.241,"3,18",896.890,"88,28",SANTA FE,LAS CRUCES,11.0,0.0,5.0,6.0,20700.0,10469.0,10231.0,5.314009661835749,5.314009661835749,5.7312064189511895,4.88710780959828
40.0,2019,3,0.0,0,0.0,0,2.0,1,0.0,0,2.0,3.0,1219392.0,1267944.0,21.0,8,62.0,250.715,"3,55",1.116.511,"90,43",PUENTE ARANDA,CIUDAD MONTES,17.0,0.0,11.0,6.0,99795.0,47099.0,52696.0,1.7034921589257979,1.7034921589257979,1.2739123972908128,2.0874449673599513
117.0,2019,3,0.0,0,0.0,0,0.0,0,0.0,0,4.0,3.0,824.0,1670.0,1.0,1,17.0,317.179,"3,46",1.428.379,"90,03",FONTIBON,AEROPUERTO EL DORADO,7.0,0.0,1.0,6.0,790.0,522.0,268.0,88.60759493670886,88.60759493670886,114.94252873563218,37.3134328358209
64.0,2019,3,0.0,0,0.0,0,0.0,0,0.0,0,0.0,1.0,5590.0,25895.0,0.0,0,7.0,593.937,"4,09",505.335,"83,5",CIUDAD BOLIVAR,MONTE BLANCO,0.0,0.0,0.0,0.0,0.0,0.0,0.0,0.0,0.0,0.0,0.0
48.0,2019,3,0.0,0,1.0,1,0.0,0,0.0,0,3.0,2.7455555555555557,1310472.0,1325682.0,5.0,3,18.0,979.914,"3,72",999.300,"88,94",KENNEDY,TIMIZA,14.0,0.0,5.0,9.0,141474.0,67751.0,73723.0,0.9895811244468948,0.9895811244468948,1.3283936768460982,0.6782143971352224
98.0,2019,3,0.0,0,3.0,1,6.0,1,0.0,0,19.0,3.0542105263157895,1522242.0,1559634.0,99.0,19,81.0,230.066,"3,36",1.462.840,"92,44",BARRIOS UNIDOS,LOS ALCAZARES,53.0,0.0,27.0,26.0,40963.0,19865.0,21098.0,12.938505480555623,12.938505480555623,13.088346337780015,12.797421556545645
28.0,2019,3,1.0,1,6.0,1,12.0,1,7.0,1,6.0,2.287857142857143,3797108.0,4228084.0,17.0,6,49.0,981.613,"3,41",1.388.086,"91,6",SUBA,EL RINCON,32.0,0.0,14.0,18.0,272474.0,130548.0,141926.0,1.1744239817377071,1.1744239817377071,1.3788031988234213,0.9864295477925116
17.0,2019,3,0.0,0,0.0,0,2.0,1,0.0,0,2.0,4.285,226840.0,238870.0,6.0,2,32.0,981.613,"3,41",1.388.086,"91,6",SUBA,SAN JOSE DE BAVARIA,19.0,0.0,8.0,11.0,49227.0,22838.0,26389.0,3.8596705060231176,3.8596705060231176,4.816533847096943,3.0315661828792297
24.0,2019,3,2.0,1,2.0,1,11.0,1,1.0,1,8.0,4.819999999999999,859833.0,845949.0,36.0,12,69.0,981.613,"3,41",1.388.086,"91,6",SUBA,NIZA,19.0,0.0,9.0,10.0,80003.0,36556.0,43447.0,2.3749109408397184,2.3749109408397184,2.7355290513185246,2.071489400879232
44.0,2019,3,1.0,1,2.0,1,1.0,1,0.0,0,2.0,3.22875,673424.0,676672.0,20.0,7,33.0,979.914,"3,72",999.300,"88,94",KENNEDY,AMERICAS,19.0,0.0,12.0,7.0,79564.0,37621.0,41943.0,2.388014680006033,2.388014680006033,1.860662927620212,2.8610256777054572
62.0,2019,3,0.0,0,1.0,1,2.0,1,0.0,0,1.0,2.024,338366.0,403893.0,26.0,7,26.0,182.532,"3,63",829.895,"87,19",TUNJUELITO,TUNJUELITO,8.0,0.0,3.0,5.0,40340.0,20058.0,20282.0,1.9831432821021318,1.9831432821021318,2.492770964203809,1.4791440686322848
69.0,2019,3,1.0,1,1.0,1,2.0,1,1.0,1,1.0,1.3691666666666666,1779216.0,1964304.0,13.0,6,22.0,593.937,"4,09",505.335,"83,5",CIUDAD BOLIVAR,ISMAEL PERDOMO,14.0,0.0,4.0,10.0,159118.0,77946.0,81172.0,0.8798501740846416,0.8798501740846416,1.2829394709157622,0.4927807618390578
93.0,2019,3,4.0,1,5.0,1,2.0,1,0.0,0,8.0,2.932857142857143,332178.0,96411.0,80.0,7,52.0,96.241,"3,18",896.890,"88,28",SANTA FE,LAS NIEVES,61.0,0.0,26.0,35.0,16733.0,8688.0,8045.0,36.454909460347814,36.454909460347814,40.285451197053405,32.318210068365445
18.0,2019,3,0.0,0,1.0,1,4.0,1,4.0,1,6.0,3.272,300834.0,346380.0,10.0,3,25.0,981.613,"3,41",1.388.086,"91,6",SUBA,BRITALIA,5.0,0.0,2.0,3.0,87900.0,40683.0,47217.0,0.5688282138794084,0.5688282138794084,0.7374087456677236,0.4235762543151831
15.0,2019,4,0.0,0,0.0,0,0.0,0,3.0,1,11.0,5.395,175550.0,49356.0,6.0,2,21.0,430.156,"3,12",1.867.529,"93,6",USAQUEN,COUNTRY CLUB,11.0,0.0,5.0,6.0,24929.0,11192.0,13737.0,4.41253158971479,4.41253158971479,5.36097212294496,3.6398049064570137
86.0,2019,4,0.0,0,0.0,0,0.0,0,0.0,0,0.0,1.568,321440.0,368145.0,0.0,0,33.0,546.809,"3,98",703.807,"85,4",BOSA,EL PORVENIR,8.0,0.0,7.0,1.0,135550.0,64820.0,70730.0,0.5901881224640354,0.5901881224640354,0.154273372415921,0.989679061218719
71.0,2019,4,0.0,0,0.0,0,2.0,1,0.0,0,4.0,2.105,2325960.0,2670912.0,0.0,0,22.0,981.613,"3,41",1.388.086,"91,6",SUBA,TIBABUYES,26.0,0.0,9.0,17.0,281383.0,136036.0,145347.0,0.9240074915684316,0.9240074915684316,1.2496692052103855,0.6192078267869306
29.0,2019,4,2.0,1,2.0,1,1.0,1,0.0,0,5.0,2.713333333333334,1291554.0,1329381.0,30.0,9,32.0,824.337,"3,41",1.089.512,"91,78",ENGATIVA,MINUTO DE DIOS,31.0,0.0,12.0,19.0,110128.0,51823.0,58305.0,2.814906290861543,2.814906290861543,3.666325762692241,2.0581425263699513
80.0,2019,4,0.0,0,0.0,0,1.0,1,0.0,0,1.0,2.0025,247816.0,277108.0,11.0,4,19.0,979.914,"3,72",999.300,"88,94",KENNEDY,CORABASTOS,13.0,0.0,4.0,9.0,56948.0,28431.0,28517.0,2.282784294444054,2.282784294444054,3.1655587211142766,1.4026720903320826
99.0,2019,4,7.0,1,3.0,1,1.0,1,0.0,0,16.0,3.692,79566.0,121692.0,22.0,6,62.0,122.507,"2,43",2.288.835,"96,61",CHAPINERO,CHAPINERO,60.0,0.0,26.0,34.0,24347.0,12130.0,12217.0,24.643693268164455,24.643693268164455,28.02967848309975,21.281820414176966
3.0,2019,4,0.0,0,0.0,0,0.0,0,0.0,0,0.0,6.0,0.0,1169.0,0.0,0,26.0,981.613,"3,41",1.388.086,"91,6",SUBA,GUAYMARAL,0.0,0.0,0.0,0.0,0.0,0.0,0.0,0.0,0.0,0.0,0.0
97.0,2019,4,12.0,1,3.0,1,6.0,1,1.0,1,12.0,5.211875,94384.0,420656.0,63.0,15,98.0,122.507,"2,43",2.288.835,"96,61",CHAPINERO,CHICO LAGO,119.0,0.0,63.0,56.0,35313.0,16528.0,18785.0,33.69863789539263,33.69863789539263,33.88189738625363,33.53739685919617
94.0,2019,4,4.0,1,0.0,0,0.0,0,2.0,1,6.0,2.40875,203598.0,216855.0,43.0,8,36.0,22.115,"2,83",1.050.888,"88,9",CANDELARIA,LA CANDELARIA,39.0,0.0,15.0,24.0,17345.0,9085.0,8260.0,22.484865955606804,22.484865955606804,26.417171161254817,18.159806295399516
76.0,2019,4,0.0,0,0.0,0,1.0,1,0.0,0,1.0,2.186666666666667,120020.0,128536.0,0.0,0,21.0,317.179,"3,46",1.428.379,"90,03",FONTIBON,FONTIBON SAN PABLO,7.0,0.0,3.0,4.0,33461.0,16412.0,17049.0,2.091987687158184,2.091987687158184,2.4372410431391667,1.7596339961288052
114.0,2019,4,0.0,0,0.0,0,2.0,1,2.0,1,7.0,3.8,191930.0,197050.0,9.0,4,24.0,317.179,"3,46",1.428.379,"90,03",FONTIBON,MODELIA,12.0,0.0,6.0,6.0,42974.0,19838.0,23136.0,2.7923860939172522,2.7923860939172522,3.0244984373424737,2.5933609958506225
89.0,2019,4,0.0,0,0.0,0,0.0,0,0.0,0,0.0,2.0666666666666664,28245.0,48603.0,0.0,0,3.0,122.507,"2,43",2.288.835,"96,61",CHAPINERO,SAN ISIDRO - PATIOS,2.0,0.0,1.0,1.0,15994.0,7940.0,8054.0,1.2504689258471926,1.2504689258471926,1.2594458438287153,1.2416190712689348
38.0,2019,4,0.0,0,4.0,1,4.0,1,0.0,0,3.0,3.008,1246305.0,1155330.0,52.0,15,75.0,119.565,"3,92",1.095.184,"90,79",ANTONIO NARIÑO,RESTREPO,39.0,0.0,17.0,22.0,54708.0,26059.0,28649.0,7.128756306207501,7.128756306207501,8.442380751371887,5.933889490034556
52.0,2019,4,0.0,0,0.0,0,0.0,0,0.0,0,0.0,1.0,614920.0,740280.0,0.0,0,176.0,314.431,"4,07",569.872,"82,91",USME,LA FLORA,0.0,0.0,0.0,0.0,0.0,0.0,0.0,0.0,0.0,0.0,0.0
96.0,2019,4,0.0,0,0.0,0,0.0,0,0.0,0,4.0,1.7264285714285716,628474.0,648214.0,4.0,2,16.0,96.241,"3,18",896.890,"88,28",SANTA FE,LOURDES,3.0,0.0,0.0,3.0,44918.0,21928.0,22990.0,0.6678836991851819,0.6678836991851819,1.368113827070412,0.0
84.0,2019,4,0.0,0,0.0,0,2.0,1,1.0,1,1.0,1.98,990222.0,1073760.0,1.0,1,30.0,546.809,"3,98",703.807,"85,4",BOSA,BOSA OCCIDENTAL,27.0,0.0,11.0,16.0,197601.0,96425.0,101176.0,1.3663898462052317,1.3663898462052317,1.6593207155820584,1.0872143591365542
111.0,2019,4,1.0,1,0.0,0,1.0,1,0.0,0,6.0,2.9375,64585.0,73290.0,16.0,5,63.0,250.715,"3,55",1.116.511,"90,43",PUENTE ARANDA,PUENTE ARANDA,17.0,0.0,10.0,7.0,11206.0,8709.0,2497.0,15.170444404783153,15.170444404783153,8.03766218854059,40.04805766920305
112.0,2019,4,1.0,1,1.0,1,1.0,1,1.0,1,7.0,3.1133333333333333,126427.0,160027.0,0.0,0,71.0,317.179,"3,46",1.428.379,"90,03",FONTIBON,GRANJAS DE TECHO,26.0,0.0,10.0,16.0,46245.0,21402.0,24843.0,5.622229430208671,5.622229430208671,7.475936828333801,4.0252787505534755
75.0,2019,4,0.0,0,2.0,1,7.0,1,4.0,1,4.0,2.913,1316550.0,1374890.0,0.0,0,58.0,317.179,"3,46",1.428.379,"90,03",FONTIBON,FONTIBON,20.0,0.0,10.0,10.0,132714.0,63221.0,69493.0,1.50700001507,1.50700001507,1.5817528985621865,1.4389938554962372
12.0,2019,4,1.0,1,2.0,1,5.0,1,0.0,0,7.0,3.378,256245.0,260090.0,9.0,3,42.0,430.156,"3,12",1.867.529,"93,6",USAQUEN,TOBERIN,19.0,0.0,7.0,12.0,60120.0,27692.0,32428.0,3.160345974717232,3.160345974717232,4.333381482016467,2.1586283458739364
16.0,2019,4,2.0,1,2.0,1,8.0,1,1.0,1,17.0,5.738888888888889,464238.0,463266.0,18.0,6,60.0,430.156,"3,12",1.867.529,"93,6",USAQUEN,SANTA BARBARA,50.0,0.0,29.0,21.0,69695.0,31338.0,38357.0,7.174115790228854,7.174115790228854,6.701129618992916,7.5605495737414286
82.0,2019,4,0.0,0,0.0,0,2.0,1,2.0,1,0.0,1.9566666666666668,963012.0,1044870.0,9.0,4,29.0,979.914,"3,72",999.300,"88,94",KENNEDY,PATIO BONITO,19.0,0.0,4.0,15.0,139919.0,69495.0,70424.0,1.3579285157841323,1.3579285157841323,2.158428663932657,0.5679881858457344
35.0,2019,4,1.0,1,0.0,0,1.0,1,1.0,1,2.0,2.666,168705.0,154565.0,35.0,5,22.0,119.565,"3,92",1.095.184,"90,79",ANTONIO NARIÑO,CIUDAD JARDIN,9.0,0.0,6.0,3.0,25387.0,12038.0,13349.0,3.5451215188876195,3.5451215188876195,2.492108323641801,4.494718705521013
68.0,2019,4,0.0,0,0.0,0,0.0,0,1.0,1,0.0,1.055,351536.0,380992.0,0.0,0,13.0,593.937,"4,09",505.335,"83,5",CIUDAD BOLIVAR,EL TESORO,7.0,0.0,1.0,6.0,51170.0,25484.0,25686.0,1.3679890560875512,1.3679890560875512,2.3544184586407155,0.38931713774040333
27.0,2019,4,1.0,1,5.0,1,7.0,1,5.0,1,3.0,2.840909090909091,1497236.0,1751217.0,16.0,6,48.0,981.613,"3,41",1.388.086,"91,6",SUBA,SUBA,29.0,0.0,17.0,12.0,170068.0,79760.0,90308.0,1.7052002728320435,1.7052002728320435,1.5045135406218657,1.8824467378305356
22.0,2019,4,1.0,1,0.0,0,5.0,1,0.0,0,2.0,3.292222222222222,847206.0,887247.0,37.0,8,38.0,230.066,"3,36",1.462.840,"92,44",BARRIOS UNIDOS,DOCE DE OCTUBRE,24.0,0.0,11.0,13.0,67629.0,32457.0,35172.0,3.5487734551745556,3.5487734551745556,4.005299319099116,3.127487774365973
105.0,2019,4,0.0,0,0.0,0,0.0,0,0.0,0,3.0,2.67,1601.0,2464.0,4.0,1,11.0,824.337,"3,41",1.089.512,"91,78",ENGATIVA,JARDIN BOTANICO,2.0,0.0,2.0,0.0,2616.0,1504.0,1112.0,7.6452599388379205,7.6452599388379205,0.0,17.98561151079137
104.0,2019,4,0.0,0,0.0,0,0.0,0,0.0,0,6.0,4.0,19494.0,20424.0,21.0,5,34.0,139.298,"2,87",1.933.116,"96,03",TEUSAQUILLO,PARQUE SIMON BOLIVAR - CAN,11.0,0.0,4.0,7.0,3087.0,1586.0,1501.0,35.633300939423386,35.633300939423386,44.13619167717529,26.64890073284477
74.0,2019,4,0.0,0,0.0,0,1.0,1,0.0,0,2.0,2.0016666666666665,712512.0,784968.0,0.0,0,15.0,824.337,"3,41",1.089.512,"91,78",ENGATIVA,ENGATIVA,8.0,0.0,4.0,4.0,138394.0,66983.0,71411.0,0.5780597424743847,0.5780597424743847,0.5971664452174432,0.5601377938972987
47.0,2019,4,1.0,1,0.0,0,1.0,1,0.0,0,1.0,3.0,865592.0,770256.0,9.0,4,28.0,979.914,"3,72",999.300,"88,94",KENNEDY,KENNEDY CENTRAL,22.0,0.0,7.0,15.0,94456.0,44672.0,49784.0,2.329126789192852,2.329126789192852,3.3578080229226357,1.40607424071991
70.0,2019,4,0.0,0,0.0,0,0.0,0,0.0,0,1.0,1.1733333333333331,789975.0,888237.0,0.0,0,23.0,593.937,"4,09",505.335,"83,5",CIUDAD BOLIVAR,JERUSALEM,12.0,0.0,5.0,7.0,97492.0,47838.0,49654.0,1.2308702252492512,1.2308702252492512,1.4632718759145449,1.0069682200829742
66.0,2019,4,0.0,0,0.0,0,0.0,0,0.0,0,0.0,1.8425,597168.0,609704.0,4.0,3,26.0,593.937,"4,09",505.335,"83,5",CIUDAD BOLIVAR,SAN FRANCISCO,14.0,0.0,6.0,8.0,69426.0,34000.0,35426.0,2.016535591853196,2.016535591853196,2.3529411764705883,1.6936713148534976
65.0,2019,4,0.0,0,0.0,0,1.0,1,0.0,0,1.0,2.463333333333334,349194.0,364512.0,9.0,3,21.0,593.937,"4,09",505.335,"83,5",CIUDAD BOLIVAR,ARBORIZADORA,14.0,0.0,6.0,8.0,79580.0,38071.0,41509.0,1.759235988941945,1.759235988941945,2.101336975650758,1.4454696571827794
79.0,2019,4,0.0,0,0.0,0,0.0,0,1.0,1,0.0,2.1333333333333333,167274.0,204984.0,3.0,2,22.0,979.914,"3,72",999.300,"88,94",KENNEDY,CALANDAIMA,10.0,0.0,2.0,8.0,124532.0,58974.0,65558.0,0.8030064561719076,0.8030064561719076,1.3565299962695425,0.30507337014552
59.0,2019,4,0.0,0,0.0,0,0.0,0,0.0,0,0.0,1.0,163808.0,216380.0,0.0,0,6.0,314.431,"4,07",569.872,"82,91",USME,ALFONSO LOPEZ,7.0,0.0,2.0,5.0,49878.0,24695.0,25183.0,1.4034243554272423,1.4034243554272423,2.024701356549909,0.7941865544216336
45.0,2019,4,0.0,0,0.0,0,1.0,1,1.0,1,2.0,2.7914285714285714,737583.0,674359.0,9.0,4,35.0,979.914,"3,72",999.300,"88,94",KENNEDY,CARVAJAL,29.0,0.0,10.0,19.0,90319.0,43587.0,46732.0,3.2108415726480586,3.2108415726480586,4.3590978961617,2.1398613369853634
20.0,2019,4,2.0,1,0.0,0,7.0,1,44.0,1,20.0,4.996666666666667,231126.0,219822.0,33.0,6,26.0,981.613,"3,41",1.388.086,"91,6",SUBA,LA ALHAMBRA,17.0,0.0,9.0,8.0,41140.0,18539.0,22601.0,4.132231404958677,4.132231404958677,4.315227358541453,3.9821246847484626
51.0,2019,4,0.0,0,0.0,0,0.0,0,0.0,0,0.0,1.68875,263745.0,660861.0,0.0,0,15.0,404.35,"3,73",706.208,"83,68",SAN CRISTOBAL,LOS LIBERTADORES,7.0,0.0,2.0,5.0,75389.0,36613.0,38776.0,0.9285174229662152,0.9285174229662152,1.3656351569114795,0.5157829585310502
115.0,2019,4,2.0,1,2.0,1,0.0,0,0.0,0,5.0,3.314,77135.0,83285.0,6.0,3,26.0,317.179,"3,46",1.428.379,"90,03",FONTIBON,CAPELLANIA,18.0,0.0,7.0,11.0,17600.0,8297.0,9303.0,10.227272727272728,10.227272727272728,13.257804025551405,7.524454477050414
43.0,2019,4,0.0,0,0.0,0,2.0,1,1.0,1,2.0,3.0,844074.0,844239.0,17.0,8,31.0,250.715,"3,55",1.116.511,"90,43",PUENTE ARANDA,SAN RAFAEL,13.0,0.0,3.0,10.0,72177.0,34309.0,37868.0,1.8011277830887957,1.8011277830887957,2.91468710833892,0.7922256258582444
25.0,2019,4,2.0,1,2.0,1,4.0,1,0.0,0,9.0,4.04,127070.0,126620.0,24.0,5,25.0,981.613,"3,41",1.388.086,"91,6",SUBA,LA FLORESTA,8.0,0.0,6.0,2.0,42823.0,19418.0,23405.0,1.8681549634542185,1.8681549634542185,1.0299721907508497,2.563554795983764
56.0,2019,4,0.0,0,0.0,0,0.0,0,0.0,0,0.0,1.508,205135.0,253351.0,6.0,6,8.0,314.431,"4,07",569.872,"82,91",USME,DANUBIO,10.0,0.0,4.0,6.0,52258.0,25327.0,26931.0,1.913582609361246,1.913582609361246,2.3690133059580685,1.4852771898555568
26.0,2019,4,0.0,0,3.0,1,6.0,1,3.0,1,6.0,3.0646153846153847,1441973.0,1441167.0,19.0,5,69.0,824.337,"3,41",1.089.512,"91,78",ENGATIVA,LAS FERIAS,43.0,0.0,18.0,25.0,100323.0,47687.0,52636.0,4.286155717033981,4.286155717033981,5.242518925493321,3.419712744129493
102.0,2019,4,1.0,1,2.0,1,3.0,1,0.0,0,13.0,2.8186666666666667,764715.0,782955.0,131.0,15,94.0,94.944,"3,53",1.059.511,"89,78",LOS MARTIRES,LA SABANA,80.0,0.0,32.0,48.0,39473.0,18761.0,20712.0,20.26701796164467,20.26701796164467,25.584990139118382,15.44998068752414
2.0,2019,4,0.0,0,0.0,0,0.0,0,0.0,0,0.0,5.058,10545.0,13800.0,3.0,2,95.0,981.613,"3,41",1.388.086,"91,6",SUBA,LA ACADEMIA,1.0,0.0,1.0,0.0,4483.0,2177.0,2306.0,2.230649118893598,2.230649118893598,0.0,4.336513443191674
116.0,2019,4,1.0,1,1.0,1,0.0,0,1.0,1,7.0,3.155,24638.0,27282.0,3.0,1,17.0,824.337,"3,41",1.089.512,"91,78",ENGATIVA,ALAMOS,18.0,0.0,11.0,7.0,11944.0,5613.0,6331.0,15.07032819825854,15.07032819825854,12.471049349723854,17.37482230295372
81.0,2019,4,0.0,0,0.0,0,1.0,1,3.0,1,2.0,2.0025,290204.0,283616.0,1.0,1,16.0,979.914,"3,72",999.300,"88,94",KENNEDY,GRAN BRITALIA,4.0,0.0,2.0,2.0,63103.0,30784.0,32319.0,0.6338842844238785,0.6338842844238785,0.6496881496881497,0.6188310281877534
52.0,2019,4,0.0,0,0.0,0,0.0,0,0.0,0,0.0,1.0,614920.0,740280.0,0.0,0,176.0,314.431,"4,07",569.872,"82,91",USME,LA FLORA,0.0,0.0,0.0,0.0,0.0,0.0,0.0,0.0,0.0,0.0,0.0
33.0,2019,4,0.0,0,0.0,0,2.0,1,0.0,0,2.0,2.8193333333333332,1647904.0,748256.0,42.0,13,30.0,404.35,"3,73",706.208,"83,68",SAN CRISTOBAL,SOSIEGO,8.0,0.0,4.0,4.0,42929.0,20777.0,22152.0,1.8635421276992243,1.8635421276992243,1.9252057563652114,1.8057060310581439
19.0,2019,4,2.0,1,3.0,1,8.0,1,2.0,1,11.0,3.51625,692512.0,712104.0,25.0,8,34.0,981.613,"3,41",1.388.086,"91,6",SUBA,EL PRADO,21.0,0.0,12.0,9.0,100927.0,46205.0,54722.0,2.080711801599176,2.080711801599176,1.9478411427334703,2.192902306202259
41.0,2019,4,0.0,0,0.0,0,1.0,1,0.0,0,2.0,3.0,523602.0,513468.0,24.0,8,22.0,250.715,"3,55",1.116.511,"90,43",PUENTE ARANDA,MUZU,17.0,0.0,11.0,6.0,57874.0,27440.0,30434.0,2.9374157652832014,2.9374157652832014,2.186588921282799,3.6143786554511403
37.0,2019,4,0.0,0,1.0,1,1.0,1,0.0,0,7.0,3.0,307027.0,315602.0,40.0,7,41.0,94.944,"3,53",1.059.511,"89,78",LOS MARTIRES,SANTA ISABEL,16.0,0.0,5.0,11.0,43484.0,19996.0,23488.0,3.679514304111857,3.679514304111857,5.501100220044008,2.1287465940054497
107.0,2019,4,1.0,1,1.0,1,3.0,1,1.0,1,4.0,3.77,207448.0,216792.0,32.0,8,35.0,139.298,"2,87",1.933.116,"96,03",TEUSAQUILLO,QUINTA PAREDES,12.0,0.0,3.0,9.0,26739.0,11967.0,14772.0,4.4878267698866825,4.4878267698866825,7.520681875156681,2.0308692120227456
73.0,2019,4,1.0,1,0.0,0,3.0,1,1.0,1,4.0,2.775714285714286,955689.0,1044302.0,4.0,2,40.0,824.337,"3,41",1.089.512,"91,78",ENGATIVA,GARCES NAVAS,26.0,0.0,11.0,15.0,163652.0,77170.0,86482.0,1.5887370762349375,1.5887370762349375,1.9437605287028639,1.271940981938438
31.0,2019,4,0.0,0,1.0,1,2.0,1,1.0,1,7.0,3.318333333333334,409362.0,391260.0,10.0,4,38.0,824.337,"3,41",1.089.512,"91,78",ENGATIVA,SANTA CECILIA,18.0,0.0,6.0,12.0,66554.0,31112.0,35442.0,2.7045707245244466,2.7045707245244466,3.8570326562098227,1.6929067208396817
58.0,2019,4,0.0,0,0.0,0,0.0,0,1.0,1,0.0,1.5654545454545454,857659.0,954745.0,0.0,0,29.0,314.431,"4,07",569.872,"82,91",USME,COMUNEROS,5.0,0.0,2.0,3.0,94210.0,46146.0,48064.0,0.5307292219509606,0.5307292219509606,0.650110518788194,0.41611185086551267
13.0,2019,4,4.0,1,1.0,1,6.0,1,3.0,1,5.0,4.381666666666667,1717632.0,1842552.0,20.0,5,88.0,430.156,"3,12",1.867.529,"93,6",USAQUEN,LOS CEDROS,42.0,0.0,19.0,23.0,126708.0,56234.0,70474.0,3.3147078321810777,3.3147078321810777,4.09005228153786,2.6960297414649377
63.0,2019,4,0.0,0,0.0,0,0.0,0,0.0,0,0.0,,1596.0,5864.0,2.0,2,6.0,593.937,"4,09",505.335,"83,5",CIUDAD BOLIVAR,EL MOCHUELO,1.0,0.0,0.0,1.0,36.0,18.0,18.0,277.77777777777777,277.77777777777777,555.5555555555555,0.0
87.0,2019,4,0.0,0,0.0,0,0.0,0,0.0,0,1.0,1.765,212992.0,339512.0,0.0,0,47.0,546.809,"3,98",703.807,"85,4",BOSA,TINTAL SUR,8.0,0.0,3.0,5.0,102194.0,48023.0,54171.0,0.7828248233751492,0.7828248233751492,1.0411677737750662,0.553801849698178
77.0,2019,4,1.0,1,0.0,0,0.0,0,0.0,0,1.0,2.045,283878.0,356976.0,0.0,0,13.0,317.179,"3,46",1.428.379,"90,03",FONTIBON,ZONA FRANCA,6.0,0.0,3.0,3.0,59305.0,27758.0,31547.0,1.0117190793356379,1.0117190793356379,1.0807695078896173,0.9509620566139411
39.0,2019,4,1.0,1,2.0,1,5.0,1,0.0,0,2.0,3.0,1410480.0,1306815.0,45.0,15,69.0,378.78,"3,72",591.317,"87,06",RAFAEL URIBE URIBE,QUIROGA,31.0,0.0,13.0,18.0,90059.0,43506.0,46553.0,3.44218789904396,3.44218789904396,4.137360364087712,2.7925160569673273
108.0,2019,4,0.0,0,0.0,0,1.0,1,1.0,1,4.0,2.685714285714286,33520.0,33976.0,48.0,8,66.0,250.715,"3,55",1.116.511,"90,43",PUENTE ARANDA,ZONA INDUSTRIAL,18.0,0.0,7.0,11.0,6185.0,3095.0,3090.0,29.102667744543247,29.102667744543247,35.54119547657512,22.653721682847895
61.0,2019,4,0.0,0,0.0,0,0.0,0,5.0,1,0.0,1.2366666666666666,79500.0,134960.0,0.0,0,65.0,314.431,"4,07",569.872,"82,91",USME,CIUDAD USME,4.0,0.0,1.0,3.0,24119.0,11715.0,12404.0,1.6584435507276423,1.6584435507276423,2.560819462227913,0.8061915511125443
1.0,2019,4,0.0,0,0.0,0,0.0,0,0.0,0,0.0,4.0,52488.0,63828.0,3.0,3,83.0,430.156,"3,12",1.867.529,"93,6",USAQUEN,PASEO DE LOS LIBERTADORES,4.0,0.0,1.0,3.0,2602.0,1291.0,1311.0,15.372790161414297,15.372790161414297,23.237800154918666,7.627765064836003
46.0,2019,4,0.0,0,0.0,0,3.0,1,1.0,1,3.0,2.72,884656.0,1003288.0,18.0,6,40.0,979.914,"3,72",999.300,"88,94",KENNEDY,CASTILLA,36.0,0.0,13.0,23.0,140078.0,66586.0,73492.0,2.5699967161153072,2.5699967161153072,3.4541795572642897,1.7689000163283077
85.0,2019,4,1.0,1,1.0,1,3.0,1,2.0,1,1.0,1.9988888888888892,2537808.0,2654832.0,17.0,6,39.0,546.809,"3,98",703.807,"85,4",BOSA,BOSA CENTRAL,31.0,0.0,12.0,19.0,235147.0,113170.0,121977.0,1.3183242822574814,1.3183242822574814,1.6788901652381374,0.9837920263656262
60.0,2019,4,0.0,0,0.0,0,0.0,0,0.0,0,1.0,1.11,10544.0,15584.0,0.0,0,0.0,314.431,"4,07",569.872,"82,91",USME,PARQUE ENTRENUBES,0.0,0.0,0.0,0.0,0.0,0.0,0.0,0.0,0.0,0.0,0.0
60.0,2019,4,0.0,0,0.0,0,0.0,0,0.0,0,1.0,1.11,10544.0,15584.0,0.0,0,0.0,314.431,"4,07",569.872,"82,91",USME,PARQUE ENTRENUBES,0.0,0.0,0.0,0.0,0.0,0.0,0.0,0.0,0.0,0.0,0.0
30.0,2019,4,1.0,1,4.0,1,7.0,1,1.0,1,6.0,3.001818181818182,1427481.0,1341120.0,25.0,7,42.0,824.337,"3,41",1.089.512,"91,78",ENGATIVA,BOYACA REAL,29.0,0.0,10.0,19.0,126709.0,60161.0,66548.0,2.2887087736467024,2.2887087736467024,3.158192184305447,1.502674761074713
72.0,2019,4,0.0,0,0.0,0,1.0,1,0.0,0,5.0,3.0,331356.0,345116.0,4.0,2,21.0,824.337,"3,41",1.089.512,"91,78",ENGATIVA,BOLIVIA,24.0,0.0,11.0,13.0,82460.0,37550.0,44910.0,2.910502061605627,2.910502061605627,3.4620505992010653,2.449343130705856
57.0,2019,4,0.0,0,2.0,1,0.0,0,0.0,0,0.0,1.7740000000000002,1391324.0,1519562.0,3.0,3,23.0,314.431,"4,07",569.872,"82,91",USME,GRAN YOMASA,14.0,0.0,9.0,5.0,126215.0,61508.0,64707.0,1.109218397179416,1.109218397179416,0.8129023866814072,1.3908850665306691
23.0,2019,4,0.0,0,0.0,0,4.0,1,19.0,1,6.0,3.5728571428571425,209118.0,255647.0,7.0,5,41.0,981.613,"3,41",1.388.086,"91,6",SUBA,CASA BLANCA SUBA,15.0,0.0,9.0,6.0,56335.0,26066.0,30269.0,2.6626431170675424,2.6626431170675424,2.301849152152229,2.973339059764115
88.0,2019,4,0.0,0,0.0,0,0.0,0,0.0,0,20.0,5.9375,358776.0,369156.0,3.0,2,60.0,122.507,"2,43",2.288.835,"96,61",CHAPINERO,EL REFUGIO,15.0,0.0,6.0,9.0,38133.0,17147.0,20986.0,3.93360081818897,3.93360081818897,5.248731556540502,2.8590488897360147
9.0,2019,4,0.0,0,1.0,1,4.0,1,1.0,1,0.0,2.7445454545454546,927663.0,1059410.0,9.0,4,60.0,430.156,"3,12",1.867.529,"93,6",USAQUEN,VERBENAL,11.0,0.0,3.0,8.0,122844.0,58302.0,64542.0,0.8954446289603073,0.8954446289603073,1.3721656203903811,0.46481360974249325
109.0,2019,4,0.0,0,0.0,0,0.0,0,0.0,0,6.0,4.123333333333334,44058.0,53832.0,12.0,3,32.0,139.298,"2,87",1.933.116,"96,03",TEUSAQUILLO,CIUDAD SALITRE ORIENTAL,9.0,0.0,6.0,3.0,22721.0,10122.0,12599.0,3.9610932617402406,3.9610932617402406,2.9638411381149967,4.762282720850861
49.0,2019,4,0.0,0,1.0,1,0.0,0,1.0,1,2.0,2.3333333333333335,124191.0,114375.0,10.0,3,11.0,546.809,"3,98",703.807,"85,4",BOSA,APOGEO,9.0,0.0,4.0,5.0,36681.0,17572.0,19109.0,2.4535863253455465,2.4535863253455465,2.845435920783064,2.0932544874143075
14.0,2019,4,1.0,1,0.0,0,1.0,1,0.0,0,18.0,4.66,375100.0,457974.0,0.0,0,45.0,430.156,"3,12",1.867.529,"93,6",USAQUEN,USAQUEN,13.0,0.0,6.0,7.0,40865.0,19334.0,21531.0,3.18120641135446,3.18120641135446,3.620564808110065,2.786679671171799
32.0,2019,4,0.0,0,0.0,0,0.0,0,0.0,0,0.0,1.7457142857142858,1408200.0,1428675.0,0.0,0,47.0,404.35,"3,73",706.208,"83,68",SAN CRISTOBAL,SAN BLAS,9.0,0.0,3.0,6.0,100161.0,48278.0,51883.0,0.8985533291400843,0.8985533291400843,1.2428021044782305,0.5782240811055644
92.0,2019,4,0.0,0,0.0,0,0.0,0,0.0,0,11.0,2.5425,132324.0,86100.0,26.0,6,25.0,96.241,"3,18",896.890,"88,28",SANTA FE,LA MACARENA,12.0,0.0,6.0,6.0,12200.0,5967.0,6233.0,9.836065573770492,9.836065573770492,10.055304172951232,9.626183218353923
11.0,2019,4,1.0,1,1.0,1,5.0,1,3.0,1,5.0,2.3000000000000003,373404.0,436080.0,0.0,0,21.0,430.156,"3,12",1.867.529,"93,6",USAQUEN,SAN CRISTOBAL NORTE,7.0,0.0,3.0,4.0,69583.0,33095.0,36488.0,1.0059928430794878,1.0059928430794878,1.2086417887898475,0.8221881166410875
36.0,2019,4,1.0,1,0.0,0,0.0,0,0.0,0,2.0,2.97,350595.0,343350.0,26.0,7,19.0,378.78,"3,72",591.317,"87,06",RAFAEL URIBE URIBE,SAN JOSE,10.0,0.0,5.0,5.0,47491.0,22523.0,24968.0,2.1056621254553494,2.1056621254553494,2.2199529369977355,2.0025632809996794
53.0,2019,4,0.0,0,1.0,1,1.0,1,0.0,0,2.0,2.442857142857143,479920.0,461139.0,21.0,6,14.0,378.78,"3,72",591.317,"87,06",RAFAEL URIBE URIBE,MARCO FIDEL SUAREZ,3.0,0.0,0.0,3.0,46874.0,22582.0,24292.0,0.6400136536246107,0.6400136536246107,1.3284917190682843,0.0
50.0,2019,4,0.0,0,1.0,1,0.0,0,0.0,0,1.0,1.9327272727272728,215222.0,1432186.0,1.0,1,21.0,404.35,"3,73",706.208,"83,68",SAN CRISTOBAL,LA GLORIA,9.0,0.0,6.0,3.0,94513.0,45836.0,48677.0,0.952249955032641,0.952249955032641,0.654507374116415,1.232614992707028
110.0,2019,4,3.0,1,1.0,1,0.0,0,0.0,0,5.0,4.074999999999999,71780.0,82212.0,7.0,2,29.0,317.179,"3,46",1.428.379,"90,03",FONTIBON,CIUDAD SALITRE OCCIDENTAL,24.0,0.0,10.0,14.0,44029.0,20708.0,23321.0,5.450952781121533,5.450952781121533,6.760672203979138,4.287980789846062
10.0,2019,4,0.0,0,1.0,1,1.0,1,14.0,1,2.0,2.87125,122265.0,153495.0,5.0,2,29.0,430.156,"3,12",1.867.529,"93,6",USAQUEN,LA URIBE,9.0,0.0,3.0,6.0,32844.0,15072.0,17772.0,2.740226525392766,2.740226525392766,3.980891719745223,1.688048615800135
42.0,2019,4,0.0,0,2.0,1,1.0,1,6.0,1,1.0,2.4250000000000003,2179040.0,2310720.0,35.0,13,66.0,182.532,"3,63",829.895,"87,19",TUNJUELITO,VENECIA,35.0,0.0,14.0,21.0,135141.0,65747.0,69394.0,2.589887598878209,2.589887598878209,3.1940620864830334,2.017465486929706
103.0,2019,4,0.0,0,0.0,0,0.0,0,0.0,0,2.0,3.0,10953.0,12423.0,5.0,2,15.0,230.066,"3,36",1.462.840,"92,44",BARRIOS UNIDOS,PARQUE SALITRE,4.0,0.0,1.0,3.0,1356.0,709.0,647.0,29.49852507374631,29.49852507374631,42.31311706629055,15.455950540958268
21.0,2019,4,0.0,0,0.0,0,6.0,1,0.0,0,19.0,3.762,225860.0,233125.0,52.0,5,22.0,230.066,"3,36",1.462.840,"92,44",BARRIOS UNIDOS,LOS ANDES,22.0,0.0,11.0,11.0,28368.0,12669.0,15699.0,7.75521714608009,7.75521714608009,8.68261109795564,7.006815720746545
55.0,2019,4,0.0,0,0.0,0,0.0,0,0.0,0,0.0,1.5539999999999998,379860.0,395955.0,0.0,0,7.0,378.78,"3,72",591.317,"87,06",RAFAEL URIBE URIBE,DIANA TURBAY,4.0,0.0,2.0,2.0,73342.0,35514.0,37828.0,0.5453900902620599,0.5453900902620599,0.56315819113589,0.5287088928835783
113.0,2019,4,0.0,0,0.0,0,3.0,1,0.0,0,3.0,3.2925,104270.0,104965.0,8.0,3,26.0,979.914,"3,72",999.300,"88,94",KENNEDY,BAVARIA,13.0,0.0,5.0,8.0,38880.0,18156.0,20724.0,3.343621399176955,3.343621399176955,4.406256884776382,2.412661648330438
60.0,2019,4,0.0,0,0.0,0,0.0,0,0.0,0,1.0,1.11,10544.0,15584.0,0.0,0,0.0,314.431,"4,07",569.872,"82,91",USME,PARQUE ENTRENUBES,0.0,0.0,0.0,0.0,0.0,0.0,0.0,0.0,0.0,0.0,0.0
60.0,2019,4,0.0,0,0.0,0,0.0,0,0.0,0,1.0,1.11,10544.0,15584.0,0.0,0,0.0,314.431,"4,07",569.872,"82,91",USME,PARQUE ENTRENUBES,0.0,0.0,0.0,0.0,0.0,0.0,0.0,0.0,0.0,0.0,0.0
90.0,2019,4,0.0,0,1.0,1,3.0,1,0.0,0,23.0,3.05,275954.0,520674.0,22.0,10,60.0,122.507,"2,43",2.288.835,"96,61",CHAPINERO,PARDO RUBIO,11.0,0.0,6.0,5.0,48445.0,23772.0,24673.0,2.270616162658685,2.270616162658685,2.1033148241628807,2.4318080492846432
67.0,2019,4,0.0,0,1.0,1,0.0,0,0.0,0,0.0,1.256470588235294,2609568.0,2765373.0,2.0,1,30.0,593.937,"4,09",505.335,"83,5",CIUDAD BOLIVAR,LUCERO,13.0,0.0,7.0,6.0,157159.0,78057.0,79102.0,0.8271877525308764,0.8271877525308764,0.7686690495407202,0.8849333771586053
83.0,2019,4,0.0,0,0.0,0,0.0,0,0.0,0,0.0,2.0,24432.0,29572.0,1.0,1,11.0,979.914,"3,72",999.300,"88,94",KENNEDY,LAS MARGARITAS,7.0,0.0,2.0,5.0,29613.0,14096.0,15517.0,2.3638266977341034,2.3638266977341034,3.547105561861521,1.288908938583489
101.0,2019,4,1.0,1,0.0,0,3.0,1,0.0,0,17.0,3.8711111111111105,267970.0,273160.0,65.0,10,59.0,139.298,"2,87",1.933.116,"96,03",TEUSAQUILLO,TEUSAQUILLO,37.0,0.0,19.0,18.0,26793.0,12524.0,14269.0,13.809577128354421,13.809577128354421,14.372404982433729,13.315579227696405
54.0,2019,4,0.0,0,0.0,0,0.0,0,0.0,0,2.0,1.83,984621.0,1061115.0,21.0,8,28.0,378.78,"3,72",591.317,"87,06",RAFAEL URIBE URIBE,MARRUECOS,11.0,0.0,2.0,9.0,115215.0,60329.0,54886.0,0.9547367964240767,0.9547367964240767,1.4918198544646852,0.3643916481434245
78.0,2019,4,0.0,0,1.0,1,0.0,0,0.0,0,2.0,1.956,79812.0,176088.0,0.0,0,25.0,979.914,"3,72",999.300,"88,94",KENNEDY,TINTAL NORTE,4.0,0.0,3.0,1.0,28487.0,13405.0,15082.0,1.4041492610664514,1.4041492610664514,0.7459903021260723,1.9891261105954117
100.0,2019,4,1.0,1,1.0,1,2.0,1,1.0,1,9.0,3.59625,300195.0,309096.0,38.0,9,56.0,139.298,"2,87",1.933.116,"96,03",TEUSAQUILLO,GALERIAS,35.0,0.0,15.0,20.0,35496.0,16396.0,19100.0,9.860265945458643,9.860265945458643,12.19809709685289,7.853403141361257
34.0,2019,4,0.0,0,2.0,1,2.0,1,1.0,1,2.0,2.346363636363636,864012.0,1108236.0,26.0,12,30.0,404.35,"3,73",706.208,"83,68",SAN CRISTOBAL,20 DE JULIO,18.0,0.0,4.0,14.0,79269.0,38378.0,40891.0,2.27074896870151,2.27074896870151,3.6479232893845435,0.978210364138808
106.0,2019,4,0.0,0,0.0,0,2.0,1,1.0,1,1.0,4.164,167560.0,168920.0,17.0,5,30.0,139.298,"2,87",1.933.116,"96,03",TEUSAQUILLO,LA ESMERALDA,11.0,0.0,3.0,8.0,37578.0,16706.0,20872.0,2.927244664431316,2.927244664431316,4.788698671136118,1.4373323112303564
91.0,2019,4,2.0,1,0.0,0,0.0,0,1.0,1,14.0,3.3285714285714287,96894.0,41153.0,42.0,7,37.0,96.241,"3,18",896.890,"88,28",SANTA FE,SAGRADO CORAZON,34.0,0.0,18.0,16.0,10453.0,5227.0,5226.0,32.526547402659524,32.526547402659524,30.61029271092405,34.44316877152698
95.0,2019,4,0.0,0,0.0,0,0.0,0,0.0,0,11.0,2.0,260205.0,69723.0,19.0,3,15.0,96.241,"3,18",896.890,"88,28",SANTA FE,LAS CRUCES,6.0,0.0,2.0,4.0,20700.0,10469.0,10231.0,2.898550724637681,2.898550724637681,3.8208042793007926,1.954843123839312
40.0,2019,4,0.0,0,0.0,0,3.0,1,0.0,0,2.0,3.0,1219392.0,1267944.0,21.0,8,62.0,250.715,"3,55",1.116.511,"90,43",PUENTE ARANDA,CIUDAD MONTES,18.0,0.0,6.0,12.0,99795.0,47099.0,52696.0,1.80369758003908,1.80369758003908,2.5478247945816257,1.1386063458327007
117.0,2019,4,0.0,0,0.0,0,0.0,0,0.0,0,4.0,3.0,824.0,1670.0,1.0,1,17.0,317.179,"3,46",1.428.379,"90,03",FONTIBON,AEROPUERTO EL DORADO,14.0,0.0,9.0,5.0,790.0,522.0,268.0,177.21518987341773,177.21518987341773,95.78544061302681,335.82089552238807
64.0,2019,4,0.0,0,0.0,0,0.0,0,0.0,0,0.0,1.0,5590.0,25895.0,0.0,0,7.0,593.937,"4,09",505.335,"83,5",CIUDAD BOLIVAR,MONTE BLANCO,0.0,0.0,0.0,0.0,0.0,0.0,0.0,0.0,0.0,0.0,0.0
48.0,2019,4,0.0,0,1.0,1,0.0,0,0.0,0,3.0,2.7455555555555557,1310472.0,1325682.0,5.0,3,18.0,979.914,"3,72",999.300,"88,94",KENNEDY,TIMIZA,12.0,0.0,6.0,6.0,141474.0,67751.0,73723.0,0.8482123923830527,0.8482123923830527,0.8855957845640654,0.8138572765622669
98.0,2019,4,0.0,0,3.0,1,6.0,1,0.0,0,21.0,3.0542105263157895,1522242.0,1559634.0,99.0,19,81.0,230.066,"3,36",1.462.840,"92,44",BARRIOS UNIDOS,LOS ALCAZARES,51.0,0.0,21.0,30.0,40963.0,19865.0,21098.0,12.450259990723337,12.450259990723337,15.101938082053865,9.953550099535502
28.0,2019,4,1.0,1,6.0,1,12.0,1,7.0,1,7.0,2.287857142857143,3797108.0,4228084.0,17.0,6,49.0,981.613,"3,41",1.388.086,"91,6",SUBA,EL RINCON,32.0,0.0,9.0,23.0,272474.0,130548.0,141926.0,1.1744239817377071,1.1744239817377071,1.7618040873854828,0.6341332807237574
17.0,2019,4,0.0,0,0.0,0,2.0,1,0.0,0,2.0,4.285,226840.0,238870.0,6.0,2,32.0,981.613,"3,41",1.388.086,"91,6",SUBA,SAN JOSE DE BAVARIA,14.0,0.0,4.0,10.0,49227.0,22838.0,26389.0,2.843967741280192,2.843967741280192,4.378667133724494,1.5157830914396149
24.0,2019,4,2.0,1,2.0,1,11.0,1,1.0,1,8.0,4.819999999999999,859833.0,845949.0,36.0,12,69.0,981.613,"3,41",1.388.086,"91,6",SUBA,NIZA,19.0,0.0,12.0,7.0,80003.0,36556.0,43447.0,2.3749109408397184,2.3749109408397184,1.9148703359229675,2.7619858678389764
44.0,2019,4,1.0,1,2.0,1,1.0,1,0.0,0,2.0,3.22875,673424.0,676672.0,20.0,7,33.0,979.914,"3,72",999.300,"88,94",KENNEDY,AMERICAS,27.0,0.0,15.0,12.0,79564.0,37621.0,41943.0,3.393494545271731,3.393494545271731,3.1897078759203636,3.5762820971318217
62.0,2019,4,0.0,0,1.0,1,2.0,1,0.0,0,1.0,2.024,338366.0,403893.0,26.0,7,26.0,182.532,"3,63",829.895,"87,19",TUNJUELITO,TUNJUELITO,7.0,0.0,2.0,5.0,40340.0,20058.0,20282.0,1.7352503718393655,1.7352503718393655,2.492770964203809,0.9860960457548565
69.0,2019,4,1.0,1,1.0,1,2.0,1,1.0,1,1.0,1.3691666666666666,1779216.0,1964304.0,13.0,6,22.0,593.937,"4,09",505.335,"83,5",CIUDAD BOLIVAR,ISMAEL PERDOMO,15.0,0.0,5.0,10.0,159118.0,77946.0,81172.0,0.9426966150906875,0.9426966150906875,1.2829394709157622,0.6159759522988223
93.0,2019,4,5.0,1,5.0,1,2.0,1,0.0,0,8.0,2.932857142857143,332178.0,96411.0,80.0,7,52.0,96.241,"3,18",896.890,"88,28",SANTA FE,LAS NIEVES,101.0,0.0,44.0,57.0,16733.0,8688.0,8045.0,60.359768122870975,60.359768122870975,65.60773480662984,54.692355500310754
18.0,2019,4,0.0,0,1.0,1,4.0,1,4.0,1,7.0,3.272,300834.0,346380.0,10.0,3,25.0,981.613,"3,41",1.388.086,"91,6",SUBA,BRITALIA,14.0,0.0,3.0,11.0,87900.0,40683.0,47217.0,1.5927189988623436,1.5927189988623436,2.70383206744832,0.6353643814727746
15.0,2020,1,0.0,0,0.0,0,0.0,0,3.0,1,10.0,5.395,175550.0,49356.0,6.0,2,21.0,430.156,"3,12",1.867.529,"93,6",USAQUEN,COUNTRY CLUB,5.0,0.0,1.0,4.0,24915.0,11215.0,13700.0,2.006823198876179,2.006823198876179,3.5666518056174765,0.7299270072992702
86.0,2020,1,0.0,0,0.0,0,0.0,0,1.0,1,0.0,1.568,321440.0,368145.0,0.0,0,33.0,546.809,"3,98",703.807,"85,4",BOSA,EL PORVENIR,11.0,0.0,4.0,7.0,141294.0,67547.0,73747.0,0.7785185499738135,0.7785185499738135,1.0363154544243267,0.5423949448791138
71.0,2020,1,0.0,0,0.0,0,3.0,1,0.0,0,4.0,2.105,2325960.0,2670912.0,0.0,0,22.0,981.613,"3,41",1.388.086,"91,6",SUBA,TIBABUYES,22.0,0.0,11.0,11.0,291916.0,141299.0,150617.0,0.7536414585017607,0.7536414585017607,0.7784910013517434,0.7303292457026764
29.0,2020,1,2.0,1,2.0,1,1.0,1,0.0,0,5.0,2.713333333333334,1291554.0,1329381.0,30.0,9,32.0,824.337,"3,41",1.089.512,"91,78",ENGATIVA,MINUTO DE DIOS,22.0,0.0,8.0,14.0,109786.0,51654.0,58132.0,2.0038984934326782,2.0038984934326782,2.7103418902698726,1.376178352714512
80.0,2020,1,0.0,0,1.0,1,1.0,1,0.0,0,1.0,2.0025,247816.0,277108.0,11.0,4,19.0,979.914,"3,72",999.300,"88,94",KENNEDY,CORABASTOS,22.0,0.0,10.0,12.0,57237.0,28595.0,28642.0,3.843667557698691,3.843667557698691,4.196537856268579,3.491376300537672
99.0,2020,1,6.0,1,3.0,1,1.0,1,0.0,0,16.0,3.692,79566.0,121692.0,22.0,6,62.0,122.507,"2,43",2.288.835,"96,61",CHAPINERO,CHAPINERO,40.0,0.0,21.0,19.0,24656.0,12293.0,12363.0,16.223231667748216,16.223231667748216,15.455950540958268,16.986168405726765
3.0,2020,1,0.0,0,0.0,0,0.0,0,0.0,0,0.0,6.0,0.0,1169.0,0.0,0,26.0,981.613,"3,41",1.388.086,"91,6",SUBA,GUAYMARAL,1.0,0.0,0.0,1.0,2367.0,1149.0,1218.0,4.224757076468103,4.224757076468103,8.703220191470844,0.0
97.0,2020,1,12.0,1,3.0,1,7.0,1,1.0,1,12.0,5.211875,94384.0,420656.0,63.0,15,98.0,122.507,"2,43",2.288.835,"96,61",CHAPINERO,CHICO LAGO,89.0,0.0,42.0,47.0,35901.0,16841.0,19060.0,24.790395810701654,24.790395810701654,27.908081467846326,22.03567681007345
94.0,2020,1,4.0,1,0.0,0,0.0,0,2.0,1,6.0,2.40875,203598.0,216855.0,43.0,8,36.0,22.115,"2,83",1.050.888,"88,9",CANDELARIA,LA CANDELARIA,17.0,0.0,8.0,9.0,17508.0,9175.0,8333.0,9.709846927119031,9.709846927119031,9.809264305177111,9.600384015360614
76.0,2020,1,0.0,0,0.0,0,1.0,1,0.0,0,1.0,2.186666666666667,120020.0,128536.0,0.0,0,21.0,317.179,"3,46",1.428.379,"90,03",FONTIBON,FONTIBON SAN PABLO,3.0,0.0,1.0,2.0,33737.0,16552.0,17185.0,0.8892314076533183,0.8892314076533183,1.208313194780087,0.5819028222286878
114.0,2020,1,0.0,0,0.0,0,2.0,1,2.0,1,8.0,3.8,191930.0,197050.0,9.0,4,24.0,317.179,"3,46",1.428.379,"90,03",FONTIBON,MODELIA,12.0,0.0,6.0,6.0,43349.0,20021.0,23328.0,2.768229947634317,2.768229947634317,2.9968533040307674,2.57201646090535
89.0,2020,1,0.0,0,0.0,0,0.0,0,0.0,0,0.0,2.0666666666666664,28245.0,48603.0,0.0,0,3.0,122.507,"2,43",2.288.835,"96,61",CHAPINERO,SAN ISIDRO - PATIOS,1.0,0.0,0.0,1.0,16346.0,8099.0,8247.0,0.6117704637220115,0.6117704637220115,1.2347203358439314,0.0
38.0,2020,1,0.0,0,5.0,1,4.0,1,0.0,0,3.0,3.008,1246305.0,1155330.0,52.0,15,75.0,119.565,"3,92",1.095.184,"90,79",ANTONIO NARIÑO,RESTREPO,24.0,0.0,11.0,13.0,55425.0,26409.0,29016.0,4.330175913396482,4.330175913396482,4.922564277329698,3.7910118555279846
52.0,2020,1,0.0,0,0.0,0,0.0,0,0.0,0,0.0,1.0,614920.0,740280.0,0.0,0,176.0,314.431,"4,07",569.872,"82,91",USME,LA FLORA,4.0,0.0,2.0,2.0,19176.0,9534.0,9642.0,2.0859407592824364,2.0859407592824364,2.097755401720159,2.0742584526031944
96.0,2020,1,0.0,0,0.0,0,0.0,0,0.0,0,4.0,1.7264285714285716,628474.0,648214.0,4.0,2,16.0,96.241,"3,18",896.890,"88,28",SANTA FE,LOURDES,1.0,0.0,1.0,0.0,45384.0,22140.0,23244.0,0.22034197073858627,0.22034197073858627,0.0,0.4302185510239202
84.0,2020,1,0.0,0,0.0,0,2.0,1,2.0,1,1.0,1.98,990222.0,1073760.0,1.0,1,30.0,546.809,"3,98",703.807,"85,4",BOSA,BOSA OCCIDENTAL,14.0,0.0,5.0,9.0,199301.0,97341.0,101960.0,0.7024550805063697,0.7024550805063697,0.92458470736894,0.49038838760298153
111.0,2020,1,2.0,1,0.0,0,1.0,1,0.0,0,6.0,2.9375,64585.0,73290.0,16.0,5,63.0,250.715,"3,55",1.116.511,"90,43",PUENTE ARANDA,PUENTE ARANDA,21.0,0.0,5.0,16.0,11775.0,9297.0,2478.0,17.8343949044586,17.8343949044586,17.209852640636765,20.177562550443906
112.0,2020,1,1.0,1,1.0,1,1.0,1,1.0,1,9.0,3.1133333333333333,126427.0,160027.0,0.0,0,71.0,317.179,"3,46",1.428.379,"90,03",FONTIBON,GRANJAS DE TECHO,23.0,0.0,9.0,14.0,48912.0,22660.0,26252.0,4.702322538436376,4.702322538436376,6.17828773168579,3.428310223982934
75.0,2020,1,0.0,0,2.0,1,7.0,1,5.0,1,5.0,2.913,1316550.0,1374890.0,0.0,0,58.0,317.179,"3,46",1.428.379,"90,03",FONTIBON,FONTIBON,27.0,0.0,11.0,16.0,132681.0,63232.0,69449.0,2.034956022339295,2.034956022339295,2.5303643724696356,1.583896096416075
12.0,2020,1,1.0,1,2.0,1,5.0,1,0.0,0,6.0,3.378,256245.0,260090.0,9.0,3,42.0,430.156,"3,12",1.867.529,"93,6",USAQUEN,TOBERIN,6.0,0.0,1.0,5.0,60535.0,27886.0,32649.0,0.9911621376063434,0.9911621376063434,1.7930144158359034,0.30628809458176365
16.0,2020,1,2.0,1,2.0,1,9.0,1,1.0,1,18.0,5.738888888888889,464238.0,463266.0,18.0,6,60.0,430.156,"3,12",1.867.529,"93,6",USAQUEN,SANTA BARBARA,37.0,0.0,14.0,23.0,70850.0,31933.0,38917.0,5.222300635144672,5.222300635144672,7.2025804027181906,3.5973995940077605
82.0,2020,1,0.0,0,0.0,0,2.0,1,2.0,1,0.0,1.9566666666666668,963012.0,1044870.0,9.0,4,29.0,979.914,"3,72",999.300,"88,94",KENNEDY,PATIO BONITO,26.0,0.0,9.0,17.0,140225.0,69690.0,70535.0,1.854162952397932,1.854162952397932,2.439374372219831,1.2759622882257036
35.0,2020,1,1.0,1,0.0,0,1.0,1,1.0,1,2.0,2.666,168705.0,154565.0,35.0,5,22.0,119.565,"3,92",1.095.184,"90,79",ANTONIO NARIÑO,CIUDAD JARDIN,7.0,0.0,4.0,3.0,25931.0,12296.0,13635.0,2.699471674829355,2.699471674829355,2.439817826935589,2.933626696002934
68.0,2020,1,0.0,0,0.0,0,0.0,0,1.0,1,0.0,1.055,351536.0,380992.0,0.0,0,13.0,593.937,"4,09",505.335,"83,5",CIUDAD BOLIVAR,EL TESORO,1.0,0.0,0.0,1.0,52519.0,26166.0,26353.0,0.19040728117443212,0.19040728117443212,0.3821753420469311,0.0
27.0,2020,1,1.0,1,5.0,1,7.0,1,5.0,1,3.0,2.840909090909091,1497236.0,1751217.0,16.0,6,48.0,981.613,"3,41",1.388.086,"91,6",SUBA,SUBA,39.0,0.0,11.0,28.0,176700.0,82963.0,93737.0,2.2071307300509337,2.2071307300509337,3.3749984933042443,1.1734960581200593
22.0,2020,1,1.0,1,0.0,0,5.0,1,0.0,0,3.0,3.292222222222222,847206.0,887247.0,37.0,8,38.0,230.066,"3,36",1.462.840,"92,44",BARRIOS UNIDOS,DOCE DE OCTUBRE,14.0,0.0,4.0,10.0,69087.0,33197.0,35890.0,2.0264304427750517,2.0264304427750517,3.012320390396723,1.1145165784341042
105.0,2020,1,0.0,0,0.0,0,0.0,0,0.0,0,3.0,2.67,1601.0,2464.0,4.0,1,11.0,824.337,"3,41",1.089.512,"91,78",ENGATIVA,JARDIN BOTANICO,4.0,0.0,1.0,3.0,2874.0,1678.0,1196.0,13.917884481558804,13.917884481558804,17.878426698450536,8.361204013377927
104.0,2020,1,0.0,0,0.0,0,0.0,0,0.0,0,6.0,4.0,19494.0,20424.0,21.0,5,34.0,139.298,"2,87",1.933.116,"96,03",TEUSAQUILLO,PARQUE SIMON BOLIVAR - CAN,13.0,0.0,4.0,9.0,3109.0,1610.0,1499.0,41.814088131231905,41.814088131231905,55.900621118012424,26.6844563042028
74.0,2020,1,0.0,0,0.0,0,2.0,1,0.0,0,2.0,2.0016666666666665,712512.0,784968.0,0.0,0,15.0,824.337,"3,41",1.089.512,"91,78",ENGATIVA,ENGATIVA,13.0,0.0,4.0,9.0,141832.0,68646.0,73186.0,0.9165773591291104,0.9165773591291104,1.311074206800105,0.5465526193534282
47.0,2020,1,1.0,1,0.0,0,2.0,1,0.0,0,1.0,3.0,865592.0,770256.0,9.0,4,28.0,979.914,"3,72",999.300,"88,94",KENNEDY,KENNEDY CENTRAL,14.0,0.0,8.0,6.0,94641.0,44822.0,49819.0,1.4792743102883528,1.4792743102883528,1.3386283521484987,1.6058130432164435
70.0,2020,1,0.0,0,0.0,0,0.0,0,0.0,0,1.0,1.1733333333333331,789975.0,888237.0,0.0,0,23.0,593.937,"4,09",505.335,"83,5",CIUDAD BOLIVAR,JERUSALEM,5.0,0.0,1.0,4.0,99821.0,48986.0,50835.0,0.5008966049228119,0.5008966049228119,0.8165598334217941,0.1967148618078096
66.0,2020,1,0.0,0,0.0,0,0.0,0,0.0,0,0.0,1.8425,597168.0,609704.0,4.0,3,26.0,593.937,"4,09",505.335,"83,5",CIUDAD BOLIVAR,SAN FRANCISCO,10.0,0.0,3.0,7.0,70180.0,34379.0,35801.0,1.4249073810202337,1.4249073810202337,2.0361267052561156,0.8379654199603364
65.0,2020,1,0.0,0,0.0,0,1.0,1,0.0,0,1.0,2.463333333333334,349194.0,364512.0,9.0,3,21.0,593.937,"4,09",505.335,"83,5",CIUDAD BOLIVAR,ARBORIZADORA,9.0,0.0,5.0,4.0,82419.0,39437.0,42982.0,1.0919812179230517,1.0919812179230517,1.0142759337677816,1.1632776511097669
79.0,2020,1,0.0,0,0.0,0,0.0,0,1.0,1,0.0,2.1333333333333333,167274.0,204984.0,3.0,2,22.0,979.914,"3,72",999.300,"88,94",KENNEDY,CALANDAIMA,11.0,0.0,3.0,8.0,131909.0,62500.0,69409.0,0.8339082246093898,0.8339082246093898,1.28,0.43222060539699464
59.0,2020,1,0.0,0,0.0,0,0.0,0,0.0,0,0.0,1.0,163808.0,216380.0,0.0,0,6.0,314.431,"4,07",569.872,"82,91",USME,ALFONSO LOPEZ,4.0,0.0,1.0,3.0,50929.0,25223.0,25706.0,0.7854071354238253,0.7854071354238253,1.1893906355310628,0.3890142379211079
45.0,2020,1,0.0,0,0.0,0,2.0,1,1.0,1,2.0,2.7914285714285714,737583.0,674359.0,9.0,4,35.0,979.914,"3,72",999.300,"88,94",KENNEDY,CARVAJAL,20.0,0.0,7.0,13.0,90380.0,43669.0,46711.0,2.2128789555211332,2.2128789555211332,2.976940163502714,1.498576352465158
20.0,2020,1,2.0,1,1.0,1,7.0,1,48.0,1,21.0,4.996666666666667,231126.0,219822.0,33.0,6,26.0,981.613,"3,41",1.388.086,"91,6",SUBA,LA ALHAMBRA,10.0,0.0,5.0,5.0,40664.0,18425.0,22239.0,2.459177650993508,2.459177650993508,2.7137042062415198,2.2483025315886507
51.0,2020,1,0.0,0,0.0,0,0.0,0,0.0,0,0.0,1.68875,263745.0,660861.0,0.0,0,15.0,404.35,"3,73",706.208,"83,68",SAN CRISTOBAL,LOS LIBERTADORES,3.0,0.0,3.0,0.0,77140.0,37466.0,39674.0,0.388903292714545,0.388903292714545,0.0,0.7561627262186823
115.0,2020,1,3.0,1,2.0,1,0.0,0,0.0,0,5.0,3.314,77135.0,83285.0,6.0,3,26.0,317.179,"3,46",1.428.379,"90,03",FONTIBON,CAPELLANIA,13.0,0.0,6.0,7.0,17775.0,8377.0,9398.0,7.313642756680731,7.313642756680731,8.356213441566194,6.384337092998511
43.0,2020,1,0.0,0,0.0,0,2.0,1,1.0,1,3.0,3.0,844074.0,844239.0,17.0,8,31.0,250.715,"3,55",1.116.511,"90,43",PUENTE ARANDA,SAN RAFAEL,10.0,0.0,2.0,8.0,72890.0,34580.0,38310.0,1.3719303059404582,1.3719303059404582,2.313475997686524,0.5220569042025581
25.0,2020,1,2.0,1,2.0,1,4.0,1,0.0,0,10.0,4.04,127070.0,126620.0,24.0,5,25.0,981.613,"3,41",1.388.086,"91,6",SUBA,LA FLORESTA,6.0,0.0,3.0,3.0,43555.0,19828.0,23727.0,1.3775685914361153,1.3775685914361153,1.5130119023602984,1.2643823492224047
56.0,2020,1,0.0,0,0.0,0,0.0,0,0.0,0,0.0,1.508,205135.0,253351.0,6.0,6,8.0,314.431,"4,07",569.872,"82,91",USME,DANUBIO,8.0,0.0,3.0,5.0,54467.0,26373.0,28094.0,1.468779260836837,1.468779260836837,1.8958783604443938,1.0678436676870506
26.0,2020,1,0.0,0,3.0,1,6.0,1,4.0,1,7.0,3.0646153846153847,1441973.0,1441167.0,19.0,5,69.0,824.337,"3,41",1.089.512,"91,78",ENGATIVA,LAS FERIAS,49.0,0.0,22.0,27.0,101318.0,48221.0,53097.0,4.8362581180046975,4.8362581180046975,5.599220256734617,4.143360265175057
102.0,2020,1,1.0,1,2.0,1,3.0,1,0.0,0,13.0,2.8186666666666667,764715.0,782955.0,131.0,15,94.0,94.944,"3,53",1.059.511,"89,78",LOS MARTIRES,LA SABANA,72.0,0.0,25.0,47.0,39822.0,18926.0,20896.0,18.0804580382703,18.0804580382703,24.833562295255206,11.964012251148544
2.0,2020,1,0.0,0,0.0,0,0.0,0,0.0,0,0.0,5.058,10545.0,13800.0,3.0,2,95.0,981.613,"3,41",1.388.086,"91,6",SUBA,LA ACADEMIA,0.0,0.0,0.0,0.0,0.0,0.0,0.0,0.0,0.0,0.0,0.0
116.0,2020,1,1.0,1,1.0,1,0.0,0,1.0,1,8.0,3.155,24638.0,27282.0,3.0,1,17.0,824.337,"3,41",1.089.512,"91,78",ENGATIVA,ALAMOS,14.0,0.0,4.0,10.0,12159.0,5711.0,6448.0,11.514104778353484,11.514104778353484,17.51006828926633,6.20347394540943
81.0,2020,1,0.0,0,0.0,0,1.0,1,6.0,1,2.0,2.0025,290204.0,283616.0,1.0,1,16.0,979.914,"3,72",999.300,"88,94",KENNEDY,GRAN BRITALIA,9.0,0.0,2.0,7.0,63281.0,30922.0,32359.0,1.4222278409001121,1.4222278409001121,2.263760429467693,0.6180660712630179
52.0,2020,1,0.0,0,0.0,0,0.0,0,0.0,0,0.0,1.0,614920.0,740280.0,0.0,0,176.0,314.431,"4,07",569.872,"82,91",USME,LA FLORA,4.0,0.0,2.0,2.0,19176.0,9534.0,9642.0,2.0859407592824364,2.0859407592824364,2.097755401720159,2.0742584526031944
33.0,2020,1,0.0,0,0.0,0,2.0,1,0.0,0,2.0,2.8193333333333332,1647904.0,748256.0,42.0,13,30.0,404.35,"3,73",706.208,"83,68",SAN CRISTOBAL,SOSIEGO,5.0,0.0,3.0,2.0,43834.0,21242.0,22592.0,1.140667062097915,1.140667062097915,0.9415309292910272,1.327903682719547
19.0,2020,1,2.0,1,6.0,1,8.0,1,2.0,1,10.0,3.51625,692512.0,712104.0,25.0,8,34.0,981.613,"3,41",1.388.086,"91,6",SUBA,EL PRADO,15.0,0.0,5.0,10.0,100375.0,46114.0,54261.0,1.4943960149439601,1.4943960149439601,2.168538838530598,0.92147214389709
41.0,2020,1,0.0,0,0.0,0,1.0,1,0.0,0,2.0,3.0,523602.0,513468.0,24.0,8,22.0,250.715,"3,55",1.116.511,"90,43",PUENTE ARANDA,MUZU,15.0,0.0,4.0,11.0,58670.0,27784.0,30886.0,2.556672916311573,2.556672916311573,3.9591131586524617,1.295085151848734
37.0,2020,1,0.0,0,1.0,1,1.0,1,0.0,0,7.0,3.0,307027.0,315602.0,40.0,7,41.0,94.944,"3,53",1.059.511,"89,78",LOS MARTIRES,SANTA ISABEL,11.0,0.0,2.0,9.0,44480.0,20483.0,23997.0,2.473021582733813,2.473021582733813,4.393887614119026,0.8334375130224612
107.0,2020,1,1.0,1,1.0,1,3.0,1,1.0,1,5.0,3.77,207448.0,216792.0,32.0,8,35.0,139.298,"2,87",1.933.116,"96,03",TEUSAQUILLO,QUINTA PAREDES,22.0,0.0,6.0,16.0,26931.0,12057.0,14874.0,8.169024544205563,8.169024544205563,13.270299411130464,4.033884630899556
73.0,2020,1,1.0,1,0.0,0,3.0,1,2.0,1,4.0,2.775714285714286,955689.0,1044302.0,4.0,2,40.0,824.337,"3,41",1.089.512,"91,78",ENGATIVA,GARCES NAVAS,26.0,0.0,12.0,14.0,167992.0,79269.0,88723.0,1.5476927472736797,1.5476927472736797,1.7661380867678411,1.3525241481915624
31.0,2020,1,0.0,0,1.0,1,2.0,1,0.0,0,8.0,3.318333333333334,409362.0,391260.0,10.0,4,38.0,824.337,"3,41",1.089.512,"91,78",ENGATIVA,SANTA CECILIA,14.0,0.0,3.0,11.0,67651.0,31657.0,35994.0,2.069444649746493,2.069444649746493,3.4747449221341253,0.833472245374229
58.0,2020,1,0.0,0,0.0,0,0.0,0,1.0,1,0.0,1.5654545454545454,857659.0,954745.0,0.0,0,29.0,314.431,"4,07",569.872,"82,91",USME,COMUNEROS,12.0,0.0,2.0,10.0,95714.0,46919.0,48795.0,1.2537350857763754,1.2537350857763754,2.1313327223512863,0.4098780612767701
13.0,2020,1,3.0,1,1.0,1,6.0,1,3.0,1,5.0,4.381666666666667,1717632.0,1842552.0,20.0,5,88.0,430.156,"3,12",1.867.529,"93,6",USAQUEN,LOS CEDROS,31.0,0.0,18.0,13.0,128724.0,57206.0,71518.0,2.4082533171747307,2.4082533171747307,2.272488899765759,2.5168489051707263
63.0,2020,1,0.0,0,0.0,0,0.0,0,0.0,0,0.0,,1596.0,5864.0,2.0,2,6.0,593.937,"4,09",505.335,"83,5",CIUDAD BOLIVAR,EL MOCHUELO,0.0,0.0,0.0,0.0,0.0,0.0,0.0,0.0,0.0,0.0,0.0
87.0,2020,1,0.0,0,0.0,0,0.0,0,0.0,0,1.0,1.765,212992.0,339512.0,0.0,0,47.0,546.809,"3,98",703.807,"85,4",BOSA,TINTAL SUR,7.0,0.0,4.0,3.0,110561.0,51998.0,58563.0,0.6331346496504193,0.6331346496504193,0.5769452671256587,0.6830251182487236
77.0,2020,1,1.0,1,0.0,0,0.0,0,0.0,0,1.0,2.045,283878.0,356976.0,0.0,0,13.0,317.179,"3,46",1.428.379,"90,03",FONTIBON,ZONA FRANCA,11.0,0.0,5.0,6.0,61591.0,28838.0,32753.0,1.7859752236528066,1.7859752236528066,2.0805881129065815,1.526577718071627
39.0,2020,1,1.0,1,2.0,1,5.0,1,0.0,0,2.0,3.0,1410480.0,1306815.0,45.0,15,69.0,378.78,"3,72",591.317,"87,06",RAFAEL URIBE URIBE,QUIROGA,26.0,0.0,12.0,14.0,91627.0,44208.0,47419.0,2.8375915396116866,2.8375915396116866,3.1668476293883456,2.530631181593876
108.0,2020,1,0.0,0,0.0,0,1.0,1,1.0,1,5.0,2.685714285714286,33520.0,33976.0,48.0,8,66.0,250.715,"3,55",1.116.511,"90,43",PUENTE ARANDA,ZONA INDUSTRIAL,12.0,0.0,3.0,9.0,6407.0,3194.0,3213.0,18.729514593413455,18.729514593413455,28.17783343769568,9.337068160597573
61.0,2020,1,0.0,0,0.0,0,0.0,0,5.0,1,0.0,1.2366666666666666,79500.0,134960.0,0.0,0,65.0,314.431,"4,07",569.872,"82,91",USME,CIUDAD USME,1.0,0.0,0.0,1.0,25997.0,12622.0,13375.0,0.3846597684348194,0.3846597684348194,0.7922674694977024,0.0
1.0,2020,1,0.0,0,0.0,0,0.0,0,0.0,0,0.0,4.0,52488.0,63828.0,3.0,3,83.0,430.156,"3,12",1.867.529,"93,6",USAQUEN,PASEO DE LOS LIBERTADORES,1.0,0.0,0.0,1.0,2574.0,1275.0,1299.0,3.885003885003885,3.885003885003885,7.8431372549019605,0.0
46.0,2020,1,0.0,0,0.0,0,4.0,1,1.0,1,3.0,2.72,884656.0,1003288.0,18.0,6,40.0,979.914,"3,72",999.300,"88,94",KENNEDY,CASTILLA,27.0,0.0,8.0,19.0,143736.0,68336.0,75400.0,1.8784438136583737,1.8784438136583737,2.7803793022711307,1.0610079575596818
85.0,2020,1,1.0,1,1.0,1,3.0,1,2.0,1,1.0,1.9988888888888892,2537808.0,2654832.0,17.0,6,39.0,546.809,"3,98",703.807,"85,4",BOSA,BOSA CENTRAL,22.0,0.0,8.0,14.0,235571.0,113527.0,122044.0,0.9339010319606403,0.9339010319606403,1.2331868189946005,0.6555012946150569
60.0,2020,1,0.0,0,0.0,0,0.0,0,0.0,0,1.0,1.11,10544.0,15584.0,0.0,0,0.0,314.431,"4,07",569.872,"82,91",USME,PARQUE ENTRENUBES,0.0,0.0,0.0,0.0,0.0,0.0,0.0,0.0,0.0,0.0,0.0
60.0,2020,1,0.0,0,0.0,0,0.0,0,0.0,0,1.0,1.11,10544.0,15584.0,0.0,0,0.0,314.431,"4,07",569.872,"82,91",USME,PARQUE ENTRENUBES,0.0,0.0,0.0,0.0,0.0,0.0,0.0,0.0,0.0,0.0,0.0
30.0,2020,1,1.0,1,4.0,1,7.0,1,2.0,1,6.0,3.001818181818182,1427481.0,1341120.0,25.0,7,42.0,824.337,"3,41",1.089.512,"91,78",ENGATIVA,BOYACA REAL,24.0,0.0,7.0,17.0,128700.0,61151.0,67549.0,1.8648018648018647,1.8648018648018647,2.7800035976517146,1.036284771055086
72.0,2020,1,0.0,0,0.0,0,1.0,1,0.0,0,5.0,3.0,331356.0,345116.0,4.0,2,21.0,824.337,"3,41",1.089.512,"91,78",ENGATIVA,BOLIVIA,17.0,0.0,6.0,11.0,83848.0,38193.0,45655.0,2.0274782940559106,2.0274782940559106,2.880108920482811,1.31420435877779
57.0,2020,1,0.0,0,2.0,1,0.0,0,0.0,0,0.0,1.7740000000000002,1391324.0,1519562.0,3.0,3,23.0,314.431,"4,07",569.872,"82,91",USME,GRAN YOMASA,8.0,0.0,4.0,4.0,127216.0,62013.0,65203.0,0.6288517167651868,0.6288517167651868,0.6450260429264831,0.6134687054276643
23.0,2020,1,0.0,0,0.0,0,4.0,1,22.0,1,6.0,3.5728571428571425,209118.0,255647.0,7.0,5,41.0,981.613,"3,41",1.388.086,"91,6",SUBA,CASA BLANCA SUBA,8.0,0.0,5.0,3.0,57665.0,26781.0,30884.0,1.3873233330443078,1.3873233330443078,1.120197154699227,1.6189612744463153
88.0,2020,1,0.0,0,0.0,0,0.0,0,0.0,0,19.0,5.9375,358776.0,369156.0,3.0,2,60.0,122.507,"2,43",2.288.835,"96,61",CHAPINERO,EL REFUGIO,15.0,0.0,8.0,7.0,38690.0,17433.0,21257.0,3.8769707934866893,3.8769707934866893,4.0153731428899215,3.7634661523262927
9.0,2020,1,0.0,0,2.0,1,4.0,1,1.0,1,0.0,2.7445454545454546,927663.0,1059410.0,9.0,4,60.0,430.156,"3,12",1.867.529,"93,6",USAQUEN,VERBENAL,8.0,0.0,2.0,6.0,125093.0,59368.0,65725.0,0.6395241939996643,0.6395241939996643,1.0106454655706778,0.304298212248003
109.0,2020,1,0.0,0,0.0,0,0.0,0,0.0,0,7.0,4.123333333333334,44058.0,53832.0,12.0,3,32.0,139.298,"2,87",1.933.116,"96,03",TEUSAQUILLO,CIUDAD SALITRE ORIENTAL,13.0,0.0,6.0,7.0,23397.0,10426.0,12971.0,5.556267897593709,5.556267897593709,6.713984270093995,4.625703492406137
49.0,2020,1,0.0,0,1.0,1,0.0,0,0.0,0,2.0,2.3333333333333335,124191.0,114375.0,10.0,3,11.0,546.809,"3,98",703.807,"85,4",BOSA,APOGEO,6.0,0.0,4.0,2.0,36178.0,17354.0,18824.0,1.658466471336171,1.658466471336171,1.1524720525527257,2.124946876328092
14.0,2020,1,1.0,1,0.0,0,1.0,1,0.0,0,17.0,4.66,375100.0,457974.0,0.0,0,45.0,430.156,"3,12",1.867.529,"93,6",USAQUEN,USAQUEN,16.0,0.0,8.0,8.0,41354.0,19655.0,21699.0,3.8690332253228226,3.8690332253228226,4.070211142203002,3.686805843587262
32.0,2020,1,0.0,0,0.0,0,0.0,0,0.0,0,0.0,1.7457142857142858,1408200.0,1428675.0,0.0,0,47.0,404.35,"3,73",706.208,"83,68",SAN CRISTOBAL,SAN BLAS,6.0,0.0,3.0,3.0,102691.0,49503.0,53188.0,0.5842771031541226,0.5842771031541226,0.6060238773407672,0.5640370008272543
92.0,2020,1,0.0,0,0.0,0,0.0,0,0.0,0,11.0,2.5425,132324.0,86100.0,26.0,6,25.0,96.241,"3,18",896.890,"88,28",SANTA FE,LA MACARENA,9.0,0.0,5.0,4.0,12322.0,6030.0,6292.0,7.304009089433534,7.304009089433534,6.633499170812604,7.946598855689765
11.0,2020,1,1.0,1,1.0,1,4.0,1,4.0,1,4.0,2.3000000000000003,373404.0,436080.0,0.0,0,21.0,430.156,"3,12",1.867.529,"93,6",USAQUEN,SAN CRISTOBAL NORTE,6.0,0.0,5.0,1.0,69775.0,33172.0,36603.0,0.8599068434252957,0.8599068434252957,0.30145906185939947,1.3660082506898341
36.0,2020,1,1.0,1,0.0,0,0.0,0,0.0,0,2.0,2.97,350595.0,343350.0,26.0,7,19.0,378.78,"3,72",591.317,"87,06",RAFAEL URIBE URIBE,SAN JOSE,17.0,0.0,4.0,13.0,48165.0,22814.0,25351.0,3.5295338939063634,3.5295338939063634,5.698255457175418,1.5778470277306615
53.0,2020,1,0.0,0,1.0,1,1.0,1,0.0,0,2.0,2.442857142857143,479920.0,461139.0,21.0,6,14.0,378.78,"3,72",591.317,"87,06",RAFAEL URIBE URIBE,MARCO FIDEL SUAREZ,3.0,0.0,1.0,2.0,46703.0,22454.0,24249.0,0.6423570220328458,0.6423570220328458,0.8907098957869422,0.4123881397171017
50.0,2020,1,0.0,0,1.0,1,0.0,0,0.0,0,1.0,1.9327272727272728,215222.0,1432186.0,1.0,1,21.0,404.35,"3,73",706.208,"83,68",SAN CRISTOBAL,LA GLORIA,10.0,0.0,3.0,7.0,95816.0,46487.0,49329.0,1.0436670284712366,1.0436670284712366,1.505797319680771,0.6081615277017576
110.0,2020,1,3.0,1,1.0,1,0.0,0,0.0,0,7.0,4.074999999999999,71780.0,82212.0,7.0,2,29.0,317.179,"3,46",1.428.379,"90,03",FONTIBON,CIUDAD SALITRE OCCIDENTAL,17.0,0.0,9.0,8.0,44709.0,21075.0,23634.0,3.802366413921135,3.802366413921135,3.7959667852906285,3.808073115003808
10.0,2020,1,0.0,0,1.0,1,1.0,1,16.0,1,2.0,2.87125,122265.0,153495.0,5.0,2,29.0,430.156,"3,12",1.867.529,"93,6",USAQUEN,LA URIBE,11.0,0.0,5.0,6.0,34511.0,15833.0,18678.0,3.187389527976587,3.187389527976587,3.7895534642834585,2.676946139843666
42.0,2020,1,0.0,0,2.0,1,1.0,1,6.0,1,1.0,2.4250000000000003,2179040.0,2310720.0,35.0,13,66.0,182.532,"3,63",829.895,"87,19",TUNJUELITO,VENECIA,31.0,0.0,11.0,20.0,137756.0,67031.0,70725.0,2.250355701385058,2.250355701385058,2.9836941116796707,1.5553199010250973
103.0,2020,1,0.0,0,0.0,0,0.0,0,0.0,0,2.0,3.0,10953.0,12423.0,5.0,2,15.0,230.066,"3,36",1.462.840,"92,44",BARRIOS UNIDOS,PARQUE SALITRE,2.0,0.0,1.0,1.0,1325.0,693.0,632.0,15.094339622641508,15.094339622641508,14.43001443001443,15.822784810126581
21.0,2020,1,1.0,1,0.0,0,6.0,1,0.0,0,19.0,3.762,225860.0,233125.0,52.0,5,22.0,230.066,"3,36",1.462.840,"92,44",BARRIOS UNIDOS,LOS ANDES,8.0,0.0,4.0,4.0,28891.0,12886.0,16005.0,2.7690284171541313,2.7690284171541313,3.104144032283098,2.499218994064355
55.0,2020,1,0.0,0,0.0,0,0.0,0,0.0,0,0.0,1.5539999999999998,379860.0,395955.0,0.0,0,7.0,378.78,"3,72",591.317,"87,06",RAFAEL URIBE URIBE,DIANA TURBAY,6.0,0.0,1.0,5.0,74601.0,36055.0,38546.0,0.8042787630192625,0.8042787630192625,1.3867702121758425,0.2594302910807866
113.0,2020,1,0.0,0,0.0,0,3.0,1,0.0,0,4.0,3.2925,104270.0,104965.0,8.0,3,26.0,979.914,"3,72",999.300,"88,94",KENNEDY,BAVARIA,9.0,0.0,5.0,4.0,40752.0,19017.0,21735.0,2.208480565371025,2.208480565371025,2.103381185255298,2.3004370830457788
60.0,2020,1,0.0,0,0.0,0,0.0,0,0.0,0,1.0,1.11,10544.0,15584.0,0.0,0,0.0,314.431,"4,07",569.872,"82,91",USME,PARQUE ENTRENUBES,0.0,0.0,0.0,0.0,0.0,0.0,0.0,0.0,0.0,0.0,0.0
60.0,2020,1,0.0,0,0.0,0,0.0,0,0.0,0,1.0,1.11,10544.0,15584.0,0.0,0,0.0,314.431,"4,07",569.872,"82,91",USME,PARQUE ENTRENUBES,0.0,0.0,0.0,0.0,0.0,0.0,0.0,0.0,0.0,0.0,0.0
90.0,2020,1,0.0,0,1.0,1,4.0,1,0.0,0,22.0,3.05,275954.0,520674.0,22.0,10,60.0,122.507,"2,43",2.288.835,"96,61",CHAPINERO,PARDO RUBIO,11.0,0.0,3.0,8.0,49381.0,24226.0,25155.0,2.227577408314939,2.227577408314939,3.302237265747544,1.1926058437686344
67.0,2020,1,0.0,0,1.0,1,0.0,0,0.0,0,0.0,1.256470588235294,2609568.0,2765373.0,2.0,1,30.0,593.937,"4,09",505.335,"83,5",CIUDAD BOLIVAR,LUCERO,19.0,0.0,10.0,9.0,159884.0,79445.0,80439.0,1.188361562132546,1.188361562132546,1.1328592107747497,1.2431780603935902
83.0,2020,1,0.0,0,0.0,0,0.0,0,0.0,0,0.0,2.0,24432.0,29572.0,1.0,1,11.0,979.914,"3,72",999.300,"88,94",KENNEDY,LAS MARGARITAS,3.0,0.0,2.0,1.0,31532.0,15032.0,16500.0,0.9514144361283775,0.9514144361283775,0.6652474720596061,1.2121212121212122
101.0,2020,1,1.0,1,0.0,0,3.0,1,0.0,0,16.0,3.8711111111111105,267970.0,273160.0,65.0,10,59.0,139.298,"2,87",1.933.116,"96,03",TEUSAQUILLO,TEUSAQUILLO,32.0,0.0,13.0,19.0,26970.0,12636.0,14334.0,11.865035224323321,11.865035224323321,15.036403925292813,9.069345611832007
54.0,2020,1,0.0,0,0.0,0,0.0,0,0.0,0,2.0,1.83,984621.0,1061115.0,21.0,8,28.0,378.78,"3,72",591.317,"87,06",RAFAEL URIBE URIBE,MARRUECOS,6.0,0.0,4.0,2.0,118698.0,62340.0,56358.0,0.5054845068998636,0.5054845068998636,0.3208213025344883,0.7097483941942582
78.0,2020,1,0.0,0,1.0,1,0.0,0,0.0,0,2.0,1.956,79812.0,176088.0,0.0,0,25.0,979.914,"3,72",999.300,"88,94",KENNEDY,TINTAL NORTE,1.0,0.0,0.0,1.0,30113.0,14147.0,15966.0,0.33208248929033973,0.33208248929033973,0.706863646002686,0.0
100.0,2020,1,1.0,1,2.0,1,2.0,1,1.0,1,8.0,3.59625,300195.0,309096.0,38.0,9,56.0,139.298,"2,87",1.933.116,"96,03",TEUSAQUILLO,GALERIAS,28.0,0.0,6.0,22.0,35859.0,16599.0,19260.0,7.808360523160155,7.808360523160155,13.253810470510272,3.1152647975077885
34.0,2020,1,0.0,0,2.0,1,2.0,1,1.0,1,2.0,2.346363636363636,864012.0,1108236.0,26.0,12,30.0,404.35,"3,73",706.208,"83,68",SAN CRISTOBAL,20 DE JULIO,14.0,0.0,8.0,6.0,80223.0,38862.0,41361.0,1.7451354349750072,1.7451354349750072,1.543924656476764,1.9341892120596698
106.0,2020,1,0.0,0,0.0,0,2.0,1,1.0,1,1.0,4.164,167560.0,168920.0,17.0,5,30.0,139.298,"2,87",1.933.116,"96,03",TEUSAQUILLO,LA ESMERALDA,10.0,0.0,5.0,5.0,38073.0,16960.0,21113.0,2.6265332387781366,2.6265332387781366,2.94811320754717,2.368209160233032
91.0,2020,1,2.0,1,0.0,0,0.0,0,1.0,1,13.0,3.3285714285714287,96894.0,41153.0,42.0,7,37.0,96.241,"3,18",896.890,"88,28",SANTA FE,SAGRADO CORAZON,22.0,0.0,10.0,12.0,10950.0,5474.0,5476.0,20.09132420091324,20.09132420091324,21.921812203142128,18.261504747991236
95.0,2020,1,0.0,0,0.0,0,0.0,0,0.0,0,11.0,2.0,260205.0,69723.0,19.0,3,15.0,96.241,"3,18",896.890,"88,28",SANTA FE,LAS CRUCES,11.0,0.0,4.0,7.0,21017.0,10622.0,10395.0,5.23385830518152,5.23385830518152,6.590096027113538,3.848003848003848
40.0,2020,1,0.0,0,0.0,0,3.0,1,0.0,0,2.0,3.0,1219392.0,1267944.0,21.0,8,62.0,250.715,"3,55",1.116.511,"90,43",PUENTE ARANDA,CIUDAD MONTES,24.0,0.0,10.0,14.0,101113.0,47645.0,53468.0,2.373582031984018,2.373582031984018,2.938398572777836,1.8702775491882997
117.0,2020,1,0.0,0,0.0,0,0.0,0,0.0,0,5.0,3.0,824.0,1670.0,1.0,1,17.0,317.179,"3,46",1.428.379,"90,03",FONTIBON,AEROPUERTO EL DORADO,8.0,0.0,4.0,4.0,823.0,550.0,273.0,97.20534629404617,97.20534629404617,72.72727272727273,146.5201465201465
64.0,2020,1,0.0,0,0.0,0,0.0,0,0.0,0,0.0,1.0,5590.0,25895.0,0.0,0,7.0,593.937,"4,09",505.335,"83,5",CIUDAD BOLIVAR,MONTE BLANCO,0.0,0.0,0.0,0.0,0.0,0.0,0.0,0.0,0.0,0.0,0.0
48.0,2020,1,0.0,0,1.0,1,0.0,0,0.0,0,3.0,2.7455555555555557,1310472.0,1325682.0,5.0,3,18.0,979.914,"3,72",999.300,"88,94",KENNEDY,TIMIZA,10.0,0.0,6.0,4.0,142922.0,68552.0,74370.0,0.6996823442157262,0.6996823442157262,0.5834986579530866,0.8067769261799114
98.0,2020,1,0.0,0,3.0,1,6.0,1,1.0,1,21.0,3.0542105263157895,1522242.0,1559634.0,99.0,19,81.0,230.066,"3,36",1.462.840,"92,44",BARRIOS UNIDOS,LOS ALCAZARES,39.0,0.0,12.0,27.0,40934.0,19897.0,21037.0,9.52753212488396,9.52753212488396,13.569884907272453,5.704235394780625
28.0,2020,1,1.0,1,7.0,1,13.0,1,7.0,1,7.0,2.287857142857143,3797108.0,4228084.0,17.0,6,49.0,981.613,"3,41",1.388.086,"91,6",SUBA,EL RINCON,32.0,0.0,17.0,15.0,273387.0,131109.0,142278.0,1.1705018892632055,1.1705018892632055,1.1440862183374139,1.194843897159083
17.0,2020,1,0.0,0,0.0,0,3.0,1,0.0,0,2.0,4.285,226840.0,238870.0,6.0,2,32.0,981.613,"3,41",1.388.086,"91,6",SUBA,SAN JOSE DE BAVARIA,11.0,0.0,5.0,6.0,48738.0,22678.0,26060.0,2.2569658172268046,2.2569658172268046,2.645735955551636,1.918649270913277
24.0,2020,1,2.0,1,2.0,1,11.0,1,1.0,1,8.0,4.819999999999999,859833.0,845949.0,36.0,12,69.0,981.613,"3,41",1.388.086,"91,6",SUBA,NIZA,15.0,0.0,6.0,9.0,79808.0,36623.0,43185.0,1.8795108259823576,1.8795108259823576,2.4574720803866423,1.3893713094824593
44.0,2020,1,1.0,1,2.0,1,1.0,1,0.0,0,3.0,3.22875,673424.0,676672.0,20.0,7,33.0,979.914,"3,72",999.300,"88,94",KENNEDY,AMERICAS,23.0,0.0,7.0,16.0,80223.0,37941.0,42282.0,2.8670082146017974,2.8670082146017974,4.2170738778629975,1.6555508254103402
62.0,2020,1,0.0,0,1.0,1,2.0,1,0.0,0,1.0,2.024,338366.0,403893.0,26.0,7,26.0,182.532,"3,63",829.895,"87,19",TUNJUELITO,TUNJUELITO,8.0,0.0,3.0,5.0,40735.0,20271.0,20464.0,1.9639130968454646,1.9639130968454646,2.4665778698633516,1.4659890539483973
69.0,2020,1,1.0,1,1.0,1,2.0,1,1.0,1,1.0,1.3691666666666666,1779216.0,1964304.0,13.0,6,22.0,593.937,"4,09",505.335,"83,5",CIUDAD BOLIVAR,ISMAEL PERDOMO,8.0,0.0,1.0,7.0,162581.0,79637.0,82944.0,0.4920624181177382,0.4920624181177382,0.8789884099099664,0.12056327160493827
93.0,2020,1,5.0,1,5.0,1,3.0,1,0.0,0,8.0,2.932857142857143,332178.0,96411.0,80.0,7,52.0,96.241,"3,18",896.890,"88,28",SANTA FE,LAS NIEVES,45.0,0.0,16.0,29.0,17187.0,8904.0,8283.0,26.182579856868564,26.182579856868564,32.5696316262354,19.316672703126887
18.0,2020,1,0.0,0,1.0,1,4.0,1,4.0,1,6.0,3.272,300834.0,346380.0,10.0,3,25.0,981.613,"3,41",1.388.086,"91,6",SUBA,BRITALIA,6.0,0.0,2.0,4.0,89574.0,41579.0,47995.0,0.6698372295532186,0.6698372295532186,0.9620240987036726,0.4167100739660381
15.0,2020,2,0.0,0,0.0,0,0.0,0,3.0,1,10.0,5.395,175550.0,49356.0,6.0,2,21.0,430.156,"3,12",1.867.529,"93,6",USAQUEN,COUNTRY CLUB,3.0,0.0,1.0,2.0,24915.0,11215.0,13700.0,1.2040939193257074,1.2040939193257074,1.7833259028087383,0.7299270072992702
86.0,2020,2,0.0,0,0.0,0,0.0,0,1.0,1,0.0,1.568,321440.0,368145.0,0.0,0,33.0,546.809,"3,98",703.807,"85,4",BOSA,EL PORVENIR,4.0,0.0,2.0,2.0,141294.0,67547.0,73747.0,0.28309765453593216,0.28309765453593216,0.2960901298355219,0.2711974724395569
71.0,2020,2,0.0,0,0.0,0,3.0,1,0.0,0,4.0,2.105,2325960.0,2670912.0,0.0,0,22.0,981.613,"3,41",1.388.086,"91,6",SUBA,TIBABUYES,17.0,0.0,5.0,12.0,291916.0,141299.0,150617.0,0.5823593088422697,0.5823593088422697,0.8492629105655384,0.331967838955762
29.0,2020,2,2.0,1,2.0,1,1.0,1,0.0,0,5.0,2.713333333333334,1291554.0,1329381.0,30.0,9,32.0,824.337,"3,41",1.089.512,"91,78",ENGATIVA,MINUTO DE DIOS,15.0,0.0,5.0,10.0,109786.0,51654.0,58132.0,1.3662944273404625,1.3662944273404625,1.9359584930499092,0.8601114704465698
80.0,2020,2,0.0,0,1.0,1,1.0,1,0.0,0,1.0,2.0025,247816.0,277108.0,11.0,4,19.0,979.914,"3,72",999.300,"88,94",KENNEDY,CORABASTOS,12.0,0.0,3.0,9.0,57237.0,28595.0,28642.0,2.0965459405629225,2.0965459405629225,3.1474033922014337,1.0474128901613016
99.0,2020,2,6.0,1,3.0,1,1.0,1,0.0,0,16.0,3.692,79566.0,121692.0,22.0,6,62.0,122.507,"2,43",2.288.835,"96,61",CHAPINERO,CHAPINERO,9.0,0.0,4.0,5.0,24656.0,12293.0,12363.0,3.6502271252433482,3.6502271252433482,4.067355405515334,3.23546064870986
3.0,2020,2,0.0,0,0.0,0,0.0,0,0.0,0,0.0,6.0,0.0,1169.0,0.0,0,26.0,981.613,"3,41",1.388.086,"91,6",SUBA,GUAYMARAL,0.0,0.0,0.0,0.0,0.0,0.0,0.0,0.0,0.0,0.0,0.0
97.0,2020,2,12.0,1,3.0,1,7.0,1,1.0,1,12.0,5.211875,94384.0,420656.0,63.0,15,98.0,122.507,"2,43",2.288.835,"96,61",CHAPINERO,CHICO LAGO,16.0,0.0,6.0,10.0,35901.0,16841.0,19060.0,4.456700370463219,4.456700370463219,5.937889674009856,3.147953830010493
94.0,2020,2,4.0,1,0.0,0,0.0,0,2.0,1,6.0,2.40875,203598.0,216855.0,43.0,8,36.0,22.115,"2,83",1.050.888,"88,9",CANDELARIA,LA CANDELARIA,3.0,0.0,1.0,2.0,17508.0,9175.0,8333.0,1.7135023989033586,1.7135023989033586,2.17983651226158,1.2000480019200768
76.0,2020,2,0.0,0,0.0,0,1.0,1,0.0,0,1.0,2.186666666666667,120020.0,128536.0,0.0,0,21.0,317.179,"3,46",1.428.379,"90,03",FONTIBON,FONTIBON SAN PABLO,4.0,0.0,0.0,4.0,33737.0,16552.0,17185.0,1.185641876871091,1.185641876871091,2.416626389560174,0.0
114.0,2020,2,0.0,0,0.0,0,2.0,1,2.0,1,8.0,3.8,191930.0,197050.0,9.0,4,24.0,317.179,"3,46",1.428.379,"90,03",FONTIBON,MODELIA,5.0,0.0,3.0,2.0,43349.0,20021.0,23328.0,1.1534291448476321,1.1534291448476321,0.9989511013435892,1.286008230452675
89.0,2020,2,0.0,0,0.0,0,0.0,0,0.0,0,0.0,2.0666666666666664,28245.0,48603.0,0.0,0,3.0,122.507,"2,43",2.288.835,"96,61",CHAPINERO,SAN ISIDRO - PATIOS,0.0,0.0,0.0,0.0,0.0,0.0,0.0,0.0,0.0,0.0,0.0
38.0,2020,2,0.0,0,5.0,1,4.0,1,0.0,0,3.0,3.008,1246305.0,1155330.0,52.0,15,75.0,119.565,"3,92",1.095.184,"90,79",ANTONIO NARIÑO,RESTREPO,6.0,0.0,3.0,3.0,55425.0,26409.0,29016.0,1.0825439783491204,1.0825439783491204,1.1359763716914688,1.0339123242349049
52.0,2020,2,0.0,0,0.0,0,0.0,0,0.0,0,0.0,1.0,614920.0,740280.0,0.0,0,176.0,314.431,"4,07",569.872,"82,91",USME,LA FLORA,0.0,0.0,0.0,0.0,0.0,0.0,0.0,0.0,0.0,0.0,0.0
96.0,2020,2,0.0,0,0.0,0,0.0,0,0.0,0,4.0,1.7264285714285716,628474.0,648214.0,4.0,2,16.0,96.241,"3,18",896.890,"88,28",SANTA FE,LOURDES,2.0,0.0,1.0,1.0,45384.0,22140.0,23244.0,0.44068394147717255,0.44068394147717255,0.4516711833785005,0.4302185510239202
84.0,2020,2,0.0,0,0.0,0,3.0,1,2.0,1,1.0,1.98,990222.0,1073760.0,1.0,1,30.0,546.809,"3,98",703.807,"85,4",BOSA,BOSA OCCIDENTAL,9.0,0.0,3.0,6.0,199301.0,97341.0,101960.0,0.45157826603980916,0.45157826603980916,0.6163898049126268,0.2942330325617889
111.0,2020,2,2.0,1,0.0,0,1.0,1,0.0,0,6.0,2.9375,64585.0,73290.0,16.0,5,63.0,250.715,"3,55",1.116.511,"90,43",PUENTE ARANDA,PUENTE ARANDA,3.0,0.0,2.0,1.0,11775.0,9297.0,2478.0,2.5477707006369426,2.5477707006369426,1.0756157900397978,8.071025020177562
112.0,2020,2,1.0,1,1.0,1,1.0,1,1.0,1,9.0,3.1133333333333333,126427.0,160027.0,0.0,0,71.0,317.179,"3,46",1.428.379,"90,03",FONTIBON,GRANJAS DE TECHO,19.0,0.0,5.0,14.0,48912.0,22660.0,26252.0,3.884527314360484,3.884527314360484,6.17828773168579,1.9046167911016305
75.0,2020,2,0.0,0,2.0,1,7.0,1,5.0,1,5.0,2.913,1316550.0,1374890.0,0.0,0,58.0,317.179,"3,46",1.428.379,"90,03",FONTIBON,FONTIBON,9.0,0.0,3.0,6.0,132681.0,63232.0,69449.0,0.6783186741130983,0.6783186741130983,0.9488866396761134,0.4319716626589296
12.0,2020,2,1.0,1,2.0,1,5.0,1,0.0,0,6.0,3.378,256245.0,260090.0,9.0,3,42.0,430.156,"3,12",1.867.529,"93,6",USAQUEN,TOBERIN,6.0,0.0,5.0,1.0,60535.0,27886.0,32649.0,0.9911621376063434,0.9911621376063434,0.3586028831671807,1.531440472908818
16.0,2020,2,2.0,1,2.0,1,9.0,1,1.0,1,18.0,5.738888888888889,464238.0,463266.0,18.0,6,60.0,430.156,"3,12",1.867.529,"93,6",USAQUEN,SANTA BARBARA,11.0,0.0,1.0,10.0,70850.0,31933.0,38917.0,1.5525758645024699,1.5525758645024699,3.131556696833996,0.25695711385769715
82.0,2020,2,0.0,0,0.0,0,2.0,1,3.0,1,0.0,1.9566666666666668,963012.0,1044870.0,9.0,4,29.0,979.914,"3,72",999.300,"88,94",KENNEDY,PATIO BONITO,11.0,0.0,3.0,8.0,140225.0,69690.0,70535.0,0.7844535567837404,0.7844535567837404,1.1479408810446263,0.4253207627419012
35.0,2020,2,1.0,1,0.0,0,1.0,1,1.0,1,2.0,2.666,168705.0,154565.0,35.0,5,22.0,119.565,"3,92",1.095.184,"90,79",ANTONIO NARIÑO,CIUDAD JARDIN,3.0,0.0,1.0,2.0,25931.0,12296.0,13635.0,1.1569164320697234,1.1569164320697234,1.6265452179570594,0.7334066740007334
68.0,2020,2,0.0,0,0.0,0,0.0,0,1.0,1,0.0,1.055,351536.0,380992.0,0.0,0,13.0,593.937,"4,09",505.335,"83,5",CIUDAD BOLIVAR,EL TESORO,2.0,0.0,1.0,1.0,52519.0,26166.0,26353.0,0.38081456234886424,0.38081456234886424,0.3821753420469311,0.3794634386976815
27.0,2020,2,1.0,1,5.0,1,7.0,1,5.0,1,3.0,2.840909090909091,1497236.0,1751217.0,16.0,6,48.0,981.613,"3,41",1.388.086,"91,6",SUBA,SUBA,14.0,0.0,5.0,9.0,176700.0,82963.0,93737.0,0.7923033389926429,0.7923033389926429,1.084820944276364,0.5334072991454815
22.0,2020,2,1.0,1,0.0,0,5.0,1,0.0,0,3.0,3.292222222222222,847206.0,887247.0,37.0,8,38.0,230.066,"3,36",1.462.840,"92,44",BARRIOS UNIDOS,DOCE DE OCTUBRE,17.0,0.0,9.0,8.0,69087.0,33197.0,35890.0,2.4606655376554203,2.4606655376554203,2.409856312317378,2.5076623014767345
105.0,2020,2,0.0,0,0.0,0,0.0,0,0.0,0,3.0,2.67,1601.0,2464.0,4.0,1,11.0,824.337,"3,41",1.089.512,"91,78",ENGATIVA,JARDIN BOTANICO,1.0,0.0,0.0,1.0,2874.0,1678.0,1196.0,3.479471120389701,3.479471120389701,5.959475566150179,0.0
104.0,2020,2,0.0,0,0.0,0,0.0,0,0.0,0,6.0,4.0,19494.0,20424.0,21.0,5,34.0,139.298,"2,87",1.933.116,"96,03",TEUSAQUILLO,PARQUE SIMON BOLIVAR - CAN,9.0,0.0,4.0,5.0,3109.0,1610.0,1499.0,28.94821486008363,28.94821486008363,31.05590062111801,26.6844563042028
74.0,2020,2,0.0,0,0.0,0,2.0,1,0.0,0,2.0,2.0016666666666665,712512.0,784968.0,0.0,0,15.0,824.337,"3,41",1.089.512,"91,78",ENGATIVA,ENGATIVA,9.0,0.0,2.0,7.0,141832.0,68646.0,73186.0,0.6345535563201534,0.6345535563201534,1.0197243830667482,0.2732763096767141
47.0,2020,2,1.0,1,0.0,0,2.0,1,0.0,0,1.0,3.0,865592.0,770256.0,9.0,4,28.0,979.914,"3,72",999.300,"88,94",KENNEDY,KENNEDY CENTRAL,6.0,0.0,3.0,3.0,94641.0,44822.0,49819.0,0.633974704409294,0.633974704409294,0.6693141760742494,0.6021798912061663
70.0,2020,2,0.0,0,0.0,0,0.0,0,0.0,0,1.0,1.1733333333333331,789975.0,888237.0,0.0,0,23.0,593.937,"4,09",505.335,"83,5",CIUDAD BOLIVAR,JERUSALEM,5.0,0.0,3.0,2.0,99821.0,48986.0,50835.0,0.5008966049228119,0.5008966049228119,0.40827991671089703,0.5901445854234287
66.0,2020,2,0.0,0,0.0,0,0.0,0,0.0,0,0.0,1.8425,597168.0,609704.0,4.0,3,26.0,593.937,"4,09",505.335,"83,5",CIUDAD BOLIVAR,SAN FRANCISCO,6.0,0.0,1.0,5.0,70180.0,34379.0,35801.0,0.8549444286121403,0.8549444286121403,1.4543762180400825,0.27932180665344547
65.0,2020,2,0.0,0,0.0,0,1.0,1,0.0,0,1.0,2.463333333333334,349194.0,364512.0,9.0,3,21.0,593.937,"4,09",505.335,"83,5",CIUDAD BOLIVAR,ARBORIZADORA,9.0,0.0,4.0,5.0,82419.0,39437.0,42982.0,1.0919812179230517,1.0919812179230517,1.2678449172097268,0.9306221208878135
79.0,2020,2,0.0,0,0.0,0,0.0,0,1.0,1,0.0,2.1333333333333333,167274.0,204984.0,3.0,2,22.0,979.914,"3,72",999.300,"88,94",KENNEDY,CALANDAIMA,11.0,0.0,4.0,7.0,131909.0,62500.0,69409.0,0.8339082246093898,0.8339082246093898,1.1199999999999999,0.5762941405293261
59.0,2020,2,0.0,0,0.0,0,0.0,0,0.0,0,0.0,1.0,163808.0,216380.0,0.0,0,6.0,314.431,"4,07",569.872,"82,91",USME,ALFONSO LOPEZ,5.0,0.0,1.0,4.0,50929.0,25223.0,25706.0,0.9817589192797818,0.9817589192797818,1.585854180708084,0.3890142379211079
45.0,2020,2,0.0,0,0.0,0,2.0,1,1.0,1,2.0,2.7914285714285714,737583.0,674359.0,9.0,4,35.0,979.914,"3,72",999.300,"88,94",KENNEDY,CARVAJAL,17.0,0.0,6.0,11.0,90380.0,43669.0,46711.0,1.880947112192963,1.880947112192963,2.5189493691176805,1.2844940163987069
20.0,2020,2,2.0,1,1.0,1,8.0,1,49.0,1,21.0,4.996666666666667,231126.0,219822.0,33.0,6,26.0,981.613,"3,41",1.388.086,"91,6",SUBA,LA ALHAMBRA,6.0,0.0,1.0,5.0,40664.0,18425.0,22239.0,1.4755065905961047,1.4755065905961047,2.7137042062415198,0.4496605063177301
51.0,2020,2,0.0,0,0.0,0,0.0,0,0.0,0,0.0,1.68875,263745.0,660861.0,0.0,0,15.0,404.35,"3,73",706.208,"83,68",SAN CRISTOBAL,LOS LIBERTADORES,4.0,0.0,1.0,3.0,77140.0,37466.0,39674.0,0.5185377236193933,0.5185377236193933,0.8007259915656862,0.2520542420728941
115.0,2020,2,3.0,1,2.0,1,0.0,0,0.0,0,5.0,3.314,77135.0,83285.0,6.0,3,26.0,317.179,"3,46",1.428.379,"90,03",FONTIBON,CAPELLANIA,2.0,0.0,0.0,2.0,17775.0,8377.0,9398.0,1.1251758087201125,1.1251758087201125,2.387489554733198,0.0
43.0,2020,2,0.0,0,0.0,0,2.0,1,1.0,1,3.0,3.0,844074.0,844239.0,17.0,8,31.0,250.715,"3,55",1.116.511,"90,43",PUENTE ARANDA,SAN RAFAEL,10.0,0.0,3.0,7.0,72890.0,34580.0,38310.0,1.3719303059404582,1.3719303059404582,2.0242914979757085,0.7830853563038371
25.0,2020,2,2.0,1,2.0,1,4.0,1,0.0,0,10.0,4.04,127070.0,126620.0,24.0,5,25.0,981.613,"3,41",1.388.086,"91,6",SUBA,LA FLORESTA,7.0,0.0,4.0,3.0,43555.0,19828.0,23727.0,1.6071633566754677,1.6071633566754677,1.5130119023602984,1.68584313229654
56.0,2020,2,0.0,0,0.0,0,0.0,0,0.0,0,0.0,1.508,205135.0,253351.0,6.0,6,8.0,314.431,"4,07",569.872,"82,91",USME,DANUBIO,4.0,0.0,4.0,0.0,54467.0,26373.0,28094.0,0.7343896304184185,0.7343896304184185,0.0,1.4237915569160675
26.0,2020,2,0.0,0,3.0,1,6.0,1,4.0,1,7.0,3.0646153846153847,1441973.0,1441167.0,19.0,5,69.0,824.337,"3,41",1.089.512,"91,78",ENGATIVA,LAS FERIAS,16.0,0.0,4.0,12.0,101318.0,48221.0,53097.0,1.579186324246432,1.579186324246432,2.488542336326497,0.7533382300318284
102.0,2020,2,1.0,1,2.0,1,3.0,1,0.0,0,13.0,2.8186666666666667,764715.0,782955.0,131.0,15,94.0,94.944,"3,53",1.059.511,"89,78",LOS MARTIRES,LA SABANA,17.0,0.0,4.0,13.0,39822.0,18926.0,20896.0,4.268997036813822,4.268997036813822,6.868857656134418,1.9142419601837672
2.0,2020,2,0.0,0,0.0,0,0.0,0,0.0,0,0.0,5.058,10545.0,13800.0,3.0,2,95.0,981.613,"3,41",1.388.086,"91,6",SUBA,LA ACADEMIA,0.0,0.0,0.0,0.0,0.0,0.0,0.0,0.0,0.0,0.0,0.0
116.0,2020,2,1.0,1,1.0,1,1.0,1,1.0,1,8.0,3.155,24638.0,27282.0,3.0,1,17.0,824.337,"3,41",1.089.512,"91,78",ENGATIVA,ALAMOS,9.0,0.0,4.0,5.0,12159.0,5711.0,6448.0,7.401924500370096,7.401924500370096,8.755034144633164,6.20347394540943
81.0,2020,2,0.0,0,0.0,0,1.0,1,6.0,1,2.0,2.0025,290204.0,283616.0,1.0,1,16.0,979.914,"3,72",999.300,"88,94",KENNEDY,GRAN BRITALIA,8.0,0.0,2.0,6.0,63281.0,30922.0,32359.0,1.2642025252445441,1.2642025252445441,1.9403660824008795,0.6180660712630179
52.0,2020,2,0.0,0,0.0,0,0.0,0,0.0,0,0.0,1.0,614920.0,740280.0,0.0,0,176.0,314.431,"4,07",569.872,"82,91",USME,LA FLORA,0.0,0.0,0.0,0.0,0.0,0.0,0.0,0.0,0.0,0.0,0.0
33.0,2020,2,0.0,0,0.0,0,2.0,1,0.0,0,2.0,2.8193333333333332,1647904.0,748256.0,42.0,13,30.0,404.35,"3,73",706.208,"83,68",SAN CRISTOBAL,SOSIEGO,6.0,0.0,1.0,5.0,43834.0,21242.0,22592.0,1.3688004745174978,1.3688004745174978,2.353827323227568,0.4426345609065156
19.0,2020,2,2.0,1,6.0,1,8.0,1,2.0,1,10.0,3.51625,692512.0,712104.0,25.0,8,34.0,981.613,"3,41",1.388.086,"91,6",SUBA,EL PRADO,10.0,0.0,4.0,6.0,100375.0,46114.0,54261.0,0.9962640099626401,0.9962640099626401,1.3011233031183589,0.737177715117672
41.0,2020,2,0.0,0,0.0,0,1.0,1,0.0,0,2.0,3.0,523602.0,513468.0,24.0,8,22.0,250.715,"3,55",1.116.511,"90,43",PUENTE ARANDA,MUZU,12.0,0.0,7.0,5.0,58670.0,27784.0,30886.0,2.0453383330492585,2.0453383330492585,1.7995968902965735,2.2663990157352845
37.0,2020,2,0.0,0,1.0,1,1.0,1,0.0,0,7.0,3.0,307027.0,315602.0,40.0,7,41.0,94.944,"3,53",1.059.511,"89,78",LOS MARTIRES,SANTA ISABEL,0.0,0.0,0.0,0.0,0.0,0.0,0.0,0.0,0.0,0.0,0.0
107.0,2020,2,1.0,1,1.0,1,3.0,1,1.0,1,5.0,3.77,207448.0,216792.0,32.0,8,35.0,139.298,"2,87",1.933.116,"96,03",TEUSAQUILLO,QUINTA PAREDES,6.0,0.0,2.0,4.0,26931.0,12057.0,14874.0,2.227915784783335,2.227915784783335,3.317574852782616,1.344628210299852
73.0,2020,2,1.0,1,0.0,0,4.0,1,2.0,1,4.0,2.775714285714286,955689.0,1044302.0,4.0,2,40.0,824.337,"3,41",1.089.512,"91,78",ENGATIVA,GARCES NAVAS,20.0,0.0,7.0,13.0,167992.0,79269.0,88723.0,1.190532882518215,1.190532882518215,1.639985366284424,0.7889724197784114
31.0,2020,2,0.0,0,1.0,1,2.0,1,0.0,0,8.0,3.318333333333334,409362.0,391260.0,10.0,4,38.0,824.337,"3,41",1.089.512,"91,78",ENGATIVA,SANTA CECILIA,12.0,0.0,4.0,8.0,67651.0,31657.0,35994.0,1.7738096997827084,1.7738096997827084,2.5270872160975455,1.1112963271656386
58.0,2020,2,0.0,0,0.0,0,0.0,0,1.0,1,0.0,1.5654545454545454,857659.0,954745.0,0.0,0,29.0,314.431,"4,07",569.872,"82,91",USME,COMUNEROS,7.0,0.0,4.0,3.0,95714.0,46919.0,48795.0,0.7313454667028857,0.7313454667028857,0.6393998167053858,0.8197561225535402
13.0,2020,2,3.0,1,1.0,1,8.0,1,3.0,1,5.0,4.381666666666667,1717632.0,1842552.0,20.0,5,88.0,430.156,"3,12",1.867.529,"93,6",USAQUEN,LOS CEDROS,19.0,0.0,9.0,10.0,128724.0,57206.0,71518.0,1.4760262266554798,1.4760262266554798,1.7480683844351992,1.2584244525853632
63.0,2020,2,0.0,0,0.0,0,0.0,0,0.0,0,0.0,,1596.0,5864.0,2.0,2,6.0,593.937,"4,09",505.335,"83,5",CIUDAD BOLIVAR,EL MOCHUELO,0.0,0.0,0.0,0.0,0.0,0.0,0.0,0.0,0.0,0.0,0.0
87.0,2020,2,0.0,0,0.0,0,0.0,0,0.0,0,1.0,1.765,212992.0,339512.0,0.0,0,47.0,546.809,"3,98",703.807,"85,4",BOSA,TINTAL SUR,6.0,0.0,2.0,4.0,110561.0,51998.0,58563.0,0.5426868425575022,0.5426868425575022,0.7692603561675448,0.3415125591243618
77.0,2020,2,1.0,1,0.0,0,0.0,0,0.0,0,1.0,2.045,283878.0,356976.0,0.0,0,13.0,317.179,"3,46",1.428.379,"90,03",FONTIBON,ZONA FRANCA,4.0,0.0,2.0,2.0,61591.0,28838.0,32753.0,0.6494455358737478,0.6494455358737478,0.6935293709688605,0.6106310872286508
39.0,2020,2,1.0,1,2.0,1,5.0,1,0.0,0,2.0,3.0,1410480.0,1306815.0,45.0,15,69.0,378.78,"3,72",591.317,"87,06",RAFAEL URIBE URIBE,QUIROGA,18.0,0.0,6.0,12.0,91627.0,44208.0,47419.0,1.9644864505003983,1.9644864505003983,2.714440825190011,1.265315590796938
108.0,2020,2,0.0,0,0.0,0,1.0,1,1.0,1,5.0,2.685714285714286,33520.0,33976.0,48.0,8,66.0,250.715,"3,55",1.116.511,"90,43",PUENTE ARANDA,ZONA INDUSTRIAL,2.0,0.0,0.0,2.0,6407.0,3194.0,3213.0,3.121585765568909,3.121585765568909,6.261740763932373,0.0
61.0,2020,2,0.0,0,0.0,0,0.0,0,5.0,1,0.0,1.2366666666666666,79500.0,134960.0,0.0,0,65.0,314.431,"4,07",569.872,"82,91",USME,CIUDAD USME,0.0,0.0,0.0,0.0,0.0,0.0,0.0,0.0,0.0,0.0,0.0
1.0,2020,2,0.0,0,0.0,0,0.0,0,0.0,0,0.0,4.0,52488.0,63828.0,3.0,3,83.0,430.156,"3,12",1.867.529,"93,6",USAQUEN,PASEO DE LOS LIBERTADORES,0.0,0.0,0.0,0.0,0.0,0.0,0.0,0.0,0.0,0.0,0.0
46.0,2020,2,0.0,0,0.0,0,4.0,1,1.0,1,3.0,2.72,884656.0,1003288.0,18.0,6,40.0,979.914,"3,72",999.300,"88,94",KENNEDY,CASTILLA,14.0,0.0,3.0,11.0,143736.0,68336.0,75400.0,0.9740079033784159,0.9740079033784159,1.6096932802622335,0.3978779840848806
85.0,2020,2,1.0,1,1.0,1,3.0,1,2.0,1,1.0,1.9988888888888892,2537808.0,2654832.0,17.0,6,39.0,546.809,"3,98",703.807,"85,4",BOSA,BOSA CENTRAL,24.0,0.0,9.0,15.0,235571.0,113527.0,122044.0,1.018801125775244,1.018801125775244,1.321271591779929,0.737438956441939
60.0,2020,2,0.0,0,0.0,0,0.0,0,0.0,0,1.0,1.11,10544.0,15584.0,0.0,0,0.0,314.431,"4,07",569.872,"82,91",USME,PARQUE ENTRENUBES,0.0,0.0,0.0,0.0,0.0,0.0,0.0,0.0,0.0,0.0,0.0
60.0,2020,2,0.0,0,0.0,0,0.0,0,0.0,0,1.0,1.11,10544.0,15584.0,0.0,0,0.0,314.431,"4,07",569.872,"82,91",USME,PARQUE ENTRENUBES,0.0,0.0,0.0,0.0,0.0,0.0,0.0,0.0,0.0,0.0,0.0
30.0,2020,2,1.0,1,4.0,1,7.0,1,2.0,1,6.0,3.001818181818182,1427481.0,1341120.0,25.0,7,42.0,824.337,"3,41",1.089.512,"91,78",ENGATIVA,BOYACA REAL,15.0,0.0,7.0,8.0,128700.0,61151.0,67549.0,1.1655011655011656,1.1655011655011656,1.3082369871302186,1.036284771055086
72.0,2020,2,0.0,0,0.0,0,1.0,1,0.0,0,5.0,3.0,331356.0,345116.0,4.0,2,21.0,824.337,"3,41",1.089.512,"91,78",ENGATIVA,BOLIVIA,7.0,0.0,2.0,5.0,83848.0,38193.0,45655.0,0.8348440034347868,0.8348440034347868,1.3091404184012778,0.4380681195925966
57.0,2020,2,0.0,0,2.0,1,0.0,0,0.0,0,0.0,1.7740000000000002,1391324.0,1519562.0,3.0,3,23.0,314.431,"4,07",569.872,"82,91",USME,GRAN YOMASA,10.0,0.0,8.0,2.0,127216.0,62013.0,65203.0,0.7860646459564834,0.7860646459564834,0.32251302146324157,1.2269374108553286
23.0,2020,2,0.0,0,0.0,0,5.0,1,22.0,1,6.0,3.5728571428571425,209118.0,255647.0,7.0,5,41.0,981.613,"3,41",1.388.086,"91,6",SUBA,CASA BLANCA SUBA,3.0,0.0,1.0,2.0,57665.0,26781.0,30884.0,0.5202462498916154,0.5202462498916154,0.746798103132818,0.32379225488926305
88.0,2020,2,0.0,0,0.0,0,0.0,0,0.0,0,19.0,5.9375,358776.0,369156.0,3.0,2,60.0,122.507,"2,43",2.288.835,"96,61",CHAPINERO,EL REFUGIO,2.0,0.0,0.0,2.0,38690.0,17433.0,21257.0,0.5169294391315585,0.5169294391315585,1.1472494693971202,0.0
9.0,2020,2,0.0,0,2.0,1,4.0,1,1.0,1,0.0,2.7445454545454546,927663.0,1059410.0,9.0,4,60.0,430.156,"3,12",1.867.529,"93,6",USAQUEN,VERBENAL,3.0,0.0,1.0,2.0,125093.0,59368.0,65725.0,0.2398215727498741,0.2398215727498741,0.3368818218568926,0.1521491061240015
109.0,2020,2,0.0,0,0.0,0,0.0,0,0.0,0,7.0,4.123333333333334,44058.0,53832.0,12.0,3,32.0,139.298,"2,87",1.933.116,"96,03",TEUSAQUILLO,CIUDAD SALITRE ORIENTAL,4.0,0.0,2.0,2.0,23397.0,10426.0,12971.0,1.709620891567295,1.709620891567295,1.918281220026856,1.541901164135379
49.0,2020,2,0.0,0,1.0,1,0.0,0,0.0,0,2.0,2.3333333333333335,124191.0,114375.0,10.0,3,11.0,546.809,"3,98",703.807,"85,4",BOSA,APOGEO,0.0,0.0,0.0,0.0,0.0,0.0,0.0,0.0,0.0,0.0,0.0
14.0,2020,2,1.0,1,0.0,0,1.0,1,0.0,0,17.0,4.66,375100.0,457974.0,0.0,0,45.0,430.156,"3,12",1.867.529,"93,6",USAQUEN,USAQUEN,8.0,0.0,4.0,4.0,41354.0,19655.0,21699.0,1.9345166126614113,1.9345166126614113,2.035105571101501,1.843402921793631
32.0,2020,2,0.0,0,0.0,0,0.0,0,0.0,0,0.0,1.7457142857142858,1408200.0,1428675.0,0.0,0,47.0,404.35,"3,73",706.208,"83,68",SAN CRISTOBAL,SAN BLAS,4.0,0.0,1.0,3.0,102691.0,49503.0,53188.0,0.389518068769415,0.389518068769415,0.6060238773407672,0.18801233360908476
92.0,2020,2,0.0,0,0.0,0,0.0,0,0.0,0,11.0,2.5425,132324.0,86100.0,26.0,6,25.0,96.241,"3,18",896.890,"88,28",SANTA FE,LA MACARENA,2.0,0.0,1.0,1.0,12322.0,6030.0,6292.0,1.6231131309852296,1.6231131309852296,1.658374792703151,1.589319771137953
11.0,2020,2,1.0,1,1.0,1,4.0,1,4.0,1,4.0,2.3000000000000003,373404.0,436080.0,0.0,0,21.0,430.156,"3,12",1.867.529,"93,6",USAQUEN,SAN CRISTOBAL NORTE,2.0,0.0,2.0,0.0,69775.0,33172.0,36603.0,0.2866356144750985,0.2866356144750985,0.0,0.5464033002759336
36.0,2020,2,1.0,1,0.0,0,0.0,0,0.0,0,2.0,2.97,350595.0,343350.0,26.0,7,19.0,378.78,"3,72",591.317,"87,06",RAFAEL URIBE URIBE,SAN JOSE,4.0,0.0,1.0,3.0,48165.0,22814.0,25351.0,0.8304785632720856,0.8304785632720856,1.3149820285789426,0.3944617569326654
53.0,2020,2,0.0,0,1.0,1,1.0,1,0.0,0,2.0,2.442857142857143,479920.0,461139.0,21.0,6,14.0,378.78,"3,72",591.317,"87,06",RAFAEL URIBE URIBE,MARCO FIDEL SUAREZ,4.0,0.0,1.0,3.0,46703.0,22454.0,24249.0,0.8564760293771277,0.8564760293771277,1.3360648436804132,0.4123881397171017
50.0,2020,2,0.0,0,1.0,1,0.0,0,0.0,0,1.0,1.9327272727272728,215222.0,1432186.0,1.0,1,21.0,404.35,"3,73",706.208,"83,68",SAN CRISTOBAL,LA GLORIA,9.0,0.0,2.0,7.0,95816.0,46487.0,49329.0,0.9393003256241129,0.9393003256241129,1.505797319680771,0.40544101846783837
110.0,2020,2,3.0,1,1.0,1,0.0,0,0.0,0,7.0,4.074999999999999,71780.0,82212.0,7.0,2,29.0,317.179,"3,46",1.428.379,"90,03",FONTIBON,CIUDAD SALITRE OCCIDENTAL,6.0,0.0,0.0,6.0,44709.0,21075.0,23634.0,1.342011675501577,1.342011675501577,2.8469750889679712,0.0
10.0,2020,2,0.0,0,1.0,1,1.0,1,18.0,1,2.0,2.87125,122265.0,153495.0,5.0,2,29.0,430.156,"3,12",1.867.529,"93,6",USAQUEN,LA URIBE,2.0,0.0,0.0,2.0,34511.0,15833.0,18678.0,0.5795253687230159,0.5795253687230159,1.263184488094486,0.0
42.0,2020,2,0.0,0,2.0,1,1.0,1,6.0,1,1.0,2.4250000000000003,2179040.0,2310720.0,35.0,13,66.0,182.532,"3,63",829.895,"87,19",TUNJUELITO,VENECIA,22.0,0.0,10.0,12.0,137756.0,67031.0,70725.0,1.5970266267893956,1.5970266267893956,1.7902164670078025,1.4139271827500883
103.0,2020,2,0.0,0,0.0,0,0.0,0,0.0,0,2.0,3.0,10953.0,12423.0,5.0,2,15.0,230.066,"3,36",1.462.840,"92,44",BARRIOS UNIDOS,PARQUE SALITRE,1.0,0.0,1.0,0.0,1325.0,693.0,632.0,7.547169811320754,7.547169811320754,0.0,15.822784810126581
21.0,2020,2,1.0,1,0.0,0,6.0,1,0.0,0,19.0,3.762,225860.0,233125.0,52.0,5,22.0,230.066,"3,36",1.462.840,"92,44",BARRIOS UNIDOS,LOS ANDES,5.0,0.0,3.0,2.0,28891.0,12886.0,16005.0,1.7306427607213317,1.7306427607213317,1.552072016141549,1.8744142455482662
55.0,2020,2,0.0,0,0.0,0,0.0,0,0.0,0,0.0,1.5539999999999998,379860.0,395955.0,0.0,0,7.0,378.78,"3,72",591.317,"87,06",RAFAEL URIBE URIBE,DIANA TURBAY,9.0,0.0,3.0,6.0,74601.0,36055.0,38546.0,1.2064181445288937,1.2064181445288937,1.6641242546110109,0.7782908732423598
113.0,2020,2,0.0,0,0.0,0,3.0,1,0.0,0,4.0,3.2925,104270.0,104965.0,8.0,3,26.0,979.914,"3,72",999.300,"88,94",KENNEDY,BAVARIA,7.0,0.0,6.0,1.0,40752.0,19017.0,21735.0,1.717707106399686,1.717707106399686,0.5258452963138245,2.7605244996549345
60.0,2020,2,0.0,0,0.0,0,0.0,0,0.0,0,1.0,1.11,10544.0,15584.0,0.0,0,0.0,314.431,"4,07",569.872,"82,91",USME,PARQUE ENTRENUBES,0.0,0.0,0.0,0.0,0.0,0.0,0.0,0.0,0.0,0.0,0.0
60.0,2020,2,0.0,0,0.0,0,0.0,0,0.0,0,1.0,1.11,10544.0,15584.0,0.0,0,0.0,314.431,"4,07",569.872,"82,91",USME,PARQUE ENTRENUBES,0.0,0.0,0.0,0.0,0.0,0.0,0.0,0.0,0.0,0.0,0.0
90.0,2020,2,0.0,0,1.0,1,4.0,1,0.0,0,22.0,3.05,275954.0,520674.0,22.0,10,60.0,122.507,"2,43",2.288.835,"96,61",CHAPINERO,PARDO RUBIO,5.0,0.0,3.0,2.0,49381.0,24226.0,25155.0,1.0125351855976996,1.0125351855976996,0.825559316436886,1.1926058437686344
67.0,2020,2,0.0,0,1.0,1,0.0,0,0.0,0,0.0,1.256470588235294,2609568.0,2765373.0,2.0,1,30.0,593.937,"4,09",505.335,"83,5",CIUDAD BOLIVAR,LUCERO,11.0,0.0,6.0,5.0,159884.0,79445.0,80439.0,0.6879987991293688,0.6879987991293688,0.6293662282081943,0.7459068362361542
83.0,2020,2,0.0,0,0.0,0,0.0,0,0.0,0,0.0,2.0,24432.0,29572.0,1.0,1,11.0,979.914,"3,72",999.300,"88,94",KENNEDY,LAS MARGARITAS,3.0,0.0,0.0,3.0,31532.0,15032.0,16500.0,0.9514144361283775,0.9514144361283775,1.9957424161788184,0.0
101.0,2020,2,1.0,1,0.0,0,3.0,1,0.0,0,16.0,3.8711111111111105,267970.0,273160.0,65.0,10,59.0,139.298,"2,87",1.933.116,"96,03",TEUSAQUILLO,TEUSAQUILLO,11.0,0.0,2.0,9.0,26970.0,12636.0,14334.0,4.078605858361143,4.078605858361143,7.122507122507123,1.3952839402818473
54.0,2020,2,0.0,0,0.0,0,0.0,0,0.0,0,2.0,1.83,984621.0,1061115.0,21.0,8,28.0,378.78,"3,72",591.317,"87,06",RAFAEL URIBE URIBE,MARRUECOS,15.0,0.0,8.0,7.0,118698.0,62340.0,56358.0,1.2637112672496587,1.2637112672496587,1.122874558870709,1.4194967883885163
78.0,2020,2,0.0,0,1.0,1,0.0,0,0.0,0,2.0,1.956,79812.0,176088.0,0.0,0,25.0,979.914,"3,72",999.300,"88,94",KENNEDY,TINTAL NORTE,2.0,0.0,0.0,2.0,30113.0,14147.0,15966.0,0.6641649785806795,0.6641649785806795,1.413727292005372,0.0
100.0,2020,2,1.0,1,2.0,1,2.0,1,1.0,1,8.0,3.59625,300195.0,309096.0,38.0,9,56.0,139.298,"2,87",1.933.116,"96,03",TEUSAQUILLO,GALERIAS,12.0,0.0,2.0,10.0,35859.0,16599.0,19260.0,3.346440224211495,3.346440224211495,6.024459304777396,1.0384215991692627
34.0,2020,2,0.0,0,2.0,1,2.0,1,1.0,1,2.0,2.346363636363636,864012.0,1108236.0,26.0,12,30.0,404.35,"3,73",706.208,"83,68",SAN CRISTOBAL,20 DE JULIO,7.0,0.0,2.0,5.0,80223.0,38862.0,41361.0,0.8725677174875036,0.8725677174875036,1.2866038803973032,0.48354730301491744
106.0,2020,2,0.0,0,0.0,0,3.0,1,1.0,1,1.0,4.164,167560.0,168920.0,17.0,5,30.0,139.298,"2,87",1.933.116,"96,03",TEUSAQUILLO,LA ESMERALDA,2.0,0.0,1.0,1.0,38073.0,16960.0,21113.0,0.5253066477556274,0.5253066477556274,0.589622641509434,0.4736418320466063
91.0,2020,2,2.0,1,1.0,1,0.0,0,1.0,1,13.0,3.3285714285714287,96894.0,41153.0,42.0,7,37.0,96.241,"3,18",896.890,"88,28",SANTA FE,SAGRADO CORAZON,4.0,0.0,2.0,2.0,10950.0,5474.0,5476.0,3.6529680365296806,3.6529680365296806,3.6536353671903545,3.652300949598247
95.0,2020,2,0.0,0,0.0,0,0.0,0,0.0,0,11.0,2.0,260205.0,69723.0,19.0,3,15.0,96.241,"3,18",896.890,"88,28",SANTA FE,LAS CRUCES,9.0,0.0,0.0,9.0,21017.0,10622.0,10395.0,4.282247704239425,4.282247704239425,8.472980606288834,0.0
40.0,2020,2,0.0,0,0.0,0,3.0,1,0.0,0,2.0,3.0,1219392.0,1267944.0,21.0,8,62.0,250.715,"3,55",1.116.511,"90,43",PUENTE ARANDA,CIUDAD MONTES,9.0,0.0,3.0,6.0,101113.0,47645.0,53468.0,0.8900932619940067,0.8900932619940067,1.259313674047644,0.5610832647564898
117.0,2020,2,0.0,0,0.0,0,0.0,0,0.0,0,5.0,3.0,824.0,1670.0,1.0,1,17.0,317.179,"3,46",1.428.379,"90,03",FONTIBON,AEROPUERTO EL DORADO,0.0,0.0,0.0,0.0,0.0,0.0,0.0,0.0,0.0,0.0,0.0
64.0,2020,2,0.0,0,0.0,0,0.0,0,0.0,0,0.0,1.0,5590.0,25895.0,0.0,0,7.0,593.937,"4,09",505.335,"83,5",CIUDAD BOLIVAR,MONTE BLANCO,0.0,0.0,0.0,0.0,0.0,0.0,0.0,0.0,0.0,0.0,0.0
48.0,2020,2,0.0,0,1.0,1,0.0,0,0.0,0,3.0,2.7455555555555557,1310472.0,1325682.0,5.0,3,18.0,979.914,"3,72",999.300,"88,94",KENNEDY,TIMIZA,10.0,0.0,5.0,5.0,142922.0,68552.0,74370.0,0.6996823442157262,0.6996823442157262,0.7293733224413583,0.672314105149926
98.0,2020,2,0.0,0,3.0,1,6.0,1,1.0,1,21.0,3.0542105263157895,1522242.0,1559634.0,99.0,19,81.0,230.066,"3,36",1.462.840,"92,44",BARRIOS UNIDOS,LOS ALCAZARES,15.0,0.0,4.0,11.0,40934.0,19897.0,21037.0,3.664435432647677,3.664435432647677,5.528471628888777,1.9014117982602081
28.0,2020,2,1.0,1,8.0,1,13.0,1,7.0,1,7.0,2.287857142857143,3797108.0,4228084.0,17.0,6,49.0,981.613,"3,41",1.388.086,"91,6",SUBA,EL RINCON,29.0,0.0,15.0,14.0,273387.0,131109.0,142278.0,1.06076733714478,1.06076733714478,1.0678138037815863,1.0542740269050732
17.0,2020,2,0.0,0,0.0,0,3.0,1,0.0,0,2.0,4.285,226840.0,238870.0,6.0,2,32.0,981.613,"3,41",1.388.086,"91,6",SUBA,SAN JOSE DE BAVARIA,1.0,0.0,1.0,0.0,48738.0,22678.0,26060.0,0.20517871065698223,0.20517871065698223,0.0,0.38372985418265537
24.0,2020,2,2.0,1,2.0,1,13.0,1,1.0,1,8.0,4.819999999999999,859833.0,845949.0,36.0,12,69.0,981.613,"3,41",1.388.086,"91,6",SUBA,NIZA,8.0,0.0,2.0,6.0,79808.0,36623.0,43185.0,1.0024057738572574,1.0024057738572574,1.6383147202577615,0.4631237698274864
44.0,2020,2,1.0,1,2.0,1,1.0,1,0.0,0,3.0,3.22875,673424.0,676672.0,20.0,7,33.0,979.914,"3,72",999.300,"88,94",KENNEDY,AMERICAS,11.0,0.0,1.0,10.0,80223.0,37941.0,42282.0,1.371177841766077,1.371177841766077,2.6356711736643734,0.2365072607729057
62.0,2020,2,0.0,0,1.0,1,2.0,1,0.0,0,1.0,2.024,338366.0,403893.0,26.0,7,26.0,182.532,"3,63",829.895,"87,19",TUNJUELITO,TUNJUELITO,2.0,0.0,2.0,0.0,40735.0,20271.0,20464.0,0.49097827421136614,0.49097827421136614,0.0,0.9773260359655981
69.0,2020,2,1.0,1,1.0,1,2.0,1,1.0,1,1.0,1.3691666666666666,1779216.0,1964304.0,13.0,6,22.0,593.937,"4,09",505.335,"83,5",CIUDAD BOLIVAR,ISMAEL PERDOMO,10.0,0.0,3.0,7.0,162581.0,79637.0,82944.0,0.6150780226471728,0.6150780226471728,0.8789884099099664,0.36168981481481477
93.0,2020,2,5.0,1,5.0,1,3.0,1,0.0,0,8.0,2.932857142857143,332178.0,96411.0,80.0,7,52.0,96.241,"3,18",896.890,"88,28",SANTA FE,LAS NIEVES,17.0,0.0,7.0,10.0,17187.0,8904.0,8283.0,9.891196834817013,9.891196834817013,11.230907457322552,8.451044307618012
18.0,2020,2,0.0,0,1.0,1,4.0,1,4.0,1,6.0,3.272,300834.0,346380.0,10.0,3,25.0,981.613,"3,41",1.388.086,"91,6",SUBA,BRITALIA,7.0,0.0,1.0,6.0,89574.0,41579.0,47995.0,0.7814767678120883,0.7814767678120883,1.4430361480555087,0.20835503698301905
15.0,2020,3,0.0,0,0.0,0,0.0,0,3.0,1,11.0,5.395,175550.0,49356.0,6.0,2,21.0,430.156,"3,12",1.867.529,"93,6",USAQUEN,COUNTRY CLUB,5.0,0.0,3.0,2.0,24915.0,11215.0,13700.0,2.006823198876179,2.006823198876179,1.7833259028087383,2.18978102189781
86.0,2020,3,0.0,0,0.0,0,0.0,0,1.0,1,0.0,1.568,321440.0,368145.0,0.0,0,33.0,546.809,"3,98",703.807,"85,4",BOSA,EL PORVENIR,9.0,0.0,6.0,3.0,141294.0,67547.0,73747.0,0.6369697227058474,0.6369697227058474,0.4441351947532829,0.8135924173186706
71.0,2020,3,0.0,0,0.0,0,3.0,1,0.0,0,4.0,2.105,2325960.0,2670912.0,0.0,0,22.0,981.613,"3,41",1.388.086,"91,6",SUBA,TIBABUYES,23.0,0.0,7.0,16.0,291916.0,141299.0,150617.0,0.7878978884336589,0.7878978884336589,1.1323505474207178,0.46475497453806675
29.0,2020,3,2.0,1,2.0,1,1.0,1,0.0,0,5.0,2.713333333333334,1291554.0,1329381.0,30.0,9,32.0,824.337,"3,41",1.089.512,"91,78",ENGATIVA,MINUTO DE DIOS,17.0,0.0,11.0,6.0,109786.0,51654.0,58132.0,1.548467017652524,1.548467017652524,1.1615750958299453,1.8922452349824537
80.0,2020,3,0.0,0,1.0,1,1.0,1,0.0,0,1.0,2.0025,247816.0,277108.0,11.0,4,19.0,979.914,"3,72",999.300,"88,94",KENNEDY,CORABASTOS,9.0,0.0,1.0,8.0,57237.0,28595.0,28642.0,1.5724094554221921,1.5724094554221921,2.797691904179052,0.3491376300537672
99.0,2020,3,7.0,1,3.0,1,1.0,1,0.0,0,16.0,3.692,79566.0,121692.0,22.0,6,62.0,122.507,"2,43",2.288.835,"96,61",CHAPINERO,CHAPINERO,19.0,0.0,9.0,10.0,24656.0,12293.0,12363.0,7.706035042180403,7.706035042180403,8.134710811030669,7.279786459597186
3.0,2020,3,0.0,0,0.0,0,0.0,0,0.0,0,0.0,6.0,0.0,1169.0,0.0,0,26.0,981.613,"3,41",1.388.086,"91,6",SUBA,GUAYMARAL,0.0,0.0,0.0,0.0,0.0,0.0,0.0,0.0,0.0,0.0,0.0
97.0,2020,3,12.0,1,3.0,1,7.0,1,1.0,1,14.0,5.211875,94384.0,420656.0,63.0,15,98.0,122.507,"2,43",2.288.835,"96,61",CHAPINERO,CHICO LAGO,20.0,0.0,9.0,11.0,35901.0,16841.0,19060.0,5.570875463079023,5.570875463079023,6.531678641410843,4.72193074501574
94.0,2020,3,4.0,1,0.0,0,0.0,0,2.0,1,6.0,2.40875,203598.0,216855.0,43.0,8,36.0,22.115,"2,83",1.050.888,"88,9",CANDELARIA,LA CANDELARIA,16.0,0.0,4.0,12.0,17508.0,9175.0,8333.0,9.138679460817912,9.138679460817912,13.079019073569482,4.800192007680307
76.0,2020,3,0.0,0,0.0,0,1.0,1,0.0,0,1.0,2.186666666666667,120020.0,128536.0,0.0,0,21.0,317.179,"3,46",1.428.379,"90,03",FONTIBON,FONTIBON SAN PABLO,2.0,0.0,1.0,1.0,33737.0,16552.0,17185.0,0.5928209384355455,0.5928209384355455,0.6041565973900435,0.5819028222286878
114.0,2020,3,0.0,0,0.0,0,2.0,1,2.0,1,8.0,3.8,191930.0,197050.0,9.0,4,24.0,317.179,"3,46",1.428.379,"90,03",FONTIBON,MODELIA,9.0,0.0,2.0,7.0,43349.0,20021.0,23328.0,2.0761724607257377,2.0761724607257377,3.4963288547025626,0.8573388203017832
89.0,2020,3,0.0,0,0.0,0,0.0,0,0.0,0,0.0,2.0666666666666664,28245.0,48603.0,0.0,0,3.0,122.507,"2,43",2.288.835,"96,61",CHAPINERO,SAN ISIDRO - PATIOS,0.0,0.0,0.0,0.0,0.0,0.0,0.0,0.0,0.0,0.0,0.0
38.0,2020,3,0.0,0,5.0,1,4.0,1,0.0,0,4.0,3.008,1246305.0,1155330.0,52.0,15,75.0,119.565,"3,92",1.095.184,"90,79",ANTONIO NARIÑO,RESTREPO,26.0,0.0,13.0,13.0,55425.0,26409.0,29016.0,4.691023906179522,4.691023906179522,4.922564277329698,4.480286738351254
52.0,2020,3,0.0,0,0.0,0,0.0,0,0.0,0,0.0,1.0,614920.0,740280.0,0.0,0,176.0,314.431,"4,07",569.872,"82,91",USME,LA FLORA,0.0,0.0,0.0,0.0,0.0,0.0,0.0,0.0,0.0,0.0,0.0
96.0,2020,3,0.0,0,0.0,0,0.0,0,0.0,0,4.0,1.7264285714285716,628474.0,648214.0,4.0,2,16.0,96.241,"3,18",896.890,"88,28",SANTA FE,LOURDES,2.0,0.0,1.0,1.0,45384.0,22140.0,23244.0,0.44068394147717255,0.44068394147717255,0.4516711833785005,0.4302185510239202
84.0,2020,3,0.0,0,0.0,0,3.0,1,2.0,1,1.0,1.98,990222.0,1073760.0,1.0,1,30.0,546.809,"3,98",703.807,"85,4",BOSA,BOSA OCCIDENTAL,17.0,0.0,7.0,10.0,199301.0,97341.0,101960.0,0.8529811691863062,0.8529811691863062,1.0273163415210447,0.6865437426441742
111.0,2020,3,3.0,1,0.0,0,1.0,1,0.0,0,6.0,2.9375,64585.0,73290.0,16.0,5,63.0,250.715,"3,55",1.116.511,"90,43",PUENTE ARANDA,PUENTE ARANDA,10.0,0.0,4.0,6.0,11775.0,9297.0,2478.0,8.492569002123142,8.492569002123142,6.453694740238786,16.142050040355123
112.0,2020,3,1.0,1,1.0,1,1.0,1,1.0,1,10.0,3.1133333333333333,126427.0,160027.0,0.0,0,71.0,317.179,"3,46",1.428.379,"90,03",FONTIBON,GRANJAS DE TECHO,12.0,0.0,5.0,7.0,48912.0,22660.0,26252.0,2.453385672227674,2.453385672227674,3.089143865842895,1.9046167911016305
75.0,2020,3,0.0,0,2.0,1,7.0,1,5.0,1,5.0,2.913,1316550.0,1374890.0,0.0,0,58.0,317.179,"3,46",1.428.379,"90,03",FONTIBON,FONTIBON,24.0,0.0,7.0,17.0,132681.0,63232.0,69449.0,1.808849797634929,1.808849797634929,2.688512145748988,1.0079338795375024
12.0,2020,3,1.0,1,2.0,1,5.0,1,0.0,0,6.0,3.378,256245.0,260090.0,9.0,3,42.0,430.156,"3,12",1.867.529,"93,6",USAQUEN,TOBERIN,9.0,0.0,5.0,4.0,60535.0,27886.0,32649.0,1.4867432064095152,1.4867432064095152,1.4344115326687228,1.531440472908818
16.0,2020,3,3.0,1,2.0,1,9.0,1,1.0,1,18.0,5.738888888888889,464238.0,463266.0,18.0,6,60.0,430.156,"3,12",1.867.529,"93,6",USAQUEN,SANTA BARBARA,14.0,0.0,4.0,10.0,70850.0,31933.0,38917.0,1.9760056457304165,1.9760056457304165,3.131556696833996,1.0278284554307886
82.0,2020,3,0.0,0,0.0,0,2.0,1,3.0,1,0.0,1.9566666666666668,963012.0,1044870.0,9.0,4,29.0,979.914,"3,72",999.300,"88,94",KENNEDY,PATIO BONITO,18.0,0.0,8.0,10.0,140225.0,69690.0,70535.0,1.2836512747370297,1.2836512747370297,1.4349261013057828,1.1341887006450697
35.0,2020,3,1.0,1,0.0,0,1.0,1,1.0,1,2.0,2.666,168705.0,154565.0,35.0,5,22.0,119.565,"3,92",1.095.184,"90,79",ANTONIO NARIÑO,CIUDAD JARDIN,7.0,0.0,2.0,5.0,25931.0,12296.0,13635.0,2.699471674829355,2.699471674829355,4.066363044892648,1.466813348001467
68.0,2020,3,0.0,0,0.0,0,0.0,0,1.0,1,0.0,1.055,351536.0,380992.0,0.0,0,13.0,593.937,"4,09",505.335,"83,5",CIUDAD BOLIVAR,EL TESORO,3.0,0.0,0.0,3.0,52519.0,26166.0,26353.0,0.5712218435232963,0.5712218435232963,1.1465260261407935,0.0
27.0,2020,3,1.0,1,5.0,1,7.0,1,5.0,1,3.0,2.840909090909091,1497236.0,1751217.0,16.0,6,48.0,981.613,"3,41",1.388.086,"91,6",SUBA,SUBA,20.0,0.0,11.0,9.0,176700.0,82963.0,93737.0,1.1318619128466327,1.1318619128466327,1.084820944276364,1.1734960581200593
22.0,2020,3,1.0,1,0.0,0,5.0,1,0.0,0,3.0,3.292222222222222,847206.0,887247.0,37.0,8,38.0,230.066,"3,36",1.462.840,"92,44",BARRIOS UNIDOS,DOCE DE OCTUBRE,14.0,0.0,6.0,8.0,69087.0,33197.0,35890.0,2.0264304427750517,2.0264304427750517,2.409856312317378,1.6717748676511563
105.0,2020,3,1.0,1,0.0,0,0.0,0,0.0,0,3.0,2.67,1601.0,2464.0,4.0,1,11.0,824.337,"3,41",1.089.512,"91,78",ENGATIVA,JARDIN BOTANICO,2.0,0.0,1.0,1.0,2874.0,1678.0,1196.0,6.958942240779402,6.958942240779402,5.959475566150179,8.361204013377927
104.0,2020,3,0.0,0,0.0,0,0.0,0,0.0,0,7.0,4.0,19494.0,20424.0,21.0,5,34.0,139.298,"2,87",1.933.116,"96,03",TEUSAQUILLO,PARQUE SIMON BOLIVAR - CAN,6.0,0.0,1.0,5.0,3109.0,1610.0,1499.0,19.29880990672242,19.29880990672242,31.05590062111801,6.6711140760507
74.0,2020,3,0.0,0,0.0,0,2.0,1,0.0,0,2.0,2.0016666666666665,712512.0,784968.0,0.0,0,15.0,824.337,"3,41",1.089.512,"91,78",ENGATIVA,ENGATIVA,10.0,0.0,1.0,9.0,141832.0,68646.0,73186.0,0.7050595070223926,0.7050595070223926,1.311074206800105,0.13663815483835706
47.0,2020,3,1.0,1,0.0,0,2.0,1,0.0,0,1.0,3.0,865592.0,770256.0,9.0,4,28.0,979.914,"3,72",999.300,"88,94",KENNEDY,KENNEDY CENTRAL,7.0,0.0,3.0,4.0,94641.0,44822.0,49819.0,0.7396371551441764,0.7396371551441764,0.8924189014323324,0.6021798912061663
70.0,2020,3,0.0,0,0.0,0,0.0,0,0.0,0,1.0,1.1733333333333331,789975.0,888237.0,0.0,0,23.0,593.937,"4,09",505.335,"83,5",CIUDAD BOLIVAR,JERUSALEM,6.0,0.0,3.0,3.0,99821.0,48986.0,50835.0,0.6010759259073741,0.6010759259073741,0.6124198750663454,0.5901445854234287
66.0,2020,3,0.0,0,0.0,0,0.0,0,0.0,0,0.0,1.8425,597168.0,609704.0,4.0,3,26.0,593.937,"4,09",505.335,"83,5",CIUDAD BOLIVAR,SAN FRANCISCO,6.0,0.0,2.0,4.0,70180.0,34379.0,35801.0,0.8549444286121403,0.8549444286121403,1.1635009744320661,0.5586436133068909
65.0,2020,3,0.0,0,0.0,0,1.0,1,0.0,0,1.0,2.463333333333334,349194.0,364512.0,9.0,3,21.0,593.937,"4,09",505.335,"83,5",CIUDAD BOLIVAR,ARBORIZADORA,13.0,0.0,1.0,12.0,82419.0,39437.0,42982.0,1.5773062036666303,1.5773062036666303,3.042827801303345,0.23265553022195337
79.0,2020,3,0.0,0,0.0,0,0.0,0,1.0,1,0.0,2.1333333333333333,167274.0,204984.0,3.0,2,22.0,979.914,"3,72",999.300,"88,94",KENNEDY,CALANDAIMA,11.0,0.0,1.0,10.0,131909.0,62500.0,69409.0,0.8339082246093898,0.8339082246093898,1.6,0.14407353513233154
59.0,2020,3,0.0,0,0.0,0,0.0,0,0.0,0,0.0,1.0,163808.0,216380.0,0.0,0,6.0,314.431,"4,07",569.872,"82,91",USME,ALFONSO LOPEZ,2.0,0.0,1.0,1.0,50929.0,25223.0,25706.0,0.39270356771191267,0.39270356771191267,0.396463545177021,0.3890142379211079
45.0,2020,3,0.0,0,0.0,0,2.0,1,1.0,1,3.0,2.7914285714285714,737583.0,674359.0,9.0,4,35.0,979.914,"3,72",999.300,"88,94",KENNEDY,CARVAJAL,21.0,0.0,7.0,14.0,90380.0,43669.0,46711.0,2.3235229032971896,2.3235229032971896,3.20593556069523,1.498576352465158
20.0,2020,3,2.0,1,1.0,1,8.0,1,51.0,1,22.0,4.996666666666667,231126.0,219822.0,33.0,6,26.0,981.613,"3,41",1.388.086,"91,6",SUBA,LA ALHAMBRA,6.0,0.0,2.0,4.0,40664.0,18425.0,22239.0,1.4755065905961047,1.4755065905961047,2.1709633649932156,0.8993210126354602
51.0,2020,3,0.0,0,0.0,0,0.0,0,0.0,0,0.0,1.68875,263745.0,660861.0,0.0,0,15.0,404.35,"3,73",706.208,"83,68",SAN CRISTOBAL,LOS LIBERTADORES,3.0,0.0,0.0,3.0,77140.0,37466.0,39674.0,0.388903292714545,0.388903292714545,0.8007259915656862,0.0
115.0,2020,3,3.0,1,2.0,1,0.0,0,0.0,0,5.0,3.314,77135.0,83285.0,6.0,3,26.0,317.179,"3,46",1.428.379,"90,03",FONTIBON,CAPELLANIA,4.0,0.0,0.0,4.0,17775.0,8377.0,9398.0,2.250351617440225,2.250351617440225,4.774979109466396,0.0
43.0,2020,3,0.0,0,0.0,0,2.0,1,1.0,1,5.0,3.0,844074.0,844239.0,17.0,8,31.0,250.715,"3,55",1.116.511,"90,43",PUENTE ARANDA,SAN RAFAEL,14.0,0.0,6.0,8.0,72890.0,34580.0,38310.0,1.9207024283166414,1.9207024283166414,2.313475997686524,1.5661707126076743
25.0,2020,3,2.0,1,2.0,1,4.0,1,0.0,0,10.0,4.04,127070.0,126620.0,24.0,5,25.0,981.613,"3,41",1.388.086,"91,6",SUBA,LA FLORESTA,11.0,0.0,4.0,7.0,43555.0,19828.0,23727.0,2.5255424176328782,2.5255424176328782,3.5303611055073634,1.68584313229654
56.0,2020,3,0.0,0,0.0,0,0.0,0,0.0,0,0.0,1.508,205135.0,253351.0,6.0,6,8.0,314.431,"4,07",569.872,"82,91",USME,DANUBIO,3.0,0.0,2.0,1.0,54467.0,26373.0,28094.0,0.5507922228138139,0.5507922228138139,0.3791756720888788,0.7118957784580338
26.0,2020,3,0.0,0,3.0,1,6.0,1,5.0,1,8.0,3.0646153846153847,1441973.0,1441167.0,19.0,5,69.0,824.337,"3,41",1.089.512,"91,78",ENGATIVA,LAS FERIAS,31.0,0.0,12.0,19.0,101318.0,48221.0,53097.0,3.059673503227462,3.059673503227462,3.9401920325169533,2.2600146900954856
102.0,2020,3,1.0,1,2.0,1,3.0,1,0.0,0,14.0,2.8186666666666667,764715.0,782955.0,131.0,15,94.0,94.944,"3,53",1.059.511,"89,78",LOS MARTIRES,LA SABANA,41.0,0.0,8.0,33.0,39822.0,18926.0,20896.0,10.295816382903922,10.295816382903922,17.436330973264294,3.8284839203675345
2.0,2020,3,0.0,0,0.0,0,0.0,0,0.0,0,0.0,5.058,10545.0,13800.0,3.0,2,95.0,981.613,"3,41",1.388.086,"91,6",SUBA,LA ACADEMIA,0.0,0.0,0.0,0.0,0.0,0.0,0.0,0.0,0.0,0.0,0.0
116.0,2020,3,1.0,1,1.0,1,2.0,1,1.0,1,8.0,3.155,24638.0,27282.0,3.0,1,17.0,824.337,"3,41",1.089.512,"91,78",ENGATIVA,ALAMOS,12.0,0.0,2.0,10.0,12159.0,5711.0,6448.0,9.869232667160128,9.869232667160128,17.51006828926633,3.101736972704715
81.0,2020,3,0.0,0,0.0,0,1.0,1,6.0,1,2.0,2.0025,290204.0,283616.0,1.0,1,16.0,979.914,"3,72",999.300,"88,94",KENNEDY,GRAN BRITALIA,4.0,0.0,0.0,4.0,63281.0,30922.0,32359.0,0.6321012626222721,0.6321012626222721,1.293577388267253,0.0
52.0,2020,3,0.0,0,0.0,0,0.0,0,0.0,0,0.0,1.0,614920.0,740280.0,0.0,0,176.0,314.431,"4,07",569.872,"82,91",USME,LA FLORA,0.0,0.0,0.0,0.0,0.0,0.0,0.0,0.0,0.0,0.0,0.0
33.0,2020,3,0.0,0,0.0,0,2.0,1,0.0,0,2.0,2.8193333333333332,1647904.0,748256.0,42.0,13,30.0,404.35,"3,73",706.208,"83,68",SAN CRISTOBAL,SOSIEGO,10.0,0.0,1.0,9.0,43834.0,21242.0,22592.0,2.28133412419583,2.28133412419583,4.236889181809622,0.4426345609065156
19.0,2020,3,2.0,1,6.0,1,8.0,1,2.0,1,11.0,3.51625,692512.0,712104.0,25.0,8,34.0,981.613,"3,41",1.388.086,"91,6",SUBA,EL PRADO,15.0,0.0,5.0,10.0,100375.0,46114.0,54261.0,1.4943960149439601,1.4943960149439601,2.168538838530598,0.92147214389709
41.0,2020,3,0.0,0,0.0,0,1.0,1,0.0,0,3.0,3.0,523602.0,513468.0,24.0,8,22.0,250.715,"3,55",1.116.511,"90,43",PUENTE ARANDA,MUZU,9.0,0.0,4.0,5.0,58670.0,27784.0,30886.0,1.534003749786944,1.534003749786944,1.7995968902965735,1.295085151848734
37.0,2020,3,0.0,0,1.0,1,1.0,1,0.0,0,8.0,3.0,307027.0,315602.0,40.0,7,41.0,94.944,"3,53",1.059.511,"89,78",LOS MARTIRES,SANTA ISABEL,10.0,0.0,4.0,6.0,44480.0,20483.0,23997.0,2.248201438848921,2.248201438848921,2.9292584094126837,1.6668750260449223
107.0,2020,3,1.0,1,1.0,1,3.0,1,1.0,1,6.0,3.77,207448.0,216792.0,32.0,8,35.0,139.298,"2,87",1.933.116,"96,03",TEUSAQUILLO,QUINTA PAREDES,3.0,0.0,1.0,2.0,26931.0,12057.0,14874.0,1.1139578923916675,1.1139578923916675,1.658787426391308,0.672314105149926
73.0,2020,3,1.0,1,0.0,0,4.0,1,2.0,1,4.0,2.775714285714286,955689.0,1044302.0,4.0,2,40.0,824.337,"3,41",1.089.512,"91,78",ENGATIVA,GARCES NAVAS,24.0,0.0,6.0,18.0,167992.0,79269.0,88723.0,1.428639459021858,1.428639459021858,2.27074896870151,0.6762620740957812
31.0,2020,3,0.0,0,1.0,1,2.0,1,0.0,0,9.0,3.318333333333334,409362.0,391260.0,10.0,4,38.0,824.337,"3,41",1.089.512,"91,78",ENGATIVA,SANTA CECILIA,18.0,0.0,1.0,17.0,67651.0,31657.0,35994.0,2.6607145496740623,2.6607145496740623,5.370060334207285,0.27782408179140966
58.0,2020,3,0.0,0,0.0,0,0.0,0,1.0,1,0.0,1.5654545454545454,857659.0,954745.0,0.0,0,29.0,314.431,"4,07",569.872,"82,91",USME,COMUNEROS,6.0,0.0,3.0,3.0,95714.0,46919.0,48795.0,0.6268675428881877,0.6268675428881877,0.6393998167053858,0.6148170919151552
13.0,2020,3,3.0,1,1.0,1,8.0,1,3.0,1,5.0,4.381666666666667,1717632.0,1842552.0,20.0,5,88.0,430.156,"3,12",1.867.529,"93,6",USAQUEN,LOS CEDROS,22.0,0.0,8.0,14.0,128724.0,57206.0,71518.0,1.7090829992852925,1.7090829992852925,2.447295738209279,1.1185995134092117
63.0,2020,3,0.0,0,0.0,0,0.0,0,0.0,0,0.0,,1596.0,5864.0,2.0,2,6.0,593.937,"4,09",505.335,"83,5",CIUDAD BOLIVAR,EL MOCHUELO,1.0,0.0,1.0,0.0,30.0,13.0,17.0,333.3333333333333,333.3333333333333,0.0,588.2352941176471
87.0,2020,3,0.0,0,0.0,0,0.0,0,0.0,0,1.0,1.765,212992.0,339512.0,0.0,0,47.0,546.809,"3,98",703.807,"85,4",BOSA,TINTAL SUR,4.0,0.0,1.0,3.0,110561.0,51998.0,58563.0,0.3617912283716681,0.3617912283716681,0.5769452671256587,0.1707562795621809
77.0,2020,3,1.0,1,0.0,0,0.0,0,0.0,0,1.0,2.045,283878.0,356976.0,0.0,0,13.0,317.179,"3,46",1.428.379,"90,03",FONTIBON,ZONA FRANCA,5.0,0.0,3.0,2.0,61591.0,28838.0,32753.0,0.8118069198421848,0.8118069198421848,0.6935293709688605,0.9159466308429762
39.0,2020,3,1.0,1,2.0,1,5.0,1,0.0,0,2.0,3.0,1410480.0,1306815.0,45.0,15,69.0,378.78,"3,72",591.317,"87,06",RAFAEL URIBE URIBE,QUIROGA,28.0,0.0,6.0,22.0,91627.0,44208.0,47419.0,3.0558678118895086,3.0558678118895086,4.976474846181687,1.265315590796938
108.0,2020,3,0.0,0,0.0,0,1.0,1,1.0,1,7.0,2.685714285714286,33520.0,33976.0,48.0,8,66.0,250.715,"3,55",1.116.511,"90,43",PUENTE ARANDA,ZONA INDUSTRIAL,15.0,0.0,7.0,8.0,6407.0,3194.0,3213.0,23.411893241766816,23.411893241766816,25.046963055729492,21.786492374727672
61.0,2020,3,0.0,0,0.0,0,0.0,0,5.0,1,0.0,1.2366666666666666,79500.0,134960.0,0.0,0,65.0,314.431,"4,07",569.872,"82,91",USME,CIUDAD USME,0.0,0.0,0.0,0.0,0.0,0.0,0.0,0.0,0.0,0.0,0.0
1.0,2020,3,0.0,0,0.0,0,0.0,0,0.0,0,0.0,4.0,52488.0,63828.0,3.0,3,83.0,430.156,"3,12",1.867.529,"93,6",USAQUEN,PASEO DE LOS LIBERTADORES,1.0,0.0,0.0,1.0,2574.0,1275.0,1299.0,3.885003885003885,3.885003885003885,7.8431372549019605,0.0
46.0,2020,3,0.0,0,0.0,0,4.0,1,1.0,1,3.0,2.72,884656.0,1003288.0,18.0,6,40.0,979.914,"3,72",999.300,"88,94",KENNEDY,CASTILLA,20.0,0.0,7.0,13.0,143736.0,68336.0,75400.0,1.3914398619691657,1.3914398619691657,1.9023647857644579,0.9283819628647215
85.0,2020,3,1.0,1,1.0,1,3.0,1,2.0,1,1.0,1.9988888888888892,2537808.0,2654832.0,17.0,6,39.0,546.809,"3,98",703.807,"85,4",BOSA,BOSA CENTRAL,40.0,0.0,10.0,30.0,235571.0,113527.0,122044.0,1.6980018762920732,1.6980018762920732,2.642543183559858,0.8193766182688211
60.0,2020,3,0.0,0,0.0,0,0.0,0,0.0,0,1.0,1.11,10544.0,15584.0,0.0,0,0.0,314.431,"4,07",569.872,"82,91",USME,PARQUE ENTRENUBES,2.0,0.0,0.0,2.0,982.0,507.0,475.0,20.36659877800407,20.36659877800407,39.447731755424066,0.0
60.0,2020,3,0.0,0,0.0,0,0.0,0,0.0,0,1.0,1.11,10544.0,15584.0,0.0,0,0.0,314.431,"4,07",569.872,"82,91",USME,PARQUE ENTRENUBES,2.0,0.0,0.0,2.0,982.0,507.0,475.0,20.36659877800407,20.36659877800407,39.447731755424066,0.0
30.0,2020,3,1.0,1,4.0,1,7.0,1,2.0,1,6.0,3.001818181818182,1427481.0,1341120.0,25.0,7,42.0,824.337,"3,41",1.089.512,"91,78",ENGATIVA,BOYACA REAL,31.0,0.0,11.0,20.0,128700.0,61151.0,67549.0,2.4087024087024087,2.4087024087024087,3.2705924678255465,1.628447497372278
72.0,2020,3,0.0,0,0.0,0,1.0,1,0.0,0,5.0,3.0,331356.0,345116.0,4.0,2,21.0,824.337,"3,41",1.089.512,"91,78",ENGATIVA,BOLIVIA,14.0,0.0,2.0,12.0,83848.0,38193.0,45655.0,1.6696880068695736,1.6696880068695736,3.1419370041630663,0.4380681195925966
57.0,2020,3,0.0,0,2.0,1,0.0,0,0.0,0,0.0,1.7740000000000002,1391324.0,1519562.0,3.0,3,23.0,314.431,"4,07",569.872,"82,91",USME,GRAN YOMASA,17.0,0.0,6.0,11.0,127216.0,62013.0,65203.0,1.336309898126022,1.336309898126022,1.7738216180478286,0.9202030581414965
23.0,2020,3,0.0,0,0.0,0,5.0,1,24.0,1,6.0,3.5728571428571425,209118.0,255647.0,7.0,5,41.0,981.613,"3,41",1.388.086,"91,6",SUBA,CASA BLANCA SUBA,5.0,0.0,2.0,3.0,57665.0,26781.0,30884.0,0.8670770831526923,0.8670770831526923,1.120197154699227,0.6475845097785261
88.0,2020,3,0.0,0,0.0,0,0.0,0,0.0,0,20.0,5.9375,358776.0,369156.0,3.0,2,60.0,122.507,"2,43",2.288.835,"96,61",CHAPINERO,EL REFUGIO,7.0,0.0,4.0,3.0,38690.0,17433.0,21257.0,1.809253036960455,1.809253036960455,1.7208742040956808,1.8817330761631463
9.0,2020,3,0.0,0,2.0,1,4.0,1,1.0,1,0.0,2.7445454545454546,927663.0,1059410.0,9.0,4,60.0,430.156,"3,12",1.867.529,"93,6",USAQUEN,VERBENAL,6.0,0.0,2.0,4.0,125093.0,59368.0,65725.0,0.4796431454997482,0.4796431454997482,0.6737636437137852,0.304298212248003
109.0,2020,3,0.0,0,0.0,0,1.0,1,0.0,0,9.0,4.123333333333334,44058.0,53832.0,12.0,3,32.0,139.298,"2,87",1.933.116,"96,03",TEUSAQUILLO,CIUDAD SALITRE ORIENTAL,12.0,0.0,7.0,5.0,23397.0,10426.0,12971.0,5.128862674701885,5.128862674701885,4.795703050067139,5.396654074473826
49.0,2020,3,0.0,0,1.0,1,0.0,0,0.0,0,2.0,2.3333333333333335,124191.0,114375.0,10.0,3,11.0,546.809,"3,98",703.807,"85,4",BOSA,APOGEO,8.0,0.0,5.0,3.0,36178.0,17354.0,18824.0,2.2112886284482283,2.2112886284482283,1.7287080788290883,2.6561835954101145
14.0,2020,3,1.0,1,0.0,0,1.0,1,0.0,0,18.0,4.66,375100.0,457974.0,0.0,0,45.0,430.156,"3,12",1.867.529,"93,6",USAQUEN,USAQUEN,11.0,0.0,8.0,3.0,41354.0,19655.0,21699.0,2.6599603424094407,2.6599603424094407,1.5263291783261257,3.686805843587262
32.0,2020,3,0.0,0,0.0,0,1.0,1,0.0,0,0.0,1.7457142857142858,1408200.0,1428675.0,0.0,0,47.0,404.35,"3,73",706.208,"83,68",SAN CRISTOBAL,SAN BLAS,7.0,0.0,0.0,7.0,102691.0,49503.0,53188.0,0.6816566203464763,0.6816566203464763,1.4140557137951235,0.0
92.0,2020,3,0.0,0,0.0,0,0.0,0,0.0,0,11.0,2.5425,132324.0,86100.0,26.0,6,25.0,96.241,"3,18",896.890,"88,28",SANTA FE,LA MACARENA,6.0,0.0,1.0,5.0,12322.0,6030.0,6292.0,4.8693393929556885,4.8693393929556885,8.291873963515755,1.589319771137953
11.0,2020,3,1.0,1,1.0,1,5.0,1,4.0,1,4.0,2.3000000000000003,373404.0,436080.0,0.0,0,21.0,430.156,"3,12",1.867.529,"93,6",USAQUEN,SAN CRISTOBAL NORTE,3.0,0.0,3.0,0.0,69775.0,33172.0,36603.0,0.42995342171264783,0.42995342171264783,0.0,0.8196049504139005
36.0,2020,3,1.0,1,0.0,0,0.0,0,0.0,0,2.0,2.97,350595.0,343350.0,26.0,7,19.0,378.78,"3,72",591.317,"87,06",RAFAEL URIBE URIBE,SAN JOSE,10.0,0.0,4.0,6.0,48165.0,22814.0,25351.0,2.0761964081802136,2.0761964081802136,2.6299640571578853,1.5778470277306615
53.0,2020,3,0.0,0,1.0,1,1.0,1,0.0,0,2.0,2.442857142857143,479920.0,461139.0,21.0,6,14.0,378.78,"3,72",591.317,"87,06",RAFAEL URIBE URIBE,MARCO FIDEL SUAREZ,6.0,0.0,5.0,1.0,46703.0,22454.0,24249.0,1.2847140440656917,1.2847140440656917,0.4453549478934711,2.061940698585509
50.0,2020,3,0.0,0,1.0,1,0.0,0,0.0,0,1.0,1.9327272727272728,215222.0,1432186.0,1.0,1,21.0,404.35,"3,73",706.208,"83,68",SAN CRISTOBAL,LA GLORIA,10.0,0.0,2.0,8.0,95816.0,46487.0,49329.0,1.0436670284712366,1.0436670284712366,1.7209112224923098,0.40544101846783837
110.0,2020,3,3.0,1,1.0,1,0.0,0,0.0,0,9.0,4.074999999999999,71780.0,82212.0,7.0,2,29.0,317.179,"3,46",1.428.379,"90,03",FONTIBON,CIUDAD SALITRE OCCIDENTAL,7.0,0.0,2.0,5.0,44709.0,21075.0,23634.0,1.565680288085173,1.565680288085173,2.372479240806643,0.8462384700008462
10.0,2020,3,0.0,0,1.0,1,1.0,1,19.0,1,2.0,2.87125,122265.0,153495.0,5.0,2,29.0,430.156,"3,12",1.867.529,"93,6",USAQUEN,LA URIBE,13.0,0.0,3.0,10.0,34511.0,15833.0,18678.0,3.766914896699603,3.766914896699603,6.315922440472431,1.6061676839062
42.0,2020,3,0.0,0,2.0,1,1.0,1,6.0,1,1.0,2.4250000000000003,2179040.0,2310720.0,35.0,13,66.0,182.532,"3,63",829.895,"87,19",TUNJUELITO,VENECIA,19.0,0.0,3.0,16.0,137756.0,67031.0,70725.0,1.3792502685908419,1.3792502685908419,2.3869552893437365,0.42417815482502647
103.0,2020,3,0.0,0,0.0,0,0.0,0,0.0,0,3.0,3.0,10953.0,12423.0,5.0,2,15.0,230.066,"3,36",1.462.840,"92,44",BARRIOS UNIDOS,PARQUE SALITRE,1.0,0.0,1.0,0.0,1325.0,693.0,632.0,7.547169811320754,7.547169811320754,0.0,15.822784810126581
21.0,2020,3,1.0,1,0.0,0,6.0,1,0.0,0,20.0,3.762,225860.0,233125.0,52.0,5,22.0,230.066,"3,36",1.462.840,"92,44",BARRIOS UNIDOS,LOS ANDES,5.0,0.0,2.0,3.0,28891.0,12886.0,16005.0,1.7306427607213317,1.7306427607213317,2.3281080242123235,1.2496094970321776
55.0,2020,3,0.0,0,0.0,0,0.0,0,0.0,0,0.0,1.5539999999999998,379860.0,395955.0,0.0,0,7.0,378.78,"3,72",591.317,"87,06",RAFAEL URIBE URIBE,DIANA TURBAY,6.0,0.0,3.0,3.0,74601.0,36055.0,38546.0,0.8042787630192625,0.8042787630192625,0.8320621273055054,0.7782908732423598
113.0,2020,3,0.0,0,0.0,0,3.0,1,0.0,0,5.0,3.2925,104270.0,104965.0,8.0,3,26.0,979.914,"3,72",999.300,"88,94",KENNEDY,BAVARIA,13.0,0.0,5.0,8.0,40752.0,19017.0,21735.0,3.1900274833137026,3.1900274833137026,4.206762370510596,2.3004370830457788
60.0,2020,3,0.0,0,0.0,0,0.0,0,0.0,0,1.0,1.11,10544.0,15584.0,0.0,0,0.0,314.431,"4,07",569.872,"82,91",USME,PARQUE ENTRENUBES,2.0,0.0,0.0,2.0,982.0,507.0,475.0,20.36659877800407,20.36659877800407,39.447731755424066,0.0
60.0,2020,3,0.0,0,0.0,0,0.0,0,0.0,0,1.0,1.11,10544.0,15584.0,0.0,0,0.0,314.431,"4,07",569.872,"82,91",USME,PARQUE ENTRENUBES,2.0,0.0,0.0,2.0,982.0,507.0,475.0,20.36659877800407,20.36659877800407,39.447731755424066,0.0
90.0,2020,3,0.0,0,1.0,1,4.0,1,0.0,0,23.0,3.05,275954.0,520674.0,22.0,10,60.0,122.507,"2,43",2.288.835,"96,61",CHAPINERO,PARDO RUBIO,5.0,0.0,1.0,4.0,49381.0,24226.0,25155.0,1.0125351855976996,1.0125351855976996,1.651118632873772,0.39753528125621146
67.0,2020,3,0.0,0,1.0,1,1.0,1,0.0,0,0.0,1.256470588235294,2609568.0,2765373.0,2.0,1,30.0,593.937,"4,09",505.335,"83,5",CIUDAD BOLIVAR,LUCERO,17.0,0.0,8.0,9.0,159884.0,79445.0,80439.0,1.0632708713817518,1.0632708713817518,1.1328592107747497,0.9945424483148722
83.0,2020,3,0.0,0,0.0,0,0.0,0,0.0,0,0.0,2.0,24432.0,29572.0,1.0,1,11.0,979.914,"3,72",999.300,"88,94",KENNEDY,LAS MARGARITAS,0.0,0.0,0.0,0.0,0.0,0.0,0.0,0.0,0.0,0.0,0.0
101.0,2020,3,1.0,1,0.0,0,3.0,1,0.0,0,17.0,3.8711111111111105,267970.0,273160.0,65.0,10,59.0,139.298,"2,87",1.933.116,"96,03",TEUSAQUILLO,TEUSAQUILLO,14.0,0.0,7.0,7.0,26970.0,12636.0,14334.0,5.190952910641453,5.190952910641453,5.539727761949984,4.883493790986466
54.0,2020,3,0.0,0,0.0,0,0.0,0,0.0,0,2.0,1.83,984621.0,1061115.0,21.0,8,28.0,378.78,"3,72",591.317,"87,06",RAFAEL URIBE URIBE,MARRUECOS,12.0,0.0,5.0,7.0,118698.0,62340.0,56358.0,1.0109690137997271,1.0109690137997271,1.122874558870709,0.8871854927428227
78.0,2020,3,0.0,0,1.0,1,0.0,0,0.0,0,2.0,1.956,79812.0,176088.0,0.0,0,25.0,979.914,"3,72",999.300,"88,94",KENNEDY,TINTAL NORTE,3.0,0.0,1.0,2.0,30113.0,14147.0,15966.0,0.9962474678710191,0.9962474678710191,1.413727292005372,0.626330953275711
100.0,2020,3,1.0,1,2.0,1,2.0,1,1.0,1,9.0,3.59625,300195.0,309096.0,38.0,9,56.0,139.298,"2,87",1.933.116,"96,03",TEUSAQUILLO,GALERIAS,10.0,0.0,2.0,8.0,35859.0,16599.0,19260.0,2.7887001868429127,2.7887001868429127,4.819567443821917,1.0384215991692627
34.0,2020,3,0.0,0,2.0,1,2.0,1,1.0,1,2.0,2.346363636363636,864012.0,1108236.0,26.0,12,30.0,404.35,"3,73",706.208,"83,68",SAN CRISTOBAL,20 DE JULIO,8.0,0.0,3.0,5.0,80223.0,38862.0,41361.0,0.997220248557147,0.997220248557147,1.2866038803973032,0.7253209545223761
106.0,2020,3,0.0,0,0.0,0,3.0,1,1.0,1,1.0,4.164,167560.0,168920.0,17.0,5,30.0,139.298,"2,87",1.933.116,"96,03",TEUSAQUILLO,LA ESMERALDA,5.0,0.0,2.0,3.0,38073.0,16960.0,21113.0,1.3132666193890683,1.3132666193890683,1.7688679245283017,0.9472836640932126
91.0,2020,3,2.0,1,1.0,1,0.0,0,1.0,1,14.0,3.3285714285714287,96894.0,41153.0,42.0,7,37.0,96.241,"3,18",896.890,"88,28",SANTA FE,SAGRADO CORAZON,7.0,0.0,2.0,5.0,10950.0,5474.0,5476.0,6.392694063926941,6.392694063926941,9.134088417975885,3.652300949598247
95.0,2020,3,0.0,0,0.0,0,1.0,1,0.0,0,11.0,2.0,260205.0,69723.0,19.0,3,15.0,96.241,"3,18",896.890,"88,28",SANTA FE,LAS CRUCES,10.0,0.0,5.0,5.0,21017.0,10622.0,10395.0,4.758053004710472,4.758053004710472,4.707211447938241,4.81000481000481
40.0,2020,3,1.0,1,0.0,0,3.0,1,0.0,0,2.0,3.0,1219392.0,1267944.0,21.0,8,62.0,250.715,"3,55",1.116.511,"90,43",PUENTE ARANDA,CIUDAD MONTES,14.0,0.0,5.0,9.0,101113.0,47645.0,53468.0,1.3845895186573436,1.3845895186573436,1.888970511071466,0.9351387745941498
117.0,2020,3,0.0,0,0.0,0,0.0,0,0.0,0,5.0,3.0,824.0,1670.0,1.0,1,17.0,317.179,"3,46",1.428.379,"90,03",FONTIBON,AEROPUERTO EL DORADO,0.0,0.0,0.0,0.0,0.0,0.0,0.0,0.0,0.0,0.0,0.0
64.0,2020,3,0.0,0,0.0,0,0.0,0,0.0,0,0.0,1.0,5590.0,25895.0,0.0,0,7.0,593.937,"4,09",505.335,"83,5",CIUDAD BOLIVAR,MONTE BLANCO,0.0,0.0,0.0,0.0,0.0,0.0,0.0,0.0,0.0,0.0,0.0
48.0,2020,3,0.0,0,1.0,1,0.0,0,0.0,0,3.0,2.7455555555555557,1310472.0,1325682.0,5.0,3,18.0,979.914,"3,72",999.300,"88,94",KENNEDY,TIMIZA,13.0,0.0,7.0,6.0,142922.0,68552.0,74370.0,0.9095870474804439,0.9095870474804439,0.87524798692963,0.9412397472098966
98.0,2020,3,0.0,0,3.0,1,6.0,1,1.0,1,22.0,3.0542105263157895,1522242.0,1559634.0,99.0,19,81.0,230.066,"3,36",1.462.840,"92,44",BARRIOS UNIDOS,LOS ALCAZARES,23.0,0.0,5.0,18.0,40934.0,19897.0,21037.0,5.618800996726438,5.618800996726438,9.046589938181635,2.37676474782526
28.0,2020,3,1.0,1,8.0,1,14.0,1,7.0,1,7.0,2.287857142857143,3797108.0,4228084.0,17.0,6,49.0,981.613,"3,41",1.388.086,"91,6",SUBA,EL RINCON,43.0,0.0,18.0,25.0,273387.0,131109.0,142278.0,1.5728619136974327,1.5728619136974327,1.90681036389569,1.2651288322860879
17.0,2020,3,0.0,0,0.0,0,3.0,1,0.0,0,2.0,4.285,226840.0,238870.0,6.0,2,32.0,981.613,"3,41",1.388.086,"91,6",SUBA,SAN JOSE DE BAVARIA,6.0,0.0,3.0,3.0,48738.0,22678.0,26060.0,1.2310722639418936,1.2310722639418936,1.322867977775818,1.1511895625479662
24.0,2020,3,2.0,1,2.0,1,14.0,1,1.0,1,8.0,4.819999999999999,859833.0,845949.0,36.0,12,69.0,981.613,"3,41",1.388.086,"91,6",SUBA,NIZA,21.0,0.0,8.0,13.0,79808.0,36623.0,43185.0,2.6313151563753006,2.6313151563753006,3.5496818938918167,1.8524950793099455
44.0,2020,3,1.0,1,2.0,1,1.0,1,0.0,0,5.0,3.22875,673424.0,676672.0,20.0,7,33.0,979.914,"3,72",999.300,"88,94",KENNEDY,AMERICAS,18.0,0.0,8.0,10.0,80223.0,37941.0,42282.0,2.2437455592535804,2.2437455592535804,2.6356711736643734,1.8920580861832457
62.0,2020,3,0.0,0,1.0,1,2.0,1,0.0,0,1.0,2.024,338366.0,403893.0,26.0,7,26.0,182.532,"3,63",829.895,"87,19",TUNJUELITO,TUNJUELITO,12.0,0.0,5.0,7.0,40735.0,20271.0,20464.0,2.9458696452681967,2.9458696452681967,3.453209017808692,2.443315089913995
69.0,2020,3,1.0,1,1.0,1,2.0,1,1.0,1,1.0,1.3691666666666666,1779216.0,1964304.0,13.0,6,22.0,593.937,"4,09",505.335,"83,5",CIUDAD BOLIVAR,ISMAEL PERDOMO,12.0,0.0,6.0,6.0,162581.0,79637.0,82944.0,0.7380936271766074,0.7380936271766074,0.7534186370656856,0.7233796296296295
93.0,2020,3,5.0,1,5.0,1,3.0,1,0.0,0,8.0,2.932857142857143,332178.0,96411.0,80.0,7,52.0,96.241,"3,18",896.890,"88,28",SANTA FE,LAS NIEVES,21.0,0.0,8.0,13.0,17187.0,8904.0,8283.0,12.218537266538664,12.218537266538664,14.600179694519317,9.658336351563444
18.0,2020,3,0.0,0,1.0,1,4.0,1,4.0,1,6.0,3.272,300834.0,346380.0,10.0,3,25.0,981.613,"3,41",1.388.086,"91,6",SUBA,BRITALIA,9.0,0.0,5.0,4.0,89574.0,41579.0,47995.0,1.004755844329828,1.004755844329828,0.9620240987036726,1.0417751849150954
15.0,2020,4,0.0,0,0.0,0,0.0,0,3.0,1,12.0,5.395,175550.0,49356.0,6.0,2,21.0,430.156,"3,12",1.867.529,"93,6",USAQUEN,COUNTRY CLUB,7.0,0.0,2.0,5.0,24915.0,11215.0,13700.0,2.809552478426651,2.809552478426651,4.458314757021846,1.4598540145985404
86.0,2020,4,0.0,0,0.0,0,0.0,0,1.0,1,0.0,1.568,321440.0,368145.0,0.0,0,33.0,546.809,"3,98",703.807,"85,4",BOSA,EL PORVENIR,8.0,0.0,3.0,5.0,141294.0,67547.0,73747.0,0.5661953090718643,0.5661953090718643,0.7402253245888049,0.4067962086593353
71.0,2020,4,0.0,0,0.0,0,3.0,1,0.0,0,4.0,2.105,2325960.0,2670912.0,0.0,0,22.0,981.613,"3,41",1.388.086,"91,6",SUBA,TIBABUYES,14.0,0.0,6.0,8.0,291916.0,141299.0,150617.0,0.479590019046575,0.479590019046575,0.5661752737103589,0.39836140674691434
29.0,2020,4,2.0,1,2.0,1,2.0,1,0.0,0,5.0,2.713333333333334,1291554.0,1329381.0,30.0,9,32.0,824.337,"3,41",1.089.512,"91,78",ENGATIVA,MINUTO DE DIOS,15.0,0.0,8.0,7.0,109786.0,51654.0,58132.0,1.3662944273404625,1.3662944273404625,1.3551709451349363,1.376178352714512
80.0,2020,4,0.0,0,1.0,1,1.0,1,0.0,0,1.0,2.0025,247816.0,277108.0,11.0,4,19.0,979.914,"3,72",999.300,"88,94",KENNEDY,CORABASTOS,17.0,0.0,7.0,10.0,57237.0,28595.0,28642.0,2.970106749130807,2.970106749130807,3.497114880223815,2.44396341037637
99.0,2020,4,7.0,1,3.0,1,1.0,1,0.0,0,16.0,3.692,79566.0,121692.0,22.0,6,62.0,122.507,"2,43",2.288.835,"96,61",CHAPINERO,CHAPINERO,29.0,0.0,11.0,18.0,24656.0,12293.0,12363.0,11.761842959117457,11.761842959117457,14.642479459855203,8.897516783952115
3.0,2020,4,0.0,0,0.0,0,0.0,0,1.0,1,0.0,6.0,0.0,1169.0,0.0,0,26.0,981.613,"3,41",1.388.086,"91,6",SUBA,GUAYMARAL,0.0,0.0,0.0,0.0,0.0,0.0,0.0,0.0,0.0,0.0,0.0
97.0,2020,4,12.0,1,3.0,1,7.0,1,1.0,1,15.0,5.211875,94384.0,420656.0,63.0,15,98.0,122.507,"2,43",2.288.835,"96,61",CHAPINERO,CHICO LAGO,52.0,0.0,25.0,27.0,35901.0,16841.0,19060.0,14.484276204005461,14.484276204005461,16.032302119826614,13.116474291710388
94.0,2020,4,4.0,1,0.0,0,0.0,0,2.0,1,6.0,2.40875,203598.0,216855.0,43.0,8,36.0,22.115,"2,83",1.050.888,"88,9",CANDELARIA,LA CANDELARIA,14.0,0.0,8.0,6.0,17508.0,9175.0,8333.0,7.996344528215673,7.996344528215673,6.539509536784741,9.600384015360614
76.0,2020,4,0.0,0,0.0,0,1.0,1,0.0,0,1.0,2.186666666666667,120020.0,128536.0,0.0,0,21.0,317.179,"3,46",1.428.379,"90,03",FONTIBON,FONTIBON SAN PABLO,5.0,0.0,0.0,5.0,33737.0,16552.0,17185.0,1.4820523460888637,1.4820523460888637,3.020782986950217,0.0
114.0,2020,4,0.0,0,0.0,0,2.0,1,2.0,1,8.0,3.8,191930.0,197050.0,9.0,4,24.0,317.179,"3,46",1.428.379,"90,03",FONTIBON,MODELIA,13.0,0.0,6.0,7.0,43349.0,20021.0,23328.0,2.9989157766038432,2.9989157766038432,3.4963288547025626,2.57201646090535
89.0,2020,4,0.0,0,0.0,0,0.0,0,0.0,0,0.0,2.0666666666666664,28245.0,48603.0,0.0,0,3.0,122.507,"2,43",2.288.835,"96,61",CHAPINERO,SAN ISIDRO - PATIOS,0.0,0.0,0.0,0.0,0.0,0.0,0.0,0.0,0.0,0.0,0.0
38.0,2020,4,0.0,0,5.0,1,5.0,1,0.0,0,4.0,3.008,1246305.0,1155330.0,52.0,15,75.0,119.565,"3,92",1.095.184,"90,79",ANTONIO NARIÑO,RESTREPO,28.0,0.0,10.0,18.0,55425.0,26409.0,29016.0,5.051871898962562,5.051871898962562,6.815858230148812,3.4463744141163497
52.0,2020,4,0.0,0,0.0,0,0.0,0,0.0,0,0.0,1.0,614920.0,740280.0,0.0,0,176.0,314.431,"4,07",569.872,"82,91",USME,LA FLORA,0.0,0.0,0.0,0.0,0.0,0.0,0.0,0.0,0.0,0.0,0.0
96.0,2020,4,0.0,0,0.0,0,0.0,0,0.0,0,4.0,1.7264285714285716,628474.0,648214.0,4.0,2,16.0,96.241,"3,18",896.890,"88,28",SANTA FE,LOURDES,3.0,0.0,1.0,2.0,45384.0,22140.0,23244.0,0.6610259122157589,0.6610259122157589,0.903342366757001,0.4302185510239202
84.0,2020,4,0.0,0,0.0,0,3.0,1,2.0,1,1.0,1.98,990222.0,1073760.0,1.0,1,30.0,546.809,"3,98",703.807,"85,4",BOSA,BOSA OCCIDENTAL,24.0,0.0,3.0,21.0,199301.0,97341.0,101960.0,1.2042087094394909,1.2042087094394909,2.157364317194194,0.2942330325617889
111.0,2020,4,3.0,1,0.0,0,1.0,1,0.0,0,6.0,2.9375,64585.0,73290.0,16.0,5,63.0,250.715,"3,55",1.116.511,"90,43",PUENTE ARANDA,PUENTE ARANDA,8.0,0.0,5.0,3.0,11775.0,9297.0,2478.0,6.794055201698514,6.794055201698514,3.226847370119393,20.177562550443906
112.0,2020,4,1.0,1,1.0,1,1.0,1,1.0,1,10.0,3.1133333333333333,126427.0,160027.0,0.0,0,71.0,317.179,"3,46",1.428.379,"90,03",FONTIBON,GRANJAS DE TECHO,21.0,0.0,6.0,15.0,48912.0,22660.0,26252.0,4.29342492639843,4.29342492639843,6.619593998234776,2.2855401493219567
75.0,2020,4,0.0,0,2.0,1,7.0,1,5.0,1,5.0,2.913,1316550.0,1374890.0,0.0,0,58.0,317.179,"3,46",1.428.379,"90,03",FONTIBON,FONTIBON,29.0,0.0,6.0,23.0,132681.0,63232.0,69449.0,2.185693505475539,2.185693505475539,3.6373987854251015,0.8639433253178592
12.0,2020,4,1.0,1,2.0,1,5.0,1,0.0,0,6.0,3.378,256245.0,260090.0,9.0,3,42.0,430.156,"3,12",1.867.529,"93,6",USAQUEN,TOBERIN,17.0,0.0,6.0,11.0,60535.0,27886.0,32649.0,2.808292723217973,2.808292723217973,3.944631714838988,1.8377285674905817
16.0,2020,4,4.0,1,2.0,1,9.0,1,1.0,1,18.0,5.738888888888889,464238.0,463266.0,18.0,6,60.0,430.156,"3,12",1.867.529,"93,6",USAQUEN,SANTA BARBARA,28.0,0.0,9.0,19.0,70850.0,31933.0,38917.0,3.952011291460833,3.952011291460833,5.949957723984593,2.3126140247192746
82.0,2020,4,0.0,0,0.0,0,2.0,1,3.0,1,0.0,1.9566666666666668,963012.0,1044870.0,9.0,4,29.0,979.914,"3,72",999.300,"88,94",KENNEDY,PATIO BONITO,24.0,0.0,7.0,17.0,140225.0,69690.0,70535.0,1.7115350329827064,1.7115350329827064,2.439374372219831,0.9924151130644361
35.0,2020,4,1.0,1,0.0,0,1.0,1,1.0,1,2.0,2.666,168705.0,154565.0,35.0,5,22.0,119.565,"3,92",1.095.184,"90,79",ANTONIO NARIÑO,CIUDAD JARDIN,6.0,0.0,5.0,1.0,25931.0,12296.0,13635.0,2.3138328641394468,2.3138328641394468,0.8132726089785297,3.667033370003667
68.0,2020,4,0.0,0,0.0,0,0.0,0,1.0,1,0.0,1.055,351536.0,380992.0,0.0,0,13.0,593.937,"4,09",505.335,"83,5",CIUDAD BOLIVAR,EL TESORO,2.0,0.0,1.0,1.0,52519.0,26166.0,26353.0,0.38081456234886424,0.38081456234886424,0.3821753420469311,0.3794634386976815
27.0,2020,4,1.0,1,5.0,1,7.0,1,5.0,1,3.0,2.840909090909091,1497236.0,1751217.0,16.0,6,48.0,981.613,"3,41",1.388.086,"91,6",SUBA,SUBA,21.0,0.0,12.0,9.0,176700.0,82963.0,93737.0,1.1884550084889642,1.1884550084889642,1.084820944276364,1.2801775179491557
22.0,2020,4,1.0,1,0.0,0,5.0,1,0.0,0,3.0,3.292222222222222,847206.0,887247.0,37.0,8,38.0,230.066,"3,36",1.462.840,"92,44",BARRIOS UNIDOS,DOCE DE OCTUBRE,15.0,0.0,7.0,8.0,69087.0,33197.0,35890.0,2.171175474401841,2.171175474401841,2.409856312317378,1.9504040122596822
105.0,2020,4,1.0,1,0.0,0,0.0,0,0.0,0,3.0,2.67,1601.0,2464.0,4.0,1,11.0,824.337,"3,41",1.089.512,"91,78",ENGATIVA,JARDIN BOTANICO,1.0,0.0,1.0,0.0,2874.0,1678.0,1196.0,3.479471120389701,3.479471120389701,0.0,8.361204013377927
104.0,2020,4,0.0,0,0.0,0,0.0,0,0.0,0,7.0,4.0,19494.0,20424.0,21.0,5,34.0,139.298,"2,87",1.933.116,"96,03",TEUSAQUILLO,PARQUE SIMON BOLIVAR - CAN,6.0,0.0,1.0,5.0,3109.0,1610.0,1499.0,19.29880990672242,19.29880990672242,31.05590062111801,6.6711140760507
74.0,2020,4,0.0,0,0.0,0,3.0,1,0.0,0,2.0,2.0016666666666665,712512.0,784968.0,0.0,0,15.0,824.337,"3,41",1.089.512,"91,78",ENGATIVA,ENGATIVA,13.0,0.0,1.0,12.0,141832.0,68646.0,73186.0,0.9165773591291104,0.9165773591291104,1.7480989424001399,0.13663815483835706
47.0,2020,4,1.0,1,0.0,0,2.0,1,0.0,0,1.0,3.0,865592.0,770256.0,9.0,4,28.0,979.914,"3,72",999.300,"88,94",KENNEDY,KENNEDY CENTRAL,8.0,0.0,3.0,5.0,94641.0,44822.0,49819.0,0.8452996058790588,0.8452996058790588,1.1155236267904154,0.6021798912061663
70.0,2020,4,0.0,0,0.0,0,0.0,0,0.0,0,1.0,1.1733333333333331,789975.0,888237.0,0.0,0,23.0,593.937,"4,09",505.335,"83,5",CIUDAD BOLIVAR,JERUSALEM,3.0,0.0,0.0,3.0,99821.0,48986.0,50835.0,0.30053796295368707,0.30053796295368707,0.6124198750663454,0.0
66.0,2020,4,0.0,0,0.0,0,0.0,0,0.0,0,0.0,1.8425,597168.0,609704.0,4.0,3,26.0,593.937,"4,09",505.335,"83,5",CIUDAD BOLIVAR,SAN FRANCISCO,7.0,0.0,3.0,4.0,70180.0,34379.0,35801.0,0.9974351667141635,0.9974351667141635,1.1635009744320661,0.8379654199603364
65.0,2020,4,0.0,0,0.0,0,1.0,1,0.0,0,1.0,2.463333333333334,349194.0,364512.0,9.0,3,21.0,593.937,"4,09",505.335,"83,5",CIUDAD BOLIVAR,ARBORIZADORA,13.0,0.0,4.0,9.0,82419.0,39437.0,42982.0,1.5773062036666303,1.5773062036666303,2.2821208509775084,0.9306221208878135
79.0,2020,4,0.0,0,0.0,0,0.0,0,1.0,1,0.0,2.1333333333333333,167274.0,204984.0,3.0,2,22.0,979.914,"3,72",999.300,"88,94",KENNEDY,CALANDAIMA,15.0,1.0,7.0,7.0,131909.0,62500.0,69409.0,1.1371475790128043,1.1371475790128043,1.1199999999999999,1.0085147459263208
59.0,2020,4,0.0,0,0.0,0,0.0,0,0.0,0,0.0,1.0,163808.0,216380.0,0.0,0,6.0,314.431,"4,07",569.872,"82,91",USME,ALFONSO LOPEZ,4.0,0.0,0.0,4.0,50929.0,25223.0,25706.0,0.7854071354238253,0.7854071354238253,1.585854180708084,0.0
45.0,2020,4,0.0,0,0.0,0,2.0,1,1.0,1,3.0,2.7914285714285714,737583.0,674359.0,9.0,4,35.0,979.914,"3,72",999.300,"88,94",KENNEDY,CARVAJAL,23.0,0.0,8.0,15.0,90380.0,43669.0,46711.0,2.544810798849303,2.544810798849303,3.4349309578877465,1.7126586885316093
20.0,2020,4,2.0,1,1.0,1,8.0,1,52.0,1,23.0,4.996666666666667,231126.0,219822.0,33.0,6,26.0,981.613,"3,41",1.388.086,"91,6",SUBA,LA ALHAMBRA,11.0,0.0,4.0,7.0,40664.0,18425.0,22239.0,2.7050954160928584,2.7050954160928584,3.7991858887381276,1.7986420252709203
51.0,2020,4,0.0,0,0.0,0,1.0,1,1.0,1,0.0,1.68875,263745.0,660861.0,0.0,0,15.0,404.35,"3,73",706.208,"83,68",SAN CRISTOBAL,LOS LIBERTADORES,4.0,0.0,2.0,2.0,77140.0,37466.0,39674.0,0.5185377236193933,0.5185377236193933,0.5338173277104575,0.5041084841457882
115.0,2020,4,3.0,1,2.0,1,0.0,0,0.0,0,5.0,3.314,77135.0,83285.0,6.0,3,26.0,317.179,"3,46",1.428.379,"90,03",FONTIBON,CAPELLANIA,11.0,0.0,7.0,4.0,17775.0,8377.0,9398.0,6.1884669479606185,6.1884669479606185,4.774979109466396,7.448393275164928
43.0,2020,4,0.0,0,0.0,0,3.0,1,1.0,1,5.0,3.0,844074.0,844239.0,17.0,8,31.0,250.715,"3,55",1.116.511,"90,43",PUENTE ARANDA,SAN RAFAEL,11.0,0.0,3.0,8.0,72890.0,34580.0,38310.0,1.5091233365345043,1.5091233365345043,2.313475997686524,0.7830853563038371
25.0,2020,4,2.0,1,2.0,1,4.0,1,0.0,0,10.0,4.04,127070.0,126620.0,24.0,5,25.0,981.613,"3,41",1.388.086,"91,6",SUBA,LA FLORESTA,10.0,0.0,4.0,6.0,43555.0,19828.0,23727.0,2.2959476523935254,2.2959476523935254,3.0260238047205967,1.68584313229654
56.0,2020,4,0.0,0,0.0,0,0.0,0,0.0,0,0.0,1.508,205135.0,253351.0,6.0,6,8.0,314.431,"4,07",569.872,"82,91",USME,DANUBIO,6.0,0.0,1.0,5.0,54467.0,26373.0,28094.0,1.1015844456276278,1.1015844456276278,1.8958783604443938,0.3559478892290169
26.0,2020,4,0.0,0,3.0,1,7.0,1,7.0,1,8.0,3.0646153846153847,1441973.0,1441167.0,19.0,5,69.0,824.337,"3,41",1.089.512,"91,78",ENGATIVA,LAS FERIAS,35.0,0.0,21.0,14.0,101318.0,48221.0,53097.0,3.45447008428907,3.45447008428907,2.903299392380913,3.9550257076671
102.0,2020,4,1.0,1,2.0,1,3.0,1,0.0,0,14.0,2.8186666666666667,764715.0,782955.0,131.0,15,94.0,94.944,"3,53",1.059.511,"89,78",LOS MARTIRES,LA SABANA,40.0,0.0,10.0,30.0,39822.0,18926.0,20896.0,10.044698910150167,10.044698910150167,15.851209975694813,4.785604900459418
2.0,2020,4,0.0,0,0.0,0,0.0,0,0.0,0,0.0,5.058,10545.0,13800.0,3.0,2,95.0,981.613,"3,41",1.388.086,"91,6",SUBA,LA ACADEMIA,1.0,0.0,0.0,1.0,5017.0,2430.0,2587.0,1.9932230416583616,1.9932230416583616,4.11522633744856,0.0
116.0,2020,4,1.0,1,1.0,1,2.0,1,1.0,1,8.0,3.155,24638.0,27282.0,3.0,1,17.0,824.337,"3,41",1.089.512,"91,78",ENGATIVA,ALAMOS,8.0,0.0,4.0,4.0,12159.0,5711.0,6448.0,6.5794884447734185,6.5794884447734185,7.004027315706532,6.20347394540943
81.0,2020,4,0.0,0,0.0,0,1.0,1,7.0,1,2.0,2.0025,290204.0,283616.0,1.0,1,16.0,979.914,"3,72",999.300,"88,94",KENNEDY,GRAN BRITALIA,5.0,0.0,3.0,2.0,63281.0,30922.0,32359.0,0.79012657827784,0.79012657827784,0.6467886941336265,0.927099106894527
52.0,2020,4,0.0,0,0.0,0,0.0,0,0.0,0,0.0,1.0,614920.0,740280.0,0.0,0,176.0,314.431,"4,07",569.872,"82,91",USME,LA FLORA,0.0,0.0,0.0,0.0,0.0,0.0,0.0,0.0,0.0,0.0,0.0
33.0,2020,4,0.0,0,0.0,0,2.0,1,0.0,0,2.0,2.8193333333333332,1647904.0,748256.0,42.0,13,30.0,404.35,"3,73",706.208,"83,68",SAN CRISTOBAL,SOSIEGO,9.0,0.0,5.0,4.0,43834.0,21242.0,22592.0,2.0532007117762467,2.0532007117762467,1.8830618585820544,2.213172804532578
19.0,2020,4,2.0,1,6.0,1,8.0,1,2.0,1,12.0,3.51625,692512.0,712104.0,25.0,8,34.0,981.613,"3,41",1.388.086,"91,6",SUBA,EL PRADO,16.0,0.0,4.0,12.0,100375.0,46114.0,54261.0,1.594022415940224,1.594022415940224,2.6022466062367178,0.737177715117672
41.0,2020,4,0.0,0,0.0,0,1.0,1,0.0,0,3.0,3.0,523602.0,513468.0,24.0,8,22.0,250.715,"3,55",1.116.511,"90,43",PUENTE ARANDA,MUZU,14.0,0.0,6.0,8.0,58670.0,27784.0,30886.0,2.386228055224135,2.386228055224135,2.879355024474518,1.942627727773101
37.0,2020,4,0.0,0,1.0,1,1.0,1,0.0,0,8.0,3.0,307027.0,315602.0,40.0,7,41.0,94.944,"3,53",1.059.511,"89,78",LOS MARTIRES,SANTA ISABEL,18.0,0.0,5.0,13.0,44480.0,20483.0,23997.0,4.046762589928058,4.046762589928058,6.346726553727481,2.083593782556153
107.0,2020,4,1.0,1,1.0,1,3.0,1,1.0,1,6.0,3.77,207448.0,216792.0,32.0,8,35.0,139.298,"2,87",1.933.116,"96,03",TEUSAQUILLO,QUINTA PAREDES,5.0,0.0,0.0,5.0,26931.0,12057.0,14874.0,1.856596487319446,1.856596487319446,4.14696856597827,0.0
73.0,2020,4,1.0,1,0.0,0,4.0,1,2.0,1,4.0,2.775714285714286,955689.0,1044302.0,4.0,2,40.0,824.337,"3,41",1.089.512,"91,78",ENGATIVA,GARCES NAVAS,26.0,0.0,10.0,16.0,167992.0,79269.0,88723.0,1.5476927472736797,1.5476927472736797,2.0184435277346755,1.127103456826302
31.0,2020,4,0.0,0,1.0,1,3.0,1,1.0,1,9.0,3.318333333333334,409362.0,391260.0,10.0,4,38.0,824.337,"3,41",1.089.512,"91,78",ENGATIVA,SANTA CECILIA,26.0,0.0,6.0,20.0,67651.0,31657.0,35994.0,3.843254349529201,3.843254349529201,6.3177180402438635,1.666944490748458
58.0,2020,4,0.0,0,0.0,0,0.0,0,1.0,1,0.0,1.5654545454545454,857659.0,954745.0,0.0,0,29.0,314.431,"4,07",569.872,"82,91",USME,COMUNEROS,8.0,0.0,4.0,4.0,95714.0,46919.0,48795.0,0.8358233905175836,0.8358233905175836,0.8525330889405146,0.8197561225535402
13.0,2020,4,3.0,1,1.0,1,8.0,1,3.0,1,5.0,4.381666666666667,1717632.0,1842552.0,20.0,5,88.0,430.156,"3,12",1.867.529,"93,6",USAQUEN,LOS CEDROS,24.0,0.0,13.0,11.0,128724.0,57206.0,71518.0,1.8644541810385011,1.8644541810385011,1.9228752228787191,1.817724209289969
63.0,2020,4,0.0,0,0.0,0,0.0,0,0.0,0,0.0,,1596.0,5864.0,2.0,2,6.0,593.937,"4,09",505.335,"83,5",CIUDAD BOLIVAR,EL MOCHUELO,0.0,0.0,0.0,0.0,0.0,0.0,0.0,0.0,0.0,0.0,0.0
87.0,2020,4,0.0,0,0.0,0,0.0,0,0.0,0,1.0,1.765,212992.0,339512.0,0.0,0,47.0,546.809,"3,98",703.807,"85,4",BOSA,TINTAL SUR,6.0,0.0,2.0,4.0,110561.0,51998.0,58563.0,0.5426868425575022,0.5426868425575022,0.7692603561675448,0.3415125591243618
77.0,2020,4,1.0,1,0.0,0,0.0,0,0.0,0,1.0,2.045,283878.0,356976.0,0.0,0,13.0,317.179,"3,46",1.428.379,"90,03",FONTIBON,ZONA FRANCA,5.0,0.0,0.0,5.0,61591.0,28838.0,32753.0,0.8118069198421848,0.8118069198421848,1.7338234274221513,0.0
39.0,2020,4,1.0,1,2.0,1,6.0,1,0.0,0,2.0,3.0,1410480.0,1306815.0,45.0,15,69.0,378.78,"3,72",591.317,"87,06",RAFAEL URIBE URIBE,QUIROGA,25.0,0.0,8.0,17.0,91627.0,44208.0,47419.0,2.7284534034727757,2.7284534034727757,3.8454578356858486,1.6870874543959173
108.0,2020,4,0.0,0,0.0,0,1.0,1,1.0,1,7.0,2.685714285714286,33520.0,33976.0,48.0,8,66.0,250.715,"3,55",1.116.511,"90,43",PUENTE ARANDA,ZONA INDUSTRIAL,12.0,0.0,3.0,9.0,6407.0,3194.0,3213.0,18.729514593413455,18.729514593413455,28.17783343769568,9.337068160597573
61.0,2020,4,0.0,0,0.0,0,0.0,0,5.0,1,0.0,1.2366666666666666,79500.0,134960.0,0.0,0,65.0,314.431,"4,07",569.872,"82,91",USME,CIUDAD USME,3.0,0.0,3.0,0.0,25997.0,12622.0,13375.0,1.1539793053044582,1.1539793053044582,0.0,2.2429906542056073
1.0,2020,4,0.0,0,0.0,0,0.0,0,0.0,0,0.0,4.0,52488.0,63828.0,3.0,3,83.0,430.156,"3,12",1.867.529,"93,6",USAQUEN,PASEO DE LOS LIBERTADORES,2.0,0.0,0.0,2.0,2574.0,1275.0,1299.0,7.77000777000777,7.77000777000777,15.686274509803921,0.0
46.0,2020,4,0.0,0,0.0,0,4.0,1,1.0,1,3.0,2.72,884656.0,1003288.0,18.0,6,40.0,979.914,"3,72",999.300,"88,94",KENNEDY,CASTILLA,29.0,0.0,15.0,14.0,143736.0,68336.0,75400.0,2.0175877998552902,2.0175877998552902,2.04870053851557,1.9893899204244032
85.0,2020,4,1.0,1,1.0,1,4.0,1,2.0,1,1.0,1.9988888888888892,2537808.0,2654832.0,17.0,6,39.0,546.809,"3,98",703.807,"85,4",BOSA,BOSA CENTRAL,33.0,0.0,11.0,22.0,235571.0,113527.0,122044.0,1.4008515479409605,1.4008515479409605,1.9378650012772292,0.9013142800957031
60.0,2020,4,0.0,0,0.0,0,0.0,0,0.0,0,1.0,1.11,10544.0,15584.0,0.0,0,0.0,314.431,"4,07",569.872,"82,91",USME,PARQUE ENTRENUBES,0.0,0.0,0.0,0.0,0.0,0.0,0.0,0.0,0.0,0.0,0.0
60.0,2020,4,0.0,0,0.0,0,0.0,0,0.0,0,1.0,1.11,10544.0,15584.0,0.0,0,0.0,314.431,"4,07",569.872,"82,91",USME,PARQUE ENTRENUBES,0.0,0.0,0.0,0.0,0.0,0.0,0.0,0.0,0.0,0.0,0.0
30.0,2020,4,1.0,1,4.0,1,8.0,1,2.0,1,6.0,3.001818181818182,1427481.0,1341120.0,25.0,7,42.0,824.337,"3,41",1.089.512,"91,78",ENGATIVA,BOYACA REAL,29.0,0.0,9.0,20.0,128700.0,61151.0,67549.0,2.253302253302253,2.253302253302253,3.2705924678255465,1.3323661342136819
72.0,2020,4,0.0,0,0.0,0,1.0,1,0.0,0,5.0,3.0,331356.0,345116.0,4.0,2,21.0,824.337,"3,41",1.089.512,"91,78",ENGATIVA,BOLIVIA,17.0,0.0,7.0,10.0,83848.0,38193.0,45655.0,2.0274782940559106,2.0274782940559106,2.6182808368025556,1.5332384185740884
57.0,2020,4,0.0,0,2.0,1,0.0,0,0.0,0,0.0,1.7740000000000002,1391324.0,1519562.0,3.0,3,23.0,314.431,"4,07",569.872,"82,91",USME,GRAN YOMASA,14.0,0.0,3.0,11.0,127216.0,62013.0,65203.0,1.100490504339077,1.100490504339077,1.7738216180478286,0.46010152907074825
23.0,2020,4,0.0,0,0.0,0,5.0,1,26.0,1,6.0,3.5728571428571425,209118.0,255647.0,7.0,5,41.0,981.613,"3,41",1.388.086,"91,6",SUBA,CASA BLANCA SUBA,6.0,0.0,3.0,3.0,57665.0,26781.0,30884.0,1.0404924997832308,1.0404924997832308,1.120197154699227,0.9713767646677892
88.0,2020,4,0.0,0,0.0,0,0.0,0,0.0,0,20.0,5.9375,358776.0,369156.0,3.0,2,60.0,122.507,"2,43",2.288.835,"96,61",CHAPINERO,EL REFUGIO,9.0,0.0,5.0,4.0,38690.0,17433.0,21257.0,2.3261824760920136,2.3261824760920136,2.2944989387942405,2.352166345203933
9.0,2020,4,0.0,0,2.0,1,4.0,1,1.0,1,0.0,2.7445454545454546,927663.0,1059410.0,9.0,4,60.0,430.156,"3,12",1.867.529,"93,6",USAQUEN,VERBENAL,7.0,0.0,2.0,5.0,125093.0,59368.0,65725.0,0.5595836697497062,0.5595836697497062,0.8422045546422315,0.304298212248003
109.0,2020,4,0.0,0,0.0,0,1.0,1,0.0,0,9.0,4.123333333333334,44058.0,53832.0,12.0,3,32.0,139.298,"2,87",1.933.116,"96,03",TEUSAQUILLO,CIUDAD SALITRE ORIENTAL,5.0,0.0,2.0,3.0,23397.0,10426.0,12971.0,2.1370261144591187,2.1370261144591187,2.877421830040284,1.541901164135379
49.0,2020,4,0.0,0,1.0,1,0.0,0,0.0,0,2.0,2.3333333333333335,124191.0,114375.0,10.0,3,11.0,546.809,"3,98",703.807,"85,4",BOSA,APOGEO,9.0,0.0,4.0,5.0,36178.0,17354.0,18824.0,2.4876997070042566,2.4876997070042566,2.881180131381814,2.124946876328092
14.0,2020,4,1.0,1,0.0,0,1.0,1,0.0,0,19.0,4.66,375100.0,457974.0,0.0,0,45.0,430.156,"3,12",1.867.529,"93,6",USAQUEN,USAQUEN,11.0,0.0,3.0,8.0,41354.0,19655.0,21699.0,2.6599603424094407,2.6599603424094407,4.070211142203002,1.3825521913452232
32.0,2020,4,0.0,0,0.0,0,1.0,1,0.0,0,0.0,1.7457142857142858,1408200.0,1428675.0,0.0,0,47.0,404.35,"3,73",706.208,"83,68",SAN CRISTOBAL,SAN BLAS,7.0,0.0,2.0,5.0,102691.0,49503.0,53188.0,0.6816566203464763,0.6816566203464763,1.0100397955679454,0.3760246672181695
92.0,2020,4,0.0,0,0.0,0,0.0,0,0.0,0,11.0,2.5425,132324.0,86100.0,26.0,6,25.0,96.241,"3,18",896.890,"88,28",SANTA FE,LA MACARENA,1.0,0.0,0.0,1.0,12322.0,6030.0,6292.0,0.8115565654926148,0.8115565654926148,1.658374792703151,0.0
11.0,2020,4,1.0,1,1.0,1,5.0,1,4.0,1,4.0,2.3000000000000003,373404.0,436080.0,0.0,0,21.0,430.156,"3,12",1.867.529,"93,6",USAQUEN,SAN CRISTOBAL NORTE,11.0,0.0,2.0,9.0,69775.0,33172.0,36603.0,1.576495879613042,1.576495879613042,2.7131315567345955,0.5464033002759336
36.0,2020,4,1.0,1,0.0,0,1.0,1,0.0,0,2.0,2.97,350595.0,343350.0,26.0,7,19.0,378.78,"3,72",591.317,"87,06",RAFAEL URIBE URIBE,SAN JOSE,11.0,0.0,3.0,8.0,48165.0,22814.0,25351.0,2.283816048998235,2.283816048998235,3.5066187428771807,1.1833852707979962
53.0,2020,4,0.0,0,1.0,1,1.0,1,0.0,0,2.0,2.442857142857143,479920.0,461139.0,21.0,6,14.0,378.78,"3,72",591.317,"87,06",RAFAEL URIBE URIBE,MARCO FIDEL SUAREZ,4.0,0.0,1.0,3.0,46703.0,22454.0,24249.0,0.8564760293771277,0.8564760293771277,1.3360648436804132,0.4123881397171017
50.0,2020,4,0.0,0,1.0,1,0.0,0,1.0,1,1.0,1.9327272727272728,215222.0,1432186.0,1.0,1,21.0,404.35,"3,73",706.208,"83,68",SAN CRISTOBAL,LA GLORIA,8.0,0.0,3.0,5.0,95816.0,46487.0,49329.0,0.8349336227769892,0.8349336227769892,1.0755695140576935,0.6081615277017576
110.0,2020,4,3.0,1,1.0,1,0.0,0,0.0,0,9.0,4.074999999999999,71780.0,82212.0,7.0,2,29.0,317.179,"3,46",1.428.379,"90,03",FONTIBON,CIUDAD SALITRE OCCIDENTAL,6.0,0.0,2.0,4.0,44709.0,21075.0,23634.0,1.342011675501577,1.342011675501577,1.8979833926453142,0.8462384700008462
10.0,2020,4,0.0,0,1.0,1,1.0,1,21.0,1,2.0,2.87125,122265.0,153495.0,5.0,2,29.0,430.156,"3,12",1.867.529,"93,6",USAQUEN,LA URIBE,6.0,0.0,2.0,4.0,34511.0,15833.0,18678.0,1.7385761061690475,1.7385761061690475,2.526368976188972,1.0707784559374665
42.0,2020,4,0.0,0,2.0,1,1.0,1,6.0,1,1.0,2.4250000000000003,2179040.0,2310720.0,35.0,13,66.0,182.532,"3,63",829.895,"87,19",TUNJUELITO,VENECIA,26.0,0.0,4.0,22.0,137756.0,67031.0,70725.0,1.8873951043874677,1.8873951043874677,3.2820635228476376,0.5655708731000353
103.0,2020,4,0.0,0,0.0,0,0.0,0,0.0,0,3.0,3.0,10953.0,12423.0,5.0,2,15.0,230.066,"3,36",1.462.840,"92,44",BARRIOS UNIDOS,PARQUE SALITRE,2.0,0.0,0.0,2.0,1325.0,693.0,632.0,15.094339622641508,15.094339622641508,28.86002886002886,0.0
21.0,2020,4,1.0,1,0.0,0,6.0,1,0.0,0,21.0,3.762,225860.0,233125.0,52.0,5,22.0,230.066,"3,36",1.462.840,"92,44",BARRIOS UNIDOS,LOS ANDES,5.0,0.0,1.0,4.0,28891.0,12886.0,16005.0,1.7306427607213317,1.7306427607213317,3.104144032283098,0.6248047485160888
55.0,2020,4,0.0,0,0.0,0,0.0,0,0.0,0,0.0,1.5539999999999998,379860.0,395955.0,0.0,0,7.0,378.78,"3,72",591.317,"87,06",RAFAEL URIBE URIBE,DIANA TURBAY,5.0,0.0,1.0,4.0,74601.0,36055.0,38546.0,0.670232302516052,0.670232302516052,1.109416169740674,0.2594302910807866
113.0,2020,4,0.0,0,0.0,0,3.0,1,0.0,0,5.0,3.2925,104270.0,104965.0,8.0,3,26.0,979.914,"3,72",999.300,"88,94",KENNEDY,BAVARIA,8.0,0.0,5.0,3.0,40752.0,19017.0,21735.0,1.9630938358853554,1.9630938358853554,1.5775358889414735,2.3004370830457788
60.0,2020,4,0.0,0,0.0,0,0.0,0,0.0,0,1.0,1.11,10544.0,15584.0,0.0,0,0.0,314.431,"4,07",569.872,"82,91",USME,PARQUE ENTRENUBES,0.0,0.0,0.0,0.0,0.0,0.0,0.0,0.0,0.0,0.0,0.0
60.0,2020,4,0.0,0,0.0,0,0.0,0,0.0,0,1.0,1.11,10544.0,15584.0,0.0,0,0.0,314.431,"4,07",569.872,"82,91",USME,PARQUE ENTRENUBES,0.0,0.0,0.0,0.0,0.0,0.0,0.0,0.0,0.0,0.0,0.0
90.0,2020,4,0.0,0,1.0,1,4.0,1,0.0,0,23.0,3.05,275954.0,520674.0,22.0,10,60.0,122.507,"2,43",2.288.835,"96,61",CHAPINERO,PARDO RUBIO,8.0,0.0,0.0,8.0,49381.0,24226.0,25155.0,1.6200562969563193,1.6200562969563193,3.302237265747544,0.0
67.0,2020,4,0.0,0,1.0,1,1.0,1,0.0,0,0.0,1.256470588235294,2609568.0,2765373.0,2.0,1,30.0,593.937,"4,09",505.335,"83,5",CIUDAD BOLIVAR,LUCERO,10.0,0.0,2.0,8.0,159884.0,79445.0,80439.0,0.6254534537539717,0.6254534537539717,1.006985965133111,0.24863561207871804
83.0,2020,4,0.0,0,0.0,0,0.0,0,0.0,0,0.0,2.0,24432.0,29572.0,1.0,1,11.0,979.914,"3,72",999.300,"88,94",KENNEDY,LAS MARGARITAS,3.0,0.0,1.0,2.0,31532.0,15032.0,16500.0,0.9514144361283775,0.9514144361283775,1.3304949441192122,0.6060606060606061
101.0,2020,4,1.0,1,0.0,0,3.0,1,0.0,0,17.0,3.8711111111111105,267970.0,273160.0,65.0,10,59.0,139.298,"2,87",1.933.116,"96,03",TEUSAQUILLO,TEUSAQUILLO,28.0,0.0,13.0,15.0,26970.0,12636.0,14334.0,10.381905821282906,10.381905821282906,11.870845204178536,9.069345611832007
54.0,2020,4,0.0,0,0.0,0,0.0,0,0.0,0,2.0,1.83,984621.0,1061115.0,21.0,8,28.0,378.78,"3,72",591.317,"87,06",RAFAEL URIBE URIBE,MARRUECOS,5.0,0.0,0.0,5.0,118698.0,62340.0,56358.0,0.4212370890832196,0.4212370890832196,0.8020532563362207,0.0
78.0,2020,4,0.0,0,1.0,1,0.0,0,0.0,0,2.0,1.956,79812.0,176088.0,0.0,0,25.0,979.914,"3,72",999.300,"88,94",KENNEDY,TINTAL NORTE,3.0,0.0,0.0,3.0,30113.0,14147.0,15966.0,0.9962474678710191,0.9962474678710191,2.1205909380080583,0.0
100.0,2020,4,1.0,1,2.0,1,2.0,1,1.0,1,9.0,3.59625,300195.0,309096.0,38.0,9,56.0,139.298,"2,87",1.933.116,"96,03",TEUSAQUILLO,GALERIAS,22.0,0.0,8.0,14.0,35859.0,16599.0,19260.0,6.135140411054408,6.135140411054408,8.434243026688355,4.153686396677051
34.0,2020,4,0.0,0,2.0,1,2.0,1,1.0,1,2.0,2.346363636363636,864012.0,1108236.0,26.0,12,30.0,404.35,"3,73",706.208,"83,68",SAN CRISTOBAL,20 DE JULIO,18.0,0.0,9.0,9.0,80223.0,38862.0,41361.0,2.2437455592535804,2.2437455592535804,2.3158869847151458,2.175962863567128
106.0,2020,4,0.0,0,0.0,0,3.0,1,1.0,1,1.0,4.164,167560.0,168920.0,17.0,5,30.0,139.298,"2,87",1.933.116,"96,03",TEUSAQUILLO,LA ESMERALDA,8.0,0.0,6.0,2.0,38073.0,16960.0,21113.0,2.1012265910225096,2.1012265910225096,1.179245283018868,2.841850992279638
91.0,2020,4,2.0,1,1.0,1,0.0,0,1.0,1,14.0,3.3285714285714287,96894.0,41153.0,42.0,7,37.0,96.241,"3,18",896.890,"88,28",SANTA FE,SAGRADO CORAZON,13.0,0.0,6.0,7.0,10950.0,5474.0,5476.0,11.87214611872146,11.87214611872146,12.787723785166241,10.95690284879474
95.0,2020,4,0.0,0,0.0,0,1.0,1,0.0,0,11.0,2.0,260205.0,69723.0,19.0,3,15.0,96.241,"3,18",896.890,"88,28",SANTA FE,LAS CRUCES,9.0,0.0,3.0,6.0,21017.0,10622.0,10395.0,4.282247704239425,4.282247704239425,5.64865373752589,2.886002886002886
40.0,2020,4,1.0,1,0.0,0,3.0,1,0.0,0,2.0,3.0,1219392.0,1267944.0,21.0,8,62.0,250.715,"3,55",1.116.511,"90,43",PUENTE ARANDA,CIUDAD MONTES,19.0,0.0,4.0,15.0,101113.0,47645.0,53468.0,1.8790857753206807,1.8790857753206807,3.14828418511911,0.7481110196753198
117.0,2020,4,0.0,0,0.0,0,0.0,0,0.0,0,5.0,3.0,824.0,1670.0,1.0,1,17.0,317.179,"3,46",1.428.379,"90,03",FONTIBON,AEROPUERTO EL DORADO,7.0,0.0,3.0,4.0,823.0,550.0,273.0,85.05467800729039,85.05467800729039,72.72727272727273,109.8901098901099
64.0,2020,4,0.0,0,0.0,0,0.0,0,0.0,0,0.0,1.0,5590.0,25895.0,0.0,0,7.0,593.937,"4,09",505.335,"83,5",CIUDAD BOLIVAR,MONTE BLANCO,1.0,0.0,1.0,0.0,6009.0,3047.0,2962.0,1.6641704110500917,1.6641704110500917,0.0,3.37609723160027
48.0,2020,4,0.0,0,1.0,1,0.0,0,0.0,0,3.0,2.7455555555555557,1310472.0,1325682.0,5.0,3,18.0,979.914,"3,72",999.300,"88,94",KENNEDY,TIMIZA,27.0,0.0,8.0,19.0,142922.0,68552.0,74370.0,1.8891423293824605,1.8891423293824605,2.7716186252771617,1.0757025682398818
98.0,2020,4,0.0,0,3.0,1,8.0,1,1.0,1,22.0,3.0542105263157895,1522242.0,1559634.0,99.0,19,81.0,230.066,"3,36",1.462.840,"92,44",BARRIOS UNIDOS,LOS ALCAZARES,26.0,0.0,11.0,15.0,40934.0,19897.0,21037.0,6.351688083255973,6.351688083255973,7.538824948484696,5.228882445215573
28.0,2020,4,1.0,1,8.0,1,15.0,1,8.0,1,7.0,2.287857142857143,3797108.0,4228084.0,17.0,6,49.0,981.613,"3,41",1.388.086,"91,6",SUBA,EL RINCON,31.0,0.0,14.0,17.0,273387.0,131109.0,142278.0,1.1339237052237305,1.1339237052237305,1.2966310474490692,0.9839890917780683
17.0,2020,4,0.0,0,0.0,0,3.0,1,0.0,0,2.0,4.285,226840.0,238870.0,6.0,2,32.0,981.613,"3,41",1.388.086,"91,6",SUBA,SAN JOSE DE BAVARIA,16.0,0.0,7.0,9.0,48738.0,22678.0,26060.0,3.2828593705117157,3.2828593705117157,3.968603933327454,2.6861089792785875
24.0,2020,4,2.0,1,2.0,1,14.0,1,1.0,1,8.0,4.819999999999999,859833.0,845949.0,36.0,12,69.0,981.613,"3,41",1.388.086,"91,6",SUBA,NIZA,14.0,0.0,4.0,10.0,79808.0,36623.0,43185.0,1.7542101042502005,1.7542101042502005,2.7305245337629356,0.9262475396549728
44.0,2020,4,1.0,1,2.0,1,2.0,1,0.0,0,5.0,3.22875,673424.0,676672.0,20.0,7,33.0,979.914,"3,72",999.300,"88,94",KENNEDY,AMERICAS,19.0,0.0,2.0,17.0,80223.0,37941.0,42282.0,2.368398090323224,2.368398090323224,4.480640995229435,0.4730145215458114
62.0,2020,4,0.0,0,1.0,1,2.0,1,0.0,0,1.0,2.024,338366.0,403893.0,26.0,7,26.0,182.532,"3,63",829.895,"87,19",TUNJUELITO,TUNJUELITO,4.0,0.0,1.0,3.0,40735.0,20271.0,20464.0,0.9819565484227323,0.9819565484227323,1.479946721918011,0.48866301798279904
69.0,2020,4,1.0,1,1.0,1,2.0,1,1.0,1,1.0,1.3691666666666666,1779216.0,1964304.0,13.0,6,22.0,593.937,"4,09",505.335,"83,5",CIUDAD BOLIVAR,ISMAEL PERDOMO,12.0,0.0,5.0,7.0,162581.0,79637.0,82944.0,0.7380936271766074,0.7380936271766074,0.8789884099099664,0.6028163580246914
93.0,2020,4,5.0,1,5.0,1,5.0,1,0.0,0,8.0,2.932857142857143,332178.0,96411.0,80.0,7,52.0,96.241,"3,18",896.890,"88,28",SANTA FE,LAS NIEVES,47.0,0.0,20.0,27.0,17187.0,8904.0,8283.0,27.34625007272939,27.34625007272939,30.32345013477089,24.145840878908608
18.0,2020,4,0.0,0,1.0,1,5.0,1,4.0,1,6.0,3.272,300834.0,346380.0,10.0,3,25.0,981.613,"3,41",1.388.086,"91,6",SUBA,BRITALIA,10.0,0.0,0.0,10.0,89574.0,41579.0,47995.0,1.1163953825886976,1.1163953825886976,2.4050602467591813,0.0
15.0,2021,1,0.0,0,0.0,0,0.0,0,1.0,1,12.0,5.395,175550.0,49356.0,6.0,2,21.0,430.156,"3,12",1.867.529,"93,6",USAQUEN,COUNTRY CLUB,5.0,0.0,1.0,4.0,24914.0,11228.0,13686.0,2.006903748896203,2.006903748896203,3.562522265764161,0.7306736811340055
86.0,2021,1,0.0,0,0.0,0,0.0,0,0.0,0,0.0,1.568,321440.0,368145.0,0.0,0,33.0,546.809,"3,98",703.807,"85,4",BOSA,EL PORVENIR,10.0,0.0,4.0,6.0,146365.0,69893.0,76472.0,0.6832234482287431,0.6832234482287431,0.8584550670310332,0.5230672664504655
71.0,2021,1,0.0,0,0.0,0,4.0,1,0.0,0,4.0,2.105,2325960.0,2670912.0,0.0,0,22.0,981.613,"3,41",1.388.086,"91,6",SUBA,TIBABUYES,23.0,0.0,9.0,14.0,300941.0,145773.0,155168.0,0.7642694082893325,0.7642694082893325,0.9603973300954223,0.5800164982470613
29.0,2021,1,2.0,1,2.0,1,3.0,1,0.0,0,5.0,2.713333333333334,1291554.0,1329381.0,30.0,9,32.0,824.337,"3,41",1.089.512,"91,78",ENGATIVA,MINUTO DE DIOS,25.0,0.0,11.0,14.0,108721.0,51115.0,57606.0,2.2994637650499903,2.2994637650499903,2.738922038540546,1.909523313543728
80.0,2021,1,0.0,0,1.0,1,1.0,1,0.0,0,1.0,2.0025,247816.0,277108.0,11.0,4,19.0,979.914,"3,72",999.300,"88,94",KENNEDY,CORABASTOS,11.0,0.0,2.0,9.0,57214.0,28591.0,28623.0,1.9226063550879156,1.9226063550879156,3.147843727046973,0.6987387765084023
99.0,2021,1,7.0,1,3.0,1,1.0,1,0.0,0,16.0,3.692,79566.0,121692.0,22.0,6,62.0,122.507,"2,43",2.288.835,"96,61",CHAPINERO,CHAPINERO,28.0,0.0,11.0,17.0,24681.0,12298.0,12383.0,11.344759126453548,11.344759126453548,13.82338591640917,8.883146248889606
3.0,2021,1,0.0,0,0.0,0,0.0,0,0.0,0,0.0,6.0,0.0,1169.0,0.0,0,26.0,981.613,"3,41",1.388.086,"91,6",SUBA,GUAYMARAL,0.0,0.0,0.0,0.0,0.0,0.0,0.0,0.0,0.0,0.0,0.0
97.0,2021,1,12.0,1,3.0,1,7.0,1,0.0,0,15.0,5.211875,94384.0,420656.0,63.0,15,98.0,122.507,"2,43",2.288.835,"96,61",CHAPINERO,CHICO LAGO,35.0,0.0,16.0,19.0,36082.0,16937.0,19145.0,9.700127487389834,9.700127487389834,11.21804333707268,8.35727343954035
94.0,2021,1,4.0,1,0.0,0,0.0,0,1.0,1,6.0,2.40875,203598.0,216855.0,43.0,8,36.0,22.115,"2,83",1.050.888,"88,9",CANDELARIA,LA CANDELARIA,14.0,0.0,5.0,9.0,17361.0,9066.0,8295.0,8.064051609930305,8.064051609930305,9.927200529450694,6.027727546714888
76.0,2021,1,0.0,0,0.0,0,1.0,1,0.0,0,1.0,2.186666666666667,120020.0,128536.0,0.0,0,21.0,317.179,"3,46",1.428.379,"90,03",FONTIBON,FONTIBON SAN PABLO,8.0,0.0,3.0,5.0,33840.0,16586.0,17254.0,2.3640661938534278,2.3640661938534278,3.0145906185939952,1.7387272516517909
114.0,2021,1,0.0,0,0.0,0,2.0,1,0.0,0,8.0,3.8,191930.0,197050.0,9.0,4,24.0,317.179,"3,46",1.428.379,"90,03",FONTIBON,MODELIA,7.0,0.0,4.0,3.0,43500.0,20076.0,23424.0,1.6091954022988506,1.6091954022988506,1.4943215780035863,1.7076502732240437
89.0,2021,1,0.0,0,0.0,0,0.0,0,0.0,0,0.0,2.0666666666666664,28245.0,48603.0,0.0,0,3.0,122.507,"2,43",2.288.835,"96,61",CHAPINERO,SAN ISIDRO - PATIOS,0.0,0.0,0.0,0.0,0.0,0.0,0.0,0.0,0.0,0.0,0.0
38.0,2021,1,0.0,0,5.0,1,5.0,1,0.0,0,4.0,3.008,1246305.0,1155330.0,52.0,15,75.0,119.565,"3,92",1.095.184,"90,79",ANTONIO NARIÑO,RESTREPO,26.0,0.0,9.0,17.0,55198.0,26255.0,28943.0,4.710315591144607,4.710315591144607,6.474957151018853,3.1095601699892894
52.0,2021,1,0.0,0,0.0,0,0.0,0,0.0,0,0.0,1.0,614920.0,740280.0,0.0,0,176.0,314.431,"4,07",569.872,"82,91",USME,LA FLORA,4.0,0.0,2.0,2.0,19494.0,9683.0,9811.0,2.0519134092541296,2.0519134092541296,2.0654755757513166,2.038528182652125
96.0,2021,1,0.0,0,0.0,0,1.0,1,0.0,0,4.0,1.7264285714285716,628474.0,648214.0,4.0,2,16.0,96.241,"3,18",896.890,"88,28",SANTA FE,LOURDES,6.0,0.0,2.0,4.0,45879.0,22331.0,23548.0,1.307787876806382,1.307787876806382,1.79123191975281,0.8493290300662476
84.0,2021,1,0.0,0,0.0,0,4.0,1,0.0,0,1.0,1.98,990222.0,1073760.0,1.0,1,30.0,546.809,"3,98",703.807,"85,4",BOSA,BOSA OCCIDENTAL,15.0,0.0,9.0,6.0,199961.0,97662.0,102299.0,0.7501462785243123,0.7501462785243123,0.61436382625791,0.8797739958357365
111.0,2021,1,3.0,1,0.0,0,1.0,1,0.0,0,6.0,2.9375,64585.0,73290.0,16.0,5,63.0,250.715,"3,55",1.116.511,"90,43",PUENTE ARANDA,PUENTE ARANDA,14.0,0.0,4.0,10.0,12255.0,9822.0,2433.0,11.42390860873113,11.42390860873113,10.181225819588677,16.440608302507194
112.0,2021,1,1.0,1,1.0,1,1.0,1,0.0,0,10.0,3.1133333333333333,126427.0,160027.0,0.0,0,71.0,317.179,"3,46",1.428.379,"90,03",FONTIBON,GRANJAS DE TECHO,21.0,0.0,9.0,12.0,51360.0,23789.0,27571.0,4.088785046728972,4.088785046728972,5.0443482281726855,3.2642994450690943
75.0,2021,1,0.0,0,2.0,1,7.0,1,0.0,0,5.0,2.913,1316550.0,1374890.0,0.0,0,58.0,317.179,"3,46",1.428.379,"90,03",FONTIBON,FONTIBON,23.0,0.0,11.0,12.0,131922.0,62819.0,69103.0,1.7434544655175028,1.7434544655175028,1.910250083573441,1.5918266934865346
12.0,2021,1,1.0,1,2.0,1,5.0,1,0.0,0,6.0,3.378,256245.0,260090.0,9.0,3,42.0,430.156,"3,12",1.867.529,"93,6",USAQUEN,TOBERIN,12.0,0.0,5.0,7.0,60994.0,28059.0,32935.0,1.9674066301603437,1.9674066301603437,2.4947432196443207,1.5181417944436009
16.0,2021,1,4.0,1,2.0,1,9.0,1,0.0,0,18.0,5.738888888888889,464238.0,463266.0,18.0,6,60.0,430.156,"3,12",1.867.529,"93,6",USAQUEN,SANTA BARBARA,24.0,0.0,12.0,12.0,72077.0,32511.0,39566.0,3.329772326817154,3.329772326817154,3.691058410999354,3.0329070413991808
82.0,2021,1,0.0,0,0.0,0,2.0,1,2.0,1,0.0,1.9566666666666668,963012.0,1044870.0,9.0,4,29.0,979.914,"3,72",999.300,"88,94",KENNEDY,PATIO BONITO,25.0,0.0,11.0,14.0,139765.0,69471.0,70294.0,1.788716774585912,1.788716774585912,2.0152293762865083,1.5648561754915071
35.0,2021,1,1.0,1,0.0,0,2.0,1,1.0,1,2.0,2.666,168705.0,154565.0,35.0,5,22.0,119.565,"3,92",1.095.184,"90,79",ANTONIO NARIÑO,CIUDAD JARDIN,4.0,0.0,2.0,2.0,26040.0,12323.0,13717.0,1.5360983102918586,1.5360983102918586,1.6229814168627767,1.4580447619741925
68.0,2021,1,0.0,0,0.0,0,1.0,1,0.0,0,0.0,1.055,351536.0,380992.0,0.0,0,13.0,593.937,"4,09",505.335,"83,5",CIUDAD BOLIVAR,EL TESORO,1.0,0.0,1.0,0.0,53474.0,26638.0,26836.0,0.18700676964506113,0.18700676964506113,0.0,0.3726337755254136
27.0,2021,1,1.0,1,5.0,1,7.0,1,0.0,0,3.0,2.840909090909091,1497236.0,1751217.0,16.0,6,48.0,981.613,"3,41",1.388.086,"91,6",SUBA,SUBA,22.0,0.0,11.0,11.0,182328.0,85641.0,96687.0,1.2066166469220307,1.2066166469220307,1.2844315222848868,1.137691726912615
22.0,2021,1,1.0,1,0.0,0,5.0,1,0.0,0,3.0,3.292222222222222,847206.0,887247.0,37.0,8,38.0,230.066,"3,36",1.462.840,"92,44",BARRIOS UNIDOS,DOCE DE OCTUBRE,15.0,0.0,3.0,12.0,69957.0,33637.0,36320.0,2.1441742784853552,2.1441742784853552,3.5675000743229184,0.8259911894273128
105.0,2021,1,1.0,1,0.0,0,0.0,0,0.0,0,3.0,2.67,1601.0,2464.0,4.0,1,11.0,824.337,"3,41",1.089.512,"91,78",ENGATIVA,JARDIN BOTANICO,1.0,0.0,1.0,0.0,3136.0,1854.0,1282.0,3.1887755102040813,3.1887755102040813,0.0,7.800312012480499
104.0,2021,1,0.0,0,0.0,0,0.0,0,0.0,0,7.0,4.0,19494.0,20424.0,21.0,5,34.0,139.298,"2,87",1.933.116,"96,03",TEUSAQUILLO,PARQUE SIMON BOLIVAR - CAN,4.0,0.0,2.0,2.0,3131.0,1633.0,1498.0,12.775471095496647,12.775471095496647,12.24739742804654,13.35113484646195
74.0,2021,1,0.0,0,0.0,0,3.0,1,0.0,0,2.0,2.0016666666666665,712512.0,784968.0,0.0,0,15.0,824.337,"3,41",1.089.512,"91,78",ENGATIVA,ENGATIVA,11.0,0.0,6.0,5.0,144349.0,69835.0,74514.0,0.7620419954416033,0.7620419954416033,0.7159733657907926,0.8052178114179885
47.0,2021,1,1.0,1,0.0,0,2.0,1,0.0,0,1.0,3.0,865592.0,770256.0,9.0,4,28.0,979.914,"3,72",999.300,"88,94",KENNEDY,KENNEDY CENTRAL,20.0,0.0,8.0,12.0,94320.0,44704.0,49616.0,2.1204410517387617,2.1204410517387617,2.6843235504652827,1.6123831022250885
70.0,2021,1,0.0,0,0.0,0,0.0,0,0.0,0,1.0,1.1733333333333331,789975.0,888237.0,0.0,0,23.0,593.937,"4,09",505.335,"83,5",CIUDAD BOLIVAR,JERUSALEM,11.0,0.0,4.0,7.0,101414.0,49755.0,51659.0,1.0846628670597749,1.0846628670597749,1.4068937795196461,0.7743084457693722
66.0,2021,1,0.0,0,0.0,0,0.0,0,0.0,0,0.0,1.8425,597168.0,609704.0,4.0,3,26.0,593.937,"4,09",505.335,"83,5",CIUDAD BOLIVAR,SAN FRANCISCO,6.0,0.0,2.0,4.0,70395.0,34479.0,35916.0,0.8523332623055615,0.8523332623055615,1.1601264537834624,0.5568548836173293
65.0,2021,1,0.0,0,0.0,0,1.0,1,0.0,0,1.0,2.463333333333334,349194.0,364512.0,9.0,3,21.0,593.937,"4,09",505.335,"83,5",CIUDAD BOLIVAR,ARBORIZADORA,15.0,0.0,5.0,10.0,84648.0,40496.0,44152.0,1.7720442302239863,1.7720442302239863,2.469379691821415,1.13245153107447
79.0,2021,1,0.0,0,0.0,0,0.0,0,0.0,0,0.0,2.1333333333333333,167274.0,204984.0,3.0,2,22.0,979.914,"3,72",999.300,"88,94",KENNEDY,CALANDAIMA,7.0,0.0,3.0,4.0,138736.0,65739.0,72997.0,0.5045554146003921,0.5045554146003921,0.6084668157410366,0.41097579352576136
59.0,2021,1,0.0,0,0.0,0,0.0,0,0.0,0,0.0,1.0,163808.0,216380.0,0.0,0,6.0,314.431,"4,07",569.872,"82,91",USME,ALFONSO LOPEZ,4.0,0.0,2.0,2.0,51564.0,25513.0,26051.0,0.7757350089209526,0.7757350089209526,0.7839140830165015,0.7677248474146866
45.0,2021,1,0.0,0,0.0,0,2.0,1,0.0,0,3.0,2.7914285714285714,737583.0,674359.0,9.0,4,35.0,979.914,"3,72",999.300,"88,94",KENNEDY,CARVAJAL,25.0,0.0,9.0,16.0,89951.0,43493.0,46458.0,2.7792909472935268,2.7792909472935268,3.6787529027659627,1.9372336303758233
20.0,2021,1,2.0,1,1.0,1,8.0,1,9.0,1,23.0,4.996666666666667,231126.0,219822.0,33.0,6,26.0,981.613,"3,41",1.388.086,"91,6",SUBA,LA ALHAMBRA,8.0,0.0,2.0,6.0,40213.0,18346.0,21867.0,1.989406410862159,1.989406410862159,3.2704676768777934,0.9146202039603055
51.0,2021,1,0.0,0,0.0,0,1.0,1,0.0,0,0.0,1.68875,263745.0,660861.0,0.0,0,15.0,404.35,"3,73",706.208,"83,68",SAN CRISTOBAL,LOS LIBERTADORES,2.0,0.0,2.0,0.0,77761.0,37720.0,40041.0,0.2571983384987333,0.2571983384987333,0.0,0.499488024774606
115.0,2021,1,3.0,1,2.0,1,0.0,0,0.0,0,5.0,3.314,77135.0,83285.0,6.0,3,26.0,317.179,"3,46",1.428.379,"90,03",FONTIBON,CAPELLANIA,10.0,0.0,3.0,7.0,17858.0,8402.0,9456.0,5.599731212901781,5.599731212901781,8.33134967864794,3.1725888324873095
43.0,2021,1,0.0,0,0.0,0,4.0,1,0.0,0,5.0,3.0,844074.0,844239.0,17.0,8,31.0,250.715,"3,55",1.116.511,"90,43",PUENTE ARANDA,SAN RAFAEL,24.0,0.0,4.0,20.0,72940.0,34547.0,38393.0,3.290375651220181,3.290375651220181,5.789214693026891,1.041856588440601
25.0,2021,1,2.0,1,2.0,1,4.0,1,0.0,0,10.0,4.04,127070.0,126620.0,24.0,5,25.0,981.613,"3,41",1.388.086,"91,6",SUBA,LA FLORESTA,6.0,0.0,3.0,3.0,44296.0,20271.0,24025.0,1.3545241105291674,1.3545241105291674,1.479946721918011,1.2486992715920917
56.0,2021,1,0.0,0,0.0,0,0.0,0,0.0,0,0.0,1.508,205135.0,253351.0,6.0,6,8.0,314.431,"4,07",569.872,"82,91",USME,DANUBIO,7.0,0.0,1.0,6.0,56224.0,27160.0,29064.0,1.245019920318725,1.245019920318725,2.2091310751104567,0.34406826314340766
26.0,2021,1,0.0,0,3.0,1,7.0,1,2.0,1,8.0,3.0646153846153847,1441973.0,1441167.0,19.0,5,69.0,824.337,"3,41",1.089.512,"91,78",ENGATIVA,LAS FERIAS,27.0,0.0,17.0,10.0,101654.0,48414.0,53240.0,2.6560686249434355,2.6560686249434355,2.065518238526046,3.1930879038317057
102.0,2021,1,1.0,1,2.0,1,3.0,1,0.0,0,14.0,2.8186666666666667,764715.0,782955.0,131.0,15,94.0,94.944,"3,53",1.059.511,"89,78",LOS MARTIRES,LA SABANA,62.0,0.0,19.0,43.0,39716.0,18779.0,20937.0,15.61083694229026,15.61083694229026,22.897917887001437,9.07484357835411
2.0,2021,1,0.0,0,0.0,0,0.0,0,0.0,0,0.0,5.058,10545.0,13800.0,3.0,2,95.0,981.613,"3,41",1.388.086,"91,6",SUBA,LA ACADEMIA,3.0,0.0,2.0,1.0,5589.0,2700.0,2889.0,5.367686527106817,5.367686527106817,3.7037037037037037,6.922810661128419
116.0,2021,1,1.0,1,1.0,1,2.0,1,0.0,0,8.0,3.155,24638.0,27282.0,3.0,1,17.0,824.337,"3,41",1.089.512,"91,78",ENGATIVA,ALAMOS,6.0,0.0,3.0,3.0,12296.0,5772.0,6524.0,4.879635653871178,4.879635653871178,5.197505197505198,4.598405885959534
81.0,2021,1,0.0,0,0.0,0,1.0,1,1.0,1,2.0,2.0025,290204.0,283616.0,1.0,1,16.0,979.914,"3,72",999.300,"88,94",KENNEDY,GRAN BRITALIA,17.0,0.0,6.0,11.0,63122.0,30878.0,32244.0,2.6931973004657648,2.6931973004657648,3.5624068916380596,1.8608113137327875
52.0,2021,1,0.0,0,0.0,0,0.0,0,0.0,0,0.0,1.0,614920.0,740280.0,0.0,0,176.0,314.431,"4,07",569.872,"82,91",USME,LA FLORA,4.0,0.0,2.0,2.0,19494.0,9683.0,9811.0,2.0519134092541296,2.0519134092541296,2.0654755757513166,2.038528182652125
33.0,2021,1,0.0,0,0.0,0,2.0,1,0.0,0,2.0,2.8193333333333332,1647904.0,748256.0,42.0,13,30.0,404.35,"3,73",706.208,"83,68",SAN CRISTOBAL,SOSIEGO,5.0,0.0,1.0,4.0,44097.0,21364.0,22733.0,1.1338639816767582,1.1338639816767582,1.8723085564501032,0.43988914793472045
19.0,2021,1,2.0,1,7.0,1,8.0,1,0.0,0,12.0,3.51625,692512.0,712104.0,25.0,8,34.0,981.613,"3,41",1.388.086,"91,6",SUBA,EL PRADO,24.0,0.0,9.0,15.0,99865.0,46097.0,53768.0,2.4032443799128824,2.4032443799128824,3.2540078530056187,1.6738580568367802
41.0,2021,1,0.0,0,0.0,0,1.0,1,0.0,0,3.0,3.0,523602.0,513468.0,24.0,8,22.0,250.715,"3,55",1.116.511,"90,43",PUENTE ARANDA,MUZU,21.0,0.0,11.0,10.0,58946.0,27893.0,31053.0,3.562582702812744,3.562582702812744,3.5851288853834298,3.5423308537017357
37.0,2021,1,0.0,0,1.0,1,2.0,1,0.0,0,8.0,3.0,307027.0,315602.0,40.0,7,41.0,94.944,"3,53",1.059.511,"89,78",LOS MARTIRES,SANTA ISABEL,12.0,0.0,4.0,8.0,44974.0,20632.0,24342.0,2.6682082981278072,2.6682082981278072,3.8774718883288095,1.6432503491906991
107.0,2021,1,1.0,1,1.0,1,3.0,1,0.0,0,6.0,3.77,207448.0,216792.0,32.0,8,35.0,139.298,"2,87",1.933.116,"96,03",TEUSAQUILLO,QUINTA PAREDES,13.0,0.0,5.0,8.0,27157.0,12142.0,15015.0,4.786979415988511,4.786979415988511,6.588700378850271,3.33000333000333
73.0,2021,1,1.0,1,0.0,0,4.0,1,0.0,0,4.0,2.775714285714286,955689.0,1044302.0,4.0,2,40.0,824.337,"3,41",1.089.512,"91,78",ENGATIVA,GARCES NAVAS,24.0,0.0,6.0,18.0,171250.0,80812.0,90438.0,1.4014598540145986,1.4014598540145986,2.2273919714893826,0.663437935381145
31.0,2021,1,0.0,0,1.0,1,3.0,1,0.0,0,9.0,3.318333333333334,409362.0,391260.0,10.0,4,38.0,824.337,"3,41",1.089.512,"91,78",ENGATIVA,SANTA CECILIA,16.0,0.0,7.0,9.0,68316.0,31982.0,36334.0,2.342057497511564,2.342057497511564,2.814082921643424,1.926570154676061
58.0,2021,1,0.0,0,0.0,0,0.0,0,0.0,0,0.0,1.5654545454545454,857659.0,954745.0,0.0,0,29.0,314.431,"4,07",569.872,"82,91",USME,COMUNEROS,8.0,0.0,3.0,5.0,96410.0,47234.0,49176.0,0.8297894409293641,0.8297894409293641,1.058559512215777,0.6100536847242557
13.0,2021,1,3.0,1,1.0,1,8.0,1,1.0,1,5.0,4.381666666666667,1717632.0,1842552.0,20.0,5,88.0,430.156,"3,12",1.867.529,"93,6",USAQUEN,LOS CEDROS,28.0,0.0,12.0,16.0,130855.0,58135.0,72720.0,2.1397730312177603,2.1397730312177603,2.752214672744474,1.6501650165016502
63.0,2021,1,0.0,0,0.0,0,0.0,0,0.0,0,0.0,,1596.0,5864.0,2.0,2,6.0,593.937,"4,09",505.335,"83,5",CIUDAD BOLIVAR,EL MOCHUELO,0.0,0.0,0.0,0.0,0.0,0.0,0.0,0.0,0.0,0.0,0.0
87.0,2021,1,0.0,0,0.0,0,0.0,0,0.0,0,1.0,1.765,212992.0,339512.0,0.0,0,47.0,546.809,"3,98",703.807,"85,4",BOSA,TINTAL SUR,7.0,0.0,2.0,5.0,118700.0,55819.0,62881.0,0.5897219882055602,0.5897219882055602,0.8957523423923754,0.3180610995372211
77.0,2021,1,1.0,1,0.0,0,0.0,0,0.0,0,1.0,2.045,283878.0,356976.0,0.0,0,13.0,317.179,"3,46",1.428.379,"90,03",FONTIBON,ZONA FRANCA,4.0,0.0,1.0,3.0,63557.0,29730.0,33827.0,0.6293563258177699,0.6293563258177699,1.0090817356205852,0.2956218405415792
39.0,2021,1,1.0,1,2.0,1,6.0,1,0.0,0,2.0,3.0,1410480.0,1306815.0,45.0,15,69.0,378.78,"3,72",591.317,"87,06",RAFAEL URIBE URIBE,QUIROGA,27.0,0.0,14.0,13.0,92068.0,44333.0,47735.0,2.932615023678151,2.932615023678151,2.932352874833645,2.932858489577878
108.0,2021,1,0.0,0,0.0,0,1.0,1,0.0,0,7.0,2.685714285714286,33520.0,33976.0,48.0,8,66.0,250.715,"3,55",1.116.511,"90,43",PUENTE ARANDA,ZONA INDUSTRIAL,10.0,0.0,4.0,6.0,6571.0,3269.0,3302.0,15.21838380763963,15.21838380763963,18.354236769654328,12.113870381586917
61.0,2021,1,0.0,0,0.0,0,0.0,0,1.0,1,0.0,1.2366666666666666,79500.0,134960.0,0.0,0,65.0,314.431,"4,07",569.872,"82,91",USME,CIUDAD USME,2.0,0.0,1.0,1.0,27723.0,13439.0,14284.0,0.721422645456841,0.721422645456841,0.7441029838529652,0.7000840100812098
1.0,2021,1,0.0,0,0.0,0,0.0,0,0.0,0,0.0,4.0,52488.0,63828.0,3.0,3,83.0,430.156,"3,12",1.867.529,"93,6",USAQUEN,PASEO DE LOS LIBERTADORES,1.0,0.0,0.0,1.0,2545.0,1258.0,1287.0,3.9292730844793713,3.9292730844793713,7.9491255961844205,0.0
46.0,2021,1,0.0,0,0.0,0,4.0,1,0.0,0,3.0,2.72,884656.0,1003288.0,18.0,6,40.0,979.914,"3,72",999.300,"88,94",KENNEDY,CASTILLA,18.0,0.0,7.0,11.0,146650.0,69698.0,76952.0,1.2274122059324923,1.2274122059324923,1.5782375390972483,0.9096579686038049
85.0,2021,1,1.0,1,1.0,1,4.0,1,1.0,1,1.0,1.9988888888888892,2537808.0,2654832.0,17.0,6,39.0,546.809,"3,98",703.807,"85,4",BOSA,BOSA CENTRAL,36.0,0.0,12.0,24.0,234732.0,113175.0,121557.0,1.5336639231123155,1.5336639231123155,2.1206096752816435,0.9871911942545473
60.0,2021,1,0.0,0,0.0,0,0.0,0,0.0,0,1.0,1.11,10544.0,15584.0,0.0,0,0.0,314.431,"4,07",569.872,"82,91",USME,PARQUE ENTRENUBES,0.0,0.0,0.0,0.0,0.0,0.0,0.0,0.0,0.0,0.0,0.0
60.0,2021,1,0.0,0,0.0,0,0.0,0,0.0,0,1.0,1.11,10544.0,15584.0,0.0,0,0.0,314.431,"4,07",569.872,"82,91",USME,PARQUE ENTRENUBES,0.0,0.0,0.0,0.0,0.0,0.0,0.0,0.0,0.0,0.0,0.0
30.0,2021,1,1.0,1,4.0,1,9.0,1,0.0,0,6.0,3.001818181818182,1427481.0,1341120.0,25.0,7,42.0,824.337,"3,41",1.089.512,"91,78",ENGATIVA,BOYACA REAL,26.0,0.0,11.0,15.0,129876.0,61720.0,68156.0,2.001909513689981,2.001909513689981,2.4303305249513936,1.6139444803098772
72.0,2021,1,0.0,0,0.0,0,1.0,1,0.0,0,5.0,3.0,331356.0,345116.0,4.0,2,21.0,824.337,"3,41",1.089.512,"91,78",ENGATIVA,BOLIVIA,14.0,0.0,7.0,7.0,84724.0,38581.0,46143.0,1.6524243425711724,1.6524243425711724,1.814364583603328,1.5170231671109378
57.0,2021,1,0.0,0,2.0,1,1.0,1,0.0,0,0.0,1.7740000000000002,1391324.0,1519562.0,3.0,3,23.0,314.431,"4,07",569.872,"82,91",USME,GRAN YOMASA,7.0,0.0,3.0,4.0,127124.0,61887.0,65237.0,0.5506434662219566,0.5506434662219566,0.6463392958133372,0.4598617349050385
23.0,2021,1,0.0,0,0.0,0,5.0,1,4.0,1,6.0,3.5728571428571425,209118.0,255647.0,7.0,5,41.0,981.613,"3,41",1.388.086,"91,6",SUBA,CASA BLANCA SUBA,7.0,0.0,1.0,6.0,59007.0,27543.0,31464.0,1.1862999305167183,1.1862999305167183,2.1784119376974185,0.3178235443681668
88.0,2021,1,0.0,0,0.0,0,0.0,0,0.0,0,20.0,5.9375,358776.0,369156.0,3.0,2,60.0,122.507,"2,43",2.288.835,"96,61",CHAPINERO,EL REFUGIO,11.0,0.0,3.0,8.0,38828.0,17502.0,21326.0,2.8330071082723807,2.8330071082723807,4.570906182150611,1.406733564662853
9.0,2021,1,0.0,0,2.0,1,4.0,1,0.0,0,0.0,2.7445454545454546,927663.0,1059410.0,9.0,4,60.0,430.156,"3,12",1.867.529,"93,6",USAQUEN,VERBENAL,4.0,0.0,1.0,3.0,127453.0,60391.0,67062.0,0.3138411806705217,0.3138411806705217,0.49676276266331076,0.14911574364021354
109.0,2021,1,0.0,0,0.0,0,1.0,1,0.0,0,9.0,4.123333333333334,44058.0,53832.0,12.0,3,32.0,139.298,"2,87",1.933.116,"96,03",TEUSAQUILLO,CIUDAD SALITRE ORIENTAL,7.0,0.0,2.0,5.0,24099.0,10726.0,13373.0,2.904684841694676,2.904684841694676,4.661570016781653,1.4955507365587377
49.0,2021,1,0.0,0,1.0,1,0.0,0,0.0,0,2.0,2.3333333333333335,124191.0,114375.0,10.0,3,11.0,546.809,"3,98",703.807,"85,4",BOSA,APOGEO,6.0,0.0,3.0,3.0,35501.0,17036.0,18465.0,1.6900932368102306,1.6900932368102306,1.7609767551068325,1.6246953696181965
14.0,2021,1,1.0,1,0.0,0,1.0,1,0.0,0,19.0,4.66,375100.0,457974.0,0.0,0,45.0,430.156,"3,12",1.867.529,"93,6",USAQUEN,USAQUEN,6.0,0.0,1.0,5.0,41886.0,19970.0,21916.0,1.4324595330181922,1.4324595330181922,2.503755633450175,0.45628764373060776
32.0,2021,1,0.0,0,0.0,0,1.0,1,0.0,0,0.0,1.7457142857142858,1408200.0,1428675.0,0.0,0,47.0,404.35,"3,73",706.208,"83,68",SAN CRISTOBAL,SAN BLAS,5.0,0.0,1.0,4.0,103708.0,49930.0,53778.0,0.4821228834805415,0.4821228834805415,0.8011215701982776,0.18594964483617837
92.0,2021,1,0.0,0,0.0,0,0.0,0,0.0,0,11.0,2.5425,132324.0,86100.0,26.0,6,25.0,96.241,"3,18",896.890,"88,28",SANTA FE,LA MACARENA,7.0,0.0,3.0,4.0,12452.0,6093.0,6359.0,5.621586893671699,5.621586893671699,6.564910553093714,4.717722912407611
11.0,2021,1,1.0,1,1.0,1,5.0,1,0.0,0,4.0,2.3000000000000003,373404.0,436080.0,0.0,0,21.0,430.156,"3,12",1.867.529,"93,6",USAQUEN,SAN CRISTOBAL NORTE,10.0,0.0,4.0,6.0,70017.0,33225.0,36792.0,1.428224574032021,1.428224574032021,1.8058690744920993,1.0871928680147858
36.0,2021,1,1.0,1,0.0,0,1.0,1,0.0,0,2.0,2.97,350595.0,343350.0,26.0,7,19.0,378.78,"3,72",591.317,"87,06",RAFAEL URIBE URIBE,SAN JOSE,15.0,0.0,5.0,10.0,48237.0,22809.0,25428.0,3.1096461222712852,3.1096461222712852,4.3842342934806435,1.9663363221645431
53.0,2021,1,0.0,0,1.0,1,1.0,1,0.0,0,2.0,2.442857142857143,479920.0,461139.0,21.0,6,14.0,378.78,"3,72",591.317,"87,06",RAFAEL URIBE URIBE,MARCO FIDEL SUAREZ,9.0,0.0,5.0,4.0,45951.0,22034.0,23917.0,1.9586080825226873,1.9586080825226873,1.8153762367250612,2.090563197725467
50.0,2021,1,0.0,0,1.0,1,0.0,0,0.0,0,1.0,1.9327272727272728,215222.0,1432186.0,1.0,1,21.0,404.35,"3,73",706.208,"83,68",SAN CRISTOBAL,LA GLORIA,7.0,0.0,3.0,4.0,95719.0,46400.0,49319.0,0.7313072639705805,0.7313072639705805,0.8620689655172413,0.6082848395141831
110.0,2021,1,3.0,1,1.0,1,0.0,0,0.0,0,9.0,4.074999999999999,71780.0,82212.0,7.0,2,29.0,317.179,"3,46",1.428.379,"90,03",FONTIBON,CIUDAD SALITRE OCCIDENTAL,11.0,0.0,5.0,6.0,45154.0,21304.0,23850.0,2.4361075430748107,2.4361075430748107,2.816372512204281,2.0964360587002093
10.0,2021,1,0.0,0,1.0,1,1.0,1,4.0,1,2.0,2.87125,122265.0,153495.0,5.0,2,29.0,430.156,"3,12",1.867.529,"93,6",USAQUEN,LA URIBE,4.0,0.0,2.0,2.0,36225.0,16591.0,19634.0,1.1042097998619738,1.1042097998619738,1.2054728467241276,1.0186411327289395
42.0,2021,1,0.0,0,2.0,1,1.0,1,0.0,0,1.0,2.4250000000000003,2179040.0,2310720.0,35.0,13,66.0,182.532,"3,63",829.895,"87,19",TUNJUELITO,VENECIA,21.0,0.0,3.0,18.0,138482.0,67336.0,71146.0,1.5164425701535218,1.5164425701535218,2.6731614589521207,0.4216681190790768
103.0,2021,1,0.0,0,0.0,0,0.0,0,0.0,0,3.0,3.0,10953.0,12423.0,5.0,2,15.0,230.066,"3,36",1.462.840,"92,44",BARRIOS UNIDOS,PARQUE SALITRE,3.0,0.0,1.0,2.0,1282.0,673.0,609.0,23.400936037441497,23.400936037441497,29.717682020802375,16.420361247947454
21.0,2021,1,1.0,1,0.0,0,7.0,1,0.0,0,21.0,3.762,225860.0,233125.0,52.0,5,22.0,230.066,"3,36",1.462.840,"92,44",BARRIOS UNIDOS,LOS ANDES,6.0,0.0,3.0,3.0,29182.0,12994.0,16188.0,2.056061956000274,2.056061956000274,2.3087578882561184,1.8532246108228316
55.0,2021,1,0.0,0,0.0,0,0.0,0,0.0,0,0.0,1.5539999999999998,379860.0,395955.0,0.0,0,7.0,378.78,"3,72",591.317,"87,06",RAFAEL URIBE URIBE,DIANA TURBAY,5.0,0.0,1.0,4.0,74939.0,36132.0,38807.0,0.6672093302552743,0.6672093302552743,1.1070519207350826,0.2576854691163965
113.0,2021,1,0.0,0,0.0,0,3.0,1,0.0,0,5.0,3.2925,104270.0,104965.0,8.0,3,26.0,979.914,"3,72",999.300,"88,94",KENNEDY,BAVARIA,5.0,0.0,1.0,4.0,42429.0,19776.0,22653.0,1.1784392750241581,1.1784392750241581,2.022653721682848,0.4414426345296429
60.0,2021,1,0.0,0,0.0,0,0.0,0,0.0,0,1.0,1.11,10544.0,15584.0,0.0,0,0.0,314.431,"4,07",569.872,"82,91",USME,PARQUE ENTRENUBES,0.0,0.0,0.0,0.0,0.0,0.0,0.0,0.0,0.0,0.0,0.0
60.0,2021,1,0.0,0,0.0,0,0.0,0,0.0,0,1.0,1.11,10544.0,15584.0,0.0,0,0.0,314.431,"4,07",569.872,"82,91",USME,PARQUE ENTRENUBES,0.0,0.0,0.0,0.0,0.0,0.0,0.0,0.0,0.0,0.0,0.0
90.0,2021,1,0.0,0,1.0,1,4.0,1,0.0,0,23.0,3.05,275954.0,520674.0,22.0,10,60.0,122.507,"2,43",2.288.835,"96,61",CHAPINERO,PARDO RUBIO,8.0,0.0,2.0,6.0,49773.0,24378.0,25395.0,1.6072971289655034,1.6072971289655034,2.461235540241201,0.7875566056310297
67.0,2021,1,0.0,0,1.0,1,1.0,1,0.0,0,0.0,1.256470588235294,2609568.0,2765373.0,2.0,1,30.0,593.937,"4,09",505.335,"83,5",CIUDAD BOLIVAR,LUCERO,24.0,0.0,15.0,9.0,161398.0,80209.0,81189.0,1.487007273943915,1.487007273943915,1.1220685957934895,1.847540923031445
83.0,2021,1,0.0,0,0.0,0,0.0,0,0.0,0,0.0,2.0,24432.0,29572.0,1.0,1,11.0,979.914,"3,72",999.300,"88,94",KENNEDY,LAS MARGARITAS,2.0,0.0,1.0,1.0,33332.0,15905.0,17427.0,0.6000240009600384,0.6000240009600384,0.6287331027978623,0.5738222298731853
101.0,2021,1,1.0,1,0.0,0,3.0,1,0.0,0,17.0,3.8711111111111105,267970.0,273160.0,65.0,10,59.0,139.298,"2,87",1.933.116,"96,03",TEUSAQUILLO,TEUSAQUILLO,20.0,0.0,6.0,14.0,27179.0,12742.0,14437.0,7.358622465874388,7.358622465874388,10.987286140323341,4.155988086167486
54.0,2021,1,0.0,0,0.0,0,0.0,0,0.0,0,2.0,1.83,984621.0,1061115.0,21.0,8,28.0,378.78,"3,72",591.317,"87,06",RAFAEL URIBE URIBE,MARRUECOS,10.0,0.0,4.0,6.0,120683.0,63530.0,57153.0,0.8286171208869517,0.8286171208869517,0.9444356996694475,0.699875772050461
78.0,2021,1,0.0,0,1.0,1,0.0,0,0.0,0,2.0,1.956,79812.0,176088.0,0.0,0,25.0,979.914,"3,72",999.300,"88,94",KENNEDY,TINTAL NORTE,3.0,0.0,0.0,3.0,31602.0,14816.0,16786.0,0.9493070058857034,0.9493070058857034,2.024838012958963,0.0
100.0,2021,1,1.0,1,2.0,1,2.0,1,0.0,0,9.0,3.59625,300195.0,309096.0,38.0,9,56.0,139.298,"2,87",1.933.116,"96,03",TEUSAQUILLO,GALERIAS,17.0,0.0,8.0,9.0,36268.0,16800.0,19468.0,4.687327671776774,4.687327671776774,5.357142857142858,4.109307581672488
34.0,2021,1,0.0,0,2.0,1,2.0,1,1.0,1,2.0,2.346363636363636,864012.0,1108236.0,26.0,12,30.0,404.35,"3,73",706.208,"83,68",SAN CRISTOBAL,20 DE JULIO,9.0,0.0,2.0,7.0,79989.0,38719.0,41270.0,1.1251547087724563,1.1251547087724563,1.8078979312482244,0.48461352071722796
106.0,2021,1,0.0,0,0.0,0,3.0,1,0.0,0,1.0,4.164,167560.0,168920.0,17.0,5,30.0,139.298,"2,87",1.933.116,"96,03",TEUSAQUILLO,LA ESMERALDA,3.0,0.0,1.0,2.0,38617.0,17206.0,21411.0,0.7768599321542327,0.7768599321542327,1.162385214460072,0.46704964737751625
91.0,2021,1,2.0,1,1.0,1,0.0,0,0.0,0,14.0,3.3285714285714287,96894.0,41153.0,42.0,7,37.0,96.241,"3,18",896.890,"88,28",SANTA FE,SAGRADO CORAZON,15.0,0.0,4.0,11.0,11465.0,5724.0,5741.0,13.083296990841692,13.083296990841692,19.217330538085253,6.967427277477791
95.0,2021,1,0.0,0,0.0,0,1.0,1,0.0,0,11.0,2.0,260205.0,69723.0,19.0,3,15.0,96.241,"3,18",896.890,"88,28",SANTA FE,LAS CRUCES,8.0,0.0,2.0,6.0,21364.0,10777.0,10587.0,3.7446171129002064,3.7446171129002064,5.567412081284217,1.8891092849721356
40.0,2021,1,1.0,1,0.0,0,3.0,1,0.0,0,2.0,3.0,1219392.0,1267944.0,21.0,8,62.0,250.715,"3,55",1.116.511,"90,43",PUENTE ARANDA,CIUDAD MONTES,15.0,0.0,3.0,12.0,101529.0,47781.0,53748.0,1.4774103950595396,1.4774103950595396,2.511458529541031,0.5581603036392052
117.0,2021,1,0.0,0,0.0,0,0.0,0,0.0,0,5.0,3.0,824.0,1670.0,1.0,1,17.0,317.179,"3,46",1.428.379,"90,03",FONTIBON,AEROPUERTO EL DORADO,5.0,0.0,1.0,4.0,853.0,576.0,277.0,58.61664712778429,58.61664712778429,69.44444444444444,36.101083032490976
64.0,2021,1,0.0,0,0.0,0,0.0,0,0.0,0,0.0,1.0,5590.0,25895.0,0.0,0,7.0,593.937,"4,09",505.335,"83,5",CIUDAD BOLIVAR,MONTE BLANCO,0.0,0.0,0.0,0.0,0.0,0.0,0.0,0.0,0.0,0.0,0.0
48.0,2021,1,0.0,0,1.0,1,0.0,0,0.0,0,3.0,2.7455555555555557,1310472.0,1325682.0,5.0,3,18.0,979.914,"3,72",999.300,"88,94",KENNEDY,TIMIZA,13.0,0.0,1.0,12.0,143607.0,68959.0,74648.0,0.9052483514034831,0.9052483514034831,1.7401644455401037,0.13396206194405744
98.0,2021,1,0.0,0,3.0,1,8.0,1,0.0,0,22.0,3.0542105263157895,1522242.0,1559634.0,99.0,19,81.0,230.066,"3,36",1.462.840,"92,44",BARRIOS UNIDOS,LOS ALCAZARES,27.0,0.0,9.0,18.0,40566.0,19750.0,20816.0,6.655820144948972,6.655820144948972,9.11392405063291,4.323597232897771
28.0,2021,1,1.0,1,9.0,1,15.0,1,2.0,1,7.0,2.287857142857143,3797108.0,4228084.0,17.0,6,49.0,981.613,"3,41",1.388.086,"91,6",SUBA,EL RINCON,41.0,0.0,14.0,27.0,272505.0,130755.0,141750.0,1.5045595493660668,1.5045595493660668,2.0649305953883217,0.9876543209876543
17.0,2021,1,0.0,0,0.0,0,4.0,1,0.0,0,2.0,4.285,226840.0,238870.0,6.0,2,32.0,981.613,"3,41",1.388.086,"91,6",SUBA,SAN JOSE DE BAVARIA,5.0,0.0,1.0,4.0,48272.0,22557.0,25715.0,1.0357971494862446,1.0357971494862446,1.7732854546260584,0.3888780867198134
24.0,2021,1,2.0,1,2.0,1,14.0,1,0.0,0,8.0,4.819999999999999,859833.0,845949.0,36.0,12,69.0,981.613,"3,41",1.388.086,"91,6",SUBA,NIZA,7.0,0.0,4.0,3.0,79640.0,36747.0,42893.0,0.8789552988448016,0.8789552988448016,0.8163931749530574,0.9325530972419742
44.0,2021,1,1.0,1,2.0,1,2.0,1,0.0,0,5.0,3.22875,673424.0,676672.0,20.0,7,33.0,979.914,"3,72",999.300,"88,94",KENNEDY,AMERICAS,17.0,0.0,5.0,12.0,80454.0,38038.0,42416.0,2.1130086757650335,2.1130086757650335,3.15473999684526,1.1788004526593738
62.0,2021,1,0.0,0,1.0,1,2.0,1,0.0,0,1.0,2.024,338366.0,403893.0,26.0,7,26.0,182.532,"3,63",829.895,"87,19",TUNJUELITO,TUNJUELITO,9.0,0.0,1.0,8.0,40570.0,20186.0,20384.0,2.2183879714074437,2.2183879714074437,3.9631427722183687,0.4905808477237049
69.0,2021,1,1.0,1,1.0,1,2.0,1,0.0,0,1.0,1.3691666666666666,1779216.0,1964304.0,13.0,6,22.0,593.937,"4,09",505.335,"83,5",CIUDAD BOLIVAR,ISMAEL PERDOMO,19.0,0.0,8.0,11.0,164827.0,80707.0,84120.0,1.1527237649171556,1.1527237649171556,1.362954886193267,0.951022349025202
93.0,2021,1,5.0,1,5.0,1,5.0,1,0.0,0,8.0,2.932857142857143,332178.0,96411.0,80.0,7,52.0,96.241,"3,18",896.890,"88,28",SANTA FE,LAS NIEVES,21.0,0.0,7.0,14.0,17660.0,9118.0,8542.0,11.891279728199322,11.891279728199322,15.354244351831541,8.19480215406228
18.0,2021,1,0.0,0,1.0,1,5.0,1,2.0,1,6.0,3.272,300834.0,346380.0,10.0,3,25.0,981.613,"3,41",1.388.086,"91,6",SUBA,BRITALIA,8.0,0.0,4.0,4.0,91263.0,42547.0,48716.0,0.8765874450763179,0.8765874450763179,0.9401367899029309,0.8210854749979474
15.0,2021,2,0.0,0,0.0,0,0.0,0,1.0,1,13.0,5.395,175550.0,49356.0,6.0,2,21.0,430.156,"3,12",1.867.529,"93,6",USAQUEN,COUNTRY CLUB,4.0,0.0,3.0,1.0,24914.0,11228.0,13686.0,1.6055229991169624,1.6055229991169624,0.8906305664410402,2.1920210434020166
86.0,2021,2,0.0,0,0.0,0,0.0,0,0.0,0,0.0,1.568,321440.0,368145.0,0.0,0,33.0,546.809,"3,98",703.807,"85,4",BOSA,EL PORVENIR,17.0,0.0,4.0,13.0,146365.0,69893.0,76472.0,1.1614798619888635,1.1614798619888635,1.8599859785672386,0.5230672664504655
71.0,2021,2,0.0,0,0.0,0,4.0,1,0.0,0,5.0,2.105,2325960.0,2670912.0,0.0,0,22.0,981.613,"3,41",1.388.086,"91,6",SUBA,TIBABUYES,15.0,0.0,6.0,9.0,300941.0,145773.0,155168.0,0.49843657062347774,0.49843657062347774,0.6173982836327716,0.38667766549804083
29.0,2021,2,3.0,1,2.0,1,3.0,1,0.0,0,5.0,2.713333333333334,1291554.0,1329381.0,30.0,9,32.0,824.337,"3,41",1.089.512,"91,78",ENGATIVA,MINUTO DE DIOS,22.0,0.0,14.0,8.0,108721.0,51115.0,57606.0,2.0235281132439913,2.0235281132439913,1.5650983077374547,2.430302399055654
80.0,2021,2,0.0,0,1.0,1,1.0,1,0.0,0,4.0,2.0025,247816.0,277108.0,11.0,4,19.0,979.914,"3,72",999.300,"88,94",KENNEDY,CORABASTOS,15.0,0.0,5.0,10.0,57214.0,28591.0,28623.0,2.6217359387562484,2.6217359387562484,3.497604141163303,1.746846941271006
99.0,2021,2,7.0,1,3.0,1,1.0,1,0.0,0,16.0,3.692,79566.0,121692.0,22.0,6,62.0,122.507,"2,43",2.288.835,"96,61",CHAPINERO,CHAPINERO,31.0,0.0,13.0,18.0,24681.0,12298.0,12383.0,12.560269032859283,12.560269032859283,14.63652626443324,10.498263748687716
3.0,2021,2,0.0,0,0.0,0,0.0,0,0.0,0,0.0,6.0,0.0,1169.0,0.0,0,26.0,981.613,"3,41",1.388.086,"91,6",SUBA,GUAYMARAL,0.0,0.0,0.0,0.0,0.0,0.0,0.0,0.0,0.0,0.0,0.0
97.0,2021,2,12.0,1,3.0,1,7.0,1,0.0,0,16.0,5.211875,94384.0,420656.0,63.0,15,98.0,122.507,"2,43",2.288.835,"96,61",CHAPINERO,CHICO LAGO,55.0,0.0,27.0,28.0,36082.0,16937.0,19145.0,15.243057480184026,15.243057480184026,16.531853338843952,14.10289892922434
94.0,2021,2,4.0,1,0.0,0,0.0,0,1.0,1,6.0,2.40875,203598.0,216855.0,43.0,8,36.0,22.115,"2,83",1.050.888,"88,9",CANDELARIA,LA CANDELARIA,16.0,0.0,10.0,6.0,17361.0,9066.0,8295.0,9.21605898277749,9.21605898277749,6.618133686300463,12.055455093429776
76.0,2021,2,0.0,0,0.0,0,2.0,1,0.0,0,1.0,2.186666666666667,120020.0,128536.0,0.0,0,21.0,317.179,"3,46",1.428.379,"90,03",FONTIBON,FONTIBON SAN PABLO,8.0,0.0,3.0,5.0,33840.0,16586.0,17254.0,2.3640661938534278,2.3640661938534278,3.0145906185939952,1.7387272516517909
114.0,2021,2,0.0,0,0.0,0,2.0,1,0.0,0,8.0,3.8,191930.0,197050.0,9.0,4,24.0,317.179,"3,46",1.428.379,"90,03",FONTIBON,MODELIA,4.0,0.0,2.0,2.0,43500.0,20076.0,23424.0,0.9195402298850575,0.9195402298850575,0.9962143853357243,0.8538251366120219
89.0,2021,2,0.0,0,0.0,0,0.0,0,0.0,0,0.0,2.0666666666666664,28245.0,48603.0,0.0,0,3.0,122.507,"2,43",2.288.835,"96,61",CHAPINERO,SAN ISIDRO - PATIOS,0.0,0.0,0.0,0.0,0.0,0.0,0.0,0.0,0.0,0.0,0.0
38.0,2021,2,0.0,0,5.0,1,5.0,1,0.0,0,4.0,3.008,1246305.0,1155330.0,52.0,15,75.0,119.565,"3,92",1.095.184,"90,79",ANTONIO NARIÑO,RESTREPO,36.0,0.0,21.0,15.0,55198.0,26255.0,28943.0,6.521975433892533,6.521975433892533,5.713197486193105,7.255640396641675
52.0,2021,2,0.0,0,0.0,0,0.0,0,0.0,0,0.0,1.0,614920.0,740280.0,0.0,0,176.0,314.431,"4,07",569.872,"82,91",USME,LA FLORA,2.0,0.0,0.0,2.0,19494.0,9683.0,9811.0,1.0259567046270648,1.0259567046270648,2.0654755757513166,0.0
96.0,2021,2,0.0,0,0.0,0,1.0,1,0.0,0,4.0,1.7264285714285716,628474.0,648214.0,4.0,2,16.0,96.241,"3,18",896.890,"88,28",SANTA FE,LOURDES,0.0,0.0,0.0,0.0,0.0,0.0,0.0,0.0,0.0,0.0,0.0
84.0,2021,2,0.0,0,0.0,0,4.0,1,0.0,0,2.0,1.98,990222.0,1073760.0,1.0,1,30.0,546.809,"3,98",703.807,"85,4",BOSA,BOSA OCCIDENTAL,25.0,0.0,10.0,15.0,199961.0,97662.0,102299.0,1.2502437975405205,1.2502437975405205,1.5359095656447748,0.9775266620397072
111.0,2021,2,3.0,1,0.0,0,1.0,1,0.0,0,7.0,2.9375,64585.0,73290.0,16.0,5,63.0,250.715,"3,55",1.116.511,"90,43",PUENTE ARANDA,PUENTE ARANDA,10.0,0.0,5.0,5.0,12255.0,9822.0,2433.0,8.159934720522235,8.159934720522235,5.090612909794339,20.55076037813399
112.0,2021,2,1.0,1,1.0,1,1.0,1,0.0,0,11.0,3.1133333333333333,126427.0,160027.0,0.0,0,71.0,317.179,"3,46",1.428.379,"90,03",FONTIBON,GRANJAS DE TECHO,17.0,0.0,6.0,11.0,51360.0,23789.0,27571.0,3.309968847352025,3.309968847352025,4.623985875824961,2.176199630046063
75.0,2021,2,0.0,0,2.0,1,7.0,1,1.0,1,5.0,2.913,1316550.0,1374890.0,0.0,0,58.0,317.179,"3,46",1.428.379,"90,03",FONTIBON,FONTIBON,17.0,0.0,10.0,7.0,131922.0,62819.0,69103.0,1.2886402571216324,1.2886402571216324,1.114312548751174,1.4471151758968495
12.0,2021,2,1.0,1,2.0,1,6.0,1,0.0,0,6.0,3.378,256245.0,260090.0,9.0,3,42.0,430.156,"3,12",1.867.529,"93,6",USAQUEN,TOBERIN,5.0,0.0,1.0,4.0,60994.0,28059.0,32935.0,0.8197527625668098,0.8197527625668098,1.425567554082469,0.3036283588887202
16.0,2021,2,5.0,1,2.0,1,9.0,1,0.0,0,18.0,5.738888888888889,464238.0,463266.0,18.0,6,60.0,430.156,"3,12",1.867.529,"93,6",USAQUEN,SANTA BARBARA,34.0,0.0,14.0,20.0,72077.0,32511.0,39566.0,4.717177462990968,4.717177462990968,6.151764018332257,3.5383915482990447
82.0,2021,2,0.0,0,0.0,0,2.0,1,2.0,1,2.0,1.9566666666666668,963012.0,1044870.0,9.0,4,29.0,979.914,"3,72",999.300,"88,94",KENNEDY,PATIO BONITO,25.0,0.0,8.0,17.0,139765.0,69471.0,70294.0,1.788716774585912,1.788716774585912,2.4470642426336164,1.138077218539278
35.0,2021,2,1.0,1,0.0,0,2.0,1,1.0,1,2.0,2.666,168705.0,154565.0,35.0,5,22.0,119.565,"3,92",1.095.184,"90,79",ANTONIO NARIÑO,CIUDAD JARDIN,9.0,0.0,1.0,8.0,26040.0,12323.0,13717.0,3.456221198156682,3.456221198156682,6.491925667451107,0.7290223809870963
68.0,2021,2,0.0,0,0.0,0,1.0,1,0.0,0,0.0,1.055,351536.0,380992.0,0.0,0,13.0,593.937,"4,09",505.335,"83,5",CIUDAD BOLIVAR,EL TESORO,3.0,0.0,2.0,1.0,53474.0,26638.0,26836.0,0.5610203089351835,0.5610203089351835,0.37540355882573767,0.7452675510508272
27.0,2021,2,1.0,1,5.0,1,7.0,1,3.0,1,3.0,2.840909090909091,1497236.0,1751217.0,16.0,6,48.0,981.613,"3,41",1.388.086,"91,6",SUBA,SUBA,21.0,0.0,11.0,10.0,182328.0,85641.0,96687.0,1.151770435698302,1.151770435698302,1.1676650202589882,1.137691726912615
22.0,2021,2,1.0,1,0.0,0,5.0,1,0.0,0,3.0,3.292222222222222,847206.0,887247.0,37.0,8,38.0,230.066,"3,36",1.462.840,"92,44",BARRIOS UNIDOS,DOCE DE OCTUBRE,14.0,0.0,7.0,7.0,69957.0,33637.0,36320.0,2.0012293265863317,2.0012293265863317,2.0810417100217022,1.9273127753303965
105.0,2021,2,1.0,1,0.0,0,0.0,0,0.0,0,3.0,2.67,1601.0,2464.0,4.0,1,11.0,824.337,"3,41",1.089.512,"91,78",ENGATIVA,JARDIN BOTANICO,2.0,0.0,1.0,1.0,3136.0,1854.0,1282.0,6.377551020408163,6.377551020408163,5.393743257820927,7.800312012480499
104.0,2021,2,0.0,0,0.0,0,0.0,0,0.0,0,8.0,4.0,19494.0,20424.0,21.0,5,34.0,139.298,"2,87",1.933.116,"96,03",TEUSAQUILLO,PARQUE SIMON BOLIVAR - CAN,6.0,0.0,4.0,2.0,3131.0,1633.0,1498.0,19.16320664324497,19.16320664324497,12.24739742804654,26.7022696929239
74.0,2021,2,0.0,0,0.0,0,3.0,1,0.0,0,2.0,2.0016666666666665,712512.0,784968.0,0.0,0,15.0,824.337,"3,41",1.089.512,"91,78",ENGATIVA,ENGATIVA,14.0,0.0,7.0,7.0,144349.0,69835.0,74514.0,0.9698716305620406,0.9698716305620406,1.0023627121071097,0.9394207799876533
47.0,2021,2,2.0,1,0.0,0,2.0,1,0.0,0,4.0,3.0,865592.0,770256.0,9.0,4,28.0,979.914,"3,72",999.300,"88,94",KENNEDY,KENNEDY CENTRAL,13.0,0.0,6.0,7.0,94320.0,44704.0,49616.0,1.3782866836301952,1.3782866836301952,1.5658554044380817,1.2092873266688164
70.0,2021,2,0.0,0,0.0,0,0.0,0,0.0,0,1.0,1.1733333333333331,789975.0,888237.0,0.0,0,23.0,593.937,"4,09",505.335,"83,5",CIUDAD BOLIVAR,JERUSALEM,16.0,0.0,5.0,11.0,101414.0,49755.0,51659.0,1.577691442996036,1.577691442996036,2.2108330821023015,0.9678855572117152
66.0,2021,2,0.0,0,0.0,0,0.0,0,0.0,0,0.0,1.8425,597168.0,609704.0,4.0,3,26.0,593.937,"4,09",505.335,"83,5",CIUDAD BOLIVAR,SAN FRANCISCO,12.0,0.0,4.0,8.0,70395.0,34479.0,35916.0,1.704666524611123,1.704666524611123,2.3202529075669247,1.1137097672346585
65.0,2021,2,0.0,0,0.0,0,1.0,1,0.0,0,1.0,2.463333333333334,349194.0,364512.0,9.0,3,21.0,593.937,"4,09",505.335,"83,5",CIUDAD BOLIVAR,ARBORIZADORA,19.0,0.0,11.0,8.0,84648.0,40496.0,44152.0,2.244589358283716,2.244589358283716,1.9755037534571314,2.491393368363834
79.0,2021,2,0.0,0,0.0,0,0.0,0,1.0,1,1.0,2.1333333333333333,167274.0,204984.0,3.0,2,22.0,979.914,"3,72",999.300,"88,94",KENNEDY,CALANDAIMA,6.0,0.0,1.0,5.0,138736.0,65739.0,72997.0,0.4324760696574789,0.4324760696574789,0.7605835196762957,0.13699193117525377
59.0,2021,2,0.0,0,0.0,0,0.0,0,0.0,0,0.0,1.0,163808.0,216380.0,0.0,0,6.0,314.431,"4,07",569.872,"82,91",USME,ALFONSO LOPEZ,4.0,0.0,1.0,3.0,51564.0,25513.0,26051.0,0.7757350089209526,0.7757350089209526,1.1758711245247522,0.3838624237073433
45.0,2021,2,0.0,0,0.0,0,2.0,1,0.0,0,5.0,2.7914285714285714,737583.0,674359.0,9.0,4,35.0,979.914,"3,72",999.300,"88,94",KENNEDY,CARVAJAL,18.0,0.0,3.0,15.0,89951.0,43493.0,46458.0,2.001089482051339,2.001089482051339,3.44883084634309,0.6457445434586078
20.0,2021,2,2.0,1,1.0,1,8.0,1,23.0,1,24.0,4.996666666666667,231126.0,219822.0,33.0,6,26.0,981.613,"3,41",1.388.086,"91,6",SUBA,LA ALHAMBRA,9.0,0.0,3.0,6.0,40213.0,18346.0,21867.0,2.2380822122199286,2.2380822122199286,3.2704676768777934,1.3719303059404582
51.0,2021,2,0.0,0,0.0,0,1.0,1,0.0,0,0.0,1.68875,263745.0,660861.0,0.0,0,15.0,404.35,"3,73",706.208,"83,68",SAN CRISTOBAL,LOS LIBERTADORES,8.0,0.0,2.0,6.0,77761.0,37720.0,40041.0,1.0287933539949332,1.0287933539949332,1.5906680805938496,0.499488024774606
115.0,2021,2,3.0,1,2.0,1,0.0,0,0.0,0,5.0,3.314,77135.0,83285.0,6.0,3,26.0,317.179,"3,46",1.428.379,"90,03",FONTIBON,CAPELLANIA,6.0,0.0,1.0,5.0,17858.0,8402.0,9456.0,3.359838727741068,3.359838727741068,5.9509640561771,1.0575296108291032
43.0,2021,2,0.0,0,0.0,0,4.0,1,0.0,0,6.0,3.0,844074.0,844239.0,17.0,8,31.0,250.715,"3,55",1.116.511,"90,43",PUENTE ARANDA,SAN RAFAEL,12.0,0.0,4.0,8.0,72940.0,34547.0,38393.0,1.6451878256100905,1.6451878256100905,2.3156858772107562,1.041856588440601
25.0,2021,2,2.0,1,2.0,1,4.0,1,0.0,0,11.0,4.04,127070.0,126620.0,24.0,5,25.0,981.613,"3,41",1.388.086,"91,6",SUBA,LA FLORESTA,5.0,0.0,3.0,2.0,44296.0,20271.0,24025.0,1.1287700921076396,1.1287700921076396,0.9866311479453407,1.2486992715920917
56.0,2021,2,0.0,0,0.0,0,0.0,0,0.0,0,0.0,1.508,205135.0,253351.0,6.0,6,8.0,314.431,"4,07",569.872,"82,91",USME,DANUBIO,7.0,0.0,1.0,6.0,56224.0,27160.0,29064.0,1.245019920318725,1.245019920318725,2.2091310751104567,0.34406826314340766
26.0,2021,2,0.0,0,3.0,1,8.0,1,4.0,1,9.0,3.0646153846153847,1441973.0,1441167.0,19.0,5,69.0,824.337,"3,41",1.089.512,"91,78",ENGATIVA,LAS FERIAS,27.0,0.0,9.0,18.0,101654.0,48414.0,53240.0,2.6560686249434355,2.6560686249434355,3.717932829346883,1.69045830202855
102.0,2021,2,1.0,1,2.0,1,3.0,1,0.0,0,14.0,2.8186666666666667,764715.0,782955.0,131.0,15,94.0,94.944,"3,53",1.059.511,"89,78",LOS MARTIRES,LA SABANA,53.0,0.0,16.0,37.0,39716.0,18779.0,20937.0,13.344747708731997,13.344747708731997,19.702859577187287,7.641973539666618
2.0,2021,2,0.0,0,0.0,0,0.0,0,0.0,0,0.0,5.058,10545.0,13800.0,3.0,2,95.0,981.613,"3,41",1.388.086,"91,6",SUBA,LA ACADEMIA,1.0,0.0,0.0,1.0,5589.0,2700.0,2889.0,1.7892288423689389,1.7892288423689389,3.7037037037037037,0.0
116.0,2021,2,1.0,1,1.0,1,2.0,1,0.0,0,8.0,3.155,24638.0,27282.0,3.0,1,17.0,824.337,"3,41",1.089.512,"91,78",ENGATIVA,ALAMOS,12.0,0.0,7.0,5.0,12296.0,5772.0,6524.0,9.759271307742356,9.759271307742356,8.662508662508662,10.729613733905579
81.0,2021,2,1.0,1,0.0,0,1.0,1,3.0,1,3.0,2.0025,290204.0,283616.0,1.0,1,16.0,979.914,"3,72",999.300,"88,94",KENNEDY,GRAN BRITALIA,11.0,0.0,3.0,8.0,63122.0,30878.0,32244.0,1.7426570767719654,1.7426570767719654,2.5908413757367703,0.9304056568663938
52.0,2021,2,0.0,0,0.0,0,0.0,0,0.0,0,0.0,1.0,614920.0,740280.0,0.0,0,176.0,314.431,"4,07",569.872,"82,91",USME,LA FLORA,2.0,0.0,0.0,2.0,19494.0,9683.0,9811.0,1.0259567046270648,1.0259567046270648,2.0654755757513166,0.0
33.0,2021,2,0.0,0,0.0,0,2.0,1,0.0,0,2.0,2.8193333333333332,1647904.0,748256.0,42.0,13,30.0,404.35,"3,73",706.208,"83,68",SAN CRISTOBAL,SOSIEGO,14.0,0.0,6.0,8.0,44097.0,21364.0,22733.0,3.174819148694923,3.174819148694923,3.7446171129002064,2.6393348876083227
19.0,2021,2,2.0,1,7.0,1,9.0,1,0.0,0,13.0,3.51625,692512.0,712104.0,25.0,8,34.0,981.613,"3,41",1.388.086,"91,6",SUBA,EL PRADO,17.0,0.0,7.0,10.0,99865.0,46097.0,53768.0,1.702298102438292,1.702298102438292,2.1693385686704123,1.3018895997619402
41.0,2021,2,0.0,0,0.0,0,1.0,1,0.0,0,4.0,3.0,523602.0,513468.0,24.0,8,22.0,250.715,"3,55",1.116.511,"90,43",PUENTE ARANDA,MUZU,23.0,0.0,11.0,12.0,58946.0,27893.0,31053.0,3.9018762935568145,3.9018762935568145,4.302154662460115,3.5423308537017357
37.0,2021,2,0.0,0,1.0,1,2.0,1,0.0,0,8.0,3.0,307027.0,315602.0,40.0,7,41.0,94.944,"3,53",1.059.511,"89,78",LOS MARTIRES,SANTA ISABEL,10.0,0.0,4.0,6.0,44974.0,20632.0,24342.0,2.223506915106506,2.223506915106506,2.908103916246607,1.6432503491906991
107.0,2021,2,1.0,1,1.0,1,3.0,1,0.0,0,6.0,3.77,207448.0,216792.0,32.0,8,35.0,139.298,"2,87",1.933.116,"96,03",TEUSAQUILLO,QUINTA PAREDES,10.0,0.0,2.0,8.0,27157.0,12142.0,15015.0,3.6822918584527007,3.6822918584527007,6.588700378850271,1.332001332001332
73.0,2021,2,1.0,1,0.0,0,4.0,1,0.0,0,5.0,2.775714285714286,955689.0,1044302.0,4.0,2,40.0,824.337,"3,41",1.089.512,"91,78",ENGATIVA,GARCES NAVAS,21.0,0.0,10.0,11.0,171250.0,80812.0,90438.0,1.2262773722627738,1.2262773722627738,1.361183982576845,1.1057298923019083
31.0,2021,2,0.0,0,1.0,1,3.0,1,0.0,0,9.0,3.318333333333334,409362.0,391260.0,10.0,4,38.0,824.337,"3,41",1.089.512,"91,78",ENGATIVA,SANTA CECILIA,16.0,0.0,7.0,9.0,68316.0,31982.0,36334.0,2.342057497511564,2.342057497511564,2.814082921643424,1.926570154676061
58.0,2021,2,0.0,0,0.0,0,0.0,0,0.0,0,0.0,1.5654545454545454,857659.0,954745.0,0.0,0,29.0,314.431,"4,07",569.872,"82,91",USME,COMUNEROS,5.0,0.0,0.0,5.0,96410.0,47234.0,49176.0,0.5186184005808526,0.5186184005808526,1.058559512215777,0.0
13.0,2021,2,3.0,1,1.0,1,8.0,1,1.0,1,5.0,4.381666666666667,1717632.0,1842552.0,20.0,5,88.0,430.156,"3,12",1.867.529,"93,6",USAQUEN,LOS CEDROS,23.0,0.0,7.0,16.0,130855.0,58135.0,72720.0,1.7576707042145887,1.7576707042145887,2.752214672744474,0.9625962596259626
63.0,2021,2,0.0,0,0.0,0,0.0,0,0.0,0,0.0,,1596.0,5864.0,2.0,2,6.0,593.937,"4,09",505.335,"83,5",CIUDAD BOLIVAR,EL MOCHUELO,0.0,0.0,0.0,0.0,0.0,0.0,0.0,0.0,0.0,0.0,0.0
87.0,2021,2,0.0,0,0.0,0,0.0,0,0.0,0,1.0,1.765,212992.0,339512.0,0.0,0,47.0,546.809,"3,98",703.807,"85,4",BOSA,TINTAL SUR,9.0,0.0,2.0,7.0,118700.0,55819.0,62881.0,0.7582139848357203,0.7582139848357203,1.2540532793493255,0.3180610995372211
77.0,2021,2,1.0,1,0.0,0,0.0,0,0.0,0,1.0,2.045,283878.0,356976.0,0.0,0,13.0,317.179,"3,46",1.428.379,"90,03",FONTIBON,ZONA FRANCA,10.0,0.0,5.0,5.0,63557.0,29730.0,33827.0,1.5733908145444246,1.5733908145444246,1.6818028927009754,1.478109202707896
39.0,2021,2,1.0,1,2.0,1,6.0,1,0.0,0,2.0,3.0,1410480.0,1306815.0,45.0,15,69.0,378.78,"3,72",591.317,"87,06",RAFAEL URIBE URIBE,QUIROGA,26.0,0.0,7.0,19.0,92068.0,44333.0,47735.0,2.8239996524308117,2.8239996524308117,4.285746509372251,1.466429244788939
108.0,2021,2,0.0,0,0.0,0,1.0,1,1.0,1,7.0,2.685714285714286,33520.0,33976.0,48.0,8,66.0,250.715,"3,55",1.116.511,"90,43",PUENTE ARANDA,ZONA INDUSTRIAL,12.0,0.0,2.0,10.0,6571.0,3269.0,3302.0,18.262060569167556,18.262060569167556,30.59039461609055,6.0569351907934585
61.0,2021,2,0.0,0,0.0,0,0.0,0,1.0,1,0.0,1.2366666666666666,79500.0,134960.0,0.0,0,65.0,314.431,"4,07",569.872,"82,91",USME,CIUDAD USME,1.0,0.0,1.0,0.0,27723.0,13439.0,14284.0,0.3607113227284205,0.3607113227284205,0.0,0.7000840100812098
1.0,2021,2,0.0,0,0.0,0,0.0,0,0.0,0,0.0,4.0,52488.0,63828.0,3.0,3,83.0,430.156,"3,12",1.867.529,"93,6",USAQUEN,PASEO DE LOS LIBERTADORES,2.0,0.0,0.0,2.0,2545.0,1258.0,1287.0,7.858546168958743,7.858546168958743,15.898251192368841,0.0
46.0,2021,2,1.0,1,0.0,0,4.0,1,0.0,0,5.0,2.72,884656.0,1003288.0,18.0,6,40.0,979.914,"3,72",999.300,"88,94",KENNEDY,CASTILLA,19.0,0.0,12.0,7.0,146650.0,69698.0,76952.0,1.2956017729287421,1.2956017729287421,1.0043329794255216,1.5594136604636657
85.0,2021,2,1.0,1,2.0,1,4.0,1,1.0,1,2.0,1.9988888888888892,2537808.0,2654832.0,17.0,6,39.0,546.809,"3,98",703.807,"85,4",BOSA,BOSA CENTRAL,47.0,0.0,17.0,30.0,234732.0,113175.0,121557.0,2.0022834551744118,2.0022834551744118,2.6507620941020544,1.3985208585272753
60.0,2021,2,0.0,0,0.0,0,0.0,0,0.0,0,1.0,1.11,10544.0,15584.0,0.0,0,0.0,314.431,"4,07",569.872,"82,91",USME,PARQUE ENTRENUBES,0.0,0.0,0.0,0.0,0.0,0.0,0.0,0.0,0.0,0.0,0.0
60.0,2021,2,0.0,0,0.0,0,0.0,0,0.0,0,1.0,1.11,10544.0,15584.0,0.0,0,0.0,314.431,"4,07",569.872,"82,91",USME,PARQUE ENTRENUBES,0.0,0.0,0.0,0.0,0.0,0.0,0.0,0.0,0.0,0.0,0.0
30.0,2021,2,1.0,1,4.0,1,9.0,1,1.0,1,7.0,3.001818181818182,1427481.0,1341120.0,25.0,7,42.0,824.337,"3,41",1.089.512,"91,78",ENGATIVA,BOYACA REAL,28.0,0.0,8.0,20.0,129876.0,61720.0,68156.0,2.1559025532045952,2.1559025532045952,3.240440699935191,1.173777803861729
72.0,2021,2,0.0,0,0.0,0,1.0,1,0.0,0,6.0,3.0,331356.0,345116.0,4.0,2,21.0,824.337,"3,41",1.089.512,"91,78",ENGATIVA,BOLIVIA,14.0,0.0,6.0,8.0,84724.0,38581.0,46143.0,1.6524243425711724,1.6524243425711724,2.0735595241180893,1.300305571809375
57.0,2021,2,0.0,0,2.0,1,2.0,1,0.0,0,0.0,1.7740000000000002,1391324.0,1519562.0,3.0,3,23.0,314.431,"4,07",569.872,"82,91",USME,GRAN YOMASA,15.0,0.0,3.0,12.0,127124.0,61887.0,65237.0,1.1799502847613355,1.1799502847613355,1.9390178874400117,0.4598617349050385
23.0,2021,2,0.0,0,0.0,0,5.0,1,10.0,1,6.0,3.5728571428571425,209118.0,255647.0,7.0,5,41.0,981.613,"3,41",1.388.086,"91,6",SUBA,CASA BLANCA SUBA,5.0,0.0,4.0,1.0,59007.0,27543.0,31464.0,0.8473570932262274,0.8473570932262274,0.3630686562829031,1.2712941774726672
88.0,2021,2,0.0,0,0.0,0,0.0,0,0.0,0,20.0,5.9375,358776.0,369156.0,3.0,2,60.0,122.507,"2,43",2.288.835,"96,61",CHAPINERO,EL REFUGIO,13.0,0.0,9.0,4.0,38828.0,17502.0,21326.0,3.34809930977645,3.34809930977645,2.2854530910753055,4.220200693988558
9.0,2021,2,0.0,0,2.0,1,4.0,1,0.0,0,0.0,2.7445454545454546,927663.0,1059410.0,9.0,4,60.0,430.156,"3,12",1.867.529,"93,6",USAQUEN,VERBENAL,8.0,0.0,2.0,6.0,127453.0,60391.0,67062.0,0.6276823613410434,0.6276823613410434,0.9935255253266215,0.2982314872804271
109.0,2021,2,0.0,0,0.0,0,1.0,1,0.0,0,9.0,4.123333333333334,44058.0,53832.0,12.0,3,32.0,139.298,"2,87",1.933.116,"96,03",TEUSAQUILLO,CIUDAD SALITRE ORIENTAL,14.0,0.0,8.0,6.0,24099.0,10726.0,13373.0,5.809369683389352,5.809369683389352,5.593884020137983,5.982202946234951
49.0,2021,2,0.0,0,1.0,1,0.0,0,0.0,0,2.0,2.3333333333333335,124191.0,114375.0,10.0,3,11.0,546.809,"3,98",703.807,"85,4",BOSA,APOGEO,9.0,0.0,4.0,5.0,35501.0,17036.0,18465.0,2.535139855215346,2.535139855215346,2.934961258511388,2.166260492824262
14.0,2021,2,1.0,1,0.0,0,1.0,1,0.0,0,20.0,4.66,375100.0,457974.0,0.0,0,45.0,430.156,"3,12",1.867.529,"93,6",USAQUEN,USAQUEN,12.0,0.0,4.0,8.0,41886.0,19970.0,21916.0,2.8649190660363844,2.8649190660363844,4.006009013520281,1.825150574922431
32.0,2021,2,0.0,0,0.0,0,1.0,1,0.0,0,0.0,1.7457142857142858,1408200.0,1428675.0,0.0,0,47.0,404.35,"3,73",706.208,"83,68",SAN CRISTOBAL,SAN BLAS,10.0,0.0,6.0,4.0,103708.0,49930.0,53778.0,0.964245766961083,0.964245766961083,0.8011215701982776,1.1156978690170702
92.0,2021,2,0.0,0,0.0,0,0.0,0,0.0,0,11.0,2.5425,132324.0,86100.0,26.0,6,25.0,96.241,"3,18",896.890,"88,28",SANTA FE,LA MACARENA,0.0,0.0,0.0,0.0,0.0,0.0,0.0,0.0,0.0,0.0,0.0
11.0,2021,2,1.0,1,1.0,1,5.0,1,0.0,0,4.0,2.3000000000000003,373404.0,436080.0,0.0,0,21.0,430.156,"3,12",1.867.529,"93,6",USAQUEN,SAN CRISTOBAL NORTE,9.0,0.0,3.0,6.0,70017.0,33225.0,36792.0,1.2854021166288188,1.2854021166288188,1.8058690744920993,0.8153946510110893
36.0,2021,2,1.0,1,0.0,0,2.0,1,0.0,0,2.0,2.97,350595.0,343350.0,26.0,7,19.0,378.78,"3,72",591.317,"87,06",RAFAEL URIBE URIBE,SAN JOSE,14.0,0.0,6.0,8.0,48237.0,22809.0,25428.0,2.902336380786533,2.902336380786533,3.507387434784515,2.359603586597452
53.0,2021,2,0.0,0,1.0,1,1.0,1,0.0,0,2.0,2.442857142857143,479920.0,461139.0,21.0,6,14.0,378.78,"3,72",591.317,"87,06",RAFAEL URIBE URIBE,MARCO FIDEL SUAREZ,7.0,0.0,3.0,4.0,45951.0,22034.0,23917.0,1.52336184196209,1.52336184196209,1.8153762367250612,1.2543379186352803
50.0,2021,2,0.0,0,1.0,1,0.0,0,0.0,0,1.0,1.9327272727272728,215222.0,1432186.0,1.0,1,21.0,404.35,"3,73",706.208,"83,68",SAN CRISTOBAL,LA GLORIA,11.0,0.0,6.0,5.0,95719.0,46400.0,49319.0,1.1491971290966265,1.1491971290966265,1.0775862068965516,1.2165696790283662
110.0,2021,2,3.0,1,1.0,1,0.0,0,0.0,0,9.0,4.074999999999999,71780.0,82212.0,7.0,2,29.0,317.179,"3,46",1.428.379,"90,03",FONTIBON,CIUDAD SALITRE OCCIDENTAL,5.0,0.0,4.0,1.0,45154.0,21304.0,23850.0,1.1073216104885504,1.1073216104885504,0.4693954187007135,1.6771488469601676
10.0,2021,2,0.0,0,1.0,1,1.0,1,10.0,1,2.0,2.87125,122265.0,153495.0,5.0,2,29.0,430.156,"3,12",1.867.529,"93,6",USAQUEN,LA URIBE,9.0,0.0,2.0,7.0,36225.0,16591.0,19634.0,2.4844720496894412,2.4844720496894412,4.2191549635344465,1.0186411327289395
42.0,2021,2,0.0,0,2.0,1,1.0,1,4.0,1,1.0,2.4250000000000003,2179040.0,2310720.0,35.0,13,66.0,182.532,"3,63",829.895,"87,19",TUNJUELITO,VENECIA,26.0,0.0,15.0,11.0,138482.0,67336.0,71146.0,1.8775003249519793,1.8775003249519793,1.6335986693596292,2.108340595395384
103.0,2021,2,0.0,0,0.0,0,0.0,0,0.0,0,4.0,3.0,10953.0,12423.0,5.0,2,15.0,230.066,"3,36",1.462.840,"92,44",BARRIOS UNIDOS,PARQUE SALITRE,4.0,0.0,1.0,3.0,1282.0,673.0,609.0,31.201248049921997,31.201248049921997,44.576523031203564,16.420361247947454
21.0,2021,2,1.0,1,0.0,0,7.0,1,0.0,0,22.0,3.762,225860.0,233125.0,52.0,5,22.0,230.066,"3,36",1.462.840,"92,44",BARRIOS UNIDOS,LOS ANDES,11.0,0.0,2.0,9.0,29182.0,12994.0,16188.0,3.7694469193338356,3.7694469193338356,6.926273664768354,1.2354830738818878
55.0,2021,2,0.0,0,0.0,0,0.0,0,0.0,0,0.0,1.5539999999999998,379860.0,395955.0,0.0,0,7.0,378.78,"3,72",591.317,"87,06",RAFAEL URIBE URIBE,DIANA TURBAY,3.0,0.0,1.0,2.0,74939.0,36132.0,38807.0,0.4003255981531646,0.4003255981531646,0.5535259603675413,0.2576854691163965
113.0,2021,2,0.0,0,0.0,0,3.0,1,0.0,0,7.0,3.2925,104270.0,104965.0,8.0,3,26.0,979.914,"3,72",999.300,"88,94",KENNEDY,BAVARIA,8.0,0.0,1.0,7.0,42429.0,19776.0,22653.0,1.8855028400386526,1.8855028400386526,3.539644012944984,0.4414426345296429
60.0,2021,2,0.0,0,0.0,0,0.0,0,0.0,0,1.0,1.11,10544.0,15584.0,0.0,0,0.0,314.431,"4,07",569.872,"82,91",USME,PARQUE ENTRENUBES,0.0,0.0,0.0,0.0,0.0,0.0,0.0,0.0,0.0,0.0,0.0
60.0,2021,2,0.0,0,0.0,0,0.0,0,0.0,0,1.0,1.11,10544.0,15584.0,0.0,0,0.0,314.431,"4,07",569.872,"82,91",USME,PARQUE ENTRENUBES,0.0,0.0,0.0,0.0,0.0,0.0,0.0,0.0,0.0,0.0,0.0
90.0,2021,2,0.0,0,1.0,1,4.0,1,0.0,0,23.0,3.05,275954.0,520674.0,22.0,10,60.0,122.507,"2,43",2.288.835,"96,61",CHAPINERO,PARDO RUBIO,6.0,0.0,3.0,3.0,49773.0,24378.0,25395.0,1.2054728467241276,1.2054728467241276,1.2306177701206005,1.1813349084465445
67.0,2021,2,0.0,0,1.0,1,1.0,1,0.0,0,0.0,1.256470588235294,2609568.0,2765373.0,2.0,1,30.0,593.937,"4,09",505.335,"83,5",CIUDAD BOLIVAR,LUCERO,17.0,0.0,9.0,8.0,161398.0,80209.0,81189.0,1.0532968190436065,1.0532968190436065,0.9973943073719908,1.108524553818867
83.0,2021,2,0.0,0,0.0,0,0.0,0,0.0,0,1.0,2.0,24432.0,29572.0,1.0,1,11.0,979.914,"3,72",999.300,"88,94",KENNEDY,LAS MARGARITAS,5.0,0.0,1.0,4.0,33332.0,15905.0,17427.0,1.5000600024000958,1.5000600024000958,2.5149324111914493,0.5738222298731853
101.0,2021,2,1.0,1,0.0,0,3.0,1,0.0,0,17.0,3.8711111111111105,267970.0,273160.0,65.0,10,59.0,139.298,"2,87",1.933.116,"96,03",TEUSAQUILLO,TEUSAQUILLO,27.0,0.0,8.0,19.0,27179.0,12742.0,14437.0,9.934140328930424,9.934140328930424,14.911316904724533,5.541317448223316
54.0,2021,2,0.0,0,0.0,0,0.0,0,0.0,0,2.0,1.83,984621.0,1061115.0,21.0,8,28.0,378.78,"3,72",591.317,"87,06",RAFAEL URIBE URIBE,MARRUECOS,12.0,0.0,3.0,9.0,120683.0,63530.0,57153.0,0.9943405450643421,0.9943405450643421,1.4166535495041712,0.5249068290378458
78.0,2021,2,0.0,0,1.0,1,0.0,0,0.0,0,3.0,1.956,79812.0,176088.0,0.0,0,25.0,979.914,"3,72",999.300,"88,94",KENNEDY,TINTAL NORTE,2.0,0.0,2.0,0.0,31602.0,14816.0,16786.0,0.6328713372571356,0.6328713372571356,0.0,1.1914690813773383
100.0,2021,2,1.0,1,2.0,1,2.0,1,1.0,1,10.0,3.59625,300195.0,309096.0,38.0,9,56.0,139.298,"2,87",1.933.116,"96,03",TEUSAQUILLO,GALERIAS,21.0,0.0,8.0,13.0,36268.0,16800.0,19468.0,5.790228300430131,5.790228300430131,7.738095238095238,4.109307581672488
34.0,2021,2,0.0,0,2.0,1,2.0,1,1.0,1,2.0,2.346363636363636,864012.0,1108236.0,26.0,12,30.0,404.35,"3,73",706.208,"83,68",SAN CRISTOBAL,20 DE JULIO,21.0,0.0,7.0,14.0,79989.0,38719.0,41270.0,2.6253609871357315,2.6253609871357315,3.615795862496449,1.696147322510298
106.0,2021,2,1.0,1,0.0,0,3.0,1,1.0,1,1.0,4.164,167560.0,168920.0,17.0,5,30.0,139.298,"2,87",1.933.116,"96,03",TEUSAQUILLO,LA ESMERALDA,4.0,0.0,1.0,3.0,38617.0,17206.0,21411.0,1.0358132428723101,1.0358132428723101,1.743577821690108,0.46704964737751625
91.0,2021,2,2.0,1,1.0,1,1.0,1,0.0,0,14.0,3.3285714285714287,96894.0,41153.0,42.0,7,37.0,96.241,"3,18",896.890,"88,28",SANTA FE,SAGRADO CORAZON,14.0,0.0,7.0,7.0,11465.0,5724.0,5741.0,12.211077191452246,12.211077191452246,12.22921034241789,12.192997735586134
95.0,2021,2,0.0,0,0.0,0,1.0,1,0.0,0,11.0,2.0,260205.0,69723.0,19.0,3,15.0,96.241,"3,18",896.890,"88,28",SANTA FE,LAS CRUCES,10.0,0.0,5.0,5.0,21364.0,10777.0,10587.0,4.6807713911252575,4.6807713911252575,4.639510067736847,4.722773212430339
40.0,2021,2,1.0,1,0.0,0,3.0,1,0.0,0,3.0,3.0,1219392.0,1267944.0,21.0,8,62.0,250.715,"3,55",1.116.511,"90,43",PUENTE ARANDA,CIUDAD MONTES,14.0,0.0,3.0,11.0,101529.0,47781.0,53748.0,1.378916368722237,1.378916368722237,2.302170318745945,0.5581603036392052
117.0,2021,2,0.0,0,0.0,0,0.0,0,0.0,0,5.0,3.0,824.0,1670.0,1.0,1,17.0,317.179,"3,46",1.428.379,"90,03",FONTIBON,AEROPUERTO EL DORADO,2.0,0.0,0.0,2.0,853.0,576.0,277.0,23.446658851113714,23.446658851113714,34.72222222222222,0.0
64.0,2021,2,0.0,0,0.0,0,0.0,0,0.0,0,0.0,1.0,5590.0,25895.0,0.0,0,7.0,593.937,"4,09",505.335,"83,5",CIUDAD BOLIVAR,MONTE BLANCO,0.0,0.0,0.0,0.0,0.0,0.0,0.0,0.0,0.0,0.0,0.0
48.0,2021,2,0.0,0,1.0,1,0.0,0,0.0,0,5.0,2.7455555555555557,1310472.0,1325682.0,5.0,3,18.0,979.914,"3,72",999.300,"88,94",KENNEDY,TIMIZA,12.0,0.0,7.0,5.0,143607.0,68959.0,74648.0,0.8356138628339844,0.8356138628339844,0.7250685189750431,0.9377344336084021
98.0,2021,2,0.0,0,3.0,1,8.0,1,0.0,0,23.0,3.0542105263157895,1522242.0,1559634.0,99.0,19,81.0,230.066,"3,36",1.462.840,"92,44",BARRIOS UNIDOS,LOS ALCAZARES,33.0,0.0,14.0,19.0,40566.0,19750.0,20816.0,8.134891288270966,8.134891288270966,9.620253164556962,6.725595695618755
28.0,2021,2,1.0,1,9.0,1,16.0,1,3.0,1,8.0,2.287857142857143,3797108.0,4228084.0,17.0,6,49.0,981.613,"3,41",1.388.086,"91,6",SUBA,EL RINCON,31.0,0.0,11.0,20.0,272505.0,130755.0,141750.0,1.1375938056182455,1.1375938056182455,1.5295782188061642,0.7760141093474427
17.0,2021,2,0.0,0,0.0,0,4.0,1,0.0,0,2.0,4.285,226840.0,238870.0,6.0,2,32.0,981.613,"3,41",1.388.086,"91,6",SUBA,SAN JOSE DE BAVARIA,9.0,0.0,2.0,7.0,48272.0,22557.0,25715.0,1.8644348690752404,1.8644348690752404,3.103249545595602,0.7777561734396268
24.0,2021,2,2.0,1,2.0,1,15.0,1,0.0,0,8.0,4.819999999999999,859833.0,845949.0,36.0,12,69.0,981.613,"3,41",1.388.086,"91,6",SUBA,NIZA,13.0,0.0,6.0,7.0,79640.0,36747.0,42893.0,1.6323455549974888,1.6323455549974888,1.9049174082238005,1.3988296458629614
44.0,2021,2,2.0,1,2.0,1,2.0,1,0.0,0,7.0,3.22875,673424.0,676672.0,20.0,7,33.0,979.914,"3,72",999.300,"88,94",KENNEDY,AMERICAS,15.0,0.0,5.0,10.0,80454.0,38038.0,42416.0,1.8644194197926764,1.8644194197926764,2.62894999737105,1.1788004526593738
62.0,2021,2,0.0,0,1.0,1,2.0,1,0.0,0,1.0,2.024,338366.0,403893.0,26.0,7,26.0,182.532,"3,63",829.895,"87,19",TUNJUELITO,TUNJUELITO,13.0,0.0,7.0,6.0,40570.0,20186.0,20384.0,3.2043381809218636,3.2043381809218636,2.9723570791637766,3.4340659340659343
69.0,2021,2,1.0,1,1.0,1,2.0,1,0.0,0,1.0,1.3691666666666666,1779216.0,1964304.0,13.0,6,22.0,593.937,"4,09",505.335,"83,5",CIUDAD BOLIVAR,ISMAEL PERDOMO,18.0,0.0,6.0,12.0,164827.0,80707.0,84120.0,1.0920540930794105,1.0920540930794105,1.4868598758472005,0.7132667617689016
93.0,2021,2,5.0,1,5.0,1,5.0,1,0.0,0,8.0,2.932857142857143,332178.0,96411.0,80.0,7,52.0,96.241,"3,18",896.890,"88,28",SANTA FE,LAS NIEVES,38.0,0.0,16.0,22.0,17660.0,9118.0,8542.0,21.517553793884485,21.517553793884485,24.128098267163853,18.730976352142356
18.0,2021,2,0.0,0,1.0,1,5.0,1,3.0,1,6.0,3.272,300834.0,346380.0,10.0,3,25.0,981.613,"3,41",1.388.086,"91,6",SUBA,BRITALIA,10.0,0.0,3.0,7.0,91263.0,42547.0,48716.0,1.0957343063453973,1.0957343063453973,1.645239382330129,0.6158141062484604
15.0,2021,3,0.0,0,0.0,0,0.0,0,1.0,1,13.0,5.395,175550.0,49356.0,6.0,2,21.0,430.156,"3,12",1.867.529,"93,6",USAQUEN,COUNTRY CLUB,7.0,0.0,1.0,6.0,24914.0,11228.0,13686.0,2.8096652484546842,2.8096652484546842,5.3437833986462415,0.7306736811340055
86.0,2021,3,0.0,0,0.0,0,0.0,0,0.0,0,0.0,1.568,321440.0,368145.0,0.0,0,33.0,546.809,"3,98",703.807,"85,4",BOSA,EL PORVENIR,13.0,0.0,6.0,7.0,146365.0,69893.0,76472.0,0.8881904826973661,0.8881904826973661,1.0015309115362052,0.7846008996756983
71.0,2021,3,0.0,0,0.0,0,4.0,1,0.0,0,7.0,2.105,2325960.0,2670912.0,0.0,0,22.0,981.613,"3,41",1.388.086,"91,6",SUBA,TIBABUYES,24.0,0.0,9.0,15.0,300941.0,145773.0,155168.0,0.7974985129975644,0.7974985129975644,1.0289971393879525,0.5800164982470613
29.0,2021,3,3.0,1,2.0,1,3.0,1,0.0,0,7.0,2.713333333333334,1291554.0,1329381.0,30.0,9,32.0,824.337,"3,41",1.089.512,"91,78",ENGATIVA,MINUTO DE DIOS,18.0,0.0,7.0,11.0,108721.0,51115.0,57606.0,1.655613910835993,1.655613910835993,2.1520101731390002,1.215151199527827
80.0,2021,3,0.0,0,1.0,1,1.0,1,0.0,0,4.0,2.0025,247816.0,277108.0,11.0,4,19.0,979.914,"3,72",999.300,"88,94",KENNEDY,CORABASTOS,17.0,0.0,8.0,9.0,57214.0,28591.0,28623.0,2.971300730590415,2.971300730590415,3.147843727046973,2.7949551060336093
99.0,2021,3,7.0,1,3.0,1,1.0,1,0.0,0,16.0,3.692,79566.0,121692.0,22.0,6,62.0,122.507,"2,43",2.288.835,"96,61",CHAPINERO,CHAPINERO,38.0,0.0,16.0,22.0,24681.0,12298.0,12383.0,15.39645881447267,15.39645881447267,17.88908765652952,12.920939998384883
3.0,2021,3,0.0,0,0.0,0,0.0,0,1.0,1,0.0,6.0,0.0,1169.0,0.0,0,26.0,981.613,"3,41",1.388.086,"91,6",SUBA,GUAYMARAL,1.0,0.0,0.0,1.0,2417.0,1178.0,1239.0,4.137360364087712,4.137360364087712,8.488964346349745,0.0
97.0,2021,3,12.0,1,3.0,1,7.0,1,1.0,1,17.0,5.211875,94384.0,420656.0,63.0,15,98.0,122.507,"2,43",2.288.835,"96,61",CHAPINERO,CHICO LAGO,85.0,0.0,45.0,40.0,36082.0,16937.0,19145.0,23.55745246937531,23.55745246937531,23.616933341205645,23.504831548707234
94.0,2021,3,4.0,1,0.0,0,0.0,0,2.0,1,6.0,2.40875,203598.0,216855.0,43.0,8,36.0,22.115,"2,83",1.050.888,"88,9",CANDELARIA,LA CANDELARIA,14.0,0.0,5.0,9.0,17361.0,9066.0,8295.0,8.064051609930305,8.064051609930305,9.927200529450694,6.027727546714888
76.0,2021,3,0.0,0,0.0,0,2.0,1,0.0,0,1.0,2.186666666666667,120020.0,128536.0,0.0,0,21.0,317.179,"3,46",1.428.379,"90,03",FONTIBON,FONTIBON SAN PABLO,7.0,0.0,2.0,5.0,33840.0,16586.0,17254.0,2.0685579196217496,2.0685579196217496,3.0145906185939952,1.159151501101194
114.0,2021,3,0.0,0,0.0,0,2.0,1,1.0,1,8.0,3.8,191930.0,197050.0,9.0,4,24.0,317.179,"3,46",1.428.379,"90,03",FONTIBON,MODELIA,18.0,0.0,5.0,13.0,43500.0,20076.0,23424.0,4.137931034482759,4.137931034482759,6.4753935046822075,2.1345628415300544
89.0,2021,3,0.0,0,0.0,0,0.0,0,0.0,0,0.0,2.0666666666666664,28245.0,48603.0,0.0,0,3.0,122.507,"2,43",2.288.835,"96,61",CHAPINERO,SAN ISIDRO - PATIOS,0.0,0.0,0.0,0.0,0.0,0.0,0.0,0.0,0.0,0.0,0.0
38.0,2021,3,1.0,1,5.0,1,5.0,1,0.0,0,5.0,3.008,1246305.0,1155330.0,52.0,15,75.0,119.565,"3,92",1.095.184,"90,79",ANTONIO NARIÑO,RESTREPO,33.0,0.0,18.0,15.0,55198.0,26255.0,28943.0,5.978477481068154,5.978477481068154,5.713197486193105,6.219120339978579
52.0,2021,3,0.0,0,0.0,0,0.0,0,0.0,0,0.0,1.0,614920.0,740280.0,0.0,0,176.0,314.431,"4,07",569.872,"82,91",USME,LA FLORA,6.0,0.0,0.0,6.0,19494.0,9683.0,9811.0,3.077870113881194,3.077870113881194,6.19642672725395,0.0
96.0,2021,3,0.0,0,0.0,0,1.0,1,0.0,0,4.0,1.7264285714285716,628474.0,648214.0,4.0,2,16.0,96.241,"3,18",896.890,"88,28",SANTA FE,LOURDES,5.0,0.0,1.0,4.0,45879.0,22331.0,23548.0,1.089823230671985,1.089823230671985,1.79123191975281,0.4246645150331238
84.0,2021,3,0.0,0,0.0,0,4.0,1,0.0,0,2.0,1.98,990222.0,1073760.0,1.0,1,30.0,546.809,"3,98",703.807,"85,4",BOSA,BOSA OCCIDENTAL,30.0,0.0,13.0,17.0,199961.0,97662.0,102299.0,1.5002925570486245,1.5002925570486245,1.740697507730745,1.270784660651619
111.0,2021,3,3.0,1,0.0,0,1.0,1,0.0,0,8.0,2.9375,64585.0,73290.0,16.0,5,63.0,250.715,"3,55",1.116.511,"90,43",PUENTE ARANDA,PUENTE ARANDA,8.0,0.0,3.0,5.0,12255.0,9822.0,2433.0,6.527947776417788,6.527947776417788,5.090612909794339,12.330456226880395
112.0,2021,3,1.0,1,1.0,1,2.0,1,0.0,0,11.0,3.1133333333333333,126427.0,160027.0,0.0,0,71.0,317.179,"3,46",1.428.379,"90,03",FONTIBON,GRANJAS DE TECHO,25.0,0.0,13.0,12.0,51360.0,23789.0,27571.0,4.867601246105919,4.867601246105919,5.0443482281726855,4.715099198433136
75.0,2021,3,0.0,0,2.0,1,8.0,1,3.0,1,5.0,2.913,1316550.0,1374890.0,0.0,0,58.0,317.179,"3,46",1.428.379,"90,03",FONTIBON,FONTIBON,31.0,0.0,12.0,19.0,131922.0,62819.0,69103.0,2.34987341004533,2.34987341004533,3.0245626323246153,1.7365382110762195
12.0,2021,3,1.0,1,2.0,1,6.0,1,0.0,0,6.0,3.378,256245.0,260090.0,9.0,3,42.0,430.156,"3,12",1.867.529,"93,6",USAQUEN,TOBERIN,17.0,0.0,10.0,7.0,60994.0,28059.0,32935.0,2.7871593927271534,2.7871593927271534,2.4947432196443207,3.0362835888872017
16.0,2021,3,5.0,1,2.0,1,9.0,1,1.0,1,19.0,5.738888888888889,464238.0,463266.0,18.0,6,60.0,430.156,"3,12",1.867.529,"93,6",USAQUEN,SANTA BARBARA,25.0,0.0,9.0,16.0,72077.0,32511.0,39566.0,3.4685128404345353,3.4685128404345353,4.921411214665806,2.274680281049386
82.0,2021,3,0.0,0,0.0,0,2.0,1,3.0,1,2.0,1.9566666666666668,963012.0,1044870.0,9.0,4,29.0,979.914,"3,72",999.300,"88,94",KENNEDY,PATIO BONITO,29.0,0.0,13.0,16.0,139765.0,69471.0,70294.0,2.074911458519658,2.074911458519658,2.3031192871845807,1.8493754801263265
35.0,2021,3,1.0,1,0.0,0,2.0,1,1.0,1,3.0,2.666,168705.0,154565.0,35.0,5,22.0,119.565,"3,92",1.095.184,"90,79",ANTONIO NARIÑO,CIUDAD JARDIN,13.0,0.0,6.0,7.0,26040.0,12323.0,13717.0,4.99231950844854,4.99231950844854,5.680434959019719,4.374134285922578
68.0,2021,3,0.0,0,0.0,0,1.0,1,1.0,1,0.0,1.055,351536.0,380992.0,0.0,0,13.0,593.937,"4,09",505.335,"83,5",CIUDAD BOLIVAR,EL TESORO,7.0,0.0,3.0,4.0,53474.0,26638.0,26836.0,1.309047387515428,1.309047387515428,1.5016142353029507,1.117901326576241
27.0,2021,3,1.0,1,5.0,1,7.0,1,4.0,1,5.0,2.840909090909091,1497236.0,1751217.0,16.0,6,48.0,981.613,"3,41",1.388.086,"91,6",SUBA,SUBA,28.0,0.0,17.0,11.0,182328.0,85641.0,96687.0,1.5356939142644026,1.5356939142644026,1.2844315222848868,1.758250850683132
22.0,2021,3,1.0,1,0.0,0,5.0,1,0.0,0,4.0,3.292222222222222,847206.0,887247.0,37.0,8,38.0,230.066,"3,36",1.462.840,"92,44",BARRIOS UNIDOS,DOCE DE OCTUBRE,20.0,0.0,9.0,11.0,69957.0,33637.0,36320.0,2.8588990379804735,2.8588990379804735,3.2702084014626753,2.4779735682819384
105.0,2021,3,1.0,1,0.0,0,0.0,0,0.0,0,4.0,2.67,1601.0,2464.0,4.0,1,11.0,824.337,"3,41",1.089.512,"91,78",ENGATIVA,JARDIN BOTANICO,3.0,0.0,2.0,1.0,3136.0,1854.0,1282.0,9.566326530612244,9.566326530612244,5.393743257820927,15.600624024960998
104.0,2021,3,1.0,1,0.0,0,0.0,0,0.0,0,9.0,4.0,19494.0,20424.0,21.0,5,34.0,139.298,"2,87",1.933.116,"96,03",TEUSAQUILLO,PARQUE SIMON BOLIVAR - CAN,5.0,0.0,2.0,3.0,3131.0,1633.0,1498.0,15.969338869370809,15.969338869370809,18.37109614206981,13.35113484646195
74.0,2021,3,0.0,0,0.0,0,3.0,1,0.0,0,2.0,2.0016666666666665,712512.0,784968.0,0.0,0,15.0,824.337,"3,41",1.089.512,"91,78",ENGATIVA,ENGATIVA,12.0,0.0,1.0,11.0,144349.0,69835.0,74514.0,0.8313185404817491,0.8313185404817491,1.5751414047397436,0.13420296856966477
47.0,2021,3,2.0,1,0.0,0,2.0,1,0.0,0,4.0,3.0,865592.0,770256.0,9.0,4,28.0,979.914,"3,72",999.300,"88,94",KENNEDY,KENNEDY CENTRAL,23.0,0.0,10.0,13.0,94320.0,44704.0,49616.0,2.438507209499576,2.438507209499576,2.908017179670723,2.015478877781361
70.0,2021,3,0.0,0,0.0,0,0.0,0,0.0,0,1.0,1.1733333333333331,789975.0,888237.0,0.0,0,23.0,593.937,"4,09",505.335,"83,5",CIUDAD BOLIVAR,JERUSALEM,18.0,0.0,7.0,11.0,101414.0,49755.0,51659.0,1.7749028733705405,1.7749028733705405,2.2108330821023015,1.3550397800964014
66.0,2021,3,0.0,0,0.0,0,0.0,0,0.0,0,0.0,1.8425,597168.0,609704.0,4.0,3,26.0,593.937,"4,09",505.335,"83,5",CIUDAD BOLIVAR,SAN FRANCISCO,11.0,0.0,6.0,5.0,70395.0,34479.0,35916.0,1.5626109808935293,1.5626109808935293,1.4501580672293282,1.670564650851988
65.0,2021,3,0.0,0,0.0,0,1.0,1,0.0,0,1.0,2.463333333333334,349194.0,364512.0,9.0,3,21.0,593.937,"4,09",505.335,"83,5",CIUDAD BOLIVAR,ARBORIZADORA,10.0,0.0,4.0,6.0,84648.0,40496.0,44152.0,1.1813628201493243,1.1813628201493243,1.4816278150928488,0.905961224859576
79.0,2021,3,0.0,0,0.0,0,0.0,0,1.0,1,1.0,2.1333333333333333,167274.0,204984.0,3.0,2,22.0,979.914,"3,72",999.300,"88,94",KENNEDY,CALANDAIMA,15.0,0.0,5.0,10.0,138736.0,65739.0,72997.0,1.0811901741436973,1.0811901741436973,1.5211670393525913,0.684959655876269
59.0,2021,3,0.0,0,0.0,0,0.0,0,0.0,0,0.0,1.0,163808.0,216380.0,0.0,0,6.0,314.431,"4,07",569.872,"82,91",USME,ALFONSO LOPEZ,4.0,0.0,2.0,2.0,51564.0,25513.0,26051.0,0.7757350089209526,0.7757350089209526,0.7839140830165015,0.7677248474146866
45.0,2021,3,0.0,0,0.0,0,2.0,1,1.0,1,6.0,2.7914285714285714,737583.0,674359.0,9.0,4,35.0,979.914,"3,72",999.300,"88,94",KENNEDY,CARVAJAL,29.0,0.0,11.0,18.0,89951.0,43493.0,46458.0,3.223977498860491,3.223977498860491,4.138597015611707,2.3677299926815616
20.0,2021,3,2.0,1,1.0,1,8.0,1,34.0,1,25.0,4.996666666666667,231126.0,219822.0,33.0,6,26.0,981.613,"3,41",1.388.086,"91,6",SUBA,LA ALHAMBRA,13.0,0.0,3.0,10.0,40213.0,18346.0,21867.0,3.2327854176510087,3.2327854176510087,5.450779461462989,1.3719303059404582
51.0,2021,3,0.0,0,0.0,0,1.0,1,1.0,1,0.0,1.68875,263745.0,660861.0,0.0,0,15.0,404.35,"3,73",706.208,"83,68",SAN CRISTOBAL,LOS LIBERTADORES,4.0,0.0,2.0,2.0,77761.0,37720.0,40041.0,0.5143966769974666,0.5143966769974666,0.5302226935312832,0.499488024774606
115.0,2021,3,3.0,1,2.0,1,0.0,0,0.0,0,5.0,3.314,77135.0,83285.0,6.0,3,26.0,317.179,"3,46",1.428.379,"90,03",FONTIBON,CAPELLANIA,15.0,0.0,7.0,8.0,17858.0,8402.0,9456.0,8.39959681935267,8.39959681935267,9.52154248988336,7.4027072758037225
43.0,2021,3,0.0,0,0.0,0,5.0,1,1.0,1,7.0,3.0,844074.0,844239.0,17.0,8,31.0,250.715,"3,55",1.116.511,"90,43",PUENTE ARANDA,SAN RAFAEL,19.0,0.0,11.0,8.0,72940.0,34547.0,38393.0,2.6048807238826432,2.6048807238826432,2.3156858772107562,2.8651056182116528
25.0,2021,3,2.0,1,2.0,1,4.0,1,0.0,0,14.0,4.04,127070.0,126620.0,24.0,5,25.0,981.613,"3,41",1.388.086,"91,6",SUBA,LA FLORESTA,13.0,0.0,3.0,10.0,44296.0,20271.0,24025.0,2.934802239479863,2.934802239479863,4.933155739726703,1.2486992715920917
56.0,2021,3,0.0,0,0.0,0,0.0,0,0.0,0,0.0,1.508,205135.0,253351.0,6.0,6,8.0,314.431,"4,07",569.872,"82,91",USME,DANUBIO,8.0,0.0,2.0,6.0,56224.0,27160.0,29064.0,1.4228799089356858,1.4228799089356858,2.2091310751104567,0.6881365262868153
26.0,2021,3,0.0,0,3.0,1,8.0,1,6.0,1,11.0,3.0646153846153847,1441973.0,1441167.0,19.0,5,69.0,824.337,"3,41",1.089.512,"91,78",ENGATIVA,LAS FERIAS,43.0,0.0,16.0,27.0,101654.0,48414.0,53240.0,4.230035217502508,4.230035217502508,5.576899244020325,3.0052592036063115
102.0,2021,3,1.0,1,2.0,1,4.0,1,0.0,0,16.0,2.8186666666666667,764715.0,782955.0,131.0,15,94.0,94.944,"3,53",1.059.511,"89,78",LOS MARTIRES,LA SABANA,44.0,0.0,12.0,32.0,39716.0,18779.0,20937.0,11.078658475173734,11.078658475173734,17.04031098567549,5.731480154749964
2.0,2021,3,0.0,0,0.0,0,0.0,0,0.0,0,0.0,5.058,10545.0,13800.0,3.0,2,95.0,981.613,"3,41",1.388.086,"91,6",SUBA,LA ACADEMIA,0.0,0.0,0.0,0.0,0.0,0.0,0.0,0.0,0.0,0.0,0.0
116.0,2021,3,1.0,1,1.0,1,2.0,1,0.0,0,8.0,3.155,24638.0,27282.0,3.0,1,17.0,824.337,"3,41",1.089.512,"91,78",ENGATIVA,ALAMOS,6.0,0.0,1.0,5.0,12296.0,5772.0,6524.0,4.879635653871178,4.879635653871178,8.662508662508662,1.5328019619865112
81.0,2021,3,1.0,1,0.0,0,1.0,1,4.0,1,3.0,2.0025,290204.0,283616.0,1.0,1,16.0,979.914,"3,72",999.300,"88,94",KENNEDY,GRAN BRITALIA,4.0,0.0,2.0,2.0,63122.0,30878.0,32244.0,0.6336934824625329,0.6336934824625329,0.6477103439341926,0.6202704379109291
52.0,2021,3,0.0,0,0.0,0,0.0,0,0.0,0,0.0,1.0,614920.0,740280.0,0.0,0,176.0,314.431,"4,07",569.872,"82,91",USME,LA FLORA,6.0,0.0,0.0,6.0,19494.0,9683.0,9811.0,3.077870113881194,3.077870113881194,6.19642672725395,0.0
33.0,2021,3,0.0,0,0.0,0,2.0,1,0.0,0,2.0,2.8193333333333332,1647904.0,748256.0,42.0,13,30.0,404.35,"3,73",706.208,"83,68",SAN CRISTOBAL,SOSIEGO,12.0,0.0,4.0,8.0,44097.0,21364.0,22733.0,2.7212735560242196,2.7212735560242196,3.7446171129002064,1.7595565917388818
19.0,2021,3,2.0,1,7.0,1,9.0,1,1.0,1,13.0,3.51625,692512.0,712104.0,25.0,8,34.0,981.613,"3,41",1.388.086,"91,6",SUBA,EL PRADO,22.0,0.0,8.0,14.0,99865.0,46097.0,53768.0,2.202974014920142,2.202974014920142,3.0370739961385773,1.4878738282993602
41.0,2021,3,0.0,0,0.0,0,1.0,1,0.0,0,6.0,3.0,523602.0,513468.0,24.0,8,22.0,250.715,"3,55",1.116.511,"90,43",PUENTE ARANDA,MUZU,16.0,0.0,5.0,11.0,58946.0,27893.0,31053.0,2.7143487259525667,2.7143487259525667,3.9436417739217724,1.6101503880462433
37.0,2021,3,0.0,0,1.0,1,2.0,1,0.0,0,10.0,3.0,307027.0,315602.0,40.0,7,41.0,94.944,"3,53",1.059.511,"89,78",LOS MARTIRES,SANTA ISABEL,13.0,0.0,5.0,8.0,44974.0,20632.0,24342.0,2.890558989638458,2.890558989638458,3.8774718883288095,2.054062936488374
107.0,2021,3,2.0,1,1.0,1,3.0,1,1.0,1,7.0,3.77,207448.0,216792.0,32.0,8,35.0,139.298,"2,87",1.933.116,"96,03",TEUSAQUILLO,QUINTA PAREDES,17.0,0.0,3.0,14.0,27157.0,12142.0,15015.0,6.259896159369592,6.259896159369592,11.530225662987977,1.998001998001998
73.0,2021,3,1.0,1,0.0,0,4.0,1,0.0,0,5.0,2.775714285714286,955689.0,1044302.0,4.0,2,40.0,824.337,"3,41",1.089.512,"91,78",ENGATIVA,GARCES NAVAS,21.0,0.0,12.0,9.0,171250.0,80812.0,90438.0,1.2262773722627738,1.2262773722627738,1.1136959857446913,1.32687587076229
31.0,2021,3,0.0,0,1.0,1,3.0,1,1.0,1,9.0,3.318333333333334,409362.0,391260.0,10.0,4,38.0,824.337,"3,41",1.089.512,"91,78",ENGATIVA,SANTA CECILIA,24.0,0.0,6.0,18.0,68316.0,31982.0,36334.0,3.513086246267346,3.513086246267346,5.628165843286848,1.6513458468651951
58.0,2021,3,0.0,0,0.0,0,1.0,1,0.0,0,0.0,1.5654545454545454,857659.0,954745.0,0.0,0,29.0,314.431,"4,07",569.872,"82,91",USME,COMUNEROS,13.0,0.0,4.0,9.0,96410.0,47234.0,49176.0,1.3484078415102168,1.3484078415102168,1.9054071219883981,0.8134049129656744
13.0,2021,3,3.0,1,1.0,1,9.0,1,1.0,1,5.0,4.381666666666667,1717632.0,1842552.0,20.0,5,88.0,430.156,"3,12",1.867.529,"93,6",USAQUEN,LOS CEDROS,26.0,0.0,12.0,14.0,130855.0,58135.0,72720.0,1.9869321004164915,1.9869321004164915,2.408187838651415,1.6501650165016502
63.0,2021,3,0.0,0,0.0,0,0.0,0,0.0,0,0.0,,1596.0,5864.0,2.0,2,6.0,593.937,"4,09",505.335,"83,5",CIUDAD BOLIVAR,EL MOCHUELO,0.0,0.0,0.0,0.0,0.0,0.0,0.0,0.0,0.0,0.0,0.0
87.0,2021,3,0.0,0,0.0,0,0.0,0,0.0,0,1.0,1.765,212992.0,339512.0,0.0,0,47.0,546.809,"3,98",703.807,"85,4",BOSA,TINTAL SUR,6.0,0.0,2.0,4.0,118700.0,55819.0,62881.0,0.5054759898904803,0.5054759898904803,0.7166018739139003,0.3180610995372211
77.0,2021,3,1.0,1,0.0,0,0.0,0,0.0,0,1.0,2.045,283878.0,356976.0,0.0,0,13.0,317.179,"3,46",1.428.379,"90,03",FONTIBON,ZONA FRANCA,7.0,0.0,4.0,3.0,63557.0,29730.0,33827.0,1.1013735701810974,1.1013735701810974,1.0090817356205852,1.1824873621663168
39.0,2021,3,1.0,1,2.0,1,6.0,1,0.0,0,3.0,3.0,1410480.0,1306815.0,45.0,15,69.0,378.78,"3,72",591.317,"87,06",RAFAEL URIBE URIBE,QUIROGA,16.0,0.0,8.0,8.0,92068.0,44333.0,47735.0,1.7378459399574229,1.7378459399574229,1.804524846051474,1.6759191369016444
108.0,2021,3,0.0,0,0.0,0,1.0,1,1.0,1,9.0,2.685714285714286,33520.0,33976.0,48.0,8,66.0,250.715,"3,55",1.116.511,"90,43",PUENTE ARANDA,ZONA INDUSTRIAL,12.0,0.0,4.0,8.0,6571.0,3269.0,3302.0,18.262060569167556,18.262060569167556,24.47231569287244,12.113870381586917
61.0,2021,3,0.0,0,0.0,0,0.0,0,4.0,1,0.0,1.2366666666666666,79500.0,134960.0,0.0,0,65.0,314.431,"4,07",569.872,"82,91",USME,CIUDAD USME,2.0,0.0,2.0,0.0,27723.0,13439.0,14284.0,0.721422645456841,0.721422645456841,0.0,1.4001680201624196
1.0,2021,3,0.0,0,0.0,0,0.0,0,0.0,0,0.0,4.0,52488.0,63828.0,3.0,3,83.0,430.156,"3,12",1.867.529,"93,6",USAQUEN,PASEO DE LOS LIBERTADORES,2.0,0.0,1.0,1.0,2545.0,1258.0,1287.0,7.858546168958743,7.858546168958743,7.9491255961844205,7.77000777000777
46.0,2021,3,1.0,1,0.0,0,4.0,1,0.0,0,5.0,2.72,884656.0,1003288.0,18.0,6,40.0,979.914,"3,72",999.300,"88,94",KENNEDY,CASTILLA,25.0,0.0,8.0,17.0,146650.0,69698.0,76952.0,1.7047391749062393,1.7047391749062393,2.439094378604838,1.0396091069757771
85.0,2021,3,1.0,1,2.0,1,4.0,1,2.0,1,2.0,1.9988888888888892,2537808.0,2654832.0,17.0,6,39.0,546.809,"3,98",703.807,"85,4",BOSA,BOSA CENTRAL,40.0,0.0,18.0,22.0,234732.0,113175.0,121557.0,1.7040710256803504,1.7040710256803504,1.9438922023415066,1.480786791381821
60.0,2021,3,0.0,0,0.0,0,0.0,0,0.0,0,1.0,1.11,10544.0,15584.0,0.0,0,0.0,314.431,"4,07",569.872,"82,91",USME,PARQUE ENTRENUBES,0.0,0.0,0.0,0.0,0.0,0.0,0.0,0.0,0.0,0.0,0.0
60.0,2021,3,0.0,0,0.0,0,0.0,0,0.0,0,1.0,1.11,10544.0,15584.0,0.0,0,0.0,314.431,"4,07",569.872,"82,91",USME,PARQUE ENTRENUBES,0.0,0.0,0.0,0.0,0.0,0.0,0.0,0.0,0.0,0.0,0.0
30.0,2021,3,1.0,1,4.0,1,9.0,1,1.0,1,7.0,3.001818181818182,1427481.0,1341120.0,25.0,7,42.0,824.337,"3,41",1.089.512,"91,78",ENGATIVA,BOYACA REAL,33.0,0.0,18.0,15.0,129876.0,61720.0,68156.0,2.54088515199113,2.54088515199113,2.4303305249513936,2.64100005868889
72.0,2021,3,0.0,0,0.0,0,1.0,1,0.0,0,8.0,3.0,331356.0,345116.0,4.0,2,21.0,824.337,"3,41",1.089.512,"91,78",ENGATIVA,BOLIVIA,17.0,0.0,8.0,9.0,84724.0,38581.0,46143.0,2.0065152731221376,2.0065152731221376,2.3327544646328504,1.7337407624125003
57.0,2021,3,0.0,0,2.0,1,2.0,1,0.0,0,0.0,1.7740000000000002,1391324.0,1519562.0,3.0,3,23.0,314.431,"4,07",569.872,"82,91",USME,GRAN YOMASA,22.0,0.0,10.0,12.0,127124.0,61887.0,65237.0,1.730593750983292,1.730593750983292,1.9390178874400117,1.532872449683462
23.0,2021,3,0.0,0,0.0,0,5.0,1,18.0,1,8.0,3.5728571428571425,209118.0,255647.0,7.0,5,41.0,981.613,"3,41",1.388.086,"91,6",SUBA,CASA BLANCA SUBA,10.0,0.0,7.0,3.0,59007.0,27543.0,31464.0,1.6947141864524549,1.6947141864524549,1.0892059688487092,2.2247648105771676
88.0,2021,3,0.0,0,0.0,0,0.0,0,0.0,0,20.0,5.9375,358776.0,369156.0,3.0,2,60.0,122.507,"2,43",2.288.835,"96,61",CHAPINERO,EL REFUGIO,10.0,0.0,7.0,3.0,38828.0,17502.0,21326.0,2.5754610075203463,2.5754610075203463,1.7140898183064794,3.282378317546657
9.0,2021,3,0.0,0,2.0,1,4.0,1,1.0,1,0.0,2.7445454545454546,927663.0,1059410.0,9.0,4,60.0,430.156,"3,12",1.867.529,"93,6",USAQUEN,VERBENAL,15.0,0.0,8.0,7.0,127453.0,60391.0,67062.0,1.1769044275144562,1.1769044275144562,1.1591131128810583,1.1929259491217084
109.0,2021,3,0.0,0,0.0,0,1.0,1,0.0,0,11.0,4.123333333333334,44058.0,53832.0,12.0,3,32.0,139.298,"2,87",1.933.116,"96,03",TEUSAQUILLO,CIUDAD SALITRE ORIENTAL,8.0,0.0,1.0,7.0,24099.0,10726.0,13373.0,3.31963981907963,3.31963981907963,6.526198023494312,0.7477753682793689
49.0,2021,3,0.0,0,1.0,1,0.0,0,0.0,0,2.0,2.3333333333333335,124191.0,114375.0,10.0,3,11.0,546.809,"3,98",703.807,"85,4",BOSA,APOGEO,9.0,0.0,4.0,5.0,35501.0,17036.0,18465.0,2.535139855215346,2.535139855215346,2.934961258511388,2.166260492824262
14.0,2021,3,1.0,1,0.0,0,1.0,1,0.0,0,20.0,4.66,375100.0,457974.0,0.0,0,45.0,430.156,"3,12",1.867.529,"93,6",USAQUEN,USAQUEN,19.0,0.0,12.0,7.0,41886.0,19970.0,21916.0,4.536121854557609,4.536121854557609,3.505257886830245,5.475451724767294
32.0,2021,3,0.0,0,0.0,0,1.0,1,0.0,0,0.0,1.7457142857142858,1408200.0,1428675.0,0.0,0,47.0,404.35,"3,73",706.208,"83,68",SAN CRISTOBAL,SAN BLAS,6.0,0.0,4.0,2.0,103708.0,49930.0,53778.0,0.5785474601766498,0.5785474601766498,0.4005607850991388,0.7437985793447135
92.0,2021,3,0.0,0,0.0,0,0.0,0,0.0,0,11.0,2.5425,132324.0,86100.0,26.0,6,25.0,96.241,"3,18",896.890,"88,28",SANTA FE,LA MACARENA,4.0,0.0,1.0,3.0,12452.0,6093.0,6359.0,3.2123353678124,3.2123353678124,4.923682914820286,1.5725743041358704
11.0,2021,3,1.0,1,1.0,1,5.0,1,2.0,1,4.0,2.3000000000000003,373404.0,436080.0,0.0,0,21.0,430.156,"3,12",1.867.529,"93,6",USAQUEN,SAN CRISTOBAL NORTE,14.0,0.0,3.0,11.0,70017.0,33225.0,36792.0,1.9995144036448291,1.9995144036448291,3.310759969902182,0.8153946510110893
36.0,2021,3,1.0,1,0.0,0,2.0,1,0.0,0,3.0,2.97,350595.0,343350.0,26.0,7,19.0,378.78,"3,72",591.317,"87,06",RAFAEL URIBE URIBE,SAN JOSE,11.0,0.0,2.0,9.0,48237.0,22809.0,25428.0,2.2804071563322763,2.2804071563322763,3.945810864132579,0.7865345288658172
53.0,2021,3,0.0,0,1.0,1,1.0,1,0.0,0,2.0,2.442857142857143,479920.0,461139.0,21.0,6,14.0,378.78,"3,72",591.317,"87,06",RAFAEL URIBE URIBE,MARCO FIDEL SUAREZ,12.0,0.0,4.0,8.0,45951.0,22034.0,23917.0,2.6114774433635826,2.6114774433635826,3.6307524734501224,1.6724505581803737
50.0,2021,3,0.0,0,1.0,1,0.0,0,1.0,1,1.0,1.9327272727272728,215222.0,1432186.0,1.0,1,21.0,404.35,"3,73",706.208,"83,68",SAN CRISTOBAL,LA GLORIA,12.0,0.0,5.0,7.0,95719.0,46400.0,49319.0,1.253669595378138,1.253669595378138,1.5086206896551726,1.013808065856972
110.0,2021,3,3.0,1,1.0,1,0.0,0,0.0,0,10.0,4.074999999999999,71780.0,82212.0,7.0,2,29.0,317.179,"3,46",1.428.379,"90,03",FONTIBON,CIUDAD SALITRE OCCIDENTAL,21.0,0.0,11.0,10.0,45154.0,21304.0,23850.0,4.650750764051911,4.650750764051911,4.693954187007135,4.612159329140461
10.0,2021,3,0.0,0,1.0,1,1.0,1,15.0,1,2.0,2.87125,122265.0,153495.0,5.0,2,29.0,430.156,"3,12",1.867.529,"93,6",USAQUEN,LA URIBE,8.0,0.0,1.0,7.0,36225.0,16591.0,19634.0,2.2084195997239475,2.2084195997239475,4.2191549635344465,0.5093205663644698
42.0,2021,3,0.0,0,2.0,1,1.0,1,5.0,1,2.0,2.4250000000000003,2179040.0,2310720.0,35.0,13,66.0,182.532,"3,63",829.895,"87,19",TUNJUELITO,VENECIA,32.0,0.0,13.0,19.0,138482.0,67336.0,71146.0,2.310769630710128,2.310769630710128,2.821670428893905,1.827228516009333
103.0,2021,3,0.0,0,0.0,0,0.0,0,0.0,0,5.0,3.0,10953.0,12423.0,5.0,2,15.0,230.066,"3,36",1.462.840,"92,44",BARRIOS UNIDOS,PARQUE SALITRE,1.0,0.0,0.0,1.0,1282.0,673.0,609.0,7.800312012480499,7.800312012480499,14.858841010401187,0.0
21.0,2021,3,2.0,1,0.0,0,7.0,1,0.0,0,22.0,3.762,225860.0,233125.0,52.0,5,22.0,230.066,"3,36",1.462.840,"92,44",BARRIOS UNIDOS,LOS ANDES,25.0,0.0,9.0,16.0,29182.0,12994.0,16188.0,8.56692481666781,8.56692481666781,12.31337540403263,5.559673832468495
55.0,2021,3,0.0,0,0.0,0,0.0,0,0.0,0,0.0,1.5539999999999998,379860.0,395955.0,0.0,0,7.0,378.78,"3,72",591.317,"87,06",RAFAEL URIBE URIBE,DIANA TURBAY,11.0,0.0,8.0,3.0,74939.0,36132.0,38807.0,1.4678605265616034,1.4678605265616034,0.8302889405513119,2.061483752931172
113.0,2021,3,0.0,0,0.0,0,3.0,1,0.0,0,7.0,3.2925,104270.0,104965.0,8.0,3,26.0,979.914,"3,72",999.300,"88,94",KENNEDY,BAVARIA,3.0,0.0,0.0,3.0,42429.0,19776.0,22653.0,0.7070635650144947,0.7070635650144947,1.5169902912621358,0.0
60.0,2021,3,0.0,0,0.0,0,0.0,0,0.0,0,1.0,1.11,10544.0,15584.0,0.0,0,0.0,314.431,"4,07",569.872,"82,91",USME,PARQUE ENTRENUBES,0.0,0.0,0.0,0.0,0.0,0.0,0.0,0.0,0.0,0.0,0.0
60.0,2021,3,0.0,0,0.0,0,0.0,0,0.0,0,1.0,1.11,10544.0,15584.0,0.0,0,0.0,314.431,"4,07",569.872,"82,91",USME,PARQUE ENTRENUBES,0.0,0.0,0.0,0.0,0.0,0.0,0.0,0.0,0.0,0.0,0.0
90.0,2021,3,0.0,0,1.0,1,4.0,1,0.0,0,23.0,3.05,275954.0,520674.0,22.0,10,60.0,122.507,"2,43",2.288.835,"96,61",CHAPINERO,PARDO RUBIO,26.0,0.0,10.0,16.0,49773.0,24378.0,25395.0,5.223715669137886,5.223715669137886,6.563294773976536,3.9377830281551485
67.0,2021,3,0.0,0,1.0,1,2.0,1,0.0,0,0.0,1.256470588235294,2609568.0,2765373.0,2.0,1,30.0,593.937,"4,09",505.335,"83,5",CIUDAD BOLIVAR,LUCERO,27.0,0.0,7.0,20.0,161398.0,80209.0,81189.0,1.6728831831869044,1.6728831831869044,2.4934857684299767,0.8621857640813411
83.0,2021,3,0.0,0,0.0,0,0.0,0,0.0,0,1.0,2.0,24432.0,29572.0,1.0,1,11.0,979.914,"3,72",999.300,"88,94",KENNEDY,LAS MARGARITAS,2.0,0.0,0.0,2.0,33332.0,15905.0,17427.0,0.6000240009600384,0.6000240009600384,1.2574662055957246,0.0
101.0,2021,3,1.0,1,0.0,0,3.0,1,0.0,0,19.0,3.8711111111111105,267970.0,273160.0,65.0,10,59.0,139.298,"2,87",1.933.116,"96,03",TEUSAQUILLO,TEUSAQUILLO,16.0,0.0,4.0,12.0,27179.0,12742.0,14437.0,5.886897972699511,5.886897972699511,9.417673834562862,2.770658724111658
54.0,2021,3,0.0,0,0.0,0,0.0,0,0.0,0,2.0,1.83,984621.0,1061115.0,21.0,8,28.0,378.78,"3,72",591.317,"87,06",RAFAEL URIBE URIBE,MARRUECOS,15.0,0.0,10.0,5.0,120683.0,63530.0,57153.0,1.2429256813304277,1.2429256813304277,0.7870297497245397,1.7496894301261527
78.0,2021,3,0.0,0,1.0,1,0.0,0,0.0,0,3.0,1.956,79812.0,176088.0,0.0,0,25.0,979.914,"3,72",999.300,"88,94",KENNEDY,TINTAL NORTE,3.0,0.0,3.0,0.0,31602.0,14816.0,16786.0,0.9493070058857034,0.9493070058857034,0.0,1.7872036220660072
100.0,2021,3,1.0,1,2.0,1,2.0,1,1.0,1,12.0,3.59625,300195.0,309096.0,38.0,9,56.0,139.298,"2,87",1.933.116,"96,03",TEUSAQUILLO,GALERIAS,33.0,0.0,19.0,14.0,36268.0,16800.0,19468.0,9.098930186390206,9.098930186390206,8.333333333333334,9.759605506472159
34.0,2021,3,0.0,0,2.0,1,2.0,1,1.0,1,2.0,2.346363636363636,864012.0,1108236.0,26.0,12,30.0,404.35,"3,73",706.208,"83,68",SAN CRISTOBAL,20 DE JULIO,11.0,0.0,5.0,6.0,79989.0,38719.0,41270.0,1.3751890884996687,1.3751890884996687,1.5496267982127636,1.2115338017930701
106.0,2021,3,1.0,1,0.0,0,4.0,1,1.0,1,2.0,4.164,167560.0,168920.0,17.0,5,30.0,139.298,"2,87",1.933.116,"96,03",TEUSAQUILLO,LA ESMERALDA,9.0,0.0,3.0,6.0,38617.0,17206.0,21411.0,2.3305797964626978,2.3305797964626978,3.487155643380216,1.4011489421325487
91.0,2021,3,2.0,1,1.0,1,1.0,1,1.0,1,14.0,3.3285714285714287,96894.0,41153.0,42.0,7,37.0,96.241,"3,18",896.890,"88,28",SANTA FE,SAGRADO CORAZON,18.0,0.0,7.0,11.0,11465.0,5724.0,5741.0,15.699956389010032,15.699956389010032,19.217330538085253,12.192997735586134
95.0,2021,3,0.0,0,0.0,0,1.0,1,0.0,0,12.0,2.0,260205.0,69723.0,19.0,3,15.0,96.241,"3,18",896.890,"88,28",SANTA FE,LAS CRUCES,11.0,0.0,3.0,8.0,21364.0,10777.0,10587.0,5.148848530237783,5.148848530237783,7.423216108378956,2.8336639274582036
40.0,2021,3,2.0,1,0.0,0,3.0,1,0.0,0,4.0,3.0,1219392.0,1267944.0,21.0,8,62.0,250.715,"3,55",1.116.511,"90,43",PUENTE ARANDA,CIUDAD MONTES,30.0,0.0,14.0,16.0,101529.0,47781.0,53748.0,2.9548207901190793,2.9548207901190793,3.348611372721374,2.6047480836496244
117.0,2021,3,0.0,0,0.0,0,0.0,0,0.0,0,5.0,3.0,824.0,1670.0,1.0,1,17.0,317.179,"3,46",1.428.379,"90,03",FONTIBON,AEROPUERTO EL DORADO,5.0,0.0,3.0,2.0,853.0,576.0,277.0,58.61664712778429,58.61664712778429,34.72222222222222,108.30324909747291
64.0,2021,3,0.0,0,0.0,0,0.0,0,0.0,0,0.0,1.0,5590.0,25895.0,0.0,0,7.0,593.937,"4,09",505.335,"83,5",CIUDAD BOLIVAR,MONTE BLANCO,0.0,0.0,0.0,0.0,0.0,0.0,0.0,0.0,0.0,0.0,0.0
48.0,2021,3,0.0,0,1.0,1,0.0,0,0.0,0,5.0,2.7455555555555557,1310472.0,1325682.0,5.0,3,18.0,979.914,"3,72",999.300,"88,94",KENNEDY,TIMIZA,18.0,0.0,9.0,9.0,143607.0,68959.0,74648.0,1.2534207942509765,1.2534207942509765,1.3051233341550776,1.205658557496517
98.0,2021,3,0.0,0,3.0,1,8.0,1,0.0,0,24.0,3.0542105263157895,1522242.0,1559634.0,99.0,19,81.0,230.066,"3,36",1.462.840,"92,44",BARRIOS UNIDOS,LOS ALCAZARES,39.0,0.0,15.0,24.0,40566.0,19750.0,20816.0,9.61396243159296,9.61396243159296,12.151898734177216,7.205995388162951
28.0,2021,3,3.0,1,9.0,1,16.0,1,5.0,1,8.0,2.287857142857143,3797108.0,4228084.0,17.0,6,49.0,981.613,"3,41",1.388.086,"91,6",SUBA,EL RINCON,36.0,0.0,17.0,19.0,272505.0,130755.0,141750.0,1.321076677492156,1.321076677492156,1.453099307865856,1.199294532627866
17.0,2021,3,0.0,0,0.0,0,4.0,1,0.0,0,2.0,4.285,226840.0,238870.0,6.0,2,32.0,981.613,"3,41",1.388.086,"91,6",SUBA,SAN JOSE DE BAVARIA,15.0,0.0,9.0,6.0,48272.0,22557.0,25715.0,3.107391448458734,3.107391448458734,2.6599281819390876,3.49990278047832
24.0,2021,3,2.0,1,2.0,1,16.0,1,1.0,1,10.0,4.819999999999999,859833.0,845949.0,36.0,12,69.0,981.613,"3,41",1.388.086,"91,6",SUBA,NIZA,15.0,0.0,6.0,9.0,79640.0,36747.0,42893.0,1.8834756403817177,1.8834756403817177,2.449179524859172,1.3988296458629614
44.0,2021,3,2.0,1,2.0,1,2.0,1,0.0,0,8.0,3.22875,673424.0,676672.0,20.0,7,33.0,979.914,"3,72",999.300,"88,94",KENNEDY,AMERICAS,28.0,0.0,12.0,16.0,80454.0,38038.0,42416.0,3.480249583612996,3.480249583612996,4.20631999579368,2.8291210863824974
62.0,2021,3,0.0,0,1.0,1,2.0,1,0.0,0,1.0,2.024,338366.0,403893.0,26.0,7,26.0,182.532,"3,63",829.895,"87,19",TUNJUELITO,TUNJUELITO,9.0,0.0,4.0,5.0,40570.0,20186.0,20384.0,2.2183879714074437,2.2183879714074437,2.476964232636481,1.9623233908948197
69.0,2021,3,1.0,1,1.0,1,2.0,1,1.0,1,1.0,1.3691666666666666,1779216.0,1964304.0,13.0,6,22.0,593.937,"4,09",505.335,"83,5",CIUDAD BOLIVAR,ISMAEL PERDOMO,21.0,0.0,9.0,12.0,164827.0,80707.0,84120.0,1.2740631085926457,1.2740631085926457,1.4868598758472005,1.0699001426533523
93.0,2021,3,5.0,1,5.0,1,5.0,1,0.0,0,8.0,2.932857142857143,332178.0,96411.0,80.0,7,52.0,96.241,"3,18",896.890,"88,28",SANTA FE,LAS NIEVES,37.0,0.0,17.0,20.0,17660.0,9118.0,8542.0,20.951302378255946,20.951302378255946,21.934634788330776,19.90166237415125
18.0,2021,3,0.0,0,1.0,1,6.0,1,3.0,1,6.0,3.272,300834.0,346380.0,10.0,3,25.0,981.613,"3,41",1.388.086,"91,6",SUBA,BRITALIA,5.0,0.0,3.0,2.0,91263.0,42547.0,48716.0,0.5478671531726986,0.5478671531726986,0.47006839495146546,0.6158141062484604
15.0,2021,4,0.0,0,0.0,0,0.0,0,4.0,1,13.0,5.395,175550.0,49356.0,6.0,2,21.0,430.156,"3,12",1.867.529,"93,6",USAQUEN,COUNTRY CLUB,9.0,0.0,4.0,5.0,24914.0,11228.0,13686.0,3.612426748013165,3.612426748013165,4.453152832205201,2.922694724536022
86.0,2021,4,0.0,0,0.0,0,0.0,0,1.0,1,0.0,1.568,321440.0,368145.0,0.0,0,33.0,546.809,"3,98",703.807,"85,4",BOSA,EL PORVENIR,19.0,0.0,10.0,9.0,146365.0,69893.0,76472.0,1.298124551634612,1.298124551634612,1.2876826005465498,1.3076681661261638
71.0,2021,4,0.0,0,0.0,0,4.0,1,0.0,0,10.0,2.105,2325960.0,2670912.0,0.0,0,22.0,981.613,"3,41",1.388.086,"91,6",SUBA,TIBABUYES,34.0,0.0,11.0,23.0,300941.0,145773.0,155168.0,1.1297895600798828,1.1297895600798828,1.5777956137281939,0.7089090534130749
29.0,2021,4,3.0,1,2.0,1,3.0,1,1.0,1,7.0,2.713333333333334,1291554.0,1329381.0,30.0,9,32.0,824.337,"3,41",1.089.512,"91,78",ENGATIVA,MINUTO DE DIOS,35.0,0.0,16.0,19.0,108721.0,51115.0,57606.0,3.2192492710699865,3.2192492710699865,3.717108480876455,2.7774884560636046
80.0,2021,4,0.0,0,1.0,1,1.0,1,0.0,0,4.0,2.0025,247816.0,277108.0,11.0,4,19.0,979.914,"3,72",999.300,"88,94",KENNEDY,CORABASTOS,8.0,0.0,2.0,6.0,57214.0,28591.0,28623.0,1.398259167336666,1.398259167336666,2.098562484697982,0.6987387765084023
99.0,2021,4,7.0,1,3.0,1,2.0,1,0.0,0,18.0,3.692,79566.0,121692.0,22.0,6,62.0,122.507,"2,43",2.288.835,"96,61",CHAPINERO,CHAPINERO,41.0,0.0,16.0,25.0,24681.0,12298.0,12383.0,16.61196872087841,16.61196872087841,20.328508700601724,12.920939998384883
3.0,2021,4,0.0,0,0.0,0,0.0,0,1.0,1,0.0,6.0,0.0,1169.0,0.0,0,26.0,981.613,"3,41",1.388.086,"91,6",SUBA,GUAYMARAL,0.0,0.0,0.0,0.0,0.0,0.0,0.0,0.0,0.0,0.0,0.0
97.0,2021,4,12.0,1,3.0,1,7.0,1,1.0,1,19.0,5.211875,94384.0,420656.0,63.0,15,98.0,122.507,"2,43",2.288.835,"96,61",CHAPINERO,CHICO LAGO,96.0,0.0,43.0,53.0,36082.0,16937.0,19145.0,26.606063965412115,26.606063965412115,31.29243667709748,22.460172368764688
94.0,2021,4,4.0,1,0.0,0,0.0,0,2.0,1,6.0,2.40875,203598.0,216855.0,43.0,8,36.0,22.115,"2,83",1.050.888,"88,9",CANDELARIA,LA CANDELARIA,19.0,0.0,8.0,11.0,17361.0,9066.0,8295.0,10.944070042048269,10.944070042048269,12.13324509155085,9.644364074743821
76.0,2021,4,0.0,0,0.0,0,3.0,1,0.0,0,2.0,2.186666666666667,120020.0,128536.0,0.0,0,21.0,317.179,"3,46",1.428.379,"90,03",FONTIBON,FONTIBON SAN PABLO,9.0,0.0,3.0,6.0,33840.0,16586.0,17254.0,2.6595744680851063,2.6595744680851063,3.617508742312794,1.7387272516517909
114.0,2021,4,0.0,0,0.0,0,2.0,1,3.0,1,10.0,3.8,191930.0,197050.0,9.0,4,24.0,317.179,"3,46",1.428.379,"90,03",FONTIBON,MODELIA,18.0,0.0,7.0,11.0,43500.0,20076.0,23424.0,4.137931034482759,4.137931034482759,5.479179119346483,2.9883879781420766
89.0,2021,4,0.0,0,0.0,0,0.0,0,0.0,0,0.0,2.0666666666666664,28245.0,48603.0,0.0,0,3.0,122.507,"2,43",2.288.835,"96,61",CHAPINERO,SAN ISIDRO - PATIOS,2.0,0.0,1.0,1.0,16520.0,8159.0,8361.0,1.2106537530266344,1.2106537530266344,1.2256403971074887,1.196029183112068
38.0,2021,4,2.0,1,5.0,1,5.0,1,0.0,0,5.0,3.008,1246305.0,1155330.0,52.0,15,75.0,119.565,"3,92",1.095.184,"90,79",ANTONIO NARIÑO,RESTREPO,26.0,0.0,10.0,16.0,55198.0,26255.0,28943.0,4.710315591144607,4.710315591144607,6.09407731860598,3.455066855543655
52.0,2021,4,0.0,0,0.0,0,0.0,0,0.0,0,0.0,1.0,614920.0,740280.0,0.0,0,176.0,314.431,"4,07",569.872,"82,91",USME,LA FLORA,0.0,0.0,0.0,0.0,0.0,0.0,0.0,0.0,0.0,0.0,0.0
96.0,2021,4,0.0,0,0.0,0,1.0,1,0.0,0,4.0,1.7264285714285716,628474.0,648214.0,4.0,2,16.0,96.241,"3,18",896.890,"88,28",SANTA FE,LOURDES,3.0,0.0,2.0,1.0,45879.0,22331.0,23548.0,0.653893938403191,0.653893938403191,0.4478079799382025,0.8493290300662476
84.0,2021,4,0.0,0,0.0,0,4.0,1,3.0,1,2.0,1.98,990222.0,1073760.0,1.0,1,30.0,546.809,"3,98",703.807,"85,4",BOSA,BOSA OCCIDENTAL,23.0,0.0,7.0,16.0,199961.0,97662.0,102299.0,1.1502242937372789,1.1502242937372789,1.6383035366877599,0.6842686634277949
111.0,2021,4,3.0,1,0.0,0,1.0,1,0.0,0,8.0,2.9375,64585.0,73290.0,16.0,5,63.0,250.715,"3,55",1.116.511,"90,43",PUENTE ARANDA,PUENTE ARANDA,21.0,0.0,10.0,11.0,12255.0,9822.0,2433.0,17.135862913096695,17.135862913096695,11.199348401547546,41.10152075626798
112.0,2021,4,1.0,1,1.0,1,2.0,1,1.0,1,13.0,3.1133333333333333,126427.0,160027.0,0.0,0,71.0,317.179,"3,46",1.428.379,"90,03",FONTIBON,GRANJAS DE TECHO,24.0,0.0,14.0,10.0,51360.0,23789.0,27571.0,4.672897196261682,4.672897196261682,4.203623523477237,5.077799136774146
75.0,2021,4,1.0,1,2.0,1,8.0,1,5.0,1,6.0,2.913,1316550.0,1374890.0,0.0,0,58.0,317.179,"3,46",1.428.379,"90,03",FONTIBON,FONTIBON,40.0,0.0,13.0,27.0,131922.0,62819.0,69103.0,3.032094722639135,3.032094722639135,4.298062688040242,1.8812497286659045
12.0,2021,4,1.0,1,2.0,1,6.0,1,0.0,0,7.0,3.378,256245.0,260090.0,9.0,3,42.0,430.156,"3,12",1.867.529,"93,6",USAQUEN,TOBERIN,21.0,0.0,5.0,16.0,60994.0,28059.0,32935.0,3.4429616027806014,3.4429616027806014,5.702270216329876,1.5181417944436009
16.0,2021,4,5.0,1,2.0,1,9.0,1,1.0,1,20.0,5.738888888888889,464238.0,463266.0,18.0,6,60.0,430.156,"3,12",1.867.529,"93,6",USAQUEN,SANTA BARBARA,24.0,0.0,14.0,10.0,72077.0,32511.0,39566.0,3.329772326817154,3.329772326817154,3.0758820091661283,3.5383915482990447
82.0,2021,4,0.0,0,0.0,0,2.0,1,3.0,1,2.0,1.9566666666666668,963012.0,1044870.0,9.0,4,29.0,979.914,"3,72",999.300,"88,94",KENNEDY,PATIO BONITO,33.0,0.0,11.0,22.0,139765.0,69471.0,70294.0,2.361106142453404,2.361106142453404,3.1667890198787982,1.5648561754915071
35.0,2021,4,1.0,1,0.0,0,2.0,1,1.0,1,4.0,2.666,168705.0,154565.0,35.0,5,22.0,119.565,"3,92",1.095.184,"90,79",ANTONIO NARIÑO,CIUDAD JARDIN,14.0,0.0,8.0,6.0,26040.0,12323.0,13717.0,5.376344086021505,5.376344086021505,4.8689442505883305,5.83217904789677
68.0,2021,4,0.0,0,0.0,0,1.0,1,1.0,1,0.0,1.055,351536.0,380992.0,0.0,0,13.0,593.937,"4,09",505.335,"83,5",CIUDAD BOLIVAR,EL TESORO,4.0,0.0,2.0,2.0,53474.0,26638.0,26836.0,0.7480270785802445,0.7480270785802445,0.7508071176514753,0.7452675510508272
27.0,2021,4,4.0,1,5.0,1,7.0,1,6.0,1,8.0,2.840909090909091,1497236.0,1751217.0,16.0,6,48.0,981.613,"3,41",1.388.086,"91,6",SUBA,SUBA,20.0,0.0,12.0,8.0,182328.0,85641.0,96687.0,1.0969242244745732,1.0969242244745732,0.9341320162071904,1.2411182475410343
22.0,2021,4,1.0,1,0.0,0,5.0,1,0.0,0,6.0,3.292222222222222,847206.0,887247.0,37.0,8,38.0,230.066,"3,36",1.462.840,"92,44",BARRIOS UNIDOS,DOCE DE OCTUBRE,27.0,0.0,9.0,18.0,69957.0,33637.0,36320.0,3.85951370127364,3.85951370127364,5.351250111484378,2.4779735682819384
105.0,2021,4,1.0,1,0.0,0,0.0,0,0.0,0,4.0,2.67,1601.0,2464.0,4.0,1,11.0,824.337,"3,41",1.089.512,"91,78",ENGATIVA,JARDIN BOTANICO,3.0,0.0,3.0,0.0,3136.0,1854.0,1282.0,9.566326530612244,9.566326530612244,0.0,23.400936037441497
104.0,2021,4,1.0,1,0.0,0,0.0,0,0.0,0,10.0,4.0,19494.0,20424.0,21.0,5,34.0,139.298,"2,87",1.933.116,"96,03",TEUSAQUILLO,PARQUE SIMON BOLIVAR - CAN,10.0,0.0,2.0,8.0,3131.0,1633.0,1498.0,31.938677738741617,31.938677738741617,48.98958971218616,13.35113484646195
74.0,2021,4,0.0,0,0.0,0,3.0,1,0.0,0,2.0,2.0016666666666665,712512.0,784968.0,0.0,0,15.0,824.337,"3,41",1.089.512,"91,78",ENGATIVA,ENGATIVA,10.0,0.0,1.0,9.0,144349.0,69835.0,74514.0,0.6927654504014575,0.6927654504014575,1.2887520584234267,0.13420296856966477
47.0,2021,4,2.0,1,0.0,0,2.0,1,1.0,1,4.0,3.0,865592.0,770256.0,9.0,4,28.0,979.914,"3,72",999.300,"88,94",KENNEDY,KENNEDY CENTRAL,14.0,0.0,4.0,10.0,94320.0,44704.0,49616.0,1.4843087362171332,1.4843087362171332,2.2369362920544025,0.8061915511125443
70.0,2021,4,0.0,0,0.0,0,0.0,0,0.0,0,1.0,1.1733333333333331,789975.0,888237.0,0.0,0,23.0,593.937,"4,09",505.335,"83,5",CIUDAD BOLIVAR,JERUSALEM,11.0,0.0,3.0,8.0,101414.0,49755.0,51659.0,1.0846628670597749,1.0846628670597749,1.6078786051653102,0.5807313343270292
66.0,2021,4,0.0,0,0.0,0,0.0,0,0.0,0,0.0,1.8425,597168.0,609704.0,4.0,3,26.0,593.937,"4,09",505.335,"83,5",CIUDAD BOLIVAR,SAN FRANCISCO,5.0,0.0,4.0,1.0,70395.0,34479.0,35916.0,0.710277718587968,0.710277718587968,0.2900316134458656,1.1137097672346585
65.0,2021,4,0.0,0,0.0,0,1.0,1,0.0,0,1.0,2.463333333333334,349194.0,364512.0,9.0,3,21.0,593.937,"4,09",505.335,"83,5",CIUDAD BOLIVAR,ARBORIZADORA,18.0,0.0,9.0,9.0,84648.0,40496.0,44152.0,2.1264530762687834,2.1264530762687834,2.2224417226392728,2.038412755934046
79.0,2021,4,0.0,0,0.0,0,0.0,0,1.0,1,1.0,2.1333333333333333,167274.0,204984.0,3.0,2,22.0,979.914,"3,72",999.300,"88,94",KENNEDY,CALANDAIMA,8.0,0.0,2.0,6.0,138736.0,65739.0,72997.0,0.5766347595433052,0.5766347595433052,0.9127002236115548,0.27398386235050753
59.0,2021,4,0.0,0,0.0,0,0.0,0,0.0,0,0.0,1.0,163808.0,216380.0,0.0,0,6.0,314.431,"4,07",569.872,"82,91",USME,ALFONSO LOPEZ,4.0,0.0,1.0,3.0,51564.0,25513.0,26051.0,0.7757350089209526,0.7757350089209526,1.1758711245247522,0.3838624237073433
45.0,2021,4,0.0,0,0.0,0,2.0,1,1.0,1,6.0,2.7914285714285714,737583.0,674359.0,9.0,4,35.0,979.914,"3,72",999.300,"88,94",KENNEDY,CARVAJAL,29.0,0.0,16.0,13.0,89951.0,43493.0,46458.0,3.223977498860491,3.223977498860491,2.9889867334973443,3.4439708984459085
20.0,2021,4,2.0,1,1.0,1,8.0,1,55.0,1,28.0,4.996666666666667,231126.0,219822.0,33.0,6,26.0,981.613,"3,41",1.388.086,"91,6",SUBA,LA ALHAMBRA,13.0,0.0,4.0,9.0,40213.0,18346.0,21867.0,3.2327854176510087,3.2327854176510087,4.90570151531669,1.829240407920611
51.0,2021,4,0.0,0,0.0,0,1.0,1,2.0,1,0.0,1.68875,263745.0,660861.0,0.0,0,15.0,404.35,"3,73",706.208,"83,68",SAN CRISTOBAL,LOS LIBERTADORES,2.0,0.0,1.0,1.0,77761.0,37720.0,40041.0,0.2571983384987333,0.2571983384987333,0.2651113467656416,0.249744012387303
115.0,2021,4,4.0,1,2.0,1,0.0,0,0.0,0,6.0,3.314,77135.0,83285.0,6.0,3,26.0,317.179,"3,46",1.428.379,"90,03",FONTIBON,CAPELLANIA,17.0,0.0,6.0,11.0,17858.0,8402.0,9456.0,9.519543061933026,9.519543061933026,13.092120923589622,6.345177664974619
43.0,2021,4,0.0,0,0.0,0,5.0,1,1.0,1,7.0,3.0,844074.0,844239.0,17.0,8,31.0,250.715,"3,55",1.116.511,"90,43",PUENTE ARANDA,SAN RAFAEL,16.0,0.0,5.0,11.0,72940.0,34547.0,38393.0,2.1935837674801206,2.1935837674801206,3.18406808116479,1.3023207355507516
25.0,2021,4,2.0,1,2.0,1,4.0,1,0.0,0,17.0,4.04,127070.0,126620.0,24.0,5,25.0,981.613,"3,41",1.388.086,"91,6",SUBA,LA FLORESTA,10.0,0.0,4.0,6.0,44296.0,20271.0,24025.0,2.257540184215279,2.257540184215279,2.959893443836022,1.6649323621227887
56.0,2021,4,0.0,0,0.0,0,0.0,0,0.0,0,0.0,1.508,205135.0,253351.0,6.0,6,8.0,314.431,"4,07",569.872,"82,91",USME,DANUBIO,5.0,0.0,3.0,2.0,56224.0,27160.0,29064.0,0.8892999430848036,0.8892999430848036,0.7363770250368188,1.0322047894302229
26.0,2021,4,0.0,0,3.0,1,8.0,1,8.0,1,12.0,3.0646153846153847,1441973.0,1441167.0,19.0,5,69.0,824.337,"3,41",1.089.512,"91,78",ENGATIVA,LAS FERIAS,38.0,0.0,12.0,26.0,101654.0,48414.0,53240.0,3.738170657327798,3.738170657327798,5.37034742016772,2.2539444027047333
102.0,2021,4,1.0,1,2.0,1,4.0,1,0.0,0,16.0,2.8186666666666667,764715.0,782955.0,131.0,15,94.0,94.944,"3,53",1.059.511,"89,78",LOS MARTIRES,LA SABANA,69.0,0.0,24.0,45.0,39716.0,18779.0,20937.0,17.373350790613355,17.373350790613355,23.962937323606155,11.462960309499929
2.0,2021,4,0.0,0,0.0,0,0.0,0,0.0,0,2.0,5.058,10545.0,13800.0,3.0,2,95.0,981.613,"3,41",1.388.086,"91,6",SUBA,LA ACADEMIA,4.0,0.0,1.0,3.0,5589.0,2700.0,2889.0,7.1569153694757555,7.1569153694757555,11.11111111111111,3.4614053305642094
116.0,2021,4,1.0,1,1.0,1,2.0,1,1.0,1,9.0,3.155,24638.0,27282.0,3.0,1,17.0,824.337,"3,41",1.089.512,"91,78",ENGATIVA,ALAMOS,13.0,0.0,5.0,8.0,12296.0,5772.0,6524.0,10.572543916720885,10.572543916720885,13.86001386001386,7.664009809932557
81.0,2021,4,1.0,1,0.0,0,1.0,1,8.0,1,3.0,2.0025,290204.0,283616.0,1.0,1,16.0,979.914,"3,72",999.300,"88,94",KENNEDY,GRAN BRITALIA,5.0,0.0,2.0,3.0,63122.0,30878.0,32244.0,0.7921168530781661,0.7921168530781661,0.9715655159012889,0.6202704379109291
52.0,2021,4,0.0,0,0.0,0,0.0,0,0.0,0,0.0,1.0,614920.0,740280.0,0.0,0,176.0,314.431,"4,07",569.872,"82,91",USME,LA FLORA,0.0,0.0,0.0,0.0,0.0,0.0,0.0,0.0,0.0,0.0,0.0
33.0,2021,4,0.0,0,0.0,0,2.0,1,0.0,0,2.0,2.8193333333333332,1647904.0,748256.0,42.0,13,30.0,404.35,"3,73",706.208,"83,68",SAN CRISTOBAL,SOSIEGO,15.0,0.0,8.0,7.0,44097.0,21364.0,22733.0,3.4015919450302743,3.4015919450302743,3.2765399737876804,3.5191131834777636
19.0,2021,4,2.0,1,7.0,1,12.0,1,2.0,1,15.0,3.51625,692512.0,712104.0,25.0,8,34.0,981.613,"3,41",1.388.086,"91,6",SUBA,EL PRADO,20.0,0.0,9.0,11.0,99865.0,46097.0,53768.0,2.002703649927402,2.002703649927402,2.3862724255374537,1.6738580568367802
41.0,2021,4,0.0,0,0.0,0,1.0,1,0.0,0,7.0,3.0,523602.0,513468.0,24.0,8,22.0,250.715,"3,55",1.116.511,"90,43",PUENTE ARANDA,MUZU,21.0,0.0,8.0,13.0,58946.0,27893.0,31053.0,3.562582702812744,3.562582702812744,4.6606675509984585,2.5762406208739894
37.0,2021,4,0.0,0,1.0,1,2.0,1,0.0,0,11.0,3.0,307027.0,315602.0,40.0,7,41.0,94.944,"3,53",1.059.511,"89,78",LOS MARTIRES,SANTA ISABEL,18.0,0.0,4.0,14.0,44974.0,20632.0,24342.0,4.00231244719171,4.00231244719171,6.7855758045754175,1.6432503491906991
107.0,2021,4,2.0,1,1.0,1,3.0,1,1.0,1,8.0,3.77,207448.0,216792.0,32.0,8,35.0,139.298,"2,87",1.933.116,"96,03",TEUSAQUILLO,QUINTA PAREDES,9.0,0.0,5.0,4.0,27157.0,12142.0,15015.0,3.3140626726074305,3.3140626726074305,3.2943501894251357,3.33000333000333
73.0,2021,4,1.0,1,0.0,0,4.0,1,2.0,1,5.0,2.775714285714286,955689.0,1044302.0,4.0,2,40.0,824.337,"3,41",1.089.512,"91,78",ENGATIVA,GARCES NAVAS,29.0,0.0,11.0,18.0,171250.0,80812.0,90438.0,1.6934306569343067,1.6934306569343067,2.2273919714893826,1.2163028815320993
31.0,2021,4,0.0,0,1.0,1,3.0,1,2.0,1,10.0,3.318333333333334,409362.0,391260.0,10.0,4,38.0,824.337,"3,41",1.089.512,"91,78",ENGATIVA,SANTA CECILIA,34.0,0.0,12.0,22.0,68316.0,31982.0,36334.0,4.976872182212073,4.976872182212073,6.87886936401726,3.3026916937303903
58.0,2021,4,0.0,0,0.0,0,1.0,1,1.0,1,0.0,1.5654545454545454,857659.0,954745.0,0.0,0,29.0,314.431,"4,07",569.872,"82,91",USME,COMUNEROS,7.0,0.0,2.0,5.0,96410.0,47234.0,49176.0,0.7260657608131937,0.7260657608131937,1.058559512215777,0.4067024564828372
13.0,2021,4,3.0,1,1.0,1,9.0,1,4.0,1,5.0,4.381666666666667,1717632.0,1842552.0,20.0,5,88.0,430.156,"3,12",1.867.529,"93,6",USAQUEN,LOS CEDROS,26.0,0.0,8.0,18.0,130855.0,58135.0,72720.0,1.9869321004164915,1.9869321004164915,3.0962415068375333,1.1001100110011002
63.0,2021,4,0.0,0,0.0,0,0.0,0,0.0,0,0.0,,1596.0,5864.0,2.0,2,6.0,593.937,"4,09",505.335,"83,5",CIUDAD BOLIVAR,EL MOCHUELO,1.0,0.0,0.0,1.0,28.0,13.0,15.0,357.1428571428571,357.1428571428571,769.2307692307693,0.0
87.0,2021,4,0.0,0,0.0,0,0.0,0,0.0,0,1.0,1.765,212992.0,339512.0,0.0,0,47.0,546.809,"3,98",703.807,"85,4",BOSA,TINTAL SUR,5.0,0.0,3.0,2.0,118700.0,55819.0,62881.0,0.4212299915754002,0.4212299915754002,0.35830093695695014,0.4770916493058317
77.0,2021,4,1.0,1,0.0,0,0.0,0,0.0,0,2.0,2.045,283878.0,356976.0,0.0,0,13.0,317.179,"3,46",1.428.379,"90,03",FONTIBON,ZONA FRANCA,6.0,0.0,1.0,5.0,63557.0,29730.0,33827.0,0.9440344887266547,0.9440344887266547,1.6818028927009754,0.2956218405415792
39.0,2021,4,1.0,1,2.0,1,6.0,1,0.0,0,4.0,3.0,1410480.0,1306815.0,45.0,15,69.0,378.78,"3,72",591.317,"87,06",RAFAEL URIBE URIBE,QUIROGA,21.0,0.0,12.0,9.0,92068.0,44333.0,47735.0,2.2809227961941176,2.2809227961941176,2.0300904518079084,2.513878705352467
108.0,2021,4,0.0,0,0.0,0,1.0,1,1.0,1,9.0,2.685714285714286,33520.0,33976.0,48.0,8,66.0,250.715,"3,55",1.116.511,"90,43",PUENTE ARANDA,ZONA INDUSTRIAL,12.0,0.0,3.0,9.0,6571.0,3269.0,3302.0,18.262060569167556,18.262060569167556,27.531355154481492,9.085402786190189
61.0,2021,4,0.0,0,0.0,0,0.0,0,5.0,1,0.0,1.2366666666666666,79500.0,134960.0,0.0,0,65.0,314.431,"4,07",569.872,"82,91",USME,CIUDAD USME,3.0,0.0,2.0,1.0,27723.0,13439.0,14284.0,1.0821339681852613,1.0821339681852613,0.7441029838529652,1.4001680201624196
1.0,2021,4,0.0,0,0.0,0,0.0,0,0.0,0,2.0,4.0,52488.0,63828.0,3.0,3,83.0,430.156,"3,12",1.867.529,"93,6",USAQUEN,PASEO DE LOS LIBERTADORES,4.0,0.0,1.0,3.0,2545.0,1258.0,1287.0,15.717092337917485,15.717092337917485,23.84737678855326,7.77000777000777
46.0,2021,4,1.0,1,0.0,0,4.0,1,1.0,1,5.0,2.72,884656.0,1003288.0,18.0,6,40.0,979.914,"3,72",999.300,"88,94",KENNEDY,CASTILLA,33.0,0.0,12.0,21.0,146650.0,69698.0,76952.0,2.2502557108762358,2.2502557108762358,3.0129989382765645,1.5594136604636657
85.0,2021,4,1.0,1,2.0,1,5.0,1,3.0,1,2.0,1.9988888888888892,2537808.0,2654832.0,17.0,6,39.0,546.809,"3,98",703.807,"85,4",BOSA,BOSA CENTRAL,46.0,0.0,17.0,29.0,234732.0,113175.0,121557.0,1.959681679532403,1.959681679532403,2.5624033576319856,1.3985208585272753
60.0,2021,4,0.0,0,0.0,0,0.0,0,0.0,0,1.0,1.11,10544.0,15584.0,0.0,0,0.0,314.431,"4,07",569.872,"82,91",USME,PARQUE ENTRENUBES,0.0,0.0,0.0,0.0,0.0,0.0,0.0,0.0,0.0,0.0,0.0
60.0,2021,4,0.0,0,0.0,0,0.0,0,0.0,0,1.0,1.11,10544.0,15584.0,0.0,0,0.0,314.431,"4,07",569.872,"82,91",USME,PARQUE ENTRENUBES,0.0,0.0,0.0,0.0,0.0,0.0,0.0,0.0,0.0,0.0,0.0
30.0,2021,4,1.0,1,5.0,1,9.0,1,2.0,1,7.0,3.001818181818182,1427481.0,1341120.0,25.0,7,42.0,824.337,"3,41",1.089.512,"91,78",ENGATIVA,BOYACA REAL,42.0,0.0,12.0,30.0,129876.0,61720.0,68156.0,3.233853829806893,3.233853829806893,4.860661049902787,1.7606667057925933
72.0,2021,4,0.0,0,0.0,0,1.0,1,0.0,0,8.0,3.0,331356.0,345116.0,4.0,2,21.0,824.337,"3,41",1.089.512,"91,78",ENGATIVA,BOLIVIA,14.0,0.0,8.0,6.0,84724.0,38581.0,46143.0,1.6524243425711724,1.6524243425711724,1.5551696430885669,1.7337407624125003
57.0,2021,4,0.0,0,2.0,1,2.0,1,0.0,0,0.0,1.7740000000000002,1391324.0,1519562.0,3.0,3,23.0,314.431,"4,07",569.872,"82,91",USME,GRAN YOMASA,18.0,0.0,8.0,10.0,127124.0,61887.0,65237.0,1.4159403417136025,1.4159403417136025,1.6158482395333431,1.2262979597467696
23.0,2021,4,0.0,0,0.0,0,5.0,1,32.0,1,14.0,3.5728571428571425,209118.0,255647.0,7.0,5,41.0,981.613,"3,41",1.388.086,"91,6",SUBA,CASA BLANCA SUBA,5.0,0.0,4.0,1.0,59007.0,27543.0,31464.0,0.8473570932262274,0.8473570932262274,0.3630686562829031,1.2712941774726672
88.0,2021,4,0.0,0,0.0,0,0.0,0,0.0,0,20.0,5.9375,358776.0,369156.0,3.0,2,60.0,122.507,"2,43",2.288.835,"96,61",CHAPINERO,EL REFUGIO,12.0,0.0,6.0,6.0,38828.0,17502.0,21326.0,3.0905532090244154,3.0905532090244154,3.428179636612959,2.813467129325706
9.0,2021,4,1.0,1,2.0,1,4.0,1,1.0,1,1.0,2.7445454545454546,927663.0,1059410.0,9.0,4,60.0,430.156,"3,12",1.867.529,"93,6",USAQUEN,VERBENAL,14.0,0.0,8.0,6.0,127453.0,60391.0,67062.0,1.098444132346826,1.098444132346826,0.9935255253266215,1.1929259491217084
109.0,2021,4,0.0,0,0.0,0,1.0,1,0.0,0,11.0,4.123333333333334,44058.0,53832.0,12.0,3,32.0,139.298,"2,87",1.933.116,"96,03",TEUSAQUILLO,CIUDAD SALITRE ORIENTAL,12.0,0.0,4.0,8.0,24099.0,10726.0,13373.0,4.979459728619445,4.979459728619445,7.458512026850643,2.9911014731174754
49.0,2021,4,0.0,0,1.0,1,0.0,0,0.0,0,2.0,2.3333333333333335,124191.0,114375.0,10.0,3,11.0,546.809,"3,98",703.807,"85,4",BOSA,APOGEO,8.0,0.0,1.0,7.0,35501.0,17036.0,18465.0,2.2534576490803078,2.2534576490803078,4.108945761915942,0.5415651232060655
14.0,2021,4,1.0,1,0.0,0,1.0,1,1.0,1,20.0,4.66,375100.0,457974.0,0.0,0,45.0,430.156,"3,12",1.867.529,"93,6",USAQUEN,USAQUEN,11.0,0.0,5.0,6.0,41886.0,19970.0,21916.0,2.6261758105333524,2.6261758105333524,3.0045067601402105,2.281438218653039
32.0,2021,4,0.0,0,0.0,0,1.0,1,0.0,0,0.0,1.7457142857142858,1408200.0,1428675.0,0.0,0,47.0,404.35,"3,73",706.208,"83,68",SAN CRISTOBAL,SAN BLAS,7.0,0.0,4.0,3.0,103708.0,49930.0,53778.0,0.6749720368727581,0.6749720368727581,0.6008411776487083,0.7437985793447135
92.0,2021,4,0.0,0,0.0,0,0.0,0,0.0,0,11.0,2.5425,132324.0,86100.0,26.0,6,25.0,96.241,"3,18",896.890,"88,28",SANTA FE,LA MACARENA,7.0,0.0,4.0,3.0,12452.0,6093.0,6359.0,5.621586893671699,5.621586893671699,4.923682914820286,6.290297216543482
11.0,2021,4,1.0,1,1.0,1,5.0,1,6.0,1,4.0,2.3000000000000003,373404.0,436080.0,0.0,0,21.0,430.156,"3,12",1.867.529,"93,6",USAQUEN,SAN CRISTOBAL NORTE,4.0,0.0,2.0,2.0,70017.0,33225.0,36792.0,0.5712898296128083,0.5712898296128083,0.6019563581640331,0.5435964340073929
36.0,2021,4,1.0,1,0.0,0,2.0,1,0.0,0,4.0,2.97,350595.0,343350.0,26.0,7,19.0,378.78,"3,72",591.317,"87,06",RAFAEL URIBE URIBE,SAN JOSE,14.0,0.0,5.0,9.0,48237.0,22809.0,25428.0,2.902336380786533,2.902336380786533,3.945810864132579,1.9663363221645431
53.0,2021,4,0.0,0,1.0,1,1.0,1,0.0,0,2.0,2.442857142857143,479920.0,461139.0,21.0,6,14.0,378.78,"3,72",591.317,"87,06",RAFAEL URIBE URIBE,MARCO FIDEL SUAREZ,10.0,0.0,5.0,5.0,45951.0,22034.0,23917.0,2.1762312028029855,2.1762312028029855,2.269220295906327,2.090563197725467
50.0,2021,4,0.0,0,1.0,1,0.0,0,1.0,1,1.0,1.9327272727272728,215222.0,1432186.0,1.0,1,21.0,404.35,"3,73",706.208,"83,68",SAN CRISTOBAL,LA GLORIA,10.0,0.0,6.0,4.0,95719.0,46400.0,49319.0,1.044724662815115,1.044724662815115,0.8620689655172413,1.2165696790283662
110.0,2021,4,3.0,1,1.0,1,0.0,0,0.0,0,11.0,4.074999999999999,71780.0,82212.0,7.0,2,29.0,317.179,"3,46",1.428.379,"90,03",FONTIBON,CIUDAD SALITRE OCCIDENTAL,24.0,0.0,7.0,17.0,45154.0,21304.0,23850.0,5.315143730345042,5.315143730345042,7.979722117912129,2.935010482180293
10.0,2021,4,0.0,0,1.0,1,1.0,1,23.0,1,4.0,2.87125,122265.0,153495.0,5.0,2,29.0,430.156,"3,12",1.867.529,"93,6",USAQUEN,LA URIBE,8.0,0.0,6.0,2.0,36225.0,16591.0,19634.0,2.2084195997239475,2.2084195997239475,1.2054728467241276,3.0559233981868186
42.0,2021,4,0.0,0,2.0,1,1.0,1,7.0,1,3.0,2.4250000000000003,2179040.0,2310720.0,35.0,13,66.0,182.532,"3,63",829.895,"87,19",TUNJUELITO,VENECIA,36.0,0.0,13.0,23.0,138482.0,67336.0,71146.0,2.5996158345488944,2.5996158345488944,3.4157063086610435,1.827228516009333
103.0,2021,4,0.0,0,0.0,0,0.0,0,0.0,0,7.0,3.0,10953.0,12423.0,5.0,2,15.0,230.066,"3,36",1.462.840,"92,44",BARRIOS UNIDOS,PARQUE SALITRE,2.0,0.0,1.0,1.0,1282.0,673.0,609.0,15.600624024960998,15.600624024960998,14.858841010401187,16.420361247947454
21.0,2021,4,3.0,1,0.0,0,7.0,1,0.0,0,23.0,3.762,225860.0,233125.0,52.0,5,22.0,230.066,"3,36",1.462.840,"92,44",BARRIOS UNIDOS,LOS ANDES,19.0,0.0,7.0,12.0,29182.0,12994.0,16188.0,6.510862860667534,6.510862860667534,9.235031553024474,4.3241907585866075
55.0,2021,4,0.0,0,0.0,0,0.0,0,0.0,0,0.0,1.5539999999999998,379860.0,395955.0,0.0,0,7.0,378.78,"3,72",591.317,"87,06",RAFAEL URIBE URIBE,DIANA TURBAY,5.0,0.0,1.0,4.0,74939.0,36132.0,38807.0,0.6672093302552743,0.6672093302552743,1.1070519207350826,0.2576854691163965
113.0,2021,4,0.0,0,0.0,0,3.0,1,0.0,0,7.0,3.2925,104270.0,104965.0,8.0,3,26.0,979.914,"3,72",999.300,"88,94",KENNEDY,BAVARIA,10.0,0.0,3.0,7.0,42429.0,19776.0,22653.0,2.3568785500483163,2.3568785500483163,3.539644012944984,1.3243279035889286
60.0,2021,4,0.0,0,0.0,0,0.0,0,0.0,0,1.0,1.11,10544.0,15584.0,0.0,0,0.0,314.431,"4,07",569.872,"82,91",USME,PARQUE ENTRENUBES,0.0,0.0,0.0,0.0,0.0,0.0,0.0,0.0,0.0,0.0,0.0
60.0,2021,4,0.0,0,0.0,0,0.0,0,0.0,0,1.0,1.11,10544.0,15584.0,0.0,0,0.0,314.431,"4,07",569.872,"82,91",USME,PARQUE ENTRENUBES,0.0,0.0,0.0,0.0,0.0,0.0,0.0,0.0,0.0,0.0,0.0
90.0,2021,4,0.0,0,1.0,1,4.0,1,1.0,1,24.0,3.05,275954.0,520674.0,22.0,10,60.0,122.507,"2,43",2.288.835,"96,61",CHAPINERO,PARDO RUBIO,25.0,0.0,14.0,11.0,49773.0,24378.0,25395.0,5.0228035280171985,5.0228035280171985,4.512265157108868,5.512896239417208
67.0,2021,4,0.0,0,1.0,1,2.0,1,0.0,0,0.0,1.256470588235294,2609568.0,2765373.0,2.0,1,30.0,593.937,"4,09",505.335,"83,5",CIUDAD BOLIVAR,LUCERO,18.0,0.0,6.0,12.0,161398.0,80209.0,81189.0,1.1152554554579364,1.1152554554579364,1.496091461057986,0.7390163692125781
83.0,2021,4,0.0,0,0.0,0,0.0,0,0.0,0,1.0,2.0,24432.0,29572.0,1.0,1,11.0,979.914,"3,72",999.300,"88,94",KENNEDY,LAS MARGARITAS,6.0,0.0,0.0,6.0,33332.0,15905.0,17427.0,1.8000720028801154,1.8000720028801154,3.7723986167871737,0.0
101.0,2021,4,1.0,1,0.0,0,3.0,1,0.0,0,20.0,3.8711111111111105,267970.0,273160.0,65.0,10,59.0,139.298,"2,87",1.933.116,"96,03",TEUSAQUILLO,TEUSAQUILLO,28.0,0.0,11.0,17.0,27179.0,12742.0,14437.0,10.302071452224144,10.302071452224144,13.341704598964057,7.619311491307058
54.0,2021,4,0.0,0,0.0,0,0.0,0,0.0,0,2.0,1.83,984621.0,1061115.0,21.0,8,28.0,378.78,"3,72",591.317,"87,06",RAFAEL URIBE URIBE,MARRUECOS,13.0,0.0,5.0,8.0,120683.0,63530.0,57153.0,1.0772022571530373,1.0772022571530373,1.2592475995592634,0.8748447150630764
78.0,2021,4,0.0,0,1.0,1,0.0,0,0.0,0,4.0,1.956,79812.0,176088.0,0.0,0,25.0,979.914,"3,72",999.300,"88,94",KENNEDY,TINTAL NORTE,4.0,0.0,1.0,3.0,31602.0,14816.0,16786.0,1.2657426745142712,1.2657426745142712,2.024838012958963,0.5957345406886692
100.0,2021,4,2.0,1,2.0,1,2.0,1,1.0,1,13.0,3.59625,300195.0,309096.0,38.0,9,56.0,139.298,"2,87",1.933.116,"96,03",TEUSAQUILLO,GALERIAS,38.0,0.0,7.0,31.0,36268.0,16800.0,19468.0,10.477555972206904,10.477555972206904,18.452380952380953,3.595644133963427
34.0,2021,4,0.0,0,2.0,1,2.0,1,1.0,1,2.0,2.346363636363636,864012.0,1108236.0,26.0,12,30.0,404.35,"3,73",706.208,"83,68",SAN CRISTOBAL,20 DE JULIO,28.0,0.0,14.0,14.0,79989.0,38719.0,41270.0,3.500481316180975,3.500481316180975,3.615795862496449,3.392294645020596
106.0,2021,4,1.0,1,0.0,0,4.0,1,1.0,1,4.0,4.164,167560.0,168920.0,17.0,5,30.0,139.298,"2,87",1.933.116,"96,03",TEUSAQUILLO,LA ESMERALDA,9.0,0.0,3.0,6.0,38617.0,17206.0,21411.0,2.3305797964626978,2.3305797964626978,3.487155643380216,1.4011489421325487
91.0,2021,4,2.0,1,1.0,1,1.0,1,1.0,1,14.0,3.3285714285714287,96894.0,41153.0,42.0,7,37.0,96.241,"3,18",896.890,"88,28",SANTA FE,SAGRADO CORAZON,20.0,0.0,6.0,14.0,11465.0,5724.0,5741.0,17.444395987788923,17.444395987788923,24.45842068483578,10.451140916216687
95.0,2021,4,0.0,0,0.0,0,1.0,1,0.0,0,13.0,2.0,260205.0,69723.0,19.0,3,15.0,96.241,"3,18",896.890,"88,28",SANTA FE,LAS CRUCES,2.0,0.0,0.0,2.0,21364.0,10777.0,10587.0,0.9361542782250516,0.9361542782250516,1.855804027094739,0.0
40.0,2021,4,2.0,1,0.0,0,3.0,1,0.0,0,5.0,3.0,1219392.0,1267944.0,21.0,8,62.0,250.715,"3,55",1.116.511,"90,43",PUENTE ARANDA,CIUDAD MONTES,14.0,0.0,6.0,8.0,101529.0,47781.0,53748.0,1.378916368722237,1.378916368722237,1.674305686360687,1.1163206072784104
117.0,2021,4,0.0,0,0.0,0,0.0,0,0.0,0,7.0,3.0,824.0,1670.0,1.0,1,17.0,317.179,"3,46",1.428.379,"90,03",FONTIBON,AEROPUERTO EL DORADO,6.0,0.0,3.0,3.0,853.0,576.0,277.0,70.33997655334116,70.33997655334116,52.08333333333333,108.30324909747291
64.0,2021,4,0.0,0,0.0,0,0.0,0,0.0,0,0.0,1.0,5590.0,25895.0,0.0,0,7.0,593.937,"4,09",505.335,"83,5",CIUDAD BOLIVAR,MONTE BLANCO,0.0,0.0,0.0,0.0,0.0,0.0,0.0,0.0,0.0,0.0,0.0
48.0,2021,4,0.0,0,1.0,1,0.0,0,0.0,0,5.0,2.7455555555555557,1310472.0,1325682.0,5.0,3,18.0,979.914,"3,72",999.300,"88,94",KENNEDY,TIMIZA,16.0,0.0,8.0,8.0,143607.0,68959.0,74648.0,1.114151817111979,1.114151817111979,1.160109630360069,1.0716964955524595
98.0,2021,4,1.0,1,3.0,1,8.0,1,1.0,1,26.0,3.0542105263157895,1522242.0,1559634.0,99.0,19,81.0,230.066,"3,36",1.462.840,"92,44",BARRIOS UNIDOS,LOS ALCAZARES,31.0,0.0,8.0,23.0,40566.0,19750.0,20816.0,7.641867573830301,7.641867573830301,11.645569620253164,3.8431975403535743
28.0,2021,4,3.0,1,9.0,1,17.0,1,9.0,1,13.0,2.287857142857143,3797108.0,4228084.0,17.0,6,49.0,981.613,"3,41",1.388.086,"91,6",SUBA,EL RINCON,46.0,0.0,12.0,34.0,272505.0,130755.0,141750.0,1.6880424212399774,1.6880424212399774,2.600282971970479,0.8465608465608465
17.0,2021,4,1.0,1,0.0,0,4.0,1,0.0,0,6.0,4.285,226840.0,238870.0,6.0,2,32.0,981.613,"3,41",1.388.086,"91,6",SUBA,SAN JOSE DE BAVARIA,8.0,0.0,3.0,5.0,48272.0,22557.0,25715.0,1.6572754391779914,1.6572754391779914,2.216606818282573,1.16663426015944
24.0,2021,4,4.0,1,2.0,1,17.0,1,2.0,1,13.0,4.819999999999999,859833.0,845949.0,36.0,12,69.0,981.613,"3,41",1.388.086,"91,6",SUBA,NIZA,25.0,0.0,15.0,10.0,79640.0,36747.0,42893.0,3.139126067302863,3.139126067302863,2.7213105831768583,3.497074114657403
44.0,2021,4,2.0,1,2.0,1,2.0,1,0.0,0,8.0,3.22875,673424.0,676672.0,20.0,7,33.0,979.914,"3,72",999.300,"88,94",KENNEDY,AMERICAS,22.0,0.0,6.0,16.0,80454.0,38038.0,42416.0,2.7344818156959256,2.7344818156959256,4.20631999579368,1.4145605431912487
62.0,2021,4,0.0,0,2.0,1,2.0,1,0.0,0,1.0,2.024,338366.0,403893.0,26.0,7,26.0,182.532,"3,63",829.895,"87,19",TUNJUELITO,TUNJUELITO,8.0,0.0,4.0,4.0,40570.0,20186.0,20384.0,1.9719004190288392,1.9719004190288392,1.9815713861091844,1.9623233908948197
69.0,2021,4,1.0,1,1.0,1,2.0,1,1.0,1,1.0,1.3691666666666666,1779216.0,1964304.0,13.0,6,22.0,593.937,"4,09",505.335,"83,5",CIUDAD BOLIVAR,ISMAEL PERDOMO,20.0,0.0,6.0,14.0,164827.0,80707.0,84120.0,1.2133934367549006,1.2133934367549006,1.734669855155067,0.7132667617689016
93.0,2021,4,5.0,1,5.0,1,5.0,1,1.0,1,8.0,2.932857142857143,332178.0,96411.0,80.0,7,52.0,96.241,"3,18",896.890,"88,28",SANTA FE,LAS NIEVES,35.0,0.0,11.0,24.0,17660.0,9118.0,8542.0,19.818799546998868,19.818799546998868,26.321561745996927,12.877546242097868
18.0,2021,4,0.0,0,1.0,1,6.0,1,5.0,1,7.0,3.272,300834.0,346380.0,10.0,3,25.0,981.613,"3,41",1.388.086,"91,6",SUBA,BRITALIA,11.0,0.0,3.0,8.0,91263.0,42547.0,48716.0,1.205307736979937,1.205307736979937,1.8802735798058618,0.6158141062484604
15.0,2022,1,2.0,1,0.0,0,0.0,0,0.0,0,14.0,5.395,175550.0,49356.0,6.0,2,21.0,430.156,"3,12",1.867.529,"93,6",USAQUEN,COUNTRY CLUB,1.0,0.0,0.0,1.0,24743.0,11179.0,13564.0,0.40415471042315004,0.40415471042315004,0.894534394847482,0.0
86.0,2022,1,0.0,0,0.0,0,0.0,0,0.0,0,0.0,1.568,321440.0,368145.0,0.0,0,33.0,546.809,"3,98",703.807,"85,4",BOSA,EL PORVENIR,11.0,0.0,6.0,5.0,150905.0,72055.0,78850.0,0.7289354229482123,0.7289354229482123,0.6939143709666228,0.7609384908053265
71.0,2022,1,0.0,0,0.0,0,4.0,1,0.0,0,10.0,2.105,2325960.0,2670912.0,0.0,0,22.0,981.613,"3,41",1.388.086,"91,6",SUBA,TIBABUYES,15.0,0.0,6.0,9.0,308559.0,149557.0,159002.0,0.48613069137506926,0.48613069137506926,0.6017772488081468,0.3773537439780632
29.0,2022,1,3.0,1,2.0,1,3.0,1,0.0,0,8.0,2.713333333333334,1291554.0,1329381.0,30.0,9,32.0,824.337,"3,41",1.089.512,"91,78",ENGATIVA,MINUTO DE DIOS,23.0,0.0,9.0,14.0,107025.0,50235.0,56790.0,2.1490306003270265,2.1490306003270265,2.786901562655519,1.5847860538827259
80.0,2022,1,0.0,0,1.0,1,1.0,1,0.0,0,8.0,2.0025,247816.0,277108.0,11.0,4,19.0,979.914,"3,72",999.300,"88,94",KENNEDY,CORABASTOS,9.0,0.0,3.0,6.0,56865.0,28410.0,28455.0,1.5826958586125033,1.5826958586125033,2.1119324181626187,1.0542962572482868
99.0,2022,1,7.0,1,3.0,1,2.0,1,0.0,0,21.0,3.692,79566.0,121692.0,22.0,6,62.0,122.507,"2,43",2.288.835,"96,61",CHAPINERO,CHAPINERO,38.0,0.0,14.0,24.0,24533.0,12186.0,12347.0,15.4893408877838,15.4893408877838,19.694731659281143,11.33878674981777
3.0,2022,1,0.0,0,0.0,0,0.0,0,0.0,0,0.0,6.0,0.0,1169.0,0.0,0,26.0,981.613,"3,41",1.388.086,"91,6",SUBA,GUAYMARAL,1.0,0.0,1.0,0.0,2446.0,1200.0,1246.0,4.088307440719542,4.088307440719542,0.0,8.025682182985554
97.0,2022,1,13.0,1,3.0,1,7.0,1,0.0,0,19.0,5.211875,94384.0,420656.0,63.0,15,98.0,122.507,"2,43",2.288.835,"96,61",CHAPINERO,CHICO LAGO,53.0,0.0,18.0,35.0,36008.0,16870.0,19138.0,14.718951344145745,14.718951344145745,20.74688796680498,9.405371512174732
94.0,2022,1,4.0,1,0.0,0,1.0,1,0.0,0,6.0,2.40875,203598.0,216855.0,43.0,8,36.0,22.115,"2,83",1.050.888,"88,9",CANDELARIA,LA CANDELARIA,15.0,0.0,8.0,7.0,17171.0,8942.0,8229.0,8.735658959874206,8.735658959874206,7.82822634757325,9.721715882853323
76.0,2022,1,0.0,0,0.0,0,3.0,1,0.0,0,3.0,2.186666666666667,120020.0,128536.0,0.0,0,21.0,317.179,"3,46",1.428.379,"90,03",FONTIBON,FONTIBON SAN PABLO,9.0,0.0,3.0,6.0,33742.0,16516.0,17226.0,2.6672989152984408,2.6672989152984408,3.6328408815693876,1.741553465691397
114.0,2022,1,2.0,1,0.0,0,2.0,1,0.0,0,12.0,3.8,191930.0,197050.0,9.0,4,24.0,317.179,"3,46",1.428.379,"90,03",FONTIBON,MODELIA,8.0,0.0,4.0,4.0,43395.0,20004.0,23391.0,1.8435303606406268,1.8435303606406268,1.999600079984003,1.7100594245650036
89.0,2022,1,0.0,0,0.0,0,0.0,0,0.0,0,0.0,2.0666666666666664,28245.0,48603.0,0.0,0,3.0,122.507,"2,43",2.288.835,"96,61",CHAPINERO,SAN ISIDRO - PATIOS,0.0,0.0,0.0,0.0,0.0,0.0,0.0,0.0,0.0,0.0,0.0
38.0,2022,1,2.0,1,5.0,1,5.0,1,0.0,0,5.0,3.008,1246305.0,1155330.0,52.0,15,75.0,119.565,"3,92",1.095.184,"90,79",ANTONIO NARIÑO,RESTREPO,26.0,0.0,15.0,11.0,54757.0,25932.0,28825.0,4.748251365122267,4.748251365122267,4.24186333487583,5.203816131830009
52.0,2022,1,0.0,0,0.0,0,0.0,0,0.0,0,0.0,1.0,614920.0,740280.0,0.0,0,176.0,314.431,"4,07",569.872,"82,91",USME,LA FLORA,2.0,0.0,0.0,2.0,19750.0,9802.0,9948.0,1.0126582278481013,1.0126582278481013,2.0403999183840034,0.0
96.0,2022,1,0.0,0,0.0,0,1.0,1,0.0,0,4.0,1.7264285714285716,628474.0,648214.0,4.0,2,16.0,96.241,"3,18",896.890,"88,28",SANTA FE,LOURDES,4.0,0.0,2.0,2.0,46044.0,22372.0,23672.0,0.8687342541916427,0.8687342541916427,0.8939746111210441,0.8448800270361608
84.0,2022,1,0.0,0,1.0,1,4.0,1,0.0,0,2.0,1.98,990222.0,1073760.0,1.0,1,30.0,546.809,"3,98",703.807,"85,4",BOSA,BOSA OCCIDENTAL,16.0,0.0,6.0,10.0,199880.0,97718.0,102162.0,0.8004802881729037,0.8004802881729037,1.0233529134857446,0.5873025195278088
111.0,2022,1,3.0,1,0.0,0,1.0,1,0.0,0,8.0,2.9375,64585.0,73290.0,16.0,5,63.0,250.715,"3,55",1.116.511,"90,43",PUENTE ARANDA,PUENTE ARANDA,7.0,0.0,2.0,5.0,12670.0,10287.0,2383.0,5.524861878453039,5.524861878453039,4.86050354816759,8.392782207301721
112.0,2022,1,1.0,1,1.0,1,3.0,1,0.0,0,18.0,3.1133333333333333,126427.0,160027.0,0.0,0,71.0,317.179,"3,46",1.428.379,"90,03",FONTIBON,GRANJAS DE TECHO,17.0,0.0,8.0,9.0,53534.0,24780.0,28754.0,3.175551985653977,3.175551985653977,3.631961259079903,2.782221603950755
75.0,2022,1,2.0,1,3.0,1,8.0,1,0.0,0,8.0,2.913,1316550.0,1374890.0,0.0,0,58.0,317.179,"3,46",1.428.379,"90,03",FONTIBON,FONTIBON,18.0,0.0,6.0,12.0,130396.0,62011.0,68385.0,1.3804104420380992,1.3804104420380992,1.935140539581687,0.8773853915332309
12.0,2022,1,1.0,1,2.0,1,6.0,1,0.0,0,8.0,3.378,256245.0,260090.0,9.0,3,42.0,430.156,"3,12",1.867.529,"93,6",USAQUEN,TOBERIN,10.0,0.0,9.0,1.0,61040.0,28090.0,32950.0,1.6382699868938402,1.6382699868938402,0.35599857600569595,2.7314112291350527
16.0,2022,1,5.0,1,2.0,1,9.0,1,0.0,0,24.0,5.738888888888889,464238.0,463266.0,18.0,6,60.0,430.156,"3,12",1.867.529,"93,6",USAQUEN,SANTA BARBARA,20.0,0.0,8.0,12.0,72809.0,32920.0,39889.0,2.7469131563405624,2.7469131563405624,3.6452004860267317,2.0055654441073982
82.0,2022,1,0.0,0,1.0,1,2.0,1,0.0,0,4.0,1.9566666666666668,963012.0,1044870.0,9.0,4,29.0,979.914,"3,72",999.300,"88,94",KENNEDY,PATIO BONITO,19.0,0.0,6.0,13.0,138518.0,68830.0,69688.0,1.3716628885776578,1.3716628885776578,1.8887113177393577,0.860980369647572
35.0,2022,1,1.0,1,0.0,0,2.0,1,0.0,0,4.0,2.666,168705.0,154565.0,35.0,5,22.0,119.565,"3,92",1.095.184,"90,79",ANTONIO NARIÑO,CIUDAD JARDIN,5.0,0.0,0.0,5.0,26034.0,12260.0,13774.0,1.9205654144580164,1.9205654144580164,4.078303425774878,0.0
68.0,2022,1,0.0,0,0.0,0,1.0,1,0.0,0,0.0,1.055,351536.0,380992.0,0.0,0,13.0,593.937,"4,09",505.335,"83,5",CIUDAD BOLIVAR,EL TESORO,0.0,0.0,0.0,0.0,0.0,0.0,0.0,0.0,0.0,0.0,0.0
27.0,2022,1,4.0,1,5.0,1,7.0,1,0.0,0,9.0,2.840909090909091,1497236.0,1751217.0,16.0,6,48.0,981.613,"3,41",1.388.086,"91,6",SUBA,SUBA,18.0,0.0,7.0,11.0,187097.0,87903.0,99194.0,0.9620678044009258,0.9620678044009258,1.2513793613414788,0.7056878440228239
22.0,2022,1,1.0,1,1.0,1,5.0,1,0.0,0,7.0,3.292222222222222,847206.0,887247.0,37.0,8,38.0,230.066,"3,36",1.462.840,"92,44",BARRIOS UNIDOS,DOCE DE OCTUBRE,9.0,0.0,4.0,5.0,70398.0,33818.0,36580.0,1.2784454103809768,1.2784454103809768,1.4785025725944763,1.0934937124111537
105.0,2022,1,1.0,1,0.0,0,0.0,0,0.0,0,5.0,2.67,1601.0,2464.0,4.0,1,11.0,824.337,"3,41",1.089.512,"91,78",ENGATIVA,JARDIN BOTANICO,1.0,0.0,1.0,0.0,3379.0,2022.0,1357.0,2.9594554601953242,2.9594554601953242,0.0,7.369196757553427
104.0,2022,1,1.0,1,0.0,0,0.0,0,0.0,0,12.0,4.0,19494.0,20424.0,21.0,5,34.0,139.298,"2,87",1.933.116,"96,03",TEUSAQUILLO,PARQUE SIMON BOLIVAR - CAN,8.0,0.0,4.0,4.0,3139.0,1650.0,1489.0,25.48582351067219,25.48582351067219,24.242424242424242,26.86366689053056
74.0,2022,1,0.0,0,0.0,0,3.0,1,0.0,0,2.0,2.0016666666666665,712512.0,784968.0,0.0,0,15.0,824.337,"3,41",1.089.512,"91,78",ENGATIVA,ENGATIVA,8.0,0.0,4.0,4.0,145990.0,70530.0,75460.0,0.5479827385437358,0.5479827385437358,0.5671345526726216,0.530082162735224
47.0,2022,1,4.0,1,0.0,0,2.0,1,0.0,0,6.0,3.0,865592.0,770256.0,9.0,4,28.0,979.914,"3,72",999.300,"88,94",KENNEDY,KENNEDY CENTRAL,17.0,0.0,9.0,8.0,93458.0,44314.0,49144.0,1.8189989086006548,1.8189989086006548,1.8052985512479125,1.8313527592381573
70.0,2022,1,0.0,0,0.0,0,0.0,0,0.0,0,1.0,1.1733333333333331,789975.0,888237.0,0.0,0,23.0,593.937,"4,09",505.335,"83,5",CIUDAD BOLIVAR,JERUSALEM,9.0,0.0,5.0,4.0,102706.0,50382.0,52324.0,0.8762876560278855,0.8762876560278855,0.7939343416299471,0.9555844354407156
66.0,2022,1,0.0,0,0.0,0,0.0,0,0.0,0,0.0,1.8425,597168.0,609704.0,4.0,3,26.0,593.937,"4,09",505.335,"83,5",CIUDAD BOLIVAR,SAN FRANCISCO,9.0,0.0,3.0,6.0,70388.0,34476.0,35912.0,1.2786270386997785,1.2786270386997785,1.740341106856944,0.8353753619959902
65.0,2022,1,0.0,0,0.0,0,1.0,1,0.0,0,1.0,2.463333333333334,349194.0,364512.0,9.0,3,21.0,593.937,"4,09",505.335,"83,5",CIUDAD BOLIVAR,ARBORIZADORA,12.0,0.0,6.0,6.0,86615.0,41438.0,45177.0,1.3854413207873923,1.3854413207873923,1.4479463294560546,1.3281094362175443
79.0,2022,1,0.0,0,0.0,0,0.0,0,0.0,0,3.0,2.1333333333333333,167274.0,204984.0,3.0,2,22.0,979.914,"3,72",999.300,"88,94",KENNEDY,CALANDAIMA,6.0,0.0,2.0,4.0,144820.0,68595.0,76225.0,0.41430741610274824,0.41430741610274824,0.5831328814053502,0.26238110856018365
59.0,2022,1,0.0,0,0.0,0,0.0,0,0.0,0,0.0,1.0,163808.0,216380.0,0.0,0,6.0,314.431,"4,07",569.872,"82,91",USME,ALFONSO LOPEZ,6.0,0.0,3.0,3.0,52034.0,25726.0,26308.0,1.1530922089403082,1.1530922089403082,1.166135427194278,1.1403375399118139
45.0,2022,1,0.0,0,1.0,1,4.0,1,0.0,0,8.0,2.7914285714285714,737583.0,674359.0,9.0,4,35.0,979.914,"3,72",999.300,"88,94",KENNEDY,CARVAJAL,16.0,0.0,9.0,7.0,89015.0,43052.0,45963.0,1.7974498679997752,1.7974498679997752,1.62594072284679,1.9580967299784608
20.0,2022,1,2.0,1,1.0,1,8.0,1,0.0,0,33.0,4.996666666666667,231126.0,219822.0,33.0,6,26.0,981.613,"3,41",1.388.086,"91,6",SUBA,LA ALHAMBRA,14.0,0.0,5.0,9.0,39439.0,18140.0,21299.0,3.5497857450746726,3.5497857450746726,4.961411245865491,2.347528052960233
51.0,2022,1,0.0,0,0.0,0,1.0,1,0.0,0,0.0,1.68875,263745.0,660861.0,0.0,0,15.0,404.35,"3,73",706.208,"83,68",SAN CRISTOBAL,LOS LIBERTADORES,6.0,0.0,3.0,3.0,78104.0,37831.0,40273.0,0.7682064939055618,0.7682064939055618,0.7930004493669214,0.7449159486504606
115.0,2022,1,4.0,1,2.0,1,0.0,0,0.0,0,10.0,3.314,77135.0,83285.0,6.0,3,26.0,317.179,"3,46",1.428.379,"90,03",FONTIBON,CAPELLANIA,5.0,0.0,2.0,3.0,17835.0,8373.0,9462.0,2.803476310625175,2.803476310625175,3.582945180938731,2.113718030014796
43.0,2022,1,0.0,0,0.0,0,5.0,1,0.0,0,7.0,3.0,844074.0,844239.0,17.0,8,31.0,250.715,"3,55",1.116.511,"90,43",PUENTE ARANDA,SAN RAFAEL,11.0,0.0,2.0,9.0,72673.0,34314.0,38359.0,1.513629546048739,1.513629546048739,2.6228361601678616,0.5213900258088063
25.0,2022,1,3.0,1,2.0,1,4.0,1,0.0,0,17.0,4.04,127070.0,126620.0,24.0,5,25.0,981.613,"3,41",1.388.086,"91,6",SUBA,LA FLORESTA,4.0,0.0,1.0,3.0,44657.0,20574.0,24083.0,0.8957162370960879,0.8957162370960879,1.458151064450277,0.41523066063198105
56.0,2022,1,0.0,0,0.0,0,0.0,0,0.0,0,0.0,1.508,205135.0,253351.0,6.0,6,8.0,314.431,"4,07",569.872,"82,91",USME,DANUBIO,3.0,0.0,1.0,2.0,57802.0,27868.0,29934.0,0.5190131829348466,0.5190131829348466,0.7176690110521028,0.33406828355715906
26.0,2022,1,0.0,0,3.0,1,8.0,1,0.0,0,14.0,3.0646153846153847,1441973.0,1441167.0,19.0,5,69.0,824.337,"3,41",1.089.512,"91,78",ENGATIVA,LAS FERIAS,25.0,0.0,10.0,15.0,101386.0,48275.0,53111.0,2.465823683743318,2.465823683743318,3.1071983428275507,1.8828491272994294
102.0,2022,1,1.0,1,2.0,1,5.0,1,0.0,0,16.0,2.8186666666666667,764715.0,782955.0,131.0,15,94.0,94.944,"3,53",1.059.511,"89,78",LOS MARTIRES,LA SABANA,37.0,0.0,12.0,25.0,39345.0,18509.0,20836.0,9.403990341847758,9.403990341847758,13.506942568480198,5.759262814359762
2.0,2022,1,0.0,0,0.0,0,0.0,0,0.0,0,2.0,5.058,10545.0,13800.0,3.0,2,95.0,981.613,"3,41",1.388.086,"91,6",SUBA,LA ACADEMIA,2.0,0.0,0.0,2.0,6160.0,2976.0,3184.0,3.2467532467532467,3.2467532467532467,6.720430107526882,0.0
116.0,2022,1,1.0,1,1.0,1,2.0,1,0.0,0,12.0,3.155,24638.0,27282.0,3.0,1,17.0,824.337,"3,41",1.089.512,"91,78",ENGATIVA,ALAMOS,9.0,0.0,4.0,5.0,12361.0,5789.0,6572.0,7.280964323274816,7.280964323274816,8.637070305752289,6.086427267194157
81.0,2022,1,1.0,1,0.0,0,1.0,1,0.0,0,5.0,2.0025,290204.0,283616.0,1.0,1,16.0,979.914,"3,72",999.300,"88,94",KENNEDY,GRAN BRITALIA,8.0,0.0,2.0,6.0,62604.0,30648.0,31956.0,1.2778736182991501,1.2778736182991501,1.9577133907595927,0.6258605582676179
52.0,2022,1,0.0,0,0.0,0,0.0,0,0.0,0,0.0,1.0,614920.0,740280.0,0.0,0,176.0,314.431,"4,07",569.872,"82,91",USME,LA FLORA,2.0,0.0,0.0,2.0,19750.0,9802.0,9948.0,1.0126582278481013,1.0126582278481013,2.0403999183840034,0.0
33.0,2022,1,0.0,0,0.0,0,2.0,1,0.0,0,2.0,2.8193333333333332,1647904.0,748256.0,42.0,13,30.0,404.35,"3,73",706.208,"83,68",SAN CRISTOBAL,SOSIEGO,6.0,0.0,1.0,5.0,44213.0,21410.0,22803.0,1.3570669260172348,1.3570669260172348,2.335357309668379,0.4385387887558655
19.0,2022,1,3.0,1,8.0,1,12.0,1,0.0,0,18.0,3.51625,692512.0,712104.0,25.0,8,34.0,981.613,"3,41",1.388.086,"91,6",SUBA,EL PRADO,10.0,0.0,6.0,4.0,98532.0,45765.0,52767.0,1.0148987131084317,1.0148987131084317,0.8740303725554462,1.137074307806015
41.0,2022,1,0.0,0,0.0,0,2.0,1,0.0,0,7.0,3.0,523602.0,513468.0,24.0,8,22.0,250.715,"3,55",1.116.511,"90,43",PUENTE ARANDA,MUZU,21.0,0.0,11.0,10.0,58950.0,27828.0,31122.0,3.56234096692112,3.56234096692112,3.5935029466724164,3.534477218687745
37.0,2022,1,0.0,0,1.0,1,2.0,1,0.0,0,11.0,3.0,307027.0,315602.0,40.0,7,41.0,94.944,"3,53",1.059.511,"89,78",LOS MARTIRES,SANTA ISABEL,8.0,0.0,3.0,5.0,45156.0,20636.0,24520.0,1.771636105943839,1.771636105943839,2.422950184144214,1.2234910277324633
107.0,2022,1,2.0,1,1.0,1,3.0,1,0.0,0,10.0,3.77,207448.0,216792.0,32.0,8,35.0,139.298,"2,87",1.933.116,"96,03",TEUSAQUILLO,QUINTA PAREDES,10.0,0.0,3.0,7.0,27235.0,12192.0,15043.0,3.6717459151826692,3.6717459151826692,5.741469816272966,1.9942830552416408
73.0,2022,1,1.0,1,0.0,0,4.0,1,0.0,0,5.0,2.775714285714286,955689.0,1044302.0,4.0,2,40.0,824.337,"3,41",1.089.512,"91,78",ENGATIVA,GARCES NAVAS,18.0,0.0,5.0,13.0,173461.0,81788.0,91673.0,1.03769723453687,1.03769723453687,1.5894752286398983,0.5454168621077089
31.0,2022,1,1.0,1,1.0,1,3.0,1,0.0,0,12.0,3.318333333333334,409362.0,391260.0,10.0,4,38.0,824.337,"3,41",1.089.512,"91,78",ENGATIVA,SANTA CECILIA,16.0,0.0,3.0,13.0,68583.0,32094.0,36489.0,2.332939649767435,2.332939649767435,4.050601358509379,0.8221655841486475
58.0,2022,1,0.0,0,1.0,1,1.0,1,0.0,0,0.0,1.5654545454545454,857659.0,954745.0,0.0,0,29.0,314.431,"4,07",569.872,"82,91",USME,COMUNEROS,11.0,0.0,4.0,7.0,96803.0,47416.0,49387.0,1.1363284195737735,1.1363284195737735,1.47629492154547,0.8099297385951768
13.0,2022,1,3.0,1,1.0,1,9.0,1,0.0,0,8.0,4.381666666666667,1717632.0,1842552.0,20.0,5,88.0,430.156,"3,12",1.867.529,"93,6",USAQUEN,LOS CEDROS,27.0,0.0,11.0,16.0,132098.0,58771.0,73327.0,2.043937077018577,2.043937077018577,2.722431130999983,1.5001295566435284
63.0,2022,1,0.0,0,0.0,0,0.0,0,0.0,0,0.0,,1596.0,5864.0,2.0,2,6.0,593.937,"4,09",505.335,"83,5",CIUDAD BOLIVAR,EL MOCHUELO,0.0,0.0,0.0,0.0,0.0,0.0,0.0,0.0,0.0,0.0,0.0
87.0,2022,1,0.0,0,0.0,0,0.0,0,0.0,0,1.0,1.765,212992.0,339512.0,0.0,0,47.0,546.809,"3,98",703.807,"85,4",BOSA,TINTAL SUR,7.0,0.0,4.0,3.0,126657.0,59614.0,67043.0,0.5526737566814309,0.5526737566814309,0.5032374945482605,0.5966320122906195
77.0,2022,1,1.0,1,0.0,0,0.0,0,0.0,0,3.0,2.045,283878.0,356976.0,0.0,0,13.0,317.179,"3,46",1.428.379,"90,03",FONTIBON,ZONA FRANCA,5.0,0.0,1.0,4.0,65142.0,30430.0,34712.0,0.7675539590433207,0.7675539590433207,1.3144922773578704,0.28808481216870246
39.0,2022,1,1.0,1,2.0,1,6.0,1,0.0,0,4.0,3.0,1410480.0,1306815.0,45.0,15,69.0,378.78,"3,72",591.317,"87,06",RAFAEL URIBE URIBE,QUIROGA,18.0,0.0,9.0,9.0,91927.0,44066.0,47861.0,1.9580754294168197,1.9580754294168197,2.0423909590160214,1.8804454566348383
108.0,2022,1,0.0,0,0.0,0,1.0,1,0.0,0,9.0,2.685714285714286,33520.0,33976.0,48.0,8,66.0,250.715,"3,55",1.116.511,"90,43",PUENTE ARANDA,ZONA INDUSTRIAL,8.0,0.0,5.0,3.0,6710.0,3325.0,3385.0,11.922503725782414,11.922503725782414,9.022556390977444,14.771048744460858
61.0,2022,1,0.0,0,0.0,0,0.0,0,0.0,0,0.0,1.2366666666666666,79500.0,134960.0,0.0,0,65.0,314.431,"4,07",569.872,"82,91",USME,CIUDAD USME,4.0,0.0,1.0,3.0,29400.0,14233.0,15167.0,1.3605442176870748,1.3605442176870748,2.107777699711937,0.659326168655634
1.0,2022,1,0.0,0,0.0,0,0.0,0,0.0,0,2.0,4.0,52488.0,63828.0,3.0,3,83.0,430.156,"3,12",1.867.529,"93,6",USAQUEN,PASEO DE LOS LIBERTADORES,0.0,0.0,0.0,0.0,0.0,0.0,0.0,0.0,0.0,0.0,0.0
46.0,2022,1,3.0,1,0.0,0,4.0,1,0.0,0,7.0,2.72,884656.0,1003288.0,18.0,6,40.0,979.914,"3,72",999.300,"88,94",KENNEDY,CASTILLA,18.0,0.0,8.0,10.0,148724.0,70628.0,78096.0,1.2102955810763563,1.2102955810763563,1.4158690604292916,1.024380249948781
85.0,2022,1,1.0,1,2.0,1,5.0,1,0.0,0,2.0,1.9988888888888892,2537808.0,2654832.0,17.0,6,39.0,546.809,"3,98",703.807,"85,4",BOSA,BOSA CENTRAL,28.0,0.0,12.0,16.0,233006.0,112514.0,120492.0,1.2016857934988798,1.2016857934988798,1.422045256590291,0.9959167413604223
60.0,2022,1,0.0,0,0.0,0,0.0,0,0.0,0,1.0,1.11,10544.0,15584.0,0.0,0,0.0,314.431,"4,07",569.872,"82,91",USME,PARQUE ENTRENUBES,2.0,0.0,0.0,2.0,827.0,429.0,398.0,24.183796856106408,24.183796856106408,46.62004662004662,0.0
60.0,2022,1,0.0,0,0.0,0,0.0,0,0.0,0,1.0,1.11,10544.0,15584.0,0.0,0,0.0,314.431,"4,07",569.872,"82,91",USME,PARQUE ENTRENUBES,2.0,0.0,0.0,2.0,827.0,429.0,398.0,24.183796856106408,24.183796856106408,46.62004662004662,0.0
30.0,2022,1,1.0,1,5.0,1,9.0,1,0.0,0,9.0,3.001818181818182,1427481.0,1341120.0,25.0,7,42.0,824.337,"3,41",1.089.512,"91,78",ENGATIVA,BOYACA REAL,24.0,0.0,10.0,14.0,130301.0,61875.0,68426.0,1.8418891643195372,1.8418891643195372,2.2626262626262625,1.4614327887060474
72.0,2022,1,0.0,0,0.0,0,1.0,1,0.0,0,8.0,3.0,331356.0,345116.0,4.0,2,21.0,824.337,"3,41",1.089.512,"91,78",ENGATIVA,BOLIVIA,15.0,0.0,5.0,10.0,85096.0,38702.0,46394.0,1.7627150512362508,1.7627150512362508,2.58384579608289,1.0777255679613744
57.0,2022,1,0.0,0,3.0,1,2.0,1,0.0,0,0.0,1.7740000000000002,1391324.0,1519562.0,3.0,3,23.0,314.431,"4,07",569.872,"82,91",USME,GRAN YOMASA,4.0,0.0,1.0,3.0,126622.0,61595.0,65027.0,0.31590087030689773,0.31590087030689773,0.48705252049679354,0.15378227505497719
23.0,2022,1,1.0,1,0.0,0,5.0,1,0.0,0,15.0,3.5728571428571425,209118.0,255647.0,7.0,5,41.0,981.613,"3,41",1.388.086,"91,6",SUBA,CASA BLANCA SUBA,9.0,0.0,4.0,5.0,59840.0,28113.0,31727.0,1.504010695187166,1.504010695187166,1.7785366200690071,1.260755823115958
88.0,2022,1,0.0,0,0.0,0,0.0,0,0.0,0,21.0,5.9375,358776.0,369156.0,3.0,2,60.0,122.507,"2,43",2.288.835,"96,61",CHAPINERO,EL REFUGIO,13.0,0.0,5.0,8.0,38675.0,17397.0,21278.0,3.361344537815126,3.361344537815126,4.598493993217222,2.3498449102359245
9.0,2022,1,1.0,1,2.0,1,5.0,1,0.0,0,1.0,2.7445454545454546,927663.0,1059410.0,9.0,4,60.0,430.156,"3,12",1.867.529,"93,6",USAQUEN,VERBENAL,4.0,0.0,2.0,2.0,128953.0,61115.0,67838.0,0.31019053453583867,0.31019053453583867,0.3272519021516812,0.29482001238244054
109.0,2022,1,0.0,0,0.0,0,1.0,1,0.0,0,11.0,4.123333333333334,44058.0,53832.0,12.0,3,32.0,139.298,"2,87",1.933.116,"96,03",TEUSAQUILLO,CIUDAD SALITRE ORIENTAL,10.0,0.0,4.0,6.0,24661.0,10992.0,13669.0,4.054985604801103,4.054985604801103,5.458515283842795,2.9263296510351893
49.0,2022,1,0.0,0,1.0,1,0.0,0,0.0,0,2.0,2.3333333333333335,124191.0,114375.0,10.0,3,11.0,546.809,"3,98",703.807,"85,4",BOSA,APOGEO,4.0,0.0,1.0,3.0,34697.0,16671.0,18026.0,1.1528374211026888,1.1528374211026888,1.7995321216483713,0.5547542438699656
14.0,2022,1,1.0,1,0.0,0,1.0,1,0.0,0,23.0,4.66,375100.0,457974.0,0.0,0,45.0,430.156,"3,12",1.867.529,"93,6",USAQUEN,USAQUEN,11.0,0.0,5.0,6.0,42132.0,20181.0,21951.0,2.610842115256812,2.610842115256812,2.973093503790694,2.277800555783336
32.0,2022,1,0.0,0,0.0,0,1.0,1,0.0,0,0.0,1.7457142857142858,1408200.0,1428675.0,0.0,0,47.0,404.35,"3,73",706.208,"83,68",SAN CRISTOBAL,SAN BLAS,9.0,0.0,4.0,5.0,104358.0,50163.0,54195.0,0.8624159144483412,0.8624159144483412,0.9967505930666029,0.7380754682166252
92.0,2022,1,0.0,0,0.0,0,0.0,0,0.0,0,11.0,2.5425,132324.0,86100.0,26.0,6,25.0,96.241,"3,18",896.890,"88,28",SANTA FE,LA MACARENA,5.0,0.0,2.0,3.0,12502.0,6119.0,6383.0,3.9993601023836183,3.9993601023836183,4.902761889197581,3.1333228889237037
11.0,2022,1,1.0,1,1.0,1,5.0,1,0.0,0,4.0,2.3000000000000003,373404.0,436080.0,0.0,0,21.0,430.156,"3,12",1.867.529,"93,6",USAQUEN,SAN CRISTOBAL NORTE,5.0,0.0,1.0,4.0,69776.0,33099.0,36677.0,0.7165787663379959,0.7165787663379959,1.208495724946373,0.2726504348774436
36.0,2022,1,1.0,1,0.0,0,2.0,1,0.0,0,4.0,2.97,350595.0,343350.0,26.0,7,19.0,378.78,"3,72",591.317,"87,06",RAFAEL URIBE URIBE,SAN JOSE,10.0,0.0,2.0,8.0,48007.0,22599.0,25408.0,2.0830295581894305,2.0830295581894305,3.5399796451170404,0.7871536523929471
53.0,2022,1,0.0,0,1.0,1,1.0,1,0.0,0,2.0,2.442857142857143,479920.0,461139.0,21.0,6,14.0,378.78,"3,72",591.317,"87,06",RAFAEL URIBE URIBE,MARCO FIDEL SUAREZ,6.0,0.0,2.0,4.0,44925.0,21430.0,23495.0,1.3355592654424042,1.3355592654424042,1.8665422305179653,0.8512449457331348
50.0,2022,1,0.0,0,1.0,1,1.0,1,0.0,0,1.0,1.9327272727272728,215222.0,1432186.0,1.0,1,21.0,404.35,"3,73",706.208,"83,68",SAN CRISTOBAL,LA GLORIA,7.0,0.0,4.0,3.0,95294.0,46140.0,49154.0,0.7345688081096396,0.7345688081096396,0.6501950585175552,0.8137689709891361
110.0,2022,1,3.0,1,1.0,1,0.0,0,0.0,0,14.0,4.074999999999999,71780.0,82212.0,7.0,2,29.0,317.179,"3,46",1.428.379,"90,03",FONTIBON,CIUDAD SALITRE OCCIDENTAL,15.0,0.0,6.0,9.0,45341.0,21403.0,23938.0,3.308264043580865,3.308264043580865,4.2050179881325045,2.506475060573147
10.0,2022,1,0.0,0,1.0,1,1.0,1,0.0,0,4.0,2.87125,122265.0,153495.0,5.0,2,29.0,430.156,"3,12",1.867.529,"93,6",USAQUEN,LA URIBE,4.0,0.0,3.0,1.0,37712.0,17271.0,20441.0,1.0606703436571914,1.0606703436571914,0.5790052689479473,1.4676385695416077
42.0,2022,1,0.0,0,2.0,1,1.0,1,0.0,0,3.0,2.4250000000000003,2179040.0,2310720.0,35.0,13,66.0,182.532,"3,63",829.895,"87,19",TUNJUELITO,VENECIA,23.0,0.0,12.0,11.0,138472.0,67123.0,71349.0,1.6609856144202437,1.6609856144202437,1.638782533557797,1.6818736071984193
103.0,2022,1,0.0,0,0.0,0,0.0,0,0.0,0,9.0,3.0,10953.0,12423.0,5.0,2,15.0,230.066,"3,36",1.462.840,"92,44",BARRIOS UNIDOS,PARQUE SALITRE,2.0,0.0,0.0,2.0,1233.0,647.0,586.0,16.220600162206,16.220600162206,30.911901081916536,0.0
21.0,2022,1,3.0,1,0.0,0,7.0,1,0.0,0,25.0,3.762,225860.0,233125.0,52.0,5,22.0,230.066,"3,36",1.462.840,"92,44",BARRIOS UNIDOS,LOS ANDES,12.0,0.0,5.0,7.0,29298.0,13002.0,16296.0,4.095842719639566,4.095842719639566,5.383787109675435,3.0682376043200783
55.0,2022,1,0.0,0,0.0,0,0.0,0,0.0,0,0.0,1.5539999999999998,379860.0,395955.0,0.0,0,7.0,378.78,"3,72",591.317,"87,06",RAFAEL URIBE URIBE,DIANA TURBAY,1.0,0.0,0.0,1.0,74795.0,35881.0,38914.0,0.1336987766561936,0.1336987766561936,0.27869903291435577,0.0
113.0,2022,1,0.0,0,1.0,1,3.0,1,0.0,0,9.0,3.2925,104270.0,104965.0,8.0,3,26.0,979.914,"3,72",999.300,"88,94",KENNEDY,BAVARIA,3.0,0.0,1.0,2.0,43863.0,20414.0,23449.0,0.6839477463921757,0.6839477463921757,0.9797198001371608,0.42645741822679006
60.0,2022,1,0.0,0,0.0,0,0.0,0,0.0,0,1.0,1.11,10544.0,15584.0,0.0,0,0.0,314.431,"4,07",569.872,"82,91",USME,PARQUE ENTRENUBES,2.0,0.0,0.0,2.0,827.0,429.0,398.0,24.183796856106408,24.183796856106408,46.62004662004662,0.0
60.0,2022,1,0.0,0,0.0,0,0.0,0,0.0,0,1.0,1.11,10544.0,15584.0,0.0,0,0.0,314.431,"4,07",569.872,"82,91",USME,PARQUE ENTRENUBES,2.0,0.0,0.0,2.0,827.0,429.0,398.0,24.183796856106408,24.183796856106408,46.62004662004662,0.0
90.0,2022,1,0.0,0,1.0,1,4.0,1,0.0,0,27.0,3.05,275954.0,520674.0,22.0,10,60.0,122.507,"2,43",2.288.835,"96,61",CHAPINERO,PARDO RUBIO,7.0,0.0,3.0,4.0,49804.0,24291.0,25513.0,1.4055095976226808,1.4055095976226808,1.646700424025359,1.1758711245247522
67.0,2022,1,0.0,0,1.0,1,2.0,1,0.0,0,0.0,1.256470588235294,2609568.0,2765373.0,2.0,1,30.0,593.937,"4,09",505.335,"83,5",CIUDAD BOLIVAR,LUCERO,13.0,0.0,7.0,6.0,162416.0,80734.0,81682.0,0.8004137523396709,0.8004137523396709,0.7431813114672876,0.8569819544085601
83.0,2022,1,0.0,0,0.0,0,0.0,0,0.0,0,1.0,2.0,24432.0,29572.0,1.0,1,11.0,979.914,"3,72",999.300,"88,94",KENNEDY,LAS MARGARITAS,7.0,0.0,1.0,6.0,34964.0,16691.0,18273.0,2.002059260954124,2.002059260954124,3.594751662572644,0.5472555135992995
101.0,2022,1,1.0,1,0.0,0,3.0,1,0.0,0,22.0,3.8711111111111105,267970.0,273160.0,65.0,10,59.0,139.298,"2,87",1.933.116,"96,03",TEUSAQUILLO,TEUSAQUILLO,27.0,0.0,9.0,18.0,27236.0,12809.0,14427.0,9.913349977970332,9.913349977970332,14.052619252088375,6.238303181534622
54.0,2022,1,0.0,0,0.0,0,0.0,0,0.0,0,2.0,1.83,984621.0,1061115.0,21.0,8,28.0,378.78,"3,72",591.317,"87,06",RAFAEL URIBE URIBE,MARRUECOS,10.0,0.0,4.0,6.0,121855.0,64130.0,57725.0,0.8206474908702966,0.8206474908702966,0.9355995633868703,0.6929406669553919
78.0,2022,1,0.0,0,1.0,1,0.0,0,0.0,0,7.0,1.956,79812.0,176088.0,0.0,0,25.0,979.914,"3,72",999.300,"88,94",KENNEDY,TINTAL NORTE,1.0,0.0,0.0,1.0,32927.0,15400.0,17527.0,0.30370212895192394,0.30370212895192394,0.6493506493506493,0.0
100.0,2022,1,4.0,1,2.0,1,2.0,1,0.0,0,13.0,3.59625,300195.0,309096.0,38.0,9,56.0,139.298,"2,87",1.933.116,"96,03",TEUSAQUILLO,GALERIAS,23.0,0.0,7.0,16.0,36472.0,16947.0,19525.0,6.306207501645098,6.306207501645098,9.4411990322771,3.585147247119078
34.0,2022,1,0.0,0,2.0,1,2.0,1,0.0,0,2.0,2.346363636363636,864012.0,1108236.0,26.0,12,30.0,404.35,"3,73",706.208,"83,68",SAN CRISTOBAL,20 DE JULIO,5.0,0.0,2.0,3.0,79483.0,38431.0,41052.0,0.6290653347256646,0.6290653347256646,0.780619812130832,0.48718698236383123
106.0,2022,1,1.0,1,0.0,0,4.0,1,0.0,0,6.0,4.164,167560.0,168920.0,17.0,5,30.0,139.298,"2,87",1.933.116,"96,03",TEUSAQUILLO,LA ESMERALDA,6.0,0.0,3.0,3.0,38932.0,17394.0,21538.0,1.541148669474982,1.541148669474982,1.7247326664367022,1.3928869904355095
91.0,2022,1,2.0,1,1.0,1,1.0,1,0.0,0,14.0,3.3285714285714287,96894.0,41153.0,42.0,7,37.0,96.241,"3,18",896.890,"88,28",SANTA FE,SAGRADO CORAZON,12.0,0.0,1.0,11.0,11907.0,5937.0,5970.0,10.078105316200554,10.078105316200554,18.527876031665826,1.6750418760469012
95.0,2022,1,0.0,0,0.0,0,1.0,1,0.0,0,13.0,2.0,260205.0,69723.0,19.0,3,15.0,96.241,"3,18",896.890,"88,28",SANTA FE,LAS CRUCES,7.0,0.0,2.0,5.0,21556.0,10859.0,10697.0,3.2473557246242346,3.2473557246242346,4.604475550234828,1.8696830887164626
40.0,2022,1,2.0,1,0.0,0,3.0,1,0.0,0,5.0,3.0,1219392.0,1267944.0,21.0,8,62.0,250.715,"3,55",1.116.511,"90,43",PUENTE ARANDA,CIUDAD MONTES,22.0,0.0,16.0,6.0,101488.0,47624.0,53864.0,2.1677439697304113,2.1677439697304113,1.259868973626743,2.9704440813901676
117.0,2022,1,0.0,0,0.0,0,0.0,0,0.0,0,8.0,3.0,824.0,1670.0,1.0,1,17.0,317.179,"3,46",1.428.379,"90,03",FONTIBON,AEROPUERTO EL DORADO,6.0,0.0,3.0,3.0,876.0,596.0,280.0,68.4931506849315,68.4931506849315,50.335570469798654,107.14285714285714
64.0,2022,1,0.0,0,0.0,0,0.0,0,0.0,0,0.0,1.0,5590.0,25895.0,0.0,0,7.0,593.937,"4,09",505.335,"83,5",CIUDAD BOLIVAR,MONTE BLANCO,2.0,0.0,1.0,1.0,6485.0,3297.0,3188.0,3.0840400925212026,3.0840400925212026,3.0330603579011224,3.1367628607277287
48.0,2022,1,0.0,0,1.0,1,0.0,0,0.0,0,7.0,2.7455555555555557,1310472.0,1325682.0,5.0,3,18.0,979.914,"3,72",999.300,"88,94",KENNEDY,TIMIZA,9.0,0.0,2.0,7.0,143478.0,68942.0,74536.0,0.6272738677706687,0.6272738677706687,1.0153462330654754,0.26832671460770635
98.0,2022,1,1.0,1,3.0,1,8.0,1,0.0,0,29.0,3.0542105263157895,1522242.0,1559634.0,99.0,19,81.0,230.066,"3,36",1.462.840,"92,44",BARRIOS UNIDOS,LOS ALCAZARES,17.0,0.0,8.0,9.0,39961.0,19462.0,20499.0,4.2541477940992465,4.2541477940992465,4.6243962593772485,3.9026293965559296
28.0,2022,1,3.0,1,11.0,1,17.0,1,0.0,0,15.0,2.287857142857143,3797108.0,4228084.0,17.0,6,49.0,981.613,"3,41",1.388.086,"91,6",SUBA,EL RINCON,30.0,0.0,13.0,17.0,270028.0,129623.0,140405.0,1.1109958967218214,1.1109958967218214,1.3114956450629904,0.9258929525301806
17.0,2022,1,1.0,1,0.0,0,4.0,1,0.0,0,7.0,4.285,226840.0,238870.0,6.0,2,32.0,981.613,"3,41",1.388.086,"91,6",SUBA,SAN JOSE DE BAVARIA,14.0,0.0,6.0,8.0,47421.0,22285.0,25136.0,2.9522785263912614,2.9522785263912614,3.589858649315683,2.387014640356461
24.0,2022,1,4.0,1,2.0,1,19.0,1,0.0,0,16.0,4.819999999999999,859833.0,845949.0,36.0,12,69.0,981.613,"3,41",1.388.086,"91,6",SUBA,NIZA,11.0,0.0,7.0,4.0,78824.0,36626.0,42198.0,1.3955140566324977,1.3955140566324977,1.0921203516627533,1.6588463908242097
44.0,2022,1,2.0,1,2.0,1,2.0,1,0.0,0,12.0,3.22875,673424.0,676672.0,20.0,7,33.0,979.914,"3,72",999.300,"88,94",KENNEDY,AMERICAS,19.0,0.0,7.0,12.0,80229.0,37902.0,42327.0,2.3682209674805867,2.3682209674805867,3.1660598385309484,1.6537907245965933
62.0,2022,1,0.0,0,2.0,1,2.0,1,0.0,0,1.0,2.024,338366.0,403893.0,26.0,7,26.0,182.532,"3,63",829.895,"87,19",TUNJUELITO,TUNJUELITO,3.0,0.0,0.0,3.0,40185.0,19948.0,20237.0,0.7465472191116087,0.7465472191116087,1.503910166432725,0.0
69.0,2022,1,1.0,1,1.0,1,2.0,1,0.0,0,1.0,1.3691666666666666,1779216.0,1964304.0,13.0,6,22.0,593.937,"4,09",505.335,"83,5",CIUDAD BOLIVAR,ISMAEL PERDOMO,9.0,0.0,5.0,4.0,166588.0,81544.0,85044.0,0.54025500036017,0.54025500036017,0.4905327185323261,0.5879309533888339
93.0,2022,1,5.0,1,5.0,1,5.0,1,0.0,0,8.0,2.932857142857143,332178.0,96411.0,80.0,7,52.0,96.241,"3,18",896.890,"88,28",SANTA FE,LAS NIEVES,39.0,0.0,15.0,24.0,18006.0,9271.0,8735.0,21.659446851049648,21.659446851049648,25.887175062021356,17.172295363480252
18.0,2022,1,0.0,0,1.0,1,6.0,1,0.0,0,9.0,3.272,300834.0,346380.0,10.0,3,25.0,981.613,"3,41",1.388.086,"91,6",SUBA,BRITALIA,9.0,0.0,5.0,4.0,92162.0,43207.0,48955.0,0.9765413076973156,0.9765413076973156,0.9257759159395468,1.021346134204882
15.0,2022,2,2.0,1,0.0,0,0.0,0,0.0,0,15.0,5.395,175550.0,49356.0,6.0,2,21.0,430.156,"3,12",1.867.529,"93,6",USAQUEN,COUNTRY CLUB,5.0,0.0,1.0,4.0,24743.0,11179.0,13564.0,2.02077355211575,2.02077355211575,3.578137579389928,0.7372456502506636
86.0,2022,2,0.0,0,0.0,0,0.0,0,0.0,0,0.0,1.568,321440.0,368145.0,0.0,0,33.0,546.809,"3,98",703.807,"85,4",BOSA,EL PORVENIR,8.0,0.0,4.0,4.0,150905.0,72055.0,78850.0,0.5301348530532454,0.5301348530532454,0.5551314967732982,0.5072923272035511
71.0,2022,2,0.0,0,0.0,0,5.0,1,0.0,0,10.0,2.105,2325960.0,2670912.0,0.0,0,22.0,981.613,"3,41",1.388.086,"91,6",SUBA,TIBABUYES,18.0,0.0,7.0,11.0,308559.0,149557.0,159002.0,0.5833568296500832,0.5833568296500832,0.7355055263210682,0.4402460346410737
29.0,2022,2,3.0,1,2.0,1,3.0,1,0.0,0,11.0,2.713333333333334,1291554.0,1329381.0,30.0,9,32.0,824.337,"3,41",1.089.512,"91,78",ENGATIVA,MINUTO DE DIOS,22.0,0.0,8.0,14.0,107025.0,50235.0,56790.0,2.0555944872693295,2.0555944872693295,2.786901562655519,1.408698714562423
80.0,2022,2,0.0,0,1.0,1,1.0,1,0.0,0,9.0,2.0025,247816.0,277108.0,11.0,4,19.0,979.914,"3,72",999.300,"88,94",KENNEDY,CORABASTOS,4.0,0.0,0.0,4.0,56865.0,28410.0,28455.0,0.703420381605557,0.703420381605557,1.407954945441746,0.0
99.0,2022,2,7.0,1,3.0,1,2.0,1,0.0,0,28.0,3.692,79566.0,121692.0,22.0,6,62.0,122.507,"2,43",2.288.835,"96,61",CHAPINERO,CHAPINERO,44.0,0.0,13.0,31.0,24533.0,12186.0,12347.0,17.935026291118085,17.935026291118085,25.439028393238143,10.52887341054507
3.0,2022,2,0.0,0,0.0,0,0.0,0,0.0,0,0.0,6.0,0.0,1169.0,0.0,0,26.0,981.613,"3,41",1.388.086,"91,6",SUBA,GUAYMARAL,0.0,0.0,0.0,0.0,0.0,0.0,0.0,0.0,0.0,0.0,0.0
97.0,2022,2,14.0,1,3.0,1,7.0,1,0.0,0,22.0,5.211875,94384.0,420656.0,63.0,15,98.0,122.507,"2,43",2.288.835,"96,61",CHAPINERO,CHICO LAGO,59.0,0.0,25.0,34.0,36008.0,16870.0,19138.0,16.385247722728284,16.385247722728284,20.154119739181983,13.063015989131571
94.0,2022,2,4.0,1,0.0,0,1.0,1,0.0,0,7.0,2.40875,203598.0,216855.0,43.0,8,36.0,22.115,"2,83",1.050.888,"88,9",CANDELARIA,LA CANDELARIA,19.0,0.0,10.0,9.0,17171.0,8942.0,8229.0,11.065168015840662,11.065168015840662,10.064862446879893,12.152144853566655
76.0,2022,2,0.0,0,0.0,0,3.0,1,0.0,0,3.0,2.186666666666667,120020.0,128536.0,0.0,0,21.0,317.179,"3,46",1.428.379,"90,03",FONTIBON,FONTIBON SAN PABLO,6.0,0.0,1.0,5.0,33742.0,16516.0,17226.0,1.7781992768656276,1.7781992768656276,3.0273674013078224,0.5805178218971323
114.0,2022,2,2.0,1,0.0,0,2.0,1,0.0,0,13.0,3.8,191930.0,197050.0,9.0,4,24.0,317.179,"3,46",1.428.379,"90,03",FONTIBON,MODELIA,15.0,0.0,7.0,8.0,43395.0,20004.0,23391.0,3.456619426201175,3.456619426201175,3.999200159968006,2.9926039929887565
89.0,2022,2,0.0,0,0.0,0,0.0,0,0.0,0,0.0,2.0666666666666664,28245.0,48603.0,0.0,0,3.0,122.507,"2,43",2.288.835,"96,61",CHAPINERO,SAN ISIDRO - PATIOS,1.0,0.0,0.0,1.0,16570.0,8137.0,8433.0,0.6035003017501508,0.6035003017501508,1.2289541600098315,0.0
38.0,2022,2,2.0,1,5.0,1,5.0,1,0.0,0,6.0,3.008,1246305.0,1155330.0,52.0,15,75.0,119.565,"3,92",1.095.184,"90,79",ANTONIO NARIÑO,RESTREPO,15.0,0.0,7.0,8.0,54757.0,25932.0,28825.0,2.739375787570539,2.739375787570539,3.0849915162733303,2.4284475281873372
52.0,2022,2,0.0,0,0.0,0,0.0,0,0.0,0,0.0,1.0,614920.0,740280.0,0.0,0,176.0,314.431,"4,07",569.872,"82,91",USME,LA FLORA,0.0,0.0,0.0,0.0,0.0,0.0,0.0,0.0,0.0,0.0,0.0
96.0,2022,2,0.0,0,0.0,0,1.0,1,0.0,0,4.0,1.7264285714285716,628474.0,648214.0,4.0,2,16.0,96.241,"3,18",896.890,"88,28",SANTA FE,LOURDES,4.0,0.0,0.0,4.0,46044.0,22372.0,23672.0,0.8687342541916427,0.8687342541916427,1.7879492222420883,0.0
84.0,2022,2,0.0,0,1.0,1,4.0,1,0.0,0,2.0,1.98,990222.0,1073760.0,1.0,1,30.0,546.809,"3,98",703.807,"85,4",BOSA,BOSA OCCIDENTAL,11.0,0.0,6.0,5.0,199880.0,97718.0,102162.0,0.5503301981188713,0.5503301981188713,0.5116764567428723,0.5873025195278088
111.0,2022,2,3.0,1,0.0,0,1.0,1,0.0,0,8.0,2.9375,64585.0,73290.0,16.0,5,63.0,250.715,"3,55",1.116.511,"90,43",PUENTE ARANDA,PUENTE ARANDA,8.0,0.0,6.0,2.0,12670.0,10287.0,2383.0,6.314127861089187,6.314127861089187,1.944201419267036,25.17834662190516
112.0,2022,2,1.0,1,1.0,1,3.0,1,0.0,0,19.0,3.1133333333333333,126427.0,160027.0,0.0,0,71.0,317.179,"3,46",1.428.379,"90,03",FONTIBON,GRANJAS DE TECHO,12.0,0.0,8.0,4.0,53534.0,24780.0,28754.0,2.2415661075204545,2.2415661075204545,1.6142050040355127,2.782221603950755
75.0,2022,2,2.0,1,3.0,1,8.0,1,0.0,0,8.0,2.913,1316550.0,1374890.0,0.0,0,58.0,317.179,"3,46",1.428.379,"90,03",FONTIBON,FONTIBON,22.0,0.0,4.0,18.0,130396.0,62011.0,68385.0,1.6871683180465658,1.6871683180465658,2.9027108093725307,0.5849235943554872
12.0,2022,2,2.0,1,2.0,1,7.0,1,0.0,0,11.0,3.378,256245.0,260090.0,9.0,3,42.0,430.156,"3,12",1.867.529,"93,6",USAQUEN,TOBERIN,8.0,0.0,1.0,7.0,61040.0,28090.0,32950.0,1.310615989515072,1.310615989515072,2.4919900320398716,0.30349013657056145
16.0,2022,2,5.0,1,2.0,1,9.0,1,0.0,0,26.0,5.738888888888889,464238.0,463266.0,18.0,6,60.0,430.156,"3,12",1.867.529,"93,6",USAQUEN,SANTA BARBARA,17.0,0.0,7.0,10.0,72809.0,32920.0,39889.0,2.3348761828894777,2.3348761828894777,3.0376670716889427,1.7548697635939734
82.0,2022,2,0.0,0,1.0,1,3.0,1,0.0,0,5.0,1.9566666666666668,963012.0,1044870.0,9.0,4,29.0,979.914,"3,72",999.300,"88,94",KENNEDY,PATIO BONITO,15.0,0.0,4.0,11.0,138518.0,68830.0,69688.0,1.082891754140256,1.082891754140256,1.5981403457794565,0.5739869130983813
35.0,2022,2,1.0,1,0.0,0,2.0,1,0.0,0,4.0,2.666,168705.0,154565.0,35.0,5,22.0,119.565,"3,92",1.095.184,"90,79",ANTONIO NARIÑO,CIUDAD JARDIN,5.0,0.0,2.0,3.0,26034.0,12260.0,13774.0,1.9205654144580164,1.9205654144580164,2.4469820554649266,1.4520110352838682
68.0,2022,2,0.0,0,0.0,0,1.0,1,0.0,0,0.0,1.055,351536.0,380992.0,0.0,0,13.0,593.937,"4,09",505.335,"83,5",CIUDAD BOLIVAR,EL TESORO,2.0,0.0,0.0,2.0,54271.0,27037.0,27234.0,0.36852094120248385,0.36852094120248385,0.7397270407219736,0.0
27.0,2022,2,4.0,1,5.0,1,7.0,1,0.0,0,10.0,2.840909090909091,1497236.0,1751217.0,16.0,6,48.0,981.613,"3,41",1.388.086,"91,6",SUBA,SUBA,13.0,0.0,6.0,7.0,187097.0,87903.0,99194.0,0.6948267476228908,0.6948267476228908,0.7963323208536682,0.6048752948767062
22.0,2022,2,1.0,1,1.0,1,5.0,1,0.0,0,11.0,3.292222222222222,847206.0,887247.0,37.0,8,38.0,230.066,"3,36",1.462.840,"92,44",BARRIOS UNIDOS,DOCE DE OCTUBRE,20.0,0.0,8.0,12.0,70398.0,33818.0,36580.0,2.840989800846615,2.840989800846615,3.548406174226743,2.1869874248223073
105.0,2022,2,1.0,1,0.0,0,0.0,0,0.0,0,9.0,2.67,1601.0,2464.0,4.0,1,11.0,824.337,"3,41",1.089.512,"91,78",ENGATIVA,JARDIN BOTANICO,2.0,0.0,0.0,2.0,3379.0,2022.0,1357.0,5.9189109203906485,5.9189109203906485,9.891196834817013,0.0
104.0,2022,2,1.0,1,0.0,0,0.0,0,0.0,0,19.0,4.0,19494.0,20424.0,21.0,5,34.0,139.298,"2,87",1.933.116,"96,03",TEUSAQUILLO,PARQUE SIMON BOLIVAR - CAN,3.0,0.0,1.0,2.0,3139.0,1650.0,1489.0,9.55718381650207,9.55718381650207,12.121212121212121,6.71591672263264
74.0,2022,2,0.0,0,0.0,0,3.0,1,0.0,0,2.0,2.0016666666666665,712512.0,784968.0,0.0,0,15.0,824.337,"3,41",1.089.512,"91,78",ENGATIVA,ENGATIVA,8.0,0.0,3.0,5.0,145990.0,70530.0,75460.0,0.5479827385437358,0.5479827385437358,0.708918190840777,0.397561622051418
47.0,2022,2,4.0,1,0.0,0,2.0,1,0.0,0,7.0,3.0,865592.0,770256.0,9.0,4,28.0,979.914,"3,72",999.300,"88,94",KENNEDY,KENNEDY CENTRAL,13.0,0.0,8.0,5.0,93458.0,44314.0,49144.0,1.3909991654005007,1.3909991654005007,1.1283115945299453,1.6278691193228063
70.0,2022,2,0.0,0,0.0,0,0.0,0,0.0,0,1.0,1.1733333333333331,789975.0,888237.0,0.0,0,23.0,593.937,"4,09",505.335,"83,5",CIUDAD BOLIVAR,JERUSALEM,7.0,0.0,5.0,2.0,102706.0,50382.0,52324.0,0.6815570657994664,0.6815570657994664,0.39696717081497357,0.9555844354407156
66.0,2022,2,0.0,0,0.0,0,0.0,0,0.0,0,1.0,1.8425,597168.0,609704.0,4.0,3,26.0,593.937,"4,09",505.335,"83,5",CIUDAD BOLIVAR,SAN FRANCISCO,7.0,0.0,6.0,1.0,70388.0,34476.0,35912.0,0.9944876967664943,0.9944876967664943,0.290056851142824,1.6707507239919803
65.0,2022,2,0.0,0,0.0,0,1.0,1,0.0,0,2.0,2.463333333333334,349194.0,364512.0,9.0,3,21.0,593.937,"4,09",505.335,"83,5",CIUDAD BOLIVAR,ARBORIZADORA,10.0,0.0,7.0,3.0,86615.0,41438.0,45177.0,1.1545344339894936,1.1545344339894936,0.7239731647280273,1.5494610089204686
79.0,2022,2,0.0,0,0.0,0,0.0,0,0.0,0,4.0,2.1333333333333333,167274.0,204984.0,3.0,2,22.0,979.914,"3,72",999.300,"88,94",KENNEDY,CALANDAIMA,11.0,0.0,3.0,8.0,144820.0,68595.0,76225.0,0.7595635961883718,0.7595635961883718,1.1662657628107005,0.3935716628402755
59.0,2022,2,0.0,0,0.0,0,0.0,0,0.0,0,0.0,1.0,163808.0,216380.0,0.0,0,6.0,314.431,"4,07",569.872,"82,91",USME,ALFONSO LOPEZ,3.0,0.0,1.0,2.0,52034.0,25726.0,26308.0,0.5765461044701541,0.5765461044701541,0.7774236181295188,0.38011251330393797
45.0,2022,2,0.0,0,1.0,1,4.0,1,0.0,0,9.0,2.7914285714285714,737583.0,674359.0,9.0,4,35.0,979.914,"3,72",999.300,"88,94",KENNEDY,CARVAJAL,11.0,0.0,6.0,5.0,89015.0,43052.0,45963.0,1.2357467842498455,1.2357467842498455,1.16138623060485,1.3053978199856406
20.0,2022,2,2.0,1,1.0,1,8.0,1,0.0,0,35.0,4.996666666666667,231126.0,219822.0,33.0,6,26.0,981.613,"3,41",1.388.086,"91,6",SUBA,LA ALHAMBRA,7.0,0.0,3.0,4.0,39439.0,18140.0,21299.0,1.7748928725373363,1.7748928725373363,2.205071664829107,1.4085168317761398
51.0,2022,2,0.0,0,0.0,0,1.0,1,0.0,0,0.0,1.68875,263745.0,660861.0,0.0,0,15.0,404.35,"3,73",706.208,"83,68",SAN CRISTOBAL,LOS LIBERTADORES,4.0,0.0,3.0,1.0,78104.0,37831.0,40273.0,0.5121376626037079,0.5121376626037079,0.2643334831223071,0.7449159486504606
115.0,2022,2,4.0,1,2.0,1,0.0,0,0.0,0,11.0,3.314,77135.0,83285.0,6.0,3,26.0,317.179,"3,46",1.428.379,"90,03",FONTIBON,CAPELLANIA,7.0,0.0,4.0,3.0,17835.0,8373.0,9462.0,3.9248668348752456,3.9248668348752456,3.582945180938731,4.227436060029592
43.0,2022,2,0.0,0,0.0,0,5.0,1,0.0,0,7.0,3.0,844074.0,844239.0,17.0,8,31.0,250.715,"3,55",1.116.511,"90,43",PUENTE ARANDA,SAN RAFAEL,12.0,0.0,5.0,7.0,72673.0,34314.0,38359.0,1.6512322320531698,1.6512322320531698,2.039983680130559,1.3034750645220157
25.0,2022,2,3.0,1,2.0,1,4.0,1,0.0,0,20.0,4.04,127070.0,126620.0,24.0,5,25.0,981.613,"3,41",1.388.086,"91,6",SUBA,LA FLORESTA,3.0,0.0,1.0,2.0,44657.0,20574.0,24083.0,0.671787177822066,0.671787177822066,0.972100709633518,0.41523066063198105
56.0,2022,2,0.0,0,0.0,0,0.0,0,0.0,0,0.0,1.508,205135.0,253351.0,6.0,6,8.0,314.431,"4,07",569.872,"82,91",USME,DANUBIO,4.0,0.0,1.0,3.0,57802.0,27868.0,29934.0,0.6920175772464621,0.6920175772464621,1.0765035165781542,0.33406828355715906
26.0,2022,2,3.0,1,3.0,1,8.0,1,0.0,0,15.0,3.0646153846153847,1441973.0,1441167.0,19.0,5,69.0,824.337,"3,41",1.089.512,"91,78",ENGATIVA,LAS FERIAS,23.0,0.0,11.0,12.0,101386.0,48275.0,53111.0,2.2685577890438524,2.2685577890438524,2.4857586742620406,2.0711340400293725
102.0,2022,2,2.0,1,2.0,1,5.0,1,0.0,0,18.0,2.8186666666666667,764715.0,782955.0,131.0,15,94.0,94.944,"3,53",1.059.511,"89,78",LOS MARTIRES,LA SABANA,47.0,0.0,17.0,30.0,39345.0,18509.0,20836.0,11.94560935315796,11.94560935315796,16.208331082176237,8.15895565367633
2.0,2022,2,0.0,0,0.0,0,0.0,0,0.0,0,3.0,5.058,10545.0,13800.0,3.0,2,95.0,981.613,"3,41",1.388.086,"91,6",SUBA,LA ACADEMIA,0.0,0.0,0.0,0.0,0.0,0.0,0.0,0.0,0.0,0.0,0.0
116.0,2022,2,1.0,1,1.0,1,2.0,1,0.0,0,13.0,3.155,24638.0,27282.0,3.0,1,17.0,824.337,"3,41",1.089.512,"91,78",ENGATIVA,ALAMOS,7.0,0.0,2.0,5.0,12361.0,5789.0,6572.0,5.662972251435968,5.662972251435968,8.637070305752289,3.0432136335970785
81.0,2022,2,1.0,1,0.0,0,1.0,1,0.0,0,5.0,2.0025,290204.0,283616.0,1.0,1,16.0,979.914,"3,72",999.300,"88,94",KENNEDY,GRAN BRITALIA,8.0,0.0,0.0,8.0,62604.0,30648.0,31956.0,1.2778736182991501,1.2778736182991501,2.6102845210127907,0.0
52.0,2022,2,0.0,0,0.0,0,0.0,0,0.0,0,0.0,1.0,614920.0,740280.0,0.0,0,176.0,314.431,"4,07",569.872,"82,91",USME,LA FLORA,0.0,0.0,0.0,0.0,0.0,0.0,0.0,0.0,0.0,0.0,0.0
33.0,2022,2,0.0,0,0.0,0,2.0,1,0.0,0,2.0,2.8193333333333332,1647904.0,748256.0,42.0,13,30.0,404.35,"3,73",706.208,"83,68",SAN CRISTOBAL,SOSIEGO,9.0,0.0,1.0,8.0,44213.0,21410.0,22803.0,2.035600389025852,2.035600389025852,3.7365716954694066,0.4385387887558655
19.0,2022,2,4.0,1,8.0,1,12.0,1,0.0,0,20.0,3.51625,692512.0,712104.0,25.0,8,34.0,981.613,"3,41",1.388.086,"91,6",SUBA,EL PRADO,9.0,0.0,3.0,6.0,98532.0,45765.0,52767.0,0.9134088417975886,0.9134088417975886,1.3110455588331693,0.5685371539030075
41.0,2022,2,0.0,0,0.0,0,2.0,1,0.0,0,8.0,3.0,523602.0,513468.0,24.0,8,22.0,250.715,"3,55",1.116.511,"90,43",PUENTE ARANDA,MUZU,8.0,0.0,3.0,5.0,58950.0,27828.0,31122.0,1.3570822731128076,1.3570822731128076,1.7967514733362082,0.9639483323693849
37.0,2022,2,0.0,0,1.0,1,2.0,1,0.0,0,12.0,3.0,307027.0,315602.0,40.0,7,41.0,94.944,"3,53",1.059.511,"89,78",LOS MARTIRES,SANTA ISABEL,10.0,0.0,6.0,4.0,45156.0,20636.0,24520.0,2.214545132429799,2.214545132429799,1.938360147315371,2.4469820554649266
107.0,2022,2,2.0,1,1.0,1,3.0,1,0.0,0,14.0,3.77,207448.0,216792.0,32.0,8,35.0,139.298,"2,87",1.933.116,"96,03",TEUSAQUILLO,QUINTA PAREDES,11.0,0.0,6.0,5.0,27235.0,12192.0,15043.0,4.038920506700936,4.038920506700936,4.101049868766404,3.9885661104832817
73.0,2022,2,1.0,1,0.0,0,4.0,1,0.0,0,5.0,2.775714285714286,955689.0,1044302.0,4.0,2,40.0,824.337,"3,41",1.089.512,"91,78",ENGATIVA,GARCES NAVAS,14.0,0.0,7.0,7.0,173461.0,81788.0,91673.0,0.8070978490842321,0.8070978490842321,0.8558712769599451,0.7635836069507925
31.0,2022,2,2.0,1,1.0,1,3.0,1,0.0,0,15.0,3.318333333333334,409362.0,391260.0,10.0,4,38.0,824.337,"3,41",1.089.512,"91,78",ENGATIVA,SANTA CECILIA,10.0,0.0,3.0,7.0,68583.0,32094.0,36489.0,1.458087281104647,1.458087281104647,2.181093039197358,0.8221655841486475
58.0,2022,2,0.0,0,1.0,1,1.0,1,0.0,0,0.0,1.5654545454545454,857659.0,954745.0,0.0,0,29.0,314.431,"4,07",569.872,"82,91",USME,COMUNEROS,3.0,0.0,1.0,2.0,96803.0,47416.0,49387.0,0.3099077507928473,0.3099077507928473,0.42179854901299135,0.2024824346487942
13.0,2022,2,3.0,1,1.0,1,9.0,1,0.0,0,11.0,4.381666666666667,1717632.0,1842552.0,20.0,5,88.0,430.156,"3,12",1.867.529,"93,6",USAQUEN,LOS CEDROS,16.0,0.0,10.0,6.0,132098.0,58771.0,73327.0,1.2112219715665642,1.2112219715665642,1.0209116741249935,1.3637541424032076
63.0,2022,2,0.0,0,0.0,0,0.0,0,0.0,0,0.0,,1596.0,5864.0,2.0,2,6.0,593.937,"4,09",505.335,"83,5",CIUDAD BOLIVAR,EL MOCHUELO,0.0,0.0,0.0,0.0,0.0,0.0,0.0,0.0,0.0,0.0,0.0
87.0,2022,2,0.0,0,0.0,0,0.0,0,0.0,0,1.0,1.765,212992.0,339512.0,0.0,0,47.0,546.809,"3,98",703.807,"85,4",BOSA,TINTAL SUR,8.0,0.0,4.0,4.0,126657.0,59614.0,67043.0,0.631627150493064,0.631627150493064,0.6709833260643473,0.5966320122906195
77.0,2022,2,1.0,1,0.0,0,0.0,0,0.0,0,3.0,2.045,283878.0,356976.0,0.0,0,13.0,317.179,"3,46",1.428.379,"90,03",FONTIBON,ZONA FRANCA,2.0,0.0,0.0,2.0,65142.0,30430.0,34712.0,0.3070215836173283,0.3070215836173283,0.6572461386789352,0.0
39.0,2022,2,1.0,1,2.0,1,7.0,1,0.0,0,5.0,3.0,1410480.0,1306815.0,45.0,15,69.0,378.78,"3,72",591.317,"87,06",RAFAEL URIBE URIBE,QUIROGA,13.0,0.0,5.0,8.0,91927.0,44066.0,47861.0,1.4141655879121477,1.4141655879121477,1.8154586302364637,1.0446919203526879
108.0,2022,2,0.0,0,0.0,0,1.0,1,0.0,0,12.0,2.685714285714286,33520.0,33976.0,48.0,8,66.0,250.715,"3,55",1.116.511,"90,43",PUENTE ARANDA,ZONA INDUSTRIAL,11.0,0.0,6.0,5.0,6710.0,3325.0,3385.0,16.39344262295082,16.39344262295082,15.037593984962406,17.725258493353028
61.0,2022,2,0.0,0,0.0,0,0.0,0,0.0,0,0.0,1.2366666666666666,79500.0,134960.0,0.0,0,65.0,314.431,"4,07",569.872,"82,91",USME,CIUDAD USME,0.0,0.0,0.0,0.0,0.0,0.0,0.0,0.0,0.0,0.0,0.0
1.0,2022,2,0.0,0,0.0,0,0.0,0,0.0,0,3.0,4.0,52488.0,63828.0,3.0,3,83.0,430.156,"3,12",1.867.529,"93,6",USAQUEN,PASEO DE LOS LIBERTADORES,0.0,0.0,0.0,0.0,0.0,0.0,0.0,0.0,0.0,0.0,0.0
46.0,2022,2,4.0,1,0.0,0,4.0,1,0.0,0,7.0,2.72,884656.0,1003288.0,18.0,6,40.0,979.914,"3,72",999.300,"88,94",KENNEDY,CASTILLA,21.0,0.0,7.0,14.0,148724.0,70628.0,78096.0,1.412011511255749,1.412011511255749,1.982216684601008,0.8963327187051834
85.0,2022,2,1.0,1,2.0,1,5.0,1,0.0,0,2.0,1.9988888888888892,2537808.0,2654832.0,17.0,6,39.0,546.809,"3,98",703.807,"85,4",BOSA,BOSA CENTRAL,25.0,0.0,11.0,14.0,233006.0,112514.0,120492.0,1.0729337441954285,1.0729337441954285,1.2442895995165046,0.912923679580387
60.0,2022,2,0.0,0,0.0,0,0.0,0,0.0,0,1.0,1.11,10544.0,15584.0,0.0,0,0.0,314.431,"4,07",569.872,"82,91",USME,PARQUE ENTRENUBES,2.0,0.0,2.0,0.0,827.0,429.0,398.0,24.183796856106408,24.183796856106408,0.0,50.25125628140704
60.0,2022,2,0.0,0,0.0,0,0.0,0,0.0,0,1.0,1.11,10544.0,15584.0,0.0,0,0.0,314.431,"4,07",569.872,"82,91",USME,PARQUE ENTRENUBES,2.0,0.0,2.0,0.0,827.0,429.0,398.0,24.183796856106408,24.183796856106408,0.0,50.25125628140704
30.0,2022,2,1.0,1,5.0,1,9.0,1,0.0,0,13.0,3.001818181818182,1427481.0,1341120.0,25.0,7,42.0,824.337,"3,41",1.089.512,"91,78",ENGATIVA,BOYACA REAL,15.0,0.0,4.0,11.0,130301.0,61875.0,68426.0,1.1511807276997108,1.1511807276997108,1.777777777777778,0.584573115482419
72.0,2022,2,0.0,0,0.0,0,1.0,1,0.0,0,8.0,3.0,331356.0,345116.0,4.0,2,21.0,824.337,"3,41",1.089.512,"91,78",ENGATIVA,BOLIVIA,18.0,0.0,7.0,11.0,85096.0,38702.0,46394.0,2.115258061483501,2.115258061483501,2.8422303756911784,1.508815795145924
57.0,2022,2,0.0,0,3.0,1,2.0,1,0.0,0,0.0,1.7740000000000002,1391324.0,1519562.0,3.0,3,23.0,314.431,"4,07",569.872,"82,91",USME,GRAN YOMASA,7.0,0.0,4.0,3.0,126622.0,61595.0,65027.0,0.552826523037071,0.552826523037071,0.48705252049679354,0.6151291002199087
23.0,2022,2,1.0,1,0.0,0,5.0,1,0.0,0,18.0,3.5728571428571425,209118.0,255647.0,7.0,5,41.0,981.613,"3,41",1.388.086,"91,6",SUBA,CASA BLANCA SUBA,5.0,0.0,4.0,1.0,59840.0,28113.0,31727.0,0.8355614973262031,0.8355614973262031,0.35570732401380145,1.260755823115958
88.0,2022,2,1.0,1,0.0,0,0.0,0,0.0,0,23.0,5.9375,358776.0,369156.0,3.0,2,60.0,122.507,"2,43",2.288.835,"96,61",CHAPINERO,EL REFUGIO,12.0,0.0,5.0,7.0,38675.0,17397.0,21278.0,3.1027795733678087,3.1027795733678087,4.023682244065069,2.3498449102359245
9.0,2022,2,1.0,1,2.0,1,5.0,1,0.0,0,2.0,2.7445454545454546,927663.0,1059410.0,9.0,4,60.0,430.156,"3,12",1.867.529,"93,6",USAQUEN,VERBENAL,10.0,0.0,5.0,5.0,128953.0,61115.0,67838.0,0.7754763363395966,0.7754763363395966,0.8181297553792031,0.7370500309561012
109.0,2022,2,0.0,0,0.0,0,1.0,1,0.0,0,11.0,4.123333333333334,44058.0,53832.0,12.0,3,32.0,139.298,"2,87",1.933.116,"96,03",TEUSAQUILLO,CIUDAD SALITRE ORIENTAL,4.0,0.0,2.0,2.0,24661.0,10992.0,13669.0,1.6219942419204412,1.6219942419204412,1.819505094614265,1.4631648255175946
49.0,2022,2,0.0,0,1.0,1,0.0,0,0.0,0,2.0,2.3333333333333335,124191.0,114375.0,10.0,3,11.0,546.809,"3,98",703.807,"85,4",BOSA,APOGEO,3.0,0.0,2.0,1.0,34697.0,16671.0,18026.0,0.8646280658270167,0.8646280658270167,0.5998440405494572,1.1095084877399313
14.0,2022,2,1.0,1,0.0,0,2.0,1,0.0,0,25.0,4.66,375100.0,457974.0,0.0,0,45.0,430.156,"3,12",1.867.529,"93,6",USAQUEN,USAQUEN,9.0,0.0,4.0,5.0,42132.0,20181.0,21951.0,2.1361435488464826,2.1361435488464826,2.4775779198255785,1.8222404446266685
32.0,2022,2,0.0,0,0.0,0,1.0,1,0.0,0,0.0,1.7457142857142858,1408200.0,1428675.0,0.0,0,47.0,404.35,"3,73",706.208,"83,68",SAN CRISTOBAL,SAN BLAS,9.0,0.0,3.0,6.0,104358.0,50163.0,54195.0,0.8624159144483412,0.8624159144483412,1.1961007116799234,0.5535566011624689
92.0,2022,2,0.0,0,0.0,0,0.0,0,0.0,0,11.0,2.5425,132324.0,86100.0,26.0,6,25.0,96.241,"3,18",896.890,"88,28",SANTA FE,LA MACARENA,5.0,0.0,2.0,3.0,12502.0,6119.0,6383.0,3.9993601023836183,3.9993601023836183,4.902761889197581,3.1333228889237037
11.0,2022,2,1.0,1,1.0,1,5.0,1,0.0,0,5.0,2.3000000000000003,373404.0,436080.0,0.0,0,21.0,430.156,"3,12",1.867.529,"93,6",USAQUEN,SAN CRISTOBAL NORTE,5.0,0.0,1.0,4.0,69776.0,33099.0,36677.0,0.7165787663379959,0.7165787663379959,1.208495724946373,0.2726504348774436
36.0,2022,2,1.0,1,0.0,0,2.0,1,0.0,0,4.0,2.97,350595.0,343350.0,26.0,7,19.0,378.78,"3,72",591.317,"87,06",RAFAEL URIBE URIBE,SAN JOSE,5.0,0.0,1.0,4.0,48007.0,22599.0,25408.0,1.0415147790947152,1.0415147790947152,1.7699898225585202,0.39357682619647355
53.0,2022,2,0.0,0,1.0,1,1.0,1,0.0,0,3.0,2.442857142857143,479920.0,461139.0,21.0,6,14.0,378.78,"3,72",591.317,"87,06",RAFAEL URIBE URIBE,MARCO FIDEL SUAREZ,7.0,0.0,3.0,4.0,44925.0,21430.0,23495.0,1.5581524763494714,1.5581524763494714,1.8665422305179653,1.276867418599702
50.0,2022,2,0.0,0,1.0,1,1.0,1,0.0,0,1.0,1.9327272727272728,215222.0,1432186.0,1.0,1,21.0,404.35,"3,73",706.208,"83,68",SAN CRISTOBAL,LA GLORIA,3.0,0.0,2.0,1.0,95294.0,46140.0,49154.0,0.31481520347555986,0.31481520347555986,0.21673168617251842,0.40688448549456807
110.0,2022,2,3.0,1,1.0,1,0.0,0,0.0,0,15.0,4.074999999999999,71780.0,82212.0,7.0,2,29.0,317.179,"3,46",1.428.379,"90,03",FONTIBON,CIUDAD SALITRE OCCIDENTAL,14.0,0.0,4.0,10.0,45341.0,21403.0,23938.0,3.087713107342141,3.087713107342141,4.672242209036116,1.6709833737154316
10.0,2022,2,0.0,0,1.0,1,1.0,1,0.0,0,7.0,2.87125,122265.0,153495.0,5.0,2,29.0,430.156,"3,12",1.867.529,"93,6",USAQUEN,LA URIBE,5.0,0.0,2.0,3.0,37712.0,17271.0,20441.0,1.3258379295714893,1.3258379295714893,1.7370158068438424,0.9784257130277384
42.0,2022,2,1.0,1,2.0,1,1.0,1,0.0,0,3.0,2.4250000000000003,2179040.0,2310720.0,35.0,13,66.0,182.532,"3,63",829.895,"87,19",TUNJUELITO,VENECIA,19.0,0.0,6.0,13.0,138472.0,67123.0,71349.0,1.3721185510428102,1.3721185510428102,1.936742994204669,0.8409368035992096
103.0,2022,2,0.0,0,0.0,0,0.0,0,0.0,0,15.0,3.0,10953.0,12423.0,5.0,2,15.0,230.066,"3,36",1.462.840,"92,44",BARRIOS UNIDOS,PARQUE SALITRE,2.0,0.0,1.0,1.0,1233.0,647.0,586.0,16.220600162206,16.220600162206,15.455950540958268,17.064846416382252
21.0,2022,2,3.0,1,0.0,0,7.0,1,0.0,0,30.0,3.762,225860.0,233125.0,52.0,5,22.0,230.066,"3,36",1.462.840,"92,44",BARRIOS UNIDOS,LOS ANDES,8.0,0.0,3.0,5.0,29298.0,13002.0,16296.0,2.7305618130930442,2.7305618130930442,3.845562221196739,1.840942562592047
55.0,2022,2,0.0,0,0.0,0,0.0,0,0.0,0,0.0,1.5539999999999998,379860.0,395955.0,0.0,0,7.0,378.78,"3,72",591.317,"87,06",RAFAEL URIBE URIBE,DIANA TURBAY,3.0,0.0,1.0,2.0,74795.0,35881.0,38914.0,0.4010963299685808,0.4010963299685808,0.5573980658287115,0.2569769234722722
113.0,2022,2,0.0,0,1.0,1,3.0,1,0.0,0,10.0,3.2925,104270.0,104965.0,8.0,3,26.0,979.914,"3,72",999.300,"88,94",KENNEDY,BAVARIA,8.0,0.0,2.0,6.0,43863.0,20414.0,23449.0,1.8238606570458016,1.8238606570458016,2.9391594004114823,0.8529148364535801
60.0,2022,2,0.0,0,0.0,0,0.0,0,0.0,0,1.0,1.11,10544.0,15584.0,0.0,0,0.0,314.431,"4,07",569.872,"82,91",USME,PARQUE ENTRENUBES,2.0,0.0,2.0,0.0,827.0,429.0,398.0,24.183796856106408,24.183796856106408,0.0,50.25125628140704
60.0,2022,2,0.0,0,0.0,0,0.0,0,0.0,0,1.0,1.11,10544.0,15584.0,0.0,0,0.0,314.431,"4,07",569.872,"82,91",USME,PARQUE ENTRENUBES,2.0,0.0,2.0,0.0,827.0,429.0,398.0,24.183796856106408,24.183796856106408,0.0,50.25125628140704
90.0,2022,2,1.0,1,1.0,1,4.0,1,0.0,0,32.0,3.05,275954.0,520674.0,22.0,10,60.0,122.507,"2,43",2.288.835,"96,61",CHAPINERO,PARDO RUBIO,5.0,0.0,3.0,2.0,49804.0,24291.0,25513.0,1.0039354268733434,1.0039354268733434,0.8233502120126795,1.1758711245247522
67.0,2022,2,0.0,0,1.0,1,2.0,1,0.0,0,1.0,1.256470588235294,2609568.0,2765373.0,2.0,1,30.0,593.937,"4,09",505.335,"83,5",CIUDAD BOLIVAR,LUCERO,20.0,0.0,8.0,12.0,162416.0,80734.0,81682.0,1.231405772830263,1.231405772830263,1.4863626229345752,0.9794079478954971
83.0,2022,2,0.0,0,0.0,0,0.0,0,0.0,0,1.0,2.0,24432.0,29572.0,1.0,1,11.0,979.914,"3,72",999.300,"88,94",KENNEDY,LAS MARGARITAS,4.0,0.0,0.0,4.0,34964.0,16691.0,18273.0,1.1440338634023568,1.1440338634023568,2.3965011083817624,0.0
101.0,2022,2,3.0,1,0.0,0,3.0,1,0.0,0,25.0,3.8711111111111105,267970.0,273160.0,65.0,10,59.0,139.298,"2,87",1.933.116,"96,03",TEUSAQUILLO,TEUSAQUILLO,18.0,0.0,7.0,11.0,27236.0,12809.0,14427.0,6.608899985313556,6.608899985313556,8.587711765165118,4.85201358563804
54.0,2022,2,0.0,0,0.0,0,0.0,0,0.0,0,3.0,1.83,984621.0,1061115.0,21.0,8,28.0,378.78,"3,72",591.317,"87,06",RAFAEL URIBE URIBE,MARRUECOS,6.0,0.0,4.0,2.0,121855.0,64130.0,57725.0,0.492388494522178,0.492388494522178,0.3118665211289568,0.6929406669553919
78.0,2022,2,0.0,0,1.0,1,0.0,0,0.0,0,8.0,1.956,79812.0,176088.0,0.0,0,25.0,979.914,"3,72",999.300,"88,94",KENNEDY,TINTAL NORTE,0.0,0.0,0.0,0.0,0.0,0.0,0.0,0.0,0.0,0.0,0.0
100.0,2022,2,5.0,1,2.0,1,2.0,1,0.0,0,18.0,3.59625,300195.0,309096.0,38.0,9,56.0,139.298,"2,87",1.933.116,"96,03",TEUSAQUILLO,GALERIAS,15.0,0.0,5.0,10.0,36472.0,16947.0,19525.0,4.11274402281202,4.11274402281202,5.900749395173187,2.560819462227913
34.0,2022,2,0.0,0,2.0,1,2.0,1,0.0,0,2.0,2.346363636363636,864012.0,1108236.0,26.0,12,30.0,404.35,"3,73",706.208,"83,68",SAN CRISTOBAL,20 DE JULIO,9.0,0.0,6.0,3.0,79483.0,38431.0,41052.0,1.1323176025061963,1.1323176025061963,0.780619812130832,1.4615609470914936
106.0,2022,2,2.0,1,0.0,0,4.0,1,0.0,0,8.0,4.164,167560.0,168920.0,17.0,5,30.0,139.298,"2,87",1.933.116,"96,03",TEUSAQUILLO,LA ESMERALDA,5.0,0.0,1.0,4.0,38932.0,17394.0,21538.0,1.2842905578958184,1.2842905578958184,2.2996435552489363,0.4642956634785031
91.0,2022,2,2.0,1,1.0,1,1.0,1,0.0,0,18.0,3.3285714285714287,96894.0,41153.0,42.0,7,37.0,96.241,"3,18",896.890,"88,28",SANTA FE,SAGRADO CORAZON,14.0,0.0,7.0,7.0,11907.0,5937.0,5970.0,11.757789535567314,11.757789535567314,11.790466565605525,11.725293132328307
95.0,2022,2,0.0,0,0.0,0,1.0,1,0.0,0,14.0,2.0,260205.0,69723.0,19.0,3,15.0,96.241,"3,18",896.890,"88,28",SANTA FE,LAS CRUCES,5.0,0.0,0.0,5.0,21556.0,10859.0,10697.0,2.319539803303025,2.319539803303025,4.604475550234828,0.0
40.0,2022,2,2.0,1,0.0,0,3.0,1,0.0,0,6.0,3.0,1219392.0,1267944.0,21.0,8,62.0,250.715,"3,55",1.116.511,"90,43",PUENTE ARANDA,CIUDAD MONTES,15.0,0.0,6.0,9.0,101488.0,47624.0,53864.0,1.4780072520889167,1.4780072520889167,1.8898034604401142,1.113916530521313
117.0,2022,2,0.0,0,0.0,0,0.0,0,0.0,0,8.0,3.0,824.0,1670.0,1.0,1,17.0,317.179,"3,46",1.428.379,"90,03",FONTIBON,AEROPUERTO EL DORADO,0.0,0.0,0.0,0.0,0.0,0.0,0.0,0.0,0.0,0.0,0.0
64.0,2022,2,0.0,0,0.0,0,0.0,0,0.0,0,0.0,1.0,5590.0,25895.0,0.0,0,7.0,593.937,"4,09",505.335,"83,5",CIUDAD BOLIVAR,MONTE BLANCO,1.0,0.0,1.0,0.0,6485.0,3297.0,3188.0,1.5420200462606013,1.5420200462606013,0.0,3.1367628607277287
48.0,2022,2,0.0,0,1.0,1,0.0,0,0.0,0,7.0,2.7455555555555557,1310472.0,1325682.0,5.0,3,18.0,979.914,"3,72",999.300,"88,94",KENNEDY,TIMIZA,13.0,0.0,6.0,7.0,143478.0,68942.0,74536.0,0.9060622534465214,0.9060622534465214,1.0153462330654754,0.804980143823119
98.0,2022,2,2.0,1,3.0,1,8.0,1,0.0,0,32.0,3.0542105263157895,1522242.0,1559634.0,99.0,19,81.0,230.066,"3,36",1.462.840,"92,44",BARRIOS UNIDOS,LOS ALCAZARES,28.0,0.0,9.0,19.0,39961.0,19462.0,20499.0,7.006831660869348,7.006831660869348,9.762614325351967,4.390458071125421
28.0,2022,2,3.0,1,11.0,1,17.0,1,0.0,0,15.0,2.287857142857143,3797108.0,4228084.0,17.0,6,49.0,981.613,"3,41",1.388.086,"91,6",SUBA,EL RINCON,22.0,0.0,6.0,16.0,270028.0,129623.0,140405.0,0.8147303242626691,0.8147303242626691,1.2343488424122262,0.42733520886008336
17.0,2022,2,2.0,1,0.0,0,4.0,1,0.0,0,9.0,4.285,226840.0,238870.0,6.0,2,32.0,981.613,"3,41",1.388.086,"91,6",SUBA,SAN JOSE DE BAVARIA,11.0,0.0,5.0,6.0,47421.0,22285.0,25136.0,2.3196474135931338,2.3196474135931338,2.692393986986762,1.9891788669637174
24.0,2022,2,4.0,1,2.0,1,19.0,1,0.0,0,17.0,4.819999999999999,859833.0,845949.0,36.0,12,69.0,981.613,"3,41",1.388.086,"91,6",SUBA,NIZA,11.0,0.0,6.0,5.0,78824.0,36626.0,42198.0,1.3955140566324977,1.3955140566324977,1.3651504395784415,1.4218683349921797
44.0,2022,2,2.0,1,2.0,1,2.0,1,0.0,0,13.0,3.22875,673424.0,676672.0,20.0,7,33.0,979.914,"3,72",999.300,"88,94",KENNEDY,AMERICAS,15.0,0.0,4.0,11.0,80229.0,37902.0,42327.0,1.869648132221516,1.869648132221516,2.902221518653369,0.9450232711980532
62.0,2022,2,0.0,0,2.0,1,2.0,1,0.0,0,2.0,2.024,338366.0,403893.0,26.0,7,26.0,182.532,"3,63",829.895,"87,19",TUNJUELITO,TUNJUELITO,2.0,0.0,1.0,1.0,40185.0,19948.0,20237.0,0.4976981460744059,0.4976981460744059,0.5013033888109083,0.49414438899046303
69.0,2022,2,1.0,1,1.0,1,2.0,1,0.0,0,1.0,1.3691666666666666,1779216.0,1964304.0,13.0,6,22.0,593.937,"4,09",505.335,"83,5",CIUDAD BOLIVAR,ISMAEL PERDOMO,3.0,0.0,0.0,3.0,166588.0,81544.0,85044.0,0.18008500012005668,0.18008500012005668,0.36789953889924454,0.0
93.0,2022,2,5.0,1,5.0,1,5.0,1,0.0,0,11.0,2.932857142857143,332178.0,96411.0,80.0,7,52.0,96.241,"3,18",896.890,"88,28",SANTA FE,LAS NIEVES,38.0,0.0,17.0,21.0,18006.0,9271.0,8735.0,21.104076418971456,21.104076418971456,22.651278179268687,19.461934745277617
18.0,2022,2,1.0,1,1.0,1,6.0,1,0.0,0,12.0,3.272,300834.0,346380.0,10.0,3,25.0,981.613,"3,41",1.388.086,"91,6",SUBA,BRITALIA,10.0,0.0,6.0,4.0,92162.0,43207.0,48955.0,1.0850458974414618,1.0850458974414618,0.9257759159395468,1.2256153610458584
15.0,2022,3,2.0,1,0.0,0,0.0,0,0.0,0,18.0,5.395,175550.0,49356.0,6.0,2,21.0,430.156,"3,12",1.867.529,"93,6",USAQUEN,COUNTRY CLUB,5.0,0.0,3.0,2.0,24743.0,11179.0,13564.0,2.02077355211575,2.02077355211575,1.789068789694964,2.2117369507519906
86.0,2022,3,0.0,0,0.0,0,0.0,0,0.0,0,0.0,1.568,321440.0,368145.0,0.0,0,33.0,546.809,"3,98",703.807,"85,4",BOSA,EL PORVENIR,10.0,0.0,4.0,6.0,150905.0,72055.0,78850.0,0.6626685663165567,0.6626685663165567,0.8326972451599473,0.5072923272035511
71.0,2022,3,0.0,0,0.0,0,5.0,1,0.0,0,10.0,2.105,2325960.0,2670912.0,0.0,0,22.0,981.613,"3,41",1.388.086,"91,6",SUBA,TIBABUYES,15.0,0.0,8.0,7.0,308559.0,149557.0,159002.0,0.48613069137506926,0.48613069137506926,0.4680489712952252,0.5031383253040842
29.0,2022,3,3.0,1,2.0,1,3.0,1,0.0,0,13.0,2.713333333333334,1291554.0,1329381.0,30.0,9,32.0,824.337,"3,41",1.089.512,"91,78",ENGATIVA,MINUTO DE DIOS,25.0,0.0,13.0,12.0,107025.0,50235.0,56790.0,2.3359028264424198,2.3359028264424198,2.388772767990445,2.2891354111639375
80.0,2022,3,0.0,0,1.0,1,1.0,1,0.0,0,9.0,2.0025,247816.0,277108.0,11.0,4,19.0,979.914,"3,72",999.300,"88,94",KENNEDY,CORABASTOS,8.0,0.0,4.0,4.0,56865.0,28410.0,28455.0,1.406840763211114,1.406840763211114,1.407954945441746,1.4057283429977157
99.0,2022,3,8.0,1,3.0,1,2.0,1,0.0,0,33.0,3.692,79566.0,121692.0,22.0,6,62.0,122.507,"2,43",2.288.835,"96,61",CHAPINERO,CHAPINERO,46.0,0.0,22.0,24.0,24533.0,12186.0,12347.0,18.75025475889618,18.75025475889618,19.694731659281143,17.818093463999354
3.0,2022,3,0.0,0,0.0,0,0.0,0,0.0,0,0.0,6.0,0.0,1169.0,0.0,0,26.0,981.613,"3,41",1.388.086,"91,6",SUBA,GUAYMARAL,0.0,0.0,0.0,0.0,0.0,0.0,0.0,0.0,0.0,0.0,0.0
97.0,2022,3,16.0,1,3.0,1,7.0,1,0.0,0,27.0,5.211875,94384.0,420656.0,63.0,15,98.0,122.507,"2,43",2.288.835,"96,61",CHAPINERO,CHICO LAGO,68.0,0.0,31.0,37.0,36008.0,16870.0,19138.0,18.88469229060209,18.88469229060209,21.93242442205098,16.198139826523146
94.0,2022,3,4.0,1,0.0,0,1.0,1,0.0,0,7.0,2.40875,203598.0,216855.0,43.0,8,36.0,22.115,"2,83",1.050.888,"88,9",CANDELARIA,LA CANDELARIA,17.0,0.0,3.0,14.0,17171.0,8942.0,8229.0,9.900413487857435,9.900413487857435,15.6564526951465,3.645643456069996
76.0,2022,3,0.0,0,0.0,0,3.0,1,0.0,0,4.0,2.186666666666667,120020.0,128536.0,0.0,0,21.0,317.179,"3,46",1.428.379,"90,03",FONTIBON,FONTIBON SAN PABLO,11.0,0.0,7.0,4.0,33742.0,16516.0,17226.0,3.2600320075869833,3.2600320075869833,2.4218939210462582,4.0636247532799255
114.0,2022,3,4.0,1,0.0,0,2.0,1,0.0,0,15.0,3.8,191930.0,197050.0,9.0,4,24.0,317.179,"3,46",1.428.379,"90,03",FONTIBON,MODELIA,10.0,0.0,5.0,5.0,43395.0,20004.0,23391.0,2.3044129508007836,2.3044129508007836,2.499500099980004,2.1375742807062545
89.0,2022,3,0.0,0,0.0,0,0.0,0,0.0,0,0.0,2.0666666666666664,28245.0,48603.0,0.0,0,3.0,122.507,"2,43",2.288.835,"96,61",CHAPINERO,SAN ISIDRO - PATIOS,1.0,0.0,1.0,0.0,16570.0,8137.0,8433.0,0.6035003017501508,0.6035003017501508,0.0,1.1858176212498517
38.0,2022,3,2.0,1,5.0,1,5.0,1,0.0,0,7.0,3.008,1246305.0,1155330.0,52.0,15,75.0,119.565,"3,92",1.095.184,"90,79",ANTONIO NARIÑO,RESTREPO,34.0,0.0,16.0,18.0,54757.0,25932.0,28825.0,6.209251785159888,6.209251785159888,6.941230911614993,5.5507372072853425
52.0,2022,3,0.0,0,0.0,0,0.0,0,0.0,0,0.0,1.0,614920.0,740280.0,0.0,0,176.0,314.431,"4,07",569.872,"82,91",USME,LA FLORA,2.0,0.0,2.0,0.0,19750.0,9802.0,9948.0,1.0126582278481013,1.0126582278481013,0.0,2.010454362685967
96.0,2022,3,0.0,0,0.0,0,1.0,1,0.0,0,4.0,1.7264285714285716,628474.0,648214.0,4.0,2,16.0,96.241,"3,18",896.890,"88,28",SANTA FE,LOURDES,2.0,0.0,1.0,1.0,46044.0,22372.0,23672.0,0.43436712709582137,0.43436712709582137,0.4469873055605221,0.4224400135180804
84.0,2022,3,0.0,0,2.0,1,4.0,1,0.0,0,2.0,1.98,990222.0,1073760.0,1.0,1,30.0,546.809,"3,98",703.807,"85,4",BOSA,BOSA OCCIDENTAL,17.0,0.0,7.0,10.0,199880.0,97718.0,102162.0,0.8505103061837103,0.8505103061837103,1.0233529134857446,0.6851862727824436
111.0,2022,3,3.0,1,0.0,0,1.0,1,0.0,0,9.0,2.9375,64585.0,73290.0,16.0,5,63.0,250.715,"3,55",1.116.511,"90,43",PUENTE ARANDA,PUENTE ARANDA,11.0,0.0,4.0,7.0,12670.0,10287.0,2383.0,8.681925808997633,8.681925808997633,6.804704967434627,16.785564414603442
112.0,2022,3,1.0,1,2.0,1,3.0,1,0.0,0,22.0,3.1133333333333333,126427.0,160027.0,0.0,0,71.0,317.179,"3,46",1.428.379,"90,03",FONTIBON,GRANJAS DE TECHO,14.0,0.0,5.0,9.0,53534.0,24780.0,28754.0,2.6151604587738637,2.6151604587738637,3.631961259079903,1.7388885024692216
75.0,2022,3,3.0,1,3.0,1,8.0,1,0.0,0,10.0,2.913,1316550.0,1374890.0,0.0,0,58.0,317.179,"3,46",1.428.379,"90,03",FONTIBON,FONTIBON,21.0,0.0,10.0,11.0,130396.0,62011.0,68385.0,1.6104788490444493,1.6104788490444493,1.7738788279498798,1.4623089858887184
12.0,2022,3,3.0,1,2.0,1,7.0,1,0.0,0,11.0,3.378,256245.0,260090.0,9.0,3,42.0,430.156,"3,12",1.867.529,"93,6",USAQUEN,TOBERIN,14.0,0.0,7.0,7.0,61040.0,28090.0,32950.0,2.293577981651376,2.293577981651376,2.4919900320398716,2.12443095599393
16.0,2022,3,8.0,1,3.0,1,9.0,1,0.0,0,28.0,5.738888888888889,464238.0,463266.0,18.0,6,60.0,430.156,"3,12",1.867.529,"93,6",USAQUEN,SANTA BARBARA,17.0,0.0,6.0,11.0,72809.0,32920.0,39889.0,2.3348761828894777,2.3348761828894777,3.341433778857837,1.5041740830805483
82.0,2022,3,0.0,0,1.0,1,3.0,1,0.0,0,5.0,1.9566666666666668,963012.0,1044870.0,9.0,4,29.0,979.914,"3,72",999.300,"88,94",KENNEDY,PATIO BONITO,16.0,0.0,7.0,9.0,138518.0,68830.0,69688.0,1.1550845377496066,1.1550845377496066,1.3075693738195555,1.0044770979221673
35.0,2022,3,1.0,1,0.0,0,2.0,1,0.0,0,4.0,2.666,168705.0,154565.0,35.0,5,22.0,119.565,"3,92",1.095.184,"90,79",ANTONIO NARIÑO,CIUDAD JARDIN,7.0,0.0,6.0,1.0,26034.0,12260.0,13774.0,2.688791580241223,2.688791580241223,0.8156606851549756,4.356033105851605
68.0,2022,3,0.0,0,0.0,0,1.0,1,0.0,0,0.0,1.055,351536.0,380992.0,0.0,0,13.0,593.937,"4,09",505.335,"83,5",CIUDAD BOLIVAR,EL TESORO,3.0,0.0,1.0,2.0,54271.0,27037.0,27234.0,0.5527814118037258,0.5527814118037258,0.7397270407219736,0.36718807373136525
27.0,2022,3,4.0,1,5.0,1,8.0,1,0.0,0,10.0,2.840909090909091,1497236.0,1751217.0,16.0,6,48.0,981.613,"3,41",1.388.086,"91,6",SUBA,SUBA,23.0,0.0,5.0,18.0,187097.0,87903.0,99194.0,1.2293088611789607,1.2293088611789607,2.047711682195147,0.5040627457305885
22.0,2022,3,3.0,1,1.0,1,5.0,1,0.0,0,14.0,3.292222222222222,847206.0,887247.0,37.0,8,38.0,230.066,"3,36",1.462.840,"92,44",BARRIOS UNIDOS,DOCE DE OCTUBRE,19.0,0.0,5.0,14.0,70398.0,33818.0,36580.0,2.6989403108042844,2.6989403108042844,4.139807203264533,1.3668671405139419
105.0,2022,3,1.0,1,0.0,0,0.0,0,0.0,0,11.0,2.67,1601.0,2464.0,4.0,1,11.0,824.337,"3,41",1.089.512,"91,78",ENGATIVA,JARDIN BOTANICO,1.0,0.0,0.0,1.0,3379.0,2022.0,1357.0,2.9594554601953242,2.9594554601953242,4.945598417408506,0.0
104.0,2022,3,1.0,1,0.0,0,0.0,0,0.0,0,23.0,4.0,19494.0,20424.0,21.0,5,34.0,139.298,"2,87",1.933.116,"96,03",TEUSAQUILLO,PARQUE SIMON BOLIVAR - CAN,8.0,0.0,2.0,6.0,3139.0,1650.0,1489.0,25.48582351067219,25.48582351067219,36.36363636363637,13.43183344526528
74.0,2022,3,0.0,0,0.0,0,4.0,1,0.0,0,2.0,2.0016666666666665,712512.0,784968.0,0.0,0,15.0,824.337,"3,41",1.089.512,"91,78",ENGATIVA,ENGATIVA,12.0,0.0,7.0,5.0,145990.0,70530.0,75460.0,0.8219741078156038,0.8219741078156038,0.708918190840777,0.9276437847866419
47.0,2022,3,4.0,1,0.0,0,2.0,1,0.0,0,7.0,3.0,865592.0,770256.0,9.0,4,28.0,979.914,"3,72",999.300,"88,94",KENNEDY,KENNEDY CENTRAL,10.0,0.0,4.0,6.0,93458.0,44314.0,49144.0,1.0699993580003853,1.0699993580003853,1.3539739134359345,0.8139345596614032
70.0,2022,3,0.0,0,0.0,0,0.0,0,0.0,0,1.0,1.1733333333333331,789975.0,888237.0,0.0,0,23.0,593.937,"4,09",505.335,"83,5",CIUDAD BOLIVAR,JERUSALEM,6.0,0.0,2.0,4.0,102706.0,50382.0,52324.0,0.584191770685257,0.584191770685257,0.7939343416299471,0.3822337741762862
66.0,2022,3,0.0,0,0.0,0,0.0,0,0.0,0,1.0,1.8425,597168.0,609704.0,4.0,3,26.0,593.937,"4,09",505.335,"83,5",CIUDAD BOLIVAR,SAN FRANCISCO,12.0,0.0,5.0,7.0,70388.0,34476.0,35912.0,1.7048360515997045,1.7048360515997045,2.030397957999768,1.3922922699933171
65.0,2022,3,0.0,0,0.0,0,1.0,1,0.0,0,2.0,2.463333333333334,349194.0,364512.0,9.0,3,21.0,593.937,"4,09",505.335,"83,5",CIUDAD BOLIVAR,ARBORIZADORA,16.0,0.0,9.0,7.0,86615.0,41438.0,45177.0,1.84725509438319,1.84725509438319,1.6892707176987307,1.9921641543263164
79.0,2022,3,0.0,0,0.0,0,0.0,0,0.0,0,4.0,2.1333333333333333,167274.0,204984.0,3.0,2,22.0,979.914,"3,72",999.300,"88,94",KENNEDY,CALANDAIMA,10.0,0.0,3.0,7.0,144820.0,68595.0,76225.0,0.6905123601712471,0.6905123601712471,1.0204825424593629,0.3935716628402755
59.0,2022,3,0.0,0,0.0,0,0.0,0,0.0,0,0.0,1.0,163808.0,216380.0,0.0,0,6.0,314.431,"4,07",569.872,"82,91",USME,ALFONSO LOPEZ,3.0,0.0,2.0,1.0,52034.0,25726.0,26308.0,0.5765461044701541,0.5765461044701541,0.3887118090647594,0.7602250266078759
45.0,2022,3,0.0,0,1.0,1,4.0,1,0.0,0,10.0,2.7914285714285714,737583.0,674359.0,9.0,4,35.0,979.914,"3,72",999.300,"88,94",KENNEDY,CARVAJAL,17.0,0.0,8.0,9.0,89015.0,43052.0,45963.0,1.9097904847497613,1.9097904847497613,2.09049521508873,1.7405304266475208
20.0,2022,3,2.0,1,1.0,1,8.0,1,0.0,0,41.0,4.996666666666667,231126.0,219822.0,33.0,6,26.0,981.613,"3,41",1.388.086,"91,6",SUBA,LA ALHAMBRA,18.0,0.0,7.0,11.0,39439.0,18140.0,21299.0,4.564010243667436,4.564010243667436,6.063947078280044,3.2865392741443262
51.0,2022,3,0.0,0,0.0,0,1.0,1,0.0,0,0.0,1.68875,263745.0,660861.0,0.0,0,15.0,404.35,"3,73",706.208,"83,68",SAN CRISTOBAL,LOS LIBERTADORES,3.0,0.0,1.0,2.0,78104.0,37831.0,40273.0,0.3841032469527809,0.3841032469527809,0.5286669662446142,0.2483053162168202
115.0,2022,3,4.0,1,2.0,1,0.0,0,0.0,0,15.0,3.314,77135.0,83285.0,6.0,3,26.0,317.179,"3,46",1.428.379,"90,03",FONTIBON,CAPELLANIA,5.0,0.0,4.0,1.0,17835.0,8373.0,9462.0,2.803476310625175,2.803476310625175,1.1943150603129105,4.227436060029592
43.0,2022,3,0.0,0,0.0,0,5.0,1,0.0,0,8.0,3.0,844074.0,844239.0,17.0,8,31.0,250.715,"3,55",1.116.511,"90,43",PUENTE ARANDA,SAN RAFAEL,14.0,0.0,6.0,8.0,72673.0,34314.0,38359.0,1.9264376040620315,1.9264376040620315,2.3314099201492104,1.5641700774264187
25.0,2022,3,4.0,1,2.0,1,4.0,1,0.0,0,23.0,4.04,127070.0,126620.0,24.0,5,25.0,981.613,"3,41",1.388.086,"91,6",SUBA,LA FLORESTA,10.0,0.0,5.0,5.0,44657.0,20574.0,24083.0,2.23929059274022,2.23929059274022,2.430251774083795,2.0761533031599053
56.0,2022,3,0.0,0,0.0,0,0.0,0,0.0,0,0.0,1.508,205135.0,253351.0,6.0,6,8.0,314.431,"4,07",569.872,"82,91",USME,DANUBIO,8.0,0.0,3.0,5.0,57802.0,27868.0,29934.0,1.3840351544929241,1.3840351544929241,1.794172527630257,1.0022048506714774
26.0,2022,3,4.0,1,4.0,1,8.0,1,0.0,0,19.0,3.0646153846153847,1441973.0,1441167.0,19.0,5,69.0,824.337,"3,41",1.089.512,"91,78",ENGATIVA,LAS FERIAS,31.0,0.0,15.0,16.0,101386.0,48275.0,53111.0,3.057621367841714,3.057621367841714,3.314344899016054,2.8242736909491444
102.0,2022,3,2.0,1,2.0,1,5.0,1,0.0,0,20.0,2.8186666666666667,764715.0,782955.0,131.0,15,94.0,94.944,"3,53",1.059.511,"89,78",LOS MARTIRES,LA SABANA,50.0,0.0,15.0,35.0,39345.0,18509.0,20836.0,12.708095056551024,12.708095056551024,18.90971959587228,7.199078517949703
2.0,2022,3,0.0,0,0.0,0,0.0,0,0.0,0,3.0,5.058,10545.0,13800.0,3.0,2,95.0,981.613,"3,41",1.388.086,"91,6",SUBA,LA ACADEMIA,1.0,0.0,1.0,0.0,6160.0,2976.0,3184.0,1.6233766233766234,1.6233766233766234,0.0,3.14070351758794
116.0,2022,3,1.0,1,1.0,1,2.0,1,0.0,0,16.0,3.155,24638.0,27282.0,3.0,1,17.0,824.337,"3,41",1.089.512,"91,78",ENGATIVA,ALAMOS,4.0,0.0,1.0,3.0,12361.0,5789.0,6572.0,3.235984143677696,3.235984143677696,5.182242183451373,1.5216068167985393
81.0,2022,3,1.0,1,0.0,0,1.0,1,0.0,0,5.0,2.0025,290204.0,283616.0,1.0,1,16.0,979.914,"3,72",999.300,"88,94",KENNEDY,GRAN BRITALIA,7.0,0.0,4.0,3.0,62604.0,30648.0,31956.0,1.1181394160117564,1.1181394160117564,0.9788566953797964,1.2517211165352358
52.0,2022,3,0.0,0,0.0,0,0.0,0,0.0,0,0.0,1.0,614920.0,740280.0,0.0,0,176.0,314.431,"4,07",569.872,"82,91",USME,LA FLORA,2.0,0.0,2.0,0.0,19750.0,9802.0,9948.0,1.0126582278481013,1.0126582278481013,0.0,2.010454362685967
33.0,2022,3,0.0,0,0.0,0,2.0,1,0.0,0,2.0,2.8193333333333332,1647904.0,748256.0,42.0,13,30.0,404.35,"3,73",706.208,"83,68",SAN CRISTOBAL,SOSIEGO,15.0,0.0,6.0,9.0,44213.0,21410.0,22803.0,3.392667315043087,3.392667315043087,4.203643157403082,2.6312327325351927
19.0,2022,3,4.0,1,8.0,1,12.0,1,0.0,0,24.0,3.51625,692512.0,712104.0,25.0,8,34.0,981.613,"3,41",1.388.086,"91,6",SUBA,EL PRADO,33.0,0.0,12.0,21.0,98532.0,45765.0,52767.0,3.349165753257825,3.349165753257825,4.588659455916093,2.27414861561203
41.0,2022,3,1.0,1,0.0,0,2.0,1,0.0,0,8.0,3.0,523602.0,513468.0,24.0,8,22.0,250.715,"3,55",1.116.511,"90,43",PUENTE ARANDA,MUZU,16.0,0.0,8.0,8.0,58950.0,27828.0,31122.0,2.714164546225615,2.714164546225615,2.874802357337933,2.57052888631836
37.0,2022,3,0.0,0,1.0,1,2.0,1,0.0,0,12.0,3.0,307027.0,315602.0,40.0,7,41.0,94.944,"3,53",1.059.511,"89,78",LOS MARTIRES,SANTA ISABEL,14.0,0.0,3.0,11.0,45156.0,20636.0,24520.0,3.1003631854017186,3.1003631854017186,5.330490405117271,1.2234910277324633
107.0,2022,3,3.0,1,1.0,1,3.0,1,0.0,0,16.0,3.77,207448.0,216792.0,32.0,8,35.0,139.298,"2,87",1.933.116,"96,03",TEUSAQUILLO,QUINTA PAREDES,17.0,0.0,8.0,9.0,27235.0,12192.0,15043.0,6.241968055810538,6.241968055810538,7.381889763779528,5.318088147311041
73.0,2022,3,1.0,1,0.0,0,4.0,1,0.0,0,5.0,2.775714285714286,955689.0,1044302.0,4.0,2,40.0,824.337,"3,41",1.089.512,"91,78",ENGATIVA,GARCES NAVAS,16.0,0.0,6.0,10.0,173461.0,81788.0,91673.0,0.9223975418105511,0.9223975418105511,1.2226732527999216,0.6545002345292508
31.0,2022,3,3.0,1,1.0,1,3.0,1,0.0,0,18.0,3.318333333333334,409362.0,391260.0,10.0,4,38.0,824.337,"3,41",1.089.512,"91,78",ENGATIVA,SANTA CECILIA,16.0,0.0,6.0,10.0,68583.0,32094.0,36489.0,2.332939649767435,2.332939649767435,3.1158471988533685,1.644331168297295
58.0,2022,3,0.0,0,1.0,1,1.0,1,0.0,0,0.0,1.5654545454545454,857659.0,954745.0,0.0,0,29.0,314.431,"4,07",569.872,"82,91",USME,COMUNEROS,7.0,0.0,4.0,3.0,96803.0,47416.0,49387.0,0.7231180851833104,0.7231180851833104,0.6326978235194871,0.8099297385951768
13.0,2022,3,3.0,1,1.0,1,10.0,1,0.0,0,12.0,4.381666666666667,1717632.0,1842552.0,20.0,5,88.0,430.156,"3,12",1.867.529,"93,6",USAQUEN,LOS CEDROS,16.0,0.0,6.0,10.0,132098.0,58771.0,73327.0,1.2112219715665642,1.2112219715665642,1.7015194568749894,0.8182524854419245
63.0,2022,3,0.0,0,0.0,0,0.0,0,0.0,0,0.0,,1596.0,5864.0,2.0,2,6.0,593.937,"4,09",505.335,"83,5",CIUDAD BOLIVAR,EL MOCHUELO,0.0,0.0,0.0,0.0,0.0,0.0,0.0,0.0,0.0,0.0,0.0
87.0,2022,3,0.0,0,0.0,0,0.0,0,0.0,0,1.0,1.765,212992.0,339512.0,0.0,0,47.0,546.809,"3,98",703.807,"85,4",BOSA,TINTAL SUR,7.0,0.0,3.0,4.0,126657.0,59614.0,67043.0,0.5526737566814309,0.5526737566814309,0.6709833260643473,0.4474740092179646
77.0,2022,3,1.0,1,0.0,0,0.0,0,0.0,0,4.0,2.045,283878.0,356976.0,0.0,0,13.0,317.179,"3,46",1.428.379,"90,03",FONTIBON,ZONA FRANCA,10.0,0.0,3.0,7.0,65142.0,30430.0,34712.0,1.5351079180866414,1.5351079180866414,2.3003614853762735,0.8642544365061074
39.0,2022,3,1.0,1,2.0,1,7.0,1,0.0,0,6.0,3.0,1410480.0,1306815.0,45.0,15,69.0,378.78,"3,72",591.317,"87,06",RAFAEL URIBE URIBE,QUIROGA,24.0,0.0,9.0,15.0,91927.0,44066.0,47861.0,2.6107672392224264,2.6107672392224264,3.403984931693369,1.8804454566348383
108.0,2022,3,0.0,0,0.0,0,1.0,1,0.0,0,14.0,2.685714285714286,33520.0,33976.0,48.0,8,66.0,250.715,"3,55",1.116.511,"90,43",PUENTE ARANDA,ZONA INDUSTRIAL,12.0,0.0,2.0,10.0,6710.0,3325.0,3385.0,17.883755588673623,17.883755588673623,30.075187969924812,5.908419497784342
61.0,2022,3,0.0,0,0.0,0,0.0,0,0.0,0,0.0,1.2366666666666666,79500.0,134960.0,0.0,0,65.0,314.431,"4,07",569.872,"82,91",USME,CIUDAD USME,3.0,0.0,1.0,2.0,29400.0,14233.0,15167.0,1.0204081632653061,1.0204081632653061,1.4051851331412915,0.659326168655634
1.0,2022,3,0.0,0,0.0,0,0.0,0,0.0,0,3.0,4.0,52488.0,63828.0,3.0,3,83.0,430.156,"3,12",1.867.529,"93,6",USAQUEN,PASEO DE LOS LIBERTADORES,1.0,0.0,0.0,1.0,2505.0,1237.0,1268.0,3.992015968063872,3.992015968063872,8.084074373484235,0.0
46.0,2022,3,4.0,1,0.0,0,4.0,1,0.0,0,7.0,2.72,884656.0,1003288.0,18.0,6,40.0,979.914,"3,72",999.300,"88,94",KENNEDY,CASTILLA,20.0,0.0,7.0,13.0,148724.0,70628.0,78096.0,1.3447728678626178,1.3447728678626178,1.8406297785580787,0.8963327187051834
85.0,2022,3,1.0,1,2.0,1,5.0,1,0.0,0,2.0,1.9988888888888892,2537808.0,2654832.0,17.0,6,39.0,546.809,"3,98",703.807,"85,4",BOSA,BOSA CENTRAL,33.0,0.0,10.0,23.0,233006.0,112514.0,120492.0,1.4162725423379654,1.4162725423379654,2.044190056348543,0.8299306178003518
60.0,2022,3,0.0,0,0.0,0,0.0,0,0.0,0,1.0,1.11,10544.0,15584.0,0.0,0,0.0,314.431,"4,07",569.872,"82,91",USME,PARQUE ENTRENUBES,0.0,0.0,0.0,0.0,0.0,0.0,0.0,0.0,0.0,0.0,0.0
60.0,2022,3,0.0,0,0.0,0,0.0,0,0.0,0,1.0,1.11,10544.0,15584.0,0.0,0,0.0,314.431,"4,07",569.872,"82,91",USME,PARQUE ENTRENUBES,0.0,0.0,0.0,0.0,0.0,0.0,0.0,0.0,0.0,0.0,0.0
30.0,2022,3,1.0,1,5.0,1,9.0,1,0.0,0,16.0,3.001818181818182,1427481.0,1341120.0,25.0,7,42.0,824.337,"3,41",1.089.512,"91,78",ENGATIVA,BOYACA REAL,27.0,0.0,13.0,14.0,130301.0,61875.0,68426.0,2.072125309859479,2.072125309859479,2.2626262626262625,1.8998626253178617
72.0,2022,3,0.0,0,0.0,0,1.0,1,0.0,0,8.0,3.0,331356.0,345116.0,4.0,2,21.0,824.337,"3,41",1.089.512,"91,78",ENGATIVA,BOLIVIA,7.0,0.0,1.0,6.0,85096.0,38702.0,46394.0,0.8226003572435837,0.8226003572435837,1.5503074776497339,0.21554511359227488
57.0,2022,3,0.0,0,3.0,1,2.0,1,0.0,0,0.0,1.7740000000000002,1391324.0,1519562.0,3.0,3,23.0,314.431,"4,07",569.872,"82,91",USME,GRAN YOMASA,17.0,0.0,6.0,11.0,126622.0,61595.0,65027.0,1.3425786988043154,1.3425786988043154,1.7858592418215766,0.922693650329863
23.0,2022,3,1.0,1,0.0,0,5.0,1,0.0,0,18.0,3.5728571428571425,209118.0,255647.0,7.0,5,41.0,981.613,"3,41",1.388.086,"91,6",SUBA,CASA BLANCA SUBA,4.0,0.0,0.0,4.0,59840.0,28113.0,31727.0,0.6684491978609626,0.6684491978609626,1.4228292960552058,0.0
88.0,2022,3,1.0,1,0.0,0,0.0,0,0.0,0,26.0,5.9375,358776.0,369156.0,3.0,2,60.0,122.507,"2,43",2.288.835,"96,61",CHAPINERO,EL REFUGIO,5.0,0.0,1.0,4.0,38675.0,17397.0,21278.0,1.292824822236587,1.292824822236587,2.299246996608611,0.4699689820471849
9.0,2022,3,1.0,1,2.0,1,5.0,1,0.0,0,2.0,2.7445454545454546,927663.0,1059410.0,9.0,4,60.0,430.156,"3,12",1.867.529,"93,6",USAQUEN,VERBENAL,5.0,0.0,1.0,4.0,128953.0,61115.0,67838.0,0.3877381681697983,0.3877381681697983,0.6545038043033624,0.14741000619122027
109.0,2022,3,0.0,0,0.0,0,1.0,1,0.0,0,12.0,4.123333333333334,44058.0,53832.0,12.0,3,32.0,139.298,"2,87",1.933.116,"96,03",TEUSAQUILLO,CIUDAD SALITRE ORIENTAL,7.0,0.0,3.0,4.0,24661.0,10992.0,13669.0,2.838489923360772,2.838489923360772,3.63901018922853,2.194747238276392
49.0,2022,3,0.0,0,1.0,1,0.0,0,0.0,0,2.0,2.3333333333333335,124191.0,114375.0,10.0,3,11.0,546.809,"3,98",703.807,"85,4",BOSA,APOGEO,9.0,0.0,2.0,7.0,34697.0,16671.0,18026.0,2.5938841974810503,2.5938841974810503,4.1989082838462,1.1095084877399313
14.0,2022,3,1.0,1,0.0,0,2.0,1,0.0,0,30.0,4.66,375100.0,457974.0,0.0,0,45.0,430.156,"3,12",1.867.529,"93,6",USAQUEN,USAQUEN,13.0,0.0,3.0,10.0,42132.0,20181.0,21951.0,3.0855406816671413,3.0855406816671413,4.955155839651157,1.3666803334700013
32.0,2022,3,0.0,0,0.0,0,1.0,1,0.0,0,0.0,1.7457142857142858,1408200.0,1428675.0,0.0,0,47.0,404.35,"3,73",706.208,"83,68",SAN CRISTOBAL,SAN BLAS,9.0,0.0,4.0,5.0,104358.0,50163.0,54195.0,0.8624159144483412,0.8624159144483412,0.9967505930666029,0.7380754682166252
92.0,2022,3,0.0,0,0.0,0,0.0,0,0.0,0,11.0,2.5425,132324.0,86100.0,26.0,6,25.0,96.241,"3,18",896.890,"88,28",SANTA FE,LA MACARENA,7.0,0.0,1.0,6.0,12502.0,6119.0,6383.0,5.599104143337066,5.599104143337066,9.805523778395163,1.5666614444618518
11.0,2022,3,1.0,1,1.0,1,5.0,1,0.0,0,6.0,2.3000000000000003,373404.0,436080.0,0.0,0,21.0,430.156,"3,12",1.867.529,"93,6",USAQUEN,SAN CRISTOBAL NORTE,3.0,0.0,1.0,2.0,69776.0,33099.0,36677.0,0.4299472598027975,0.4299472598027975,0.6042478624731865,0.2726504348774436
36.0,2022,3,1.0,1,0.0,0,2.0,1,0.0,0,4.0,2.97,350595.0,343350.0,26.0,7,19.0,378.78,"3,72",591.317,"87,06",RAFAEL URIBE URIBE,SAN JOSE,9.0,0.0,7.0,2.0,48007.0,22599.0,25408.0,1.8747266023704876,1.8747266023704876,0.8849949112792601,2.755037783375315
53.0,2022,3,0.0,0,1.0,1,1.0,1,0.0,0,3.0,2.442857142857143,479920.0,461139.0,21.0,6,14.0,378.78,"3,72",591.317,"87,06",RAFAEL URIBE URIBE,MARCO FIDEL SUAREZ,7.0,0.0,2.0,5.0,44925.0,21430.0,23495.0,1.5581524763494714,1.5581524763494714,2.3331777881474567,0.8512449457331348
50.0,2022,3,0.0,0,1.0,1,1.0,1,0.0,0,1.0,1.9327272727272728,215222.0,1432186.0,1.0,1,21.0,404.35,"3,73",706.208,"83,68",SAN CRISTOBAL,LA GLORIA,6.0,0.0,3.0,3.0,95294.0,46140.0,49154.0,0.6296304069511197,0.6296304069511197,0.6501950585175552,0.6103267282418522
110.0,2022,3,3.0,1,1.0,1,0.0,0,0.0,0,18.0,4.074999999999999,71780.0,82212.0,7.0,2,29.0,317.179,"3,46",1.428.379,"90,03",FONTIBON,CIUDAD SALITRE OCCIDENTAL,8.0,0.0,3.0,5.0,45341.0,21403.0,23938.0,1.7644074899097946,1.7644074899097946,2.336121104518058,1.2532375302865735
10.0,2022,3,0.0,0,1.0,1,1.0,1,0.0,0,8.0,2.87125,122265.0,153495.0,5.0,2,29.0,430.156,"3,12",1.867.529,"93,6",USAQUEN,LA URIBE,8.0,0.0,3.0,5.0,37712.0,17271.0,20441.0,2.1213406873143827,2.1213406873143827,2.895026344739737,1.4676385695416077
42.0,2022,3,1.0,1,2.0,1,1.0,1,0.0,0,4.0,2.4250000000000003,2179040.0,2310720.0,35.0,13,66.0,182.532,"3,63",829.895,"87,19",TUNJUELITO,VENECIA,27.0,0.0,12.0,15.0,138472.0,67123.0,71349.0,1.9498526777976775,1.9498526777976775,2.2347034548515414,1.6818736071984193
103.0,2022,3,0.0,0,0.0,0,0.0,0,0.0,0,20.0,3.0,10953.0,12423.0,5.0,2,15.0,230.066,"3,36",1.462.840,"92,44",BARRIOS UNIDOS,PARQUE SALITRE,3.0,0.0,1.0,2.0,1233.0,647.0,586.0,24.330900243309003,24.330900243309003,30.911901081916536,17.064846416382252
21.0,2022,3,3.0,1,0.0,0,7.0,1,0.0,0,40.0,3.762,225860.0,233125.0,52.0,5,22.0,230.066,"3,36",1.462.840,"92,44",BARRIOS UNIDOS,LOS ANDES,10.0,0.0,5.0,5.0,29298.0,13002.0,16296.0,3.4132022663663046,3.4132022663663046,3.845562221196739,3.0682376043200783
55.0,2022,3,0.0,0,0.0,0,0.0,0,0.0,0,0.0,1.5539999999999998,379860.0,395955.0,0.0,0,7.0,378.78,"3,72",591.317,"87,06",RAFAEL URIBE URIBE,DIANA TURBAY,4.0,0.0,1.0,3.0,74795.0,35881.0,38914.0,0.5347951066247744,0.5347951066247744,0.8360970987430674,0.2569769234722722
113.0,2022,3,0.0,0,1.0,1,3.0,1,0.0,0,10.0,3.2925,104270.0,104965.0,8.0,3,26.0,979.914,"3,72",999.300,"88,94",KENNEDY,BAVARIA,6.0,0.0,1.0,5.0,43863.0,20414.0,23449.0,1.3678954927843514,1.3678954927843514,2.4492995003429017,0.42645741822679006
60.0,2022,3,0.0,0,0.0,0,0.0,0,0.0,0,1.0,1.11,10544.0,15584.0,0.0,0,0.0,314.431,"4,07",569.872,"82,91",USME,PARQUE ENTRENUBES,0.0,0.0,0.0,0.0,0.0,0.0,0.0,0.0,0.0,0.0,0.0
60.0,2022,3,0.0,0,0.0,0,0.0,0,0.0,0,1.0,1.11,10544.0,15584.0,0.0,0,0.0,314.431,"4,07",569.872,"82,91",USME,PARQUE ENTRENUBES,0.0,0.0,0.0,0.0,0.0,0.0,0.0,0.0,0.0,0.0,0.0
90.0,2022,3,1.0,1,1.0,1,4.0,1,0.0,0,37.0,3.05,275954.0,520674.0,22.0,10,60.0,122.507,"2,43",2.288.835,"96,61",CHAPINERO,PARDO RUBIO,14.0,0.0,6.0,8.0,49804.0,24291.0,25513.0,2.8110191952453616,2.8110191952453616,3.293400848050718,2.3517422490495044
67.0,2022,3,0.0,0,1.0,1,2.0,1,0.0,0,1.0,1.256470588235294,2609568.0,2765373.0,2.0,1,30.0,593.937,"4,09",505.335,"83,5",CIUDAD BOLIVAR,LUCERO,13.0,0.0,6.0,7.0,162416.0,80734.0,81682.0,0.8004137523396709,0.8004137523396709,0.8670448633785023,0.7345559609216229
83.0,2022,3,0.0,0,0.0,0,0.0,0,0.0,0,1.0,2.0,24432.0,29572.0,1.0,1,11.0,979.914,"3,72",999.300,"88,94",KENNEDY,LAS MARGARITAS,4.0,0.0,1.0,3.0,34964.0,16691.0,18273.0,1.1440338634023568,1.1440338634023568,1.797375831286322,0.5472555135992995
101.0,2022,3,4.0,1,0.0,0,3.0,1,0.0,0,28.0,3.8711111111111105,267970.0,273160.0,65.0,10,59.0,139.298,"2,87",1.933.116,"96,03",TEUSAQUILLO,TEUSAQUILLO,21.0,0.0,10.0,11.0,27236.0,12809.0,14427.0,7.710383316199148,7.710383316199148,8.587711765165118,6.931447979482914
54.0,2022,3,0.0,0,0.0,0,0.0,0,0.0,0,3.0,1.83,984621.0,1061115.0,21.0,8,28.0,378.78,"3,72",591.317,"87,06",RAFAEL URIBE URIBE,MARRUECOS,9.0,0.0,4.0,5.0,121855.0,64130.0,57725.0,0.738582741783267,0.738582741783267,0.779666302822392,0.6929406669553919
78.0,2022,3,0.0,0,1.0,1,0.0,0,0.0,0,9.0,1.956,79812.0,176088.0,0.0,0,25.0,979.914,"3,72",999.300,"88,94",KENNEDY,TINTAL NORTE,5.0,0.0,0.0,5.0,32927.0,15400.0,17527.0,1.5185106447596197,1.5185106447596197,3.2467532467532467,0.0
100.0,2022,3,6.0,1,2.0,1,2.0,1,0.0,0,22.0,3.59625,300195.0,309096.0,38.0,9,56.0,139.298,"2,87",1.933.116,"96,03",TEUSAQUILLO,GALERIAS,31.0,0.0,8.0,23.0,36472.0,16947.0,19525.0,8.499670980478175,8.499670980478175,13.57172360889833,4.097311139564661
34.0,2022,3,0.0,0,2.0,1,2.0,1,0.0,0,2.0,2.346363636363636,864012.0,1108236.0,26.0,12,30.0,404.35,"3,73",706.208,"83,68",SAN CRISTOBAL,20 DE JULIO,8.0,0.0,4.0,4.0,79483.0,38431.0,41052.0,1.0065045355610633,1.0065045355610633,1.0408264161744425,0.9743739647276625
106.0,2022,3,2.0,1,0.0,0,4.0,1,0.0,0,10.0,4.164,167560.0,168920.0,17.0,5,30.0,139.298,"2,87",1.933.116,"96,03",TEUSAQUILLO,LA ESMERALDA,12.0,0.0,5.0,7.0,38932.0,17394.0,21538.0,3.082297338949964,3.082297338949964,4.024376221685639,2.3214783173925158
91.0,2022,3,2.0,1,2.0,1,1.0,1,0.0,0,20.0,3.3285714285714287,96894.0,41153.0,42.0,7,37.0,96.241,"3,18",896.890,"88,28",SANTA FE,SAGRADO CORAZON,16.0,0.0,7.0,9.0,11907.0,5937.0,5970.0,13.437473754934071,13.437473754934071,15.159171298635675,11.725293132328307
95.0,2022,3,0.0,0,0.0,0,1.0,1,0.0,0,14.0,2.0,260205.0,69723.0,19.0,3,15.0,96.241,"3,18",896.890,"88,28",SANTA FE,LAS CRUCES,8.0,0.0,2.0,6.0,21556.0,10859.0,10697.0,3.7112636852848393,3.7112636852848393,5.525370660281794,1.8696830887164626
40.0,2022,3,2.0,1,0.0,0,3.0,1,0.0,0,7.0,3.0,1219392.0,1267944.0,21.0,8,62.0,250.715,"3,55",1.116.511,"90,43",PUENTE ARANDA,CIUDAD MONTES,21.0,0.0,8.0,13.0,101488.0,47624.0,53864.0,2.0692101529244837,2.0692101529244837,2.729716109524609,1.4852220406950838
117.0,2022,3,0.0,0,0.0,0,0.0,0,0.0,0,9.0,3.0,824.0,1670.0,1.0,1,17.0,317.179,"3,46",1.428.379,"90,03",FONTIBON,AEROPUERTO EL DORADO,2.0,0.0,1.0,1.0,876.0,596.0,280.0,22.831050228310502,22.831050228310502,16.778523489932887,35.714285714285715
64.0,2022,3,0.0,0,0.0,0,0.0,0,0.0,0,0.0,1.0,5590.0,25895.0,0.0,0,7.0,593.937,"4,09",505.335,"83,5",CIUDAD BOLIVAR,MONTE BLANCO,0.0,0.0,0.0,0.0,0.0,0.0,0.0,0.0,0.0,0.0,0.0
48.0,2022,3,0.0,0,1.0,1,0.0,0,0.0,0,7.0,2.7455555555555557,1310472.0,1325682.0,5.0,3,18.0,979.914,"3,72",999.300,"88,94",KENNEDY,TIMIZA,9.0,0.0,4.0,5.0,143478.0,68942.0,74536.0,0.6272738677706687,0.6272738677706687,0.7252473093324824,0.5366534292154127
98.0,2022,3,3.0,1,3.0,1,8.0,1,0.0,0,38.0,3.0542105263157895,1522242.0,1559634.0,99.0,19,81.0,230.066,"3,36",1.462.840,"92,44",BARRIOS UNIDOS,LOS ALCAZARES,19.0,0.0,10.0,9.0,39961.0,19462.0,20499.0,4.7546357698756285,4.7546357698756285,4.6243962593772485,4.878286745694912
28.0,2022,3,3.0,1,12.0,1,17.0,1,0.0,0,16.0,2.287857142857143,3797108.0,4228084.0,17.0,6,49.0,981.613,"3,41",1.388.086,"91,6",SUBA,EL RINCON,28.0,0.0,9.0,19.0,270028.0,129623.0,140405.0,1.0369295036070334,1.0369295036070334,1.4657892503645187,0.641002813290125
17.0,2022,3,2.0,1,0.0,0,4.0,1,0.0,0,10.0,4.285,226840.0,238870.0,6.0,2,32.0,981.613,"3,41",1.388.086,"91,6",SUBA,SAN JOSE DE BAVARIA,9.0,0.0,4.0,5.0,47421.0,22285.0,25136.0,1.8978933383943821,1.8978933383943821,2.243661655822302,1.5913430935709738
24.0,2022,3,4.0,1,2.0,1,20.0,1,0.0,0,18.0,4.819999999999999,859833.0,845949.0,36.0,12,69.0,981.613,"3,41",1.388.086,"91,6",SUBA,NIZA,14.0,0.0,5.0,9.0,78824.0,36626.0,42198.0,1.7761087993504516,1.7761087993504516,2.4572707912411946,1.1848902791601499
44.0,2022,3,2.0,1,2.0,1,2.0,1,0.0,0,14.0,3.22875,673424.0,676672.0,20.0,7,33.0,979.914,"3,72",999.300,"88,94",KENNEDY,AMERICAS,13.0,0.0,4.0,9.0,80229.0,37902.0,42327.0,1.6203617145919806,1.6203617145919806,2.374544878898211,0.9450232711980532
62.0,2022,3,0.0,0,2.0,1,2.0,1,0.0,0,2.0,2.024,338366.0,403893.0,26.0,7,26.0,182.532,"3,63",829.895,"87,19",TUNJUELITO,TUNJUELITO,2.0,0.0,1.0,1.0,40185.0,19948.0,20237.0,0.4976981460744059,0.4976981460744059,0.5013033888109083,0.49414438899046303
69.0,2022,3,1.0,1,1.0,1,2.0,1,0.0,0,1.0,1.3691666666666666,1779216.0,1964304.0,13.0,6,22.0,593.937,"4,09",505.335,"83,5",CIUDAD BOLIVAR,ISMAEL PERDOMO,9.0,0.0,5.0,4.0,166588.0,81544.0,85044.0,0.54025500036017,0.54025500036017,0.4905327185323261,0.5879309533888339
93.0,2022,3,5.0,1,5.0,1,5.0,1,0.0,0,12.0,2.932857142857143,332178.0,96411.0,80.0,7,52.0,96.241,"3,18",896.890,"88,28",SANTA FE,LAS NIEVES,61.0,0.0,16.0,45.0,18006.0,9271.0,8735.0,33.87759635676996,33.87759635676996,48.53845324129005,18.317115054378935
18.0,2022,3,1.0,1,1.0,1,6.0,1,0.0,0,13.0,3.272,300834.0,346380.0,10.0,3,25.0,981.613,"3,41",1.388.086,"91,6",SUBA,BRITALIA,15.0,0.0,7.0,8.0,92162.0,43207.0,48955.0,1.6275688461621927,1.6275688461621927,1.8515518318790936,1.429884587886835
15.0,2022,4,2.0,1,0.0,0,0.0,0,0.0,0,18.0,5.395,175550.0,49356.0,6.0,2,21.0,430.156,"3,12",1.867.529,"93,6",USAQUEN,COUNTRY CLUB,4.0,0.0,2.0,2.0,24743.0,11179.0,13564.0,1.6166188416926002,1.6166188416926002,1.789068789694964,1.4744913005013272
86.0,2022,4,0.0,0,0.0,0,0.0,0,0.0,0,0.0,1.568,321440.0,368145.0,0.0,0,33.0,546.809,"3,98",703.807,"85,4",BOSA,EL PORVENIR,9.0,0.0,2.0,7.0,150905.0,72055.0,78850.0,0.5964017096849011,0.5964017096849011,0.9714801193532718,0.25364616360177555
71.0,2022,4,0.0,0,0.0,0,5.0,1,0.0,0,10.0,2.105,2325960.0,2670912.0,0.0,0,22.0,981.613,"3,41",1.388.086,"91,6",SUBA,TIBABUYES,19.0,0.0,6.0,13.0,308559.0,149557.0,159002.0,0.6157655424084211,0.6157655424084211,0.8692338038339896,0.3773537439780632
29.0,2022,4,3.0,1,2.0,1,3.0,1,0.0,0,15.0,2.713333333333334,1291554.0,1329381.0,30.0,9,32.0,824.337,"3,41",1.089.512,"91,78",ENGATIVA,MINUTO DE DIOS,14.0,0.0,3.0,11.0,107025.0,50235.0,56790.0,1.308105582807755,1.308105582807755,2.189708370657908,0.5282620179609087
80.0,2022,4,0.0,0,1.0,1,1.0,1,0.0,0,10.0,2.0025,247816.0,277108.0,11.0,4,19.0,979.914,"3,72",999.300,"88,94",KENNEDY,CORABASTOS,14.0,0.0,6.0,8.0,56865.0,28410.0,28455.0,2.4619713356194497,2.4619713356194497,2.815909890883492,2.1085925144965736
99.0,2022,4,8.0,1,3.0,1,2.0,1,0.0,0,36.0,3.692,79566.0,121692.0,22.0,6,62.0,122.507,"2,43",2.288.835,"96,61",CHAPINERO,CHAPINERO,33.0,0.0,9.0,24.0,24533.0,12186.0,12347.0,13.451269718338565,13.451269718338565,19.694731659281143,7.28922005345428
3.0,2022,4,0.0,0,0.0,0,0.0,0,0.0,0,0.0,6.0,0.0,1169.0,0.0,0,26.0,981.613,"3,41",1.388.086,"91,6",SUBA,GUAYMARAL,1.0,0.0,1.0,0.0,2446.0,1200.0,1246.0,4.088307440719542,4.088307440719542,0.0,8.025682182985554
97.0,2022,4,19.0,1,3.0,1,7.0,1,0.0,0,28.0,5.211875,94384.0,420656.0,63.0,15,98.0,122.507,"2,43",2.288.835,"96,61",CHAPINERO,CHICO LAGO,64.0,0.0,27.0,37.0,36008.0,16870.0,19138.0,17.77382803821373,17.77382803821373,21.93242442205098,14.108057268262097
94.0,2022,4,4.0,1,0.0,0,2.0,1,0.0,0,7.0,2.40875,203598.0,216855.0,43.0,8,36.0,22.115,"2,83",1.050.888,"88,9",CANDELARIA,LA CANDELARIA,20.0,0.0,7.0,13.0,17171.0,8942.0,8229.0,11.647545279832276,11.647545279832276,14.538134645493178,8.506501397496658
76.0,2022,4,0.0,0,0.0,0,3.0,1,0.0,0,5.0,2.186666666666667,120020.0,128536.0,0.0,0,21.0,317.179,"3,46",1.428.379,"90,03",FONTIBON,FONTIBON SAN PABLO,15.0,0.0,9.0,6.0,33742.0,16516.0,17226.0,4.445498192164068,4.445498192164068,3.6328408815693876,5.2246603970741905
114.0,2022,4,4.0,1,0.0,0,2.0,1,0.0,0,17.0,3.8,191930.0,197050.0,9.0,4,24.0,317.179,"3,46",1.428.379,"90,03",FONTIBON,MODELIA,12.0,0.0,6.0,6.0,43395.0,20004.0,23391.0,2.76529554096094,2.76529554096094,2.9994001199760048,2.5650891368475053
89.0,2022,4,0.0,0,0.0,0,0.0,0,0.0,0,0.0,2.0666666666666664,28245.0,48603.0,0.0,0,3.0,122.507,"2,43",2.288.835,"96,61",CHAPINERO,SAN ISIDRO - PATIOS,1.0,0.0,0.0,1.0,16570.0,8137.0,8433.0,0.6035003017501508,0.6035003017501508,1.2289541600098315,0.0
38.0,2022,4,2.0,1,5.0,1,5.0,1,0.0,0,7.0,3.008,1246305.0,1155330.0,52.0,15,75.0,119.565,"3,92",1.095.184,"90,79",ANTONIO NARIÑO,RESTREPO,24.0,0.0,7.0,17.0,54757.0,25932.0,28825.0,4.383001260112862,4.383001260112862,6.5556069720808265,2.4284475281873372
52.0,2022,4,0.0,0,0.0,0,0.0,0,0.0,0,0.0,1.0,614920.0,740280.0,0.0,0,176.0,314.431,"4,07",569.872,"82,91",USME,LA FLORA,0.0,0.0,0.0,0.0,0.0,0.0,0.0,0.0,0.0,0.0,0.0
96.0,2022,4,0.0,0,0.0,0,1.0,1,0.0,0,4.0,1.7264285714285716,628474.0,648214.0,4.0,2,16.0,96.241,"3,18",896.890,"88,28",SANTA FE,LOURDES,11.0,0.0,3.0,8.0,46044.0,22372.0,23672.0,2.3890191990270173,2.3890191990270173,3.5758984444841766,1.2673200405542413
84.0,2022,4,0.0,0,2.0,1,4.0,1,0.0,0,2.0,1.98,990222.0,1073760.0,1.0,1,30.0,546.809,"3,98",703.807,"85,4",BOSA,BOSA OCCIDENTAL,29.0,0.0,9.0,20.0,199880.0,97718.0,102162.0,1.450870522313388,1.450870522313388,2.0467058269714893,0.8809537792917131
111.0,2022,4,3.0,1,0.0,0,1.0,1,0.0,0,9.0,2.9375,64585.0,73290.0,16.0,5,63.0,250.715,"3,55",1.116.511,"90,43",PUENTE ARANDA,PUENTE ARANDA,28.0,0.0,9.0,19.0,12670.0,10287.0,2383.0,22.099447513812155,22.099447513812155,18.46991348303684,37.767519932857745
112.0,2022,4,1.0,1,2.0,1,3.0,1,0.0,0,23.0,3.1133333333333333,126427.0,160027.0,0.0,0,71.0,317.179,"3,46",1.428.379,"90,03",FONTIBON,GRANJAS DE TECHO,16.0,0.0,6.0,10.0,53534.0,24780.0,28754.0,2.988754810027272,2.988754810027272,4.035512510088781,2.086666202963066
75.0,2022,4,4.0,1,3.0,1,9.0,1,0.0,0,10.0,2.913,1316550.0,1374890.0,0.0,0,58.0,317.179,"3,46",1.428.379,"90,03",FONTIBON,FONTIBON,28.0,0.0,10.0,18.0,130396.0,62011.0,68385.0,2.1473051320592655,2.1473051320592655,2.9027108093725307,1.4623089858887184
12.0,2022,4,3.0,1,2.0,1,7.0,1,0.0,0,11.0,3.378,256245.0,260090.0,9.0,3,42.0,430.156,"3,12",1.867.529,"93,6",USAQUEN,TOBERIN,11.0,0.0,3.0,8.0,61040.0,28090.0,32950.0,1.802096985583224,1.802096985583224,2.8479886080455676,0.9104704097116844
16.0,2022,4,8.0,1,5.0,1,9.0,1,0.0,0,32.0,5.738888888888889,464238.0,463266.0,18.0,6,60.0,430.156,"3,12",1.867.529,"93,6",USAQUEN,SANTA BARBARA,20.0,0.0,8.0,12.0,72809.0,32920.0,39889.0,2.7469131563405624,2.7469131563405624,3.6452004860267317,2.0055654441073982
82.0,2022,4,0.0,0,1.0,1,3.0,1,0.0,0,5.0,1.9566666666666668,963012.0,1044870.0,9.0,4,29.0,979.914,"3,72",999.300,"88,94",KENNEDY,PATIO BONITO,20.0,0.0,9.0,11.0,138518.0,68830.0,69688.0,1.4438556721870082,1.4438556721870082,1.5981403457794565,1.2914705544713583
35.0,2022,4,1.0,1,0.0,0,2.0,1,0.0,0,4.0,2.666,168705.0,154565.0,35.0,5,22.0,119.565,"3,92",1.095.184,"90,79",ANTONIO NARIÑO,CIUDAD JARDIN,7.0,0.0,3.0,4.0,26034.0,12260.0,13774.0,2.688791580241223,2.688791580241223,3.2626427406199023,2.1780165529258024
68.0,2022,4,0.0,0,0.0,0,1.0,1,0.0,0,0.0,1.055,351536.0,380992.0,0.0,0,13.0,593.937,"4,09",505.335,"83,5",CIUDAD BOLIVAR,EL TESORO,3.0,0.0,1.0,2.0,54271.0,27037.0,27234.0,0.5527814118037258,0.5527814118037258,0.7397270407219736,0.36718807373136525
27.0,2022,4,4.0,1,5.0,1,8.0,1,0.0,0,11.0,2.840909090909091,1497236.0,1751217.0,16.0,6,48.0,981.613,"3,41",1.388.086,"91,6",SUBA,SUBA,19.0,0.0,9.0,10.0,187097.0,87903.0,99194.0,1.0155160157565326,1.0155160157565326,1.137617601219526,0.9073129423150593
22.0,2022,4,3.0,1,1.0,1,5.0,1,0.0,0,16.0,3.292222222222222,847206.0,887247.0,37.0,8,38.0,230.066,"3,36",1.462.840,"92,44",BARRIOS UNIDOS,DOCE DE OCTUBRE,27.0,0.0,10.0,17.0,70398.0,33818.0,36580.0,3.83533623114293,3.83533623114293,5.02690874682122,2.7337342810278837
105.0,2022,4,1.0,1,0.0,0,0.0,0,0.0,0,11.0,2.67,1601.0,2464.0,4.0,1,11.0,824.337,"3,41",1.089.512,"91,78",ENGATIVA,JARDIN BOTANICO,0.0,0.0,0.0,0.0,0.0,0.0,0.0,0.0,0.0,0.0,0.0
104.0,2022,4,1.0,1,0.0,0,0.0,0,0.0,0,23.0,4.0,19494.0,20424.0,21.0,5,34.0,139.298,"2,87",1.933.116,"96,03",TEUSAQUILLO,PARQUE SIMON BOLIVAR - CAN,8.0,0.0,3.0,5.0,3139.0,1650.0,1489.0,25.48582351067219,25.48582351067219,30.303030303030305,20.147750167897918
74.0,2022,4,0.0,0,0.0,0,5.0,1,0.0,0,4.0,2.0016666666666665,712512.0,784968.0,0.0,0,15.0,824.337,"3,41",1.089.512,"91,78",ENGATIVA,ENGATIVA,15.0,0.0,5.0,10.0,145990.0,70530.0,75460.0,1.0274676347695049,1.0274676347695049,1.417836381681554,0.6626027034190299
47.0,2022,4,5.0,1,0.0,0,2.0,1,0.0,0,7.0,3.0,865592.0,770256.0,9.0,4,28.0,979.914,"3,72",999.300,"88,94",KENNEDY,KENNEDY CENTRAL,16.0,0.0,4.0,12.0,93458.0,44314.0,49144.0,1.7119989728006164,1.7119989728006164,2.707947826871869,0.8139345596614032
70.0,2022,4,0.0,0,0.0,0,0.0,0,0.0,0,1.0,1.1733333333333331,789975.0,888237.0,0.0,0,23.0,593.937,"4,09",505.335,"83,5",CIUDAD BOLIVAR,JERUSALEM,14.0,0.0,5.0,9.0,102706.0,50382.0,52324.0,1.3631141315989328,1.3631141315989328,1.7863522686673812,0.9555844354407156
66.0,2022,4,0.0,0,0.0,0,0.0,0,0.0,0,1.0,1.8425,597168.0,609704.0,4.0,3,26.0,593.937,"4,09",505.335,"83,5",CIUDAD BOLIVAR,SAN FRANCISCO,4.0,0.0,3.0,1.0,70388.0,34476.0,35912.0,0.5682786838665682,0.5682786838665682,0.290056851142824,0.8353753619959902
65.0,2022,4,0.0,0,0.0,0,1.0,1,0.0,0,2.0,2.463333333333334,349194.0,364512.0,9.0,3,21.0,593.937,"4,09",505.335,"83,5",CIUDAD BOLIVAR,ARBORIZADORA,4.0,0.0,1.0,3.0,86615.0,41438.0,45177.0,0.4618137735957975,0.4618137735957975,0.7239731647280273,0.22135157270292405
79.0,2022,4,0.0,0,0.0,0,0.0,0,0.0,0,4.0,2.1333333333333333,167274.0,204984.0,3.0,2,22.0,979.914,"3,72",999.300,"88,94",KENNEDY,CALANDAIMA,11.0,0.0,7.0,4.0,144820.0,68595.0,76225.0,0.7595635961883718,0.7595635961883718,0.5831328814053502,0.9183338799606429
59.0,2022,4,0.0,0,0.0,0,0.0,0,0.0,0,0.0,1.0,163808.0,216380.0,0.0,0,6.0,314.431,"4,07",569.872,"82,91",USME,ALFONSO LOPEZ,7.0,0.0,1.0,6.0,52034.0,25726.0,26308.0,1.3452742437636929,1.3452742437636929,2.332270854388556,0.38011251330393797
45.0,2022,4,0.0,0,1.0,1,4.0,1,0.0,0,11.0,2.7914285714285714,737583.0,674359.0,9.0,4,35.0,979.914,"3,72",999.300,"88,94",KENNEDY,CARVAJAL,24.0,0.0,12.0,12.0,89015.0,43052.0,45963.0,2.696174801999663,2.696174801999663,2.78732695345164,2.6107956399712813
20.0,2022,4,2.0,1,1.0,1,8.0,1,0.0,0,47.0,4.996666666666667,231126.0,219822.0,33.0,6,26.0,981.613,"3,41",1.388.086,"91,6",SUBA,LA ALHAMBRA,19.0,0.0,5.0,14.0,39439.0,18140.0,21299.0,4.817566368315626,4.817566368315626,7.717750826901875,2.347528052960233
51.0,2022,4,0.0,0,0.0,0,1.0,1,0.0,0,0.0,1.68875,263745.0,660861.0,0.0,0,15.0,404.35,"3,73",706.208,"83,68",SAN CRISTOBAL,LOS LIBERTADORES,7.0,0.0,2.0,5.0,78104.0,37831.0,40273.0,0.8962409095564887,0.8962409095564887,1.3216674156115353,0.4966106324336404
115.0,2022,4,4.0,1,2.0,1,0.0,0,0.0,0,17.0,3.314,77135.0,83285.0,6.0,3,26.0,317.179,"3,46",1.428.379,"90,03",FONTIBON,CAPELLANIA,8.0,0.0,5.0,3.0,17835.0,8373.0,9462.0,4.4855620970002805,4.4855620970002805,3.582945180938731,5.284295075036989
43.0,2022,4,0.0,0,0.0,0,5.0,1,0.0,0,8.0,3.0,844074.0,844239.0,17.0,8,31.0,250.715,"3,55",1.116.511,"90,43",PUENTE ARANDA,SAN RAFAEL,11.0,0.0,2.0,9.0,72673.0,34314.0,38359.0,1.513629546048739,1.513629546048739,2.6228361601678616,0.5213900258088063
25.0,2022,4,5.0,1,2.0,1,4.0,1,0.0,0,25.0,4.04,127070.0,126620.0,24.0,5,25.0,981.613,"3,41",1.388.086,"91,6",SUBA,LA FLORESTA,5.0,0.0,2.0,3.0,44657.0,20574.0,24083.0,1.11964529637011,1.11964529637011,1.458151064450277,0.8304613212639621
56.0,2022,4,0.0,0,0.0,0,0.0,0,0.0,0,0.0,1.508,205135.0,253351.0,6.0,6,8.0,314.431,"4,07",569.872,"82,91",USME,DANUBIO,3.0,0.0,2.0,1.0,57802.0,27868.0,29934.0,0.5190131829348466,0.5190131829348466,0.3588345055260514,0.6681365671143181
26.0,2022,4,4.0,1,4.0,1,8.0,1,0.0,0,21.0,3.0646153846153847,1441973.0,1441167.0,19.0,5,69.0,824.337,"3,41",1.089.512,"91,78",ENGATIVA,LAS FERIAS,24.0,0.0,9.0,15.0,101386.0,48275.0,53111.0,2.3671907363935847,2.3671907363935847,3.1071983428275507,1.6945642145694864
102.0,2022,4,2.0,1,2.0,1,5.0,1,0.0,0,20.0,2.8186666666666667,764715.0,782955.0,131.0,15,94.0,94.944,"3,53",1.059.511,"89,78",LOS MARTIRES,LA SABANA,61.0,0.0,26.0,35.0,39345.0,18509.0,20836.0,15.503875968992247,15.503875968992247,18.90971959587228,12.478402764446152
2.0,2022,4,0.0,0,0.0,0,0.0,0,0.0,0,3.0,5.058,10545.0,13800.0,3.0,2,95.0,981.613,"3,41",1.388.086,"91,6",SUBA,LA ACADEMIA,1.0,0.0,0.0,1.0,6160.0,2976.0,3184.0,1.6233766233766234,1.6233766233766234,3.360215053763441,0.0
116.0,2022,4,2.0,1,1.0,1,2.0,1,0.0,0,17.0,3.155,24638.0,27282.0,3.0,1,17.0,824.337,"3,41",1.089.512,"91,78",ENGATIVA,ALAMOS,8.0,0.0,5.0,3.0,12361.0,5789.0,6572.0,6.471968287355392,6.471968287355392,5.182242183451373,7.608034083992696
81.0,2022,4,1.0,1,0.0,0,1.0,1,0.0,0,6.0,2.0025,290204.0,283616.0,1.0,1,16.0,979.914,"3,72",999.300,"88,94",KENNEDY,GRAN BRITALIA,19.0,0.0,8.0,11.0,62604.0,30648.0,31956.0,3.0349498434604816,3.0349498434604816,3.5891412163925867,2.5034422330704715
52.0,2022,4,0.0,0,0.0,0,0.0,0,0.0,0,0.0,1.0,614920.0,740280.0,0.0,0,176.0,314.431,"4,07",569.872,"82,91",USME,LA FLORA,0.0,0.0,0.0,0.0,0.0,0.0,0.0,0.0,0.0,0.0,0.0
33.0,2022,4,0.0,0,0.0,0,2.0,1,0.0,0,2.0,2.8193333333333332,1647904.0,748256.0,42.0,13,30.0,404.35,"3,73",706.208,"83,68",SAN CRISTOBAL,SOSIEGO,17.0,0.0,4.0,13.0,44213.0,21410.0,22803.0,3.8450229570488315,3.8450229570488315,6.071929005137785,1.754155155023462
19.0,2022,4,4.0,1,8.0,1,12.0,1,0.0,0,25.0,3.51625,692512.0,712104.0,25.0,8,34.0,981.613,"3,41",1.388.086,"91,6",SUBA,EL PRADO,14.0,0.0,7.0,7.0,98532.0,45765.0,52767.0,1.4208581983518045,1.4208581983518045,1.5295531519720311,1.3265866924403509
41.0,2022,4,1.0,1,0.0,0,2.0,1,0.0,0,8.0,3.0,523602.0,513468.0,24.0,8,22.0,250.715,"3,55",1.116.511,"90,43",PUENTE ARANDA,MUZU,8.0,0.0,6.0,2.0,58950.0,27828.0,31122.0,1.3570822731128076,1.3570822731128076,0.7187005893344832,1.9278966647387699
37.0,2022,4,0.0,0,1.0,1,2.0,1,0.0,0,12.0,3.0,307027.0,315602.0,40.0,7,41.0,94.944,"3,53",1.059.511,"89,78",LOS MARTIRES,SANTA ISABEL,14.0,0.0,7.0,7.0,45156.0,20636.0,24520.0,3.1003631854017186,3.1003631854017186,3.3921302578018993,2.8548123980424145
107.0,2022,4,3.0,1,1.0,1,3.0,1,0.0,0,16.0,3.77,207448.0,216792.0,32.0,8,35.0,139.298,"2,87",1.933.116,"96,03",TEUSAQUILLO,QUINTA PAREDES,7.0,0.0,5.0,2.0,27235.0,12192.0,15043.0,2.5702221406278682,2.5702221406278682,1.6404199475065617,3.3238050920694007
73.0,2022,4,2.0,1,0.0,0,4.0,1,0.0,0,6.0,2.775714285714286,955689.0,1044302.0,4.0,2,40.0,824.337,"3,41",1.089.512,"91,78",ENGATIVA,GARCES NAVAS,20.0,0.0,10.0,10.0,173461.0,81788.0,91673.0,1.1529969272631888,1.1529969272631888,1.2226732527999216,1.0908337242154178
31.0,2022,4,3.0,1,1.0,1,3.0,1,0.0,0,19.0,3.318333333333334,409362.0,391260.0,10.0,4,38.0,824.337,"3,41",1.089.512,"91,78",ENGATIVA,SANTA CECILIA,18.0,0.0,7.0,11.0,68583.0,32094.0,36489.0,2.624557105988364,2.624557105988364,3.427431918738705,1.918386363013511
58.0,2022,4,0.0,0,1.0,1,1.0,1,0.0,0,0.0,1.5654545454545454,857659.0,954745.0,0.0,0,29.0,314.431,"4,07",569.872,"82,91",USME,COMUNEROS,21.0,0.0,12.0,9.0,96803.0,47416.0,49387.0,2.169354255549931,2.169354255549931,1.8980934705584613,2.4297892157855308
13.0,2022,4,3.0,1,1.0,1,10.0,1,0.0,0,12.0,4.381666666666667,1717632.0,1842552.0,20.0,5,88.0,430.156,"3,12",1.867.529,"93,6",USAQUEN,LOS CEDROS,31.0,0.0,9.0,22.0,132098.0,58771.0,73327.0,2.346742569910218,2.346742569910218,3.7433428051249766,1.227378728162887
63.0,2022,4,0.0,0,0.0,0,0.0,0,0.0,0,0.0,,1596.0,5864.0,2.0,2,6.0,593.937,"4,09",505.335,"83,5",CIUDAD BOLIVAR,EL MOCHUELO,1.0,0.0,0.0,1.0,18.0,4.0,14.0,555.5555555555555,555.5555555555555,2500.0,0.0
87.0,2022,4,0.0,0,0.0,0,0.0,0,0.0,0,1.0,1.765,212992.0,339512.0,0.0,0,47.0,546.809,"3,98",703.807,"85,4",BOSA,TINTAL SUR,4.0,0.0,4.0,0.0,126657.0,59614.0,67043.0,0.315813575246532,0.315813575246532,0.0,0.5966320122906195
77.0,2022,4,1.0,1,0.0,0,0.0,0,0.0,0,5.0,2.045,283878.0,356976.0,0.0,0,13.0,317.179,"3,46",1.428.379,"90,03",FONTIBON,ZONA FRANCA,5.0,0.0,0.0,5.0,65142.0,30430.0,34712.0,0.7675539590433207,0.7675539590433207,1.6431153466973383,0.0
39.0,2022,4,1.0,1,2.0,1,7.0,1,0.0,0,6.0,3.0,1410480.0,1306815.0,45.0,15,69.0,378.78,"3,72",591.317,"87,06",RAFAEL URIBE URIBE,QUIROGA,30.0,0.0,11.0,19.0,91927.0,44066.0,47861.0,3.2634590490280333,3.2634590490280333,4.311714246811601,2.2983222247759136
108.0,2022,4,0.0,0,0.0,0,1.0,1,0.0,0,14.0,2.685714285714286,33520.0,33976.0,48.0,8,66.0,250.715,"3,55",1.116.511,"90,43",PUENTE ARANDA,ZONA INDUSTRIAL,11.0,0.0,4.0,7.0,6710.0,3325.0,3385.0,16.39344262295082,16.39344262295082,21.052631578947366,11.816838995568684
61.0,2022,4,0.0,0,0.0,0,0.0,0,0.0,0,0.0,1.2366666666666666,79500.0,134960.0,0.0,0,65.0,314.431,"4,07",569.872,"82,91",USME,CIUDAD USME,4.0,0.0,2.0,2.0,29400.0,14233.0,15167.0,1.3605442176870748,1.3605442176870748,1.4051851331412915,1.318652337311268
1.0,2022,4,0.0,0,0.0,0,0.0,0,0.0,0,3.0,4.0,52488.0,63828.0,3.0,3,83.0,430.156,"3,12",1.867.529,"93,6",USAQUEN,PASEO DE LOS LIBERTADORES,2.0,0.0,1.0,1.0,2505.0,1237.0,1268.0,7.984031936127744,7.984031936127744,8.084074373484235,7.886435331230284
46.0,2022,4,4.0,1,0.0,0,4.0,1,0.0,0,8.0,2.72,884656.0,1003288.0,18.0,6,40.0,979.914,"3,72",999.300,"88,94",KENNEDY,CASTILLA,28.0,0.0,6.0,22.0,148724.0,70628.0,78096.0,1.8826820150076653,1.8826820150076653,3.1149119329444415,0.7682851874615857
85.0,2022,4,1.0,1,2.0,1,5.0,1,0.0,0,2.0,1.9988888888888892,2537808.0,2654832.0,17.0,6,39.0,546.809,"3,98",703.807,"85,4",BOSA,BOSA CENTRAL,47.0,0.0,22.0,25.0,233006.0,112514.0,120492.0,2.0171154390874055,2.0171154390874055,2.2219457134223295,1.825847359160774
60.0,2022,4,0.0,0,0.0,0,0.0,0,0.0,0,1.0,1.11,10544.0,15584.0,0.0,0,0.0,314.431,"4,07",569.872,"82,91",USME,PARQUE ENTRENUBES,0.0,0.0,0.0,0.0,0.0,0.0,0.0,0.0,0.0,0.0,0.0
60.0,2022,4,0.0,0,0.0,0,0.0,0,0.0,0,1.0,1.11,10544.0,15584.0,0.0,0,0.0,314.431,"4,07",569.872,"82,91",USME,PARQUE ENTRENUBES,0.0,0.0,0.0,0.0,0.0,0.0,0.0,0.0,0.0,0.0,0.0
30.0,2022,4,1.0,1,5.0,1,9.0,1,0.0,0,19.0,3.001818181818182,1427481.0,1341120.0,25.0,7,42.0,824.337,"3,41",1.089.512,"91,78",ENGATIVA,BOYACA REAL,65.0,0.0,25.0,40.0,130301.0,61875.0,68426.0,4.98844982003208,4.98844982003208,6.4646464646464645,3.6535819717651186
72.0,2022,4,0.0,0,0.0,0,1.0,1,0.0,0,9.0,3.0,331356.0,345116.0,4.0,2,21.0,824.337,"3,41",1.089.512,"91,78",ENGATIVA,BOLIVIA,8.0,0.0,2.0,6.0,85096.0,38702.0,46394.0,0.9401146939926671,0.9401146939926671,1.5503074776497339,0.43109022718454976
57.0,2022,4,0.0,0,3.0,1,2.0,1,0.0,0,0.0,1.7740000000000002,1391324.0,1519562.0,3.0,3,23.0,314.431,"4,07",569.872,"82,91",USME,GRAN YOMASA,12.0,0.0,4.0,8.0,126622.0,61595.0,65027.0,0.9477026109206931,0.9477026109206931,1.2988067213247827,0.6151291002199087
23.0,2022,4,1.0,1,0.0,0,5.0,1,0.0,0,19.0,3.5728571428571425,209118.0,255647.0,7.0,5,41.0,981.613,"3,41",1.388.086,"91,6",SUBA,CASA BLANCA SUBA,9.0,0.0,4.0,5.0,59840.0,28113.0,31727.0,1.504010695187166,1.504010695187166,1.7785366200690071,1.260755823115958
88.0,2022,4,1.0,1,0.0,0,0.0,0,0.0,0,29.0,5.9375,358776.0,369156.0,3.0,2,60.0,122.507,"2,43",2.288.835,"96,61",CHAPINERO,EL REFUGIO,12.0,0.0,5.0,7.0,38675.0,17397.0,21278.0,3.1027795733678087,3.1027795733678087,4.023682244065069,2.3498449102359245
9.0,2022,4,1.0,1,2.0,1,5.0,1,0.0,0,2.0,2.7445454545454546,927663.0,1059410.0,9.0,4,60.0,430.156,"3,12",1.867.529,"93,6",USAQUEN,VERBENAL,10.0,0.0,4.0,6.0,128953.0,61115.0,67838.0,0.7754763363395966,0.7754763363395966,0.9817557064550437,0.5896400247648811
109.0,2022,4,0.0,0,0.0,0,1.0,1,0.0,0,12.0,4.123333333333334,44058.0,53832.0,12.0,3,32.0,139.298,"2,87",1.933.116,"96,03",TEUSAQUILLO,CIUDAD SALITRE ORIENTAL,12.0,0.0,4.0,8.0,24661.0,10992.0,13669.0,4.865982725761324,4.865982725761324,7.27802037845706,2.9263296510351893
49.0,2022,4,0.0,0,1.0,1,0.0,0,0.0,0,2.0,2.3333333333333335,124191.0,114375.0,10.0,3,11.0,546.809,"3,98",703.807,"85,4",BOSA,APOGEO,4.0,0.0,3.0,1.0,34697.0,16671.0,18026.0,1.1528374211026888,1.1528374211026888,0.5998440405494572,1.6642627316098968
14.0,2022,4,1.0,1,0.0,0,2.0,1,0.0,0,33.0,4.66,375100.0,457974.0,0.0,0,45.0,430.156,"3,12",1.867.529,"93,6",USAQUEN,USAQUEN,45.0,0.0,23.0,22.0,42132.0,20181.0,21951.0,10.680717744232414,10.680717744232414,10.901342847232545,10.477882556603342
32.0,2022,4,0.0,0,0.0,0,1.0,1,0.0,0,0.0,1.7457142857142858,1408200.0,1428675.0,0.0,0,47.0,404.35,"3,73",706.208,"83,68",SAN CRISTOBAL,SAN BLAS,5.0,0.0,2.0,3.0,104358.0,50163.0,54195.0,0.47911995247130074,0.47911995247130074,0.5980503558399617,0.3690377341083126
92.0,2022,4,0.0,0,0.0,0,0.0,0,0.0,0,11.0,2.5425,132324.0,86100.0,26.0,6,25.0,96.241,"3,18",896.890,"88,28",SANTA FE,LA MACARENA,11.0,0.0,5.0,6.0,12502.0,6119.0,6383.0,8.798592225243961,8.798592225243961,9.805523778395163,7.8333072223092595
11.0,2022,4,1.0,1,2.0,1,5.0,1,0.0,0,6.0,2.3000000000000003,373404.0,436080.0,0.0,0,21.0,430.156,"3,12",1.867.529,"93,6",USAQUEN,SAN CRISTOBAL NORTE,7.0,0.0,3.0,4.0,69776.0,33099.0,36677.0,1.0032102728731942,1.0032102728731942,1.208495724946373,0.8179513046323308
36.0,2022,4,1.0,1,0.0,0,2.0,1,0.0,0,4.0,2.97,350595.0,343350.0,26.0,7,19.0,378.78,"3,72",591.317,"87,06",RAFAEL URIBE URIBE,SAN JOSE,8.0,0.0,3.0,5.0,48007.0,22599.0,25408.0,1.6664236465515445,1.6664236465515445,2.21248727819815,1.1807304785894206
53.0,2022,4,0.0,0,1.0,1,2.0,1,0.0,0,3.0,2.442857142857143,479920.0,461139.0,21.0,6,14.0,378.78,"3,72",591.317,"87,06",RAFAEL URIBE URIBE,MARCO FIDEL SUAREZ,8.0,0.0,1.0,7.0,44925.0,21430.0,23495.0,1.7807456872565386,1.7807456872565386,3.2664489034064395,0.4256224728665674
50.0,2022,4,0.0,0,1.0,1,1.0,1,0.0,0,1.0,1.9327272727272728,215222.0,1432186.0,1.0,1,21.0,404.35,"3,73",706.208,"83,68",SAN CRISTOBAL,LA GLORIA,7.0,0.0,1.0,6.0,95294.0,46140.0,49154.0,0.7345688081096396,0.7345688081096396,1.3003901170351104,0.20344224274728404
110.0,2022,4,3.0,1,1.0,1,0.0,0,0.0,0,19.0,4.074999999999999,71780.0,82212.0,7.0,2,29.0,317.179,"3,46",1.428.379,"90,03",FONTIBON,CIUDAD SALITRE OCCIDENTAL,12.0,0.0,5.0,7.0,45341.0,21403.0,23938.0,2.646611234864692,2.646611234864692,3.2705695463252815,2.0887292171442895
10.0,2022,4,0.0,0,1.0,1,1.0,1,0.0,0,8.0,2.87125,122265.0,153495.0,5.0,2,29.0,430.156,"3,12",1.867.529,"93,6",USAQUEN,LA URIBE,9.0,0.0,3.0,6.0,37712.0,17271.0,20441.0,2.3865082732286806,2.3865082732286806,3.4740316136876848,1.4676385695416077
42.0,2022,4,1.0,1,2.0,1,1.0,1,0.0,0,4.0,2.4250000000000003,2179040.0,2310720.0,35.0,13,66.0,182.532,"3,63",829.895,"87,19",TUNJUELITO,VENECIA,20.0,0.0,6.0,14.0,138472.0,67123.0,71349.0,1.4443353168871687,1.4443353168871687,2.085723224528105,0.8409368035992096
103.0,2022,4,0.0,0,0.0,0,0.0,0,0.0,0,20.0,3.0,10953.0,12423.0,5.0,2,15.0,230.066,"3,36",1.462.840,"92,44",BARRIOS UNIDOS,PARQUE SALITRE,2.0,0.0,0.0,2.0,1233.0,647.0,586.0,16.220600162206,16.220600162206,30.911901081916536,0.0
21.0,2022,4,4.0,1,0.0,0,7.0,1,0.0,0,44.0,3.762,225860.0,233125.0,52.0,5,22.0,230.066,"3,36",1.462.840,"92,44",BARRIOS UNIDOS,LOS ANDES,9.0,0.0,6.0,3.0,29298.0,13002.0,16296.0,3.071882039729674,3.071882039729674,2.3073373327180433,3.681885125184094
55.0,2022,4,0.0,0,0.0,0,0.0,0,0.0,0,0.0,1.5539999999999998,379860.0,395955.0,0.0,0,7.0,378.78,"3,72",591.317,"87,06",RAFAEL URIBE URIBE,DIANA TURBAY,2.0,0.0,0.0,2.0,74795.0,35881.0,38914.0,0.2673975533123872,0.2673975533123872,0.5573980658287115,0.0
113.0,2022,4,0.0,0,1.0,1,3.0,1,0.0,0,10.0,3.2925,104270.0,104965.0,8.0,3,26.0,979.914,"3,72",999.300,"88,94",KENNEDY,BAVARIA,5.0,0.0,2.0,3.0,43863.0,20414.0,23449.0,1.139912910653626,1.139912910653626,1.4695797002057411,0.8529148364535801
60.0,2022,4,0.0,0,0.0,0,0.0,0,0.0,0,1.0,1.11,10544.0,15584.0,0.0,0,0.0,314.431,"4,07",569.872,"82,91",USME,PARQUE ENTRENUBES,0.0,0.0,0.0,0.0,0.0,0.0,0.0,0.0,0.0,0.0,0.0
60.0,2022,4,0.0,0,0.0,0,0.0,0,0.0,0,1.0,1.11,10544.0,15584.0,0.0,0,0.0,314.431,"4,07",569.872,"82,91",USME,PARQUE ENTRENUBES,0.0,0.0,0.0,0.0,0.0,0.0,0.0,0.0,0.0,0.0,0.0
90.0,2022,4,1.0,1,1.0,1,4.0,1,0.0,0,40.0,3.05,275954.0,520674.0,22.0,10,60.0,122.507,"2,43",2.288.835,"96,61",CHAPINERO,PARDO RUBIO,34.0,0.0,18.0,16.0,49804.0,24291.0,25513.0,6.8267609027387355,6.8267609027387355,6.586801696101436,7.055226747148512
67.0,2022,4,0.0,0,1.0,1,3.0,1,0.0,0,1.0,1.256470588235294,2609568.0,2765373.0,2.0,1,30.0,593.937,"4,09",505.335,"83,5",CIUDAD BOLIVAR,LUCERO,39.0,0.0,15.0,24.0,162416.0,80734.0,81682.0,2.401241257019013,2.401241257019013,2.9727252458691504,1.8363899023040573
83.0,2022,4,0.0,0,0.0,0,0.0,0,0.0,0,1.0,2.0,24432.0,29572.0,1.0,1,11.0,979.914,"3,72",999.300,"88,94",KENNEDY,LAS MARGARITAS,2.0,0.0,1.0,1.0,34964.0,16691.0,18273.0,0.5720169317011784,0.5720169317011784,0.5991252770954406,0.5472555135992995
101.0,2022,4,4.0,1,0.0,0,3.0,1,0.0,0,28.0,3.8711111111111105,267970.0,273160.0,65.0,10,59.0,139.298,"2,87",1.933.116,"96,03",TEUSAQUILLO,TEUSAQUILLO,48.0,0.0,23.0,25.0,27236.0,12809.0,14427.0,17.623733294169483,17.623733294169483,19.517526739011632,15.942330352810702
54.0,2022,4,0.0,0,0.0,0,0.0,0,0.0,0,3.0,1.83,984621.0,1061115.0,21.0,8,28.0,378.78,"3,72",591.317,"87,06",RAFAEL URIBE URIBE,MARRUECOS,5.0,0.0,3.0,2.0,121855.0,64130.0,57725.0,0.4103237454351483,0.4103237454351483,0.3118665211289568,0.5197055002165439
78.0,2022,4,0.0,0,1.0,1,0.0,0,0.0,0,10.0,1.956,79812.0,176088.0,0.0,0,25.0,979.914,"3,72",999.300,"88,94",KENNEDY,TINTAL NORTE,2.0,0.0,1.0,1.0,32927.0,15400.0,17527.0,0.6074042579038479,0.6074042579038479,0.6493506493506493,0.5705482969133338
100.0,2022,4,6.0,1,2.0,1,2.0,1,0.0,0,22.0,3.59625,300195.0,309096.0,38.0,9,56.0,139.298,"2,87",1.933.116,"96,03",TEUSAQUILLO,GALERIAS,28.0,0.0,9.0,19.0,36472.0,16947.0,19525.0,7.677122175915771,7.677122175915771,11.211423850829055,4.609475032010243
34.0,2022,4,0.0,0,2.0,1,2.0,1,0.0,0,2.0,2.346363636363636,864012.0,1108236.0,26.0,12,30.0,404.35,"3,73",706.208,"83,68",SAN CRISTOBAL,20 DE JULIO,8.0,0.0,4.0,4.0,79483.0,38431.0,41052.0,1.0065045355610633,1.0065045355610633,1.0408264161744425,0.9743739647276625
106.0,2022,4,2.0,1,0.0,0,4.0,1,0.0,0,10.0,4.164,167560.0,168920.0,17.0,5,30.0,139.298,"2,87",1.933.116,"96,03",TEUSAQUILLO,LA ESMERALDA,10.0,0.0,3.0,7.0,38932.0,17394.0,21538.0,2.5685811157916367,2.5685811157916367,4.024376221685639,1.3928869904355095
91.0,2022,4,2.0,1,2.0,1,2.0,1,0.0,0,20.0,3.3285714285714287,96894.0,41153.0,42.0,7,37.0,96.241,"3,18",896.890,"88,28",SANTA FE,SAGRADO CORAZON,16.0,0.0,5.0,11.0,11907.0,5937.0,5970.0,13.437473754934071,13.437473754934071,18.527876031665826,8.375209380234505
95.0,2022,4,0.0,0,0.0,0,1.0,1,0.0,0,14.0,2.0,260205.0,69723.0,19.0,3,15.0,96.241,"3,18",896.890,"88,28",SANTA FE,LAS CRUCES,7.0,0.0,4.0,3.0,21556.0,10859.0,10697.0,3.2473557246242346,3.2473557246242346,2.762685330140897,3.739366177432925
40.0,2022,4,2.0,1,0.0,0,3.0,1,0.0,0,7.0,3.0,1219392.0,1267944.0,21.0,8,62.0,250.715,"3,55",1.116.511,"90,43",PUENTE ARANDA,CIUDAD MONTES,13.0,0.0,6.0,7.0,101488.0,47624.0,53864.0,1.2809396184770614,1.2809396184770614,1.4698471358978666,1.113916530521313
117.0,2022,4,0.0,0,0.0,0,0.0,0,0.0,0,12.0,3.0,824.0,1670.0,1.0,1,17.0,317.179,"3,46",1.428.379,"90,03",FONTIBON,AEROPUERTO EL DORADO,5.0,0.0,0.0,5.0,876.0,596.0,280.0,57.077625570776256,57.077625570776256,83.89261744966443,0.0
64.0,2022,4,0.0,0,0.0,0,0.0,0,0.0,0,0.0,1.0,5590.0,25895.0,0.0,0,7.0,593.937,"4,09",505.335,"83,5",CIUDAD BOLIVAR,MONTE BLANCO,2.0,0.0,2.0,0.0,6485.0,3297.0,3188.0,3.0840400925212026,3.0840400925212026,0.0,6.273525721455457
48.0,2022,4,0.0,0,1.0,1,0.0,0,0.0,0,8.0,2.7455555555555557,1310472.0,1325682.0,5.0,3,18.0,979.914,"3,72",999.300,"88,94",KENNEDY,TIMIZA,12.0,0.0,5.0,7.0,143478.0,68942.0,74536.0,0.8363651570275582,0.8363651570275582,1.0153462330654754,0.6708167865192658
98.0,2022,4,3.0,1,3.0,1,8.0,1,0.0,0,42.0,3.0542105263157895,1522242.0,1559634.0,99.0,19,81.0,230.066,"3,36",1.462.840,"92,44",BARRIOS UNIDOS,LOS ALCAZARES,33.0,0.0,16.0,17.0,39961.0,19462.0,20499.0,8.258051600310303,8.258051600310303,8.734970712157024,7.805258793111859
28.0,2022,4,3.0,1,12.0,1,17.0,1,0.0,0,18.0,2.287857142857143,3797108.0,4228084.0,17.0,6,49.0,981.613,"3,41",1.388.086,"91,6",SUBA,EL RINCON,80.0,0.0,42.0,38.0,270028.0,129623.0,140405.0,2.962655724591524,2.962655724591524,2.9315785007290374,2.991346462020583
17.0,2022,4,2.0,1,0.0,0,4.0,1,0.0,0,10.0,4.285,226840.0,238870.0,6.0,2,32.0,981.613,"3,41",1.388.086,"91,6",SUBA,SAN JOSE DE BAVARIA,9.0,0.0,4.0,5.0,47421.0,22285.0,25136.0,1.8978933383943821,1.8978933383943821,2.243661655822302,1.5913430935709738
24.0,2022,4,5.0,1,2.0,1,20.0,1,0.0,0,19.0,4.819999999999999,859833.0,845949.0,36.0,12,69.0,981.613,"3,41",1.388.086,"91,6",SUBA,NIZA,19.0,0.0,7.0,12.0,78824.0,36626.0,42198.0,2.4104333705470418,2.4104333705470418,3.2763610549882594,1.6588463908242097
44.0,2022,4,2.0,1,2.0,1,2.0,1,0.0,0,15.0,3.22875,673424.0,676672.0,20.0,7,33.0,979.914,"3,72",999.300,"88,94",KENNEDY,AMERICAS,31.0,0.0,12.0,19.0,80229.0,37902.0,42327.0,3.8639394732577994,3.8639394732577994,5.012928077674001,2.83506981359416
62.0,2022,4,0.0,0,2.0,1,2.0,1,0.0,0,2.0,2.024,338366.0,403893.0,26.0,7,26.0,182.532,"3,63",829.895,"87,19",TUNJUELITO,TUNJUELITO,12.0,0.0,5.0,7.0,40185.0,19948.0,20237.0,2.986188876446435,2.986188876446435,3.5091237216763584,2.470721944952315
69.0,2022,4,1.0,1,1.0,1,2.0,1,0.0,0,1.0,1.3691666666666666,1779216.0,1964304.0,13.0,6,22.0,593.937,"4,09",505.335,"83,5",CIUDAD BOLIVAR,ISMAEL PERDOMO,12.0,0.0,4.0,8.0,166588.0,81544.0,85044.0,0.7203400004802267,0.7203400004802267,0.9810654370646522,0.47034476271106723
93.0,2022,4,5.0,1,5.0,1,5.0,1,0.0,0,12.0,2.932857142857143,332178.0,96411.0,80.0,7,52.0,96.241,"3,18",896.890,"88,28",SANTA FE,LAS NIEVES,37.0,0.0,19.0,18.0,18006.0,9271.0,8735.0,20.548705986893257,20.548705986893257,19.415381296516017,21.751574127074985
18.0,2022,4,1.0,1,1.0,1,6.0,1,0.0,0,13.0,3.272,300834.0,346380.0,10.0,3,25.0,981.613,"3,41",1.388.086,"91,6",SUBA,BRITALIA,11.0,0.0,4.0,7.0,92162.0,43207.0,48955.0,1.193550487185608,1.193550487185608,1.620107852894207,0.8170769073639057
15.0,2023,1,2.0,1,0.0,0,0.0,0,0.0,0,20.0,5.395,175550.0,49356.0,6.0,2,21.0,430.156,"3,12",1.867.529,"93,6",USAQUEN,COUNTRY CLUB,0.0,0.0,0.0,0.0,0.0,0.0,0.0,0.0,0.0,0.0,0.0
86.0,2023,1,0.0,0,0.0,0,0.0,0,0.0,0,0.0,1.568,321440.0,368145.0,0.0,0,33.0,546.809,"3,98",703.807,"85,4",BOSA,EL PORVENIR,0.0,0.0,0.0,0.0,0.0,0.0,0.0,0.0,0.0,0.0,0.0
71.0,2023,1,0.0,0,1.0,1,5.0,1,0.0,0,11.0,2.105,2325960.0,2670912.0,0.0,0,22.0,981.613,"3,41",1.388.086,"91,6",SUBA,TIBABUYES,0.0,0.0,0.0,0.0,0.0,0.0,0.0,0.0,0.0,0.0,0.0
29.0,2023,1,3.0,1,2.0,1,3.0,1,0.0,0,16.0,2.713333333333334,1291554.0,1329381.0,30.0,9,32.0,824.337,"3,41",1.089.512,"91,78",ENGATIVA,MINUTO DE DIOS,0.0,0.0,0.0,0.0,0.0,0.0,0.0,0.0,0.0,0.0,0.0
80.0,2023,1,0.0,0,2.0,1,1.0,1,0.0,0,11.0,2.0025,247816.0,277108.0,11.0,4,19.0,979.914,"3,72",999.300,"88,94",KENNEDY,CORABASTOS,0.0,0.0,0.0,0.0,0.0,0.0,0.0,0.0,0.0,0.0,0.0
99.0,2023,1,8.0,1,3.0,1,2.0,1,0.0,0,36.0,3.692,79566.0,121692.0,22.0,6,62.0,122.507,"2,43",2.288.835,"96,61",CHAPINERO,CHAPINERO,0.0,0.0,0.0,0.0,0.0,0.0,0.0,0.0,0.0,0.0,0.0
3.0,2023,1,0.0,0,0.0,0,0.0,0,0.0,0,0.0,6.0,0.0,1169.0,0.0,0,26.0,981.613,"3,41",1.388.086,"91,6",SUBA,GUAYMARAL,0.0,0.0,0.0,0.0,0.0,0.0,0.0,0.0,0.0,0.0,0.0
97.0,2023,1,19.0,1,3.0,1,7.0,1,0.0,0,30.0,5.211875,94384.0,420656.0,63.0,15,98.0,122.507,"2,43",2.288.835,"96,61",CHAPINERO,CHICO LAGO,1.0,0.0,0.0,1.0,35832.0,16761.0,19071.0,0.2790801518196026,0.2790801518196026,0.5966231131794045,0.0
94.0,2023,1,4.0,1,0.0,0,2.0,1,0.0,0,8.0,2.40875,203598.0,216855.0,43.0,8,36.0,22.115,"2,83",1.050.888,"88,9",CANDELARIA,LA CANDELARIA,0.0,0.0,0.0,0.0,0.0,0.0,0.0,0.0,0.0,0.0,0.0
76.0,2023,1,0.0,0,0.0,0,3.0,1,0.0,0,5.0,2.186666666666667,120020.0,128536.0,0.0,0,21.0,317.179,"3,46",1.428.379,"90,03",FONTIBON,FONTIBON SAN PABLO,0.0,0.0,0.0,0.0,0.0,0.0,0.0,0.0,0.0,0.0,0.0
114.0,2023,1,4.0,1,0.0,0,2.0,1,0.0,0,17.0,3.8,191930.0,197050.0,9.0,4,24.0,317.179,"3,46",1.428.379,"90,03",FONTIBON,MODELIA,0.0,0.0,0.0,0.0,0.0,0.0,0.0,0.0,0.0,0.0,0.0
89.0,2023,1,0.0,0,0.0,0,0.0,0,0.0,0,0.0,2.0666666666666664,28245.0,48603.0,0.0,0,3.0,122.507,"2,43",2.288.835,"96,61",CHAPINERO,SAN ISIDRO - PATIOS,0.0,0.0,0.0,0.0,0.0,0.0,0.0,0.0,0.0,0.0,0.0
38.0,2023,1,3.0,1,5.0,1,5.0,1,0.0,0,8.0,3.008,1246305.0,1155330.0,52.0,15,75.0,119.565,"3,92",1.095.184,"90,79",ANTONIO NARIÑO,RESTREPO,1.0,0.0,1.0,0.0,54363.0,25653.0,28710.0,0.18394864153928223,0.18394864153928223,0.0,0.3483106931382794
52.0,2023,1,0.0,0,0.0,0,0.0,0,0.0,0,0.0,1.0,614920.0,740280.0,0.0,0,176.0,314.431,"4,07",569.872,"82,91",USME,LA FLORA,0.0,0.0,0.0,0.0,0.0,0.0,0.0,0.0,0.0,0.0,0.0
96.0,2023,1,0.0,0,0.0,0,1.0,1,0.0,0,4.0,1.7264285714285716,628474.0,648214.0,4.0,2,16.0,96.241,"3,18",896.890,"88,28",SANTA FE,LOURDES,0.0,0.0,0.0,0.0,0.0,0.0,0.0,0.0,0.0,0.0,0.0
84.0,2023,1,0.0,0,4.0,1,4.0,1,0.0,0,2.0,1.98,990222.0,1073760.0,1.0,1,30.0,546.809,"3,98",703.807,"85,4",BOSA,BOSA OCCIDENTAL,0.0,0.0,0.0,0.0,0.0,0.0,0.0,0.0,0.0,0.0,0.0
111.0,2023,1,4.0,1,0.0,0,1.0,1,0.0,0,10.0,2.9375,64585.0,73290.0,16.0,5,63.0,250.715,"3,55",1.116.511,"90,43",PUENTE ARANDA,PUENTE ARANDA,2.0,0.0,0.0,2.0,13076.0,10743.0,2333.0,1.5295197308045274,1.5295197308045274,1.8616773713115518,0.0
112.0,2023,1,1.0,1,2.0,1,3.0,1,0.0,0,24.0,3.1133333333333333,126427.0,160027.0,0.0,0,71.0,317.179,"3,46",1.428.379,"90,03",FONTIBON,GRANJAS DE TECHO,1.0,0.0,0.0,1.0,55562.0,25714.0,29848.0,0.1799791224217991,0.1799791224217991,0.3888932099245547,0.0
75.0,2023,1,4.0,1,3.0,1,10.0,1,0.0,0,10.0,2.913,1316550.0,1374890.0,0.0,0,58.0,317.179,"3,46",1.428.379,"90,03",FONTIBON,FONTIBON,0.0,0.0,0.0,0.0,0.0,0.0,0.0,0.0,0.0,0.0,0.0
12.0,2023,1,3.0,1,2.0,1,7.0,1,0.0,0,11.0,3.378,256245.0,260090.0,9.0,3,42.0,430.156,"3,12",1.867.529,"93,6",USAQUEN,TOBERIN,0.0,0.0,0.0,0.0,0.0,0.0,0.0,0.0,0.0,0.0,0.0
16.0,2023,1,10.0,1,7.0,1,9.0,1,0.0,0,32.0,5.738888888888889,464238.0,463266.0,18.0,6,60.0,430.156,"3,12",1.867.529,"93,6",USAQUEN,SANTA BARBARA,0.0,0.0,0.0,0.0,0.0,0.0,0.0,0.0,0.0,0.0,0.0
82.0,2023,1,0.0,0,1.0,1,3.0,1,0.0,0,5.0,1.9566666666666668,963012.0,1044870.0,9.0,4,29.0,979.914,"3,72",999.300,"88,94",KENNEDY,PATIO BONITO,0.0,0.0,0.0,0.0,0.0,0.0,0.0,0.0,0.0,0.0,0.0
35.0,2023,1,1.0,1,0.0,0,2.0,1,0.0,0,5.0,2.666,168705.0,154565.0,35.0,5,22.0,119.565,"3,92",1.095.184,"90,79",ANTONIO NARIÑO,CIUDAD JARDIN,0.0,0.0,0.0,0.0,0.0,0.0,0.0,0.0,0.0,0.0,0.0
68.0,2023,1,0.0,0,0.0,0,1.0,1,0.0,0,0.0,1.055,351536.0,380992.0,0.0,0,13.0,593.937,"4,09",505.335,"83,5",CIUDAD BOLIVAR,EL TESORO,0.0,0.0,0.0,0.0,0.0,0.0,0.0,0.0,0.0,0.0,0.0
27.0,2023,1,5.0,1,6.0,1,8.0,1,0.0,0,11.0,2.840909090909091,1497236.0,1751217.0,16.0,6,48.0,981.613,"3,41",1.388.086,"91,6",SUBA,SUBA,0.0,0.0,0.0,0.0,0.0,0.0,0.0,0.0,0.0,0.0,0.0
22.0,2023,1,3.0,1,1.0,1,5.0,1,0.0,0,17.0,3.292222222222222,847206.0,887247.0,37.0,8,38.0,230.066,"3,36",1.462.840,"92,44",BARRIOS UNIDOS,DOCE DE OCTUBRE,0.0,0.0,0.0,0.0,0.0,0.0,0.0,0.0,0.0,0.0,0.0
105.0,2023,1,1.0,1,0.0,0,0.0,0,0.0,0,12.0,2.67,1601.0,2464.0,4.0,1,11.0,824.337,"3,41",1.089.512,"91,78",ENGATIVA,JARDIN BOTANICO,0.0,0.0,0.0,0.0,0.0,0.0,0.0,0.0,0.0,0.0,0.0
104.0,2023,1,1.0,1,0.0,0,0.0,0,0.0,0,24.0,4.0,19494.0,20424.0,21.0,5,34.0,139.298,"2,87",1.933.116,"96,03",TEUSAQUILLO,PARQUE SIMON BOLIVAR - CAN,0.0,0.0,0.0,0.0,0.0,0.0,0.0,0.0,0.0,0.0,0.0
74.0,2023,1,0.0,0,0.0,0,5.0,1,0.0,0,4.0,2.0016666666666665,712512.0,784968.0,0.0,0,15.0,824.337,"3,41",1.089.512,"91,78",ENGATIVA,ENGATIVA,0.0,0.0,0.0,0.0,0.0,0.0,0.0,0.0,0.0,0.0,0.0
47.0,2023,1,6.0,1,0.0,0,2.0,1,0.0,0,9.0,3.0,865592.0,770256.0,9.0,4,28.0,979.914,"3,72",999.300,"88,94",KENNEDY,KENNEDY CENTRAL,0.0,0.0,0.0,0.0,0.0,0.0,0.0,0.0,0.0,0.0,0.0
70.0,2023,1,0.0,0,0.0,0,0.0,0,0.0,0,1.0,1.1733333333333331,789975.0,888237.0,0.0,0,23.0,593.937,"4,09",505.335,"83,5",CIUDAD BOLIVAR,JERUSALEM,0.0,0.0,0.0,0.0,0.0,0.0,0.0,0.0,0.0,0.0,0.0
66.0,2023,1,0.0,0,0.0,0,0.0,0,0.0,0,1.0,1.8425,597168.0,609704.0,4.0,3,26.0,593.937,"4,09",505.335,"83,5",CIUDAD BOLIVAR,SAN FRANCISCO,0.0,0.0,0.0,0.0,0.0,0.0,0.0,0.0,0.0,0.0,0.0
65.0,2023,1,0.0,0,0.0,0,1.0,1,0.0,0,3.0,2.463333333333334,349194.0,364512.0,9.0,3,21.0,593.937,"4,09",505.335,"83,5",CIUDAD BOLIVAR,ARBORIZADORA,1.0,0.0,0.0,1.0,88566.0,42370.0,46196.0,0.11291014610572907,0.11291014610572907,0.2360160490913382,0.0
79.0,2023,1,0.0,0,0.0,0,0.0,0,0.0,0,4.0,2.1333333333333333,167274.0,204984.0,3.0,2,22.0,979.914,"3,72",999.300,"88,94",KENNEDY,CALANDAIMA,0.0,0.0,0.0,0.0,0.0,0.0,0.0,0.0,0.0,0.0,0.0
59.0,2023,1,0.0,0,0.0,0,0.0,0,0.0,0,0.0,1.0,163808.0,216380.0,0.0,0,6.0,314.431,"4,07",569.872,"82,91",USME,ALFONSO LOPEZ,0.0,0.0,0.0,0.0,0.0,0.0,0.0,0.0,0.0,0.0,0.0
45.0,2023,1,0.0,0,1.0,1,4.0,1,0.0,0,15.0,2.7914285714285714,737583.0,674359.0,9.0,4,35.0,979.914,"3,72",999.300,"88,94",KENNEDY,CARVAJAL,0.0,0.0,0.0,0.0,0.0,0.0,0.0,0.0,0.0,0.0,0.0
20.0,2023,1,2.0,1,1.0,1,9.0,1,0.0,0,49.0,4.996666666666667,231126.0,219822.0,33.0,6,26.0,981.613,"3,41",1.388.086,"91,6",SUBA,LA ALHAMBRA,0.0,0.0,0.0,0.0,0.0,0.0,0.0,0.0,0.0,0.0,0.0
51.0,2023,1,0.0,0,0.0,0,1.0,1,0.0,0,0.0,1.68875,263745.0,660861.0,0.0,0,15.0,404.35,"3,73",706.208,"83,68",SAN CRISTOBAL,LOS LIBERTADORES,0.0,0.0,0.0,0.0,0.0,0.0,0.0,0.0,0.0,0.0,0.0
115.0,2023,1,4.0,1,2.0,1,0.0,0,0.0,0,17.0,3.314,77135.0,83285.0,6.0,3,26.0,317.179,"3,46",1.428.379,"90,03",FONTIBON,CAPELLANIA,0.0,0.0,0.0,0.0,0.0,0.0,0.0,0.0,0.0,0.0,0.0
43.0,2023,1,0.0,0,1.0,1,5.0,1,0.0,0,11.0,3.0,844074.0,844239.0,17.0,8,31.0,250.715,"3,55",1.116.511,"90,43",PUENTE ARANDA,SAN RAFAEL,0.0,0.0,0.0,0.0,0.0,0.0,0.0,0.0,0.0,0.0,0.0
25.0,2023,1,5.0,1,2.0,1,5.0,1,0.0,0,26.0,4.04,127070.0,126620.0,24.0,5,25.0,981.613,"3,41",1.388.086,"91,6",SUBA,LA FLORESTA,0.0,0.0,0.0,0.0,0.0,0.0,0.0,0.0,0.0,0.0,0.0
56.0,2023,1,0.0,0,0.0,0,0.0,0,0.0,0,0.0,1.508,205135.0,253351.0,6.0,6,8.0,314.431,"4,07",569.872,"82,91",USME,DANUBIO,0.0,0.0,0.0,0.0,0.0,0.0,0.0,0.0,0.0,0.0,0.0
26.0,2023,1,5.0,1,4.0,1,8.0,1,0.0,0,21.0,3.0646153846153847,1441973.0,1441167.0,19.0,5,69.0,824.337,"3,41",1.089.512,"91,78",ENGATIVA,LAS FERIAS,0.0,0.0,0.0,0.0,0.0,0.0,0.0,0.0,0.0,0.0,0.0
102.0,2023,1,2.0,1,2.0,1,6.0,1,0.0,0,21.0,2.8186666666666667,764715.0,782955.0,131.0,15,94.0,94.944,"3,53",1.059.511,"89,78",LOS MARTIRES,LA SABANA,1.0,0.0,0.0,1.0,39019.0,18312.0,20707.0,0.256285399420795,0.256285399420795,0.54608999563128,0.0
2.0,2023,1,0.0,0,0.0,0,0.0,0,0.0,0,3.0,5.058,10545.0,13800.0,3.0,2,95.0,981.613,"3,41",1.388.086,"91,6",SUBA,LA ACADEMIA,0.0,0.0,0.0,0.0,0.0,0.0,0.0,0.0,0.0,0.0,0.0
116.0,2023,1,2.0,1,1.0,1,2.0,1,0.0,0,17.0,3.155,24638.0,27282.0,3.0,1,17.0,824.337,"3,41",1.089.512,"91,78",ENGATIVA,ALAMOS,0.0,0.0,0.0,0.0,0.0,0.0,0.0,0.0,0.0,0.0,0.0
81.0,2023,1,1.0,1,0.0,0,1.0,1,0.0,0,8.0,2.0025,290204.0,283616.0,1.0,1,16.0,979.914,"3,72",999.300,"88,94",KENNEDY,GRAN BRITALIA,0.0,0.0,0.0,0.0,0.0,0.0,0.0,0.0,0.0,0.0,0.0
52.0,2023,1,0.0,0,0.0,0,0.0,0,0.0,0,0.0,1.0,614920.0,740280.0,0.0,0,176.0,314.431,"4,07",569.872,"82,91",USME,LA FLORA,0.0,0.0,0.0,0.0,0.0,0.0,0.0,0.0,0.0,0.0,0.0
33.0,2023,1,0.0,0,2.0,1,2.0,1,0.0,0,2.0,2.8193333333333332,1647904.0,748256.0,42.0,13,30.0,404.35,"3,73",706.208,"83,68",SAN CRISTOBAL,SOSIEGO,0.0,0.0,0.0,0.0,0.0,0.0,0.0,0.0,0.0,0.0,0.0
19.0,2023,1,4.0,1,8.0,1,12.0,1,0.0,0,27.0,3.51625,692512.0,712104.0,25.0,8,34.0,981.613,"3,41",1.388.086,"91,6",SUBA,EL PRADO,0.0,0.0,0.0,0.0,0.0,0.0,0.0,0.0,0.0,0.0,0.0
41.0,2023,1,2.0,1,0.0,0,2.0,1,0.0,0,10.0,3.0,523602.0,513468.0,24.0,8,22.0,250.715,"3,55",1.116.511,"90,43",PUENTE ARANDA,MUZU,1.0,0.0,0.0,1.0,58903.0,27746.0,31157.0,0.16977063986554164,0.16977063986554164,0.36041231168456717,0.0
37.0,2023,1,0.0,0,1.0,1,2.0,1,0.0,0,14.0,3.0,307027.0,315602.0,40.0,7,41.0,94.944,"3,53",1.059.511,"89,78",LOS MARTIRES,SANTA ISABEL,0.0,0.0,0.0,0.0,0.0,0.0,0.0,0.0,0.0,0.0,0.0
107.0,2023,1,3.0,1,1.0,1,3.0,1,0.0,0,17.0,3.77,207448.0,216792.0,32.0,8,35.0,139.298,"2,87",1.933.116,"96,03",TEUSAQUILLO,QUINTA PAREDES,0.0,0.0,0.0,0.0,0.0,0.0,0.0,0.0,0.0,0.0,0.0
73.0,2023,1,2.0,1,1.0,1,4.0,1,0.0,0,6.0,2.775714285714286,955689.0,1044302.0,4.0,2,40.0,824.337,"3,41",1.089.512,"91,78",ENGATIVA,GARCES NAVAS,0.0,0.0,0.0,0.0,0.0,0.0,0.0,0.0,0.0,0.0,0.0
31.0,2023,1,3.0,1,1.0,1,3.0,1,0.0,0,20.0,3.318333333333334,409362.0,391260.0,10.0,4,38.0,824.337,"3,41",1.089.512,"91,78",ENGATIVA,SANTA CECILIA,2.0,0.0,2.0,0.0,68688.0,32143.0,36545.0,0.2911716748194736,0.2911716748194736,0.0,0.547270488438911
58.0,2023,1,0.0,0,1.0,1,1.0,1,0.0,0,0.0,1.5654545454545454,857659.0,954745.0,0.0,0,29.0,314.431,"4,07",569.872,"82,91",USME,COMUNEROS,0.0,0.0,0.0,0.0,0.0,0.0,0.0,0.0,0.0,0.0,0.0
13.0,2023,1,3.0,1,1.0,1,11.0,1,0.0,0,12.0,4.381666666666667,1717632.0,1842552.0,20.0,5,88.0,430.156,"3,12",1.867.529,"93,6",USAQUEN,LOS CEDROS,0.0,0.0,0.0,0.0,0.0,0.0,0.0,0.0,0.0,0.0,0.0
63.0,2023,1,0.0,0,0.0,0,0.0,0,0.0,0,0.0,,1596.0,5864.0,2.0,2,6.0,593.937,"4,09",505.335,"83,5",CIUDAD BOLIVAR,EL MOCHUELO,0.0,0.0,0.0,0.0,0.0,0.0,0.0,0.0,0.0,0.0,0.0
87.0,2023,1,0.0,0,0.0,0,0.0,0,0.0,0,1.0,1.765,212992.0,339512.0,0.0,0,47.0,546.809,"3,98",703.807,"85,4",BOSA,TINTAL SUR,0.0,0.0,0.0,0.0,0.0,0.0,0.0,0.0,0.0,0.0,0.0
77.0,2023,1,1.0,1,0.0,0,0.0,0,0.0,0,5.0,2.045,283878.0,356976.0,0.0,0,13.0,317.179,"3,46",1.428.379,"90,03",FONTIBON,ZONA FRANCA,0.0,0.0,0.0,0.0,0.0,0.0,0.0,0.0,0.0,0.0,0.0
39.0,2023,1,1.0,1,3.0,1,7.0,1,0.0,0,8.0,3.0,1410480.0,1306815.0,45.0,15,69.0,378.78,"3,72",591.317,"87,06",RAFAEL URIBE URIBE,QUIROGA,0.0,0.0,0.0,0.0,0.0,0.0,0.0,0.0,0.0,0.0,0.0
108.0,2023,1,0.0,0,0.0,0,1.0,1,0.0,0,15.0,2.685714285714286,33520.0,33976.0,48.0,8,66.0,250.715,"3,55",1.116.511,"90,43",PUENTE ARANDA,ZONA INDUSTRIAL,0.0,0.0,0.0,0.0,0.0,0.0,0.0,0.0,0.0,0.0,0.0
61.0,2023,1,0.0,0,0.0,0,0.0,0,0.0,0,0.0,1.2366666666666666,79500.0,134960.0,0.0,0,65.0,314.431,"4,07",569.872,"82,91",USME,CIUDAD USME,0.0,0.0,0.0,0.0,0.0,0.0,0.0,0.0,0.0,0.0,0.0
1.0,2023,1,0.0,0,0.0,0,0.0,0,0.0,0,3.0,4.0,52488.0,63828.0,3.0,3,83.0,430.156,"3,12",1.867.529,"93,6",USAQUEN,PASEO DE LOS LIBERTADORES,0.0,0.0,0.0,0.0,0.0,0.0,0.0,0.0,0.0,0.0,0.0
46.0,2023,1,4.0,1,1.0,1,5.0,1,0.0,0,10.0,2.72,884656.0,1003288.0,18.0,6,40.0,979.914,"3,72",999.300,"88,94",KENNEDY,CASTILLA,0.0,0.0,0.0,0.0,0.0,0.0,0.0,0.0,0.0,0.0,0.0
85.0,2023,1,1.0,1,2.0,1,6.0,1,0.0,0,3.0,1.9988888888888892,2537808.0,2654832.0,17.0,6,39.0,546.809,"3,98",703.807,"85,4",BOSA,BOSA CENTRAL,0.0,0.0,0.0,0.0,0.0,0.0,0.0,0.0,0.0,0.0,0.0
60.0,2023,1,0.0,0,0.0,0,0.0,0,0.0,0,1.0,1.11,10544.0,15584.0,0.0,0,0.0,314.431,"4,07",569.872,"82,91",USME,PARQUE ENTRENUBES,0.0,0.0,0.0,0.0,0.0,0.0,0.0,0.0,0.0,0.0,0.0
60.0,2023,1,0.0,0,0.0,0,0.0,0,0.0,0,1.0,1.11,10544.0,15584.0,0.0,0,0.0,314.431,"4,07",569.872,"82,91",USME,PARQUE ENTRENUBES,0.0,0.0,0.0,0.0,0.0,0.0,0.0,0.0,0.0,0.0,0.0
30.0,2023,1,1.0,1,5.0,1,10.0,1,0.0,0,20.0,3.001818181818182,1427481.0,1341120.0,25.0,7,42.0,824.337,"3,41",1.089.512,"91,78",ENGATIVA,BOYACA REAL,1.0,0.0,0.0,1.0,130399.0,61902.0,68497.0,0.07668770466031181,0.07668770466031181,0.16154566896061517,0.0
72.0,2023,1,0.0,0,1.0,1,1.0,1,0.0,0,9.0,3.0,331356.0,345116.0,4.0,2,21.0,824.337,"3,41",1.089.512,"91,78",ENGATIVA,BOLIVIA,0.0,0.0,0.0,0.0,0.0,0.0,0.0,0.0,0.0,0.0,0.0
57.0,2023,1,0.0,0,4.0,1,2.0,1,0.0,0,0.0,1.7740000000000002,1391324.0,1519562.0,3.0,3,23.0,314.431,"4,07",569.872,"82,91",USME,GRAN YOMASA,0.0,0.0,0.0,0.0,0.0,0.0,0.0,0.0,0.0,0.0,0.0
23.0,2023,1,1.0,1,0.0,0,5.0,1,0.0,0,20.0,3.5728571428571425,209118.0,255647.0,7.0,5,41.0,981.613,"3,41",1.388.086,"91,6",SUBA,CASA BLANCA SUBA,0.0,0.0,0.0,0.0,0.0,0.0,0.0,0.0,0.0,0.0,0.0
88.0,2023,1,1.0,1,0.0,0,0.0,0,0.0,0,29.0,5.9375,358776.0,369156.0,3.0,2,60.0,122.507,"2,43",2.288.835,"96,61",CHAPINERO,EL REFUGIO,0.0,0.0,0.0,0.0,0.0,0.0,0.0,0.0,0.0,0.0,0.0
9.0,2023,1,1.0,1,3.0,1,5.0,1,0.0,0,2.0,2.7445454545454546,927663.0,1059410.0,9.0,4,60.0,430.156,"3,12",1.867.529,"93,6",USAQUEN,VERBENAL,0.0,0.0,0.0,0.0,0.0,0.0,0.0,0.0,0.0,0.0,0.0
109.0,2023,1,0.0,0,0.0,0,1.0,1,0.0,0,13.0,4.123333333333334,44058.0,53832.0,12.0,3,32.0,139.298,"2,87",1.933.116,"96,03",TEUSAQUILLO,CIUDAD SALITRE ORIENTAL,0.0,0.0,0.0,0.0,0.0,0.0,0.0,0.0,0.0,0.0,0.0
49.0,2023,1,0.0,0,1.0,1,0.0,0,0.0,0,3.0,2.3333333333333335,124191.0,114375.0,10.0,3,11.0,546.809,"3,98",703.807,"85,4",BOSA,APOGEO,0.0,0.0,0.0,0.0,0.0,0.0,0.0,0.0,0.0,0.0,0.0
14.0,2023,1,1.0,1,0.0,0,2.0,1,0.0,0,35.0,4.66,375100.0,457974.0,0.0,0,45.0,430.156,"3,12",1.867.529,"93,6",USAQUEN,USAQUEN,0.0,0.0,0.0,0.0,0.0,0.0,0.0,0.0,0.0,0.0,0.0
32.0,2023,1,0.0,0,0.0,0,1.0,1,0.0,0,0.0,1.7457142857142858,1408200.0,1428675.0,0.0,0,47.0,404.35,"3,73",706.208,"83,68",SAN CRISTOBAL,SAN BLAS,0.0,0.0,0.0,0.0,0.0,0.0,0.0,0.0,0.0,0.0,0.0
92.0,2023,1,0.0,0,0.0,0,0.0,0,0.0,0,12.0,2.5425,132324.0,86100.0,26.0,6,25.0,96.241,"3,18",896.890,"88,28",SANTA FE,LA MACARENA,0.0,0.0,0.0,0.0,0.0,0.0,0.0,0.0,0.0,0.0,0.0
11.0,2023,1,1.0,1,2.0,1,5.0,1,0.0,0,6.0,2.3000000000000003,373404.0,436080.0,0.0,0,21.0,430.156,"3,12",1.867.529,"93,6",USAQUEN,SAN CRISTOBAL NORTE,0.0,0.0,0.0,0.0,0.0,0.0,0.0,0.0,0.0,0.0,0.0
36.0,2023,1,1.0,1,0.0,0,2.0,1,0.0,0,5.0,2.97,350595.0,343350.0,26.0,7,19.0,378.78,"3,72",591.317,"87,06",RAFAEL URIBE URIBE,SAN JOSE,0.0,0.0,0.0,0.0,0.0,0.0,0.0,0.0,0.0,0.0,0.0
53.0,2023,1,0.0,0,1.0,1,2.0,1,0.0,0,3.0,2.442857142857143,479920.0,461139.0,21.0,6,14.0,378.78,"3,72",591.317,"87,06",RAFAEL URIBE URIBE,MARCO FIDEL SUAREZ,0.0,0.0,0.0,0.0,0.0,0.0,0.0,0.0,0.0,0.0,0.0
50.0,2023,1,0.0,0,1.0,1,1.0,1,0.0,0,1.0,1.9327272727272728,215222.0,1432186.0,1.0,1,21.0,404.35,"3,73",706.208,"83,68",SAN CRISTOBAL,LA GLORIA,0.0,0.0,0.0,0.0,0.0,0.0,0.0,0.0,0.0,0.0,0.0
110.0,2023,1,3.0,1,1.0,1,0.0,0,0.0,0,20.0,4.074999999999999,71780.0,82212.0,7.0,2,29.0,317.179,"3,46",1.428.379,"90,03",FONTIBON,CIUDAD SALITRE OCCIDENTAL,0.0,0.0,0.0,0.0,0.0,0.0,0.0,0.0,0.0,0.0,0.0
10.0,2023,1,0.0,0,1.0,1,1.0,1,0.0,0,8.0,2.87125,122265.0,153495.0,5.0,2,29.0,430.156,"3,12",1.867.529,"93,6",USAQUEN,LA URIBE,0.0,0.0,0.0,0.0,0.0,0.0,0.0,0.0,0.0,0.0,0.0
42.0,2023,1,1.0,1,2.0,1,1.0,1,0.0,0,6.0,2.4250000000000003,2179040.0,2310720.0,35.0,13,66.0,182.532,"3,63",829.895,"87,19",TUNJUELITO,VENECIA,1.0,0.0,0.0,1.0,138470.0,66976.0,71494.0,0.07221780891167762,0.07221780891167762,0.14930721452460582,0.0
103.0,2023,1,0.0,0,0.0,0,0.0,0,0.0,0,21.0,3.0,10953.0,12423.0,5.0,2,15.0,230.066,"3,36",1.462.840,"92,44",BARRIOS UNIDOS,PARQUE SALITRE,0.0,0.0,0.0,0.0,0.0,0.0,0.0,0.0,0.0,0.0,0.0
21.0,2023,1,4.0,1,1.0,1,7.0,1,0.0,0,47.0,3.762,225860.0,233125.0,52.0,5,22.0,230.066,"3,36",1.462.840,"92,44",BARRIOS UNIDOS,LOS ANDES,0.0,0.0,0.0,0.0,0.0,0.0,0.0,0.0,0.0,0.0,0.0
55.0,2023,1,0.0,0,0.0,0,0.0,0,0.0,0,0.0,1.5539999999999998,379860.0,395955.0,0.0,0,7.0,378.78,"3,72",591.317,"87,06",RAFAEL URIBE URIBE,DIANA TURBAY,0.0,0.0,0.0,0.0,0.0,0.0,0.0,0.0,0.0,0.0,0.0
113.0,2023,1,0.0,0,1.0,1,3.0,1,0.0,0,12.0,3.2925,104270.0,104965.0,8.0,3,26.0,979.914,"3,72",999.300,"88,94",KENNEDY,BAVARIA,0.0,0.0,0.0,0.0,0.0,0.0,0.0,0.0,0.0,0.0,0.0
60.0,2023,1,0.0,0,0.0,0,0.0,0,0.0,0,1.0,1.11,10544.0,15584.0,0.0,0,0.0,314.431,"4,07",569.872,"82,91",USME,PARQUE ENTRENUBES,0.0,0.0,0.0,0.0,0.0,0.0,0.0,0.0,0.0,0.0,0.0
60.0,2023,1,0.0,0,0.0,0,0.0,0,0.0,0,1.0,1.11,10544.0,15584.0,0.0,0,0.0,314.431,"4,07",569.872,"82,91",USME,PARQUE ENTRENUBES,0.0,0.0,0.0,0.0,0.0,0.0,0.0,0.0,0.0,0.0,0.0
90.0,2023,1,1.0,1,1.0,1,4.0,1,0.0,0,40.0,3.05,275954.0,520674.0,22.0,10,60.0,122.507,"2,43",2.288.835,"96,61",CHAPINERO,PARDO RUBIO,0.0,0.0,0.0,0.0,0.0,0.0,0.0,0.0,0.0,0.0,0.0
67.0,2023,1,0.0,0,1.0,1,3.0,1,0.0,0,1.0,1.256470588235294,2609568.0,2765373.0,2.0,1,30.0,593.937,"4,09",505.335,"83,5",CIUDAD BOLIVAR,LUCERO,0.0,0.0,0.0,0.0,0.0,0.0,0.0,0.0,0.0,0.0,0.0
83.0,2023,1,0.0,0,0.0,0,0.0,0,0.0,0,1.0,2.0,24432.0,29572.0,1.0,1,11.0,979.914,"3,72",999.300,"88,94",KENNEDY,LAS MARGARITAS,0.0,0.0,0.0,0.0,0.0,0.0,0.0,0.0,0.0,0.0,0.0
101.0,2023,1,4.0,1,0.0,0,3.0,1,0.0,0,29.0,3.8711111111111105,267970.0,273160.0,65.0,10,59.0,139.298,"2,87",1.933.116,"96,03",TEUSAQUILLO,TEUSAQUILLO,0.0,0.0,0.0,0.0,0.0,0.0,0.0,0.0,0.0,0.0,0.0
54.0,2023,1,0.0,0,0.0,0,0.0,0,0.0,0,3.0,1.83,984621.0,1061115.0,21.0,8,28.0,378.78,"3,72",591.317,"87,06",RAFAEL URIBE URIBE,MARRUECOS,0.0,0.0,0.0,0.0,0.0,0.0,0.0,0.0,0.0,0.0,0.0
78.0,2023,1,0.0,0,1.0,1,0.0,0,0.0,0,10.0,1.956,79812.0,176088.0,0.0,0,25.0,979.914,"3,72",999.300,"88,94",KENNEDY,TINTAL NORTE,0.0,0.0,0.0,0.0,0.0,0.0,0.0,0.0,0.0,0.0,0.0
100.0,2023,1,6.0,1,2.0,1,2.0,1,0.0,0,22.0,3.59625,300195.0,309096.0,38.0,9,56.0,139.298,"2,87",1.933.116,"96,03",TEUSAQUILLO,GALERIAS,0.0,0.0,0.0,0.0,0.0,0.0,0.0,0.0,0.0,0.0,0.0
34.0,2023,1,0.0,0,3.0,1,2.0,1,0.0,0,2.0,2.346363636363636,864012.0,1108236.0,26.0,12,30.0,404.35,"3,73",706.208,"83,68",SAN CRISTOBAL,20 DE JULIO,0.0,0.0,0.0,0.0,0.0,0.0,0.0,0.0,0.0,0.0,0.0
106.0,2023,1,2.0,1,0.0,0,4.0,1,0.0,0,10.0,4.164,167560.0,168920.0,17.0,5,30.0,139.298,"2,87",1.933.116,"96,03",TEUSAQUILLO,LA ESMERALDA,0.0,0.0,0.0,0.0,0.0,0.0,0.0,0.0,0.0,0.0,0.0
91.0,2023,1,2.0,1,2.0,1,2.0,1,0.0,0,21.0,3.3285714285714287,96894.0,41153.0,42.0,7,37.0,96.241,"3,18",896.890,"88,28",SANTA FE,SAGRADO CORAZON,0.0,0.0,0.0,0.0,0.0,0.0,0.0,0.0,0.0,0.0,0.0
95.0,2023,1,0.0,0,0.0,0,1.0,1,0.0,0,16.0,2.0,260205.0,69723.0,19.0,3,15.0,96.241,"3,18",896.890,"88,28",SANTA FE,LAS CRUCES,0.0,0.0,0.0,0.0,0.0,0.0,0.0,0.0,0.0,0.0,0.0
40.0,2023,1,2.0,1,0.0,0,3.0,1,0.0,0,10.0,3.0,1219392.0,1267944.0,21.0,8,62.0,250.715,"3,55",1.116.511,"90,43",PUENTE ARANDA,CIUDAD MONTES,1.0,0.0,0.0,1.0,101354.0,47442.0,53912.0,0.09866408824516053,0.09866408824516053,0.2107836937734497,0.0
117.0,2023,1,0.0,0,0.0,0,0.0,0,0.0,0,12.0,3.0,824.0,1670.0,1.0,1,17.0,317.179,"3,46",1.428.379,"90,03",FONTIBON,AEROPUERTO EL DORADO,0.0,0.0,0.0,0.0,0.0,0.0,0.0,0.0,0.0,0.0,0.0
64.0,2023,1,0.0,0,0.0,0,0.0,0,0.0,0,0.0,1.0,5590.0,25895.0,0.0,0,7.0,593.937,"4,09",505.335,"83,5",CIUDAD BOLIVAR,MONTE BLANCO,0.0,0.0,0.0,0.0,0.0,0.0,0.0,0.0,0.0,0.0,0.0
48.0,2023,1,1.0,1,1.0,1,0.0,0,0.0,0,9.0,2.7455555555555557,1310472.0,1325682.0,5.0,3,18.0,979.914,"3,72",999.300,"88,94",KENNEDY,TIMIZA,0.0,0.0,0.0,0.0,0.0,0.0,0.0,0.0,0.0,0.0,0.0
98.0,2023,1,3.0,1,3.0,1,8.0,1,0.0,0,42.0,3.0542105263157895,1522242.0,1559634.0,99.0,19,81.0,230.066,"3,36",1.462.840,"92,44",BARRIOS UNIDOS,LOS ALCAZARES,0.0,0.0,0.0,0.0,0.0,0.0,0.0,0.0,0.0,0.0,0.0
28.0,2023,1,3.0,1,13.0,1,17.0,1,0.0,0,19.0,2.287857142857143,3797108.0,4228084.0,17.0,6,49.0,981.613,"3,41",1.388.086,"91,6",SUBA,EL RINCON,0.0,0.0,0.0,0.0,0.0,0.0,0.0,0.0,0.0,0.0,0.0
17.0,2023,1,2.0,1,0.0,0,4.0,1,0.0,0,11.0,4.285,226840.0,238870.0,6.0,2,32.0,981.613,"3,41",1.388.086,"91,6",SUBA,SAN JOSE DE BAVARIA,0.0,0.0,0.0,0.0,0.0,0.0,0.0,0.0,0.0,0.0,0.0
24.0,2023,1,5.0,1,2.0,1,20.0,1,0.0,0,20.0,4.819999999999999,859833.0,845949.0,36.0,12,69.0,981.613,"3,41",1.388.086,"91,6",SUBA,NIZA,0.0,0.0,0.0,0.0,0.0,0.0,0.0,0.0,0.0,0.0,0.0
44.0,2023,1,3.0,1,2.0,1,2.0,1,0.0,0,18.0,3.22875,673424.0,676672.0,20.0,7,33.0,979.914,"3,72",999.300,"88,94",KENNEDY,AMERICAS,0.0,0.0,0.0,0.0,0.0,0.0,0.0,0.0,0.0,0.0,0.0
62.0,2023,1,0.0,0,2.0,1,2.0,1,0.0,0,2.0,2.024,338366.0,403893.0,26.0,7,26.0,182.532,"3,63",829.895,"87,19",TUNJUELITO,TUNJUELITO,0.0,0.0,0.0,0.0,0.0,0.0,0.0,0.0,0.0,0.0,0.0
69.0,2023,1,1.0,1,1.0,1,2.0,1,0.0,0,2.0,1.3691666666666666,1779216.0,1964304.0,13.0,6,22.0,593.937,"4,09",505.335,"83,5",CIUDAD BOLIVAR,ISMAEL PERDOMO,0.0,0.0,0.0,0.0,0.0,0.0,0.0,0.0,0.0,0.0,0.0
93.0,2023,1,6.0,1,5.0,1,5.0,1,0.0,0,12.0,2.932857142857143,332178.0,96411.0,80.0,7,52.0,96.241,"3,18",896.890,"88,28",SANTA FE,LAS NIEVES,0.0,0.0,0.0,0.0,0.0,0.0,0.0,0.0,0.0,0.0,0.0
18.0,2023,1,1.0,1,1.0,1,6.0,1,0.0,0,13.0,3.272,300834.0,346380.0,10.0,3,25.0,981.613,"3,41",1.388.086,"91,6",SUBA,BRITALIA,0.0,0.0,0.0,0.0,0.0,0.0,0.0,0.0,0.0,0.0,0.0
15.0,2023,2,2.0,1,0.0,0,1.0,1,0.0,0,20.0,5.395,175550.0,49356.0,6.0,2,21.0,430.156,"3,12",1.867.529,"93,6",USAQUEN,COUNTRY CLUB,0.0,0.0,0.0,0.0,0.0,0.0,0.0,0.0,0.0,0.0,0.0
86.0,2023,2,0.0,0,0.0,0,0.0,0,0.0,0,0.0,1.568,321440.0,368145.0,0.0,0,33.0,546.809,"3,98",703.807,"85,4",BOSA,EL PORVENIR,0.0,0.0,0.0,0.0,0.0,0.0,0.0,0.0,0.0,0.0,0.0
71.0,2023,2,0.0,0,1.0,1,5.0,1,0.0,0,13.0,2.105,2325960.0,2670912.0,0.0,0,22.0,981.613,"3,41",1.388.086,"91,6",SUBA,TIBABUYES,0.0,0.0,0.0,0.0,0.0,0.0,0.0,0.0,0.0,0.0,0.0
29.0,2023,2,4.0,1,2.0,1,3.0,1,0.0,0,18.0,2.713333333333334,1291554.0,1329381.0,30.0,9,32.0,824.337,"3,41",1.089.512,"91,78",ENGATIVA,MINUTO DE DIOS,0.0,0.0,0.0,0.0,0.0,0.0,0.0,0.0,0.0,0.0,0.0
80.0,2023,2,0.0,0,2.0,1,1.0,1,0.0,0,11.0,2.0025,247816.0,277108.0,11.0,4,19.0,979.914,"3,72",999.300,"88,94",KENNEDY,CORABASTOS,0.0,0.0,0.0,0.0,0.0,0.0,0.0,0.0,0.0,0.0,0.0
99.0,2023,2,8.0,1,3.0,1,2.0,1,0.0,0,38.0,3.692,79566.0,121692.0,22.0,6,62.0,122.507,"2,43",2.288.835,"96,61",CHAPINERO,CHAPINERO,1.0,0.0,1.0,0.0,24313.0,12044.0,12269.0,0.4113025953193765,0.4113025953193765,0.0,0.8150623522699487
3.0,2023,2,0.0,0,0.0,0,0.0,0,0.0,0,0.0,6.0,0.0,1169.0,0.0,0,26.0,981.613,"3,41",1.388.086,"91,6",SUBA,GUAYMARAL,0.0,0.0,0.0,0.0,0.0,0.0,0.0,0.0,0.0,0.0,0.0
97.0,2023,2,19.0,1,3.0,1,7.0,1,0.0,0,30.0,5.211875,94384.0,420656.0,63.0,15,98.0,122.507,"2,43",2.288.835,"96,61",CHAPINERO,CHICO LAGO,0.0,0.0,0.0,0.0,0.0,0.0,0.0,0.0,0.0,0.0,0.0
94.0,2023,2,4.0,1,0.0,0,2.0,1,0.0,0,12.0,2.40875,203598.0,216855.0,43.0,8,36.0,22.115,"2,83",1.050.888,"88,9",CANDELARIA,LA CANDELARIA,0.0,0.0,0.0,0.0,0.0,0.0,0.0,0.0,0.0,0.0,0.0
76.0,2023,2,0.0,0,0.0,0,3.0,1,0.0,0,5.0,2.186666666666667,120020.0,128536.0,0.0,0,21.0,317.179,"3,46",1.428.379,"90,03",FONTIBON,FONTIBON SAN PABLO,0.0,0.0,0.0,0.0,0.0,0.0,0.0,0.0,0.0,0.0,0.0
114.0,2023,2,4.0,1,0.0,0,2.0,1,0.0,0,17.0,3.8,191930.0,197050.0,9.0,4,24.0,317.179,"3,46",1.428.379,"90,03",FONTIBON,MODELIA,0.0,0.0,0.0,0.0,0.0,0.0,0.0,0.0,0.0,0.0,0.0
89.0,2023,2,0.0,0,0.0,0,0.0,0,0.0,0,0.0,2.0666666666666664,28245.0,48603.0,0.0,0,3.0,122.507,"2,43",2.288.835,"96,61",CHAPINERO,SAN ISIDRO - PATIOS,0.0,0.0,0.0,0.0,0.0,0.0,0.0,0.0,0.0,0.0,0.0
38.0,2023,2,5.0,1,5.0,1,5.0,1,0.0,0,9.0,3.008,1246305.0,1155330.0,52.0,15,75.0,119.565,"3,92",1.095.184,"90,79",ANTONIO NARIÑO,RESTREPO,1.0,0.0,0.0,1.0,54363.0,25653.0,28710.0,0.18394864153928223,0.18394864153928223,0.389817955015008,0.0
52.0,2023,2,0.0,0,0.0,0,0.0,0,0.0,0,0.0,1.0,614920.0,740280.0,0.0,0,176.0,314.431,"4,07",569.872,"82,91",USME,LA FLORA,0.0,0.0,0.0,0.0,0.0,0.0,0.0,0.0,0.0,0.0,0.0
96.0,2023,2,0.0,0,0.0,0,1.0,1,0.0,0,5.0,1.7264285714285716,628474.0,648214.0,4.0,2,16.0,96.241,"3,18",896.890,"88,28",SANTA FE,LOURDES,0.0,0.0,0.0,0.0,0.0,0.0,0.0,0.0,0.0,0.0,0.0
84.0,2023,2,0.0,0,5.0,1,4.0,1,0.0,0,3.0,1.98,990222.0,1073760.0,1.0,1,30.0,546.809,"3,98",703.807,"85,4",BOSA,BOSA OCCIDENTAL,0.0,0.0,0.0,0.0,0.0,0.0,0.0,0.0,0.0,0.0,0.0
111.0,2023,2,5.0,1,0.0,0,1.0,1,0.0,0,12.0,2.9375,64585.0,73290.0,16.0,5,63.0,250.715,"3,55",1.116.511,"90,43",PUENTE ARANDA,PUENTE ARANDA,0.0,0.0,0.0,0.0,0.0,0.0,0.0,0.0,0.0,0.0,0.0
112.0,2023,2,1.0,1,2.0,1,3.0,1,0.0,0,26.0,3.1133333333333333,126427.0,160027.0,0.0,0,71.0,317.179,"3,46",1.428.379,"90,03",FONTIBON,GRANJAS DE TECHO,0.0,0.0,0.0,0.0,0.0,0.0,0.0,0.0,0.0,0.0,0.0
75.0,2023,2,4.0,1,3.0,1,10.0,1,0.0,0,10.0,2.913,1316550.0,1374890.0,0.0,0,58.0,317.179,"3,46",1.428.379,"90,03",FONTIBON,FONTIBON,0.0,0.0,0.0,0.0,0.0,0.0,0.0,0.0,0.0,0.0,0.0
12.0,2023,2,3.0,1,2.0,1,7.0,1,0.0,0,11.0,3.378,256245.0,260090.0,9.0,3,42.0,430.156,"3,12",1.867.529,"93,6",USAQUEN,TOBERIN,0.0,0.0,0.0,0.0,0.0,0.0,0.0,0.0,0.0,0.0,0.0
16.0,2023,2,10.0,1,7.0,1,9.0,1,0.0,0,32.0,5.738888888888889,464238.0,463266.0,18.0,6,60.0,430.156,"3,12",1.867.529,"93,6",USAQUEN,SANTA BARBARA,0.0,0.0,0.0,0.0,0.0,0.0,0.0,0.0,0.0,0.0,0.0
82.0,2023,2,0.0,0,1.0,1,3.0,1,0.0,0,5.0,1.9566666666666668,963012.0,1044870.0,9.0,4,29.0,979.914,"3,72",999.300,"88,94",KENNEDY,PATIO BONITO,1.0,0.0,1.0,0.0,136941.0,68050.0,68891.0,0.07302414908610277,0.07302414908610277,0.0,0.14515684196774614
35.0,2023,2,1.0,1,0.0,0,2.0,1,0.0,0,8.0,2.666,168705.0,154565.0,35.0,5,22.0,119.565,"3,92",1.095.184,"90,79",ANTONIO NARIÑO,CIUDAD JARDIN,0.0,0.0,0.0,0.0,0.0,0.0,0.0,0.0,0.0,0.0,0.0
68.0,2023,2,0.0,0,0.0,0,1.0,1,0.0,0,0.0,1.055,351536.0,380992.0,0.0,0,13.0,593.937,"4,09",505.335,"83,5",CIUDAD BOLIVAR,EL TESORO,0.0,0.0,0.0,0.0,0.0,0.0,0.0,0.0,0.0,0.0,0.0
27.0,2023,2,6.0,1,6.0,1,8.0,1,0.0,0,11.0,2.840909090909091,1497236.0,1751217.0,16.0,6,48.0,981.613,"3,41",1.388.086,"91,6",SUBA,SUBA,0.0,0.0,0.0,0.0,0.0,0.0,0.0,0.0,0.0,0.0,0.0
22.0,2023,2,3.0,1,1.0,1,5.0,1,0.0,0,18.0,3.292222222222222,847206.0,887247.0,37.0,8,38.0,230.066,"3,36",1.462.840,"92,44",BARRIOS UNIDOS,DOCE DE OCTUBRE,0.0,0.0,0.0,0.0,0.0,0.0,0.0,0.0,0.0,0.0,0.0
105.0,2023,2,1.0,1,0.0,0,0.0,0,0.0,0,14.0,2.67,1601.0,2464.0,4.0,1,11.0,824.337,"3,41",1.089.512,"91,78",ENGATIVA,JARDIN BOTANICO,0.0,0.0,0.0,0.0,0.0,0.0,0.0,0.0,0.0,0.0,0.0
104.0,2023,2,1.0,1,0.0,0,0.0,0,0.0,0,28.0,4.0,19494.0,20424.0,21.0,5,34.0,139.298,"2,87",1.933.116,"96,03",TEUSAQUILLO,PARQUE SIMON BOLIVAR - CAN,0.0,0.0,0.0,0.0,0.0,0.0,0.0,0.0,0.0,0.0,0.0
74.0,2023,2,0.0,0,0.0,0,5.0,1,0.0,0,4.0,2.0016666666666665,712512.0,784968.0,0.0,0,15.0,824.337,"3,41",1.089.512,"91,78",ENGATIVA,ENGATIVA,1.0,0.0,0.0,1.0,147256.0,71073.0,76183.0,0.0679089476829467,0.0679089476829467,0.14070040662417513,0.0
47.0,2023,2,6.0,1,0.0,0,2.0,1,0.0,0,10.0,3.0,865592.0,770256.0,9.0,4,28.0,979.914,"3,72",999.300,"88,94",KENNEDY,KENNEDY CENTRAL,0.0,0.0,0.0,0.0,0.0,0.0,0.0,0.0,0.0,0.0,0.0
70.0,2023,2,0.0,0,0.0,0,0.0,0,0.0,0,1.0,1.1733333333333331,789975.0,888237.0,0.0,0,23.0,593.937,"4,09",505.335,"83,5",CIUDAD BOLIVAR,JERUSALEM,0.0,0.0,0.0,0.0,0.0,0.0,0.0,0.0,0.0,0.0,0.0
66.0,2023,2,0.0,0,0.0,0,0.0,0,0.0,0,1.0,1.8425,597168.0,609704.0,4.0,3,26.0,593.937,"4,09",505.335,"83,5",CIUDAD BOLIVAR,SAN FRANCISCO,0.0,0.0,0.0,0.0,0.0,0.0,0.0,0.0,0.0,0.0,0.0
65.0,2023,2,0.0,0,0.0,0,1.0,1,0.0,0,4.0,2.463333333333334,349194.0,364512.0,9.0,3,21.0,593.937,"4,09",505.335,"83,5",CIUDAD BOLIVAR,ARBORIZADORA,0.0,0.0,0.0,0.0,0.0,0.0,0.0,0.0,0.0,0.0,0.0
79.0,2023,2,0.0,0,0.0,0,0.0,0,0.0,0,4.0,2.1333333333333333,167274.0,204984.0,3.0,2,22.0,979.914,"3,72",999.300,"88,94",KENNEDY,CALANDAIMA,0.0,0.0,0.0,0.0,0.0,0.0,0.0,0.0,0.0,0.0,0.0
59.0,2023,2,0.0,0,0.0,0,0.0,0,0.0,0,0.0,1.0,163808.0,216380.0,0.0,0,6.0,314.431,"4,07",569.872,"82,91",USME,ALFONSO LOPEZ,0.0,0.0,0.0,0.0,0.0,0.0,0.0,0.0,0.0,0.0,0.0
45.0,2023,2,1.0,1,3.0,1,4.0,1,0.0,0,15.0,2.7914285714285714,737583.0,674359.0,9.0,4,35.0,979.914,"3,72",999.300,"88,94",KENNEDY,CARVAJAL,0.0,0.0,0.0,0.0,0.0,0.0,0.0,0.0,0.0,0.0,0.0
20.0,2023,2,2.0,1,1.0,1,9.0,1,0.0,0,49.0,4.996666666666667,231126.0,219822.0,33.0,6,26.0,981.613,"3,41",1.388.086,"91,6",SUBA,LA ALHAMBRA,0.0,0.0,0.0,0.0,0.0,0.0,0.0,0.0,0.0,0.0,0.0
51.0,2023,2,0.0,0,0.0,0,1.0,1,0.0,0,0.0,1.68875,263745.0,660861.0,0.0,0,15.0,404.35,"3,73",706.208,"83,68",SAN CRISTOBAL,LOS LIBERTADORES,0.0,0.0,0.0,0.0,0.0,0.0,0.0,0.0,0.0,0.0,0.0
115.0,2023,2,4.0,1,2.0,1,0.0,0,0.0,0,17.0,3.314,77135.0,83285.0,6.0,3,26.0,317.179,"3,46",1.428.379,"90,03",FONTIBON,CAPELLANIA,0.0,0.0,0.0,0.0,0.0,0.0,0.0,0.0,0.0,0.0,0.0
43.0,2023,2,0.0,0,1.0,1,5.0,1,0.0,0,14.0,3.0,844074.0,844239.0,17.0,8,31.0,250.715,"3,55",1.116.511,"90,43",PUENTE ARANDA,SAN RAFAEL,0.0,0.0,0.0,0.0,0.0,0.0,0.0,0.0,0.0,0.0,0.0
25.0,2023,2,5.0,1,2.0,1,5.0,1,0.0,0,29.0,4.04,127070.0,126620.0,24.0,5,25.0,981.613,"3,41",1.388.086,"91,6",SUBA,LA FLORESTA,0.0,0.0,0.0,0.0,0.0,0.0,0.0,0.0,0.0,0.0,0.0
56.0,2023,2,0.0,0,0.0,0,0.0,0,0.0,0,0.0,1.508,205135.0,253351.0,6.0,6,8.0,314.431,"4,07",569.872,"82,91",USME,DANUBIO,0.0,0.0,0.0,0.0,0.0,0.0,0.0,0.0,0.0,0.0,0.0
26.0,2023,2,6.0,1,4.0,1,8.0,1,0.0,0,23.0,3.0646153846153847,1441973.0,1441167.0,19.0,5,69.0,824.337,"3,41",1.089.512,"91,78",ENGATIVA,LAS FERIAS,0.0,0.0,0.0,0.0,0.0,0.0,0.0,0.0,0.0,0.0,0.0
102.0,2023,2,3.0,1,2.0,1,6.0,1,0.0,0,25.0,2.8186666666666667,764715.0,782955.0,131.0,15,94.0,94.944,"3,53",1.059.511,"89,78",LOS MARTIRES,LA SABANA,0.0,0.0,0.0,0.0,0.0,0.0,0.0,0.0,0.0,0.0,0.0
2.0,2023,2,0.0,0,0.0,0,0.0,0,0.0,0,3.0,5.058,10545.0,13800.0,3.0,2,95.0,981.613,"3,41",1.388.086,"91,6",SUBA,LA ACADEMIA,0.0,0.0,0.0,0.0,0.0,0.0,0.0,0.0,0.0,0.0,0.0
116.0,2023,2,2.0,1,1.0,1,2.0,1,0.0,0,18.0,3.155,24638.0,27282.0,3.0,1,17.0,824.337,"3,41",1.089.512,"91,78",ENGATIVA,ALAMOS,0.0,0.0,0.0,0.0,0.0,0.0,0.0,0.0,0.0,0.0,0.0
81.0,2023,2,1.0,1,0.0,0,1.0,1,0.0,0,9.0,2.0025,290204.0,283616.0,1.0,1,16.0,979.914,"3,72",999.300,"88,94",KENNEDY,GRAN BRITALIA,0.0,0.0,0.0,0.0,0.0,0.0,0.0,0.0,0.0,0.0,0.0
52.0,2023,2,0.0,0,0.0,0,0.0,0,0.0,0,0.0,1.0,614920.0,740280.0,0.0,0,176.0,314.431,"4,07",569.872,"82,91",USME,LA FLORA,0.0,0.0,0.0,0.0,0.0,0.0,0.0,0.0,0.0,0.0,0.0
33.0,2023,2,0.0,0,2.0,1,2.0,1,0.0,0,2.0,2.8193333333333332,1647904.0,748256.0,42.0,13,30.0,404.35,"3,73",706.208,"83,68",SAN CRISTOBAL,SOSIEGO,0.0,0.0,0.0,0.0,0.0,0.0,0.0,0.0,0.0,0.0,0.0
19.0,2023,2,4.0,1,8.0,1,12.0,1,0.0,0,27.0,3.51625,692512.0,712104.0,25.0,8,34.0,981.613,"3,41",1.388.086,"91,6",SUBA,EL PRADO,0.0,0.0,0.0,0.0,0.0,0.0,0.0,0.0,0.0,0.0,0.0
41.0,2023,2,2.0,1,0.0,0,2.0,1,0.0,0,13.0,3.0,523602.0,513468.0,24.0,8,22.0,250.715,"3,55",1.116.511,"90,43",PUENTE ARANDA,MUZU,0.0,0.0,0.0,0.0,0.0,0.0,0.0,0.0,0.0,0.0,0.0
37.0,2023,2,1.0,1,1.0,1,2.0,1,0.0,0,20.0,3.0,307027.0,315602.0,40.0,7,41.0,94.944,"3,53",1.059.511,"89,78",LOS MARTIRES,SANTA ISABEL,0.0,0.0,0.0,0.0,0.0,0.0,0.0,0.0,0.0,0.0,0.0
107.0,2023,2,3.0,1,1.0,1,3.0,1,0.0,0,23.0,3.77,207448.0,216792.0,32.0,8,35.0,139.298,"2,87",1.933.116,"96,03",TEUSAQUILLO,QUINTA PAREDES,0.0,0.0,0.0,0.0,0.0,0.0,0.0,0.0,0.0,0.0,0.0
73.0,2023,2,2.0,1,1.0,1,4.0,1,0.0,0,8.0,2.775714285714286,955689.0,1044302.0,4.0,2,40.0,824.337,"3,41",1.089.512,"91,78",ENGATIVA,GARCES NAVAS,0.0,0.0,0.0,0.0,0.0,0.0,0.0,0.0,0.0,0.0,0.0
31.0,2023,2,3.0,1,1.0,1,3.0,1,0.0,0,22.0,3.318333333333334,409362.0,391260.0,10.0,4,38.0,824.337,"3,41",1.089.512,"91,78",ENGATIVA,SANTA CECILIA,0.0,0.0,0.0,0.0,0.0,0.0,0.0,0.0,0.0,0.0,0.0
58.0,2023,2,0.0,0,1.0,1,1.0,1,0.0,0,0.0,1.5654545454545454,857659.0,954745.0,0.0,0,29.0,314.431,"4,07",569.872,"82,91",USME,COMUNEROS,0.0,0.0,0.0,0.0,0.0,0.0,0.0,0.0,0.0,0.0,0.0
13.0,2023,2,3.0,1,1.0,1,11.0,1,0.0,0,12.0,4.381666666666667,1717632.0,1842552.0,20.0,5,88.0,430.156,"3,12",1.867.529,"93,6",USAQUEN,LOS CEDROS,1.0,0.0,0.0,1.0,132653.0,59075.0,73578.0,0.07538465017753085,0.07538465017753085,0.16927634363097757,0.0
63.0,2023,2,0.0,0,0.0,0,0.0,0,0.0,0,0.0,,1596.0,5864.0,2.0,2,6.0,593.937,"4,09",505.335,"83,5",CIUDAD BOLIVAR,EL MOCHUELO,0.0,0.0,0.0,0.0,0.0,0.0,0.0,0.0,0.0,0.0,0.0
87.0,2023,2,0.0,0,0.0,0,0.0,0,0.0,0,2.0,1.765,212992.0,339512.0,0.0,0,47.0,546.809,"3,98",703.807,"85,4",BOSA,TINTAL SUR,0.0,0.0,0.0,0.0,0.0,0.0,0.0,0.0,0.0,0.0,0.0
77.0,2023,2,1.0,1,0.0,0,0.0,0,0.0,0,5.0,2.045,283878.0,356976.0,0.0,0,13.0,317.179,"3,46",1.428.379,"90,03",FONTIBON,ZONA FRANCA,0.0,0.0,0.0,0.0,0.0,0.0,0.0,0.0,0.0,0.0,0.0
39.0,2023,2,1.0,1,3.0,1,7.0,1,0.0,0,10.0,3.0,1410480.0,1306815.0,45.0,15,69.0,378.78,"3,72",591.317,"87,06",RAFAEL URIBE URIBE,QUIROGA,0.0,0.0,0.0,0.0,0.0,0.0,0.0,0.0,0.0,0.0,0.0
108.0,2023,2,1.0,1,0.0,0,1.0,1,0.0,0,18.0,2.685714285714286,33520.0,33976.0,48.0,8,66.0,250.715,"3,55",1.116.511,"90,43",PUENTE ARANDA,ZONA INDUSTRIAL,1.0,0.0,0.0,1.0,6832.0,3373.0,3459.0,1.4637002341920375,1.4637002341920375,2.964719833975689,0.0
61.0,2023,2,0.0,0,0.0,0,0.0,0,0.0,0,0.0,1.2366666666666666,79500.0,134960.0,0.0,0,65.0,314.431,"4,07",569.872,"82,91",USME,CIUDAD USME,0.0,0.0,0.0,0.0,0.0,0.0,0.0,0.0,0.0,0.0,0.0
1.0,2023,2,0.0,0,0.0,0,0.0,0,0.0,0,3.0,4.0,52488.0,63828.0,3.0,3,83.0,430.156,"3,12",1.867.529,"93,6",USAQUEN,PASEO DE LOS LIBERTADORES,0.0,0.0,0.0,0.0,0.0,0.0,0.0,0.0,0.0,0.0,0.0
46.0,2023,2,4.0,1,2.0,1,5.0,1,0.0,0,10.0,2.72,884656.0,1003288.0,18.0,6,40.0,979.914,"3,72",999.300,"88,94",KENNEDY,CASTILLA,0.0,0.0,0.0,0.0,0.0,0.0,0.0,0.0,0.0,0.0,0.0
85.0,2023,2,2.0,1,2.0,1,6.0,1,0.0,0,3.0,1.9988888888888892,2537808.0,2654832.0,17.0,6,39.0,546.809,"3,98",703.807,"85,4",BOSA,BOSA CENTRAL,0.0,0.0,0.0,0.0,0.0,0.0,0.0,0.0,0.0,0.0,0.0
60.0,2023,2,0.0,0,0.0,0,0.0,0,0.0,0,1.0,1.11,10544.0,15584.0,0.0,0,0.0,314.431,"4,07",569.872,"82,91",USME,PARQUE ENTRENUBES,0.0,0.0,0.0,0.0,0.0,0.0,0.0,0.0,0.0,0.0,0.0
60.0,2023,2,0.0,0,0.0,0,0.0,0,0.0,0,1.0,1.11,10544.0,15584.0,0.0,0,0.0,314.431,"4,07",569.872,"82,91",USME,PARQUE ENTRENUBES,0.0,0.0,0.0,0.0,0.0,0.0,0.0,0.0,0.0,0.0,0.0
30.0,2023,2,2.0,1,5.0,1,10.0,1,0.0,0,22.0,3.001818181818182,1427481.0,1341120.0,25.0,7,42.0,824.337,"3,41",1.089.512,"91,78",ENGATIVA,BOYACA REAL,0.0,0.0,0.0,0.0,0.0,0.0,0.0,0.0,0.0,0.0,0.0
72.0,2023,2,0.0,0,1.0,1,1.0,1,0.0,0,11.0,3.0,331356.0,345116.0,4.0,2,21.0,824.337,"3,41",1.089.512,"91,78",ENGATIVA,BOLIVIA,0.0,0.0,0.0,0.0,0.0,0.0,0.0,0.0,0.0,0.0,0.0
57.0,2023,2,0.0,0,5.0,1,2.0,1,0.0,0,0.0,1.7740000000000002,1391324.0,1519562.0,3.0,3,23.0,314.431,"4,07",569.872,"82,91",USME,GRAN YOMASA,0.0,0.0,0.0,0.0,0.0,0.0,0.0,0.0,0.0,0.0,0.0
23.0,2023,2,1.0,1,0.0,0,5.0,1,0.0,0,21.0,3.5728571428571425,209118.0,255647.0,7.0,5,41.0,981.613,"3,41",1.388.086,"91,6",SUBA,CASA BLANCA SUBA,0.0,0.0,0.0,0.0,0.0,0.0,0.0,0.0,0.0,0.0,0.0
88.0,2023,2,1.0,1,0.0,0,0.0,0,0.0,0,29.0,5.9375,358776.0,369156.0,3.0,2,60.0,122.507,"2,43",2.288.835,"96,61",CHAPINERO,EL REFUGIO,0.0,0.0,0.0,0.0,0.0,0.0,0.0,0.0,0.0,0.0,0.0
9.0,2023,2,1.0,1,3.0,1,5.0,1,0.0,0,2.0,2.7445454545454546,927663.0,1059410.0,9.0,4,60.0,430.156,"3,12",1.867.529,"93,6",USAQUEN,VERBENAL,0.0,0.0,0.0,0.0,0.0,0.0,0.0,0.0,0.0,0.0,0.0
109.0,2023,2,1.0,1,0.0,0,1.0,1,0.0,0,14.0,4.123333333333334,44058.0,53832.0,12.0,3,32.0,139.298,"2,87",1.933.116,"96,03",TEUSAQUILLO,CIUDAD SALITRE ORIENTAL,0.0,0.0,0.0,0.0,0.0,0.0,0.0,0.0,0.0,0.0,0.0
49.0,2023,2,0.0,0,1.0,1,0.0,0,0.0,0,5.0,2.3333333333333335,124191.0,114375.0,10.0,3,11.0,546.809,"3,98",703.807,"85,4",BOSA,APOGEO,0.0,0.0,0.0,0.0,0.0,0.0,0.0,0.0,0.0,0.0,0.0
14.0,2023,2,1.0,1,0.0,0,2.0,1,0.0,0,35.0,4.66,375100.0,457974.0,0.0,0,45.0,430.156,"3,12",1.867.529,"93,6",USAQUEN,USAQUEN,0.0,0.0,0.0,0.0,0.0,0.0,0.0,0.0,0.0,0.0,0.0
32.0,2023,2,0.0,0,0.0,0,1.0,1,0.0,0,0.0,1.7457142857142858,1408200.0,1428675.0,0.0,0,47.0,404.35,"3,73",706.208,"83,68",SAN CRISTOBAL,SAN BLAS,0.0,0.0,0.0,0.0,0.0,0.0,0.0,0.0,0.0,0.0,0.0
92.0,2023,2,1.0,1,0.0,0,0.0,0,0.0,0,14.0,2.5425,132324.0,86100.0,26.0,6,25.0,96.241,"3,18",896.890,"88,28",SANTA FE,LA MACARENA,1.0,0.0,0.0,1.0,12525.0,6138.0,6387.0,0.7984031936127745,0.7984031936127745,1.6291951775822744,0.0
11.0,2023,2,1.0,1,2.0,1,5.0,1,0.0,0,6.0,2.3000000000000003,373404.0,436080.0,0.0,0,21.0,430.156,"3,12",1.867.529,"93,6",USAQUEN,SAN CRISTOBAL NORTE,0.0,0.0,0.0,0.0,0.0,0.0,0.0,0.0,0.0,0.0,0.0
36.0,2023,2,1.0,1,0.0,0,2.0,1,0.0,0,7.0,2.97,350595.0,343350.0,26.0,7,19.0,378.78,"3,72",591.317,"87,06",RAFAEL URIBE URIBE,SAN JOSE,0.0,0.0,0.0,0.0,0.0,0.0,0.0,0.0,0.0,0.0,0.0
53.0,2023,2,0.0,0,1.0,1,2.0,1,0.0,0,3.0,2.442857142857143,479920.0,461139.0,21.0,6,14.0,378.78,"3,72",591.317,"87,06",RAFAEL URIBE URIBE,MARCO FIDEL SUAREZ,0.0,0.0,0.0,0.0,0.0,0.0,0.0,0.0,0.0,0.0,0.0
50.0,2023,2,0.0,0,1.0,1,1.0,1,0.0,0,1.0,1.9327272727272728,215222.0,1432186.0,1.0,1,21.0,404.35,"3,73",706.208,"83,68",SAN CRISTOBAL,LA GLORIA,0.0,0.0,0.0,0.0,0.0,0.0,0.0,0.0,0.0,0.0,0.0
110.0,2023,2,3.0,1,1.0,1,0.0,0,0.0,0,22.0,4.074999999999999,71780.0,82212.0,7.0,2,29.0,317.179,"3,46",1.428.379,"90,03",FONTIBON,CIUDAD SALITRE OCCIDENTAL,0.0,0.0,0.0,0.0,0.0,0.0,0.0,0.0,0.0,0.0,0.0
10.0,2023,2,0.0,0,1.0,1,1.0,1,0.0,0,8.0,2.87125,122265.0,153495.0,5.0,2,29.0,430.156,"3,12",1.867.529,"93,6",USAQUEN,LA URIBE,0.0,0.0,0.0,0.0,0.0,0.0,0.0,0.0,0.0,0.0,0.0
42.0,2023,2,1.0,1,2.0,1,1.0,1,0.0,0,9.0,2.4250000000000003,2179040.0,2310720.0,35.0,13,66.0,182.532,"3,63",829.895,"87,19",TUNJUELITO,VENECIA,0.0,0.0,0.0,0.0,0.0,0.0,0.0,0.0,0.0,0.0,0.0
103.0,2023,2,0.0,0,0.0,0,0.0,0,0.0,0,24.0,3.0,10953.0,12423.0,5.0,2,15.0,230.066,"3,36",1.462.840,"92,44",BARRIOS UNIDOS,PARQUE SALITRE,0.0,0.0,0.0,0.0,0.0,0.0,0.0,0.0,0.0,0.0,0.0
21.0,2023,2,4.0,1,1.0,1,7.0,1,0.0,0,48.0,3.762,225860.0,233125.0,52.0,5,22.0,230.066,"3,36",1.462.840,"92,44",BARRIOS UNIDOS,LOS ANDES,0.0,0.0,0.0,0.0,0.0,0.0,0.0,0.0,0.0,0.0,0.0
55.0,2023,2,0.0,0,0.0,0,0.0,0,0.0,0,0.0,1.5539999999999998,379860.0,395955.0,0.0,0,7.0,378.78,"3,72",591.317,"87,06",RAFAEL URIBE URIBE,DIANA TURBAY,0.0,0.0,0.0,0.0,0.0,0.0,0.0,0.0,0.0,0.0,0.0
113.0,2023,2,0.0,0,1.0,1,3.0,1,0.0,0,13.0,3.2925,104270.0,104965.0,8.0,3,26.0,979.914,"3,72",999.300,"88,94",KENNEDY,BAVARIA,0.0,0.0,0.0,0.0,0.0,0.0,0.0,0.0,0.0,0.0,0.0
60.0,2023,2,0.0,0,0.0,0,0.0,0,0.0,0,1.0,1.11,10544.0,15584.0,0.0,0,0.0,314.431,"4,07",569.872,"82,91",USME,PARQUE ENTRENUBES,0.0,0.0,0.0,0.0,0.0,0.0,0.0,0.0,0.0,0.0,0.0
60.0,2023,2,0.0,0,0.0,0,0.0,0,0.0,0,1.0,1.11,10544.0,15584.0,0.0,0,0.0,314.431,"4,07",569.872,"82,91",USME,PARQUE ENTRENUBES,0.0,0.0,0.0,0.0,0.0,0.0,0.0,0.0,0.0,0.0,0.0
90.0,2023,2,1.0,1,1.0,1,4.0,1,0.0,0,42.0,3.05,275954.0,520674.0,22.0,10,60.0,122.507,"2,43",2.288.835,"96,61",CHAPINERO,PARDO RUBIO,0.0,0.0,0.0,0.0,0.0,0.0,0.0,0.0,0.0,0.0,0.0
67.0,2023,2,0.0,0,1.0,1,3.0,1,0.0,0,1.0,1.256470588235294,2609568.0,2765373.0,2.0,1,30.0,593.937,"4,09",505.335,"83,5",CIUDAD BOLIVAR,LUCERO,0.0,0.0,0.0,0.0,0.0,0.0,0.0,0.0,0.0,0.0,0.0
83.0,2023,2,0.0,0,0.0,0,0.0,0,0.0,0,1.0,2.0,24432.0,29572.0,1.0,1,11.0,979.914,"3,72",999.300,"88,94",KENNEDY,LAS MARGARITAS,0.0,0.0,0.0,0.0,0.0,0.0,0.0,0.0,0.0,0.0,0.0
101.0,2023,2,4.0,1,0.0,0,3.0,1,0.0,0,35.0,3.8711111111111105,267970.0,273160.0,65.0,10,59.0,139.298,"2,87",1.933.116,"96,03",TEUSAQUILLO,TEUSAQUILLO,0.0,0.0,0.0,0.0,0.0,0.0,0.0,0.0,0.0,0.0,0.0
54.0,2023,2,0.0,0,0.0,0,0.0,0,0.0,0,3.0,1.83,984621.0,1061115.0,21.0,8,28.0,378.78,"3,72",591.317,"87,06",RAFAEL URIBE URIBE,MARRUECOS,0.0,0.0,0.0,0.0,0.0,0.0,0.0,0.0,0.0,0.0,0.0
78.0,2023,2,0.0,0,1.0,1,0.0,0,0.0,0,10.0,1.956,79812.0,176088.0,0.0,0,25.0,979.914,"3,72",999.300,"88,94",KENNEDY,TINTAL NORTE,0.0,0.0,0.0,0.0,0.0,0.0,0.0,0.0,0.0,0.0,0.0
100.0,2023,2,8.0,1,2.0,1,2.0,1,0.0,0,22.0,3.59625,300195.0,309096.0,38.0,9,56.0,139.298,"2,87",1.933.116,"96,03",TEUSAQUILLO,GALERIAS,0.0,0.0,0.0,0.0,0.0,0.0,0.0,0.0,0.0,0.0,0.0
34.0,2023,2,0.0,0,4.0,1,2.0,1,0.0,0,2.0,2.346363636363636,864012.0,1108236.0,26.0,12,30.0,404.35,"3,73",706.208,"83,68",SAN CRISTOBAL,20 DE JULIO,0.0,0.0,0.0,0.0,0.0,0.0,0.0,0.0,0.0,0.0,0.0
106.0,2023,2,2.0,1,0.0,0,4.0,1,0.0,0,12.0,4.164,167560.0,168920.0,17.0,5,30.0,139.298,"2,87",1.933.116,"96,03",TEUSAQUILLO,LA ESMERALDA,0.0,0.0,0.0,0.0,0.0,0.0,0.0,0.0,0.0,0.0,0.0
91.0,2023,2,2.0,1,2.0,1,2.0,1,0.0,0,25.0,3.3285714285714287,96894.0,41153.0,42.0,7,37.0,96.241,"3,18",896.890,"88,28",SANTA FE,SAGRADO CORAZON,0.0,0.0,0.0,0.0,0.0,0.0,0.0,0.0,0.0,0.0,0.0
95.0,2023,2,0.0,0,0.0,0,1.0,1,0.0,0,22.0,2.0,260205.0,69723.0,19.0,3,15.0,96.241,"3,18",896.890,"88,28",SANTA FE,LAS CRUCES,0.0,0.0,0.0,0.0,0.0,0.0,0.0,0.0,0.0,0.0,0.0
40.0,2023,2,2.0,1,0.0,0,3.0,1,0.0,0,16.0,3.0,1219392.0,1267944.0,21.0,8,62.0,250.715,"3,55",1.116.511,"90,43",PUENTE ARANDA,CIUDAD MONTES,0.0,0.0,0.0,0.0,0.0,0.0,0.0,0.0,0.0,0.0,0.0
117.0,2023,2,0.0,0,0.0,0,0.0,0,0.0,0,12.0,3.0,824.0,1670.0,1.0,1,17.0,317.179,"3,46",1.428.379,"90,03",FONTIBON,AEROPUERTO EL DORADO,0.0,0.0,0.0,0.0,0.0,0.0,0.0,0.0,0.0,0.0,0.0
64.0,2023,2,0.0,0,0.0,0,0.0,0,0.0,0,0.0,1.0,5590.0,25895.0,0.0,0,7.0,593.937,"4,09",505.335,"83,5",CIUDAD BOLIVAR,MONTE BLANCO,0.0,0.0,0.0,0.0,0.0,0.0,0.0,0.0,0.0,0.0,0.0
48.0,2023,2,1.0,1,1.0,1,0.0,0,0.0,0,11.0,2.7455555555555557,1310472.0,1325682.0,5.0,3,18.0,979.914,"3,72",999.300,"88,94",KENNEDY,TIMIZA,0.0,0.0,0.0,0.0,0.0,0.0,0.0,0.0,0.0,0.0,0.0
98.0,2023,2,3.0,1,3.0,1,8.0,1,0.0,0,44.0,3.0542105263157895,1522242.0,1559634.0,99.0,19,81.0,230.066,"3,36",1.462.840,"92,44",BARRIOS UNIDOS,LOS ALCAZARES,1.0,0.0,1.0,0.0,39311.0,19146.0,20165.0,0.2543817252168604,0.2543817252168604,0.0,0.49590875278948676
28.0,2023,2,3.0,1,13.0,1,17.0,1,0.0,0,21.0,2.287857142857143,3797108.0,4228084.0,17.0,6,49.0,981.613,"3,41",1.388.086,"91,6",SUBA,EL RINCON,0.0,0.0,0.0,0.0,0.0,0.0,0.0,0.0,0.0,0.0,0.0
17.0,2023,2,2.0,1,0.0,0,4.0,1,0.0,0,12.0,4.285,226840.0,238870.0,6.0,2,32.0,981.613,"3,41",1.388.086,"91,6",SUBA,SAN JOSE DE BAVARIA,0.0,0.0,0.0,0.0,0.0,0.0,0.0,0.0,0.0,0.0,0.0
24.0,2023,2,5.0,1,2.0,1,20.0,1,0.0,0,21.0,4.819999999999999,859833.0,845949.0,36.0,12,69.0,981.613,"3,41",1.388.086,"91,6",SUBA,NIZA,0.0,0.0,0.0,0.0,0.0,0.0,0.0,0.0,0.0,0.0,0.0
44.0,2023,2,3.0,1,2.0,1,2.0,1,0.0,0,20.0,3.22875,673424.0,676672.0,20.0,7,33.0,979.914,"3,72",999.300,"88,94",KENNEDY,AMERICAS,0.0,0.0,0.0,0.0,0.0,0.0,0.0,0.0,0.0,0.0,0.0
62.0,2023,2,0.0,0,2.0,1,2.0,1,0.0,0,2.0,2.024,338366.0,403893.0,26.0,7,26.0,182.532,"3,63",829.895,"87,19",TUNJUELITO,TUNJUELITO,0.0,0.0,0.0,0.0,0.0,0.0,0.0,0.0,0.0,0.0,0.0
69.0,2023,2,1.0,1,1.0,1,2.0,1,0.0,0,3.0,1.3691666666666666,1779216.0,1964304.0,13.0,6,22.0,593.937,"4,09",505.335,"83,5",CIUDAD BOLIVAR,ISMAEL PERDOMO,0.0,0.0,0.0,0.0,0.0,0.0,0.0,0.0,0.0,0.0,0.0
93.0,2023,2,8.0,1,5.0,1,5.0,1,0.0,0,15.0,2.932857142857143,332178.0,96411.0,80.0,7,52.0,96.241,"3,18",896.890,"88,28",SANTA FE,LAS NIEVES,0.0,0.0,0.0,0.0,0.0,0.0,0.0,0.0,0.0,0.0,0.0
18.0,2023,2,1.0,1,1.0,1,8.0,1,0.0,0,13.0,3.272,300834.0,346380.0,10.0,3,25.0,981.613,"3,41",1.388.086,"91,6",SUBA,BRITALIA,0.0,0.0,0.0,0.0,0.0,0.0,0.0,0.0,0.0,0.0,0.0
15.0,2023,3,2.0,1,0.0,0,1.0,1,0.0,0,21.0,5.395,175550.0,49356.0,6.0,2,21.0,430.156,"3,12",1.867.529,"93,6",USAQUEN,COUNTRY CLUB,0.0,0.0,0.0,0.0,0.0,0.0,0.0,0.0,0.0,0.0,0.0
86.0,2023,3,0.0,0,0.0,0,0.0,0,0.0,0,0.0,1.568,321440.0,368145.0,0.0,0,33.0,546.809,"3,98",703.807,"85,4",BOSA,EL PORVENIR,0.0,0.0,0.0,0.0,0.0,0.0,0.0,0.0,0.0,0.0,0.0
71.0,2023,3,0.0,0,1.0,1,5.0,1,0.0,0,13.0,2.105,2325960.0,2670912.0,0.0,0,22.0,981.613,"3,41",1.388.086,"91,6",SUBA,TIBABUYES,1.0,0.0,0.0,1.0,315601.0,153094.0,162507.0,0.031685577675609394,0.031685577675609394,0.0653193462839824,0.0
29.0,2023,3,4.0,1,2.0,1,3.0,1,0.0,0,19.0,2.713333333333334,1291554.0,1329381.0,30.0,9,32.0,824.337,"3,41",1.089.512,"91,78",ENGATIVA,MINUTO DE DIOS,1.0,0.0,0.0,1.0,105098.0,49265.0,55833.0,0.0951492892348094,0.0951492892348094,0.20298386278290875,0.0
80.0,2023,3,0.0,0,2.0,1,1.0,1,0.0,0,11.0,2.0025,247816.0,277108.0,11.0,4,19.0,979.914,"3,72",999.300,"88,94",KENNEDY,CORABASTOS,0.0,0.0,0.0,0.0,0.0,0.0,0.0,0.0,0.0,0.0,0.0
99.0,2023,3,9.0,1,3.0,1,2.0,1,0.0,0,39.0,3.692,79566.0,121692.0,22.0,6,62.0,122.507,"2,43",2.288.835,"96,61",CHAPINERO,CHAPINERO,0.0,0.0,0.0,0.0,0.0,0.0,0.0,0.0,0.0,0.0,0.0
3.0,2023,3,0.0,0,0.0,0,0.0,0,0.0,0,0.0,6.0,0.0,1169.0,0.0,0,26.0,981.613,"3,41",1.388.086,"91,6",SUBA,GUAYMARAL,0.0,0.0,0.0,0.0,0.0,0.0,0.0,0.0,0.0,0.0,0.0
97.0,2023,3,19.0,1,3.0,1,7.0,1,0.0,0,31.0,5.211875,94384.0,420656.0,63.0,15,98.0,122.507,"2,43",2.288.835,"96,61",CHAPINERO,CHICO LAGO,1.0,0.0,1.0,0.0,35832.0,16761.0,19071.0,0.2790801518196026,0.2790801518196026,0.0,0.5243563525772115
94.0,2023,3,4.0,1,0.0,0,2.0,1,0.0,0,12.0,2.40875,203598.0,216855.0,43.0,8,36.0,22.115,"2,83",1.050.888,"88,9",CANDELARIA,LA CANDELARIA,0.0,0.0,0.0,0.0,0.0,0.0,0.0,0.0,0.0,0.0,0.0
76.0,2023,3,0.0,0,0.0,0,3.0,1,0.0,0,6.0,2.186666666666667,120020.0,128536.0,0.0,0,21.0,317.179,"3,46",1.428.379,"90,03",FONTIBON,FONTIBON SAN PABLO,0.0,0.0,0.0,0.0,0.0,0.0,0.0,0.0,0.0,0.0,0.0
114.0,2023,3,4.0,1,0.0,0,2.0,1,0.0,0,22.0,3.8,191930.0,197050.0,9.0,4,24.0,317.179,"3,46",1.428.379,"90,03",FONTIBON,MODELIA,1.0,0.0,0.0,1.0,43185.0,19895.0,23290.0,0.2315618849137432,0.2315618849137432,0.5026388539834129,0.0
89.0,2023,3,0.0,0,0.0,0,0.0,0,0.0,0,0.0,2.0666666666666664,28245.0,48603.0,0.0,0,3.0,122.507,"2,43",2.288.835,"96,61",CHAPINERO,SAN ISIDRO - PATIOS,0.0,0.0,0.0,0.0,0.0,0.0,0.0,0.0,0.0,0.0,0.0
38.0,2023,3,6.0,1,5.0,1,5.0,1,0.0,0,10.0,3.008,1246305.0,1155330.0,52.0,15,75.0,119.565,"3,92",1.095.184,"90,79",ANTONIO NARIÑO,RESTREPO,0.0,0.0,0.0,0.0,0.0,0.0,0.0,0.0,0.0,0.0,0.0
52.0,2023,3,0.0,0,0.0,0,0.0,0,0.0,0,0.0,1.0,614920.0,740280.0,0.0,0,176.0,314.431,"4,07",569.872,"82,91",USME,LA FLORA,0.0,0.0,0.0,0.0,0.0,0.0,0.0,0.0,0.0,0.0,0.0
96.0,2023,3,0.0,0,0.0,0,1.0,1,0.0,0,5.0,1.7264285714285716,628474.0,648214.0,4.0,2,16.0,96.241,"3,18",896.890,"88,28",SANTA FE,LOURDES,0.0,0.0,0.0,0.0,0.0,0.0,0.0,0.0,0.0,0.0,0.0
84.0,2023,3,0.0,0,5.0,1,4.0,1,0.0,0,3.0,1.98,990222.0,1073760.0,1.0,1,30.0,546.809,"3,98",703.807,"85,4",BOSA,BOSA OCCIDENTAL,0.0,0.0,0.0,0.0,0.0,0.0,0.0,0.0,0.0,0.0,0.0
111.0,2023,3,5.0,1,0.0,0,1.0,1,0.0,0,13.0,2.9375,64585.0,73290.0,16.0,5,63.0,250.715,"3,55",1.116.511,"90,43",PUENTE ARANDA,PUENTE ARANDA,0.0,0.0,0.0,0.0,0.0,0.0,0.0,0.0,0.0,0.0,0.0
112.0,2023,3,1.0,1,2.0,1,3.0,1,0.0,0,28.0,3.1133333333333333,126427.0,160027.0,0.0,0,71.0,317.179,"3,46",1.428.379,"90,03",FONTIBON,GRANJAS DE TECHO,1.0,0.0,0.0,1.0,55562.0,25714.0,29848.0,0.1799791224217991,0.1799791224217991,0.3888932099245547,0.0
75.0,2023,3,5.0,1,4.0,1,11.0,1,0.0,0,10.0,2.913,1316550.0,1374890.0,0.0,0,58.0,317.179,"3,46",1.428.379,"90,03",FONTIBON,FONTIBON,0.0,0.0,0.0,0.0,0.0,0.0,0.0,0.0,0.0,0.0,0.0
12.0,2023,3,3.0,1,2.0,1,7.0,1,0.0,0,12.0,3.378,256245.0,260090.0,9.0,3,42.0,430.156,"3,12",1.867.529,"93,6",USAQUEN,TOBERIN,0.0,0.0,0.0,0.0,0.0,0.0,0.0,0.0,0.0,0.0,0.0
16.0,2023,3,10.0,1,7.0,1,9.0,1,0.0,0,33.0,5.738888888888889,464238.0,463266.0,18.0,6,60.0,430.156,"3,12",1.867.529,"93,6",USAQUEN,SANTA BARBARA,0.0,0.0,0.0,0.0,0.0,0.0,0.0,0.0,0.0,0.0,0.0
82.0,2023,3,0.0,0,1.0,1,3.0,1,0.0,0,5.0,1.9566666666666668,963012.0,1044870.0,9.0,4,29.0,979.914,"3,72",999.300,"88,94",KENNEDY,PATIO BONITO,0.0,0.0,0.0,0.0,0.0,0.0,0.0,0.0,0.0,0.0,0.0
35.0,2023,3,1.0,1,0.0,0,2.0,1,0.0,0,9.0,2.666,168705.0,154565.0,35.0,5,22.0,119.565,"3,92",1.095.184,"90,79",ANTONIO NARIÑO,CIUDAD JARDIN,0.0,0.0,0.0,0.0,0.0,0.0,0.0,0.0,0.0,0.0,0.0
68.0,2023,3,0.0,0,0.0,0,1.0,1,0.0,0,0.0,1.055,351536.0,380992.0,0.0,0,13.0,593.937,"4,09",505.335,"83,5",CIUDAD BOLIVAR,EL TESORO,0.0,0.0,0.0,0.0,0.0,0.0,0.0,0.0,0.0,0.0,0.0
27.0,2023,3,6.0,1,6.0,1,8.0,1,0.0,0,11.0,2.840909090909091,1497236.0,1751217.0,16.0,6,48.0,981.613,"3,41",1.388.086,"91,6",SUBA,SUBA,0.0,0.0,0.0,0.0,0.0,0.0,0.0,0.0,0.0,0.0,0.0
22.0,2023,3,3.0,1,1.0,1,5.0,1,0.0,0,18.0,3.292222222222222,847206.0,887247.0,37.0,8,38.0,230.066,"3,36",1.462.840,"92,44",BARRIOS UNIDOS,DOCE DE OCTUBRE,0.0,0.0,0.0,0.0,0.0,0.0,0.0,0.0,0.0,0.0,0.0
105.0,2023,3,1.0,1,0.0,0,0.0,0,0.0,0,16.0,2.67,1601.0,2464.0,4.0,1,11.0,824.337,"3,41",1.089.512,"91,78",ENGATIVA,JARDIN BOTANICO,0.0,0.0,0.0,0.0,0.0,0.0,0.0,0.0,0.0,0.0,0.0
104.0,2023,3,1.0,1,0.0,0,0.0,0,0.0,0,29.0,4.0,19494.0,20424.0,21.0,5,34.0,139.298,"2,87",1.933.116,"96,03",TEUSAQUILLO,PARQUE SIMON BOLIVAR - CAN,0.0,0.0,0.0,0.0,0.0,0.0,0.0,0.0,0.0,0.0,0.0
74.0,2023,3,0.0,0,0.0,0,5.0,1,0.0,0,7.0,2.0016666666666665,712512.0,784968.0,0.0,0,15.0,824.337,"3,41",1.089.512,"91,78",ENGATIVA,ENGATIVA,0.0,0.0,0.0,0.0,0.0,0.0,0.0,0.0,0.0,0.0,0.0
47.0,2023,3,6.0,1,0.0,0,2.0,1,0.0,0,10.0,3.0,865592.0,770256.0,9.0,4,28.0,979.914,"3,72",999.300,"88,94",KENNEDY,KENNEDY CENTRAL,0.0,0.0,0.0,0.0,0.0,0.0,0.0,0.0,0.0,0.0,0.0
70.0,2023,3,0.0,0,0.0,0,0.0,0,0.0,0,1.0,1.1733333333333331,789975.0,888237.0,0.0,0,23.0,593.937,"4,09",505.335,"83,5",CIUDAD BOLIVAR,JERUSALEM,0.0,0.0,0.0,0.0,0.0,0.0,0.0,0.0,0.0,0.0,0.0
66.0,2023,3,0.0,0,0.0,0,0.0,0,0.0,0,2.0,1.8425,597168.0,609704.0,4.0,3,26.0,593.937,"4,09",505.335,"83,5",CIUDAD BOLIVAR,SAN FRANCISCO,0.0,0.0,0.0,0.0,0.0,0.0,0.0,0.0,0.0,0.0,0.0
65.0,2023,3,0.0,0,0.0,0,1.0,1,0.0,0,5.0,2.463333333333334,349194.0,364512.0,9.0,3,21.0,593.937,"4,09",505.335,"83,5",CIUDAD BOLIVAR,ARBORIZADORA,0.0,0.0,0.0,0.0,0.0,0.0,0.0,0.0,0.0,0.0,0.0
79.0,2023,3,0.0,0,0.0,0,0.0,0,0.0,0,4.0,2.1333333333333333,167274.0,204984.0,3.0,2,22.0,979.914,"3,72",999.300,"88,94",KENNEDY,CALANDAIMA,0.0,0.0,0.0,0.0,0.0,0.0,0.0,0.0,0.0,0.0,0.0
59.0,2023,3,0.0,0,0.0,0,0.0,0,0.0,0,0.0,1.0,163808.0,216380.0,0.0,0,6.0,314.431,"4,07",569.872,"82,91",USME,ALFONSO LOPEZ,0.0,0.0,0.0,0.0,0.0,0.0,0.0,0.0,0.0,0.0,0.0
45.0,2023,3,1.0,1,3.0,1,4.0,1,0.0,0,16.0,2.7914285714285714,737583.0,674359.0,9.0,4,35.0,979.914,"3,72",999.300,"88,94",KENNEDY,CARVAJAL,0.0,0.0,0.0,0.0,0.0,0.0,0.0,0.0,0.0,0.0,0.0
20.0,2023,3,2.0,1,1.0,1,9.0,1,0.0,0,50.0,4.996666666666667,231126.0,219822.0,33.0,6,26.0,981.613,"3,41",1.388.086,"91,6",SUBA,LA ALHAMBRA,0.0,0.0,0.0,0.0,0.0,0.0,0.0,0.0,0.0,0.0,0.0
51.0,2023,3,0.0,0,0.0,0,1.0,1,0.0,0,0.0,1.68875,263745.0,660861.0,0.0,0,15.0,404.35,"3,73",706.208,"83,68",SAN CRISTOBAL,LOS LIBERTADORES,0.0,0.0,0.0,0.0,0.0,0.0,0.0,0.0,0.0,0.0,0.0
115.0,2023,3,4.0,1,2.0,1,0.0,0,0.0,0,22.0,3.314,77135.0,83285.0,6.0,3,26.0,317.179,"3,46",1.428.379,"90,03",FONTIBON,CAPELLANIA,0.0,0.0,0.0,0.0,0.0,0.0,0.0,0.0,0.0,0.0,0.0
43.0,2023,3,0.0,0,1.0,1,5.0,1,0.0,0,15.0,3.0,844074.0,844239.0,17.0,8,31.0,250.715,"3,55",1.116.511,"90,43",PUENTE ARANDA,SAN RAFAEL,0.0,0.0,0.0,0.0,0.0,0.0,0.0,0.0,0.0,0.0,0.0
25.0,2023,3,5.0,1,2.0,1,5.0,1,0.0,0,29.0,4.04,127070.0,126620.0,24.0,5,25.0,981.613,"3,41",1.388.086,"91,6",SUBA,LA FLORESTA,0.0,0.0,0.0,0.0,0.0,0.0,0.0,0.0,0.0,0.0,0.0
56.0,2023,3,0.0,0,0.0,0,0.0,0,0.0,0,0.0,1.508,205135.0,253351.0,6.0,6,8.0,314.431,"4,07",569.872,"82,91",USME,DANUBIO,0.0,0.0,0.0,0.0,0.0,0.0,0.0,0.0,0.0,0.0,0.0
26.0,2023,3,6.0,1,4.0,1,8.0,1,0.0,0,25.0,3.0646153846153847,1441973.0,1441167.0,19.0,5,69.0,824.337,"3,41",1.089.512,"91,78",ENGATIVA,LAS FERIAS,0.0,0.0,0.0,0.0,0.0,0.0,0.0,0.0,0.0,0.0,0.0
102.0,2023,3,3.0,1,2.0,1,6.0,1,0.0,0,26.0,2.8186666666666667,764715.0,782955.0,131.0,15,94.0,94.944,"3,53",1.059.511,"89,78",LOS MARTIRES,LA SABANA,1.0,0.0,0.0,1.0,39019.0,18312.0,20707.0,0.256285399420795,0.256285399420795,0.54608999563128,0.0
2.0,2023,3,0.0,0,0.0,0,0.0,0,0.0,0,3.0,5.058,10545.0,13800.0,3.0,2,95.0,981.613,"3,41",1.388.086,"91,6",SUBA,LA ACADEMIA,0.0,0.0,0.0,0.0,0.0,0.0,0.0,0.0,0.0,0.0,0.0
116.0,2023,3,4.0,1,1.0,1,2.0,1,0.0,0,21.0,3.155,24638.0,27282.0,3.0,1,17.0,824.337,"3,41",1.089.512,"91,78",ENGATIVA,ALAMOS,0.0,0.0,0.0,0.0,0.0,0.0,0.0,0.0,0.0,0.0,0.0
81.0,2023,3,1.0,1,0.0,0,1.0,1,0.0,0,9.0,2.0025,290204.0,283616.0,1.0,1,16.0,979.914,"3,72",999.300,"88,94",KENNEDY,GRAN BRITALIA,0.0,0.0,0.0,0.0,0.0,0.0,0.0,0.0,0.0,0.0,0.0
52.0,2023,3,0.0,0,0.0,0,0.0,0,0.0,0,0.0,1.0,614920.0,740280.0,0.0,0,176.0,314.431,"4,07",569.872,"82,91",USME,LA FLORA,0.0,0.0,0.0,0.0,0.0,0.0,0.0,0.0,0.0,0.0,0.0
33.0,2023,3,0.0,0,2.0,1,2.0,1,0.0,0,2.0,2.8193333333333332,1647904.0,748256.0,42.0,13,30.0,404.35,"3,73",706.208,"83,68",SAN CRISTOBAL,SOSIEGO,0.0,0.0,0.0,0.0,0.0,0.0,0.0,0.0,0.0,0.0,0.0
19.0,2023,3,5.0,1,8.0,1,12.0,1,0.0,0,27.0,3.51625,692512.0,712104.0,25.0,8,34.0,981.613,"3,41",1.388.086,"91,6",SUBA,EL PRADO,0.0,0.0,0.0,0.0,0.0,0.0,0.0,0.0,0.0,0.0,0.0
41.0,2023,3,2.0,1,0.0,0,2.0,1,0.0,0,15.0,3.0,523602.0,513468.0,24.0,8,22.0,250.715,"3,55",1.116.511,"90,43",PUENTE ARANDA,MUZU,0.0,0.0,0.0,0.0,0.0,0.0,0.0,0.0,0.0,0.0,0.0
37.0,2023,3,1.0,1,1.0,1,2.0,1,0.0,0,21.0,3.0,307027.0,315602.0,40.0,7,41.0,94.944,"3,53",1.059.511,"89,78",LOS MARTIRES,SANTA ISABEL,0.0,0.0,0.0,0.0,0.0,0.0,0.0,0.0,0.0,0.0,0.0
107.0,2023,3,3.0,1,1.0,1,3.0,1,0.0,0,24.0,3.77,207448.0,216792.0,32.0,8,35.0,139.298,"2,87",1.933.116,"96,03",TEUSAQUILLO,QUINTA PAREDES,0.0,0.0,0.0,0.0,0.0,0.0,0.0,0.0,0.0,0.0,0.0
73.0,2023,3,3.0,1,1.0,1,5.0,1,0.0,0,10.0,2.775714285714286,955689.0,1044302.0,4.0,2,40.0,824.337,"3,41",1.089.512,"91,78",ENGATIVA,GARCES NAVAS,0.0,0.0,0.0,0.0,0.0,0.0,0.0,0.0,0.0,0.0,0.0
31.0,2023,3,5.0,1,1.0,1,3.0,1,0.0,0,24.0,3.318333333333334,409362.0,391260.0,10.0,4,38.0,824.337,"3,41",1.089.512,"91,78",ENGATIVA,SANTA CECILIA,0.0,0.0,0.0,0.0,0.0,0.0,0.0,0.0,0.0,0.0,0.0
58.0,2023,3,0.0,0,1.0,1,1.0,1,0.0,0,0.0,1.5654545454545454,857659.0,954745.0,0.0,0,29.0,314.431,"4,07",569.872,"82,91",USME,COMUNEROS,0.0,0.0,0.0,0.0,0.0,0.0,0.0,0.0,0.0,0.0,0.0
13.0,2023,3,3.0,1,1.0,1,11.0,1,0.0,0,13.0,4.381666666666667,1717632.0,1842552.0,20.0,5,88.0,430.156,"3,12",1.867.529,"93,6",USAQUEN,LOS CEDROS,0.0,0.0,0.0,0.0,0.0,0.0,0.0,0.0,0.0,0.0,0.0
63.0,2023,3,0.0,0,0.0,0,0.0,0,0.0,0,0.0,,1596.0,5864.0,2.0,2,6.0,593.937,"4,09",505.335,"83,5",CIUDAD BOLIVAR,EL MOCHUELO,0.0,0.0,0.0,0.0,0.0,0.0,0.0,0.0,0.0,0.0,0.0
87.0,2023,3,0.0,0,0.0,0,0.0,0,0.0,0,2.0,1.765,212992.0,339512.0,0.0,0,47.0,546.809,"3,98",703.807,"85,4",BOSA,TINTAL SUR,0.0,0.0,0.0,0.0,0.0,0.0,0.0,0.0,0.0,0.0,0.0
77.0,2023,3,1.0,1,0.0,0,0.0,0,0.0,0,6.0,2.045,283878.0,356976.0,0.0,0,13.0,317.179,"3,46",1.428.379,"90,03",FONTIBON,ZONA FRANCA,0.0,0.0,0.0,0.0,0.0,0.0,0.0,0.0,0.0,0.0,0.0
39.0,2023,3,1.0,1,3.0,1,7.0,1,0.0,0,12.0,3.0,1410480.0,1306815.0,45.0,15,69.0,378.78,"3,72",591.317,"87,06",RAFAEL URIBE URIBE,QUIROGA,0.0,0.0,0.0,0.0,0.0,0.0,0.0,0.0,0.0,0.0,0.0
108.0,2023,3,1.0,1,0.0,0,1.0,1,0.0,0,19.0,2.685714285714286,33520.0,33976.0,48.0,8,66.0,250.715,"3,55",1.116.511,"90,43",PUENTE ARANDA,ZONA INDUSTRIAL,0.0,0.0,0.0,0.0,0.0,0.0,0.0,0.0,0.0,0.0,0.0
61.0,2023,3,0.0,0,0.0,0,0.0,0,0.0,0,0.0,1.2366666666666666,79500.0,134960.0,0.0,0,65.0,314.431,"4,07",569.872,"82,91",USME,CIUDAD USME,0.0,0.0,0.0,0.0,0.0,0.0,0.0,0.0,0.0,0.0,0.0
1.0,2023,3,0.0,0,0.0,0,0.0,0,0.0,0,3.0,4.0,52488.0,63828.0,3.0,3,83.0,430.156,"3,12",1.867.529,"93,6",USAQUEN,PASEO DE LOS LIBERTADORES,0.0,0.0,0.0,0.0,0.0,0.0,0.0,0.0,0.0,0.0,0.0
46.0,2023,3,4.0,1,2.0,1,5.0,1,0.0,0,11.0,2.72,884656.0,1003288.0,18.0,6,40.0,979.914,"3,72",999.300,"88,94",KENNEDY,CASTILLA,0.0,0.0,0.0,0.0,0.0,0.0,0.0,0.0,0.0,0.0,0.0
85.0,2023,3,2.0,1,2.0,1,6.0,1,0.0,0,3.0,1.9988888888888892,2537808.0,2654832.0,17.0,6,39.0,546.809,"3,98",703.807,"85,4",BOSA,BOSA CENTRAL,0.0,0.0,0.0,0.0,0.0,0.0,0.0,0.0,0.0,0.0,0.0
60.0,2023,3,0.0,0,0.0,0,0.0,0,0.0,0,1.0,1.11,10544.0,15584.0,0.0,0,0.0,314.431,"4,07",569.872,"82,91",USME,PARQUE ENTRENUBES,0.0,0.0,0.0,0.0,0.0,0.0,0.0,0.0,0.0,0.0,0.0
60.0,2023,3,0.0,0,0.0,0,0.0,0,0.0,0,1.0,1.11,10544.0,15584.0,0.0,0,0.0,314.431,"4,07",569.872,"82,91",USME,PARQUE ENTRENUBES,0.0,0.0,0.0,0.0,0.0,0.0,0.0,0.0,0.0,0.0,0.0
30.0,2023,3,2.0,1,5.0,1,10.0,1,0.0,0,27.0,3.001818181818182,1427481.0,1341120.0,25.0,7,42.0,824.337,"3,41",1.089.512,"91,78",ENGATIVA,BOYACA REAL,1.0,0.0,0.0,1.0,130399.0,61902.0,68497.0,0.07668770466031181,0.07668770466031181,0.16154566896061517,0.0
72.0,2023,3,0.0,0,1.0,1,1.0,1,0.0,0,12.0,3.0,331356.0,345116.0,4.0,2,21.0,824.337,"3,41",1.089.512,"91,78",ENGATIVA,BOLIVIA,0.0,0.0,0.0,0.0,0.0,0.0,0.0,0.0,0.0,0.0,0.0
57.0,2023,3,0.0,0,5.0,1,2.0,1,0.0,0,0.0,1.7740000000000002,1391324.0,1519562.0,3.0,3,23.0,314.431,"4,07",569.872,"82,91",USME,GRAN YOMASA,0.0,0.0,0.0,0.0,0.0,0.0,0.0,0.0,0.0,0.0,0.0
23.0,2023,3,1.0,1,0.0,0,5.0,1,0.0,0,22.0,3.5728571428571425,209118.0,255647.0,7.0,5,41.0,981.613,"3,41",1.388.086,"91,6",SUBA,CASA BLANCA SUBA,0.0,0.0,0.0,0.0,0.0,0.0,0.0,0.0,0.0,0.0,0.0
88.0,2023,3,1.0,1,0.0,0,0.0,0,0.0,0,30.0,5.9375,358776.0,369156.0,3.0,2,60.0,122.507,"2,43",2.288.835,"96,61",CHAPINERO,EL REFUGIO,0.0,0.0,0.0,0.0,0.0,0.0,0.0,0.0,0.0,0.0,0.0
9.0,2023,3,1.0,1,3.0,1,6.0,1,0.0,0,2.0,2.7445454545454546,927663.0,1059410.0,9.0,4,60.0,430.156,"3,12",1.867.529,"93,6",USAQUEN,VERBENAL,0.0,0.0,0.0,0.0,0.0,0.0,0.0,0.0,0.0,0.0,0.0
109.0,2023,3,1.0,1,0.0,0,1.0,1,0.0,0,14.0,4.123333333333334,44058.0,53832.0,12.0,3,32.0,139.298,"2,87",1.933.116,"96,03",TEUSAQUILLO,CIUDAD SALITRE ORIENTAL,0.0,0.0,0.0,0.0,0.0,0.0,0.0,0.0,0.0,0.0,0.0
49.0,2023,3,0.0,0,1.0,1,0.0,0,0.0,0,5.0,2.3333333333333335,124191.0,114375.0,10.0,3,11.0,546.809,"3,98",703.807,"85,4",BOSA,APOGEO,0.0,0.0,0.0,0.0,0.0,0.0,0.0,0.0,0.0,0.0,0.0
14.0,2023,3,1.0,1,0.0,0,2.0,1,0.0,0,35.0,4.66,375100.0,457974.0,0.0,0,45.0,430.156,"3,12",1.867.529,"93,6",USAQUEN,USAQUEN,0.0,0.0,0.0,0.0,0.0,0.0,0.0,0.0,0.0,0.0,0.0
32.0,2023,3,0.0,0,0.0,0,2.0,1,0.0,0,0.0,1.7457142857142858,1408200.0,1428675.0,0.0,0,47.0,404.35,"3,73",706.208,"83,68",SAN CRISTOBAL,SAN BLAS,0.0,0.0,0.0,0.0,0.0,0.0,0.0,0.0,0.0,0.0,0.0
92.0,2023,3,1.0,1,0.0,0,0.0,0,0.0,0,14.0,2.5425,132324.0,86100.0,26.0,6,25.0,96.241,"3,18",896.890,"88,28",SANTA FE,LA MACARENA,0.0,0.0,0.0,0.0,0.0,0.0,0.0,0.0,0.0,0.0,0.0
11.0,2023,3,1.0,1,2.0,1,5.0,1,0.0,0,6.0,2.3000000000000003,373404.0,436080.0,0.0,0,21.0,430.156,"3,12",1.867.529,"93,6",USAQUEN,SAN CRISTOBAL NORTE,0.0,0.0,0.0,0.0,0.0,0.0,0.0,0.0,0.0,0.0,0.0
36.0,2023,3,1.0,1,0.0,0,2.0,1,0.0,0,8.0,2.97,350595.0,343350.0,26.0,7,19.0,378.78,"3,72",591.317,"87,06",RAFAEL URIBE URIBE,SAN JOSE,0.0,0.0,0.0,0.0,0.0,0.0,0.0,0.0,0.0,0.0,0.0
53.0,2023,3,0.0,0,1.0,1,2.0,1,0.0,0,4.0,2.442857142857143,479920.0,461139.0,21.0,6,14.0,378.78,"3,72",591.317,"87,06",RAFAEL URIBE URIBE,MARCO FIDEL SUAREZ,0.0,0.0,0.0,0.0,0.0,0.0,0.0,0.0,0.0,0.0,0.0
50.0,2023,3,0.0,0,1.0,1,1.0,1,0.0,0,1.0,1.9327272727272728,215222.0,1432186.0,1.0,1,21.0,404.35,"3,73",706.208,"83,68",SAN CRISTOBAL,LA GLORIA,0.0,0.0,0.0,0.0,0.0,0.0,0.0,0.0,0.0,0.0,0.0
110.0,2023,3,3.0,1,1.0,1,0.0,0,0.0,0,26.0,4.074999999999999,71780.0,82212.0,7.0,2,29.0,317.179,"3,46",1.428.379,"90,03",FONTIBON,CIUDAD SALITRE OCCIDENTAL,0.0,0.0,0.0,0.0,0.0,0.0,0.0,0.0,0.0,0.0,0.0
10.0,2023,3,0.0,0,1.0,1,1.0,1,0.0,0,8.0,2.87125,122265.0,153495.0,5.0,2,29.0,430.156,"3,12",1.867.529,"93,6",USAQUEN,LA URIBE,0.0,0.0,0.0,0.0,0.0,0.0,0.0,0.0,0.0,0.0,0.0
42.0,2023,3,2.0,1,2.0,1,2.0,1,0.0,0,10.0,2.4250000000000003,2179040.0,2310720.0,35.0,13,66.0,182.532,"3,63",829.895,"87,19",TUNJUELITO,VENECIA,0.0,0.0,0.0,0.0,0.0,0.0,0.0,0.0,0.0,0.0,0.0
103.0,2023,3,0.0,0,0.0,0,0.0,0,0.0,0,24.0,3.0,10953.0,12423.0,5.0,2,15.0,230.066,"3,36",1.462.840,"92,44",BARRIOS UNIDOS,PARQUE SALITRE,0.0,0.0,0.0,0.0,0.0,0.0,0.0,0.0,0.0,0.0,0.0
21.0,2023,3,4.0,1,1.0,1,7.0,1,0.0,0,48.0,3.762,225860.0,233125.0,52.0,5,22.0,230.066,"3,36",1.462.840,"92,44",BARRIOS UNIDOS,LOS ANDES,0.0,0.0,0.0,0.0,0.0,0.0,0.0,0.0,0.0,0.0,0.0
55.0,2023,3,0.0,0,0.0,0,0.0,0,0.0,0,0.0,1.5539999999999998,379860.0,395955.0,0.0,0,7.0,378.78,"3,72",591.317,"87,06",RAFAEL URIBE URIBE,DIANA TURBAY,0.0,0.0,0.0,0.0,0.0,0.0,0.0,0.0,0.0,0.0,0.0
113.0,2023,3,1.0,1,1.0,1,3.0,1,0.0,0,13.0,3.2925,104270.0,104965.0,8.0,3,26.0,979.914,"3,72",999.300,"88,94",KENNEDY,BAVARIA,0.0,0.0,0.0,0.0,0.0,0.0,0.0,0.0,0.0,0.0,0.0
60.0,2023,3,0.0,0,0.0,0,0.0,0,0.0,0,1.0,1.11,10544.0,15584.0,0.0,0,0.0,314.431,"4,07",569.872,"82,91",USME,PARQUE ENTRENUBES,0.0,0.0,0.0,0.0,0.0,0.0,0.0,0.0,0.0,0.0,0.0
60.0,2023,3,0.0,0,0.0,0,0.0,0,0.0,0,1.0,1.11,10544.0,15584.0,0.0,0,0.0,314.431,"4,07",569.872,"82,91",USME,PARQUE ENTRENUBES,0.0,0.0,0.0,0.0,0.0,0.0,0.0,0.0,0.0,0.0,0.0
90.0,2023,3,1.0,1,1.0,1,4.0,1,0.0,0,44.0,3.05,275954.0,520674.0,22.0,10,60.0,122.507,"2,43",2.288.835,"96,61",CHAPINERO,PARDO RUBIO,0.0,0.0,0.0,0.0,0.0,0.0,0.0,0.0,0.0,0.0,0.0
67.0,2023,3,0.0,0,1.0,1,3.0,1,0.0,0,2.0,1.256470588235294,2609568.0,2765373.0,2.0,1,30.0,593.937,"4,09",505.335,"83,5",CIUDAD BOLIVAR,LUCERO,0.0,0.0,0.0,0.0,0.0,0.0,0.0,0.0,0.0,0.0,0.0
83.0,2023,3,0.0,0,0.0,0,0.0,0,0.0,0,1.0,2.0,24432.0,29572.0,1.0,1,11.0,979.914,"3,72",999.300,"88,94",KENNEDY,LAS MARGARITAS,0.0,0.0,0.0,0.0,0.0,0.0,0.0,0.0,0.0,0.0,0.0
101.0,2023,3,5.0,1,0.0,0,3.0,1,0.0,0,36.0,3.8711111111111105,267970.0,273160.0,65.0,10,59.0,139.298,"2,87",1.933.116,"96,03",TEUSAQUILLO,TEUSAQUILLO,0.0,0.0,0.0,0.0,0.0,0.0,0.0,0.0,0.0,0.0,0.0
54.0,2023,3,0.0,0,0.0,0,0.0,0,0.0,0,4.0,1.83,984621.0,1061115.0,21.0,8,28.0,378.78,"3,72",591.317,"87,06",RAFAEL URIBE URIBE,MARRUECOS,0.0,0.0,0.0,0.0,0.0,0.0,0.0,0.0,0.0,0.0,0.0
78.0,2023,3,0.0,0,1.0,1,0.0,0,0.0,0,11.0,1.956,79812.0,176088.0,0.0,0,25.0,979.914,"3,72",999.300,"88,94",KENNEDY,TINTAL NORTE,0.0,0.0,0.0,0.0,0.0,0.0,0.0,0.0,0.0,0.0,0.0
100.0,2023,3,8.0,1,2.0,1,2.0,1,0.0,0,24.0,3.59625,300195.0,309096.0,38.0,9,56.0,139.298,"2,87",1.933.116,"96,03",TEUSAQUILLO,GALERIAS,0.0,0.0,0.0,0.0,0.0,0.0,0.0,0.0,0.0,0.0,0.0
34.0,2023,3,0.0,0,4.0,1,2.0,1,0.0,0,2.0,2.346363636363636,864012.0,1108236.0,26.0,12,30.0,404.35,"3,73",706.208,"83,68",SAN CRISTOBAL,20 DE JULIO,0.0,0.0,0.0,0.0,0.0,0.0,0.0,0.0,0.0,0.0,0.0
106.0,2023,3,2.0,1,0.0,0,4.0,1,0.0,0,12.0,4.164,167560.0,168920.0,17.0,5,30.0,139.298,"2,87",1.933.116,"96,03",TEUSAQUILLO,LA ESMERALDA,0.0,0.0,0.0,0.0,0.0,0.0,0.0,0.0,0.0,0.0,0.0
91.0,2023,3,2.0,1,2.0,1,2.0,1,0.0,0,27.0,3.3285714285714287,96894.0,41153.0,42.0,7,37.0,96.241,"3,18",896.890,"88,28",SANTA FE,SAGRADO CORAZON,0.0,0.0,0.0,0.0,0.0,0.0,0.0,0.0,0.0,0.0,0.0
95.0,2023,3,0.0,0,0.0,0,1.0,1,0.0,0,23.0,2.0,260205.0,69723.0,19.0,3,15.0,96.241,"3,18",896.890,"88,28",SANTA FE,LAS CRUCES,0.0,0.0,0.0,0.0,0.0,0.0,0.0,0.0,0.0,0.0,0.0
40.0,2023,3,2.0,1,0.0,0,3.0,1,0.0,0,17.0,3.0,1219392.0,1267944.0,21.0,8,62.0,250.715,"3,55",1.116.511,"90,43",PUENTE ARANDA,CIUDAD MONTES,0.0,0.0,0.0,0.0,0.0,0.0,0.0,0.0,0.0,0.0,0.0
117.0,2023,3,0.0,0,0.0,0,0.0,0,0.0,0,16.0,3.0,824.0,1670.0,1.0,1,17.0,317.179,"3,46",1.428.379,"90,03",FONTIBON,AEROPUERTO EL DORADO,0.0,0.0,0.0,0.0,0.0,0.0,0.0,0.0,0.0,0.0,0.0
64.0,2023,3,0.0,0,0.0,0,0.0,0,0.0,0,0.0,1.0,5590.0,25895.0,0.0,0,7.0,593.937,"4,09",505.335,"83,5",CIUDAD BOLIVAR,MONTE BLANCO,0.0,0.0,0.0,0.0,0.0,0.0,0.0,0.0,0.0,0.0,0.0
48.0,2023,3,1.0,1,1.0,1,0.0,0,0.0,0,11.0,2.7455555555555557,1310472.0,1325682.0,5.0,3,18.0,979.914,"3,72",999.300,"88,94",KENNEDY,TIMIZA,0.0,0.0,0.0,0.0,0.0,0.0,0.0,0.0,0.0,0.0,0.0
98.0,2023,3,3.0,1,3.0,1,8.0,1,0.0,0,45.0,3.0542105263157895,1522242.0,1559634.0,99.0,19,81.0,230.066,"3,36",1.462.840,"92,44",BARRIOS UNIDOS,LOS ALCAZARES,0.0,0.0,0.0,0.0,0.0,0.0,0.0,0.0,0.0,0.0,0.0
28.0,2023,3,3.0,1,14.0,1,17.0,1,0.0,0,21.0,2.287857142857143,3797108.0,4228084.0,17.0,6,49.0,981.613,"3,41",1.388.086,"91,6",SUBA,EL RINCON,0.0,0.0,0.0,0.0,0.0,0.0,0.0,0.0,0.0,0.0,0.0
17.0,2023,3,2.0,1,0.0,0,4.0,1,0.0,0,12.0,4.285,226840.0,238870.0,6.0,2,32.0,981.613,"3,41",1.388.086,"91,6",SUBA,SAN JOSE DE BAVARIA,0.0,0.0,0.0,0.0,0.0,0.0,0.0,0.0,0.0,0.0,0.0
24.0,2023,3,5.0,1,2.0,1,20.0,1,0.0,0,22.0,4.819999999999999,859833.0,845949.0,36.0,12,69.0,981.613,"3,41",1.388.086,"91,6",SUBA,NIZA,0.0,0.0,0.0,0.0,0.0,0.0,0.0,0.0,0.0,0.0,0.0
44.0,2023,3,3.0,1,2.0,1,3.0,1,0.0,0,21.0,3.22875,673424.0,676672.0,20.0,7,33.0,979.914,"3,72",999.300,"88,94",KENNEDY,AMERICAS,0.0,0.0,0.0,0.0,0.0,0.0,0.0,0.0,0.0,0.0,0.0
62.0,2023,3,0.0,0,2.0,1,2.0,1,0.0,0,3.0,2.024,338366.0,403893.0,26.0,7,26.0,182.532,"3,63",829.895,"87,19",TUNJUELITO,TUNJUELITO,0.0,0.0,0.0,0.0,0.0,0.0,0.0,0.0,0.0,0.0,0.0
69.0,2023,3,1.0,1,1.0,1,2.0,1,0.0,0,3.0,1.3691666666666666,1779216.0,1964304.0,13.0,6,22.0,593.937,"4,09",505.335,"83,5",CIUDAD BOLIVAR,ISMAEL PERDOMO,0.0,0.0,0.0,0.0,0.0,0.0,0.0,0.0,0.0,0.0,0.0
93.0,2023,3,8.0,1,5.0,1,5.0,1,0.0,0,16.0,2.932857142857143,332178.0,96411.0,80.0,7,52.0,96.241,"3,18",896.890,"88,28",SANTA FE,LAS NIEVES,0.0,0.0,0.0,0.0,0.0,0.0,0.0,0.0,0.0,0.0,0.0
18.0,2023,3,1.0,1,1.0,1,8.0,1,0.0,0,14.0,3.272,300834.0,346380.0,10.0,3,25.0,981.613,"3,41",1.388.086,"91,6",SUBA,BRITALIA,0.0,0.0,0.0,0.0,0.0,0.0,0.0,0.0,0.0,0.0,0.0
15.0,2023,4,2.0,1,0.0,0,1.0,1,0.0,0,21.0,5.395,175550.0,49356.0,6.0,2,21.0,430.156,"3,12",1.867.529,"93,6",USAQUEN,COUNTRY CLUB,0.0,0.0,0.0,0.0,0.0,0.0,0.0,0.0,0.0,0.0,0.0
86.0,2023,4,0.0,0,0.0,0,0.0,0,0.0,0,0.0,1.568,321440.0,368145.0,0.0,0,33.0,546.809,"3,98",703.807,"85,4",BOSA,EL PORVENIR,0.0,0.0,0.0,0.0,0.0,0.0,0.0,0.0,0.0,0.0,0.0
71.0,2023,4,0.0,0,2.0,1,5.0,1,0.0,0,14.0,2.105,2325960.0,2670912.0,0.0,0,22.0,981.613,"3,41",1.388.086,"91,6",SUBA,TIBABUYES,0.0,0.0,0.0,0.0,0.0,0.0,0.0,0.0,0.0,0.0,0.0
29.0,2023,4,4.0,1,2.0,1,3.0,1,0.0,0,20.0,2.713333333333334,1291554.0,1329381.0,30.0,9,32.0,824.337,"3,41",1.089.512,"91,78",ENGATIVA,MINUTO DE DIOS,0.0,0.0,0.0,0.0,0.0,0.0,0.0,0.0,0.0,0.0,0.0
80.0,2023,4,0.0,0,2.0,1,1.0,1,0.0,0,12.0,2.0025,247816.0,277108.0,11.0,4,19.0,979.914,"3,72",999.300,"88,94",KENNEDY,CORABASTOS,0.0,0.0,0.0,0.0,0.0,0.0,0.0,0.0,0.0,0.0,0.0
99.0,2023,4,9.0,1,3.0,1,2.0,1,0.0,0,43.0,3.692,79566.0,121692.0,22.0,6,62.0,122.507,"2,43",2.288.835,"96,61",CHAPINERO,CHAPINERO,0.0,0.0,0.0,0.0,0.0,0.0,0.0,0.0,0.0,0.0,0.0
3.0,2023,4,0.0,0,0.0,0,0.0,0,0.0,0,0.0,6.0,0.0,1169.0,0.0,0,26.0,981.613,"3,41",1.388.086,"91,6",SUBA,GUAYMARAL,0.0,0.0,0.0,0.0,0.0,0.0,0.0,0.0,0.0,0.0,0.0
97.0,2023,4,21.0,1,3.0,1,7.0,1,0.0,0,33.0,5.211875,94384.0,420656.0,63.0,15,98.0,122.507,"2,43",2.288.835,"96,61",CHAPINERO,CHICO LAGO,0.0,0.0,0.0,0.0,0.0,0.0,0.0,0.0,0.0,0.0,0.0
94.0,2023,4,4.0,1,0.0,0,3.0,1,0.0,0,12.0,2.40875,203598.0,216855.0,43.0,8,36.0,22.115,"2,83",1.050.888,"88,9",CANDELARIA,LA CANDELARIA,0.0,0.0,0.0,0.0,0.0,0.0,0.0,0.0,0.0,0.0,0.0
76.0,2023,4,0.0,0,0.0,0,3.0,1,0.0,0,7.0,2.186666666666667,120020.0,128536.0,0.0,0,21.0,317.179,"3,46",1.428.379,"90,03",FONTIBON,FONTIBON SAN PABLO,0.0,0.0,0.0,0.0,0.0,0.0,0.0,0.0,0.0,0.0,0.0
114.0,2023,4,4.0,1,0.0,0,2.0,1,0.0,0,23.0,3.8,191930.0,197050.0,9.0,4,24.0,317.179,"3,46",1.428.379,"90,03",FONTIBON,MODELIA,0.0,0.0,0.0,0.0,0.0,0.0,0.0,0.0,0.0,0.0,0.0
89.0,2023,4,0.0,0,0.0,0,0.0,0,0.0,0,0.0,2.0666666666666664,28245.0,48603.0,0.0,0,3.0,122.507,"2,43",2.288.835,"96,61",CHAPINERO,SAN ISIDRO - PATIOS,0.0,0.0,0.0,0.0,0.0,0.0,0.0,0.0,0.0,0.0,0.0
38.0,2023,4,7.0,1,5.0,1,5.0,1,0.0,0,14.0,3.008,1246305.0,1155330.0,52.0,15,75.0,119.565,"3,92",1.095.184,"90,79",ANTONIO NARIÑO,RESTREPO,0.0,0.0,0.0,0.0,0.0,0.0,0.0,0.0,0.0,0.0,0.0
52.0,2023,4,0.0,0,0.0,0,0.0,0,0.0,0,0.0,1.0,614920.0,740280.0,0.0,0,176.0,314.431,"4,07",569.872,"82,91",USME,LA FLORA,0.0,0.0,0.0,0.0,0.0,0.0,0.0,0.0,0.0,0.0,0.0
96.0,2023,4,0.0,0,0.0,0,1.0,1,0.0,0,5.0,1.7264285714285716,628474.0,648214.0,4.0,2,16.0,96.241,"3,18",896.890,"88,28",SANTA FE,LOURDES,0.0,0.0,0.0,0.0,0.0,0.0,0.0,0.0,0.0,0.0,0.0
84.0,2023,4,0.0,0,5.0,1,4.0,1,0.0,0,3.0,1.98,990222.0,1073760.0,1.0,1,30.0,546.809,"3,98",703.807,"85,4",BOSA,BOSA OCCIDENTAL,0.0,0.0,0.0,0.0,0.0,0.0,0.0,0.0,0.0,0.0,0.0
111.0,2023,4,5.0,1,0.0,0,1.0,1,0.0,0,17.0,2.9375,64585.0,73290.0,16.0,5,63.0,250.715,"3,55",1.116.511,"90,43",PUENTE ARANDA,PUENTE ARANDA,0.0,0.0,0.0,0.0,0.0,0.0,0.0,0.0,0.0,0.0,0.0
112.0,2023,4,1.0,1,2.0,1,4.0,1,0.0,0,29.0,3.1133333333333333,126427.0,160027.0,0.0,0,71.0,317.179,"3,46",1.428.379,"90,03",FONTIBON,GRANJAS DE TECHO,0.0,0.0,0.0,0.0,0.0,0.0,0.0,0.0,0.0,0.0,0.0
75.0,2023,4,6.0,1,4.0,1,11.0,1,0.0,0,10.0,2.913,1316550.0,1374890.0,0.0,0,58.0,317.179,"3,46",1.428.379,"90,03",FONTIBON,FONTIBON,0.0,0.0,0.0,0.0,0.0,0.0,0.0,0.0,0.0,0.0,0.0
12.0,2023,4,4.0,1,3.0,1,7.0,1,0.0,0,13.0,3.378,256245.0,260090.0,9.0,3,42.0,430.156,"3,12",1.867.529,"93,6",USAQUEN,TOBERIN,0.0,0.0,0.0,0.0,0.0,0.0,0.0,0.0,0.0,0.0,0.0
16.0,2023,4,10.0,1,8.0,1,10.0,1,0.0,0,36.0,5.738888888888889,464238.0,463266.0,18.0,6,60.0,430.156,"3,12",1.867.529,"93,6",USAQUEN,SANTA BARBARA,0.0,0.0,0.0,0.0,0.0,0.0,0.0,0.0,0.0,0.0,0.0
82.0,2023,4,0.0,0,1.0,1,3.0,1,0.0,0,6.0,1.9566666666666668,963012.0,1044870.0,9.0,4,29.0,979.914,"3,72",999.300,"88,94",KENNEDY,PATIO BONITO,0.0,0.0,0.0,0.0,0.0,0.0,0.0,0.0,0.0,0.0,0.0
35.0,2023,4,1.0,1,0.0,0,2.0,1,0.0,0,11.0,2.666,168705.0,154565.0,35.0,5,22.0,119.565,"3,92",1.095.184,"90,79",ANTONIO NARIÑO,CIUDAD JARDIN,0.0,0.0,0.0,0.0,0.0,0.0,0.0,0.0,0.0,0.0,0.0
68.0,2023,4,0.0,0,0.0,0,1.0,1,0.0,0,0.0,1.055,351536.0,380992.0,0.0,0,13.0,593.937,"4,09",505.335,"83,5",CIUDAD BOLIVAR,EL TESORO,0.0,0.0,0.0,0.0,0.0,0.0,0.0,0.0,0.0,0.0,0.0
27.0,2023,4,7.0,1,6.0,1,9.0,1,0.0,0,11.0,2.840909090909091,1497236.0,1751217.0,16.0,6,48.0,981.613,"3,41",1.388.086,"91,6",SUBA,SUBA,0.0,0.0,0.0,0.0,0.0,0.0,0.0,0.0,0.0,0.0,0.0
22.0,2023,4,3.0,1,1.0,1,5.0,1,0.0,0,21.0,3.292222222222222,847206.0,887247.0,37.0,8,38.0,230.066,"3,36",1.462.840,"92,44",BARRIOS UNIDOS,DOCE DE OCTUBRE,0.0,0.0,0.0,0.0,0.0,0.0,0.0,0.0,0.0,0.0,0.0
105.0,2023,4,1.0,1,0.0,0,0.0,0,0.0,0,16.0,2.67,1601.0,2464.0,4.0,1,11.0,824.337,"3,41",1.089.512,"91,78",ENGATIVA,JARDIN BOTANICO,0.0,0.0,0.0,0.0,0.0,0.0,0.0,0.0,0.0,0.0,0.0
104.0,2023,4,1.0,1,0.0,0,0.0,0,0.0,0,31.0,4.0,19494.0,20424.0,21.0,5,34.0,139.298,"2,87",1.933.116,"96,03",TEUSAQUILLO,PARQUE SIMON BOLIVAR - CAN,0.0,0.0,0.0,0.0,0.0,0.0,0.0,0.0,0.0,0.0,0.0
74.0,2023,4,0.0,0,0.0,0,5.0,1,0.0,0,7.0,2.0016666666666665,712512.0,784968.0,0.0,0,15.0,824.337,"3,41",1.089.512,"91,78",ENGATIVA,ENGATIVA,0.0,0.0,0.0,0.0,0.0,0.0,0.0,0.0,0.0,0.0,0.0
47.0,2023,4,6.0,1,0.0,0,2.0,1,0.0,0,13.0,3.0,865592.0,770256.0,9.0,4,28.0,979.914,"3,72",999.300,"88,94",KENNEDY,KENNEDY CENTRAL,0.0,0.0,0.0,0.0,0.0,0.0,0.0,0.0,0.0,0.0,0.0
70.0,2023,4,0.0,0,0.0,0,0.0,0,0.0,0,1.0,1.1733333333333331,789975.0,888237.0,0.0,0,23.0,593.937,"4,09",505.335,"83,5",CIUDAD BOLIVAR,JERUSALEM,0.0,0.0,0.0,0.0,0.0,0.0,0.0,0.0,0.0,0.0,0.0
66.0,2023,4,0.0,0,0.0,0,0.0,0,0.0,0,2.0,1.8425,597168.0,609704.0,4.0,3,26.0,593.937,"4,09",505.335,"83,5",CIUDAD BOLIVAR,SAN FRANCISCO,0.0,0.0,0.0,0.0,0.0,0.0,0.0,0.0,0.0,0.0,0.0
65.0,2023,4,0.0,0,0.0,0,1.0,1,0.0,0,8.0,2.463333333333334,349194.0,364512.0,9.0,3,21.0,593.937,"4,09",505.335,"83,5",CIUDAD BOLIVAR,ARBORIZADORA,0.0,0.0,0.0,0.0,0.0,0.0,0.0,0.0,0.0,0.0,0.0
79.0,2023,4,1.0,1,0.0,0,0.0,0,0.0,0,4.0,2.1333333333333333,167274.0,204984.0,3.0,2,22.0,979.914,"3,72",999.300,"88,94",KENNEDY,CALANDAIMA,0.0,0.0,0.0,0.0,0.0,0.0,0.0,0.0,0.0,0.0,0.0
59.0,2023,4,0.0,0,0.0,0,0.0,0,0.0,0,0.0,1.0,163808.0,216380.0,0.0,0,6.0,314.431,"4,07",569.872,"82,91",USME,ALFONSO LOPEZ,0.0,0.0,0.0,0.0,0.0,0.0,0.0,0.0,0.0,0.0,0.0
45.0,2023,4,2.0,1,3.0,1,4.0,1,0.0,0,23.0,2.7914285714285714,737583.0,674359.0,9.0,4,35.0,979.914,"3,72",999.300,"88,94",KENNEDY,CARVAJAL,0.0,0.0,0.0,0.0,0.0,0.0,0.0,0.0,0.0,0.0,0.0
20.0,2023,4,2.0,1,1.0,1,9.0,1,0.0,0,54.0,4.996666666666667,231126.0,219822.0,33.0,6,26.0,981.613,"3,41",1.388.086,"91,6",SUBA,LA ALHAMBRA,0.0,0.0,0.0,0.0,0.0,0.0,0.0,0.0,0.0,0.0,0.0
51.0,2023,4,0.0,0,0.0,0,1.0,1,0.0,0,0.0,1.68875,263745.0,660861.0,0.0,0,15.0,404.35,"3,73",706.208,"83,68",SAN CRISTOBAL,LOS LIBERTADORES,0.0,0.0,0.0,0.0,0.0,0.0,0.0,0.0,0.0,0.0,0.0
115.0,2023,4,4.0,1,2.0,1,0.0,0,0.0,0,23.0,3.314,77135.0,83285.0,6.0,3,26.0,317.179,"3,46",1.428.379,"90,03",FONTIBON,CAPELLANIA,0.0,0.0,0.0,0.0,0.0,0.0,0.0,0.0,0.0,0.0,0.0
43.0,2023,4,1.0,1,1.0,1,5.0,1,0.0,0,21.0,3.0,844074.0,844239.0,17.0,8,31.0,250.715,"3,55",1.116.511,"90,43",PUENTE ARANDA,SAN RAFAEL,0.0,0.0,0.0,0.0,0.0,0.0,0.0,0.0,0.0,0.0,0.0
25.0,2023,4,6.0,1,2.0,1,5.0,1,0.0,0,30.0,4.04,127070.0,126620.0,24.0,5,25.0,981.613,"3,41",1.388.086,"91,6",SUBA,LA FLORESTA,0.0,0.0,0.0,0.0,0.0,0.0,0.0,0.0,0.0,0.0,0.0
56.0,2023,4,0.0,0,0.0,0,0.0,0,0.0,0,0.0,1.508,205135.0,253351.0,6.0,6,8.0,314.431,"4,07",569.872,"82,91",USME,DANUBIO,0.0,0.0,0.0,0.0,0.0,0.0,0.0,0.0,0.0,0.0,0.0
26.0,2023,4,6.0,1,4.0,1,8.0,1,0.0,0,27.0,3.0646153846153847,1441973.0,1441167.0,19.0,5,69.0,824.337,"3,41",1.089.512,"91,78",ENGATIVA,LAS FERIAS,0.0,0.0,0.0,0.0,0.0,0.0,0.0,0.0,0.0,0.0,0.0
102.0,2023,4,3.0,1,2.0,1,6.0,1,0.0,0,31.0,2.8186666666666667,764715.0,782955.0,131.0,15,94.0,94.944,"3,53",1.059.511,"89,78",LOS MARTIRES,LA SABANA,0.0,0.0,0.0,0.0,0.0,0.0,0.0,0.0,0.0,0.0,0.0
2.0,2023,4,0.0,0,0.0,0,0.0,0,0.0,0,3.0,5.058,10545.0,13800.0,3.0,2,95.0,981.613,"3,41",1.388.086,"91,6",SUBA,LA ACADEMIA,0.0,0.0,0.0,0.0,0.0,0.0,0.0,0.0,0.0,0.0,0.0
116.0,2023,4,4.0,1,1.0,1,2.0,1,0.0,0,21.0,3.155,24638.0,27282.0,3.0,1,17.0,824.337,"3,41",1.089.512,"91,78",ENGATIVA,ALAMOS,0.0,0.0,0.0,0.0,0.0,0.0,0.0,0.0,0.0,0.0,0.0
81.0,2023,4,1.0,1,0.0,0,1.0,1,0.0,0,10.0,2.0025,290204.0,283616.0,1.0,1,16.0,979.914,"3,72",999.300,"88,94",KENNEDY,GRAN BRITALIA,0.0,0.0,0.0,0.0,0.0,0.0,0.0,0.0,0.0,0.0,0.0
52.0,2023,4,0.0,0,0.0,0,0.0,0,0.0,0,0.0,1.0,614920.0,740280.0,0.0,0,176.0,314.431,"4,07",569.872,"82,91",USME,LA FLORA,0.0,0.0,0.0,0.0,0.0,0.0,0.0,0.0,0.0,0.0,0.0
33.0,2023,4,0.0,0,2.0,1,2.0,1,0.0,0,2.0,2.8193333333333332,1647904.0,748256.0,42.0,13,30.0,404.35,"3,73",706.208,"83,68",SAN CRISTOBAL,SOSIEGO,0.0,0.0,0.0,0.0,0.0,0.0,0.0,0.0,0.0,0.0,0.0
19.0,2023,4,5.0,1,8.0,1,12.0,1,0.0,0,28.0,3.51625,692512.0,712104.0,25.0,8,34.0,981.613,"3,41",1.388.086,"91,6",SUBA,EL PRADO,0.0,0.0,0.0,0.0,0.0,0.0,0.0,0.0,0.0,0.0,0.0
41.0,2023,4,2.0,1,0.0,0,2.0,1,0.0,0,23.0,3.0,523602.0,513468.0,24.0,8,22.0,250.715,"3,55",1.116.511,"90,43",PUENTE ARANDA,MUZU,0.0,0.0,0.0,0.0,0.0,0.0,0.0,0.0,0.0,0.0,0.0
37.0,2023,4,1.0,1,1.0,1,2.0,1,0.0,0,26.0,3.0,307027.0,315602.0,40.0,7,41.0,94.944,"3,53",1.059.511,"89,78",LOS MARTIRES,SANTA ISABEL,0.0,0.0,0.0,0.0,0.0,0.0,0.0,0.0,0.0,0.0,0.0
107.0,2023,4,4.0,1,1.0,1,3.0,1,0.0,0,26.0,3.77,207448.0,216792.0,32.0,8,35.0,139.298,"2,87",1.933.116,"96,03",TEUSAQUILLO,QUINTA PAREDES,0.0,0.0,0.0,0.0,0.0,0.0,0.0,0.0,0.0,0.0,0.0
73.0,2023,4,3.0,1,1.0,1,5.0,1,0.0,0,10.0,2.775714285714286,955689.0,1044302.0,4.0,2,40.0,824.337,"3,41",1.089.512,"91,78",ENGATIVA,GARCES NAVAS,0.0,0.0,0.0,0.0,0.0,0.0,0.0,0.0,0.0,0.0,0.0
31.0,2023,4,5.0,1,1.0,1,3.0,1,0.0,0,24.0,3.318333333333334,409362.0,391260.0,10.0,4,38.0,824.337,"3,41",1.089.512,"91,78",ENGATIVA,SANTA CECILIA,0.0,0.0,0.0,0.0,0.0,0.0,0.0,0.0,0.0,0.0,0.0
58.0,2023,4,0.0,0,2.0,1,1.0,1,0.0,0,0.0,1.5654545454545454,857659.0,954745.0,0.0,0,29.0,314.431,"4,07",569.872,"82,91",USME,COMUNEROS,0.0,0.0,0.0,0.0,0.0,0.0,0.0,0.0,0.0,0.0,0.0
13.0,2023,4,3.0,1,1.0,1,11.0,1,0.0,0,14.0,4.381666666666667,1717632.0,1842552.0,20.0,5,88.0,430.156,"3,12",1.867.529,"93,6",USAQUEN,LOS CEDROS,0.0,0.0,0.0,0.0,0.0,0.0,0.0,0.0,0.0,0.0,0.0
63.0,2023,4,0.0,0,0.0,0,0.0,0,0.0,0,0.0,,1596.0,5864.0,2.0,2,6.0,593.937,"4,09",505.335,"83,5",CIUDAD BOLIVAR,EL MOCHUELO,0.0,0.0,0.0,0.0,0.0,0.0,0.0,0.0,0.0,0.0,0.0
87.0,2023,4,0.0,0,0.0,0,1.0,1,0.0,0,2.0,1.765,212992.0,339512.0,0.0,0,47.0,546.809,"3,98",703.807,"85,4",BOSA,TINTAL SUR,0.0,0.0,0.0,0.0,0.0,0.0,0.0,0.0,0.0,0.0,0.0
77.0,2023,4,1.0,1,0.0,0,0.0,0,0.0,0,7.0,2.045,283878.0,356976.0,0.0,0,13.0,317.179,"3,46",1.428.379,"90,03",FONTIBON,ZONA FRANCA,0.0,0.0,0.0,0.0,0.0,0.0,0.0,0.0,0.0,0.0,0.0
39.0,2023,4,2.0,1,3.0,1,7.0,1,0.0,0,13.0,3.0,1410480.0,1306815.0,45.0,15,69.0,378.78,"3,72",591.317,"87,06",RAFAEL URIBE URIBE,QUIROGA,0.0,0.0,0.0,0.0,0.0,0.0,0.0,0.0,0.0,0.0,0.0
108.0,2023,4,2.0,1,0.0,0,1.0,1,0.0,0,24.0,2.685714285714286,33520.0,33976.0,48.0,8,66.0,250.715,"3,55",1.116.511,"90,43",PUENTE ARANDA,ZONA INDUSTRIAL,0.0,0.0,0.0,0.0,0.0,0.0,0.0,0.0,0.0,0.0,0.0
61.0,2023,4,0.0,0,0.0,0,0.0,0,0.0,0,0.0,1.2366666666666666,79500.0,134960.0,0.0,0,65.0,314.431,"4,07",569.872,"82,91",USME,CIUDAD USME,0.0,0.0,0.0,0.0,0.0,0.0,0.0,0.0,0.0,0.0,0.0
1.0,2023,4,0.0,0,0.0,0,0.0,0,0.0,0,3.0,4.0,52488.0,63828.0,3.0,3,83.0,430.156,"3,12",1.867.529,"93,6",USAQUEN,PASEO DE LOS LIBERTADORES,0.0,0.0,0.0,0.0,0.0,0.0,0.0,0.0,0.0,0.0,0.0
46.0,2023,4,4.0,1,2.0,1,5.0,1,0.0,0,13.0,2.72,884656.0,1003288.0,18.0,6,40.0,979.914,"3,72",999.300,"88,94",KENNEDY,CASTILLA,0.0,0.0,0.0,0.0,0.0,0.0,0.0,0.0,0.0,0.0,0.0
85.0,2023,4,2.0,1,2.0,1,6.0,1,0.0,0,5.0,1.9988888888888892,2537808.0,2654832.0,17.0,6,39.0,546.809,"3,98",703.807,"85,4",BOSA,BOSA CENTRAL,0.0,0.0,0.0,0.0,0.0,0.0,0.0,0.0,0.0,0.0,0.0
60.0,2023,4,0.0,0,0.0,0,0.0,0,0.0,0,1.0,1.11,10544.0,15584.0,0.0,0,0.0,314.431,"4,07",569.872,"82,91",USME,PARQUE ENTRENUBES,0.0,0.0,0.0,0.0,0.0,0.0,0.0,0.0,0.0,0.0,0.0
60.0,2023,4,0.0,0,0.0,0,0.0,0,0.0,0,1.0,1.11,10544.0,15584.0,0.0,0,0.0,314.431,"4,07",569.872,"82,91",USME,PARQUE ENTRENUBES,0.0,0.0,0.0,0.0,0.0,0.0,0.0,0.0,0.0,0.0,0.0
30.0,2023,4,2.0,1,5.0,1,10.0,1,0.0,0,28.0,3.001818181818182,1427481.0,1341120.0,25.0,7,42.0,824.337,"3,41",1.089.512,"91,78",ENGATIVA,BOYACA REAL,0.0,0.0,0.0,0.0,0.0,0.0,0.0,0.0,0.0,0.0,0.0
72.0,2023,4,0.0,0,1.0,1,1.0,1,0.0,0,12.0,3.0,331356.0,345116.0,4.0,2,21.0,824.337,"3,41",1.089.512,"91,78",ENGATIVA,BOLIVIA,0.0,0.0,0.0,0.0,0.0,0.0,0.0,0.0,0.0,0.0,0.0
57.0,2023,4,0.0,0,5.0,1,2.0,1,0.0,0,0.0,1.7740000000000002,1391324.0,1519562.0,3.0,3,23.0,314.431,"4,07",569.872,"82,91",USME,GRAN YOMASA,0.0,0.0,0.0,0.0,0.0,0.0,0.0,0.0,0.0,0.0,0.0
23.0,2023,4,1.0,1,0.0,0,5.0,1,0.0,0,23.0,3.5728571428571425,209118.0,255647.0,7.0,5,41.0,981.613,"3,41",1.388.086,"91,6",SUBA,CASA BLANCA SUBA,0.0,0.0,0.0,0.0,0.0,0.0,0.0,0.0,0.0,0.0,0.0
88.0,2023,4,1.0,1,0.0,0,0.0,0,0.0,0,32.0,5.9375,358776.0,369156.0,3.0,2,60.0,122.507,"2,43",2.288.835,"96,61",CHAPINERO,EL REFUGIO,0.0,0.0,0.0,0.0,0.0,0.0,0.0,0.0,0.0,0.0,0.0
9.0,2023,4,1.0,1,3.0,1,7.0,1,0.0,0,3.0,2.7445454545454546,927663.0,1059410.0,9.0,4,60.0,430.156,"3,12",1.867.529,"93,6",USAQUEN,VERBENAL,0.0,0.0,0.0,0.0,0.0,0.0,0.0,0.0,0.0,0.0,0.0
109.0,2023,4,1.0,1,0.0,0,1.0,1,0.0,0,15.0,4.123333333333334,44058.0,53832.0,12.0,3,32.0,139.298,"2,87",1.933.116,"96,03",TEUSAQUILLO,CIUDAD SALITRE ORIENTAL,0.0,0.0,0.0,0.0,0.0,0.0,0.0,0.0,0.0,0.0,0.0
49.0,2023,4,1.0,1,1.0,1,0.0,0,0.0,0,7.0,2.3333333333333335,124191.0,114375.0,10.0,3,11.0,546.809,"3,98",703.807,"85,4",BOSA,APOGEO,0.0,0.0,0.0,0.0,0.0,0.0,0.0,0.0,0.0,0.0,0.0
14.0,2023,4,1.0,1,0.0,0,2.0,1,0.0,0,37.0,4.66,375100.0,457974.0,0.0,0,45.0,430.156,"3,12",1.867.529,"93,6",USAQUEN,USAQUEN,0.0,0.0,0.0,0.0,0.0,0.0,0.0,0.0,0.0,0.0,0.0
32.0,2023,4,0.0,0,0.0,0,2.0,1,0.0,0,0.0,1.7457142857142858,1408200.0,1428675.0,0.0,0,47.0,404.35,"3,73",706.208,"83,68",SAN CRISTOBAL,SAN BLAS,0.0,0.0,0.0,0.0,0.0,0.0,0.0,0.0,0.0,0.0,0.0
92.0,2023,4,1.0,1,0.0,0,0.0,0,0.0,0,14.0,2.5425,132324.0,86100.0,26.0,6,25.0,96.241,"3,18",896.890,"88,28",SANTA FE,LA MACARENA,0.0,0.0,0.0,0.0,0.0,0.0,0.0,0.0,0.0,0.0,0.0
11.0,2023,4,1.0,1,2.0,1,5.0,1,0.0,0,8.0,2.3000000000000003,373404.0,436080.0,0.0,0,21.0,430.156,"3,12",1.867.529,"93,6",USAQUEN,SAN CRISTOBAL NORTE,0.0,0.0,0.0,0.0,0.0,0.0,0.0,0.0,0.0,0.0,0.0
36.0,2023,4,1.0,1,0.0,0,2.0,1,0.0,0,10.0,2.97,350595.0,343350.0,26.0,7,19.0,378.78,"3,72",591.317,"87,06",RAFAEL URIBE URIBE,SAN JOSE,0.0,0.0,0.0,0.0,0.0,0.0,0.0,0.0,0.0,0.0,0.0
53.0,2023,4,0.0,0,1.0,1,2.0,1,0.0,0,5.0,2.442857142857143,479920.0,461139.0,21.0,6,14.0,378.78,"3,72",591.317,"87,06",RAFAEL URIBE URIBE,MARCO FIDEL SUAREZ,0.0,0.0,0.0,0.0,0.0,0.0,0.0,0.0,0.0,0.0,0.0
50.0,2023,4,0.0,0,1.0,1,1.0,1,0.0,0,1.0,1.9327272727272728,215222.0,1432186.0,1.0,1,21.0,404.35,"3,73",706.208,"83,68",SAN CRISTOBAL,LA GLORIA,0.0,0.0,0.0,0.0,0.0,0.0,0.0,0.0,0.0,0.0,0.0
110.0,2023,4,3.0,1,1.0,1,0.0,0,0.0,0,26.0,4.074999999999999,71780.0,82212.0,7.0,2,29.0,317.179,"3,46",1.428.379,"90,03",FONTIBON,CIUDAD SALITRE OCCIDENTAL,0.0,0.0,0.0,0.0,0.0,0.0,0.0,0.0,0.0,0.0,0.0
10.0,2023,4,1.0,1,1.0,1,1.0,1,0.0,0,9.0,2.87125,122265.0,153495.0,5.0,2,29.0,430.156,"3,12",1.867.529,"93,6",USAQUEN,LA URIBE,0.0,0.0,0.0,0.0,0.0,0.0,0.0,0.0,0.0,0.0,0.0
42.0,2023,4,2.0,1,2.0,1,3.0,1,0.0,0,13.0,2.4250000000000003,2179040.0,2310720.0,35.0,13,66.0,182.532,"3,63",829.895,"87,19",TUNJUELITO,VENECIA,0.0,0.0,0.0,0.0,0.0,0.0,0.0,0.0,0.0,0.0,0.0
103.0,2023,4,0.0,0,0.0,0,0.0,0,0.0,0,26.0,3.0,10953.0,12423.0,5.0,2,15.0,230.066,"3,36",1.462.840,"92,44",BARRIOS UNIDOS,PARQUE SALITRE,0.0,0.0,0.0,0.0,0.0,0.0,0.0,0.0,0.0,0.0,0.0
21.0,2023,4,5.0,1,1.0,1,8.0,1,0.0,0,52.0,3.762,225860.0,233125.0,52.0,5,22.0,230.066,"3,36",1.462.840,"92,44",BARRIOS UNIDOS,LOS ANDES,0.0,0.0,0.0,0.0,0.0,0.0,0.0,0.0,0.0,0.0,0.0
55.0,2023,4,0.0,0,0.0,0,0.0,0,0.0,0,0.0,1.5539999999999998,379860.0,395955.0,0.0,0,7.0,378.78,"3,72",591.317,"87,06",RAFAEL URIBE URIBE,DIANA TURBAY,0.0,0.0,0.0,0.0,0.0,0.0,0.0,0.0,0.0,0.0,0.0
113.0,2023,4,1.0,1,1.0,1,4.0,1,0.0,0,15.0,3.2925,104270.0,104965.0,8.0,3,26.0,979.914,"3,72",999.300,"88,94",KENNEDY,BAVARIA,0.0,0.0,0.0,0.0,0.0,0.0,0.0,0.0,0.0,0.0,0.0
60.0,2023,4,0.0,0,0.0,0,0.0,0,0.0,0,1.0,1.11,10544.0,15584.0,0.0,0,0.0,314.431,"4,07",569.872,"82,91",USME,PARQUE ENTRENUBES,0.0,0.0,0.0,0.0,0.0,0.0,0.0,0.0,0.0,0.0,0.0
60.0,2023,4,0.0,0,0.0,0,0.0,0,0.0,0,1.0,1.11,10544.0,15584.0,0.0,0,0.0,314.431,"4,07",569.872,"82,91",USME,PARQUE ENTRENUBES,0.0,0.0,0.0,0.0,0.0,0.0,0.0,0.0,0.0,0.0,0.0
90.0,2023,4,1.0,1,1.0,1,4.0,1,0.0,0,47.0,3.05,275954.0,520674.0,22.0,10,60.0,122.507,"2,43",2.288.835,"96,61",CHAPINERO,PARDO RUBIO,0.0,0.0,0.0,0.0,0.0,0.0,0.0,0.0,0.0,0.0,0.0
67.0,2023,4,0.0,0,1.0,1,3.0,1,0.0,0,2.0,1.256470588235294,2609568.0,2765373.0,2.0,1,30.0,593.937,"4,09",505.335,"83,5",CIUDAD BOLIVAR,LUCERO,0.0,0.0,0.0,0.0,0.0,0.0,0.0,0.0,0.0,0.0,0.0
83.0,2023,4,0.0,0,0.0,0,0.0,0,0.0,0,1.0,2.0,24432.0,29572.0,1.0,1,11.0,979.914,"3,72",999.300,"88,94",KENNEDY,LAS MARGARITAS,0.0,0.0,0.0,0.0,0.0,0.0,0.0,0.0,0.0,0.0,0.0
101.0,2023,4,5.0,1,0.0,0,3.0,1,0.0,0,39.0,3.8711111111111105,267970.0,273160.0,65.0,10,59.0,139.298,"2,87",1.933.116,"96,03",TEUSAQUILLO,TEUSAQUILLO,0.0,0.0,0.0,0.0,0.0,0.0,0.0,0.0,0.0,0.0,0.0
54.0,2023,4,0.0,0,0.0,0,1.0,1,0.0,0,5.0,1.83,984621.0,1061115.0,21.0,8,28.0,378.78,"3,72",591.317,"87,06",RAFAEL URIBE URIBE,MARRUECOS,0.0,0.0,0.0,0.0,0.0,0.0,0.0,0.0,0.0,0.0,0.0
78.0,2023,4,0.0,0,1.0,1,0.0,0,0.0,0,13.0,1.956,79812.0,176088.0,0.0,0,25.0,979.914,"3,72",999.300,"88,94",KENNEDY,TINTAL NORTE,0.0,0.0,0.0,0.0,0.0,0.0,0.0,0.0,0.0,0.0,0.0
100.0,2023,4,9.0,1,2.0,1,2.0,1,0.0,0,26.0,3.59625,300195.0,309096.0,38.0,9,56.0,139.298,"2,87",1.933.116,"96,03",TEUSAQUILLO,GALERIAS,0.0,0.0,0.0,0.0,0.0,0.0,0.0,0.0,0.0,0.0,0.0
34.0,2023,4,0.0,0,4.0,1,2.0,1,0.0,0,2.0,2.346363636363636,864012.0,1108236.0,26.0,12,30.0,404.35,"3,73",706.208,"83,68",SAN CRISTOBAL,20 DE JULIO,0.0,0.0,0.0,0.0,0.0,0.0,0.0,0.0,0.0,0.0,0.0
106.0,2023,4,2.0,1,0.0,0,4.0,1,0.0,0,14.0,4.164,167560.0,168920.0,17.0,5,30.0,139.298,"2,87",1.933.116,"96,03",TEUSAQUILLO,LA ESMERALDA,0.0,0.0,0.0,0.0,0.0,0.0,0.0,0.0,0.0,0.0,0.0
91.0,2023,4,2.0,1,2.0,1,2.0,1,0.0,0,27.0,3.3285714285714287,96894.0,41153.0,42.0,7,37.0,96.241,"3,18",896.890,"88,28",SANTA FE,SAGRADO CORAZON,0.0,0.0,0.0,0.0,0.0,0.0,0.0,0.0,0.0,0.0,0.0
95.0,2023,4,0.0,0,0.0,0,1.0,1,0.0,0,24.0,2.0,260205.0,69723.0,19.0,3,15.0,96.241,"3,18",896.890,"88,28",SANTA FE,LAS CRUCES,0.0,0.0,0.0,0.0,0.0,0.0,0.0,0.0,0.0,0.0,0.0
40.0,2023,4,5.0,1,0.0,0,3.0,1,0.0,0,22.0,3.0,1219392.0,1267944.0,21.0,8,62.0,250.715,"3,55",1.116.511,"90,43",PUENTE ARANDA,CIUDAD MONTES,0.0,0.0,0.0,0.0,0.0,0.0,0.0,0.0,0.0,0.0,0.0
117.0,2023,4,0.0,0,0.0,0,0.0,0,0.0,0,17.0,3.0,824.0,1670.0,1.0,1,17.0,317.179,"3,46",1.428.379,"90,03",FONTIBON,AEROPUERTO EL DORADO,0.0,0.0,0.0,0.0,0.0,0.0,0.0,0.0,0.0,0.0,0.0
64.0,2023,4,0.0,0,0.0,0,0.0,0,0.0,0,0.0,1.0,5590.0,25895.0,0.0,0,7.0,593.937,"4,09",505.335,"83,5",CIUDAD BOLIVAR,MONTE BLANCO,0.0,0.0,0.0,0.0,0.0,0.0,0.0,0.0,0.0,0.0,0.0
48.0,2023,4,2.0,1,1.0,1,0.0,0,0.0,0,13.0,2.7455555555555557,1310472.0,1325682.0,5.0,3,18.0,979.914,"3,72",999.300,"88,94",KENNEDY,TIMIZA,0.0,0.0,0.0,0.0,0.0,0.0,0.0,0.0,0.0,0.0,0.0
98.0,2023,4,4.0,1,3.0,1,8.0,1,0.0,0,49.0,3.0542105263157895,1522242.0,1559634.0,99.0,19,81.0,230.066,"3,36",1.462.840,"92,44",BARRIOS UNIDOS,LOS ALCAZARES,0.0,0.0,0.0,0.0,0.0,0.0,0.0,0.0,0.0,0.0,0.0
28.0,2023,4,3.0,1,14.0,1,17.0,1,0.0,0,23.0,2.287857142857143,3797108.0,4228084.0,17.0,6,49.0,981.613,"3,41",1.388.086,"91,6",SUBA,EL RINCON,0.0,0.0,0.0,0.0,0.0,0.0,0.0,0.0,0.0,0.0,0.0
17.0,2023,4,2.0,1,0.0,0,4.0,1,0.0,0,15.0,4.285,226840.0,238870.0,6.0,2,32.0,981.613,"3,41",1.388.086,"91,6",SUBA,SAN JOSE DE BAVARIA,0.0,0.0,0.0,0.0,0.0,0.0,0.0,0.0,0.0,0.0,0.0
24.0,2023,4,5.0,1,2.0,1,20.0,1,0.0,0,24.0,4.819999999999999,859833.0,845949.0,36.0,12,69.0,981.613,"3,41",1.388.086,"91,6",SUBA,NIZA,0.0,0.0,0.0,0.0,0.0,0.0,0.0,0.0,0.0,0.0,0.0
44.0,2023,4,4.0,1,3.0,1,4.0,1,0.0,0,26.0,3.22875,673424.0,676672.0,20.0,7,33.0,979.914,"3,72",999.300,"88,94",KENNEDY,AMERICAS,0.0,0.0,0.0,0.0,0.0,0.0,0.0,0.0,0.0,0.0,0.0
62.0,2023,4,0.0,0,2.0,1,2.0,1,0.0,0,4.0,2.024,338366.0,403893.0,26.0,7,26.0,182.532,"3,63",829.895,"87,19",TUNJUELITO,TUNJUELITO,0.0,0.0,0.0,0.0,0.0,0.0,0.0,0.0,0.0,0.0,0.0
69.0,2023,4,1.0,1,1.0,1,2.0,1,0.0,0,5.0,1.3691666666666666,1779216.0,1964304.0,13.0,6,22.0,593.937,"4,09",505.335,"83,5",CIUDAD BOLIVAR,ISMAEL PERDOMO,0.0,0.0,0.0,0.0,0.0,0.0,0.0,0.0,0.0,0.0,0.0
93.0,2023,4,8.0,1,5.0,1,5.0,1,0.0,0,16.0,2.932857142857143,332178.0,96411.0,80.0,7,52.0,96.241,"3,18",896.890,"88,28",SANTA FE,LAS NIEVES,0.0,0.0,0.0,0.0,0.0,0.0,0.0,0.0,0.0,0.0,0.0
18.0,2023,4,1.0,1,1.0,1,8.0,1,0.0,0,16.0,3.272,300834.0,346380.0,10.0,3,25.0,981.613,"3,41",1.388.086,"91,6",SUBA,BRITALIA,0.0,0.0,0.0,0.0,0.0,0.0,0.0,0.0,0.0,0.0,0.0
