codigo_upz,year,cantidad_oxxo,dummy_oxxo,cantidad_ara,dummy_ara,cantidad_d1,dummy_d1,cantidad_jb,dummy_jb,spillover_oxxo,estrato_mean,poblacion_2005,poblacion_urbana_2009,num_est_transmi,acceso_transmi,accesibilidad_arterial,personas_por_localidad_2007,personas_por_hogar_2007_localidad,gasto_promedio_mensual_2007_localidad,ICV_2007_localidad,nombre_localidad,nombre_upz,theft_to_people,genero_-,genero_FEMENINO,genero_MASCULINO,TOTAL_POBLACION,Hombre,Mujer,crime_index,theft_to_people_index,male_index,female_index
15.0,2018,0.0,0,0.0,0,0.0,0,3.0,1,8.0,5.395,175550.0,49356.0,6.0,2,21.0,430.156,"3,12",1.867.529,"93,6",USAQUEN,COUNTRY CLUB,45.0,0.0,19.0,26.0,24440.0,10977.0,13463.0,18.412438625204583,18.412438625204583,23.68588867632322,14.112753472480131
86.0,2018,0.0,0,0.0,0,0.0,0,0.0,0,0.0,1.568,321440.0,368145.0,0.0,0,33.0,546.809,"3,98",703.807,"85,4",BOSA,EL PORVENIR,25.0,0.0,9.0,16.0,131429.0,62925.0,68504.0,1.9021677103226837,1.9021677103226837,2.5427095748907433,1.3137918953637744
71.0,2018,0.0,0,0.0,0,2.0,1,0.0,0,2.0,2.105,2325960.0,2670912.0,0.0,0,22.0,981.613,"3,41",1.388.086,"91,6",SUBA,TIBABUYES,63.0,0.0,26.0,37.0,274048.0,132345.0,141703.0,2.2988673517048106,2.2988673517048106,2.795723298953493,1.8348235393746075
29.0,2018,1.0,1,2.0,1,1.0,1,1.0,1,4.0,2.713333333333334,1291554.0,1329381.0,30.0,9,32.0,824.337,"3,41",1.089.512,"91,78",ENGATIVA,MINUTO DE DIOS,92.0,0.0,35.0,57.0,109581.0,51503.0,58078.0,8.39561602832608,8.39561602832608,11.067316467001922,6.026378318812632
80.0,2018,0.0,0,0.0,0,1.0,1,0.0,0,0.0,2.0025,247816.0,277108.0,11.0,4,19.0,979.914,"3,72",999.300,"88,94",KENNEDY,CORABASTOS,62.0,0.0,22.0,40.0,57028.0,28359.0,28669.0,10.871852423370974,10.871852423370974,14.104869706266088,7.673793993512156
99.0,2018,7.0,1,3.0,1,1.0,1,0.0,0,13.0,3.692,79566.0,121692.0,22.0,6,62.0,122.507,"2,43",2.288.835,"96,61",CHAPINERO,CHAPINERO,240.0,0.0,103.0,137.0,23444.0,11623.0,11821.0,102.37160894045385,102.37160894045385,117.86974103071496,87.133068268336
3.0,2018,0.0,0,0.0,0,0.0,0,0.0,0,0.0,6.0,0.0,1169.0,0.0,0,26.0,981.613,"3,41",1.388.086,"91,6",SUBA,GUAYMARAL,4.0,0.0,1.0,3.0,2048.0,988.0,1060.0,19.53125,19.53125,30.36437246963563,9.433962264150944
97.0,2018,9.0,1,3.0,1,4.0,1,1.0,1,9.0,5.211875,94384.0,420656.0,63.0,15,98.0,122.507,"2,43",2.288.835,"96,61",CHAPINERO,CHICO LAGO,304.0,0.0,155.0,149.0,33942.0,15780.0,18162.0,89.56455129338283,89.56455129338283,94.4233206590621,85.34302389604669
94.0,2018,4.0,1,0.0,0,0.0,0,2.0,1,5.0,2.40875,203598.0,216855.0,43.0,8,36.0,22.115,"2,83",1.050.888,"88,9",CANDELARIA,LA CANDELARIA,115.0,0.0,63.0,52.0,17075.0,9012.0,8063.0,67.34992679355783,67.34992679355783,57.70084332001775,78.13468932159246
76.0,2018,0.0,0,0.0,0,1.0,1,0.0,0,1.0,2.186666666666667,120020.0,128536.0,0.0,0,21.0,317.179,"3,46",1.428.379,"90,03",FONTIBON,FONTIBON SAN PABLO,15.0,0.0,8.0,7.0,32717.0,16104.0,16613.0,4.584772442461106,4.584772442461106,4.346746150024838,4.8155059290916755
114.0,2018,0.0,0,0.0,0,2.0,1,1.0,1,4.0,3.8,191930.0,197050.0,9.0,4,24.0,317.179,"3,46",1.428.379,"90,03",FONTIBON,MODELIA,40.0,0.0,18.0,22.0,42000.0,19461.0,22539.0,9.523809523809524,9.523809523809524,11.3046606032578,7.986157327299348
89.0,2018,0.0,0,0.0,0,0.0,0,0.0,0,0.0,2.0666666666666664,28245.0,48603.0,0.0,0,3.0,122.507,"2,43",2.288.835,"96,61",CHAPINERO,SAN ISIDRO - PATIOS,1.0,0.0,1.0,0.0,15231.0,7533.0,7698.0,0.6565557087518876,0.6565557087518876,0.0,1.2990387113535984
38.0,2018,0.0,0,4.0,1,4.0,1,0.0,0,1.0,3.008,1246305.0,1155330.0,52.0,15,75.0,119.565,"3,92",1.095.184,"90,79",ANTONIO NARIÑO,RESTREPO,93.0,0.0,39.0,54.0,54246.0,26004.0,28242.0,17.14412122552815,17.14412122552815,20.76603599446239,13.809220310176332
52.0,2018,0.0,0,0.0,0,0.0,0,0.0,0,0.0,1.0,614920.0,740280.0,0.0,0,176.0,314.431,"4,07",569.872,"82,91",USME,LA FLORA,8.0,0.0,2.0,6.0,18178.0,8980.0,9198.0,4.400924194080757,4.400924194080757,6.6815144766147,2.1743857360295715
96.0,2018,0.0,0,0.0,0,0.0,0,0.0,0,4.0,1.7264285714285716,628474.0,648214.0,4.0,2,16.0,96.241,"3,18",896.890,"88,28",SANTA FE,LOURDES,16.0,0.0,3.0,13.0,44303.0,21564.0,22739.0,3.6114935783129813,3.6114935783129813,6.028566128733074,1.319319231276661
84.0,2018,0.0,0,0.0,0,2.0,1,1.0,1,1.0,1.98,990222.0,1073760.0,1.0,1,30.0,546.809,"3,98",703.807,"85,4",BOSA,BOSA OCCIDENTAL,73.0,0.0,26.0,47.0,195836.0,95646.0,100190.0,3.727608815539533,3.727608815539533,4.913953537001024,2.595069368200419
111.0,2018,0.0,0,0.0,0,1.0,1,0.0,0,2.0,2.9375,64585.0,73290.0,16.0,5,63.0,250.715,"3,55",1.116.511,"90,43",PUENTE ARANDA,PUENTE ARANDA,62.0,0.0,27.0,35.0,10700.0,8209.0,2491.0,57.94392523364486,57.94392523364486,42.63613107564868,108.39020473705338
112.0,2018,1.0,1,1.0,1,1.0,1,1.0,1,3.0,3.1133333333333333,126427.0,160027.0,0.0,0,71.0,317.179,"3,46",1.428.379,"90,03",FONTIBON,GRANJAS DE TECHO,86.0,0.0,43.0,43.0,43620.0,20259.0,23361.0,19.715726730857405,19.715726730857405,21.225134508119847,18.406746286545953
75.0,2018,0.0,0,2.0,1,7.0,1,3.0,1,3.0,2.913,1316550.0,1374890.0,0.0,0,58.0,317.179,"3,46",1.428.379,"90,03",FONTIBON,FONTIBON,102.0,0.0,33.0,69.0,129959.0,62133.0,67826.0,7.848629183050039,7.848629183050039,11.105209791898025,4.865390853065196
12.0,2018,1.0,1,2.0,1,4.0,1,0.0,0,6.0,3.378,256245.0,260090.0,9.0,3,42.0,430.156,"3,12",1.867.529,"93,6",USAQUEN,TOBERIN,49.0,0.0,22.0,27.0,58835.0,27123.0,31712.0,8.328375966686496,8.328375966686496,9.954651034177635,6.937436932391524
16.0,2018,1.0,1,2.0,1,7.0,1,1.0,1,12.0,5.738888888888889,464238.0,463266.0,18.0,6,60.0,430.156,"3,12",1.867.529,"93,6",USAQUEN,SANTA BARBARA,151.0,0.0,67.0,84.0,67760.0,30437.0,37323.0,22.28453364817001,22.28453364817001,27.597989289351773,17.95139726174209
82.0,2018,0.0,0,0.0,0,2.0,1,2.0,1,0.0,1.9566666666666668,963012.0,1044870.0,9.0,4,29.0,979.914,"3,72",999.300,"88,94",KENNEDY,PATIO BONITO,95.0,0.0,35.0,60.0,140235.0,69384.0,70851.0,6.774343066994687,6.774343066994687,8.647526807333103,4.939944390340291
35.0,2018,0.0,0,0.0,0,1.0,1,1.0,1,1.0,2.666,168705.0,154565.0,35.0,5,22.0,119.565,"3,92",1.095.184,"90,79",ANTONIO NARIÑO,CIUDAD JARDIN,29.0,0.0,12.0,17.0,24983.0,11921.0,13062.0,11.607893367489893,11.607893367489893,14.260548611693649,9.186954524575103
68.0,2018,0.0,0,0.0,0,0.0,0,1.0,1,0.0,1.055,351536.0,380992.0,0.0,0,13.0,593.937,"4,09",505.335,"83,5",CIUDAD BOLIVAR,EL TESORO,8.0,0.0,4.0,4.0,49741.0,24609.0,25132.0,1.6083311553848938,1.6083311553848938,1.6254215937258727,1.5915963711602739
27.0,2018,1.0,1,6.0,1,7.0,1,4.0,1,2.0,2.840909090909091,1497236.0,1751217.0,16.0,6,48.0,981.613,"3,41",1.388.086,"91,6",SUBA,SUBA,88.0,0.0,46.0,42.0,166333.0,77901.0,88432.0,5.290591764712955,5.290591764712955,5.391458389494359,5.2017369278089385
22.0,2018,1.0,1,0.0,0,7.0,1,0.0,0,2.0,3.292222222222222,847206.0,887247.0,37.0,8,38.0,230.066,"3,36",1.462.840,"92,44",BARRIOS UNIDOS,DOCE DE OCTUBRE,73.0,0.0,21.0,52.0,64814.0,30527.0,34287.0,11.262998734841238,11.262998734841238,17.034100959806075,6.124770321112959
105.0,2018,0.0,0,0.0,0,0.0,0,0.0,0,1.0,2.67,1601.0,2464.0,4.0,1,11.0,824.337,"3,41",1.089.512,"91,78",ENGATIVA,JARDIN BOTANICO,18.0,0.0,8.0,10.0,2482.0,1423.0,1059.0,72.522159548751,72.522159548751,70.27406886858749,75.54296506137867
104.0,2018,0.0,0,0.0,0,0.0,0,0.0,0,3.0,4.0,19494.0,20424.0,21.0,5,34.0,139.298,"2,87",1.933.116,"96,03",TEUSAQUILLO,PARQUE SIMON BOLIVAR - CAN,55.0,0.0,24.0,31.0,2937.0,1546.0,1391.0,187.26591760299627,187.26591760299627,200.51746442432082,172.53774263120056
74.0,2018,0.0,0,0.0,0,1.0,1,0.0,0,2.0,2.0016666666666665,712512.0,784968.0,0.0,0,15.0,824.337,"3,41",1.089.512,"91,78",ENGATIVA,ENGATIVA,35.0,0.0,13.0,22.0,135897.0,65701.0,70196.0,2.5754799590866613,2.5754799590866613,3.3485030669244,1.8519573764886887
47.0,2018,0.0,0,0.0,0,1.0,1,0.0,0,0.0,3.0,865592.0,770256.0,9.0,4,28.0,979.914,"3,72",999.300,"88,94",KENNEDY,KENNEDY CENTRAL,64.0,0.0,33.0,31.0,94686.0,44596.0,50090.0,6.759182983756838,6.759182983756838,6.951296080365952,6.588141345577959
70.0,2018,0.0,0,0.0,0,0.0,0,0.0,0,1.0,1.1733333333333331,789975.0,888237.0,0.0,0,23.0,593.937,"4,09",505.335,"83,5",CIUDAD BOLIVAR,JERUSALEM,17.0,0.0,8.0,9.0,95007.0,46315.0,48692.0,1.7893418379698338,1.7893418379698338,1.9432149411637698,1.6429803663846219
66.0,2018,0.0,0,0.0,0,0.0,0,0.0,0,0.0,1.8425,597168.0,609704.0,4.0,3,26.0,593.937,"4,09",505.335,"83,5",CIUDAD BOLIVAR,SAN FRANCISCO,32.0,0.0,17.0,15.0,68147.0,33151.0,34996.0,4.695731286777114,4.695731286777114,4.524750384603783,4.857698022631158
65.0,2018,0.0,0,0.0,0,0.0,0,0.0,0,1.0,2.463333333333334,349194.0,364512.0,9.0,3,21.0,593.937,"4,09",505.335,"83,5",CIUDAD BOLIVAR,ARBORIZADORA,35.0,0.0,14.0,21.0,77129.0,36651.0,40478.0,4.537852169741601,4.537852169741601,5.729720880739953,3.4586689065665297
79.0,2018,0.0,0,0.0,0,0.0,0,0.0,0,0.0,2.1333333333333333,167274.0,204984.0,3.0,2,22.0,979.914,"3,72",999.300,"88,94",KENNEDY,CALANDAIMA,34.0,0.0,14.0,20.0,120204.0,56697.0,63507.0,2.8285248411034574,2.8285248411034574,3.527523502125333,2.2044813957516496
59.0,2018,0.0,0,0.0,0,0.0,0,0.0,0,0.0,1.0,163808.0,216380.0,0.0,0,6.0,314.431,"4,07",569.872,"82,91",USME,ALFONSO LOPEZ,14.0,0.0,7.0,7.0,48496.0,23875.0,24621.0,2.886836027713626,2.886836027713626,2.9319371727748686,2.843101417489135
45.0,2018,0.0,0,0.0,0,1.0,1,1.0,1,0.0,2.7914285714285714,737583.0,674359.0,9.0,4,35.0,979.914,"3,72",999.300,"88,94",KENNEDY,CARVAJAL,78.0,0.0,24.0,54.0,90556.0,43525.0,47031.0,8.61345465789125,8.61345465789125,12.406662837449742,5.103017158895197
20.0,2018,1.0,1,0.0,0,7.0,1,40.0,1,16.0,4.996666666666667,231126.0,219822.0,33.0,6,26.0,981.613,"3,41",1.388.086,"91,6",SUBA,LA ALHAMBRA,67.0,0.0,34.0,33.0,39506.0,17788.0,21718.0,16.95944919759024,16.95944919759024,18.551832696199686,15.655216870798416
51.0,2018,0.0,0,0.0,0,0.0,0,0.0,0,0.0,1.68875,263745.0,660861.0,0.0,0,15.0,404.35,"3,73",706.208,"83,68",SAN CRISTOBAL,LOS LIBERTADORES,11.0,0.0,4.0,7.0,73845.0,35930.0,37915.0,1.4896066084365902,1.4896066084365902,1.9482326746451433,1.054991428194646
115.0,2018,1.0,1,2.0,1,0.0,0,0.0,0,3.0,3.314,77135.0,83285.0,6.0,3,26.0,317.179,"3,46",1.428.379,"90,03",FONTIBON,CAPELLANIA,62.0,0.0,27.0,35.0,17190.0,8131.0,9059.0,36.067481093659104,36.067481093659104,43.045135899643334,29.804614195827355
43.0,2018,0.0,0,0.0,0,2.0,1,1.0,1,0.0,3.0,844074.0,844239.0,17.0,8,31.0,250.715,"3,55",1.116.511,"90,43",PUENTE ARANDA,SAN RAFAEL,56.0,0.0,19.0,37.0,71167.0,33640.0,37527.0,7.868815602737224,7.868815602737224,10.998810939357908,5.063021291336904
25.0,2018,2.0,1,2.0,1,4.0,1,0.0,0,6.0,4.04,127070.0,126620.0,24.0,5,25.0,981.613,"3,41",1.388.086,"91,6",SUBA,LA FLORESTA,37.0,0.0,12.0,25.0,40557.0,18384.0,22173.0,9.122962743792687,9.122962743792687,13.598781549173193,5.411987552428629
56.0,2018,0.0,0,0.0,0,0.0,0,0.0,0,0.0,1.508,205135.0,253351.0,6.0,6,8.0,314.431,"4,07",569.872,"82,91",USME,DANUBIO,24.0,0.0,7.0,17.0,50027.0,24123.0,25904.0,4.7974093989245805,4.7974093989245805,7.047216349541931,2.7022853613341566
26.0,2018,0.0,0,3.0,1,5.0,1,1.0,1,5.0,3.0646153846153847,1441973.0,1441167.0,19.0,5,69.0,824.337,"3,41",1.089.512,"91,78",ENGATIVA,LAS FERIAS,132.0,0.0,62.0,70.0,99530.0,47242.0,52288.0,13.262332964935196,13.262332964935196,14.817323568011515,11.857405140758873
102.0,2018,1.0,1,2.0,1,3.0,1,0.0,0,11.0,2.8186666666666667,764715.0,782955.0,131.0,15,94.0,94.944,"3,53",1.059.511,"89,78",LOS MARTIRES,LA SABANA,229.0,0.0,88.0,141.0,35073.0,17460.0,17613.0,65.29239015767114,65.29239015767114,80.75601374570448,49.96309544086754
2.0,2018,0.0,0,0.0,0,0.0,0,0.0,0,0.0,5.058,10545.0,13800.0,3.0,2,95.0,981.613,"3,41",1.388.086,"91,6",SUBA,LA ACADEMIA,15.0,0.0,7.0,8.0,4077.0,1982.0,2095.0,36.79175864606328,36.79175864606328,40.363269424823415,33.41288782816229
116.0,2018,1.0,1,1.0,1,0.0,0,1.0,1,4.0,3.155,24638.0,27282.0,3.0,1,17.0,824.337,"3,41",1.089.512,"91,78",ENGATIVA,ALAMOS,43.0,0.0,19.0,24.0,11820.0,5550.0,6270.0,36.37901861252115,36.37901861252115,43.24324324324324,30.303030303030305
81.0,2018,0.0,0,0.0,0,1.0,1,3.0,1,1.0,2.0025,290204.0,283616.0,1.0,1,16.0,979.914,"3,72",999.300,"88,94",KENNEDY,GRAN BRITALIA,42.0,0.0,16.0,26.0,63264.0,30735.0,32529.0,6.638846737481032,6.638846737481032,8.459411094843013,4.918687939992007
52.0,2018,0.0,0,0.0,0,0.0,0,0.0,0,0.0,1.0,614920.0,740280.0,0.0,0,176.0,314.431,"4,07",569.872,"82,91",USME,LA FLORA,8.0,0.0,2.0,6.0,18178.0,8980.0,9198.0,4.400924194080757,4.400924194080757,6.6815144766147,2.1743857360295715
33.0,2018,0.0,0,0.0,0,2.0,1,0.0,0,0.0,2.8193333333333332,1647904.0,748256.0,42.0,13,30.0,404.35,"3,73",706.208,"83,68",SAN CRISTOBAL,SOSIEGO,34.0,0.0,19.0,15.0,42167.0,20418.0,21749.0,8.06317736618683,8.06317736618683,7.346459006758741,8.73603384063635
19.0,2018,2.0,1,3.0,1,6.0,1,2.0,1,9.0,3.51625,692512.0,712104.0,25.0,8,34.0,981.613,"3,41",1.388.086,"91,6",SUBA,EL PRADO,87.0,0.0,34.0,53.0,96752.0,44278.0,52474.0,8.992062179593187,8.992062179593187,11.969827002122951,6.479399321568777
41.0,2018,0.0,0,0.0,0,2.0,1,0.0,0,1.0,3.0,523602.0,513468.0,24.0,8,22.0,250.715,"3,55",1.116.511,"90,43",PUENTE ARANDA,MUZU,54.0,0.0,25.0,29.0,56895.0,26833.0,30062.0,9.491167940943845,9.491167940943845,10.807587671896545,8.316146630297386
37.0,2018,0.0,0,1.0,1,1.0,1,0.0,0,5.0,3.0,307027.0,315602.0,40.0,7,41.0,94.944,"3,53",1.059.511,"89,78",LOS MARTIRES,SANTA ISABEL,39.0,0.0,15.0,24.0,38204.0,18413.0,19791.0,10.208355146058004,10.208355146058004,13.03426926627926,7.579202667879339
107.0,2018,0.0,0,1.0,1,3.0,1,1.0,1,3.0,3.77,207448.0,216792.0,32.0,8,35.0,139.298,"2,87",1.933.116,"96,03",TEUSAQUILLO,QUINTA PAREDES,67.0,0.0,32.0,35.0,25448.0,11749.0,13699.0,26.32819867966048,26.32819867966048,29.789769342071665,23.359369297028977
73.0,2018,1.0,1,0.0,0,3.0,1,1.0,1,3.0,2.775714285714286,955689.0,1044302.0,4.0,2,40.0,824.337,"3,41",1.089.512,"91,78",ENGATIVA,GARCES NAVAS,59.0,0.0,22.0,37.0,160612.0,75640.0,84972.0,3.673449057355615,3.673449057355615,4.891591750396616,2.589088170220778
31.0,2018,0.0,0,1.0,1,2.0,1,1.0,1,4.0,3.318333333333334,409362.0,391260.0,10.0,4,38.0,824.337,"3,41",1.089.512,"91,78",ENGATIVA,SANTA CECILIA,69.0,0.0,34.0,35.0,65800.0,30709.0,35091.0,10.486322188449847,10.486322188449847,11.397310234784591,9.689094069704483
58.0,2018,0.0,0,0.0,0,0.0,0,1.0,1,0.0,1.5654545454545454,857659.0,954745.0,0.0,0,29.0,314.431,"4,07",569.872,"82,91",USME,COMUNEROS,24.0,0.0,8.0,16.0,91633.0,44615.0,47018.0,2.619143758253031,2.619143758253031,3.586237812394934,1.701476030456421
13.0,2018,4.0,1,1.0,1,5.0,1,3.0,1,3.0,4.381666666666667,1717632.0,1842552.0,20.0,5,88.0,430.156,"3,12",1.867.529,"93,6",USAQUEN,LOS CEDROS,131.0,0.0,56.0,75.0,123293.0,54733.0,68560.0,10.625096315281485,10.625096315281485,13.702884914037236,8.168028004667445
63.0,2018,0.0,0,0.0,0,0.0,0,0.0,0,0.0,,1596.0,5864.0,2.0,2,6.0,593.937,"4,09",505.335,"83,5",CIUDAD BOLIVAR,EL MOCHUELO,2.0,0.0,1.0,1.0,36.0,18.0,18.0,555.5555555555555,555.5555555555555,555.5555555555555,555.5555555555555
87.0,2018,0.0,0,0.0,0,0.0,0,0.0,0,1.0,1.765,212992.0,339512.0,0.0,0,47.0,546.809,"3,98",703.807,"85,4",BOSA,TINTAL SUR,21.0,0.0,12.0,9.0,97019.0,45633.0,51386.0,2.164524474587452,2.164524474587452,1.972256919334692,2.335266414976842
77.0,2018,1.0,1,0.0,0,0.0,0,0.0,0,1.0,2.045,283878.0,356976.0,0.0,0,13.0,317.179,"3,46",1.428.379,"90,03",FONTIBON,ZONA FRANCA,13.0,0.0,5.0,8.0,56771.0,26670.0,30101.0,2.289901534234028,2.289901534234028,2.9996250468691414,1.6610743829108667
39.0,2018,1.0,1,2.0,1,5.0,1,0.0,0,0.0,3.0,1410480.0,1306815.0,45.0,15,69.0,378.78,"3,72",591.317,"87,06",RAFAEL URIBE URIBE,QUIROGA,92.0,0.0,36.0,56.0,88243.0,42702.0,45541.0,10.42575615062951,10.42575615062951,13.114139852934288,7.9049647570321255
108.0,2018,0.0,0,0.0,0,0.0,0,1.0,1,2.0,2.685714285714286,33520.0,33976.0,48.0,8,66.0,250.715,"3,55",1.116.511,"90,43",PUENTE ARANDA,ZONA INDUSTRIAL,63.0,0.0,15.0,48.0,5977.0,2974.0,3003.0,105.4040488539401,105.4040488539401,161.3987895090787,49.95004995004995
61.0,2018,0.0,0,0.0,0,0.0,0,4.0,1,0.0,1.2366666666666666,79500.0,134960.0,0.0,0,65.0,314.431,"4,07",569.872,"82,91",USME,CIUDAD USME,5.0,0.0,3.0,2.0,22637.0,10939.0,11698.0,2.2087732473384283,2.2087732473384283,1.8283206874485787,2.5645409471704568
1.0,2018,0.0,0,0.0,0,0.0,0,0.0,0,0.0,4.0,52488.0,63828.0,3.0,3,83.0,430.156,"3,12",1.867.529,"93,6",USAQUEN,PASEO DE LOS LIBERTADORES,14.0,0.0,5.0,9.0,2567.0,1279.0,1288.0,54.53837164004675,54.53837164004675,70.36747458952306,38.81987577639752
46.0,2018,0.0,0,0.0,0,3.0,1,1.0,1,1.0,2.72,884656.0,1003288.0,18.0,6,40.0,979.914,"3,72",999.300,"88,94",KENNEDY,CASTILLA,103.0,0.0,35.0,68.0,138657.0,65654.0,73003.0,7.428402460748465,7.428402460748465,10.357327809425167,4.794323520951194
85.0,2018,1.0,1,1.0,1,3.0,1,2.0,1,1.0,1.9988888888888892,2537808.0,2654832.0,17.0,6,39.0,546.809,"3,98",703.807,"85,4",BOSA,BOSA CENTRAL,111.0,0.0,52.0,59.0,233322.0,112383.0,120939.0,4.757373929590866,4.757373929590866,5.2499043449632055,4.299688272600236
60.0,2018,0.0,0,0.0,0,0.0,0,0.0,0,0.0,1.11,10544.0,15584.0,0.0,0,0.0,314.431,"4,07",569.872,"82,91",USME,PARQUE ENTRENUBES,4.0,0.0,4.0,0.0,1014.0,517.0,497.0,39.447731755424066,39.447731755424066,0.0,80.48289738430584
30.0,2018,1.0,1,4.0,1,6.0,1,0.0,0,5.0,3.001818181818182,1427481.0,1341120.0,25.0,7,42.0,824.337,"3,41",1.089.512,"91,78",ENGATIVA,BOYACA REAL,109.0,0.0,42.0,67.0,125315.0,59415.0,65900.0,8.698080836292542,8.698080836292542,11.276613649751747,6.373292867981791
72.0,2018,0.0,0,0.0,0,1.0,1,0.0,0,3.0,3.0,331356.0,345116.0,4.0,2,21.0,824.337,"3,41",1.089.512,"91,78",ENGATIVA,BOLIVIA,53.0,0.0,27.0,26.0,81481.0,37070.0,44411.0,6.504583890722991,6.504583890722991,7.013757755597518,6.079574880097273
57.0,2018,0.0,0,2.0,1,0.0,0,0.0,0,0.0,1.7740000000000002,1391324.0,1519562.0,3.0,3,23.0,314.431,"4,07",569.872,"82,91",USME,GRAN YOMASA,30.0,0.0,9.0,21.0,123476.0,59837.0,63639.0,2.4296219508244516,2.4296219508244516,3.509534234670856,1.414227124876255
23.0,2018,0.0,0,0.0,0,4.0,1,18.0,1,5.0,3.5728571428571425,209118.0,255647.0,7.0,5,41.0,981.613,"3,41",1.388.086,"91,6",SUBA,CASA BLANCA SUBA,22.0,0.0,12.0,10.0,52913.0,24468.0,28445.0,4.1577684122994345,4.1577684122994345,4.086970737289521,4.218667604148356
88.0,2018,0.0,0,0.0,0,0.0,0,0.0,0,16.0,5.9375,358776.0,369156.0,3.0,2,60.0,122.507,"2,43",2.288.835,"96,61",CHAPINERO,EL REFUGIO,58.0,0.0,28.0,30.0,36695.0,16397.0,20298.0,15.805968115547076,15.805968115547076,18.296029761541746,13.794462508621539
9.0,2018,0.0,0,1.0,1,4.0,1,1.0,1,0.0,2.7445454545454546,927663.0,1059410.0,9.0,4,60.0,430.156,"3,12",1.867.529,"93,6",USAQUEN,VERBENAL,32.0,0.0,13.0,19.0,119080.0,56578.0,62502.0,2.6872690628149143,2.6872690628149143,3.358195765138393,2.079933442129852
109.0,2018,0.0,0,0.0,0,0.0,0,0.0,0,2.0,4.123333333333334,44058.0,53832.0,12.0,3,32.0,139.298,"2,87",1.933.116,"96,03",TEUSAQUILLO,CIUDAD SALITRE ORIENTAL,55.0,0.0,34.0,21.0,21236.0,9763.0,11473.0,25.899416085891882,25.899416085891882,21.50978182935573,29.634794735465874
49.0,2018,0.0,0,1.0,1,0.0,0,1.0,1,2.0,2.3333333333333335,124191.0,114375.0,10.0,3,11.0,546.809,"3,98",703.807,"85,4",BOSA,APOGEO,39.0,0.0,18.0,21.0,36791.0,17636.0,19155.0,10.600418580631132,10.600418580631132,11.90746200952597,9.397024275646045
14.0,2018,0.0,0,0.0,0,1.0,1,0.0,0,14.0,4.66,375100.0,457974.0,0.0,0,45.0,430.156,"3,12",1.867.529,"93,6",USAQUEN,USAQUEN,64.0,0.0,23.0,41.0,39868.0,18825.0,21043.0,16.052974816895755,16.052974816895755,21.779548472775563,10.930000475217412
32.0,2018,0.0,0,0.0,0,0.0,0,0.0,0,0.0,1.7457142857142858,1408200.0,1428675.0,0.0,0,47.0,404.35,"3,73",706.208,"83,68",SAN CRISTOBAL,SAN BLAS,16.0,0.0,10.0,6.0,97856.0,47245.0,50611.0,1.6350555918901244,1.6350555918901244,1.269975658799873,1.9758550512734385
92.0,2018,0.0,0,0.0,0,0.0,0,0.0,0,10.0,2.5425,132324.0,86100.0,26.0,6,25.0,96.241,"3,18",896.890,"88,28",SANTA FE,LA MACARENA,40.0,0.0,15.0,25.0,12041.0,5866.0,6175.0,33.219832239847186,33.219832239847186,42.61847937265598,24.291497975708502
11.0,2018,0.0,0,1.0,1,4.0,1,2.0,1,5.0,2.3000000000000003,373404.0,436080.0,0.0,0,21.0,430.156,"3,12",1.867.529,"93,6",USAQUEN,SAN CRISTOBAL NORTE,26.0,0.0,11.0,15.0,68168.0,32450.0,35718.0,3.8141063255486443,3.8141063255486443,4.622496147919877,3.079679713309816
36.0,2018,0.0,0,0.0,0,0.0,0,0.0,0,1.0,2.97,350595.0,343350.0,26.0,7,19.0,378.78,"3,72",591.317,"87,06",RAFAEL URIBE URIBE,SAN JOSE,44.0,0.0,11.0,33.0,46555.0,22110.0,24445.0,9.451186768338523,9.451186768338523,14.925373134328359,4.499897729597055
53.0,2018,0.0,0,1.0,1,1.0,1,0.0,0,1.0,2.442857142857143,479920.0,461139.0,21.0,6,14.0,378.78,"3,72",591.317,"87,06",RAFAEL URIBE URIBE,MARCO FIDEL SUAREZ,31.0,0.0,14.0,17.0,46417.0,22472.0,23945.0,6.678587586444621,6.678587586444621,7.56496974012104,5.846732094382961
50.0,2018,0.0,0,1.0,1,0.0,0,0.0,0,0.0,1.9327272727272728,215222.0,1432186.0,1.0,1,21.0,404.35,"3,73",706.208,"83,68",SAN CRISTOBAL,LA GLORIA,21.0,0.0,11.0,10.0,93229.0,45285.0,47944.0,2.252517993328256,2.252517993328256,2.2082367229767033,2.294343400634073
110.0,2018,1.0,1,1.0,1,0.0,0,0.0,0,3.0,4.074999999999999,71780.0,82212.0,7.0,2,29.0,317.179,"3,46",1.428.379,"90,03",FONTIBON,CIUDAD SALITRE OCCIDENTAL,64.0,0.0,31.0,33.0,42871.0,20206.0,22665.0,14.928506449581302,14.928506449581302,16.331782638820155,13.677476285020957
10.0,2018,0.0,0,1.0,1,1.0,1,14.0,1,1.0,2.87125,122265.0,153495.0,5.0,2,29.0,430.156,"3,12",1.867.529,"93,6",USAQUEN,LA URIBE,49.0,0.0,24.0,25.0,31194.0,14327.0,16867.0,15.7081490030134,15.7081490030134,17.449570740559782,14.228967806960338
42.0,2018,0.0,0,0.0,0,1.0,1,6.0,1,1.0,2.4250000000000003,2179040.0,2310720.0,35.0,13,66.0,182.532,"3,63",829.895,"87,19",TUNJUELITO,VENECIA,114.0,0.0,52.0,62.0,131951.0,63768.0,68183.0,8.639570749748012,8.639570749748012,9.722744950445366,7.626534473402461
103.0,2018,0.0,0,0.0,0,0.0,0,0.0,0,2.0,3.0,10953.0,12423.0,5.0,2,15.0,230.066,"3,36",1.462.840,"92,44",BARRIOS UNIDOS,PARQUE SALITRE,10.0,0.0,3.0,7.0,1339.0,688.0,651.0,74.68259895444362,74.68259895444362,101.74418604651163,46.08294930875576
21.0,2018,0.0,0,0.0,0,6.0,1,0.0,0,14.0,3.762,225860.0,233125.0,52.0,5,22.0,230.066,"3,36",1.462.840,"92,44",BARRIOS UNIDOS,LOS ANDES,64.0,0.0,31.0,33.0,27253.0,11949.0,15304.0,23.48365317579716,23.48365317579716,27.617373838814963,20.25614218504966
55.0,2018,0.0,0,0.0,0,0.0,0,0.0,0,0.0,1.5539999999999998,379860.0,395955.0,0.0,0,7.0,378.78,"3,72",591.317,"87,06",RAFAEL URIBE URIBE,DIANA TURBAY,18.0,0.0,4.0,14.0,71841.0,34863.0,36978.0,2.505533052156846,2.505533052156846,4.015718670223446,1.0817242684839634
113.0,2018,0.0,0,0.0,0,3.0,1,0.0,0,1.0,3.2925,104270.0,104965.0,8.0,3,26.0,979.914,"3,72",999.300,"88,94",KENNEDY,BAVARIA,56.0,0.0,23.0,33.0,37827.0,17598.0,20229.0,14.80424035741666,14.80424035741666,18.752130923968632,11.369815611251173
60.0,2018,0.0,0,0.0,0,0.0,0,0.0,0,0.0,1.11,10544.0,15584.0,0.0,0,0.0,314.431,"4,07",569.872,"82,91",USME,PARQUE ENTRENUBES,4.0,0.0,4.0,0.0,1014.0,517.0,497.0,39.447731755424066,39.447731755424066,0.0,80.48289738430584
90.0,2018,0.0,0,1.0,1,3.0,1,0.0,0,20.0,3.05,275954.0,520674.0,22.0,10,60.0,122.507,"2,43",2.288.835,"96,61",CHAPINERO,PARDO RUBIO,61.0,0.0,26.0,35.0,46307.0,22621.0,23686.0,13.172954412939728,13.172954412939728,15.472348702533045,10.976948408342482
67.0,2018,0.0,0,1.0,1,0.0,0,0.0,0,0.0,1.256470588235294,2609568.0,2765373.0,2.0,1,30.0,593.937,"4,09",505.335,"83,5",CIUDAD BOLIVAR,LUCERO,42.0,0.0,20.0,22.0,153854.0,75900.0,77954.0,2.7298607771003676,2.7298607771003676,2.898550724637681,2.565615619467891
83.0,2018,0.0,0,0.0,0,0.0,0,0.0,0,0.0,2.0,24432.0,29572.0,1.0,1,11.0,979.914,"3,72",999.300,"88,94",KENNEDY,LAS MARGARITAS,21.0,0.0,11.0,10.0,28531.0,13522.0,15009.0,7.360414987206897,7.360414987206897,7.395355716609969,7.328935971750282
101.0,2018,1.0,1,0.0,0,3.0,1,0.0,0,15.0,3.8711111111111105,267970.0,273160.0,65.0,10,59.0,139.298,"2,87",1.933.116,"96,03",TEUSAQUILLO,TEUSAQUILLO,123.0,0.0,64.0,59.0,25536.0,12292.0,13244.0,48.1672932330827,48.1672932330827,47.99869834038399,48.32376925400181
54.0,2018,0.0,0,0.0,0,0.0,0,0.0,0,1.0,1.83,984621.0,1061115.0,21.0,8,28.0,378.78,"3,72",591.317,"87,06",RAFAEL URIBE URIBE,MARRUECOS,44.0,0.0,20.0,24.0,111476.0,58191.0,53285.0,3.947037927446267,3.947037927446267,4.124349126153529,3.753401520127616
78.0,2018,0.0,0,1.0,1,0.0,0,0.0,0,2.0,1.956,79812.0,176088.0,0.0,0,25.0,979.914,"3,72",999.300,"88,94",KENNEDY,TINTAL NORTE,16.0,0.0,6.0,10.0,27577.0,12962.0,14615.0,5.801936396272255,5.801936396272255,7.714858818083629,4.1053711939787885
100.0,2018,1.0,1,1.0,1,2.0,1,1.0,1,8.0,3.59625,300195.0,309096.0,38.0,9,56.0,139.298,"2,87",1.933.116,"96,03",TEUSAQUILLO,GALERIAS,115.0,0.0,46.0,69.0,33749.0,16059.0,17690.0,34.07508370618389,34.07508370618389,42.9665608070241,26.00339174674958
34.0,2018,0.0,0,2.0,1,2.0,1,1.0,1,0.0,2.346363636363636,864012.0,1108236.0,26.0,12,30.0,404.35,"3,73",706.208,"83,68",SAN CRISTOBAL,20 DE JULIO,45.0,0.0,23.0,22.0,78361.0,37998.0,40363.0,5.7426525950409,5.7426525950409,5.789778409389967,5.698288036072641
106.0,2018,0.0,0,0.0,0,1.0,1,1.0,1,1.0,4.164,167560.0,168920.0,17.0,5,30.0,139.298,"2,87",1.933.116,"96,03",TEUSAQUILLO,LA ESMERALDA,32.0,0.0,17.0,15.0,35620.0,16336.0,19284.0,8.983717012914093,8.983717012914093,9.182174338883447,8.815598423563577
91.0,2018,2.0,1,0.0,0,0.0,0,1.0,1,13.0,3.3285714285714287,96894.0,41153.0,42.0,7,37.0,96.241,"3,18",896.890,"88,28",SANTA FE,SAGRADO CORAZON,97.0,0.0,50.0,47.0,10027.0,4998.0,5029.0,96.73880522589009,96.73880522589009,94.03761504601842,99.4233446013124
95.0,2018,0.0,0,0.0,0,0.0,0,0.0,0,9.0,2.0,260205.0,69723.0,19.0,3,15.0,96.241,"3,18",896.890,"88,28",SANTA FE,LAS CRUCES,33.0,0.0,13.0,20.0,20406.0,10293.0,10113.0,16.17171420170538,16.17171420170538,19.43068104537064,12.854741421932166
40.0,2018,0.0,0,0.0,0,2.0,1,0.0,0,1.0,3.0,1219392.0,1267944.0,21.0,8,62.0,250.715,"3,55",1.116.511,"90,43",PUENTE ARANDA,CIUDAD MONTES,67.0,0.0,26.0,41.0,98166.0,46098.0,52068.0,6.825173685390054,6.825173685390054,8.894095188511432,4.993470077590843
117.0,2018,0.0,0,0.0,0,0.0,0,0.0,0,3.0,3.0,824.0,1670.0,1.0,1,17.0,317.179,"3,46",1.428.379,"90,03",FONTIBON,AEROPUERTO EL DORADO,16.0,0.0,2.0,14.0,756.0,499.0,257.0,211.64021164021162,211.64021164021162,280.56112224448896,77.82101167315176
64.0,2018,0.0,0,0.0,0,0.0,0,0.0,0,0.0,1.0,5590.0,25895.0,0.0,0,7.0,593.937,"4,09",505.335,"83,5",CIUDAD BOLIVAR,MONTE BLANCO,1.0,0.0,1.0,0.0,5331.0,2681.0,2650.0,1.8758206715438004,1.8758206715438004,0.0,3.773584905660377
48.0,2018,0.0,0,1.0,1,0.0,0,0.0,0,2.0,2.7455555555555557,1310472.0,1325682.0,5.0,3,18.0,979.914,"3,72",999.300,"88,94",KENNEDY,TIMIZA,61.0,0.0,23.0,38.0,141531.0,67482.0,74049.0,4.3100098211699205,4.3100098211699205,5.631131264633532,3.1060513983983578
98.0,2018,0.0,0,3.0,1,6.0,1,0.0,0,18.0,3.0542105263157895,1522242.0,1559634.0,99.0,19,81.0,230.066,"3,36",1.462.840,"92,44",BARRIOS UNIDOS,LOS ALCAZARES,135.0,0.0,52.0,83.0,39720.0,18906.0,20814.0,33.987915407854985,33.987915407854985,43.9014069607532,24.98318439511867
28.0,2018,0.0,0,6.0,1,13.0,1,6.0,1,6.0,2.287857142857143,3797108.0,4228084.0,17.0,6,49.0,981.613,"3,41",1.388.086,"91,6",SUBA,EL RINCON,111.0,0.0,47.0,64.0,266238.0,127428.0,138810.0,4.169201992202466,4.169201992202466,5.022444046834291,3.385923204380088
17.0,2018,0.0,0,0.0,0,2.0,1,0.0,0,2.0,4.285,226840.0,238870.0,6.0,2,32.0,981.613,"3,41",1.388.086,"91,6",SUBA,SAN JOSE DE BAVARIA,46.0,0.0,18.0,28.0,47245.0,21911.0,25334.0,9.736480050799027,9.736480050799027,12.778969467390807,7.105076182205731
24.0,2018,2.0,1,2.0,1,11.0,1,1.0,1,6.0,4.819999999999999,859833.0,845949.0,36.0,12,69.0,981.613,"3,41",1.388.086,"91,6",SUBA,NIZA,60.0,0.0,24.0,36.0,76588.0,34962.0,41626.0,7.834125450462213,7.834125450462213,10.296893770379269,5.765627252198145
44.0,2018,0.0,0,2.0,1,1.0,1,0.0,0,0.0,3.22875,673424.0,676672.0,20.0,7,33.0,979.914,"3,72",999.300,"88,94",KENNEDY,AMERICAS,107.0,0.0,38.0,69.0,79652.0,37518.0,42134.0,13.43343544418219,13.43343544418219,18.39117223732608,9.0188446385342
62.0,2018,0.0,0,1.0,1,2.0,1,0.0,0,1.0,2.024,338366.0,403893.0,26.0,7,26.0,182.532,"3,63",829.895,"87,19",TUNJUELITO,TUNJUELITO,19.0,0.0,8.0,11.0,39681.0,19601.0,20080.0,4.788185781608326,4.788185781608326,5.611958573542166,3.9840637450199203
69.0,2018,1.0,1,1.0,1,2.0,1,1.0,1,1.0,1.3691666666666666,1779216.0,1964304.0,13.0,6,22.0,593.937,"4,09",505.335,"83,5",CIUDAD BOLIVAR,ISMAEL PERDOMO,48.0,0.0,19.0,29.0,155423.0,75643.0,79780.0,3.088345997696609,3.088345997696609,3.8337982364528114,2.3815492604662825
93.0,2018,4.0,1,5.0,1,2.0,1,0.0,0,8.0,2.932857142857143,332178.0,96411.0,80.0,7,52.0,96.241,"3,18",896.890,"88,28",SANTA FE,LAS NIEVES,273.0,0.0,119.0,154.0,16323.0,8457.0,7866.0,167.24866752435213,167.24866752435213,182.0976705687596,151.2840071192474
18.0,2018,0.0,0,1.0,1,4.0,1,4.0,1,7.0,3.272,300834.0,346380.0,10.0,3,25.0,981.613,"3,41",1.388.086,"91,6",SUBA,BRITALIA,33.0,0.0,11.0,22.0,82735.0,38291.0,44444.0,3.9886384238834833,3.9886384238834833,5.745475438092503,2.4750247502475027
15.0,2019,0.0,0,0.0,0,0.0,0,3.0,1,11.0,5.395,175550.0,49356.0,6.0,2,21.0,430.156,"3,12",1.867.529,"93,6",USAQUEN,COUNTRY CLUB,44.0,0.0,25.0,19.0,24929.0,11192.0,13737.0,17.65012635885916,17.65012635885916,16.97641172265904,18.19902453228507
86.0,2019,0.0,0,0.0,0,0.0,0,1.0,1,0.0,1.568,321440.0,368145.0,0.0,0,33.0,546.809,"3,98",703.807,"85,4",BOSA,EL PORVENIR,32.0,0.0,17.0,15.0,135550.0,64820.0,70730.0,2.3607524898561416,2.3607524898561416,2.314100586238815,2.403506291531175
71.0,2019,0.0,0,0.0,0,3.0,1,0.0,0,4.0,2.105,2325960.0,2670912.0,0.0,0,22.0,981.613,"3,41",1.388.086,"91,6",SUBA,TIBABUYES,81.0,0.0,40.0,41.0,281383.0,136036.0,145347.0,2.878638723732422,2.878638723732422,3.013908083154459,2.752034785719691
29.0,2019,2.0,1,2.0,1,1.0,1,0.0,0,5.0,2.713333333333334,1291554.0,1329381.0,30.0,9,32.0,824.337,"3,41",1.089.512,"91,78",ENGATIVA,MINUTO DE DIOS,102.0,0.0,40.0,62.0,110128.0,51823.0,58305.0,9.26194973122185,9.26194973122185,11.96379985720626,6.860475087899838
80.0,2019,0.0,0,1.0,1,1.0,1,0.0,0,1.0,2.0025,247816.0,277108.0,11.0,4,19.0,979.914,"3,72",999.300,"88,94",KENNEDY,CORABASTOS,55.0,0.0,13.0,42.0,56948.0,28431.0,28517.0,9.657933553417152,9.657933553417152,14.772607365199958,4.558684293579269
99.0,2019,7.0,1,3.0,1,1.0,1,0.0,0,16.0,3.692,79566.0,121692.0,22.0,6,62.0,122.507,"2,43",2.288.835,"96,61",CHAPINERO,CHAPINERO,249.0,0.0,98.0,151.0,24347.0,12130.0,12217.0,102.27132706288248,102.27132706288248,124.48474855729596,80.21609233035933
3.0,2019,0.0,0,0.0,0,0.0,0,0.0,0,0.0,6.0,0.0,1169.0,0.0,0,26.0,981.613,"3,41",1.388.086,"91,6",SUBA,GUAYMARAL,3.0,0.0,0.0,3.0,2323.0,1124.0,1199.0,12.914334911752045,12.914334911752045,26.690391459074736,0.0
97.0,2019,12.0,1,3.0,1,7.0,1,1.0,1,12.0,5.211875,94384.0,420656.0,63.0,15,98.0,122.507,"2,43",2.288.835,"96,61",CHAPINERO,CHICO LAGO,421.0,0.0,199.0,222.0,35313.0,16528.0,18785.0,119.21955087361594,119.21955087361594,134.31752178121977,105.93558690444503
94.0,2019,4.0,1,0.0,0,0.0,0,2.0,1,6.0,2.40875,203598.0,216855.0,43.0,8,36.0,22.115,"2,83",1.050.888,"88,9",CANDELARIA,LA CANDELARIA,123.0,0.0,46.0,77.0,17345.0,9085.0,8260.0,70.91380801383684,70.91380801383684,84.75509080902586,55.690072639225185
76.0,2019,0.0,0,0.0,0,1.0,1,0.0,0,1.0,2.186666666666667,120020.0,128536.0,0.0,0,21.0,317.179,"3,46",1.428.379,"90,03",FONTIBON,FONTIBON SAN PABLO,19.0,0.0,8.0,11.0,33461.0,16412.0,17049.0,5.6782522937150715,5.6782522937150715,6.702412868632708,4.692357323010147
114.0,2019,0.0,0,0.0,0,2.0,1,2.0,1,7.0,3.8,191930.0,197050.0,9.0,4,24.0,317.179,"3,46",1.428.379,"90,03",FONTIBON,MODELIA,60.0,0.0,22.0,38.0,42974.0,19838.0,23136.0,13.961930469586262,13.961930469586262,19.155156769835667,9.508990318118949
89.0,2019,0.0,0,0.0,0,0.0,0,0.0,0,0.0,2.0666666666666664,28245.0,48603.0,0.0,0,3.0,122.507,"2,43",2.288.835,"96,61",CHAPINERO,SAN ISIDRO - PATIOS,8.0,0.0,4.0,4.0,15994.0,7940.0,8054.0,5.00187570338877,5.00187570338877,5.037783375314861,4.966476285075739
38.0,2019,0.0,0,5.0,1,4.0,1,0.0,0,3.0,3.008,1246305.0,1155330.0,52.0,15,75.0,119.565,"3,92",1.095.184,"90,79",ANTONIO NARIÑO,RESTREPO,123.0,0.0,54.0,69.0,54708.0,26059.0,28649.0,22.483000658039042,22.483000658039042,26.478375992939103,18.848825438933297
52.0,2019,0.0,0,0.0,0,0.0,0,0.0,0,0.0,1.0,614920.0,740280.0,0.0,0,176.0,314.431,"4,07",569.872,"82,91",USME,LA FLORA,8.0,0.0,4.0,4.0,18698.0,9295.0,9403.0,4.278532463365066,4.278532463365066,4.303388918773535,4.25396150164841
96.0,2019,0.0,0,0.0,0,0.0,0,0.0,0,4.0,1.7264285714285716,628474.0,648214.0,4.0,2,16.0,96.241,"3,18",896.890,"88,28",SANTA FE,LOURDES,10.0,0.0,2.0,8.0,44918.0,21928.0,22990.0,2.2262789972839396,2.2262789972839396,3.6483035388544325,0.8699434536755112
84.0,2019,0.0,0,0.0,0,2.0,1,2.0,1,1.0,1.98,990222.0,1073760.0,1.0,1,30.0,546.809,"3,98",703.807,"85,4",BOSA,BOSA OCCIDENTAL,79.0,0.0,31.0,48.0,197601.0,96425.0,101176.0,3.9979554759338263,3.9979554759338263,4.977962146746176,3.063967739384834
111.0,2019,1.0,1,0.0,0,1.0,1,0.0,0,6.0,2.9375,64585.0,73290.0,16.0,5,63.0,250.715,"3,55",1.116.511,"90,43",PUENTE ARANDA,PUENTE ARANDA,67.0,0.0,35.0,32.0,11206.0,8709.0,2497.0,59.789398536498304,59.789398536498304,36.743598576185555,140.16820184221064
112.0,2019,1.0,1,1.0,1,1.0,1,1.0,1,7.0,3.1133333333333333,126427.0,160027.0,0.0,0,71.0,317.179,"3,46",1.428.379,"90,03",FONTIBON,GRANJAS DE TECHO,96.0,0.0,40.0,56.0,46245.0,21402.0,24843.0,20.75900097307817,20.75900097307817,26.165778899168302,16.101115002213902
75.0,2019,0.0,0,2.0,1,7.0,1,5.0,1,4.0,2.913,1316550.0,1374890.0,0.0,0,58.0,317.179,"3,46",1.428.379,"90,03",FONTIBON,FONTIBON,105.0,0.0,46.0,59.0,132714.0,63221.0,69493.0,7.9117500791175015,7.9117500791175015,9.3323421015169,6.61937173528269
12.0,2019,1.0,1,2.0,1,5.0,1,0.0,0,7.0,3.378,256245.0,260090.0,9.0,3,42.0,430.156,"3,12",1.867.529,"93,6",USAQUEN,TOBERIN,61.0,0.0,27.0,34.0,60120.0,27692.0,32428.0,10.146373918829008,10.146373918829008,12.277914199046656,8.326137905513754
16.0,2019,2.0,1,2.0,1,9.0,1,1.0,1,17.0,5.738888888888889,464238.0,463266.0,18.0,6,60.0,430.156,"3,12",1.867.529,"93,6",USAQUEN,SANTA BARBARA,175.0,0.0,81.0,94.0,69695.0,31338.0,38357.0,25.10940526580099,25.10940526580099,29.995532580254004,21.117397085277787
82.0,2019,0.0,0,0.0,0,2.0,1,2.0,1,0.0,1.9566666666666668,963012.0,1044870.0,9.0,4,29.0,979.914,"3,72",999.300,"88,94",KENNEDY,PATIO BONITO,86.0,0.0,25.0,61.0,139919.0,69495.0,70424.0,6.146413281970283,6.146413281970283,8.777609899992806,3.54992616153584
35.0,2019,1.0,1,0.0,0,1.0,1,1.0,1,2.0,2.666,168705.0,154565.0,35.0,5,22.0,119.565,"3,92",1.095.184,"90,79",ANTONIO NARIÑO,CIUDAD JARDIN,32.0,0.0,14.0,18.0,25387.0,12038.0,13349.0,12.604876511600425,12.604876511600425,14.952649941850806,10.48767697954903
68.0,2019,0.0,0,0.0,0,0.0,0,1.0,1,0.0,1.055,351536.0,380992.0,0.0,0,13.0,593.937,"4,09",505.335,"83,5",CIUDAD BOLIVAR,EL TESORO,11.0,0.0,2.0,9.0,51170.0,25484.0,25686.0,2.1496970881375805,2.1496970881375805,3.5316276879610737,0.7786342754808067
27.0,2019,1.0,1,5.0,1,7.0,1,5.0,1,3.0,2.840909090909091,1497236.0,1751217.0,16.0,6,48.0,981.613,"3,41",1.388.086,"91,6",SUBA,SUBA,104.0,0.0,56.0,48.0,170068.0,79760.0,90308.0,6.115200978432156,6.115200978432156,6.018054162487463,6.201001018735882
22.0,2019,1.0,1,0.0,0,5.0,1,0.0,0,2.0,3.292222222222222,847206.0,887247.0,37.0,8,38.0,230.066,"3,36",1.462.840,"92,44",BARRIOS UNIDOS,DOCE DE OCTUBRE,85.0,0.0,42.0,43.0,67629.0,32457.0,35172.0,12.568572653743216,12.568572653743216,13.248297747789383,11.941316956670079
105.0,2019,0.0,0,0.0,0,0.0,0,0.0,0,3.0,2.67,1601.0,2464.0,4.0,1,11.0,824.337,"3,41",1.089.512,"91,78",ENGATIVA,JARDIN BOTANICO,16.0,0.0,9.0,7.0,2616.0,1504.0,1112.0,61.162079510703364,61.162079510703364,46.54255319148936,80.93525179856115
104.0,2019,0.0,0,0.0,0,0.0,0,0.0,0,6.0,4.0,19494.0,20424.0,21.0,5,34.0,139.298,"2,87",1.933.116,"96,03",TEUSAQUILLO,PARQUE SIMON BOLIVAR - CAN,70.0,0.0,30.0,40.0,3087.0,1586.0,1501.0,226.75736961451247,226.75736961451247,252.20680958385876,199.86675549633577
74.0,2019,0.0,0,0.0,0,2.0,1,0.0,0,2.0,2.0016666666666665,712512.0,784968.0,0.0,0,15.0,824.337,"3,41",1.089.512,"91,78",ENGATIVA,ENGATIVA,37.0,0.0,15.0,22.0,138394.0,66983.0,71411.0,2.6735263089440298,2.6735263089440298,3.284415448695938,2.1005167271148704
47.0,2019,1.0,1,0.0,0,2.0,1,0.0,0,1.0,3.0,865592.0,770256.0,9.0,4,28.0,979.914,"3,72",999.300,"88,94",KENNEDY,KENNEDY CENTRAL,77.0,0.0,37.0,40.0,94456.0,44672.0,49784.0,8.151943762174982,8.151943762174982,8.954154727793696,7.432106700948096
70.0,2019,0.0,0,0.0,0,0.0,0,0.0,0,1.0,1.1733333333333331,789975.0,888237.0,0.0,0,23.0,593.937,"4,09",505.335,"83,5",CIUDAD BOLIVAR,JERUSALEM,29.0,0.0,14.0,15.0,97492.0,47838.0,49654.0,2.974603044352357,2.974603044352357,3.1355825912454534,2.819511016232328
66.0,2019,0.0,0,0.0,0,0.0,0,0.0,0,0.0,1.8425,597168.0,609704.0,4.0,3,26.0,593.937,"4,09",505.335,"83,5",CIUDAD BOLIVAR,SAN FRANCISCO,40.0,0.0,21.0,19.0,69426.0,34000.0,35426.0,5.761530262437703,5.761530262437703,5.588235294117647,5.927849601987241
65.0,2019,0.0,0,0.0,0,1.0,1,0.0,0,1.0,2.463333333333334,349194.0,364512.0,9.0,3,21.0,593.937,"4,09",505.335,"83,5",CIUDAD BOLIVAR,ARBORIZADORA,54.0,0.0,24.0,30.0,79580.0,38071.0,41509.0,6.785624528776075,6.785624528776075,7.880013658690341,5.781878628731118
79.0,2019,0.0,0,0.0,0,0.0,0,1.0,1,0.0,2.1333333333333333,167274.0,204984.0,3.0,2,22.0,979.914,"3,72",999.300,"88,94",KENNEDY,CALANDAIMA,43.0,0.0,17.0,26.0,124532.0,58974.0,65558.0,3.452927761539203,3.452927761539203,4.408722487876013,2.5931236462369203
59.0,2019,0.0,0,0.0,0,0.0,0,0.0,0,0.0,1.0,163808.0,216380.0,0.0,0,6.0,314.431,"4,07",569.872,"82,91",USME,ALFONSO LOPEZ,22.0,0.0,13.0,9.0,49878.0,24695.0,25183.0,4.410762259914191,4.410762259914191,3.644462441789836,5.1622126037406195
45.0,2019,0.0,0,0.0,0,2.0,1,1.0,1,2.0,2.7914285714285714,737583.0,674359.0,9.0,4,35.0,979.914,"3,72",999.300,"88,94",KENNEDY,CARVAJAL,105.0,0.0,33.0,72.0,90319.0,43587.0,46732.0,11.62546086648435,11.62546086648435,16.51868676440223,7.0615424120517
20.0,2019,2.0,1,1.0,1,7.0,1,48.0,1,20.0,4.996666666666667,231126.0,219822.0,33.0,6,26.0,981.613,"3,41",1.388.086,"91,6",SUBA,LA ALHAMBRA,73.0,0.0,35.0,38.0,41140.0,18539.0,22601.0,17.744287797763736,17.744287797763736,20.4973299530719,15.486040440688464
51.0,2019,0.0,0,0.0,0,0.0,0,0.0,0,0.0,1.68875,263745.0,660861.0,0.0,0,15.0,404.35,"3,73",706.208,"83,68",SAN CRISTOBAL,LOS LIBERTADORES,15.0,0.0,6.0,9.0,75389.0,36613.0,38776.0,1.9896801920704614,1.9896801920704614,2.4581432824406635,1.5473488755931504
115.0,2019,2.0,1,2.0,1,0.0,0,0.0,0,5.0,3.314,77135.0,83285.0,6.0,3,26.0,317.179,"3,46",1.428.379,"90,03",FONTIBON,CAPELLANIA,72.0,0.0,30.0,42.0,17600.0,8297.0,9303.0,40.909090909090914,40.909090909090914,50.62070627937808,32.24766204450177
43.0,2019,0.0,0,0.0,0,2.0,1,1.0,1,2.0,3.0,844074.0,844239.0,17.0,8,31.0,250.715,"3,55",1.116.511,"90,43",PUENTE ARANDA,SAN RAFAEL,57.0,0.0,24.0,33.0,72177.0,34309.0,37868.0,7.897252587389335,7.897252587389335,9.618467457518436,6.337805006865955
25.0,2019,2.0,1,2.0,1,4.0,1,0.0,0,9.0,4.04,127070.0,126620.0,24.0,5,25.0,981.613,"3,41",1.388.086,"91,6",SUBA,LA FLORESTA,47.0,0.0,22.0,25.0,42823.0,19418.0,23405.0,10.975410410293534,10.975410410293534,12.874652384385621,9.399700918607135
56.0,2019,0.0,0,0.0,0,0.0,0,0.0,0,0.0,1.508,205135.0,253351.0,6.0,6,8.0,314.431,"4,07",569.872,"82,91",USME,DANUBIO,37.0,0.0,13.0,24.0,52258.0,25327.0,26931.0,7.080255654636611,7.080255654636611,9.476053223832274,4.82715086703056
26.0,2019,0.0,0,3.0,1,6.0,1,4.0,1,6.0,3.0646153846153847,1441973.0,1441167.0,19.0,5,69.0,824.337,"3,41",1.089.512,"91,78",ENGATIVA,LAS FERIAS,174.0,0.0,80.0,94.0,100323.0,47687.0,52636.0,17.343978947997968,17.343978947997968,19.711871159854887,15.19872330724219
102.0,2019,1.0,1,2.0,1,3.0,1,0.0,0,13.0,2.8186666666666667,764715.0,782955.0,131.0,15,94.0,94.944,"3,53",1.059.511,"89,78",LOS MARTIRES,LA SABANA,291.0,0.0,101.0,190.0,39473.0,18761.0,20712.0,73.72127783548248,73.72127783548248,101.27391930067694,48.76400154499807
2.0,2019,0.0,0,0.0,0,0.0,0,0.0,0,0.0,5.058,10545.0,13800.0,3.0,2,95.0,981.613,"3,41",1.388.086,"91,6",SUBA,LA ACADEMIA,3.0,0.0,1.0,2.0,4483.0,2177.0,2306.0,6.691947356680794,6.691947356680794,9.186954524575103,4.336513443191674
116.0,2019,1.0,1,1.0,1,0.0,0,1.0,1,7.0,3.155,24638.0,27282.0,3.0,1,17.0,824.337,"3,41",1.089.512,"91,78",ENGATIVA,ALAMOS,47.0,0.0,25.0,22.0,11944.0,5613.0,6331.0,39.350301406563965,39.350301406563965,39.194726527703544,39.488232506713004
81.0,2019,0.0,0,0.0,0,1.0,1,6.0,1,2.0,2.0025,290204.0,283616.0,1.0,1,16.0,979.914,"3,72",999.300,"88,94",KENNEDY,GRAN BRITALIA,19.0,0.0,9.0,10.0,63103.0,30784.0,32319.0,3.0109503510134226,3.0109503510134226,3.2484407484407485,2.78473962684489
52.0,2019,0.0,0,0.0,0,0.0,0,0.0,0,0.0,1.0,614920.0,740280.0,0.0,0,176.0,314.431,"4,07",569.872,"82,91",USME,LA FLORA,8.0,0.0,4.0,4.0,18698.0,9295.0,9403.0,4.278532463365066,4.278532463365066,4.303388918773535,4.25396150164841
33.0,2019,0.0,0,0.0,0,2.0,1,0.0,0,2.0,2.8193333333333332,1647904.0,748256.0,42.0,13,30.0,404.35,"3,73",706.208,"83,68",SAN CRISTOBAL,SOSIEGO,26.0,0.0,13.0,13.0,42929.0,20777.0,22152.0,6.056511915022479,6.056511915022479,6.256918708186938,5.868544600938967
19.0,2019,2.0,1,6.0,1,8.0,1,2.0,1,11.0,3.51625,692512.0,712104.0,25.0,8,34.0,981.613,"3,41",1.388.086,"91,6",SUBA,EL PRADO,90.0,0.0,44.0,46.0,100927.0,46205.0,54722.0,8.917336292567896,8.917336292567896,9.955632507304404,8.040641789408282
41.0,2019,0.0,0,0.0,0,1.0,1,0.0,0,2.0,3.0,523602.0,513468.0,24.0,8,22.0,250.715,"3,55",1.116.511,"90,43",PUENTE ARANDA,MUZU,55.0,0.0,29.0,26.0,57874.0,27440.0,30434.0,9.503403946504475,9.503403946504475,9.475218658892128,9.528816455280278
37.0,2019,0.0,0,1.0,1,1.0,1,0.0,0,7.0,3.0,307027.0,315602.0,40.0,7,41.0,94.944,"3,53",1.059.511,"89,78",LOS MARTIRES,SANTA ISABEL,46.0,0.0,16.0,30.0,43484.0,19996.0,23488.0,10.578603624321591,10.578603624321591,15.003000600120023,6.8119891008174385
107.0,2019,1.0,1,1.0,1,3.0,1,1.0,1,4.0,3.77,207448.0,216792.0,32.0,8,35.0,139.298,"2,87",1.933.116,"96,03",TEUSAQUILLO,QUINTA PAREDES,62.0,0.0,26.0,36.0,26739.0,11967.0,14772.0,23.18710497774786,23.18710497774786,30.082727500626724,17.60086650419713
73.0,2019,1.0,1,0.0,0,3.0,1,2.0,1,4.0,2.775714285714286,955689.0,1044302.0,4.0,2,40.0,824.337,"3,41",1.089.512,"91,78",ENGATIVA,GARCES NAVAS,97.0,0.0,37.0,60.0,163652.0,77170.0,86482.0,5.927211399799575,5.927211399799575,7.7750421148114555,4.278346939247474
31.0,2019,0.0,0,1.0,1,2.0,1,1.0,1,7.0,3.318333333333334,409362.0,391260.0,10.0,4,38.0,824.337,"3,41",1.089.512,"91,78",ENGATIVA,SANTA CECILIA,77.0,0.0,30.0,47.0,66554.0,31112.0,35442.0,11.56955254379902,11.56955254379902,15.106711236821805,8.464533604198408
58.0,2019,0.0,0,0.0,0,0.0,0,1.0,1,0.0,1.5654545454545454,857659.0,954745.0,0.0,0,29.0,314.431,"4,07",569.872,"82,91",USME,COMUNEROS,24.0,0.0,12.0,12.0,94210.0,46146.0,48064.0,2.547500265364611,2.547500265364611,2.600442075152776,2.496671105193076
13.0,2019,4.0,1,1.0,1,6.0,1,4.0,1,5.0,4.381666666666667,1717632.0,1842552.0,20.0,5,88.0,430.156,"3,12",1.867.529,"93,6",USAQUEN,LOS CEDROS,160.0,0.0,68.0,92.0,126708.0,56234.0,70474.0,12.627458408308867,12.627458408308867,16.36020912615144,9.648948548400828
63.0,2019,0.0,0,0.0,0,0.0,0,0.0,0,0.0,,1596.0,5864.0,2.0,2,6.0,593.937,"4,09",505.335,"83,5",CIUDAD BOLIVAR,EL MOCHUELO,4.0,0.0,1.0,3.0,36.0,18.0,18.0,1111.111111111111,1111.111111111111,1666.6666666666665,555.5555555555555
87.0,2019,0.0,0,0.0,0,0.0,0,0.0,0,1.0,1.765,212992.0,339512.0,0.0,0,47.0,546.809,"3,98",703.807,"85,4",BOSA,TINTAL SUR,19.0,0.0,9.0,10.0,102194.0,48023.0,54171.0,1.8592089555159794,1.8592089555159794,2.0823355475501324,1.661405549094534
77.0,2019,1.0,1,0.0,0,0.0,0,0.0,0,1.0,2.045,283878.0,356976.0,0.0,0,13.0,317.179,"3,46",1.428.379,"90,03",FONTIBON,ZONA FRANCA,25.0,0.0,9.0,16.0,59305.0,27758.0,31547.0,4.21549616389849,4.21549616389849,5.76410404207796,2.8528861698418235
39.0,2019,1.0,1,2.0,1,5.0,1,0.0,0,2.0,3.0,1410480.0,1306815.0,45.0,15,69.0,378.78,"3,72",591.317,"87,06",RAFAEL URIBE URIBE,QUIROGA,130.0,0.0,57.0,73.0,90059.0,43506.0,46553.0,14.434981512119833,14.434981512119833,16.779294809911278,12.244108865164435
108.0,2019,0.0,0,0.0,0,1.0,1,1.0,1,4.0,2.685714285714286,33520.0,33976.0,48.0,8,66.0,250.715,"3,55",1.116.511,"90,43",PUENTE ARANDA,ZONA INDUSTRIAL,92.0,0.0,33.0,59.0,6185.0,3095.0,3090.0,148.74696847210993,148.74696847210993,190.63004846526655,106.79611650485437
61.0,2019,0.0,0,0.0,0,0.0,0,5.0,1,0.0,1.2366666666666666,79500.0,134960.0,0.0,0,65.0,314.431,"4,07",569.872,"82,91",USME,CIUDAD USME,6.0,0.0,2.0,4.0,24119.0,11715.0,12404.0,2.4876653260914634,2.4876653260914634,3.4144259496372174,1.6123831022250885
1.0,2019,0.0,0,0.0,0,0.0,0,0.0,0,0.0,4.0,52488.0,63828.0,3.0,3,83.0,430.156,"3,12",1.867.529,"93,6",USAQUEN,PASEO DE LOS LIBERTADORES,22.0,0.0,6.0,16.0,2602.0,1291.0,1311.0,84.55034588777863,84.55034588777863,123.93493415956624,45.76659038901602
46.0,2019,0.0,0,0.0,0,4.0,1,1.0,1,3.0,2.72,884656.0,1003288.0,18.0,6,40.0,979.914,"3,72",999.300,"88,94",KENNEDY,CASTILLA,127.0,0.0,51.0,76.0,140078.0,66586.0,73492.0,9.066377304073445,9.066377304073445,11.413810710960261,6.939530833287977
85.0,2019,1.0,1,1.0,1,3.0,1,2.0,1,1.0,1.9988888888888892,2537808.0,2654832.0,17.0,6,39.0,546.809,"3,98",703.807,"85,4",BOSA,BOSA CENTRAL,122.0,0.0,50.0,72.0,235147.0,113170.0,121977.0,5.1882439495294435,5.1882439495294435,6.362110099849784,4.09913344319011
60.0,2019,0.0,0,0.0,0,0.0,0,0.0,0,1.0,1.11,10544.0,15584.0,0.0,0,0.0,314.431,"4,07",569.872,"82,91",USME,PARQUE ENTRENUBES,0.0,0.0,0.0,0.0,0.0,0.0,0.0,0.0,0.0,0.0,0.0
60.0,2019,0.0,0,0.0,0,0.0,0,0.0,0,1.0,1.11,10544.0,15584.0,0.0,0,0.0,314.431,"4,07",569.872,"82,91",USME,PARQUE ENTRENUBES,0.0,0.0,0.0,0.0,0.0,0.0,0.0,0.0,0.0,0.0,0.0
30.0,2019,1.0,1,4.0,1,7.0,1,2.0,1,6.0,3.001818181818182,1427481.0,1341120.0,25.0,7,42.0,824.337,"3,41",1.089.512,"91,78",ENGATIVA,BOYACA REAL,118.0,0.0,45.0,73.0,126709.0,60161.0,66548.0,9.312677078976238,9.312677078976238,12.134106813384086,6.762036424836209
72.0,2019,0.0,0,0.0,0,1.0,1,0.0,0,5.0,3.0,331356.0,345116.0,4.0,2,21.0,824.337,"3,41",1.089.512,"91,78",ENGATIVA,BOLIVIA,78.0,0.0,35.0,43.0,82460.0,37550.0,44910.0,9.459131700218288,9.459131700218288,11.451398135818907,7.793364506791361
57.0,2019,0.0,0,2.0,1,0.0,0,0.0,0,0.0,1.7740000000000002,1391324.0,1519562.0,3.0,3,23.0,314.431,"4,07",569.872,"82,91",USME,GRAN YOMASA,50.0,0.0,20.0,30.0,126215.0,61508.0,64707.0,3.9614942756407716,3.9614942756407716,4.877414320088444,3.0908557034014867
23.0,2019,0.0,0,0.0,0,4.0,1,22.0,1,6.0,3.5728571428571425,209118.0,255647.0,7.0,5,41.0,981.613,"3,41",1.388.086,"91,6",SUBA,CASA BLANCA SUBA,45.0,0.0,31.0,14.0,56335.0,26066.0,30269.0,7.987929351202627,7.987929351202627,5.370981355021868,10.241501205854174
88.0,2019,0.0,0,0.0,0,0.0,0,0.0,0,20.0,5.9375,358776.0,369156.0,3.0,2,60.0,122.507,"2,43",2.288.835,"96,61",CHAPINERO,EL REFUGIO,60.0,0.0,27.0,33.0,38133.0,17147.0,20986.0,15.73440327275588,15.73440327275588,19.24534904064851,12.865720003812065
9.0,2019,0.0,0,2.0,1,4.0,1,1.0,1,0.0,2.7445454545454546,927663.0,1059410.0,9.0,4,60.0,430.156,"3,12",1.867.529,"93,6",USAQUEN,VERBENAL,37.0,0.0,17.0,20.0,122844.0,58302.0,64542.0,3.011950115593761,3.011950115593761,3.4304140509759526,2.6339437885407952
109.0,2019,0.0,0,0.0,0,0.0,0,0.0,0,6.0,4.123333333333334,44058.0,53832.0,12.0,3,32.0,139.298,"2,87",1.933.116,"96,03",TEUSAQUILLO,CIUDAD SALITRE ORIENTAL,48.0,0.0,22.0,26.0,22721.0,10122.0,12599.0,21.125830729281283,21.125830729281283,25.686623196996642,17.46170330978649
49.0,2019,0.0,0,1.0,1,0.0,0,1.0,1,2.0,2.3333333333333335,124191.0,114375.0,10.0,3,11.0,546.809,"3,98",703.807,"85,4",BOSA,APOGEO,38.0,0.0,17.0,21.0,36681.0,17572.0,19109.0,10.359586707014532,10.359586707014532,11.950830867288868,8.896331571510807
14.0,2019,1.0,1,0.0,0,1.0,1,0.0,0,18.0,4.66,375100.0,457974.0,0.0,0,45.0,430.156,"3,12",1.867.529,"93,6",USAQUEN,USAQUEN,61.0,0.0,31.0,30.0,40865.0,19334.0,21531.0,14.927199314817083,14.927199314817083,15.516706320471707,14.39784496772096
32.0,2019,0.0,0,0.0,0,0.0,0,0.0,0,0.0,1.7457142857142858,1408200.0,1428675.0,0.0,0,47.0,404.35,"3,73",706.208,"83,68",SAN CRISTOBAL,SAN BLAS,25.0,0.0,9.0,16.0,100161.0,48278.0,51883.0,2.495981469833568,2.495981469833568,3.314138945275281,1.7346722433166932
92.0,2019,0.0,0,0.0,0,0.0,0,0.0,0,11.0,2.5425,132324.0,86100.0,26.0,6,25.0,96.241,"3,18",896.890,"88,28",SANTA FE,LA MACARENA,26.0,0.0,12.0,14.0,12200.0,5967.0,6233.0,21.311475409836067,21.311475409836067,23.462376403552877,19.252366436707845
11.0,2019,1.0,1,1.0,1,5.0,1,4.0,1,5.0,2.3000000000000003,373404.0,436080.0,0.0,0,21.0,430.156,"3,12",1.867.529,"93,6",USAQUEN,SAN CRISTOBAL NORTE,21.0,0.0,13.0,8.0,69583.0,33095.0,36488.0,3.017978529238463,3.017978529238463,2.417283577579695,3.562815172111379
36.0,2019,1.0,1,0.0,0,0.0,0,0.0,0,2.0,2.97,350595.0,343350.0,26.0,7,19.0,378.78,"3,72",591.317,"87,06",RAFAEL URIBE URIBE,SAN JOSE,46.0,0.0,16.0,30.0,47491.0,22523.0,24968.0,9.686045777094607,9.686045777094607,13.319717621986413,6.408202499198975
53.0,2019,0.0,0,1.0,1,1.0,1,0.0,0,2.0,2.442857142857143,479920.0,461139.0,21.0,6,14.0,378.78,"3,72",591.317,"87,06",RAFAEL URIBE URIBE,MARCO FIDEL SUAREZ,34.0,0.0,13.0,21.0,46874.0,22582.0,24292.0,7.253488074412254,7.253488074412254,9.299442033477991,5.351556067841265
50.0,2019,0.0,0,1.0,1,0.0,0,0.0,0,1.0,1.9327272727272728,215222.0,1432186.0,1.0,1,21.0,404.35,"3,73",706.208,"83,68",SAN CRISTOBAL,LA GLORIA,33.0,0.0,18.0,15.0,94513.0,45836.0,48677.0,3.491583168453017,3.491583168453017,3.2725368705820754,3.697844978121084
110.0,2019,3.0,1,1.0,1,0.0,0,0.0,0,5.0,4.074999999999999,71780.0,82212.0,7.0,2,29.0,317.179,"3,46",1.428.379,"90,03",FONTIBON,CIUDAD SALITRE OCCIDENTAL,74.0,0.0,34.0,40.0,44029.0,20708.0,23321.0,16.807104408458063,16.807104408458063,19.31620629708325,14.579134685476609
10.0,2019,0.0,0,1.0,1,1.0,1,16.0,1,2.0,2.87125,122265.0,153495.0,5.0,2,29.0,430.156,"3,12",1.867.529,"93,6",USAQUEN,LA URIBE,60.0,0.0,28.0,32.0,32844.0,15072.0,17772.0,18.26817683595177,18.26817683595177,21.231422505307854,15.755120414134593
42.0,2019,0.0,0,2.0,1,1.0,1,6.0,1,1.0,2.4250000000000003,2179040.0,2310720.0,35.0,13,66.0,182.532,"3,63",829.895,"87,19",TUNJUELITO,VENECIA,127.0,0.0,57.0,70.0,135141.0,65747.0,69394.0,9.397592144500928,9.397592144500928,10.646873621610112,8.21396662535666
103.0,2019,0.0,0,0.0,0,0.0,0,0.0,0,2.0,3.0,10953.0,12423.0,5.0,2,15.0,230.066,"3,36",1.462.840,"92,44",BARRIOS UNIDOS,PARQUE SALITRE,18.0,0.0,4.0,14.0,1356.0,709.0,647.0,132.7433628318584,132.7433628318584,197.46121297602258,61.82380216383307
21.0,2019,0.0,0,0.0,0,6.0,1,0.0,0,19.0,3.762,225860.0,233125.0,52.0,5,22.0,230.066,"3,36",1.462.840,"92,44",BARRIOS UNIDOS,LOS ANDES,72.0,0.0,35.0,37.0,28368.0,12669.0,15699.0,25.380710659898476,25.380710659898476,29.20514642039624,22.294413656920824
55.0,2019,0.0,0,0.0,0,0.0,0,0.0,0,0.0,1.5539999999999998,379860.0,395955.0,0.0,0,7.0,378.78,"3,72",591.317,"87,06",RAFAEL URIBE URIBE,DIANA TURBAY,19.0,0.0,6.0,13.0,73342.0,35514.0,37828.0,2.590602928744785,2.590602928744785,3.6605282423832852,1.586126678650735
113.0,2019,0.0,0,0.0,0,3.0,1,0.0,0,3.0,3.2925,104270.0,104965.0,8.0,3,26.0,979.914,"3,72",999.300,"88,94",KENNEDY,BAVARIA,51.0,0.0,21.0,30.0,38880.0,18156.0,20724.0,13.117283950617285,13.117283950617285,16.523463317911435,10.13317892298784
60.0,2019,0.0,0,0.0,0,0.0,0,0.0,0,1.0,1.11,10544.0,15584.0,0.0,0,0.0,314.431,"4,07",569.872,"82,91",USME,PARQUE ENTRENUBES,0.0,0.0,0.0,0.0,0.0,0.0,0.0,0.0,0.0,0.0,0.0
60.0,2019,0.0,0,0.0,0,0.0,0,0.0,0,1.0,1.11,10544.0,15584.0,0.0,0,0.0,314.431,"4,07",569.872,"82,91",USME,PARQUE ENTRENUBES,0.0,0.0,0.0,0.0,0.0,0.0,0.0,0.0,0.0,0.0,0.0
90.0,2019,0.0,0,1.0,1,4.0,1,0.0,0,23.0,3.05,275954.0,520674.0,22.0,10,60.0,122.507,"2,43",2.288.835,"96,61",CHAPINERO,PARDO RUBIO,64.0,0.0,29.0,35.0,48445.0,23772.0,24673.0,13.21085767365053,13.21085767365053,14.723203769140165,11.753738904875775
67.0,2019,0.0,0,1.0,1,0.0,0,0.0,0,0.0,1.256470588235294,2609568.0,2765373.0,2.0,1,30.0,593.937,"4,09",505.335,"83,5",CIUDAD BOLIVAR,LUCERO,52.0,0.0,22.0,30.0,157159.0,78057.0,79102.0,3.3087510101235056,3.3087510101235056,3.843345247703601,2.7812191853556167
83.0,2019,0.0,0,0.0,0,0.0,0,0.0,0,0.0,2.0,24432.0,29572.0,1.0,1,11.0,979.914,"3,72",999.300,"88,94",KENNEDY,LAS MARGARITAS,31.0,0.0,11.0,20.0,29613.0,14096.0,15517.0,10.468375375679601,10.468375375679601,14.188422247446084,7.08899916220919
101.0,2019,1.0,1,0.0,0,3.0,1,0.0,0,17.0,3.8711111111111105,267970.0,273160.0,65.0,10,59.0,139.298,"2,87",1.933.116,"96,03",TEUSAQUILLO,TEUSAQUILLO,154.0,0.0,68.0,86.0,26793.0,12524.0,14269.0,57.47769939909678,57.47769939909678,68.66815713829448,47.655757235966085
54.0,2019,0.0,0,0.0,0,0.0,0,0.0,0,2.0,1.83,984621.0,1061115.0,21.0,8,28.0,378.78,"3,72",591.317,"87,06",RAFAEL URIBE URIBE,MARRUECOS,43.0,0.0,14.0,29.0,115215.0,60329.0,54886.0,3.7321529314759365,3.7321529314759365,4.80697508660843,2.550741537003972
78.0,2019,0.0,0,1.0,1,0.0,0,0.0,0,2.0,1.956,79812.0,176088.0,0.0,0,25.0,979.914,"3,72",999.300,"88,94",KENNEDY,TINTAL NORTE,17.0,0.0,7.0,10.0,28487.0,13405.0,15082.0,5.967634359532418,5.967634359532418,7.459903021260724,4.641294258055961
100.0,2019,1.0,1,2.0,1,2.0,1,1.0,1,9.0,3.59625,300195.0,309096.0,38.0,9,56.0,139.298,"2,87",1.933.116,"96,03",TEUSAQUILLO,GALERIAS,140.0,0.0,58.0,82.0,35496.0,16396.0,19100.0,39.44106378183457,39.44106378183457,50.01219809709685,30.366492146596862
34.0,2019,0.0,0,2.0,1,2.0,1,1.0,1,2.0,2.346363636363636,864012.0,1108236.0,26.0,12,30.0,404.35,"3,73",706.208,"83,68",SAN CRISTOBAL,20 DE JULIO,64.0,0.0,26.0,38.0,79269.0,38378.0,40891.0,8.073774110938702,8.073774110938702,9.901506071186617,6.358367366902252
106.0,2019,0.0,0,0.0,0,2.0,1,1.0,1,1.0,4.164,167560.0,168920.0,17.0,5,30.0,139.298,"2,87",1.933.116,"96,03",TEUSAQUILLO,LA ESMERALDA,41.0,0.0,13.0,28.0,37578.0,16706.0,20872.0,10.91063920378945,10.91063920378945,16.760445348976415,6.228440015331545
91.0,2019,2.0,1,0.0,0,0.0,0,1.0,1,14.0,3.3285714285714287,96894.0,41153.0,42.0,7,37.0,96.241,"3,18",896.890,"88,28",SANTA FE,SAGRADO CORAZON,114.0,0.0,47.0,67.0,10453.0,5227.0,5226.0,109.05960011479958,109.05960011479958,128.18060072699444,89.93494068120934
95.0,2019,0.0,0,0.0,0,0.0,0,0.0,0,11.0,2.0,260205.0,69723.0,19.0,3,15.0,96.241,"3,18",896.890,"88,28",SANTA FE,LAS CRUCES,31.0,0.0,15.0,16.0,20700.0,10469.0,10231.0,14.975845410628018,14.975845410628018,15.28321711720317,14.661323428794839
40.0,2019,0.0,0,0.0,0,3.0,1,0.0,0,2.0,3.0,1219392.0,1267944.0,21.0,8,62.0,250.715,"3,55",1.116.511,"90,43",PUENTE ARANDA,CIUDAD MONTES,67.0,0.0,28.0,39.0,99795.0,47099.0,52696.0,6.7137632145899095,6.7137632145899095,8.280430582390284,5.313496280552603
117.0,2019,0.0,0,0.0,0,0.0,0,0.0,0,4.0,3.0,824.0,1670.0,1.0,1,17.0,317.179,"3,46",1.428.379,"90,03",FONTIBON,AEROPUERTO EL DORADO,29.0,0.0,12.0,17.0,790.0,522.0,268.0,367.0886075949367,367.0886075949367,325.6704980842912,447.76119402985074
64.0,2019,0.0,0,0.0,0,0.0,0,0.0,0,0.0,1.0,5590.0,25895.0,0.0,0,7.0,593.937,"4,09",505.335,"83,5",CIUDAD BOLIVAR,MONTE BLANCO,1.0,0.0,1.0,0.0,5725.0,2899.0,2826.0,1.7467248908296942,1.7467248908296942,0.0,3.5385704175513095
48.0,2019,0.0,0,1.0,1,0.0,0,0.0,0,3.0,2.7455555555555557,1310472.0,1325682.0,5.0,3,18.0,979.914,"3,72",999.300,"88,94",KENNEDY,TIMIZA,54.0,0.0,24.0,30.0,141474.0,67751.0,73723.0,3.816955765723737,3.816955765723737,4.427978922820327,3.2554291062490677
98.0,2019,0.0,0,3.0,1,6.0,1,1.0,1,21.0,3.0542105263157895,1522242.0,1559634.0,99.0,19,81.0,230.066,"3,36",1.462.840,"92,44",BARRIOS UNIDOS,LOS ALCAZARES,184.0,0.0,82.0,102.0,40963.0,19865.0,21098.0,44.91858506457047,44.91858506457047,51.34658947898314,38.86624324580529
28.0,2019,1.0,1,7.0,1,13.0,1,7.0,1,7.0,2.287857142857143,3797108.0,4228084.0,17.0,6,49.0,981.613,"3,41",1.388.086,"91,6",SUBA,EL RINCON,141.0,0.0,56.0,85.0,272474.0,130548.0,141926.0,5.1748056695317715,5.1748056695317715,6.511015105555045,3.9457181911700463
17.0,2019,0.0,0,0.0,0,3.0,1,0.0,0,2.0,4.285,226840.0,238870.0,6.0,2,32.0,981.613,"3,41",1.388.086,"91,6",SUBA,SAN JOSE DE BAVARIA,71.0,0.0,22.0,49.0,49227.0,22838.0,26389.0,14.422979259349543,14.422979259349543,21.455468955250023,8.336807002917883
24.0,2019,2.0,1,2.0,1,11.0,1,1.0,1,8.0,4.819999999999999,859833.0,845949.0,36.0,12,69.0,981.613,"3,41",1.388.086,"91,6",SUBA,NIZA,67.0,0.0,34.0,33.0,80003.0,36556.0,43447.0,8.374685949276902,8.374685949276902,9.027245869351132,7.825626625543766
44.0,2019,1.0,1,2.0,1,1.0,1,0.0,0,2.0,3.22875,673424.0,676672.0,20.0,7,33.0,979.914,"3,72",999.300,"88,94",KENNEDY,AMERICAS,95.0,0.0,50.0,45.0,79564.0,37621.0,41943.0,11.940073400030164,11.940073400030164,11.961404534701362,11.92094032377274
62.0,2019,0.0,0,1.0,1,2.0,1,0.0,0,1.0,2.024,338366.0,403893.0,26.0,7,26.0,182.532,"3,63",829.895,"87,19",TUNJUELITO,TUNJUELITO,37.0,0.0,16.0,21.0,40340.0,20058.0,20282.0,9.17203767972236,9.17203767972236,10.469638049655998,7.888768366038852
69.0,2019,1.0,1,1.0,1,2.0,1,1.0,1,1.0,1.3691666666666666,1779216.0,1964304.0,13.0,6,22.0,593.937,"4,09",505.335,"83,5",CIUDAD BOLIVAR,ISMAEL PERDOMO,52.0,0.0,19.0,33.0,159118.0,77946.0,81172.0,3.268014932314383,3.268014932314383,4.233700254022015,2.340708618735525
93.0,2019,5.0,1,5.0,1,3.0,1,0.0,0,8.0,2.932857142857143,332178.0,96411.0,80.0,7,52.0,96.241,"3,18",896.890,"88,28",SANTA FE,LAS NIEVES,278.0,0.0,127.0,151.0,16733.0,8688.0,8045.0,166.13876770453595,166.13876770453595,173.80294659300185,157.86202610316965
18.0,2019,0.0,0,1.0,1,4.0,1,4.0,1,7.0,3.272,300834.0,346380.0,10.0,3,25.0,981.613,"3,41",1.388.086,"91,6",SUBA,BRITALIA,31.0,0.0,9.0,22.0,87900.0,40683.0,47217.0,3.526734926052332,3.526734926052332,5.40766413489664,1.9060931444183238
15.0,2020,0.0,0,0.0,0,0.0,0,4.0,1,12.0,5.395,175550.0,49356.0,6.0,2,21.0,430.156,"3,12",1.867.529,"93,6",USAQUEN,COUNTRY CLUB,20.0,0.0,7.0,13.0,24915.0,11215.0,13700.0,8.027292795504716,8.027292795504716,11.591618368256798,5.109489051094891
86.0,2020,0.0,0,0.0,0,0.0,0,1.0,1,0.0,1.568,321440.0,368145.0,0.0,0,33.0,546.809,"3,98",703.807,"85,4",BOSA,EL PORVENIR,32.0,0.0,15.0,17.0,141294.0,67547.0,73747.0,2.2647812362874573,2.2647812362874573,2.5167661036019364,2.0339810432966767
71.0,2020,0.0,0,0.0,0,4.0,1,0.0,0,4.0,2.105,2325960.0,2670912.0,0.0,0,22.0,981.613,"3,41",1.388.086,"91,6",SUBA,TIBABUYES,76.0,0.0,29.0,47.0,291916.0,141299.0,150617.0,2.603488674824265,2.603488674824265,3.326279733048359,1.9254134659434194
29.0,2020,2.0,1,2.0,1,3.0,1,1.0,1,5.0,2.713333333333334,1291554.0,1329381.0,30.0,9,32.0,824.337,"3,41",1.089.512,"91,78",ENGATIVA,MINUTO DE DIOS,69.0,0.0,32.0,37.0,109786.0,51654.0,58132.0,6.2849543657661275,6.2849543657661275,7.163046424284663,5.504713410858048
80.0,2020,0.0,0,1.0,1,1.0,1,0.0,0,1.0,2.0025,247816.0,277108.0,11.0,4,19.0,979.914,"3,72",999.300,"88,94",KENNEDY,CORABASTOS,60.0,0.0,21.0,39.0,57237.0,28595.0,28642.0,10.482729702814613,10.482729702814613,13.63874803287288,7.331890231129111
99.0,2020,7.0,1,3.0,1,1.0,1,0.0,0,16.0,3.692,79566.0,121692.0,22.0,6,62.0,122.507,"2,43",2.288.835,"96,61",CHAPINERO,CHAPINERO,97.0,0.0,45.0,52.0,24656.0,12293.0,12363.0,39.34133679428942,39.34133679428942,42.30049621735947,36.39893229798592
3.0,2020,0.0,0,0.0,0,0.0,0,1.0,1,0.0,6.0,0.0,1169.0,0.0,0,26.0,981.613,"3,41",1.388.086,"91,6",SUBA,GUAYMARAL,1.0,0.0,0.0,1.0,2367.0,1149.0,1218.0,4.224757076468103,4.224757076468103,8.703220191470844,0.0
97.0,2020,12.0,1,3.0,1,7.0,1,1.0,1,15.0,5.211875,94384.0,420656.0,63.0,15,98.0,122.507,"2,43",2.288.835,"96,61",CHAPINERO,CHICO LAGO,177.0,0.0,82.0,95.0,35901.0,16841.0,19060.0,49.30224784824936,49.30224784824936,56.40995190309364,43.02203567681007
94.0,2020,4.0,1,0.0,0,0.0,0,2.0,1,6.0,2.40875,203598.0,216855.0,43.0,8,36.0,22.115,"2,83",1.050.888,"88,9",CANDELARIA,LA CANDELARIA,50.0,0.0,21.0,29.0,17508.0,9175.0,8333.0,28.558373315055974,28.558373315055974,31.607629427792915,25.20100804032161
76.0,2020,0.0,0,0.0,0,1.0,1,0.0,0,1.0,2.186666666666667,120020.0,128536.0,0.0,0,21.0,317.179,"3,46",1.428.379,"90,03",FONTIBON,FONTIBON SAN PABLO,14.0,0.0,2.0,12.0,33737.0,16552.0,17185.0,4.149746569048818,4.149746569048818,7.249879168680521,1.1638056444573757
114.0,2020,0.0,0,0.0,0,2.0,1,3.0,1,8.0,3.8,191930.0,197050.0,9.0,4,24.0,317.179,"3,46",1.428.379,"90,03",FONTIBON,MODELIA,39.0,0.0,17.0,22.0,43349.0,20021.0,23328.0,8.99674732981153,8.99674732981153,10.98846211477948,7.287379972565158
89.0,2020,0.0,0,0.0,0,0.0,0,0.0,0,0.0,2.0666666666666664,28245.0,48603.0,0.0,0,3.0,122.507,"2,43",2.288.835,"96,61",CHAPINERO,SAN ISIDRO - PATIOS,1.0,0.0,0.0,1.0,16346.0,8099.0,8247.0,0.6117704637220115,0.6117704637220115,1.2347203358439314,0.0
38.0,2020,0.0,0,5.0,1,5.0,1,0.0,0,4.0,3.008,1246305.0,1155330.0,52.0,15,75.0,119.565,"3,92",1.095.184,"90,79",ANTONIO NARIÑO,RESTREPO,84.0,0.0,37.0,47.0,55425.0,26409.0,29016.0,15.155615696887685,15.155615696887685,17.79696315649968,12.751585332230494
52.0,2020,0.0,0,0.0,0,0.0,0,0.0,0,0.0,1.0,614920.0,740280.0,0.0,0,176.0,314.431,"4,07",569.872,"82,91",USME,LA FLORA,4.0,0.0,2.0,2.0,19176.0,9534.0,9642.0,2.0859407592824364,2.0859407592824364,2.097755401720159,2.0742584526031944
96.0,2020,0.0,0,0.0,0,1.0,1,0.0,0,4.0,1.7264285714285716,628474.0,648214.0,4.0,2,16.0,96.241,"3,18",896.890,"88,28",SANTA FE,LOURDES,8.0,0.0,4.0,4.0,45384.0,22140.0,23244.0,1.7627357659086902,1.7627357659086902,1.806684733514002,1.7208742040956808
84.0,2020,0.0,0,0.0,0,4.0,1,3.0,1,1.0,1.98,990222.0,1073760.0,1.0,1,30.0,546.809,"3,98",703.807,"85,4",BOSA,BOSA OCCIDENTAL,64.0,0.0,18.0,46.0,199301.0,97341.0,101960.0,3.211223225171976,3.211223225171976,4.725655170996805,1.7653981953707338
111.0,2020,3.0,1,0.0,0,1.0,1,0.0,0,6.0,2.9375,64585.0,73290.0,16.0,5,63.0,250.715,"3,55",1.116.511,"90,43",PUENTE ARANDA,PUENTE ARANDA,42.0,0.0,16.0,26.0,11775.0,9297.0,2478.0,35.6687898089172,35.6687898089172,27.966010541034745,64.56820016142049
112.0,2020,1.0,1,1.0,1,1.0,1,1.0,1,10.0,3.1133333333333333,126427.0,160027.0,0.0,0,71.0,317.179,"3,46",1.428.379,"90,03",FONTIBON,GRANJAS DE TECHO,75.0,0.0,25.0,50.0,48912.0,22660.0,26252.0,15.333660451422963,15.333660451422963,22.065313327449246,9.523083955508152
75.0,2020,0.0,0,2.0,1,7.0,1,5.0,1,5.0,2.913,1316550.0,1374890.0,0.0,0,58.0,317.179,"3,46",1.428.379,"90,03",FONTIBON,FONTIBON,89.0,0.0,27.0,62.0,132681.0,63232.0,69449.0,6.707817999562862,6.707817999562862,9.805161943319836,3.8877449639303663
12.0,2020,1.0,1,2.0,1,5.0,1,0.0,0,6.0,3.378,256245.0,260090.0,9.0,3,42.0,430.156,"3,12",1.867.529,"93,6",USAQUEN,TOBERIN,38.0,0.0,17.0,21.0,60535.0,27886.0,32649.0,6.277360204840175,6.277360204840175,7.530660546510794,5.206897607889982
16.0,2020,4.0,1,2.0,1,9.0,1,1.0,1,18.0,5.738888888888889,464238.0,463266.0,18.0,6,60.0,430.156,"3,12",1.867.529,"93,6",USAQUEN,SANTA BARBARA,90.0,0.0,28.0,62.0,70850.0,31933.0,38917.0,12.70289343683839,12.70289343683839,19.415651520370776,7.194799188015521
82.0,2020,0.0,0,0.0,0,2.0,1,3.0,1,0.0,1.9566666666666668,963012.0,1044870.0,9.0,4,29.0,979.914,"3,72",999.300,"88,94",KENNEDY,PATIO BONITO,79.0,0.0,27.0,52.0,140225.0,69690.0,70535.0,5.633802816901409,5.633802816901409,7.46161572679007,3.8278868646771107
35.0,2020,1.0,1,0.0,0,2.0,1,1.0,1,2.0,2.666,168705.0,154565.0,35.0,5,22.0,119.565,"3,92",1.095.184,"90,79",ANTONIO NARIÑO,CIUDAD JARDIN,23.0,0.0,12.0,11.0,25931.0,12296.0,13635.0,8.86969264586788,8.86969264586788,8.945998698763825,8.800880088008801
68.0,2020,0.0,0,0.0,0,1.0,1,1.0,1,0.0,1.055,351536.0,380992.0,0.0,0,13.0,593.937,"4,09",505.335,"83,5",CIUDAD BOLIVAR,EL TESORO,8.0,0.0,2.0,6.0,52519.0,26166.0,26353.0,1.523258249395457,1.523258249395457,2.293052052281587,0.758926877395363
27.0,2020,1.0,1,5.0,1,7.0,1,6.0,1,3.0,2.840909090909091,1497236.0,1751217.0,16.0,6,48.0,981.613,"3,41",1.388.086,"91,6",SUBA,SUBA,94.0,0.0,39.0,55.0,176700.0,82963.0,93737.0,5.319750990379173,5.319750990379173,6.629461326133337,4.160576933334756
22.0,2020,1.0,1,0.0,0,5.0,1,0.0,0,3.0,3.292222222222222,847206.0,887247.0,37.0,8,38.0,230.066,"3,36",1.462.840,"92,44",BARRIOS UNIDOS,DOCE DE OCTUBRE,60.0,0.0,26.0,34.0,69087.0,33197.0,35890.0,8.684701897607365,8.684701897607365,10.241889327348858,7.244357759821677
105.0,2020,1.0,1,0.0,0,0.0,0,0.0,0,3.0,2.67,1601.0,2464.0,4.0,1,11.0,824.337,"3,41",1.089.512,"91,78",ENGATIVA,JARDIN BOTANICO,8.0,0.0,3.0,5.0,2874.0,1678.0,1196.0,27.83576896311761,27.83576896311761,29.797377830750893,25.08361204013378
104.0,2020,0.0,0,0.0,0,0.0,0,0.0,0,7.0,4.0,19494.0,20424.0,21.0,5,34.0,139.298,"2,87",1.933.116,"96,03",TEUSAQUILLO,PARQUE SIMON BOLIVAR - CAN,34.0,0.0,10.0,24.0,3109.0,1610.0,1499.0,109.35992280476037,109.35992280476037,149.06832298136646,66.711140760507
74.0,2020,0.0,0,0.0,0,3.0,1,0.0,0,2.0,2.0016666666666665,712512.0,784968.0,0.0,0,15.0,824.337,"3,41",1.089.512,"91,78",ENGATIVA,ENGATIVA,45.0,0.0,8.0,37.0,141832.0,68646.0,73186.0,3.172767781600767,3.172767781600767,5.389971739067098,1.0931052387068565
47.0,2020,1.0,1,0.0,0,2.0,1,1.0,1,1.0,3.0,865592.0,770256.0,9.0,4,28.0,979.914,"3,72",999.300,"88,94",KENNEDY,KENNEDY CENTRAL,35.0,0.0,17.0,18.0,94641.0,44822.0,49819.0,3.698185775720882,3.698185775720882,4.015885056445495,3.4123527168349423
70.0,2020,0.0,0,0.0,0,0.0,0,0.0,0,1.0,1.1733333333333331,789975.0,888237.0,0.0,0,23.0,593.937,"4,09",505.335,"83,5",CIUDAD BOLIVAR,JERUSALEM,19.0,0.0,7.0,12.0,99821.0,48986.0,50835.0,1.903407098706685,1.903407098706685,2.4496795002653817,1.377004032654667
66.0,2020,0.0,0,0.0,0,0.0,0,0.0,0,0.0,1.8425,597168.0,609704.0,4.0,3,26.0,593.937,"4,09",505.335,"83,5",CIUDAD BOLIVAR,SAN FRANCISCO,29.0,0.0,9.0,20.0,70180.0,34379.0,35801.0,4.132231404958677,4.132231404958677,5.81750487216033,2.513896259881009
65.0,2020,0.0,0,0.0,0,1.0,1,0.0,0,1.0,2.463333333333334,349194.0,364512.0,9.0,3,21.0,593.937,"4,09",505.335,"83,5",CIUDAD BOLIVAR,ARBORIZADORA,44.0,0.0,14.0,30.0,82419.0,39437.0,42982.0,5.338574843179364,5.338574843179364,7.607069503258361,3.2571774231073474
79.0,2020,0.0,0,0.0,0,0.0,0,1.0,1,0.0,2.1333333333333333,167274.0,204984.0,3.0,2,22.0,979.914,"3,72",999.300,"88,94",KENNEDY,CALANDAIMA,48.0,1.0,15.0,32.0,131909.0,62500.0,69409.0,3.638872252840974,3.638872252840974,5.12,2.161103026984973
59.0,2020,0.0,0,0.0,0,0.0,0,0.0,0,0.0,1.0,163808.0,216380.0,0.0,0,6.0,314.431,"4,07",569.872,"82,91",USME,ALFONSO LOPEZ,15.0,0.0,3.0,12.0,50929.0,25223.0,25706.0,2.945276757839345,2.945276757839345,4.757562542124251,1.1670427137633237
45.0,2020,0.0,0,0.0,0,2.0,1,1.0,1,3.0,2.7914285714285714,737583.0,674359.0,9.0,4,35.0,979.914,"3,72",999.300,"88,94",KENNEDY,CARVAJAL,81.0,0.0,28.0,53.0,90380.0,43669.0,46711.0,8.96215976986059,8.96215976986059,12.13675605120337,5.994305409860632
20.0,2020,2.0,1,1.0,1,8.0,1,55.0,1,23.0,4.996666666666667,231126.0,219822.0,33.0,6,26.0,981.613,"3,41",1.388.086,"91,6",SUBA,LA ALHAMBRA,33.0,0.0,12.0,21.0,40664.0,18425.0,22239.0,8.115286248278576,8.115286248278576,11.397557666214382,5.395926075812762
51.0,2020,0.0,0,0.0,0,1.0,1,2.0,1,0.0,1.68875,263745.0,660861.0,0.0,0,15.0,404.35,"3,73",706.208,"83,68",SAN CRISTOBAL,LOS LIBERTADORES,14.0,0.0,6.0,8.0,77140.0,37466.0,39674.0,1.8148820326678765,1.8148820326678765,2.13526931084183,1.5123254524373646
115.0,2020,3.0,1,2.0,1,0.0,0,0.0,0,5.0,3.314,77135.0,83285.0,6.0,3,26.0,317.179,"3,46",1.428.379,"90,03",FONTIBON,CAPELLANIA,30.0,0.0,13.0,17.0,17775.0,8377.0,9398.0,16.877637130801688,16.877637130801688,20.293661215232184,13.83273036816344
43.0,2020,0.0,0,0.0,0,4.0,1,1.0,1,5.0,3.0,844074.0,844239.0,17.0,8,31.0,250.715,"3,55",1.116.511,"90,43",PUENTE ARANDA,SAN RAFAEL,45.0,0.0,14.0,31.0,72890.0,34580.0,38310.0,6.173686376732062,6.173686376732062,8.96471949103528,3.6543983294179063
25.0,2020,2.0,1,2.0,1,4.0,1,0.0,0,10.0,4.04,127070.0,126620.0,24.0,5,25.0,981.613,"3,41",1.388.086,"91,6",SUBA,LA FLORESTA,34.0,0.0,15.0,19.0,43555.0,19828.0,23727.0,7.806222018137986,7.806222018137986,9.582408714948558,6.321911746112024
56.0,2020,0.0,0,0.0,0,0.0,0,0.0,0,0.0,1.508,205135.0,253351.0,6.0,6,8.0,314.431,"4,07",569.872,"82,91",USME,DANUBIO,21.0,0.0,10.0,11.0,54467.0,26373.0,28094.0,3.8555455596966968,3.8555455596966968,4.170932392977667,3.559478892290169
26.0,2020,0.0,0,3.0,1,7.0,1,8.0,1,8.0,3.0646153846153847,1441973.0,1441167.0,19.0,5,69.0,824.337,"3,41",1.089.512,"91,78",ENGATIVA,LAS FERIAS,131.0,0.0,59.0,72.0,101318.0,48221.0,53097.0,12.929588029767663,12.929588029767663,14.931254017958981,11.111738892969472
102.0,2020,1.0,1,2.0,1,3.0,1,0.0,0,14.0,2.8186666666666667,764715.0,782955.0,131.0,15,94.0,94.944,"3,53",1.059.511,"89,78",LOS MARTIRES,LA SABANA,170.0,0.0,47.0,123.0,39822.0,18926.0,20896.0,42.68997036813821,42.68997036813821,64.98996090034873,22.492343032159265
2.0,2020,0.0,0,0.0,0,0.0,0,0.0,0,0.0,5.058,10545.0,13800.0,3.0,2,95.0,981.613,"3,41",1.388.086,"91,6",SUBA,LA ACADEMIA,1.0,0.0,0.0,1.0,5017.0,2430.0,2587.0,1.9932230416583616,1.9932230416583616,4.11522633744856,0.0
116.0,2020,1.0,1,1.0,1,2.0,1,1.0,1,8.0,3.155,24638.0,27282.0,3.0,1,17.0,824.337,"3,41",1.089.512,"91,78",ENGATIVA,ALAMOS,43.0,0.0,14.0,29.0,12159.0,5711.0,6448.0,35.36475039065713,35.36475039065713,50.779198038872345,21.712158808933005
81.0,2020,0.0,0,0.0,0,1.0,1,8.0,1,2.0,2.0025,290204.0,283616.0,1.0,1,16.0,979.914,"3,72",999.300,"88,94",KENNEDY,GRAN BRITALIA,26.0,0.0,7.0,19.0,63281.0,30922.0,32359.0,4.108658207044769,4.108658207044769,6.144492594269452,2.163231249420563
52.0,2020,0.0,0,0.0,0,0.0,0,0.0,0,0.0,1.0,614920.0,740280.0,0.0,0,176.0,314.431,"4,07",569.872,"82,91",USME,LA FLORA,4.0,0.0,2.0,2.0,19176.0,9534.0,9642.0,2.0859407592824364,2.0859407592824364,2.097755401720159,2.0742584526031944
33.0,2020,0.0,0,0.0,0,2.0,1,0.0,0,2.0,2.8193333333333332,1647904.0,748256.0,42.0,13,30.0,404.35,"3,73",706.208,"83,68",SAN CRISTOBAL,SOSIEGO,30.0,0.0,10.0,20.0,43834.0,21242.0,22592.0,6.8440023725874894,6.8440023725874894,9.415309292910273,4.426345609065156
19.0,2020,2.0,1,7.0,1,8.0,1,2.0,1,12.0,3.51625,692512.0,712104.0,25.0,8,34.0,981.613,"3,41",1.388.086,"91,6",SUBA,EL PRADO,56.0,0.0,18.0,38.0,100375.0,46114.0,54261.0,5.579078455790785,5.579078455790785,8.240447586416273,3.317299718029524
41.0,2020,0.0,0,0.0,0,1.0,1,0.0,0,3.0,3.0,523602.0,513468.0,24.0,8,22.0,250.715,"3,55",1.116.511,"90,43",PUENTE ARANDA,MUZU,50.0,0.0,21.0,29.0,58670.0,27784.0,30886.0,8.522243054371911,8.522243054371911,10.437661963720126,6.799197047205854
37.0,2020,0.0,0,1.0,1,2.0,1,0.0,0,8.0,3.0,307027.0,315602.0,40.0,7,41.0,94.944,"3,53",1.059.511,"89,78",LOS MARTIRES,SANTA ISABEL,39.0,0.0,11.0,28.0,44480.0,20483.0,23997.0,8.767985611510792,8.767985611510792,13.66987257725919,4.5839063216235365
107.0,2020,1.0,1,1.0,1,3.0,1,1.0,1,6.0,3.77,207448.0,216792.0,32.0,8,35.0,139.298,"2,87",1.933.116,"96,03",TEUSAQUILLO,QUINTA PAREDES,36.0,0.0,9.0,27.0,26931.0,12057.0,14874.0,13.367494708700011,13.367494708700011,22.39363025628266,6.050826946349334
73.0,2020,1.0,1,0.0,0,4.0,1,2.0,1,4.0,2.775714285714286,955689.0,1044302.0,4.0,2,40.0,824.337,"3,41",1.089.512,"91,78",ENGATIVA,GARCES NAVAS,96.0,0.0,35.0,61.0,167992.0,79269.0,88723.0,5.714557836087432,5.714557836087432,7.69531594948845,3.9448620988920573
31.0,2020,0.0,0,1.0,1,3.0,1,2.0,1,9.0,3.318333333333334,409362.0,391260.0,10.0,4,38.0,824.337,"3,41",1.089.512,"91,78",ENGATIVA,SANTA CECILIA,70.0,0.0,14.0,56.0,67651.0,31657.0,35994.0,10.347223248732464,10.347223248732464,17.68961051268282,3.8895371450797356
58.0,2020,0.0,0,0.0,0,0.0,0,1.0,1,0.0,1.5654545454545454,857659.0,954745.0,0.0,0,29.0,314.431,"4,07",569.872,"82,91",USME,COMUNEROS,33.0,0.0,13.0,20.0,95714.0,46919.0,48795.0,3.4477714858850326,3.4477714858850326,4.262665444702573,2.664207398299006
13.0,2020,3.0,1,1.0,1,8.0,1,4.0,1,5.0,4.381666666666667,1717632.0,1842552.0,20.0,5,88.0,430.156,"3,12",1.867.529,"93,6",USAQUEN,LOS CEDROS,96.0,0.0,48.0,48.0,128724.0,57206.0,71518.0,7.4578167241540045,7.4578167241540045,8.390728245288955,6.71159708045527
63.0,2020,0.0,0,0.0,0,0.0,0,0.0,0,0.0,,1596.0,5864.0,2.0,2,6.0,593.937,"4,09",505.335,"83,5",CIUDAD BOLIVAR,EL MOCHUELO,1.0,0.0,1.0,0.0,30.0,13.0,17.0,333.3333333333333,333.3333333333333,0.0,588.2352941176471
87.0,2020,0.0,0,0.0,0,0.0,0,0.0,0,1.0,1.765,212992.0,339512.0,0.0,0,47.0,546.809,"3,98",703.807,"85,4",BOSA,TINTAL SUR,23.0,0.0,9.0,14.0,110561.0,51998.0,58563.0,2.0802995631370917,2.0802995631370917,2.692411246586407,1.536806516059628
77.0,2020,1.0,1,0.0,0,0.0,0,0.0,0,1.0,2.045,283878.0,356976.0,0.0,0,13.0,317.179,"3,46",1.428.379,"90,03",FONTIBON,ZONA FRANCA,25.0,0.0,10.0,15.0,61591.0,28838.0,32753.0,4.059034599210924,4.059034599210924,5.201470282266454,3.053155436143254
39.0,2020,1.0,1,2.0,1,6.0,1,0.0,0,2.0,3.0,1410480.0,1306815.0,45.0,15,69.0,378.78,"3,72",591.317,"87,06",RAFAEL URIBE URIBE,QUIROGA,97.0,0.0,32.0,65.0,91627.0,44208.0,47419.0,10.58639920547437,10.58639920547437,14.703221136445892,6.748349817583669
108.0,2020,0.0,0,0.0,0,1.0,1,1.0,1,7.0,2.685714285714286,33520.0,33976.0,48.0,8,66.0,250.715,"3,55",1.116.511,"90,43",PUENTE ARANDA,ZONA INDUSTRIAL,41.0,0.0,13.0,28.0,6407.0,3194.0,3213.0,63.99250819416264,63.99250819416264,87.66437069505322,40.460628695922814
61.0,2020,0.0,0,0.0,0,0.0,0,5.0,1,0.0,1.2366666666666666,79500.0,134960.0,0.0,0,65.0,314.431,"4,07",569.872,"82,91",USME,CIUDAD USME,4.0,0.0,3.0,1.0,25997.0,12622.0,13375.0,1.5386390737392777,1.5386390737392777,0.7922674694977024,2.2429906542056073
1.0,2020,0.0,0,0.0,0,0.0,0,0.0,0,0.0,4.0,52488.0,63828.0,3.0,3,83.0,430.156,"3,12",1.867.529,"93,6",USAQUEN,PASEO DE LOS LIBERTADORES,4.0,0.0,0.0,4.0,2574.0,1275.0,1299.0,15.54001554001554,15.54001554001554,31.372549019607842,0.0
46.0,2020,0.0,0,0.0,0,4.0,1,1.0,1,3.0,2.72,884656.0,1003288.0,18.0,6,40.0,979.914,"3,72",999.300,"88,94",KENNEDY,CASTILLA,90.0,0.0,33.0,57.0,143736.0,68336.0,75400.0,6.261479378861245,6.261479378861245,8.341137906813392,4.376657824933687
85.0,2020,1.0,1,1.0,1,4.0,1,3.0,1,1.0,1.9988888888888892,2537808.0,2654832.0,17.0,6,39.0,546.809,"3,98",703.807,"85,4",BOSA,BOSA CENTRAL,119.0,0.0,38.0,81.0,235571.0,113527.0,122044.0,5.051555581968918,5.051555581968918,7.134866595611617,3.1136311494215203
60.0,2020,0.0,0,0.0,0,0.0,0,0.0,0,1.0,1.11,10544.0,15584.0,0.0,0,0.0,314.431,"4,07",569.872,"82,91",USME,PARQUE ENTRENUBES,2.0,0.0,0.0,2.0,982.0,507.0,475.0,20.36659877800407,20.36659877800407,39.447731755424066,0.0
60.0,2020,0.0,0,0.0,0,0.0,0,0.0,0,1.0,1.11,10544.0,15584.0,0.0,0,0.0,314.431,"4,07",569.872,"82,91",USME,PARQUE ENTRENUBES,2.0,0.0,0.0,2.0,982.0,507.0,475.0,20.36659877800407,20.36659877800407,39.447731755424066,0.0
30.0,2020,1.0,1,4.0,1,9.0,1,2.0,1,6.0,3.001818181818182,1427481.0,1341120.0,25.0,7,42.0,824.337,"3,41",1.089.512,"91,78",ENGATIVA,BOYACA REAL,99.0,0.0,34.0,65.0,128700.0,61151.0,67549.0,7.6923076923076925,7.6923076923076925,10.629425520433026,5.033383173696132
72.0,2020,0.0,0,0.0,0,1.0,1,0.0,0,5.0,3.0,331356.0,345116.0,4.0,2,21.0,824.337,"3,41",1.089.512,"91,78",ENGATIVA,BOLIVIA,55.0,0.0,17.0,38.0,83848.0,38193.0,45655.0,6.559488598416182,6.559488598416182,9.94946717984971,3.7235790165370712
57.0,2020,0.0,0,2.0,1,1.0,1,0.0,0,0.0,1.7740000000000002,1391324.0,1519562.0,3.0,3,23.0,314.431,"4,07",569.872,"82,91",USME,GRAN YOMASA,49.0,0.0,21.0,28.0,127216.0,62013.0,65203.0,3.8517167651867688,3.8517167651867688,4.515182300485382,3.220710703495238
23.0,2020,0.0,0,0.0,0,5.0,1,32.0,1,6.0,3.5728571428571425,209118.0,255647.0,7.0,5,41.0,981.613,"3,41",1.388.086,"91,6",SUBA,CASA BLANCA SUBA,22.0,0.0,11.0,11.0,57665.0,26781.0,30884.0,3.8151391658718463,3.8151391658718463,4.107389567230499,3.5617148037818933
88.0,2020,0.0,0,0.0,0,0.0,0,0.0,0,20.0,5.9375,358776.0,369156.0,3.0,2,60.0,122.507,"2,43",2.288.835,"96,61",CHAPINERO,EL REFUGIO,33.0,0.0,17.0,16.0,38690.0,17433.0,21257.0,8.529335745670716,8.529335745670716,9.177995755176962,7.997365573693372
9.0,2020,0.0,0,2.0,1,4.0,1,1.0,1,0.0,2.7445454545454546,927663.0,1059410.0,9.0,4,60.0,430.156,"3,12",1.867.529,"93,6",USAQUEN,VERBENAL,24.0,0.0,7.0,17.0,125093.0,59368.0,65725.0,1.9185725819989927,1.9185725819989927,2.863495485783587,1.0650437428680106
109.0,2020,0.0,0,0.0,0,1.0,1,0.0,0,9.0,4.123333333333334,44058.0,53832.0,12.0,3,32.0,139.298,"2,87",1.933.116,"96,03",TEUSAQUILLO,CIUDAD SALITRE ORIENTAL,34.0,0.0,17.0,17.0,23397.0,10426.0,12971.0,14.531777578322007,14.531777578322007,16.305390370228277,13.106159895150721
49.0,2020,0.0,0,1.0,1,0.0,0,0.0,0,2.0,2.3333333333333335,124191.0,114375.0,10.0,3,11.0,546.809,"3,98",703.807,"85,4",BOSA,APOGEO,23.0,0.0,13.0,10.0,36178.0,17354.0,18824.0,6.357454806788656,6.357454806788656,5.762360262763628,6.906077348066298
14.0,2020,1.0,1,0.0,0,1.0,1,1.0,1,19.0,4.66,375100.0,457974.0,0.0,0,45.0,430.156,"3,12",1.867.529,"93,6",USAQUEN,USAQUEN,46.0,0.0,23.0,23.0,41354.0,19655.0,21699.0,11.123470522803114,11.123470522803114,11.701857033833631,10.599566800313378
32.0,2020,0.0,0,0.0,0,1.0,1,0.0,0,0.0,1.7457142857142858,1408200.0,1428675.0,0.0,0,47.0,404.35,"3,73",706.208,"83,68",SAN CRISTOBAL,SAN BLAS,24.0,0.0,6.0,18.0,102691.0,49503.0,53188.0,2.3371084126164905,2.3371084126164905,3.636143264044603,1.1280740016545086
92.0,2020,0.0,0,0.0,0,0.0,0,0.0,0,11.0,2.5425,132324.0,86100.0,26.0,6,25.0,96.241,"3,18",896.890,"88,28",SANTA FE,LA MACARENA,18.0,0.0,7.0,11.0,12322.0,6030.0,6292.0,14.608018178867068,14.608018178867068,18.24212271973466,11.125238397965672
11.0,2020,1.0,1,1.0,1,5.0,1,6.0,1,4.0,2.3000000000000003,373404.0,436080.0,0.0,0,21.0,430.156,"3,12",1.867.529,"93,6",USAQUEN,SAN CRISTOBAL NORTE,22.0,0.0,12.0,10.0,69775.0,33172.0,36603.0,3.152991759226084,3.152991759226084,3.0145906185939952,3.278419801655602
36.0,2020,1.0,1,0.0,0,1.0,1,0.0,0,2.0,2.97,350595.0,343350.0,26.0,7,19.0,378.78,"3,72",591.317,"87,06",RAFAEL URIBE URIBE,SAN JOSE,42.0,0.0,12.0,30.0,48165.0,22814.0,25351.0,8.720024914356898,8.720024914356898,13.149820285789428,4.733541083191985
53.0,2020,0.0,0,1.0,1,1.0,1,0.0,0,2.0,2.442857142857143,479920.0,461139.0,21.0,6,14.0,378.78,"3,72",591.317,"87,06",RAFAEL URIBE URIBE,MARCO FIDEL SUAREZ,17.0,0.0,8.0,9.0,46703.0,22454.0,24249.0,3.6400231248527932,3.6400231248527932,4.00819453104124,3.2991051177368136
50.0,2020,0.0,0,1.0,1,0.0,0,1.0,1,1.0,1.9327272727272728,215222.0,1432186.0,1.0,1,21.0,404.35,"3,73",706.208,"83,68",SAN CRISTOBAL,LA GLORIA,37.0,0.0,10.0,27.0,95816.0,46487.0,49329.0,3.861568005343575,3.861568005343575,5.808075375911546,2.027205092339192
110.0,2020,3.0,1,1.0,1,0.0,0,0.0,0,9.0,4.074999999999999,71780.0,82212.0,7.0,2,29.0,317.179,"3,46",1.428.379,"90,03",FONTIBON,CIUDAD SALITRE OCCIDENTAL,36.0,0.0,13.0,23.0,44709.0,21075.0,23634.0,8.052070053009462,8.052070053009462,10.913404507710558,5.5005500550055
10.0,2020,0.0,0,1.0,1,1.0,1,23.0,1,2.0,2.87125,122265.0,153495.0,5.0,2,29.0,430.156,"3,12",1.867.529,"93,6",USAQUEN,LA URIBE,32.0,0.0,10.0,22.0,34511.0,15833.0,18678.0,9.272405899568254,9.272405899568254,13.895029369039348,5.353892279687332
42.0,2020,0.0,0,2.0,1,1.0,1,7.0,1,1.0,2.4250000000000003,2179040.0,2310720.0,35.0,13,66.0,182.532,"3,63",829.895,"87,19",TUNJUELITO,VENECIA,98.0,0.0,28.0,70.0,137756.0,67031.0,70725.0,7.1140277011527635,7.1140277011527635,10.442929390878847,3.9589961117002477
103.0,2020,0.0,0,0.0,0,0.0,0,0.0,0,3.0,3.0,10953.0,12423.0,5.0,2,15.0,230.066,"3,36",1.462.840,"92,44",BARRIOS UNIDOS,PARQUE SALITRE,6.0,0.0,3.0,3.0,1325.0,693.0,632.0,45.28301886792453,45.28301886792453,43.29004329004329,47.46835443037975
21.0,2020,1.0,1,0.0,0,7.0,1,0.0,0,21.0,3.762,225860.0,233125.0,52.0,5,22.0,230.066,"3,36",1.462.840,"92,44",BARRIOS UNIDOS,LOS ANDES,23.0,0.0,10.0,13.0,28891.0,12886.0,16005.0,7.960956699318126,7.960956699318126,10.08846810492007,6.248047485160887
55.0,2020,0.0,0,0.0,0,0.0,0,0.0,0,0.0,1.5539999999999998,379860.0,395955.0,0.0,0,7.0,378.78,"3,72",591.317,"87,06",RAFAEL URIBE URIBE,DIANA TURBAY,26.0,0.0,8.0,18.0,74601.0,36055.0,38546.0,3.4852079730834706,3.4852079730834706,4.992372763833033,2.0754423286462926
113.0,2020,0.0,0,0.0,0,3.0,1,0.0,0,5.0,3.2925,104270.0,104965.0,8.0,3,26.0,979.914,"3,72",999.300,"88,94",KENNEDY,BAVARIA,37.0,0.0,21.0,16.0,40752.0,19017.0,21735.0,9.079308990969768,9.079308990969768,8.413524741021192,9.66183574879227
60.0,2020,0.0,0,0.0,0,0.0,0,0.0,0,1.0,1.11,10544.0,15584.0,0.0,0,0.0,314.431,"4,07",569.872,"82,91",USME,PARQUE ENTRENUBES,2.0,0.0,0.0,2.0,982.0,507.0,475.0,20.36659877800407,20.36659877800407,39.447731755424066,0.0
60.0,2020,0.0,0,0.0,0,0.0,0,0.0,0,1.0,1.11,10544.0,15584.0,0.0,0,0.0,314.431,"4,07",569.872,"82,91",USME,PARQUE ENTRENUBES,2.0,0.0,0.0,2.0,982.0,507.0,475.0,20.36659877800407,20.36659877800407,39.447731755424066,0.0
90.0,2020,0.0,0,1.0,1,4.0,1,1.0,1,23.0,3.05,275954.0,520674.0,22.0,10,60.0,122.507,"2,43",2.288.835,"96,61",CHAPINERO,PARDO RUBIO,29.0,0.0,7.0,22.0,49381.0,24226.0,25155.0,5.872704076466658,5.872704076466658,9.081152480805745,2.78274696879348
67.0,2020,0.0,0,1.0,1,1.0,1,0.0,0,0.0,1.256470588235294,2609568.0,2765373.0,2.0,1,30.0,593.937,"4,09",505.335,"83,5",CIUDAD BOLIVAR,LUCERO,57.0,0.0,26.0,31.0,159884.0,79445.0,80439.0,3.5650846863976384,3.5650846863976384,3.9020706148908046,3.2322629570233348
83.0,2020,0.0,0,0.0,0,0.0,0,0.0,0,0.0,2.0,24432.0,29572.0,1.0,1,11.0,979.914,"3,72",999.300,"88,94",KENNEDY,LAS MARGARITAS,9.0,0.0,3.0,6.0,31532.0,15032.0,16500.0,2.854243308385133,2.854243308385133,3.991484832357637,1.8181818181818181
101.0,2020,1.0,1,0.0,0,3.0,1,0.0,0,17.0,3.8711111111111105,267970.0,273160.0,65.0,10,59.0,139.298,"2,87",1.933.116,"96,03",TEUSAQUILLO,TEUSAQUILLO,85.0,0.0,35.0,50.0,26970.0,12636.0,14334.0,31.516499814608824,31.516499814608824,39.56948401392846,24.41746895493233
54.0,2020,0.0,0,0.0,0,0.0,0,0.0,0,2.0,1.83,984621.0,1061115.0,21.0,8,28.0,378.78,"3,72",591.317,"87,06",RAFAEL URIBE URIBE,MARRUECOS,38.0,0.0,17.0,21.0,118698.0,62340.0,56358.0,3.201401877032469,3.201401877032469,3.368623676612127,3.016430675325597
78.0,2020,0.0,0,1.0,1,0.0,0,0.0,0,2.0,1.956,79812.0,176088.0,0.0,0,25.0,979.914,"3,72",999.300,"88,94",KENNEDY,TINTAL NORTE,9.0,0.0,1.0,8.0,30113.0,14147.0,15966.0,2.9887424036130574,2.9887424036130574,5.654909168021488,0.626330953275711
100.0,2020,1.0,1,2.0,1,2.0,1,1.0,1,9.0,3.59625,300195.0,309096.0,38.0,9,56.0,139.298,"2,87",1.933.116,"96,03",TEUSAQUILLO,GALERIAS,72.0,0.0,18.0,54.0,35859.0,16599.0,19260.0,20.07864134526897,20.07864134526897,32.53208024579794,9.345794392523365
34.0,2020,0.0,0,2.0,1,2.0,1,1.0,1,2.0,2.346363636363636,864012.0,1108236.0,26.0,12,30.0,404.35,"3,73",706.208,"83,68",SAN CRISTOBAL,20 DE JULIO,47.0,0.0,22.0,25.0,80223.0,38862.0,41361.0,5.8586689602732385,5.8586689602732385,6.433019401986517,5.319020333164092
106.0,2020,0.0,0,0.0,0,3.0,1,1.0,1,1.0,4.164,167560.0,168920.0,17.0,5,30.0,139.298,"2,87",1.933.116,"96,03",TEUSAQUILLO,LA ESMERALDA,25.0,0.0,14.0,11.0,38073.0,16960.0,21113.0,6.566333096945343,6.566333096945343,6.485849056603773,6.630985648652489
91.0,2020,2.0,1,1.0,1,0.0,0,1.0,1,14.0,3.3285714285714287,96894.0,41153.0,42.0,7,37.0,96.241,"3,18",896.890,"88,28",SANTA FE,SAGRADO CORAZON,46.0,0.0,20.0,26.0,10950.0,5474.0,5476.0,42.00913242009132,42.00913242009132,47.4972597734746,36.52300949598247
95.0,2020,0.0,0,0.0,0,1.0,1,0.0,0,11.0,2.0,260205.0,69723.0,19.0,3,15.0,96.241,"3,18",896.890,"88,28",SANTA FE,LAS CRUCES,39.0,0.0,12.0,27.0,21017.0,10622.0,10395.0,18.55640671837084,18.55640671837084,25.418941818866504,11.544011544011545
40.0,2020,1.0,1,0.0,0,3.0,1,0.0,0,2.0,3.0,1219392.0,1267944.0,21.0,8,62.0,250.715,"3,55",1.116.511,"90,43",PUENTE ARANDA,CIUDAD MONTES,66.0,0.0,22.0,44.0,101113.0,47645.0,53468.0,6.5273505879560485,6.5273505879560485,9.234966943016056,4.114610608214259
117.0,2020,0.0,0,0.0,0,0.0,0,0.0,0,5.0,3.0,824.0,1670.0,1.0,1,17.0,317.179,"3,46",1.428.379,"90,03",FONTIBON,AEROPUERTO EL DORADO,15.0,0.0,7.0,8.0,823.0,550.0,273.0,182.26002430133656,182.26002430133656,145.45454545454547,256.4102564102564
64.0,2020,0.0,0,0.0,0,0.0,0,0.0,0,0.0,1.0,5590.0,25895.0,0.0,0,7.0,593.937,"4,09",505.335,"83,5",CIUDAD BOLIVAR,MONTE BLANCO,1.0,0.0,1.0,0.0,6009.0,3047.0,2962.0,1.6641704110500917,1.6641704110500917,0.0,3.37609723160027
48.0,2020,0.0,0,1.0,1,0.0,0,0.0,0,3.0,2.7455555555555557,1310472.0,1325682.0,5.0,3,18.0,979.914,"3,72",999.300,"88,94",KENNEDY,TIMIZA,60.0,0.0,26.0,34.0,142922.0,68552.0,74370.0,4.198094065294357,4.198094065294357,4.959738592601237,3.4960333467796154
98.0,2020,0.0,0,3.0,1,8.0,1,1.0,1,22.0,3.0542105263157895,1522242.0,1559634.0,99.0,19,81.0,230.066,"3,36",1.462.840,"92,44",BARRIOS UNIDOS,LOS ALCAZARES,103.0,0.0,32.0,71.0,40934.0,19897.0,21037.0,25.162456637514047,25.162456637514047,35.68377142282756,15.211294386081665
28.0,2020,1.0,1,9.0,1,15.0,1,9.0,1,7.0,2.287857142857143,3797108.0,4228084.0,17.0,6,49.0,981.613,"3,41",1.388.086,"91,6",SUBA,EL RINCON,135.0,0.0,64.0,71.0,273387.0,131109.0,142278.0,4.938054845329149,4.938054845329149,5.415341433463759,4.498235848128312
17.0,2020,0.0,0,0.0,0,4.0,1,0.0,0,2.0,4.285,226840.0,238870.0,6.0,2,32.0,981.613,"3,41",1.388.086,"91,6",SUBA,SAN JOSE DE BAVARIA,34.0,0.0,16.0,18.0,48738.0,22678.0,26060.0,6.976076162337395,6.976076162337395,7.937207866654908,6.139677666922486
24.0,2020,2.0,1,2.0,1,14.0,1,2.0,1,8.0,4.819999999999999,859833.0,845949.0,36.0,12,69.0,981.613,"3,41",1.388.086,"91,6",SUBA,NIZA,58.0,0.0,20.0,38.0,79808.0,36623.0,43185.0,7.267441860465116,7.267441860465116,10.375993228299155,4.631237698274864
44.0,2020,1.0,1,2.0,1,2.0,1,0.0,0,5.0,3.22875,673424.0,676672.0,20.0,7,33.0,979.914,"3,72",999.300,"88,94",KENNEDY,AMERICAS,71.0,0.0,18.0,53.0,80223.0,37941.0,42282.0,8.850329705944679,8.850329705944679,13.969057220421181,4.257130693912303
62.0,2020,0.0,0,1.0,1,2.0,1,0.0,0,1.0,2.024,338366.0,403893.0,26.0,7,26.0,182.532,"3,63",829.895,"87,19",TUNJUELITO,TUNJUELITO,26.0,0.0,11.0,15.0,40735.0,20271.0,20464.0,6.38271756474776,6.38271756474776,7.399733609590055,5.375293197810789
69.0,2020,1.0,1,1.0,1,2.0,1,1.0,1,1.0,1.3691666666666666,1779216.0,1964304.0,13.0,6,22.0,593.937,"4,09",505.335,"83,5",CIUDAD BOLIVAR,ISMAEL PERDOMO,42.0,0.0,15.0,27.0,162581.0,79637.0,82944.0,2.583327695118126,2.583327695118126,3.390383866795585,1.808449074074074
93.0,2020,5.0,1,5.0,1,5.0,1,1.0,1,8.0,2.932857142857143,332178.0,96411.0,80.0,7,52.0,96.241,"3,18",896.890,"88,28",SANTA FE,LAS NIEVES,130.0,0.0,51.0,79.0,17187.0,8904.0,8283.0,75.63856403095363,75.63856403095363,88.72416891284816,61.571894241216945
18.0,2020,0.0,0,1.0,1,5.0,1,5.0,1,6.0,3.272,300834.0,346380.0,10.0,3,25.0,981.613,"3,41",1.388.086,"91,6",SUBA,BRITALIA,32.0,0.0,8.0,24.0,89574.0,41579.0,47995.0,3.5724652242838326,3.5724652242838326,5.772144592222035,1.6668402958641524
15.0,2021,0.0,0,0.0,0,0.0,0,4.0,1,13.0,5.395,175550.0,49356.0,6.0,2,21.0,430.156,"3,12",1.867.529,"93,6",USAQUEN,COUNTRY CLUB,25.0,0.0,9.0,16.0,24914.0,11228.0,13686.0,10.034518744481014,10.034518744481014,14.250089063056643,6.57606313020605
86.0,2021,0.0,0,0.0,0,0.0,0,1.0,1,0.0,1.568,321440.0,368145.0,0.0,0,33.0,546.809,"3,98",703.807,"85,4",BOSA,EL PORVENIR,59.0,0.0,24.0,35.0,146365.0,69893.0,76472.0,4.031018344549585,4.031018344549585,5.007654557681026,3.1384035987027934
71.0,2021,0.0,0,0.0,0,4.0,1,0.0,0,10.0,2.105,2325960.0,2670912.0,0.0,0,22.0,981.613,"3,41",1.388.086,"91,6",SUBA,TIBABUYES,96.0,0.0,35.0,61.0,300941.0,145773.0,155168.0,3.1899940519902574,3.1899940519902574,4.18458836684434,2.2556197154052384
29.0,2021,3.0,1,2.0,1,3.0,1,1.0,1,7.0,2.713333333333334,1291554.0,1329381.0,30.0,9,32.0,824.337,"3,41",1.089.512,"91,78",ENGATIVA,MINUTO DE DIOS,100.0,0.0,48.0,52.0,108721.0,51115.0,57606.0,9.197855060199961,9.197855060199961,10.173139000293457,8.332465368190814
80.0,2021,0.0,0,1.0,1,1.0,1,0.0,0,4.0,2.0025,247816.0,277108.0,11.0,4,19.0,979.914,"3,72",999.300,"88,94",KENNEDY,CORABASTOS,51.0,0.0,17.0,34.0,57214.0,28591.0,28623.0,8.913902191771244,8.913902191771244,11.891854079955232,5.939279600321419
99.0,2021,7.0,1,3.0,1,2.0,1,0.0,0,18.0,3.692,79566.0,121692.0,22.0,6,62.0,122.507,"2,43",2.288.835,"96,61",CHAPINERO,CHAPINERO,138.0,0.0,56.0,82.0,24681.0,12298.0,12383.0,55.91345569466391,55.91345569466391,66.67750853797365,45.223289994347084
3.0,2021,0.0,0,0.0,0,0.0,0,1.0,1,0.0,6.0,0.0,1169.0,0.0,0,26.0,981.613,"3,41",1.388.086,"91,6",SUBA,GUAYMARAL,1.0,0.0,0.0,1.0,2417.0,1178.0,1239.0,4.137360364087712,4.137360364087712,8.488964346349745,0.0
97.0,2021,12.0,1,3.0,1,7.0,1,1.0,1,19.0,5.211875,94384.0,420656.0,63.0,15,98.0,122.507,"2,43",2.288.835,"96,61",CHAPINERO,CHICO LAGO,271.0,0.0,131.0,140.0,36082.0,16937.0,19145.0,75.10670140236128,75.10670140236128,82.65926669421977,68.4251762862366
94.0,2021,4.0,1,0.0,0,1.0,1,2.0,1,6.0,2.40875,203598.0,216855.0,43.0,8,36.0,22.115,"2,83",1.050.888,"88,9",CANDELARIA,LA CANDELARIA,63.0,0.0,28.0,35.0,17361.0,9066.0,8295.0,36.28823224468636,36.28823224468636,38.6057798367527,33.755274261603375
76.0,2021,0.0,0,0.0,0,3.0,1,0.0,0,2.0,2.186666666666667,120020.0,128536.0,0.0,0,21.0,317.179,"3,46",1.428.379,"90,03",FONTIBON,FONTIBON SAN PABLO,32.0,0.0,11.0,21.0,33840.0,16586.0,17254.0,9.456264775413711,9.456264775413711,12.661280598094779,6.3753332560565665
114.0,2021,0.0,0,0.0,0,2.0,1,3.0,1,10.0,3.8,191930.0,197050.0,9.0,4,24.0,317.179,"3,46",1.428.379,"90,03",FONTIBON,MODELIA,47.0,0.0,18.0,29.0,43500.0,20076.0,23424.0,10.804597701149424,10.804597701149424,14.445108587368003,7.684426229508197
89.0,2021,0.0,0,0.0,0,0.0,0,0.0,0,0.0,2.0666666666666664,28245.0,48603.0,0.0,0,3.0,122.507,"2,43",2.288.835,"96,61",CHAPINERO,SAN ISIDRO - PATIOS,2.0,0.0,1.0,1.0,16520.0,8159.0,8361.0,1.2106537530266344,1.2106537530266344,1.2256403971074887,1.196029183112068
38.0,2021,2.0,1,5.0,1,5.0,1,0.0,0,5.0,3.008,1246305.0,1155330.0,52.0,15,75.0,119.565,"3,92",1.095.184,"90,79",ANTONIO NARIÑO,RESTREPO,121.0,0.0,58.0,63.0,55198.0,26255.0,28943.0,21.9210840972499,21.9210840972499,23.995429442011048,20.039387762153197
52.0,2021,0.0,0,0.0,0,0.0,0,0.0,0,0.0,1.0,614920.0,740280.0,0.0,0,176.0,314.431,"4,07",569.872,"82,91",USME,LA FLORA,12.0,0.0,2.0,10.0,19494.0,9683.0,9811.0,6.155740227762388,6.155740227762388,10.327377878756582,2.038528182652125
96.0,2021,0.0,0,0.0,0,1.0,1,0.0,0,4.0,1.7264285714285716,628474.0,648214.0,4.0,2,16.0,96.241,"3,18",896.890,"88,28",SANTA FE,LOURDES,14.0,0.0,5.0,9.0,45879.0,22331.0,23548.0,3.051505045881558,3.051505045881558,4.030271819443822,2.123322575165619
84.0,2021,0.0,0,1.0,1,4.0,1,3.0,1,2.0,1.98,990222.0,1073760.0,1.0,1,30.0,546.809,"3,98",703.807,"85,4",BOSA,BOSA OCCIDENTAL,93.0,0.0,39.0,54.0,199961.0,97662.0,102299.0,4.650906926850736,4.650906926850736,5.529274436321189,3.8123539819548578
111.0,2021,3.0,1,0.0,0,1.0,1,0.0,0,8.0,2.9375,64585.0,73290.0,16.0,5,63.0,250.715,"3,55",1.116.511,"90,43",PUENTE ARANDA,PUENTE ARANDA,53.0,0.0,22.0,31.0,12255.0,9822.0,2433.0,43.24765401876785,43.24765401876785,31.561800040724904,90.42334566378956
112.0,2021,1.0,1,1.0,1,3.0,1,1.0,1,13.0,3.1133333333333333,126427.0,160027.0,0.0,0,71.0,317.179,"3,46",1.428.379,"90,03",FONTIBON,GRANJAS DE TECHO,87.0,0.0,42.0,45.0,51360.0,23789.0,27571.0,16.939252336448597,16.939252336448597,18.91630585564757,15.233397410322441
75.0,2021,1.0,1,3.0,1,8.0,1,5.0,1,6.0,2.913,1316550.0,1374890.0,0.0,0,58.0,317.179,"3,46",1.428.379,"90,03",FONTIBON,FONTIBON,111.0,0.0,46.0,65.0,131922.0,62819.0,69103.0,8.4140628553236,8.4140628553236,10.347187952689472,6.656729809125508
12.0,2021,1.0,1,2.0,1,6.0,1,0.0,0,7.0,3.378,256245.0,260090.0,9.0,3,42.0,430.156,"3,12",1.867.529,"93,6",USAQUEN,TOBERIN,55.0,0.0,21.0,34.0,60994.0,28059.0,32935.0,9.017280388234909,9.017280388234909,12.117324209700987,6.376195536663124
16.0,2021,5.0,1,2.0,1,9.0,1,1.0,1,20.0,5.738888888888889,464238.0,463266.0,18.0,6,60.0,430.156,"3,12",1.867.529,"93,6",USAQUEN,SANTA BARBARA,107.0,0.0,49.0,58.0,72077.0,32511.0,39566.0,14.84523495705981,14.84523495705981,17.840115653163547,12.384370419046657
82.0,2021,0.0,0,1.0,1,2.0,1,3.0,1,2.0,1.9566666666666668,963012.0,1044870.0,9.0,4,29.0,979.914,"3,72",999.300,"88,94",KENNEDY,PATIO BONITO,112.0,0.0,43.0,69.0,139765.0,69471.0,70294.0,8.013451150144885,8.013451150144885,9.932201925983504,6.117165049648619
35.0,2021,1.0,1,0.0,0,2.0,1,1.0,1,4.0,2.666,168705.0,154565.0,35.0,5,22.0,119.565,"3,92",1.095.184,"90,79",ANTONIO NARIÑO,CIUDAD JARDIN,40.0,0.0,17.0,23.0,26040.0,12323.0,13717.0,15.360983102918587,15.360983102918587,18.664286293921933,12.393380476780637
68.0,2021,0.0,0,0.0,0,1.0,1,1.0,1,0.0,1.055,351536.0,380992.0,0.0,0,13.0,593.937,"4,09",505.335,"83,5",CIUDAD BOLIVAR,EL TESORO,15.0,0.0,8.0,7.0,53474.0,26638.0,26836.0,2.8051015446759173,2.8051015446759173,2.6278249117801638,2.981070204203309
27.0,2021,4.0,1,5.0,1,7.0,1,6.0,1,8.0,2.840909090909091,1497236.0,1751217.0,16.0,6,48.0,981.613,"3,41",1.388.086,"91,6",SUBA,SUBA,91.0,0.0,51.0,40.0,182328.0,85641.0,96687.0,4.991005221359309,4.991005221359309,4.670660081035953,5.274752552049397
22.0,2021,1.0,1,1.0,1,5.0,1,0.0,0,6.0,3.292222222222222,847206.0,887247.0,37.0,8,38.0,230.066,"3,36",1.462.840,"92,44",BARRIOS UNIDOS,DOCE DE OCTUBRE,76.0,0.0,28.0,48.0,69957.0,33637.0,36320.0,10.8638163443258,10.8638163443258,14.270000297291674,7.709251101321586
105.0,2021,1.0,1,0.0,0,0.0,0,0.0,0,4.0,2.67,1601.0,2464.0,4.0,1,11.0,824.337,"3,41",1.089.512,"91,78",ENGATIVA,JARDIN BOTANICO,9.0,0.0,7.0,2.0,3136.0,1854.0,1282.0,28.698979591836736,28.698979591836736,10.787486515641854,54.6021840873635
104.0,2021,1.0,1,0.0,0,0.0,0,0.0,0,10.0,4.0,19494.0,20424.0,21.0,5,34.0,139.298,"2,87",1.933.116,"96,03",TEUSAQUILLO,PARQUE SIMON BOLIVAR - CAN,25.0,0.0,10.0,15.0,3131.0,1633.0,1498.0,79.84669434685404,79.84669434685404,91.85548071034906,66.75567423230974
74.0,2021,0.0,0,0.0,0,3.0,1,0.0,0,2.0,2.0016666666666665,712512.0,784968.0,0.0,0,15.0,824.337,"3,41",1.089.512,"91,78",ENGATIVA,ENGATIVA,47.0,0.0,15.0,32.0,144349.0,69835.0,74514.0,3.2559976168868503,3.2559976168868503,4.582229541061072,2.0130445285449716
47.0,2021,2.0,1,0.0,0,2.0,1,1.0,1,4.0,3.0,865592.0,770256.0,9.0,4,28.0,979.914,"3,72",999.300,"88,94",KENNEDY,KENNEDY CENTRAL,70.0,0.0,28.0,42.0,94320.0,44704.0,49616.0,7.421543681085666,7.421543681085666,9.39513242662849,5.64334085778781
70.0,2021,0.0,0,0.0,0,0.0,0,0.0,0,1.0,1.1733333333333331,789975.0,888237.0,0.0,0,23.0,593.937,"4,09",505.335,"83,5",CIUDAD BOLIVAR,JERUSALEM,56.0,0.0,19.0,37.0,101414.0,49755.0,51659.0,5.521920050486126,5.521920050486126,7.436438548889559,3.677965117404518
66.0,2021,0.0,0,0.0,0,0.0,0,0.0,0,0.0,1.8425,597168.0,609704.0,4.0,3,26.0,593.937,"4,09",505.335,"83,5",CIUDAD BOLIVAR,SAN FRANCISCO,34.0,0.0,16.0,18.0,70395.0,34479.0,35916.0,4.829888486398182,4.829888486398182,5.2205690420255815,4.454839068938634
65.0,2021,0.0,0,0.0,0,1.0,1,0.0,0,1.0,2.463333333333334,349194.0,364512.0,9.0,3,21.0,593.937,"4,09",505.335,"83,5",CIUDAD BOLIVAR,ARBORIZADORA,62.0,0.0,29.0,33.0,84648.0,40496.0,44152.0,7.324449484925811,7.324449484925811,8.148952983010668,6.5682188802319255
79.0,2021,0.0,0,0.0,0,0.0,0,1.0,1,1.0,2.1333333333333333,167274.0,204984.0,3.0,2,22.0,979.914,"3,72",999.300,"88,94",KENNEDY,CALANDAIMA,36.0,0.0,11.0,25.0,138736.0,65739.0,72997.0,2.5948564179448734,2.5948564179448734,3.802917598381478,1.5069112429277915
59.0,2021,0.0,0,0.0,0,0.0,0,0.0,0,0.0,1.0,163808.0,216380.0,0.0,0,6.0,314.431,"4,07",569.872,"82,91",USME,ALFONSO LOPEZ,16.0,0.0,6.0,10.0,51564.0,25513.0,26051.0,3.1029400356838104,3.1029400356838104,3.919570415082507,2.3031745422440597
45.0,2021,0.0,0,1.0,1,4.0,1,1.0,1,6.0,2.7914285714285714,737583.0,674359.0,9.0,4,35.0,979.914,"3,72",999.300,"88,94",KENNEDY,CARVAJAL,101.0,0.0,39.0,62.0,89951.0,43493.0,46458.0,11.228335427065847,11.228335427065847,14.255167498218105,8.3946790649619
20.0,2021,2.0,1,1.0,1,8.0,1,55.0,1,28.0,4.996666666666667,231126.0,219822.0,33.0,6,26.0,981.613,"3,41",1.388.086,"91,6",SUBA,LA ALHAMBRA,43.0,0.0,12.0,31.0,40213.0,18346.0,21867.0,10.693059458384104,10.693059458384104,16.89741633053527,5.487721223761833
51.0,2021,0.0,0,0.0,0,1.0,1,2.0,1,0.0,1.68875,263745.0,660861.0,0.0,0,15.0,404.35,"3,73",706.208,"83,68",SAN CRISTOBAL,LOS LIBERTADORES,16.0,0.0,7.0,9.0,77761.0,37720.0,40041.0,2.0575867079898664,2.0575867079898664,2.3860021208907742,1.748208086711121
115.0,2021,4.0,1,2.0,1,0.0,0,0.0,0,6.0,3.314,77135.0,83285.0,6.0,3,26.0,317.179,"3,46",1.428.379,"90,03",FONTIBON,CAPELLANIA,48.0,0.0,17.0,31.0,17858.0,8402.0,9456.0,26.878709821928545,26.878709821928545,36.89597714829802,17.978003384094755
43.0,2021,0.0,0,0.0,0,5.0,1,1.0,1,7.0,3.0,844074.0,844239.0,17.0,8,31.0,250.715,"3,55",1.116.511,"90,43",PUENTE ARANDA,SAN RAFAEL,71.0,0.0,24.0,47.0,72940.0,34547.0,38393.0,9.734027968193034,9.734027968193034,13.604654528613194,6.251139530643607
25.0,2021,2.0,1,2.0,1,4.0,1,0.0,0,17.0,4.04,127070.0,126620.0,24.0,5,25.0,981.613,"3,41",1.388.086,"91,6",SUBA,LA FLORESTA,34.0,0.0,13.0,21.0,44296.0,20271.0,24025.0,7.675636626331949,7.675636626331949,10.359627053426077,5.411030176899063
56.0,2021,0.0,0,0.0,0,0.0,0,0.0,0,0.0,1.508,205135.0,253351.0,6.0,6,8.0,314.431,"4,07",569.872,"82,91",USME,DANUBIO,27.0,0.0,7.0,20.0,56224.0,27160.0,29064.0,4.80221969265794,4.80221969265794,7.363770250368188,2.4084778420038537
26.0,2021,0.0,0,3.0,1,8.0,1,8.0,1,12.0,3.0646153846153847,1441973.0,1441167.0,19.0,5,69.0,824.337,"3,41",1.089.512,"91,78",ENGATIVA,LAS FERIAS,135.0,0.0,54.0,81.0,101654.0,48414.0,53240.0,13.280343124717179,13.280343124717179,16.730697732060975,10.1427498121713
102.0,2021,1.0,1,2.0,1,5.0,1,0.0,0,16.0,2.8186666666666667,764715.0,782955.0,131.0,15,94.0,94.944,"3,53",1.059.511,"89,78",LOS MARTIRES,LA SABANA,228.0,0.0,71.0,157.0,39716.0,18779.0,20937.0,57.40759391680935,57.40759391680935,83.60402577347035,33.91125758227062
2.0,2021,0.0,0,0.0,0,0.0,0,0.0,0,2.0,5.058,10545.0,13800.0,3.0,2,95.0,981.613,"3,41",1.388.086,"91,6",SUBA,LA ACADEMIA,8.0,0.0,3.0,5.0,5589.0,2700.0,2889.0,14.313830738951511,14.313830738951511,18.51851851851852,10.384215991692628
116.0,2021,1.0,1,1.0,1,2.0,1,1.0,1,9.0,3.155,24638.0,27282.0,3.0,1,17.0,824.337,"3,41",1.089.512,"91,78",ENGATIVA,ALAMOS,37.0,0.0,16.0,21.0,12296.0,5772.0,6524.0,30.091086532205598,30.091086532205598,36.38253638253639,24.52483139178418
81.0,2021,1.0,1,0.0,0,1.0,1,8.0,1,3.0,2.0025,290204.0,283616.0,1.0,1,16.0,979.914,"3,72",999.300,"88,94",KENNEDY,GRAN BRITALIA,37.0,0.0,13.0,24.0,63122.0,30878.0,32244.0,5.8616647127784285,5.8616647127784285,7.772524127210311,4.03175784642104
52.0,2021,0.0,0,0.0,0,0.0,0,0.0,0,0.0,1.0,614920.0,740280.0,0.0,0,176.0,314.431,"4,07",569.872,"82,91",USME,LA FLORA,12.0,0.0,2.0,10.0,19494.0,9683.0,9811.0,6.155740227762388,6.155740227762388,10.327377878756582,2.038528182652125
33.0,2021,0.0,0,0.0,0,2.0,1,0.0,0,2.0,2.8193333333333332,1647904.0,748256.0,42.0,13,30.0,404.35,"3,73",706.208,"83,68",SAN CRISTOBAL,SOSIEGO,46.0,0.0,19.0,27.0,44097.0,21364.0,22733.0,10.431548631426175,10.431548631426175,12.638082756038195,8.357893810759688
19.0,2021,2.0,1,8.0,1,12.0,1,2.0,1,15.0,3.51625,692512.0,712104.0,25.0,8,34.0,981.613,"3,41",1.388.086,"91,6",SUBA,EL PRADO,83.0,0.0,33.0,50.0,99865.0,46097.0,53768.0,8.311220147198718,8.311220147198718,10.846692843352061,6.137479541734861
41.0,2021,0.0,0,0.0,0,2.0,1,0.0,0,7.0,3.0,523602.0,513468.0,24.0,8,22.0,250.715,"3,55",1.116.511,"90,43",PUENTE ARANDA,MUZU,81.0,0.0,35.0,46.0,58946.0,27893.0,31053.0,13.74139042513487,13.74139042513487,16.49159287276378,11.271052716323705
37.0,2021,0.0,0,1.0,1,2.0,1,0.0,0,11.0,3.0,307027.0,315602.0,40.0,7,41.0,94.944,"3,53",1.059.511,"89,78",LOS MARTIRES,SANTA ISABEL,53.0,0.0,17.0,36.0,44974.0,20632.0,24342.0,11.784586650064481,11.784586650064481,17.448623497479645,6.983813984060472
107.0,2021,2.0,1,1.0,1,3.0,1,1.0,1,8.0,3.77,207448.0,216792.0,32.0,8,35.0,139.298,"2,87",1.933.116,"96,03",TEUSAQUILLO,QUINTA PAREDES,49.0,0.0,15.0,34.0,27157.0,12142.0,15015.0,18.043230106418235,18.043230106418235,28.001976610113655,9.99000999000999
73.0,2021,1.0,1,0.0,0,4.0,1,2.0,1,5.0,2.775714285714286,955689.0,1044302.0,4.0,2,40.0,824.337,"3,41",1.089.512,"91,78",ENGATIVA,GARCES NAVAS,95.0,0.0,39.0,56.0,171250.0,80812.0,90438.0,5.547445255474452,5.547445255474452,6.9296639113003025,4.312346579977443
31.0,2021,0.0,0,1.0,1,3.0,1,2.0,1,10.0,3.318333333333334,409362.0,391260.0,10.0,4,38.0,824.337,"3,41",1.089.512,"91,78",ENGATIVA,SANTA CECILIA,90.0,0.0,32.0,58.0,68316.0,31982.0,36334.0,13.174073423502547,13.174073423502547,18.135201050590958,8.807177849947708
58.0,2021,0.0,0,1.0,1,1.0,1,1.0,1,0.0,1.5654545454545454,857659.0,954745.0,0.0,0,29.0,314.431,"4,07",569.872,"82,91",USME,COMUNEROS,33.0,0.0,9.0,24.0,96410.0,47234.0,49176.0,3.4228814438336275,3.4228814438336275,5.081085658635729,1.8301610541727673
13.0,2021,3.0,1,1.0,1,9.0,1,4.0,1,5.0,4.381666666666667,1717632.0,1842552.0,20.0,5,88.0,430.156,"3,12",1.867.529,"93,6",USAQUEN,LOS CEDROS,103.0,0.0,39.0,64.0,130855.0,58135.0,72720.0,7.871307936265333,7.871307936265333,11.008858690977895,5.363036303630363
63.0,2021,0.0,0,0.0,0,0.0,0,0.0,0,0.0,,1596.0,5864.0,2.0,2,6.0,593.937,"4,09",505.335,"83,5",CIUDAD BOLIVAR,EL MOCHUELO,1.0,0.0,0.0,1.0,28.0,13.0,15.0,357.1428571428571,357.1428571428571,769.2307692307693,0.0
87.0,2021,0.0,0,0.0,0,0.0,0,0.0,0,1.0,1.765,212992.0,339512.0,0.0,0,47.0,546.809,"3,98",703.807,"85,4",BOSA,TINTAL SUR,27.0,0.0,9.0,18.0,118700.0,55819.0,62881.0,2.274641954507161,2.274641954507161,3.2247084326125512,1.4312749479174949
77.0,2021,1.0,1,0.0,0,0.0,0,0.0,0,2.0,2.045,283878.0,356976.0,0.0,0,13.0,317.179,"3,46",1.428.379,"90,03",FONTIBON,ZONA FRANCA,27.0,0.0,11.0,16.0,63557.0,29730.0,33827.0,4.248155199269947,4.248155199269947,5.381769256643121,3.2518402459573714
39.0,2021,1.0,1,2.0,1,6.0,1,0.0,0,4.0,3.0,1410480.0,1306815.0,45.0,15,69.0,378.78,"3,72",591.317,"87,06",RAFAEL URIBE URIBE,QUIROGA,90.0,0.0,41.0,49.0,92068.0,44333.0,47735.0,9.775383412260503,9.775383412260503,11.052714682065279,8.589085576620928
108.0,2021,0.0,0,0.0,0,1.0,1,1.0,1,9.0,2.685714285714286,33520.0,33976.0,48.0,8,66.0,250.715,"3,55",1.116.511,"90,43",PUENTE ARANDA,ZONA INDUSTRIAL,46.0,0.0,13.0,33.0,6571.0,3269.0,3302.0,70.00456551514229,70.00456551514229,100.9483022330988,39.37007874015748
61.0,2021,0.0,0,0.0,0,0.0,0,5.0,1,0.0,1.2366666666666666,79500.0,134960.0,0.0,0,65.0,314.431,"4,07",569.872,"82,91",USME,CIUDAD USME,8.0,0.0,6.0,2.0,27723.0,13439.0,14284.0,2.885690581827364,2.885690581827364,1.4882059677059305,4.200504060487258
1.0,2021,0.0,0,0.0,0,0.0,0,0.0,0,2.0,4.0,52488.0,63828.0,3.0,3,83.0,430.156,"3,12",1.867.529,"93,6",USAQUEN,PASEO DE LOS LIBERTADORES,9.0,0.0,2.0,7.0,2545.0,1258.0,1287.0,35.36345776031434,35.36345776031434,55.643879173290934,15.54001554001554
46.0,2021,1.0,1,0.0,0,4.0,1,1.0,1,5.0,2.72,884656.0,1003288.0,18.0,6,40.0,979.914,"3,72",999.300,"88,94",KENNEDY,CASTILLA,95.0,0.0,39.0,56.0,146650.0,69698.0,76952.0,6.478008864643709,6.478008864643709,8.034663835404173,5.068094396506914
85.0,2021,1.0,1,2.0,1,5.0,1,3.0,1,2.0,1.9988888888888892,2537808.0,2654832.0,17.0,6,39.0,546.809,"3,98",703.807,"85,4",BOSA,BOSA CENTRAL,169.0,0.0,64.0,105.0,234732.0,113175.0,121557.0,7.19970008349948,7.19970008349948,9.277667329357191,5.2650197026909185
60.0,2021,0.0,0,0.0,0,0.0,0,0.0,0,1.0,1.11,10544.0,15584.0,0.0,0,0.0,314.431,"4,07",569.872,"82,91",USME,PARQUE ENTRENUBES,0.0,0.0,0.0,0.0,0.0,0.0,0.0,0.0,0.0,0.0,0.0
60.0,2021,0.0,0,0.0,0,0.0,0,0.0,0,1.0,1.11,10544.0,15584.0,0.0,0,0.0,314.431,"4,07",569.872,"82,91",USME,PARQUE ENTRENUBES,0.0,0.0,0.0,0.0,0.0,0.0,0.0,0.0,0.0,0.0,0.0
30.0,2021,1.0,1,5.0,1,9.0,1,2.0,1,7.0,3.001818181818182,1427481.0,1341120.0,25.0,7,42.0,824.337,"3,41",1.089.512,"91,78",ENGATIVA,BOYACA REAL,129.0,0.0,49.0,80.0,129876.0,61720.0,68156.0,9.932551048692599,9.932551048692599,12.961762799740765,7.18938904865309
72.0,2021,0.0,0,0.0,0,1.0,1,0.0,0,8.0,3.0,331356.0,345116.0,4.0,2,21.0,824.337,"3,41",1.089.512,"91,78",ENGATIVA,BOLIVIA,59.0,0.0,29.0,30.0,84724.0,38581.0,46143.0,6.963788300835654,6.963788300835654,7.775848215442834,6.284810263745313
57.0,2021,0.0,0,3.0,1,2.0,1,0.0,0,0.0,1.7740000000000002,1391324.0,1519562.0,3.0,3,23.0,314.431,"4,07",569.872,"82,91",USME,GRAN YOMASA,62.0,0.0,24.0,38.0,127124.0,61887.0,65237.0,4.877127843680186,4.877127843680186,6.140223310226703,3.678893879240308
23.0,2021,0.0,0,0.0,0,5.0,1,32.0,1,14.0,3.5728571428571425,209118.0,255647.0,7.0,5,41.0,981.613,"3,41",1.388.086,"91,6",SUBA,CASA BLANCA SUBA,27.0,0.0,16.0,11.0,59007.0,27543.0,31464.0,4.575728303421628,4.575728303421628,3.993755219111934,5.085176709890669
88.0,2021,0.0,0,0.0,0,0.0,0,0.0,0,20.0,5.9375,358776.0,369156.0,3.0,2,60.0,122.507,"2,43",2.288.835,"96,61",CHAPINERO,EL REFUGIO,46.0,0.0,25.0,21.0,38828.0,17502.0,21326.0,11.847120634593592,11.847120634593592,11.998628728145354,11.722779705523774
9.0,2021,1.0,1,2.0,1,5.0,1,1.0,1,1.0,2.7445454545454546,927663.0,1059410.0,9.0,4,60.0,430.156,"3,12",1.867.529,"93,6",USAQUEN,VERBENAL,41.0,0.0,19.0,22.0,127453.0,60391.0,67062.0,3.216872101872847,3.216872101872847,3.6429269261976125,2.833199129164057
109.0,2021,0.0,0,0.0,0,1.0,1,0.0,0,11.0,4.123333333333334,44058.0,53832.0,12.0,3,32.0,139.298,"2,87",1.933.116,"96,03",TEUSAQUILLO,CIUDAD SALITRE ORIENTAL,41.0,0.0,15.0,26.0,24099.0,10726.0,13373.0,17.013154072783102,17.013154072783102,24.240164087264592,11.216630524190531
49.0,2021,0.0,0,1.0,1,0.0,0,0.0,0,2.0,2.3333333333333335,124191.0,114375.0,10.0,3,11.0,546.809,"3,98",703.807,"85,4",BOSA,APOGEO,32.0,0.0,12.0,20.0,35501.0,17036.0,18465.0,9.013830596321231,9.013830596321231,11.739845034045551,6.498781478472786
14.0,2021,1.0,1,0.0,0,1.0,1,1.0,1,20.0,4.66,375100.0,457974.0,0.0,0,45.0,430.156,"3,12",1.867.529,"93,6",USAQUEN,USAQUEN,48.0,0.0,22.0,26.0,41886.0,19970.0,21916.0,11.459676264145537,11.459676264145537,13.019529293940911,10.03832816207337
32.0,2021,0.0,0,0.0,0,1.0,1,0.0,0,0.0,1.7457142857142858,1408200.0,1428675.0,0.0,0,47.0,404.35,"3,73",706.208,"83,68",SAN CRISTOBAL,SAN BLAS,28.0,0.0,15.0,13.0,103708.0,49930.0,53778.0,2.6998881474910323,2.6998881474910323,2.603645103144402,2.7892446725426754
92.0,2021,0.0,0,0.0,0,0.0,0,0.0,0,11.0,2.5425,132324.0,86100.0,26.0,6,25.0,96.241,"3,18",896.890,"88,28",SANTA FE,LA MACARENA,18.0,0.0,8.0,10.0,12452.0,6093.0,6359.0,14.455509155155799,14.455509155155799,16.412276382734287,12.580594433086963
11.0,2021,1.0,1,1.0,1,5.0,1,6.0,1,4.0,2.3000000000000003,373404.0,436080.0,0.0,0,21.0,430.156,"3,12",1.867.529,"93,6",USAQUEN,SAN CRISTOBAL NORTE,37.0,0.0,12.0,25.0,70017.0,33225.0,36792.0,5.284430923918477,5.284430923918477,7.524454477050414,3.2615786040443573
36.0,2021,1.0,1,0.0,0,2.0,1,0.0,0,4.0,2.97,350595.0,343350.0,26.0,7,19.0,378.78,"3,72",591.317,"87,06",RAFAEL URIBE URIBE,SAN JOSE,54.0,0.0,18.0,36.0,48237.0,22809.0,25428.0,11.194726040176628,11.194726040176628,15.783243456530316,7.078810759792355
53.0,2021,0.0,0,1.0,1,1.0,1,0.0,0,2.0,2.442857142857143,479920.0,461139.0,21.0,6,14.0,378.78,"3,72",591.317,"87,06",RAFAEL URIBE URIBE,MARCO FIDEL SUAREZ,38.0,0.0,17.0,21.0,45951.0,22034.0,23917.0,8.269678570651346,8.269678570651346,9.530725242806572,7.107914872266589
50.0,2021,0.0,0,1.0,1,1.0,1,1.0,1,1.0,1.9327272727272728,215222.0,1432186.0,1.0,1,21.0,404.35,"3,73",706.208,"83,68",SAN CRISTOBAL,LA GLORIA,40.0,0.0,20.0,20.0,95719.0,46400.0,49319.0,4.17889865126046,4.17889865126046,4.310344827586206,4.055232263427888
110.0,2021,3.0,1,1.0,1,0.0,0,0.0,0,11.0,4.074999999999999,71780.0,82212.0,7.0,2,29.0,317.179,"3,46",1.428.379,"90,03",FONTIBON,CIUDAD SALITRE OCCIDENTAL,61.0,0.0,27.0,34.0,45154.0,21304.0,23850.0,13.509323647960313,13.509323647960313,15.959444235824257,11.320754716981133
10.0,2021,0.0,0,1.0,1,1.0,1,23.0,1,4.0,2.87125,122265.0,153495.0,5.0,2,29.0,430.156,"3,12",1.867.529,"93,6",USAQUEN,LA URIBE,29.0,0.0,11.0,18.0,36225.0,16591.0,19634.0,8.005521048999311,8.005521048999311,10.849255620517148,5.602526230009168
42.0,2021,0.0,0,2.0,1,1.0,1,7.0,1,3.0,2.4250000000000003,2179040.0,2310720.0,35.0,13,66.0,182.532,"3,63",829.895,"87,19",TUNJUELITO,VENECIA,115.0,0.0,44.0,71.0,138482.0,67336.0,71146.0,8.304328360364524,8.304328360364524,10.544136865866697,6.184465746493126
103.0,2021,0.0,0,0.0,0,0.0,0,0.0,0,7.0,3.0,10953.0,12423.0,5.0,2,15.0,230.066,"3,36",1.462.840,"92,44",BARRIOS UNIDOS,PARQUE SALITRE,10.0,0.0,3.0,7.0,1282.0,673.0,609.0,78.003120124805,78.003120124805,104.01188707280832,49.26108374384236
21.0,2021,3.0,1,0.0,0,7.0,1,0.0,0,23.0,3.762,225860.0,233125.0,52.0,5,22.0,230.066,"3,36",1.462.840,"92,44",BARRIOS UNIDOS,LOS ANDES,61.0,0.0,21.0,40.0,29182.0,12994.0,16188.0,20.903296552669456,20.903296552669456,30.783438510081574,12.972572275759822
55.0,2021,0.0,0,0.0,0,0.0,0,0.0,0,0.0,1.5539999999999998,379860.0,395955.0,0.0,0,7.0,378.78,"3,72",591.317,"87,06",RAFAEL URIBE URIBE,DIANA TURBAY,24.0,0.0,11.0,13.0,74939.0,36132.0,38807.0,3.2026047852253168,3.2026047852253168,3.5979187423890178,2.834540160280362
113.0,2021,0.0,0,1.0,1,3.0,1,0.0,0,7.0,3.2925,104270.0,104965.0,8.0,3,26.0,979.914,"3,72",999.300,"88,94",KENNEDY,BAVARIA,26.0,0.0,5.0,21.0,42429.0,19776.0,22653.0,6.127884230125622,6.127884230125622,10.61893203883495,2.2072131726482143
60.0,2021,0.0,0,0.0,0,0.0,0,0.0,0,1.0,1.11,10544.0,15584.0,0.0,0,0.0,314.431,"4,07",569.872,"82,91",USME,PARQUE ENTRENUBES,0.0,0.0,0.0,0.0,0.0,0.0,0.0,0.0,0.0,0.0,0.0
60.0,2021,0.0,0,0.0,0,0.0,0,0.0,0,1.0,1.11,10544.0,15584.0,0.0,0,0.0,314.431,"4,07",569.872,"82,91",USME,PARQUE ENTRENUBES,0.0,0.0,0.0,0.0,0.0,0.0,0.0,0.0,0.0,0.0,0.0
90.0,2021,0.0,0,1.0,1,4.0,1,1.0,1,24.0,3.05,275954.0,520674.0,22.0,10,60.0,122.507,"2,43",2.288.835,"96,61",CHAPINERO,PARDO RUBIO,65.0,0.0,29.0,36.0,49773.0,24378.0,25395.0,13.059289172844714,13.059289172844714,14.767413241447205,11.41957078164993
67.0,2021,0.0,0,1.0,1,2.0,1,0.0,0,0.0,1.256470588235294,2609568.0,2765373.0,2.0,1,30.0,593.937,"4,09",505.335,"83,5",CIUDAD BOLIVAR,LUCERO,86.0,0.0,37.0,49.0,161398.0,80209.0,81189.0,5.328442731632363,5.328442731632363,6.109040132653443,4.5572676101442315
83.0,2021,0.0,0,0.0,0,0.0,0,0.0,0,1.0,2.0,24432.0,29572.0,1.0,1,11.0,979.914,"3,72",999.300,"88,94",KENNEDY,LAS MARGARITAS,15.0,0.0,2.0,13.0,33332.0,15905.0,17427.0,4.500180007200288,4.500180007200288,8.17353033637221,1.1476444597463706
101.0,2021,1.0,1,0.0,0,3.0,1,0.0,0,20.0,3.8711111111111105,267970.0,273160.0,65.0,10,59.0,139.298,"2,87",1.933.116,"96,03",TEUSAQUILLO,TEUSAQUILLO,91.0,0.0,29.0,62.0,27179.0,12742.0,14437.0,33.481732219728464,33.481732219728464,48.65798147857479,20.087275749809518
54.0,2021,0.0,0,0.0,0,0.0,0,0.0,0,2.0,1.83,984621.0,1061115.0,21.0,8,28.0,378.78,"3,72",591.317,"87,06",RAFAEL URIBE URIBE,MARRUECOS,50.0,0.0,22.0,28.0,120683.0,63530.0,57153.0,4.143085604434758,4.143085604434758,4.407366598457422,3.8493167462775357
78.0,2021,0.0,0,1.0,1,0.0,0,0.0,0,4.0,1.956,79812.0,176088.0,0.0,0,25.0,979.914,"3,72",999.300,"88,94",KENNEDY,TINTAL NORTE,12.0,0.0,6.0,6.0,31602.0,14816.0,16786.0,3.7972280235428135,3.7972280235428135,4.049676025917926,3.5744072441320145
100.0,2021,2.0,1,2.0,1,2.0,1,1.0,1,13.0,3.59625,300195.0,309096.0,38.0,9,56.0,139.298,"2,87",1.933.116,"96,03",TEUSAQUILLO,GALERIAS,109.0,0.0,42.0,67.0,36268.0,16800.0,19468.0,30.054042130804017,30.054042130804017,39.88095238095239,21.573864803780562
34.0,2021,0.0,0,2.0,1,2.0,1,1.0,1,2.0,2.346363636363636,864012.0,1108236.0,26.0,12,30.0,404.35,"3,73",706.208,"83,68",SAN CRISTOBAL,20 DE JULIO,69.0,0.0,28.0,41.0,79989.0,38719.0,41270.0,8.62618610058883,8.62618610058883,10.589116454453887,6.784589290041192
106.0,2021,1.0,1,0.0,0,4.0,1,1.0,1,4.0,4.164,167560.0,168920.0,17.0,5,30.0,139.298,"2,87",1.933.116,"96,03",TEUSAQUILLO,LA ESMERALDA,25.0,0.0,8.0,17.0,38617.0,17206.0,21411.0,6.473832767951938,6.473832767951938,9.880274322910612,3.73639717902013
91.0,2021,2.0,1,1.0,1,1.0,1,1.0,1,14.0,3.3285714285714287,96894.0,41153.0,42.0,7,37.0,96.241,"3,18",896.890,"88,28",SANTA FE,SAGRADO CORAZON,67.0,0.0,24.0,43.0,11465.0,5724.0,5741.0,58.43872655909289,58.43872655909289,75.12229210342417,41.80456366486675
95.0,2021,0.0,0,0.0,0,1.0,1,0.0,0,13.0,2.0,260205.0,69723.0,19.0,3,15.0,96.241,"3,18",896.890,"88,28",SANTA FE,LAS CRUCES,31.0,0.0,10.0,21.0,21364.0,10777.0,10587.0,14.510391312488299,14.510391312488299,19.485942284494758,9.445546424860678
40.0,2021,2.0,1,0.0,0,3.0,1,0.0,0,5.0,3.0,1219392.0,1267944.0,21.0,8,62.0,250.715,"3,55",1.116.511,"90,43",PUENTE ARANDA,CIUDAD MONTES,73.0,0.0,26.0,47.0,101529.0,47781.0,53748.0,7.190063922623094,7.190063922623094,9.83654590736904,4.837389298206444
117.0,2021,0.0,0,0.0,0,0.0,0,0.0,0,7.0,3.0,824.0,1670.0,1.0,1,17.0,317.179,"3,46",1.428.379,"90,03",FONTIBON,AEROPUERTO EL DORADO,18.0,0.0,7.0,11.0,853.0,576.0,277.0,211.01992966002345,211.01992966002345,190.97222222222223,252.7075812274368
64.0,2021,0.0,0,0.0,0,0.0,0,0.0,0,0.0,1.0,5590.0,25895.0,0.0,0,7.0,593.937,"4,09",505.335,"83,5",CIUDAD BOLIVAR,MONTE BLANCO,0.0,0.0,0.0,0.0,0.0,0.0,0.0,0.0,0.0,0.0,0.0
48.0,2021,0.0,0,1.0,1,0.0,0,0.0,0,5.0,2.7455555555555557,1310472.0,1325682.0,5.0,3,18.0,979.914,"3,72",999.300,"88,94",KENNEDY,TIMIZA,59.0,0.0,25.0,34.0,143607.0,68959.0,74648.0,4.1084348256004235,4.1084348256004235,4.9304659290302935,3.349051548601436
98.0,2021,1.0,1,3.0,1,8.0,1,1.0,1,26.0,3.0542105263157895,1522242.0,1559634.0,99.0,19,81.0,230.066,"3,36",1.462.840,"92,44",BARRIOS UNIDOS,LOS ALCAZARES,130.0,0.0,46.0,84.0,40566.0,19750.0,20816.0,32.046541438643196,32.046541438643196,42.53164556962025,22.098385857033055
28.0,2021,3.0,1,11.0,1,17.0,1,9.0,1,13.0,2.287857142857143,3797108.0,4228084.0,17.0,6,49.0,981.613,"3,41",1.388.086,"91,6",SUBA,EL RINCON,154.0,0.0,54.0,100.0,272505.0,130755.0,141750.0,5.651272453716445,5.651272453716445,7.647891094030821,3.8095238095238098
17.0,2021,1.0,1,0.0,0,4.0,1,0.0,0,6.0,4.285,226840.0,238870.0,6.0,2,32.0,981.613,"3,41",1.388.086,"91,6",SUBA,SAN JOSE DE BAVARIA,37.0,0.0,15.0,22.0,48272.0,22557.0,25715.0,7.664898906198211,7.664898906198211,9.753070000443321,5.8331713007972
24.0,2021,4.0,1,2.0,1,19.0,1,2.0,1,13.0,4.819999999999999,859833.0,845949.0,36.0,12,69.0,981.613,"3,41",1.388.086,"91,6",SUBA,NIZA,60.0,0.0,31.0,29.0,79640.0,36747.0,42893.0,7.533902561526871,7.533902561526871,7.891800691212888,7.227286503625301
44.0,2021,2.0,1,2.0,1,2.0,1,0.0,0,8.0,3.22875,673424.0,676672.0,20.0,7,33.0,979.914,"3,72",999.300,"88,94",KENNEDY,AMERICAS,82.0,0.0,28.0,54.0,80454.0,38038.0,42416.0,10.192159494866631,10.192159494866631,14.196329985803668,6.601282534892493
62.0,2021,0.0,0,2.0,1,2.0,1,0.0,0,1.0,2.024,338366.0,403893.0,26.0,7,26.0,182.532,"3,63",829.895,"87,19",TUNJUELITO,TUNJUELITO,39.0,0.0,16.0,23.0,40570.0,20186.0,20384.0,9.61301454276559,9.61301454276559,11.394035470127813,7.849293563579279
69.0,2021,1.0,1,1.0,1,2.0,1,1.0,1,1.0,1.3691666666666666,1779216.0,1964304.0,13.0,6,22.0,593.937,"4,09",505.335,"83,5",CIUDAD BOLIVAR,ISMAEL PERDOMO,78.0,0.0,29.0,49.0,164827.0,80707.0,84120.0,4.732234403344112,4.732234403344112,6.071344493042735,3.4474560152163574
93.0,2021,5.0,1,5.0,1,5.0,1,1.0,1,8.0,2.932857142857143,332178.0,96411.0,80.0,7,52.0,96.241,"3,18",896.890,"88,28",SANTA FE,LAS NIEVES,131.0,0.0,51.0,80.0,17660.0,9118.0,8542.0,74.17893544733862,74.17893544733862,87.7385391533231,59.70498712245376
18.0,2021,0.0,0,1.0,1,6.0,1,5.0,1,7.0,3.272,300834.0,346380.0,10.0,3,25.0,981.613,"3,41",1.388.086,"91,6",SUBA,BRITALIA,34.0,0.0,13.0,21.0,91263.0,42547.0,48716.0,3.725496641574351,3.725496641574351,4.9357181469903875,2.6685277937433285
15.0,2022,2.0,1,0.0,0,0.0,0,0.0,0,18.0,5.395,175550.0,49356.0,6.0,2,21.0,430.156,"3,12",1.867.529,"93,6",USAQUEN,COUNTRY CLUB,15.0,0.0,6.0,9.0,24743.0,11179.0,13564.0,6.062320656347249,6.062320656347249,8.050809553627337,4.423473901503981
86.0,2022,0.0,0,0.0,0,0.0,0,0.0,0,0.0,1.568,321440.0,368145.0,0.0,0,33.0,546.809,"3,98",703.807,"85,4",BOSA,EL PORVENIR,38.0,0.0,16.0,22.0,150905.0,72055.0,78850.0,2.5181405520029156,2.5181405520029156,3.05322323225314,2.0291693088142044
71.0,2022,0.0,0,1.0,1,5.0,1,0.0,0,10.0,2.105,2325960.0,2670912.0,0.0,0,22.0,981.613,"3,41",1.388.086,"91,6",SUBA,TIBABUYES,67.0,0.0,27.0,40.0,308559.0,149557.0,159002.0,2.1713837548086428,2.1713837548086428,2.6745655502584302,1.698091847901284
29.0,2022,3.0,1,2.0,1,3.0,1,0.0,0,15.0,2.713333333333334,1291554.0,1329381.0,30.0,9,32.0,824.337,"3,41",1.089.512,"91,78",ENGATIVA,MINUTO DE DIOS,84.0,0.0,33.0,51.0,107025.0,50235.0,56790.0,7.8486334968465306,7.8486334968465306,10.152284263959391,5.810882197569995
80.0,2022,0.0,0,2.0,1,1.0,1,0.0,0,10.0,2.0025,247816.0,277108.0,11.0,4,19.0,979.914,"3,72",999.300,"88,94",KENNEDY,CORABASTOS,35.0,0.0,13.0,22.0,56865.0,28410.0,28455.0,6.154928339048624,6.154928339048624,7.743752199929602,4.568617114742576
99.0,2022,8.0,1,3.0,1,2.0,1,0.0,0,36.0,3.692,79566.0,121692.0,22.0,6,62.0,122.507,"2,43",2.288.835,"96,61",CHAPINERO,CHAPINERO,161.0,0.0,58.0,103.0,24533.0,12186.0,12347.0,65.62589165613663,65.62589165613663,84.52322337108157,46.97497367781647
3.0,2022,0.0,0,0.0,0,0.0,0,0.0,0,0.0,6.0,0.0,1169.0,0.0,0,26.0,981.613,"3,41",1.388.086,"91,6",SUBA,GUAYMARAL,2.0,0.0,2.0,0.0,2446.0,1200.0,1246.0,8.176614881439084,8.176614881439084,0.0,16.051364365971107
97.0,2022,19.0,1,3.0,1,7.0,1,0.0,0,28.0,5.211875,94384.0,420656.0,63.0,15,98.0,122.507,"2,43",2.288.835,"96,61",CHAPINERO,CHICO LAGO,244.0,0.0,101.0,143.0,36008.0,16870.0,19138.0,67.76271939568984,67.76271939568984,84.76585655008891,52.77458459609154
94.0,2022,4.0,1,0.0,0,2.0,1,0.0,0,7.0,2.40875,203598.0,216855.0,43.0,8,36.0,22.115,"2,83",1.050.888,"88,9",CANDELARIA,LA CANDELARIA,71.0,0.0,28.0,43.0,17171.0,8942.0,8229.0,41.34878574340458,41.34878574340458,48.08767613509282,34.02600558998663
76.0,2022,0.0,0,0.0,0,3.0,1,0.0,0,5.0,2.186666666666667,120020.0,128536.0,0.0,0,21.0,317.179,"3,46",1.428.379,"90,03",FONTIBON,FONTIBON SAN PABLO,41.0,0.0,20.0,21.0,33742.0,16516.0,17226.0,12.151028391915121,12.151028391915121,12.714943085492855,11.610356437942645
114.0,2022,4.0,1,0.0,0,2.0,1,0.0,0,17.0,3.8,191930.0,197050.0,9.0,4,24.0,317.179,"3,46",1.428.379,"90,03",FONTIBON,MODELIA,45.0,0.0,22.0,23.0,43395.0,20004.0,23391.0,10.369858278603525,10.369858278603525,11.49770045990802,9.40532683510752
89.0,2022,0.0,0,0.0,0,0.0,0,0.0,0,0.0,2.0666666666666664,28245.0,48603.0,0.0,0,3.0,122.507,"2,43",2.288.835,"96,61",CHAPINERO,SAN ISIDRO - PATIOS,3.0,0.0,1.0,2.0,16570.0,8137.0,8433.0,1.8105009052504526,1.8105009052504526,2.457908320019663,1.1858176212498517
38.0,2022,2.0,1,5.0,1,5.0,1,0.0,0,7.0,3.008,1246305.0,1155330.0,52.0,15,75.0,119.565,"3,92",1.095.184,"90,79",ANTONIO NARIÑO,RESTREPO,99.0,0.0,45.0,54.0,54757.0,25932.0,28825.0,18.079880197965558,18.079880197965558,20.82369273484498,15.611448395490026
52.0,2022,0.0,0,0.0,0,0.0,0,0.0,0,0.0,1.0,614920.0,740280.0,0.0,0,176.0,314.431,"4,07",569.872,"82,91",USME,LA FLORA,4.0,0.0,2.0,2.0,19750.0,9802.0,9948.0,2.0253164556962027,2.0253164556962027,2.0403999183840034,2.010454362685967
96.0,2022,0.0,0,0.0,0,1.0,1,0.0,0,4.0,1.7264285714285716,628474.0,648214.0,4.0,2,16.0,96.241,"3,18",896.890,"88,28",SANTA FE,LOURDES,21.0,0.0,6.0,15.0,46044.0,22372.0,23672.0,4.560854834506125,4.560854834506125,6.704809583407831,2.5346400811084826
84.0,2022,0.0,0,4.0,1,4.0,1,0.0,0,2.0,1.98,990222.0,1073760.0,1.0,1,30.0,546.809,"3,98",703.807,"85,4",BOSA,BOSA OCCIDENTAL,73.0,0.0,28.0,45.0,199880.0,97718.0,102162.0,3.652191314788873,3.652191314788873,4.605088110685851,2.7407450911297744
111.0,2022,3.0,1,0.0,0,1.0,1,0.0,0,9.0,2.9375,64585.0,73290.0,16.0,5,63.0,250.715,"3,55",1.116.511,"90,43",PUENTE ARANDA,PUENTE ARANDA,54.0,0.0,21.0,33.0,12670.0,10287.0,2383.0,42.62036306235201,42.62036306235201,32.079323417906096,88.12421317666806
112.0,2022,1.0,1,2.0,1,3.0,1,0.0,0,23.0,3.1133333333333333,126427.0,160027.0,0.0,0,71.0,317.179,"3,46",1.428.379,"90,03",FONTIBON,GRANJAS DE TECHO,59.0,0.0,27.0,32.0,53534.0,24780.0,28754.0,11.021033361975567,11.021033361975567,12.913640032284102,9.389997913333797
75.0,2022,4.0,1,3.0,1,10.0,1,0.0,0,10.0,2.913,1316550.0,1374890.0,0.0,0,58.0,317.179,"3,46",1.428.379,"90,03",FONTIBON,FONTIBON,89.0,0.0,30.0,59.0,130396.0,62011.0,68385.0,6.825362741188379,6.825362741188379,9.514440986276629,4.386926957666155
12.0,2022,3.0,1,2.0,1,7.0,1,0.0,0,11.0,3.378,256245.0,260090.0,9.0,3,42.0,430.156,"3,12",1.867.529,"93,6",USAQUEN,TOBERIN,43.0,0.0,20.0,23.0,61040.0,28090.0,32950.0,7.0445609436435115,7.0445609436435115,8.187967248131008,6.0698027314112295
16.0,2022,8.0,1,7.0,1,9.0,1,0.0,0,32.0,5.738888888888889,464238.0,463266.0,18.0,6,60.0,430.156,"3,12",1.867.529,"93,6",USAQUEN,SANTA BARBARA,74.0,0.0,29.0,45.0,72809.0,32920.0,39889.0,10.16357867846008,10.16357867846008,13.669501822600244,7.270174734889318
82.0,2022,0.0,0,1.0,1,3.0,1,0.0,0,5.0,1.9566666666666668,963012.0,1044870.0,9.0,4,29.0,979.914,"3,72",999.300,"88,94",KENNEDY,PATIO BONITO,70.0,0.0,26.0,44.0,138518.0,68830.0,69688.0,5.053494852654529,5.053494852654529,6.392561383117826,3.730914935139479
35.0,2022,1.0,1,0.0,0,2.0,1,0.0,0,4.0,2.666,168705.0,154565.0,35.0,5,22.0,119.565,"3,92",1.095.184,"90,79",ANTONIO NARIÑO,CIUDAD JARDIN,24.0,0.0,11.0,13.0,26034.0,12260.0,13774.0,9.218713989398479,9.218713989398479,10.603588907014682,7.986060694061275
68.0,2022,0.0,0,0.0,0,1.0,1,0.0,0,0.0,1.055,351536.0,380992.0,0.0,0,13.0,593.937,"4,09",505.335,"83,5",CIUDAD BOLIVAR,EL TESORO,8.0,0.0,2.0,6.0,54271.0,27037.0,27234.0,1.4740837648099354,1.4740837648099354,2.219181122165921,0.7343761474627305
27.0,2022,4.0,1,6.0,1,8.0,1,0.0,0,11.0,2.840909090909091,1497236.0,1751217.0,16.0,6,48.0,981.613,"3,41",1.388.086,"91,6",SUBA,SUBA,73.0,0.0,27.0,46.0,187097.0,87903.0,99194.0,3.9017194289593102,3.9017194289593102,5.2330409656098205,2.721938826945178
22.0,2022,3.0,1,1.0,1,5.0,1,0.0,0,16.0,3.292222222222222,847206.0,887247.0,37.0,8,38.0,230.066,"3,36",1.462.840,"92,44",BARRIOS UNIDOS,DOCE DE OCTUBRE,75.0,0.0,27.0,48.0,70398.0,33818.0,36580.0,10.653711753174807,10.653711753174807,14.193624696906973,7.381082558775287
105.0,2022,1.0,1,0.0,0,0.0,0,0.0,0,11.0,2.67,1601.0,2464.0,4.0,1,11.0,824.337,"3,41",1.089.512,"91,78",ENGATIVA,JARDIN BOTANICO,4.0,0.0,1.0,3.0,3379.0,2022.0,1357.0,11.837821840781297,11.837821840781297,14.836795252225519,7.369196757553427
104.0,2022,1.0,1,0.0,0,0.0,0,0.0,0,23.0,4.0,19494.0,20424.0,21.0,5,34.0,139.298,"2,87",1.933.116,"96,03",TEUSAQUILLO,PARQUE SIMON BOLIVAR - CAN,27.0,0.0,10.0,17.0,3139.0,1650.0,1489.0,86.01465434851863,86.01465434851863,103.03030303030303,67.15916722632639
74.0,2022,0.0,0,0.0,0,5.0,1,0.0,0,4.0,2.0016666666666665,712512.0,784968.0,0.0,0,15.0,824.337,"3,41",1.089.512,"91,78",ENGATIVA,ENGATIVA,43.0,0.0,19.0,24.0,145990.0,70530.0,75460.0,2.9454072196725805,2.9454072196725805,3.4028073160357297,2.5178902729923136
47.0,2022,5.0,1,0.0,0,2.0,1,0.0,0,7.0,3.0,865592.0,770256.0,9.0,4,28.0,979.914,"3,72",999.300,"88,94",KENNEDY,KENNEDY CENTRAL,56.0,0.0,25.0,31.0,93458.0,44314.0,49144.0,5.9919964048021574,5.9919964048021574,6.9955318860856615,5.08709099788377
70.0,2022,0.0,0,0.0,0,0.0,0,0.0,0,1.0,1.1733333333333331,789975.0,888237.0,0.0,0,23.0,593.937,"4,09",505.335,"83,5",CIUDAD BOLIVAR,JERUSALEM,36.0,0.0,17.0,19.0,102706.0,50382.0,52324.0,3.505150624111542,3.505150624111542,3.771188122742249,3.2489870804984324
66.0,2022,0.0,0,0.0,0,0.0,0,0.0,0,1.0,1.8425,597168.0,609704.0,4.0,3,26.0,593.937,"4,09",505.335,"83,5",CIUDAD BOLIVAR,SAN FRANCISCO,32.0,0.0,17.0,15.0,70388.0,34476.0,35912.0,4.546229470932546,4.546229470932546,4.35085276714236,4.733793717977278
65.0,2022,0.0,0,0.0,0,1.0,1,0.0,0,2.0,2.463333333333334,349194.0,364512.0,9.0,3,21.0,593.937,"4,09",505.335,"83,5",CIUDAD BOLIVAR,ARBORIZADORA,42.0,0.0,23.0,19.0,86615.0,41438.0,45177.0,4.849044622755874,4.849044622755874,4.585163376610841,5.091086172167253
79.0,2022,0.0,0,0.0,0,0.0,0,0.0,0,4.0,2.1333333333333333,167274.0,204984.0,3.0,2,22.0,979.914,"3,72",999.300,"88,94",KENNEDY,CALANDAIMA,38.0,0.0,15.0,23.0,144820.0,68595.0,76225.0,2.623946968650739,2.623946968650739,3.353014068080764,1.9678583142013775
59.0,2022,0.0,0,0.0,0,0.0,0,0.0,0,0.0,1.0,163808.0,216380.0,0.0,0,6.0,314.431,"4,07",569.872,"82,91",USME,ALFONSO LOPEZ,19.0,0.0,7.0,12.0,52034.0,25726.0,26308.0,3.65145866164431,3.65145866164431,4.664541708777112,2.660787593127566
45.0,2022,0.0,0,1.0,1,4.0,1,0.0,0,11.0,2.7914285714285714,737583.0,674359.0,9.0,4,35.0,979.914,"3,72",999.300,"88,94",KENNEDY,CARVAJAL,68.0,0.0,35.0,33.0,89015.0,43052.0,45963.0,7.639161938999045,7.639161938999045,7.66514912199201,7.614820616582904
20.0,2022,2.0,1,1.0,1,9.0,1,0.0,0,47.0,4.996666666666667,231126.0,219822.0,33.0,6,26.0,981.613,"3,41",1.388.086,"91,6",SUBA,LA ALHAMBRA,58.0,0.0,20.0,38.0,39439.0,18140.0,21299.0,14.70625522959507,14.70625522959507,20.948180815876515,9.390112211840933
51.0,2022,0.0,0,0.0,0,1.0,1,0.0,0,0.0,1.68875,263745.0,660861.0,0.0,0,15.0,404.35,"3,73",706.208,"83,68",SAN CRISTOBAL,LOS LIBERTADORES,20.0,0.0,9.0,11.0,78104.0,37831.0,40273.0,2.5606883130185394,2.5606883130185394,2.9076683143453783,2.234747845951382
115.0,2022,4.0,1,2.0,1,0.0,0,0.0,0,17.0,3.314,77135.0,83285.0,6.0,3,26.0,317.179,"3,46",1.428.379,"90,03",FONTIBON,CAPELLANIA,25.0,0.0,15.0,10.0,17835.0,8373.0,9462.0,14.017381553125876,14.017381553125876,11.943150603129105,15.85288522511097
43.0,2022,0.0,0,1.0,1,5.0,1,0.0,0,8.0,3.0,844074.0,844239.0,17.0,8,31.0,250.715,"3,55",1.116.511,"90,43",PUENTE ARANDA,SAN RAFAEL,48.0,0.0,15.0,33.0,72673.0,34314.0,38359.0,6.604928928212679,6.604928928212679,9.617065920615492,3.9104251935660472
25.0,2022,5.0,1,2.0,1,5.0,1,0.0,0,25.0,4.04,127070.0,126620.0,24.0,5,25.0,981.613,"3,41",1.388.086,"91,6",SUBA,LA FLORESTA,22.0,0.0,9.0,13.0,44657.0,20574.0,24083.0,4.9264393040284835,4.9264393040284835,6.318654612617867,3.7370759456878297
56.0,2022,0.0,0,0.0,0,0.0,0,0.0,0,0.0,1.508,205135.0,253351.0,6.0,6,8.0,314.431,"4,07",569.872,"82,91",USME,DANUBIO,18.0,0.0,7.0,11.0,57802.0,27868.0,29934.0,3.1140790976090793,3.1140790976090793,3.947179560786565,2.3384779849001136
26.0,2022,4.0,1,4.0,1,8.0,1,0.0,0,21.0,3.0646153846153847,1441973.0,1441167.0,19.0,5,69.0,824.337,"3,41",1.089.512,"91,78",ENGATIVA,LAS FERIAS,103.0,0.0,45.0,58.0,101386.0,48275.0,53111.0,10.159193577022469,10.159193577022469,12.014500258933195,8.472821072847433
102.0,2022,2.0,1,2.0,1,6.0,1,0.0,0,20.0,2.8186666666666667,764715.0,782955.0,131.0,15,94.0,94.944,"3,53",1.059.511,"89,78",LOS MARTIRES,LA SABANA,195.0,0.0,70.0,125.0,39345.0,18509.0,20836.0,49.561570720548985,49.561570720548985,67.53471284240099,33.59569975043194
2.0,2022,0.0,0,0.0,0,0.0,0,0.0,0,3.0,5.058,10545.0,13800.0,3.0,2,95.0,981.613,"3,41",1.388.086,"91,6",SUBA,LA ACADEMIA,4.0,0.0,1.0,3.0,6160.0,2976.0,3184.0,6.4935064935064934,6.4935064935064934,10.080645161290322,3.14070351758794
116.0,2022,2.0,1,1.0,1,2.0,1,0.0,0,17.0,3.155,24638.0,27282.0,3.0,1,17.0,824.337,"3,41",1.089.512,"91,78",ENGATIVA,ALAMOS,28.0,0.0,12.0,16.0,12361.0,5789.0,6572.0,22.65188900574387,22.65188900574387,27.638624978407325,18.25928180158247
81.0,2022,1.0,1,0.0,0,1.0,1,0.0,0,6.0,2.0025,290204.0,283616.0,1.0,1,16.0,979.914,"3,72",999.300,"88,94",KENNEDY,GRAN BRITALIA,42.0,0.0,14.0,28.0,62604.0,30648.0,31956.0,6.708836496070538,6.708836496070538,9.135995823544766,4.381023907873326
52.0,2022,0.0,0,0.0,0,0.0,0,0.0,0,0.0,1.0,614920.0,740280.0,0.0,0,176.0,314.431,"4,07",569.872,"82,91",USME,LA FLORA,4.0,0.0,2.0,2.0,19750.0,9802.0,9948.0,2.0253164556962027,2.0253164556962027,2.0403999183840034,2.010454362685967
33.0,2022,0.0,0,2.0,1,2.0,1,0.0,0,2.0,2.8193333333333332,1647904.0,748256.0,42.0,13,30.0,404.35,"3,73",706.208,"83,68",SAN CRISTOBAL,SOSIEGO,47.0,0.0,12.0,35.0,44213.0,21410.0,22803.0,10.630357587135006,10.630357587135006,16.347501167678654,5.2624654650703855
19.0,2022,4.0,1,8.0,1,12.0,1,0.0,0,25.0,3.51625,692512.0,712104.0,25.0,8,34.0,981.613,"3,41",1.388.086,"91,6",SUBA,EL PRADO,66.0,0.0,28.0,38.0,98532.0,45765.0,52767.0,6.69833150651565,6.69833150651565,8.303288539276739,5.3063467697614035
41.0,2022,1.0,1,0.0,0,2.0,1,0.0,0,8.0,3.0,523602.0,513468.0,24.0,8,22.0,250.715,"3,55",1.116.511,"90,43",PUENTE ARANDA,MUZU,53.0,0.0,28.0,25.0,58950.0,27828.0,31122.0,8.990670059372349,8.990670059372349,8.983757366681042,8.99685110211426
37.0,2022,0.0,0,1.0,1,2.0,1,0.0,0,12.0,3.0,307027.0,315602.0,40.0,7,41.0,94.944,"3,53",1.059.511,"89,78",LOS MARTIRES,SANTA ISABEL,46.0,0.0,19.0,27.0,45156.0,20636.0,24520.0,10.186907609177076,10.186907609177076,13.083930994378756,7.748776508972267
107.0,2022,3.0,1,1.0,1,3.0,1,0.0,0,16.0,3.77,207448.0,216792.0,32.0,8,35.0,139.298,"2,87",1.933.116,"96,03",TEUSAQUILLO,QUINTA PAREDES,45.0,0.0,22.0,23.0,27235.0,12192.0,15043.0,16.52285661832201,16.52285661832201,18.864829396325458,14.624742405105364
73.0,2022,2.0,1,1.0,1,4.0,1,0.0,0,6.0,2.775714285714286,955689.0,1044302.0,4.0,2,40.0,824.337,"3,41",1.089.512,"91,78",ENGATIVA,GARCES NAVAS,68.0,0.0,28.0,40.0,173461.0,81788.0,91673.0,3.9201895526948425,3.9201895526948425,4.890693011199686,3.05433442780317
31.0,2022,3.0,1,1.0,1,3.0,1,0.0,0,19.0,3.318333333333334,409362.0,391260.0,10.0,4,38.0,824.337,"3,41",1.089.512,"91,78",ENGATIVA,SANTA CECILIA,60.0,0.0,19.0,41.0,68583.0,32094.0,36489.0,8.748523686627882,8.748523686627882,12.774973515298809,5.207048699608101
58.0,2022,0.0,0,1.0,1,1.0,1,0.0,0,0.0,1.5654545454545454,857659.0,954745.0,0.0,0,29.0,314.431,"4,07",569.872,"82,91",USME,COMUNEROS,42.0,0.0,21.0,21.0,96803.0,47416.0,49387.0,4.338708511099862,4.338708511099862,4.428884764636409,4.252131127624678
13.0,2022,3.0,1,1.0,1,11.0,1,0.0,0,12.0,4.381666666666667,1717632.0,1842552.0,20.0,5,88.0,430.156,"3,12",1.867.529,"93,6",USAQUEN,LOS CEDROS,90.0,0.0,36.0,54.0,132098.0,58771.0,73327.0,6.813123590061924,6.813123590061924,9.188205067124942,4.909514912651548
63.0,2022,0.0,0,0.0,0,0.0,0,0.0,0,0.0,,1596.0,5864.0,2.0,2,6.0,593.937,"4,09",505.335,"83,5",CIUDAD BOLIVAR,EL MOCHUELO,1.0,0.0,0.0,1.0,18.0,4.0,14.0,555.5555555555555,555.5555555555555,2500.0,0.0
87.0,2022,0.0,0,0.0,0,0.0,0,0.0,0,1.0,1.765,212992.0,339512.0,0.0,0,47.0,546.809,"3,98",703.807,"85,4",BOSA,TINTAL SUR,26.0,0.0,15.0,11.0,126657.0,59614.0,67043.0,2.052788239102458,2.052788239102458,1.845204146676955,2.237370046089823
77.0,2022,1.0,1,0.0,0,0.0,0,0.0,0,5.0,2.045,283878.0,356976.0,0.0,0,13.0,317.179,"3,46",1.428.379,"90,03",FONTIBON,ZONA FRANCA,22.0,0.0,4.0,18.0,65142.0,30430.0,34712.0,3.3772374197906116,3.3772374197906116,5.915215248110417,1.1523392486748099
39.0,2022,1.0,1,3.0,1,7.0,1,0.0,0,6.0,3.0,1410480.0,1306815.0,45.0,15,69.0,378.78,"3,72",591.317,"87,06",RAFAEL URIBE URIBE,QUIROGA,85.0,0.0,34.0,51.0,91927.0,44066.0,47861.0,9.246467305579428,9.246467305579428,11.573548767757455,7.103905058398278
108.0,2022,0.0,0,0.0,0,1.0,1,0.0,0,14.0,2.685714285714286,33520.0,33976.0,48.0,8,66.0,250.715,"3,55",1.116.511,"90,43",PUENTE ARANDA,ZONA INDUSTRIAL,42.0,0.0,17.0,25.0,6710.0,3325.0,3385.0,62.59314456035767,62.59314456035767,75.18796992481202,50.22156573116691
61.0,2022,0.0,0,0.0,0,0.0,0,0.0,0,0.0,1.2366666666666666,79500.0,134960.0,0.0,0,65.0,314.431,"4,07",569.872,"82,91",USME,CIUDAD USME,11.0,0.0,4.0,7.0,29400.0,14233.0,15167.0,3.741496598639456,3.741496598639456,4.91814796599452,2.637304674622536
1.0,2022,0.0,0,0.0,0,0.0,0,0.0,0,3.0,4.0,52488.0,63828.0,3.0,3,83.0,430.156,"3,12",1.867.529,"93,6",USAQUEN,PASEO DE LOS LIBERTADORES,3.0,0.0,1.0,2.0,2505.0,1237.0,1268.0,11.976047904191617,11.976047904191617,16.16814874696847,7.886435331230284
46.0,2022,4.0,1,1.0,1,5.0,1,0.0,0,8.0,2.72,884656.0,1003288.0,18.0,6,40.0,979.914,"3,72",999.300,"88,94",KENNEDY,CASTILLA,87.0,0.0,28.0,59.0,148724.0,70628.0,78096.0,5.849761975202388,5.849761975202388,8.35362745653282,3.5853308748207335
85.0,2022,1.0,1,2.0,1,6.0,1,0.0,0,2.0,1.9988888888888892,2537808.0,2654832.0,17.0,6,39.0,546.809,"3,98",703.807,"85,4",BOSA,BOSA CENTRAL,133.0,0.0,55.0,78.0,233006.0,112514.0,120492.0,5.708007519119679,5.708007519119679,6.932470625877668,4.564618397901935
60.0,2022,0.0,0,0.0,0,0.0,0,0.0,0,1.0,1.11,10544.0,15584.0,0.0,0,0.0,314.431,"4,07",569.872,"82,91",USME,PARQUE ENTRENUBES,4.0,0.0,2.0,2.0,827.0,429.0,398.0,48.367593712212816,48.367593712212816,46.62004662004662,50.25125628140704
60.0,2022,0.0,0,0.0,0,0.0,0,0.0,0,1.0,1.11,10544.0,15584.0,0.0,0,0.0,314.431,"4,07",569.872,"82,91",USME,PARQUE ENTRENUBES,4.0,0.0,2.0,2.0,827.0,429.0,398.0,48.367593712212816,48.367593712212816,46.62004662004662,50.25125628140704
30.0,2022,1.0,1,5.0,1,10.0,1,0.0,0,19.0,3.001818181818182,1427481.0,1341120.0,25.0,7,42.0,824.337,"3,41",1.089.512,"91,78",ENGATIVA,BOYACA REAL,131.0,0.0,52.0,79.0,130301.0,61875.0,68426.0,10.053645021910807,10.053645021910807,12.767676767676766,7.599450501271447
72.0,2022,0.0,0,1.0,1,1.0,1,0.0,0,9.0,3.0,331356.0,345116.0,4.0,2,21.0,824.337,"3,41",1.089.512,"91,78",ENGATIVA,BOLIVIA,48.0,0.0,15.0,33.0,85096.0,38702.0,46394.0,5.6406881639560025,5.6406881639560025,8.526691127073537,3.2331767038841233
57.0,2022,0.0,0,4.0,1,2.0,1,0.0,0,0.0,1.7740000000000002,1391324.0,1519562.0,3.0,3,23.0,314.431,"4,07",569.872,"82,91",USME,GRAN YOMASA,40.0,0.0,15.0,25.0,126622.0,61595.0,65027.0,3.1590087030689773,3.1590087030689773,4.058771004139946,2.3067341258246574
23.0,2022,1.0,1,0.0,0,5.0,1,0.0,0,19.0,3.5728571428571425,209118.0,255647.0,7.0,5,41.0,981.613,"3,41",1.388.086,"91,6",SUBA,CASA BLANCA SUBA,27.0,0.0,12.0,15.0,59840.0,28113.0,31727.0,4.512032085561497,4.512032085561497,5.335609860207021,3.782267469347874
88.0,2022,1.0,1,0.0,0,0.0,0,0.0,0,29.0,5.9375,358776.0,369156.0,3.0,2,60.0,122.507,"2,43",2.288.835,"96,61",CHAPINERO,EL REFUGIO,42.0,0.0,16.0,26.0,38675.0,17397.0,21278.0,10.85972850678733,10.85972850678733,14.94510547795597,7.519503712754958
9.0,2022,1.0,1,3.0,1,5.0,1,0.0,0,2.0,2.7445454545454546,927663.0,1059410.0,9.0,4,60.0,430.156,"3,12",1.867.529,"93,6",USAQUEN,VERBENAL,29.0,0.0,12.0,17.0,128953.0,61115.0,67838.0,2.2488813753848302,2.2488813753848302,2.781641168289291,1.7689200742946432
109.0,2022,0.0,0,0.0,0,1.0,1,0.0,0,12.0,4.123333333333334,44058.0,53832.0,12.0,3,32.0,139.298,"2,87",1.933.116,"96,03",TEUSAQUILLO,CIUDAD SALITRE ORIENTAL,33.0,0.0,13.0,20.0,24661.0,10992.0,13669.0,13.381452495843641,13.381452495843641,18.19505094614265,9.510571365864365
49.0,2022,0.0,0,1.0,1,0.0,0,0.0,0,2.0,2.3333333333333335,124191.0,114375.0,10.0,3,11.0,546.809,"3,98",703.807,"85,4",BOSA,APOGEO,20.0,0.0,8.0,12.0,34697.0,16671.0,18026.0,5.764187105513445,5.764187105513445,7.198128486593485,4.438033950959725
14.0,2022,1.0,1,0.0,0,2.0,1,0.0,0,33.0,4.66,375100.0,457974.0,0.0,0,45.0,430.156,"3,12",1.867.529,"93,6",USAQUEN,USAQUEN,78.0,0.0,35.0,43.0,42132.0,20181.0,21951.0,18.51324409000285,18.51324409000285,21.307170110499975,15.94460389048335
32.0,2022,0.0,0,0.0,0,1.0,1,0.0,0,0.0,1.7457142857142858,1408200.0,1428675.0,0.0,0,47.0,404.35,"3,73",706.208,"83,68",SAN CRISTOBAL,SAN BLAS,32.0,0.0,13.0,19.0,104358.0,50163.0,54195.0,3.0663676958163246,3.0663676958163246,3.787652253653091,2.3987452717040316
92.0,2022,0.0,0,0.0,0,0.0,0,0.0,0,11.0,2.5425,132324.0,86100.0,26.0,6,25.0,96.241,"3,18",896.890,"88,28",SANTA FE,LA MACARENA,28.0,0.0,10.0,18.0,12502.0,6119.0,6383.0,22.396416573348265,22.396416573348265,29.41657133518549,15.666614444618519
11.0,2022,1.0,1,2.0,1,5.0,1,0.0,0,6.0,2.3000000000000003,373404.0,436080.0,0.0,0,21.0,430.156,"3,12",1.867.529,"93,6",USAQUEN,SAN CRISTOBAL NORTE,20.0,0.0,6.0,14.0,69776.0,33099.0,36677.0,2.8663150653519835,2.8663150653519835,4.229735037312305,1.6359026092646616
36.0,2022,1.0,1,0.0,0,2.0,1,0.0,0,4.0,2.97,350595.0,343350.0,26.0,7,19.0,378.78,"3,72",591.317,"87,06",RAFAEL URIBE URIBE,SAN JOSE,32.0,0.0,13.0,19.0,48007.0,22599.0,25408.0,6.665694586206178,6.665694586206178,8.407451657152972,5.116498740554156
53.0,2022,0.0,0,1.0,1,2.0,1,0.0,0,3.0,2.442857142857143,479920.0,461139.0,21.0,6,14.0,378.78,"3,72",591.317,"87,06",RAFAEL URIBE URIBE,MARCO FIDEL SUAREZ,28.0,0.0,8.0,20.0,44925.0,21430.0,23495.0,6.232609905397886,6.232609905397886,9.332711152589827,3.4049797829325392
50.0,2022,0.0,0,1.0,1,1.0,1,0.0,0,1.0,1.9327272727272728,215222.0,1432186.0,1.0,1,21.0,404.35,"3,73",706.208,"83,68",SAN CRISTOBAL,LA GLORIA,23.0,0.0,10.0,13.0,95294.0,46140.0,49154.0,2.413583226645959,2.413583226645959,2.8175119202427394,2.0344224274728404
110.0,2022,3.0,1,1.0,1,0.0,0,0.0,0,19.0,4.074999999999999,71780.0,82212.0,7.0,2,29.0,317.179,"3,46",1.428.379,"90,03",FONTIBON,CIUDAD SALITRE OCCIDENTAL,49.0,0.0,18.0,31.0,45341.0,21403.0,23938.0,10.806995875697492,10.806995875697492,14.483950848011961,7.519425181719441
10.0,2022,0.0,0,1.0,1,1.0,1,0.0,0,8.0,2.87125,122265.0,153495.0,5.0,2,29.0,430.156,"3,12",1.867.529,"93,6",USAQUEN,LA URIBE,26.0,0.0,11.0,15.0,37712.0,17271.0,20441.0,6.8943572337717445,6.8943572337717445,8.685079034219212,5.381341421652562
42.0,2022,1.0,1,2.0,1,1.0,1,0.0,0,4.0,2.4250000000000003,2179040.0,2310720.0,35.0,13,66.0,182.532,"3,63",829.895,"87,19",TUNJUELITO,VENECIA,89.0,0.0,36.0,53.0,138472.0,67123.0,71349.0,6.4272921601479,6.4272921601479,7.895952207142113,5.045620821595256
103.0,2022,0.0,0,0.0,0,0.0,0,0.0,0,20.0,3.0,10953.0,12423.0,5.0,2,15.0,230.066,"3,36",1.462.840,"92,44",BARRIOS UNIDOS,PARQUE SALITRE,9.0,0.0,2.0,7.0,1233.0,647.0,586.0,72.99270072992701,72.99270072992701,108.19165378670787,34.129692832764505
21.0,2022,4.0,1,1.0,1,7.0,1,0.0,0,44.0,3.762,225860.0,233125.0,52.0,5,22.0,230.066,"3,36",1.462.840,"92,44",BARRIOS UNIDOS,LOS ANDES,39.0,0.0,19.0,20.0,29298.0,13002.0,16296.0,13.31148883882859,13.31148883882859,15.382248884786955,11.659302896416298
55.0,2022,0.0,0,0.0,0,0.0,0,0.0,0,0.0,1.5539999999999998,379860.0,395955.0,0.0,0,7.0,378.78,"3,72",591.317,"87,06",RAFAEL URIBE URIBE,DIANA TURBAY,10.0,0.0,2.0,8.0,74795.0,35881.0,38914.0,1.3369877665619359,1.3369877665619359,2.229592263314846,0.5139538469445444
113.0,2022,0.0,0,1.0,1,3.0,1,0.0,0,10.0,3.2925,104270.0,104965.0,8.0,3,26.0,979.914,"3,72",999.300,"88,94",KENNEDY,BAVARIA,22.0,0.0,6.0,16.0,43863.0,20414.0,23449.0,5.015616806875955,5.015616806875955,7.837758401097286,2.55874450936074
60.0,2022,0.0,0,0.0,0,0.0,0,0.0,0,1.0,1.11,10544.0,15584.0,0.0,0,0.0,314.431,"4,07",569.872,"82,91",USME,PARQUE ENTRENUBES,4.0,0.0,2.0,2.0,827.0,429.0,398.0,48.367593712212816,48.367593712212816,46.62004662004662,50.25125628140704
60.0,2022,0.0,0,0.0,0,0.0,0,0.0,0,1.0,1.11,10544.0,15584.0,0.0,0,0.0,314.431,"4,07",569.872,"82,91",USME,PARQUE ENTRENUBES,4.0,0.0,2.0,2.0,827.0,429.0,398.0,48.367593712212816,48.367593712212816,46.62004662004662,50.25125628140704
90.0,2022,1.0,1,1.0,1,4.0,1,0.0,0,40.0,3.05,275954.0,520674.0,22.0,10,60.0,122.507,"2,43",2.288.835,"96,61",CHAPINERO,PARDO RUBIO,60.0,0.0,30.0,30.0,49804.0,24291.0,25513.0,12.047225122480121,12.047225122480121,12.350253180190194,11.75871124524752
67.0,2022,0.0,0,1.0,1,3.0,1,0.0,0,1.0,1.256470588235294,2609568.0,2765373.0,2.0,1,30.0,593.937,"4,09",505.335,"83,5",CIUDAD BOLIVAR,LUCERO,85.0,0.0,36.0,49.0,162416.0,80734.0,81682.0,5.233474534528618,5.233474534528618,6.069314043649515,4.407335765529737
83.0,2022,0.0,0,0.0,0,0.0,0,0.0,0,1.0,2.0,24432.0,29572.0,1.0,1,11.0,979.914,"3,72",999.300,"88,94",KENNEDY,LAS MARGARITAS,17.0,0.0,3.0,14.0,34964.0,16691.0,18273.0,4.862143919460016,4.862143919460016,8.387753879336168,1.6417665407978985
101.0,2022,4.0,1,0.0,0,3.0,1,0.0,0,28.0,3.8711111111111105,267970.0,273160.0,65.0,10,59.0,139.298,"2,87",1.933.116,"96,03",TEUSAQUILLO,TEUSAQUILLO,114.0,0.0,49.0,65.0,27236.0,12809.0,14427.0,41.85636657365252,41.85636657365252,50.74556952143024,33.96409509946628
54.0,2022,0.0,0,0.0,0,0.0,0,0.0,0,3.0,1.83,984621.0,1061115.0,21.0,8,28.0,378.78,"3,72",591.317,"87,06",RAFAEL URIBE URIBE,MARRUECOS,30.0,0.0,15.0,15.0,121855.0,64130.0,57725.0,2.46194247261089,2.46194247261089,2.338998908467176,2.5985275010827196
78.0,2022,0.0,0,1.0,1,0.0,0,0.0,0,10.0,1.956,79812.0,176088.0,0.0,0,25.0,979.914,"3,72",999.300,"88,94",KENNEDY,TINTAL NORTE,8.0,0.0,1.0,7.0,32927.0,15400.0,17527.0,2.4296170316153916,2.4296170316153916,4.545454545454546,0.5705482969133338
100.0,2022,6.0,1,2.0,1,2.0,1,0.0,0,22.0,3.59625,300195.0,309096.0,38.0,9,56.0,139.298,"2,87",1.933.116,"96,03",TEUSAQUILLO,GALERIAS,97.0,0.0,29.0,68.0,36472.0,16947.0,19525.0,26.595744680851062,26.595744680851062,40.12509588717767,14.852752880921896
34.0,2022,0.0,0,3.0,1,2.0,1,0.0,0,2.0,2.346363636363636,864012.0,1108236.0,26.0,12,30.0,404.35,"3,73",706.208,"83,68",SAN CRISTOBAL,20 DE JULIO,30.0,0.0,16.0,14.0,79483.0,38431.0,41052.0,3.7743920083539875,3.7743920083539875,3.6428924566105487,3.89749585891065
106.0,2022,2.0,1,0.0,0,4.0,1,0.0,0,10.0,4.164,167560.0,168920.0,17.0,5,30.0,139.298,"2,87",1.933.116,"96,03",TEUSAQUILLO,LA ESMERALDA,33.0,0.0,12.0,21.0,38932.0,17394.0,21538.0,8.476317682112402,8.476317682112402,12.073128665056915,5.571547961742038
91.0,2022,2.0,1,2.0,1,2.0,1,0.0,0,20.0,3.3285714285714287,96894.0,41153.0,42.0,7,37.0,96.241,"3,18",896.890,"88,28",SANTA FE,SAGRADO CORAZON,58.0,0.0,20.0,38.0,11907.0,5937.0,5970.0,48.71084236163601,48.71084236163601,64.00538992757285,33.50083752093802
95.0,2022,0.0,0,0.0,0,1.0,1,0.0,0,14.0,2.0,260205.0,69723.0,19.0,3,15.0,96.241,"3,18",896.890,"88,28",SANTA FE,LAS CRUCES,27.0,0.0,8.0,19.0,21556.0,10859.0,10697.0,12.525514937836332,12.525514937836332,17.497007090892346,7.47873235486585
40.0,2022,2.0,1,0.0,0,3.0,1,0.0,0,7.0,3.0,1219392.0,1267944.0,21.0,8,62.0,250.715,"3,55",1.116.511,"90,43",PUENTE ARANDA,CIUDAD MONTES,71.0,0.0,36.0,35.0,101488.0,47624.0,53864.0,6.995900993220874,6.995900993220874,7.3492356794893325,6.683499183127878
117.0,2022,0.0,0,0.0,0,0.0,0,0.0,0,12.0,3.0,824.0,1670.0,1.0,1,17.0,317.179,"3,46",1.428.379,"90,03",FONTIBON,AEROPUERTO EL DORADO,13.0,0.0,4.0,9.0,876.0,596.0,280.0,148.40182648401824,148.40182648401824,151.006711409396,142.85714285714286
64.0,2022,0.0,0,0.0,0,0.0,0,0.0,0,0.0,1.0,5590.0,25895.0,0.0,0,7.0,593.937,"4,09",505.335,"83,5",CIUDAD BOLIVAR,MONTE BLANCO,5.0,0.0,4.0,1.0,6485.0,3297.0,3188.0,7.710100231303007,7.710100231303007,3.0330603579011224,12.547051442910915
48.0,2022,0.0,0,1.0,1,0.0,0,0.0,0,8.0,2.7455555555555557,1310472.0,1325682.0,5.0,3,18.0,979.914,"3,72",999.300,"88,94",KENNEDY,TIMIZA,43.0,0.0,17.0,26.0,143478.0,68942.0,74536.0,2.996975146015417,2.996975146015417,3.771286008528908,2.280777074165504
98.0,2022,3.0,1,3.0,1,8.0,1,0.0,0,42.0,3.0542105263157895,1522242.0,1559634.0,99.0,19,81.0,230.066,"3,36",1.462.840,"92,44",BARRIOS UNIDOS,LOS ALCAZARES,97.0,0.0,43.0,54.0,39961.0,19462.0,20499.0,24.273666825154525,24.273666825154525,27.746377556263486,20.97663300648812
28.0,2022,3.0,1,13.0,1,17.0,1,0.0,0,18.0,2.287857142857143,3797108.0,4228084.0,17.0,6,49.0,981.613,"3,41",1.388.086,"91,6",SUBA,EL RINCON,160.0,0.0,70.0,90.0,270028.0,129623.0,140405.0,5.925311449183048,5.925311449183048,6.943212238568773,4.985577436700972
17.0,2022,2.0,1,0.0,0,4.0,1,0.0,0,10.0,4.285,226840.0,238870.0,6.0,2,32.0,981.613,"3,41",1.388.086,"91,6",SUBA,SAN JOSE DE BAVARIA,43.0,0.0,19.0,24.0,47421.0,22285.0,25136.0,9.06771261677316,9.06771261677316,10.769575947947049,7.558879694462125
24.0,2022,5.0,1,2.0,1,20.0,1,0.0,0,19.0,4.819999999999999,859833.0,845949.0,36.0,12,69.0,981.613,"3,41",1.388.086,"91,6",SUBA,NIZA,55.0,0.0,25.0,30.0,78824.0,36626.0,42198.0,6.977570283162489,6.977570283162489,8.19090263747065,5.924451395800749
44.0,2022,2.0,1,2.0,1,2.0,1,0.0,0,15.0,3.22875,673424.0,676672.0,20.0,7,33.0,979.914,"3,72",999.300,"88,94",KENNEDY,AMERICAS,78.0,0.0,27.0,51.0,80229.0,37902.0,42327.0,9.722170287551883,9.722170287551883,13.455754313756529,6.378907080586859
62.0,2022,0.0,0,2.0,1,2.0,1,0.0,0,2.0,2.024,338366.0,403893.0,26.0,7,26.0,182.532,"3,63",829.895,"87,19",TUNJUELITO,TUNJUELITO,19.0,0.0,7.0,12.0,40185.0,19948.0,20237.0,4.7281323877068555,4.7281323877068555,6.0156406657309,3.4590107229332414
69.0,2022,1.0,1,1.0,1,2.0,1,0.0,0,1.0,1.3691666666666666,1779216.0,1964304.0,13.0,6,22.0,593.937,"4,09",505.335,"83,5",CIUDAD BOLIVAR,ISMAEL PERDOMO,33.0,0.0,14.0,19.0,166588.0,81544.0,85044.0,1.9809350013206233,1.9809350013206233,2.330030413028549,1.6462066694887352
93.0,2022,5.0,1,5.0,1,5.0,1,0.0,0,12.0,2.932857142857143,332178.0,96411.0,80.0,7,52.0,96.241,"3,18",896.890,"88,28",SANTA FE,LAS NIEVES,175.0,0.0,67.0,108.0,18006.0,9271.0,8735.0,97.18982561368432,97.18982561368432,116.49228777909612,76.7029192902118
18.0,2022,1.0,1,1.0,1,6.0,1,0.0,0,13.0,3.272,300834.0,346380.0,10.0,3,25.0,981.613,"3,41",1.388.086,"91,6",SUBA,BRITALIA,45.0,0.0,22.0,23.0,92162.0,43207.0,48955.0,4.882706538486578,4.882706538486578,5.3232115166523934,4.493922990501481
15.0,2023,2.0,1,0.0,0,1.0,1,0.0,0,21.0,5.395,175550.0,49356.0,6.0,2,21.0,430.156,"3,12",1.867.529,"93,6",USAQUEN,COUNTRY CLUB,0.0,0.0,0.0,0.0,0.0,0.0,0.0,0.0,0.0,0.0,0.0
86.0,2023,0.0,0,0.0,0,0.0,0,0.0,0,0.0,1.568,321440.0,368145.0,0.0,0,33.0,546.809,"3,98",703.807,"85,4",BOSA,EL PORVENIR,0.0,0.0,0.0,0.0,0.0,0.0,0.0,0.0,0.0,0.0,0.0
71.0,2023,0.0,0,2.0,1,6.0,1,0.0,0,14.0,2.105,2325960.0,2670912.0,0.0,0,22.0,981.613,"3,41",1.388.086,"91,6",SUBA,TIBABUYES,1.0,0.0,0.0,1.0,315601.0,153094.0,162507.0,0.031685577675609394,0.031685577675609394,0.0653193462839824,0.0
29.0,2023,4.0,1,2.0,1,3.0,1,0.0,0,20.0,2.713333333333334,1291554.0,1329381.0,30.0,9,32.0,824.337,"3,41",1.089.512,"91,78",ENGATIVA,MINUTO DE DIOS,1.0,0.0,0.0,1.0,105098.0,49265.0,55833.0,0.0951492892348094,0.0951492892348094,0.20298386278290875,0.0
80.0,2023,0.0,0,2.0,1,1.0,1,0.0,0,12.0,2.0025,247816.0,277108.0,11.0,4,19.0,979.914,"3,72",999.300,"88,94",KENNEDY,CORABASTOS,0.0,0.0,0.0,0.0,0.0,0.0,0.0,0.0,0.0,0.0,0.0
99.0,2023,9.0,1,3.0,1,2.0,1,0.0,0,43.0,3.692,79566.0,121692.0,22.0,6,62.0,122.507,"2,43",2.288.835,"96,61",CHAPINERO,CHAPINERO,1.0,0.0,1.0,0.0,24313.0,12044.0,12269.0,0.4113025953193765,0.4113025953193765,0.0,0.8150623522699487
3.0,2023,0.0,0,0.0,0,0.0,0,0.0,0,0.0,6.0,0.0,1169.0,0.0,0,26.0,981.613,"3,41",1.388.086,"91,6",SUBA,GUAYMARAL,0.0,0.0,0.0,0.0,0.0,0.0,0.0,0.0,0.0,0.0,0.0
97.0,2023,21.0,1,3.0,1,8.0,1,0.0,0,33.0,5.211875,94384.0,420656.0,63.0,15,98.0,122.507,"2,43",2.288.835,"96,61",CHAPINERO,CHICO LAGO,2.0,0.0,1.0,1.0,35832.0,16761.0,19071.0,0.5581603036392052,0.5581603036392052,0.5966231131794045,0.5243563525772115
94.0,2023,4.0,1,0.0,0,3.0,1,0.0,0,12.0,2.40875,203598.0,216855.0,43.0,8,36.0,22.115,"2,83",1.050.888,"88,9",CANDELARIA,LA CANDELARIA,0.0,0.0,0.0,0.0,0.0,0.0,0.0,0.0,0.0,0.0,0.0
76.0,2023,0.0,0,0.0,0,3.0,1,0.0,0,7.0,2.186666666666667,120020.0,128536.0,0.0,0,21.0,317.179,"3,46",1.428.379,"90,03",FONTIBON,FONTIBON SAN PABLO,0.0,0.0,0.0,0.0,0.0,0.0,0.0,0.0,0.0,0.0,0.0
114.0,2023,4.0,1,0.0,0,2.0,1,0.0,0,23.0,3.8,191930.0,197050.0,9.0,4,24.0,317.179,"3,46",1.428.379,"90,03",FONTIBON,MODELIA,1.0,0.0,0.0,1.0,43185.0,19895.0,23290.0,0.2315618849137432,0.2315618849137432,0.5026388539834129,0.0
89.0,2023,0.0,0,0.0,0,0.0,0,0.0,0,0.0,2.0666666666666664,28245.0,48603.0,0.0,0,3.0,122.507,"2,43",2.288.835,"96,61",CHAPINERO,SAN ISIDRO - PATIOS,0.0,0.0,0.0,0.0,0.0,0.0,0.0,0.0,0.0,0.0,0.0
38.0,2023,7.0,1,5.0,1,5.0,1,0.0,0,14.0,3.008,1246305.0,1155330.0,52.0,15,75.0,119.565,"3,92",1.095.184,"90,79",ANTONIO NARIÑO,RESTREPO,2.0,0.0,1.0,1.0,54363.0,25653.0,28710.0,0.36789728307856445,0.36789728307856445,0.389817955015008,0.3483106931382794
52.0,2023,0.0,0,0.0,0,0.0,0,0.0,0,0.0,1.0,614920.0,740280.0,0.0,0,176.0,314.431,"4,07",569.872,"82,91",USME,LA FLORA,0.0,0.0,0.0,0.0,0.0,0.0,0.0,0.0,0.0,0.0,0.0
96.0,2023,0.0,0,0.0,0,1.0,1,0.0,0,5.0,1.7264285714285716,628474.0,648214.0,4.0,2,16.0,96.241,"3,18",896.890,"88,28",SANTA FE,LOURDES,0.0,0.0,0.0,0.0,0.0,0.0,0.0,0.0,0.0,0.0,0.0
84.0,2023,0.0,0,6.0,1,4.0,1,0.0,0,3.0,1.98,990222.0,1073760.0,1.0,1,30.0,546.809,"3,98",703.807,"85,4",BOSA,BOSA OCCIDENTAL,0.0,0.0,0.0,0.0,0.0,0.0,0.0,0.0,0.0,0.0,0.0
111.0,2023,5.0,1,0.0,0,1.0,1,0.0,0,17.0,2.9375,64585.0,73290.0,16.0,5,63.0,250.715,"3,55",1.116.511,"90,43",PUENTE ARANDA,PUENTE ARANDA,2.0,0.0,0.0,2.0,13076.0,10743.0,2333.0,1.5295197308045274,1.5295197308045274,1.8616773713115518,0.0
112.0,2023,1.0,1,2.0,1,4.0,1,0.0,0,29.0,3.1133333333333333,126427.0,160027.0,0.0,0,71.0,317.179,"3,46",1.428.379,"90,03",FONTIBON,GRANJAS DE TECHO,2.0,0.0,0.0,2.0,55562.0,25714.0,29848.0,0.3599582448435982,0.3599582448435982,0.7777864198491093,0.0
75.0,2023,6.0,1,4.0,1,11.0,1,0.0,0,10.0,2.913,1316550.0,1374890.0,0.0,0,58.0,317.179,"3,46",1.428.379,"90,03",FONTIBON,FONTIBON,0.0,0.0,0.0,0.0,0.0,0.0,0.0,0.0,0.0,0.0,0.0
12.0,2023,4.0,1,3.0,1,7.0,1,0.0,0,13.0,3.378,256245.0,260090.0,9.0,3,42.0,430.156,"3,12",1.867.529,"93,6",USAQUEN,TOBERIN,0.0,0.0,0.0,0.0,0.0,0.0,0.0,0.0,0.0,0.0,0.0
16.0,2023,10.0,1,8.0,1,12.0,1,0.0,0,36.0,5.738888888888889,464238.0,463266.0,18.0,6,60.0,430.156,"3,12",1.867.529,"93,6",USAQUEN,SANTA BARBARA,0.0,0.0,0.0,0.0,0.0,0.0,0.0,0.0,0.0,0.0,0.0
82.0,2023,0.0,0,3.0,1,3.0,1,0.0,0,6.0,1.9566666666666668,963012.0,1044870.0,9.0,4,29.0,979.914,"3,72",999.300,"88,94",KENNEDY,PATIO BONITO,1.0,0.0,1.0,0.0,136941.0,68050.0,68891.0,0.07302414908610277,0.07302414908610277,0.0,0.14515684196774614
35.0,2023,1.0,1,0.0,0,2.0,1,0.0,0,11.0,2.666,168705.0,154565.0,35.0,5,22.0,119.565,"3,92",1.095.184,"90,79",ANTONIO NARIÑO,CIUDAD JARDIN,0.0,0.0,0.0,0.0,0.0,0.0,0.0,0.0,0.0,0.0,0.0
68.0,2023,0.0,0,0.0,0,1.0,1,0.0,0,0.0,1.055,351536.0,380992.0,0.0,0,13.0,593.937,"4,09",505.335,"83,5",CIUDAD BOLIVAR,EL TESORO,0.0,0.0,0.0,0.0,0.0,0.0,0.0,0.0,0.0,0.0,0.0
27.0,2023,7.0,1,6.0,1,9.0,1,0.0,0,11.0,2.840909090909091,1497236.0,1751217.0,16.0,6,48.0,981.613,"3,41",1.388.086,"91,6",SUBA,SUBA,0.0,0.0,0.0,0.0,0.0,0.0,0.0,0.0,0.0,0.0,0.0
22.0,2023,3.0,1,1.0,1,5.0,1,0.0,0,21.0,3.292222222222222,847206.0,887247.0,37.0,8,38.0,230.066,"3,36",1.462.840,"92,44",BARRIOS UNIDOS,DOCE DE OCTUBRE,0.0,0.0,0.0,0.0,0.0,0.0,0.0,0.0,0.0,0.0,0.0
105.0,2023,1.0,1,0.0,0,0.0,0,0.0,0,16.0,2.67,1601.0,2464.0,4.0,1,11.0,824.337,"3,41",1.089.512,"91,78",ENGATIVA,JARDIN BOTANICO,0.0,0.0,0.0,0.0,0.0,0.0,0.0,0.0,0.0,0.0,0.0
104.0,2023,1.0,1,0.0,0,0.0,0,0.0,0,31.0,4.0,19494.0,20424.0,21.0,5,34.0,139.298,"2,87",1.933.116,"96,03",TEUSAQUILLO,PARQUE SIMON BOLIVAR - CAN,0.0,0.0,0.0,0.0,0.0,0.0,0.0,0.0,0.0,0.0,0.0
74.0,2023,0.0,0,0.0,0,5.0,1,0.0,0,7.0,2.0016666666666665,712512.0,784968.0,0.0,0,15.0,824.337,"3,41",1.089.512,"91,78",ENGATIVA,ENGATIVA,1.0,0.0,0.0,1.0,147256.0,71073.0,76183.0,0.0679089476829467,0.0679089476829467,0.14070040662417513,0.0
47.0,2023,6.0,1,0.0,0,2.0,1,0.0,0,13.0,3.0,865592.0,770256.0,9.0,4,28.0,979.914,"3,72",999.300,"88,94",KENNEDY,KENNEDY CENTRAL,0.0,0.0,0.0,0.0,0.0,0.0,0.0,0.0,0.0,0.0,0.0
70.0,2023,0.0,0,0.0,0,0.0,0,0.0,0,1.0,1.1733333333333331,789975.0,888237.0,0.0,0,23.0,593.937,"4,09",505.335,"83,5",CIUDAD BOLIVAR,JERUSALEM,0.0,0.0,0.0,0.0,0.0,0.0,0.0,0.0,0.0,0.0,0.0
66.0,2023,0.0,0,0.0,0,0.0,0,0.0,0,2.0,1.8425,597168.0,609704.0,4.0,3,26.0,593.937,"4,09",505.335,"83,5",CIUDAD BOLIVAR,SAN FRANCISCO,0.0,0.0,0.0,0.0,0.0,0.0,0.0,0.0,0.0,0.0,0.0
65.0,2023,0.0,0,1.0,1,1.0,1,0.0,0,8.0,2.463333333333334,349194.0,364512.0,9.0,3,21.0,593.937,"4,09",505.335,"83,5",CIUDAD BOLIVAR,ARBORIZADORA,1.0,0.0,0.0,1.0,88566.0,42370.0,46196.0,0.11291014610572907,0.11291014610572907,0.2360160490913382,0.0
79.0,2023,1.0,1,0.0,0,0.0,0,0.0,0,4.0,2.1333333333333333,167274.0,204984.0,3.0,2,22.0,979.914,"3,72",999.300,"88,94",KENNEDY,CALANDAIMA,0.0,0.0,0.0,0.0,0.0,0.0,0.0,0.0,0.0,0.0,0.0
59.0,2023,0.0,0,0.0,0,0.0,0,0.0,0,0.0,1.0,163808.0,216380.0,0.0,0,6.0,314.431,"4,07",569.872,"82,91",USME,ALFONSO LOPEZ,0.0,0.0,0.0,0.0,0.0,0.0,0.0,0.0,0.0,0.0,0.0
45.0,2023,2.0,1,3.0,1,4.0,1,0.0,0,23.0,2.7914285714285714,737583.0,674359.0,9.0,4,35.0,979.914,"3,72",999.300,"88,94",KENNEDY,CARVAJAL,0.0,0.0,0.0,0.0,0.0,0.0,0.0,0.0,0.0,0.0,0.0
20.0,2023,2.0,1,1.0,1,9.0,1,0.0,0,54.0,4.996666666666667,231126.0,219822.0,33.0,6,26.0,981.613,"3,41",1.388.086,"91,6",SUBA,LA ALHAMBRA,0.0,0.0,0.0,0.0,0.0,0.0,0.0,0.0,0.0,0.0,0.0
51.0,2023,0.0,0,0.0,0,1.0,1,0.0,0,0.0,1.68875,263745.0,660861.0,0.0,0,15.0,404.35,"3,73",706.208,"83,68",SAN CRISTOBAL,LOS LIBERTADORES,0.0,0.0,0.0,0.0,0.0,0.0,0.0,0.0,0.0,0.0,0.0
115.0,2023,4.0,1,2.0,1,0.0,0,0.0,0,23.0,3.314,77135.0,83285.0,6.0,3,26.0,317.179,"3,46",1.428.379,"90,03",FONTIBON,CAPELLANIA,0.0,0.0,0.0,0.0,0.0,0.0,0.0,0.0,0.0,0.0,0.0
43.0,2023,1.0,1,2.0,1,5.0,1,0.0,0,21.0,3.0,844074.0,844239.0,17.0,8,31.0,250.715,"3,55",1.116.511,"90,43",PUENTE ARANDA,SAN RAFAEL,0.0,0.0,0.0,0.0,0.0,0.0,0.0,0.0,0.0,0.0,0.0
25.0,2023,6.0,1,2.0,1,5.0,1,0.0,0,30.0,4.04,127070.0,126620.0,24.0,5,25.0,981.613,"3,41",1.388.086,"91,6",SUBA,LA FLORESTA,0.0,0.0,0.0,0.0,0.0,0.0,0.0,0.0,0.0,0.0,0.0
56.0,2023,0.0,0,0.0,0,1.0,1,0.0,0,0.0,1.508,205135.0,253351.0,6.0,6,8.0,314.431,"4,07",569.872,"82,91",USME,DANUBIO,0.0,0.0,0.0,0.0,0.0,0.0,0.0,0.0,0.0,0.0,0.0
26.0,2023,6.0,1,4.0,1,8.0,1,0.0,0,27.0,3.0646153846153847,1441973.0,1441167.0,19.0,5,69.0,824.337,"3,41",1.089.512,"91,78",ENGATIVA,LAS FERIAS,0.0,0.0,0.0,0.0,0.0,0.0,0.0,0.0,0.0,0.0,0.0
102.0,2023,3.0,1,2.0,1,6.0,1,0.0,0,31.0,2.8186666666666667,764715.0,782955.0,131.0,15,94.0,94.944,"3,53",1.059.511,"89,78",LOS MARTIRES,LA SABANA,2.0,0.0,0.0,2.0,39019.0,18312.0,20707.0,0.51257079884159,0.51257079884159,1.09217999126256,0.0
2.0,2023,0.0,0,0.0,0,0.0,0,0.0,0,3.0,5.058,10545.0,13800.0,3.0,2,95.0,981.613,"3,41",1.388.086,"91,6",SUBA,LA ACADEMIA,0.0,0.0,0.0,0.0,0.0,0.0,0.0,0.0,0.0,0.0,0.0
116.0,2023,4.0,1,1.0,1,2.0,1,0.0,0,21.0,3.155,24638.0,27282.0,3.0,1,17.0,824.337,"3,41",1.089.512,"91,78",ENGATIVA,ALAMOS,0.0,0.0,0.0,0.0,0.0,0.0,0.0,0.0,0.0,0.0,0.0
81.0,2023,1.0,1,0.0,0,1.0,1,0.0,0,10.0,2.0025,290204.0,283616.0,1.0,1,16.0,979.914,"3,72",999.300,"88,94",KENNEDY,GRAN BRITALIA,0.0,0.0,0.0,0.0,0.0,0.0,0.0,0.0,0.0,0.0,0.0
52.0,2023,0.0,0,0.0,0,0.0,0,0.0,0,0.0,1.0,614920.0,740280.0,0.0,0,176.0,314.431,"4,07",569.872,"82,91",USME,LA FLORA,0.0,0.0,0.0,0.0,0.0,0.0,0.0,0.0,0.0,0.0,0.0
33.0,2023,0.0,0,2.0,1,2.0,1,0.0,0,2.0,2.8193333333333332,1647904.0,748256.0,42.0,13,30.0,404.35,"3,73",706.208,"83,68",SAN CRISTOBAL,SOSIEGO,0.0,0.0,0.0,0.0,0.0,0.0,0.0,0.0,0.0,0.0,0.0
19.0,2023,5.0,1,8.0,1,12.0,1,0.0,0,28.0,3.51625,692512.0,712104.0,25.0,8,34.0,981.613,"3,41",1.388.086,"91,6",SUBA,EL PRADO,0.0,0.0,0.0,0.0,0.0,0.0,0.0,0.0,0.0,0.0,0.0
41.0,2023,2.0,1,0.0,0,2.0,1,0.0,0,23.0,3.0,523602.0,513468.0,24.0,8,22.0,250.715,"3,55",1.116.511,"90,43",PUENTE ARANDA,MUZU,1.0,0.0,0.0,1.0,58903.0,27746.0,31157.0,0.16977063986554164,0.16977063986554164,0.36041231168456717,0.0
37.0,2023,1.0,1,1.0,1,2.0,1,0.0,0,26.0,3.0,307027.0,315602.0,40.0,7,41.0,94.944,"3,53",1.059.511,"89,78",LOS MARTIRES,SANTA ISABEL,0.0,0.0,0.0,0.0,0.0,0.0,0.0,0.0,0.0,0.0,0.0
107.0,2023,4.0,1,1.0,1,3.0,1,0.0,0,26.0,3.77,207448.0,216792.0,32.0,8,35.0,139.298,"2,87",1.933.116,"96,03",TEUSAQUILLO,QUINTA PAREDES,0.0,0.0,0.0,0.0,0.0,0.0,0.0,0.0,0.0,0.0,0.0
73.0,2023,3.0,1,1.0,1,6.0,1,0.0,0,10.0,2.775714285714286,955689.0,1044302.0,4.0,2,40.0,824.337,"3,41",1.089.512,"91,78",ENGATIVA,GARCES NAVAS,0.0,0.0,0.0,0.0,0.0,0.0,0.0,0.0,0.0,0.0,0.0
31.0,2023,5.0,1,1.0,1,3.0,1,0.0,0,24.0,3.318333333333334,409362.0,391260.0,10.0,4,38.0,824.337,"3,41",1.089.512,"91,78",ENGATIVA,SANTA CECILIA,2.0,0.0,2.0,0.0,68688.0,32143.0,36545.0,0.2911716748194736,0.2911716748194736,0.0,0.547270488438911
58.0,2023,0.0,0,2.0,1,1.0,1,0.0,0,0.0,1.5654545454545454,857659.0,954745.0,0.0,0,29.0,314.431,"4,07",569.872,"82,91",USME,COMUNEROS,0.0,0.0,0.0,0.0,0.0,0.0,0.0,0.0,0.0,0.0,0.0
13.0,2023,3.0,1,1.0,1,12.0,1,0.0,0,14.0,4.381666666666667,1717632.0,1842552.0,20.0,5,88.0,430.156,"3,12",1.867.529,"93,6",USAQUEN,LOS CEDROS,1.0,0.0,0.0,1.0,132653.0,59075.0,73578.0,0.07538465017753085,0.07538465017753085,0.16927634363097757,0.0
63.0,2023,0.0,0,0.0,0,0.0,0,0.0,0,0.0,,1596.0,5864.0,2.0,2,6.0,593.937,"4,09",505.335,"83,5",CIUDAD BOLIVAR,EL MOCHUELO,0.0,0.0,0.0,0.0,0.0,0.0,0.0,0.0,0.0,0.0,0.0
87.0,2023,0.0,0,0.0,0,1.0,1,0.0,0,2.0,1.765,212992.0,339512.0,0.0,0,47.0,546.809,"3,98",703.807,"85,4",BOSA,TINTAL SUR,0.0,0.0,0.0,0.0,0.0,0.0,0.0,0.0,0.0,0.0,0.0
77.0,2023,1.0,1,0.0,0,0.0,0,0.0,0,7.0,2.045,283878.0,356976.0,0.0,0,13.0,317.179,"3,46",1.428.379,"90,03",FONTIBON,ZONA FRANCA,0.0,0.0,0.0,0.0,0.0,0.0,0.0,0.0,0.0,0.0,0.0
39.0,2023,2.0,1,3.0,1,7.0,1,0.0,0,13.0,3.0,1410480.0,1306815.0,45.0,15,69.0,378.78,"3,72",591.317,"87,06",RAFAEL URIBE URIBE,QUIROGA,0.0,0.0,0.0,0.0,0.0,0.0,0.0,0.0,0.0,0.0,0.0
108.0,2023,2.0,1,0.0,0,1.0,1,0.0,0,24.0,2.685714285714286,33520.0,33976.0,48.0,8,66.0,250.715,"3,55",1.116.511,"90,43",PUENTE ARANDA,ZONA INDUSTRIAL,1.0,0.0,0.0,1.0,6832.0,3373.0,3459.0,1.4637002341920375,1.4637002341920375,2.964719833975689,0.0
61.0,2023,0.0,0,0.0,0,0.0,0,0.0,0,0.0,1.2366666666666666,79500.0,134960.0,0.0,0,65.0,314.431,"4,07",569.872,"82,91",USME,CIUDAD USME,0.0,0.0,0.0,0.0,0.0,0.0,0.0,0.0,0.0,0.0,0.0
1.0,2023,0.0,0,0.0,0,0.0,0,0.0,0,3.0,4.0,52488.0,63828.0,3.0,3,83.0,430.156,"3,12",1.867.529,"93,6",USAQUEN,PASEO DE LOS LIBERTADORES,0.0,0.0,0.0,0.0,0.0,0.0,0.0,0.0,0.0,0.0,0.0
46.0,2023,4.0,1,2.0,1,5.0,1,0.0,0,13.0,2.72,884656.0,1003288.0,18.0,6,40.0,979.914,"3,72",999.300,"88,94",KENNEDY,CASTILLA,0.0,0.0,0.0,0.0,0.0,0.0,0.0,0.0,0.0,0.0,0.0
85.0,2023,2.0,1,2.0,1,6.0,1,0.0,0,5.0,1.9988888888888892,2537808.0,2654832.0,17.0,6,39.0,546.809,"3,98",703.807,"85,4",BOSA,BOSA CENTRAL,0.0,0.0,0.0,0.0,0.0,0.0,0.0,0.0,0.0,0.0,0.0
60.0,2023,0.0,0,0.0,0,0.0,0,0.0,0,1.0,1.11,10544.0,15584.0,0.0,0,0.0,314.431,"4,07",569.872,"82,91",USME,PARQUE ENTRENUBES,0.0,0.0,0.0,0.0,0.0,0.0,0.0,0.0,0.0,0.0,0.0
60.0,2023,0.0,0,0.0,0,0.0,0,0.0,0,1.0,1.11,10544.0,15584.0,0.0,0,0.0,314.431,"4,07",569.872,"82,91",USME,PARQUE ENTRENUBES,0.0,0.0,0.0,0.0,0.0,0.0,0.0,0.0,0.0,0.0,0.0
30.0,2023,2.0,1,5.0,1,10.0,1,0.0,0,28.0,3.001818181818182,1427481.0,1341120.0,25.0,7,42.0,824.337,"3,41",1.089.512,"91,78",ENGATIVA,BOYACA REAL,2.0,0.0,0.0,2.0,130399.0,61902.0,68497.0,0.15337540932062363,0.15337540932062363,0.32309133792123035,0.0
72.0,2023,0.0,0,1.0,1,1.0,1,0.0,0,12.0,3.0,331356.0,345116.0,4.0,2,21.0,824.337,"3,41",1.089.512,"91,78",ENGATIVA,BOLIVIA,0.0,0.0,0.0,0.0,0.0,0.0,0.0,0.0,0.0,0.0,0.0
57.0,2023,0.0,0,5.0,1,2.0,1,0.0,0,0.0,1.7740000000000002,1391324.0,1519562.0,3.0,3,23.0,314.431,"4,07",569.872,"82,91",USME,GRAN YOMASA,0.0,0.0,0.0,0.0,0.0,0.0,0.0,0.0,0.0,0.0,0.0
23.0,2023,1.0,1,0.0,0,6.0,1,0.0,0,23.0,3.5728571428571425,209118.0,255647.0,7.0,5,41.0,981.613,"3,41",1.388.086,"91,6",SUBA,CASA BLANCA SUBA,0.0,0.0,0.0,0.0,0.0,0.0,0.0,0.0,0.0,0.0,0.0
88.0,2023,1.0,1,0.0,0,0.0,0,0.0,0,32.0,5.9375,358776.0,369156.0,3.0,2,60.0,122.507,"2,43",2.288.835,"96,61",CHAPINERO,EL REFUGIO,0.0,0.0,0.0,0.0,0.0,0.0,0.0,0.0,0.0,0.0,0.0
9.0,2023,1.0,1,4.0,1,7.0,1,0.0,0,3.0,2.7445454545454546,927663.0,1059410.0,9.0,4,60.0,430.156,"3,12",1.867.529,"93,6",USAQUEN,VERBENAL,0.0,0.0,0.0,0.0,0.0,0.0,0.0,0.0,0.0,0.0,0.0
109.0,2023,1.0,1,0.0,0,1.0,1,0.0,0,15.0,4.123333333333334,44058.0,53832.0,12.0,3,32.0,139.298,"2,87",1.933.116,"96,03",TEUSAQUILLO,CIUDAD SALITRE ORIENTAL,0.0,0.0,0.0,0.0,0.0,0.0,0.0,0.0,0.0,0.0,0.0
49.0,2023,1.0,1,1.0,1,0.0,0,0.0,0,7.0,2.3333333333333335,124191.0,114375.0,10.0,3,11.0,546.809,"3,98",703.807,"85,4",BOSA,APOGEO,0.0,0.0,0.0,0.0,0.0,0.0,0.0,0.0,0.0,0.0,0.0
14.0,2023,1.0,1,0.0,0,2.0,1,0.0,0,37.0,4.66,375100.0,457974.0,0.0,0,45.0,430.156,"3,12",1.867.529,"93,6",USAQUEN,USAQUEN,0.0,0.0,0.0,0.0,0.0,0.0,0.0,0.0,0.0,0.0,0.0
32.0,2023,0.0,0,0.0,0,2.0,1,0.0,0,0.0,1.7457142857142858,1408200.0,1428675.0,0.0,0,47.0,404.35,"3,73",706.208,"83,68",SAN CRISTOBAL,SAN BLAS,0.0,0.0,0.0,0.0,0.0,0.0,0.0,0.0,0.0,0.0,0.0
92.0,2023,1.0,1,0.0,0,0.0,0,0.0,0,14.0,2.5425,132324.0,86100.0,26.0,6,25.0,96.241,"3,18",896.890,"88,28",SANTA FE,LA MACARENA,1.0,0.0,0.0,1.0,12525.0,6138.0,6387.0,0.7984031936127745,0.7984031936127745,1.6291951775822744,0.0
11.0,2023,1.0,1,3.0,1,5.0,1,0.0,0,8.0,2.3000000000000003,373404.0,436080.0,0.0,0,21.0,430.156,"3,12",1.867.529,"93,6",USAQUEN,SAN CRISTOBAL NORTE,0.0,0.0,0.0,0.0,0.0,0.0,0.0,0.0,0.0,0.0,0.0
36.0,2023,1.0,1,0.0,0,2.0,1,0.0,0,10.0,2.97,350595.0,343350.0,26.0,7,19.0,378.78,"3,72",591.317,"87,06",RAFAEL URIBE URIBE,SAN JOSE,0.0,0.0,0.0,0.0,0.0,0.0,0.0,0.0,0.0,0.0,0.0
53.0,2023,0.0,0,1.0,1,2.0,1,0.0,0,5.0,2.442857142857143,479920.0,461139.0,21.0,6,14.0,378.78,"3,72",591.317,"87,06",RAFAEL URIBE URIBE,MARCO FIDEL SUAREZ,0.0,0.0,0.0,0.0,0.0,0.0,0.0,0.0,0.0,0.0,0.0
50.0,2023,0.0,0,1.0,1,2.0,1,0.0,0,1.0,1.9327272727272728,215222.0,1432186.0,1.0,1,21.0,404.35,"3,73",706.208,"83,68",SAN CRISTOBAL,LA GLORIA,0.0,0.0,0.0,0.0,0.0,0.0,0.0,0.0,0.0,0.0,0.0
110.0,2023,3.0,1,1.0,1,0.0,0,0.0,0,26.0,4.074999999999999,71780.0,82212.0,7.0,2,29.0,317.179,"3,46",1.428.379,"90,03",FONTIBON,CIUDAD SALITRE OCCIDENTAL,0.0,0.0,0.0,0.0,0.0,0.0,0.0,0.0,0.0,0.0,0.0
10.0,2023,1.0,1,1.0,1,1.0,1,0.0,0,9.0,2.87125,122265.0,153495.0,5.0,2,29.0,430.156,"3,12",1.867.529,"93,6",USAQUEN,LA URIBE,0.0,0.0,0.0,0.0,0.0,0.0,0.0,0.0,0.0,0.0,0.0
42.0,2023,2.0,1,2.0,1,4.0,1,0.0,0,13.0,2.4250000000000003,2179040.0,2310720.0,35.0,13,66.0,182.532,"3,63",829.895,"87,19",TUNJUELITO,VENECIA,1.0,0.0,0.0,1.0,138470.0,66976.0,71494.0,0.07221780891167762,0.07221780891167762,0.14930721452460582,0.0
103.0,2023,0.0,0,0.0,0,0.0,0,0.0,0,26.0,3.0,10953.0,12423.0,5.0,2,15.0,230.066,"3,36",1.462.840,"92,44",BARRIOS UNIDOS,PARQUE SALITRE,0.0,0.0,0.0,0.0,0.0,0.0,0.0,0.0,0.0,0.0,0.0
21.0,2023,5.0,1,1.0,1,8.0,1,0.0,0,52.0,3.762,225860.0,233125.0,52.0,5,22.0,230.066,"3,36",1.462.840,"92,44",BARRIOS UNIDOS,LOS ANDES,0.0,0.0,0.0,0.0,0.0,0.0,0.0,0.0,0.0,0.0,0.0
55.0,2023,0.0,0,0.0,0,0.0,0,0.0,0,0.0,1.5539999999999998,379860.0,395955.0,0.0,0,7.0,378.78,"3,72",591.317,"87,06",RAFAEL URIBE URIBE,DIANA TURBAY,0.0,0.0,0.0,0.0,0.0,0.0,0.0,0.0,0.0,0.0,0.0
113.0,2023,1.0,1,1.0,1,4.0,1,0.0,0,15.0,3.2925,104270.0,104965.0,8.0,3,26.0,979.914,"3,72",999.300,"88,94",KENNEDY,BAVARIA,0.0,0.0,0.0,0.0,0.0,0.0,0.0,0.0,0.0,0.0,0.0
60.0,2023,0.0,0,0.0,0,0.0,0,0.0,0,1.0,1.11,10544.0,15584.0,0.0,0,0.0,314.431,"4,07",569.872,"82,91",USME,PARQUE ENTRENUBES,0.0,0.0,0.0,0.0,0.0,0.0,0.0,0.0,0.0,0.0,0.0
60.0,2023,0.0,0,0.0,0,0.0,0,0.0,0,1.0,1.11,10544.0,15584.0,0.0,0,0.0,314.431,"4,07",569.872,"82,91",USME,PARQUE ENTRENUBES,0.0,0.0,0.0,0.0,0.0,0.0,0.0,0.0,0.0,0.0,0.0
90.0,2023,1.0,1,1.0,1,4.0,1,0.0,0,47.0,3.05,275954.0,520674.0,22.0,10,60.0,122.507,"2,43",2.288.835,"96,61",CHAPINERO,PARDO RUBIO,0.0,0.0,0.0,0.0,0.0,0.0,0.0,0.0,0.0,0.0,0.0
67.0,2023,0.0,0,1.0,1,3.0,1,0.0,0,2.0,1.256470588235294,2609568.0,2765373.0,2.0,1,30.0,593.937,"4,09",505.335,"83,5",CIUDAD BOLIVAR,LUCERO,0.0,0.0,0.0,0.0,0.0,0.0,0.0,0.0,0.0,0.0,0.0
83.0,2023,0.0,0,0.0,0,0.0,0,0.0,0,1.0,2.0,24432.0,29572.0,1.0,1,11.0,979.914,"3,72",999.300,"88,94",KENNEDY,LAS MARGARITAS,0.0,0.0,0.0,0.0,0.0,0.0,0.0,0.0,0.0,0.0,0.0
101.0,2023,5.0,1,0.0,0,3.0,1,0.0,0,39.0,3.8711111111111105,267970.0,273160.0,65.0,10,59.0,139.298,"2,87",1.933.116,"96,03",TEUSAQUILLO,TEUSAQUILLO,0.0,0.0,0.0,0.0,0.0,0.0,0.0,0.0,0.0,0.0,0.0
54.0,2023,0.0,0,0.0,0,1.0,1,0.0,0,5.0,1.83,984621.0,1061115.0,21.0,8,28.0,378.78,"3,72",591.317,"87,06",RAFAEL URIBE URIBE,MARRUECOS,0.0,0.0,0.0,0.0,0.0,0.0,0.0,0.0,0.0,0.0,0.0
78.0,2023,0.0,0,1.0,1,0.0,0,0.0,0,13.0,1.956,79812.0,176088.0,0.0,0,25.0,979.914,"3,72",999.300,"88,94",KENNEDY,TINTAL NORTE,0.0,0.0,0.0,0.0,0.0,0.0,0.0,0.0,0.0,0.0,0.0
100.0,2023,9.0,1,2.0,1,2.0,1,0.0,0,26.0,3.59625,300195.0,309096.0,38.0,9,56.0,139.298,"2,87",1.933.116,"96,03",TEUSAQUILLO,GALERIAS,0.0,0.0,0.0,0.0,0.0,0.0,0.0,0.0,0.0,0.0,0.0
34.0,2023,0.0,0,4.0,1,2.0,1,0.0,0,2.0,2.346363636363636,864012.0,1108236.0,26.0,12,30.0,404.35,"3,73",706.208,"83,68",SAN CRISTOBAL,20 DE JULIO,0.0,0.0,0.0,0.0,0.0,0.0,0.0,0.0,0.0,0.0,0.0
106.0,2023,2.0,1,0.0,0,4.0,1,0.0,0,14.0,4.164,167560.0,168920.0,17.0,5,30.0,139.298,"2,87",1.933.116,"96,03",TEUSAQUILLO,LA ESMERALDA,0.0,0.0,0.0,0.0,0.0,0.0,0.0,0.0,0.0,0.0,0.0
91.0,2023,2.0,1,2.0,1,2.0,1,0.0,0,27.0,3.3285714285714287,96894.0,41153.0,42.0,7,37.0,96.241,"3,18",896.890,"88,28",SANTA FE,SAGRADO CORAZON,0.0,0.0,0.0,0.0,0.0,0.0,0.0,0.0,0.0,0.0,0.0
95.0,2023,0.0,0,0.0,0,1.0,1,0.0,0,24.0,2.0,260205.0,69723.0,19.0,3,15.0,96.241,"3,18",896.890,"88,28",SANTA FE,LAS CRUCES,0.0,0.0,0.0,0.0,0.0,0.0,0.0,0.0,0.0,0.0,0.0
40.0,2023,5.0,1,0.0,0,4.0,1,0.0,0,22.0,3.0,1219392.0,1267944.0,21.0,8,62.0,250.715,"3,55",1.116.511,"90,43",PUENTE ARANDA,CIUDAD MONTES,1.0,0.0,0.0,1.0,101354.0,47442.0,53912.0,0.09866408824516053,0.09866408824516053,0.2107836937734497,0.0
117.0,2023,0.0,0,0.0,0,0.0,0,0.0,0,17.0,3.0,824.0,1670.0,1.0,1,17.0,317.179,"3,46",1.428.379,"90,03",FONTIBON,AEROPUERTO EL DORADO,0.0,0.0,0.0,0.0,0.0,0.0,0.0,0.0,0.0,0.0,0.0
64.0,2023,0.0,0,0.0,0,0.0,0,0.0,0,0.0,1.0,5590.0,25895.0,0.0,0,7.0,593.937,"4,09",505.335,"83,5",CIUDAD BOLIVAR,MONTE BLANCO,0.0,0.0,0.0,0.0,0.0,0.0,0.0,0.0,0.0,0.0,0.0
48.0,2023,2.0,1,1.0,1,0.0,0,0.0,0,13.0,2.7455555555555557,1310472.0,1325682.0,5.0,3,18.0,979.914,"3,72",999.300,"88,94",KENNEDY,TIMIZA,0.0,0.0,0.0,0.0,0.0,0.0,0.0,0.0,0.0,0.0,0.0
98.0,2023,4.0,1,3.0,1,8.0,1,0.0,0,49.0,3.0542105263157895,1522242.0,1559634.0,99.0,19,81.0,230.066,"3,36",1.462.840,"92,44",BARRIOS UNIDOS,LOS ALCAZARES,1.0,0.0,1.0,0.0,39311.0,19146.0,20165.0,0.2543817252168604,0.2543817252168604,0.0,0.49590875278948676
28.0,2023,3.0,1,15.0,1,17.0,1,0.0,0,23.0,2.287857142857143,3797108.0,4228084.0,17.0,6,49.0,981.613,"3,41",1.388.086,"91,6",SUBA,EL RINCON,0.0,0.0,0.0,0.0,0.0,0.0,0.0,0.0,0.0,0.0,0.0
17.0,2023,2.0,1,1.0,1,4.0,1,0.0,0,15.0,4.285,226840.0,238870.0,6.0,2,32.0,981.613,"3,41",1.388.086,"91,6",SUBA,SAN JOSE DE BAVARIA,0.0,0.0,0.0,0.0,0.0,0.0,0.0,0.0,0.0,0.0,0.0
24.0,2023,5.0,1,2.0,1,20.0,1,0.0,0,24.0,4.819999999999999,859833.0,845949.0,36.0,12,69.0,981.613,"3,41",1.388.086,"91,6",SUBA,NIZA,0.0,0.0,0.0,0.0,0.0,0.0,0.0,0.0,0.0,0.0,0.0
44.0,2023,4.0,1,3.0,1,4.0,1,0.0,0,26.0,3.22875,673424.0,676672.0,20.0,7,33.0,979.914,"3,72",999.300,"88,94",KENNEDY,AMERICAS,0.0,0.0,0.0,0.0,0.0,0.0,0.0,0.0,0.0,0.0,0.0
62.0,2023,0.0,0,2.0,1,2.0,1,0.0,0,4.0,2.024,338366.0,403893.0,26.0,7,26.0,182.532,"3,63",829.895,"87,19",TUNJUELITO,TUNJUELITO,0.0,0.0,0.0,0.0,0.0,0.0,0.0,0.0,0.0,0.0,0.0
69.0,2023,1.0,1,1.0,1,2.0,1,0.0,0,5.0,1.3691666666666666,1779216.0,1964304.0,13.0,6,22.0,593.937,"4,09",505.335,"83,5",CIUDAD BOLIVAR,ISMAEL PERDOMO,0.0,0.0,0.0,0.0,0.0,0.0,0.0,0.0,0.0,0.0,0.0
93.0,2023,8.0,1,5.0,1,5.0,1,0.0,0,16.0,2.932857142857143,332178.0,96411.0,80.0,7,52.0,96.241,"3,18",896.890,"88,28",SANTA FE,LAS NIEVES,0.0,0.0,0.0,0.0,0.0,0.0,0.0,0.0,0.0,0.0,0.0
18.0,2023,1.0,1,1.0,1,8.0,1,0.0,0,16.0,3.272,300834.0,346380.0,10.0,3,25.0,981.613,"3,41",1.388.086,"91,6",SUBA,BRITALIA,0.0,0.0,0.0,0.0,0.0,0.0,0.0,0.0,0.0,0.0,0.0
