LONGITUD,LATITUD,codigo_localidad,nombre_localidad,codigo_upz,nombre_upz,FECHA_HECHO,HORA_HECHO,GENERO,AÑO,homicide
-74.09762620399994,4.612553611848595,16,PUENTE ARANDA,108,ZONA INDUSTRIAL,2020-03-07,00:00:00,MASCULINO,2020,1
-74.15577991599997,4.541056996850923,19,CIUDAD BOLÍVAR,67,LUCERO,2021-10-21,00:00:00,MASCULINO,2021,1
-74.12101634699997,4.577716774849728,18,RAFAEL URIBE URIBE,39,QUIROGA,2018-09-30,00:00:00,MASCULINO,2018,1
-74.14777236899994,4.5336210688511525,19,CIUDAD BOLÍVAR,68,EL TESORO,2019-06-17,00:00:00,MASCULINO,2019,1
-74.08499999999998,4.590069999849295,03,SANTA FE,95,LAS CRUCES,2022-05-23,00:00:00,MASCULINO,2022,1
-74.16716136699995,4.57241781584988,19,CIUDAD BOLÍVAR,70,JERUSALEM,2021-08-01,00:00:00,MASCULINO,2021,1
-74.11376982899998,4.508218151851972,05,USME,57,GRAN YOMASA,2018-05-09,00:00:00,MASCULINO,2018,1
-74.10272861899995,4.542440853850887,18,RAFAEL URIBE URIBE,55,DIANA TURBAY,2020-02-05,00:00:00,MASCULINO,2020,1
-74.13079780699996,4.561858494850212,06,TUNJUELITO,62,TUNJUELITO,2018-08-12,00:00:00,FEMENINO,2018,1
-74.10040646399995,4.555169691850455,04,SAN CRISTÓBAL,50,LA GLORIA,2020-07-26,00:00:00,MASCULINO,2020,1
-74.09845895899997,4.5397458378509485,04,SAN CRISTÓBAL,51,LOS LIBERTADORES,2018-11-25,00:00:00,MASCULINO,2018,1
-74.13951679599995,4.600726041848997,08,KENNEDY,45,CARVAJAL,2018-11-21,00:00:00,MASCULINO,2018,1
-74.16823005899994,4.633903738847903,08,KENNEDY,82,PATIO BONITO,2018-07-29,00:00:00,MASCULINO,2018,1
-74.15669319099999,4.614472562848531,08,KENNEDY,48,TIMIZA,2018-08-24,00:00:00,MASCULINO,2018,1
-74.17298206799995,4.635525652847846,08,KENNEDY,82,PATIO BONITO,2018-07-23,00:00:00,MASCULINO,2018,1
-74.17271589999996,4.589880609849296,19,CIUDAD BOLÍVAR,69,ISMAEL PERDOMO,2018-05-11,00:00:00,MASCULINO,2018,1
-74.20835608799996,4.620209476848354,07,BOSA,87,TINTAL SUR,2019-12-13,00:00:00,MASCULINO,2019,1
-74.17624170799996,4.585894001849432,19,CIUDAD BOLÍVAR,69,ISMAEL PERDOMO,2020-05-28,00:00:00,MASCULINO,2020,1
-74.20549529599998,4.621084180848332,07,BOSA,87,TINTAL SUR,2019-10-21,00:00:00,MASCULINO,2019,1
-74.13242122799994,4.70276033284567,10,ENGATIVÁ,74,ENGATIVA,2020-12-10,00:00:00,MASCULINO,2020,1
-74.17066351899996,4.560310461850317,19,CIUDAD BOLÍVAR,70,JERUSALEM,2019-03-20,00:00:00,MASCULINO,2019,1
-74.16631420799996,4.639168607847706,08,KENNEDY,82,PATIO BONITO,2021-09-27,00:00:00,MASCULINO,2021,1
-74.02679954999996,4.743334341844307,01,USAQUÉN,10,LA URIBE,2020-06-13,00:00:00,MASCULINO,2020,1
-74.15524622999999,4.5485945468506666,19,CIUDAD BOLÍVAR,67,LUCERO,2020-01-14,00:00:00,MASCULINO,2020,1
-74.12272529399996,4.751278468844075,11,SUBA,71,TIBABUYES,2021-01-17,00:00:00,MASCULINO,2021,1
-74.06509999999997,4.6402399998477035,02,CHAPINERO,99,CHAPINERO,2022-08-25,00:00:00,FEMENINO,2022,1
-74.14809999999994,4.552469999850517,19,CIUDAD BOLÍVAR,67,LUCERO,2022-06-26,00:00:00,MASCULINO,2022,1
-74.11429999999996,4.540169999850942,05,USME,56,DANUBIO,2022-07-25,00:00:00,MASCULINO,2022,1
-74.10719999999998,4.632319999847945,16,PUENTE ARANDA,111,PUENTE ARANDA,2022-12-06,00:00:00,MASCULINO,2022,1
-74.13809999999995,4.5857399998494515,06,TUNJUELITO,42,VENECIA,2022-07-03,00:00:00,MASCULINO,2022,1
-74.06469999999996,4.646259999847482,02,CHAPINERO,99,CHAPINERO,2022-11-12,00:00:00,MASCULINO,2022,1
-74.03289999999998,4.703899999845596,01,USAQUÉN,15,COUNTRY CLUB,2022-01-20,00:00:00,MASCULINO,2022,1
-74.21039999999994,4.616079999848493,07,BOSA,87,TINTAL SUR,2022-05-29,00:00:00,MASCULINO,2022,1
-74.12829999999997,4.697819999845798,10,ENGATIVÁ,74,ENGATIVA,2022-10-30,00:00:00,MASCULINO,2022,1
-74.04169999999993,4.772959999843385,01,USAQUÉN,1,PASEO DE LOS LIBERTADORES,2022-10-29,00:00:00,MASCULINO,2022,1
-74.20309999999995,4.622249999848291,07,BOSA,84,BOSA OCCIDENTAL,2022-06-17,00:00:00,MASCULINO,2022,1
-74.11069999999995,4.553679999850488,18,RAFAEL URIBE URIBE,54,MARRUECOS,2022-02-01,00:00:00,MASCULINO,2022,1
-74.12059999999997,4.753039999844026,11,SUBA,71,TIBABUYES,2023-03-24,00:00:00,MASCULINO,2023,1
-74.14653921199994,4.552676425850552,19,CIUDAD BOLÍVAR,67,LUCERO,2018-07-05,00:00:00,MASCULINO,2018,1
-74.07099999999997,4.590679999849264,03,SANTA FE,96,LOURDES,2022-09-09,00:00:00,MASCULINO,2022,1
-74.16976333099996,4.695765439845892,09,FONTIBÓN,76,FONTIBON SAN PABLO,2020-02-29,00:00:00,MASCULINO,2020,1
-74.13848993199997,4.548325513850684,19,CIUDAD BOLÍVAR,67,LUCERO,2019-07-01,00:00:00,MASCULINO,2019,1
-74.16329999999994,4.633759999847898,08,KENNEDY,80,CORABASTOS,2022-02-15,00:00:00,FEMENINO,2022,1
-74.07978451299994,4.736163959844575,11,SUBA,27,SUBA,2019-08-11,00:00:00,MASCULINO,2019,1
-74.13919999999996,4.548489999850695,19,CIUDAD BOLÍVAR,67,LUCERO,2023-07-01,00:00:00,MASCULINO,2023,1
-74.10049999999995,4.582589999849546,15,ANTONIO NARIÑO,38,RESTREPO,2022-10-16,00:00:00,MASCULINO,2022,1
-74.20129999999995,4.621469999848294,07,BOSA,84,BOSA OCCIDENTAL,2023-06-28,00:00:00,MASCULINO,2023,1
-74.15269999999998,4.551139999850572,19,CIUDAD BOLÍVAR,67,LUCERO,2023-06-16,00:00:00,MASCULINO,2023,1
-74.17061688999996,4.637059758847802,08,KENNEDY,82,PATIO BONITO,2021-08-21,00:00:00,MASCULINO,2021,1
-74.12266736499998,4.523966894851479,05,USME,57,GRAN YOMASA,2018-07-29,00:00:00,MASCULINO,2018,1
-74.16219999999998,4.546949999850715,19,CIUDAD BOLÍVAR,UPR3,UPR RIO TUNJUELO,2023-07-23,00:00:00,MASCULINO,2023,1
-74.09739999999994,4.5462699998507485,04,SAN CRISTÓBAL,51,LOS LIBERTADORES,2023-06-23,00:00:00,MASCULINO,2023,1
-74.17769999999996,4.584899999849502,19,CIUDAD BOLÍVAR,69,ISMAEL PERDOMO,2023-04-14,00:00:00,FEMENINO,2023,1
-74.08355399499999,4.561674558850231,04,SAN CRISTÓBAL,32,SAN BLAS,2020-08-30,00:00:00,FEMENINO,2020,1
-74.11629999999997,4.499089999852254,05,USME,58,COMUNEROS,2022-01-12,00:00:00,MASCULINO,2022,1
-74.16570165799999,4.628438597848078,08,KENNEDY,80,CORABASTOS,2020-10-02,00:00:00,MASCULINO,2020,1
-74.11142112399995,4.5781240348496866,18,RAFAEL URIBE URIBE,39,QUIROGA,2021-06-03,00:00:00,MASCULINO,2021,1
-74.13845360299996,4.664681106846874,09,FONTIBÓN,112,GRANJAS DE TECHO,2018-12-09,00:00:00,MASCULINO,2018,1
-74.07558648299994,4.610792662848635,14,LOS MÁRTIRES,102,LA SABANA,2018-06-26,00:00:00,FEMENINO,2018,1
-74.06548096199998,4.651015939847323,12,BARRIOS UNIDOS,98,LOS ALCAZARES,2021-04-26,00:00:00,MASCULINO,2021,1
-74.04787653799997,4.766012110843607,11,SUBA,17,SAN JOSE DE BAVARIA,2019-08-06,00:00:00,MASCULINO,2019,1
-74.07406708899998,4.614152207848548,14,LOS MÁRTIRES,102,LA SABANA,2020-12-30,00:00:00,MASCULINO,2020,1
-74.03171777499995,4.739995843844412,01,USAQUÉN,11,SAN CRISTOBAL NORTE,2020-12-22,00:00:00,MASCULINO,2020,1
-74.12471511599995,4.747340732844199,11,SUBA,71,TIBABUYES,2020-11-23,00:00:00,MASCULINO,2020,1
-74.13845904799996,4.54566227685079,19,CIUDAD BOLÍVAR,68,EL TESORO,2021-03-23,00:00:00,MASCULINO,2021,1
-74.16951131699994,4.573045113849846,19,CIUDAD BOLÍVAR,69,ISMAEL PERDOMO,2020-11-06,00:00:00,MASCULINO,2020,1
-74.02684901599997,4.738128963844506,01,USAQUÉN,11,SAN CRISTOBAL NORTE,2018-11-30,00:00:00,MASCULINO,2018,1
-74.18254997099996,4.629244194848068,07,BOSA,84,BOSA OCCIDENTAL,2021-04-03,00:00:00,MASCULINO,2021,1
-74.12639999999993,4.58781999984936,18,RAFAEL URIBE URIBE,39,QUIROGA,2022-09-11,00:00:00,MASCULINO,2022,1
-74.15331446299996,4.683624218846245,09,FONTIBÓN,75,FONTIBON,2021-05-11,00:00:00,MASCULINO,2021,1
-74.17036944599994,4.604583238848827,08,KENNEDY,48,TIMIZA,2021-07-06,00:00:00,MASCULINO,2021,1
-74.12274742199997,4.568939613849998,18,RAFAEL URIBE URIBE,53,MARCO FIDEL SUAREZ,2021-06-28,00:00:00,MASCULINO,2021,1
-74.15775015199995,4.63445727084786,08,KENNEDY,80,CORABASTOS,2018-11-05,00:00:00,MASCULINO,2018,1
-74.09594815799994,4.562863544850176,04,SAN CRISTÓBAL,34,20 DE JULIO,2021-12-17,00:00:00,MASCULINO,2021,1
-74.11147969699994,4.630119504848002,16,PUENTE ARANDA,111,PUENTE ARANDA,2021-10-28,00:00:00,MASCULINO,2021,1
-74.17869805099997,4.643496720847612,08,KENNEDY,82,PATIO BONITO,2021-10-30,00:00:00,MASCULINO,2021,1
-74.11246854099994,4.512762943851819,05,USME,57,GRAN YOMASA,2018-01-01,00:00:00,FEMENINO,2018,1
-74.16979999999995,4.624409999848222,08,KENNEDY,81,GRAN BRITALIA,2022-01-30,00:00:00,MASCULINO,2022,1
-74.14609999999993,4.55739999985036,19,CIUDAD BOLÍVAR,67,LUCERO,2022-12-11,00:00:00,MASCULINO,2022,1
-74.04939441899995,4.676467745846534,02,CHAPINERO,97,CHICO LAGO,2018-12-05,00:00:00,MASCULINO,2018,1
-74.19354466499993,4.607423530848754,07,BOSA,85,BOSA CENTRAL,2021-12-27,00:00:00,MASCULINO,2021,1
-74.15976006999995,4.569890612849968,19,CIUDAD BOLÍVAR,70,JERUSALEM,2021-03-12,00:00:00,MASCULINO,2021,1
-74.11614320399997,4.537952083851006,05,USME,56,DANUBIO,2021-03-03,00:00:00,MASCULINO,2021,1
-74.09831240299997,4.606543187848781,16,PUENTE ARANDA,40,CIUDAD MONTES,2018-01-11,00:00:00,MASCULINO,2018,1
-74.16999999999996,4.693169999845976,09,FONTIBÓN,77,ZONA FRANCA,2022-10-22,00:00:00,MASCULINO,2022,1
-74.11309999999997,4.7495599998441085,11,SUBA,71,TIBABUYES,2022-08-03,00:00:00,MASCULINO,2022,1
-74.16149999999999,4.5693399998500155,19,CIUDAD BOLÍVAR,70,JERUSALEM,2022-12-25,00:00:00,MASCULINO,2022,1
-74.14009999999996,4.591589999849272,06,TUNJUELITO,42,VENECIA,2022-11-04,00:00:00,MASCULINO,2022,1
-74.11589999999995,4.550339999850619,18,RAFAEL URIBE URIBE,54,MARRUECOS,2023-01-16,00:00:00,MASCULINO,2023,1
-74.16659999999996,4.628929999848028,08,KENNEDY,80,CORABASTOS,2022-08-24,00:00:00,MASCULINO,2022,1
-74.17209999999994,4.591739999849288,19,CIUDAD BOLÍVAR,69,ISMAEL PERDOMO,2022-07-16,00:00:00,MASCULINO,2022,1
-74.12382808099994,4.47202806785316,05,USME,61,CIUDAD USME,2018-09-09,00:00:00,MASCULINO,2018,1
-74.19099999999997,4.638159999847733,07,BOSA,86,EL PORVENIR,2022-02-28,00:00:00,MASCULINO,2022,1
-74.17240532299996,4.572310729849873,19,CIUDAD BOLÍVAR,69,ISMAEL PERDOMO,2020-03-21,00:00:00,MASCULINO,2020,1
-74.07839999999999,4.608659999848709,14,LOS MÁRTIRES,102,LA SABANA,2022-07-31,00:00:00,MASCULINO,2022,1
-74.20598416899998,4.611493633848627,07,BOSA,85,BOSA CENTRAL,2021-11-26,00:00:00,FEMENINO,2021,1
-74.10733492299994,4.550132949850597,18,RAFAEL URIBE URIBE,55,DIANA TURBAY,2020-01-26,00:00:00,MASCULINO,2020,1
-74.06499999999994,4.652669999847292,12,BARRIOS UNIDOS,98,LOS ALCAZARES,2022-09-05,00:00:00,MASCULINO,2022,1
-74.11219999999997,4.569989999849998,18,RAFAEL URIBE URIBE,53,MARCO FIDEL SUAREZ,2022-05-17,00:00:00,MASCULINO,2022,1
-74.16589536399994,4.572463977849873,19,CIUDAD BOLÍVAR,70,JERUSALEM,2020-12-08,00:00:00,MASCULINO,2020,1
-74.07319805299994,4.6773432818464675,12,BARRIOS UNIDOS,22,DOCE DE OCTUBRE,2019-07-17,00:00:00,MASCULINO,2019,1
-74.09576577199994,4.607349111848776,14,LOS MÁRTIRES,102,LA SABANA,2021-02-05,00:00:00,MASCULINO,2021,1
-74.19309999999996,4.625569999848151,07,BOSA,84,BOSA OCCIDENTAL,2022-12-08,00:00:00,MASCULINO,2022,1
-74.09008746199999,4.603965342848843,14,LOS MÁRTIRES,102,LA SABANA,2020-07-29,00:00:00,MASCULINO,2020,1
-74.18065891299995,4.611600129848623,07,BOSA,85,BOSA CENTRAL,2020-07-02,00:00:00,MASCULINO,2020,1
-74.07794216799994,4.609493651848666,14,LOS MÁRTIRES,102,LA SABANA,2021-04-25,00:00:00,MASCULINO,2021,1
-74.17003699199995,4.637090612847793,08,KENNEDY,82,PATIO BONITO,2019-09-07,00:00:00,MASCULINO,2019,1
-74.09973270399996,4.5574046528503835,04,SAN CRISTÓBAL,50,LA GLORIA,2018-06-02,00:00:00,MASCULINO,2018,1
-74.17149999999998,4.63913999984773,08,KENNEDY,82,PATIO BONITO,2022-02-08,00:00:00,MASCULINO,2022,1
-74.20071285399996,4.621770442848297,07,BOSA,84,BOSA OCCIDENTAL,2021-04-19,00:00:00,MASCULINO,2021,1
-74.13425584799995,4.539122549850981,19,CIUDAD BOLÍVAR,68,EL TESORO,2019-04-15,00:00:00,MASCULINO,2019,1
-74.10794020399999,4.506098556852041,05,USME,58,COMUNEROS,2021-07-25,00:00:00,MASCULINO,2021,1
-74.14775091099995,4.533449943851149,19,CIUDAD BOLÍVAR,68,EL TESORO,2018-11-24,00:00:00,MASCULINO,2018,1
-74.11202376199998,4.558827029850323,18,RAFAEL URIBE URIBE,54,MARRUECOS,2020-09-02,00:00:00,MASCULINO,2020,1
-74.17210491499998,4.572161003849918,19,CIUDAD BOLÍVAR,69,ISMAEL PERDOMO,2020-05-23,00:00:00,MASCULINO,2020,1
-74.09575015299998,4.548800339850687,04,SAN CRISTÓBAL,50,LA GLORIA,2018-03-01,00:00:00,MASCULINO,2018,1
-74.08986868199997,4.528292596851356,04,SAN CRISTÓBAL,51,LOS LIBERTADORES,2021-09-19,00:00:00,MASCULINO,2021,1
-74.13712996199996,4.602208672848937,08,KENNEDY,45,CARVAJAL,2018-10-05,00:00:00,MASCULINO,2018,1
-74.08252797999995,4.58726020084941,03,SANTA FE,95,LAS CRUCES,2021-08-02,00:00:00,MASCULINO,2021,1
-74.03719999999998,4.783209999843032,01,USAQUÉN,1,PASEO DE LOS LIBERTADORES,2022-09-10,00:00:00,MASCULINO,2022,1
-74.07667438599998,4.604860904848851,03,SANTA FE,93,LAS NIEVES,2021-02-06,00:00:00,MASCULINO,2021,1
-74.17791704099994,4.613813752848546,08,KENNEDY,81,GRAN BRITALIA,2018-08-01,00:00:00,MASCULINO,2018,1
-74.11839999999995,4.729559999844781,10,ENGATIVÁ,72,BOLIVIA,2022-01-05,00:00:00,MASCULINO,2022,1
-74.15072665299994,4.557078558850392,19,CIUDAD BOLÍVAR,67,LUCERO,2018-10-13,00:00:00,FEMENINO,2018,1
-74.07355275499998,4.601626036848968,03,SANTA FE,93,LAS NIEVES,2019-10-28,00:00:00,MASCULINO,2019,1
-74.15598354699995,4.600791825848952,07,BOSA,49,APOGEO,2018-08-01,00:00:00,MASCULINO,2018,1
-74.09673967999998,4.554524049850483,04,SAN CRISTÓBAL,50,LA GLORIA,2020-08-08,00:00:00,MASCULINO,2020,1
-74.14747732599994,4.532326939851222,19,CIUDAD BOLÍVAR,68,EL TESORO,2018-10-06,00:00:00,MASCULINO,2018,1
-74.14857108499996,4.5516759498505746,19,CIUDAD BOLÍVAR,67,LUCERO,2019-03-11,00:00:00,MASCULINO,2019,1
-74.16496528999994,4.569454893849991,19,CIUDAD BOLÍVAR,70,JERUSALEM,2018-01-16,00:00:00,MASCULINO,2018,1
-74.14329731799995,4.713911753845278,10,ENGATIVÁ,74,ENGATIVA,2021-04-25,00:00:00,MASCULINO,2021,1
-74.08510429699999,4.5950307938491255,03,SANTA FE,95,LAS CRUCES,2020-04-26,00:00:00,FEMENINO,2020,1
-74.20574474199998,4.61995596784835,07,BOSA,87,TINTAL SUR,2020-06-21,00:00:00,MASCULINO,2020,1
-74.08889409799997,4.70368460284563,10,ENGATIVÁ,29,MINUTO DE DIOS,2020-11-24,00:00:00,MASCULINO,2020,1
-74.09219232299995,4.727102192844869,11,SUBA,28,EL RINCON,2019-05-05,00:00:00,MASCULINO,2019,1
-74.15988704799997,4.63911438784773,08,KENNEDY,82,PATIO BONITO,2021-10-09,00:00:00,MASCULINO,2021,1
-74.09820711799995,4.502203823852177,05,USME,57,GRAN YOMASA,2019-09-08,00:00:00,MASCULINO,2019,1
-74.15150600399994,4.5331504768511675,19,CIUDAD BOLÍVAR,UPR3,UPR RIO TUNJUELO,2020-04-26,00:00:00,MASCULINO,2020,1
-74.14852816899997,4.5514192698505775,19,CIUDAD BOLÍVAR,67,LUCERO,2019-09-16,00:00:00,MASCULINO,2019,1
-74.07807867899999,4.658155225847129,12,BARRIOS UNIDOS,103,PARQUE SALITRE,2018-02-14,00:00:00,MASCULINO,2018,1
-74.14198055199995,4.547500914850713,19,CIUDAD BOLÍVAR,67,LUCERO,2019-10-31,00:00:00,MASCULINO,2019,1
-74.17949999999996,4.649759999847393,08,KENNEDY,82,PATIO BONITO,2023-07-10,00:00:00,MASCULINO,2023,1
-74.08848166299998,4.548782102850674,04,SAN CRISTÓBAL,32,SAN BLAS,2019-01-01,00:00:00,MASCULINO,2019,1
-74.11819763499994,4.58506156584947,18,RAFAEL URIBE URIBE,39,QUIROGA,2018-06-03,00:00:00,MASCULINO,2018,1
-74.15357646499996,4.616806536848458,08,KENNEDY,48,TIMIZA,2019-06-18,00:00:00,MASCULINO,2019,1
-74.10450369199998,4.603748206848846,16,PUENTE ARANDA,40,CIUDAD MONTES,2019-02-22,00:00:00,MASCULINO,2019,1
-74.10561933799994,4.733978465844642,11,SUBA,71,TIBABUYES,2021-02-08,00:00:00,MASCULINO,2021,1
-74.30619999999993,4.001229999868486,20,SUMAPAZ,999,,2022-03-03,00:00:00,MASCULINO,2022,1
-74.09205617899994,4.754032963843962,11,SUBA,27,SUBA,2019-04-12,00:00:00,MASCULINO,2019,1
-74.11159722799994,4.549520038850662,18,RAFAEL URIBE URIBE,55,DIANA TURBAY,2021-08-28,00:00:00,MASCULINO,2021,1
-74.10244498399999,4.617788990848419,16,PUENTE ARANDA,108,ZONA INDUSTRIAL,2020-04-17,00:00:00,MASCULINO,2020,1
-74.10825569599996,4.48424898485273,05,USME,61,CIUDAD USME,2018-05-17,00:00:00,MASCULINO,2018,1
-74.08853471899994,4.685568865846205,10,ENGATIVÁ,26,LAS FERIAS,2018-08-30,00:00:00,MASCULINO,2018,1
-74.10674984299999,4.54458758585078,18,RAFAEL URIBE URIBE,55,DIANA TURBAY,2019-12-03,00:00:00,MASCULINO,2019,1
-74.14164676999997,4.679884962846407,09,FONTIBÓN,75,FONTIBON,2021-05-08,00:00:00,MASCULINO,2021,1
-74.14356558499998,4.563190889850184,19,CIUDAD BOLÍVAR,66,SAN FRANCISCO,2019-11-10,00:00:00,MASCULINO,2019,1
-74.02289946599996,4.768790849843523,01,USAQUÉN,9,VERBENAL,2020-07-14,00:00:00,MASCULINO,2020,1
-74.10126468799996,4.583291142849542,15,ANTONIO NARIÑO,38,RESTREPO,2021-12-20,00:00:00,MASCULINO,2021,1
-74.10436382999995,4.5427272568508315,18,RAFAEL URIBE URIBE,55,DIANA TURBAY,2020-02-29,00:00:00,MASCULINO,2020,1
-74.07179856899995,4.604254291848868,03,SANTA FE,93,LAS NIEVES,2021-06-21,00:00:00,MASCULINO,2021,1
-74.16447857099996,4.6296662458480355,08,KENNEDY,80,CORABASTOS,2021-11-17,00:00:00,MASCULINO,2021,1
-74.07535499699998,4.524644263851479,05,USME,994,SIN UPZ USME,2020-01-23,00:00:00,MASCULINO,2020,1
-74.16604394999996,4.603227326848904,07,BOSA,49,APOGEO,2018-03-23,00:00:00,MASCULINO,2018,1
-74.16012786099998,4.569106424849981,19,CIUDAD BOLÍVAR,70,JERUSALEM,2020-11-24,00:00:00,MASCULINO,2020,1
-74.17413492399999,4.607394490848735,08,KENNEDY,48,TIMIZA,2019-08-28,00:00:00,MASCULINO,2019,1
-74.09199999999998,4.561969999850212,04,SAN CRISTÓBAL,34,20 DE JULIO,2022-11-01,00:00:00,MASCULINO,2022,1
-74.12219999999996,4.742039999844356,11,SUBA,71,TIBABUYES,2022-11-13,00:00:00,MASCULINO,2022,1
-74.14539999999994,4.571519999849895,19,CIUDAD BOLÍVAR,65,ARBORIZADORA,2022-08-13,00:00:00,MASCULINO,2022,1
-74.12166007699994,4.577545661849713,18,RAFAEL URIBE URIBE,39,QUIROGA,2019-12-16,00:00:00,MASCULINO,2019,1
-74.15679999999998,4.565869999850135,19,CIUDAD BOLÍVAR,70,JERUSALEM,2022-03-20,00:00:00,MASCULINO,2022,1
-74.19499999999994,4.638419999847753,07,BOSA,86,EL PORVENIR,2022-07-04,00:00:00,MASCULINO,2022,1
-74.19126413699996,4.6306801148480226,07,BOSA,86,EL PORVENIR,2020-08-31,00:00:00,MASCULINO,2020,1
-74.16389999999996,4.626609999848111,08,KENNEDY,80,CORABASTOS,2022-04-09,00:00:00,MASCULINO,2022,1
-74.08360746199997,4.755129709843967,11,SUBA,27,SUBA,2018-10-20,00:00:00,MASCULINO,2018,1
-74.10217874599994,4.734689075844613,11,SUBA,28,EL RINCON,2019-05-01,00:00:00,MASCULINO,2019,1
-74.12192819099994,4.566800881850077,18,RAFAEL URIBE URIBE,54,MARRUECOS,2021-03-27,00:00:00,MASCULINO,2021,1
-74.17239448699996,4.646881095847488,08,KENNEDY,82,PATIO BONITO,2019-03-16,00:00:00,MASCULINO,2019,1
-74.11708087599999,4.628898754848025,16,PUENTE ARANDA,111,PUENTE ARANDA,2021-10-10,00:00:00,MASCULINO,2021,1
-74.08993975099997,4.59076273384931,15,ANTONIO NARIÑO,35,CIUDAD JARDIN,2020-10-04,00:00:00,MASCULINO,2020,1
-74.02289999999994,4.737629999844492,01,USAQUÉN,11,SAN CRISTOBAL NORTE,2022-11-21,00:00:00,MASCULINO,2022,1
-74.11549999999994,4.5193299998515934,05,USME,57,GRAN YOMASA,2022-02-17,00:00:00,MASCULINO,2022,1
-74.21270507099996,4.635414051847842,07,BOSA,87,TINTAL SUR,2020-11-27,00:00:00,MASCULINO,2020,1
-74.12493534999999,4.601638372848964,16,PUENTE ARANDA,41,MUZU,2020-11-06,00:00:00,MASCULINO,2020,1
-74.14467859999996,4.633616052847875,08,KENNEDY,46,CASTILLA,2019-11-05,00:00:00,MASCULINO,2019,1
-74.17293676199995,4.6426954018476305,08,KENNEDY,82,PATIO BONITO,2018-06-27,00:00:00,MASCULINO,2018,1
-74.14919999999995,4.4761899998530055,19,CIUDAD BOLÍVAR,UPR3,UPR RIO TUNJUELO,2022-09-10,00:00:00,FEMENINO,2022,1
-74.10236383899996,4.542119999850897,18,RAFAEL URIBE URIBE,55,DIANA TURBAY,2018-06-08,00:00:00,MASCULINO,2018,1
-74.11466703399998,4.54939610285064,18,RAFAEL URIBE URIBE,54,MARRUECOS,2021-07-11,00:00:00,MASCULINO,2021,1
-74.14557955799995,4.536480699851043,19,CIUDAD BOLÍVAR,68,EL TESORO,2020-05-04,00:00:00,MASCULINO,2020,1
-74.08239999999995,4.588149999849373,03,SANTA FE,95,LAS CRUCES,2022-12-20,00:00:00,MASCULINO,2022,1
-74.09329475099997,4.5525078778505215,04,SAN CRISTÓBAL,50,LA GLORIA,2018-09-08,00:00:00,MASCULINO,2018,1
-74.07628341699996,4.611580972848629,14,LOS MÁRTIRES,102,LA SABANA,2020-02-03,00:00:00,FEMENINO,2020,1
-74.07745299699997,4.6742774598465715,12,BARRIOS UNIDOS,22,DOCE DE OCTUBRE,2020-08-16,00:00:00,MASCULINO,2020,1
-74.08159999999998,4.561049999850241,04,SAN CRISTÓBAL,32,SAN BLAS,2022-07-26,00:00:00,MASCULINO,2022,1
-74.09019999999998,4.689329999846078,10,ENGATIVÁ,26,LAS FERIAS,2022-09-04,00:00:00,MASCULINO,2022,1
-74.07405183399999,4.593342501849202,17,CANDELARIA,94,LA CANDELARIA,2021-04-20,00:00:00,MASCULINO,2021,1
-74.01677298299995,4.73171020584472,01,USAQUÉN,11,SAN CRISTOBAL NORTE,2019-09-16,00:00:00,FEMENINO,2019,1
-74.17543157599994,4.6076016058487586,08,KENNEDY,48,TIMIZA,2019-05-27,00:00:00,MASCULINO,2019,1
-74.12697788399998,4.4699759058532385,05,USME,61,CIUDAD USME,2018-12-23,00:00:00,MASCULINO,2018,1
-74.17829999999998,4.51504999985174,19,CIUDAD BOLÍVAR,UPR3,UPR RIO TUNJUELO,2022-10-22,00:00:00,MASCULINO,2022,1
-74.15566160099996,4.574349059849812,19,CIUDAD BOLÍVAR,70,JERUSALEM,2018-12-25,00:00:00,MASCULINO,2018,1
-74.16441677899996,4.62422816584818,08,KENNEDY,80,CORABASTOS,2021-07-17,00:00:00,MASCULINO,2021,1
-74.08053481599995,4.586919033849433,03,SANTA FE,95,LAS CRUCES,2018-05-05,00:00:00,MASCULINO,2018,1
-74.08339999999998,4.755249999843943,11,SUBA,27,SUBA,2022-06-15,00:00:00,MASCULINO,2022,1
-74.07168528699998,4.605327037848811,03,SANTA FE,93,LAS NIEVES,2018-12-19,00:00:00,MASCULINO,2018,1
-74.17094287299994,4.650943838847323,08,KENNEDY,79,CALANDAIMA,2020-05-17,00:00:00,MASCULINO,2020,1
-74.17917709599999,4.609080307848697,07,BOSA,85,BOSA CENTRAL,2021-12-22,00:00:00,MASCULINO,2021,1
-74.14923138599994,4.683182815846297,09,FONTIBÓN,75,FONTIBON,2021-03-29,00:00:00,MASCULINO,2021,1
-74.16019207499994,4.540589463850928,19,CIUDAD BOLÍVAR,67,LUCERO,2018-01-22,00:00:00,MASCULINO,2018,1
-74.06647076199994,4.592318750849244,03,SANTA FE,96,LOURDES,2021-04-20,00:00:00,MASCULINO,2021,1
-74.13535652699994,4.554339630850493,19,CIUDAD BOLÍVAR,67,LUCERO,2018-07-13,00:00:00,MASCULINO,2018,1
-74.09354804199995,4.596094776849151,14,LOS MÁRTIRES,37,SANTA ISABEL,2019-09-29,00:00:00,MASCULINO,2019,1
-74.11450379099995,4.544361396850806,18,RAFAEL URIBE URIBE,55,DIANA TURBAY,2019-04-16,00:00:00,MASCULINO,2019,1
-74.08712110699997,4.531767554851214,04,SAN CRISTÓBAL,51,LOS LIBERTADORES,2021-06-22,00:00:00,MASCULINO,2021,1
-74.08124032099994,4.604618112848868,14,LOS MÁRTIRES,102,LA SABANA,2021-05-26,00:00:00,MASCULINO,2021,1
-74.17719561899997,4.593697484849217,19,CIUDAD BOLÍVAR,69,ISMAEL PERDOMO,2020-03-08,00:00:00,MASCULINO,2020,1
-74.20924591499994,4.613162611848572,07,BOSA,85,BOSA CENTRAL,2019-05-01,00:00:00,MASCULINO,2019,1
-74.16459413699994,4.560297799850294,19,CIUDAD BOLÍVAR,70,JERUSALEM,2019-07-09,00:00:00,MASCULINO,2019,1
-74.14210662399995,4.53330583585118,19,CIUDAD BOLÍVAR,UPR3,UPR RIO TUNJUELO,2018-10-21,00:00:00,MASCULINO,2018,1
-74.08373930199997,4.594071708849183,03,SANTA FE,95,LAS CRUCES,2020-11-30,00:00:00,FEMENINO,2020,1
-74.16242877699995,4.634078216847859,08,KENNEDY,80,CORABASTOS,2021-08-29,00:00:00,MASCULINO,2021,1
-74.12101634699997,4.577716774849728,18,RAFAEL URIBE URIBE,39,QUIROGA,2018-09-30,00:00:00,MASCULINO,2018,1
-74.13582168299996,4.5842613868494775,06,TUNJUELITO,42,VENECIA,2021-02-26,00:00:00,MASCULINO,2021,1
-74.03302416299994,4.761703611843757,01,USAQUÉN,9,VERBENAL,2018-08-16,00:00:00,MASCULINO,2018,1
-74.08461353499996,4.6049738378488225,14,LOS MÁRTIRES,102,LA SABANA,2018-01-06,00:00:00,MASCULINO,2018,1
-74.14171226199994,4.652371982847269,08,KENNEDY,46,CASTILLA,2019-11-10,00:00:00,MASCULINO,2019,1
-74.08047756799994,4.610257044848636,14,LOS MÁRTIRES,102,LA SABANA,2019-02-15,00:00:00,MASCULINO,2019,1
-74.18171335699998,4.633225852847923,07,BOSA,84,BOSA OCCIDENTAL,2021-08-09,00:00:00,MASCULINO,2021,1
-74.07713625499997,4.608783774848723,14,LOS MÁRTIRES,102,LA SABANA,2021-01-19,00:00:00,MASCULINO,2021,1
-74.11869999999993,4.488429999852632,05,USME,58,COMUNEROS,2022-09-21,00:00:00,MASCULINO,2022,1
-74.18846342899997,4.599259709849046,07,BOSA,85,BOSA CENTRAL,2021-09-10,00:00:00,FEMENINO,2021,1
-74.11225999999994,4.59169483184925,15,ANTONIO NARIÑO,38,RESTREPO,2019-09-13,00:00:00,MASCULINO,2019,1
-74.11998373799997,4.747082378844219,11,SUBA,71,TIBABUYES,2020-09-01,00:00:00,MASCULINO,2020,1
-74.11349540699996,4.538775389851006,05,USME,56,DANUBIO,2019-08-12,00:00:00,MASCULINO,2019,1
-74.18187954199993,4.632213605847948,07,BOSA,84,BOSA OCCIDENTAL,2019-05-27,00:00:00,MASCULINO,2019,1
-74.09751030099994,4.501492579852203,05,USME,57,GRAN YOMASA,2020-10-11,00:00:00,MASCULINO,2020,1
-74.11677484899997,4.610606761848636,16,PUENTE ARANDA,40,CIUDAD MONTES,2019-12-26,00:00:00,MASCULINO,2019,1
-74.06034672899995,4.646302268847484,02,CHAPINERO,90,PARDO RUBIO,2021-11-23,00:00:00,MASCULINO,2021,1
-74.11208356099996,4.741769115844388,11,SUBA,71,TIBABUYES,2019-08-26,00:00:00,MASCULINO,2019,1
-74.02514267399994,4.761989989843748,01,USAQUÉN,9,VERBENAL,2021-05-05,00:00:00,MASCULINO,2021,1
-74.15679194999996,4.682863334846285,09,FONTIBÓN,77,ZONA FRANCA,2018-11-25,00:00:00,MASCULINO,2018,1
-74.11036616599995,4.5093517578519355,05,USME,57,GRAN YOMASA,2021-06-23,00:00:00,MASCULINO,2021,1
-74.06671544099999,4.713032830845288,11,SUBA,24,NIZA,2020-01-24,00:00:00,MASCULINO,2020,1
-74.13104353399996,4.542526950850886,19,CIUDAD BOLÍVAR,63,EL MOCHUELO,2021-02-20,00:00:00,MASCULINO,2021,1
-74.19231709299999,4.630377387848016,07,BOSA,86,EL PORVENIR,2020-05-20,00:00:00,MASCULINO,2020,1
-74.14536697699998,4.545794488850773,19,CIUDAD BOLÍVAR,67,LUCERO,2018-08-29,00:00:00,MASCULINO,2018,1
-74.07949851999996,4.605830676848782,14,LOS MÁRTIRES,102,LA SABANA,2021-11-11,00:00:00,MASCULINO,2021,1
-74.07756327099997,4.609731270848673,14,LOS MÁRTIRES,102,LA SABANA,2019-01-11,00:00:00,MASCULINO,2019,1
-74.19952490099996,4.607476428848731,07,BOSA,85,BOSA CENTRAL,2020-09-25,00:00:00,MASCULINO,2020,1
-74.13073003699998,4.612934423848584,08,KENNEDY,44,AMERICAS,2019-10-14,00:00:00,FEMENINO,2019,1
-74.17916457699994,4.607002907848742,07,BOSA,85,BOSA CENTRAL,2020-05-26,00:00:00,MASCULINO,2020,1
-74.16583187499998,4.629831239848022,08,KENNEDY,80,CORABASTOS,2020-05-15,00:00:00,MASCULINO,2020,1
-74.09768660599997,4.746137682844219,11,SUBA,28,EL RINCON,2021-08-15,00:00:00,MASCULINO,2021,1
-74.03153798299996,4.696884529845828,01,USAQUÉN,14,USAQUEN,2018-01-26,00:00:00,MASCULINO,2018,1
-74.13204068999994,4.613003456848575,08,KENNEDY,44,AMERICAS,2021-09-26,00:00:00,MASCULINO,2021,1
-74.16759973199999,4.575469384849819,19,CIUDAD BOLÍVAR,69,ISMAEL PERDOMO,2019-02-02,00:00:00,MASCULINO,2019,1
-74.14729466399996,4.5421486828508755,19,CIUDAD BOLÍVAR,67,LUCERO,2020-11-12,00:00:00,MASCULINO,2020,1
-74.09299999999996,4.551189999850615,04,SAN CRISTÓBAL,50,LA GLORIA,2022-11-20,00:00:00,MASCULINO,2022,1
-74.16604394999996,4.603227326848904,07,BOSA,49,APOGEO,2018-03-23,00:00:00,MASCULINO,2018,1
-74.11777611899998,4.625872175848133,16,PUENTE ARANDA,43,SAN RAFAEL,2019-01-21,00:00:00,MASCULINO,2019,1
-74.06578212199997,4.690343185846068,11,SUBA,25,LA FLORESTA,2020-09-24,00:00:00,FEMENINO,2020,1
-74.07877031899994,4.5451212518507855,04,SAN CRISTÓBAL,50,LA GLORIA,2021-07-02,00:00:00,MASCULINO,2021,1
-74.12059641499997,4.709458675845435,10,ENGATIVÁ,73,GARCES NAVAS,2020-09-01,00:00:00,MASCULINO,2020,1
-74.14459771199995,4.563214726850198,19,CIUDAD BOLÍVAR,66,SAN FRANCISCO,2021-01-19,00:00:00,MASCULINO,2021,1
-74.15853482499995,4.5681182118500425,19,CIUDAD BOLÍVAR,70,JERUSALEM,2018-02-27,00:00:00,FEMENINO,2018,1
-74.12131689799998,4.603977382848841,16,PUENTE ARANDA,40,CIUDAD MONTES,2021-07-20,00:00:00,MASCULINO,2021,1
-74.14120001399993,4.561555365850248,19,CIUDAD BOLÍVAR,66,SAN FRANCISCO,2021-06-23,00:00:00,MASCULINO,2021,1
-74.09660996999997,4.746515845844198,11,SUBA,28,EL RINCON,2019-06-17,00:00:00,MASCULINO,2019,1
-74.07609999999994,4.614839999848539,14,LOS MÁRTIRES,102,LA SABANA,2022-12-31,00:00:00,MASCULINO,2022,1
-74.16293233799996,4.632973529847946,08,KENNEDY,80,CORABASTOS,2020-06-08,00:00:00,MASCULINO,2020,1
-74.17869148399996,4.604255776848852,07,BOSA,85,BOSA CENTRAL,2018-09-29,00:00:00,MASCULINO,2018,1
-74.14947543099998,4.569266973850017,19,CIUDAD BOLÍVAR,66,SAN FRANCISCO,2018-10-26,00:00:00,MASCULINO,2018,1
-74.12303637699995,4.572917860849888,18,RAFAEL URIBE URIBE,53,MARCO FIDEL SUAREZ,2021-06-27,00:00:00,MASCULINO,2021,1
-74.14510824399997,4.561765322850223,19,CIUDAD BOLÍVAR,66,SAN FRANCISCO,2021-06-01,00:00:00,MASCULINO,2021,1
-74.16204543099997,4.634844624847838,08,KENNEDY,80,CORABASTOS,2021-07-17,00:00:00,MASCULINO,2021,1
-74.15978165899998,4.639215541847714,08,KENNEDY,82,PATIO BONITO,2021-03-07,00:00:00,MASCULINO,2021,1
-74.15603736999998,4.634826290847834,08,KENNEDY,80,CORABASTOS,2021-01-05,00:00:00,MASCULINO,2021,1
-74.09302416799994,4.55514516485046,04,SAN CRISTÓBAL,34,20 DE JULIO,2020-10-26,00:00:00,MASCULINO,2020,1
-74.15512535999994,4.53749980185105,19,CIUDAD BOLÍVAR,UPR3,UPR RIO TUNJUELO,2018-09-02,00:00:00,MASCULINO,2018,1
-74.08609022199994,4.501549630852192,05,USME,52,LA FLORA,2019-08-18,00:00:00,MASCULINO,2019,1
-74.09917091799997,4.55554339185045,04,SAN CRISTÓBAL,50,LA GLORIA,2020-03-10,00:00:00,MASCULINO,2020,1
-74.07460094599998,4.610121857848682,03,SANTA FE,93,LAS NIEVES,2018-09-15,00:00:00,MASCULINO,2018,1
-74.14664854499995,4.686940096846165,09,FONTIBÓN,75,FONTIBON,2021-03-14,00:00:00,MASCULINO,2021,1
-74.04128375399995,4.754297544843966,01,USAQUÉN,10,LA URIBE,2020-11-03,00:00:00,FEMENINO,2020,1
-74.10885732299994,4.732173266844708,11,SUBA,71,TIBABUYES,2018-03-07,00:00:00,MASCULINO,2018,1
-74.14994711599996,4.7171459238451545,10,ENGATIVÁ,74,ENGATIVA,2018-03-27,00:00:00,MASCULINO,2018,1
-74.14181595999997,4.5612081208502575,19,CIUDAD BOLÍVAR,66,SAN FRANCISCO,2018-05-06,00:00:00,MASCULINO,2018,1
-74.17428463799996,4.640676171847668,08,KENNEDY,82,PATIO BONITO,2020-04-25,00:00:00,MASCULINO,2020,1
-74.07685401599997,4.614009576848537,14,LOS MÁRTIRES,102,LA SABANA,2021-05-13,00:00:00,MASCULINO,2021,1
-74.17248782499996,4.652205671847281,08,KENNEDY,79,CALANDAIMA,2018-03-02,00:00:00,MASCULINO,2018,1
-74.08726019299996,4.597597835849056,14,LOS MÁRTIRES,37,SANTA ISABEL,2019-05-25,00:00:00,MASCULINO,2019,1
-74.14202982499995,4.620592248848305,08,KENNEDY,44,AMERICAS,2021-05-11,00:00:00,MASCULINO,2021,1
-74.07624041499997,4.561533889850226,04,SAN CRISTÓBAL,993,SIN UPZ SAN CRISTOBAL,2020-01-19,00:00:00,FEMENINO,2020,1
-74.09869999999995,4.7469999998442365,11,SUBA,28,EL RINCON,2022-02-12,00:00:00,FEMENINO,2022,1
-74.09949999999998,4.581709999849585,15,ANTONIO NARIÑO,35,CIUDAD JARDIN,2022-12-22,00:00:00,MASCULINO,2022,1
-74.17214352299999,4.570080278849944,19,CIUDAD BOLÍVAR,70,JERUSALEM,2019-05-05,00:00:00,MASCULINO,2019,1
-74.14530163599994,4.541580183850901,19,CIUDAD BOLÍVAR,68,EL TESORO,2018-11-08,00:00:00,MASCULINO,2018,1
-74.13324424699994,4.705396523845554,10,ENGATIVÁ,74,ENGATIVA,2021-12-24,00:00:00,MASCULINO,2021,1
-74.09689999999995,4.607259999848759,14,LOS MÁRTIRES,102,LA SABANA,2022-08-03,00:00:00,FEMENINO,2022,1
-74.17658196799994,4.580590737849649,19,CIUDAD BOLÍVAR,69,ISMAEL PERDOMO,2019-04-08,00:00:00,MASCULINO,2019,1
-74.11528342299994,4.601437384848954,16,PUENTE ARANDA,40,CIUDAD MONTES,2019-07-01,00:00:00,MASCULINO,2019,1
-74.14751659299998,4.598672810849015,08,KENNEDY,45,CARVAJAL,2020-09-09,00:00:00,MASCULINO,2020,1
-74.15568446499998,4.544417788850773,19,CIUDAD BOLÍVAR,67,LUCERO,2021-02-06,00:00:00,MASCULINO,2021,1
-74.07330327599993,4.652246457847282,12,BARRIOS UNIDOS,98,LOS ALCAZARES,2018-10-20,00:00:00,MASCULINO,2018,1
-74.16160221699994,4.551105710850583,19,CIUDAD BOLÍVAR,67,LUCERO,2021-06-05,00:00:00,MASCULINO,2021,1
-74.10301470399997,4.70605879684552,10,ENGATIVÁ,29,MINUTO DE DIOS,2021-11-13,00:00:00,MASCULINO,2021,1
-74.16293358499996,4.636437387847806,08,KENNEDY,82,PATIO BONITO,2018-05-25,00:00:00,MASCULINO,2018,1
-74.11973185799997,4.567470003850031,18,RAFAEL URIBE URIBE,53,MARCO FIDEL SUAREZ,2020-11-08,00:00:00,MASCULINO,2020,1
-74.11847803999996,4.753691569844002,11,SUBA,71,TIBABUYES,2018-05-25,00:00:00,MASCULINO,2018,1
-74.18493476899994,4.629025015848074,07,BOSA,84,BOSA OCCIDENTAL,2019-10-23,00:00:00,MASCULINO,2019,1
-74.09224177999994,4.584416609849512,15,ANTONIO NARIÑO,35,CIUDAD JARDIN,2019-08-24,00:00:00,FEMENINO,2019,1
-74.16268387999997,4.656358359847183,08,KENNEDY,78,TINTAL NORTE,2020-09-14,00:00:00,MASCULINO,2020,1
-74.12561715699997,4.615000773848525,16,PUENTE ARANDA,43,SAN RAFAEL,2019-12-18,00:00:00,MASCULINO,2019,1
-74.02828012999998,4.743505414844348,01,USAQUÉN,10,LA URIBE,2019-11-19,00:00:00,MASCULINO,2019,1
-74.08799616099998,4.716033229845221,11,SUBA,24,NIZA,2019-05-21,00:00:00,MASCULINO,2019,1
-74.17731637799994,4.650454757847327,08,KENNEDY,82,PATIO BONITO,2021-08-15,00:00:00,MASCULINO,2021,1
-74.11689430699994,4.721067124845052,10,ENGATIVÁ,72,BOLIVIA,2018-08-27,00:00:00,FEMENINO,2018,1
-74.13128397099996,4.59206076184928,06,TUNJUELITO,42,VENECIA,2019-01-17,00:00:00,MASCULINO,2019,1
-74.07664098299995,4.566164221850102,04,SAN CRISTÓBAL,993,SIN UPZ SAN CRISTOBAL,2020-12-08,00:00:00,MASCULINO,2020,1
-74.15004540599995,4.5417845248508595,19,CIUDAD BOLÍVAR,67,LUCERO,2020-07-03,00:00:00,MASCULINO,2020,1
-74.17972533699998,4.647551973847466,08,KENNEDY,82,PATIO BONITO,2021-10-06,00:00:00,MASCULINO,2021,1
-74.07870127799998,4.608694404848711,14,LOS MÁRTIRES,102,LA SABANA,2019-10-15,00:00:00,MASCULINO,2019,1
-74.11062091499997,4.508164673851995,05,USME,57,GRAN YOMASA,2020-05-08,00:00:00,MASCULINO,2020,1
-74.12150208899999,4.555090324850447,06,TUNJUELITO,62,TUNJUELITO,2018-08-08,00:00:00,MASCULINO,2018,1
-74.10058722999997,4.584703335849516,15,ANTONIO NARIÑO,38,RESTREPO,2018-03-18,00:00:00,MASCULINO,2018,1
-74.19838739799997,4.614098981848518,07,BOSA,85,BOSA CENTRAL,2019-08-11,00:00:00,MASCULINO,2019,1
-74.14940241899995,4.6883286038461245,09,FONTIBÓN,76,FONTIBON SAN PABLO,2021-08-18,00:00:00,MASCULINO,2021,1
-74.09571455999998,4.728411846844843,11,SUBA,28,EL RINCON,2018-11-16,00:00:00,MASCULINO,2018,1
-74.12547737399996,4.6496290018473685,09,FONTIBÓN,112,GRANJAS DE TECHO,2021-05-22,00:00:00,MASCULINO,2021,1
-74.08320909299994,4.547191074850726,04,SAN CRISTÓBAL,50,LA GLORIA,2018-08-08,00:00:00,MASCULINO,2018,1
-74.17252878499994,4.64241912084761,08,KENNEDY,82,PATIO BONITO,2018-12-10,00:00:00,MASCULINO,2018,1
-74.21017849999998,4.611666860848629,07,BOSA,85,BOSA CENTRAL,2019-11-02,00:00:00,MASCULINO,2019,1
-74.08580996699999,4.535551382851087,04,SAN CRISTÓBAL,51,LOS LIBERTADORES,2021-06-19,00:00:00,MASCULINO,2021,1
-74.13767010199996,4.714818111845256,10,ENGATIVÁ,74,ENGATIVA,2020-12-08,00:00:00,MASCULINO,2020,1
-74.06809999999996,4.595799999849134,17,CANDELARIA,94,LA CANDELARIA,2023-02-25,00:00:00,MASCULINO,2023,1
-74.09170940899998,4.591948576849251,15,ANTONIO NARIÑO,38,RESTREPO,2021-12-05,00:00:00,MASCULINO,2021,1
-74.10259999999994,4.497769999852331,05,USME,59,ALFONSO LOPEZ,2022-04-16,00:00:00,MASCULINO,2022,1
-74.17443974799994,4.638985489847716,08,KENNEDY,82,PATIO BONITO,2018-01-06,00:00:00,MASCULINO,2018,1
-74.11832663899997,4.625832466848167,16,PUENTE ARANDA,43,SAN RAFAEL,2021-04-20,00:00:00,MASCULINO,2021,1
-74.16669772199998,4.627156026848128,08,KENNEDY,80,CORABASTOS,2020-12-01,00:00:00,MASCULINO,2020,1
-74.15049601699997,4.541420889850894,19,CIUDAD BOLÍVAR,67,LUCERO,2019-08-07,00:00:00,MASCULINO,2019,1
-74.14999309599995,4.535994220851091,19,CIUDAD BOLÍVAR,68,EL TESORO,2020-02-01,00:00:00,FEMENINO,2020,1
-74.01988976699994,4.736434542844539,01,USAQUÉN,11,SAN CRISTOBAL NORTE,2021-04-01,00:00:00,MASCULINO,2021,1
-74.14757120099995,4.550537136850605,19,CIUDAD BOLÍVAR,67,LUCERO,2019-11-13,00:00:00,MASCULINO,2019,1
-74.12017847399994,4.560705815850281,18,RAFAEL URIBE URIBE,54,MARRUECOS,2019-07-28,00:00:00,MASCULINO,2019,1
-74.14712027599995,4.560579363850257,19,CIUDAD BOLÍVAR,66,SAN FRANCISCO,2021-07-22,00:00:00,MASCULINO,2021,1
-74.17520697799995,4.5768986198497625,19,CIUDAD BOLÍVAR,69,ISMAEL PERDOMO,2020-02-14,00:00:00,MASCULINO,2020,1
-74.11909311099998,4.7103782398454195,10,ENGATIVÁ,73,GARCES NAVAS,2020-08-25,00:00:00,FEMENINO,2020,1
-74.16541058099995,4.573132663849894,19,CIUDAD BOLÍVAR,70,JERUSALEM,2019-11-03,00:00:00,MASCULINO,2019,1
-74.15263364299994,4.553227486850546,19,CIUDAD BOLÍVAR,67,LUCERO,2021-09-24,00:00:00,MASCULINO,2021,1
-74.09132867499994,4.516105550851747,05,USME,52,LA FLORA,2019-03-05,00:00:00,MASCULINO,2019,1
-74.15111160099997,4.6340538908479,08,KENNEDY,46,CASTILLA,2021-05-01,00:00:00,MASCULINO,2021,1
-74.17716948499998,4.579002323849673,19,CIUDAD BOLÍVAR,69,ISMAEL PERDOMO,2021-02-14,00:00:00,MASCULINO,2021,1
-74.17680600399996,4.643186097847596,08,KENNEDY,82,PATIO BONITO,2021-10-01,00:00:00,MASCULINO,2021,1
-74.13758850399995,4.561758319850217,19,CIUDAD BOLÍVAR,67,LUCERO,2021-03-14,00:00:00,FEMENINO,2021,1
-74.14743700399998,4.559284620850342,19,CIUDAD BOLÍVAR,66,SAN FRANCISCO,2021-02-14,00:00:00,MASCULINO,2021,1
-74.11431627599995,4.557027957850389,18,RAFAEL URIBE URIBE,54,MARRUECOS,2021-07-06,00:00:00,MASCULINO,2021,1
-74.19803334699998,4.618371247848419,07,BOSA,85,BOSA CENTRAL,2019-07-21,00:00:00,MASCULINO,2019,1
-74.15121251599999,4.557790990850366,19,CIUDAD BOLÍVAR,66,SAN FRANCISCO,2021-10-08,00:00:00,MASCULINO,2021,1
-74.11639734699997,4.520822767851593,05,USME,57,GRAN YOMASA,2018-10-07,00:00:00,MASCULINO,2018,1
-74.09243168799998,4.752012186844049,11,SUBA,27,SUBA,2020-09-09,00:00:00,MASCULINO,2020,1
-74.20541018899996,4.621389645848315,07,BOSA,87,TINTAL SUR,2021-02-04,00:00:00,MASCULINO,2021,1
-74.19598530399998,4.622787153848236,07,BOSA,84,BOSA OCCIDENTAL,2019-12-29,00:00:00,MASCULINO,2019,1
-74.06070535999999,4.54325527985083,04,SAN CRISTÓBAL,993,SIN UPZ SAN CRISTOBAL,2019-09-26,00:00:00,MASCULINO,2019,1
-74.09779999999995,4.506599999852034,05,USME,61,CIUDAD USME,2022-03-22,00:00:00,FEMENINO,2022,1
-74.10128614599995,4.728561379844794,11,SUBA,28,EL RINCON,2019-08-27,00:00:00,FEMENINO,2019,1
-74.10129999999998,4.601669999848962,14,LOS MÁRTIRES,37,SANTA ISABEL,2022-05-12,00:00:00,MASCULINO,2022,1
-74.18538584799995,4.6072030278487786,07,BOSA,85,BOSA CENTRAL,2019-07-11,00:00:00,MASCULINO,2019,1
-74.08193349999993,4.564013492850174,04,SAN CRISTÓBAL,32,SAN BLAS,2019-10-13,00:00:00,MASCULINO,2019,1
-74.10878510899994,4.635328286847844,16,PUENTE ARANDA,111,PUENTE ARANDA,2019-10-05,00:00:00,MASCULINO,2019,1
-74.07809252699997,4.61329223284855,14,LOS MÁRTIRES,102,LA SABANA,2019-04-19,00:00:00,MASCULINO,2019,1
-74.13989999999995,4.554429999850449,19,CIUDAD BOLÍVAR,67,LUCERO,2022-09-03,00:00:00,MASCULINO,2022,1
-74.14179999999999,4.680619999846351,09,FONTIBÓN,75,FONTIBON,2022-07-12,00:00:00,MASCULINO,2022,1
-74.14970208299997,4.541506451850873,19,CIUDAD BOLÍVAR,67,LUCERO,2018-12-10,00:00:00,MASCULINO,2018,1
-74.16572458699994,4.630408705847983,08,KENNEDY,80,CORABASTOS,2019-08-27,00:00:00,MASCULINO,2019,1
-74.15248457099995,4.684662473846238,09,FONTIBÓN,75,FONTIBON,2020-10-15,00:00:00,MASCULINO,2020,1
-74.07490175899994,4.653415921847227,12,BARRIOS UNIDOS,98,LOS ALCAZARES,2021-05-29,00:00:00,MASCULINO,2021,1
-74.14761235599997,4.562123330850243,19,CIUDAD BOLÍVAR,66,SAN FRANCISCO,2018-03-11,00:00:00,MASCULINO,2018,1
-74.11492878299998,4.74680476084419,11,SUBA,71,TIBABUYES,2021-05-24,00:00:00,MASCULINO,2021,1
-74.21344305099996,4.6147719898485295,07,BOSA,85,BOSA CENTRAL,2021-11-11,00:00:00,MASCULINO,2021,1
-74.18505884099994,4.636725711847793,07,BOSA,86,EL PORVENIR,2020-05-17,00:00:00,FEMENINO,2020,1
-74.16152804199999,4.548879872850644,19,CIUDAD BOLÍVAR,67,LUCERO,2020-05-22,00:00:00,MASCULINO,2020,1
-74.14895776299994,4.537192085851055,19,CIUDAD BOLÍVAR,68,EL TESORO,2019-09-02,00:00:00,MASCULINO,2019,1
-74.16946340899995,4.635044371847846,08,KENNEDY,82,PATIO BONITO,2018-07-07,00:00:00,MASCULINO,2018,1
-74.08546488199994,4.6060858258487745,14,LOS MÁRTIRES,102,LA SABANA,2019-03-03,00:00:00,MASCULINO,2019,1
-74.11312836499997,4.513410025851791,05,USME,57,GRAN YOMASA,2018-11-21,00:00:00,MASCULINO,2018,1
-74.16229999999996,4.570199999849969,19,CIUDAD BOLÍVAR,70,JERUSALEM,2022-04-09,00:00:00,MASCULINO,2022,1
-74.14194836499996,4.547639950850712,19,CIUDAD BOLÍVAR,67,LUCERO,2020-02-28,00:00:00,MASCULINO,2020,1
-74.08307572099994,4.595508550849118,03,SANTA FE,95,LAS CRUCES,2019-08-03,00:00:00,MASCULINO,2019,1
-74.18037151699997,4.59097207984927,19,CIUDAD BOLÍVAR,69,ISMAEL PERDOMO,2018-12-22,00:00:00,MASCULINO,2018,1
-74.08452318499997,4.600215970849007,14,LOS MÁRTIRES,102,LA SABANA,2021-10-12,00:00:00,MASCULINO,2021,1
-74.03923114499997,4.764543276843621,01,USAQUÉN,9,VERBENAL,2020-09-09,00:00:00,MASCULINO,2020,1
-74.20021550699994,4.620452425848323,07,BOSA,84,BOSA OCCIDENTAL,2021-08-12,00:00:00,MASCULINO,2021,1
-74.11455841099996,4.577037852849721,18,RAFAEL URIBE URIBE,39,QUIROGA,2021-05-06,00:00:00,MASCULINO,2021,1
-74.10589999999996,4.600589999848998,16,PUENTE ARANDA,40,CIUDAD MONTES,2022-01-13,00:00:00,MASCULINO,2022,1
-74.10315777299996,4.542569195850856,18,RAFAEL URIBE URIBE,55,DIANA TURBAY,2020-01-03,00:00:00,MASCULINO,2020,1
-74.05759863799994,4.703365916845623,11,SUBA,20,LA ALHAMBRA,2019-10-15,00:00:00,MASCULINO,2019,1
-74.11616466099997,4.53844406285099,05,USME,56,DANUBIO,2019-08-09,00:00:00,MASCULINO,2019,1
-74.09630098399998,4.578683888849682,15,ANTONIO NARIÑO,35,CIUDAD JARDIN,2019-05-14,00:00:00,MASCULINO,2019,1
-74.18135365699999,4.620397898848353,07,BOSA,84,BOSA OCCIDENTAL,2020-01-29,00:00:00,FEMENINO,2020,1
-74.02261754199998,4.741266917844417,01,USAQUÉN,10,LA URIBE,2020-10-05,00:00:00,MASCULINO,2020,1
-74.16177037399996,4.640430917847682,08,KENNEDY,82,PATIO BONITO,2021-05-05,00:00:00,MASCULINO,2021,1
-74.15199728399995,4.534533137851109,19,CIUDAD BOLÍVAR,68,EL TESORO,2020-01-08,00:00:00,MASCULINO,2020,1
-74.07599999999996,4.61201999984859,14,LOS MÁRTIRES,102,LA SABANA,2022-07-18,00:00:00,MASCULINO,2022,1
-74.08522953799996,4.608082704848756,14,LOS MÁRTIRES,102,LA SABANA,2021-11-07,00:00:00,MASCULINO,2021,1
-74.08663291899995,4.601496875848951,14,LOS MÁRTIRES,102,LA SABANA,2018-04-05,00:00:00,MASCULINO,2018,1
-74.16689023999999,4.584926825849507,19,CIUDAD BOLÍVAR,69,ISMAEL PERDOMO,2021-10-17,00:00:00,FEMENINO,2021,1
-74.07968370399993,4.602306112848924,03,SANTA FE,93,LAS NIEVES,2021-11-16,00:00:00,MASCULINO,2021,1
-74.11171328199998,4.572452362849866,18,RAFAEL URIBE URIBE,53,MARCO FIDEL SUAREZ,2019-07-24,00:00:00,MASCULINO,2019,1
-74.11492889199997,4.521391145851545,05,USME,57,GRAN YOMASA,2018-04-27,00:00:00,MASCULINO,2018,1
-74.13532677699999,4.614271854848506,08,KENNEDY,44,AMERICAS,2021-06-26,00:00:00,MASCULINO,2021,1
-74.14762040199997,4.561896064850227,19,CIUDAD BOLÍVAR,66,SAN FRANCISCO,2018-07-12,00:00:00,MASCULINO,2018,1
-74.07440990899994,4.603732538848845,03,SANTA FE,93,LAS NIEVES,2021-05-07,00:00:00,MASCULINO,2021,1
-74.16526342699996,4.601874505848946,07,BOSA,49,APOGEO,2018-12-02,00:00:00,MASCULINO,2018,1
-74.09761383299997,4.747155088844203,11,SUBA,28,EL RINCON,2020-11-09,00:00:00,MASCULINO,2020,1
-74.07309999999995,4.614459999848541,03,SANTA FE,93,LAS NIEVES,2022-01-30,00:00:00,MASCULINO,2022,1
-74.13959999999997,4.552359999850519,19,CIUDAD BOLÍVAR,67,LUCERO,2022-10-11,00:00:00,MASCULINO,2022,1
-74.16290384799998,4.633825058847905,08,KENNEDY,80,CORABASTOS,2019-12-23,00:00:00,MASCULINO,2019,1
-74.15949011199996,4.550866464850612,19,CIUDAD BOLÍVAR,67,LUCERO,2018-06-11,00:00:00,MASCULINO,2018,1
-74.13786121099997,4.632274395847961,08,KENNEDY,46,CASTILLA,2021-01-04,00:00:00,MASCULINO,2021,1
-74.05425025099998,4.707249174845528,11,SUBA,19,EL PRADO,2021-11-13,00:00:00,MASCULINO,2021,1
-74.08667732699996,4.62964800984802,13,TEUSAQUILLO,107,QUINTA PAREDES,2021-06-03,00:00:00,MASCULINO,2021,1
-74.12709999999998,4.745379999844278,11,SUBA,71,TIBABUYES,2022-09-05,00:00:00,MASCULINO,2022,1
-74.09156719299995,4.605316995848825,14,LOS MÁRTIRES,102,LA SABANA,2019-04-09,00:00:00,MASCULINO,2019,1
-74.16884034599997,4.570210715849988,19,CIUDAD BOLÍVAR,70,JERUSALEM,2021-10-18,00:00:00,MASCULINO,2021,1
-74.14182072399996,4.5833714828495475,06,TUNJUELITO,42,VENECIA,2019-05-13,00:00:00,MASCULINO,2019,1
-74.15714611799996,4.5772138018497595,19,CIUDAD BOLÍVAR,70,JERUSALEM,2018-10-14,00:00:00,MASCULINO,2018,1
-74.13868644799999,4.555511927850441,19,CIUDAD BOLÍVAR,67,LUCERO,2018-11-04,00:00:00,MASCULINO,2018,1
-74.16047696699997,4.643235912847604,08,KENNEDY,82,PATIO BONITO,2021-11-15,00:00:00,FEMENINO,2021,1
-74.17990078699995,4.581180255849601,19,CIUDAD BOLÍVAR,69,ISMAEL PERDOMO,2021-03-07,00:00:00,MASCULINO,2021,1
-74.07663664499995,4.588402977849357,03,SANTA FE,96,LOURDES,2018-06-04,00:00:00,MASCULINO,2018,1
-74.15786260299996,4.578345090849724,19,CIUDAD BOLÍVAR,70,JERUSALEM,2018-09-17,00:00:00,MASCULINO,2018,1
-74.19526731299999,4.6424167248476005,07,BOSA,86,EL PORVENIR,2021-06-17,00:00:00,MASCULINO,2021,1
-74.10229999999996,4.4882099998526215,05,USME,59,ALFONSO LOPEZ,2022-12-08,00:00:00,MASCULINO,2022,1
-74.11955349299996,4.522772362851517,05,USME,57,GRAN YOMASA,2018-04-22,00:00:00,FEMENINO,2018,1
-74.06394091199996,4.718690513845143,11,SUBA,24,NIZA,2021-05-14,00:00:00,MASCULINO,2021,1
-74.11493410399999,4.515537407851752,05,USME,57,GRAN YOMASA,2021-10-14,00:00:00,MASCULINO,2021,1
-74.08148118799994,4.53765826985104,04,SAN CRISTÓBAL,50,LA GLORIA,2019-12-14,00:00:00,FEMENINO,2019,1
-74.16107720399998,4.543525279850825,19,CIUDAD BOLÍVAR,67,LUCERO,2019-12-30,00:00:00,MASCULINO,2019,1
-74.17857149999998,4.613909999848525,08,KENNEDY,81,GRAN BRITALIA,2018-12-14,00:00:00,MASCULINO,2018,1
-74.11775871999998,4.486755027852697,05,USME,61,CIUDAD USME,2020-06-30,00:00:00,MASCULINO,2020,1
-74.14144687999999,4.621066592848284,08,KENNEDY,44,AMERICAS,2018-07-15,00:00:00,MASCULINO,2018,1
-74.13128397099996,4.59206076184928,06,TUNJUELITO,42,VENECIA,2019-01-17,00:00:00,MASCULINO,2019,1
-74.11512603699998,4.549395136850628,18,RAFAEL URIBE URIBE,54,MARRUECOS,2020-10-27,00:00:00,MASCULINO,2020,1
-74.19865745799996,4.637851982847789,07,BOSA,86,EL PORVENIR,2021-09-12,00:00:00,MASCULINO,2021,1
-74.10015976699998,4.504107660852104,05,USME,57,GRAN YOMASA,2019-01-27,00:00:00,MASCULINO,2019,1
-74.16199999999998,4.634859999847867,08,KENNEDY,80,CORABASTOS,2022-05-22,00:00:00,MASCULINO,2022,1
-74.17714412199996,4.651761191847302,08,KENNEDY,82,PATIO BONITO,2020-06-15,00:00:00,MASCULINO,2020,1
-74.15023852499996,4.540025171850972,19,CIUDAD BOLÍVAR,67,LUCERO,2020-09-08,00:00:00,MASCULINO,2020,1
-74.02947788699998,4.7776820938432225,01,USAQUÉN,1,PASEO DE LOS LIBERTADORES,2021-05-27,00:00:00,MASCULINO,2021,1
-74.11889810299994,4.550742239850585,18,RAFAEL URIBE URIBE,54,MARRUECOS,2021-10-07,00:00:00,MASCULINO,2021,1
-74.15376444199995,4.619641208848377,08,KENNEDY,47,KENNEDY CENTRAL,2020-06-14,00:00:00,MASCULINO,2020,1
-74.14752024099994,4.5334071628511605,19,CIUDAD BOLÍVAR,68,EL TESORO,2019-07-11,00:00:00,MASCULINO,2019,1
-74.08596536799996,4.603439508848891,14,LOS MÁRTIRES,102,LA SABANA,2019-04-29,00:00:00,MASCULINO,2019,1
-74.14557955799995,4.536480699851043,19,CIUDAD BOLÍVAR,68,EL TESORO,2020-05-04,00:00:00,MASCULINO,2020,1
-74.14809999999994,4.552469999850517,19,CIUDAD BOLÍVAR,67,LUCERO,2022-06-26,00:00:00,MASCULINO,2022,1
-74.09539999999998,4.560219999850312,04,SAN CRISTÓBAL,34,20 DE JULIO,2022-08-22,00:00:00,MASCULINO,2022,1
-74.09212928799997,4.53996351285093,04,SAN CRISTÓBAL,51,LOS LIBERTADORES,2020-01-01,00:00:00,MASCULINO,2020,1
-74.14205565299994,4.548196092850696,19,CIUDAD BOLÍVAR,67,LUCERO,2021-06-16,00:00:00,MASCULINO,2021,1
-74.12864868899999,4.740698027844421,11,SUBA,71,TIBABUYES,2018-12-13,00:00:00,MASCULINO,2018,1
-74.11126510299994,4.615487262848481,16,PUENTE ARANDA,40,CIUDAD MONTES,2019-12-11,00:00:00,MASCULINO,2019,1
-74.15458891799994,4.536943650851056,19,CIUDAD BOLÍVAR,UPR3,UPR RIO TUNJUELO,2018-11-22,00:00:00,MASCULINO,2018,1
-74.10712799699996,4.631794390847939,16,PUENTE ARANDA,111,PUENTE ARANDA,2018-05-05,00:00:00,MASCULINO,2018,1
-74.15023852499996,4.540025171850972,19,CIUDAD BOLÍVAR,67,LUCERO,2020-09-08,00:00:00,FEMENINO,2020,1
-74.09701857999994,4.542975420850853,04,SAN CRISTÓBAL,51,LOS LIBERTADORES,2019-07-30,00:00:00,MASCULINO,2019,1
-74.11336439899998,4.512848507851829,05,USME,57,GRAN YOMASA,2018-09-09,00:00:00,MASCULINO,2018,1
-74.13758566899998,4.5919861118492316,06,TUNJUELITO,42,VENECIA,2018-11-11,00:00:00,MASCULINO,2018,1
-74.16943822699994,4.63779312484775,08,KENNEDY,82,PATIO BONITO,2020-12-27,00:00:00,MASCULINO,2020,1
-74.17134523699997,4.6400476478477035,08,KENNEDY,82,PATIO BONITO,2019-01-27,00:00:00,MASCULINO,2019,1
-74.16082464799996,4.550679145850607,19,CIUDAD BOLÍVAR,67,LUCERO,2020-09-26,00:00:00,MASCULINO,2020,1
-74.09447333499998,4.585637773849431,15,ANTONIO NARIÑO,35,CIUDAD JARDIN,2021-06-09,00:00:00,FEMENINO,2021,1
-74.08798010899994,4.562084885850217,04,SAN CRISTÓBAL,32,SAN BLAS,2020-05-22,00:00:00,MASCULINO,2020,1
-74.09712335699999,4.545025100850755,04,SAN CRISTÓBAL,51,LOS LIBERTADORES,2021-08-01,00:00:00,MASCULINO,2021,1
-74.15044672599998,4.553424357850492,19,CIUDAD BOLÍVAR,67,LUCERO,2018-11-18,00:00:00,MASCULINO,2018,1
-74.07879999999994,4.639259999847705,13,TEUSAQUILLO,100,GALERIAS,2022-08-09,00:00:00,MASCULINO,2022,1
-74.12640799199994,4.74337681084436,11,SUBA,71,TIBABUYES,2018-10-30,00:00:00,MASCULINO,2018,1
-74.15482998999994,4.549545577850637,19,CIUDAD BOLÍVAR,67,LUCERO,2020-09-13,00:00:00,MASCULINO,2020,1
-74.12365576899998,4.6143954978485064,16,PUENTE ARANDA,43,SAN RAFAEL,2019-08-17,00:00:00,FEMENINO,2019,1
-74.01789031899995,4.734304135844626,01,USAQUÉN,11,SAN CRISTOBAL NORTE,2018-08-21,00:00:00,MASCULINO,2018,1
-74.11594767099996,4.502957660852143,05,USME,58,COMUNEROS,2018-03-25,00:00:00,MASCULINO,2018,1
-74.11944985099996,4.548247826850698,18,RAFAEL URIBE URIBE,54,MARRUECOS,2021-11-21,00:00:00,MASCULINO,2021,1
-74.11622707899994,4.5443367858507875,18,RAFAEL URIBE URIBE,55,DIANA TURBAY,2020-08-02,00:00:00,MASCULINO,2020,1
-74.14197466899998,4.536609041851076,19,CIUDAD BOLÍVAR,68,EL TESORO,2019-08-25,00:00:00,MASCULINO,2019,1
-74.03719157899997,4.762013443843717,01,USAQUÉN,9,VERBENAL,2018-02-28,00:00:00,MASCULINO,2018,1
-74.07069036399997,4.582553219849537,03,SANTA FE,96,LOURDES,2019-11-17,00:00:00,MASCULINO,2019,1
-74.18454476199997,4.616716253848442,08,KENNEDY,81,GRAN BRITALIA,2020-04-23,00:00:00,FEMENINO,2020,1
-74.07303711999998,4.615170816848485,14,LOS MÁRTIRES,102,LA SABANA,2021-05-09,00:00:00,MASCULINO,2021,1
-74.11909405599994,4.615910700848502,16,PUENTE ARANDA,43,SAN RAFAEL,2020-08-12,00:00:00,MASCULINO,2020,1
-74.17254222199995,4.626023442848167,08,KENNEDY,81,GRAN BRITALIA,2020-02-08,00:00:00,MASCULINO,2020,1
-74.13833870199994,4.540980681850924,19,CIUDAD BOLÍVAR,68,EL TESORO,2020-05-22,00:00:00,MASCULINO,2020,1
-74.14719999999994,4.631149999847982,08,KENNEDY,44,AMERICAS,2022-03-09,00:00:00,MASCULINO,2022,1
-74.15006686399994,4.540971693850933,19,CIUDAD BOLÍVAR,67,LUCERO,2019-11-04,00:00:00,MASCULINO,2019,1
-74.09324911299996,4.7260917658448705,11,SUBA,28,EL RINCON,2018-03-17,00:00:00,MASCULINO,2018,1
-74.13495246299993,4.554480702850451,19,CIUDAD BOLÍVAR,67,LUCERO,2021-09-05,00:00:00,MASCULINO,2021,1
-74.17686302499999,4.5965635708491055,19,CIUDAD BOLÍVAR,69,ISMAEL PERDOMO,2018-01-28,00:00:00,MASCULINO,2018,1
-74.13957937499998,4.669477015846714,09,FONTIBÓN,75,FONTIBON,2018-12-29,00:00:00,MASCULINO,2018,1
-74.19124620399998,4.6193363438483495,07,BOSA,84,BOSA OCCIDENTAL,2020-03-16,00:00:00,MASCULINO,2020,1
-74.11366923399999,4.576358915849773,18,RAFAEL URIBE URIBE,36,SAN JOSE,2021-05-13,00:00:00,MASCULINO,2021,1
-74.16292279099997,4.548452070850662,19,CIUDAD BOLÍVAR,UPR3,UPR RIO TUNJUELO,2020-06-26,00:00:00,MASCULINO,2020,1
-74.12679500399997,4.662648668846926,09,FONTIBÓN,114,MODELIA,2019-03-15,00:00:00,FEMENINO,2019,1
-74.15587265799996,4.618914017848381,08,KENNEDY,47,KENNEDY CENTRAL,2019-01-27,00:00:00,MASCULINO,2019,1
-74.09881258499996,4.512607279851844,05,USME,57,GRAN YOMASA,2020-11-22,00:00:00,MASCULINO,2020,1
-74.10535588899995,4.491260320852512,05,USME,59,ALFONSO LOPEZ,2020-05-27,00:00:00,MASCULINO,2020,1
-74.16431998599995,4.550410007850588,19,CIUDAD BOLÍVAR,67,LUCERO,2021-10-09,00:00:00,MASCULINO,2021,1
-74.16561511499998,4.636396968847792,08,KENNEDY,82,PATIO BONITO,2019-08-04,00:00:00,MASCULINO,2019,1
-74.18519272899994,4.605572164848832,07,BOSA,85,BOSA CENTRAL,2019-01-20,00:00:00,MASCULINO,2019,1
-74.11693713799997,4.537588446851054,05,USME,56,DANUBIO,2019-10-16,00:00:00,FEMENINO,2019,1
-74.10290053699998,4.504246883852116,05,USME,59,ALFONSO LOPEZ,2020-06-04,00:00:00,MASCULINO,2020,1
-74.10623628599996,4.58864759684935,15,ANTONIO NARIÑO,38,RESTREPO,2019-01-12,00:00:00,MASCULINO,2019,1
-74.15939999999995,4.553709999850479,19,CIUDAD BOLÍVAR,67,LUCERO,2022-03-03,00:00:00,MASCULINO,2022,1
-74.10983781999994,4.503907911852121,05,USME,58,COMUNEROS,2019-08-26,00:00:00,MASCULINO,2019,1
-74.09999868599994,4.743546663844337,11,SUBA,28,EL RINCON,2019-01-01,00:00:00,MASCULINO,2019,1
-74.09366715299996,4.557726525850394,04,SAN CRISTÓBAL,34,20 DE JULIO,2020-05-31,00:00:00,MASCULINO,2020,1
-74.17569999999995,4.650679999847316,08,KENNEDY,82,PATIO BONITO,2022-05-11,00:00:00,MASCULINO,2022,1
-74.12985866699995,4.743107396844359,11,SUBA,71,TIBABUYES,2018-06-15,00:00:00,MASCULINO,2018,1
-74.03738029899995,4.758094004843831,01,USAQUÉN,9,VERBENAL,2020-05-30,00:00:00,MASCULINO,2020,1
-74.19949999999994,4.623939999848227,07,BOSA,84,BOSA OCCIDENTAL,2022-11-25,00:00:00,FEMENINO,2022,1
-74.09470864499997,4.724897913844928,11,SUBA,28,EL RINCON,2021-01-31,00:00:00,MASCULINO,2021,1
-74.07857532499997,4.612543646848592,14,LOS MÁRTIRES,102,LA SABANA,2019-12-04,00:00:00,FEMENINO,2019,1
-74.16210515099993,4.5731897618498465,19,CIUDAD BOLÍVAR,70,JERUSALEM,2021-11-09,00:00:00,MASCULINO,2021,1
-74.10900540199998,4.620990593848301,16,PUENTE ARANDA,43,SAN RAFAEL,2021-02-27,00:00:00,MASCULINO,2021,1
-74.18229999999994,4.647569999847429,08,KENNEDY,83,LAS MARGARITAS,2022-06-13,00:00:00,MASCULINO,2022,1
-74.14724557099998,4.55595271985043,19,CIUDAD BOLÍVAR,67,LUCERO,2020-06-14,00:00:00,MASCULINO,2020,1
-74.17870024599995,4.6135250128485765,08,KENNEDY,81,GRAN BRITALIA,2018-04-12,00:00:00,MASCULINO,2018,1
-74.08449999999993,4.600249999849012,14,LOS MÁRTIRES,102,LA SABANA,2022-02-11,00:00:00,MASCULINO,2022,1
-74.15923258499998,4.55198855985055,19,CIUDAD BOLÍVAR,67,LUCERO,2018-12-16,00:00:00,MASCULINO,2018,1
-74.16209999999995,4.542949999850875,19,CIUDAD BOLÍVAR,67,LUCERO,2022-06-12,00:00:00,MASCULINO,2022,1
-74.14868954199994,4.537181389851049,19,CIUDAD BOLÍVAR,68,EL TESORO,2020-02-21,00:00:00,MASCULINO,2020,1
-74.03261966699995,4.76661061284359,01,USAQUÉN,9,VERBENAL,2018-03-27,00:00:00,MASCULINO,2018,1
-74.07065304099996,4.611638550848621,03,SANTA FE,93,LAS NIEVES,2020-04-17,00:00:00,MASCULINO,2020,1
-74.16172240999998,4.6343210748478905,08,KENNEDY,80,CORABASTOS,2021-08-17,00:00:00,FEMENINO,2021,1
-74.10757406499994,4.740940778844389,11,SUBA,71,TIBABUYES,2020-06-25,00:00:00,MASCULINO,2020,1
-74.13102990699997,4.7097845248454036,10,ENGATIVÁ,74,ENGATIVA,2020-05-13,00:00:00,MASCULINO,2020,1
-74.16373492899999,4.628373185848055,08,KENNEDY,80,CORABASTOS,2020-10-11,00:00:00,MASCULINO,2020,1
-74.10247057299995,4.541841925850916,18,RAFAEL URIBE URIBE,55,DIANA TURBAY,2018-03-29,00:00:00,MASCULINO,2018,1
-74.06285577399996,4.617736959848425,03,SANTA FE,92,LA MACARENA,2021-04-29,00:00:00,MASCULINO,2021,1
-74.05893865299998,4.714539965845291,11,SUBA,19,EL PRADO,2019-04-02,00:00:00,MASCULINO,2019,1
-74.08249999999998,4.5023299998521535,05,USME,52,LA FLORA,2022-04-02,00:00:00,MASCULINO,2022,1
-74.06364770699997,4.663569235846934,12,BARRIOS UNIDOS,98,LOS ALCAZARES,2019-07-23,00:00:00,MASCULINO,2019,1
-74.14583914599996,4.532481008851175,19,CIUDAD BOLÍVAR,68,EL TESORO,2021-02-15,00:00:00,MASCULINO,2021,1
-74.17469999999997,4.616029999848454,08,KENNEDY,81,GRAN BRITALIA,2022-10-02,00:00:00,MASCULINO,2022,1
-74.16628248599994,4.630109278848035,08,KENNEDY,80,CORABASTOS,2018-11-30,00:00:00,MASCULINO,2018,1
-74.06630494399997,4.670733138846693,12,BARRIOS UNIDOS,98,LOS ALCAZARES,2021-01-28,00:00:00,MASCULINO,2021,1
-74.10624722699998,4.547395826850717,18,RAFAEL URIBE URIBE,55,DIANA TURBAY,2020-10-17,00:00:00,MASCULINO,2020,1
-74.11122161799995,4.499367564852277,05,USME,58,COMUNEROS,2020-05-22,00:00:00,MASCULINO,2020,1
-74.11495920899995,4.511216350851864,05,USME,57,GRAN YOMASA,2021-04-02,00:00:00,MASCULINO,2021,1
-74.06071936599994,4.676985514846507,12,BARRIOS UNIDOS,98,LOS ALCAZARES,2020-06-23,00:00:00,MASCULINO,2020,1
-74.11445900899997,4.585537471849469,18,RAFAEL URIBE URIBE,39,QUIROGA,2018-03-09,00:00:00,FEMENINO,2018,1
-74.07601519699995,4.612254700848583,14,LOS MÁRTIRES,102,LA SABANA,2019-07-17,00:00:00,MASCULINO,2019,1
-74.13395641299996,4.541585778850906,19,CIUDAD BOLÍVAR,63,EL MOCHUELO,2018-04-03,00:00:00,MASCULINO,2018,1
-74.08098955799994,4.539723545850969,04,SAN CRISTÓBAL,50,LA GLORIA,2021-12-25,00:00:00,MASCULINO,2021,1
-74.13428259699998,4.565393083850122,06,TUNJUELITO,62,TUNJUELITO,2021-01-07,00:00:00,MASCULINO,2021,1
-74.14289734899995,4.535903156851097,19,CIUDAD BOLÍVAR,68,EL TESORO,2019-06-01,00:00:00,MASCULINO,2019,1
-74.14454108499996,4.560454132850296,19,CIUDAD BOLÍVAR,66,SAN FRANCISCO,2018-08-17,00:00:00,MASCULINO,2018,1
-74.13128397099996,4.59206076184928,06,TUNJUELITO,42,VENECIA,2019-01-17,00:00:00,MASCULINO,2019,1
-74.16480328599994,4.569560736850007,19,CIUDAD BOLÍVAR,70,JERUSALEM,2021-03-11,00:00:00,MASCULINO,2021,1
-74.15782711199995,4.566222472850087,19,CIUDAD BOLÍVAR,70,JERUSALEM,2021-10-30,00:00:00,MASCULINO,2021,1
-74.10354979899995,4.502102295852163,05,USME,59,ALFONSO LOPEZ,2018-02-18,00:00:00,MASCULINO,2018,1
-74.02776344399996,4.739380360844438,01,USAQUÉN,11,SAN CRISTOBAL NORTE,2021-06-18,00:00:00,MASCULINO,2021,1
-74.14960791499993,4.683497850846256,09,FONTIBÓN,75,FONTIBON,2018-04-25,00:00:00,MASCULINO,2018,1
-74.06266454299998,4.621483516848302,03,SANTA FE,91,SAGRADO CORAZON,2020-09-11,00:00:00,MASCULINO,2020,1
-74.11049148699993,4.733987579844658,11,SUBA,71,TIBABUYES,2018-02-19,00:00:00,FEMENINO,2018,1
-74.15549511899997,4.572028565849887,19,CIUDAD BOLÍVAR,70,JERUSALEM,2018-06-14,00:00:00,MASCULINO,2018,1
-74.12338091199996,4.62202483984828,16,PUENTE ARANDA,43,SAN RAFAEL,2019-12-23,00:00:00,MASCULINO,2019,1
-74.08185037399994,4.584528316849489,04,SAN CRISTÓBAL,33,SOSIEGO,2020-11-06,00:00:00,MASCULINO,2020,1
-74.11849040499999,4.504998867852071,05,USME,58,COMUNEROS,2020-04-29,00:00:00,MASCULINO,2020,1
-74.11759999999998,4.567509999850036,18,RAFAEL URIBE URIBE,53,MARCO FIDEL SUAREZ,2022-01-25,00:00:00,MASCULINO,2022,1
-74.16796418799998,4.686073069846162,09,FONTIBÓN,77,ZONA FRANCA,2020-06-07,00:00:00,MASCULINO,2020,1
-74.17486854199996,4.606851387848777,08,KENNEDY,48,TIMIZA,2019-05-12,00:00:00,MASCULINO,2019,1
-74.14179656699997,4.544105829850802,19,CIUDAD BOLÍVAR,68,EL TESORO,2021-02-11,00:00:00,MASCULINO,2021,1
-74.16939560499998,4.694771366845903,09,FONTIBÓN,76,FONTIBON SAN PABLO,2021-12-17,00:00:00,MASCULINO,2021,1
-74.16212351999997,4.582497802849543,19,CIUDAD BOLÍVAR,69,ISMAEL PERDOMO,2018-05-11,00:00:00,MASCULINO,2018,1
-74.15385793099995,4.538994621851004,19,CIUDAD BOLÍVAR,67,LUCERO,2021-04-11,00:00:00,MASCULINO,2021,1
-74.06584198399997,4.5896172778493325,03,SANTA FE,96,LOURDES,2019-09-21,00:00:00,MASCULINO,2019,1
-74.17717287999994,4.591528053849258,19,CIUDAD BOLÍVAR,69,ISMAEL PERDOMO,2021-04-18,00:00:00,MASCULINO,2021,1
-74.16440207099998,4.572875990849873,19,CIUDAD BOLÍVAR,70,JERUSALEM,2019-05-21,00:00:00,MASCULINO,2019,1
-74.14515690099995,4.551597714850595,19,CIUDAD BOLÍVAR,67,LUCERO,2020-12-25,00:00:00,MASCULINO,2020,1
-74.10741749999994,4.54924577985063,18,RAFAEL URIBE URIBE,55,DIANA TURBAY,2020-01-28,00:00:00,MASCULINO,2020,1
-74.20693822999993,4.623946451848205,07,BOSA,84,BOSA OCCIDENTAL,2019-12-10,00:00:00,MASCULINO,2019,1
-74.12848712399995,4.63354688184793,08,KENNEDY,113,BAVARIA,2019-01-08,00:00:00,MASCULINO,2019,1
-74.19714982799997,4.620520257848338,07,BOSA,84,BOSA OCCIDENTAL,2021-08-08,00:00:00,MASCULINO,2021,1
-74.14550603399994,4.550998449850607,19,CIUDAD BOLÍVAR,67,LUCERO,2018-04-23,00:00:00,MASCULINO,2018,1
-74.13647130999993,4.584132658849492,06,TUNJUELITO,42,VENECIA,2021-01-10,00:00:00,FEMENINO,2021,1
-74.19589999999994,4.6082499998487325,07,BOSA,85,BOSA CENTRAL,2022-01-19,00:00:00,FEMENINO,2022,1
-74.09139999999996,4.607339999848732,14,LOS MÁRTIRES,102,LA SABANA,2022-02-13,00:00:00,MASCULINO,2022,1
-74.14873245799998,4.537266951851022,19,CIUDAD BOLÍVAR,68,EL TESORO,2020-06-08,00:00:00,MASCULINO,2020,1
-74.10069999999996,4.48823999985266,05,USME,59,ALFONSO LOPEZ,2022-01-01,00:00:00,MASCULINO,2022,1
-74.12585655499998,4.571286729849933,06,TUNJUELITO,42,VENECIA,2018-04-22,00:00:00,MASCULINO,2018,1
-74.14359656799996,4.554463614850459,19,CIUDAD BOLÍVAR,67,LUCERO,2021-12-10,00:00:00,MASCULINO,2021,1
-74.18498304799994,4.629351177848025,07,BOSA,84,BOSA OCCIDENTAL,2020-06-13,00:00:00,MASCULINO,2020,1
-74.15399999999994,4.552009999850567,19,CIUDAD BOLÍVAR,67,LUCERO,2022-01-31,00:00:00,MASCULINO,2022,1
-74.02691450799995,4.753164938844007,01,USAQUÉN,10,LA URIBE,2019-08-12,00:00:00,MASCULINO,2019,1
-74.04981954399994,4.682681752846309,02,CHAPINERO,97,CHICO LAGO,2019-08-11,00:00:00,MASCULINO,2019,1
-74.07896746799997,4.603107445848871,03,SANTA FE,93,LAS NIEVES,2018-02-21,00:00:00,MASCULINO,2018,1
-74.01878812799998,4.670523772846718,02,CHAPINERO,89,SAN ISIDRO - PATIOS,2020-11-17,00:00:00,MASCULINO,2020,1
-74.17283084699994,4.610362799848684,08,KENNEDY,48,TIMIZA,2020-12-25,00:00:00,MASCULINO,2020,1
-74.02339835099997,4.704353545845594,01,USAQUÉN,14,USAQUEN,2021-10-05,00:00:00,MASCULINO,2021,1
-74.09830999299999,4.547413653850686,04,SAN CRISTÓBAL,50,LA GLORIA,2018-03-20,00:00:00,MASCULINO,2018,1
-74.11570346799994,4.539037170851003,05,USME,56,DANUBIO,2019-10-13,00:00:00,MASCULINO,2019,1
-74.10194134199998,4.714772606845252,10,ENGATIVÁ,29,MINUTO DE DIOS,2020-10-17,00:00:00,MASCULINO,2020,1
-74.04111209299998,4.755377428843911,01,USAQUÉN,10,LA URIBE,2020-05-28,00:00:00,FEMENINO,2020,1
-74.12899999999996,4.740079999844422,11,SUBA,71,TIBABUYES,2022-12-23,00:00:00,MASCULINO,2022,1
-74.13361801699995,4.596995726849079,16,PUENTE ARANDA,41,MUZU,2019-11-15,00:00:00,MASCULINO,2019,1
-74.13927313799996,4.548635669850686,19,CIUDAD BOLÍVAR,67,LUCERO,2020-11-01,00:00:00,MASCULINO,2020,1
-74.19946963399997,4.601756546848924,07,BOSA,85,BOSA CENTRAL,2021-07-16,00:00:00,MASCULINO,2021,1
-74.11049999999994,4.585429999849449,18,RAFAEL URIBE URIBE,39,QUIROGA,2023-01-07,00:00:00,MASCULINO,2023,1
-74.15385793099995,4.538994621851004,19,CIUDAD BOLÍVAR,67,LUCERO,2021-04-11,00:00:00,MASCULINO,2021,1
-74.08105306999994,4.588529414849357,03,SANTA FE,95,LAS CRUCES,2021-02-21,00:00:00,MASCULINO,2021,1
-74.11420376399997,4.536549413851044,05,USME,56,DANUBIO,2021-04-10,00:00:00,MASCULINO,2021,1
-74.17958255599996,4.5806432228496154,19,CIUDAD BOLÍVAR,69,ISMAEL PERDOMO,2021-06-23,00:00:00,MASCULINO,2021,1
-74.11569999999995,4.500859999852218,05,USME,58,COMUNEROS,2023-03-06,00:00:00,MASCULINO,2023,1
-74.11425715499996,4.536639923851045,05,USME,56,DANUBIO,2018-10-17,00:00:00,MASCULINO,2018,1
-74.02778692299995,4.733393458844673,01,USAQUÉN,11,SAN CRISTOBAL NORTE,2019-05-22,00:00:00,MASCULINO,2019,1
-74.16717844399994,4.612883382848584,08,KENNEDY,48,TIMIZA,2019-01-16,00:00:00,MASCULINO,2019,1
-74.08859999999999,4.55015999985063,04,SAN CRISTÓBAL,32,SAN BLAS,2022-11-01,00:00:00,MASCULINO,2022,1
-74.16059999999999,4.634119999847885,08,KENNEDY,80,CORABASTOS,2023-08-06,00:00:00,MASCULINO,2023,1
-74.06859999999995,4.657399999847132,12,BARRIOS UNIDOS,98,LOS ALCAZARES,2023-05-05,00:00:00,MASCULINO,2023,1
-74.09843952499995,4.747901712844169,11,SUBA,27,SUBA,2020-02-16,00:00:00,MASCULINO,2020,1
-74.09603268599994,4.585170647849454,15,ANTONIO NARIÑO,38,RESTREPO,2018-01-05,00:00:00,MASCULINO,2018,1
-74.17448100799999,4.594493541849192,19,CIUDAD BOLÍVAR,69,ISMAEL PERDOMO,2018-07-27,00:00:00,MASCULINO,2018,1
-74.14188399199998,4.54802497285069,19,CIUDAD BOLÍVAR,67,LUCERO,2020-11-14,00:00:00,MASCULINO,2020,1
-74.12534587899995,4.671945495846635,09,FONTIBÓN,114,MODELIA,2020-09-21,00:00:00,MASCULINO,2020,1
-74.13459999999998,4.704749999845585,10,ENGATIVÁ,74,ENGATIVA,2023-02-23,00:00:00,FEMENINO,2023,1
-74.11659999999995,4.516089999851759,05,USME,57,GRAN YOMASA,2022-05-05,00:00:00,MASCULINO,2022,1
-74.19225011099996,4.633179375847905,07,BOSA,86,EL PORVENIR,2018-11-24,00:00:00,MASCULINO,2018,1
-74.16991490399994,4.573193754849857,19,CIUDAD BOLÍVAR,69,ISMAEL PERDOMO,2020-05-01,00:00:00,MASCULINO,2020,1
-74.16066950799996,4.543675011850831,19,CIUDAD BOLÍVAR,67,LUCERO,2018-12-04,00:00:00,FEMENINO,2018,1
-74.01566801899997,4.739963235844444,01,USAQUÉN,990,SIN UPZ USAQUEN,2018-09-01,00:00:00,MASCULINO,2018,1
-74.14136741299995,4.542544341850857,19,CIUDAD BOLÍVAR,68,EL TESORO,2019-05-01,00:00:00,MASCULINO,2019,1
-74.09878688199996,4.500128066852242,05,USME,59,ALFONSO LOPEZ,2019-03-20,00:00:00,MASCULINO,2019,1
-74.11360175399994,4.576292317849791,18,RAFAEL URIBE URIBE,36,SAN JOSE,2021-06-13,00:00:00,MASCULINO,2021,1
-74.14018960399994,4.58552045384948,06,TUNJUELITO,42,VENECIA,2019-01-10,00:00:00,MASCULINO,2019,1
-74.01595400699995,4.734177088844655,01,USAQUÉN,11,SAN CRISTOBAL NORTE,2021-01-18,00:00:00,MASCULINO,2021,1
-74.09936168099995,4.508971826851946,05,USME,57,GRAN YOMASA,2019-05-27,00:00:00,MASCULINO,2019,1
-74.19523626699998,4.632858406847953,07,BOSA,86,EL PORVENIR,2021-03-19,00:00:00,MASCULINO,2021,1
-74.08614974899996,4.60941030484868,14,LOS MÁRTIRES,102,LA SABANA,2018-11-11,00:00:00,MASCULINO,2018,1
-74.20568841499994,4.621683042848315,07,BOSA,84,BOSA OCCIDENTAL,2019-11-03,00:00:00,MASCULINO,2019,1
-74.10601228699994,4.74206213984435,11,SUBA,71,TIBABUYES,2020-10-17,00:00:00,MASCULINO,2020,1
-74.18177225399995,4.631593365847983,07,BOSA,84,BOSA OCCIDENTAL,2019-09-19,00:00:00,MASCULINO,2019,1
-74.11539999999997,4.565039999850152,18,RAFAEL URIBE URIBE,54,MARRUECOS,2023-09-08,00:00:00,FEMENINO,2023,1
-74.11870037799997,4.5578671538503785,18,RAFAEL URIBE URIBE,54,MARRUECOS,2018-12-03,00:00:00,MASCULINO,2018,1
-74.15419993599994,4.6349125338478325,08,KENNEDY,46,CASTILLA,2018-03-10,00:00:00,FEMENINO,2018,1
-74.11325711099994,4.51296081185185,05,USME,57,GRAN YOMASA,2020-11-04,00:00:00,MASCULINO,2020,1
-74.16861874099999,4.570173009849995,19,CIUDAD BOLÍVAR,70,JERUSALEM,2021-07-12,00:00:00,MASCULINO,2021,1
-74.16530224099995,4.560383358850308,19,CIUDAD BOLÍVAR,70,JERUSALEM,2020-08-23,00:00:00,MASCULINO,2020,1
-74.09062602899996,4.749558908844108,11,SUBA,27,SUBA,2020-08-20,00:00:00,MASCULINO,2020,1
-74.13838989799996,4.539648106850971,19,CIUDAD BOLÍVAR,68,EL TESORO,2021-08-20,00:00:00,MASCULINO,2021,1
-74.13113716899994,4.684821341846204,09,FONTIBÓN,115,CAPELLANIA,2019-09-25,00:00:00,MASCULINO,2019,1
-74.17926134799995,4.63279843784794,07,BOSA,84,BOSA OCCIDENTAL,2018-12-06,00:00:00,MASCULINO,2018,1
-74.11977941899994,4.750644362844092,11,SUBA,71,TIBABUYES,2019-12-16,00:00:00,FEMENINO,2019,1
-74.04140177099998,4.754607610843953,01,USAQUÉN,10,LA URIBE,2020-03-11,00:00:00,MASCULINO,2020,1
-74.09064148399995,4.566791726850088,04,SAN CRISTÓBAL,34,20 DE JULIO,2020-02-12,00:00:00,MASCULINO,2020,1
-74.16455834799996,4.633344989847934,08,KENNEDY,82,PATIO BONITO,2018-09-10,00:00:00,MASCULINO,2018,1
-74.07336169499996,4.5856656368494475,03,SANTA FE,96,LOURDES,2019-02-16,00:00:00,MASCULINO,2019,1
-74.18677866699994,4.625256436848201,07,BOSA,84,BOSA OCCIDENTAL,2021-04-22,00:00:00,MASCULINO,2021,1
-74.20317272099999,4.630279084847999,07,BOSA,87,TINTAL SUR,2020-12-09,00:00:00,MASCULINO,2020,1
-74.13224694399997,4.717659760845167,10,ENGATIVÁ,74,ENGATIVA,2020-06-27,00:00:00,MASCULINO,2020,1
-74.19434233099997,4.62005793084837,07,BOSA,84,BOSA OCCIDENTAL,2019-05-22,00:00:00,MASCULINO,2019,1
-74.19080632099997,4.619296241848397,07,BOSA,84,BOSA OCCIDENTAL,2018-04-08,00:00:00,MASCULINO,2018,1
-74.04837966399998,4.759273568843833,11,SUBA,17,SAN JOSE DE BAVARIA,2020-06-27,00:00:00,MASCULINO,2020,1
-74.14572061099994,4.550698989850606,19,CIUDAD BOLÍVAR,67,LUCERO,2020-01-03,00:00:00,MASCULINO,2020,1
-74.15459964699994,4.53866023185098,19,CIUDAD BOLÍVAR,67,LUCERO,2018-02-17,00:00:00,MASCULINO,2018,1
-74.12154368099993,4.586970984849414,18,RAFAEL URIBE URIBE,39,QUIROGA,2021-02-23,00:00:00,MASCULINO,2021,1
-74.03647907699997,4.754105928843977,01,USAQUÉN,10,LA URIBE,2018-12-23,00:00:00,FEMENINO,2018,1
-74.08885699099994,4.541266884850883,04,SAN CRISTÓBAL,51,LOS LIBERTADORES,2021-04-09,00:00:00,MASCULINO,2021,1
-74.09100607699997,4.572259254849917,04,SAN CRISTÓBAL,33,SOSIEGO,2021-02-13,00:00:00,MASCULINO,2021,1
-74.09118311899994,4.722583578845015,11,SUBA,28,EL RINCON,2019-04-22,00:00:00,MASCULINO,2019,1
-74.13752569199994,4.630713925847999,08,KENNEDY,113,BAVARIA,2019-03-16,00:00:00,MASCULINO,2019,1
-74.16064804999996,4.544295328850783,19,CIUDAD BOLÍVAR,67,LUCERO,2018-09-02,00:00:00,MASCULINO,2018,1
-74.11159526499995,4.572313331849875,18,RAFAEL URIBE URIBE,53,MARCO FIDEL SUAREZ,2019-08-17,00:00:00,MASCULINO,2019,1
-74.06579999999997,4.613879999848545,03,SANTA FE,92,LA MACARENA,2022-03-14,00:00:00,MASCULINO,2022,1
-74.15909999999997,4.63611999984783,08,KENNEDY,80,CORABASTOS,2022-12-25,00:00:00,MASCULINO,2022,1
-74.11251728899998,4.558431318850315,18,RAFAEL URIBE URIBE,54,MARRUECOS,2020-07-31,00:00:00,MASCULINO,2020,1
-74.14635664499997,4.557019422850392,19,CIUDAD BOLÍVAR,67,LUCERO,2018-01-28,00:00:00,MASCULINO,2018,1
-74.08029517799997,4.608911183848673,14,LOS MÁRTIRES,102,LA SABANA,2018-11-01,00:00:00,MASCULINO,2018,1
-74.15116139399998,4.683545440846259,09,FONTIBÓN,75,FONTIBON,2021-04-10,00:00:00,MASCULINO,2021,1
-74.13225575399997,4.613224729848584,08,KENNEDY,44,AMERICAS,2019-12-02,00:00:00,FEMENINO,2019,1
-74.10418212699994,4.6799317718463715,10,ENGATIVÁ,31,SANTA CECILIA,2020-09-09,00:00:00,MASCULINO,2020,1
-74.19348006199994,4.6360443488478085,07,BOSA,86,EL PORVENIR,2019-04-01,00:00:00,MASCULINO,2019,1
-74.18590633499997,4.634590233847849,07,BOSA,86,EL PORVENIR,2020-02-17,00:00:00,MASCULINO,2020,1
-74.10542570399997,4.577306077849731,18,RAFAEL URIBE URIBE,36,SAN JOSE,2018-05-17,00:00:00,MASCULINO,2018,1
-74.09279313799993,4.727380193844834,11,SUBA,28,EL RINCON,2018-04-04,00:00:00,MASCULINO,2018,1
-74.14975679299994,4.574310904849846,19,CIUDAD BOLÍVAR,65,ARBORIZADORA,2021-05-21,00:00:00,MASCULINO,2021,1
-74.19833802399995,4.620405735848347,07,BOSA,84,BOSA OCCIDENTAL,2021-08-13,00:00:00,MASCULINO,2021,1
-74.09549631399994,4.72212669284504,11,SUBA,28,EL RINCON,2020-06-21,00:00:00,MASCULINO,2020,1
-74.15979771499997,4.634782089847852,08,KENNEDY,80,CORABASTOS,2020-07-24,00:00:00,MASCULINO,2020,1
-74.21219999999994,4.610729999848642,07,BOSA,85,BOSA CENTRAL,2022-10-07,00:00:00,MASCULINO,2022,1
-74.14313643099996,4.561966330850248,19,CIUDAD BOLÍVAR,66,SAN FRANCISCO,2019-07-21,00:00:00,MASCULINO,2019,1
-74.12127760999994,4.744083441844293,11,SUBA,71,TIBABUYES,2018-06-29,00:00:00,MASCULINO,2018,1
-74.09217286499995,4.687489428846137,10,ENGATIVÁ,26,LAS FERIAS,2018-01-27,00:00:00,MASCULINO,2018,1
-74.21410965199993,4.615368668848464,07,BOSA,85,BOSA CENTRAL,2020-09-20,00:00:00,MASCULINO,2020,1
-74.10270050199995,4.486056750852695,05,USME,59,ALFONSO LOPEZ,2020-07-27,00:00:00,MASCULINO,2020,1
-74.19491565299995,4.638865424847746,07,BOSA,86,EL PORVENIR,2018-09-16,00:00:00,MASCULINO,2018,1
-74.21071949999998,4.638408900847742,07,BOSA,87,TINTAL SUR,2019-11-21,00:00:00,MASCULINO,2019,1
-74.11009678599999,4.5691094318500065,18,RAFAEL URIBE URIBE,53,MARCO FIDEL SUAREZ,2018-03-07,00:00:00,MASCULINO,2018,1
-74.09643394599993,4.631217424847978,13,TEUSAQUILLO,107,QUINTA PAREDES,2020-10-06,00:00:00,FEMENINO,2020,1
-74.07527312199994,4.6107151948486695,14,LOS MÁRTIRES,102,LA SABANA,2021-06-01,00:00:00,MASCULINO,2021,1
-74.10619273799995,4.490490215852581,05,USME,59,ALFONSO LOPEZ,2019-10-06,00:00:00,MASCULINO,2019,1
-74.12618812799997,4.697958582845816,10,ENGATIVÁ,74,ENGATIVA,2018-04-22,00:00:00,MASCULINO,2018,1
-74.11907165299993,4.710592091845414,10,ENGATIVÁ,73,GARCES NAVAS,2018-06-29,00:00:00,MASCULINO,2018,1
-74.10633832299999,4.602823156848904,16,PUENTE ARANDA,40,CIUDAD MONTES,2018-07-15,00:00:00,FEMENINO,2018,1
-74.15961398699994,4.620480042848323,08,KENNEDY,47,KENNEDY CENTRAL,2021-02-06,00:00:00,MASCULINO,2021,1
-74.10629999999998,4.633889999847909,16,PUENTE ARANDA,111,PUENTE ARANDA,2022-08-07,00:00:00,MASCULINO,2022,1
-74.20749999999998,4.623659999848204,07,BOSA,84,BOSA OCCIDENTAL,2022-05-14,00:00:00,MASCULINO,2022,1
-74.14374513699994,4.6070629158487915,08,KENNEDY,45,CARVAJAL,2021-10-03,00:00:00,MASCULINO,2021,1
-74.09403529199994,4.6922549308459764,10,ENGATIVÁ,30,BOYACA REAL,2021-11-12,00:00:00,MASCULINO,2021,1
-74.07323483499994,4.656136799847189,12,BARRIOS UNIDOS,98,LOS ALCAZARES,2019-10-19,00:00:00,MASCULINO,2019,1
-74.12344208399998,4.745233754844299,11,SUBA,71,TIBABUYES,2019-12-20,00:00:00,FEMENINO,2019,1
-74.16069833299997,4.63404746984788,08,KENNEDY,80,CORABASTOS,2021-01-21,00:00:00,MASCULINO,2021,1
-74.18786063899995,4.638045254847774,07,BOSA,86,EL PORVENIR,2019-01-21,00:00:00,MASCULINO,2019,1
-74.11739999999998,4.495239999852382,05,USME,58,COMUNEROS,2022-07-05,00:00:00,MASCULINO,2022,1
-74.11202797599998,4.56987945184999,18,RAFAEL URIBE URIBE,53,MARCO FIDEL SUAREZ,2018-06-24,00:00:00,MASCULINO,2018,1
-74.13669999999996,4.558689999850358,19,CIUDAD BOLÍVAR,67,LUCERO,2022-05-29,00:00:00,MASCULINO,2022,1
-74.08299999999997,4.540189999850946,04,SAN CRISTÓBAL,50,LA GLORIA,2022-04-21,00:00:00,MASCULINO,2022,1
-74.16059999999999,4.584599999849472,19,CIUDAD BOLÍVAR,69,ISMAEL PERDOMO,2022-06-19,00:00:00,MASCULINO,2022,1
-74.07349999999997,4.589389999849322,17,CANDELARIA,94,LA CANDELARIA,2022-05-29,00:00:00,MASCULINO,2022,1
-74.17039999999997,4.643279999847597,08,KENNEDY,82,PATIO BONITO,2022-04-26,00:00:00,FEMENINO,2022,1
-74.06439999999998,4.644409999847555,02,CHAPINERO,99,CHAPINERO,2022-03-15,00:00:00,MASCULINO,2022,1
-74.08639999999997,4.601409999848947,14,LOS MÁRTIRES,102,LA SABANA,2022-07-19,00:00:00,MASCULINO,2022,1
-74.13489999999996,4.5859899998494384,06,TUNJUELITO,42,VENECIA,2022-05-21,00:00:00,MASCULINO,2022,1
-74.10279999999995,4.491869999852527,05,USME,59,ALFONSO LOPEZ,2022-10-02,00:00:00,MASCULINO,2022,1
-74.07279999999997,4.6375999998477475,13,TEUSAQUILLO,100,GALERIAS,2022-07-15,00:00:00,MASCULINO,2022,1
-74.14449999999994,4.563159999850191,19,CIUDAD BOLÍVAR,66,SAN FRANCISCO,2022-03-26,00:00:00,MASCULINO,2022,1
-74.07739999999995,4.6132199998485905,14,LOS MÁRTIRES,102,LA SABANA,2022-06-11,00:00:00,FEMENINO,2022,1
-74.06289999999996,4.645029999847559,02,CHAPINERO,99,CHAPINERO,2022-04-09,00:00:00,MASCULINO,2022,1
-74.09389999999996,4.73534999984458,11,SUBA,28,EL RINCON,2022-07-08,00:00:00,MASCULINO,2022,1
-74.11899999999997,4.69408999984596,10,ENGATIVÁ,116,ALAMOS,2023-07-19,00:00:00,MASCULINO,2023,1
-74.14649999999995,4.569759999849962,19,CIUDAD BOLÍVAR,65,ARBORIZADORA,2022-04-24,00:00:00,MASCULINO,2022,1
-74.08006066899998,4.582301275849589,04,SAN CRISTÓBAL,33,SOSIEGO,2020-02-08,00:00:00,MASCULINO,2020,1
-74.10569921199993,4.4905971748525735,05,USME,59,ALFONSO LOPEZ,2018-05-19,00:00:00,MASCULINO,2018,1
-74.14539999999994,4.558309999850368,19,CIUDAD BOLÍVAR,66,SAN FRANCISCO,2022-10-01,00:00:00,MASCULINO,2022,1
-74.10338673699994,4.623257042848218,16,PUENTE ARANDA,108,ZONA INDUSTRIAL,2019-06-17,00:00:00,MASCULINO,2019,1
-74.15587580799996,4.572680254849862,19,CIUDAD BOLÍVAR,70,JERUSALEM,2019-10-26,00:00:00,MASCULINO,2019,1
-74.08834608999996,4.605183543848828,14,LOS MÁRTIRES,102,LA SABANA,2021-03-14,00:00:00,MASCULINO,2021,1
-74.07774464899995,4.609912685848655,14,LOS MÁRTIRES,102,LA SABANA,2021-12-23,00:00:00,MASCULINO,2021,1
-74.14139999999998,4.531389999851226,19,CIUDAD BOLÍVAR,UPR3,UPR RIO TUNJUELO,2022-10-29,00:00:00,MASCULINO,2022,1
-74.15346191499998,4.577891723849705,19,CIUDAD BOLÍVAR,65,ARBORIZADORA,2019-11-26,00:00:00,FEMENINO,2019,1
-74.05829999999997,4.716049999845225,11,SUBA,19,EL PRADO,2022-10-29,00:00:00,MASCULINO,2022,1
-74.13859999999994,4.641029999847668,08,KENNEDY,46,CASTILLA,2023-05-26,00:00:00,MASCULINO,2023,1
-74.12669999999997,4.741229999844382,11,SUBA,71,TIBABUYES,2022-01-30,00:00:00,MASCULINO,2022,1
-74.15319999999997,4.554059999850495,19,CIUDAD BOLÍVAR,67,LUCERO,2022-05-16,00:00:00,FEMENINO,2022,1
-74.07655163799996,4.612484623848584,14,LOS MÁRTIRES,102,LA SABANA,2018-03-06,00:00:00,MASCULINO,2018,1
-74.18194553499995,4.59070762884932,19,CIUDAD BOLÍVAR,69,ISMAEL PERDOMO,2018-02-11,00:00:00,MASCULINO,2018,1
-74.15913979299995,4.6367177788477845,08,KENNEDY,80,CORABASTOS,2019-05-21,00:00:00,MASCULINO,2019,1
-74.19614594099994,4.604746037848816,07,BOSA,85,BOSA CENTRAL,2018-08-04,00:00:00,MASCULINO,2018,1
-74.14493018799999,4.571991388849914,19,CIUDAD BOLÍVAR,65,ARBORIZADORA,2020-09-29,00:00:00,MASCULINO,2020,1
-74.10188295799998,4.509196434851935,05,USME,57,GRAN YOMASA,2019-05-27,00:00:00,MASCULINO,2019,1
-74.10680728799997,4.634455836847904,16,PUENTE ARANDA,111,PUENTE ARANDA,2020-10-19,00:00:00,MASCULINO,2020,1
-74.10264278799997,4.542141389850868,18,RAFAEL URIBE URIBE,55,DIANA TURBAY,2020-06-14,00:00:00,MASCULINO,2020,1
-74.09259608299999,4.7219885658450265,11,SUBA,28,EL RINCON,2020-11-28,00:00:00,MASCULINO,2020,1
-74.16583868299995,4.5606400358502786,19,CIUDAD BOLÍVAR,70,JERUSALEM,2018-09-06,00:00:00,MASCULINO,2018,1
-74.18795092299996,4.638391886847761,07,BOSA,86,EL PORVENIR,2019-03-01,00:00:00,MASCULINO,2019,1
-74.12248351499994,4.577735490849725,18,RAFAEL URIBE URIBE,39,QUIROGA,2019-03-20,00:00:00,MASCULINO,2019,1
-74.10272861899995,4.542440853850887,18,RAFAEL URIBE URIBE,55,DIANA TURBAY,2020-02-05,00:00:00,MASCULINO,2020,1
-74.17362301499998,4.639705976847713,08,KENNEDY,82,PATIO BONITO,2018-06-03,00:00:00,MASCULINO,2018,1
-74.13504907099997,4.534917693851122,19,CIUDAD BOLÍVAR,68,EL TESORO,2019-11-14,00:00:00,MASCULINO,2019,1
-74.11977621099999,4.556443955850432,18,RAFAEL URIBE URIBE,54,MARRUECOS,2018-12-13,00:00:00,MASCULINO,2018,1
-74.07590663499997,4.6072324738487715,03,SANTA FE,93,LAS NIEVES,2019-09-04,00:00:00,MASCULINO,2019,1
-74.13933180699996,4.551420899850564,19,CIUDAD BOLÍVAR,67,LUCERO,2018-07-29,00:00:00,MASCULINO,2018,1
-74.15884489699994,4.571937706849931,19,CIUDAD BOLÍVAR,70,JERUSALEM,2020-01-11,00:00:00,MASCULINO,2020,1
-74.15034041499996,4.557014389850413,19,CIUDAD BOLÍVAR,67,LUCERO,2020-11-11,00:00:00,FEMENINO,2020,1
-74.08853744999993,4.579901608849646,04,SAN CRISTÓBAL,33,SOSIEGO,2019-02-14,00:00:00,MASCULINO,2019,1
-74.11462282999997,4.632382948847927,16,PUENTE ARANDA,111,PUENTE ARANDA,2019-12-18,00:00:00,MASCULINO,2019,1
-74.11871332899995,4.559250529850319,18,RAFAEL URIBE URIBE,54,MARRUECOS,2018-04-18,00:00:00,FEMENINO,2018,1
-74.06842666099999,4.685506911846216,12,BARRIOS UNIDOS,21,LOS ANDES,2018-07-26,00:00:00,MASCULINO,2018,1
-74.14645873699999,4.625789261848175,08,KENNEDY,47,KENNEDY CENTRAL,2020-12-23,00:00:00,FEMENINO,2020,1
-74.01961766099998,4.736191311844588,01,USAQUÉN,11,SAN CRISTOBAL NORTE,2019-10-30,00:00:00,MASCULINO,2019,1
-74.09874479699994,4.485074779852734,05,USME,59,ALFONSO LOPEZ,2018-08-02,00:00:00,FEMENINO,2018,1
-74.16422750399994,4.637928685847778,08,KENNEDY,82,PATIO BONITO,2021-01-26,00:00:00,MASCULINO,2021,1
-74.12046377399997,4.7463606658442306,11,SUBA,71,TIBABUYES,2020-04-20,00:00:00,MASCULINO,2020,1
-74.10931657399993,4.5868831398494265,18,RAFAEL URIBE URIBE,39,QUIROGA,2020-08-18,00:00:00,MASCULINO,2020,1
-74.10839999999996,4.604119999848837,16,PUENTE ARANDA,40,CIUDAD MONTES,2022-08-09,00:00:00,MASCULINO,2022,1
-74.12259999999998,4.741459999844412,11,SUBA,71,TIBABUYES,2022-06-16,00:00:00,FEMENINO,2022,1
-74.08439999999996,4.543969999850824,04,SAN CRISTÓBAL,50,LA GLORIA,2022-09-03,00:00:00,MASCULINO,2022,1
-74.19063542099997,4.633890510847907,07,BOSA,86,EL PORVENIR,2018-03-04,00:00:00,MASCULINO,2018,1
-74.16559466299998,4.630341538847985,08,KENNEDY,80,CORABASTOS,2020-10-12,00:00:00,MASCULINO,2020,1
-74.16449583299999,4.631957690847931,08,KENNEDY,80,CORABASTOS,2021-09-14,00:00:00,MASCULINO,2021,1
-74.08709807099996,4.704423578845582,11,SUBA,25,LA FLORESTA,2018-03-28,00:00:00,MASCULINO,2018,1
-74.02019999999999,4.737669999844508,01,USAQUÉN,11,SAN CRISTOBAL NORTE,2023-01-22,00:00:00,MASCULINO,2023,1
-74.10449999999997,4.586299999849447,15,ANTONIO NARIÑO,38,RESTREPO,2022-10-27,00:00:00,MASCULINO,2022,1
-74.07890507699994,4.5869900088494,03,SANTA FE,95,LAS CRUCES,2019-06-30,00:00:00,FEMENINO,2019,1
-74.17869432899994,4.608737298848702,07,BOSA,85,BOSA CENTRAL,2019-08-24,00:00:00,MASCULINO,2019,1
-74.11609540699999,4.519823869851594,05,USME,57,GRAN YOMASA,2019-07-07,00:00:00,MASCULINO,2019,1
-74.16649103599997,4.694696156845931,09,FONTIBÓN,76,FONTIBON SAN PABLO,2019-11-27,00:00:00,MASCULINO,2019,1
-74.11659999999995,4.56827999985005,18,RAFAEL URIBE URIBE,53,MARCO FIDEL SUAREZ,2022-02-03,00:00:00,MASCULINO,2022,1
-74.12549999999999,4.71490999984524,10,ENGATIVÁ,73,GARCES NAVAS,2023-01-10,00:00:00,MASCULINO,2023,1
-74.16689999999994,4.567429999850066,19,CIUDAD BOLÍVAR,70,JERUSALEM,2022-05-19,00:00:00,MASCULINO,2022,1
-74.17663909399994,4.642626502847589,08,KENNEDY,82,PATIO BONITO,2020-03-08,00:00:00,MASCULINO,2020,1
-74.18496715699996,4.602190000848929,07,BOSA,85,BOSA CENTRAL,2018-11-25,00:00:00,MASCULINO,2018,1
-74.11487828199995,4.672567998846608,10,ENGATIVÁ,116,ALAMOS,2021-11-09,00:00:00,MASCULINO,2021,1
-74.07527307699996,4.585976699849466,03,SANTA FE,96,LOURDES,2021-12-25,00:00:00,MASCULINO,2021,1
-74.04767800699994,4.664257634846926,02,CHAPINERO,88,EL REFUGIO,2021-03-10,00:00:00,MASCULINO,2021,1
-74.07951465499997,4.589160547849344,03,SANTA FE,95,LAS CRUCES,2020-09-30,00:00:00,MASCULINO,2020,1
-74.08679752399996,4.602174685848942,14,LOS MÁRTIRES,102,LA SABANA,2020-10-04,00:00:00,MASCULINO,2020,1
-74.11600731099998,4.548163660850678,18,RAFAEL URIBE URIBE,54,MARRUECOS,2019-10-15,00:00:00,MASCULINO,2019,1
-74.14709999999997,4.540449999850907,19,CIUDAD BOLÍVAR,68,EL TESORO,2022-12-20,00:00:00,MASCULINO,2022,1
-74.15289999999999,4.544189999850836,19,CIUDAD BOLÍVAR,67,LUCERO,2022-12-18,00:00:00,MASCULINO,2022,1
-74.08393230899998,4.677183233846476,12,BARRIOS UNIDOS,22,DOCE DE OCTUBRE,2019-12-14,00:00:00,MASCULINO,2019,1
-74.17227188999993,4.64434669484753,08,KENNEDY,82,PATIO BONITO,2021-05-05,00:00:00,MASCULINO,2021,1
-74.09042745299996,4.516757977851698,05,USME,52,LA FLORA,2019-12-03,00:00:00,FEMENINO,2019,1
-74.19918123299993,4.634015795847869,07,BOSA,87,TINTAL SUR,2018-05-06,00:00:00,MASCULINO,2018,1
-74.12072196299994,4.593858674849175,16,PUENTE ARANDA,41,MUZU,2018-12-30,00:00:00,FEMENINO,2018,1
-74.13019999999995,4.687099999846157,09,FONTIBÓN,115,CAPELLANIA,2022-09-09,00:00:00,MASCULINO,2022,1
-74.16011000699996,4.634783056847859,08,KENNEDY,80,CORABASTOS,2021-08-06,00:00:00,MASCULINO,2021,1
-74.11869999999993,4.549579999850637,18,RAFAEL URIBE URIBE,54,MARRUECOS,2023-02-17,00:00:00,MASCULINO,2023,1
-74.16086262699997,4.543546670850837,19,CIUDAD BOLÍVAR,67,LUCERO,2020-09-13,00:00:00,MASCULINO,2020,1
-74.12443137699995,4.747338307844209,11,SUBA,71,TIBABUYES,2018-09-24,00:00:00,FEMENINO,2018,1
-74.15602254999999,4.575202913849796,19,CIUDAD BOLÍVAR,70,JERUSALEM,2019-03-14,00:00:00,MASCULINO,2019,1
-74.12283761199996,4.75287280384402,11,SUBA,71,TIBABUYES,2020-08-15,00:00:00,MASCULINO,2020,1
-74.07391429999996,4.607104717848788,03,SANTA FE,93,LAS NIEVES,2020-05-21,00:00:00,MASCULINO,2020,1
-74.13128397099996,4.59206076184928,06,TUNJUELITO,42,VENECIA,2019-01-17,00:00:00,FEMENINO,2019,1
-74.13128397099996,4.59206076184928,06,TUNJUELITO,42,VENECIA,2019-01-17,00:00:00,MASCULINO,2019,1
-74.08171259899996,4.615353441848513,14,LOS MÁRTIRES,102,LA SABANA,2019-11-21,00:00:00,MASCULINO,2019,1
-74.14531955799998,4.550986396850572,19,CIUDAD BOLÍVAR,67,LUCERO,2020-04-25,00:00:00,MASCULINO,2020,1
-74.18405033099998,4.6361482508478336,07,BOSA,86,EL PORVENIR,2018-04-24,00:00:00,MASCULINO,2018,1
-74.11798552799996,4.7422982488443575,11,SUBA,71,TIBABUYES,2018-03-19,00:00:00,MASCULINO,2018,1
-74.14719999999994,4.549519999850612,19,CIUDAD BOLÍVAR,67,LUCERO,2022-07-09,00:00:00,MASCULINO,2022,1
-74.18139363399996,4.635875598847816,07,BOSA,86,EL PORVENIR,2021-01-02,00:00:00,MASCULINO,2021,1
-74.11014064599993,4.684097937846252,10,ENGATIVÁ,31,SANTA CECILIA,2020-04-05,00:00:00,MASCULINO,2020,1
-74.11282079099993,4.652948199847247,09,FONTIBÓN,110,CIUDAD SALITRE OCCIDENTAL,2019-06-27,00:00:00,MASCULINO,2019,1
-74.07329999999996,4.56884999985001,04,SAN CRISTÓBAL,32,SAN BLAS,2023-04-14,00:00:00,MASCULINO,2023,1
-74.17100212299994,4.695323377845917,09,FONTIBÓN,77,ZONA FRANCA,2018-01-06,00:00:00,MASCULINO,2018,1
-74.07933598399995,4.54297185985082,04,SAN CRISTÓBAL,50,LA GLORIA,2020-05-17,00:00:00,MASCULINO,2020,1
-74.16955993199997,4.642892811847619,08,KENNEDY,82,PATIO BONITO,2021-07-15,00:00:00,MASCULINO,2021,1
-74.19434233099997,4.62005793084837,07,BOSA,84,BOSA OCCIDENTAL,2019-05-22,00:00:00,MASCULINO,2019,1
-74.16544685599996,4.623151911848217,08,KENNEDY,80,CORABASTOS,2020-02-09,00:00:00,FEMENINO,2020,1
-74.08764996299993,4.60292153784888,14,LOS MÁRTIRES,102,LA SABANA,2021-08-14,00:00:00,MASCULINO,2021,1
-74.02374574599997,4.765769729843594,01,USAQUÉN,9,VERBENAL,2021-03-01,00:00:00,MASCULINO,2021,1
-74.17903436399996,4.58720090284942,19,CIUDAD BOLÍVAR,69,ISMAEL PERDOMO,2018-01-01,00:00:00,MASCULINO,2018,1
-74.16294709999994,4.656372644847144,08,KENNEDY,78,TINTAL NORTE,2020-10-03,00:00:00,MASCULINO,2020,1
-74.15083933999995,4.541912866850901,19,CIUDAD BOLÍVAR,67,LUCERO,2018-01-01,00:00:00,MASCULINO,2018,1
-74.15947253399997,4.573622119849841,19,CIUDAD BOLÍVAR,70,JERUSALEM,2020-03-07,00:00:00,MASCULINO,2020,1
-74.11841439699998,4.745337527844263,11,SUBA,71,TIBABUYES,2021-06-18,00:00:00,MASCULINO,2021,1
-74.14447671199997,4.5597910508503015,19,CIUDAD BOLÍVAR,66,SAN FRANCISCO,2020-06-09,00:00:00,MASCULINO,2020,1
-74.07149507999998,4.605151554848802,03,SANTA FE,93,LAS NIEVES,2019-03-30,00:00:00,MASCULINO,2019,1
-74.11951517899996,4.633730364847925,16,PUENTE ARANDA,111,PUENTE ARANDA,2020-01-04,00:00:00,MASCULINO,2020,1
-74.10575802299996,4.565533010850135,18,RAFAEL URIBE URIBE,53,MARCO FIDEL SUAREZ,2018-08-29,00:00:00,MASCULINO,2018,1
-74.15837037999995,4.571637853849941,19,CIUDAD BOLÍVAR,70,JERUSALEM,2018-11-01,00:00:00,MASCULINO,2018,1
-74.11589211399996,4.508862329851966,05,USME,58,COMUNEROS,2021-10-07,00:00:00,MASCULINO,2021,1
-74.08424851999996,4.605588691848797,14,LOS MÁRTIRES,102,LA SABANA,2021-10-09,00:00:00,MASCULINO,2021,1
-74.09242176199996,4.675861794846535,10,ENGATIVÁ,26,LAS FERIAS,2021-08-21,00:00:00,MASCULINO,2021,1
-74.07911844799997,4.589593046849337,03,SANTA FE,95,LAS CRUCES,2021-09-06,00:00:00,MASCULINO,2021,1
-74.14904092599994,4.576063866849794,19,CIUDAD BOLÍVAR,65,ARBORIZADORA,2021-05-07,00:00:00,MASCULINO,2021,1
-74.16696183099998,4.608239614848734,08,KENNEDY,48,TIMIZA,2018-06-23,00:00:00,MASCULINO,2018,1
-74.13915925699996,4.545703201850742,19,CIUDAD BOLÍVAR,68,EL TESORO,2020-02-08,00:00:00,MASCULINO,2020,1
-74.20339999999999,4.62202999984828,07,BOSA,84,BOSA OCCIDENTAL,2022-12-08,00:00:00,MASCULINO,2022,1
-74.07629999999995,4.612109999848586,14,LOS MÁRTIRES,102,LA SABANA,2022-03-19,00:00:00,MASCULINO,2022,1
-74.19479999999999,4.642809999847611,07,BOSA,86,EL PORVENIR,2022-02-27,00:00:00,MASCULINO,2022,1
-74.11399999999998,4.5366599998510475,05,USME,56,DANUBIO,2022-12-17,00:00:00,MASCULINO,2022,1
-74.15309999999994,4.668379999846792,09,FONTIBÓN,77,ZONA FRANCA,2022-11-30,00:00:00,FEMENINO,2022,1
-74.08879999999994,4.725069999844953,11,SUBA,28,EL RINCON,2022-04-26,00:00:00,MASCULINO,2022,1
-74.14199999999994,4.546939999850733,19,CIUDAD BOLÍVAR,67,LUCERO,2022-08-06,00:00:00,FEMENINO,2022,1
-74.16859999999997,4.545079999850775,19,CIUDAD BOLÍVAR,UPR3,UPR RIO TUNJUELO,2022-10-24,00:00:00,MASCULINO,2022,1
-74.11169128299997,4.50936414185194,05,USME,57,GRAN YOMASA,2021-12-03,00:00:00,MASCULINO,2021,1
-74.08399999999995,4.685179999846235,10,ENGATIVÁ,26,LAS FERIAS,2022-07-27,00:00:00,MASCULINO,2022,1
-74.07769999999994,4.589009999849326,03,SANTA FE,95,LAS CRUCES,2022-05-16,00:00:00,MASCULINO,2022,1
-74.14749999999998,4.561969999850212,19,CIUDAD BOLÍVAR,66,SAN FRANCISCO,2022-05-12,00:00:00,MASCULINO,2022,1
-74.11599999999999,4.539729999850921,05,USME,56,DANUBIO,2022-04-14,00:00:00,MASCULINO,2022,1
-74.09699999999998,4.5598099998502795,04,SAN CRISTÓBAL,34,20 DE JULIO,2022-07-23,00:00:00,MASCULINO,2022,1
-74.06657622999995,4.646844697847476,13,TEUSAQUILLO,100,GALERIAS,2018-11-24,00:00:00,MASCULINO,2018,1
-74.11663525699998,4.600838506848966,16,PUENTE ARANDA,40,CIUDAD MONTES,2019-09-22,00:00:00,MASCULINO,2019,1
-74.15060104099996,4.5312432008512395,19,CIUDAD BOLÍVAR,68,EL TESORO,2019-01-20,00:00:00,MASCULINO,2019,1
-74.14131755599993,4.604772159848831,08,KENNEDY,45,CARVAJAL,2020-09-20,00:00:00,FEMENINO,2020,1
-74.20049999999998,4.620249999848342,07,BOSA,84,BOSA OCCIDENTAL,2022-05-31,00:00:00,MASCULINO,2022,1
-74.14468409299997,4.547332163850726,19,CIUDAD BOLÍVAR,67,LUCERO,2021-11-19,00:00:00,MASCULINO,2021,1
-74.10429999999997,4.505239999852099,05,USME,59,ALFONSO LOPEZ,2022-02-19,00:00:00,MASCULINO,2022,1
-74.07999999999998,4.626809999848107,13,TEUSAQUILLO,101,TEUSAQUILLO,2022-04-14,00:00:00,MASCULINO,2022,1
-74.13439999999997,4.568539999850009,06,TUNJUELITO,62,TUNJUELITO,2022-05-27,00:00:00,MASCULINO,2022,1
-74.16296972599997,4.5710270178499455,19,CIUDAD BOLÍVAR,70,JERUSALEM,2018-01-18,00:00:00,FEMENINO,2018,1
-74.17709610199995,4.62508257784818,07,BOSA,84,BOSA OCCIDENTAL,2021-07-18,00:00:00,MASCULINO,2021,1
-74.10899999999998,4.509939999851907,05,USME,57,GRAN YOMASA,2022-01-29,00:00:00,MASCULINO,2022,1
-74.11956070699995,4.715905533845231,10,ENGATIVÁ,73,GARCES NAVAS,2021-08-21,00:00:00,MASCULINO,2021,1
-74.12319817499997,4.520020436851575,05,USME,58,COMUNEROS,2019-05-19,00:00:00,MASCULINO,2019,1
-74.15993123199996,4.608692395848699,08,KENNEDY,48,TIMIZA,2019-02-16,00:00:00,MASCULINO,2019,1
-74.11219999999997,4.504649999852079,05,USME,58,COMUNEROS,2022-01-01,00:00:00,MASCULINO,2022,1
-74.16898371799994,4.595637300849154,19,CIUDAD BOLÍVAR,69,ISMAEL PERDOMO,2021-09-11,00:00:00,MASCULINO,2021,1
-74.14959999999996,4.62196999984826,08,KENNEDY,47,KENNEDY CENTRAL,2022-11-05,00:00:00,MASCULINO,2022,1
-74.10365824799999,4.538689746850976,18,RAFAEL URIBE URIBE,55,DIANA TURBAY,2020-03-06,00:00:00,MASCULINO,2020,1
-74.08739198399996,4.601074452848936,14,LOS MÁRTIRES,102,LA SABANA,2018-04-12,00:00:00,MASCULINO,2018,1
-74.14168402099995,4.602880932848905,08,KENNEDY,45,CARVAJAL,2019-09-14,00:00:00,MASCULINO,2019,1
-74.15472413099997,4.576029777849751,19,CIUDAD BOLÍVAR,65,ARBORIZADORA,2018-10-16,00:00:00,MASCULINO,2018,1
-74.03578429699996,4.765323882843629,01,USAQUÉN,9,VERBENAL,2021-07-18,00:00:00,MASCULINO,2021,1
-74.12263652999997,4.616363071848487,16,PUENTE ARANDA,43,SAN RAFAEL,2018-12-01,00:00:00,MASCULINO,2018,1
-74.14538241099996,4.6552529858472,08,KENNEDY,78,TINTAL NORTE,2021-05-05,00:00:00,MASCULINO,2021,1
-74.10909999999996,4.507099999852008,05,USME,57,GRAN YOMASA,2022-10-31,00:00:00,MASCULINO,2022,1
-74.07562895799998,4.611976654848594,14,LOS MÁRTIRES,102,LA SABANA,2019-04-21,00:00:00,MASCULINO,2019,1
-74.18293002699994,4.637281673847794,07,BOSA,86,EL PORVENIR,2021-04-01,00:00:00,MASCULINO,2021,1
-74.10233330799997,4.49405407485246,05,USME,59,ALFONSO LOPEZ,2018-07-08,00:00:00,MASCULINO,2018,1
-74.07561991999995,4.605730743848786,03,SANTA FE,93,LAS NIEVES,2021-04-10,00:00:00,MASCULINO,2021,1
-74.14689666099997,4.598626712849033,08,KENNEDY,45,CARVAJAL,2021-03-28,00:00:00,MASCULINO,2021,1
-74.11382390899996,4.695547688845856,10,ENGATIVÁ,30,BOYACA REAL,2019-11-11,00:00:00,MASCULINO,2019,1
-74.08500865699995,4.726829266844846,11,SUBA,28,EL RINCON,2020-07-12,00:00:00,MASCULINO,2020,1
-74.13191881699998,4.712007268845327,10,ENGATIVÁ,74,ENGATIVA,2021-01-30,00:00:00,FEMENINO,2021,1
-74.17360264499996,4.570251394849989,19,CIUDAD BOLÍVAR,70,JERUSALEM,2018-06-18,00:00:00,FEMENINO,2018,1
-74.19712174299997,4.634503394847846,07,BOSA,86,EL PORVENIR,2020-05-28,00:00:00,MASCULINO,2020,1
-74.08612287299997,4.544933279850802,04,SAN CRISTÓBAL,50,LA GLORIA,2019-12-25,00:00:00,MASCULINO,2019,1
-74.08557614699998,4.734797047844636,11,SUBA,28,EL RINCON,2019-05-05,00:00:00,MASCULINO,2019,1
-74.07229999999998,4.588499999849385,03,SANTA FE,96,LOURDES,2022-07-14,00:00:00,MASCULINO,2022,1
-74.15415159799994,4.5989123068490105,19,CIUDAD BOLÍVAR,65,ARBORIZADORA,2019-03-31,00:00:00,MASCULINO,2019,1
-74.15150626899998,4.548561476850645,19,CIUDAD BOLÍVAR,67,LUCERO,2018-10-07,00:00:00,MASCULINO,2018,1
-74.01846501399996,4.734814807844631,01,USAQUÉN,11,SAN CRISTOBAL NORTE,2021-02-03,00:00:00,MASCULINO,2021,1
-74.09546491399993,4.56231394885021,04,SAN CRISTÓBAL,34,20 DE JULIO,2021-04-25,00:00:00,MASCULINO,2021,1
-74.15286351799995,4.547262694850689,19,CIUDAD BOLÍVAR,67,LUCERO,2021-09-20,00:00:00,MASCULINO,2021,1
-74.14439383099995,4.607017164848779,08,KENNEDY,45,CARVAJAL,2019-05-10,00:00:00,MASCULINO,2019,1
-74.15972354599995,4.577774749849726,19,CIUDAD BOLÍVAR,70,JERUSALEM,2020-08-02,00:00:00,MASCULINO,2020,1
-74.11290598099998,4.542108751850881,18,RAFAEL URIBE URIBE,55,DIANA TURBAY,2021-03-21,00:00:00,MASCULINO,2021,1
-74.09661307599998,4.562150496850244,04,SAN CRISTÓBAL,34,20 DE JULIO,2018-08-19,00:00:00,FEMENINO,2018,1
-74.10857820999996,4.513667698851803,05,USME,57,GRAN YOMASA,2021-11-14,00:00:00,MASCULINO,2021,1
-74.19313436999994,4.623708326848207,07,BOSA,84,BOSA OCCIDENTAL,2021-06-25,00:00:00,MASCULINO,2021,1
-74.14120449899997,4.59151030484927,06,TUNJUELITO,42,VENECIA,2021-05-11,00:00:00,MASCULINO,2021,1
-74.14937139299997,4.538409590851014,19,CIUDAD BOLÍVAR,68,EL TESORO,2021-08-15,00:00:00,FEMENINO,2021,1
-74.10168983899996,4.5093889558519615,05,USME,57,GRAN YOMASA,2018-11-13,00:00:00,MASCULINO,2018,1
-74.15762993599998,4.575127052849832,19,CIUDAD BOLÍVAR,70,JERUSALEM,2018-09-17,00:00:00,MASCULINO,2018,1
-74.13723238999995,4.5356342758510895,19,CIUDAD BOLÍVAR,68,EL TESORO,2020-05-09,00:00:00,MASCULINO,2020,1
-74.09509708499996,4.74326561584432,11,SUBA,28,EL RINCON,2019-09-16,00:00:00,MASCULINO,2019,1
-74.07669999999996,4.613209999848558,14,LOS MÁRTIRES,102,LA SABANA,2022-03-21,00:00:00,MASCULINO,2022,1
-74.04779999999994,4.675899999846541,02,CHAPINERO,97,CHICO LAGO,2022-06-02,00:00:00,MASCULINO,2022,1
-74.17349999999993,4.5749999998498,19,CIUDAD BOLÍVAR,69,ISMAEL PERDOMO,2022-11-17,00:00:00,MASCULINO,2022,1
-74.15749999999997,4.573409999849828,19,CIUDAD BOLÍVAR,70,JERUSALEM,2022-01-29,00:00:00,MASCULINO,2022,1
-74.12309999999997,4.583749999849544,18,RAFAEL URIBE URIBE,39,QUIROGA,2022-05-22,00:00:00,FEMENINO,2022,1
-74.08479999999997,4.501329999852206,05,USME,52,LA FLORA,2022-12-28,00:00:00,MASCULINO,2022,1
-74.08159999999998,4.604169999848874,14,LOS MÁRTIRES,102,LA SABANA,2022-10-08,00:00:00,MASCULINO,2022,1
-74.11009999999999,4.553019999850532,18,RAFAEL URIBE URIBE,54,MARRUECOS,2022-05-02,00:00:00,FEMENINO,2022,1
-74.11839999999995,4.59886999984902,16,PUENTE ARANDA,41,MUZU,2022-08-30,00:00:00,MASCULINO,2022,1
-74.10929999999996,4.736919999844546,11,SUBA,71,TIBABUYES,2022-07-29,00:00:00,MASCULINO,2022,1
-74.10309999999998,4.497919999852284,05,USME,59,ALFONSO LOPEZ,2022-03-25,00:00:00,MASCULINO,2022,1
-74.09779999999995,4.506599999852034,05,USME,61,CIUDAD USME,2022-03-22,00:00:00,MASCULINO,2022,1
-74.02239999999995,4.762149999843748,01,USAQUÉN,990,SIN UPZ USAQUEN,2022-07-15,00:00:00,MASCULINO,2022,1
-74.07409999999999,4.632569999847927,13,TEUSAQUILLO,101,TEUSAQUILLO,2022-01-26,00:00:00,MASCULINO,2022,1
-74.09499999999997,4.729419999844794,11,SUBA,28,EL RINCON,2023-05-14,00:00:00,MASCULINO,2023,1
-74.13599359399996,4.709937386845394,10,ENGATIVÁ,74,ENGATIVA,2020-12-31,00:00:00,MASCULINO,2020,1
-74.19089999999994,4.63511999984783,07,BOSA,86,EL PORVENIR,2023-07-06,00:00:00,MASCULINO,2023,1
-74.13881232699998,4.590666058849304,06,TUNJUELITO,42,VENECIA,2020-02-01,00:00:00,FEMENINO,2020,1
-74.08162516199997,4.689794974846066,10,ENGATIVÁ,26,LAS FERIAS,2018-06-12,00:00:00,MASCULINO,2018,1
-74.12129274299997,4.524548655851439,05,USME,57,GRAN YOMASA,2021-11-11,00:00:00,MASCULINO,2021,1
-74.11735305899998,4.554889297850451,18,RAFAEL URIBE URIBE,54,MARRUECOS,2021-07-29,00:00:00,MASCULINO,2021,1
-74.14350241199998,4.563176043850197,19,CIUDAD BOLÍVAR,66,SAN FRANCISCO,2019-09-22,00:00:00,MASCULINO,2019,1
-74.18581428699997,4.604565584848841,07,BOSA,85,BOSA CENTRAL,2020-08-16,00:00:00,MASCULINO,2020,1
-74.11812381599998,4.547490186850701,18,RAFAEL URIBE URIBE,54,MARRUECOS,2018-08-16,00:00:00,MASCULINO,2018,1
-74.11652612199998,4.543238132850835,18,RAFAEL URIBE URIBE,55,DIANA TURBAY,2021-06-26,00:00:00,MASCULINO,2021,1
-74.08396930199996,4.599750874848993,14,LOS MÁRTIRES,102,LA SABANA,2021-01-07,00:00:00,MASCULINO,2021,1
-74.18413616099997,4.636554611847807,07,BOSA,86,EL PORVENIR,2019-10-02,00:00:00,MASCULINO,2019,1
-74.16329999999994,4.644929999847533,08,KENNEDY,79,CALANDAIMA,2022-01-31,00:00:00,MASCULINO,2022,1
-74.08189999999996,4.599899999848996,03,SANTA FE,93,LAS NIEVES,2023-05-31,00:00:00,MASCULINO,2023,1
-74.06442689799997,4.649423774847396,02,CHAPINERO,99,CHAPINERO,2019-02-04,00:00:00,MASCULINO,2019,1
-74.07634823099994,4.608921189848702,14,LOS MÁRTIRES,102,LA SABANA,2019-12-31,00:00:00,MASCULINO,2019,1
-74.10829999999999,4.593909999849192,15,ANTONIO NARIÑO,38,RESTREPO,2023-03-02,00:00:00,MASCULINO,2023,1
-74.12329999999997,4.702769999845641,10,ENGATIVÁ,73,GARCES NAVAS,2022-04-20,00:00:00,MASCULINO,2022,1
-74.02459999999996,4.765079999843647,01,USAQUÉN,9,VERBENAL,2022-10-26,00:00:00,FEMENINO,2022,1
-74.02649999999994,4.7391699998444805,01,USAQUÉN,11,SAN CRISTOBAL NORTE,2022-02-05,00:00:00,MASCULINO,2022,1
-74.11393964999996,4.739283193844464,11,SUBA,71,TIBABUYES,2020-03-15,00:00:00,MASCULINO,2020,1
-74.13799999999998,4.592949999849203,06,TUNJUELITO,42,VENECIA,2023-05-06,00:00:00,MASCULINO,2023,1
-74.08749999999998,4.506309999852035,05,USME,52,LA FLORA,2022-10-09,00:00:00,FEMENINO,2022,1
-74.12509999999997,4.577329999849754,18,RAFAEL URIBE URIBE,39,QUIROGA,2022-05-20,00:00:00,MASCULINO,2022,1
-74.18479999999994,4.632579999847959,07,BOSA,84,BOSA OCCIDENTAL,2022-01-25,00:00:00,MASCULINO,2022,1
-74.15762993599998,4.575832899849754,19,CIUDAD BOLÍVAR,70,JERUSALEM,2018-07-21,00:00:00,MASCULINO,2018,1
-74.09729999999996,4.725229999844943,11,SUBA,28,EL RINCON,2022-12-14,00:00:00,MASCULINO,2022,1
-74.17200168699998,4.604126845848855,08,KENNEDY,48,TIMIZA,2019-03-18,00:00:00,MASCULINO,2019,1
-74.17937199099998,4.6472742018474715,08,KENNEDY,82,PATIO BONITO,2019-08-10,00:00:00,MASCULINO,2019,1
-74.11419999999998,4.545999999850751,18,RAFAEL URIBE URIBE,55,DIANA TURBAY,2022-09-23,00:00:00,MASCULINO,2022,1
-74.12309999999997,4.572489999849914,18,RAFAEL URIBE URIBE,53,MARCO FIDEL SUAREZ,2023-08-07,00:00:00,MASCULINO,2023,1
-74.19159264799998,4.6413543468476615,07,BOSA,86,EL PORVENIR,2019-07-06,00:00:00,MASCULINO,2019,1
-74.17005593799996,4.579828477849629,19,CIUDAD BOLÍVAR,69,ISMAEL PERDOMO,2020-07-04,00:00:00,MASCULINO,2020,1
-74.16219999999998,4.613539999848563,08,KENNEDY,48,TIMIZA,2022-05-15,00:00:00,MASCULINO,2022,1
-74.06699999999995,4.627919999848113,02,CHAPINERO,99,CHAPINERO,2022-06-10,00:00:00,MASCULINO,2022,1
-74.15619999999996,4.589409999849337,06,TUNJUELITO,42,VENECIA,2022-02-19,00:00:00,MASCULINO,2022,1
-74.15419999999995,4.599039999849035,07,BOSA,49,APOGEO,2022-04-04,00:00:00,MASCULINO,2022,1
-74.16949999999997,4.643139999847614,08,KENNEDY,82,PATIO BONITO,2022-04-18,00:00:00,MASCULINO,2022,1
-74.12479999999994,4.742819999844346,11,SUBA,71,TIBABUYES,2022-10-09,00:00:00,MASCULINO,2022,1
-74.11229999999995,4.546279999850714,18,RAFAEL URIBE URIBE,55,DIANA TURBAY,2022-05-08,00:00:00,MASCULINO,2022,1
-74.17659999999995,4.591239999849258,19,CIUDAD BOLÍVAR,69,ISMAEL PERDOMO,2022-05-14,00:00:00,MASCULINO,2022,1
-74.16139999999996,4.572679999849877,19,CIUDAD BOLÍVAR,70,JERUSALEM,2022-11-22,00:00:00,MASCULINO,2022,1
-74.07849999999996,4.587969999849379,03,SANTA FE,95,LAS CRUCES,2022-05-08,00:00:00,MASCULINO,2022,1
-74.11409999999995,4.495619999852374,05,USME,58,COMUNEROS,2022-06-27,00:00:00,MASCULINO,2022,1
-74.13890479899999,4.670329799846706,09,FONTIBÓN,75,FONTIBON,2019-01-18,00:00:00,MASCULINO,2019,1
-74.20535427199997,4.6214445578483145,07,BOSA,87,TINTAL SUR,2019-10-11,00:00:00,MASCULINO,2019,1
-74.10999999999996,4.502069999852191,05,USME,58,COMUNEROS,2022-09-05,00:00:00,MASCULINO,2022,1
-74.19319999999993,4.622509999848242,07,BOSA,84,BOSA OCCIDENTAL,2022-04-03,00:00:00,MASCULINO,2022,1
-74.02320167699997,4.665698392846881,02,CHAPINERO,89,SAN ISIDRO - PATIOS,2021-12-29,00:00:00,MASCULINO,2021,1
-74.08089999999999,4.579149999849657,04,SAN CRISTÓBAL,33,SOSIEGO,2022-06-18,00:00:00,FEMENINO,2022,1
-74.09905452499999,4.578782124849669,18,RAFAEL URIBE URIBE,36,SAN JOSE,2021-08-31,00:00:00,MASCULINO,2021,1
-74.06059793099996,4.604836347848835,03,SANTA FE,992,SIN UPZ SANTA FE,2021-10-08,00:00:00,MASCULINO,2021,1
-74.18199999999996,4.629089999848074,07,BOSA,84,BOSA OCCIDENTAL,2022-05-08,00:00:00,FEMENINO,2022,1
-74.08349999999996,4.5912099998492755,03,SANTA FE,95,LAS CRUCES,2022-01-04,00:00:00,MASCULINO,2022,1
-74.15912921199998,4.5736435088498215,19,CIUDAD BOLÍVAR,70,JERUSALEM,2018-12-13,00:00:00,MASCULINO,2018,1
-74.17318688199998,4.642534637847589,08,KENNEDY,82,PATIO BONITO,2019-04-09,00:00:00,MASCULINO,2019,1
-74.13530137599997,4.538272945851018,19,CIUDAD BOLÍVAR,68,EL TESORO,2020-09-19,00:00:00,MASCULINO,2020,1
-74.16828027899999,4.627494547848127,08,KENNEDY,80,CORABASTOS,2018-04-21,00:00:00,MASCULINO,2018,1
-74.17125756799999,4.581507524849607,19,CIUDAD BOLÍVAR,69,ISMAEL PERDOMO,2018-04-10,00:00:00,FEMENINO,2018,1
-74.17205867199993,4.649532293847368,08,KENNEDY,79,CALANDAIMA,2018-10-20,00:00:00,MASCULINO,2018,1
-74.14305607599994,4.609429812848712,08,KENNEDY,45,CARVAJAL,2021-05-21,00:00:00,FEMENINO,2021,1
-74.14218056599998,4.5358764188510605,19,CIUDAD BOLÍVAR,68,EL TESORO,2018-05-28,00:00:00,MASCULINO,2018,1
-74.14818560099997,4.554041596850473,19,CIUDAD BOLÍVAR,67,LUCERO,2020-08-16,00:00:00,MASCULINO,2020,1
-74.14899487399998,4.5534807288505155,19,CIUDAD BOLÍVAR,67,LUCERO,2020-01-22,00:00:00,MASCULINO,2020,1
-74.15621970099994,4.538098733851034,19,CIUDAD BOLÍVAR,UPR3,UPR RIO TUNJUELO,2018-05-09,00:00:00,MASCULINO,2018,1
-74.15016207699995,4.568871267850028,19,CIUDAD BOLÍVAR,66,SAN FRANCISCO,2019-03-08,00:00:00,MASCULINO,2019,1
-74.11314799199994,4.6968308268458365,10,ENGATIVÁ,30,BOYACA REAL,2020-10-31,00:00:00,MASCULINO,2020,1
-74.16351295699997,4.635066701847879,08,KENNEDY,82,PATIO BONITO,2020-01-05,00:00:00,MASCULINO,2020,1
-74.07730708099996,4.607004527848777,03,SANTA FE,93,LAS NIEVES,2018-04-22,00:00:00,FEMENINO,2018,1
-74.09319999999997,4.615999999848463,16,PUENTE ARANDA,108,ZONA INDUSTRIAL,2022-10-08,00:00:00,MASCULINO,2022,1
-74.15729939199997,4.635052813847867,08,KENNEDY,80,CORABASTOS,2020-12-28,00:00:00,MASCULINO,2020,1
-74.14373724599994,4.56340478585017,19,CIUDAD BOLÍVAR,66,SAN FRANCISCO,2018-11-28,00:00:00,FEMENINO,2018,1
-74.19120557699995,4.618548772848384,07,BOSA,84,BOSA OCCIDENTAL,2021-07-11,00:00:00,MASCULINO,2021,1
-74.12619769299994,4.592930937849226,15,ANTONIO NARIÑO,38,RESTREPO,2020-05-09,00:00:00,MASCULINO,2020,1
-74.07595262599995,4.608268784848738,03,SANTA FE,93,LAS NIEVES,2019-08-22,00:00:00,MASCULINO,2019,1
-74.11241630699999,4.494746241852447,05,USME,58,COMUNEROS,2019-08-07,00:00:00,MASCULINO,2019,1
-74.18391250599996,4.6361435888478,07,BOSA,86,EL PORVENIR,2019-02-17,00:00:00,MASCULINO,2019,1
-74.12003899899997,4.561540014850249,18,RAFAEL URIBE URIBE,54,MARRUECOS,2018-02-16,00:00:00,MASCULINO,2018,1
-74.14509242299994,4.542044085850868,19,CIUDAD BOLÍVAR,67,LUCERO,2018-12-25,00:00:00,MASCULINO,2018,1
-74.13315697599995,4.613353058848582,08,KENNEDY,44,AMERICAS,2020-08-10,00:00:00,MASCULINO,2020,1
-74.13728565399998,4.559161526850349,19,CIUDAD BOLÍVAR,67,LUCERO,2020-12-11,00:00:00,MASCULINO,2020,1
-74.18849895799997,4.6317319238479735,07,BOSA,86,EL PORVENIR,2019-09-27,00:00:00,MASCULINO,2019,1
-74.13851690699994,4.559766235850285,19,CIUDAD BOLÍVAR,67,LUCERO,2018-09-16,00:00:00,MASCULINO,2018,1
-74.13905509299997,4.555627864850471,19,CIUDAD BOLÍVAR,67,LUCERO,2020-08-23,00:00:00,MASCULINO,2020,1
-74.10899463199996,4.543078960850845,18,RAFAEL URIBE URIBE,55,DIANA TURBAY,2019-12-21,00:00:00,MASCULINO,2019,1
-74.09237106499995,4.7229084108449975,11,SUBA,28,EL RINCON,2018-04-02,00:00:00,MASCULINO,2018,1
-74.15329999999994,4.535269999851077,19,CIUDAD BOLÍVAR,UPR3,UPR RIO TUNJUELO,2022-10-09,00:00:00,FEMENINO,2022,1
-74.13499999999993,4.720679999845088,10,ENGATIVÁ,73,GARCES NAVAS,2022-04-22,00:00:00,MASCULINO,2022,1
-74.14309999999995,4.5619299998502605,19,CIUDAD BOLÍVAR,66,SAN FRANCISCO,2022-03-06,00:00:00,MASCULINO,2022,1
-74.16289999999998,4.64048999984769,08,KENNEDY,82,PATIO BONITO,2022-10-12,00:00:00,MASCULINO,2022,1
-74.19489999999996,4.6168699998484595,07,BOSA,85,BOSA CENTRAL,2022-06-01,00:00:00,FEMENINO,2022,1
-74.09488949699994,4.563564687850172,04,SAN CRISTÓBAL,34,20 DE JULIO,2021-08-15,00:00:00,MASCULINO,2021,1
-74.15061733399995,4.564511305850146,19,CIUDAD BOLÍVAR,66,SAN FRANCISCO,2021-08-12,00:00:00,FEMENINO,2021,1
-74.18254997099996,4.629244194848068,07,BOSA,84,BOSA OCCIDENTAL,2021-04-03,00:00:00,MASCULINO,2021,1
-74.10558970799997,4.572756683849894,18,RAFAEL URIBE URIBE,36,SAN JOSE,2021-05-10,00:00:00,MASCULINO,2021,1
-74.08499999999998,4.501729999852208,05,USME,52,LA FLORA,2022-10-25,00:00:00,MASCULINO,2022,1
-74.09617080299995,4.754575640843945,11,SUBA,27,SUBA,2018-05-28,00:00:00,MASCULINO,2018,1
-74.10659999999996,4.690429999846051,10,ENGATIVÁ,30,BOYACA REAL,2022-12-04,00:00:00,MASCULINO,2022,1
-74.07963772799997,4.571364278849897,04,SAN CRISTÓBAL,32,SAN BLAS,2021-08-22,00:00:00,MASCULINO,2021,1
-74.14299613199995,4.559764313850313,19,CIUDAD BOLÍVAR,66,SAN FRANCISCO,2018-01-19,00:00:00,MASCULINO,2018,1
-74.17877619799998,4.593353950849204,19,CIUDAD BOLÍVAR,69,ISMAEL PERDOMO,2019-12-09,00:00:00,MASCULINO,2019,1
-74.11629999999997,4.5403899998509445,05,USME,56,DANUBIO,2023-07-20,00:00:00,MASCULINO,2023,1
-74.02029999999996,4.666399999846849,02,CHAPINERO,89,SAN ISIDRO - PATIOS,2022-08-19,00:00:00,MASCULINO,2022,1
-74.13493788899996,4.5814219858496195,06,TUNJUELITO,42,VENECIA,2018-09-18,00:00:00,MASCULINO,2018,1
-74.09549999999996,4.58304999984957,15,ANTONIO NARIÑO,35,CIUDAD JARDIN,2022-12-26,00:00:00,MASCULINO,2022,1
-74.11009999999999,4.7132499998453365,10,ENGATIVÁ,72,BOLIVIA,2023-01-22,00:00:00,MASCULINO,2023,1
-74.13739999999996,4.59370999984919,06,TUNJUELITO,42,VENECIA,2023-06-02,00:00:00,MASCULINO,2023,1
-74.11273314299996,4.553133585850524,18,RAFAEL URIBE URIBE,54,MARRUECOS,2020-08-17,00:00:00,MASCULINO,2020,1
-74.16843974599993,4.575761925849777,19,CIUDAD BOLÍVAR,69,ISMAEL PERDOMO,2018-06-10,00:00:00,MASCULINO,2018,1
-74.10399999999998,4.583849999849517,15,ANTONIO NARIÑO,38,RESTREPO,2022-10-06,00:00:00,MASCULINO,2022,1
-74.06559999999996,4.731279999844698,11,SUBA,23,CASA BLANCA SUBA,2022-11-21,00:00:00,MASCULINO,2022,1
-74.20295447299998,4.623447482848247,07,BOSA,84,BOSA OCCIDENTAL,2018-04-10,00:00:00,MASCULINO,2018,1
-74.17079999999999,4.5852299998494495,19,CIUDAD BOLÍVAR,69,ISMAEL PERDOMO,2022-01-21,00:00:00,MASCULINO,2022,1
-74.17805795599998,4.6511472538473,08,KENNEDY,82,PATIO BONITO,2019-11-13,00:00:00,MASCULINO,2019,1
-74.16056408399999,4.640601713847697,08,KENNEDY,82,PATIO BONITO,2019-03-20,00:00:00,MASCULINO,2019,1
-74.13669999999996,4.558689999850358,19,CIUDAD BOLÍVAR,67,LUCERO,2022-05-29,00:00:00,MASCULINO,2022,1
-74.14235903199994,4.604188896848838,08,KENNEDY,45,CARVAJAL,2019-09-01,00:00:00,MASCULINO,2019,1
-74.02144314599997,4.677363858846455,01,USAQUÉN,990,SIN UPZ USAQUEN,2019-12-25,00:00:00,FEMENINO,2019,1
-74.07429999999994,4.588079999849385,03,SANTA FE,96,LOURDES,2022-05-15,00:00:00,MASCULINO,2022,1
-74.17044900099995,4.570720111849962,19,CIUDAD BOLÍVAR,70,JERUSALEM,2020-12-22,00:00:00,MASCULINO,2020,1
-74.17839999999995,4.580679999849604,19,CIUDAD BOLÍVAR,69,ISMAEL PERDOMO,2022-03-27,00:00:00,MASCULINO,2022,1
-74.10079999999994,4.715409999845206,10,ENGATIVÁ,29,MINUTO DE DIOS,2022-12-31,00:00:00,MASCULINO,2022,1
-74.14086231399995,4.560042834850291,19,CIUDAD BOLÍVAR,67,LUCERO,2021-03-14,00:00:00,MASCULINO,2021,1
-74.13041159999995,4.604084978848864,16,PUENTE ARANDA,41,MUZU,2018-08-12,00:00:00,MASCULINO,2018,1
-74.09238155399999,4.753485482843975,11,SUBA,27,SUBA,2021-11-24,00:00:00,MASCULINO,2021,1
-74.16870436199997,4.64214539584762,08,KENNEDY,82,PATIO BONITO,2021-08-17,00:00:00,MASCULINO,2021,1
-74.09534666599995,4.544987791850764,04,SAN CRISTÓBAL,51,LOS LIBERTADORES,2018-05-28,00:00:00,MASCULINO,2018,1
-74.08659999999998,4.739209999844482,11,SUBA,27,SUBA,2022-12-19,00:00:00,MASCULINO,2022,1
-74.16250443199993,4.63699346184776,08,KENNEDY,82,PATIO BONITO,2018-03-18,00:00:00,MASCULINO,2018,1
-74.18484852399996,4.641962077847645,07,BOSA,86,EL PORVENIR,2020-12-31,00:00:00,MASCULINO,2020,1
-74.18854187299996,4.63477964984786,07,BOSA,86,EL PORVENIR,2020-05-31,00:00:00,MASCULINO,2020,1
-74.10985837099997,4.553183678850495,18,RAFAEL URIBE URIBE,54,MARRUECOS,2020-01-28,00:00:00,FEMENINO,2020,1
-74.14610945799996,4.540196973850915,19,CIUDAD BOLÍVAR,68,EL TESORO,2018-04-08,00:00:00,MASCULINO,2018,1
-74.10676711099995,4.667545426846793,10,ENGATIVÁ,31,SANTA CECILIA,2018-06-11,00:00:00,MASCULINO,2018,1
-74.14564925399998,4.599763496848983,08,KENNEDY,45,CARVAJAL,2021-06-13,00:00:00,MASCULINO,2021,1
-74.16937577899995,4.573033334849873,19,CIUDAD BOLÍVAR,69,ISMAEL PERDOMO,2018-07-01,00:00:00,MASCULINO,2018,1
-74.16029999999995,4.549719999850616,19,CIUDAD BOLÍVAR,67,LUCERO,2023-06-15,00:00:00,MASCULINO,2023,1
-74.09652849999998,4.564607609850152,04,SAN CRISTÓBAL,34,20 DE JULIO,2019-11-23,00:00:00,MASCULINO,2019,1
-74.08556198899998,4.6077036548487165,14,LOS MÁRTIRES,102,LA SABANA,2021-07-15,00:00:00,MASCULINO,2021,1
-74.16713741499996,4.576586774849773,19,CIUDAD BOLÍVAR,69,ISMAEL PERDOMO,2019-12-01,00:00:00,MASCULINO,2019,1
-74.15016892599994,4.5621330218502445,19,CIUDAD BOLÍVAR,66,SAN FRANCISCO,2018-05-22,00:00:00,MASCULINO,2018,1
-74.17045174599997,4.60088411184899,08,KENNEDY,48,TIMIZA,2019-04-27,00:00:00,MASCULINO,2019,1
-74.18374992299994,4.636618774847795,07,BOSA,86,EL PORVENIR,2018-01-30,00:00:00,MASCULINO,2018,1
-74.10686954999994,4.5807728268496035,18,RAFAEL URIBE URIBE,39,QUIROGA,2018-10-01,00:00:00,MASCULINO,2018,1
-74.15823845399996,4.637088355847786,08,KENNEDY,80,CORABASTOS,2021-02-15,00:00:00,MASCULINO,2021,1
-74.20665319399995,4.620902632848337,07,BOSA,84,BOSA OCCIDENTAL,2021-11-03,00:00:00,MASCULINO,2021,1
-74.14299702599999,4.5563773568504,19,CIUDAD BOLÍVAR,67,LUCERO,2019-12-29,00:00:00,MASCULINO,2019,1
-74.14132363099998,4.542388829850869,19,CIUDAD BOLÍVAR,68,EL TESORO,2020-08-14,00:00:00,MASCULINO,2020,1
-74.09147579899997,4.5937669438491815,14,LOS MÁRTIRES,37,SANTA ISABEL,2021-08-11,00:00:00,FEMENINO,2021,1
-74.19301458899997,4.617692205848445,07,BOSA,85,BOSA CENTRAL,2019-04-19,00:00:00,MASCULINO,2019,1
-74.15640273399998,4.6439172078475774,08,KENNEDY,79,CALANDAIMA,2018-08-16,00:00:00,FEMENINO,2018,1
-74.18617755299994,4.641532729847642,07,BOSA,86,EL PORVENIR,2020-01-22,00:00:00,MASCULINO,2020,1
-74.10846422499998,4.745284360844288,11,SUBA,71,TIBABUYES,2019-03-15,00:00:00,MASCULINO,2019,1
-74.16734283499994,4.610436033848634,08,KENNEDY,48,TIMIZA,2021-12-26,00:00:00,FEMENINO,2021,1
-74.08886377999994,4.545942197850743,04,SAN CRISTÓBAL,50,LA GLORIA,2021-07-31,00:00:00,MASCULINO,2021,1
-74.08696283099994,4.601908603848958,14,LOS MÁRTIRES,102,LA SABANA,2019-12-14,00:00:00,MASCULINO,2019,1
-74.16215316699999,4.6538489918472585,08,KENNEDY,78,TINTAL NORTE,2020-03-05,00:00:00,FEMENINO,2020,1
-74.11142388899998,4.494452105852427,05,USME,58,COMUNEROS,2018-02-02,00:00:00,MASCULINO,2018,1
-74.13765200099994,4.534948288851112,19,CIUDAD BOLÍVAR,UPR3,UPR RIO TUNJUELO,2018-11-17,00:00:00,MASCULINO,2018,1
-74.07134691499994,4.586729888849406,03,SANTA FE,96,LOURDES,2019-11-10,00:00:00,MASCULINO,2019,1
-74.15437276199998,4.635825199847836,08,KENNEDY,80,CORABASTOS,2021-05-12,00:00:00,MASCULINO,2021,1
-74.06048698099994,4.6522862748473,02,CHAPINERO,97,CHICO LAGO,2021-11-10,00:00:00,MASCULINO,2021,1
-74.13709999999998,4.7132799998453105,10,ENGATIVÁ,74,ENGATIVA,2022-12-23,00:00:00,MASCULINO,2022,1
-74.06661914599994,4.646759148847472,13,TEUSAQUILLO,100,GALERIAS,2019-06-05,00:00:00,MASCULINO,2019,1
-74.15757946099995,4.600666168848944,07,BOSA,49,APOGEO,2019-08-17,00:00:00,MASCULINO,2019,1
-74.09816176299995,4.739388911844455,11,SUBA,28,EL RINCON,2018-05-29,00:00:00,MASCULINO,2018,1
-74.07908751599996,4.608544686848727,14,LOS MÁRTIRES,102,LA SABANA,2020-01-25,00:00:00,MASCULINO,2020,1
-74.08727361599995,4.688244155846125,10,ENGATIVÁ,26,LAS FERIAS,2021-07-17,00:00:00,FEMENINO,2021,1
-74.08992416399997,4.516474033851719,05,USME,52,LA FLORA,2019-03-03,00:00:00,MASCULINO,2019,1
-74.05897747599994,4.665367680846836,02,CHAPINERO,97,CHICO LAGO,2019-04-02,00:00:00,MASCULINO,2019,1
-74.03621897599999,4.74014561584445,01,USAQUÉN,12,TOBERIN,2019-12-19,00:00:00,MASCULINO,2019,1
-74.15685368799996,4.623925760848236,08,KENNEDY,47,KENNEDY CENTRAL,2021-05-11,00:00:00,FEMENINO,2021,1
-74.11543214099999,4.709830251845448,10,ENGATIVÁ,73,GARCES NAVAS,2018-10-26,00:00:00,MASCULINO,2018,1
-74.14495279899995,4.553179480850499,19,CIUDAD BOLÍVAR,67,LUCERO,2021-10-31,00:00:00,MASCULINO,2021,1
-74.11089999999996,4.578039999849702,18,RAFAEL URIBE URIBE,39,QUIROGA,2022-04-26,00:00:00,MASCULINO,2022,1
-74.09376468499994,4.569577730849974,04,SAN CRISTÓBAL,34,20 DE JULIO,2021-08-19,00:00:00,MASCULINO,2021,1
-74.10711730599996,4.545825543850733,18,RAFAEL URIBE URIBE,55,DIANA TURBAY,2018-02-03,00:00:00,MASCULINO,2018,1
-74.11446210899999,4.573151680849887,18,RAFAEL URIBE URIBE,53,MARCO FIDEL SUAREZ,2020-09-28,00:00:00,MASCULINO,2020,1
-74.09784482399994,4.747566877844186,11,SUBA,28,EL RINCON,2019-01-06,00:00:00,MASCULINO,2019,1
-74.17465290699994,4.6475975638474205,08,KENNEDY,82,PATIO BONITO,2019-09-12,00:00:00,FEMENINO,2019,1
-74.14119148999998,4.564338139850179,19,CIUDAD BOLÍVAR,66,SAN FRANCISCO,2019-07-25,00:00:00,MASCULINO,2019,1
-74.09602926399998,4.710564256845394,10,ENGATIVÁ,29,MINUTO DE DIOS,2020-10-23,00:00:00,MASCULINO,2020,1
-74.17387017099998,4.643764763847542,08,KENNEDY,82,PATIO BONITO,2018-10-16,00:00:00,MASCULINO,2018,1
-74.13529999999997,4.7091499998454145,10,ENGATIVÁ,74,ENGATIVA,2023-01-24,00:00:00,MASCULINO,2023,1
-74.11659999999995,4.49599999985237,05,USME,58,COMUNEROS,2022-12-14,00:00:00,MASCULINO,2022,1
-74.15859999999998,4.554979999850467,19,CIUDAD BOLÍVAR,67,LUCERO,2023-05-28,00:00:00,MASCULINO,2023,1
-74.11312658699995,4.511255867851871,05,USME,57,GRAN YOMASA,2020-02-28,00:00:00,MASCULINO,2020,1
-74.07769999999994,4.615569999848491,14,LOS MÁRTIRES,102,LA SABANA,2022-07-31,00:00:00,MASCULINO,2022,1
-74.07230881699996,4.6056435068487875,03,SANTA FE,93,LAS NIEVES,2020-10-05,00:00:00,FEMENINO,2020,1
-74.12399999999997,4.7454099998442665,11,SUBA,71,TIBABUYES,2023-03-02,00:00:00,MASCULINO,2023,1
-74.19210763199999,4.641279491847626,07,BOSA,86,EL PORVENIR,2019-03-22,00:00:00,MASCULINO,2019,1
-74.17569999999995,4.650679999847316,08,KENNEDY,82,PATIO BONITO,2022-05-11,00:00:00,MASCULINO,2022,1
-74.10601193799994,4.6505212048473785,09,FONTIBÓN,110,CIUDAD SALITRE OCCIDENTAL,2021-11-22,00:00:00,MASCULINO,2021,1
-74.15976054599997,4.638582046847745,08,KENNEDY,82,PATIO BONITO,2020-10-06,00:00:00,MASCULINO,2020,1
-74.16910764499994,4.646590455847503,08,KENNEDY,79,CALANDAIMA,2021-08-29,00:00:00,MASCULINO,2021,1
-74.14884696799999,4.598704893849021,08,KENNEDY,45,CARVAJAL,2019-08-16,00:00:00,MASCULINO,2019,1
-74.17539999999997,4.577159999849742,19,CIUDAD BOLÍVAR,69,ISMAEL PERDOMO,2022-05-14,00:00:00,MASCULINO,2022,1
-74.14239999999995,4.641169999847657,08,KENNEDY,46,CASTILLA,2022-05-07,00:00:00,MASCULINO,2022,1
-74.13659999999999,4.560789999850274,19,CIUDAD BOLÍVAR,67,LUCERO,2022-05-05,00:00:00,MASCULINO,2022,1
-74.10155076299998,4.577758056849705,18,RAFAEL URIBE URIBE,36,SAN JOSE,2020-11-10,00:00:00,MASCULINO,2020,1
-74.10459335199994,4.548745726850657,18,RAFAEL URIBE URIBE,55,DIANA TURBAY,2021-05-12,00:00:00,MASCULINO,2021,1
-74.18889999999993,4.621269999848297,07,BOSA,84,BOSA OCCIDENTAL,2023-01-25,00:00:00,MASCULINO,2023,1
-74.06402364999997,4.713925748845292,11,SUBA,19,EL PRADO,2018-05-20,00:00:00,MASCULINO,2018,1
-74.16709999999995,4.628459999848095,08,KENNEDY,80,CORABASTOS,2022-05-04,00:00:00,MASCULINO,2022,1
-74.11075503399996,4.73536653984457,11,SUBA,71,TIBABUYES,2020-03-07,00:00:00,MASCULINO,2020,1
-74.08009999999996,4.603529999848863,14,LOS MÁRTIRES,102,LA SABANA,2022-10-09,00:00:00,MASCULINO,2022,1
-74.10049999999995,4.5706999998499445,18,RAFAEL URIBE URIBE,36,SAN JOSE,2023-08-24,00:00:00,MASCULINO,2023,1
-74.19336877799998,4.637647001847768,07,BOSA,86,EL PORVENIR,2021-02-03,00:00:00,MASCULINO,2021,1
-74.06709999999998,4.585059999849488,03,SANTA FE,96,LOURDES,2022-10-30,00:00:00,FEMENINO,2022,1
-74.09760040399993,4.606498924848779,14,LOS MÁRTIRES,102,LA SABANA,2018-05-05,00:00:00,FEMENINO,2018,1
-74.17220438699997,4.586009917849454,19,CIUDAD BOLÍVAR,69,ISMAEL PERDOMO,2019-03-05,00:00:00,MASCULINO,2019,1
-74.08419999999995,4.567159999850068,04,SAN CRISTÓBAL,32,SAN BLAS,2022-12-06,00:00:00,MASCULINO,2022,1
-74.10216190699998,4.509773998851944,05,USME,57,GRAN YOMASA,2019-09-08,00:00:00,FEMENINO,2019,1
-74.11263530599996,4.561802877850226,18,RAFAEL URIBE URIBE,54,MARRUECOS,2020-09-01,00:00:00,MASCULINO,2020,1
-74.13137322999995,4.709463746845411,10,ENGATIVÁ,74,ENGATIVA,2019-04-18,00:00:00,MASCULINO,2019,1
-74.13128397099996,4.59206076184928,06,TUNJUELITO,42,VENECIA,2019-01-17,00:00:00,MASCULINO,2019,1
-74.16537585399993,4.6292037158480595,08,KENNEDY,80,CORABASTOS,2021-08-18,00:00:00,MASCULINO,2021,1
-74.07878990099994,4.614447191848529,14,LOS MÁRTIRES,102,LA SABANA,2020-02-22,00:00:00,MASCULINO,2020,1
-74.02394020699995,4.760435930843799,01,USAQUÉN,9,VERBENAL,2020-09-27,00:00:00,MASCULINO,2020,1
-74.11935769099995,4.5244711648514295,05,USME,57,GRAN YOMASA,2020-01-22,00:00:00,MASCULINO,2020,1
-74.09000400099995,4.593111715849232,14,LOS MÁRTIRES,37,SANTA ISABEL,2018-01-12,00:00:00,FEMENINO,2018,1
-74.10752946599996,4.550426870850628,18,RAFAEL URIBE URIBE,55,DIANA TURBAY,2021-04-29,00:00:00,MASCULINO,2021,1
-74.19956208499997,4.639025688847731,07,BOSA,86,EL PORVENIR,2019-10-24,00:00:00,MASCULINO,2019,1
-74.17354417999996,4.640449989847659,08,KENNEDY,82,PATIO BONITO,2018-01-14,00:00:00,MASCULINO,2018,1
-74.09549999999996,4.558119999850341,04,SAN CRISTÓBAL,34,20 DE JULIO,2022-08-10,00:00:00,MASCULINO,2022,1
-74.12599999999998,4.579159999849684,18,RAFAEL URIBE URIBE,39,QUIROGA,2023-07-10,00:00:00,MASCULINO,2023,1
-74.13199905499994,4.720542667845081,10,ENGATIVÁ,73,GARCES NAVAS,2019-01-10,00:00:00,MASCULINO,2019,1
-74.18591512099994,4.629416366848021,07,BOSA,84,BOSA OCCIDENTAL,2021-12-11,00:00:00,MASCULINO,2021,1
-74.09089999999998,4.623779999848237,16,PUENTE ARANDA,108,ZONA INDUSTRIAL,2022-09-24,00:00:00,MASCULINO,2022,1
-74.20459999999997,4.620379999848353,07,BOSA,87,TINTAL SUR,2023-04-24,00:00:00,MASCULINO,2023,1
-74.12729645299999,4.744335347844303,11,SUBA,71,TIBABUYES,2019-05-25,00:00:00,MASCULINO,2019,1
-74.05247727699998,4.70002840684574,01,USAQUÉN,16,SANTA BARBARA,2020-07-14,00:00:00,FEMENINO,2020,1
-74.13706295299994,4.5656513568500925,06,TUNJUELITO,62,TUNJUELITO,2020-11-19,00:00:00,MASCULINO,2020,1
-74.08532668299995,4.603534127848872,14,LOS MÁRTIRES,102,LA SABANA,2018-03-01,00:00:00,MASCULINO,2018,1
-74.07624933099999,4.5998973338489915,17,CANDELARIA,94,LA CANDELARIA,2019-11-03,00:00:00,MASCULINO,2019,1
-74.05571563499996,4.674634044846579,02,CHAPINERO,97,CHICO LAGO,2019-07-13,00:00:00,MASCULINO,2019,1
-74.06989999999996,4.609179999848684,03,SANTA FE,93,LAS NIEVES,2022-10-20,00:00:00,MASCULINO,2022,1
-74.16928233899995,4.573071893849891,19,CIUDAD BOLÍVAR,69,ISMAEL PERDOMO,2019-12-11,00:00:00,MASCULINO,2019,1
-74.16539199299996,4.629938177848005,08,KENNEDY,80,CORABASTOS,2018-02-02,00:00:00,MASCULINO,2018,1
-74.09895262399993,4.607193171848765,16,PUENTE ARANDA,40,CIUDAD MONTES,2019-03-03,00:00:00,MASCULINO,2019,1
-74.16979999999995,4.6287899998480455,08,KENNEDY,80,CORABASTOS,2023-07-05,00:00:00,MASCULINO,2023,1
-74.13854699999996,4.552970870850546,19,CIUDAD BOLÍVAR,67,LUCERO,2020-11-12,00:00:00,MASCULINO,2020,1
-74.08055500999996,4.60089396984899,03,SANTA FE,93,LAS NIEVES,2020-02-25,00:00:00,MASCULINO,2020,1
-74.13529040199995,4.714374565845285,10,ENGATIVÁ,74,ENGATIVA,2020-07-28,00:00:00,MASCULINO,2020,1
-74.19609999999994,4.6196099998483335,07,BOSA,84,BOSA OCCIDENTAL,2022-04-22,00:00:00,MASCULINO,2022,1
-74.03742995799996,4.757826435843882,01,USAQUÉN,9,VERBENAL,2021-08-24,00:00:00,MASCULINO,2021,1
-74.13359999999994,4.710219999845413,10,ENGATIVÁ,74,ENGATIVA,2022-11-08,00:00:00,MASCULINO,2022,1
-74.10789282299999,4.549598198850644,18,RAFAEL URIBE URIBE,55,DIANA TURBAY,2019-09-21,00:00:00,MASCULINO,2019,1
-74.02323757699997,4.742446897844343,01,USAQUÉN,10,LA URIBE,2018-12-15,00:00:00,MASCULINO,2018,1
-74.12896503399998,4.700755274845728,10,ENGATIVÁ,74,ENGATIVA,2021-04-02,00:00:00,MASCULINO,2021,1
-74.15649999999994,4.546789999850723,19,CIUDAD BOLÍVAR,67,LUCERO,2022-11-20,00:00:00,FEMENINO,2022,1
-74.10991156099993,4.693349170845927,10,ENGATIVÁ,30,BOYACA REAL,2021-06-12,00:00:00,MASCULINO,2021,1
-74.08421035699996,4.568490353850033,04,SAN CRISTÓBAL,32,SAN BLAS,2020-05-22,00:00:00,MASCULINO,2020,1
-74.17969999999997,4.5913599998492955,19,CIUDAD BOLÍVAR,69,ISMAEL PERDOMO,2022-09-20,00:00:00,MASCULINO,2022,1
-74.09139999999996,4.585609999849442,15,ANTONIO NARIÑO,35,CIUDAD JARDIN,2022-06-15,00:00:00,MASCULINO,2022,1
-74.01508866099994,4.744539457844316,01,USAQUÉN,990,SIN UPZ USAQUEN,2021-06-12,00:00:00,MASCULINO,2021,1
-74.08899999999994,4.588249999849398,15,ANTONIO NARIÑO,35,CIUDAD JARDIN,2022-05-26,00:00:00,MASCULINO,2022,1
-74.16209999999995,4.618369999848373,08,KENNEDY,47,KENNEDY CENTRAL,2022-07-01,00:00:00,MASCULINO,2022,1
-74.14639999999997,4.543379999850859,19,CIUDAD BOLÍVAR,67,LUCERO,2023-02-10,00:00:00,MASCULINO,2023,1
-74.17306620299996,4.570037499849998,19,CIUDAD BOLÍVAR,70,JERUSALEM,2019-12-03,00:00:00,MASCULINO,2019,1
-74.15154164899997,4.541678176850893,19,CIUDAD BOLÍVAR,67,LUCERO,2021-12-22,00:00:00,MASCULINO,2021,1
-74.14479999999998,4.538139999851014,19,CIUDAD BOLÍVAR,68,EL TESORO,2022-09-12,00:00:00,MASCULINO,2022,1
-74.16369356399997,4.631608412847958,08,KENNEDY,80,CORABASTOS,2021-10-15,00:00:00,MASCULINO,2021,1
-74.11962977299999,4.749865658844093,11,SUBA,71,TIBABUYES,2018-12-11,00:00:00,MASCULINO,2018,1
-74.07470180799999,4.612840457848579,14,LOS MÁRTIRES,102,LA SABANA,2021-11-17,00:00:00,MASCULINO,2021,1
-74.19282116299996,4.625095201848199,07,BOSA,84,BOSA OCCIDENTAL,2018-05-03,00:00:00,MASCULINO,2018,1
-74.18319999999994,4.6327699998479295,07,BOSA,84,BOSA OCCIDENTAL,2022-05-30,00:00:00,MASCULINO,2022,1
-74.12909999999994,4.61428999984852,08,KENNEDY,44,AMERICAS,2022-05-21,00:00:00,MASCULINO,2022,1
-74.09131575499998,4.60611801584878,14,LOS MÁRTIRES,102,LA SABANA,2020-12-26,00:00:00,MASCULINO,2020,1
-74.09092659699996,4.506021455852052,05,USME,52,LA FLORA,2019-02-02,00:00:00,MASCULINO,2019,1
-74.17759999999998,4.594119999849172,19,CIUDAD BOLÍVAR,69,ISMAEL PERDOMO,2022-05-08,00:00:00,MASCULINO,2022,1
-74.11496989599993,4.4934500948524825,05,USME,58,COMUNEROS,2021-08-24,00:00:00,MASCULINO,2021,1
-74.17449859199996,4.621533659848317,08,KENNEDY,81,GRAN BRITALIA,2019-05-30,00:00:00,FEMENINO,2019,1
-74.11471155499999,4.573731866849854,18,RAFAEL URIBE URIBE,53,MARCO FIDEL SUAREZ,2020-08-17,00:00:00,MASCULINO,2020,1
-74.07952430799998,4.6178770898484025,14,LOS MÁRTIRES,102,LA SABANA,2021-02-15,00:00:00,MASCULINO,2021,1
-74.13659999999999,4.556519999850397,19,CIUDAD BOLÍVAR,67,LUCERO,2023-02-12,00:00:00,MASCULINO,2023,1
-74.16474289799999,4.630863192847973,08,KENNEDY,80,CORABASTOS,2018-04-23,00:00:00,MASCULINO,2018,1
-74.17639999999994,4.6091199998487244,08,KENNEDY,48,TIMIZA,2023-07-23,00:00:00,MASCULINO,2023,1
-74.08881249199999,4.5007423258522,05,USME,52,LA FLORA,2018-06-11,00:00:00,MASCULINO,2018,1
-74.17408299199997,4.644579191847533,08,KENNEDY,82,PATIO BONITO,2019-04-08,00:00:00,MASCULINO,2019,1
-74.12865687699997,4.743187399844358,11,SUBA,71,TIBABUYES,2019-12-23,00:00:00,MASCULINO,2019,1
-74.15229999999997,4.551989999850552,19,CIUDAD BOLÍVAR,67,LUCERO,2022-05-06,00:00:00,MASCULINO,2022,1
-74.16394837599995,4.608287816848745,08,KENNEDY,48,TIMIZA,2018-02-28,00:00:00,MASCULINO,2018,1
-74.16941102499999,4.572916800849902,19,CIUDAD BOLÍVAR,69,ISMAEL PERDOMO,2018-02-11,00:00:00,MASCULINO,2018,1
-74.07729999999998,4.590189999849323,03,SANTA FE,95,LAS CRUCES,2023-09-20,00:00:00,MASCULINO,2023,1
-74.16229999999996,4.567549999850041,19,CIUDAD BOLÍVAR,70,JERUSALEM,2022-03-26,00:00:00,MASCULINO,2022,1
-74.17466136099995,4.645467411847544,08,KENNEDY,82,PATIO BONITO,2021-08-02,00:00:00,MASCULINO,2021,1
-74.11877460799997,4.513747246851777,05,USME,57,GRAN YOMASA,2020-12-22,00:00:00,MASCULINO,2020,1
-74.13816536799999,4.653754668847215,08,KENNEDY,46,CASTILLA,2018-07-20,00:00:00,FEMENINO,2018,1
-74.10945158199996,4.504185999852124,05,USME,58,COMUNEROS,2019-07-11,00:00:00,MASCULINO,2019,1
-74.16401651799998,4.634263566847895,08,KENNEDY,82,PATIO BONITO,2019-12-08,00:00:00,MASCULINO,2019,1
-74.07309999999995,4.612389999848605,03,SANTA FE,93,LAS NIEVES,2022-11-16,00:00:00,FEMENINO,2022,1
-74.17867407899996,4.635069756847855,08,KENNEDY,83,LAS MARGARITAS,2020-12-02,00:00:00,MASCULINO,2020,1
-74.20010534799997,4.604242768848855,07,BOSA,85,BOSA CENTRAL,2021-05-10,00:00:00,MASCULINO,2021,1
-74.11366789699997,4.619847676848348,16,PUENTE ARANDA,43,SAN RAFAEL,2021-03-28,00:00:00,FEMENINO,2021,1
-74.16990934399996,4.615058801848475,08,KENNEDY,47,KENNEDY CENTRAL,2021-06-08,00:00:00,FEMENINO,2021,1
-74.04694749199996,4.6859701858461715,01,USAQUÉN,16,SANTA BARBARA,2020-03-02,00:00:00,MASCULINO,2020,1
-74.14836749999995,4.565237103850136,19,CIUDAD BOLÍVAR,66,SAN FRANCISCO,2018-03-07,00:00:00,MASCULINO,2018,1
-74.15217804499997,4.59592724984912,19,CIUDAD BOLÍVAR,65,ARBORIZADORA,2021-04-28,00:00:00,MASCULINO,2021,1
-74.10579954899998,4.507920003851972,05,USME,57,GRAN YOMASA,2020-10-05,00:00:00,MASCULINO,2020,1
-74.18071619399996,4.636733537847796,08,KENNEDY,83,LAS MARGARITAS,2018-04-08,00:00:00,MASCULINO,2018,1
-74.18185781899996,4.627744212848067,07,BOSA,84,BOSA OCCIDENTAL,2021-06-27,00:00:00,MASCULINO,2021,1
-74.16063992899996,4.6350628008478685,08,KENNEDY,80,CORABASTOS,2019-09-14,00:00:00,MASCULINO,2019,1
-74.10930137799994,4.504399913852089,05,USME,58,COMUNEROS,2019-12-29,00:00:00,MASCULINO,2019,1
-74.16461854899995,4.63461855684789,08,KENNEDY,82,PATIO BONITO,2021-09-26,00:00:00,MASCULINO,2021,1
-74.09448668999994,4.605736222848826,14,LOS MÁRTIRES,102,LA SABANA,2020-11-27,00:00:00,MASCULINO,2020,1
-74.15652438999996,4.634834295847874,08,KENNEDY,80,CORABASTOS,2021-04-18,00:00:00,MASCULINO,2021,1
-74.11663366099998,4.5465969708507235,18,RAFAEL URIBE URIBE,54,MARRUECOS,2018-12-21,00:00:00,MASCULINO,2018,1
-74.09220010299998,4.682715467846283,10,ENGATIVÁ,26,LAS FERIAS,2019-10-14,00:00:00,MASCULINO,2019,1
-74.16728403599996,4.626105935848141,08,KENNEDY,80,CORABASTOS,2020-11-10,00:00:00,MASCULINO,2020,1
-74.05156293599998,4.759104171843806,11,SUBA,17,SAN JOSE DE BAVARIA,2021-06-18,00:00:00,MASCULINO,2021,1
-74.08836550099994,4.565812272850118,04,SAN CRISTÓBAL,34,20 DE JULIO,2019-11-01,00:00:00,MASCULINO,2019,1
-74.16516429699993,4.567385905850032,19,CIUDAD BOLÍVAR,70,JERUSALEM,2019-07-14,00:00:00,MASCULINO,2019,1
-74.15062957499998,4.567304693850038,19,CIUDAD BOLÍVAR,66,SAN FRANCISCO,2020-07-23,00:00:00,MASCULINO,2020,1
-74.04654045799998,4.747325693844187,01,USAQUÉN,12,TOBERIN,2021-07-23,00:00:00,MASCULINO,2021,1
-74.13598916499996,4.655014626847229,08,KENNEDY,46,CASTILLA,2021-08-20,00:00:00,MASCULINO,2021,1
-74.03817049999998,4.790744302842796,01,USAQUÉN,1,PASEO DE LOS LIBERTADORES,2019-10-17,00:00:00,FEMENINO,2019,1
-74.21052252599998,4.615859621848502,07,BOSA,87,TINTAL SUR,2019-01-13,00:00:00,MASCULINO,2019,1
-74.10471434399994,4.621625563848292,16,PUENTE ARANDA,108,ZONA INDUSTRIAL,2020-10-29,00:00:00,MASCULINO,2020,1
-74.13594565099999,4.659464050847056,09,FONTIBÓN,112,GRANJAS DE TECHO,2018-09-21,00:00:00,MASCULINO,2018,1
-74.08092773199996,4.611933122848587,14,LOS MÁRTIRES,102,LA SABANA,2018-07-07,00:00:00,MASCULINO,2018,1
-74.10929248099995,4.5538090418505135,18,RAFAEL URIBE URIBE,54,MARRUECOS,2018-11-17,00:00:00,MASCULINO,2018,1
-74.06460668899996,4.643869067847591,02,CHAPINERO,99,CHAPINERO,2018-03-14,00:00:00,MASCULINO,2018,1
-74.15277507899998,4.6316358758479925,08,KENNEDY,47,KENNEDY CENTRAL,2020-11-28,00:00:00,MASCULINO,2020,1
-74.17544766899994,4.609023927848709,08,KENNEDY,48,TIMIZA,2019-10-19,00:00:00,MASCULINO,2019,1
-74.14910274499994,4.533877754851144,19,CIUDAD BOLÍVAR,68,EL TESORO,2019-11-02,00:00:00,MASCULINO,2019,1
-74.16419999999994,4.607589999848769,08,KENNEDY,48,TIMIZA,2022-06-22,00:00:00,MASCULINO,2022,1
-74.16829999999999,4.586179999849469,19,CIUDAD BOLÍVAR,69,ISMAEL PERDOMO,2022-03-14,00:00:00,MASCULINO,2022,1
-74.02732892099993,4.666769017846801,02,CHAPINERO,991,SIN UPZ CHAPINERO,2020-07-11,00:00:00,MASCULINO,2020,1
-74.07919999999996,4.545689999850749,04,SAN CRISTÓBAL,50,LA GLORIA,2022-09-21,00:00:00,MASCULINO,2022,1
-74.10793345599996,4.7413422608444025,11,SUBA,71,TIBABUYES,2021-12-05,00:00:00,MASCULINO,2021,1
-74.14009999999996,4.548599999850639,19,CIUDAD BOLÍVAR,67,LUCERO,2022-12-27,00:00:00,MASCULINO,2022,1
-74.19679999999994,4.62388999984824,07,BOSA,84,BOSA OCCIDENTAL,2022-05-18,00:00:00,MASCULINO,2022,1
-74.15400947099994,4.54772116185072,19,CIUDAD BOLÍVAR,67,LUCERO,2019-08-11,00:00:00,MASCULINO,2019,1
-74.11889999999994,4.521739999851517,05,USME,57,GRAN YOMASA,2022-09-24,00:00:00,MASCULINO,2022,1
-74.18377748399996,4.621045704848288,07,BOSA,84,BOSA OCCIDENTAL,2018-07-29,00:00:00,FEMENINO,2018,1
-74.15998215399998,4.57385205584982,19,CIUDAD BOLÍVAR,70,JERUSALEM,2018-04-10,00:00:00,MASCULINO,2018,1
-74.19697558999997,4.638683631847728,07,BOSA,86,EL PORVENIR,2018-10-08,00:00:00,MASCULINO,2018,1
-74.11249999999995,4.621179999848298,16,PUENTE ARANDA,43,SAN RAFAEL,2022-11-29,00:00:00,MASCULINO,2022,1
-74.18819999999994,4.625899999848161,07,BOSA,84,BOSA OCCIDENTAL,2022-04-24,00:00:00,MASCULINO,2022,1
-74.16056212699993,4.640858042847656,08,KENNEDY,82,PATIO BONITO,2021-12-21,00:00:00,MASCULINO,2021,1
-74.05609999999996,4.714369999845257,11,SUBA,19,EL PRADO,2022-07-23,00:00:00,MASCULINO,2022,1
-74.12899999999996,4.743289999844339,11,SUBA,71,TIBABUYES,2022-03-06,00:00:00,MASCULINO,2022,1
-74.07499999999999,4.60794999984876,03,SANTA FE,93,LAS NIEVES,2022-08-04,00:00:00,FEMENINO,2022,1
-74.12769999999995,4.741109999844401,11,SUBA,71,TIBABUYES,2022-05-01,00:00:00,MASCULINO,2022,1
-74.08772122699997,4.542148478850873,04,SAN CRISTÓBAL,50,LA GLORIA,2021-10-16,00:00:00,MASCULINO,2021,1
-74.16915676299999,4.581622793849603,19,CIUDAD BOLÍVAR,69,ISMAEL PERDOMO,2021-10-14,00:00:00,MASCULINO,2021,1
-74.15885707999996,4.577173846849732,19,CIUDAD BOLÍVAR,70,JERUSALEM,2021-10-18,00:00:00,MASCULINO,2021,1
-74.14723688799995,4.550311232850619,19,CIUDAD BOLÍVAR,67,LUCERO,2021-10-17,00:00:00,MASCULINO,2021,1
-74.16089999999997,4.634969999847879,08,KENNEDY,80,CORABASTOS,2022-11-09,00:00:00,MASCULINO,2022,1
-74.10095506099998,4.744648443844303,11,SUBA,28,EL RINCON,2021-12-31,00:00:00,MASCULINO,2021,1
-74.08809999999994,4.600529999848972,14,LOS MÁRTIRES,102,LA SABANA,2022-10-25,00:00:00,MASCULINO,2022,1
-74.14609999999993,4.55739999985036,19,CIUDAD BOLÍVAR,67,LUCERO,2022-12-11,00:00:00,MASCULINO,2022,1
-74.05423662199996,4.56221818385025,04,SAN CRISTÓBAL,993,SIN UPZ SAN CRISTOBAL,2020-11-15,00:00:00,MASCULINO,2020,1
-74.07489999999996,4.585459999849489,03,SANTA FE,96,LOURDES,2023-04-11,00:00:00,MASCULINO,2023,1
-74.14251783499998,4.721848978845051,10,ENGATIVÁ,74,ENGATIVA,2019-10-15,00:00:00,MASCULINO,2019,1
-74.06609999999995,4.63370999984792,02,CHAPINERO,99,CHAPINERO,2022-05-31,00:00:00,MASCULINO,2022,1
-74.01349999999996,4.733689999844622,01,USAQUÉN,11,SAN CRISTOBAL NORTE,2022-12-08,00:00:00,MASCULINO,2022,1
-74.12309999999997,4.583749999849544,18,RAFAEL URIBE URIBE,39,QUIROGA,2022-05-22,00:00:00,MASCULINO,2022,1
-74.08289999999994,4.619209999848392,14,LOS MÁRTIRES,102,LA SABANA,2022-09-21,00:00:00,MASCULINO,2022,1
-74.11599999999999,4.4872099998526815,05,USME,61,CIUDAD USME,2023-01-12,00:00:00,MASCULINO,2023,1
-74.08489999999995,4.6046199998488655,14,LOS MÁRTIRES,102,LA SABANA,2022-04-10,00:00:00,MASCULINO,2022,1
-74.15679999999998,4.565869999850135,19,CIUDAD BOLÍVAR,70,JERUSALEM,2022-03-20,00:00:00,FEMENINO,2022,1
-74.09842801299999,4.747321303844176,11,SUBA,28,EL RINCON,2021-10-03,00:00:00,MASCULINO,2021,1
-74.15862156099996,4.651938287847312,08,KENNEDY,79,CALANDAIMA,2018-08-01,00:00:00,MASCULINO,2018,1
-74.11336419099996,4.514412376851772,05,USME,57,GRAN YOMASA,2021-07-11,00:00:00,MASCULINO,2021,1
-74.16279999999995,4.652739999847276,08,KENNEDY,78,TINTAL NORTE,2022-04-02,00:00:00,MASCULINO,2022,1
-74.02156899999994,4.766929129843569,01,USAQUÉN,990,SIN UPZ USAQUEN,2020-02-05,00:00:00,MASCULINO,2020,1
-74.18439999999998,4.598289999849027,07,BOSA,85,BOSA CENTRAL,2022-11-08,00:00:00,MASCULINO,2022,1
-74.08972304999998,4.619846111848361,16,PUENTE ARANDA,108,ZONA INDUSTRIAL,2018-11-12,00:00:00,MASCULINO,2018,1
-74.08818263099994,4.717294151845152,11,SUBA,28,EL RINCON,2020-09-10,00:00:00,MASCULINO,2020,1
-74.07702027399995,4.610568048848656,14,LOS MÁRTIRES,102,LA SABANA,2020-10-03,00:00:00,MASCULINO,2020,1
-74.07345579099996,4.579862507849678,03,SANTA FE,96,LOURDES,2020-06-24,00:00:00,MASCULINO,2020,1
-74.08547814499997,4.720222734845082,11,SUBA,28,EL RINCON,2020-10-31,00:00:00,MASCULINO,2020,1
-74.13171655299993,4.709763139845439,10,ENGATIVÁ,74,ENGATIVA,2018-11-14,00:00:00,MASCULINO,2018,1
-74.13725921199995,4.537270644851025,19,CIUDAD BOLÍVAR,68,EL TESORO,2019-08-04,00:00:00,MASCULINO,2019,1
-74.17287019699995,4.649143888847422,08,KENNEDY,79,CALANDAIMA,2021-10-01,00:00:00,MASCULINO,2021,1
-74.15366909099998,4.542292463850895,19,CIUDAD BOLÍVAR,67,LUCERO,2018-08-13,00:00:00,MASCULINO,2018,1
-74.14453735599994,4.6765990338465,09,FONTIBÓN,75,FONTIBON,2019-09-15,00:00:00,MASCULINO,2019,1
-74.20072949999997,4.626334693848125,07,BOSA,84,BOSA OCCIDENTAL,2020-05-20,00:00:00,MASCULINO,2020,1
-74.16954346599994,4.6374541988477755,08,KENNEDY,82,PATIO BONITO,2020-05-31,00:00:00,MASCULINO,2020,1
-74.15113438299994,4.5390144768509515,19,CIUDAD BOLÍVAR,67,LUCERO,2020-02-02,00:00:00,MASCULINO,2020,1
-74.11159999999995,4.574199999849866,18,RAFAEL URIBE URIBE,53,MARCO FIDEL SUAREZ,2022-12-25,00:00:00,MASCULINO,2022,1
-74.10443186799995,4.543642665850822,18,RAFAEL URIBE URIBE,55,DIANA TURBAY,2018-11-01,00:00:00,MASCULINO,2018,1
-74.10304359899999,4.490070483852583,05,USME,59,ALFONSO LOPEZ,2020-07-28,00:00:00,MASCULINO,2020,1
-74.15301998499996,4.551662719850543,19,CIUDAD BOLÍVAR,67,LUCERO,2018-12-25,00:00:00,MASCULINO,2018,1
-74.20891914899994,4.627824254848105,07,BOSA,87,TINTAL SUR,2018-11-04,00:00:00,MASCULINO,2018,1
-74.16680755799996,4.628165220848107,08,KENNEDY,80,CORABASTOS,2020-09-13,00:00:00,MASCULINO,2020,1
-74.16084588899997,4.5529226098505315,19,CIUDAD BOLÍVAR,67,LUCERO,2018-01-23,00:00:00,MASCULINO,2018,1
-74.13239999999996,4.4566999998536785,20,SUMAPAZ,999,,2023-03-31,00:00:00,MASCULINO,2023,1
-74.17525994699997,4.575359693849785,19,CIUDAD BOLÍVAR,69,ISMAEL PERDOMO,2021-05-08,00:00:00,FEMENINO,2021,1
-74.04294761699998,4.680654734846399,02,CHAPINERO,97,CHICO LAGO,2020-12-24,00:00:00,MASCULINO,2020,1
-74.14993128599997,4.5374276388510255,19,CIUDAD BOLÍVAR,68,EL TESORO,2020-12-25,00:00:00,MASCULINO,2020,1
-74.09549254899997,4.715507255845213,10,ENGATIVÁ,29,MINUTO DE DIOS,2018-01-01,00:00:00,MASCULINO,2018,1
-74.12253139399996,4.561747054850259,18,RAFAEL URIBE URIBE,54,MARRUECOS,2020-06-16,00:00:00,MASCULINO,2020,1
-74.09529342999997,4.560273549850278,04,SAN CRISTÓBAL,34,20 DE JULIO,2018-04-30,00:00:00,MASCULINO,2018,1
-74.18634343599996,4.624922605848177,07,BOSA,84,BOSA OCCIDENTAL,2021-04-26,00:00:00,MASCULINO,2021,1
-74.12875597799996,4.73973573584445,11,SUBA,71,TIBABUYES,2021-03-04,00:00:00,MASCULINO,2021,1
-74.08377759299998,4.615121472848496,14,LOS MÁRTIRES,102,LA SABANA,2020-02-11,00:00:00,MASCULINO,2020,1
-74.07566114499997,4.612276089848569,14,LOS MÁRTIRES,102,LA SABANA,2019-08-29,00:00:00,MASCULINO,2019,1
-74.03645433099996,4.700758155845727,01,USAQUÉN,16,SANTA BARBARA,2020-01-30,00:00:00,MASCULINO,2020,1
-74.15060916199997,4.567352820850055,19,CIUDAD BOLÍVAR,66,SAN FRANCISCO,2020-09-12,00:00:00,MASCULINO,2020,1
-74.14991868399994,4.534352406851114,19,CIUDAD BOLÍVAR,68,EL TESORO,2019-01-06,00:00:00,MASCULINO,2019,1
-74.10055258199998,4.509880954851902,05,USME,57,GRAN YOMASA,2020-07-26,00:00:00,MASCULINO,2020,1
-74.10687658199998,4.742187042844383,11,SUBA,71,TIBABUYES,2021-04-04,00:00:00,MASCULINO,2021,1
-74.18421310799994,4.627618558848084,07,BOSA,84,BOSA OCCIDENTAL,2019-03-05,00:00:00,MASCULINO,2019,1
-74.07591760299994,4.6083117108487315,03,SANTA FE,93,LAS NIEVES,2021-04-27,00:00:00,MASCULINO,2021,1
-74.11622068599996,4.568329341850006,18,RAFAEL URIBE URIBE,53,MARCO FIDEL SUAREZ,2021-07-04,00:00:00,MASCULINO,2021,1
-74.12766334299994,4.700011595845716,10,ENGATIVÁ,74,ENGATIVA,2019-10-11,00:00:00,FEMENINO,2019,1
-74.16970439799996,4.635577449847819,08,KENNEDY,82,PATIO BONITO,2018-10-03,00:00:00,MASCULINO,2018,1
-74.17026086899995,4.611809668848586,08,KENNEDY,48,TIMIZA,2021-05-13,00:00:00,MASCULINO,2021,1
-74.15438671399994,4.619213449848394,08,KENNEDY,47,KENNEDY CENTRAL,2019-07-25,00:00:00,MASCULINO,2019,1
-74.07838176999996,4.608599473848736,14,LOS MÁRTIRES,102,LA SABANA,2018-05-06,00:00:00,MASCULINO,2018,1
-74.12066127099996,4.561165694850262,18,RAFAEL URIBE URIBE,54,MARRUECOS,2018-08-01,00:00:00,MASCULINO,2018,1
-74.09016557899997,4.628071694848112,13,TEUSAQUILLO,107,QUINTA PAREDES,2018-09-07,00:00:00,MASCULINO,2018,1
-74.08893416899997,4.594219388849177,14,LOS MÁRTIRES,37,SANTA ISABEL,2019-06-22,00:00:00,MASCULINO,2019,1
-74.12635616699998,4.742525965844384,11,SUBA,71,TIBABUYES,2021-07-01,00:00:00,MASCULINO,2021,1
-74.10046270799995,4.749237212844163,11,SUBA,27,SUBA,2018-10-30,00:00:00,MASCULINO,2018,1
-74.14831851299994,4.557343061850369,19,CIUDAD BOLÍVAR,67,LUCERO,2021-05-16,00:00:00,MASCULINO,2021,1
-74.14827192399997,4.5565999618504165,19,CIUDAD BOLÍVAR,67,LUCERO,2020-01-06,00:00:00,MASCULINO,2020,1
-74.17100724599999,4.650430549847367,08,KENNEDY,79,CALANDAIMA,2020-03-21,00:00:00,MASCULINO,2020,1
-74.17609112399998,4.581074666849614,19,CIUDAD BOLÍVAR,69,ISMAEL PERDOMO,2020-01-16,00:00:00,FEMENINO,2020,1
-74.16750065799994,4.638052806847775,08,KENNEDY,82,PATIO BONITO,2020-06-12,00:00:00,MASCULINO,2020,1
-74.10837665299994,4.513032152851822,05,USME,57,GRAN YOMASA,2018-03-02,00:00:00,MASCULINO,2018,1
-74.02286206699995,4.741131767844409,01,USAQUÉN,10,LA URIBE,2018-12-16,00:00:00,MASCULINO,2018,1
-74.08288398299999,4.533396216851184,04,SAN CRISTÓBAL,51,LOS LIBERTADORES,2020-05-04,00:00:00,FEMENINO,2020,1
-74.08075819999993,4.591045268849301,03,SANTA FE,95,LAS CRUCES,2019-03-30,00:00:00,FEMENINO,2019,1
-74.03671808299998,4.73405074384464,01,USAQUÉN,12,TOBERIN,2020-11-23,00:00:00,FEMENINO,2020,1
-74.16395662999997,4.637888888847783,08,KENNEDY,82,PATIO BONITO,2021-07-11,00:00:00,MASCULINO,2021,1
-74.14028083599999,4.591866505849245,06,TUNJUELITO,42,VENECIA,2018-12-22,00:00:00,FEMENINO,2018,1
-74.12183173799997,4.577887888849736,18,RAFAEL URIBE URIBE,39,QUIROGA,2019-06-08,00:00:00,MASCULINO,2019,1
-74.16460710799998,4.626251126848137,08,KENNEDY,80,CORABASTOS,2020-04-19,00:00:00,MASCULINO,2020,1
-74.15609344099994,4.687105699846186,09,FONTIBÓN,76,FONTIBON SAN PABLO,2021-03-27,00:00:00,MASCULINO,2021,1
-74.04205258199994,4.738603389844475,01,USAQUÉN,12,TOBERIN,2019-01-23,00:00:00,MASCULINO,2019,1
-74.09636890199994,4.584357910849495,15,ANTONIO NARIÑO,35,CIUDAD JARDIN,2021-08-11,00:00:00,MASCULINO,2021,1
-74.15574763199999,4.537050602851065,19,CIUDAD BOLÍVAR,UPR3,UPR RIO TUNJUELO,2019-08-16,00:00:00,MASCULINO,2019,1
-74.12244730499998,4.577109855849742,18,RAFAEL URIBE URIBE,39,QUIROGA,2019-02-03,00:00:00,MASCULINO,2019,1
-74.15573876499997,4.541270899850879,19,CIUDAD BOLÍVAR,67,LUCERO,2020-08-02,00:00:00,MASCULINO,2020,1
-74.07589623899997,4.607202369848752,03,SANTA FE,93,LAS NIEVES,2020-04-13,00:00:00,FEMENINO,2020,1
-74.08786589499994,4.604485173848846,14,LOS MÁRTIRES,102,LA SABANA,2019-02-23,00:00:00,MASCULINO,2019,1
-74.15676292899997,4.614515338848518,08,KENNEDY,48,TIMIZA,2019-02-06,00:00:00,MASCULINO,2019,1
-74.18007027299996,4.633481175847891,07,BOSA,84,BOSA OCCIDENTAL,2021-06-05,00:00:00,FEMENINO,2021,1
-74.12743016099995,4.619718522848381,08,KENNEDY,44,AMERICAS,2018-03-20,00:00:00,FEMENINO,2018,1
-74.15600512399999,4.536130813851067,19,CIUDAD BOLÍVAR,UPR3,UPR RIO TUNJUELO,2018-12-24,00:00:00,MASCULINO,2018,1
-74.14426586299999,4.560580822850295,19,CIUDAD BOLÍVAR,66,SAN FRANCISCO,2018-01-12,00:00:00,MASCULINO,2018,1
-74.09062964599997,4.569920547849949,04,SAN CRISTÓBAL,34,20 DE JULIO,2020-05-02,00:00:00,MASCULINO,2020,1
-74.14041498299997,4.716331665845188,10,ENGATIVÁ,74,ENGATIVA,2019-08-22,00:00:00,MASCULINO,2019,1
-74.12150884899995,4.561240558850257,18,RAFAEL URIBE URIBE,54,MARRUECOS,2018-09-16,00:00:00,FEMENINO,2018,1
-74.11544844999997,4.704867738845597,10,ENGATIVÁ,73,GARCES NAVAS,2020-03-07,00:00:00,MASCULINO,2020,1
-74.13800552099997,4.622571190848236,08,KENNEDY,44,AMERICAS,2019-07-01,00:00:00,MASCULINO,2019,1
-74.16538021199995,4.580596116849608,19,CIUDAD BOLÍVAR,69,ISMAEL PERDOMO,2021-10-15,00:00:00,MASCULINO,2021,1
-74.20638427299997,4.616751444848435,07,BOSA,87,TINTAL SUR,2020-12-15,00:00:00,MASCULINO,2020,1
-74.16760796299997,4.528437766851344,19,CIUDAD BOLÍVAR,UPR3,UPR RIO TUNJUELO,2021-12-20,00:00:00,MASCULINO,2021,1
-74.08729913799993,4.681450100846351,10,ENGATIVÁ,26,LAS FERIAS,2021-10-07,00:00:00,MASCULINO,2021,1
-74.13597831399994,4.5893351668493505,06,TUNJUELITO,42,VENECIA,2019-07-27,00:00:00,MASCULINO,2019,1
-74.16984340799996,4.644931729847537,08,KENNEDY,79,CALANDAIMA,2021-08-05,00:00:00,MASCULINO,2021,1
-74.12374025899999,4.557411035850406,06,TUNJUELITO,62,TUNJUELITO,2021-02-24,00:00:00,MASCULINO,2021,1
-74.15970211499996,4.6459871168475075,08,KENNEDY,79,CALANDAIMA,2019-03-15,00:00:00,MASCULINO,2019,1
-74.21191727499996,4.628013291848083,07,BOSA,87,TINTAL SUR,2019-06-02,00:00:00,MASCULINO,2019,1
-74.10469699399994,4.508099218851965,05,USME,57,GRAN YOMASA,2021-09-30,00:00:00,MASCULINO,2021,1
-74.11630098799998,4.560480797850305,18,RAFAEL URIBE URIBE,54,MARRUECOS,2019-04-02,00:00:00,FEMENINO,2019,1
-74.08241279199996,4.585847503849473,04,SAN CRISTÓBAL,33,SOSIEGO,2018-12-22,00:00:00,MASCULINO,2018,1
-74.14789999999994,4.674879999846537,09,FONTIBÓN,75,FONTIBON,2022-02-27,00:00:00,MASCULINO,2022,1
-74.15239999999994,4.5299099998512595,19,CIUDAD BOLÍVAR,UPR3,UPR RIO TUNJUELO,2022-08-20,00:00:00,MASCULINO,2022,1
-74.12709999999998,4.745379999844278,11,SUBA,71,TIBABUYES,2022-09-05,00:00:00,MASCULINO,2022,1
-74.10419999999993,4.568759999850019,18,RAFAEL URIBE URIBE,36,SAN JOSE,2022-02-18,00:00:00,FEMENINO,2022,1
-74.10799999999995,4.5631099998501945,18,RAFAEL URIBE URIBE,54,MARRUECOS,2022-07-23,00:00:00,FEMENINO,2022,1
-74.13209999999998,4.6161399998484445,08,KENNEDY,44,AMERICAS,2022-10-09,00:00:00,MASCULINO,2022,1
-74.02299399999998,4.674114999846562,02,CHAPINERO,991,SIN UPZ CHAPINERO,2021-12-27,00:00:00,MASCULINO,2021,1
-74.18429999999995,4.628429999848059,07,BOSA,84,BOSA OCCIDENTAL,2022-10-16,00:00:00,MASCULINO,2022,1
-74.10369999999995,4.5446699998508,18,RAFAEL URIBE URIBE,55,DIANA TURBAY,2022-03-10,00:00:00,MASCULINO,2022,1
-74.13189999999997,4.614849999848509,08,KENNEDY,44,AMERICAS,2022-12-24,00:00:00,MASCULINO,2022,1
-74.08772641699994,4.729167517844799,11,SUBA,28,EL RINCON,2021-09-12,00:00:00,MASCULINO,2021,1
-74.16909004299998,4.587731702849377,19,CIUDAD BOLÍVAR,69,ISMAEL PERDOMO,2021-08-28,00:00:00,FEMENINO,2021,1
-74.10679954999995,4.588631555849369,15,ANTONIO NARIÑO,38,RESTREPO,2018-09-11,00:00:00,MASCULINO,2018,1
-74.06684658199998,4.620293247848342,03,SANTA FE,91,SAGRADO CORAZON,2021-10-31,00:00:00,MASCULINO,2021,1
-74.08259999999996,4.590569999849328,03,SANTA FE,95,LAS CRUCES,2022-04-12,00:00:00,MASCULINO,2022,1
-74.16519999999997,4.635859999847812,08,KENNEDY,82,PATIO BONITO,2022-05-31,00:00:00,MASCULINO,2022,1
-74.11339999999996,4.573839999849871,18,RAFAEL URIBE URIBE,53,MARCO FIDEL SUAREZ,2022-09-17,00:00:00,MASCULINO,2022,1
-74.01939842999997,4.669647029846699,02,CHAPINERO,89,SAN ISIDRO - PATIOS,2021-06-22,00:00:00,MASCULINO,2021,1
-74.02219999999994,4.736759999844564,01,USAQUÉN,11,SAN CRISTOBAL NORTE,2022-11-06,00:00:00,MASCULINO,2022,1
-74.16333788699995,4.541421797850895,19,CIUDAD BOLÍVAR,67,LUCERO,2021-12-11,00:00:00,MASCULINO,2021,1
-74.17995704399993,4.5892756268493615,19,CIUDAD BOLÍVAR,69,ISMAEL PERDOMO,2019-12-25,00:00:00,MASCULINO,2019,1
-74.07423264499994,4.644117608847539,13,TEUSAQUILLO,100,GALERIAS,2021-12-24,00:00:00,FEMENINO,2021,1
-74.16930404299995,4.647612802847469,08,KENNEDY,79,CALANDAIMA,2019-02-18,00:00:00,MASCULINO,2019,1
-74.19559999999996,4.620829999848337,07,BOSA,84,BOSA OCCIDENTAL,2022-12-01,00:00:00,FEMENINO,2022,1
-74.10549999999995,4.708589999845482,10,ENGATIVÁ,29,MINUTO DE DIOS,2023-06-22,00:00:00,MASCULINO,2023,1
-74.16499999999996,4.610789999848657,08,KENNEDY,48,TIMIZA,2022-05-18,00:00:00,FEMENINO,2022,1
-74.10119999999995,4.553619999850486,04,SAN CRISTÓBAL,50,LA GLORIA,2022-05-30,00:00:00,MASCULINO,2022,1
-74.14699999999993,4.532019999851199,19,CIUDAD BOLÍVAR,UPR3,UPR RIO TUNJUELO,2022-09-09,00:00:00,MASCULINO,2022,1
-74.16039999999998,4.549769999850604,19,CIUDAD BOLÍVAR,67,LUCERO,2022-02-07,00:00:00,MASCULINO,2022,1
-74.07859999999994,4.60098999984894,03,SANTA FE,93,LAS NIEVES,2022-12-13,00:00:00,MASCULINO,2022,1
-74.09819999999996,4.754099999843979,11,SUBA,27,SUBA,2022-12-09,00:00:00,MASCULINO,2022,1
-74.20289999999994,4.605929999848811,07,BOSA,85,BOSA CENTRAL,2022-05-03,00:00:00,MASCULINO,2022,1
-74.17479999999995,4.589269999849355,19,CIUDAD BOLÍVAR,69,ISMAEL PERDOMO,2022-10-02,00:00:00,MASCULINO,2022,1
-74.17329999999998,4.642829999847616,08,KENNEDY,82,PATIO BONITO,2022-04-12,00:00:00,FEMENINO,2022,1
-74.17729999999995,4.648459999847425,08,KENNEDY,82,PATIO BONITO,2022-12-24,00:00:00,MASCULINO,2022,1
-74.14719999999994,4.533759999851134,19,CIUDAD BOLÍVAR,68,EL TESORO,2022-07-16,00:00:00,MASCULINO,2022,1
-74.12619999999998,4.4742199998531005,05,USME,61,CIUDAD USME,2022-09-25,00:00:00,MASCULINO,2022,1
-74.05010146399997,4.731998205844722,11,SUBA,19,EL PRADO,2018-08-14,00:00:00,MASCULINO,2018,1
-74.11765834999994,4.572382640849895,18,RAFAEL URIBE URIBE,53,MARCO FIDEL SUAREZ,2021-10-30,00:00:00,MASCULINO,2021,1
-74.16299999999995,4.63438999984788,08,KENNEDY,80,CORABASTOS,2023-09-20,00:00:00,MASCULINO,2023,1
-74.14739999999995,4.684479999846256,09,FONTIBÓN,75,FONTIBON,2023-04-20,00:00:00,MASCULINO,2023,1
-74.17029999999994,4.572269999849914,19,CIUDAD BOLÍVAR,69,ISMAEL PERDOMO,2023-04-13,00:00:00,MASCULINO,2023,1
-74.12119999999999,4.577029999849732,18,RAFAEL URIBE URIBE,39,QUIROGA,2023-08-21,00:00:00,MASCULINO,2023,1
-74.14258277099998,4.541536841850877,19,CIUDAD BOLÍVAR,68,EL TESORO,2021-10-26,00:00:00,MASCULINO,2021,1
-74.15992700799995,4.547441735850711,19,CIUDAD BOLÍVAR,UPR3,UPR RIO TUNJUELO,2021-11-10,00:00:00,MASCULINO,2021,1
-74.08540000899995,4.600105857849002,14,LOS MÁRTIRES,102,LA SABANA,2021-10-16,00:00:00,MASCULINO,2021,1
-74.14058360899998,4.556376234850443,19,CIUDAD BOLÍVAR,67,LUCERO,2021-11-27,00:00:00,MASCULINO,2021,1
-74.11009999999999,4.496889999852368,05,USME,58,COMUNEROS,2022-07-10,00:00:00,MASCULINO,2022,1
-74.06499999999994,4.652669999847292,12,BARRIOS UNIDOS,98,LOS ALCAZARES,2022-09-05,00:00:00,MASCULINO,2022,1
-74.13809999999995,4.612209999848613,08,KENNEDY,45,CARVAJAL,2022-08-14,00:00:00,MASCULINO,2022,1
-74.06499999999994,4.652669999847292,12,BARRIOS UNIDOS,98,LOS ALCAZARES,2022-09-05,00:00:00,MASCULINO,2022,1
-74.13679999999994,4.579849999849619,06,TUNJUELITO,42,VENECIA,2022-07-13,00:00:00,FEMENINO,2022,1
-74.07507479399999,4.6111855888486435,14,LOS MÁRTIRES,102,LA SABANA,2021-03-18,00:00:00,MASCULINO,2021,1
-74.04789999999997,4.748039999844185,11,SUBA,18,BRITALIA,2023-04-12,00:00:00,MASCULINO,2023,1
-74.19769999999994,4.629339999848067,07,BOSA,87,TINTAL SUR,2023-02-21,00:00:00,FEMENINO,2023,1
-74.10439999999994,4.4917999998525415,05,USME,59,ALFONSO LOPEZ,2022-06-19,00:00:00,MASCULINO,2022,1
-74.13895826399994,4.579044726849676,06,TUNJUELITO,42,VENECIA,2020-10-24,00:00:00,MASCULINO,2020,1
-74.15744295899998,4.5482790428506625,19,CIUDAD BOLÍVAR,67,LUCERO,2020-06-20,00:00:00,MASCULINO,2020,1
-74.09779999999995,4.732989999844647,11,SUBA,28,EL RINCON,2022-10-09,00:00:00,MASCULINO,2022,1
-74.10884003899997,4.503939998852141,05,USME,58,COMUNEROS,2019-09-04,00:00:00,MASCULINO,2019,1
-74.17209999999994,4.585859999849433,19,CIUDAD BOLÍVAR,69,ISMAEL PERDOMO,2023-06-12,00:00:00,MASCULINO,2023,1
-74.16193573799995,4.548045658850659,19,CIUDAD BOLÍVAR,UPR3,UPR RIO TUNJUELO,2018-12-23,00:00:00,MASCULINO,2018,1
-74.16369999999995,4.541379999850917,19,CIUDAD BOLÍVAR,67,LUCERO,2022-05-15,00:00:00,MASCULINO,2022,1
-74.11586246799999,4.580188336849633,18,RAFAEL URIBE URIBE,39,QUIROGA,2020-11-13,00:00:00,MASCULINO,2020,1
-74.15459335799994,4.552726716850522,19,CIUDAD BOLÍVAR,67,LUCERO,2020-11-25,00:00:00,MASCULINO,2020,1
-74.12300970499996,4.705121692845551,10,ENGATIVÁ,73,GARCES NAVAS,2020-09-14,00:00:00,FEMENINO,2020,1
-74.10515318499995,4.565475525850122,18,RAFAEL URIBE URIBE,36,SAN JOSE,2019-10-01,00:00:00,MASCULINO,2019,1
-74.07216080899997,4.596130624849133,17,CANDELARIA,94,LA CANDELARIA,2021-07-02,00:00:00,FEMENINO,2021,1
-74.10514412499998,4.6896201808460924,10,ENGATIVÁ,30,BOYACA REAL,2018-03-25,00:00:00,FEMENINO,2018,1
-74.08918767999995,4.521982045851546,04,SAN CRISTÓBAL,51,LOS LIBERTADORES,2019-08-07,00:00:00,MASCULINO,2019,1
-74.08149999999995,4.752269999844061,11,SUBA,27,SUBA,2022-04-28,00:00:00,MASCULINO,2022,1
-74.20214580399994,4.6323823998479305,07,BOSA,87,TINTAL SUR,2018-06-25,00:00:00,MASCULINO,2018,1
-74.08417664699994,4.624432805848222,16,PUENTE ARANDA,108,ZONA INDUSTRIAL,2019-11-16,00:00:00,MASCULINO,2019,1
-74.08904514599999,4.55328795485049,04,SAN CRISTÓBAL,32,SAN BLAS,2019-03-24,00:00:00,MASCULINO,2019,1
-74.15565766499998,4.54198278085089,19,CIUDAD BOLÍVAR,67,LUCERO,2019-05-11,00:00:00,MASCULINO,2019,1
-74.09769999999997,4.750869999844054,11,SUBA,27,SUBA,2022-07-09,00:00:00,MASCULINO,2022,1
-74.10691427299997,4.634382038847886,16,PUENTE ARANDA,111,PUENTE ARANDA,2020-03-21,00:00:00,MASCULINO,2020,1
-74.16310819399996,4.563736192850195,19,CIUDAD BOLÍVAR,70,JERUSALEM,2020-08-29,00:00:00,MASCULINO,2020,1
-74.07467604699997,4.608821129848683,03,SANTA FE,93,LAS NIEVES,2020-06-02,00:00:00,MASCULINO,2020,1
-74.13907606599997,4.7099087318454,10,ENGATIVÁ,74,ENGATIVA,2019-08-31,00:00:00,MASCULINO,2019,1
-74.16949999999997,4.56589999985011,19,CIUDAD BOLÍVAR,70,JERUSALEM,2022-03-05,00:00:00,MASCULINO,2022,1
-74.09351492099995,4.750023226844105,11,SUBA,27,SUBA,2020-12-08,00:00:00,MASCULINO,2020,1
-74.15615959699994,4.567819578850051,19,CIUDAD BOLÍVAR,70,JERUSALEM,2018-12-25,00:00:00,MASCULINO,2018,1
-74.15691110399996,4.575094969849823,19,CIUDAD BOLÍVAR,70,JERUSALEM,2020-06-24,00:00:00,MASCULINO,2020,1
-74.08937043199995,4.686110679846211,10,ENGATIVÁ,26,LAS FERIAS,2021-09-01,00:00:00,FEMENINO,2021,1
-74.14433088399994,4.684032823846254,09,FONTIBÓN,75,FONTIBON,2020-11-23,00:00:00,MASCULINO,2020,1
-74.03699999999998,4.805869999842275,01,USAQUÉN,1,PASEO DE LOS LIBERTADORES,2022-08-18,00:00:00,MASCULINO,2022,1
-74.20197589999998,4.623832303848241,07,BOSA,84,BOSA OCCIDENTAL,2018-03-12,00:00:00,MASCULINO,2018,1
-74.11345923799996,4.602130452848906,16,PUENTE ARANDA,40,CIUDAD MONTES,2019-08-19,00:00:00,MASCULINO,2019,1
-74.10663549999998,4.540197767850932,18,RAFAEL URIBE URIBE,55,DIANA TURBAY,2020-02-10,00:00:00,MASCULINO,2020,1
-74.16235416299997,4.547051018850701,19,CIUDAD BOLÍVAR,UPR3,UPR RIO TUNJUELO,2018-02-25,00:00:00,MASCULINO,2018,1
-74.10400577499996,4.505589095852072,05,USME,57,GRAN YOMASA,2018-07-18,00:00:00,MASCULINO,2018,1
-74.17919999999998,4.58860999984939,19,CIUDAD BOLÍVAR,69,ISMAEL PERDOMO,2022-04-09,00:00:00,MASCULINO,2022,1
-74.08651888199995,4.6044544908488705,14,LOS MÁRTIRES,102,LA SABANA,2021-01-04,00:00:00,MASCULINO,2021,1
-74.17972145199997,4.604656809848847,07,BOSA,85,BOSA CENTRAL,2018-08-19,00:00:00,MASCULINO,2018,1
-74.08454573399996,4.545574985850793,04,SAN CRISTÓBAL,50,LA GLORIA,2020-05-19,00:00:00,MASCULINO,2020,1
-74.10782620999998,4.742417735844364,11,SUBA,71,TIBABUYES,2021-03-29,00:00:00,MASCULINO,2021,1
-74.19259561099994,4.647044804847478,07,BOSA,86,EL PORVENIR,2018-02-10,00:00:00,MASCULINO,2018,1
-74.14813886499996,4.598212955849059,08,KENNEDY,45,CARVAJAL,2018-09-02,00:00:00,MASCULINO,2018,1
-74.16372766399996,4.5481514558506575,19,CIUDAD BOLÍVAR,UPR3,UPR RIO TUNJUELO,2021-05-01,00:00:00,MASCULINO,2021,1
-74.17888336099998,4.60931496984871,07,BOSA,85,BOSA CENTRAL,2021-03-21,00:00:00,MASCULINO,2021,1
-74.09545361399995,4.617210871848428,16,PUENTE ARANDA,108,ZONA INDUSTRIAL,2019-03-24,00:00:00,MASCULINO,2019,1
-74.08449175399994,4.600170107848983,14,LOS MÁRTIRES,102,LA SABANA,2018-01-09,00:00:00,MASCULINO,2018,1
-74.08414786699996,4.545854190850759,04,SAN CRISTÓBAL,50,LA GLORIA,2018-05-20,00:00:00,MASCULINO,2018,1
-74.08892853799995,4.608504660848712,14,LOS MÁRTIRES,102,LA SABANA,2020-11-29,00:00:00,FEMENINO,2020,1
-74.19224396599998,4.606929380848763,07,BOSA,85,BOSA CENTRAL,2019-06-09,00:00:00,MASCULINO,2019,1
-74.09141249299995,4.753164382844026,11,SUBA,27,SUBA,2020-12-18,00:00:00,MASCULINO,2020,1
-74.16085986999997,4.635247267847856,08,KENNEDY,80,CORABASTOS,2019-11-22,00:00:00,MASCULINO,2019,1
-74.16335194499999,4.5493290648506415,19,CIUDAD BOLÍVAR,67,LUCERO,2018-02-22,00:00:00,MASCULINO,2018,1
-74.16809805199995,4.632566472847943,08,KENNEDY,82,PATIO BONITO,2021-05-20,00:00:00,MASCULINO,2021,1
-74.10883287599995,4.49440397485245,05,USME,58,COMUNEROS,2019-12-25,00:00:00,MASCULINO,2019,1
-74.19604217699998,4.601512840848943,07,BOSA,85,BOSA CENTRAL,2020-08-26,00:00:00,MASCULINO,2020,1
-74.06381945799995,4.6445745818475705,02,CHAPINERO,99,CHAPINERO,2021-05-15,00:00:00,MASCULINO,2021,1
-74.05269999999996,4.668689999846737,02,CHAPINERO,97,CHICO LAGO,2023-07-31,00:00:00,MASCULINO,2023,1
-74.10269999999997,4.615839999848478,16,PUENTE ARANDA,108,ZONA INDUSTRIAL,2023-03-22,00:00:00,MASCULINO,2023,1
-74.07478974899993,4.790392738842775,11,SUBA,UPR1,UPR ZONA NORTE,2019-05-02,00:00:00,MASCULINO,2019,1
-74.21299999999997,4.6189699998483755,07,BOSA,87,TINTAL SUR,2023-02-21,00:00:00,MASCULINO,2023,1
-74.17946877899993,4.643070976847577,08,KENNEDY,83,LAS MARGARITAS,2018-06-06,00:00:00,MASCULINO,2018,1
-74.17718104199997,4.635070662847821,08,KENNEDY,83,LAS MARGARITAS,2020-02-26,00:00:00,MASCULINO,2020,1
-74.15049999999997,4.6703399998467265,09,FONTIBÓN,75,FONTIBON,2023-04-01,00:00:00,FEMENINO,2023,1
-74.06849999999997,4.561089999850249,04,SAN CRISTÓBAL,993,SIN UPZ SAN CRISTOBAL,2023-07-25,00:00:00,MASCULINO,2023,1
-74.07323483499994,4.656136799847189,12,BARRIOS UNIDOS,98,LOS ALCAZARES,2019-10-19,00:00:00,MASCULINO,2019,1
-74.17400858899998,4.641736921847649,08,KENNEDY,82,PATIO BONITO,2021-12-25,00:00:00,MASCULINO,2021,1
-74.11996879499998,4.51885997685162,05,USME,57,GRAN YOMASA,2018-01-23,00:00:00,MASCULINO,2018,1
-74.20205656099995,4.632828786847922,07,BOSA,87,TINTAL SUR,2019-12-31,00:00:00,MASCULINO,2019,1
-74.15916816299995,4.623003578848249,08,KENNEDY,47,KENNEDY CENTRAL,2019-11-12,00:00:00,MASCULINO,2019,1
-74.09947288899997,4.556909740850376,04,SAN CRISTÓBAL,50,LA GLORIA,2021-12-25,00:00:00,FEMENINO,2021,1
-74.18519999999995,4.626649999848115,07,BOSA,84,BOSA OCCIDENTAL,2023-03-03,00:00:00,FEMENINO,2023,1
-74.11856608499994,4.600892594848977,16,PUENTE ARANDA,40,CIUDAD MONTES,2019-08-16,00:00:00,MASCULINO,2019,1
-74.11359999999996,4.540719999850894,18,RAFAEL URIBE URIBE,55,DIANA TURBAY,2023-04-26,00:00:00,MASCULINO,2023,1
-74.20919999999995,4.606429999848785,07,BOSA,85,BOSA CENTRAL,2023-09-30,00:00:00,MASCULINO,2023,1
-74.09015220399993,4.619610843848326,16,PUENTE ARANDA,108,ZONA INDUSTRIAL,2020-03-12,00:00:00,MASCULINO,2020,1
-74.16415678199996,4.57566793884976,19,CIUDAD BOLÍVAR,69,ISMAEL PERDOMO,2021-08-08,00:00:00,MASCULINO,2021,1
-74.18344814199997,4.623059728848229,07,BOSA,84,BOSA OCCIDENTAL,2021-03-07,00:00:00,MASCULINO,2021,1
-74.05448350899997,4.569008167849994,04,SAN CRISTÓBAL,993,SIN UPZ SAN CRISTOBAL,2019-11-09,00:00:00,MASCULINO,2019,1
-74.15711608399994,4.59469855384916,19,CIUDAD BOLÍVAR,65,ARBORIZADORA,2021-02-25,00:00:00,MASCULINO,2021,1
-74.17471488699994,4.626923291848145,08,KENNEDY,83,LAS MARGARITAS,2021-09-21,00:00:00,MASCULINO,2021,1
-74.12149999999997,4.709419999845408,10,ENGATIVÁ,73,GARCES NAVAS,2023-07-15,00:00:00,MASCULINO,2023,1
-74.06483003399995,4.5345138718511215,04,SAN CRISTÓBAL,993,SIN UPZ SAN CRISTOBAL,2018-04-03,00:00:00,MASCULINO,2018,1
-74.06979999999999,4.59955999984901,17,CANDELARIA,94,LA CANDELARIA,2023-02-08,00:00:00,MASCULINO,2023,1
-74.19861366199996,4.623756331848198,07,BOSA,84,BOSA OCCIDENTAL,2020-11-18,00:00:00,MASCULINO,2020,1
-74.10483336499993,4.608282946848696,16,PUENTE ARANDA,40,CIUDAD MONTES,2019-05-21,00:00:00,MASCULINO,2019,1
-74.15914938799995,4.623495499848226,08,KENNEDY,47,KENNEDY CENTRAL,2018-01-25,00:00:00,MASCULINO,2018,1
-74.15249999999997,4.530999999851253,19,CIUDAD BOLÍVAR,UPR3,UPR RIO TUNJUELO,2023-07-31,00:00:00,MASCULINO,2023,1
-74.15119999999996,4.549039999850652,19,CIUDAD BOLÍVAR,67,LUCERO,2023-09-23,00:00:00,MASCULINO,2023,1
-74.11319999999995,4.516879999851721,05,USME,57,GRAN YOMASA,2023-08-08,00:00:00,MASCULINO,2023,1
-74.07659999999998,4.610809999848665,14,LOS MÁRTIRES,102,LA SABANA,2023-09-28,00:00:00,FEMENINO,2023,1
-74.05329999999998,4.667809999846767,02,CHAPINERO,97,CHICO LAGO,2023-07-24,00:00:00,MASCULINO,2023,1
-74.16009999999994,4.571619999849923,19,CIUDAD BOLÍVAR,70,JERUSALEM,2023-01-16,00:00:00,MASCULINO,2023,1
-74.12209999999999,4.674539999846558,09,FONTIBÓN,114,MODELIA,2023-02-11,00:00:00,MASCULINO,2023,1
-74.16139999999996,4.546079999850774,19,CIUDAD BOLÍVAR,67,LUCERO,2023-05-25,00:00:00,MASCULINO,2023,1
-74.16999999999996,4.573059999849877,19,CIUDAD BOLÍVAR,69,ISMAEL PERDOMO,2023-01-24,00:00:00,MASCULINO,2023,1
-74.16199999999998,4.634219999847862,08,KENNEDY,80,CORABASTOS,2023-07-20,00:00:00,FEMENINO,2023,1
-74.05469999999997,4.687319999846157,01,USAQUÉN,16,SANTA BARBARA,2023-01-22,00:00:00,FEMENINO,2023,1
-74.07419999999996,4.614369999848544,14,LOS MÁRTIRES,102,LA SABANA,2023-01-11,00:00:00,MASCULINO,2023,1
-74.14929999999998,4.67678999984649,09,FONTIBÓN,75,FONTIBON,2023-07-17,00:00:00,MASCULINO,2023,1
-74.14709999999997,4.551759999850581,19,CIUDAD BOLÍVAR,67,LUCERO,2023-05-19,00:00:00,MASCULINO,2023,1
-74.10149999999999,4.562549999850207,04,SAN CRISTÓBAL,34,20 DE JULIO,2023-08-01,00:00:00,FEMENINO,2023,1
-74.16449999999998,4.631749999847977,08,KENNEDY,80,CORABASTOS,2023-01-29,00:00:00,MASCULINO,2023,1
-74.16329999999994,4.641659999847652,08,KENNEDY,82,PATIO BONITO,2023-08-10,00:00:00,FEMENINO,2023,1
-74.10879999999997,4.744259999844306,11,SUBA,71,TIBABUYES,2023-02-23,00:00:00,MASCULINO,2023,1
-74.13549999999998,4.710989999845374,10,ENGATIVÁ,74,ENGATIVA,2023-02-18,00:00:00,MASCULINO,2023,1
-74.19489999999996,4.634939999847836,07,BOSA,86,EL PORVENIR,2023-01-14,00:00:00,MASCULINO,2023,1
-74.19949999999994,4.60238999984894,07,BOSA,85,BOSA CENTRAL,2023-08-05,00:00:00,MASCULINO,2023,1
-74.09619999999995,4.72572999984491,11,SUBA,28,EL RINCON,2023-09-17,00:00:00,MASCULINO,2023,1
-74.15509999999995,4.594209999849173,19,CIUDAD BOLÍVAR,65,ARBORIZADORA,2023-02-08,00:00:00,MASCULINO,2023,1
-74.17979999999994,4.586819999849423,19,CIUDAD BOLÍVAR,69,ISMAEL PERDOMO,2023-02-20,00:00:00,MASCULINO,2023,1
-74.03769999999997,4.756939999843881,01,USAQUÉN,9,VERBENAL,2023-07-25,00:00:00,MASCULINO,2023,1
-74.15409999999997,4.550719999850617,19,CIUDAD BOLÍVAR,67,LUCERO,2023-08-17,00:00:00,MASCULINO,2023,1
-74.09339999999997,4.516549999851711,05,USME,52,LA FLORA,2023-05-11,00:00:00,MASCULINO,2023,1
-74.11909999999995,4.699909999845736,10,ENGATIVÁ,73,GARCES NAVAS,2023-07-19,00:00:00,MASCULINO,2023,1
-74.10219999999998,4.7375599998445015,11,SUBA,28,EL RINCON,2023-06-06,00:00:00,MASCULINO,2023,1
-74.13929999999993,4.551049999850579,19,CIUDAD BOLÍVAR,67,LUCERO,2023-09-13,00:00:00,MASCULINO,2023,1
-74.14009999999996,4.549599999850642,19,CIUDAD BOLÍVAR,67,LUCERO,2023-05-19,00:00:00,MASCULINO,2023,1
-74.08899999999994,4.597649999849068,14,LOS MÁRTIRES,37,SANTA ISABEL,2023-03-07,00:00:00,MASCULINO,2023,1
-74.09219999999993,4.72687999984487,11,SUBA,28,EL RINCON,2023-04-10,00:00:00,MASCULINO,2023,1
-74.14959999999996,4.534149999851154,19,CIUDAD BOLÍVAR,68,EL TESORO,2023-01-08,00:00:00,MASCULINO,2023,1
-74.17869999999994,4.616389999848429,08,KENNEDY,81,GRAN BRITALIA,2023-02-24,00:00:00,MASCULINO,2023,1
-74.20619999999997,4.61692999984842,07,BOSA,87,TINTAL SUR,2023-03-18,00:00:00,FEMENINO,2023,1
-74.08279999999996,4.592589999849222,03,SANTA FE,95,LAS CRUCES,2023-04-25,00:00:00,MASCULINO,2023,1
-74.15839999999997,4.635229999847836,08,KENNEDY,80,CORABASTOS,2023-06-04,00:00:00,MASCULINO,2023,1
-74.16869999999994,4.633829999847892,08,KENNEDY,82,PATIO BONITO,2023-01-02,00:00:00,MASCULINO,2023,1
-74.16639999999995,4.580399999849639,19,CIUDAD BOLÍVAR,69,ISMAEL PERDOMO,2023-04-23,00:00:00,MASCULINO,2023,1
-74.11089999999996,4.5734999998498305,18,RAFAEL URIBE URIBE,53,MARCO FIDEL SUAREZ,2023-06-10,00:00:00,FEMENINO,2023,1
-74.15839999999997,4.53538999985111,19,CIUDAD BOLÍVAR,UPR3,UPR RIO TUNJUELO,2023-05-21,00:00:00,FEMENINO,2023,1
-74.16779999999994,4.572609999849891,19,CIUDAD BOLÍVAR,69,ISMAEL PERDOMO,2023-09-20,00:00:00,MASCULINO,2023,1
-74.17219999999998,4.6366699998477925,08,KENNEDY,82,PATIO BONITO,2023-08-23,00:00:00,MASCULINO,2023,1
-74.07949999999994,4.661169999846987,12,BARRIOS UNIDOS,22,DOCE DE OCTUBRE,2023-02-10,00:00:00,MASCULINO,2023,1
-74.12247546799995,4.578144559849712,18,RAFAEL URIBE URIBE,39,QUIROGA,2021-02-11,00:00:00,MASCULINO,2021,1
-74.12809999999996,4.471409999853184,05,USME,61,CIUDAD USME,2023-02-25,00:00:00,MASCULINO,2023,1
-74.07279999999997,4.714559999845281,11,SUBA,24,NIZA,2023-05-19,00:00:00,MASCULINO,2023,1
-74.09598073599994,4.54759742885071,04,SAN CRISTÓBAL,50,LA GLORIA,2018-12-16,00:00:00,MASCULINO,2018,1
-74.16719999999998,4.5647699998501565,19,CIUDAD BOLÍVAR,70,JERUSALEM,2023-02-10,00:00:00,MASCULINO,2023,1
-74.16440579399995,4.626928032848145,08,KENNEDY,80,CORABASTOS,2021-11-26,00:00:00,MASCULINO,2021,1
-74.17123111599994,4.628467969848049,08,KENNEDY,83,LAS MARGARITAS,2021-06-25,00:00:00,MASCULINO,2021,1
-74.07989999999995,4.608139999848722,14,LOS MÁRTIRES,102,LA SABANA,2023-03-04,00:00:00,MASCULINO,2023,1
-74.08929999999998,4.598259999849041,14,LOS MÁRTIRES,37,SANTA ISABEL,2023-07-21,00:00:00,MASCULINO,2023,1
-74.08809999999994,4.719349999845079,11,SUBA,28,EL RINCON,2022-06-12,00:00:00,MASCULINO,2022,1
-74.18739999999997,4.62637999984813,07,BOSA,84,BOSA OCCIDENTAL,2023-08-18,00:00:00,MASCULINO,2023,1
-74.17059999999998,4.609059999848708,08,KENNEDY,48,TIMIZA,2023-08-15,00:00:00,MASCULINO,2023,1
-74.20779999999996,4.613319999848557,07,BOSA,85,BOSA CENTRAL,2023-07-16,00:00:00,MASCULINO,2023,1
-74.10065841199997,4.566058778850106,04,SAN CRISTÓBAL,34,20 DE JULIO,2019-12-08,00:00:00,MASCULINO,2019,1
-74.20269999999994,4.621509999848306,07,BOSA,84,BOSA OCCIDENTAL,2023-01-22,00:00:00,FEMENINO,2023,1
-74.13964554199998,4.600084385848996,08,KENNEDY,45,CARVAJAL,2019-05-25,00:00:00,MASCULINO,2019,1
-74.02860854499994,4.738973644844467,01,USAQUÉN,11,SAN CRISTOBAL NORTE,2019-12-11,00:00:00,MASCULINO,2019,1
-74.05989999999997,4.677169999846484,12,BARRIOS UNIDOS,98,LOS ALCAZARES,2023-03-22,00:00:00,MASCULINO,2023,1
-74.07123921699997,4.692881664845996,11,SUBA,25,LA FLORESTA,2020-12-08,00:00:00,MASCULINO,2020,1
-74.09449999999998,4.502799999852141,05,USME,61,CIUDAD USME,2023-09-26,00:00:00,MASCULINO,2023,1
-74.10989999999998,4.543619999850807,18,RAFAEL URIBE URIBE,55,DIANA TURBAY,2023-07-23,00:00:00,MASCULINO,2023,1
-74.15319945799996,4.562122947850205,19,CIUDAD BOLÍVAR,66,SAN FRANCISCO,2020-09-10,00:00:00,MASCULINO,2020,1
-74.15010685999994,4.642212830847623,08,KENNEDY,46,CASTILLA,2020-06-14,00:00:00,FEMENINO,2020,1
-74.11309999999997,4.557169999850386,18,RAFAEL URIBE URIBE,54,MARRUECOS,2023-02-23,00:00:00,MASCULINO,2023,1
-74.14729999999997,4.625849999848172,08,KENNEDY,47,KENNEDY CENTRAL,2023-04-21,00:00:00,MASCULINO,2023,1
-74.17947049099996,4.633615006847917,08,KENNEDY,83,LAS MARGARITAS,2018-03-12,00:00:00,MASCULINO,2018,1
-74.14699999999993,4.56400999985017,19,CIUDAD BOLÍVAR,66,SAN FRANCISCO,2023-03-22,00:00:00,MASCULINO,2023,1
-74.17806481799994,4.590448053849288,19,CIUDAD BOLÍVAR,69,ISMAEL PERDOMO,2018-05-09,00:00:00,MASCULINO,2018,1
-74.09139999999996,4.732889999844675,11,SUBA,28,EL RINCON,2023-06-18,00:00:00,MASCULINO,2023,1
-74.08659999999998,4.620009999848332,14,LOS MÁRTIRES,102,LA SABANA,2023-07-21,00:00:00,MASCULINO,2023,1
-74.14729999999997,4.534059999851158,19,CIUDAD BOLÍVAR,68,EL TESORO,2023-02-23,00:00:00,MASCULINO,2023,1
-74.11409999999995,4.748169999844197,11,SUBA,71,TIBABUYES,2023-07-20,00:00:00,MASCULINO,2023,1
-74.14670697899999,4.507892552851981,19,CIUDAD BOLÍVAR,64,MONTE BLANCO,2021-11-29,00:00:00,MASCULINO,2021,1
-74.14478650699994,4.55972821885028,19,CIUDAD BOLÍVAR,66,SAN FRANCISCO,2018-05-15,00:00:00,MASCULINO,2018,1
-74.17639999999994,4.579079999849661,19,CIUDAD BOLÍVAR,69,ISMAEL PERDOMO,2022-02-16,00:00:00,MASCULINO,2022,1
-74.10932283599993,4.504292956852133,05,USME,58,COMUNEROS,2019-01-30,00:00:00,MASCULINO,2019,1
-74.15064676299994,4.543676838850839,19,CIUDAD BOLÍVAR,67,LUCERO,2021-10-28,00:00:00,MASCULINO,2021,1
-74.11269999999996,4.509329999851931,05,USME,57,GRAN YOMASA,2022-06-04,00:00:00,MASCULINO,2022,1
-74.01487408499997,4.739899082844456,01,USAQUÉN,990,SIN UPZ USAQUEN,2019-02-11,00:00:00,MASCULINO,2019,1
-74.20469999999995,4.620659999848319,07,BOSA,87,TINTAL SUR,2022-08-02,00:00:00,MASCULINO,2022,1
-74.19808558499994,4.603282934848875,07,BOSA,85,BOSA CENTRAL,2019-12-04,00:00:00,MASCULINO,2019,1
-74.08619999999996,4.616059999848486,14,LOS MÁRTIRES,102,LA SABANA,2022-04-12,00:00:00,MASCULINO,2022,1
-74.08999999999997,4.501769999852162,05,USME,52,LA FLORA,2022-07-04,00:00:00,MASCULINO,2022,1
-74.17827444199997,4.581374114849624,19,CIUDAD BOLÍVAR,69,ISMAEL PERDOMO,2020-09-29,00:00:00,MASCULINO,2020,1
-74.14900138699994,4.555035431850483,19,CIUDAD BOLÍVAR,67,LUCERO,2021-11-07,00:00:00,MASCULINO,2021,1
-74.10149999999999,4.55490999985048,04,SAN CRISTÓBAL,50,LA GLORIA,2022-08-17,00:00:00,MASCULINO,2022,1
-74.18979999999993,4.621979999848296,07,BOSA,84,BOSA OCCIDENTAL,2022-08-05,00:00:00,MASCULINO,2022,1
-74.16259999999994,4.643239999847587,08,KENNEDY,82,PATIO BONITO,2022-07-11,00:00:00,MASCULINO,2022,1
-74.14251091999995,4.607829921848755,08,KENNEDY,45,CARVAJAL,2018-02-25,00:00:00,MASCULINO,2018,1
-74.07469262999996,4.6101281798486795,03,SANTA FE,93,LAS NIEVES,2021-11-12,00:00:00,MASCULINO,2021,1
-74.15107063899995,4.567099387850043,19,CIUDAD BOLÍVAR,66,SAN FRANCISCO,2021-12-25,00:00:00,MASCULINO,2021,1
-74.10838863499998,4.5908628278493095,15,ANTONIO NARIÑO,38,RESTREPO,2021-10-12,00:00:00,MASCULINO,2021,1
-74.08509999999995,4.590159999849293,03,SANTA FE,95,LAS CRUCES,2022-09-21,00:00:00,MASCULINO,2022,1
-74.16159999999996,4.544529999850818,19,CIUDAD BOLÍVAR,67,LUCERO,2022-09-27,00:00:00,MASCULINO,2022,1
-74.11864146299996,4.519378592851628,05,USME,57,GRAN YOMASA,2021-09-12,00:00:00,MASCULINO,2021,1
-74.09079999999994,4.553639999850482,04,SAN CRISTÓBAL,32,SAN BLAS,2023-07-07,00:00:00,MASCULINO,2023,1
-74.11814805199998,4.494404373852435,05,USME,58,COMUNEROS,2021-11-27,00:00:00,MASCULINO,2021,1
-74.21054146599994,4.616572310848432,07,BOSA,87,TINTAL SUR,2021-12-29,00:00:00,MASCULINO,2021,1
-74.07129999999995,4.59684999984912,17,CANDELARIA,94,LA CANDELARIA,2022-02-18,00:00:00,MASCULINO,2022,1
-74.18884816599996,4.603430832848893,07,BOSA,85,BOSA CENTRAL,2019-02-20,00:00:00,MASCULINO,2019,1
-74.08489999999995,4.6046199998488655,14,LOS MÁRTIRES,102,LA SABANA,2022-04-10,00:00:00,MASCULINO,2022,1
-74.11394611999998,4.74876144484418,11,SUBA,71,TIBABUYES,2020-03-29,00:00:00,MASCULINO,2020,1
-74.11359999999996,4.548079999850667,18,RAFAEL URIBE URIBE,55,DIANA TURBAY,2022-04-11,00:00:00,MASCULINO,2022,1
-74.13489999999996,4.555389999850445,19,CIUDAD BOLÍVAR,67,LUCERO,2022-05-15,00:00:00,MASCULINO,2022,1
-74.08422336999996,4.741109230844411,11,SUBA,27,SUBA,2018-07-04,00:00:00,MASCULINO,2018,1
-74.09999999999997,4.585779999849467,15,ANTONIO NARIÑO,38,RESTREPO,2022-08-04,00:00:00,MASCULINO,2022,1
-74.10840554999999,4.740924740844433,11,SUBA,71,TIBABUYES,2018-12-18,00:00:00,MASCULINO,2018,1
-74.10009999999994,4.581429999849617,15,ANTONIO NARIÑO,35,CIUDAD JARDIN,2022-03-24,00:00:00,MASCULINO,2022,1
-74.05953366499995,4.67227080584662,02,CHAPINERO,97,CHICO LAGO,2020-10-29,00:00:00,MASCULINO,2020,1
-74.11689999999999,4.705449999845556,10,ENGATIVÁ,73,GARCES NAVAS,2022-10-14,00:00:00,MASCULINO,2022,1
-74.16519805299998,4.639928800847704,08,KENNEDY,82,PATIO BONITO,2018-02-05,00:00:00,MASCULINO,2018,1
-74.19929999999994,4.6189699998483755,07,BOSA,84,BOSA OCCIDENTAL,2022-03-16,00:00:00,MASCULINO,2022,1
-74.16289999999998,4.6383399998477275,08,KENNEDY,82,PATIO BONITO,2022-03-26,00:00:00,MASCULINO,2022,1
-74.06749999999994,4.6076699998487385,03,SANTA FE,93,LAS NIEVES,2023-03-23,00:00:00,MASCULINO,2023,1
-74.13076877599997,4.617751734848439,08,KENNEDY,44,AMERICAS,2021-07-03,00:00:00,MASCULINO,2021,1
-74.18974867399999,4.626483153848111,07,BOSA,84,BOSA OCCIDENTAL,2018-12-16,00:00:00,MASCULINO,2018,1
-74.07399999999996,4.612399999848581,03,SANTA FE,93,LAS NIEVES,2022-02-21,00:00:00,MASCULINO,2022,1
-74.17233434099995,4.576070069849793,19,CIUDAD BOLÍVAR,69,ISMAEL PERDOMO,2021-06-20,00:00:00,MASCULINO,2021,1
-74.09434995299995,4.720279997845054,11,SUBA,28,EL RINCON,2018-07-13,00:00:00,MASCULINO,2018,1
-74.13809999999995,4.6793999998464,09,FONTIBÓN,75,FONTIBON,2023-03-22,00:00:00,MASCULINO,2023,1
-74.08449999999993,4.593339999849234,03,SANTA FE,95,LAS CRUCES,2022-10-24,00:00:00,MASCULINO,2022,1
-74.16259999999994,4.622579999848241,08,KENNEDY,47,KENNEDY CENTRAL,2022-03-16,00:00:00,FEMENINO,2022,1
-74.18503459799996,4.622964234848238,07,BOSA,84,BOSA OCCIDENTAL,2021-04-30,00:00:00,MASCULINO,2021,1
-74.08555259299999,4.688542431846145,10,ENGATIVÁ,26,LAS FERIAS,2019-06-29,00:00:00,MASCULINO,2019,1
-74.19729999999998,4.611629999848616,07,BOSA,85,BOSA CENTRAL,2022-11-19,00:00:00,MASCULINO,2022,1
-74.12590282299993,4.574381503849806,18,RAFAEL URIBE URIBE,39,QUIROGA,2020-01-25,00:00:00,MASCULINO,2020,1
-74.16107993699995,4.528606810851304,19,CIUDAD BOLÍVAR,UPR3,UPR RIO TUNJUELO,2021-10-31,00:00:00,MASCULINO,2021,1
-74.17639999999994,4.618669999848404,08,KENNEDY,81,GRAN BRITALIA,2022-11-06,00:00:00,MASCULINO,2022,1
-74.11499999999995,4.543059999850821,18,RAFAEL URIBE URIBE,55,DIANA TURBAY,2022-02-19,00:00:00,MASCULINO,2022,1
-74.03562516899996,4.762526650843688,01,USAQUÉN,9,VERBENAL,2019-05-12,00:00:00,MASCULINO,2019,1
-74.07323483499994,4.656136799847189,12,BARRIOS UNIDOS,98,LOS ALCAZARES,2019-10-19,00:00:00,MASCULINO,2019,1
-74.06642433399998,4.640494779847671,13,TEUSAQUILLO,100,GALERIAS,2021-10-09,00:00:00,MASCULINO,2021,1
-74.19829999999996,4.6209399998483365,07,BOSA,84,BOSA OCCIDENTAL,2022-10-30,00:00:00,MASCULINO,2022,1
-74.09217694799997,4.599622782848986,14,LOS MÁRTIRES,37,SANTA ISABEL,2019-06-15,00:00:00,MASCULINO,2019,1
-74.18869999999998,4.618029999848388,07,BOSA,84,BOSA OCCIDENTAL,2023-09-24,00:00:00,MASCULINO,2023,1
-74.12269999999995,4.752909999844016,11,SUBA,71,TIBABUYES,2023-01-07,00:00:00,MASCULINO,2023,1
-74.09429999999998,4.7384699998445,11,SUBA,28,EL RINCON,2023-05-20,00:00:00,MASCULINO,2023,1
-74.18439999999998,4.6062699998487915,07,BOSA,85,BOSA CENTRAL,2023-08-15,00:00:00,MASCULINO,2023,1
-74.03749999999997,4.7459699998442515,01,USAQUÉN,12,TOBERIN,2023-04-24,00:00:00,MASCULINO,2023,1
-74.11439999999999,4.546929999850711,18,RAFAEL URIBE URIBE,55,DIANA TURBAY,2023-05-19,00:00:00,MASCULINO,2023,1
-74.10679999999996,4.745059999844249,11,SUBA,71,TIBABUYES,2023-09-02,00:00:00,MASCULINO,2023,1
-74.05209999999994,4.722249999845,11,SUBA,19,EL PRADO,2023-09-28,00:00:00,MASCULINO,2023,1
-74.02979999999997,4.73759999984451,01,USAQUÉN,11,SAN CRISTOBAL NORTE,2023-09-18,00:00:00,MASCULINO,2023,1
-74.06839999999994,4.656879999847156,12,BARRIOS UNIDOS,98,LOS ALCAZARES,2023-05-28,00:00:00,MASCULINO,2023,1
-74.19219999999996,4.618919999848388,07,BOSA,84,BOSA OCCIDENTAL,2023-05-28,00:00:00,MASCULINO,2023,1
-74.11299999999994,4.546939999850733,18,RAFAEL URIBE URIBE,55,DIANA TURBAY,2023-04-01,00:00:00,MASCULINO,2023,1
-74.15909999999997,4.575539999849793,19,CIUDAD BOLÍVAR,70,JERUSALEM,2023-04-13,00:00:00,MASCULINO,2023,1
-74.09779999999995,4.586009999849449,15,ANTONIO NARIÑO,38,RESTREPO,2023-05-14,00:00:00,MASCULINO,2023,1
-74.08579999999995,4.594149999849206,03,SANTA FE,95,LAS CRUCES,2023-05-24,00:00:00,MASCULINO,2023,1
-74.12449999999995,4.715509999845242,10,ENGATIVÁ,73,GARCES NAVAS,2023-05-18,00:00:00,MASCULINO,2023,1
-74.13769999999994,4.713749999845308,10,ENGATIVÁ,74,ENGATIVA,2023-01-06,00:00:00,MASCULINO,2023,1
-74.17219999999998,4.624749999848205,08,KENNEDY,81,GRAN BRITALIA,2023-07-10,00:00:00,MASCULINO,2023,1
-74.06829999999997,4.657049999847117,12,BARRIOS UNIDOS,98,LOS ALCAZARES,2023-05-19,00:00:00,MASCULINO,2023,1
-74.21339999999998,4.613689999848574,07,BOSA,85,BOSA CENTRAL,2023-09-07,00:00:00,MASCULINO,2023,1
-74.08409999999998,4.592109999849245,03,SANTA FE,95,LAS CRUCES,2023-07-25,00:00:00,MASCULINO,2023,1
-74.17569999999995,4.629099999848049,08,KENNEDY,83,LAS MARGARITAS,2023-05-08,00:00:00,MASCULINO,2023,1
-74.12059999999997,4.523129999851482,05,USME,57,GRAN YOMASA,2023-03-05,00:00:00,MASCULINO,2023,1
-74.09569999999997,4.742789999844372,11,SUBA,28,EL RINCON,2023-05-07,00:00:00,MASCULINO,2023,1
-74.11339999999996,4.537479999851057,05,USME,56,DANUBIO,2023-05-04,00:00:00,MASCULINO,2023,1
-74.16399999999999,4.643819999847582,08,KENNEDY,79,CALANDAIMA,2023-03-30,00:00:00,MASCULINO,2023,1
-74.15709999999996,4.620139999848343,08,KENNEDY,47,KENNEDY CENTRAL,2023-09-24,00:00:00,MASCULINO,2023,1
-74.11369999999994,4.570799999849972,18,RAFAEL URIBE URIBE,53,MARCO FIDEL SUAREZ,2023-04-09,00:00:00,MASCULINO,2023,1
-74.10659999999996,4.546239999850761,18,RAFAEL URIBE URIBE,55,DIANA TURBAY,2023-03-11,00:00:00,MASCULINO,2023,1
-74.09369999999996,4.518249999851629,04,SAN CRISTÓBAL,51,LOS LIBERTADORES,2023-07-01,00:00:00,MASCULINO,2023,1
-74.13579999999996,4.70476999984559,10,ENGATIVÁ,74,ENGATIVA,2023-05-24,00:00:00,MASCULINO,2023,1
-74.09469999999999,4.548679999850661,04,SAN CRISTÓBAL,50,LA GLORIA,2023-05-06,00:00:00,MASCULINO,2023,1
-74.09569999999997,4.599549999848981,14,LOS MÁRTIRES,37,SANTA ISABEL,2023-01-19,00:00:00,MASCULINO,2023,1
-74.16749999999996,4.572269999849907,19,CIUDAD BOLÍVAR,70,JERUSALEM,2023-01-08,00:00:00,MASCULINO,2023,1
-74.11679999999996,4.553749999850487,18,RAFAEL URIBE URIBE,54,MARRUECOS,2023-04-29,00:00:00,MASCULINO,2023,1
-74.17929999999996,4.584699999849502,19,CIUDAD BOLÍVAR,69,ISMAEL PERDOMO,2023-02-26,00:00:00,MASCULINO,2023,1
-74.10579999999999,4.624399999848186,16,PUENTE ARANDA,108,ZONA INDUSTRIAL,2023-01-15,00:00:00,MASCULINO,2023,1
-74.16119999999995,4.6266699998481275,08,KENNEDY,80,CORABASTOS,2023-07-15,00:00:00,MASCULINO,2023,1
-74.15219999999994,4.534999999851086,19,CIUDAD BOLÍVAR,UPR3,UPR RIO TUNJUELO,2023-09-10,00:00:00,MASCULINO,2023,1
-74.14339999999999,4.716219999845184,10,ENGATIVÁ,74,ENGATIVA,2023-02-21,00:00:00,MASCULINO,2023,1
-74.11649999999997,4.4937699998524385,05,USME,58,COMUNEROS,2023-08-27,00:00:00,MASCULINO,2023,1
-74.11109999999996,4.574159999849846,18,RAFAEL URIBE URIBE,53,MARCO FIDEL SUAREZ,2023-01-31,00:00:00,MASCULINO,2023,1
-74.11729999999994,4.539239999850983,05,USME,56,DANUBIO,2023-08-07,00:00:00,MASCULINO,2023,1
-74.11699999999996,4.541779999850918,18,RAFAEL URIBE URIBE,55,DIANA TURBAY,2023-09-04,00:00:00,MASCULINO,2023,1
-74.16559999999998,4.628109999848089,08,KENNEDY,80,CORABASTOS,2023-08-30,00:00:00,MASCULINO,2023,1
-74.18139999999994,4.644869999847517,08,KENNEDY,83,LAS MARGARITAS,2023-02-12,00:00:00,MASCULINO,2023,1
-74.16769999999997,4.631959999847957,08,KENNEDY,82,PATIO BONITO,2023-08-25,00:00:00,FEMENINO,2023,1
-74.14659999999998,4.659769999847036,08,KENNEDY,78,TINTAL NORTE,2023-05-29,00:00:00,MASCULINO,2023,1
-74.07579999999996,4.612379999848568,14,LOS MÁRTIRES,102,LA SABANA,2023-02-15,00:00:00,MASCULINO,2023,1
-74.09229999999997,4.526039999851371,04,SAN CRISTÓBAL,51,LOS LIBERTADORES,2023-08-23,00:00:00,MASCULINO,2023,1
-74.08499999999998,4.5922699998492424,03,SANTA FE,95,LAS CRUCES,2023-06-17,00:00:00,MASCULINO,2023,1
-74.10619999999994,4.50527999985206,05,USME,58,COMUNEROS,2023-07-05,00:00:00,MASCULINO,2023,1
-74.07649999999995,4.641529999847644,13,TEUSAQUILLO,100,GALERIAS,2023-05-04,00:00:00,MASCULINO,2023,1
-74.08259999999996,4.600329999848982,14,LOS MÁRTIRES,102,LA SABANA,2023-07-13,00:00:00,MASCULINO,2023,1
-74.09889999999996,4.691939999845998,10,ENGATIVÁ,30,BOYACA REAL,2023-07-09,00:00:00,MASCULINO,2023,1
-74.15839999999997,4.53538999985111,19,CIUDAD BOLÍVAR,UPR3,UPR RIO TUNJUELO,2023-05-21,00:00:00,MASCULINO,2023,1
-74.15049999999997,4.6703399998467265,09,FONTIBÓN,75,FONTIBON,2023-04-01,00:00:00,MASCULINO,2023,1
-74.21049999999997,4.615819999848472,07,BOSA,87,TINTAL SUR,2023-05-28,00:00:00,MASCULINO,2023,1
-74.13469999999995,4.713439999845303,10,ENGATIVÁ,74,ENGATIVA,2023-01-19,00:00:00,MASCULINO,2023,1
-74.09409999999997,4.710239999845409,10,ENGATIVÁ,29,MINUTO DE DIOS,2023-09-25,00:00:00,MASCULINO,2023,1
-74.07809999999995,4.6556899998471835,12,BARRIOS UNIDOS,103,PARQUE SALITRE,2023-03-02,00:00:00,MASCULINO,2023,1
-74.15929999999997,4.582009999849556,19,CIUDAD BOLÍVAR,69,ISMAEL PERDOMO,2023-04-19,00:00:00,MASCULINO,2023,1
-74.18469999999996,4.637449999847783,07,BOSA,86,EL PORVENIR,2023-07-01,00:00:00,MASCULINO,2023,1
-74.17499999999995,4.636729999847806,08,KENNEDY,82,PATIO BONITO,2023-01-09,00:00:00,MASCULINO,2023,1
-74.12949999999995,4.618089999848406,08,KENNEDY,44,AMERICAS,2023-03-25,00:00:00,MASCULINO,2023,1
-74.17169999999999,4.652339999847283,08,KENNEDY,79,CALANDAIMA,2023-04-14,00:00:00,MASCULINO,2023,1
-74.08179999999999,4.5954799998491564,03,SANTA FE,93,LAS NIEVES,2023-02-10,00:00:00,MASCULINO,2023,1
-74.16459999999995,4.626119999848165,08,KENNEDY,80,CORABASTOS,2023-04-18,00:00:00,MASCULINO,2023,1
-74.06669999999997,4.734049999844606,11,SUBA,23,CASA BLANCA SUBA,2023-01-23,00:00:00,MASCULINO,2023,1
-74.11099999999993,4.55411999985051,18,RAFAEL URIBE URIBE,54,MARRUECOS,2023-06-24,00:00:00,MASCULINO,2023,1
-74.16619999999995,4.638809999847713,08,KENNEDY,82,PATIO BONITO,2023-08-24,00:00:00,MASCULINO,2023,1
-74.15209999999996,4.632299999847943,08,KENNEDY,46,CASTILLA,2023-06-23,00:00:00,MASCULINO,2023,1
-74.14739999999995,4.671139999846664,09,FONTIBÓN,75,FONTIBON,2023-08-28,00:00:00,FEMENINO,2023,1
-74.02869999999996,4.7425099998443505,01,USAQUÉN,10,LA URIBE,2023-03-26,00:00:00,MASCULINO,2023,1
-74.13529999999997,4.612849999848568,08,KENNEDY,45,CARVAJAL,2023-02-17,00:00:00,MASCULINO,2023,1
-74.10899999999998,4.664149999846924,10,ENGATIVÁ,31,SANTA CECILIA,2023-03-04,00:00:00,FEMENINO,2023,1
-74.12339999999995,4.522369999851499,05,USME,57,GRAN YOMASA,2023-08-20,00:00:00,MASCULINO,2023,1
-74.13949999999994,4.56081999985025,19,CIUDAD BOLÍVAR,67,LUCERO,2023-05-29,00:00:00,FEMENINO,2023,1
-74.11869999999993,4.540429999850954,05,USME,56,DANUBIO,2023-01-04,00:00:00,FEMENINO,2023,1
-74.17699999999996,4.592769999849213,19,CIUDAD BOLÍVAR,69,ISMAEL PERDOMO,2023-08-18,00:00:00,MASCULINO,2023,1
-74.12529999999998,4.7416899998443975,11,SUBA,71,TIBABUYES,2023-06-08,00:00:00,MASCULINO,2023,1
-74.06509999999997,4.651779999847291,12,BARRIOS UNIDOS,98,LOS ALCAZARES,2023-05-01,00:00:00,FEMENINO,2023,1
-74.17579999999998,4.5774799998497135,19,CIUDAD BOLÍVAR,69,ISMAEL PERDOMO,2023-08-07,00:00:00,MASCULINO,2023,1
-74.13229999999999,4.65218999984732,09,FONTIBÓN,112,GRANJAS DE TECHO,2023-08-02,00:00:00,MASCULINO,2023,1
-74.04789999999997,4.693959999845944,01,USAQUÉN,16,SANTA BARBARA,2023-01-06,00:00:00,MASCULINO,2023,1
-74.12269999999995,4.670609999846716,09,FONTIBÓN,114,MODELIA,2023-03-21,00:00:00,MASCULINO,2023,1
-74.16449999999998,4.631389999847991,08,KENNEDY,80,CORABASTOS,2023-08-20,00:00:00,MASCULINO,2023,1
-74.11009999999999,4.543639999850823,18,RAFAEL URIBE URIBE,55,DIANA TURBAY,2023-08-03,00:00:00,MASCULINO,2023,1
-74.08839999999998,4.522689999851531,04,SAN CRISTÓBAL,51,LOS LIBERTADORES,2023-06-26,00:00:00,MASCULINO,2023,1
-74.16239999999993,4.546309999850754,19,CIUDAD BOLÍVAR,UPR3,UPR RIO TUNJUELO,2023-07-16,00:00:00,MASCULINO,2023,1
-74.11689999999999,4.556469999850414,18,RAFAEL URIBE URIBE,54,MARRUECOS,2023-04-12,00:00:00,MASCULINO,2023,1
-74.17109999999997,4.566389999850104,19,CIUDAD BOLÍVAR,70,JERUSALEM,2023-01-25,00:00:00,MASCULINO,2023,1
-74.15359999999998,4.605949999848816,08,KENNEDY,48,TIMIZA,2023-09-14,00:00:00,MASCULINO,2023,1
-74.18289999999996,4.628019999848086,07,BOSA,84,BOSA OCCIDENTAL,2023-07-29,00:00:00,MASCULINO,2023,1
-74.12609999999995,4.670449999846726,09,FONTIBÓN,114,MODELIA,2023-06-02,00:00:00,FEMENINO,2023,1
-74.16209999999995,4.545089999850802,19,CIUDAD BOLÍVAR,67,LUCERO,2023-01-17,00:00:00,MASCULINO,2023,1
-74.17519999999996,4.576679999849776,19,CIUDAD BOLÍVAR,69,ISMAEL PERDOMO,2023-07-20,00:00:00,MASCULINO,2023,1
-74.07259999999997,4.633699999847885,13,TEUSAQUILLO,101,TEUSAQUILLO,2023-06-16,00:00:00,MASCULINO,2023,1
-74.10689999999994,4.634249999847897,16,PUENTE ARANDA,111,PUENTE ARANDA,2023-05-13,00:00:00,FEMENINO,2023,1
-74.16099999999994,4.550539999850625,19,CIUDAD BOLÍVAR,67,LUCERO,2023-03-11,00:00:00,MASCULINO,2023,1
-74.16749999999996,4.63804999984773,08,KENNEDY,82,PATIO BONITO,2023-07-14,00:00:00,MASCULINO,2023,1
-74.10289999999998,4.586649999849404,15,ANTONIO NARIÑO,38,RESTREPO,2023-06-08,00:00:00,FEMENINO,2023,1
-74.09449999999998,4.541119999850894,04,SAN CRISTÓBAL,51,LOS LIBERTADORES,2023-05-04,00:00:00,MASCULINO,2023,1
-74.15049999999997,4.6703399998467265,09,FONTIBÓN,75,FONTIBON,2023-04-01,00:00:00,MASCULINO,2023,1
-74.08529999999996,4.603699999848885,14,LOS MÁRTIRES,102,LA SABANA,2023-06-28,00:00:00,MASCULINO,2023,1
-74.19369999999998,4.635459999847818,07,BOSA,86,EL PORVENIR,2023-09-06,00:00:00,MASCULINO,2023,1
-74.18379999999996,4.628689999848073,07,BOSA,84,BOSA OCCIDENTAL,2023-09-03,00:00:00,MASCULINO,2023,1
-74.07619999999997,4.614449999848509,14,LOS MÁRTIRES,102,LA SABANA,2023-08-03,00:00:00,FEMENINO,2023,1
-74.19299999999998,4.642769999847599,07,BOSA,86,EL PORVENIR,2023-02-06,00:00:00,MASCULINO,2023,1
-74.16749999999996,4.629219999848031,08,KENNEDY,80,CORABASTOS,2023-07-08,00:00:00,MASCULINO,2023,1
-74.14759999999995,4.554089999850471,19,CIUDAD BOLÍVAR,67,LUCERO,2023-06-24,00:00:00,MASCULINO,2023,1
-74.13509999999997,4.558479999850328,19,CIUDAD BOLÍVAR,67,LUCERO,2023-04-23,00:00:00,MASCULINO,2023,1
-74.14909999999998,4.552369999850544,19,CIUDAD BOLÍVAR,67,LUCERO,2023-05-23,00:00:00,MASCULINO,2023,1
-74.08929999999998,4.6183299998484255,16,PUENTE ARANDA,108,ZONA INDUSTRIAL,2023-06-23,00:00:00,MASCULINO,2023,1
-74.13679999999994,4.71165999984536,10,ENGATIVÁ,74,ENGATIVA,2023-02-25,00:00:00,MASCULINO,2023,1
-74.15399999999994,4.575149999849819,19,CIUDAD BOLÍVAR,65,ARBORIZADORA,2023-02-07,00:00:00,MASCULINO,2023,1
-74.10089999999997,4.707819999845463,10,ENGATIVÁ,29,MINUTO DE DIOS,2023-04-13,00:00:00,MASCULINO,2023,1
-74.03419999999994,4.7407499998444145,01,USAQUÉN,12,TOBERIN,2023-08-09,00:00:00,MASCULINO,2023,1
-74.08769999999998,4.729699999844764,11,SUBA,28,EL RINCON,2023-04-15,00:00:00,MASCULINO,2023,1
-74.08319999999998,4.618859999848378,14,LOS MÁRTIRES,102,LA SABANA,2023-05-16,00:00:00,MASCULINO,2023,1
-74.14459999999997,4.553259999850488,19,CIUDAD BOLÍVAR,67,LUCERO,2023-01-28,00:00:00,MASCULINO,2023,1
-74.15059999999994,4.622529999848246,08,KENNEDY,47,KENNEDY CENTRAL,2023-05-17,00:00:00,FEMENINO,2023,1
-74.17659999999995,4.624049999848233,07,BOSA,84,BOSA OCCIDENTAL,2023-08-31,00:00:00,MASCULINO,2023,1
-74.11329999999998,4.536829999851066,05,USME,56,DANUBIO,2023-04-15,00:00:00,FEMENINO,2023,1
-74.11149999999998,4.59338999984922,15,ANTONIO NARIÑO,38,RESTREPO,2023-07-09,00:00:00,FEMENINO,2023,1
-74.15499999999997,4.54281999985087,19,CIUDAD BOLÍVAR,67,LUCERO,2023-06-11,00:00:00,MASCULINO,2023,1
-74.00869999999998,4.569929999849981,03,SANTA FE,992,SIN UPZ SANTA FE,2023-02-18,00:00:00,MASCULINO,2023,1
-74.16179999999997,4.635629999847838,08,KENNEDY,80,CORABASTOS,2023-04-18,00:00:00,MASCULINO,2023,1
-74.06949999999995,4.656189999847156,12,BARRIOS UNIDOS,98,LOS ALCAZARES,2023-01-02,00:00:00,FEMENINO,2023,1
-74.11019999999996,4.743869999844338,11,SUBA,71,TIBABUYES,2023-07-27,00:00:00,MASCULINO,2023,1
-74.14749999999998,4.535529999851097,19,CIUDAD BOLÍVAR,68,EL TESORO,2023-09-15,00:00:00,MASCULINO,2023,1
-74.17059999999998,4.582969999849541,19,CIUDAD BOLÍVAR,69,ISMAEL PERDOMO,2023-09-30,00:00:00,MASCULINO,2023,1
-74.18129999999996,4.630649999848008,07,BOSA,84,BOSA OCCIDENTAL,2023-04-23,00:00:00,MASCULINO,2023,1
-74.08399999999995,4.556369999850437,04,SAN CRISTÓBAL,32,SAN BLAS,2023-05-26,00:00:00,MASCULINO,2023,1
-74.10049999999995,4.5852299998494495,15,ANTONIO NARIÑO,38,RESTREPO,2023-03-05,00:00:00,MASCULINO,2023,1
-74.15949999999998,4.572679999849884,19,CIUDAD BOLÍVAR,70,JERUSALEM,2023-08-23,00:00:00,MASCULINO,2023,1
-74.14049999999997,4.558049999850346,19,CIUDAD BOLÍVAR,67,LUCERO,2023-01-31,00:00:00,MASCULINO,2023,1
-74.12169999999998,4.520819999851593,05,USME,57,GRAN YOMASA,2023-07-24,00:00:00,MASCULINO,2023,1
-74.13429999999994,4.61326999984857,08,KENNEDY,44,AMERICAS,2023-06-02,00:00:00,MASCULINO,2023,1
-74.07599999999996,4.5884199998493616,03,SANTA FE,96,LOURDES,2023-01-19,00:00:00,MASCULINO,2023,1
-74.12889999999999,4.745999999844233,11,SUBA,71,TIBABUYES,2023-05-31,00:00:00,MASCULINO,2023,1
-74.12919999999997,4.646559999847455,08,KENNEDY,113,BAVARIA,2023-07-14,00:00:00,MASCULINO,2023,1
-74.18109999999996,4.630209999847999,07,BOSA,84,BOSA OCCIDENTAL,2023-04-11,00:00:00,MASCULINO,2023,1
-74.11969999999997,4.575939999849788,18,RAFAEL URIBE URIBE,39,QUIROGA,2023-04-15,00:00:00,MASCULINO,2023,1
-74.08479999999997,4.630839999847977,13,TEUSAQUILLO,107,QUINTA PAREDES,2023-07-19,00:00:00,MASCULINO,2023,1
-74.13279999999997,4.718849999845115,10,ENGATIVÁ,73,GARCES NAVAS,2023-01-21,00:00:00,MASCULINO,2023,1
-74.13769999999994,4.58368999984952,06,TUNJUELITO,42,VENECIA,2023-07-19,00:00:00,FEMENINO,2023,1
-74.19189999999998,4.600409999849004,07,BOSA,85,BOSA CENTRAL,2023-05-29,00:00:00,MASCULINO,2023,1
-74.10239999999999,4.4956299998524,05,USME,59,ALFONSO LOPEZ,2023-05-03,00:00:00,MASCULINO,2023,1
-74.06659999999994,4.615279999848488,03,SANTA FE,92,LA MACARENA,2023-01-27,00:00:00,MASCULINO,2023,1
-74.08619999999996,4.593659999849214,03,SANTA FE,95,LAS CRUCES,2023-04-13,00:00:00,MASCULINO,2023,1
-74.15779999999995,4.638989999847712,08,KENNEDY,80,CORABASTOS,2023-03-24,00:00:00,MASCULINO,2023,1
-74.12179999999995,4.743189999844309,11,SUBA,71,TIBABUYES,2023-09-03,00:00:00,MASCULINO,2023,1
-74.17459999999994,4.6189699998483755,08,KENNEDY,81,GRAN BRITALIA,2023-06-10,00:00:00,MASCULINO,2023,1
-74.17919999999998,4.615819999848472,08,KENNEDY,81,GRAN BRITALIA,2023-05-21,00:00:00,MASCULINO,2023,1
-74.09049999999996,4.515349999851771,05,USME,52,LA FLORA,2023-02-09,00:00:00,MASCULINO,2023,1
-74.10909999999996,4.573909999849865,18,RAFAEL URIBE URIBE,36,SAN JOSE,2023-02-18,00:00:00,MASCULINO,2023,1
-74.15839999999997,4.53538999985111,19,CIUDAD BOLÍVAR,UPR3,UPR RIO TUNJUELO,2023-05-21,00:00:00,MASCULINO,2023,1
-74.17019999999997,4.645309999847521,08,KENNEDY,79,CALANDAIMA,2023-01-17,00:00:00,MASCULINO,2023,1
-74.14769999999999,4.603079999848884,08,KENNEDY,48,TIMIZA,2023-08-28,00:00:00,MASCULINO,2023,1
-74.16879999999998,4.573049999849849,19,CIUDAD BOLÍVAR,69,ISMAEL PERDOMO,2023-09-01,00:00:00,MASCULINO,2023,1
-74.11419999999998,4.5591099998503095,18,RAFAEL URIBE URIBE,54,MARRUECOS,2023-08-15,00:00:00,FEMENINO,2023,1
-74.13749999999999,4.6430099998476075,08,KENNEDY,46,CASTILLA,2022-03-28,00:00:00,FEMENINO,2022,1
-74.13825121599996,4.548384336850699,19,CIUDAD BOLÍVAR,67,LUCERO,2018-11-18,00:00:00,MASCULINO,2018,1
-74.15488039799999,4.548555584850649,19,CIUDAD BOLÍVAR,67,LUCERO,2018-01-12,00:00:00,MASCULINO,2018,1
-74.17332030599994,4.573997737849849,19,CIUDAD BOLÍVAR,69,ISMAEL PERDOMO,2021-01-22,00:00:00,MASCULINO,2021,1
-74.16617407699994,4.631686954847934,08,KENNEDY,80,CORABASTOS,2021-05-16,00:00:00,MASCULINO,2021,1
-74.07249999999993,4.641969999847651,13,TEUSAQUILLO,100,GALERIAS,2023-04-01,00:00:00,MASCULINO,2023,1
-74.14070864799999,4.608970016848701,08,KENNEDY,45,CARVAJAL,2018-04-19,00:00:00,MASCULINO,2018,1
-74.20514549199999,4.613356783848586,07,BOSA,85,BOSA CENTRAL,2021-12-09,00:00:00,MASCULINO,2021,1
-74.10250486199999,4.584736096849522,15,ANTONIO NARIÑO,38,RESTREPO,2021-04-09,00:00:00,MASCULINO,2021,1
-74.08449999999993,4.591899999849279,03,SANTA FE,95,LAS CRUCES,2022-08-31,00:00:00,MASCULINO,2022,1
-74.10559999999998,4.673789999846599,10,ENGATIVÁ,31,SANTA CECILIA,2022-07-12,00:00:00,MASCULINO,2022,1
-74.18561321699997,4.59787683184907,07,BOSA,85,BOSA CENTRAL,2020-03-11,00:00:00,MASCULINO,2020,1
-74.15852611799994,4.553737526850517,19,CIUDAD BOLÍVAR,67,LUCERO,2020-09-28,00:00:00,FEMENINO,2020,1
-74.15928477999995,4.5731061018498735,19,CIUDAD BOLÍVAR,70,JERUSALEM,2018-04-14,00:00:00,MASCULINO,2018,1
-74.09857859799996,4.575653791849765,18,RAFAEL URIBE URIBE,36,SAN JOSE,2018-10-27,00:00:00,MASCULINO,2018,1
-74.07654408699995,4.610246319848657,14,LOS MÁRTIRES,102,LA SABANA,2021-06-24,00:00:00,MASCULINO,2021,1
-74.11199999999997,4.743089999844338,11,SUBA,71,TIBABUYES,2023-04-26,00:00:00,MASCULINO,2023,1
-74.19075147899997,4.629265541848037,07,BOSA,84,BOSA OCCIDENTAL,2021-02-27,00:00:00,MASCULINO,2021,1
-74.11593101399995,4.575503741849769,18,RAFAEL URIBE URIBE,53,MARCO FIDEL SUAREZ,2021-10-13,00:00:00,MASCULINO,2021,1
-74.17732916199998,4.645854969847531,08,KENNEDY,82,PATIO BONITO,2019-05-15,00:00:00,MASCULINO,2019,1
-74.16766430199993,4.579628301849669,19,CIUDAD BOLÍVAR,69,ISMAEL PERDOMO,2021-03-07,00:00:00,MASCULINO,2021,1
-74.08065140199994,4.570622356849955,04,SAN CRISTÓBAL,32,SAN BLAS,2021-06-29,00:00:00,MASCULINO,2021,1
-74.07300228599996,4.612925728848561,03,SANTA FE,93,LAS NIEVES,2019-12-09,00:00:00,MASCULINO,2019,1
-74.03600454199994,4.742091582844369,01,USAQUÉN,12,TOBERIN,2019-02-24,00:00:00,MASCULINO,2019,1
-74.16136016799999,4.642165823847651,08,KENNEDY,82,PATIO BONITO,2021-01-07,00:00:00,MASCULINO,2021,1
-74.18647657199995,4.6350683808478585,07,BOSA,86,EL PORVENIR,2018-04-13,00:00:00,MASCULINO,2018,1
-74.16291189499998,4.632992281847903,08,KENNEDY,80,CORABASTOS,2018-11-05,00:00:00,MASCULINO,2018,1
-74.07350938299999,4.586935176849416,03,SANTA FE,96,LOURDES,2020-08-20,00:00:00,MASCULINO,2020,1
-74.16219329599994,4.636736811847782,08,KENNEDY,82,PATIO BONITO,2020-01-13,00:00:00,MASCULINO,2020,1
-74.16652685699995,4.567760475850042,19,CIUDAD BOLÍVAR,70,JERUSALEM,2020-12-11,00:00:00,MASCULINO,2020,1
-74.15426964599999,4.549897602850609,19,CIUDAD BOLÍVAR,67,LUCERO,2020-02-08,00:00:00,MASCULINO,2020,1
-74.14383064699996,4.614328931848519,08,KENNEDY,45,CARVAJAL,2019-12-13,00:00:00,MASCULINO,2019,1
-74.19739427799993,4.611003967848622,07,BOSA,85,BOSA CENTRAL,2019-04-03,00:00:00,MASCULINO,2019,1
-74.15814116599995,4.642801058847572,08,KENNEDY,82,PATIO BONITO,2021-07-27,00:00:00,MASCULINO,2021,1
-74.12453770399998,4.557867668850391,06,TUNJUELITO,62,TUNJUELITO,2018-03-12,00:00:00,MASCULINO,2018,1
-74.14530150699994,4.554742979850494,19,CIUDAD BOLÍVAR,67,LUCERO,2020-02-03,00:00:00,MASCULINO,2020,1
-74.14270422999994,4.5359887188510735,19,CIUDAD BOLÍVAR,68,EL TESORO,2018-07-26,00:00:00,FEMENINO,2018,1
-74.14954496599995,4.592522219849226,06,TUNJUELITO,42,VENECIA,2020-06-13,00:00:00,MASCULINO,2020,1
-74.14197998099996,4.673335619846605,09,FONTIBÓN,75,FONTIBON,2019-05-14,00:00:00,MASCULINO,2019,1
-74.12198740699995,4.743563547844325,11,SUBA,71,TIBABUYES,2018-06-24,00:00:00,MASCULINO,2018,1
-74.09892576299995,4.502073385852197,05,USME,57,GRAN YOMASA,2020-12-18,00:00:00,MASCULINO,2020,1
-74.11675869799996,4.5425773468508925,18,RAFAEL URIBE URIBE,55,DIANA TURBAY,2020-01-25,00:00:00,FEMENINO,2020,1
-74.15397696899998,4.570255876849939,19,CIUDAD BOLÍVAR,70,JERUSALEM,2021-04-13,00:00:00,MASCULINO,2021,1
-74.11362321199994,4.575992868849789,18,RAFAEL URIBE URIBE,36,SAN JOSE,2020-06-08,00:00:00,MASCULINO,2020,1
-74.07569999999998,4.643019999847583,13,TEUSAQUILLO,100,GALERIAS,2023-03-21,00:00:00,MASCULINO,2023,1
-74.20739999999995,4.620409999848332,07,BOSA,87,TINTAL SUR,2023-02-22,00:00:00,MASCULINO,2023,1
-74.10516821199997,4.576974543849746,18,RAFAEL URIBE URIBE,36,SAN JOSE,2020-05-01,00:00:00,MASCULINO,2020,1
-74.01925824499995,4.734678363844613,01,USAQUÉN,11,SAN CRISTOBAL NORTE,2020-03-28,00:00:00,MASCULINO,2020,1
-74.03417534799996,4.767444566843539,01,USAQUÉN,9,VERBENAL,2020-09-09,00:00:00,MASCULINO,2020,1
-74.14770891499995,4.562208889850199,19,CIUDAD BOLÍVAR,66,SAN FRANCISCO,2019-09-12,00:00:00,MASCULINO,2019,1
-74.14891558499994,4.6726733858466245,09,FONTIBÓN,75,FONTIBON,2019-09-22,00:00:00,MASCULINO,2019,1
-74.10857837299994,4.732943109844681,11,SUBA,71,TIBABUYES,2020-03-31,00:00:00,MASCULINO,2020,1
-74.18254997099996,4.629244194848068,07,BOSA,84,BOSA OCCIDENTAL,2021-04-03,00:00:00,MASCULINO,2021,1
-74.15064188399998,4.596229762849119,08,KENNEDY,45,CARVAJAL,2019-03-30,00:00:00,MASCULINO,2019,1
-74.15942628799996,4.588707499849367,19,CIUDAD BOLÍVAR,65,ARBORIZADORA,2018-11-10,00:00:00,MASCULINO,2018,1
-74.16171683899995,4.619795628848362,08,KENNEDY,47,KENNEDY CENTRAL,2021-02-05,00:00:00,MASCULINO,2021,1
-74.14660352899995,4.55856934485032,19,CIUDAD BOLÍVAR,67,LUCERO,2021-11-01,00:00:00,MASCULINO,2021,1
-74.11319999999995,4.5111799998518585,05,USME,57,GRAN YOMASA,2022-03-09,00:00:00,FEMENINO,2022,1
-74.15549999999996,4.589439999849311,06,TUNJUELITO,42,VENECIA,2022-07-30,00:00:00,MASCULINO,2022,1
-74.07749999999999,4.589109999849359,03,SANTA FE,95,LAS CRUCES,2022-09-10,00:00:00,MASCULINO,2022,1
-74.11799999999994,4.5713799998499125,18,RAFAEL URIBE URIBE,53,MARCO FIDEL SUAREZ,2022-07-12,00:00:00,MASCULINO,2022,1
-74.10699635899994,4.741692812844379,11,SUBA,71,TIBABUYES,2021-12-22,00:00:00,MASCULINO,2021,1
-74.09259999999995,4.572129999849922,04,SAN CRISTÓBAL,34,20 DE JULIO,2022-06-10,00:00:00,MASCULINO,2022,1
-74.14609999999993,4.600139999849001,08,KENNEDY,45,CARVAJAL,2022-09-14,00:00:00,MASCULINO,2022,1
-74.14247322599994,4.551403098850551,19,CIUDAD BOLÍVAR,67,LUCERO,2021-11-30,00:00:00,MASCULINO,2021,1
-74.07178934899997,4.63074133484799,13,TEUSAQUILLO,101,TEUSAQUILLO,2021-10-08,00:00:00,MASCULINO,2021,1
-74.14709999999997,4.540449999850907,19,CIUDAD BOLÍVAR,68,EL TESORO,2022-12-20,00:00:00,MASCULINO,2022,1
-74.07639999999998,4.6100099998486685,14,LOS MÁRTIRES,102,LA SABANA,2023-01-21,00:00:00,MASCULINO,2023,1
-74.10039999999998,4.551609999850565,04,SAN CRISTÓBAL,50,LA GLORIA,2022-08-26,00:00:00,FEMENINO,2022,1
-74.19889999999998,4.609819999848695,07,BOSA,85,BOSA CENTRAL,2023-06-04,00:00:00,MASCULINO,2023,1
-74.08229999999998,4.591009999849281,03,SANTA FE,95,LAS CRUCES,2022-05-11,00:00:00,MASCULINO,2022,1
-74.08019999999993,4.606299999848777,14,LOS MÁRTIRES,102,LA SABANA,2022-09-09,00:00:00,MASCULINO,2022,1
-74.07409999999999,4.6020099998489465,03,SANTA FE,93,LAS NIEVES,2023-05-25,00:00:00,MASCULINO,2023,1
-74.15149999999994,4.551269999850576,19,CIUDAD BOLÍVAR,67,LUCERO,2022-06-13,00:00:00,MASCULINO,2022,1
-74.17729999999995,4.640329999847701,08,KENNEDY,83,LAS MARGARITAS,2023-09-20,00:00:00,MASCULINO,2023,1
-74.08039999999994,4.616359999848462,14,LOS MÁRTIRES,102,LA SABANA,2022-05-03,00:00:00,MASCULINO,2022,1
-74.17337626499994,4.568580785850008,19,CIUDAD BOLÍVAR,70,JERUSALEM,2020-02-10,00:00:00,MASCULINO,2020,1
-74.07310728199997,4.580344957849654,03,SANTA FE,96,LOURDES,2019-12-09,00:00:00,MASCULINO,2019,1
-74.20286479599997,4.6136310068485376,07,BOSA,85,BOSA CENTRAL,2020-09-04,00:00:00,MASCULINO,2020,1
-74.18300335999999,4.596444618849121,19,CIUDAD BOLÍVAR,69,ISMAEL PERDOMO,2020-09-12,00:00:00,MASCULINO,2020,1
-74.09989662999999,4.500235888852265,05,USME,59,ALFONSO LOPEZ,2019-12-06,00:00:00,MASCULINO,2019,1
-74.15854434199997,4.63750376684778,08,KENNEDY,80,CORABASTOS,2020-07-24,00:00:00,MASCULINO,2020,1
-74.07714626499995,4.740055527844419,11,SUBA,27,SUBA,2021-12-25,00:00:00,MASCULINO,2021,1
-74.12047685599998,4.616345738848468,16,PUENTE ARANDA,43,SAN RAFAEL,2020-12-04,00:00:00,MASCULINO,2020,1
-74.05998598699995,4.663571205846901,02,CHAPINERO,97,CHICO LAGO,2018-06-03,00:00:00,MASCULINO,2018,1
-74.12060220799998,4.567251734850074,18,RAFAEL URIBE URIBE,54,MARRUECOS,2019-02-09,00:00:00,MASCULINO,2019,1
-74.06948920799994,4.591269961849299,17,CANDELARIA,94,LA CANDELARIA,2018-07-08,00:00:00,MASCULINO,2018,1
-74.08675801199996,4.649646164847363,13,TEUSAQUILLO,106,LA ESMERALDA,2021-07-16,00:00:00,MASCULINO,2021,1
-74.19949771199998,4.639421355847735,07,BOSA,86,EL PORVENIR,2020-02-15,00:00:00,MASCULINO,2020,1
-74.07593045299996,4.5738528698498495,04,SAN CRISTÓBAL,32,SAN BLAS,2019-03-04,00:00:00,MASCULINO,2019,1
-74.11669999999998,4.7425999998443436,11,SUBA,71,TIBABUYES,2022-12-08,00:00:00,MASCULINO,2022,1
-74.14681594699994,4.54572990685077,19,CIUDAD BOLÍVAR,67,LUCERO,2020-11-24,00:00:00,MASCULINO,2020,1
-74.09308779599996,4.55681745785042,04,SAN CRISTÓBAL,34,20 DE JULIO,2019-12-01,00:00:00,MASCULINO,2019,1
-74.15825429599994,4.545151280850806,19,CIUDAD BOLÍVAR,67,LUCERO,2021-02-19,00:00:00,MASCULINO,2021,1
-74.15084123799994,4.574418843849812,19,CIUDAD BOLÍVAR,65,ARBORIZADORA,2018-06-08,00:00:00,MASCULINO,2018,1
-74.17780499999998,4.644528033847573,08,KENNEDY,82,PATIO BONITO,2021-10-31,00:00:00,MASCULINO,2021,1
-74.08882660299997,4.598111162849065,14,LOS MÁRTIRES,37,SANTA ISABEL,2019-04-06,00:00:00,MASCULINO,2019,1
-74.13725768699999,4.586502750849457,06,TUNJUELITO,42,VENECIA,2021-07-15,00:00:00,MASCULINO,2021,1
-74.17139348399996,4.649553681847362,08,KENNEDY,79,CALANDAIMA,2019-09-28,00:00:00,FEMENINO,2019,1
-74.14454043899997,4.551399512850568,19,CIUDAD BOLÍVAR,67,LUCERO,2020-04-17,00:00:00,MASCULINO,2020,1
-74.11429999999996,4.5458199998507585,18,RAFAEL URIBE URIBE,55,DIANA TURBAY,2022-09-12,00:00:00,MASCULINO,2022,1
-74.09318255499994,4.732047225844669,11,SUBA,28,EL RINCON,2019-09-15,00:00:00,MASCULINO,2019,1
-74.15229999999997,4.544829999850792,19,CIUDAD BOLÍVAR,67,LUCERO,2022-04-28,00:00:00,MASCULINO,2022,1
-74.08667732699996,4.62964800984802,13,TEUSAQUILLO,107,QUINTA PAREDES,2021-06-03,00:00:00,MASCULINO,2021,1
-74.14965922099998,4.65905440984709,08,KENNEDY,78,TINTAL NORTE,2021-07-20,00:00:00,MASCULINO,2021,1
-74.08438980599993,4.597537466849074,14,LOS MÁRTIRES,102,LA SABANA,2021-07-20,00:00:00,MASCULINO,2021,1
-74.16699136199998,4.632565116847955,08,KENNEDY,82,PATIO BONITO,2018-04-24,00:00:00,MASCULINO,2018,1
-74.16719999999998,4.586139999849454,19,CIUDAD BOLÍVAR,69,ISMAEL PERDOMO,2022-08-07,00:00:00,MASCULINO,2022,1
-74.11457915199998,4.499657820852239,05,USME,58,COMUNEROS,2021-11-02,00:00:00,MASCULINO,2021,1
-74.09503316199994,4.580502528849641,15,ANTONIO NARIÑO,35,CIUDAD JARDIN,2020-05-30,00:00:00,MASCULINO,2020,1
-74.11562644099996,4.514445251851757,05,USME,57,GRAN YOMASA,2021-06-21,00:00:00,MASCULINO,2021,1
-74.07633213699995,4.609092296848725,14,LOS MÁRTIRES,102,LA SABANA,2019-11-13,00:00:00,MASCULINO,2019,1
-74.08865525399995,4.535974718851049,04,SAN CRISTÓBAL,51,LOS LIBERTADORES,2020-01-23,00:00:00,MASCULINO,2020,1
-74.06500133099996,4.604882780848861,03,SANTA FE,92,LA MACARENA,2020-04-13,00:00:00,MASCULINO,2020,1
-74.05569745799994,4.722685695844994,11,SUBA,19,EL PRADO,2019-08-14,00:00:00,FEMENINO,2019,1
-74.19652174599997,4.622530499848254,07,BOSA,84,BOSA OCCIDENTAL,2018-03-23,00:00:00,MASCULINO,2018,1
-74.17606800099998,4.618815692848378,08,KENNEDY,81,GRAN BRITALIA,2018-10-15,00:00:00,MASCULINO,2018,1
-74.11965195599998,4.615932088848497,16,PUENTE ARANDA,43,SAN RAFAEL,2019-07-22,00:00:00,MASCULINO,2019,1
-74.11922768399995,4.555102877850478,18,RAFAEL URIBE URIBE,54,MARRUECOS,2018-03-05,00:00:00,MASCULINO,2018,1
-74.18217645699997,4.629947919848033,07,BOSA,84,BOSA OCCIDENTAL,2021-12-25,00:00:00,MASCULINO,2021,1
-74.10009999999994,4.556129999850434,04,SAN CRISTÓBAL,50,LA GLORIA,2023-03-27,00:00:00,MASCULINO,2023,1
-74.21044469399999,4.6162264608484715,07,BOSA,87,TINTAL SUR,2021-10-23,00:00:00,MASCULINO,2021,1
-74.14886231499997,4.645292592847492,08,KENNEDY,46,CASTILLA,2018-02-22,00:00:00,MASCULINO,2018,1
-74.15679890899997,4.637669319847768,08,KENNEDY,80,CORABASTOS,2020-03-07,00:00:00,MASCULINO,2020,1
-74.07814404599998,4.607428152848765,14,LOS MÁRTIRES,102,LA SABANA,2018-04-14,00:00:00,MASCULINO,2018,1
-74.14120119299997,4.596322114849085,08,KENNEDY,45,CARVAJAL,2020-02-23,00:00:00,MASCULINO,2020,1
-74.05771862899996,4.629139824848036,02,CHAPINERO,991,SIN UPZ CHAPINERO,2019-08-04,00:00:00,MASCULINO,2019,1
-74.18015246099998,4.628487122848093,07,BOSA,84,BOSA OCCIDENTAL,2021-02-04,00:00:00,FEMENINO,2021,1
-74.11189999999993,4.557249999850401,18,RAFAEL URIBE URIBE,54,MARRUECOS,2022-02-05,00:00:00,MASCULINO,2022,1
-74.10984199199999,4.567016505850093,18,RAFAEL URIBE URIBE,53,MARCO FIDEL SUAREZ,2020-11-11,00:00:00,MASCULINO,2020,1
-74.09727030899995,4.715867577845207,10,ENGATIVÁ,29,MINUTO DE DIOS,2020-09-20,00:00:00,MASCULINO,2020,1
-74.17662836499994,4.642637195847628,08,KENNEDY,82,PATIO BONITO,2018-05-31,00:00:00,FEMENINO,2018,1
-74.09582785099997,4.722575900844985,11,SUBA,28,EL RINCON,2021-06-26,00:00:00,MASCULINO,2021,1
-74.09158410999999,4.752407789844048,11,SUBA,27,SUBA,2018-12-25,00:00:00,MASCULINO,2018,1
-74.09410390699998,4.7205876828451,11,SUBA,28,EL RINCON,2019-11-24,00:00:00,MASCULINO,2019,1
-74.11536884499998,4.567389934850054,18,RAFAEL URIBE URIBE,53,MARCO FIDEL SUAREZ,2019-11-01,00:00:00,MASCULINO,2019,1
-74.09689999999995,4.684959999846225,10,ENGATIVÁ,30,BOYACA REAL,2022-10-29,00:00:00,MASCULINO,2022,1
-74.15395055199997,4.5385746698510046,19,CIUDAD BOLÍVAR,67,LUCERO,2018-02-03,00:00:00,MASCULINO,2018,1
-74.11077111899993,4.508485542851989,05,USME,57,GRAN YOMASA,2019-08-09,00:00:00,MASCULINO,2019,1
-74.09298656099998,4.717325617845204,11,SUBA,28,EL RINCON,2018-09-05,00:00:00,MASCULINO,2018,1
-74.07749085199998,4.61080335684866,14,LOS MÁRTIRES,102,LA SABANA,2019-12-30,00:00:00,MASCULINO,2019,1
-74.13705435699995,4.56087927185024,19,CIUDAD BOLÍVAR,67,LUCERO,2020-10-19,00:00:00,MASCULINO,2020,1
-74.08889128799996,4.536081670851054,04,SAN CRISTÓBAL,51,LOS LIBERTADORES,2019-12-18,00:00:00,MASCULINO,2019,1
-74.15034771199998,4.573905499849818,19,CIUDAD BOLÍVAR,65,ARBORIZADORA,2020-09-04,00:00:00,MASCULINO,2020,1
-74.16149999999999,4.541009999850888,19,CIUDAD BOLÍVAR,67,LUCERO,2022-07-27,00:00:00,MASCULINO,2022,1
-74.11288301099995,4.4943237558524185,05,USME,58,COMUNEROS,2018-06-18,00:00:00,MASCULINO,2018,1
-74.10590289799995,4.512746934851836,05,USME,57,GRAN YOMASA,2021-12-08,00:00:00,MASCULINO,2021,1
-74.05568513899993,4.569093725850016,04,SAN CRISTÓBAL,993,SIN UPZ SAN CRISTOBAL,2020-01-09,00:00:00,MASCULINO,2020,1
-74.09458330599995,4.73775087184451,11,SUBA,28,EL RINCON,2020-09-12,00:00:00,MASCULINO,2020,1
-74.18172933899996,4.631678916847961,07,BOSA,84,BOSA OCCIDENTAL,2019-11-03,00:00:00,MASCULINO,2019,1
-74.03436464499998,4.759057792843837,01,USAQUÉN,9,VERBENAL,2021-04-30,00:00:00,MASCULINO,2021,1
-74.16274877799998,4.562522329850209,19,CIUDAD BOLÍVAR,70,JERUSALEM,2020-09-14,00:00:00,MASCULINO,2020,1
-74.07092266599994,4.602677495848927,03,SANTA FE,93,LAS NIEVES,2021-03-11,00:00:00,MASCULINO,2021,1
-74.15256541899998,4.589449499849349,06,TUNJUELITO,42,VENECIA,2020-02-20,00:00:00,MASCULINO,2020,1
-74.06164925999997,4.615950921848457,03,SANTA FE,92,LA MACARENA,2021-10-05,00:00:00,MASCULINO,2021,1
-74.10249837299995,4.5037708278521045,05,USME,59,ALFONSO LOPEZ,2020-06-12,00:00:00,MASCULINO,2020,1
-74.08868956099997,4.547009570850715,04,SAN CRISTÓBAL,50,LA GLORIA,2019-03-27,00:00:00,MASCULINO,2019,1
-74.04652906399997,4.741471485844364,01,USAQUÉN,12,TOBERIN,2021-11-03,00:00:00,MASCULINO,2021,1
-74.11330295399995,4.673192271846611,10,ENGATIVÁ,116,ALAMOS,2020-06-02,00:00:00,MASCULINO,2020,1
-74.08693488899996,4.501262098852193,05,USME,52,LA FLORA,2021-06-27,00:00:00,MASCULINO,2021,1
-74.16125180199998,4.583420205849517,19,CIUDAD BOLÍVAR,69,ISMAEL PERDOMO,2019-03-25,00:00:00,MASCULINO,2019,1
-74.14538493399994,4.676652499846501,09,FONTIBÓN,75,FONTIBON,2019-12-17,00:00:00,MASCULINO,2019,1
-74.10119598299997,4.615705849848475,16,PUENTE ARANDA,108,ZONA INDUSTRIAL,2018-04-27,00:00:00,MASCULINO,2018,1
-74.07337457599994,4.601550975848957,03,SANTA FE,93,LAS NIEVES,2021-08-14,00:00:00,MASCULINO,2021,1
-74.13692172299994,4.6061258208487805,08,KENNEDY,45,CARVAJAL,2021-12-08,00:00:00,FEMENINO,2021,1
-74.13710109599998,4.555219149850424,19,CIUDAD BOLÍVAR,67,LUCERO,2021-05-01,00:00:00,FEMENINO,2021,1
-74.12369999999999,4.740619999844406,11,SUBA,71,TIBABUYES,2022-09-17,00:00:00,MASCULINO,2022,1
-74.10890385599998,4.7420166048443795,11,SUBA,71,TIBABUYES,2020-06-05,00:00:00,MASCULINO,2020,1
-74.14901408999998,4.537185400851034,19,CIUDAD BOLÍVAR,68,EL TESORO,2018-12-18,00:00:00,MASCULINO,2018,1
-74.14426913499994,4.677037451846472,09,FONTIBÓN,75,FONTIBON,2019-09-03,00:00:00,MASCULINO,2019,1
-74.19697126699998,4.642565607847602,07,BOSA,86,EL PORVENIR,2019-04-13,00:00:00,MASCULINO,2019,1
-74.14971419799997,4.603157730848911,08,KENNEDY,48,TIMIZA,2018-03-16,00:00:00,MASCULINO,2018,1
-74.17525994699997,4.575359693849785,19,CIUDAD BOLÍVAR,69,ISMAEL PERDOMO,2021-05-08,00:00:00,MASCULINO,2021,1
-74.15570471699994,4.537328678851027,19,CIUDAD BOLÍVAR,UPR3,UPR RIO TUNJUELO,2019-04-30,00:00:00,MASCULINO,2019,1
-74.20187237899995,4.612930544848568,07,BOSA,85,BOSA CENTRAL,2019-02-16,00:00:00,MASCULINO,2019,1
-74.16929452199997,4.568602700850001,19,CIUDAD BOLÍVAR,70,JERUSALEM,2021-05-02,00:00:00,MASCULINO,2021,1
-74.19329427999998,4.620845378848319,07,BOSA,84,BOSA OCCIDENTAL,2019-01-01,00:00:00,MASCULINO,2019,1
-74.18735286899994,4.613625394848546,07,BOSA,85,BOSA CENTRAL,2018-01-13,00:00:00,MASCULINO,2018,1
-74.11149199299996,4.613980315848526,16,PUENTE ARANDA,40,CIUDAD MONTES,2021-05-31,00:00:00,MASCULINO,2021,1
-74.10824136799994,4.533579149851144,05,USME,56,DANUBIO,2019-02-01,00:00:00,MASCULINO,2019,1
-74.09569999999997,4.725349999844912,11,SUBA,28,EL RINCON,2022-04-02,00:00:00,FEMENINO,2022,1
-74.08198758499998,4.559712050850331,04,SAN CRISTÓBAL,32,SAN BLAS,2020-11-12,00:00:00,MASCULINO,2020,1
-74.17969999999997,4.586489999849406,19,CIUDAD BOLÍVAR,69,ISMAEL PERDOMO,2022-03-16,00:00:00,MASCULINO,2022,1
-74.14629999999994,4.671339999846668,09,FONTIBÓN,75,FONTIBON,2022-04-04,00:00:00,FEMENINO,2022,1
-74.11429999999996,4.547189999850722,18,RAFAEL URIBE URIBE,55,DIANA TURBAY,2022-09-09,00:00:00,MASCULINO,2022,1
-74.16082464799996,4.550679145850607,19,CIUDAD BOLÍVAR,67,LUCERO,2020-09-26,00:00:00,MASCULINO,2020,1
-74.13333350499994,4.71908963684509,10,ENGATIVÁ,73,GARCES NAVAS,2021-11-21,00:00:00,MASCULINO,2021,1
-74.17659999999995,4.634579999847849,08,KENNEDY,83,LAS MARGARITAS,2022-02-01,00:00:00,MASCULINO,2022,1
-74.14094200099998,4.594906382849134,06,TUNJUELITO,42,VENECIA,2018-05-19,00:00:00,MASCULINO,2018,1
-74.11874577299994,4.487503744852636,05,USME,61,CIUDAD USME,2018-05-19,00:00:00,MASCULINO,2018,1
-74.13543666099997,4.581424606849581,06,TUNJUELITO,42,VENECIA,2018-12-09,00:00:00,FEMENINO,2018,1
-74.09759999999994,4.564519999850174,04,SAN CRISTÓBAL,34,20 DE JULIO,2022-09-24,00:00:00,MASCULINO,2022,1
-74.17144716099995,4.639983485847708,08,KENNEDY,82,PATIO BONITO,2020-03-01,00:00:00,MASCULINO,2020,1
-74.08109999999994,4.595019999849138,17,CANDELARIA,94,LA CANDELARIA,2022-12-20,00:00:00,MASCULINO,2022,1
-74.16583187499998,4.629959565847999,08,KENNEDY,80,CORABASTOS,2020-01-03,00:00:00,FEMENINO,2020,1
-74.08847080599998,4.681517042846337,10,ENGATIVÁ,26,LAS FERIAS,2021-02-01,00:00:00,FEMENINO,2021,1
-74.16809297899994,4.571073113849947,19,CIUDAD BOLÍVAR,70,JERUSALEM,2021-01-01,00:00:00,MASCULINO,2021,1
-74.07855107499995,4.608673015848733,14,LOS MÁRTIRES,102,LA SABANA,2020-02-14,00:00:00,MASCULINO,2020,1
-74.07719999999995,4.612359999848567,14,LOS MÁRTIRES,102,LA SABANA,2022-06-25,00:00:00,MASCULINO,2022,1
-74.16680748599998,4.595238322849144,19,CIUDAD BOLÍVAR,69,ISMAEL PERDOMO,2021-06-28,00:00:00,MASCULINO,2021,1
-74.10920889799996,4.629195397848035,16,PUENTE ARANDA,111,PUENTE ARANDA,2018-12-15,00:00:00,MASCULINO,2018,1
-74.09099999999995,4.515789999851723,05,USME,52,LA FLORA,2022-12-05,00:00:00,MASCULINO,2022,1
-74.07614394299998,4.612318865848611,14,LOS MÁRTIRES,102,LA SABANA,2019-04-30,00:00:00,FEMENINO,2019,1
-74.16466828699998,4.5916597498492955,19,CIUDAD BOLÍVAR,69,ISMAEL PERDOMO,2018-12-21,00:00:00,MASCULINO,2018,1
-74.20039999999995,4.61863999984837,07,BOSA,84,BOSA OCCIDENTAL,2022-08-10,00:00:00,MASCULINO,2022,1
-74.17167599199996,4.582031557849573,19,CIUDAD BOLÍVAR,69,ISMAEL PERDOMO,2018-12-07,00:00:00,FEMENINO,2018,1
-74.17510351899995,4.648041346847442,08,KENNEDY,82,PATIO BONITO,2020-02-10,00:00:00,MASCULINO,2020,1
-74.06309121799995,4.651016635847354,02,CHAPINERO,99,CHAPINERO,2019-07-27,00:00:00,MASCULINO,2019,1
-74.16723148399996,4.585236668849468,19,CIUDAD BOLÍVAR,69,ISMAEL PERDOMO,2018-09-14,00:00:00,MASCULINO,2018,1
-74.19465603399993,4.629249639848063,07,BOSA,86,EL PORVENIR,2018-03-12,00:00:00,MASCULINO,2018,1
-74.17685240099996,4.640907094847658,08,KENNEDY,82,PATIO BONITO,2020-12-21,00:00:00,MASCULINO,2020,1
-74.17951716199997,4.584286653849492,19,CIUDAD BOLÍVAR,69,ISMAEL PERDOMO,2018-02-17,00:00:00,MASCULINO,2018,1
-74.09169120599995,4.553213832850496,04,SAN CRISTÓBAL,50,LA GLORIA,2021-02-03,00:00:00,MASCULINO,2021,1
-74.10548373199998,4.715980353845239,10,ENGATIVÁ,29,MINUTO DE DIOS,2021-05-04,00:00:00,FEMENINO,2021,1
-74.11409631199996,4.687539271846135,10,ENGATIVÁ,116,ALAMOS,2018-07-15,00:00:00,MASCULINO,2018,1
-74.10029427799998,4.546118586850723,04,SAN CRISTÓBAL,51,LOS LIBERTADORES,2018-10-20,00:00:00,MASCULINO,2018,1
-74.08319510999996,4.615137513848479,14,LOS MÁRTIRES,102,LA SABANA,2020-02-23,00:00:00,MASCULINO,2020,1
-74.17062884299997,4.621165190848297,08,KENNEDY,81,GRAN BRITALIA,2018-03-24,00:00:00,MASCULINO,2018,1
-74.16809999999998,4.575799999849809,19,CIUDAD BOLÍVAR,69,ISMAEL PERDOMO,2022-04-18,00:00:00,MASCULINO,2022,1
-74.10971640999998,4.677063178846507,10,ENGATIVÁ,31,SANTA CECILIA,2021-02-11,00:00:00,MASCULINO,2021,1
-74.09481221499993,4.6723714058466195,10,ENGATIVÁ,26,LAS FERIAS,2021-04-12,00:00:00,FEMENINO,2021,1
-74.16617346699996,4.60926353284869,08,KENNEDY,48,TIMIZA,2021-04-15,00:00:00,MASCULINO,2021,1
-74.18045861699994,4.589970764849302,19,CIUDAD BOLÍVAR,69,ISMAEL PERDOMO,2019-01-04,00:00:00,MASCULINO,2019,1
-74.12166007699994,4.577545661849713,18,RAFAEL URIBE URIBE,39,QUIROGA,2019-12-16,00:00:00,MASCULINO,2019,1
-74.11363926899998,4.572719734849857,18,RAFAEL URIBE URIBE,53,MARCO FIDEL SUAREZ,2020-11-06,00:00:00,MASCULINO,2020,1
-74.17686302499999,4.5965635708491055,19,CIUDAD BOLÍVAR,69,ISMAEL PERDOMO,2018-01-28,00:00:00,MASCULINO,2018,1
-74.17329985099997,4.573728488849876,19,CIUDAD BOLÍVAR,69,ISMAEL PERDOMO,2018-09-08,00:00:00,MASCULINO,2018,1
-74.16400652399994,4.5425736768508775,19,CIUDAD BOLÍVAR,67,LUCERO,2021-02-01,00:00:00,MASCULINO,2021,1
-74.14462611699997,4.5447148558507875,19,CIUDAD BOLÍVAR,67,LUCERO,2021-04-19,00:00:00,MASCULINO,2021,1
-74.16525930599994,4.6374163348477975,08,KENNEDY,82,PATIO BONITO,2019-04-26,00:00:00,MASCULINO,2019,1
-74.16772830699995,4.636775147847774,08,KENNEDY,82,PATIO BONITO,2018-09-19,00:00:00,MASCULINO,2018,1
-74.10170183699995,4.740257385844436,11,SUBA,28,EL RINCON,2020-05-17,00:00:00,MASCULINO,2020,1
-74.19889999999998,4.628229999848056,07,BOSA,87,TINTAL SUR,2022-05-05,00:00:00,MASCULINO,2022,1
-74.14306574199998,4.561209215850272,19,CIUDAD BOLÍVAR,66,SAN FRANCISCO,2021-06-12,00:00:00,MASCULINO,2021,1
-74.16519999999997,4.5605999998502496,19,CIUDAD BOLÍVAR,70,JERUSALEM,2022-08-01,00:00:00,MASCULINO,2022,1
-74.10476253999997,4.687238578846161,10,ENGATIVÁ,30,BOYACA REAL,2021-06-07,00:00:00,MASCULINO,2021,1
-74.17109999999997,4.629769999848044,08,KENNEDY,82,PATIO BONITO,2022-04-03,00:00:00,MASCULINO,2022,1
-74.15299999999996,4.618099999848385,08,KENNEDY,47,KENNEDY CENTRAL,2022-04-26,00:00:00,MASCULINO,2022,1
-74.12422532199997,4.522947385851508,05,USME,57,GRAN YOMASA,2020-12-23,00:00:00,MASCULINO,2020,1
-74.08799999999997,4.6752499998465575,10,ENGATIVÁ,26,LAS FERIAS,2022-09-07,00:00:00,MASCULINO,2022,1
-74.16955012299996,4.573193754849857,19,CIUDAD BOLÍVAR,69,ISMAEL PERDOMO,2019-05-09,00:00:00,FEMENINO,2019,1
-74.08052480299995,4.746369590844255,11,SUBA,27,SUBA,2018-04-29,00:00:00,MASCULINO,2018,1
-74.10298130199999,4.5021417038521845,05,USME,59,ALFONSO LOPEZ,2018-02-08,00:00:00,MASCULINO,2018,1
-74.08530277999995,4.593822330849219,03,SANTA FE,95,LAS CRUCES,2018-10-22,00:00:00,MASCULINO,2018,1
-74.13658299999997,4.680595978846356,09,FONTIBÓN,75,FONTIBON,2021-10-16,00:00:00,MASCULINO,2021,1
-74.06869999999998,4.76395999984367,11,SUBA,17,SAN JOSE DE BAVARIA,2022-06-05,00:00:00,MASCULINO,2022,1
-74.16441929399997,4.6260006978481405,08,KENNEDY,80,CORABASTOS,2020-09-23,00:00:00,MASCULINO,2020,1
-74.17037469699994,4.639708608847683,08,KENNEDY,82,PATIO BONITO,2021-08-23,00:00:00,MASCULINO,2021,1
-74.10636510699999,4.691182107846002,10,ENGATIVÁ,30,BOYACA REAL,2020-03-15,00:00:00,MASCULINO,2020,1
-74.01669999999996,4.734669999844618,01,USAQUÉN,11,SAN CRISTOBAL NORTE,2022-08-27,00:00:00,MASCULINO,2022,1
-74.14549999999997,4.673589999846604,09,FONTIBÓN,75,FONTIBON,2022-02-13,00:00:00,MASCULINO,2022,1
-74.10282560199994,4.500118100852253,05,USME,59,ALFONSO LOPEZ,2018-04-26,00:00:00,MASCULINO,2018,1
-74.08422338299994,4.720737027845048,11,SUBA,28,EL RINCON,2021-09-20,00:00:00,MASCULINO,2021,1
-74.16513749699999,4.570958403849957,19,CIUDAD BOLÍVAR,70,JERUSALEM,2021-09-13,00:00:00,MASCULINO,2021,1
-74.09101935599995,4.534631854851116,04,SAN CRISTÓBAL,51,LOS LIBERTADORES,2021-11-06,00:00:00,MASCULINO,2021,1
-74.11358349099999,4.49807496785229,05,USME,58,COMUNEROS,2018-10-06,00:00:00,MASCULINO,2018,1
-74.11857922899998,4.598342336849073,16,PUENTE ARANDA,41,MUZU,2018-11-03,00:00:00,MASCULINO,2018,1
-74.06649999999996,4.64645999984748,13,TEUSAQUILLO,100,GALERIAS,2022-09-14,00:00:00,MASCULINO,2022,1
-74.07506218799995,4.61303483784855,14,LOS MÁRTIRES,102,LA SABANA,2019-03-10,00:00:00,MASCULINO,2019,1
-74.10799999999995,4.717969999845138,10,ENGATIVÁ,72,BOLIVIA,2022-01-09,00:00:00,MASCULINO,2022,1
-74.14495250899995,4.559554114850288,19,CIUDAD BOLÍVAR,66,SAN FRANCISCO,2018-01-13,00:00:00,MASCULINO,2018,1
-74.17389994399997,4.639616255847721,08,KENNEDY,82,PATIO BONITO,2020-11-15,00:00:00,MASCULINO,2020,1
-74.12680063799996,4.599715708849021,16,PUENTE ARANDA,41,MUZU,2020-12-06,00:00:00,MASCULINO,2020,1
-74.10719307599999,4.547668777850709,18,RAFAEL URIBE URIBE,55,DIANA TURBAY,2021-03-02,00:00:00,MASCULINO,2021,1
-74.19145617699996,4.6321955468479405,07,BOSA,86,EL PORVENIR,2018-02-18,00:00:00,MASCULINO,2018,1
-74.16709999999995,4.572719999849897,19,CIUDAD BOLÍVAR,70,JERUSALEM,2022-07-29,00:00:00,MASCULINO,2022,1
-74.16121826199998,4.599857908848984,07,BOSA,49,APOGEO,2020-12-08,00:00:00,MASCULINO,2020,1
-74.10043458399997,4.583114568849524,15,ANTONIO NARIÑO,38,RESTREPO,2021-09-24,00:00:00,MASCULINO,2021,1
-74.11267482799997,4.517758291851675,05,USME,57,GRAN YOMASA,2021-05-14,00:00:00,FEMENINO,2021,1
-74.10677476699993,4.740994239844375,11,SUBA,71,TIBABUYES,2019-10-11,00:00:00,MASCULINO,2019,1
-74.10895805599995,4.504763567852089,05,USME,58,COMUNEROS,2018-03-28,00:00:00,MASCULINO,2018,1
-74.08878602499993,4.579725078849679,04,SAN CRISTÓBAL,33,SOSIEGO,2019-11-18,00:00:00,MASCULINO,2019,1
-74.11486386799999,4.553611213850513,18,RAFAEL URIBE URIBE,54,MARRUECOS,2020-07-09,00:00:00,MASCULINO,2020,1
-74.17122182299994,4.651072160847343,08,KENNEDY,79,CALANDAIMA,2019-08-07,00:00:00,MASCULINO,2019,1
-74.14336320799998,4.584855072849468,06,TUNJUELITO,42,VENECIA,2019-01-12,00:00:00,MASCULINO,2019,1
-74.16782406099998,4.578233745849676,19,CIUDAD BOLÍVAR,69,ISMAEL PERDOMO,2018-07-30,00:00:00,MASCULINO,2018,1
-74.16324680899999,4.6321219568479455,08,KENNEDY,80,CORABASTOS,2021-10-01,00:00:00,MASCULINO,2021,1
-74.13924149899998,4.587597416849388,06,TUNJUELITO,42,VENECIA,2021-01-10,00:00:00,MASCULINO,2021,1
-74.10180288999999,4.577539737849721,18,RAFAEL URIBE URIBE,36,SAN JOSE,2021-11-10,00:00:00,FEMENINO,2021,1
-74.08603569199994,4.533701860851154,04,SAN CRISTÓBAL,51,LOS LIBERTADORES,2021-01-22,00:00:00,MASCULINO,2021,1
-74.07773764099994,4.611117386848615,14,LOS MÁRTIRES,102,LA SABANA,2021-01-27,00:00:00,MASCULINO,2021,1
-74.13898932899997,4.605127892848813,08,KENNEDY,45,CARVAJAL,2021-06-20,00:00:00,MASCULINO,2021,1
-74.09040844699996,4.7285069808448315,11,SUBA,28,EL RINCON,2021-08-01,00:00:00,MASCULINO,2021,1
-74.17738989399999,4.645950918847476,08,KENNEDY,82,PATIO BONITO,2018-10-28,00:00:00,MASCULINO,2018,1
-74.16929999999996,4.622959999848236,08,KENNEDY,81,GRAN BRITALIA,2022-08-25,00:00:00,MASCULINO,2022,1
-74.09161947499996,4.517271903851679,04,SAN CRISTÓBAL,51,LOS LIBERTADORES,2018-07-29,00:00:00,MASCULINO,2018,1
-74.11380028499997,4.571605894849929,18,RAFAEL URIBE URIBE,53,MARCO FIDEL SUAREZ,2021-05-19,00:00:00,MASCULINO,2021,1
-74.11868563599995,4.609143143848673,16,PUENTE ARANDA,40,CIUDAD MONTES,2021-06-29,00:00:00,MASCULINO,2021,1
-74.07597228099996,4.61242580684856,14,LOS MÁRTIRES,102,LA SABANA,2019-09-22,00:00:00,MASCULINO,2019,1
-74.16907415099996,4.623202115848261,08,KENNEDY,81,GRAN BRITALIA,2019-05-03,00:00:00,MASCULINO,2019,1
-74.14549999999997,4.711579999845337,10,ENGATIVÁ,74,ENGATIVA,2022-01-01,00:00:00,MASCULINO,2022,1
-74.14113072899994,4.62351929584822,08,KENNEDY,44,AMERICAS,2019-07-19,00:00:00,MASCULINO,2019,1
-74.10923731499997,4.563168387850211,18,RAFAEL URIBE URIBE,53,MARCO FIDEL SUAREZ,2018-11-22,00:00:00,MASCULINO,2018,1
-74.08988761199998,4.723837262844979,11,SUBA,28,EL RINCON,2019-09-14,00:00:00,MASCULINO,2019,1
-74.07089999999994,4.656309999847194,12,BARRIOS UNIDOS,98,LOS ALCAZARES,2022-04-01,00:00:00,MASCULINO,2022,1
-74.17233434099995,4.576070069849793,19,CIUDAD BOLÍVAR,69,ISMAEL PERDOMO,2021-06-20,00:00:00,MASCULINO,2021,1
-74.11864298799998,4.4902121628525435,05,USME,58,COMUNEROS,2018-10-20,00:00:00,MASCULINO,2018,1
-74.19712526699993,4.61960857084838,07,BOSA,84,BOSA OCCIDENTAL,2018-11-01,00:00:00,MASCULINO,2018,1
-74.16982674199994,4.582687956849579,19,CIUDAD BOLÍVAR,69,ISMAEL PERDOMO,2021-09-03,00:00:00,MASCULINO,2021,1
-74.17077121199998,4.651179095847304,08,KENNEDY,79,CALANDAIMA,2018-07-09,00:00:00,MASCULINO,2018,1
-74.17269999999996,4.57371999984984,19,CIUDAD BOLÍVAR,69,ISMAEL PERDOMO,2022-08-11,00:00:00,MASCULINO,2022,1
-74.12329140199995,4.618194118848418,16,PUENTE ARANDA,43,SAN RAFAEL,2019-05-25,00:00:00,MASCULINO,2019,1
-74.16229345599999,4.635376933847818,08,KENNEDY,82,PATIO BONITO,2021-04-28,00:00:00,MASCULINO,2021,1
-74.17047758499996,4.643312470847592,08,KENNEDY,82,PATIO BONITO,2019-12-13,00:00:00,MASCULINO,2019,1
-74.15031139499996,4.633447577847935,08,KENNEDY,46,CASTILLA,2021-12-04,00:00:00,FEMENINO,2021,1
-74.12707730499994,4.595431259849151,16,PUENTE ARANDA,41,MUZU,2020-11-07,00:00:00,MASCULINO,2020,1
-74.04559614299995,4.759893442843815,11,SUBA,17,SAN JOSE DE BAVARIA,2019-06-06,00:00:00,MASCULINO,2019,1
-74.03870694199998,4.7908191418427695,01,USAQUÉN,1,PASEO DE LOS LIBERTADORES,2020-03-26,00:00:00,MASCULINO,2020,1
-74.11299999999994,4.5402399998509315,05,USME,56,DANUBIO,2022-10-30,00:00:00,MASCULINO,2022,1
-74.09981935499997,4.564900960850121,04,SAN CRISTÓBAL,34,20 DE JULIO,2020-05-01,00:00:00,MASCULINO,2020,1
-74.07993788699997,4.616115463848497,14,LOS MÁRTIRES,102,LA SABANA,2020-05-02,00:00:00,MASCULINO,2020,1
-74.10667413599998,4.682321732846304,10,ENGATIVÁ,31,SANTA CECILIA,2019-07-15,00:00:00,MASCULINO,2019,1
-74.13649468599993,4.594946424849158,16,PUENTE ARANDA,41,MUZU,2018-08-09,00:00:00,MASCULINO,2018,1
-74.14358711199998,4.558072500850337,19,CIUDAD BOLÍVAR,66,SAN FRANCISCO,2018-05-03,00:00:00,MASCULINO,2018,1
-74.10567775399994,4.490105163852578,05,USME,59,ALFONSO LOPEZ,2018-11-27,00:00:00,MASCULINO,2018,1
-74.16744732899997,4.572890408849853,19,CIUDAD BOLÍVAR,69,ISMAEL PERDOMO,2018-09-24,00:00:00,MASCULINO,2018,1
-74.10348383899998,4.597774053849092,14,LOS MÁRTIRES,37,SANTA ISABEL,2018-07-04,00:00:00,MASCULINO,2018,1
-74.08509999999995,4.498389999852279,05,USME,52,LA FLORA,2022-04-06,00:00:00,MASCULINO,2022,1
-74.14903483099994,4.688186007846136,09,FONTIBÓN,76,FONTIBON SAN PABLO,2019-06-30,00:00:00,MASCULINO,2019,1
-74.13128397099996,4.59206076184928,06,TUNJUELITO,42,VENECIA,2019-01-17,00:00:00,MASCULINO,2019,1
-74.11450599999995,4.757533845843881,11,SUBA,71,TIBABUYES,2018-07-15,00:00:00,FEMENINO,2018,1
-74.02082078699993,4.666585382846816,02,CHAPINERO,89,SAN ISIDRO - PATIOS,2021-08-28,00:00:00,MASCULINO,2021,1
-74.14447957699997,4.572205282849926,19,CIUDAD BOLÍVAR,65,ARBORIZADORA,2018-10-28,00:00:00,MASCULINO,2018,1
-74.11649999999997,4.5582899998503645,18,RAFAEL URIBE URIBE,54,MARRUECOS,2022-03-18,00:00:00,MASCULINO,2022,1
-74.15535005799995,4.574132449849824,19,CIUDAD BOLÍVAR,70,JERUSALEM,2019-11-14,00:00:00,MASCULINO,2019,1
-74.18809999999996,4.6193199998483845,07,BOSA,84,BOSA OCCIDENTAL,2022-06-26,00:00:00,MASCULINO,2022,1
-74.14415212599994,4.59866518684904,08,KENNEDY,45,CARVAJAL,2019-06-02,00:00:00,MASCULINO,2019,1
-74.16081971199998,4.543846133850805,19,CIUDAD BOLÍVAR,67,LUCERO,2020-07-08,00:00:00,MASCULINO,2020,1
-74.11768279199998,4.5177206968516925,05,USME,57,GRAN YOMASA,2021-11-27,00:00:00,MASCULINO,2021,1
-74.10165514799996,4.68656276184618,10,ENGATIVÁ,30,BOYACA REAL,2018-04-13,00:00:00,MASCULINO,2018,1
-74.16189282299996,4.54855902185068,19,CIUDAD BOLÍVAR,UPR3,UPR RIO TUNJUELO,2019-02-10,00:00:00,MASCULINO,2019,1
-74.15436914799994,4.5427764188508775,19,CIUDAD BOLÍVAR,67,LUCERO,2018-10-07,00:00:00,MASCULINO,2018,1
-74.16810621199994,4.634226299847855,08,KENNEDY,82,PATIO BONITO,2018-01-20,00:00:00,MASCULINO,2018,1
-74.09966595999998,4.500551412852226,05,USME,59,ALFONSO LOPEZ,2020-06-27,00:00:00,MASCULINO,2020,1
-74.13932199299995,4.618310894848389,08,KENNEDY,45,CARVAJAL,2018-08-13,00:00:00,MASCULINO,2018,1
-74.15559742799996,4.537392849851046,19,CIUDAD BOLÍVAR,UPR3,UPR RIO TUNJUELO,2020-02-04,00:00:00,MASCULINO,2020,1
-74.08121412799994,4.603344909848871,14,LOS MÁRTIRES,102,LA SABANA,2021-01-06,00:00:00,FEMENINO,2021,1
-74.18586012699996,4.604153718848879,07,BOSA,85,BOSA CENTRAL,2019-03-22,00:00:00,MASCULINO,2019,1
-74.03587565299995,4.739621700844432,01,USAQUÉN,12,TOBERIN,2018-09-05,00:00:00,MASCULINO,2018,1
-74.16096991499995,4.5434611098508535,19,CIUDAD BOLÍVAR,67,LUCERO,2020-08-02,00:00:00,MASCULINO,2020,1
-74.17078982099997,4.586286824849452,19,CIUDAD BOLÍVAR,69,ISMAEL PERDOMO,2021-05-29,00:00:00,FEMENINO,2021,1
-74.10691427299997,4.634382038847886,16,PUENTE ARANDA,111,PUENTE ARANDA,2020-03-21,00:00:00,MASCULINO,2020,1
-74.13651791499996,4.561093168850273,19,CIUDAD BOLÍVAR,67,LUCERO,2019-11-10,00:00:00,MASCULINO,2019,1
-74.16345791699996,4.600805017848997,07,BOSA,49,APOGEO,2021-08-15,00:00:00,MASCULINO,2021,1
-74.11599999999999,4.663849999846891,09,FONTIBÓN,114,MODELIA,2022-08-06,00:00:00,MASCULINO,2022,1
-74.07017472599995,4.655881934847154,12,BARRIOS UNIDOS,98,LOS ALCAZARES,2020-10-14,00:00:00,MASCULINO,2020,1
-74.17997111999995,4.6007902778489544,07,BOSA,85,BOSA CENTRAL,2018-04-09,00:00:00,MASCULINO,2018,1
-74.17020676399994,4.631276563848006,08,KENNEDY,82,PATIO BONITO,2021-04-25,00:00:00,MASCULINO,2021,1
-74.17494035999994,4.649292006847385,08,KENNEDY,82,PATIO BONITO,2021-04-01,00:00:00,MASCULINO,2021,1
-74.09947812699994,4.488858979852595,05,USME,59,ALFONSO LOPEZ,2019-12-29,00:00:00,MASCULINO,2019,1
-74.14191624799997,4.536326056851074,19,CIUDAD BOLÍVAR,68,EL TESORO,2020-10-30,00:00:00,MASCULINO,2020,1
-74.14459781699998,4.672555017846609,09,FONTIBÓN,75,FONTIBON,2018-05-06,00:00:00,MASCULINO,2018,1
-74.16782465899996,4.57250983984991,19,CIUDAD BOLÍVAR,69,ISMAEL PERDOMO,2020-10-11,00:00:00,MASCULINO,2020,1
-74.16576066699997,4.6005700408489485,07,BOSA,49,APOGEO,2021-10-16,00:00:00,FEMENINO,2021,1
-74.13769999999994,4.670449999846726,09,FONTIBÓN,75,FONTIBON,2022-01-19,00:00:00,MASCULINO,2022,1
-74.07846524399997,4.6085446868487345,14,LOS MÁRTIRES,102,LA SABANA,2018-06-02,00:00:00,MASCULINO,2018,1
-74.05599999999998,4.713449999845275,11,SUBA,19,EL PRADO,2022-10-11,00:00:00,MASCULINO,2022,1
-74.11428081999998,4.508724174851973,05,USME,57,GRAN YOMASA,2021-07-24,00:00:00,MASCULINO,2021,1
-74.18968179499996,4.628626315848079,07,BOSA,84,BOSA OCCIDENTAL,2018-08-11,00:00:00,MASCULINO,2018,1
-74.07446531299996,4.609983657848646,03,SANTA FE,93,LAS NIEVES,2021-08-08,00:00:00,MASCULINO,2021,1
-74.11799999999994,4.545239999850763,18,RAFAEL URIBE URIBE,54,MARRUECOS,2022-01-21,00:00:00,MASCULINO,2022,1
-74.09161142999994,4.523770683851481,04,SAN CRISTÓBAL,51,LOS LIBERTADORES,2018-10-07,00:00:00,MASCULINO,2018,1
-74.16357868999995,4.628602660848076,08,KENNEDY,80,CORABASTOS,2021-10-16,00:00:00,FEMENINO,2021,1
-74.11699999999996,4.743739999844323,11,SUBA,71,TIBABUYES,2022-03-19,00:00:00,MASCULINO,2022,1
-74.13257076099995,4.568584158850038,06,TUNJUELITO,62,TUNJUELITO,2020-12-08,00:00:00,FEMENINO,2020,1
-74.03459999999995,4.76500999984365,01,USAQUÉN,9,VERBENAL,2022-04-10,00:00:00,MASCULINO,2022,1
-74.13653697499996,4.617657547848433,08,KENNEDY,44,AMERICAS,2018-03-04,00:00:00,MASCULINO,2018,1
-74.14140550799993,4.598741279849055,08,KENNEDY,45,CARVAJAL,2020-08-25,00:00:00,MASCULINO,2020,1
-74.18803761799995,4.63245910184793,07,BOSA,86,EL PORVENIR,2020-02-25,00:00:00,MASCULINO,2020,1
-74.08895392299996,4.597297046849077,14,LOS MÁRTIRES,37,SANTA ISABEL,2020-12-06,00:00:00,MASCULINO,2020,1
-74.17609112399998,4.581074666849614,19,CIUDAD BOLÍVAR,69,ISMAEL PERDOMO,2020-01-16,00:00:00,MASCULINO,2020,1
-74.11844163899997,4.6788920188464225,10,ENGATIVÁ,116,ALAMOS,2021-12-21,00:00:00,MASCULINO,2021,1
-74.16599925399998,4.581027386849629,19,CIUDAD BOLÍVAR,69,ISMAEL PERDOMO,2021-03-18,00:00:00,MASCULINO,2021,1
-74.09026705199994,4.608304577848731,14,LOS MÁRTIRES,102,LA SABANA,2020-07-22,00:00:00,MASCULINO,2020,1
-74.08112699399999,4.602148489848923,14,LOS MÁRTIRES,102,LA SABANA,2021-06-25,00:00:00,MASCULINO,2021,1
-74.17660183599997,4.635688749847828,08,KENNEDY,83,LAS MARGARITAS,2021-08-23,00:00:00,MASCULINO,2021,1
-74.08614743899994,4.600614598848963,14,LOS MÁRTIRES,102,LA SABANA,2019-02-08,00:00:00,FEMENINO,2019,1
-74.01948891499995,4.736683152844551,01,USAQUÉN,11,SAN CRISTOBAL NORTE,2020-05-07,00:00:00,MASCULINO,2020,1
-74.09712786599994,4.552737989850506,04,SAN CRISTÓBAL,50,LA GLORIA,2018-01-01,00:00:00,MASCULINO,2018,1
-74.08313390599994,4.591744959849241,03,SANTA FE,95,LAS CRUCES,2021-08-22,00:00:00,MASCULINO,2021,1
-74.09609779899995,4.699162635845759,10,ENGATIVÁ,30,BOYACA REAL,2021-11-05,00:00:00,FEMENINO,2021,1
-74.16290384799998,4.632520418847946,08,KENNEDY,80,CORABASTOS,2018-07-10,00:00:00,MASCULINO,2018,1
-74.15439999999995,4.570329999849978,19,CIUDAD BOLÍVAR,70,JERUSALEM,2022-02-13,00:00:00,MASCULINO,2022,1
-74.11789999999996,4.546709999850759,18,RAFAEL URIBE URIBE,54,MARRUECOS,2022-01-22,00:00:00,MASCULINO,2022,1
-74.12588739799997,4.5850777538494825,18,RAFAEL URIBE URIBE,39,QUIROGA,2021-07-21,00:00:00,MASCULINO,2021,1
-74.13367864199995,4.540163906850913,19,CIUDAD BOLÍVAR,68,EL TESORO,2018-07-24,00:00:00,MASCULINO,2018,1
-74.17842464599994,4.581245779849628,19,CIUDAD BOLÍVAR,69,ISMAEL PERDOMO,2019-11-03,00:00:00,MASCULINO,2019,1
-74.12802037299997,4.706461518845557,10,ENGATIVÁ,73,GARCES NAVAS,2019-06-10,00:00:00,MASCULINO,2019,1
-74.13128397099996,4.59206076184928,06,TUNJUELITO,42,VENECIA,2019-01-17,00:00:00,MASCULINO,2019,1
-74.13585439999997,4.712936222845312,10,ENGATIVÁ,74,ENGATIVA,2019-12-01,00:00:00,MASCULINO,2019,1
-74.14226381499998,4.599767931848968,08,KENNEDY,45,CARVAJAL,2021-05-06,00:00:00,MASCULINO,2021,1
-74.19392399099996,4.639245202847702,07,BOSA,86,EL PORVENIR,2021-05-26,00:00:00,MASCULINO,2021,1
-74.10071487999994,4.506381781852053,05,USME,57,GRAN YOMASA,2020-05-22,00:00:00,MASCULINO,2020,1
-74.10099999999994,4.554459999850494,04,SAN CRISTÓBAL,50,LA GLORIA,2022-12-19,00:00:00,MASCULINO,2022,1
-74.05872374899997,4.680388047846385,12,BARRIOS UNIDOS,21,LOS ANDES,2019-10-28,00:00:00,MASCULINO,2019,1
-74.11020131499998,4.636183786847819,16,PUENTE ARANDA,111,PUENTE ARANDA,2018-12-08,00:00:00,MASCULINO,2018,1
-74.08467354899994,4.605037007848849,14,LOS MÁRTIRES,102,LA SABANA,2020-10-10,00:00:00,MASCULINO,2020,1
-74.14481347399999,4.542129647850897,19,CIUDAD BOLÍVAR,67,LUCERO,2019-11-18,00:00:00,MASCULINO,2019,1
-74.16007321799998,4.653010142847292,08,KENNEDY,78,TINTAL NORTE,2021-03-13,00:00:00,MASCULINO,2021,1
-74.16576750199994,4.629595975848056,08,KENNEDY,80,CORABASTOS,2020-04-19,00:00:00,MASCULINO,2020,1
-74.12459489599996,4.702307861845675,10,ENGATIVÁ,74,ENGATIVA,2018-09-11,00:00:00,FEMENINO,2018,1
-74.14705691299997,4.562392628850209,19,CIUDAD BOLÍVAR,66,SAN FRANCISCO,2020-12-04,00:00:00,MASCULINO,2020,1
-74.11032243899996,4.747991619844182,11,SUBA,71,TIBABUYES,2020-06-27,00:00:00,MASCULINO,2020,1
-74.08883016899995,4.642949421847619,13,TEUSAQUILLO,106,LA ESMERALDA,2020-05-27,00:00:00,MASCULINO,2020,1
-74.12576560099996,4.703140498845622,10,ENGATIVÁ,74,ENGATIVA,2018-03-31,00:00:00,MASCULINO,2018,1
-74.17360264499996,4.570251394849989,19,CIUDAD BOLÍVAR,70,JERUSALEM,2018-06-18,00:00:00,MASCULINO,2018,1
-74.16258277999998,4.578461877849679,19,CIUDAD BOLÍVAR,69,ISMAEL PERDOMO,2018-04-28,00:00:00,MASCULINO,2018,1
-74.14590781499999,4.541530718850889,19,CIUDAD BOLÍVAR,68,EL TESORO,2018-11-10,00:00:00,MASCULINO,2018,1
-74.15981585699996,4.574606028849825,19,CIUDAD BOLÍVAR,70,JERUSALEM,2021-01-01,00:00:00,MASCULINO,2021,1
-74.08439999999996,4.591749999849257,03,SANTA FE,95,LAS CRUCES,2022-04-19,00:00:00,MASCULINO,2022,1
-74.19277670799994,4.621080212848289,07,BOSA,84,BOSA OCCIDENTAL,2021-09-04,00:00:00,MASCULINO,2021,1
-74.11824700899996,4.6049643338488275,16,PUENTE ARANDA,40,CIUDAD MONTES,2021-03-27,00:00:00,MASCULINO,2021,1
-74.11737091099997,4.569981203849973,18,RAFAEL URIBE URIBE,53,MARCO FIDEL SUAREZ,2019-12-25,00:00:00,MASCULINO,2019,1
-74.09757472299998,4.5545775758504625,04,SAN CRISTÓBAL,50,LA GLORIA,2021-11-20,00:00:00,MASCULINO,2021,1
-74.10802389099996,4.590429537849277,15,ANTONIO NARIÑO,38,RESTREPO,2018-01-12,00:00:00,MASCULINO,2018,1
-74.13925914299995,4.6198263508483315,08,KENNEDY,44,AMERICAS,2021-08-23,00:00:00,MASCULINO,2021,1
-74.13648572899996,4.561031673850263,19,CIUDAD BOLÍVAR,67,LUCERO,2018-07-15,00:00:00,MASCULINO,2018,1
-74.11274344699996,4.5766291988497345,18,RAFAEL URIBE URIBE,36,SAN JOSE,2020-01-25,00:00:00,MASCULINO,2020,1
-74.06952583099996,4.607231387848773,03,SANTA FE,93,LAS NIEVES,2021-08-25,00:00:00,MASCULINO,2021,1
-74.09583568799997,4.547566629850718,04,SAN CRISTÓBAL,50,LA GLORIA,2021-09-19,00:00:00,MASCULINO,2021,1
-74.08421035699996,4.567570604850081,04,SAN CRISTÓBAL,32,SAN BLAS,2018-03-26,00:00:00,MASCULINO,2018,1
-74.13664666099999,4.561392624850253,19,CIUDAD BOLÍVAR,67,LUCERO,2019-09-10,00:00:00,MASCULINO,2019,1
-74.09770493599996,4.5718598758499365,04,SAN CRISTÓBAL,34,20 DE JULIO,2021-06-05,00:00:00,FEMENINO,2021,1
-74.06321855299996,4.663483688846916,12,BARRIOS UNIDOS,98,LOS ALCAZARES,2019-09-25,00:00:00,FEMENINO,2019,1
-74.03512225199995,4.719411929845097,01,USAQUÉN,13,LOS CEDROS,2020-07-04,00:00:00,MASCULINO,2020,1
-74.12637415299997,4.588664073849376,18,RAFAEL URIBE URIBE,39,QUIROGA,2019-11-08,00:00:00,MASCULINO,2019,1
-74.21299999999997,4.614349999848543,07,BOSA,85,BOSA CENTRAL,2022-03-16,00:00:00,MASCULINO,2022,1
-74.07884447999999,4.610143086848659,14,LOS MÁRTIRES,102,LA SABANA,2021-04-02,00:00:00,MASCULINO,2021,1
-74.12142791699995,4.516341185851701,05,USME,57,GRAN YOMASA,2019-12-15,00:00:00,MASCULINO,2019,1
-74.08073683099997,4.606664587848788,14,LOS MÁRTIRES,102,LA SABANA,2019-08-21,00:00:00,MASCULINO,2019,1
-74.10957335799998,4.684311797846271,10,ENGATIVÁ,31,SANTA CECILIA,2018-09-28,00:00:00,MASCULINO,2018,1
-74.13179535599994,4.612324549848589,08,KENNEDY,44,AMERICAS,2019-10-28,00:00:00,MASCULINO,2019,1
-74.19541131099999,4.622674867848257,07,BOSA,84,BOSA OCCIDENTAL,2018-04-06,00:00:00,MASCULINO,2018,1
-74.15925229199996,4.570837674849958,19,CIUDAD BOLÍVAR,70,JERUSALEM,2021-03-08,00:00:00,MASCULINO,2021,1
-74.15397737399996,4.540505149850938,19,CIUDAD BOLÍVAR,67,LUCERO,2019-03-25,00:00:00,MASCULINO,2019,1
-74.16908418899999,4.591468730849244,19,CIUDAD BOLÍVAR,69,ISMAEL PERDOMO,2018-04-30,00:00:00,FEMENINO,2018,1
-74.09139999999996,4.585609999849442,15,ANTONIO NARIÑO,35,CIUDAD JARDIN,2022-06-15,00:00:00,MASCULINO,2022,1
-74.08512345799994,4.5688377258499875,04,SAN CRISTÓBAL,32,SAN BLAS,2018-09-29,00:00:00,MASCULINO,2018,1
-74.07929999999999,4.610539999848673,14,LOS MÁRTIRES,102,LA SABANA,2022-08-23,00:00:00,MASCULINO,2022,1
-74.20039290899996,4.625616032848142,07,BOSA,84,BOSA OCCIDENTAL,2018-11-03,00:00:00,MASCULINO,2018,1
-74.11849999999998,4.493049999852466,05,USME,58,COMUNEROS,2022-09-28,00:00:00,MASCULINO,2022,1
-74.09185709199994,4.699617820845764,10,ENGATIVÁ,29,MINUTO DE DIOS,2021-09-29,00:00:00,MASCULINO,2021,1
-74.13414785699996,4.704490296845611,10,ENGATIVÁ,74,ENGATIVA,2019-03-08,00:00:00,MASCULINO,2019,1
-74.12636358499998,4.618638959848394,08,KENNEDY,44,AMERICAS,2020-08-05,00:00:00,FEMENINO,2020,1
-74.14339999999999,4.558119999850337,19,CIUDAD BOLÍVAR,66,SAN FRANCISCO,2022-08-28,00:00:00,MASCULINO,2022,1
-74.10714849999994,4.580714005849628,18,RAFAEL URIBE URIBE,39,QUIROGA,2020-09-25,00:00:00,MASCULINO,2020,1
-74.20308560099994,4.6037671278489,07,BOSA,85,BOSA CENTRAL,2020-07-10,00:00:00,MASCULINO,2020,1
-74.09631580299998,4.485770524852688,05,USME,59,ALFONSO LOPEZ,2018-02-21,00:00:00,MASCULINO,2018,1
-74.17746989199998,4.579067828849679,19,CIUDAD BOLÍVAR,69,ISMAEL PERDOMO,2021-05-22,00:00:00,MASCULINO,2021,1
-74.18922611799997,4.616071383848489,07,BOSA,84,BOSA OCCIDENTAL,2018-03-29,00:00:00,MASCULINO,2018,1
-74.12536871699996,4.564233584850175,18,RAFAEL URIBE URIBE,54,MARRUECOS,2021-06-18,00:00:00,MASCULINO,2021,1
-74.16525752699994,4.563817034850182,19,CIUDAD BOLÍVAR,70,JERUSALEM,2018-03-20,00:00:00,MASCULINO,2018,1
-74.14223425799997,4.541445890850873,19,CIUDAD BOLÍVAR,68,EL TESORO,2021-05-14,00:00:00,FEMENINO,2021,1
-74.18075372999994,4.589457415849355,19,CIUDAD BOLÍVAR,69,ISMAEL PERDOMO,2021-01-10,00:00:00,MASCULINO,2021,1
-74.16610281599998,4.626273964848141,08,KENNEDY,80,CORABASTOS,2021-09-07,00:00:00,MASCULINO,2021,1
-74.15114830699997,4.653485652847281,08,KENNEDY,78,TINTAL NORTE,2018-07-08,00:00:00,MASCULINO,2018,1
-74.21156322299998,4.615201937848494,07,BOSA,87,TINTAL SUR,2018-03-18,00:00:00,MASCULINO,2018,1
-74.11249999999995,4.5732399998498705,18,RAFAEL URIBE URIBE,53,MARCO FIDEL SUAREZ,2022-08-22,00:00:00,MASCULINO,2022,1
-74.15361259399998,4.538066647851002,19,CIUDAD BOLÍVAR,UPR3,UPR RIO TUNJUELO,2018-11-20,00:00:00,MASCULINO,2018,1
-74.16209679799994,4.5713105888499435,19,CIUDAD BOLÍVAR,70,JERUSALEM,2020-08-20,00:00:00,MASCULINO,2020,1
-74.17821357699995,4.614778268848524,08,KENNEDY,81,GRAN BRITALIA,2021-04-19,00:00:00,MASCULINO,2021,1
-74.04124757899996,4.778444593843201,01,USAQUÉN,1,PASEO DE LOS LIBERTADORES,2021-02-23,00:00:00,MASCULINO,2021,1
-74.18434062199998,4.639503429847712,07,BOSA,86,EL PORVENIR,2020-11-09,00:00:00,MASCULINO,2020,1
-74.10462768199994,4.712053739845348,10,ENGATIVÁ,29,MINUTO DE DIOS,2021-05-17,00:00:00,MASCULINO,2021,1
-74.05775670499997,4.73580170884457,11,SUBA,19,EL PRADO,2019-06-13,00:00:00,MASCULINO,2019,1
-74.07665612699998,4.655458914847194,12,BARRIOS UNIDOS,98,LOS ALCAZARES,2018-07-20,00:00:00,MASCULINO,2018,1
-74.16380786399998,4.628383040848091,08,KENNEDY,80,CORABASTOS,2019-06-12,00:00:00,FEMENINO,2019,1
-74.14807049299998,4.531722286851206,19,CIUDAD BOLÍVAR,UPR3,UPR RIO TUNJUELO,2021-09-05,00:00:00,FEMENINO,2021,1
-74.08865520499995,4.5425088398508535,04,SAN CRISTÓBAL,50,LA GLORIA,2021-06-30,00:00:00,FEMENINO,2021,1
-74.08813871399997,4.607869999848739,14,LOS MÁRTIRES,102,LA SABANA,2018-12-22,00:00:00,MASCULINO,2018,1
-74.10650249199995,4.73709824184454,11,SUBA,71,TIBABUYES,2018-12-16,00:00:00,MASCULINO,2018,1
-74.07959999999997,4.541269999850912,04,SAN CRISTÓBAL,50,LA GLORIA,2022-01-23,00:00:00,MASCULINO,2022,1
-74.13067208699994,4.709363756845446,10,ENGATIVÁ,74,ENGATIVA,2019-11-11,00:00:00,MASCULINO,2019,1
-74.02060840199994,4.735873552844563,01,USAQUÉN,11,SAN CRISTOBAL NORTE,2018-11-18,00:00:00,MASCULINO,2018,1
-74.19709234699997,4.604363152848865,07,BOSA,85,BOSA CENTRAL,2020-02-02,00:00:00,MASCULINO,2020,1
-74.12155459399997,4.7199524558450845,10,ENGATIVÁ,73,GARCES NAVAS,2021-08-29,00:00:00,MASCULINO,2021,1
-74.15391022999995,4.5477751288507084,19,CIUDAD BOLÍVAR,67,LUCERO,2018-09-17,00:00:00,MASCULINO,2018,1
-74.09607646599994,4.7193251108451095,11,SUBA,28,EL RINCON,2020-05-15,00:00:00,MASCULINO,2020,1
-74.20315774199997,4.626889949848091,07,BOSA,87,TINTAL SUR,2020-11-12,00:00:00,MASCULINO,2020,1
-74.09522003699993,4.748326442844176,11,SUBA,27,SUBA,2021-09-24,00:00:00,MASCULINO,2021,1
-74.10656824699998,4.499517501852275,05,USME,59,ALFONSO LOPEZ,2020-03-14,00:00:00,MASCULINO,2020,1
-74.08371985099996,4.562917273850179,04,SAN CRISTÓBAL,32,SAN BLAS,2018-07-08,00:00:00,MASCULINO,2018,1
-74.17907874599996,4.607409286848755,07,BOSA,85,BOSA CENTRAL,2019-04-20,00:00:00,MASCULINO,2019,1
-74.19385948899998,4.638493654847743,07,BOSA,86,EL PORVENIR,2021-06-16,00:00:00,MASCULINO,2021,1
-74.09043652699995,4.57002749484995,04,SAN CRISTÓBAL,34,20 DE JULIO,2018-08-18,00:00:00,MASCULINO,2018,1
-74.17752837599994,4.589635276849351,19,CIUDAD BOLÍVAR,69,ISMAEL PERDOMO,2020-05-31,00:00:00,MASCULINO,2020,1
-74.02165353799995,4.6693713658467475,02,CHAPINERO,89,SAN ISIDRO - PATIOS,2018-10-15,00:00:00,MASCULINO,2018,1
-74.16487413899995,4.573282388849851,19,CIUDAD BOLÍVAR,70,JERUSALEM,2020-02-26,00:00:00,MASCULINO,2020,1
-74.15827018399995,4.640890255847645,08,KENNEDY,82,PATIO BONITO,2020-07-10,00:00:00,MASCULINO,2020,1
-74.17786633399999,4.590890878849274,19,CIUDAD BOLÍVAR,69,ISMAEL PERDOMO,2020-08-16,00:00:00,MASCULINO,2020,1
-74.14054500899994,4.620135187848356,08,KENNEDY,44,AMERICAS,2021-10-07,00:00:00,MASCULINO,2021,1
-74.20756635699996,4.613547515848547,07,BOSA,85,BOSA CENTRAL,2020-05-29,00:00:00,MASCULINO,2020,1
-74.11054045799995,4.735216848844584,11,SUBA,71,TIBABUYES,2018-11-25,00:00:00,MASCULINO,2018,1
-74.15637783499994,4.5746242628498095,19,CIUDAD BOLÍVAR,70,JERUSALEM,2020-01-08,00:00:00,MASCULINO,2020,1
-74.16676528099998,4.581039431849633,19,CIUDAD BOLÍVAR,69,ISMAEL PERDOMO,2020-09-03,00:00:00,MASCULINO,2020,1
-74.13948923399994,4.594656858849178,06,TUNJUELITO,42,VENECIA,2020-07-21,00:00:00,MASCULINO,2020,1
-74.10277131599997,4.6182002898484145,16,PUENTE ARANDA,108,ZONA INDUSTRIAL,2018-12-27,00:00:00,MASCULINO,2018,1
-74.14171717699998,4.5360635858510925,19,CIUDAD BOLÍVAR,68,EL TESORO,2018-01-23,00:00:00,MASCULINO,2018,1
-74.12647249199995,4.5873179998493985,18,RAFAEL URIBE URIBE,39,QUIROGA,2020-08-25,00:00:00,FEMENINO,2020,1
-74.10753583099995,4.4982051288523,05,USME,59,ALFONSO LOPEZ,2018-06-11,00:00:00,FEMENINO,2018,1
-74.13655858399994,4.608255934848719,08,KENNEDY,45,CARVAJAL,2020-09-25,00:00:00,MASCULINO,2020,1
-74.08456991299994,4.507652712851977,05,USME,52,LA FLORA,2021-10-20,00:00:00,MASCULINO,2021,1
-74.17749999999995,4.613019999848583,08,KENNEDY,81,GRAN BRITALIA,2022-04-11,00:00:00,MASCULINO,2022,1
-74.17877828499996,4.589913332849299,19,CIUDAD BOLÍVAR,69,ISMAEL PERDOMO,2019-04-01,00:00:00,MASCULINO,2019,1
-74.09659999999997,4.668709999846736,10,ENGATIVÁ,26,LAS FERIAS,2022-11-13,00:00:00,MASCULINO,2022,1
-74.06790374599996,4.739649316844448,11,SUBA,23,CASA BLANCA SUBA,2020-03-22,00:00:00,MASCULINO,2020,1
-74.13740306399995,4.602072767848908,08,KENNEDY,45,CARVAJAL,2018-08-08,00:00:00,MASCULINO,2018,1
-74.12483392899998,4.741453843844376,11,SUBA,71,TIBABUYES,2021-12-05,00:00:00,MASCULINO,2021,1
-74.07525878799999,4.5826651668495835,03,SANTA FE,96,LOURDES,2020-08-30,00:00:00,MASCULINO,2020,1
-74.14504547699994,4.565956183850124,19,CIUDAD BOLÍVAR,66,SAN FRANCISCO,2018-01-04,00:00:00,MASCULINO,2018,1
-74.08285777699996,4.592763174849254,03,SANTA FE,95,LAS CRUCES,2021-10-09,00:00:00,MASCULINO,2021,1
-74.19312003699997,4.637553857847764,07,BOSA,86,EL PORVENIR,2021-07-02,00:00:00,MASCULINO,2021,1
-74.04749999999996,4.72694999984486,01,USAQUÉN,13,LOS CEDROS,2022-11-28,00:00:00,FEMENINO,2022,1
-74.07819425299994,4.600112054849005,03,SANTA FE,93,LAS NIEVES,2018-12-20,00:00:00,MASCULINO,2018,1
-74.07408596099998,4.608549346848732,03,SANTA FE,93,LAS NIEVES,2020-02-28,00:00:00,MASCULINO,2020,1
-74.14620812299995,4.596071573849142,08,KENNEDY,45,CARVAJAL,2020-11-29,00:00:00,MASCULINO,2020,1
-74.11739553499996,4.574464505849802,18,RAFAEL URIBE URIBE,53,MARCO FIDEL SUAREZ,2021-03-17,00:00:00,MASCULINO,2021,1
-74.09828758499998,4.502578173852185,05,USME,61,CIUDAD USME,2019-07-03,00:00:00,MASCULINO,2019,1
-74.11674346499996,4.568494818849996,18,RAFAEL URIBE URIBE,53,MARCO FIDEL SUAREZ,2021-08-26,00:00:00,MASCULINO,2021,1
-74.08894489799997,4.592155373849272,14,LOS MÁRTIRES,37,SANTA ISABEL,2018-08-30,00:00:00,MASCULINO,2018,1
-74.16363223199994,4.571272995849937,19,CIUDAD BOLÍVAR,70,JERUSALEM,2019-10-07,00:00:00,MASCULINO,2019,1
-74.11793038099995,4.487097298852651,05,USME,61,CIUDAD USME,2018-09-30,00:00:00,MASCULINO,2018,1
-74.13128397099996,4.59206076184928,06,TUNJUELITO,42,VENECIA,2019-01-17,00:00:00,MASCULINO,2019,1
-74.16101845599997,4.633944594847902,08,KENNEDY,80,CORABASTOS,2020-06-03,00:00:00,MASCULINO,2020,1
-74.16868201199998,4.692281095845994,09,FONTIBÓN,77,ZONA FRANCA,2021-05-23,00:00:00,MASCULINO,2021,1
-74.17439351699994,4.649776352847372,08,KENNEDY,82,PATIO BONITO,2021-09-06,00:00:00,MASCULINO,2021,1
-74.18149999999997,4.62631999984811,07,BOSA,84,BOSA OCCIDENTAL,2022-06-29,00:00:00,MASCULINO,2022,1
-74.05490538799995,4.724637286844956,11,SUBA,19,EL PRADO,2019-12-19,00:00:00,FEMENINO,2019,1
-74.16438955499996,4.549096319850647,19,CIUDAD BOLÍVAR,UPR3,UPR RIO TUNJUELO,2021-05-16,00:00:00,MASCULINO,2021,1
-74.14182047899999,4.546351709850757,19,CIUDAD BOLÍVAR,67,LUCERO,2021-03-07,00:00:00,MASCULINO,2021,1
-74.10441573899999,4.562921522850205,04,SAN CRISTÓBAL,50,LA GLORIA,2020-05-21,00:00:00,MASCULINO,2020,1
-74.15611132699996,4.62326695884822,08,KENNEDY,47,KENNEDY CENTRAL,2019-12-15,00:00:00,MASCULINO,2019,1
-74.15344054699995,4.572999108849853,19,CIUDAD BOLÍVAR,66,SAN FRANCISCO,2018-12-20,00:00:00,MASCULINO,2018,1
-74.14556033499997,4.687922943846119,09,FONTIBÓN,75,FONTIBON,2018-12-27,00:00:00,MASCULINO,2018,1
-74.15459964699994,4.53866023185098,19,CIUDAD BOLÍVAR,67,LUCERO,2018-02-17,00:00:00,MASCULINO,2018,1
-74.06403001099994,4.644838707847549,02,CHAPINERO,99,CHAPINERO,2020-10-23,00:00:00,MASCULINO,2020,1
-74.16477931399999,4.634608360847879,08,KENNEDY,82,PATIO BONITO,2021-07-24,00:00:00,MASCULINO,2021,1
-74.10699999999997,4.713029999845338,10,ENGATIVÁ,29,MINUTO DE DIOS,2022-05-08,00:00:00,MASCULINO,2022,1
-74.10962119799996,4.513976035851778,05,USME,57,GRAN YOMASA,2018-03-02,00:00:00,MASCULINO,2018,1
-74.17029047099999,4.576312698849741,19,CIUDAD BOLÍVAR,69,ISMAEL PERDOMO,2018-08-30,00:00:00,MASCULINO,2018,1
-74.10020529899998,4.487478067852639,05,USME,59,ALFONSO LOPEZ,2021-09-24,00:00:00,MASCULINO,2021,1
-74.11257834899999,4.621389174848291,16,PUENTE ARANDA,43,SAN RAFAEL,2019-03-15,00:00:00,MASCULINO,2019,1
-74.13733330699995,4.56137123485023,19,CIUDAD BOLÍVAR,67,LUCERO,2018-08-31,00:00:00,MASCULINO,2018,1
-74.14517437799998,4.540872514850912,19,CIUDAD BOLÍVAR,68,EL TESORO,2021-04-30,00:00:00,MASCULINO,2021,1
-74.17274864599995,4.572118225849891,19,CIUDAD BOLÍVAR,69,ISMAEL PERDOMO,2018-11-28,00:00:00,MASCULINO,2018,1
-74.01957474599999,4.736640383844557,01,USAQUÉN,11,SAN CRISTOBAL NORTE,2019-09-15,00:00:00,MASCULINO,2019,1
-74.09153491499995,4.68241606284633,10,ENGATIVÁ,26,LAS FERIAS,2019-11-16,00:00:00,FEMENINO,2019,1
-74.12501833099998,4.68642166984621,09,FONTIBÓN,117,AEROPUERTO EL DORADO,2021-08-21,00:00:00,MASCULINO,2021,1
-74.16902931599998,4.5954568338491555,19,CIUDAD BOLÍVAR,69,ISMAEL PERDOMO,2021-03-10,00:00:00,MASCULINO,2021,1
-74.16229999999996,4.585999999849467,19,CIUDAD BOLÍVAR,69,ISMAEL PERDOMO,2022-11-06,00:00:00,FEMENINO,2022,1
-74.20600179299998,4.622548710848252,07,BOSA,84,BOSA OCCIDENTAL,2020-02-17,00:00:00,MASCULINO,2020,1
-74.16659999999996,4.628929999848028,08,KENNEDY,80,CORABASTOS,2022-08-24,00:00:00,MASCULINO,2022,1
-74.18017230299995,4.647903922847448,08,KENNEDY,82,PATIO BONITO,2019-11-14,00:00:00,MASCULINO,2019,1
-74.02860364599997,4.737540065844538,01,USAQUÉN,11,SAN CRISTOBAL NORTE,2018-07-12,00:00:00,FEMENINO,2018,1
-74.02889999999996,4.765819999843622,01,USAQUÉN,9,VERBENAL,2022-02-09,00:00:00,MASCULINO,2022,1
-74.10918063099996,4.544952188850806,18,RAFAEL URIBE URIBE,55,DIANA TURBAY,2021-04-19,00:00:00,MASCULINO,2021,1
-74.10234816899998,4.503492739852157,05,USME,59,ALFONSO LOPEZ,2019-06-23,00:00:00,MASCULINO,2019,1
-74.14741236999998,4.551911306850587,19,CIUDAD BOLÍVAR,67,LUCERO,2018-05-06,00:00:00,MASCULINO,2018,1
-74.14021507799998,4.716114292845196,10,ENGATIVÁ,74,ENGATIVA,2020-09-10,00:00:00,MASCULINO,2020,1
-74.11368054999997,4.666840337846814,09,FONTIBÓN,114,MODELIA,2021-12-10,00:00:00,MASCULINO,2021,1
-74.15948243199995,4.572477581849874,19,CIUDAD BOLÍVAR,70,JERUSALEM,2020-02-08,00:00:00,MASCULINO,2020,1
-74.16730443899996,4.631126597847969,08,KENNEDY,82,PATIO BONITO,2021-08-26,00:00:00,MASCULINO,2021,1
-74.12249999999995,4.524989999851447,05,USME,57,GRAN YOMASA,2022-12-08,00:00:00,MASCULINO,2022,1
-74.14843873199999,4.548771317850653,19,CIUDAD BOLÍVAR,67,LUCERO,2020-12-18,00:00:00,MASCULINO,2020,1
-74.11409395999993,4.513538371851791,05,USME,57,GRAN YOMASA,2018-10-31,00:00:00,MASCULINO,2018,1
-74.13666108799998,4.536130525851045,19,CIUDAD BOLÍVAR,68,EL TESORO,2018-07-29,00:00:00,FEMENINO,2018,1
-74.14815336799995,4.568715911850038,19,CIUDAD BOLÍVAR,66,SAN FRANCISCO,2020-11-13,00:00:00,MASCULINO,2020,1
-74.10699999999997,4.713029999845338,10,ENGATIVÁ,29,MINUTO DE DIOS,2022-05-08,00:00:00,MASCULINO,2022,1
-74.08797072899995,4.548613829850638,04,SAN CRISTÓBAL,32,SAN BLAS,2020-09-11,00:00:00,MASCULINO,2020,1
-74.08002742199994,4.571267326849928,04,SAN CRISTÓBAL,32,SAN BLAS,2021-11-30,00:00:00,MASCULINO,2021,1
-74.11884880599996,4.75224149784404,11,SUBA,71,TIBABUYES,2021-01-18,00:00:00,MASCULINO,2021,1
-74.07855576599997,4.616368856848469,14,LOS MÁRTIRES,102,LA SABANA,2021-08-07,00:00:00,FEMENINO,2021,1
-74.14063404699993,4.661195602847025,08,KENNEDY,78,TINTAL NORTE,2019-12-07,00:00:00,MASCULINO,2019,1
-74.19949999999994,4.623939999848227,07,BOSA,84,BOSA OCCIDENTAL,2022-11-25,00:00:00,MASCULINO,2022,1
-74.17519944399999,4.62578919784817,08,KENNEDY,81,GRAN BRITALIA,2021-12-08,00:00:00,MASCULINO,2021,1
-74.08905925499994,4.501862704852209,05,USME,52,LA FLORA,2018-12-15,00:00:00,MASCULINO,2018,1
-74.09769999999997,4.750869999844054,11,SUBA,27,SUBA,2022-07-09,00:00:00,FEMENINO,2022,1
-74.07465458999997,4.609174036848712,03,SANTA FE,93,LAS NIEVES,2018-11-12,00:00:00,MASCULINO,2018,1
-74.16434985399997,4.571128778849932,19,CIUDAD BOLÍVAR,70,JERUSALEM,2019-09-21,00:00:00,MASCULINO,2019,1
-74.19800534599995,4.64130950784766,07,BOSA,86,EL PORVENIR,2021-05-29,00:00:00,MASCULINO,2021,1
-74.16269999999997,4.611779999848627,08,KENNEDY,48,TIMIZA,2022-01-03,00:00:00,MASCULINO,2022,1
-74.08942750799997,4.541455959850912,04,SAN CRISTÓBAL,51,LOS LIBERTADORES,2021-11-04,00:00:00,MASCULINO,2021,1
-74.07632014399996,4.613096168848597,14,LOS MÁRTIRES,102,LA SABANA,2021-06-25,00:00:00,MASCULINO,2021,1
-74.13939999999997,4.552559999850518,19,CIUDAD BOLÍVAR,67,LUCERO,2022-07-20,00:00:00,MASCULINO,2022,1
-74.17043466899997,4.643034435847599,08,KENNEDY,82,PATIO BONITO,2019-05-02,00:00:00,MASCULINO,2019,1
-74.09801278199996,4.542086109850899,04,SAN CRISTÓBAL,51,LOS LIBERTADORES,2020-05-13,00:00:00,MASCULINO,2020,1
-74.14788579999998,4.551787303850591,19,CIUDAD BOLÍVAR,67,LUCERO,2019-11-22,00:00:00,MASCULINO,2019,1
-74.12939992899999,4.6096440688486995,08,KENNEDY,44,AMERICAS,2021-11-20,00:00:00,MASCULINO,2021,1
-74.17670547399996,4.640008248847707,08,KENNEDY,82,PATIO BONITO,2019-11-19,00:00:00,MASCULINO,2019,1
-74.09653743399997,4.548776974850679,04,SAN CRISTÓBAL,50,LA GLORIA,2018-12-29,00:00:00,FEMENINO,2018,1
-74.07588644999998,4.612254700848583,14,LOS MÁRTIRES,102,LA SABANA,2020-02-07,00:00:00,MASCULINO,2020,1
-74.08269386199999,4.672563680846629,12,BARRIOS UNIDOS,22,DOCE DE OCTUBRE,2018-12-11,00:00:00,MASCULINO,2018,1
-74.05586740499996,4.556442945850423,04,SAN CRISTÓBAL,993,SIN UPZ SAN CRISTOBAL,2019-09-22,00:00:00,MASCULINO,2019,1
-74.19707319099996,4.640413509847662,07,BOSA,86,EL PORVENIR,2020-05-13,00:00:00,MASCULINO,2020,1
-74.11859591499996,4.568219610850054,18,RAFAEL URIBE URIBE,53,MARCO FIDEL SUAREZ,2019-12-25,00:00:00,MASCULINO,2019,1
-74.16224202799998,4.633280826847882,08,KENNEDY,80,CORABASTOS,2018-02-25,00:00:00,FEMENINO,2018,1
-74.13778238199995,4.6483823538474125,08,KENNEDY,46,CASTILLA,2020-10-04,00:00:00,MASCULINO,2020,1
-74.12538609499995,4.581869944849585,18,RAFAEL URIBE URIBE,39,QUIROGA,2021-01-01,00:00:00,MASCULINO,2021,1
-74.17089999999996,4.622439999848262,08,KENNEDY,81,GRAN BRITALIA,2022-09-06,00:00:00,MASCULINO,2022,1
-74.11996920599995,4.569406726850006,18,RAFAEL URIBE URIBE,53,MARCO FIDEL SUAREZ,2020-05-09,00:00:00,MASCULINO,2020,1
-74.07683609699995,4.609010688848715,14,LOS MÁRTIRES,102,LA SABANA,2018-12-09,00:00:00,MASCULINO,2018,1
-74.08881141599994,4.59485218384916,14,LOS MÁRTIRES,37,SANTA ISABEL,2021-06-03,00:00:00,MASCULINO,2021,1
-74.14200907899993,4.561684041850218,19,CIUDAD BOLÍVAR,66,SAN FRANCISCO,2019-05-04,00:00:00,MASCULINO,2019,1
-74.10691427299997,4.634382038847886,16,PUENTE ARANDA,111,PUENTE ARANDA,2020-03-21,00:00:00,MASCULINO,2020,1
-74.17159016099998,4.58160377584961,19,CIUDAD BOLÍVAR,69,ISMAEL PERDOMO,2019-05-05,00:00:00,MASCULINO,2019,1
-74.07589999999993,4.672019999846634,12,BARRIOS UNIDOS,22,DOCE DE OCTUBRE,2022-07-21,00:00:00,MASCULINO,2022,1
-74.17371521499996,4.57704740984972,19,CIUDAD BOLÍVAR,69,ISMAEL PERDOMO,2021-09-17,00:00:00,MASCULINO,2021,1
-74.08839744999995,4.598196717849058,14,LOS MÁRTIRES,37,SANTA ISABEL,2019-05-12,00:00:00,MASCULINO,2019,1
-74.19137494999995,4.619571611848381,07,BOSA,84,BOSA OCCIDENTAL,2018-08-28,00:00:00,MASCULINO,2018,1
-74.07595123699997,4.611231634848609,14,LOS MÁRTIRES,102,LA SABANA,2019-11-09,00:00:00,MASCULINO,2019,1
-74.07248730099997,4.612337553848566,03,SANTA FE,93,LAS NIEVES,2019-03-06,00:00:00,FEMENINO,2019,1
-74.08035778499993,4.602669138848917,03,SANTA FE,93,LAS NIEVES,2019-03-02,00:00:00,MASCULINO,2019,1
-74.07966394799996,4.60647209284877,14,LOS MÁRTIRES,102,LA SABANA,2020-05-30,00:00:00,MASCULINO,2020,1
-74.16079825399999,4.5440600358508485,19,CIUDAD BOLÍVAR,67,LUCERO,2020-02-03,00:00:00,MASCULINO,2020,1
-74.17083558499996,4.651072160847343,08,KENNEDY,79,CALANDAIMA,2019-04-28,00:00:00,MASCULINO,2019,1
-74.13775112399998,4.5517395208505755,19,CIUDAD BOLÍVAR,67,LUCERO,2021-06-06,00:00:00,MASCULINO,2021,1
-74.08841837999995,4.685695508846184,10,ENGATIVÁ,26,LAS FERIAS,2019-06-29,00:00:00,MASCULINO,2019,1
-74.14696530099997,4.546828713850747,19,CIUDAD BOLÍVAR,67,LUCERO,2018-09-23,00:00:00,MASCULINO,2018,1
-74.10456849499997,4.744429456844269,11,SUBA,28,EL RINCON,2020-10-09,00:00:00,FEMENINO,2020,1
-74.17159999999996,4.568989999849999,19,CIUDAD BOLÍVAR,70,JERUSALEM,2022-05-22,00:00:00,MASCULINO,2022,1
-74.12877585499996,4.709634141845399,10,ENGATIVÁ,74,ENGATIVA,2020-12-27,00:00:00,MASCULINO,2020,1
-74.16968429099995,4.574927742849812,19,CIUDAD BOLÍVAR,69,ISMAEL PERDOMO,2019-11-03,00:00:00,MASCULINO,2019,1
-74.14463247799995,4.558957214850307,19,CIUDAD BOLÍVAR,66,SAN FRANCISCO,2019-12-20,00:00:00,MASCULINO,2019,1
-74.15462062999995,4.575667241849801,19,CIUDAD BOLÍVAR,65,ARBORIZADORA,2019-07-02,00:00:00,MASCULINO,2019,1
-74.12169484599997,4.5227184668515195,05,USME,57,GRAN YOMASA,2020-02-26,00:00:00,MASCULINO,2020,1
-74.11568920799994,4.437815806854279,05,USME,994,SIN UPZ USME,2019-09-10,00:00:00,MASCULINO,2019,1
-74.14216333099995,4.544941175850804,19,CIUDAD BOLÍVAR,67,LUCERO,2019-11-10,00:00:00,MASCULINO,2019,1
-74.08878368799998,4.598046996849047,14,LOS MÁRTIRES,37,SANTA ISABEL,2018-05-16,00:00:00,MASCULINO,2018,1
-74.09779218599994,4.501914433852211,05,USME,57,GRAN YOMASA,2021-05-16,00:00:00,MASCULINO,2021,1
-74.10520682899994,4.562309859850202,18,RAFAEL URIBE URIBE,54,MARRUECOS,2019-04-12,00:00:00,MASCULINO,2019,1
-74.08673566499994,4.591727261849274,03,SANTA FE,95,LAS CRUCES,2018-07-07,00:00:00,MASCULINO,2018,1
-74.16654196499996,4.576501217849741,19,CIUDAD BOLÍVAR,69,ISMAEL PERDOMO,2018-07-15,00:00:00,MASCULINO,2018,1
-74.13493841699994,4.670994011846687,09,FONTIBÓN,115,CAPELLANIA,2018-07-08,00:00:00,MASCULINO,2018,1
-74.09744337199999,4.486495285852672,05,USME,59,ALFONSO LOPEZ,2020-08-02,00:00:00,MASCULINO,2020,1
-74.13943556399994,4.552993671850541,19,CIUDAD BOLÍVAR,67,LUCERO,2019-09-16,00:00:00,MASCULINO,2019,1
-74.14119626399997,4.647122015847442,08,KENNEDY,46,CASTILLA,2018-10-21,00:00:00,MASCULINO,2018,1
-74.09059909399997,4.737680492844492,11,SUBA,28,EL RINCON,2021-10-10,00:00:00,MASCULINO,2021,1
-74.17293378799997,4.636044298847821,08,KENNEDY,82,PATIO BONITO,2020-05-26,00:00:00,MASCULINO,2020,1
-74.17752837599994,4.589635276849351,19,CIUDAD BOLÍVAR,69,ISMAEL PERDOMO,2020-05-31,00:00:00,MASCULINO,2020,1
-74.11029999999994,4.742099999844377,11,SUBA,71,TIBABUYES,2022-12-30,00:00:00,FEMENINO,2022,1
-74.11553224099998,4.513085443851845,05,USME,57,GRAN YOMASA,2021-07-04,00:00:00,MASCULINO,2021,1
-74.07683446099998,4.608512603848726,14,LOS MÁRTIRES,102,LA SABANA,2019-02-26,00:00:00,FEMENINO,2019,1
-74.05992685999996,4.68774440084612,11,SUBA,20,LA ALHAMBRA,2021-10-07,00:00:00,MASCULINO,2021,1
-74.06999999999994,4.713759999845277,11,SUBA,24,NIZA,2022-06-22,00:00:00,MASCULINO,2022,1
-74.10179999999997,4.742829999844323,11,SUBA,28,EL RINCON,2022-12-02,00:00:00,MASCULINO,2022,1
-74.07849999999996,4.606349999848763,14,LOS MÁRTIRES,102,LA SABANA,2022-10-29,00:00:00,MASCULINO,2022,1
-74.09659999999997,4.728479999844817,11,SUBA,28,EL RINCON,2022-08-23,00:00:00,MASCULINO,2022,1
-74.03699999999998,4.805869999842275,01,USAQUÉN,1,PASEO DE LOS LIBERTADORES,2022-08-18,00:00:00,MASCULINO,2022,1
-74.10219999999998,4.490949999852549,05,USME,59,ALFONSO LOPEZ,2022-05-21,00:00:00,FEMENINO,2022,1
-74.11999999999995,4.572449999849902,18,RAFAEL URIBE URIBE,53,MARCO FIDEL SUAREZ,2022-09-03,00:00:00,MASCULINO,2022,1
-74.17579999999998,4.648169999847432,08,KENNEDY,82,PATIO BONITO,2022-03-19,00:00:00,MASCULINO,2022,1
-74.15229999999997,4.544829999850792,19,CIUDAD BOLÍVAR,67,LUCERO,2022-04-28,00:00:00,MASCULINO,2022,1
-74.07799292099998,4.677504172846468,12,BARRIOS UNIDOS,22,DOCE DE OCTUBRE,2021-01-25,00:00:00,FEMENINO,2021,1
-74.07701521699994,4.610521848848669,14,LOS MÁRTIRES,102,LA SABANA,2018-10-16,00:00:00,MASCULINO,2018,1
-74.16519999999997,4.572069999849905,19,CIUDAD BOLÍVAR,70,JERUSALEM,2023-09-29,00:00:00,MASCULINO,2023,1
-74.14526408499995,4.541680450850892,19,CIUDAD BOLÍVAR,67,LUCERO,2019-03-17,00:00:00,MASCULINO,2019,1
-74.12652727199998,4.471345017853155,05,USME,61,CIUDAD USME,2019-12-08,00:00:00,MASCULINO,2019,1
-74.19459999999998,4.605429999848837,07,BOSA,85,BOSA CENTRAL,2022-10-01,00:00:00,MASCULINO,2022,1
-74.16611082499998,4.629852626848025,08,KENNEDY,80,CORABASTOS,2019-12-02,00:00:00,MASCULINO,2019,1
-74.11873407699994,4.585697888849481,18,RAFAEL URIBE URIBE,39,QUIROGA,2020-08-01,00:00:00,MASCULINO,2020,1
-74.15999999999997,4.573659999849873,19,CIUDAD BOLÍVAR,70,JERUSALEM,2022-03-23,00:00:00,MASCULINO,2022,1
-74.17969999999997,4.586489999849406,19,CIUDAD BOLÍVAR,69,ISMAEL PERDOMO,2022-03-16,00:00:00,MASCULINO,2022,1
-74.11579999999998,4.539739999850962,05,USME,56,DANUBIO,2022-11-07,00:00:00,MASCULINO,2022,1
-74.06730635099996,4.657478022847139,12,BARRIOS UNIDOS,98,LOS ALCAZARES,2018-10-20,00:00:00,MASCULINO,2018,1
-74.18806231799994,4.616756626848426,07,BOSA,84,BOSA OCCIDENTAL,2019-09-01,00:00:00,MASCULINO,2019,1
-74.10900969899996,4.54667424185073,18,RAFAEL URIBE URIBE,55,DIANA TURBAY,2020-07-04,00:00:00,MASCULINO,2020,1
-74.09562140699995,4.548800339850687,04,SAN CRISTÓBAL,50,LA GLORIA,2018-07-05,00:00:00,MASCULINO,2018,1
-74.08219999999994,4.591149999849267,03,SANTA FE,95,LAS CRUCES,2023-09-16,00:00:00,MASCULINO,2023,1
-74.08759999999995,4.593939999849168,14,LOS MÁRTIRES,37,SANTA ISABEL,2022-07-01,00:00:00,FEMENINO,2022,1
-74.14059999999995,4.609439999848701,08,KENNEDY,45,CARVAJAL,2022-08-25,00:00:00,FEMENINO,2022,1
-74.03749999999997,4.764339999843659,01,USAQUÉN,9,VERBENAL,2022-02-13,00:00:00,MASCULINO,2022,1
-74.12529999999998,4.684619999846248,09,FONTIBÓN,115,CAPELLANIA,2022-11-02,00:00:00,MASCULINO,2022,1
-74.04693724699996,4.758364508843838,11,SUBA,17,SAN JOSE DE BAVARIA,2018-11-23,00:00:00,MASCULINO,2018,1
-74.02302812199997,4.7659241068435945,01,USAQUÉN,9,VERBENAL,2018-05-27,00:00:00,MASCULINO,2018,1
-74.15771145799994,4.636479999847821,08,KENNEDY,80,CORABASTOS,2021-12-19,00:00:00,MASCULINO,2021,1
-74.08666919399997,4.607211387848766,14,LOS MÁRTIRES,102,LA SABANA,2018-04-28,00:00:00,MASCULINO,2018,1
-74.14259694199995,4.536309575851086,19,CIUDAD BOLÍVAR,68,EL TESORO,2018-05-02,00:00:00,MASCULINO,2018,1
-74.17139477799998,4.570434103849977,19,CIUDAD BOLÍVAR,70,JERUSALEM,2018-02-11,00:00:00,MASCULINO,2018,1
-74.13735116999999,4.561141437850255,19,CIUDAD BOLÍVAR,67,LUCERO,2021-08-24,00:00:00,MASCULINO,2021,1
-74.04315668399994,4.704597098845611,01,USAQUÉN,15,COUNTRY CLUB,2021-04-26,00:00:00,MASCULINO,2021,1
-74.05523760599993,4.6777682918464665,02,CHAPINERO,97,CHICO LAGO,2018-04-26,00:00:00,MASCULINO,2018,1
-74.16069003699994,4.541083240850887,19,CIUDAD BOLÍVAR,67,LUCERO,2020-01-05,00:00:00,MASCULINO,2020,1
-74.20094007899996,4.62542354284819,07,BOSA,84,BOSA OCCIDENTAL,2018-12-25,00:00:00,MASCULINO,2018,1
-74.13209564899995,4.579710886849642,06,TUNJUELITO,42,VENECIA,2021-09-20,00:00:00,MASCULINO,2021,1
-74.17104621099998,4.6265459128481075,08,KENNEDY,81,GRAN BRITALIA,2021-09-11,00:00:00,MASCULINO,2021,1
-74.06387514299996,4.522034581851543,04,SAN CRISTÓBAL,993,SIN UPZ SAN CRISTOBAL,2018-04-29,00:00:00,MASCULINO,2018,1
-74.18463456299997,4.603312894848883,07,BOSA,85,BOSA CENTRAL,2019-08-27,00:00:00,MASCULINO,2019,1
-74.19331200699997,4.622501925848255,07,BOSA,84,BOSA OCCIDENTAL,2018-12-19,00:00:00,MASCULINO,2018,1
-74.13290830599993,4.605402561848819,08,KENNEDY,45,CARVAJAL,2019-12-21,00:00:00,MASCULINO,2019,1
-74.10011054199998,4.6000983748490185,14,LOS MÁRTIRES,37,SANTA ISABEL,2021-09-04,00:00:00,FEMENINO,2021,1
-74.14572061099994,4.550698989850606,19,CIUDAD BOLÍVAR,67,LUCERO,2020-01-03,00:00:00,MASCULINO,2020,1
-74.08858758499997,4.588210388849377,15,ANTONIO NARIÑO,35,CIUDAD JARDIN,2019-10-08,00:00:00,MASCULINO,2019,1
-74.16482336399997,4.632183877847932,08,KENNEDY,80,CORABASTOS,2018-05-25,00:00:00,MASCULINO,2018,1
-74.15061013099995,4.55152302085056,19,CIUDAD BOLÍVAR,67,LUCERO,2018-06-03,00:00:00,MASCULINO,2018,1
-74.16503784999998,4.6404691598476955,08,KENNEDY,82,PATIO BONITO,2021-08-04,00:00:00,MASCULINO,2021,1
-74.14308486699997,4.68414245084628,09,FONTIBÓN,75,FONTIBON,2021-11-01,00:00:00,MASCULINO,2021,1
-74.11781489499998,4.746376703844237,11,SUBA,71,TIBABUYES,2021-10-30,00:00:00,MASCULINO,2021,1
-74.17341917999994,4.5683027218500385,19,CIUDAD BOLÍVAR,70,JERUSALEM,2018-04-13,00:00:00,MASCULINO,2018,1
-74.18307894999998,4.609333622848703,07,BOSA,85,BOSA CENTRAL,2018-02-12,00:00:00,MASCULINO,2018,1
-74.03614015299996,4.762441115843706,01,USAQUÉN,9,VERBENAL,2020-08-07,00:00:00,MASCULINO,2020,1
-74.12359999999995,4.745749999844254,11,SUBA,71,TIBABUYES,2022-07-20,00:00:00,MASCULINO,2022,1
-74.09999999999997,4.60856999984871,16,PUENTE ARANDA,108,ZONA INDUSTRIAL,2022-02-18,00:00:00,MASCULINO,2022,1
-74.20761929199995,4.625293216848161,07,BOSA,87,TINTAL SUR,2021-02-09,00:00:00,FEMENINO,2021,1
-74.10838863499998,4.5908628278493095,15,ANTONIO NARIÑO,38,RESTREPO,2021-10-12,00:00:00,MASCULINO,2021,1
-74.12130076199998,4.743221401844356,11,SUBA,71,TIBABUYES,2019-04-06,00:00:00,MASCULINO,2019,1
-74.13979999999998,4.553509999850533,19,CIUDAD BOLÍVAR,67,LUCERO,2022-06-19,00:00:00,MASCULINO,2022,1
-74.14639999999997,4.562479999850217,19,CIUDAD BOLÍVAR,66,SAN FRANCISCO,2022-01-13,00:00:00,MASCULINO,2022,1
-74.10479999999995,4.568719999850005,18,RAFAEL URIBE URIBE,36,SAN JOSE,2022-04-15,00:00:00,MASCULINO,2022,1
-74.10059999999999,4.5513799998505755,04,SAN CRISTÓBAL,50,LA GLORIA,2022-12-13,00:00:00,MASCULINO,2022,1
-74.13324424699994,4.705396523845554,10,ENGATIVÁ,74,ENGATIVA,2021-12-24,00:00:00,MASCULINO,2021,1
-74.09319999999997,4.562429999850232,04,SAN CRISTÓBAL,34,20 DE JULIO,2022-07-03,00:00:00,MASCULINO,2022,1
-74.11869999999993,4.558719999850343,18,RAFAEL URIBE URIBE,54,MARRUECOS,2022-11-24,00:00:00,MASCULINO,2022,1
-74.16329999999994,4.5411899998508884,19,CIUDAD BOLÍVAR,67,LUCERO,2022-10-22,00:00:00,MASCULINO,2022,1
-74.02589402799998,4.6696077838467325,02,CHAPINERO,89,SAN ISIDRO - PATIOS,2021-11-28,00:00:00,MASCULINO,2021,1
-74.10799999999995,4.5631099998501945,18,RAFAEL URIBE URIBE,54,MARRUECOS,2022-07-23,00:00:00,MASCULINO,2022,1
-74.08979999999997,4.605689999848798,14,LOS MÁRTIRES,102,LA SABANA,2022-07-05,00:00:00,MASCULINO,2022,1
-74.11849999999998,4.58663999984943,18,RAFAEL URIBE URIBE,39,QUIROGA,2022-12-07,00:00:00,MASCULINO,2022,1
-74.13399999999996,4.5680399998500425,06,TUNJUELITO,62,TUNJUELITO,2022-03-29,00:00:00,MASCULINO,2022,1
-74.08509999999995,4.741599999844402,11,SUBA,27,SUBA,2023-04-01,00:00:00,MASCULINO,2023,1
-74.11189999999993,4.554929999850485,18,RAFAEL URIBE URIBE,54,MARRUECOS,2022-05-20,00:00:00,MASCULINO,2022,1
-74.15290542299994,4.616892529848423,08,KENNEDY,48,TIMIZA,2021-12-09,00:00:00,MASCULINO,2021,1
-74.08329999999995,4.605129999848809,14,LOS MÁRTIRES,102,LA SABANA,2022-09-17,00:00:00,MASCULINO,2022,1
-74.08299999999997,4.7541399998439955,11,SUBA,27,SUBA,2022-12-11,00:00:00,MASCULINO,2022,1
-74.09529999999995,4.686959999846169,10,ENGATIVÁ,30,BOYACA REAL,2022-03-16,00:00:00,MASCULINO,2022,1
-74.12919999999997,4.608019999848753,16,PUENTE ARANDA,41,MUZU,2022-10-27,00:00:00,MASCULINO,2022,1
-74.15813043599996,4.568420171850031,19,CIUDAD BOLÍVAR,70,JERUSALEM,2019-10-28,00:00:00,MASCULINO,2019,1
-74.19505043399994,4.619116860848386,07,BOSA,84,BOSA OCCIDENTAL,2018-11-25,00:00:00,MASCULINO,2018,1
-74.12746565999998,4.623177452848228,08,KENNEDY,44,AMERICAS,2020-06-07,00:00:00,FEMENINO,2020,1
-74.17296619199993,4.619162446848387,08,KENNEDY,81,GRAN BRITALIA,2018-04-07,00:00:00,MASCULINO,2018,1
-74.16678191799997,4.6396493588476915,08,KENNEDY,82,PATIO BONITO,2021-07-28,00:00:00,MASCULINO,2021,1
-74.14715095199995,4.684324135846243,09,FONTIBÓN,75,FONTIBON,2019-04-14,00:00:00,MASCULINO,2019,1
-74.11895917999993,4.543895513850813,18,RAFAEL URIBE URIBE,55,DIANA TURBAY,2021-02-07,00:00:00,MASCULINO,2021,1
-74.09247274899997,4.7534440518439744,11,SUBA,27,SUBA,2021-05-29,00:00:00,MASCULINO,2021,1
-74.16889999999995,4.574529999849814,19,CIUDAD BOLÍVAR,69,ISMAEL PERDOMO,2022-07-01,00:00:00,MASCULINO,2022,1
-74.08339999999998,4.500159999852248,05,USME,994,SIN UPZ USME,2022-02-16,00:00:00,FEMENINO,2022,1
-74.10609999999997,4.61601999984848,16,PUENTE ARANDA,40,CIUDAD MONTES,2023-03-31,00:00:00,MASCULINO,2023,1
-74.14777236899994,4.533182562851141,19,CIUDAD BOLÍVAR,68,EL TESORO,2019-09-08,00:00:00,FEMENINO,2019,1
-74.18989630399994,4.60766879684873,07,BOSA,85,BOSA CENTRAL,2019-10-06,00:00:00,MASCULINO,2019,1
-74.19678171399994,4.641537425847665,07,BOSA,86,EL PORVENIR,2020-10-24,00:00:00,MASCULINO,2020,1
-74.16252588999998,4.636373225847809,08,KENNEDY,82,PATIO BONITO,2018-08-18,00:00:00,MASCULINO,2018,1
-74.13680752799996,4.657967852847124,09,FONTIBÓN,112,GRANJAS DE TECHO,2020-06-17,00:00:00,MASCULINO,2020,1
-74.08286187899995,4.603002090848916,14,LOS MÁRTIRES,102,LA SABANA,2019-11-13,00:00:00,MASCULINO,2019,1
-74.18122288299998,4.6261459898481485,07,BOSA,84,BOSA OCCIDENTAL,2018-01-26,00:00:00,MASCULINO,2018,1
-74.13850638999997,4.586930979849406,06,TUNJUELITO,42,VENECIA,2019-07-07,00:00:00,MASCULINO,2019,1
-74.09854507699998,4.502064778852156,05,USME,57,GRAN YOMASA,2019-04-06,00:00:00,MASCULINO,2019,1
-74.07715263499995,4.694831400845909,11,SUBA,25,LA FLORESTA,2018-02-20,00:00:00,MASCULINO,2018,1
-74.15724686699997,4.599877465849013,07,BOSA,49,APOGEO,2019-04-13,00:00:00,FEMENINO,2019,1
-74.13078798299995,4.6304038048480285,08,KENNEDY,113,BAVARIA,2019-09-30,00:00:00,MASCULINO,2019,1
-74.07800174799996,4.612002570848611,14,LOS MÁRTIRES,102,LA SABANA,2018-05-23,00:00:00,MASCULINO,2018,1
-74.15032710899999,4.675807482846513,09,FONTIBÓN,75,FONTIBON,2018-06-23,00:00:00,MASCULINO,2018,1
-74.20454177099998,4.6223487408482775,07,BOSA,84,BOSA OCCIDENTAL,2018-02-02,00:00:00,MASCULINO,2018,1
-74.16893619299998,4.587401075849403,19,CIUDAD BOLÍVAR,69,ISMAEL PERDOMO,2021-03-18,00:00:00,MASCULINO,2021,1
-74.20506540299994,4.621526117848322,07,BOSA,87,TINTAL SUR,2021-06-08,00:00:00,MASCULINO,2021,1
-74.14791452599997,4.532933897851194,19,CIUDAD BOLÍVAR,68,EL TESORO,2018-07-23,00:00:00,MASCULINO,2018,1
-74.11499952699995,4.75748573184384,11,SUBA,71,TIBABUYES,2018-04-24,00:00:00,MASCULINO,2018,1
-74.16837151099998,4.5811439098495965,19,CIUDAD BOLÍVAR,69,ISMAEL PERDOMO,2019-01-06,00:00:00,MASCULINO,2019,1
-74.08365809599997,4.5836442818495,04,SAN CRISTÓBAL,33,SOSIEGO,2020-08-27,00:00:00,MASCULINO,2020,1
-74.19487780599997,4.6390819778477095,07,BOSA,86,EL PORVENIR,2021-03-01,00:00:00,MASCULINO,2021,1
-74.11873862499993,4.548975004850649,18,RAFAEL URIBE URIBE,54,MARRUECOS,2021-07-25,00:00:00,MASCULINO,2021,1
-74.11272834399995,4.586316332849463,18,RAFAEL URIBE URIBE,39,QUIROGA,2020-10-15,00:00:00,MASCULINO,2020,1
-74.15667794199999,4.635115099847867,08,KENNEDY,80,CORABASTOS,2019-02-24,00:00:00,MASCULINO,2019,1
-74.10334668699994,4.4979106668523094,05,USME,59,ALFONSO LOPEZ,2018-09-16,00:00:00,MASCULINO,2018,1
-74.16004313999997,4.619881180848342,08,KENNEDY,47,KENNEDY CENTRAL,2021-04-28,00:00:00,MASCULINO,2021,1
-74.16632540099994,4.630494256848019,08,KENNEDY,80,CORABASTOS,2020-01-18,00:00:00,MASCULINO,2020,1
-74.16702482599999,4.587823508849371,19,CIUDAD BOLÍVAR,69,ISMAEL PERDOMO,2021-08-08,00:00:00,MASCULINO,2021,1
-74.13887255099996,4.549913726850619,19,CIUDAD BOLÍVAR,67,LUCERO,2020-02-29,00:00:00,MASCULINO,2020,1
-74.02539999999993,4.76601999984357,01,USAQUÉN,9,VERBENAL,2022-02-20,00:00:00,MASCULINO,2022,1
-74.17939999999999,4.613159999848564,08,KENNEDY,81,GRAN BRITALIA,2023-02-08,00:00:00,MASCULINO,2023,1
-74.13429999999994,4.7097799998453995,10,ENGATIVÁ,74,ENGATIVA,2023-02-19,00:00:00,MASCULINO,2023,1
-74.15459999999996,4.674799999846572,09,FONTIBÓN,77,ZONA FRANCA,2022-12-10,00:00:00,MASCULINO,2022,1
-74.16279999999995,4.652739999847276,08,KENNEDY,78,TINTAL NORTE,2022-04-02,00:00:00,MASCULINO,2022,1
-74.16399999999999,4.641129999847643,08,KENNEDY,82,PATIO BONITO,2022-03-20,00:00:00,MASCULINO,2022,1
-74.08359999999993,4.6161299998484715,14,LOS MÁRTIRES,102,LA SABANA,2022-12-07,00:00:00,MASCULINO,2022,1
-74.05539999999996,4.719339999845103,11,SUBA,19,EL PRADO,2022-07-10,00:00:00,MASCULINO,2022,1
-74.16039999999998,4.543479999850835,19,CIUDAD BOLÍVAR,67,LUCERO,2022-08-28,00:00:00,MASCULINO,2022,1
-74.18299999999994,4.594089999849192,19,CIUDAD BOLÍVAR,69,ISMAEL PERDOMO,2022-12-23,00:00:00,FEMENINO,2022,1
-74.13409999999999,4.719539999845109,10,ENGATIVÁ,73,GARCES NAVAS,2022-03-06,00:00:00,MASCULINO,2022,1
-74.16862135999997,4.636140984847826,08,KENNEDY,82,PATIO BONITO,2021-12-11,00:00:00,MASCULINO,2021,1
-74.11520838099995,4.5435452558508596,18,RAFAEL URIBE URIBE,55,DIANA TURBAY,2019-06-16,00:00:00,MASCULINO,2019,1
-74.08359999999993,4.593539999849234,03,SANTA FE,95,LAS CRUCES,2022-11-01,00:00:00,MASCULINO,2022,1
-74.18590045799994,4.617184387848442,07,BOSA,84,BOSA OCCIDENTAL,2019-12-18,00:00:00,MASCULINO,2019,1
-74.16463940499995,4.54877292285067,19,CIUDAD BOLÍVAR,UPR3,UPR RIO TUNJUELO,2018-01-31,00:00:00,MASCULINO,2018,1
-74.17332299999998,4.6427595638476244,08,KENNEDY,82,PATIO BONITO,2020-08-23,00:00:00,MASCULINO,2020,1
-74.08316691299996,4.606712711848774,14,LOS MÁRTIRES,102,LA SABANA,2020-07-30,00:00:00,MASCULINO,2020,1
-74.14493582799997,4.538480703851004,19,CIUDAD BOLÍVAR,68,EL TESORO,2020-02-29,00:00:00,MASCULINO,2020,1
-74.11320678999994,4.555729793850445,18,RAFAEL URIBE URIBE,54,MARRUECOS,2021-07-28,00:00:00,MASCULINO,2021,1
-74.14031303599995,4.579577172849685,06,TUNJUELITO,42,VENECIA,2020-09-20,00:00:00,MASCULINO,2020,1
-74.08379641999994,4.599729495849018,14,LOS MÁRTIRES,102,LA SABANA,2018-11-10,00:00:00,MASCULINO,2018,1
-74.13818758399998,4.553783688850503,19,CIUDAD BOLÍVAR,67,LUCERO,2020-02-15,00:00:00,MASCULINO,2020,1
-74.14919999999995,4.4761899998530055,19,CIUDAD BOLÍVAR,UPR3,UPR RIO TUNJUELO,2022-09-10,00:00:00,FEMENINO,2022,1
-74.14480880499997,4.668696363846734,09,FONTIBÓN,75,FONTIBON,2020-10-17,00:00:00,MASCULINO,2020,1
-74.14037582199995,4.604959703848844,08,KENNEDY,45,CARVAJAL,2021-05-12,00:00:00,MASCULINO,2021,1
-74.16210801099999,4.542650486850877,19,CIUDAD BOLÍVAR,67,LUCERO,2021-08-23,00:00:00,MASCULINO,2021,1
-74.14329743399998,4.555757050850445,19,CIUDAD BOLÍVAR,67,LUCERO,2018-04-21,00:00:00,FEMENINO,2018,1
-74.17858491099997,4.613915346848535,08,KENNEDY,81,GRAN BRITALIA,2018-08-02,00:00:00,MASCULINO,2018,1
-74.04409999999996,4.772209999843372,11,SUBA,2,LA ACADEMIA,2022-06-07,00:00:00,MASCULINO,2022,1
-74.17221755099996,4.568431058850006,19,CIUDAD BOLÍVAR,70,JERUSALEM,2018-09-02,00:00:00,MASCULINO,2018,1
-74.06509999999997,4.6402399998477035,02,CHAPINERO,99,CHAPINERO,2022-08-25,00:00:00,MASCULINO,2022,1
-74.10899999999998,4.5080499998519645,05,USME,57,GRAN YOMASA,2022-04-10,00:00:00,MASCULINO,2022,1
-74.14887823799995,4.5878961108493606,06,TUNJUELITO,42,VENECIA,2019-12-15,00:00:00,MASCULINO,2019,1
-74.11930412699996,4.555165710850436,18,RAFAEL URIBE URIBE,54,MARRUECOS,2020-01-18,00:00:00,MASCULINO,2020,1
-74.17797616399997,4.6479852058474345,08,KENNEDY,82,PATIO BONITO,2020-08-27,00:00:00,MASCULINO,2020,1
-74.12333701599994,4.558068138850371,06,TUNJUELITO,62,TUNJUELITO,2021-10-23,00:00:00,MASCULINO,2021,1
-74.15597579099995,4.5451480608507495,19,CIUDAD BOLÍVAR,67,LUCERO,2018-12-25,00:00:00,MASCULINO,2018,1
-74.07779999999997,4.588739999849341,03,SANTA FE,95,LAS CRUCES,2023-03-30,00:00:00,MASCULINO,2023,1
-74.14660384499996,4.562722241850222,19,CIUDAD BOLÍVAR,66,SAN FRANCISCO,2020-04-27,00:00:00,MASCULINO,2020,1
-74.04901379399996,4.76502846984364,11,SUBA,17,SAN JOSE DE BAVARIA,2018-04-07,00:00:00,MASCULINO,2018,1
-74.13529999999997,4.6542299998472245,08,KENNEDY,46,CASTILLA,2023-07-02,00:00:00,MASCULINO,2023,1
-74.08339741299994,4.601025649848967,14,LOS MÁRTIRES,102,LA SABANA,2019-03-29,00:00:00,MASCULINO,2019,1
-74.10156245799999,4.507044912852043,05,USME,57,GRAN YOMASA,2019-12-08,00:00:00,MASCULINO,2019,1
-74.15340664699994,4.552617478850533,19,CIUDAD BOLÍVAR,67,LUCERO,2020-01-22,00:00:00,MASCULINO,2020,1
-74.17171890699996,4.5850688028494995,19,CIUDAD BOLÍVAR,69,ISMAEL PERDOMO,2020-09-06,00:00:00,MASCULINO,2020,1
-74.13836670399996,4.559573727850297,19,CIUDAD BOLÍVAR,67,LUCERO,2018-08-18,00:00:00,MASCULINO,2018,1
-74.13128397099996,4.59206076184928,06,TUNJUELITO,42,VENECIA,2019-01-17,00:00:00,MASCULINO,2019,1
-74.14781528399999,4.5333857728511315,19,CIUDAD BOLÍVAR,68,EL TESORO,2019-05-17,00:00:00,MASCULINO,2019,1
-74.11805012699995,4.5096586088519315,05,USME,58,COMUNEROS,2021-01-20,00:00:00,MASCULINO,2021,1
-74.12536369999998,4.636277420847806,08,KENNEDY,113,BAVARIA,2021-02-17,00:00:00,MASCULINO,2021,1
-74.17847125999998,4.619660517848352,08,KENNEDY,81,GRAN BRITALIA,2018-03-04,00:00:00,MASCULINO,2018,1
-74.07737781199995,4.600874870848953,17,CANDELARIA,94,LA CANDELARIA,2021-02-08,00:00:00,MASCULINO,2021,1
-74.11544703599998,4.738881427844503,11,SUBA,71,TIBABUYES,2020-11-15,00:00:00,MASCULINO,2020,1
-74.04656866099998,4.7497721958441135,01,USAQUÉN,12,TOBERIN,2019-03-07,00:00:00,MASCULINO,2019,1
-74.14939007999999,4.684249174846249,09,FONTIBÓN,75,FONTIBON,2021-08-28,00:00:00,FEMENINO,2021,1
-74.07814617099996,4.613891100848527,14,LOS MÁRTIRES,102,LA SABANA,2020-02-22,00:00:00,MASCULINO,2020,1
-74.07398737699998,4.608701423848725,03,SANTA FE,93,LAS NIEVES,2021-04-19,00:00:00,MASCULINO,2021,1
-74.16576750199994,4.630023728848041,08,KENNEDY,80,CORABASTOS,2019-11-12,00:00:00,MASCULINO,2019,1
-74.15436006899995,4.578623538849674,19,CIUDAD BOLÍVAR,65,ARBORIZADORA,2020-12-24,00:00:00,MASCULINO,2020,1
-74.04363464599999,4.695956067845863,01,USAQUÉN,16,SANTA BARBARA,2019-03-18,00:00:00,MASCULINO,2019,1
-74.09756055299994,4.72844659684484,11,SUBA,28,EL RINCON,2018-06-20,00:00:00,MASCULINO,2018,1
-74.08555914399994,4.501068322852192,05,USME,52,LA FLORA,2020-07-04,00:00:00,MASCULINO,2020,1
-74.12146972699998,4.571680884849901,18,RAFAEL URIBE URIBE,53,MARCO FIDEL SUAREZ,2018-09-02,00:00:00,MASCULINO,2018,1
-74.19285865099994,4.642017352847607,07,BOSA,86,EL PORVENIR,2018-04-19,00:00:00,MASCULINO,2018,1
-74.09911892099996,4.737318333844544,11,SUBA,28,EL RINCON,2020-12-11,00:00:00,MASCULINO,2020,1
-74.10398996099997,4.508276298851974,05,USME,57,GRAN YOMASA,2018-12-17,00:00:00,MASCULINO,2018,1
-74.15301072899996,4.573017695849847,19,CIUDAD BOLÍVAR,66,SAN FRANCISCO,2020-10-01,00:00:00,MASCULINO,2020,1
-74.14454985399993,4.633530501847894,08,KENNEDY,46,CASTILLA,2019-02-15,00:00:00,MASCULINO,2019,1
-74.09057763599998,4.5327817248511995,04,SAN CRISTÓBAL,51,LOS LIBERTADORES,2020-11-22,00:00:00,MASCULINO,2020,1
-74.21129616799993,4.609562934848677,07,BOSA,85,BOSA CENTRAL,2020-09-27,00:00:00,MASCULINO,2020,1
-74.16655542799998,4.630424184847994,08,KENNEDY,80,CORABASTOS,2021-11-09,00:00:00,FEMENINO,2021,1
-74.06591234399997,4.646363486847471,13,TEUSAQUILLO,100,GALERIAS,2020-06-07,00:00:00,MASCULINO,2020,1
-74.07872273599997,4.608630239848692,14,LOS MÁRTIRES,102,LA SABANA,2020-03-09,00:00:00,MASCULINO,2020,1
-74.16481781299996,4.573273030849858,19,CIUDAD BOLÍVAR,70,JERUSALEM,2018-11-07,00:00:00,MASCULINO,2018,1
-74.08158504199997,4.59209622184927,03,SANTA FE,95,LAS CRUCES,2018-10-26,00:00:00,MASCULINO,2018,1
-74.08351168699994,4.565110018850109,04,SAN CRISTÓBAL,32,SAN BLAS,2021-12-22,00:00:00,MASCULINO,2021,1
-74.21419999999995,4.613239999848592,07,BOSA,85,BOSA CENTRAL,2022-05-31,00:00:00,MASCULINO,2022,1
-74.17879999999997,4.580789999849604,19,CIUDAD BOLÍVAR,69,ISMAEL PERDOMO,2022-07-23,00:00:00,MASCULINO,2022,1
-74.14499999999998,4.534999999851086,19,CIUDAD BOLÍVAR,68,EL TESORO,2022-05-19,00:00:00,MASCULINO,2022,1
-74.11429999999996,4.5409699998509385,18,RAFAEL URIBE URIBE,55,DIANA TURBAY,2022-10-12,00:00:00,FEMENINO,2022,1
-74.07124906599995,4.521169191851569,04,SAN CRISTÓBAL,993,SIN UPZ SAN CRISTOBAL,2019-08-16,00:00:00,FEMENINO,2019,1
-74.09959999999995,4.716159999845225,10,ENGATIVÁ,29,MINUTO DE DIOS,2022-01-30,00:00:00,FEMENINO,2022,1
-74.21249862499997,4.615075987848515,07,BOSA,85,BOSA CENTRAL,2021-09-26,00:00:00,MASCULINO,2021,1
-74.09306107799995,4.517452656851666,04,SAN CRISTÓBAL,51,LOS LIBERTADORES,2021-10-01,00:00:00,MASCULINO,2021,1
-74.02318448199998,4.76057944584379,01,USAQUÉN,9,VERBENAL,2020-06-07,00:00:00,MASCULINO,2020,1
-74.16096179399995,4.634934475847879,08,KENNEDY,80,CORABASTOS,2018-05-27,00:00:00,MASCULINO,2018,1
-74.09871284999997,4.502540335852159,05,USME,57,GRAN YOMASA,2018-10-14,00:00:00,MASCULINO,2018,1
-74.16559999999998,4.586049999849453,19,CIUDAD BOLÍVAR,69,ISMAEL PERDOMO,2022-09-11,00:00:00,MASCULINO,2022,1
-74.08679999999998,4.502279999852169,05,USME,52,LA FLORA,2022-04-14,00:00:00,MASCULINO,2022,1
-74.09884756099996,4.716175557845196,10,ENGATIVÁ,29,MINUTO DE DIOS,2018-09-01,00:00:00,MASCULINO,2018,1
-74.09909999999996,4.4866799998526705,05,USME,59,ALFONSO LOPEZ,2022-05-23,00:00:00,MASCULINO,2022,1
-74.12553376499994,4.746694112844216,11,SUBA,71,TIBABUYES,2018-09-17,00:00:00,MASCULINO,2018,1
-74.07327429599997,4.58876170184937,03,SANTA FE,96,LOURDES,2020-09-02,00:00:00,MASCULINO,2020,1
-74.16025123599997,4.58862571284937,19,CIUDAD BOLÍVAR,65,ARBORIZADORA,2021-10-25,00:00:00,MASCULINO,2021,1
-74.18725802799997,4.628748945848043,07,BOSA,84,BOSA OCCIDENTAL,2021-06-01,00:00:00,MASCULINO,2021,1
-74.14473355799998,4.550260493850608,19,CIUDAD BOLÍVAR,67,LUCERO,2018-05-03,00:00:00,MASCULINO,2018,1
-74.10805687599998,4.555841692850428,18,RAFAEL URIBE URIBE,54,MARRUECOS,2019-10-22,00:00:00,MASCULINO,2019,1
-74.13447043599996,4.674124519846555,09,FONTIBÓN,75,FONTIBON,2018-09-22,00:00:00,MASCULINO,2018,1
-74.12937979799995,4.582728088849561,18,RAFAEL URIBE URIBE,39,QUIROGA,2021-09-02,00:00:00,MASCULINO,2021,1
-74.16919039899994,4.608718748848708,08,KENNEDY,48,TIMIZA,2018-07-24,00:00:00,MASCULINO,2018,1
-74.01912413499997,4.736490693844563,01,USAQUÉN,11,SAN CRISTOBAL NORTE,2019-12-25,00:00:00,MASCULINO,2019,1
-74.07730627899997,4.613800982848526,14,LOS MÁRTIRES,102,LA SABANA,2021-07-27,00:00:00,MASCULINO,2021,1
-74.13979629199997,4.543513304850815,19,CIUDAD BOLÍVAR,68,EL TESORO,2018-10-07,00:00:00,MASCULINO,2018,1
-74.08776688099994,4.5487635598506655,04,SAN CRISTÓBAL,50,LA GLORIA,2020-08-14,00:00:00,MASCULINO,2020,1
-74.17929915499997,4.5971163808490765,07,BOSA,85,BOSA CENTRAL,2020-08-30,00:00:00,FEMENINO,2020,1
-74.20571600799997,4.616135290848456,07,BOSA,87,TINTAL SUR,2019-09-13,00:00:00,MASCULINO,2019,1
-74.15478203699996,4.5362805468510645,19,CIUDAD BOLÍVAR,UPR3,UPR RIO TUNJUELO,2018-03-07,00:00:00,MASCULINO,2018,1
-74.13757855699998,4.613455801848543,08,KENNEDY,45,CARVAJAL,2019-11-04,00:00:00,MASCULINO,2019,1
-74.15478203699996,4.53636610885104,19,CIUDAD BOLÍVAR,UPR3,UPR RIO TUNJUELO,2018-07-08,00:00:00,MASCULINO,2018,1
-74.20474426999994,4.618991623848375,07,BOSA,87,TINTAL SUR,2021-11-25,00:00:00,MASCULINO,2021,1
-74.13772335399995,4.534540652851098,19,CIUDAD BOLÍVAR,UPR3,UPR RIO TUNJUELO,2021-12-25,00:00:00,MASCULINO,2021,1
-74.13552096299998,4.712390359845318,10,ENGATIVÁ,74,ENGATIVA,2020-09-13,00:00:00,MASCULINO,2020,1
-74.18377748399996,4.621045704848288,07,BOSA,84,BOSA OCCIDENTAL,2018-07-29,00:00:00,MASCULINO,2018,1
-74.10289999999998,4.581079999849609,18,RAFAEL URIBE URIBE,39,QUIROGA,2022-05-15,00:00:00,MASCULINO,2022,1
-74.02236528299994,4.762832968843695,01,USAQUÉN,990,SIN UPZ USAQUEN,2020-11-23,00:00:00,MASCULINO,2020,1
-74.13077565099996,4.720639878845053,10,ENGATIVÁ,73,GARCES NAVAS,2021-12-16,00:00:00,MASCULINO,2021,1
-74.11422528999998,4.556923964850415,18,RAFAEL URIBE URIBE,54,MARRUECOS,2021-10-02,00:00:00,MASCULINO,2021,1
-74.08679999999998,4.585249999849453,04,SAN CRISTÓBAL,33,SOSIEGO,2022-12-11,00:00:00,MASCULINO,2022,1
-74.13629999999995,4.613439999848537,08,KENNEDY,45,CARVAJAL,2022-08-19,00:00:00,MASCULINO,2022,1
-74.15609999999998,4.540379999850909,19,CIUDAD BOLÍVAR,67,LUCERO,2022-06-29,00:00:00,MASCULINO,2022,1
-74.07999999999998,4.5610099998502776,04,SAN CRISTÓBAL,32,SAN BLAS,2022-01-16,00:00:00,MASCULINO,2022,1
-74.11069999999995,4.559179999850299,18,RAFAEL URIBE URIBE,54,MARRUECOS,2022-08-20,00:00:00,MASCULINO,2022,1
-74.09199999999998,4.590949999849262,15,ANTONIO NARIÑO,38,RESTREPO,2022-11-18,00:00:00,MASCULINO,2022,1
-74.12359999999995,4.741549999844411,11,SUBA,71,TIBABUYES,2022-09-10,00:00:00,MASCULINO,2022,1
-74.13779999999997,4.540059999850936,19,CIUDAD BOLÍVAR,68,EL TESORO,2022-11-15,00:00:00,MASCULINO,2022,1
-74.01839999999999,4.7351099998445685,01,USAQUÉN,11,SAN CRISTOBAL NORTE,2022-02-09,00:00:00,MASCULINO,2022,1
-74.16299999999995,4.637509999847742,08,KENNEDY,82,PATIO BONITO,2022-10-04,00:00:00,MASCULINO,2022,1
-74.10819999999995,4.4953599998524165,05,USME,58,COMUNEROS,2022-03-04,00:00:00,MASCULINO,2022,1
-74.16219999999998,4.638559999847735,08,KENNEDY,82,PATIO BONITO,2023-06-17,00:00:00,MASCULINO,2023,1
-74.17419999999998,4.567719999850065,19,CIUDAD BOLÍVAR,70,JERUSALEM,2023-02-17,00:00:00,MASCULINO,2023,1
-74.07889999999998,4.613109999848586,14,LOS MÁRTIRES,102,LA SABANA,2023-08-21,00:00:00,MASCULINO,2023,1
-74.14209999999997,4.580979999849632,06,TUNJUELITO,42,VENECIA,2022-05-23,00:00:00,MASCULINO,2022,1
-74.18045861699994,4.589970764849302,19,CIUDAD BOLÍVAR,69,ISMAEL PERDOMO,2019-01-04,00:00:00,MASCULINO,2019,1
-74.14439999999996,4.566889999850078,19,CIUDAD BOLÍVAR,66,SAN FRANCISCO,2022-12-09,00:00:00,MASCULINO,2022,1
-74.16865829099999,4.612267057848588,08,KENNEDY,48,TIMIZA,2020-10-24,00:00:00,MASCULINO,2020,1
-74.16029999999995,4.5485699998506615,19,CIUDAD BOLÍVAR,67,LUCERO,2023-04-27,00:00:00,MASCULINO,2023,1
-74.11649999999997,4.550859999850605,18,RAFAEL URIBE URIBE,54,MARRUECOS,2023-04-26,00:00:00,MASCULINO,2023,1
-74.01709999999997,4.672559999846617,01,USAQUÉN,990,SIN UPZ USAQUEN,2023-09-16,00:00:00,MASCULINO,2023,1
-74.13999999999999,4.677229999846494,09,FONTIBÓN,75,FONTIBON,2022-12-17,00:00:00,MASCULINO,2022,1
-74.09399999999994,4.5453499998507665,04,SAN CRISTÓBAL,50,LA GLORIA,2023-08-03,00:00:00,MASCULINO,2023,1
-74.10980434299995,4.553003986850539,18,RAFAEL URIBE URIBE,54,MARRUECOS,2021-05-08,00:00:00,MASCULINO,2021,1
-74.15198035199995,4.551426358850588,19,CIUDAD BOLÍVAR,67,LUCERO,2018-10-06,00:00:00,MASCULINO,2018,1
-74.17944134599998,4.585796802849462,19,CIUDAD BOLÍVAR,69,ISMAEL PERDOMO,2021-04-12,00:00:00,MASCULINO,2021,1
-74.07222309299993,4.5887872258493285,03,SANTA FE,96,LOURDES,2021-09-04,00:00:00,MASCULINO,2021,1
-74.14242571599993,4.555909453850455,19,CIUDAD BOLÍVAR,67,LUCERO,2018-04-22,00:00:00,MASCULINO,2018,1
-74.15280145699995,4.587208861849428,06,TUNJUELITO,42,VENECIA,2021-05-02,00:00:00,MASCULINO,2021,1
-74.13898932899997,4.605127892848813,08,KENNEDY,45,CARVAJAL,2021-06-20,00:00:00,MASCULINO,2021,1
-74.11239773999995,4.656267973847174,09,FONTIBÓN,110,CIUDAD SALITRE OCCIDENTAL,2020-09-17,00:00:00,MASCULINO,2020,1
-74.13017001699995,4.625785025848181,08,KENNEDY,44,AMERICAS,2021-05-19,00:00:00,MASCULINO,2021,1
-74.18249999999995,4.64663999984748,08,KENNEDY,83,LAS MARGARITAS,2022-05-09,00:00:00,MASCULINO,2022,1
-74.14619999999996,4.5628499998501795,19,CIUDAD BOLÍVAR,66,SAN FRANCISCO,2022-10-16,00:00:00,MASCULINO,2022,1
-74.12929999999994,4.522699999851503,19,CIUDAD BOLÍVAR,64,MONTE BLANCO,2022-04-14,00:00:00,FEMENINO,2022,1
-74.02069999999998,4.670529999846692,02,CHAPINERO,89,SAN ISIDRO - PATIOS,2023-01-26,00:00:00,MASCULINO,2023,1
-74.09764800099998,4.542235841850852,04,SAN CRISTÓBAL,51,LOS LIBERTADORES,2020-06-14,00:00:00,MASCULINO,2020,1
-74.17911483099994,4.586960276849426,19,CIUDAD BOLÍVAR,69,ISMAEL PERDOMO,2020-08-23,00:00:00,MASCULINO,2020,1
-74.14530150699994,4.554742979850494,19,CIUDAD BOLÍVAR,67,LUCERO,2020-02-03,00:00:00,MASCULINO,2020,1
-74.03678511599998,4.76267613984371,01,USAQUÉN,9,VERBENAL,2021-07-03,00:00:00,MASCULINO,2021,1
-74.09949958499999,4.488752020852606,05,USME,59,ALFONSO LOPEZ,2019-05-05,00:00:00,MASCULINO,2019,1
-74.14943827999997,4.671568646846691,09,FONTIBÓN,75,FONTIBON,2018-10-01,00:00:00,MASCULINO,2018,1
-74.13076458499995,4.542419999850867,19,CIUDAD BOLÍVAR,63,EL MOCHUELO,2018-12-08,00:00:00,FEMENINO,2018,1
-74.13136539999994,4.5415216078508855,19,CIUDAD BOLÍVAR,63,EL MOCHUELO,2018-09-01,00:00:00,MASCULINO,2018,1
-74.09845311199996,4.709340728845467,10,ENGATIVÁ,29,MINUTO DE DIOS,2019-07-12,00:00:00,MASCULINO,2019,1
-74.16671751099994,4.573266354849862,19,CIUDAD BOLÍVAR,69,ISMAEL PERDOMO,2021-02-15,00:00:00,MASCULINO,2021,1
-74.18207511899993,4.61213483484861,07,BOSA,85,BOSA CENTRAL,2021-01-20,00:00:00,MASCULINO,2021,1
-74.20879308499997,4.6275061118480965,07,BOSA,87,TINTAL SUR,2019-08-02,00:00:00,MASCULINO,2019,1
-74.11839893299998,4.717528160845192,10,ENGATIVÁ,73,GARCES NAVAS,2021-01-09,00:00:00,MASCULINO,2021,1
-74.14713090599997,4.560643484850301,19,CIUDAD BOLÍVAR,66,SAN FRANCISCO,2018-11-02,00:00:00,MASCULINO,2018,1
-74.07731114399996,4.610715130848656,14,LOS MÁRTIRES,102,LA SABANA,2018-09-05,00:00:00,MASCULINO,2018,1
-74.14810581899997,4.686235506846191,09,FONTIBÓN,75,FONTIBON,2019-09-29,00:00:00,MASCULINO,2019,1
-74.17810139799997,4.603892172848896,07,BOSA,85,BOSA CENTRAL,2019-09-28,00:00:00,MASCULINO,2019,1
-74.16513749699999,4.570958403849957,19,CIUDAD BOLÍVAR,70,JERUSALEM,2021-09-13,00:00:00,MASCULINO,2021,1
-74.11369349899996,4.570686989849968,18,RAFAEL URIBE URIBE,53,MARCO FIDEL SUAREZ,2021-07-09,00:00:00,MASCULINO,2021,1
-74.11978290699994,4.733285652844657,10,ENGATIVÁ,72,BOLIVIA,2019-03-23,00:00:00,MASCULINO,2019,1
-74.07702027399995,4.610568048848656,14,LOS MÁRTIRES,102,LA SABANA,2020-10-03,00:00:00,MASCULINO,2020,1
-74.17226401799996,4.579370865849647,19,CIUDAD BOLÍVAR,69,ISMAEL PERDOMO,2021-10-25,00:00:00,MASCULINO,2021,1
-74.16682378799999,4.584418538849526,19,CIUDAD BOLÍVAR,69,ISMAEL PERDOMO,2018-03-01,00:00:00,MASCULINO,2018,1
-74.16348693499998,4.56515322685013,19,CIUDAD BOLÍVAR,70,JERUSALEM,2020-12-06,00:00:00,MASCULINO,2020,1
-74.09709999999995,4.546409999850725,04,SAN CRISTÓBAL,51,LOS LIBERTADORES,2023-08-13,00:00:00,MASCULINO,2023,1
-74.16809999999998,4.649039999847419,08,KENNEDY,79,CALANDAIMA,2023-04-15,00:00:00,MASCULINO,2023,1
-74.16622407499995,4.6488392128473945,08,KENNEDY,79,CALANDAIMA,2021-08-30,00:00:00,MASCULINO,2021,1
-74.19516656599995,4.61105359584862,07,BOSA,85,BOSA CENTRAL,2021-10-12,00:00:00,MASCULINO,2021,1
-74.17524989299994,4.576085827849755,19,CIUDAD BOLÍVAR,69,ISMAEL PERDOMO,2020-08-23,00:00:00,MASCULINO,2020,1
-74.18958016899995,4.616418939848483,07,BOSA,84,BOSA OCCIDENTAL,2019-05-17,00:00:00,MASCULINO,2019,1
-74.20699999999994,4.610249999848678,07,BOSA,85,BOSA CENTRAL,2023-08-28,00:00:00,MASCULINO,2023,1
-74.13227283099997,4.582521497849578,06,TUNJUELITO,42,VENECIA,2020-01-11,00:00:00,MASCULINO,2020,1
-74.03456934399998,4.754127312843958,01,USAQUÉN,10,LA URIBE,2018-02-22,00:00:00,MASCULINO,2018,1
-74.08599999999996,4.726169999844862,11,SUBA,28,EL RINCON,2023-08-06,00:00:00,FEMENINO,2023,1
-74.11461880599995,4.574174836849829,18,RAFAEL URIBE URIBE,53,MARCO FIDEL SUAREZ,2021-04-23,00:00:00,MASCULINO,2021,1
-74.19238658199998,4.641632381847661,07,BOSA,86,EL PORVENIR,2020-09-07,00:00:00,MASCULINO,2020,1
-74.09938374599994,4.486688789852704,05,USME,59,ALFONSO LOPEZ,2019-05-25,00:00:00,MASCULINO,2019,1
-74.01617216799997,4.730812054844741,01,USAQUÉN,11,SAN CRISTOBAL NORTE,2018-01-18,00:00:00,FEMENINO,2018,1
-74.12389999999994,4.475699999853068,05,USME,61,CIUDAD USME,2022-04-03,00:00:00,MASCULINO,2022,1
-74.18739999999997,4.598599999849024,07,BOSA,85,BOSA CENTRAL,2023-03-29,00:00:00,FEMENINO,2023,1
-74.11894465699999,4.561294032850229,18,RAFAEL URIBE URIBE,54,MARRUECOS,2020-02-09,00:00:00,MASCULINO,2020,1
-74.16374903899998,4.569588738849976,19,CIUDAD BOLÍVAR,70,JERUSALEM,2018-01-20,00:00:00,MASCULINO,2018,1
-74.12379315999993,4.742085265844382,11,SUBA,71,TIBABUYES,2018-02-02,00:00:00,MASCULINO,2018,1
-74.17019999999997,4.645309999847521,08,KENNEDY,79,CALANDAIMA,2023-01-17,00:00:00,MASCULINO,2023,1
-74.09094613799994,4.620059990848356,16,PUENTE ARANDA,108,ZONA INDUSTRIAL,2019-04-07,00:00:00,MASCULINO,2019,1
-74.16150524399995,4.549976113850633,19,CIUDAD BOLÍVAR,67,LUCERO,2018-10-22,00:00:00,FEMENINO,2018,1
-74.15852611799994,4.553737526850517,19,CIUDAD BOLÍVAR,67,LUCERO,2020-09-28,00:00:00,FEMENINO,2020,1
-74.08835849999997,4.553416293850503,04,SAN CRISTÓBAL,32,SAN BLAS,2019-08-13,00:00:00,MASCULINO,2019,1
-74.06689407199997,4.647398089847427,13,TEUSAQUILLO,100,GALERIAS,2018-12-22,00:00:00,MASCULINO,2018,1
-74.10855090699994,4.612015195848631,16,PUENTE ARANDA,40,CIUDAD MONTES,2019-03-24,00:00:00,MASCULINO,2019,1
-74.16266045299994,4.637793585847756,08,KENNEDY,82,PATIO BONITO,2018-09-09,00:00:00,FEMENINO,2018,1
-74.17712266399997,4.651397612847306,08,KENNEDY,82,PATIO BONITO,2019-10-18,00:00:00,MASCULINO,2019,1
-74.04825183299994,4.701606376845719,01,USAQUÉN,16,SANTA BARBARA,2021-07-27,00:00:00,MASCULINO,2021,1
-74.09509999999995,4.609199999848693,14,LOS MÁRTIRES,102,LA SABANA,2022-03-09,00:00:00,MASCULINO,2022,1
-74.15723499799998,4.615007265848478,08,KENNEDY,48,TIMIZA,2019-12-09,00:00:00,MASCULINO,2019,1
-74.19116037299995,4.6195929998483685,07,BOSA,84,BOSA OCCIDENTAL,2019-07-05,00:00:00,MASCULINO,2019,1
-74.13052663999997,4.701427862845696,10,ENGATIVÁ,74,ENGATIVA,2020-06-26,00:00:00,MASCULINO,2020,1
-74.08839987299996,4.75505741884393,11,SUBA,27,SUBA,2020-04-15,00:00:00,MASCULINO,2020,1
-74.18641428199999,4.639177130847722,07,BOSA,86,EL PORVENIR,2021-03-19,00:00:00,MASCULINO,2021,1
-74.12096197599993,4.476406694853004,05,USME,61,CIUDAD USME,2020-05-07,00:00:00,MASCULINO,2020,1
-74.12693374599996,4.563119189850213,06,TUNJUELITO,62,TUNJUELITO,2018-07-13,00:00:00,MASCULINO,2018,1
-74.11861833199998,4.62425204984821,16,PUENTE ARANDA,43,SAN RAFAEL,2018-06-09,00:00:00,MASCULINO,2018,1
-74.06530406399997,4.644692475847542,02,CHAPINERO,99,CHAPINERO,2018-03-23,00:00:00,MASCULINO,2018,1
-74.13128397099996,4.59206076184928,06,TUNJUELITO,42,VENECIA,2019-01-17,00:00:00,MASCULINO,2019,1
-74.14824270699995,4.679562222846419,09,FONTIBÓN,75,FONTIBON,2018-09-02,00:00:00,MASCULINO,2018,1
-74.16216417399994,4.542655680850852,19,CIUDAD BOLÍVAR,67,LUCERO,2021-06-24,00:00:00,MASCULINO,2021,1
-74.14227157399995,4.595104669849171,06,TUNJUELITO,42,VENECIA,2019-05-25,00:00:00,MASCULINO,2019,1
-74.09193061099995,4.521213188851547,04,SAN CRISTÓBAL,51,LOS LIBERTADORES,2019-01-01,00:00:00,MASCULINO,2019,1
-74.19836453399995,4.6032187688488575,07,BOSA,85,BOSA CENTRAL,2018-07-21,00:00:00,MASCULINO,2018,1
-74.10375473799996,4.728953655844791,11,SUBA,71,TIBABUYES,2018-07-26,00:00:00,MASCULINO,2018,1
-74.08851208499993,4.500870673852228,05,USME,52,LA FLORA,2019-09-30,00:00:00,FEMENINO,2019,1
-74.09954065599999,4.491336348852534,05,USME,59,ALFONSO LOPEZ,2021-02-06,00:00:00,MASCULINO,2021,1
-74.16890999899994,4.694077661845922,09,FONTIBÓN,77,ZONA FRANCA,2018-10-07,00:00:00,MASCULINO,2018,1
-74.19150886899996,4.622016973848306,07,BOSA,84,BOSA OCCIDENTAL,2019-12-25,00:00:00,MASCULINO,2019,1
-74.14993811799997,4.541249767850914,19,CIUDAD BOLÍVAR,67,LUCERO,2020-08-22,00:00:00,MASCULINO,2020,1
-74.08694137299995,4.601395279848974,14,LOS MÁRTIRES,102,LA SABANA,2020-05-16,00:00:00,MASCULINO,2020,1
-74.10763533099998,4.550047389850608,18,RAFAEL URIBE URIBE,55,DIANA TURBAY,2019-09-26,00:00:00,MASCULINO,2019,1
-74.08491892899997,4.605668693848791,14,LOS MÁRTIRES,102,LA SABANA,2021-07-26,00:00:00,MASCULINO,2021,1
-74.14528972099998,4.565540847850137,19,CIUDAD BOLÍVAR,66,SAN FRANCISCO,2020-10-22,00:00:00,MASCULINO,2020,1
-74.10752804199996,4.550090169850604,18,RAFAEL URIBE URIBE,55,DIANA TURBAY,2020-03-14,00:00:00,MASCULINO,2020,1
-74.18909596399999,4.628486804848036,07,BOSA,84,BOSA OCCIDENTAL,2019-09-20,00:00:00,MASCULINO,2019,1
-74.08976489899999,4.6033596078488985,14,LOS MÁRTIRES,102,LA SABANA,2018-05-29,00:00:00,FEMENINO,2018,1
-74.06296247199998,4.650503347847331,02,CHAPINERO,99,CHAPINERO,2020-02-24,00:00:00,MASCULINO,2020,1
-74.11945433099999,4.555550728850456,18,RAFAEL URIBE URIBE,54,MARRUECOS,2019-12-22,00:00:00,MASCULINO,2019,1
-74.13955971199994,4.599549671848978,08,KENNEDY,45,CARVAJAL,2021-01-01,00:00:00,MASCULINO,2021,1
-74.08371090899993,4.5914381038493035,03,SANTA FE,95,LAS CRUCES,2018-12-20,00:00:00,MASCULINO,2018,1
-74.14773471399997,4.683784574846279,09,FONTIBÓN,75,FONTIBON,2020-10-19,00:00:00,MASCULINO,2020,1
-74.06113986799994,4.664190136846906,12,BARRIOS UNIDOS,98,LOS ALCAZARES,2018-10-06,00:00:00,MASCULINO,2018,1
-74.07809999999995,4.60915999984868,14,LOS MÁRTIRES,102,LA SABANA,2022-01-22,00:00:00,MASCULINO,2022,1
-74.15749999999997,4.570049999849965,19,CIUDAD BOLÍVAR,70,JERUSALEM,2022-01-18,00:00:00,MASCULINO,2022,1
-74.07549999999998,4.564719999850121,04,SAN CRISTÓBAL,993,SIN UPZ SAN CRISTOBAL,2022-05-07,00:00:00,MASCULINO,2022,1
-74.08249999999998,4.5023299998521535,05,USME,52,LA FLORA,2022-04-02,00:00:00,FEMENINO,2022,1
-74.16435024399993,4.629874981848017,08,KENNEDY,80,CORABASTOS,2021-12-28,00:00:00,MASCULINO,2021,1
-74.15369999999996,4.547319999850729,19,CIUDAD BOLÍVAR,67,LUCERO,2022-10-07,00:00:00,FEMENINO,2022,1
-74.15089999999998,4.553579999850525,19,CIUDAD BOLÍVAR,67,LUCERO,2022-03-19,00:00:00,MASCULINO,2022,1
-74.09709999999995,4.716599999845179,10,ENGATIVÁ,29,MINUTO DE DIOS,2022-10-17,00:00:00,MASCULINO,2022,1
-74.07499999999999,4.606599999848806,03,SANTA FE,93,LAS NIEVES,2022-05-11,00:00:00,MASCULINO,2022,1
-74.16929999999996,4.693579999845953,09,FONTIBÓN,77,ZONA FRANCA,2022-06-29,00:00:00,MASCULINO,2022,1
-74.15219999999994,4.538819999850979,19,CIUDAD BOLÍVAR,67,LUCERO,2022-12-07,00:00:00,MASCULINO,2022,1
-74.15009999999995,4.566039999850095,19,CIUDAD BOLÍVAR,66,SAN FRANCISCO,2023-07-19,00:00:00,MASCULINO,2023,1
-74.11389999999994,4.548309999850703,18,RAFAEL URIBE URIBE,55,DIANA TURBAY,2023-06-16,00:00:00,MASCULINO,2023,1
-74.12399999999997,4.740719999844433,11,SUBA,71,TIBABUYES,2023-07-16,00:00:00,MASCULINO,2023,1
-74.19899999999996,4.625479999848158,07,BOSA,84,BOSA OCCIDENTAL,2022-08-24,00:00:00,MASCULINO,2022,1
-74.20628503199998,4.635073519847861,07,BOSA,87,TINTAL SUR,2021-03-05,00:00:00,MASCULINO,2021,1
-74.16201175799995,4.568130078850052,19,CIUDAD BOLÍVAR,70,JERUSALEM,2021-06-22,00:00:00,MASCULINO,2021,1
-74.15409999999997,4.632889999847908,08,KENNEDY,46,CASTILLA,2022-07-07,00:00:00,MASCULINO,2022,1
-74.10167933899999,4.6615297768470025,10,ENGATIVÁ,105,JARDIN BOTANICO,2021-05-16,00:00:00,MASCULINO,2021,1
-74.06946345499995,4.591335671849303,17,CANDELARIA,94,LA CANDELARIA,2021-02-25,00:00:00,MASCULINO,2021,1
-74.06499999999994,4.652669999847292,12,BARRIOS UNIDOS,98,LOS ALCAZARES,2022-09-05,00:00:00,MASCULINO,2022,1
-74.07769999999994,4.674819999846577,12,BARRIOS UNIDOS,22,DOCE DE OCTUBRE,2023-01-10,00:00:00,MASCULINO,2023,1
-74.18859999999995,4.603399999848854,07,BOSA,85,BOSA CENTRAL,2022-09-22,00:00:00,MASCULINO,2022,1
-74.08249999999998,4.5606399998502685,04,SAN CRISTÓBAL,32,SAN BLAS,2022-03-14,00:00:00,MASCULINO,2022,1
-74.16649999999998,4.606369999848765,08,KENNEDY,48,TIMIZA,2022-12-25,00:00:00,MASCULINO,2022,1
-74.19269999999995,4.612039999848586,07,BOSA,85,BOSA CENTRAL,2022-09-16,00:00:00,FEMENINO,2022,1
-74.11605723099996,4.538707460851002,05,USME,56,DANUBIO,2021-11-07,00:00:00,MASCULINO,2021,1
-74.14865906999995,4.571498666849941,19,CIUDAD BOLÍVAR,65,ARBORIZADORA,2021-06-23,00:00:00,MASCULINO,2021,1
-74.07684585699997,4.614016209848534,14,LOS MÁRTIRES,102,LA SABANA,2019-03-25,00:00:00,MASCULINO,2019,1
-74.07036052199999,4.577969563849721,03,SANTA FE,96,LOURDES,2019-03-24,00:00:00,MASCULINO,2019,1
-74.20259999999996,4.637979999847739,07,BOSA,87,TINTAL SUR,2022-08-03,00:00:00,MASCULINO,2022,1
-74.08144852799995,4.59122659884927,03,SANTA FE,95,LAS CRUCES,2019-04-06,00:00:00,MASCULINO,2019,1
-74.07547875499995,4.611933878848606,14,LOS MÁRTIRES,102,LA SABANA,2020-02-10,00:00:00,FEMENINO,2020,1
-74.06877841899995,4.600759512848995,17,CANDELARIA,94,LA CANDELARIA,2020-02-07,00:00:00,MASCULINO,2020,1
-74.08035143699993,4.560626462850287,04,SAN CRISTÓBAL,32,SAN BLAS,2018-02-03,00:00:00,MASCULINO,2018,1
-74.07583835299994,4.612123961848611,14,LOS MÁRTIRES,102,LA SABANA,2021-05-11,00:00:00,FEMENINO,2021,1
-74.18843458499998,4.6344588368478945,07,BOSA,86,EL PORVENIR,2020-03-31,00:00:00,FEMENINO,2020,1
-74.13789509899993,4.54342503485083,19,CIUDAD BOLÍVAR,68,EL TESORO,2020-12-06,00:00:00,MASCULINO,2020,1
-74.09012279199999,4.677557143846464,10,ENGATIVÁ,26,LAS FERIAS,2019-06-12,00:00:00,MASCULINO,2019,1
-74.09662069899997,4.746558613844208,11,SUBA,28,EL RINCON,2019-06-02,00:00:00,MASCULINO,2019,1
-74.11929999999995,4.54430999985081,18,RAFAEL URIBE URIBE,55,DIANA TURBAY,2022-02-08,00:00:00,MASCULINO,2022,1
-74.13349148899994,4.719926563845092,10,ENGATIVÁ,73,GARCES NAVAS,2019-06-27,00:00:00,MASCULINO,2019,1
-74.16649999999998,4.654529999847193,08,KENNEDY,78,TINTAL NORTE,2022-07-16,00:00:00,MASCULINO,2022,1
-74.15349716899993,4.547421700850735,19,CIUDAD BOLÍVAR,67,LUCERO,2019-04-23,00:00:00,MASCULINO,2019,1
-74.10060929599996,4.5535445498504865,04,SAN CRISTÓBAL,50,LA GLORIA,2021-05-06,00:00:00,MASCULINO,2021,1
-74.17079813499998,4.631078732847974,08,KENNEDY,82,PATIO BONITO,2019-12-04,00:00:00,MASCULINO,2019,1
-74.18909378799998,4.625392377848194,07,BOSA,84,BOSA OCCIDENTAL,2020-05-31,00:00:00,FEMENINO,2020,1
-74.14798866099994,4.59917544284901,08,KENNEDY,45,CARVAJAL,2020-07-26,00:00:00,MASCULINO,2020,1
-74.19405224599996,4.6147575908485186,07,BOSA,85,BOSA CENTRAL,2018-09-03,00:00:00,MASCULINO,2018,1
-74.02616635099997,4.764924141843617,01,USAQUÉN,9,VERBENAL,2018-03-18,00:00:00,MASCULINO,2018,1
-74.02529600499997,4.76695013684355,01,USAQUÉN,9,VERBENAL,2018-07-14,00:00:00,MASCULINO,2018,1
-74.14544166099995,4.550848719850578,19,CIUDAD BOLÍVAR,67,LUCERO,2018-06-24,00:00:00,MASCULINO,2018,1
-74.16936242599996,4.575205803849818,19,CIUDAD BOLÍVAR,69,ISMAEL PERDOMO,2019-01-15,00:00:00,MASCULINO,2019,1
-74.17990504499994,4.64739557984743,08,KENNEDY,82,PATIO BONITO,2021-09-15,00:00:00,MASCULINO,2021,1
-74.17483652999994,4.622972739848226,08,KENNEDY,81,GRAN BRITALIA,2020-08-06,00:00:00,MASCULINO,2020,1
-74.18184019099994,4.63529275184785,07,BOSA,86,EL PORVENIR,2019-12-20,00:00:00,MASCULINO,2019,1
-74.15060065399996,4.563261429850212,19,CIUDAD BOLÍVAR,66,SAN FRANCISCO,2020-09-12,00:00:00,MASCULINO,2020,1
-74.09532099999996,4.548693389850652,04,SAN CRISTÓBAL,50,LA GLORIA,2019-11-24,00:00:00,MASCULINO,2019,1
-74.12695645599996,4.471152486853185,05,USME,61,CIUDAD USME,2019-02-04,00:00:00,MASCULINO,2019,1
-74.15634366299997,4.565634520850117,19,CIUDAD BOLÍVAR,70,JERUSALEM,2019-02-09,00:00:00,MASCULINO,2019,1
-74.16021539599996,4.639607202847689,08,KENNEDY,82,PATIO BONITO,2018-06-11,00:00:00,MASCULINO,2018,1
-74.11420887499997,4.509587626851915,05,USME,57,GRAN YOMASA,2020-10-07,00:00:00,MASCULINO,2020,1
-74.11449908699996,4.553514958850497,18,RAFAEL URIBE URIBE,54,MARRUECOS,2020-07-01,00:00:00,MASCULINO,2020,1
-74.07526430499996,4.610630907848673,14,LOS MÁRTIRES,102,LA SABANA,2021-04-02,00:00:00,MASCULINO,2021,1
-74.08469142299998,4.581991776849572,04,SAN CRISTÓBAL,33,SOSIEGO,2020-11-28,00:00:00,MASCULINO,2020,1
-74.12453770399998,4.557910448850394,06,TUNJUELITO,62,TUNJUELITO,2020-03-07,00:00:00,MASCULINO,2020,1
-74.07121607699997,4.583173502849561,03,SANTA FE,96,LOURDES,2019-03-10,00:00:00,MASCULINO,2019,1
-74.16752597999994,4.634665799847866,08,KENNEDY,82,PATIO BONITO,2021-12-12,00:00:00,MASCULINO,2021,1
-74.08299999999997,4.59244999984923,03,SANTA FE,95,LAS CRUCES,2022-07-22,00:00:00,MASCULINO,2022,1
-74.16065675899995,4.569836454849952,19,CIUDAD BOLÍVAR,70,JERUSALEM,2021-11-14,00:00:00,MASCULINO,2021,1
-74.07648712799994,4.610148401848664,14,LOS MÁRTIRES,102,LA SABANA,2021-09-28,00:00:00,MASCULINO,2021,1
-74.16320717099995,4.634950957847857,08,KENNEDY,82,PATIO BONITO,2018-09-23,00:00:00,MASCULINO,2018,1
-74.10960049999994,4.636221214847803,16,PUENTE ARANDA,111,PUENTE ARANDA,2018-08-02,00:00:00,FEMENINO,2018,1
-74.14252186599998,4.56563220985011,19,CIUDAD BOLÍVAR,66,SAN FRANCISCO,2018-09-03,00:00:00,MASCULINO,2018,1
-74.17396328099994,4.636718997847797,08,KENNEDY,82,PATIO BONITO,2021-10-30,00:00:00,MASCULINO,2021,1
-74.09243229999998,4.51898386985164,04,SAN CRISTÓBAL,51,LOS LIBERTADORES,2021-08-25,00:00:00,FEMENINO,2021,1
-74.10711730599996,4.545825543850733,18,RAFAEL URIBE URIBE,55,DIANA TURBAY,2018-02-03,00:00:00,MASCULINO,2018,1
-74.09015220399993,4.61991027584834,16,PUENTE ARANDA,108,ZONA INDUSTRIAL,2018-06-18,00:00:00,FEMENINO,2018,1
-74.18920537499997,4.616898466848453,07,BOSA,84,BOSA OCCIDENTAL,2021-08-03,00:00:00,MASCULINO,2021,1
-74.11932254799996,4.523554601851478,05,USME,57,GRAN YOMASA,2019-09-02,00:00:00,MASCULINO,2019,1
-74.14181320399996,4.598698502849025,08,KENNEDY,45,CARVAJAL,2018-05-05,00:00:00,MASCULINO,2018,1
-74.14817102999996,4.638573577847726,08,KENNEDY,46,CASTILLA,2018-03-07,00:00:00,MASCULINO,2018,1
-74.17159736499997,4.639988832847721,08,KENNEDY,82,PATIO BONITO,2019-05-03,00:00:00,MASCULINO,2019,1
-74.13204117699996,4.613139177848557,08,KENNEDY,44,AMERICAS,2019-11-29,00:00:00,FEMENINO,2019,1
-74.13349148899994,4.719220861845107,10,ENGATIVÁ,73,GARCES NAVAS,2019-03-19,00:00:00,MASCULINO,2019,1
-74.02932055599996,4.767218213843525,01,USAQUÉN,9,VERBENAL,2021-02-17,00:00:00,MASCULINO,2021,1
-74.08503916799998,4.501302139852228,05,USME,52,LA FLORA,2021-06-15,00:00:00,MASCULINO,2021,1
-74.07732991899996,4.611551944848603,14,LOS MÁRTIRES,102,LA SABANA,2020-09-14,00:00:00,MASCULINO,2020,1
-74.15046461699995,4.549621356850624,19,CIUDAD BOLÍVAR,67,LUCERO,2019-01-22,00:00:00,MASCULINO,2019,1
-74.16010301199998,4.6239298318482085,08,KENNEDY,47,KENNEDY CENTRAL,2019-11-09,00:00:00,MASCULINO,2019,1
-74.13824927699994,4.708260098845451,10,ENGATIVÁ,74,ENGATIVA,2019-04-06,00:00:00,MASCULINO,2019,1
-74.14637653599993,4.555118513850478,19,CIUDAD BOLÍVAR,67,LUCERO,2020-05-03,00:00:00,FEMENINO,2020,1
-74.14950761799997,4.569381941850003,19,CIUDAD BOLÍVAR,66,SAN FRANCISCO,2018-02-03,00:00:00,FEMENINO,2018,1
-74.04463591499996,4.752601919844054,01,USAQUÉN,10,LA URIBE,2018-12-01,00:00:00,MASCULINO,2018,1
-74.14864662699995,4.537031656851049,19,CIUDAD BOLÍVAR,68,EL TESORO,2019-11-04,00:00:00,FEMENINO,2019,1
-74.09201472799998,4.519858997851624,04,SAN CRISTÓBAL,51,LOS LIBERTADORES,2018-01-01,00:00:00,MASCULINO,2018,1
-74.12119174699995,4.622752354848254,16,PUENTE ARANDA,43,SAN RAFAEL,2020-02-20,00:00:00,MASCULINO,2020,1
-74.09422624199993,4.720662252845077,11,SUBA,28,EL RINCON,2018-12-03,00:00:00,MASCULINO,2018,1
-74.15318606099999,4.633538385847913,08,KENNEDY,46,CASTILLA,2018-03-08,00:00:00,MASCULINO,2018,1
-74.16450686399997,4.626997369848096,08,KENNEDY,80,CORABASTOS,2018-07-23,00:00:00,FEMENINO,2018,1
-74.13440505599993,4.710534511845388,10,ENGATIVÁ,74,ENGATIVA,2020-04-19,00:00:00,FEMENINO,2020,1
-74.15052549799998,4.56546707085013,19,CIUDAD BOLÍVAR,66,SAN FRANCISCO,2020-12-02,00:00:00,FEMENINO,2020,1
-74.07665540299996,4.608436731848698,14,LOS MÁRTIRES,102,LA SABANA,2020-06-11,00:00:00,MASCULINO,2020,1
-74.16429669199994,4.617852376848445,08,KENNEDY,47,KENNEDY CENTRAL,2020-01-25,00:00:00,MASCULINO,2020,1
-74.09183408499996,4.58469466684951,15,ANTONIO NARIÑO,35,CIUDAD JARDIN,2020-05-05,00:00:00,MASCULINO,2020,1
-74.10109818099994,4.485709022852695,05,USME,59,ALFONSO LOPEZ,2019-05-28,00:00:00,MASCULINO,2019,1
-74.14869079199997,4.619541573848345,08,KENNEDY,47,KENNEDY CENTRAL,2019-02-10,00:00:00,MASCULINO,2019,1
-74.10748204899994,4.549153266850667,18,RAFAEL URIBE URIBE,55,DIANA TURBAY,2018-01-20,00:00:00,MASCULINO,2018,1
-74.14025939099997,4.580705449849617,06,TUNJUELITO,42,VENECIA,2021-06-02,00:00:00,MASCULINO,2021,1
-74.19466888999995,4.637902991847732,07,BOSA,86,EL PORVENIR,2019-03-07,00:00:00,MASCULINO,2019,1
-74.17732916199998,4.645854969847531,08,KENNEDY,82,PATIO BONITO,2019-05-15,00:00:00,MASCULINO,2019,1
-74.10251983099994,4.50330021685215,05,USME,59,ALFONSO LOPEZ,2019-04-22,00:00:00,MASCULINO,2019,1
-74.09954249999998,4.489265424852592,05,USME,59,ALFONSO LOPEZ,2019-06-18,00:00:00,MASCULINO,2019,1
-74.20535427199997,4.6214445578483145,07,BOSA,87,TINTAL SUR,2019-10-11,00:00:00,MASCULINO,2019,1
-74.15010685999994,4.642212830847623,08,KENNEDY,46,CASTILLA,2020-06-14,00:00:00,FEMENINO,2020,1
-74.11795183899994,4.487396784852655,05,USME,61,CIUDAD USME,2020-04-06,00:00:00,MASCULINO,2020,1
-74.14792063099998,4.534059574851164,19,CIUDAD BOLÍVAR,68,EL TESORO,2018-04-25,00:00:00,MASCULINO,2018,1
-74.11858435399995,4.743853492844337,11,SUBA,71,TIBABUYES,2019-01-31,00:00:00,MASCULINO,2019,1
-74.15836358499996,4.5521391698505385,19,CIUDAD BOLÍVAR,67,LUCERO,2019-11-10,00:00:00,MASCULINO,2019,1
-74.09461079099998,4.59050532784932,15,ANTONIO NARIÑO,38,RESTREPO,2021-07-16,00:00:00,MASCULINO,2021,1
-74.18612948799995,4.6207186948483265,07,BOSA,84,BOSA OCCIDENTAL,2021-08-02,00:00:00,MASCULINO,2021,1
-74.16795526299995,4.5674174658500615,19,CIUDAD BOLÍVAR,70,JERUSALEM,2021-07-15,00:00:00,MASCULINO,2021,1
-74.19924492299998,4.627867092848052,07,BOSA,87,TINTAL SUR,2018-04-14,00:00:00,MASCULINO,2018,1
-74.14529999999996,4.570739999849956,19,CIUDAD BOLÍVAR,65,ARBORIZADORA,2022-08-04,00:00:00,MASCULINO,2022,1
-74.15537901999994,4.590181456849289,06,TUNJUELITO,42,VENECIA,2018-08-12,00:00:00,MASCULINO,2018,1
-74.16149999999999,4.549939999850622,19,CIUDAD BOLÍVAR,67,LUCERO,2023-03-04,00:00:00,MASCULINO,2023,1
-74.08726792299996,4.537717191851034,04,SAN CRISTÓBAL,51,LOS LIBERTADORES,2020-07-10,00:00:00,MASCULINO,2020,1
-74.13911878799996,4.549729720850644,19,CIUDAD BOLÍVAR,67,LUCERO,2021-02-10,00:00:00,MASCULINO,2021,1
-74.10855090699994,4.612015195848631,16,PUENTE ARANDA,40,CIUDAD MONTES,2019-03-24,00:00:00,MASCULINO,2019,1
-74.14560472499994,4.541618953850899,19,CIUDAD BOLÍVAR,68,EL TESORO,2018-12-22,00:00:00,MASCULINO,2018,1
-74.09897544199998,4.725921134844872,11,SUBA,28,EL RINCON,2019-01-22,00:00:00,MASCULINO,2019,1
-74.14494758399996,4.5440654648508385,19,CIUDAD BOLÍVAR,67,LUCERO,2019-01-27,00:00:00,MASCULINO,2019,1
-74.19026108499997,4.608545717848739,07,BOSA,85,BOSA CENTRAL,2020-02-18,00:00:00,MASCULINO,2020,1
-74.10819362599995,4.506474875852018,05,USME,58,COMUNEROS,2018-10-22,00:00:00,MASCULINO,2018,1
-74.03836032599997,4.7423876028443654,01,USAQUÉN,12,TOBERIN,2021-08-04,00:00:00,MASCULINO,2021,1
-74.09936254499996,4.715940322845214,10,ENGATIVÁ,29,MINUTO DE DIOS,2020-06-26,00:00:00,MASCULINO,2020,1
-74.15034041499996,4.557014389850413,19,CIUDAD BOLÍVAR,67,LUCERO,2020-07-19,00:00:00,MASCULINO,2020,1
-74.09735197399993,4.745140539844245,11,SUBA,28,EL RINCON,2021-06-22,00:00:00,MASCULINO,2021,1
-74.06284037099994,4.648167283847448,02,CHAPINERO,99,CHAPINERO,2019-08-21,00:00:00,MASCULINO,2019,1
-74.12921496199993,4.640917175847685,08,KENNEDY,113,BAVARIA,2018-01-20,00:00:00,MASCULINO,2018,1
-74.20124024799998,4.619554355848347,07,BOSA,84,BOSA OCCIDENTAL,2021-04-28,00:00:00,MASCULINO,2021,1
-74.18715694799994,4.6355899558478315,07,BOSA,86,EL PORVENIR,2021-08-21,00:00:00,FEMENINO,2021,1
-74.10393140899998,4.49935994485226,05,USME,59,ALFONSO LOPEZ,2019-08-23,00:00:00,MASCULINO,2019,1
-74.08190173899999,4.594378437849166,03,SANTA FE,95,LAS CRUCES,2019-06-02,00:00:00,MASCULINO,2019,1
-74.16265838099997,4.6176213348483985,08,KENNEDY,47,KENNEDY CENTRAL,2019-03-31,00:00:00,FEMENINO,2019,1
-74.16137783899995,4.548152609850676,19,CIUDAD BOLÍVAR,UPR3,UPR RIO TUNJUELO,2019-08-20,00:00:00,MASCULINO,2019,1
-74.13181580299994,4.707663561845497,10,ENGATIVÁ,74,ENGATIVA,2020-07-05,00:00:00,MASCULINO,2020,1
-74.10562818099999,4.557313032850408,18,RAFAEL URIBE URIBE,54,MARRUECOS,2020-07-18,00:00:00,MASCULINO,2020,1
-74.09459937999998,4.741231878844399,11,SUBA,28,EL RINCON,2019-09-30,00:00:00,MASCULINO,2019,1
-74.18172933899996,4.63178585484795,07,BOSA,84,BOSA OCCIDENTAL,2018-04-01,00:00:00,MASCULINO,2018,1
-74.11218489799995,4.591031778849291,15,ANTONIO NARIÑO,38,RESTREPO,2018-08-14,00:00:00,FEMENINO,2018,1
-74.15635226699999,4.5661692088501145,19,CIUDAD BOLÍVAR,70,JERUSALEM,2018-11-28,00:00:00,MASCULINO,2018,1
-74.20216102099994,4.621138662848328,07,BOSA,84,BOSA OCCIDENTAL,2018-12-01,00:00:00,MASCULINO,2018,1
-74.12215637299994,4.572130061849895,18,RAFAEL URIBE URIBE,53,MARCO FIDEL SUAREZ,2018-05-27,00:00:00,FEMENINO,2018,1
-74.12493017199995,4.701995099845661,10,ENGATIVÁ,74,ENGATIVA,2020-01-12,00:00:00,MASCULINO,2020,1
-74.06115897299998,4.734799883844599,11,SUBA,19,EL PRADO,2018-01-25,00:00:00,MASCULINO,2018,1
-74.11049604699997,4.688037069846148,10,ENGATIVÁ,31,SANTA CECILIA,2019-05-10,00:00:00,MASCULINO,2019,1
-74.08904630399996,4.561195628850262,04,SAN CRISTÓBAL,32,SAN BLAS,2021-05-01,00:00:00,MASCULINO,2021,1
-74.17910410199994,4.584746517849475,19,CIUDAD BOLÍVAR,69,ISMAEL PERDOMO,2019-11-24,00:00:00,FEMENINO,2019,1
-74.09640732899999,4.54215830685085,04,SAN CRISTÓBAL,51,LOS LIBERTADORES,2020-11-11,00:00:00,MASCULINO,2020,1
-74.08938948299993,4.498097278852297,05,USME,52,LA FLORA,2018-09-09,00:00:00,MASCULINO,2018,1
-74.03575391499999,4.7624838838437205,01,USAQUÉN,9,VERBENAL,2020-01-21,00:00:00,MASCULINO,2020,1
-74.19535043499997,4.611314096848623,07,BOSA,85,BOSA CENTRAL,2019-05-27,00:00:00,MASCULINO,2019,1
-74.11243776499998,4.494147273852451,05,USME,58,COMUNEROS,2018-08-03,00:00:00,MASCULINO,2018,1
-74.12722584899996,4.71592222884523,10,ENGATIVÁ,73,GARCES NAVAS,2019-09-02,00:00:00,FEMENINO,2019,1
-74.15401484899996,4.564668316850137,19,CIUDAD BOLÍVAR,66,SAN FRANCISCO,2018-03-26,00:00:00,MASCULINO,2018,1
-74.13317405299995,4.582927890849547,06,TUNJUELITO,42,VENECIA,2018-02-19,00:00:00,FEMENINO,2018,1
-74.16745663099994,4.695252184845919,09,FONTIBÓN,76,FONTIBON SAN PABLO,2020-06-28,00:00:00,MASCULINO,2020,1
-74.09040144699998,4.597051930849111,14,LOS MÁRTIRES,37,SANTA ISABEL,2021-08-05,00:00:00,MASCULINO,2021,1
-74.10763533099998,4.550047389850608,18,RAFAEL URIBE URIBE,55,DIANA TURBAY,2019-09-26,00:00:00,FEMENINO,2019,1
-74.14191029599993,4.5359887188510735,19,CIUDAD BOLÍVAR,68,EL TESORO,2019-05-25,00:00:00,MASCULINO,2019,1
-74.04406163999994,4.742994372844341,01,USAQUÉN,12,TOBERIN,2019-12-28,00:00:00,MASCULINO,2019,1
-74.08939999999996,4.587539999849394,15,ANTONIO NARIÑO,35,CIUDAD JARDIN,2022-10-22,00:00:00,MASCULINO,2022,1
-74.16206779599997,4.5790500808496795,19,CIUDAD BOLÍVAR,69,ISMAEL PERDOMO,2018-02-02,00:00:00,FEMENINO,2018,1
-74.09229999999997,4.625409999848166,16,PUENTE ARANDA,108,ZONA INDUSTRIAL,2022-03-28,00:00:00,MASCULINO,2022,1
-74.17570516099994,4.609301975848689,08,KENNEDY,48,TIMIZA,2018-06-24,00:00:00,FEMENINO,2018,1
-74.07565987999999,4.666343756846834,12,BARRIOS UNIDOS,22,DOCE DE OCTUBRE,2020-06-09,00:00:00,MASCULINO,2020,1
-74.07099999999997,4.652599999847301,12,BARRIOS UNIDOS,98,LOS ALCAZARES,2023-06-30,00:00:00,MASCULINO,2023,1
-74.11697897399995,4.702124141845682,10,ENGATIVÁ,73,GARCES NAVAS,2019-01-22,00:00:00,MASCULINO,2019,1
-74.08510743799997,4.566128093850076,04,SAN CRISTÓBAL,32,SAN BLAS,2021-08-21,00:00:00,MASCULINO,2021,1
-74.11587904299995,4.545146470850794,18,RAFAEL URIBE URIBE,55,DIANA TURBAY,2021-03-14,00:00:00,MASCULINO,2021,1
-74.13404056099995,4.533826777851147,19,CIUDAD BOLÍVAR,63,EL MOCHUELO,2019-04-21,00:00:00,MASCULINO,2019,1
-74.17441378899997,4.642620004847586,08,KENNEDY,82,PATIO BONITO,2021-12-09,00:00:00,MASCULINO,2021,1
-74.07929999999999,4.598929999849032,03,SANTA FE,93,LAS NIEVES,2022-12-24,00:00:00,MASCULINO,2022,1
-74.18449999999996,4.607299999848776,07,BOSA,85,BOSA CENTRAL,2023-05-14,00:00:00,MASCULINO,2023,1
-74.16099999999994,4.550309999850585,19,CIUDAD BOLÍVAR,67,LUCERO,2022-08-19,00:00:00,MASCULINO,2022,1
-74.17055482899997,4.583309554849511,19,CIUDAD BOLÍVAR,69,ISMAEL PERDOMO,2018-01-05,00:00:00,MASCULINO,2018,1
-74.13889999999998,4.654439999847201,08,KENNEDY,46,CASTILLA,2023-06-29,00:00:00,MASCULINO,2023,1
-74.09939757699993,4.512610943851863,05,USME,57,GRAN YOMASA,2021-10-17,00:00:00,MASCULINO,2021,1
-74.17008991199998,4.6477985148474295,08,KENNEDY,79,CALANDAIMA,2021-01-16,00:00:00,MASCULINO,2021,1
-74.15014849699998,4.536367793851073,19,CIUDAD BOLÍVAR,68,EL TESORO,2021-08-23,00:00:00,MASCULINO,2021,1
-74.18976830699995,4.619523488848388,07,BOSA,84,BOSA OCCIDENTAL,2018-07-31,00:00:00,MASCULINO,2018,1
-74.15629999999999,4.574619999849811,19,CIUDAD BOLÍVAR,70,JERUSALEM,2022-12-08,00:00:00,MASCULINO,2022,1
-74.10398497099999,4.545729466850762,18,RAFAEL URIBE URIBE,55,DIANA TURBAY,2020-06-02,00:00:00,MASCULINO,2020,1
-74.08512345799994,4.5688377258499875,04,SAN CRISTÓBAL,32,SAN BLAS,2018-09-29,00:00:00,MASCULINO,2018,1
-74.08698217699998,4.540021409850959,04,SAN CRISTÓBAL,51,LOS LIBERTADORES,2021-12-25,00:00:00,MASCULINO,2021,1
-74.14385556899998,4.564780592850116,19,CIUDAD BOLÍVAR,66,SAN FRANCISCO,2021-08-01,00:00:00,MASCULINO,2021,1
-74.12069999999994,4.69521999984591,10,ENGATIVÁ,116,ALAMOS,2022-10-24,00:00:00,MASCULINO,2022,1
-74.07649999999995,4.611179999848625,14,LOS MÁRTIRES,102,LA SABANA,2022-01-14,00:00:00,MASCULINO,2022,1
-74.11269199999998,4.565633541850118,18,RAFAEL URIBE URIBE,53,MARCO FIDEL SUAREZ,2018-11-16,00:00:00,MASCULINO,2018,1
-74.11439999999999,4.496529999852379,05,USME,58,COMUNEROS,2022-08-05,00:00:00,MASCULINO,2022,1
-74.07329999999996,4.65763999984714,12,BARRIOS UNIDOS,98,LOS ALCAZARES,2023-06-28,00:00:00,MASCULINO,2023,1
-74.17489999999998,4.632729999847918,08,KENNEDY,83,LAS MARGARITAS,2023-01-01,00:00:00,MASCULINO,2023,1
-74.08209999999997,4.459659999853557,05,USME,994,SIN UPZ USME,2022-01-05,00:00:00,FEMENINO,2022,1
-74.19631179099997,4.629376431848061,07,BOSA,87,TINTAL SUR,2021-07-10,00:00:00,MASCULINO,2021,1
-74.05104829999993,4.692788049845974,01,USAQUÉN,16,SANTA BARBARA,2019-04-12,00:00:00,MASCULINO,2019,1
-74.11257037099995,4.598522880849056,16,PUENTE ARANDA,40,CIUDAD MONTES,2021-08-20,00:00:00,MASCULINO,2021,1
-74.19907412199996,4.620625202848307,07,BOSA,84,BOSA OCCIDENTAL,2019-07-01,00:00:00,MASCULINO,2019,1
-74.20162437299996,4.624245938848207,07,BOSA,84,BOSA OCCIDENTAL,2020-06-04,00:00:00,MASCULINO,2020,1
-74.10319999999996,4.58405999984948,15,ANTONIO NARIÑO,38,RESTREPO,2022-04-16,00:00:00,MASCULINO,2022,1
-74.07295014199997,4.6152795408485146,14,LOS MÁRTIRES,102,LA SABANA,2019-01-16,00:00:00,MASCULINO,2019,1
-74.13544350399997,4.627926872848073,08,KENNEDY,44,AMERICAS,2020-09-02,00:00:00,MASCULINO,2020,1
-74.04787653799997,4.766012110843607,11,SUBA,17,SAN JOSE DE BAVARIA,2019-08-06,00:00:00,FEMENINO,2019,1
-74.16236489099998,4.548216779850706,19,CIUDAD BOLÍVAR,UPR3,UPR RIO TUNJUELO,2019-09-06,00:00:00,MASCULINO,2019,1
-74.16249999999997,4.625699999848161,08,KENNEDY,80,CORABASTOS,2023-04-13,00:00:00,MASCULINO,2023,1
-74.18909596399999,4.628486804848036,07,BOSA,84,BOSA OCCIDENTAL,2019-09-20,00:00:00,MASCULINO,2019,1
-74.16461230099998,4.545571356850745,19,CIUDAD BOLÍVAR,UPR3,UPR RIO TUNJUELO,2021-09-02,00:00:00,MASCULINO,2021,1
-74.07232946599999,4.52432340185146,04,SAN CRISTÓBAL,993,SIN UPZ SAN CRISTOBAL,2019-07-27,00:00:00,FEMENINO,2019,1
-74.11720598199997,4.747247841844188,11,SUBA,71,TIBABUYES,2018-03-26,00:00:00,MASCULINO,2018,1
-74.15408083099999,4.591058398849315,06,TUNJUELITO,42,VENECIA,2020-08-07,00:00:00,MASCULINO,2020,1
-74.09786963099998,4.597500650849103,14,LOS MÁRTIRES,37,SANTA ISABEL,2019-06-09,00:00:00,MASCULINO,2019,1
-74.20373660499996,4.637836256847773,07,BOSA,87,TINTAL SUR,2021-04-17,00:00:00,MASCULINO,2021,1
-74.08923238199998,4.730398202844761,11,SUBA,28,EL RINCON,2021-05-15,00:00:00,MASCULINO,2021,1
-74.16089999999997,4.648339999847448,08,KENNEDY,79,CALANDAIMA,2023-05-27,00:00:00,MASCULINO,2023,1
-74.16388731199999,4.647926022847411,08,KENNEDY,79,CALANDAIMA,2021-08-11,00:00:00,MASCULINO,2021,1
-74.19889999999998,4.627319999848112,07,BOSA,84,BOSA OCCIDENTAL,2023-03-19,00:00:00,MASCULINO,2023,1
-74.11929868299995,4.524402076851459,05,USME,57,GRAN YOMASA,2018-08-20,00:00:00,MASCULINO,2018,1
-74.12198040699997,4.519905826851618,05,USME,57,GRAN YOMASA,2018-10-28,00:00:00,MASCULINO,2018,1
-74.13674158199996,4.563599078850158,06,TUNJUELITO,62,TUNJUELITO,2018-03-24,00:00:00,MASCULINO,2018,1
-74.15996751499995,4.64468163684757,08,KENNEDY,82,PATIO BONITO,2018-04-18,00:00:00,MASCULINO,2018,1
-74.08089776399999,4.608028093848757,14,LOS MÁRTIRES,102,LA SABANA,2018-08-16,00:00:00,MASCULINO,2018,1
-74.10525404199996,4.5775520538497005,18,RAFAEL URIBE URIBE,36,SAN JOSE,2018-05-19,00:00:00,MASCULINO,2018,1
-74.07534447099994,4.603526937848908,03,SANTA FE,93,LAS NIEVES,2019-12-01,00:00:00,MASCULINO,2019,1
-74.19620707799999,4.604644442848831,07,BOSA,85,BOSA CENTRAL,2019-11-01,00:00:00,MASCULINO,2019,1
-74.17669999999998,4.650609999847328,08,KENNEDY,82,PATIO BONITO,2023-03-22,00:00:00,MASCULINO,2023,1
-74.20489999999995,4.625919999848164,07,BOSA,87,TINTAL SUR,2023-02-24,00:00:00,MASCULINO,2023,1
-74.19285156499996,4.615801307848496,07,BOSA,85,BOSA CENTRAL,2021-05-29,00:00:00,MASCULINO,2021,1
-74.09180539099998,4.722754656845004,11,SUBA,28,EL RINCON,2018-02-18,00:00:00,MASCULINO,2018,1
-74.14383587199995,4.6304557978480245,08,KENNEDY,44,AMERICAS,2021-02-19,00:00:00,MASCULINO,2021,1
-74.07708315599996,4.611017238848619,14,LOS MÁRTIRES,102,LA SABANA,2019-11-11,00:00:00,MASCULINO,2019,1
-74.18868258499998,4.612265164848602,07,BOSA,85,BOSA CENTRAL,2019-08-02,00:00:00,FEMENINO,2019,1
-74.09775494999997,4.612382505848613,16,PUENTE ARANDA,108,ZONA INDUSTRIAL,2018-04-07,00:00:00,MASCULINO,2018,1
-74.15057644999996,4.557378016850413,19,CIUDAD BOLÍVAR,67,LUCERO,2020-06-21,00:00:00,MASCULINO,2020,1
-74.07731128799998,4.584151280849521,03,SANTA FE,96,LOURDES,2018-02-18,00:00:00,MASCULINO,2018,1
-74.08371876699994,4.604421710848845,14,LOS MÁRTIRES,102,LA SABANA,2021-02-16,00:00:00,MASCULINO,2021,1
-74.12555278399998,4.614915220848506,16,PUENTE ARANDA,43,SAN RAFAEL,2020-02-17,00:00:00,FEMENINO,2020,1
-74.15457170699995,4.5898546268492995,06,TUNJUELITO,42,VENECIA,2021-06-14,00:00:00,MASCULINO,2021,1
-74.11351592299997,4.576356485849784,18,RAFAEL URIBE URIBE,36,SAN JOSE,2018-12-09,00:00:00,MASCULINO,2018,1
-74.09342535099995,4.5337460828511436,04,SAN CRISTÓBAL,51,LOS LIBERTADORES,2021-01-16,00:00:00,MASCULINO,2021,1
-74.08159521799996,4.5921240128492515,03,SANTA FE,95,LAS CRUCES,2020-05-10,00:00:00,MASCULINO,2020,1
-74.08833704199998,4.5520687268505675,04,SAN CRISTÓBAL,32,SAN BLAS,2018-02-20,00:00:00,MASCULINO,2018,1
-74.15926472199999,4.6233243968482185,08,KENNEDY,47,KENNEDY CENTRAL,2019-09-06,00:00:00,MASCULINO,2019,1
-74.06633797199999,4.63850024784776,02,CHAPINERO,99,CHAPINERO,2018-12-31,00:00:00,MASCULINO,2018,1
-74.17396535499995,4.633736379847925,08,KENNEDY,83,LAS MARGARITAS,2018-09-12,00:00:00,MASCULINO,2018,1
-74.10450858999997,4.545879331850734,18,RAFAEL URIBE URIBE,55,DIANA TURBAY,2020-01-04,00:00:00,MASCULINO,2020,1
-74.14873990699994,4.547494120850714,19,CIUDAD BOLÍVAR,67,LUCERO,2019-09-22,00:00:00,MASCULINO,2019,1
-74.17718968699995,4.646257113847483,08,KENNEDY,82,PATIO BONITO,2019-11-14,00:00:00,MASCULINO,2019,1
-74.13045946699998,4.7009752218457255,10,ENGATIVÁ,74,ENGATIVA,2019-03-28,00:00:00,MASCULINO,2019,1
-74.14812315599994,4.55022242885059,19,CIUDAD BOLÍVAR,67,LUCERO,2019-03-06,00:00:00,MASCULINO,2019,1
-74.04249999999996,4.777149999843245,11,SUBA,2,LA ACADEMIA,2023-06-26,00:00:00,MASCULINO,2023,1
-74.19837137199994,4.615681634848482,07,BOSA,85,BOSA CENTRAL,2018-05-20,00:00:00,MASCULINO,2018,1
-74.08200283399998,4.606579033848776,14,LOS MÁRTIRES,102,LA SABANA,2018-11-10,00:00:00,MASCULINO,2018,1
-74.13903698099995,4.591633659849282,06,TUNJUELITO,42,VENECIA,2021-06-18,00:00:00,MASCULINO,2021,1
-74.10438239599995,4.683215389846283,10,ENGATIVÁ,31,SANTA CECILIA,2019-12-09,00:00:00,MASCULINO,2019,1
-74.09489523899998,4.722953615844988,11,SUBA,28,EL RINCON,2018-05-06,00:00:00,MASCULINO,2018,1
-74.19163244199996,4.619550223848331,07,BOSA,84,BOSA OCCIDENTAL,2018-04-13,00:00:00,MASCULINO,2018,1
-74.11094152899994,4.693990742845914,10,ENGATIVÁ,30,BOYACA REAL,2020-04-24,00:00:00,MASCULINO,2020,1
-74.02343565699994,4.762649721843702,01,USAQUÉN,9,VERBENAL,2018-12-08,00:00:00,MASCULINO,2018,1
-74.08055266999997,4.5817083508495715,04,SAN CRISTÓBAL,33,SOSIEGO,2019-06-07,00:00:00,MASCULINO,2019,1
-74.16197865299995,4.548580411850652,19,CIUDAD BOLÍVAR,UPR3,UPR RIO TUNJUELO,2020-08-21,00:00:00,MASCULINO,2020,1
-74.18326934599997,4.597128010849092,07,BOSA,85,BOSA CENTRAL,2021-10-29,00:00:00,MASCULINO,2021,1
-74.10109999999997,4.491789999852504,05,USME,59,ALFONSO LOPEZ,2022-06-25,00:00:00,MASCULINO,2022,1
-74.11939999999998,4.692679999845983,10,ENGATIVÁ,116,ALAMOS,2023-06-16,00:00:00,MASCULINO,2023,1
-74.08089999999999,4.608239999848702,14,LOS MÁRTIRES,102,LA SABANA,2023-05-08,00:00:00,MASCULINO,2023,1
-74.10087451899994,4.720008258845095,10,ENGATIVÁ,29,MINUTO DE DIOS,2018-06-14,00:00:00,MASCULINO,2018,1
-74.10289999999998,4.499729999852265,05,USME,59,ALFONSO LOPEZ,2023-01-29,00:00:00,MASCULINO,2023,1
-74.09249999999997,4.732139999844717,11,SUBA,28,EL RINCON,2023-09-29,00:00:00,MASCULINO,2023,1
-74.03443930699996,4.763208924843709,01,USAQUÉN,9,VERBENAL,2021-11-28,00:00:00,MASCULINO,2021,1
-74.18966599999999,4.616012566848465,07,BOSA,84,BOSA OCCIDENTAL,2018-01-13,00:00:00,MASCULINO,2018,1
-74.14139999999998,4.552039999850539,19,CIUDAD BOLÍVAR,67,LUCERO,2022-12-01,00:00:00,MASCULINO,2022,1
-74.21219999999994,4.610729999848642,07,BOSA,85,BOSA CENTRAL,2022-10-07,00:00:00,MASCULINO,2022,1
-74.13390020199995,4.609504558848711,08,KENNEDY,45,CARVAJAL,2018-03-23,00:00:00,MASCULINO,2018,1
-74.13850568699996,4.5519128698505344,19,CIUDAD BOLÍVAR,67,LUCERO,2020-06-02,00:00:00,MASCULINO,2020,1
-74.19169912199999,4.602548537848924,07,BOSA,85,BOSA CENTRAL,2021-12-05,00:00:00,MASCULINO,2021,1
-74.11329999999998,4.487349999852663,05,USME,61,CIUDAD USME,2022-10-30,00:00:00,FEMENINO,2022,1
-74.18843458499998,4.634373286847902,07,BOSA,86,EL PORVENIR,2019-08-20,00:00:00,MASCULINO,2019,1
-74.09699999999998,4.730599999844731,11,SUBA,28,EL RINCON,2022-05-03,00:00:00,MASCULINO,2022,1
-74.03709999999995,4.7620899998437345,01,USAQUÉN,9,VERBENAL,2023-01-06,00:00:00,MASCULINO,2023,1
-74.19621383899994,4.601405898848938,07,BOSA,85,BOSA CENTRAL,2019-02-15,00:00:00,FEMENINO,2019,1
-74.02819999999997,4.758859999843803,01,USAQUÉN,9,VERBENAL,2022-02-27,00:00:00,MASCULINO,2022,1
-74.13699999999994,4.656879999847156,08,KENNEDY,46,CASTILLA,2022-01-09,00:00:00,MASCULINO,2022,1
-74.03209999999996,4.765199999843619,01,USAQUÉN,9,VERBENAL,2022-07-02,00:00:00,MASCULINO,2022,1
-74.14522116899997,4.541466547850923,19,CIUDAD BOLÍVAR,68,EL TESORO,2020-02-08,00:00:00,MASCULINO,2020,1
-74.07599999999996,4.612869999848565,14,LOS MÁRTIRES,102,LA SABANA,2022-03-20,00:00:00,MASCULINO,2022,1
-74.13399999999996,4.720149999845082,10,ENGATIVÁ,73,GARCES NAVAS,2022-08-21,00:00:00,MASCULINO,2022,1
-74.18656018699994,4.628057222848075,07,BOSA,84,BOSA OCCIDENTAL,2018-10-15,00:00:00,MASCULINO,2018,1
-74.10409999999996,4.668479999846766,10,ENGATIVÁ,31,SANTA CECILIA,2022-01-22,00:00:00,MASCULINO,2022,1
-74.07139999999998,4.762599999843678,11,SUBA,17,SAN JOSE DE BAVARIA,2022-01-27,00:00:00,MASCULINO,2022,1
-74.13809999999995,4.550119999850618,19,CIUDAD BOLÍVAR,67,LUCERO,2023-01-01,00:00:00,MASCULINO,2023,1
-74.11230040299995,4.5788812538497,18,RAFAEL URIBE URIBE,39,QUIROGA,2021-11-07,00:00:00,MASCULINO,2021,1
-74.10909999999996,4.56827999985005,18,RAFAEL URIBE URIBE,53,MARCO FIDEL SUAREZ,2022-05-08,00:00:00,MASCULINO,2022,1
-74.16899999999998,4.571249999849902,19,CIUDAD BOLÍVAR,69,ISMAEL PERDOMO,2023-06-14,00:00:00,MASCULINO,2023,1
-74.08029999999997,4.564849999850128,04,SAN CRISTÓBAL,32,SAN BLAS,2022-02-14,00:00:00,MASCULINO,2022,1
-74.09899999999999,4.5539399998505115,04,SAN CRISTÓBAL,50,LA GLORIA,2022-06-26,00:00:00,MASCULINO,2022,1
-74.16199727599997,4.647017830847446,08,KENNEDY,79,CALANDAIMA,2021-11-10,00:00:00,MASCULINO,2021,1
-74.10549999999995,4.5677899998500555,18,RAFAEL URIBE URIBE,36,SAN JOSE,2023-05-13,00:00:00,MASCULINO,2023,1
-74.11759999999998,4.567509999850036,18,RAFAEL URIBE URIBE,53,MARCO FIDEL SUAREZ,2022-01-25,00:00:00,MASCULINO,2022,1
-74.16159999999996,4.55108999985058,19,CIUDAD BOLÍVAR,67,LUCERO,2023-06-10,00:00:00,MASCULINO,2023,1
-74.08304883699998,4.591791429849275,03,SANTA FE,95,LAS CRUCES,2020-05-27,00:00:00,MASCULINO,2020,1
-74.15899713399995,4.588397360849359,19,CIUDAD BOLÍVAR,65,ARBORIZADORA,2018-09-26,00:00:00,MASCULINO,2018,1
-74.16320425599997,4.6335470208478835,08,KENNEDY,80,CORABASTOS,2018-08-15,00:00:00,MASCULINO,2018,1
-74.16344839399994,4.627050493848122,08,KENNEDY,80,CORABASTOS,2020-05-03,00:00:00,MASCULINO,2020,1
-74.15269999999998,4.545419999850754,19,CIUDAD BOLÍVAR,67,LUCERO,2022-10-30,00:00:00,MASCULINO,2022,1
-74.11775912699994,4.531451249851211,05,USME,56,DANUBIO,2019-09-02,00:00:00,MASCULINO,2019,1
-74.14880225499996,4.5529790308505405,19,CIUDAD BOLÍVAR,67,LUCERO,2020-06-02,00:00:00,MASCULINO,2020,1
-74.17621666499997,4.632560063847964,08,KENNEDY,83,LAS MARGARITAS,2018-05-12,00:00:00,MASCULINO,2018,1
-74.15020778399997,4.693926189845959,09,FONTIBÓN,76,FONTIBON SAN PABLO,2019-08-24,00:00:00,MASCULINO,2019,1
-74.16478725699994,4.560340579850298,19,CIUDAD BOLÍVAR,70,JERUSALEM,2020-10-14,00:00:00,MASCULINO,2020,1
-74.19769999299996,4.622164170848292,07,BOSA,84,BOSA OCCIDENTAL,2020-12-05,00:00:00,MASCULINO,2020,1
-74.19469999999995,4.620909999848305,07,BOSA,84,BOSA OCCIDENTAL,2022-04-22,00:00:00,MASCULINO,2022,1
-74.19048376099994,4.618577474848392,07,BOSA,84,BOSA OCCIDENTAL,2020-10-15,00:00:00,FEMENINO,2020,1
-74.12728576199999,4.4694314408532385,05,USME,61,CIUDAD USME,2020-12-25,00:00:00,MASCULINO,2020,1
-74.09507912699996,4.607092451848793,14,LOS MÁRTIRES,102,LA SABANA,2020-11-15,00:00:00,MASCULINO,2020,1
-74.16659946599998,4.581492394849604,19,CIUDAD BOLÍVAR,69,ISMAEL PERDOMO,2021-03-12,00:00:00,MASCULINO,2021,1
-74.10458605499997,4.5047314808520715,05,USME,58,COMUNEROS,2018-01-01,00:00:00,MASCULINO,2018,1
-74.17297292199999,4.5838869468495265,19,CIUDAD BOLÍVAR,69,ISMAEL PERDOMO,2020-06-28,00:00:00,MASCULINO,2020,1
-74.15549999999996,4.590049999849351,06,TUNJUELITO,42,VENECIA,2022-06-26,00:00:00,MASCULINO,2022,1
-74.17990639699997,4.607313781848771,07,BOSA,85,BOSA CENTRAL,2020-11-01,00:00:00,MASCULINO,2020,1
-74.14062572799997,4.559939176850296,19,CIUDAD BOLÍVAR,67,LUCERO,2020-09-18,00:00:00,MASCULINO,2020,1
-74.07701877599999,4.612160331848582,14,LOS MÁRTIRES,102,LA SABANA,2020-12-09,00:00:00,MASCULINO,2020,1
-74.20589571599999,4.616506908848477,07,BOSA,87,TINTAL SUR,2019-04-08,00:00:00,MASCULINO,2019,1
-74.09912037699996,4.725809432844901,11,SUBA,28,EL RINCON,2020-03-16,00:00:00,FEMENINO,2020,1
-74.16401062699998,4.572173601849874,19,CIUDAD BOLÍVAR,70,JERUSALEM,2018-01-27,00:00:00,MASCULINO,2018,1
-74.20776311599997,4.632446659847913,07,BOSA,87,TINTAL SUR,2018-05-13,00:00:00,MASCULINO,2018,1
-74.11489999999998,4.543229999850841,18,RAFAEL URIBE URIBE,55,DIANA TURBAY,2023-05-20,00:00:00,MASCULINO,2023,1
-74.12443137699995,4.747338307844209,11,SUBA,71,TIBABUYES,2018-09-24,00:00:00,FEMENINO,2018,1
-74.15094635999998,4.53210742785123,19,CIUDAD BOLÍVAR,UPR3,UPR RIO TUNJUELO,2018-04-08,00:00:00,MASCULINO,2018,1
-74.11696097499998,4.597985141849037,16,PUENTE ARANDA,41,MUZU,2018-05-07,00:00:00,MASCULINO,2018,1
-74.15202123399996,4.635270617847851,08,KENNEDY,46,CASTILLA,2021-01-27,00:00:00,MASCULINO,2021,1
-74.12494289399996,4.741514771844414,11,SUBA,71,TIBABUYES,2021-06-06,00:00:00,MASCULINO,2021,1
-74.11747422999997,4.573443110849881,18,RAFAEL URIBE URIBE,53,MARCO FIDEL SUAREZ,2019-11-04,00:00:00,MASCULINO,2019,1
-74.07527686199995,4.60915264784873,03,SANTA FE,93,LAS NIEVES,2019-12-13,00:00:00,MASCULINO,2019,1
-74.08174495899993,4.59182973284927,03,SANTA FE,95,LAS CRUCES,2018-08-26,00:00:00,MASCULINO,2018,1
-74.13318896999994,4.579419374849656,06,TUNJUELITO,42,VENECIA,2019-12-15,00:00:00,MASCULINO,2019,1
-74.09816242799997,4.48786279285263,05,USME,59,ALFONSO LOPEZ,2021-08-01,00:00:00,FEMENINO,2021,1
-74.11197769699999,4.516283115851743,05,USME,57,GRAN YOMASA,2019-04-26,00:00:00,MASCULINO,2019,1
-74.19379825899995,4.6215733128483,07,BOSA,84,BOSA OCCIDENTAL,2021-02-14,00:00:00,MASCULINO,2021,1
-74.20530217699996,4.621383611848295,07,BOSA,87,TINTAL SUR,2018-09-30,00:00:00,MASCULINO,2018,1
-74.20527887899993,4.607625113848724,07,BOSA,85,BOSA CENTRAL,2018-01-01,00:00:00,MASCULINO,2018,1
-74.14639999999997,4.550439999850593,19,CIUDAD BOLÍVAR,67,LUCERO,2022-10-30,00:00:00,MASCULINO,2022,1
-74.14194677099994,4.542223486850887,19,CIUDAD BOLÍVAR,68,EL TESORO,2021-01-20,00:00:00,MASCULINO,2021,1
-74.08154770199997,4.560257489850269,04,SAN CRISTÓBAL,32,SAN BLAS,2018-02-16,00:00:00,MASCULINO,2018,1
-74.07899999999995,4.588159999849398,03,SANTA FE,95,LAS CRUCES,2023-01-21,00:00:00,MASCULINO,2023,1
-74.15459999999996,4.534539999851122,19,CIUDAD BOLÍVAR,UPR3,UPR RIO TUNJUELO,2022-09-04,00:00:00,FEMENINO,2022,1
-74.15789999999998,4.566489999850081,19,CIUDAD BOLÍVAR,70,JERUSALEM,2022-07-27,00:00:00,MASCULINO,2022,1
-74.14873446499996,4.690201724846077,09,FONTIBÓN,76,FONTIBON SAN PABLO,2021-06-05,00:00:00,MASCULINO,2021,1
-74.09654019699997,4.5905945058493165,15,ANTONIO NARIÑO,38,RESTREPO,2018-01-01,00:00:00,MASCULINO,2018,1
-74.16051927699993,4.634909351847831,08,KENNEDY,80,CORABASTOS,2018-08-12,00:00:00,MASCULINO,2018,1
-74.08159999999998,4.593339999849241,03,SANTA FE,95,LAS CRUCES,2022-09-11,00:00:00,MASCULINO,2022,1
-74.11319999999995,4.547669999850685,18,RAFAEL URIBE URIBE,55,DIANA TURBAY,2022-12-23,00:00:00,MASCULINO,2022,1
-74.13749999999999,4.588379999849352,06,TUNJUELITO,42,VENECIA,2022-09-30,00:00:00,MASCULINO,2022,1
-74.09246618499998,4.513791821851782,05,USME,52,LA FLORA,2018-11-20,00:00:00,MASCULINO,2018,1
-74.14799999999997,4.634959999847847,08,KENNEDY,46,CASTILLA,2022-04-28,00:00:00,MASCULINO,2022,1
-74.13899263999997,4.562912299850202,19,CIUDAD BOLÍVAR,66,SAN FRANCISCO,2018-10-31,00:00:00,MASCULINO,2018,1
-74.17715917499999,4.590391327849324,19,CIUDAD BOLÍVAR,69,ISMAEL PERDOMO,2021-12-26,00:00:00,MASCULINO,2021,1
-74.14999999999998,4.536739999851067,19,CIUDAD BOLÍVAR,68,EL TESORO,2022-08-07,00:00:00,MASCULINO,2022,1
-74.12315909899996,4.559291439850311,18,RAFAEL URIBE URIBE,54,MARRUECOS,2021-10-01,00:00:00,MASCULINO,2021,1
-74.08874811899994,4.5011380678522075,05,USME,52,LA FLORA,2019-06-04,00:00:00,FEMENINO,2019,1
-74.11679999999996,4.5652899998501395,18,RAFAEL URIBE URIBE,54,MARRUECOS,2022-04-07,00:00:00,MASCULINO,2022,1
-74.12696998499996,4.700047874845746,10,ENGATIVÁ,74,ENGATIVA,2019-05-11,00:00:00,MASCULINO,2019,1
-74.12617208499995,4.58757466684942,18,RAFAEL URIBE URIBE,39,QUIROGA,2020-08-01,00:00:00,MASCULINO,2020,1
-74.16819847199997,4.643388777847563,08,KENNEDY,79,CALANDAIMA,2019-02-20,00:00:00,MASCULINO,2019,1
-74.11861737299995,4.568069883850052,18,RAFAEL URIBE URIBE,53,MARCO FIDEL SUAREZ,2019-12-15,00:00:00,MASCULINO,2019,1
-74.16430832499998,4.646150689847513,08,KENNEDY,79,CALANDAIMA,2019-03-09,00:00:00,MASCULINO,2019,1
-74.14499999999998,4.6764399998465285,09,FONTIBÓN,75,FONTIBON,2022-05-21,00:00:00,FEMENINO,2022,1
-74.19679999999994,4.610549999848651,07,BOSA,85,BOSA CENTRAL,2022-11-03,00:00:00,MASCULINO,2022,1
-74.13510578399996,4.552834228850518,19,CIUDAD BOLÍVAR,67,LUCERO,2021-06-17,00:00:00,MASCULINO,2021,1
-74.10742420699995,4.541578452850903,18,RAFAEL URIBE URIBE,55,DIANA TURBAY,2021-03-21,00:00:00,MASCULINO,2021,1
-74.10839999999996,4.581369999849601,18,RAFAEL URIBE URIBE,39,QUIROGA,2022-03-27,00:00:00,MASCULINO,2022,1
-74.08077974699995,4.606365150848773,14,LOS MÁRTIRES,102,LA SABANA,2019-08-24,00:00:00,MASCULINO,2019,1
-74.15701171999996,4.580130902849643,19,CIUDAD BOLÍVAR,65,ARBORIZADORA,2020-12-28,00:00:00,MASCULINO,2020,1
-74.11383611599996,4.574990294849781,18,RAFAEL URIBE URIBE,53,MARCO FIDEL SUAREZ,2018-10-17,00:00:00,MASCULINO,2018,1
-74.08144493399993,4.607316931848766,14,LOS MÁRTIRES,102,LA SABANA,2020-05-09,00:00:00,MASCULINO,2020,1
-74.16917648999998,4.642577789847636,08,KENNEDY,82,PATIO BONITO,2020-05-15,00:00:00,MASCULINO,2020,1
-74.11228968499995,4.693751290845969,10,ENGATIVÁ,30,BOYACA REAL,2018-01-17,00:00:00,MASCULINO,2018,1
-74.16779999999994,4.594909999849136,19,CIUDAD BOLÍVAR,69,ISMAEL PERDOMO,2022-05-24,00:00:00,MASCULINO,2022,1
-74.11416284999996,4.527188859851336,05,USME,56,DANUBIO,2019-12-28,00:00:00,MASCULINO,2019,1
-74.17929496799997,4.633311304847924,08,KENNEDY,83,LAS MARGARITAS,2021-12-07,00:00:00,MASCULINO,2021,1
-74.16089999999997,4.54826999985069,19,CIUDAD BOLÍVAR,UPR3,UPR RIO TUNJUELO,2023-01-29,00:00:00,MASCULINO,2023,1
-74.09788874599997,4.501347559852216,05,USME,57,GRAN YOMASA,2020-12-25,00:00:00,MASCULINO,2020,1
-74.12818690499995,4.567993284850045,06,TUNJUELITO,62,TUNJUELITO,2018-02-12,00:00:00,MASCULINO,2018,1
-74.09564482199994,4.726353570844894,11,SUBA,28,EL RINCON,2020-04-07,00:00:00,MASCULINO,2020,1
-74.14310983099995,4.552126480850577,19,CIUDAD BOLÍVAR,67,LUCERO,2018-01-14,00:00:00,MASCULINO,2018,1
-74.13831536599997,4.617948100848387,08,KENNEDY,44,AMERICAS,2018-09-02,00:00:00,MASCULINO,2018,1
-74.07236128799997,4.602365819848912,03,SANTA FE,93,LAS NIEVES,2021-04-22,00:00:00,MASCULINO,2021,1
-74.13626189999997,4.559810739850299,19,CIUDAD BOLÍVAR,67,LUCERO,2021-09-04,00:00:00,MASCULINO,2021,1
-74.11182104999995,4.555466618850469,18,RAFAEL URIBE URIBE,54,MARRUECOS,2020-07-01,00:00:00,MASCULINO,2020,1
-74.18987603399995,4.6401352698476686,07,BOSA,86,EL PORVENIR,2019-07-21,00:00:00,MASCULINO,2019,1
-74.06569999999994,4.650009999847381,12,BARRIOS UNIDOS,98,LOS ALCAZARES,2023-03-09,00:00:00,MASCULINO,2023,1
-74.02439999999996,4.569989999849998,03,SANTA FE,992,SIN UPZ SANTA FE,2022-03-12,00:00:00,MASCULINO,2022,1
-74.06891923999996,4.58844498684938,03,SANTA FE,96,LOURDES,2021-03-28,00:00:00,MASCULINO,2021,1
-74.20089999999993,4.625049999848182,07,BOSA,84,BOSA OCCIDENTAL,2023-04-10,00:00:00,MASCULINO,2023,1
-74.16809999999998,4.584359999849521,19,CIUDAD BOLÍVAR,69,ISMAEL PERDOMO,2022-08-09,00:00:00,FEMENINO,2022,1
-74.11621689199995,4.543459694850814,18,RAFAEL URIBE URIBE,55,DIANA TURBAY,2018-03-10,00:00:00,MASCULINO,2018,1
-74.11780063299994,4.54193935385086,05,USME,56,DANUBIO,2021-08-01,00:00:00,MASCULINO,2021,1
-74.13556685499998,4.629575767848034,08,KENNEDY,44,AMERICAS,2019-08-13,00:00:00,MASCULINO,2019,1
-74.20292916899996,4.613887663848557,07,BOSA,85,BOSA CENTRAL,2020-05-02,00:00:00,MASCULINO,2020,1
-74.07904714999995,4.610898424848668,14,LOS MÁRTIRES,102,LA SABANA,2019-05-11,00:00:00,MASCULINO,2019,1
-74.19489999999996,4.622689999848243,07,BOSA,84,BOSA OCCIDENTAL,2022-12-10,00:00:00,MASCULINO,2022,1
-74.17550600599998,4.590308632849327,19,CIUDAD BOLÍVAR,69,ISMAEL PERDOMO,2020-12-12,00:00:00,MASCULINO,2020,1
-74.19335334699997,4.601621419848966,07,BOSA,85,BOSA CENTRAL,2019-07-11,00:00:00,MASCULINO,2019,1
-74.20049999999998,4.620249999848342,07,BOSA,84,BOSA OCCIDENTAL,2022-05-31,00:00:00,MASCULINO,2022,1
-74.19369999999998,4.635459999847818,07,BOSA,86,EL PORVENIR,2023-09-06,00:00:00,MASCULINO,2023,1
-74.11253940299997,4.572463056849892,18,RAFAEL URIBE URIBE,53,MARCO FIDEL SUAREZ,2018-06-24,00:00:00,FEMENINO,2018,1
-74.10526654399996,4.502628650852178,05,USME,58,COMUNEROS,2018-12-09,00:00:00,MASCULINO,2018,1
-74.16461921999996,4.629778852848039,08,KENNEDY,80,CORABASTOS,2021-09-29,00:00:00,MASCULINO,2021,1
-74.15368512099997,4.616764654848455,08,KENNEDY,48,TIMIZA,2020-03-11,00:00:00,MASCULINO,2020,1
-74.02358799499996,4.762173516843732,01,USAQUÉN,9,VERBENAL,2021-05-09,00:00:00,MASCULINO,2021,1
-74.14993173899995,4.630196994848027,08,KENNEDY,47,KENNEDY CENTRAL,2021-06-18,00:00:00,MASCULINO,2021,1
-74.11666227199999,4.539256256850959,05,USME,56,DANUBIO,2020-12-26,00:00:00,MASCULINO,2020,1
-74.12933023399995,4.708920613845426,10,ENGATIVÁ,74,ENGATIVA,2020-10-18,00:00:00,MASCULINO,2020,1
-74.17629455899998,4.591153884849269,19,CIUDAD BOLÍVAR,69,ISMAEL PERDOMO,2019-08-03,00:00:00,FEMENINO,2019,1
-74.11429999999996,4.586779999849413,18,RAFAEL URIBE URIBE,39,QUIROGA,2022-09-12,00:00:00,MASCULINO,2022,1
-74.14711790999996,4.533428553851174,19,CIUDAD BOLÍVAR,68,EL TESORO,2020-07-09,00:00:00,MASCULINO,2020,1
-74.19533366899998,4.628123083848067,07,BOSA,84,BOSA OCCIDENTAL,2018-09-20,00:00:00,FEMENINO,2018,1
-74.08408724899994,4.583537335849539,04,SAN CRISTÓBAL,33,SOSIEGO,2019-01-15,00:00:00,MASCULINO,2019,1
-74.12139572999996,4.516367924851724,05,USME,57,GRAN YOMASA,2020-06-07,00:00:00,MASCULINO,2020,1
-74.19461524599996,4.637592873847782,07,BOSA,86,EL PORVENIR,2018-12-24,00:00:00,MASCULINO,2018,1
-74.15895421899995,4.588172777849392,19,CIUDAD BOLÍVAR,65,ARBORIZADORA,2020-10-08,00:00:00,MASCULINO,2020,1
-74.14627202599996,4.636520384847799,08,KENNEDY,46,CASTILLA,2019-06-16,00:00:00,MASCULINO,2019,1
-74.11959882799994,4.692924085845979,10,ENGATIVÁ,116,ALAMOS,2020-12-27,00:00:00,MASCULINO,2020,1
-74.16019766699998,4.548901262850668,19,CIUDAD BOLÍVAR,67,LUCERO,2019-09-07,00:00:00,MASCULINO,2019,1
-74.15742359699993,4.634601799847863,08,KENNEDY,80,CORABASTOS,2020-06-24,00:00:00,MASCULINO,2020,1
-74.16989961499996,4.628777169848045,08,KENNEDY,80,CORABASTOS,2021-11-10,00:00:00,MASCULINO,2021,1
-74.11724964699994,4.495858607852387,05,USME,58,COMUNEROS,2020-09-11,00:00:00,MASCULINO,2020,1
-74.15601585299999,4.535927604851074,19,CIUDAD BOLÍVAR,UPR3,UPR RIO TUNJUELO,2019-09-27,00:00:00,MASCULINO,2019,1
-74.12765877899994,4.623091900848261,08,KENNEDY,44,AMERICAS,2018-07-09,00:00:00,MASCULINO,2018,1
-74.07674906999995,4.6097016728487,14,LOS MÁRTIRES,102,LA SABANA,2018-07-06,00:00:00,MASCULINO,2018,1
-74.11578811599998,4.709483820845438,10,ENGATIVÁ,73,GARCES NAVAS,2020-05-05,00:00:00,MASCULINO,2020,1
-74.08839276999998,4.531193618851207,04,SAN CRISTÓBAL,51,LOS LIBERTADORES,2021-07-22,00:00:00,MASCULINO,2021,1
-74.15842696199996,4.633492929847904,08,KENNEDY,80,CORABASTOS,2021-05-31,00:00:00,MASCULINO,2021,1
-74.15049143899995,4.551075879850581,19,CIUDAD BOLÍVAR,67,LUCERO,2020-05-17,00:00:00,MASCULINO,2020,1
-74.07787515799998,4.609485770848673,14,LOS MÁRTIRES,102,LA SABANA,2019-11-19,00:00:00,MASCULINO,2019,1
-74.16023037099995,4.567591403850039,19,CIUDAD BOLÍVAR,70,JERUSALEM,2021-10-22,00:00:00,MASCULINO,2021,1
-74.07648712799994,4.610148401848664,14,LOS MÁRTIRES,102,LA SABANA,2021-09-28,00:00:00,MASCULINO,2021,1
-74.12089036999998,4.5692291198499895,18,RAFAEL URIBE URIBE,53,MARCO FIDEL SUAREZ,2019-03-17,00:00:00,MASCULINO,2019,1
-74.10101109499993,4.552786953850539,04,SAN CRISTÓBAL,50,LA GLORIA,2019-12-25,00:00:00,MASCULINO,2019,1
-74.11636379599997,4.574410977849833,18,RAFAEL URIBE URIBE,53,MARCO FIDEL SUAREZ,2020-01-05,00:00:00,MASCULINO,2020,1
-74.09618675399997,4.680620074846357,10,ENGATIVÁ,26,LAS FERIAS,2020-07-10,00:00:00,MASCULINO,2020,1
-74.11573160999995,4.5427354838508585,18,RAFAEL URIBE URIBE,55,DIANA TURBAY,2019-04-15,00:00:00,MASCULINO,2019,1
-74.11273918499995,4.543220304850822,18,RAFAEL URIBE URIBE,55,DIANA TURBAY,2020-01-08,00:00:00,MASCULINO,2020,1
-74.13517964399995,4.613013894848569,08,KENNEDY,45,CARVAJAL,2019-02-25,00:00:00,MASCULINO,2019,1
-74.11962533699995,4.621057363848286,16,PUENTE ARANDA,43,SAN RAFAEL,2018-09-29,00:00:00,MASCULINO,2018,1
-74.16172116099995,4.547981488850689,19,CIUDAD BOLÍVAR,UPR3,UPR RIO TUNJUELO,2020-08-25,00:00:00,MASCULINO,2020,1
-74.02208781699994,4.762390622843706,01,USAQUÉN,990,SIN UPZ USAQUEN,2020-03-01,00:00:00,MASCULINO,2020,1
-74.14824615299995,4.599838487848995,08,KENNEDY,45,CARVAJAL,2018-02-10,00:00:00,MASCULINO,2018,1
-74.14329743399998,4.555757050850445,19,CIUDAD BOLÍVAR,67,LUCERO,2018-04-21,00:00:00,MASCULINO,2018,1
-74.15616844199997,4.605521895848794,08,KENNEDY,48,TIMIZA,2019-03-13,00:00:00,MASCULINO,2019,1
-74.11698855199995,4.51705355885168,05,USME,57,GRAN YOMASA,2021-08-30,00:00:00,MASCULINO,2021,1
-74.13445328699999,4.555444553850467,19,CIUDAD BOLÍVAR,67,LUCERO,2020-12-25,00:00:00,MASCULINO,2020,1
-74.20410493999998,4.627458669848123,07,BOSA,87,TINTAL SUR,2020-11-07,00:00:00,MASCULINO,2020,1
-74.02947788699998,4.7776820938432225,01,USAQUÉN,1,PASEO DE LOS LIBERTADORES,2021-05-27,00:00:00,MASCULINO,2021,1
-74.16684663899997,4.64392880584759,08,KENNEDY,79,CALANDAIMA,2019-06-19,00:00:00,MASCULINO,2019,1
-74.13159999999993,4.60171999984895,16,PUENTE ARANDA,41,MUZU,2022-07-19,00:00:00,MASCULINO,2022,1
-74.17838668199994,4.589806387849332,19,CIUDAD BOLÍVAR,69,ISMAEL PERDOMO,2019-01-16,00:00:00,MASCULINO,2019,1
-74.15461979899999,4.63148331384796,08,KENNEDY,47,KENNEDY CENTRAL,2021-08-06,00:00:00,MASCULINO,2021,1
-74.18099999999998,4.626759999848121,07,BOSA,84,BOSA OCCIDENTAL,2022-08-17,00:00:00,MASCULINO,2022,1
-74.10636352299997,4.585824386849463,18,RAFAEL URIBE URIBE,39,QUIROGA,2020-03-09,00:00:00,FEMENINO,2020,1
-74.07736210599995,4.610675027848659,14,LOS MÁRTIRES,102,LA SABANA,2020-07-08,00:00:00,MASCULINO,2020,1
-74.15411488199999,4.588665300849363,06,TUNJUELITO,42,VENECIA,2018-04-15,00:00:00,MASCULINO,2018,1
-74.03629999999998,4.764519999843652,01,USAQUÉN,9,VERBENAL,2022-01-16,00:00:00,MASCULINO,2022,1
-74.12535414399997,4.743567269844301,11,SUBA,71,TIBABUYES,2020-06-21,00:00:00,MASCULINO,2020,1
-74.13424441699993,4.705554218845539,10,ENGATIVÁ,74,ENGATIVA,2020-06-16,00:00:00,MASCULINO,2020,1
-74.15013807699995,4.53217185885123,19,CIUDAD BOLÍVAR,UPR3,UPR RIO TUNJUELO,2019-06-09,00:00:00,MASCULINO,2019,1
-74.15269999999998,4.576849999849736,19,CIUDAD BOLÍVAR,65,ARBORIZADORA,2022-08-20,00:00:00,MASCULINO,2022,1
-74.16717025399998,4.686458016846198,09,FONTIBÓN,77,ZONA FRANCA,2019-10-15,00:00:00,MASCULINO,2019,1
-74.02153812299997,4.735931267844581,01,USAQUÉN,11,SAN CRISTOBAL NORTE,2018-08-04,00:00:00,MASCULINO,2018,1
-74.10616169599996,4.565657336850124,18,RAFAEL URIBE URIBE,53,MARCO FIDEL SUAREZ,2019-05-31,00:00:00,MASCULINO,2019,1
-74.11203966699998,4.541924974850862,18,RAFAEL URIBE URIBE,55,DIANA TURBAY,2021-05-30,00:00:00,FEMENINO,2021,1
-74.08676082299996,4.6056300638487855,14,LOS MÁRTIRES,102,LA SABANA,2019-12-19,00:00:00,MASCULINO,2019,1
-74.04627919399996,4.7554830128439445,11,SUBA,17,SAN JOSE DE BAVARIA,2020-11-26,00:00:00,MASCULINO,2020,1
-74.07490175899994,4.653415921847227,12,BARRIOS UNIDOS,98,LOS ALCAZARES,2021-05-29,00:00:00,MASCULINO,2021,1
-74.17544684099994,4.648239177847419,08,KENNEDY,82,PATIO BONITO,2020-09-29,00:00:00,MASCULINO,2020,1
-74.19999123799994,4.639838408847701,07,BOSA,86,EL PORVENIR,2020-12-31,00:00:00,MASCULINO,2020,1
-74.06119248499994,4.650930813847336,02,CHAPINERO,99,CHAPINERO,2019-07-08,00:00:00,MASCULINO,2019,1
-74.18745043399997,4.637326297847795,07,BOSA,86,EL PORVENIR,2021-11-06,00:00:00,MASCULINO,2021,1
-74.15033199499999,4.58719562384942,06,TUNJUELITO,42,VENECIA,2018-02-23,00:00:00,MASCULINO,2018,1
-74.10209999999995,4.582539999849564,15,ANTONIO NARIÑO,38,RESTREPO,2023-02-22,00:00:00,MASCULINO,2023,1
-74.13759999999996,4.560849999850293,19,CIUDAD BOLÍVAR,67,LUCERO,2022-09-21,00:00:00,MASCULINO,2022,1
-74.14546114899997,4.548358263850684,19,CIUDAD BOLÍVAR,67,LUCERO,2020-07-24,00:00:00,MASCULINO,2020,1
-74.09902329899995,4.730207358844789,11,SUBA,28,EL RINCON,2019-05-05,00:00:00,MASCULINO,2019,1
-74.06298617099998,4.650787513847354,02,CHAPINERO,99,CHAPINERO,2020-12-19,00:00:00,MASCULINO,2020,1
-74.19210501299995,4.626458671848154,07,BOSA,84,BOSA OCCIDENTAL,2019-03-17,00:00:00,MASCULINO,2019,1
-74.07810745599994,4.676244997846543,12,BARRIOS UNIDOS,22,DOCE DE OCTUBRE,2018-05-12,00:00:00,MASCULINO,2018,1
-74.12397380999994,4.472403939853151,05,USME,61,CIUDAD USME,2018-01-01,00:00:00,MASCULINO,2018,1
-74.16858598899995,4.623480157848245,08,KENNEDY,81,GRAN BRITALIA,2019-05-13,00:00:00,MASCULINO,2019,1
-74.16019999999997,4.548359999850689,19,CIUDAD BOLÍVAR,67,LUCERO,2022-08-05,00:00:00,MASCULINO,2022,1
-74.20139999999998,4.627779999848069,07,BOSA,87,TINTAL SUR,2022-06-10,00:00:00,MASCULINO,2022,1
-74.08609133199997,4.584738159849463,04,SAN CRISTÓBAL,33,SOSIEGO,2020-02-19,00:00:00,MASCULINO,2020,1
-74.10721250699999,4.501792105852181,05,USME,58,COMUNEROS,2021-11-14,00:00:00,MASCULINO,2021,1
-74.09109999999998,4.7625699998436986,11,SUBA,UPR1,UPR ZONA NORTE,2022-05-17,00:00:00,MASCULINO,2022,1
-74.11933086899995,4.524177473851471,05,USME,57,GRAN YOMASA,2019-11-30,00:00:00,MASCULINO,2019,1
-74.13797184399994,4.595726454849119,08,KENNEDY,45,CARVAJAL,2019-08-31,00:00:00,MASCULINO,2019,1
-74.17526716999998,4.613180087848558,08,KENNEDY,48,TIMIZA,2021-12-08,00:00:00,MASCULINO,2021,1
-74.08659853699999,4.648869325847423,13,TEUSAQUILLO,106,LA ESMERALDA,2021-09-28,00:00:00,MASCULINO,2021,1
-74.11771753299996,4.5199370268515775,05,USME,57,GRAN YOMASA,2018-04-08,00:00:00,MASCULINO,2018,1
-74.07597228099996,4.612254700848583,14,LOS MÁRTIRES,102,LA SABANA,2019-08-13,00:00:00,MASCULINO,2019,1
-74.02008874599994,4.7621874788437015,01,USAQUÉN,990,SIN UPZ USAQUEN,2020-04-03,00:00:00,FEMENINO,2020,1
-74.07853707399994,4.607744196848735,14,LOS MÁRTIRES,102,LA SABANA,2021-12-06,00:00:00,MASCULINO,2021,1
-74.12583771399994,4.743544133844317,11,SUBA,71,TIBABUYES,2019-06-21,00:00:00,MASCULINO,2019,1
-74.15007230199996,4.57033846284995,19,CIUDAD BOLÍVAR,66,SAN FRANCISCO,2018-10-18,00:00:00,MASCULINO,2018,1
-74.17488396599998,4.618369999848373,08,KENNEDY,81,GRAN BRITALIA,2018-01-21,00:00:00,MASCULINO,2018,1
-74.18907186199993,4.628809313848033,07,BOSA,84,BOSA OCCIDENTAL,2020-07-31,00:00:00,MASCULINO,2020,1
-74.16154949999998,4.548195389850674,19,CIUDAD BOLÍVAR,UPR3,UPR RIO TUNJUELO,2019-01-02,00:00:00,MASCULINO,2019,1
-74.16473294999997,4.569720207849964,19,CIUDAD BOLÍVAR,70,JERUSALEM,2019-08-22,00:00:00,MASCULINO,2019,1
-74.03514094399998,4.767444566843539,01,USAQUÉN,9,VERBENAL,2019-12-03,00:00:00,MASCULINO,2019,1
-74.12038054699997,4.68099512884636,10,ENGATIVÁ,116,ALAMOS,2019-03-09,00:00:00,MASCULINO,2019,1
-74.06655019799996,4.712698901845336,11,SUBA,24,NIZA,2021-03-11,00:00:00,MASCULINO,2021,1
-74.16122396199995,4.584411423849501,19,CIUDAD BOLÍVAR,69,ISMAEL PERDOMO,2021-10-01,00:00:00,MASCULINO,2021,1
-74.02869999999996,4.757239999843853,01,USAQUÉN,9,VERBENAL,2022-01-05,00:00:00,MASCULINO,2022,1
-74.19152624499998,4.629337508848026,07,BOSA,84,BOSA OCCIDENTAL,2021-10-23,00:00:00,MASCULINO,2021,1
-74.07348887299997,4.588435520849387,03,SANTA FE,96,LOURDES,2019-12-25,00:00:00,MASCULINO,2019,1
-74.10941835899996,4.562079278850222,18,RAFAEL URIBE URIBE,54,MARRUECOS,2021-09-05,00:00:00,MASCULINO,2021,1
-74.07883002399996,4.608437744848736,14,LOS MÁRTIRES,102,LA SABANA,2018-06-04,00:00:00,MASCULINO,2018,1
-74.10244561099995,4.582715222849552,15,ANTONIO NARIÑO,38,RESTREPO,2018-05-14,00:00:00,MASCULINO,2018,1
-74.19422390699998,4.614565097848539,07,BOSA,85,BOSA CENTRAL,2020-08-07,00:00:00,MASCULINO,2020,1
-74.12640029399995,4.742311778844349,11,SUBA,71,TIBABUYES,2021-11-14,00:00:00,FEMENINO,2021,1
-74.19474243799993,4.611606126848645,07,BOSA,85,BOSA CENTRAL,2020-12-24,00:00:00,MASCULINO,2020,1
-74.17164301599996,4.589623943849319,19,CIUDAD BOLÍVAR,69,ISMAEL PERDOMO,2018-12-24,00:00:00,MASCULINO,2018,1
-74.14819999999997,4.590289999849298,06,TUNJUELITO,42,VENECIA,2022-01-15,00:00:00,MASCULINO,2022,1
-74.16229999999996,4.538389999851001,19,CIUDAD BOLÍVAR,UPR3,UPR RIO TUNJUELO,2022-03-18,00:00:00,MASCULINO,2022,1
-74.11529999999993,4.546529999850763,18,RAFAEL URIBE URIBE,54,MARRUECOS,2022-11-17,00:00:00,MASCULINO,2022,1
-74.16859999999997,4.573749999849876,19,CIUDAD BOLÍVAR,69,ISMAEL PERDOMO,2022-10-04,00:00:00,MASCULINO,2022,1
-74.06999999999994,4.622969999848267,13,TEUSAQUILLO,101,TEUSAQUILLO,2022-02-14,00:00:00,MASCULINO,2022,1
-74.13872067199998,4.681750124846354,09,FONTIBÓN,75,FONTIBON,2020-08-29,00:00:00,MASCULINO,2020,1
-74.14868373699994,4.551301624850593,19,CIUDAD BOLÍVAR,67,LUCERO,2020-09-06,00:00:00,MASCULINO,2020,1
-74.15947253399997,4.573151553849863,19,CIUDAD BOLÍVAR,70,JERUSALEM,2020-11-27,00:00:00,MASCULINO,2020,1
-74.08429999999998,4.591879999849273,03,SANTA FE,95,LAS CRUCES,2022-11-26,00:00:00,MASCULINO,2022,1
-74.14524262699996,4.541680450850892,19,CIUDAD BOLÍVAR,68,EL TESORO,2018-09-06,00:00:00,FEMENINO,2018,1
-74.06379999999996,4.729679999844752,11,SUBA,19,EL PRADO,2022-07-28,00:00:00,MASCULINO,2022,1
-74.14571432299994,4.545584597850775,19,CIUDAD BOLÍVAR,67,LUCERO,2018-12-08,00:00:00,MASCULINO,2018,1
-74.07648234099997,4.610482533848631,14,LOS MÁRTIRES,102,LA SABANA,2018-04-03,00:00:00,MASCULINO,2018,1
-74.17600565799995,4.639449203847736,08,KENNEDY,82,PATIO BONITO,2021-05-14,00:00:00,MASCULINO,2021,1
-74.20059999999995,4.616319999848444,07,BOSA,85,BOSA CENTRAL,2022-10-09,00:00:00,MASCULINO,2022,1
-74.13714845399994,4.5540675378504645,19,CIUDAD BOLÍVAR,67,LUCERO,2021-07-09,00:00:00,MASCULINO,2021,1
-74.11621679199999,4.750600811844114,11,SUBA,71,TIBABUYES,2020-08-19,00:00:00,MASCULINO,2020,1
-74.09095436099994,4.677716776846475,10,ENGATIVÁ,26,LAS FERIAS,2021-06-13,00:00:00,MASCULINO,2021,1
-74.17700415199994,4.646773078847495,08,KENNEDY,82,PATIO BONITO,2021-07-07,00:00:00,MASCULINO,2021,1
-74.09748292199998,4.499545317852273,05,USME,59,ALFONSO LOPEZ,2020-07-29,00:00:00,MASCULINO,2020,1
-74.19199999999995,4.631999999847967,07,BOSA,86,EL PORVENIR,2023-09-07,00:00:00,MASCULINO,2023,1
-74.14979999999997,4.553189999850496,19,CIUDAD BOLÍVAR,67,LUCERO,2022-05-15,00:00:00,MASCULINO,2022,1
-74.09919999999994,4.726969999844868,11,SUBA,28,EL RINCON,2023-02-04,00:00:00,FEMENINO,2023,1
-74.06597308099998,4.643362664847579,13,TEUSAQUILLO,100,GALERIAS,2021-06-03,00:00:00,MASCULINO,2021,1
-74.15573876499997,4.541270899850879,19,CIUDAD BOLÍVAR,67,LUCERO,2020-08-02,00:00:00,MASCULINO,2020,1
-74.19789887999997,4.636521852847799,07,BOSA,86,EL PORVENIR,2020-05-24,00:00:00,MASCULINO,2020,1
-74.20166728799995,4.624203162848221,07,BOSA,84,BOSA OCCIDENTAL,2021-02-20,00:00:00,MASCULINO,2021,1
-74.19746990999994,4.635515872847822,07,BOSA,86,EL PORVENIR,2021-05-23,00:00:00,MASCULINO,2021,1
-74.08649924999997,4.532418585851211,04,SAN CRISTÓBAL,51,LOS LIBERTADORES,2019-12-25,00:00:00,MASCULINO,2019,1
-74.11198150299998,4.573104738849852,18,RAFAEL URIBE URIBE,53,MARCO FIDEL SUAREZ,2019-04-09,00:00:00,MASCULINO,2019,1
-74.08332607399996,4.6257737568481545,13,TEUSAQUILLO,107,QUINTA PAREDES,2018-01-19,00:00:00,MASCULINO,2018,1
-74.09715295799998,4.691294842846011,10,ENGATIVÁ,30,BOYACA REAL,2020-02-26,00:00:00,MASCULINO,2020,1
-74.18405033099998,4.636854036847785,07,BOSA,86,EL PORVENIR,2019-11-26,00:00:00,MASCULINO,2019,1
-74.11853292499995,4.510396605851889,05,USME,57,GRAN YOMASA,2020-05-03,00:00:00,MASCULINO,2020,1
-74.16070830299998,4.54845429585067,19,CIUDAD BOLÍVAR,67,LUCERO,2021-07-04,00:00:00,MASCULINO,2021,1
-74.07285744599994,4.609444795848684,03,SANTA FE,93,LAS NIEVES,2020-05-29,00:00:00,MASCULINO,2020,1
-74.13804810599999,4.567934187850024,06,TUNJUELITO,42,VENECIA,2020-01-29,00:00:00,MASCULINO,2020,1
-74.09501127099998,4.582540705849545,15,ANTONIO NARIÑO,35,CIUDAD JARDIN,2020-06-23,00:00:00,MASCULINO,2020,1
-74.14266131499994,4.536994069851041,19,CIUDAD BOLÍVAR,68,EL TESORO,2019-09-17,00:00:00,FEMENINO,2019,1
-74.12729999999993,4.705839999845527,10,ENGATIVÁ,73,GARCES NAVAS,2022-01-29,00:00:00,MASCULINO,2022,1
-74.10039999999998,4.729559999844781,11,SUBA,28,EL RINCON,2022-10-08,00:00:00,FEMENINO,2022,1
-74.20249999999999,4.622939999848225,07,BOSA,84,BOSA OCCIDENTAL,2023-08-19,00:00:00,MASCULINO,2023,1
-74.10223134199998,4.60757781084876,16,PUENTE ARANDA,40,CIUDAD MONTES,2019-12-11,00:00:00,FEMENINO,2019,1
-74.08514364799998,4.720777430845063,11,SUBA,28,EL RINCON,2020-12-07,00:00:00,MASCULINO,2020,1
-74.09338058199995,4.550662990850572,04,SAN CRISTÓBAL,50,LA GLORIA,2018-04-11,00:00:00,MASCULINO,2018,1
-74.16639642099994,4.573039006849855,19,CIUDAD BOLÍVAR,70,JERUSALEM,2021-05-29,00:00:00,MASCULINO,2021,1
-74.12030769099994,4.569098429850004,18,RAFAEL URIBE URIBE,53,MARCO FIDEL SUAREZ,2021-08-21,00:00:00,MASCULINO,2021,1
-74.19257171699996,4.625881202848169,07,BOSA,84,BOSA OCCIDENTAL,2019-11-05,00:00:00,MASCULINO,2019,1
-74.16520816099995,4.569588738849968,19,CIUDAD BOLÍVAR,70,JERUSALEM,2018-05-13,00:00:00,MASCULINO,2018,1
-74.18628928399994,4.632043345847946,07,BOSA,84,BOSA OCCIDENTAL,2018-07-15,00:00:00,MASCULINO,2018,1
-74.15274520199995,4.621036772848332,08,KENNEDY,47,KENNEDY CENTRAL,2018-03-25,00:00:00,MASCULINO,2018,1
-74.14878940899996,4.561984227850211,19,CIUDAD BOLÍVAR,66,SAN FRANCISCO,2021-06-25,00:00:00,MASCULINO,2021,1
-74.07583729599997,4.610677010848666,14,LOS MÁRTIRES,102,LA SABANA,2021-09-10,00:00:00,MASCULINO,2021,1
-74.09154586999995,4.7290424268447735,11,SUBA,28,EL RINCON,2019-04-29,00:00:00,MASCULINO,2019,1
-74.07597225399996,4.5817359218496,03,SANTA FE,96,LOURDES,2021-04-09,00:00:00,MASCULINO,2021,1
-74.09926587699994,4.489793428852566,05,USME,59,ALFONSO LOPEZ,2018-06-02,00:00:00,MASCULINO,2018,1
-74.07489703699997,4.790178911842801,11,SUBA,UPR1,UPR ZONA NORTE,2020-02-21,00:00:00,MASCULINO,2020,1
-74.09970272999993,4.746585161844207,11,SUBA,28,EL RINCON,2019-04-14,00:00:00,MASCULINO,2019,1
-74.09350109099995,4.595027991849149,14,LOS MÁRTIRES,37,SANTA ISABEL,2020-09-11,00:00:00,MASCULINO,2020,1
-74.18117394899997,4.620560981848305,07,BOSA,84,BOSA OCCIDENTAL,2019-08-23,00:00:00,MASCULINO,2019,1
-74.16207196899995,4.633452826847898,08,KENNEDY,80,CORABASTOS,2021-01-31,00:00:00,MASCULINO,2021,1
-74.09763728699994,4.584403798849476,15,ANTONIO NARIÑO,38,RESTREPO,2018-06-03,00:00:00,MASCULINO,2018,1
-74.09219433099997,4.6114779348486135,14,LOS MÁRTIRES,102,LA SABANA,2019-02-10,00:00:00,MASCULINO,2019,1
-74.15935055299997,4.623581050848209,08,KENNEDY,47,KENNEDY CENTRAL,2019-03-09,00:00:00,MASCULINO,2019,1
-74.15823335399995,4.573606077849871,19,CIUDAD BOLÍVAR,70,JERUSALEM,2019-06-27,00:00:00,MASCULINO,2019,1
-74.09141792899999,4.533969359851168,04,SAN CRISTÓBAL,51,LOS LIBERTADORES,2018-07-15,00:00:00,MASCULINO,2018,1
-74.16959999999995,4.647429999847443,08,KENNEDY,79,CALANDAIMA,2023-01-30,00:00:00,MASCULINO,2023,1
-74.08650661499996,4.7249399728449415,11,SUBA,28,EL RINCON,2021-12-04,00:00:00,MASCULINO,2021,1
-74.10932804799995,4.50612694385207,05,USME,58,COMUNEROS,2021-03-19,00:00:00,MASCULINO,2021,1
-74.10049221199995,4.650406830847365,13,TEUSAQUILLO,104,PARQUE SIMON BOLIVAR - CAN,2021-12-24,00:00:00,MASCULINO,2021,1
-74.11295964399994,4.748077155844155,11,SUBA,71,TIBABUYES,2020-04-18,00:00:00,MASCULINO,2020,1
-74.16577823099993,4.629713607848013,08,KENNEDY,80,CORABASTOS,2019-10-05,00:00:00,MASCULINO,2019,1
-74.16819999999996,4.623139999848226,08,KENNEDY,81,GRAN BRITALIA,2022-09-02,00:00:00,MASCULINO,2022,1
-74.16200342299999,4.5799163418496445,19,CIUDAD BOLÍVAR,69,ISMAEL PERDOMO,2020-08-07,00:00:00,MASCULINO,2020,1
-74.14839999999998,4.55416999985049,19,CIUDAD BOLÍVAR,67,LUCERO,2022-01-17,00:00:00,MASCULINO,2022,1
-74.11929999999995,4.600579999848955,16,PUENTE ARANDA,41,MUZU,2022-06-28,00:00:00,MASCULINO,2022,1
-74.07014278099996,4.622236323848246,13,TEUSAQUILLO,101,TEUSAQUILLO,2019-06-05,00:00:00,MASCULINO,2019,1
-74.11239999999998,4.579339999849678,18,RAFAEL URIBE URIBE,39,QUIROGA,2022-10-22,00:00:00,MASCULINO,2022,1
-74.13459999999998,4.615389999848494,08,KENNEDY,44,AMERICAS,2022-12-18,00:00:00,MASCULINO,2022,1
-74.14959999999996,4.574749999849817,19,CIUDAD BOLÍVAR,65,ARBORIZADORA,2022-09-10,00:00:00,MASCULINO,2022,1
-74.06776549199998,4.764901812843629,11,SUBA,17,SAN JOSE DE BAVARIA,2021-05-17,00:00:00,MASCULINO,2021,1
-74.13439999999997,4.612589999848607,08,KENNEDY,45,CARVAJAL,2023-07-02,00:00:00,MASCULINO,2023,1
-74.18873052599997,4.598130852849048,07,BOSA,85,BOSA CENTRAL,2018-05-19,00:00:00,MASCULINO,2018,1
-74.10019999999997,4.489009999852622,05,USME,59,ALFONSO LOPEZ,2022-05-31,00:00:00,MASCULINO,2022,1
-74.17203184999994,4.636101093847801,08,KENNEDY,82,PATIO BONITO,2020-09-12,00:00:00,MASCULINO,2020,1
-74.15744295899998,4.5482790428506625,19,CIUDAD BOLÍVAR,67,LUCERO,2020-06-20,00:00:00,FEMENINO,2020,1
-74.17329999999998,4.642829999847616,08,KENNEDY,82,PATIO BONITO,2022-04-12,00:00:00,MASCULINO,2022,1
-74.19835521199997,4.615082835848514,07,BOSA,85,BOSA CENTRAL,2018-08-18,00:00:00,MASCULINO,2018,1
-74.17005593799996,4.579828477849629,19,CIUDAD BOLÍVAR,69,ISMAEL PERDOMO,2020-07-04,00:00:00,MASCULINO,2020,1
-74.07004104199996,4.653253451847269,12,BARRIOS UNIDOS,98,LOS ALCAZARES,2020-04-28,00:00:00,MASCULINO,2020,1
-74.11339999999996,4.537479999851057,05,USME,56,DANUBIO,2023-05-04,00:00:00,MASCULINO,2023,1
-74.11149999999998,4.550749999850593,18,RAFAEL URIBE URIBE,55,DIANA TURBAY,2022-09-10,00:00:00,MASCULINO,2022,1
-74.19247287099995,4.61045419184862,07,BOSA,85,BOSA CENTRAL,2021-07-14,00:00:00,MASCULINO,2021,1
-74.11119301699995,4.54739797085072,18,RAFAEL URIBE URIBE,55,DIANA TURBAY,2018-06-21,00:00:00,MASCULINO,2018,1
-74.15685075999994,4.634835323847861,08,KENNEDY,80,CORABASTOS,2021-07-18,00:00:00,MASCULINO,2021,1
-74.17947961099998,4.587216944849382,19,CIUDAD BOLÍVAR,69,ISMAEL PERDOMO,2018-07-22,00:00:00,MASCULINO,2018,1
-74.11008083599995,4.664874556846917,10,ENGATIVÁ,31,SANTA CECILIA,2021-10-04,00:00:00,MASCULINO,2021,1
-74.15849999999995,4.616629999848446,08,KENNEDY,47,KENNEDY CENTRAL,2023-04-01,00:00:00,MASCULINO,2023,1
-74.16639408699996,4.64891524484742,08,KENNEDY,79,CALANDAIMA,2018-12-12,00:00:00,MASCULINO,2018,1
-74.07971685699994,4.7198295118450915,11,SUBA,24,NIZA,2019-03-12,00:00:00,MASCULINO,2019,1
-74.09597205199998,4.728133845844818,11,SUBA,28,EL RINCON,2020-01-19,00:00:00,MASCULINO,2020,1
-74.07442382899995,4.689895336846073,11,SUBA,25,LA FLORESTA,2021-04-14,00:00:00,MASCULINO,2021,1
-74.03663417999996,4.742792710844351,01,USAQUÉN,12,TOBERIN,2021-10-04,00:00:00,MASCULINO,2021,1
-74.10373327999997,4.728975040844814,11,SUBA,71,TIBABUYES,2020-10-30,00:00:00,MASCULINO,2020,1
-74.20510578199998,4.624097000848213,07,BOSA,84,BOSA OCCIDENTAL,2020-10-28,00:00:00,MASCULINO,2020,1
-74.16603901999997,4.6283827578480645,08,KENNEDY,80,CORABASTOS,2020-10-14,00:00:00,MASCULINO,2020,1
-74.16448548599999,4.56771888285005,19,CIUDAD BOLÍVAR,70,JERUSALEM,2021-10-17,00:00:00,MASCULINO,2021,1
-74.09889058299996,4.599665892849013,14,LOS MÁRTIRES,37,SANTA ISABEL,2019-11-15,00:00:00,MASCULINO,2019,1
-74.11982565799997,4.541608596850896,05,USME,56,DANUBIO,2020-12-06,00:00:00,MASCULINO,2020,1
-74.15542385299995,4.580253889849637,19,CIUDAD BOLÍVAR,65,ARBORIZADORA,2021-10-21,00:00:00,MASCULINO,2021,1
-74.08849999999995,4.599549999848981,14,LOS MÁRTIRES,37,SANTA ISABEL,2022-12-30,00:00:00,MASCULINO,2022,1
-74.07879999999994,4.641749999847649,13,TEUSAQUILLO,100,GALERIAS,2022-11-24,00:00:00,MASCULINO,2022,1
-74.16614403399996,4.617739803848423,08,KENNEDY,47,KENNEDY CENTRAL,2021-03-21,00:00:00,MASCULINO,2021,1
-74.12002232899994,4.5749310058498,18,RAFAEL URIBE URIBE,53,MARCO FIDEL SUAREZ,2018-11-30,00:00:00,MASCULINO,2018,1
-74.12432532899999,4.648613493847434,09,FONTIBÓN,112,GRANJAS DE TECHO,2019-05-24,00:00:00,MASCULINO,2019,1
-74.11909999999995,4.554959999850457,18,RAFAEL URIBE URIBE,54,MARRUECOS,2022-11-06,00:00:00,FEMENINO,2022,1
-74.12769999999995,4.5976599998491015,16,PUENTE ARANDA,41,MUZU,2022-04-13,00:00:00,MASCULINO,2022,1
-74.13399999999996,4.565669999850125,06,TUNJUELITO,62,TUNJUELITO,2022-07-17,00:00:00,MASCULINO,2022,1
-74.14700743599997,4.644790244847516,08,KENNEDY,46,CASTILLA,2020-11-14,00:00:00,MASCULINO,2020,1
-74.10349724599996,4.730279501844739,11,SUBA,28,EL RINCON,2018-12-09,00:00:00,MASCULINO,2018,1
-74.09881258499996,4.512607279851844,05,USME,57,GRAN YOMASA,2020-11-22,00:00:00,MASCULINO,2020,1
-74.15694858999996,4.578470681849693,19,CIUDAD BOLÍVAR,70,JERUSALEM,2021-09-18,00:00:00,MASCULINO,2021,1
-74.16849999999994,4.573459999849876,19,CIUDAD BOLÍVAR,69,ISMAEL PERDOMO,2022-11-20,00:00:00,MASCULINO,2022,1
-74.15244086499996,4.609524142848686,08,KENNEDY,48,TIMIZA,2018-08-20,00:00:00,MASCULINO,2018,1
-74.18579999999997,4.606739999848792,07,BOSA,85,BOSA CENTRAL,2022-09-06,00:00:00,MASCULINO,2022,1
-74.07422134899997,4.721603043845047,11,SUBA,24,NIZA,2021-11-20,00:00:00,MASCULINO,2021,1
-74.16909004299998,4.587731702849377,19,CIUDAD BOLÍVAR,69,ISMAEL PERDOMO,2021-08-28,00:00:00,MASCULINO,2021,1
-74.09130975299996,4.675663323846515,10,ENGATIVÁ,26,LAS FERIAS,2021-10-28,00:00:00,MASCULINO,2021,1
-74.13629999999995,4.548969999850663,19,CIUDAD BOLÍVAR,63,EL MOCHUELO,2022-07-01,00:00:00,MASCULINO,2022,1
-74.09529999999995,4.538719999851006,04,SAN CRISTÓBAL,51,LOS LIBERTADORES,2022-08-16,00:00:00,MASCULINO,2022,1
-74.07609999999994,4.612829999848559,14,LOS MÁRTIRES,102,LA SABANA,2022-05-13,00:00:00,MASCULINO,2022,1
-74.17242974999994,4.618649134848399,08,KENNEDY,81,GRAN BRITALIA,2019-06-22,00:00:00,FEMENINO,2019,1
-74.10880745599997,4.5495340288506165,18,RAFAEL URIBE URIBE,55,DIANA TURBAY,2019-01-31,00:00:00,MASCULINO,2019,1
-74.17312021899994,4.578042943849723,19,CIUDAD BOLÍVAR,69,ISMAEL PERDOMO,2019-01-27,00:00:00,MASCULINO,2019,1
-74.11169999999998,4.567839999850039,18,RAFAEL URIBE URIBE,53,MARCO FIDEL SUAREZ,2022-04-11,00:00:00,MASCULINO,2022,1
-74.16989999999998,4.653389999847266,08,KENNEDY,79,CALANDAIMA,2022-06-14,00:00:00,MASCULINO,2022,1
-74.08699999999999,4.608539999848733,14,LOS MÁRTIRES,102,LA SABANA,2022-07-02,00:00:00,MASCULINO,2022,1
-74.11595154499997,4.492559575852519,05,USME,58,COMUNEROS,2021-09-19,00:00:00,MASCULINO,2021,1
-74.16625912199999,4.602590330848906,07,BOSA,49,APOGEO,2021-08-29,00:00:00,MASCULINO,2021,1
-74.09159999999997,4.657939999847115,13,TEUSAQUILLO,104,PARQUE SIMON BOLIVAR - CAN,2022-10-16,00:00:00,MASCULINO,2022,1
-74.01899999999995,4.739309999844459,01,USAQUÉN,11,SAN CRISTOBAL NORTE,2022-12-26,00:00:00,MASCULINO,2022,1
-74.07589999999993,4.672019999846634,12,BARRIOS UNIDOS,22,DOCE DE OCTUBRE,2022-07-21,00:00:00,FEMENINO,2022,1
-74.20892183099994,4.627377785848127,07,BOSA,87,TINTAL SUR,2020-02-10,00:00:00,MASCULINO,2020,1
-74.19689999999997,4.611779999848627,07,BOSA,85,BOSA CENTRAL,2022-02-26,00:00:00,MASCULINO,2022,1
-74.11149362699996,4.495024333852412,05,USME,58,COMUNEROS,2020-06-13,00:00:00,MASCULINO,2020,1
-74.17336057299997,4.573756332849859,19,CIUDAD BOLÍVAR,69,ISMAEL PERDOMO,2021-06-05,00:00:00,FEMENINO,2021,1
-74.10319361899997,4.623064551848274,16,PUENTE ARANDA,108,ZONA INDUSTRIAL,2019-07-23,00:00:00,MASCULINO,2019,1
-74.12904782899994,4.607773201848727,16,PUENTE ARANDA,41,MUZU,2021-08-27,00:00:00,MASCULINO,2021,1
-74.16517741599995,4.629403486848035,08,KENNEDY,80,CORABASTOS,2020-05-07,00:00:00,MASCULINO,2020,1
-74.11319999999995,4.495499999852396,05,USME,58,COMUNEROS,2023-01-19,00:00:00,MASCULINO,2023,1
-74.17594119599994,4.612462086848582,08,KENNEDY,48,TIMIZA,2018-05-30,00:00:00,MASCULINO,2018,1
-74.18691843499994,4.633595185847889,07,BOSA,86,EL PORVENIR,2020-12-09,00:00:00,MASCULINO,2020,1
-74.15367696699997,4.541478408850881,19,CIUDAD BOLÍVAR,67,LUCERO,2018-01-08,00:00:00,MASCULINO,2018,1
-74.07553599999994,4.587094764849444,03,SANTA FE,96,LOURDES,2019-12-14,00:00:00,MASCULINO,2019,1
-74.15666043999994,4.590388145849329,19,CIUDAD BOLÍVAR,65,ARBORIZADORA,2018-11-23,00:00:00,MASCULINO,2018,1
-74.08786532799996,4.7335880718446255,11,SUBA,28,EL RINCON,2019-02-25,00:00:00,MASCULINO,2019,1
-74.13828608499995,4.549106251850657,19,CIUDAD BOLÍVAR,67,LUCERO,2020-01-06,00:00:00,MASCULINO,2020,1
-74.12663333899997,4.562712785850177,06,TUNJUELITO,62,TUNJUELITO,2020-01-31,00:00:00,MASCULINO,2020,1
-74.08385396999995,4.690145676846047,10,ENGATIVÁ,26,LAS FERIAS,2020-03-05,00:00:00,FEMENINO,2020,1
-74.08494710099995,4.615639923848484,14,LOS MÁRTIRES,102,LA SABANA,2021-05-15,00:00:00,MASCULINO,2021,1
-74.07816117599998,4.7190275778451385,11,SUBA,24,NIZA,2018-06-26,00:00:00,MASCULINO,2018,1
-74.10691427299997,4.634382038847886,16,PUENTE ARANDA,111,PUENTE ARANDA,2020-03-21,00:00:00,MASCULINO,2020,1
-74.17133450899996,4.640031607847718,08,KENNEDY,82,PATIO BONITO,2018-11-29,00:00:00,MASCULINO,2018,1
-74.17703753099994,4.589017366849356,19,CIUDAD BOLÍVAR,69,ISMAEL PERDOMO,2018-08-08,00:00:00,MASCULINO,2018,1
-74.02223828699994,4.7690884788435035,01,USAQUÉN,990,SIN UPZ USAQUEN,2018-02-04,00:00:00,MASCULINO,2018,1
-74.08815311899997,4.548656609850638,04,SAN CRISTÓBAL,32,SAN BLAS,2020-09-10,00:00:00,FEMENINO,2020,1
-74.10037934899998,4.489030114852609,05,USME,59,ALFONSO LOPEZ,2019-10-27,00:00:00,MASCULINO,2019,1
-74.10486877299996,4.675750770846502,10,ENGATIVÁ,31,SANTA CECILIA,2019-03-16,00:00:00,MASCULINO,2019,1
-74.11129841499996,4.569729725849982,18,RAFAEL URIBE URIBE,53,MARCO FIDEL SUAREZ,2019-06-12,00:00:00,MASCULINO,2019,1
-74.09745885299998,4.487678340852653,05,USME,59,ALFONSO LOPEZ,2021-02-28,00:00:00,MASCULINO,2021,1
-74.06512144199996,4.718944133845103,11,SUBA,24,NIZA,2019-07-29,00:00:00,MASCULINO,2019,1
-74.12064616299995,4.751575760844036,11,SUBA,71,TIBABUYES,2020-12-25,00:00:00,MASCULINO,2020,1
-74.16684663899997,4.64392880584759,08,KENNEDY,79,CALANDAIMA,2019-06-19,00:00:00,MASCULINO,2019,1
-74.16365477199997,4.635555041847811,08,KENNEDY,82,PATIO BONITO,2021-08-02,00:00:00,MASCULINO,2021,1
-74.14590801099996,4.668327026846756,09,FONTIBÓN,75,FONTIBON,2020-12-02,00:00:00,MASCULINO,2020,1
-74.12553376499994,4.746694112844216,11,SUBA,71,TIBABUYES,2018-09-17,00:00:00,MASCULINO,2018,1
-74.14487294299994,4.559321800850335,19,CIUDAD BOLÍVAR,66,SAN FRANCISCO,2020-06-22,00:00:00,MASCULINO,2020,1
-74.17025978599997,4.582074335849593,19,CIUDAD BOLÍVAR,69,ISMAEL PERDOMO,2020-04-30,00:00:00,MASCULINO,2020,1
-74.11989999999997,4.567779999850027,18,RAFAEL URIBE URIBE,53,MARCO FIDEL SUAREZ,2022-12-22,00:00:00,MASCULINO,2022,1
-74.16270821399996,4.549072383850659,19,CIUDAD BOLÍVAR,UPR3,UPR RIO TUNJUELO,2019-09-27,00:00:00,MASCULINO,2019,1
-74.13418857099998,4.567380821850081,06,TUNJUELITO,62,TUNJUELITO,2021-05-19,00:00:00,MASCULINO,2021,1
-74.17880905899995,4.58705652784943,19,CIUDAD BOLÍVAR,69,ISMAEL PERDOMO,2018-02-16,00:00:00,MASCULINO,2018,1
-74.15915542199997,4.542213711850863,19,CIUDAD BOLÍVAR,67,LUCERO,2019-08-02,00:00:00,MASCULINO,2019,1
-74.13128397099996,4.59206076184928,06,TUNJUELITO,42,VENECIA,2019-01-17,00:00:00,MASCULINO,2019,1
-74.19139202399998,4.6147680808484965,07,BOSA,84,BOSA OCCIDENTAL,2021-04-05,00:00:00,MASCULINO,2021,1
-74.09966588199995,4.486591439852676,05,USME,59,ALFONSO LOPEZ,2019-03-26,00:00:00,MASCULINO,2019,1
-74.11956822399998,4.508558011851964,05,USME,58,COMUNEROS,2020-12-13,00:00:00,MASCULINO,2020,1
-74.15099810299995,4.6586398868470855,08,KENNEDY,78,TINTAL NORTE,2021-08-30,00:00:00,MASCULINO,2021,1
-74.18238179799994,4.631990801847978,07,BOSA,84,BOSA OCCIDENTAL,2019-10-16,00:00:00,MASCULINO,2019,1
-74.15406411199996,4.6461742548475105,08,KENNEDY,79,CALANDAIMA,2018-11-12,00:00:00,MASCULINO,2018,1
-74.13202163799997,4.717606297845135,10,ENGATIVÁ,74,ENGATIVA,2019-06-09,00:00:00,MASCULINO,2019,1
-74.12229008199995,4.5660776178501195,18,RAFAEL URIBE URIBE,54,MARRUECOS,2020-09-20,00:00:00,MASCULINO,2020,1
-74.12158122999995,4.694737400845913,10,ENGATIVÁ,116,ALAMOS,2020-08-10,00:00:00,MASCULINO,2020,1
-74.16773963199995,4.572319464849862,19,CIUDAD BOLÍVAR,69,ISMAEL PERDOMO,2018-07-04,00:00:00,MASCULINO,2018,1
-74.11429933899996,4.610131340848674,16,PUENTE ARANDA,40,CIUDAD MONTES,2018-06-27,00:00:00,MASCULINO,2018,1
-74.11419120599999,4.574293336849811,18,RAFAEL URIBE URIBE,53,MARCO FIDEL SUAREZ,2018-12-25,00:00:00,MASCULINO,2018,1
-74.08865520499995,4.5425088398508535,04,SAN CRISTÓBAL,50,LA GLORIA,2021-06-30,00:00:00,MASCULINO,2021,1
-74.09912699099993,4.5054413838520775,05,USME,57,GRAN YOMASA,2021-02-27,00:00:00,MASCULINO,2021,1
-74.08004807099996,4.602582784848899,03,SANTA FE,93,LAS NIEVES,2020-12-19,00:00:00,MASCULINO,2020,1
-74.10236880999997,4.495888410852403,05,USME,59,ALFONSO LOPEZ,2020-09-08,00:00:00,MASCULINO,2020,1
-74.19839812699996,4.6151897758484735,07,BOSA,85,BOSA CENTRAL,2020-09-27,00:00:00,MASCULINO,2020,1
-74.11874166099994,4.713002018845313,10,ENGATIVÁ,73,GARCES NAVAS,2019-06-12,00:00:00,MASCULINO,2019,1
-74.14345829599995,4.563062551850219,19,CIUDAD BOLÍVAR,66,SAN FRANCISCO,2020-03-08,00:00:00,MASCULINO,2020,1
-74.09709999999995,4.546409999850725,04,SAN CRISTÓBAL,51,LOS LIBERTADORES,2023-08-13,00:00:00,MASCULINO,2023,1
-74.16129999999998,4.5827299998495254,19,CIUDAD BOLÍVAR,69,ISMAEL PERDOMO,2023-03-01,00:00:00,MASCULINO,2023,1
-74.17519999999996,4.650839999847363,08,KENNEDY,82,PATIO BONITO,2023-09-05,00:00:00,FEMENINO,2023,1
-74.07659999999998,4.611039999848646,14,LOS MÁRTIRES,102,LA SABANA,2023-05-22,00:00:00,MASCULINO,2023,1
-74.14859999999999,4.557829999850347,19,CIUDAD BOLÍVAR,67,LUCERO,2023-06-18,00:00:00,MASCULINO,2023,1
-74.11189999999993,4.5945499998491455,15,ANTONIO NARIÑO,38,RESTREPO,2023-03-15,00:00:00,MASCULINO,2023,1
-74.10079999999994,4.4992799998522806,05,USME,59,ALFONSO LOPEZ,2023-02-14,00:00:00,MASCULINO,2023,1
-74.06998424699998,4.589745222849306,03,SANTA FE,96,LOURDES,2020-09-19,00:00:00,FEMENINO,2020,1
-74.08596109099994,4.607403882848786,14,LOS MÁRTIRES,102,LA SABANA,2019-03-08,00:00:00,FEMENINO,2019,1
-74.13695977699996,4.7115412188453405,10,ENGATIVÁ,74,ENGATIVA,2020-11-21,00:00:00,MASCULINO,2020,1
-74.06691732499996,4.654301827847208,12,BARRIOS UNIDOS,98,LOS ALCAZARES,2020-10-28,00:00:00,FEMENINO,2020,1
-74.21269999999998,4.611889999848635,07,BOSA,85,BOSA CENTRAL,2023-08-28,00:00:00,FEMENINO,2023,1
-74.08099999999996,4.615569999848491,14,LOS MÁRTIRES,102,LA SABANA,2023-03-23,00:00:00,MASCULINO,2023,1
-74.09339999999997,4.719329999845138,11,SUBA,28,EL RINCON,2023-08-07,00:00:00,MASCULINO,2023,1
-74.15209999999996,4.539809999850948,19,CIUDAD BOLÍVAR,67,LUCERO,2023-05-14,00:00:00,MASCULINO,2023,1
-74.09069999999997,4.5198199998515936,04,SAN CRISTÓBAL,51,LOS LIBERTADORES,2023-03-22,00:00:00,FEMENINO,2023,1
-74.11309999999997,4.557169999850386,18,RAFAEL URIBE URIBE,54,MARRUECOS,2023-02-23,00:00:00,FEMENINO,2023,1
-74.16199999999998,4.539289999850973,19,CIUDAD BOLÍVAR,UPR3,UPR RIO TUNJUELO,2023-02-11,00:00:00,MASCULINO,2023,1
-74.09709999999995,4.546409999850725,04,SAN CRISTÓBAL,51,LOS LIBERTADORES,2023-08-13,00:00:00,MASCULINO,2023,1
-74.09129999999993,4.566769999850102,04,SAN CRISTÓBAL,34,20 DE JULIO,2023-03-05,00:00:00,MASCULINO,2023,1
-74.02259999999995,4.761799999843733,01,USAQUÉN,990,SIN UPZ USAQUEN,2023-02-09,00:00:00,MASCULINO,2023,1
-74.06989999999996,4.64295999984762,13,TEUSAQUILLO,100,GALERIAS,2023-08-11,00:00:00,MASCULINO,2023,1
-74.09349999999995,4.561849999850234,04,SAN CRISTÓBAL,34,20 DE JULIO,2023-03-30,00:00:00,MASCULINO,2023,1
-74.20569999999998,4.620399999848355,07,BOSA,87,TINTAL SUR,2023-08-09,00:00:00,MASCULINO,2023,1
-74.08909999999997,4.602909999848917,14,LOS MÁRTIRES,102,LA SABANA,2023-06-23,00:00:00,MASCULINO,2023,1
-74.15519999999998,4.544329999850821,19,CIUDAD BOLÍVAR,67,LUCERO,2023-07-02,00:00:00,MASCULINO,2023,1
-74.15709999999996,4.636489999847801,08,KENNEDY,80,CORABASTOS,2023-03-23,00:00:00,FEMENINO,2023,1
-74.15949999999998,4.603869999848849,07,BOSA,49,APOGEO,2023-06-25,00:00:00,FEMENINO,2023,1
-74.06999999999994,4.582639999849533,03,SANTA FE,96,LOURDES,2023-09-30,00:00:00,MASCULINO,2023,1
-74.11869999999993,4.544559999850799,18,RAFAEL URIBE URIBE,54,MARRUECOS,2023-06-17,00:00:00,FEMENINO,2023,1
-74.10959999999994,4.508199999851984,05,USME,57,GRAN YOMASA,2023-04-10,00:00:00,MASCULINO,2023,1
-74.14209999999997,4.565089999850138,19,CIUDAD BOLÍVAR,66,SAN FRANCISCO,2023-05-01,00:00:00,MASCULINO,2023,1
-74.02019999999999,4.737669999844508,01,USAQUÉN,11,SAN CRISTOBAL NORTE,2023-01-22,00:00:00,FEMENINO,2023,1
-74.12729999999993,4.563499999850173,06,TUNJUELITO,62,TUNJUELITO,2023-06-22,00:00:00,MASCULINO,2023,1
-74.13149999999996,4.53759999985103,19,CIUDAD BOLÍVAR,68,EL TESORO,2023-07-18,00:00:00,MASCULINO,2023,1
-74.14429999999999,4.599979999849016,08,KENNEDY,45,CARVAJAL,2023-06-07,00:00:00,MASCULINO,2023,1
-74.09539999999998,4.538519999851009,04,SAN CRISTÓBAL,51,LOS LIBERTADORES,2023-09-18,00:00:00,MASCULINO,2023,1
-74.11539999999997,4.551009999850618,18,RAFAEL URIBE URIBE,54,MARRUECOS,2023-05-24,00:00:00,MASCULINO,2023,1
-74.01979999999998,4.6680999998467705,02,CHAPINERO,89,SAN ISIDRO - PATIOS,2023-01-01,00:00:00,MASCULINO,2023,1
-74.08129999999994,4.602579999848904,14,LOS MÁRTIRES,102,LA SABANA,2023-09-02,00:00:00,MASCULINO,2023,1
-74.14059999999995,4.65374999984726,08,KENNEDY,46,CASTILLA,2023-02-05,00:00:00,MASCULINO,2023,1
-74.20849999999996,4.631269999847955,07,BOSA,87,TINTAL SUR,2023-04-16,00:00:00,MASCULINO,2023,1
-74.10929999999996,4.65352999984725,09,FONTIBÓN,110,CIUDAD SALITRE OCCIDENTAL,2023-05-16,00:00:00,MASCULINO,2023,1
-74.15519999999998,4.565189999850112,19,CIUDAD BOLÍVAR,66,SAN FRANCISCO,2023-08-03,00:00:00,MASCULINO,2023,1
-74.08339999999998,4.547259999850711,04,SAN CRISTÓBAL,50,LA GLORIA,2023-05-16,00:00:00,MASCULINO,2023,1
-74.10319999999996,4.676449999846502,10,ENGATIVÁ,31,SANTA CECILIA,2023-02-06,00:00:00,MASCULINO,2023,1
-74.17169999999999,4.604009999848889,08,KENNEDY,48,TIMIZA,2023-09-28,00:00:00,MASCULINO,2023,1
-74.10219999999998,4.581719999849622,15,ANTONIO NARIÑO,38,RESTREPO,2023-09-07,00:00:00,MASCULINO,2023,1
-74.15359999999998,4.570769999849933,19,CIUDAD BOLÍVAR,70,JERUSALEM,2023-08-27,00:00:00,MASCULINO,2023,1
-74.11529999999993,4.533729999851157,05,USME,56,DANUBIO,2023-09-16,00:00:00,MASCULINO,2023,1
-74.14499999999998,4.534679999851109,19,CIUDAD BOLÍVAR,68,EL TESORO,2023-01-29,00:00:00,MASCULINO,2023,1
-74.16509999999994,4.630109999848021,08,KENNEDY,80,CORABASTOS,2023-04-04,00:00:00,MASCULINO,2023,1
-74.08449999999993,4.555889999850415,04,SAN CRISTÓBAL,32,SAN BLAS,2023-08-18,00:00:00,MASCULINO,2023,1
-74.08269999999999,4.546419999850759,04,SAN CRISTÓBAL,50,LA GLORIA,2023-06-04,00:00:00,MASCULINO,2023,1
-74.13759999999996,4.712859999845303,10,ENGATIVÁ,74,ENGATIVA,2023-05-03,00:00:00,MASCULINO,2023,1
-74.12509999999997,4.578609999849668,18,RAFAEL URIBE URIBE,39,QUIROGA,2023-05-27,00:00:00,MASCULINO,2023,1
-74.16169999999994,4.635279999847822,08,KENNEDY,80,CORABASTOS,2023-09-14,00:00:00,FEMENINO,2023,1
-74.17749999999995,4.591559999849291,19,CIUDAD BOLÍVAR,69,ISMAEL PERDOMO,2023-06-22,00:00:00,MASCULINO,2023,1
-74.06219999999996,4.645999999847525,02,CHAPINERO,99,CHAPINERO,2023-07-09,00:00:00,MASCULINO,2023,1
-74.11539999999997,4.553409999850506,18,RAFAEL URIBE URIBE,54,MARRUECOS,2023-05-28,00:00:00,MASCULINO,2023,1
-74.18639999999994,4.608939999848728,07,BOSA,85,BOSA CENTRAL,2023-03-29,00:00:00,MASCULINO,2023,1
-74.17449999999997,4.574379999849854,19,CIUDAD BOLÍVAR,69,ISMAEL PERDOMO,2023-05-06,00:00:00,MASCULINO,2023,1
-74.16029999999995,4.549719999850616,19,CIUDAD BOLÍVAR,67,LUCERO,2023-06-15,00:00:00,MASCULINO,2023,1
-74.10539999999997,4.506779999852033,05,USME,57,GRAN YOMASA,2023-01-19,00:00:00,MASCULINO,2023,1
-74.13709999999998,4.597099999849111,08,KENNEDY,45,CARVAJAL,2023-05-01,00:00:00,MASCULINO,2023,1
-74.13639999999998,4.532519999851174,19,CIUDAD BOLÍVAR,UPR3,UPR RIO TUNJUELO,2023-09-11,00:00:00,MASCULINO,2023,1
-74.16329999999994,4.570719999849954,19,CIUDAD BOLÍVAR,70,JERUSALEM,2023-03-04,00:00:00,MASCULINO,2023,1
-74.07949999999994,4.661169999846987,12,BARRIOS UNIDOS,22,DOCE DE OCTUBRE,2023-02-10,00:00:00,MASCULINO,2023,1
-74.08059999999995,4.604119999848837,14,LOS MÁRTIRES,102,LA SABANA,2023-08-29,00:00:00,MASCULINO,2023,1
-74.13059999999996,4.65794999984709,09,FONTIBÓN,112,GRANJAS DE TECHO,2023-07-09,00:00:00,MASCULINO,2023,1
-74.16379999999998,4.63588999984785,08,KENNEDY,82,PATIO BONITO,2023-02-26,00:00:00,MASCULINO,2023,1
-74.15969999999999,4.552369999850544,19,CIUDAD BOLÍVAR,67,LUCERO,2023-06-11,00:00:00,MASCULINO,2023,1
-74.11499999999995,4.5681499998500446,18,RAFAEL URIBE URIBE,53,MARCO FIDEL SUAREZ,2023-08-07,00:00:00,MASCULINO,2023,1
-74.06759999999997,4.585509999849473,03,SANTA FE,96,LOURDES,2023-06-24,00:00:00,MASCULINO,2023,1
-74.11279999999994,4.571019999849925,18,RAFAEL URIBE URIBE,53,MARCO FIDEL SUAREZ,2023-05-18,00:00:00,MASCULINO,2023,1
-74.20109999999994,4.628719999848061,07,BOSA,87,TINTAL SUR,2023-04-26,00:00:00,MASCULINO,2023,1
-74.07589999999993,4.612109999848579,14,LOS MÁRTIRES,102,LA SABANA,2023-04-28,00:00:00,MASCULINO,2023,1
-74.16279999999995,4.644269999847569,08,KENNEDY,79,CALANDAIMA,2023-02-24,00:00:00,MASCULINO,2023,1
-74.12359999999995,4.557879999850383,06,TUNJUELITO,62,TUNJUELITO,2023-04-14,00:00:00,MASCULINO,2023,1
-74.18349999999998,4.634159999847903,07,BOSA,86,EL PORVENIR,2023-09-14,00:00:00,MASCULINO,2023,1
-74.16499999999996,4.631129999847977,08,KENNEDY,80,CORABASTOS,2023-08-06,00:00:00,MASCULINO,2023,1
-74.14629999999994,4.56509999985011,19,CIUDAD BOLÍVAR,66,SAN FRANCISCO,2023-05-02,00:00:00,MASCULINO,2023,1
-74.13909999999998,4.572759999849905,06,TUNJUELITO,42,VENECIA,2023-05-20,00:00:00,MASCULINO,2023,1
-74.06629999999996,4.646289999847464,13,TEUSAQUILLO,100,GALERIAS,2023-04-03,00:00:00,MASCULINO,2023,1
-74.17779999999993,4.584819999849476,19,CIUDAD BOLÍVAR,69,ISMAEL PERDOMO,2023-08-18,00:00:00,MASCULINO,2023,1
-74.15609999999998,4.589939999849343,06,TUNJUELITO,42,VENECIA,2023-01-02,00:00:00,MASCULINO,2023,1
-74.04919999999998,4.749139999844162,11,SUBA,18,BRITALIA,2023-05-06,00:00:00,MASCULINO,2023,1
-74.16009999999994,4.577909999849693,19,CIUDAD BOLÍVAR,70,JERUSALEM,2023-04-28,00:00:00,MASCULINO,2023,1
-74.06859999999995,4.607969999848714,03,SANTA FE,93,LAS NIEVES,2023-09-12,00:00:00,FEMENINO,2023,1
-74.14509999999996,4.6363799998477955,08,KENNEDY,46,CASTILLA,2023-08-05,00:00:00,MASCULINO,2023,1
-74.20339999999999,4.606809999848775,07,BOSA,85,BOSA CENTRAL,2023-04-21,00:00:00,MASCULINO,2023,1
-74.12259999999998,4.514519999851788,05,USME,58,COMUNEROS,2023-06-18,00:00:00,FEMENINO,2023,1
-74.13829999999996,4.558909999850306,19,CIUDAD BOLÍVAR,67,LUCERO,2023-04-29,00:00:00,MASCULINO,2023,1
-74.15459999999996,4.533449999851182,19,CIUDAD BOLÍVAR,UPR3,UPR RIO TUNJUELO,2023-06-25,00:00:00,MASCULINO,2023,1
-74.16449999999998,4.549959999850628,19,CIUDAD BOLÍVAR,67,LUCERO,2023-02-28,00:00:00,MASCULINO,2023,1
-74.07819999999998,4.712159999845338,11,SUBA,24,NIZA,2023-02-26,00:00:00,MASCULINO,2023,1
-74.08869999999996,4.516809999851677,05,USME,52,LA FLORA,2023-07-07,00:00:00,MASCULINO,2023,1
-74.08649999999994,4.600199999848963,14,LOS MÁRTIRES,102,LA SABANA,2023-08-22,00:00:00,MASCULINO,2023,1
-74.20359999999994,4.62263999984826,07,BOSA,84,BOSA OCCIDENTAL,2023-01-13,00:00:00,MASCULINO,2023,1
-74.14239999999995,4.558219999850367,19,CIUDAD BOLÍVAR,67,LUCERO,2023-08-25,00:00:00,MASCULINO,2023,1
-74.20579999999995,4.606029999848785,07,BOSA,85,BOSA CENTRAL,2022-09-07,00:00:00,FEMENINO,2022,1
-74.17209999999994,4.59369999984922,19,CIUDAD BOLÍVAR,69,ISMAEL PERDOMO,2022-11-11,00:00:00,MASCULINO,2022,1
-74.09549999999996,4.557059999850377,04,SAN CRISTÓBAL,34,20 DE JULIO,2023-07-07,00:00:00,MASCULINO,2023,1
-74.11559999999997,4.515409999851728,05,USME,57,GRAN YOMASA,2023-09-17,00:00:00,MASCULINO,2023,1
-74.17709999999994,4.648739999847394,08,KENNEDY,82,PATIO BONITO,2023-04-30,00:00:00,MASCULINO,2023,1
-74.13069999999993,4.624379999848177,08,KENNEDY,44,AMERICAS,2023-01-10,00:00:00,MASCULINO,2023,1
-74.06969999999995,4.638039999847756,13,TEUSAQUILLO,100,GALERIAS,2023-09-05,00:00:00,MASCULINO,2023,1
-74.19629999999995,4.62205999984826,07,BOSA,84,BOSA OCCIDENTAL,2023-05-12,00:00:00,MASCULINO,2023,1
-74.15529999999995,4.547249999850742,19,CIUDAD BOLÍVAR,67,LUCERO,2023-09-06,00:00:00,MASCULINO,2023,1
-74.10509999999994,4.595089999849128,15,ANTONIO NARIÑO,38,RESTREPO,2023-05-05,00:00:00,MASCULINO,2023,1
-74.10699999999997,4.58983999984931,15,ANTONIO NARIÑO,38,RESTREPO,2023-09-16,00:00:00,MASCULINO,2023,1
-74.11869999999993,4.544559999850799,18,RAFAEL URIBE URIBE,54,MARRUECOS,2023-06-17,00:00:00,MASCULINO,2023,1
-74.11969999999997,4.653469999847232,09,FONTIBÓN,112,GRANJAS DE TECHO,2022-11-09,00:00:00,MASCULINO,2022,1
-74.12749999999994,4.619569999848381,08,KENNEDY,44,AMERICAS,2022-03-21,00:00:00,MASCULINO,2022,1
-74.13129999999995,4.565589999850109,06,TUNJUELITO,62,TUNJUELITO,2022-11-17,00:00:00,MASCULINO,2022,1
-74.13919999999996,4.561089999850249,19,CIUDAD BOLÍVAR,67,LUCERO,2023-04-16,00:00:00,MASCULINO,2023,1
-74.19809999999995,4.627039999848086,07,BOSA,84,BOSA OCCIDENTAL,2022-08-13,00:00:00,MASCULINO,2022,1
-74.07159999999999,4.611759999848629,03,SANTA FE,93,LAS NIEVES,2022-07-05,00:00:00,MASCULINO,2022,1
-74.20429999999999,4.625249999848175,07,BOSA,87,TINTAL SUR,2022-10-17,00:00:00,MASCULINO,2022,1
-74.20059999999995,4.604919999848836,07,BOSA,85,BOSA CENTRAL,2022-05-13,00:00:00,MASCULINO,2022,1
-74.19509999999997,4.613569999848539,07,BOSA,85,BOSA CENTRAL,2023-04-29,00:00:00,MASCULINO,2023,1
-74.14359999999994,4.604499999848825,08,KENNEDY,45,CARVAJAL,2023-07-12,00:00:00,MASCULINO,2023,1
-74.14809999999994,4.546379999850745,19,CIUDAD BOLÍVAR,67,LUCERO,2023-04-07,00:00:00,MASCULINO,2023,1
-74.11219999999997,4.573939999849847,18,RAFAEL URIBE URIBE,53,MARCO FIDEL SUAREZ,2022-06-16,00:00:00,MASCULINO,2022,1
-74.12509999999997,4.567159999850068,18,RAFAEL URIBE URIBE,54,MARRUECOS,2022-04-10,00:00:00,MASCULINO,2022,1
-74.16489999999999,4.5872099998493905,19,CIUDAD BOLÍVAR,69,ISMAEL PERDOMO,2022-06-05,00:00:00,MASCULINO,2022,1
-74.09709999999995,4.544379999850799,04,SAN CRISTÓBAL,51,LOS LIBERTADORES,2023-07-05,00:00:00,MASCULINO,2023,1
-74.11999999999995,4.602319999848895,16,PUENTE ARANDA,40,CIUDAD MONTES,2023-06-19,00:00:00,MASCULINO,2023,1
-74.20139999999998,4.605469999848791,07,BOSA,85,BOSA CENTRAL,2023-05-28,00:00:00,MASCULINO,2023,1
-74.13949999999994,4.715339999845221,10,ENGATIVÁ,74,ENGATIVA,2022-04-24,00:00:00,MASCULINO,2022,1
-74.10739999999998,4.50063999985221,05,USME,58,COMUNEROS,2022-06-10,00:00:00,MASCULINO,2022,1
-74.13769999999994,4.714669999845289,10,ENGATIVÁ,74,ENGATIVA,2023-02-03,00:00:00,MASCULINO,2023,1
-74.11639999999994,4.751119999844097,11,SUBA,71,TIBABUYES,2022-12-08,00:00:00,MASCULINO,2022,1
-74.08139999999997,4.756469999843884,11,SUBA,27,SUBA,2022-02-11,00:00:00,MASCULINO,2022,1
-74.16809999999998,4.693189999845984,09,FONTIBÓN,77,ZONA FRANCA,2022-08-31,00:00:00,MASCULINO,2022,1
-74.14809999999994,4.690789999846037,09,FONTIBÓN,76,FONTIBON SAN PABLO,2022-11-21,00:00:00,MASCULINO,2022,1
-74.06989999999996,4.627179999848135,13,TEUSAQUILLO,101,TEUSAQUILLO,2022-04-16,00:00:00,MASCULINO,2022,1
-74.18399999999997,4.620399999848355,07,BOSA,84,BOSA OCCIDENTAL,2023-05-25,00:00:00,MASCULINO,2023,1
-74.19749999999993,4.640539999847676,07,BOSA,86,EL PORVENIR,2022-11-08,00:00:00,MASCULINO,2022,1
-74.11629999999997,4.5403899998509445,05,USME,56,DANUBIO,2023-07-20,00:00:00,MASCULINO,2023,1
-74.11719999999997,4.539659999850936,05,USME,56,DANUBIO,2022-02-26,00:00:00,MASCULINO,2022,1
-74.11019999999996,4.610089999848686,16,PUENTE ARANDA,40,CIUDAD MONTES,2022-09-13,00:00:00,MASCULINO,2022,1
-74.09509999999995,4.5904499998492865,15,ANTONIO NARIÑO,38,RESTREPO,2022-09-24,00:00:00,MASCULINO,2022,1
-74.14749999999998,4.682159999846338,09,FONTIBÓN,75,FONTIBON,2022-03-05,00:00:00,MASCULINO,2022,1
-74.17399999999998,4.577519999849725,19,CIUDAD BOLÍVAR,69,ISMAEL PERDOMO,2022-01-08,00:00:00,FEMENINO,2022,1
-74.16409999999996,4.6286999998480445,08,KENNEDY,80,CORABASTOS,2022-02-20,00:00:00,MASCULINO,2022,1
-74.06989999999996,4.611289999848625,03,SANTA FE,93,LAS NIEVES,2022-11-18,00:00:00,MASCULINO,2022,1
-74.14069999999998,4.559559999850295,19,CIUDAD BOLÍVAR,67,LUCERO,2022-11-20,00:00:00,MASCULINO,2022,1
-74.07589999999993,4.672019999846634,12,BARRIOS UNIDOS,22,DOCE DE OCTUBRE,2022-07-21,00:00:00,MASCULINO,2022,1
-74.08809999999994,4.577429999849729,04,SAN CRISTÓBAL,33,SOSIEGO,2022-09-12,00:00:00,MASCULINO,2022,1
-74.06889999999999,4.615839999848478,03,SANTA FE,91,SAGRADO CORAZON,2022-01-01,00:00:00,MASCULINO,2022,1
-74.12169999999998,4.748479999844143,11,SUBA,71,TIBABUYES,2022-10-30,00:00:00,MASCULINO,2022,1
-74.13899999999995,4.544949999850767,19,CIUDAD BOLÍVAR,68,EL TESORO,2022-02-06,00:00:00,MASCULINO,2022,1
-74.12339999999995,4.751389999844091,11,SUBA,71,TIBABUYES,2022-02-17,00:00:00,MASCULINO,2022,1
-74.08039999999994,4.546149999850766,04,SAN CRISTÓBAL,50,LA GLORIA,2022-05-06,00:00:00,MASCULINO,2022,1
-74.13429999999994,4.606219999848808,08,KENNEDY,45,CARVAJAL,2023-06-19,00:00:00,MASCULINO,2023,1
-74.18919999999997,4.63179999984797,07,BOSA,86,EL PORVENIR,2022-09-04,00:00:00,MASCULINO,2022,1
-74.14589999999998,4.548109999850698,19,CIUDAD BOLÍVAR,67,LUCERO,2022-12-21,00:00:00,MASCULINO,2022,1
-74.16099999999994,4.6404599998477085,08,KENNEDY,82,PATIO BONITO,2022-02-25,00:00:00,FEMENINO,2022,1
-74.17059999999998,4.58050999984964,19,CIUDAD BOLÍVAR,69,ISMAEL PERDOMO,2022-04-21,00:00:00,MASCULINO,2022,1
-74.08619999999996,4.537979999851024,04,SAN CRISTÓBAL,51,LOS LIBERTADORES,2022-04-22,00:00:00,MASCULINO,2022,1
-74.16209999999995,4.594849999849176,19,CIUDAD BOLÍVAR,69,ISMAEL PERDOMO,2022-09-21,00:00:00,MASCULINO,2022,1
-74.18879999999996,4.615099999848498,07,BOSA,84,BOSA OCCIDENTAL,2022-08-28,00:00:00,MASCULINO,2022,1
-74.16999999999996,4.640359999847677,08,KENNEDY,82,PATIO BONITO,2022-04-06,00:00:00,MASCULINO,2022,1
-74.08529999999996,4.591579999849241,03,SANTA FE,95,LAS CRUCES,2022-12-26,00:00:00,FEMENINO,2022,1
-74.15959999999995,4.5882199998493665,19,CIUDAD BOLÍVAR,65,ARBORIZADORA,2022-01-28,00:00:00,MASCULINO,2022,1
-74.10849999999994,4.738829999844494,11,SUBA,71,TIBABUYES,2022-04-14,00:00:00,MASCULINO,2022,1
-74.08549999999997,4.593049999849235,03,SANTA FE,95,LAS CRUCES,2022-03-27,00:00:00,MASCULINO,2022,1
-74.07369999999997,4.635799999847859,13,TEUSAQUILLO,101,TEUSAQUILLO,2022-07-11,00:00:00,MASCULINO,2022,1
-74.09399999999994,4.725699999844926,11,SUBA,28,EL RINCON,2022-04-15,00:00:00,FEMENINO,2022,1
-74.14989999999995,4.617779999848405,08,KENNEDY,47,KENNEDY CENTRAL,2022-07-16,00:00:00,MASCULINO,2022,1
-74.09089999999998,4.604289999848857,14,LOS MÁRTIRES,102,LA SABANA,2022-07-02,00:00:00,MASCULINO,2022,1
-74.16229999999996,4.538389999851001,19,CIUDAD BOLÍVAR,UPR3,UPR RIO TUNJUELO,2022-03-18,00:00:00,MASCULINO,2022,1
-74.19909999999999,4.6025699998489324,07,BOSA,85,BOSA CENTRAL,2022-01-10,00:00:00,MASCULINO,2022,1
-74.10899999999998,4.670099999846717,10,ENGATIVÁ,31,SANTA CECILIA,2022-03-29,00:00:00,MASCULINO,2022,1
-74.15599999999995,4.628609999848049,08,KENNEDY,47,KENNEDY CENTRAL,2022-04-02,00:00:00,MASCULINO,2022,1
-74.07489999999996,4.605709999848807,03,SANTA FE,93,LAS NIEVES,2022-04-27,00:00:00,MASCULINO,2022,1
-74.08919999999995,4.579789999849666,04,SAN CRISTÓBAL,33,SOSIEGO,2022-09-27,00:00:00,MASCULINO,2022,1
-74.15969999999999,4.546569999850714,19,CIUDAD BOLÍVAR,67,LUCERO,2022-06-17,00:00:00,MASCULINO,2022,1
-74.13209999999998,4.718899999845152,10,ENGATIVÁ,73,GARCES NAVAS,2022-11-01,00:00:00,MASCULINO,2022,1
-74.13729999999998,4.5611799998502445,19,CIUDAD BOLÍVAR,67,LUCERO,2022-10-03,00:00:00,MASCULINO,2022,1
-74.09229999999997,4.543629999850844,04,SAN CRISTÓBAL,51,LOS LIBERTADORES,2022-03-27,00:00:00,MASCULINO,2022,1
-74.15849999999995,4.642789999847601,08,KENNEDY,82,PATIO BONITO,2022-08-09,00:00:00,MASCULINO,2022,1
-74.07299999999998,4.612159999848624,03,SANTA FE,93,LAS NIEVES,2022-07-02,00:00:00,MASCULINO,2022,1
-74.13659999999999,4.608779999848685,08,KENNEDY,45,CARVAJAL,2022-05-24,00:00:00,MASCULINO,2022,1
-74.09999999999997,4.59362999984923,15,ANTONIO NARIÑO,38,RESTREPO,2022-08-13,00:00:00,MASCULINO,2022,1
-74.15949999999998,4.5749999998498,19,CIUDAD BOLÍVAR,70,JERUSALEM,2022-07-15,00:00:00,MASCULINO,2022,1
-74.17159999999996,4.636549999847814,08,KENNEDY,82,PATIO BONITO,2022-05-13,00:00:00,MASCULINO,2022,1
-74.16409999999996,4.630539999848009,08,KENNEDY,80,CORABASTOS,2023-03-06,00:00:00,MASCULINO,2023,1
-74.02529999999996,4.762139999843715,01,USAQUÉN,9,VERBENAL,2023-09-15,00:00:00,MASCULINO,2023,1
-74.20539999999994,4.6184299998483915,07,BOSA,87,TINTAL SUR,2023-04-30,00:00:00,MASCULINO,2023,1
-74.14929999999998,4.532319999851176,19,CIUDAD BOLÍVAR,68,EL TESORO,2023-05-28,00:00:00,MASCULINO,2023,1
-74.16629999999998,4.595109999849139,19,CIUDAD BOLÍVAR,69,ISMAEL PERDOMO,2023-09-03,00:00:00,MASCULINO,2023,1
-74.14989999999995,4.591819999849253,06,TUNJUELITO,42,VENECIA,2022-08-20,00:00:00,MASCULINO,2022,1
-74.14449999999994,4.600879999848996,08,KENNEDY,45,CARVAJAL,2022-06-18,00:00:00,MASCULINO,2022,1
-74.12719999999996,4.566839999850094,06,TUNJUELITO,62,TUNJUELITO,2022-08-03,00:00:00,MASCULINO,2022,1
-74.08759999999995,4.5630499998501755,04,SAN CRISTÓBAL,32,SAN BLAS,2022-10-31,00:00:00,MASCULINO,2022,1
-74.17099999999994,4.639399999847684,08,KENNEDY,82,PATIO BONITO,2022-06-04,00:00:00,MASCULINO,2022,1
-74.08329999999995,4.605129999848809,14,LOS MÁRTIRES,102,LA SABANA,2022-09-17,00:00:00,MASCULINO,2022,1
-74.11419999999998,4.569289999849972,18,RAFAEL URIBE URIBE,53,MARCO FIDEL SUAREZ,2022-12-03,00:00:00,MASCULINO,2022,1
-74.20719999999994,4.619519999848335,07,BOSA,87,TINTAL SUR,2023-01-22,00:00:00,MASCULINO,2023,1
-74.07199999999995,4.584999999849469,03,SANTA FE,96,LOURDES,2023-05-19,00:00:00,MASCULINO,2023,1
-74.07569999999998,4.612769999848603,14,LOS MÁRTIRES,102,LA SABANA,2023-07-27,00:00:00,MASCULINO,2023,1
-74.19899999999996,4.628639999848086,07,BOSA,87,TINTAL SUR,2023-06-27,00:00:00,MASCULINO,2023,1
-74.10539999999997,4.506779999852033,05,USME,57,GRAN YOMASA,2023-01-19,00:00:00,MASCULINO,2023,1
-74.20419999999996,4.60615999984879,07,BOSA,85,BOSA CENTRAL,2023-06-23,00:00:00,FEMENINO,2023,1
-74.13529999999997,4.672439999846644,09,FONTIBÓN,75,FONTIBON,2023-05-28,00:00:00,MASCULINO,2023,1
-74.08409999999998,4.605039999848817,14,LOS MÁRTIRES,102,LA SABANA,2023-03-20,00:00:00,MASCULINO,2023,1
-74.10269999999997,4.690179999846062,10,ENGATIVÁ,30,BOYACA REAL,2023-01-19,00:00:00,MASCULINO,2023,1
-74.07929999999999,4.608989999848716,14,LOS MÁRTIRES,102,LA SABANA,2023-06-13,00:00:00,MASCULINO,2023,1
-74.09299999999996,4.761299999843755,11,SUBA,UPR1,UPR ZONA NORTE,2023-06-16,00:00:00,FEMENINO,2023,1
-74.07179999999994,4.6113899998486065,03,SANTA FE,93,LAS NIEVES,2023-09-22,00:00:00,MASCULINO,2023,1
-74.16729999999995,4.581109999849584,19,CIUDAD BOLÍVAR,69,ISMAEL PERDOMO,2023-07-09,00:00:00,FEMENINO,2023,1
-74.06799999999998,4.648339999847448,13,TEUSAQUILLO,100,GALERIAS,2023-06-05,00:00:00,MASCULINO,2023,1
-74.17229999999995,4.576229999849787,19,CIUDAD BOLÍVAR,69,ISMAEL PERDOMO,2023-09-22,00:00:00,MASCULINO,2023,1
-74.11279999999994,4.571019999849925,18,RAFAEL URIBE URIBE,53,MARCO FIDEL SUAREZ,2023-05-18,00:00:00,MASCULINO,2023,1
-74.09179999999998,4.5006599998522185,05,USME,52,LA FLORA,2023-09-06,00:00:00,MASCULINO,2023,1
-74.06609999999995,4.617199999848412,03,SANTA FE,92,LA MACARENA,2023-05-30,00:00:00,MASCULINO,2023,1
-74.10899999999998,4.599149999849038,16,PUENTE ARANDA,40,CIUDAD MONTES,2023-02-05,00:00:00,MASCULINO,2023,1
-74.16879999999998,4.614299999848551,08,KENNEDY,47,KENNEDY CENTRAL,2023-04-02,00:00:00,MASCULINO,2023,1
-74.15949999999998,4.546539999850736,19,CIUDAD BOLÍVAR,67,LUCERO,2023-03-04,00:00:00,MASCULINO,2023,1
-74.11369999999994,4.56882999985001,18,RAFAEL URIBE URIBE,53,MARCO FIDEL SUAREZ,2023-01-14,00:00:00,MASCULINO,2023,1
-74.11099999999993,4.560699999850283,18,RAFAEL URIBE URIBE,54,MARRUECOS,2023-06-11,00:00:00,MASCULINO,2023,1
-74.02719999999994,4.76919999984351,01,USAQUÉN,9,VERBENAL,2023-08-28,00:00:00,FEMENINO,2023,1
-74.03899999999999,4.726309999844907,01,USAQUÉN,13,LOS CEDROS,2023-08-26,00:00:00,MASCULINO,2023,1
-74.06839999999994,4.656879999847156,12,BARRIOS UNIDOS,98,LOS ALCAZARES,2023-05-28,00:00:00,MASCULINO,2023,1
-74.20079999999996,4.62628999984813,07,BOSA,84,BOSA OCCIDENTAL,2023-04-11,00:00:00,MASCULINO,2023,1
-74.18169999999998,4.634079999847877,07,BOSA,86,EL PORVENIR,2023-06-18,00:00:00,MASCULINO,2023,1
-74.16089999999997,4.648339999847448,08,KENNEDY,79,CALANDAIMA,2023-05-27,00:00:00,MASCULINO,2023,1
-74.16499999999996,4.584859999849486,19,CIUDAD BOLÍVAR,69,ISMAEL PERDOMO,2023-03-08,00:00:00,MASCULINO,2023,1
-74.15519999999998,4.6034699998489135,08,KENNEDY,48,TIMIZA,2023-03-26,00:00:00,MASCULINO,2023,1
-74.13389999999998,4.568579999850022,06,TUNJUELITO,62,TUNJUELITO,2023-02-03,00:00:00,FEMENINO,2023,1
-74.17589999999996,4.615669999848462,08,KENNEDY,81,GRAN BRITALIA,2023-09-23,00:00:00,MASCULINO,2023,1
-74.07409999999999,4.609239999848702,03,SANTA FE,93,LAS NIEVES,2023-07-01,00:00:00,MASCULINO,2023,1
-74.15869999999995,4.6347099998478525,08,KENNEDY,80,CORABASTOS,2023-06-21,00:00:00,MASCULINO,2023,1
-74.08089999999999,4.540719999850894,04,SAN CRISTÓBAL,50,LA GLORIA,2023-05-20,00:00:00,MASCULINO,2023,1
-74.14809999999994,4.538639999850984,19,CIUDAD BOLÍVAR,68,EL TESORO,2023-01-13,00:00:00,MASCULINO,2023,1
-74.09249999999997,4.545939999850731,04,SAN CRISTÓBAL,50,LA GLORIA,2023-09-29,00:00:00,MASCULINO,2023,1
-74.13939999999997,4.659659999847037,08,KENNEDY,78,TINTAL NORTE,2023-05-24,00:00:00,MASCULINO,2023,1
-74.15529999999995,4.547249999850742,19,CIUDAD BOLÍVAR,67,LUCERO,2023-09-06,00:00:00,MASCULINO,2023,1
-74.14249999999998,4.5706999998499445,19,CIUDAD BOLÍVAR,65,ARBORIZADORA,2023-01-10,00:00:00,MASCULINO,2023,1
-74.13899999999995,4.7095999998454,10,ENGATIVÁ,74,ENGATIVA,2023-07-17,00:00:00,FEMENINO,2023,1
-74.07649999999995,4.582529999849592,03,SANTA FE,96,LOURDES,2023-07-09,00:00:00,MASCULINO,2023,1
-74.10839999999996,4.512309999851869,05,USME,57,GRAN YOMASA,2023-04-15,00:00:00,MASCULINO,2023,1
-74.06139999999994,4.713499999845315,11,SUBA,19,EL PRADO,2023-08-19,00:00:00,MASCULINO,2023,1
-74.09649999999993,4.7261199998448795,11,SUBA,28,EL RINCON,2023-02-14,00:00:00,FEMENINO,2023,1
-74.08029999999997,4.589279999849325,03,SANTA FE,95,LAS CRUCES,2023-03-20,00:00:00,MASCULINO,2023,1
-74.15899999999993,4.543619999850814,19,CIUDAD BOLÍVAR,67,LUCERO,2023-01-24,00:00:00,MASCULINO,2023,1
-74.16339999999997,4.635289999847852,08,KENNEDY,82,PATIO BONITO,2023-04-16,00:00:00,FEMENINO,2023,1
-74.19769999999994,4.629339999848067,07,BOSA,87,TINTAL SUR,2023-02-21,00:00:00,MASCULINO,2023,1
-74.11979999999994,4.569779999849961,18,RAFAEL URIBE URIBE,53,MARCO FIDEL SUAREZ,2023-07-07,00:00:00,MASCULINO,2023,1
-74.07459999999998,4.607259999848766,03,SANTA FE,93,LAS NIEVES,2023-01-06,00:00:00,MASCULINO,2023,1
-74.08369999999996,4.594619999849142,03,SANTA FE,95,LAS CRUCES,2023-07-19,00:00:00,MASCULINO,2023,1
-74.19729999999998,4.628119999848058,07,BOSA,84,BOSA OCCIDENTAL,2023-06-15,00:00:00,MASCULINO,2023,1
-74.19009999999997,4.60454999984887,07,BOSA,85,BOSA CENTRAL,2023-05-05,00:00:00,MASCULINO,2023,1
-74.08439999999996,4.623059999848262,14,LOS MÁRTIRES,102,LA SABANA,2023-01-17,00:00:00,MASCULINO,2023,1
-74.12709999999998,4.563399999850197,06,TUNJUELITO,62,TUNJUELITO,2023-03-16,00:00:00,MASCULINO,2023,1
-74.14619999999996,4.548499999850665,19,CIUDAD BOLÍVAR,67,LUCERO,2023-02-12,00:00:00,MASCULINO,2023,1
-74.09789999999998,4.749719999844103,11,SUBA,27,SUBA,2023-04-11,00:00:00,FEMENINO,2023,1
-74.08289999999994,4.605519999848837,14,LOS MÁRTIRES,102,LA SABANA,2023-07-02,00:00:00,MASCULINO,2023,1
-74.10259999999994,4.741599999844402,11,SUBA,28,EL RINCON,2023-06-24,00:00:00,MASCULINO,2023,1
-74.13989999999995,4.663649999846951,09,FONTIBÓN,112,GRANJAS DE TECHO,2023-07-22,00:00:00,MASCULINO,2023,1
-74.06469999999996,4.660879999846982,12,BARRIOS UNIDOS,98,LOS ALCAZARES,2023-06-05,00:00:00,MASCULINO,2023,1
-74.09649999999993,4.727219999844846,11,SUBA,28,EL RINCON,2023-09-08,00:00:00,MASCULINO,2023,1
-74.18609999999995,4.633319999847887,07,BOSA,86,EL PORVENIR,2023-05-14,00:00:00,MASCULINO,2023,1
-74.10749999999996,4.740089999844452,11,SUBA,71,TIBABUYES,2023-08-20,00:00:00,MASCULINO,2023,1
-74.09569999999997,4.551849999850574,04,SAN CRISTÓBAL,50,LA GLORIA,2023-01-21,00:00:00,MASCULINO,2023,1
-74.10919999999999,4.6493899998473776,09,FONTIBÓN,110,CIUDAD SALITRE OCCIDENTAL,2023-06-30,00:00:00,MASCULINO,2023,1
-74.07769999999994,4.589739999849345,03,SANTA FE,95,LAS CRUCES,2023-04-30,00:00:00,MASCULINO,2023,1
-74.07689999999997,4.610209999848667,14,LOS MÁRTIRES,102,LA SABANA,2023-09-17,00:00:00,MASCULINO,2023,1
-74.14749999999998,4.54715999985074,19,CIUDAD BOLÍVAR,67,LUCERO,2023-03-02,00:00:00,MASCULINO,2023,1
-74.12879999999996,4.616979999848464,08,KENNEDY,44,AMERICAS,2023-06-10,00:00:00,MASCULINO,2023,1
-74.13939999999997,4.716159999845225,10,ENGATIVÁ,74,ENGATIVA,2023-03-14,00:00:00,MASCULINO,2023,1
-74.09519999999998,4.538479999850999,04,SAN CRISTÓBAL,51,LOS LIBERTADORES,2023-05-30,00:00:00,MASCULINO,2023,1
-74.16719999999998,4.5647699998501565,19,CIUDAD BOLÍVAR,70,JERUSALEM,2023-02-10,00:00:00,MASCULINO,2023,1
-74.12659999999994,4.567249999850077,06,TUNJUELITO,62,TUNJUELITO,2023-05-25,00:00:00,MASCULINO,2023,1
-74.13809999999995,4.56168999985025,19,CIUDAD BOLÍVAR,67,LUCERO,2023-02-18,00:00:00,MASCULINO,2023,1
-74.12089999999995,4.746029999844271,11,SUBA,71,TIBABUYES,2023-03-04,00:00:00,MASCULINO,2023,1
-74.07449999999994,4.610279999848658,03,SANTA FE,93,LAS NIEVES,2023-04-10,00:00:00,MASCULINO,2023,1
-74.20049999999998,4.6197399998483375,07,BOSA,84,BOSA OCCIDENTAL,2023-06-26,00:00:00,MASCULINO,2023,1
-74.16439999999994,4.639239999847697,08,KENNEDY,82,PATIO BONITO,2023-05-28,00:00:00,MASCULINO,2023,1
-74.10849999999994,4.56506999985013,18,RAFAEL URIBE URIBE,53,MARCO FIDEL SUAREZ,2023-03-16,00:00:00,MASCULINO,2023,1
-74.20099999999996,4.611529999848643,07,BOSA,85,BOSA CENTRAL,2023-08-06,00:00:00,MASCULINO,2023,1
-74.05169999999998,4.75837999984384,11,SUBA,17,SAN JOSE DE BAVARIA,2023-06-12,00:00:00,MASCULINO,2023,1
-74.10549999999995,4.582239999849593,18,RAFAEL URIBE URIBE,39,QUIROGA,2023-09-30,00:00:00,MASCULINO,2023,1
-74.08589999999998,4.677829999846442,10,ENGATIVÁ,26,LAS FERIAS,2023-06-23,00:00:00,MASCULINO,2023,1
-74.08819999999997,4.6836499998462795,10,ENGATIVÁ,26,LAS FERIAS,2023-03-17,00:00:00,MASCULINO,2023,1
-74.16999999999996,4.6946899998459015,09,FONTIBÓN,77,ZONA FRANCA,2023-04-10,00:00:00,MASCULINO,2023,1
-74.09279999999995,4.556149999850435,04,SAN CRISTÓBAL,34,20 DE JULIO,2023-02-06,00:00:00,MASCULINO,2023,1
-74.14349999999996,4.712229999845325,10,ENGATIVÁ,74,ENGATIVA,2023-05-08,00:00:00,MASCULINO,2023,1
-74.09039999999999,4.72278999984498,11,SUBA,28,EL RINCON,2023-05-07,00:00:00,MASCULINO,2023,1
-74.14889999999997,4.554189999850503,19,CIUDAD BOLÍVAR,67,LUCERO,2023-03-05,00:00:00,MASCULINO,2023,1
-74.16329999999994,4.633139999847888,08,KENNEDY,80,CORABASTOS,2023-06-29,00:00:00,MASCULINO,2023,1
-74.15049999999997,4.6703399998467265,09,FONTIBÓN,75,FONTIBON,2023-04-01,00:00:00,FEMENINO,2023,1
-74.17319999999995,4.638459999847759,08,KENNEDY,82,PATIO BONITO,2023-07-27,00:00:00,MASCULINO,2023,1
-74.09519999999998,4.500079999852224,05,USME,57,GRAN YOMASA,2023-04-13,00:00:00,MASCULINO,2023,1
-74.11899999999997,4.69426999984595,10,ENGATIVÁ,116,ALAMOS,2023-04-19,00:00:00,MASCULINO,2023,1
-74.16139999999996,4.627469999848132,08,KENNEDY,80,CORABASTOS,2023-08-26,00:00:00,MASCULINO,2023,1
-74.11329999999998,4.748799999844179,11,SUBA,71,TIBABUYES,2023-03-05,00:00:00,MASCULINO,2023,1
-74.12629999999996,4.470259999853223,05,USME,61,CIUDAD USME,2023-08-13,00:00:00,MASCULINO,2023,1
-74.10629999999998,4.49211999985252,05,USME,59,ALFONSO LOPEZ,2023-01-21,00:00:00,MASCULINO,2023,1
-74.06609999999995,4.587329999849422,03,SANTA FE,96,LOURDES,2023-02-17,00:00:00,MASCULINO,2023,1
-74.12009999999998,4.745419999844237,11,SUBA,71,TIBABUYES,2023-04-27,00:00:00,MASCULINO,2023,1
-74.15949999999998,4.635599999847853,08,KENNEDY,80,CORABASTOS,2023-03-16,00:00:00,MASCULINO,2023,1
-74.13649999999996,4.651109999847358,08,KENNEDY,46,CASTILLA,2023-01-07,00:00:00,MASCULINO,2023,1
-74.10459999999995,4.715969999845202,10,ENGATIVÁ,29,MINUTO DE DIOS,2023-06-23,00:00:00,MASCULINO,2023,1
-74.07619999999997,4.640689999847688,13,TEUSAQUILLO,100,GALERIAS,2023-09-22,00:00:00,MASCULINO,2023,1
-74.07849999999996,4.547019999850697,04,SAN CRISTÓBAL,50,LA GLORIA,2023-07-22,00:00:00,MASCULINO,2023,1
-74.08659999999998,4.601669999848962,14,LOS MÁRTIRES,102,LA SABANA,2023-02-02,00:00:00,MASCULINO,2023,1
-74.18289999999996,4.594579999849189,19,CIUDAD BOLÍVAR,69,ISMAEL PERDOMO,2023-02-09,00:00:00,MASCULINO,2023,1
-74.09819999999996,4.572289999849912,18,RAFAEL URIBE URIBE,36,SAN JOSE,2023-09-10,00:00:00,MASCULINO,2023,1
-74.16479999999996,4.610369999848652,08,KENNEDY,48,TIMIZA,2023-09-23,00:00:00,MASCULINO,2023,1
-74.11489999999998,4.488949999852601,05,USME,58,COMUNEROS,2023-08-05,00:00:00,FEMENINO,2023,1
-74.12109999999996,4.5166899998517005,05,USME,57,GRAN YOMASA,2023-09-13,00:00:00,MASCULINO,2023,1
-74.19959999999998,4.638979999847737,07,BOSA,86,EL PORVENIR,2023-07-15,00:00:00,MASCULINO,2023,1
-74.09759999999994,4.5744299998498406,18,RAFAEL URIBE URIBE,36,SAN JOSE,2023-06-10,00:00:00,MASCULINO,2023,1
-74.13929999999993,4.662829999846942,09,FONTIBÓN,112,GRANJAS DE TECHO,2023-04-14,00:00:00,MASCULINO,2023,1
-74.19719999999995,4.604759999848848,07,BOSA,85,BOSA CENTRAL,2023-03-11,00:00:00,MASCULINO,2023,1
-74.16479999999996,4.644719999847553,08,KENNEDY,79,CALANDAIMA,2023-01-09,00:00:00,FEMENINO,2023,1
-74.13059999999996,4.742429999844382,11,SUBA,71,TIBABUYES,2023-01-22,00:00:00,MASCULINO,2023,1
-74.11239999999998,4.52525999985144,05,USME,57,GRAN YOMASA,2023-03-16,00:00:00,MASCULINO,2023,1
-74.18209999999993,4.628429999848059,07,BOSA,84,BOSA OCCIDENTAL,2023-02-04,00:00:00,MASCULINO,2023,1
-74.07309999999995,4.6200199998483615,13,TEUSAQUILLO,101,TEUSAQUILLO,2023-07-06,00:00:00,MASCULINO,2023,1
-74.09939999999995,4.716229999845212,10,ENGATIVÁ,29,MINUTO DE DIOS,2023-09-03,00:00:00,MASCULINO,2023,1
-74.07049999999998,4.58290999984953,03,SANTA FE,96,LOURDES,2023-05-07,00:00:00,MASCULINO,2023,1
-74.16109999999998,4.553569999850493,19,CIUDAD BOLÍVAR,67,LUCERO,2023-09-23,00:00:00,MASCULINO,2023,1
-74.09479999999996,4.61019999984863,14,LOS MÁRTIRES,102,LA SABANA,2023-06-26,00:00:00,MASCULINO,2023,1
-74.19929999999994,4.642259999847591,07,BOSA,86,EL PORVENIR,2023-02-15,00:00:00,MASCULINO,2023,1
-74.09639999999996,4.714579999845289,10,ENGATIVÁ,29,MINUTO DE DIOS,2023-02-17,00:00:00,MASCULINO,2023,1
-74.10809999999998,4.694149999845918,10,ENGATIVÁ,30,BOYACA REAL,2023-07-17,00:00:00,MASCULINO,2023,1
-74.02169999999995,4.75726999984389,01,USAQUÉN,9,VERBENAL,2023-09-20,00:00:00,MASCULINO,2023,1
-74.14629999999994,4.564999999850137,19,CIUDAD BOLÍVAR,66,SAN FRANCISCO,2023-08-06,00:00:00,MASCULINO,2023,1
-74.16849999999994,4.585599999849471,19,CIUDAD BOLÍVAR,69,ISMAEL PERDOMO,2023-04-09,00:00:00,MASCULINO,2023,1
-74.16749999999996,4.616839999848427,08,KENNEDY,47,KENNEDY CENTRAL,2023-03-28,00:00:00,MASCULINO,2023,1
-74.15489999999994,4.537889999851029,19,CIUDAD BOLÍVAR,UPR3,UPR RIO TUNJUELO,2023-04-20,00:00:00,MASCULINO,2023,1
-74.02949999999998,4.7343199998446,01,USAQUÉN,11,SAN CRISTOBAL NORTE,2023-01-25,00:00:00,MASCULINO,2023,1
-74.17589999999996,4.615669999848462,08,KENNEDY,81,GRAN BRITALIA,2023-09-23,00:00:00,MASCULINO,2023,1
-74.15179999999998,4.689249999846113,09,FONTIBÓN,76,FONTIBON SAN PABLO,2023-09-04,00:00:00,FEMENINO,2023,1
-74.09319999999997,4.728969999844813,11,SUBA,28,EL RINCON,2023-06-25,00:00:00,MASCULINO,2023,1
-74.17599999999999,4.509519999851958,20,SUMAPAZ,999,,2023-04-14,00:00:00,MASCULINO,2023,1
-74.19889999999998,4.627319999848112,07,BOSA,84,BOSA OCCIDENTAL,2023-03-19,00:00:00,MASCULINO,2023,1
-74.14159999999998,4.537119999851062,19,CIUDAD BOLÍVAR,68,EL TESORO,2023-07-06,00:00:00,MASCULINO,2023,1
-74.18939999999998,4.625549999848143,07,BOSA,84,BOSA OCCIDENTAL,2023-04-03,00:00:00,MASCULINO,2023,1
-74.12109999999996,4.5838799998494935,18,RAFAEL URIBE URIBE,39,QUIROGA,2023-08-26,00:00:00,MASCULINO,2023,1
-74.07049999999998,4.588949999849374,03,SANTA FE,96,LOURDES,2023-02-03,00:00:00,MASCULINO,2023,1
-74.11119999999994,4.509709999851926,05,USME,57,GRAN YOMASA,2023-02-28,00:00:00,MASCULINO,2023,1
-74.16069999999996,4.5289999998513135,19,CIUDAD BOLÍVAR,UPR3,UPR RIO TUNJUELO,2023-02-05,00:00:00,MASCULINO,2023,1
-74.11319999999995,4.548359999850689,18,RAFAEL URIBE URIBE,55,DIANA TURBAY,2023-08-09,00:00:00,MASCULINO,2023,1
-74.10279999999995,4.4973499998523305,05,USME,59,ALFONSO LOPEZ,2023-05-26,00:00:00,MASCULINO,2023,1
-74.16469999999998,4.568299999849997,19,CIUDAD BOLÍVAR,70,JERUSALEM,2023-08-30,00:00:00,MASCULINO,2023,1
-74.16879999999998,4.640809999847657,08,KENNEDY,82,PATIO BONITO,2023-02-14,00:00:00,MASCULINO,2023,1
-74.16719999999998,4.635459999847818,08,KENNEDY,82,PATIO BONITO,2023-09-22,00:00:00,MASCULINO,2023,1
-74.14369999999997,4.5656599998501,19,CIUDAD BOLÍVAR,66,SAN FRANCISCO,2023-01-19,00:00:00,MASCULINO,2023,1
-74.10629999999998,4.730049999844775,11,SUBA,71,TIBABUYES,2023-07-17,00:00:00,MASCULINO,2023,1
-74.17339999999996,4.619389999848387,08,KENNEDY,81,GRAN BRITALIA,2023-07-29,00:00:00,MASCULINO,2023,1
-74.09359999999998,4.518449999851632,04,SAN CRISTÓBAL,51,LOS LIBERTADORES,2023-06-18,00:00:00,MASCULINO,2023,1
-74.15659999999997,4.512469999851859,19,CIUDAD BOLÍVAR,UPR3,UPR RIO TUNJUELO,2023-09-26,00:00:00,FEMENINO,2023,1
-74.16719999999998,4.5647699998501565,19,CIUDAD BOLÍVAR,70,JERUSALEM,2023-02-10,00:00:00,MASCULINO,2023,1
-74.11729999999994,4.548949999850658,18,RAFAEL URIBE URIBE,54,MARRUECOS,2023-01-01,00:00:00,MASCULINO,2023,1
-74.13729999999998,4.682599999846295,09,FONTIBÓN,75,FONTIBON,2023-01-01,00:00:00,MASCULINO,2023,1
-74.08149999999995,4.602949999848872,14,LOS MÁRTIRES,102,LA SABANA,2023-09-26,00:00:00,MASCULINO,2023,1
-74.11479999999995,4.545669999850744,18,RAFAEL URIBE URIBE,55,DIANA TURBAY,2023-08-24,00:00:00,MASCULINO,2023,1
-74.11469999999997,4.541489999850913,18,RAFAEL URIBE URIBE,55,DIANA TURBAY,2023-03-23,00:00:00,MASCULINO,2023,1
-74.16659999999996,4.571279999849939,19,CIUDAD BOLÍVAR,70,JERUSALEM,2023-07-31,00:00:00,MASCULINO,2023,1
-74.12779999999998,4.706379999845505,10,ENGATIVÁ,73,GARCES NAVAS,2023-05-07,00:00:00,MASCULINO,2023,1
-74.18009999999998,4.613119999848557,08,KENNEDY,81,GRAN BRITALIA,2023-06-15,00:00:00,MASCULINO,2023,1
-74.10749999999996,4.740089999844452,11,SUBA,71,TIBABUYES,2023-08-20,00:00:00,MASCULINO,2023,1
-74.03179999999998,4.759129999843793,01,USAQUÉN,9,VERBENAL,2023-09-01,00:00:00,MASCULINO,2023,1
-74.13919999999996,4.567839999850039,06,TUNJUELITO,42,VENECIA,2023-04-12,00:00:00,MASCULINO,2023,1
-74.16569999999996,4.628579999848071,08,KENNEDY,80,CORABASTOS,2023-08-28,00:00:00,MASCULINO,2023,1
-74.12969999999996,4.570029999849957,06,TUNJUELITO,62,TUNJUELITO,2023-04-14,00:00:00,MASCULINO,2023,1
-74.07029999999997,4.651729999847304,12,BARRIOS UNIDOS,98,LOS ALCAZARES,2023-05-11,00:00:00,MASCULINO,2023,1
-74.08929999999998,4.600449999848957,14,LOS MÁRTIRES,102,LA SABANA,2023-04-07,00:00:00,MASCULINO,2023,1
-74.08779999999996,4.678389999846433,10,ENGATIVÁ,26,LAS FERIAS,2023-03-05,00:00:00,MASCULINO,2023,1
-74.17619999999994,4.634799999847848,08,KENNEDY,83,LAS MARGARITAS,2023-01-29,00:00:00,MASCULINO,2023,1
-74.17219999999998,4.61740999984844,08,KENNEDY,81,GRAN BRITALIA,2023-05-08,00:00:00,MASCULINO,2023,1
-74.09379999999999,4.721189999845033,11,SUBA,28,EL RINCON,2023-08-24,00:00:00,MASCULINO,2023,1
-74.14619999999996,4.546389999850719,19,CIUDAD BOLÍVAR,67,LUCERO,2023-03-04,00:00:00,MASCULINO,2023,1
-74.14639999999997,4.568189999850055,19,CIUDAD BOLÍVAR,66,SAN FRANCISCO,2023-03-21,00:00:00,MASCULINO,2023,1
-74.11539999999997,4.51224999985185,05,USME,57,GRAN YOMASA,2023-06-03,00:00:00,MASCULINO,2023,1
-74.16279999999995,4.635109999847859,08,KENNEDY,82,PATIO BONITO,2023-05-07,00:00:00,MASCULINO,2023,1
-74.10619999999994,4.628049999848068,16,PUENTE ARANDA,111,PUENTE ARANDA,2023-09-23,00:00:00,MASCULINO,2023,1
-74.11169999999998,4.54639999985075,18,RAFAEL URIBE URIBE,55,DIANA TURBAY,2023-09-10,00:00:00,MASCULINO,2023,1
-74.21039999999994,4.6159799998484665,07,BOSA,87,TINTAL SUR,2023-01-07,00:00:00,MASCULINO,2023,1
-74.16209999999995,4.608709999848687,08,KENNEDY,48,TIMIZA,2023-07-15,00:00:00,MASCULINO,2023,1
-74.19719999999995,4.608949999848705,07,BOSA,85,BOSA CENTRAL,2023-04-06,00:00:00,MASCULINO,2023,1
-74.04179999999997,4.703479999845645,01,USAQUÉN,16,SANTA BARBARA,2023-05-14,00:00:00,FEMENINO,2023,1
-74.15379999999993,4.5510299998505594,19,CIUDAD BOLÍVAR,67,LUCERO,2023-03-19,00:00:00,MASCULINO,2023,1
-74.07559999999995,4.601949999848926,17,CANDELARIA,94,LA CANDELARIA,2023-09-09,00:00:00,MASCULINO,2023,1
-74.01589999999999,4.735239999844576,01,USAQUÉN,11,SAN CRISTOBAL NORTE,2023-08-08,00:00:00,MASCULINO,2023,1
-74.17919999999998,4.579989999849664,19,CIUDAD BOLÍVAR,69,ISMAEL PERDOMO,2023-02-28,00:00:00,MASCULINO,2023,1
-74.14609999999993,4.548389999850666,19,CIUDAD BOLÍVAR,67,LUCERO,2023-01-22,00:00:00,MASCULINO,2023,1
-74.16109999999998,4.571489999849906,19,CIUDAD BOLÍVAR,70,JERUSALEM,2023-01-26,00:00:00,MASCULINO,2023,1
-74.18519999999995,4.607929999848754,07,BOSA,85,BOSA CENTRAL,2023-09-24,00:00:00,MASCULINO,2023,1
-74.10939999999994,4.564659999850152,18,RAFAEL URIBE URIBE,53,MARCO FIDEL SUAREZ,2023-09-28,00:00:00,MASCULINO,2023,1
-74.13659999999999,4.712869999845343,10,ENGATIVÁ,74,ENGATIVA,2023-01-22,00:00:00,MASCULINO,2023,1
-74.03059999999994,4.740229999844438,01,USAQUÉN,11,SAN CRISTOBAL NORTE,2023-02-06,00:00:00,MASCULINO,2023,1
-74.17269999999996,4.637999999847747,08,KENNEDY,82,PATIO BONITO,2023-04-13,00:00:00,MASCULINO,2023,1
-74.21029999999996,4.617529999848425,07,BOSA,87,TINTAL SUR,2023-03-04,00:00:00,MASCULINO,2023,1
-74.15839999999997,4.640349999847702,08,KENNEDY,82,PATIO BONITO,2023-05-16,00:00:00,MASCULINO,2023,1
-74.12059999999997,4.523129999851482,05,USME,57,GRAN YOMASA,2023-03-05,00:00:00,MASCULINO,2023,1
-74.07559999999995,4.610899999848658,14,LOS MÁRTIRES,102,LA SABANA,2023-08-30,00:00:00,MASCULINO,2023,1
-74.18769999999995,4.600439999848976,07,BOSA,85,BOSA CENTRAL,2023-08-13,00:00:00,MASCULINO,2023,1
-74.09429999999998,4.515359999851744,05,USME,52,LA FLORA,2023-05-28,00:00:00,MASCULINO,2023,1
-74.09799999999996,4.495369999852384,05,USME,61,CIUDAD USME,2023-02-12,00:00:00,MASCULINO,2023,1
-74.11159999999995,4.569019999849975,18,RAFAEL URIBE URIBE,53,MARCO FIDEL SUAREZ,2023-07-22,00:00:00,MASCULINO,2023,1
-74.17989999999998,4.647639999847426,08,KENNEDY,82,PATIO BONITO,2023-05-04,00:00:00,MASCULINO,2023,1
-74.20969999999994,4.607419999848757,07,BOSA,85,BOSA CENTRAL,2023-01-01,00:00:00,MASCULINO,2023,1
-74.08489999999995,4.59286999984924,03,SANTA FE,95,LAS CRUCES,2023-03-22,00:00:00,MASCULINO,2023,1
-74.10449999999997,4.575689999849801,18,RAFAEL URIBE URIBE,36,SAN JOSE,2023-09-26,00:00:00,MASCULINO,2023,1
-74.02409999999998,4.666749999846812,02,CHAPINERO,89,SAN ISIDRO - PATIOS,2023-06-05,00:00:00,MASCULINO,2023,1
-74.13279999999997,4.708819999845467,10,ENGATIVÁ,74,ENGATIVA,2023-04-24,00:00:00,MASCULINO,2023,1
-74.20559999999995,4.618339999848395,07,BOSA,87,TINTAL SUR,2023-01-01,00:00:00,MASCULINO,2023,1
-74.12419999999997,4.564229999850172,18,RAFAEL URIBE URIBE,54,MARRUECOS,2023-07-24,00:00:00,MASCULINO,2023,1
-74.08729999999997,4.607259999848759,14,LOS MÁRTIRES,102,LA SABANA,2023-04-23,00:00:00,MASCULINO,2023,1
-74.14229999999998,4.610839999848644,08,KENNEDY,45,CARVAJAL,2023-06-23,00:00:00,MASCULINO,2023,1
-74.09249999999997,4.585339999849457,15,ANTONIO NARIÑO,35,CIUDAD JARDIN,2023-08-20,00:00:00,MASCULINO,2023,1
-74.12289999999996,4.741419999844402,11,SUBA,71,TIBABUYES,2023-04-23,00:00:00,MASCULINO,2023,1
-74.17729999999995,4.612969999848601,08,KENNEDY,81,GRAN BRITALIA,2023-05-05,00:00:00,MASCULINO,2023,1
-74.06799999999998,4.563639999850158,04,SAN CRISTÓBAL,993,SIN UPZ SAN CRISTOBAL,2023-04-23,00:00:00,MASCULINO,2023,1
-74.16039999999998,4.549139999850628,19,CIUDAD BOLÍVAR,67,LUCERO,2023-07-03,00:00:00,MASCULINO,2023,1
-74.15759999999995,4.561739999850228,19,CIUDAD BOLÍVAR,70,JERUSALEM,2023-04-26,00:00:00,MASCULINO,2023,1
-74.11799999999994,4.605749999848818,16,PUENTE ARANDA,40,CIUDAD MONTES,2023-06-22,00:00:00,MASCULINO,2023,1
-74.11269999999996,4.51325999985183,05,USME,57,GRAN YOMASA,2023-03-24,00:00:00,MASCULINO,2023,1
-74.18129824699997,4.636597817847794,07,BOSA,86,EL PORVENIR,2020-10-06,00:00:00,MASCULINO,2020,1
-74.13517781799999,4.53472517985114,19,CIUDAD BOLÍVAR,68,EL TESORO,2018-11-13,00:00:00,MASCULINO,2018,1
-74.10809999999998,4.74295999984433,11,SUBA,71,TIBABUYES,2022-05-30,00:00:00,MASCULINO,2022,1
-74.13792007699993,4.545601597850794,19,CIUDAD BOLÍVAR,68,EL TESORO,2018-08-04,00:00:00,MASCULINO,2018,1
-74.16754119299998,4.625704160848154,08,KENNEDY,80,CORABASTOS,2019-05-29,00:00:00,MASCULINO,2019,1
-74.10218336499997,4.509249912851975,05,USME,57,GRAN YOMASA,2018-01-17,00:00:00,MASCULINO,2018,1
-74.10725522399997,4.507180768852024,05,USME,57,GRAN YOMASA,2021-11-14,00:00:00,MASCULINO,2021,1
-74.09865444199994,4.715362926845251,10,ENGATIVÁ,29,MINUTO DE DIOS,2019-04-06,00:00:00,MASCULINO,2019,1
-74.16965111999997,4.570796200849962,19,CIUDAD BOLÍVAR,70,JERUSALEM,2021-02-04,00:00:00,MASCULINO,2021,1
-74.08489999999995,4.599739999849012,14,LOS MÁRTIRES,102,LA SABANA,2022-10-01,00:00:00,MASCULINO,2022,1
-74.12528852299994,4.574262726849854,18,RAFAEL URIBE URIBE,39,QUIROGA,2020-02-18,00:00:00,MASCULINO,2020,1
-74.19689999999997,4.610629999848667,07,BOSA,85,BOSA CENTRAL,2022-04-09,00:00:00,MASCULINO,2022,1
-74.08813259299995,4.581622793849603,04,SAN CRISTÓBAL,33,SOSIEGO,2021-08-09,00:00:00,MASCULINO,2021,1
-74.11788751599994,4.5112128418518544,05,USME,57,GRAN YOMASA,2021-07-25,00:00:00,MASCULINO,2021,1
-74.17831621499994,4.644899027847538,08,KENNEDY,82,PATIO BONITO,2018-03-04,00:00:00,MASCULINO,2018,1
-74.11249999999995,4.564999999850145,18,RAFAEL URIBE URIBE,53,MARCO FIDEL SUAREZ,2022-02-05,00:00:00,MASCULINO,2022,1
-74.08071359099995,4.59620467184913,03,SANTA FE,93,LAS NIEVES,2018-02-17,00:00:00,MASCULINO,2018,1
-74.09910793599994,4.588045301849401,15,ANTONIO NARIÑO,38,RESTREPO,2019-08-03,00:00:00,MASCULINO,2019,1
-74.13271555699998,4.704543760845567,10,ENGATIVÁ,74,ENGATIVA,2019-06-23,00:00:00,MASCULINO,2019,1
-74.13658396099999,4.712679600845323,10,ENGATIVÁ,74,ENGATIVA,2018-01-17,00:00:00,MASCULINO,2018,1
-74.15313279699996,4.538950582850959,19,CIUDAD BOLÍVAR,67,LUCERO,2019-11-22,00:00:00,MASCULINO,2019,1
-74.17108034299997,4.631329623847972,08,KENNEDY,82,PATIO BONITO,2019-10-22,00:00:00,MASCULINO,2019,1
-74.08509999999995,4.74160999984438,11,SUBA,27,SUBA,2022-09-02,00:00:00,MASCULINO,2022,1
-74.10332188799998,4.583548857849515,15,ANTONIO NARIÑO,38,RESTREPO,2018-01-14,00:00:00,MASCULINO,2018,1
-74.08509999999995,4.615269999848519,14,LOS MÁRTIRES,102,LA SABANA,2022-12-24,00:00:00,MASCULINO,2022,1
-74.16200413099995,4.57075964984997,19,CIUDAD BOLÍVAR,70,JERUSALEM,2019-08-10,00:00:00,MASCULINO,2019,1
-74.10291216899998,4.498739589852313,05,USME,59,ALFONSO LOPEZ,2021-03-20,00:00:00,MASCULINO,2021,1
-74.10691427299997,4.634382038847886,16,PUENTE ARANDA,111,PUENTE ARANDA,2020-03-21,00:00:00,MASCULINO,2020,1
-74.13694271099996,4.535837484851095,19,CIUDAD BOLÍVAR,68,EL TESORO,2018-07-08,00:00:00,MASCULINO,2018,1
-74.11989212499998,4.522726242851478,05,USME,57,GRAN YOMASA,2018-02-15,00:00:00,MASCULINO,2018,1
-74.14679116299999,4.5604975278502655,19,CIUDAD BOLÍVAR,66,SAN FRANCISCO,2021-06-30,00:00:00,MASCULINO,2021,1
-74.19932002499996,4.628444560848059,07,BOSA,87,TINTAL SUR,2021-01-01,00:00:00,MASCULINO,2021,1
-74.13384850899996,4.656788375847161,09,FONTIBÓN,112,GRANJAS DE TECHO,2018-03-27,00:00:00,MASCULINO,2018,1
-74.16150524399995,4.549976113850633,19,CIUDAD BOLÍVAR,67,LUCERO,2018-10-22,00:00:00,FEMENINO,2018,1
-74.07948857599996,4.586859542849433,03,SANTA FE,95,LAS CRUCES,2021-01-05,00:00:00,MASCULINO,2021,1
-74.17426666899996,4.64768311284742,08,KENNEDY,82,PATIO BONITO,2020-08-06,00:00:00,MASCULINO,2020,1
-74.15227975699997,4.676288672846511,09,FONTIBÓN,75,FONTIBON,2020-06-25,00:00:00,MASCULINO,2020,1
-74.01710146099998,4.737246891844512,01,USAQUÉN,990,SIN UPZ USAQUEN,2019-10-02,00:00:00,MASCULINO,2019,1
-74.20526737099993,4.6132251298485585,07,BOSA,85,BOSA CENTRAL,2021-01-24,00:00:00,FEMENINO,2021,1
-74.06718899199996,4.583645976849541,03,SANTA FE,96,LOURDES,2021-09-15,00:00:00,MASCULINO,2021,1
-74.13747378799997,4.535366894851093,19,CIUDAD BOLÍVAR,68,EL TESORO,2018-02-20,00:00:00,MASCULINO,2018,1
-74.11158582799999,4.742135015844341,11,SUBA,71,TIBABUYES,2018-08-19,00:00:00,MASCULINO,2018,1
-74.09757472299998,4.5545775758504625,04,SAN CRISTÓBAL,50,LA GLORIA,2021-11-20,00:00:00,MASCULINO,2021,1
-74.16778563699995,4.612654469848583,08,KENNEDY,48,TIMIZA,2018-07-14,00:00:00,MASCULINO,2018,1
-74.09505633299995,4.493881892852435,05,USME,61,CIUDAD USME,2021-01-03,00:00:00,FEMENINO,2021,1
-74.08261027899994,4.676177677846514,12,BARRIOS UNIDOS,22,DOCE DE OCTUBRE,2021-09-09,00:00:00,MASCULINO,2021,1
-74.08772358499994,4.724259036844923,11,SUBA,28,EL RINCON,2019-07-19,00:00:00,MASCULINO,2019,1
-74.18189999999998,4.629199999848022,07,BOSA,84,BOSA OCCIDENTAL,2022-07-17,00:00:00,MASCULINO,2022,1
-74.08212148399997,4.591267405849274,03,SANTA FE,95,LAS CRUCES,2019-11-02,00:00:00,MASCULINO,2019,1
-74.16229999999996,4.538389999851001,19,CIUDAD BOLÍVAR,UPR3,UPR RIO TUNJUELO,2022-03-18,00:00:00,MASCULINO,2022,1
-74.10469999999998,4.741699999844374,11,SUBA,28,EL RINCON,2022-09-26,00:00:00,MASCULINO,2022,1
-74.09084758999995,4.554095424850509,04,SAN CRISTÓBAL,32,SAN BLAS,2019-05-26,00:00:00,FEMENINO,2019,1
-74.02361225999994,4.760767718843771,01,USAQUÉN,9,VERBENAL,2021-06-18,00:00:00,MASCULINO,2021,1
-74.07998890299996,4.603827865848895,14,LOS MÁRTIRES,102,LA SABANA,2021-09-08,00:00:00,MASCULINO,2021,1
-74.15597579099995,4.5451480608507495,19,CIUDAD BOLÍVAR,67,LUCERO,2018-12-25,00:00:00,MASCULINO,2018,1
-74.07990204199996,4.619305163848348,14,LOS MÁRTIRES,102,LA SABANA,2020-02-14,00:00:00,MASCULINO,2020,1
-74.19510944199999,4.620742344848324,07,BOSA,84,BOSA OCCIDENTAL,2018-07-24,00:00:00,MASCULINO,2018,1
-74.06485238899995,4.61591041484846,03,SANTA FE,92,LA MACARENA,2019-11-18,00:00:00,FEMENINO,2019,1
-74.17896429599995,4.647247467847456,08,KENNEDY,82,PATIO BONITO,2020-05-14,00:00:00,MASCULINO,2020,1
-74.14489929599995,4.565799772850098,19,CIUDAD BOLÍVAR,66,SAN FRANCISCO,2018-04-20,00:00:00,MASCULINO,2018,1
-74.06599999999997,4.612249999848626,03,SANTA FE,92,LA MACARENA,2022-04-04,00:00:00,MASCULINO,2022,1
-74.16662492499995,4.611669211848605,08,KENNEDY,48,TIMIZA,2021-04-23,00:00:00,MASCULINO,2021,1
-74.16289066999997,4.637041582847782,08,KENNEDY,82,PATIO BONITO,2020-07-04,00:00:00,MASCULINO,2020,1
-74.17707897599996,4.642359161847618,08,KENNEDY,82,PATIO BONITO,2020-09-06,00:00:00,MASCULINO,2020,1
-74.16964002499998,4.635342186847847,08,KENNEDY,82,PATIO BONITO,2018-03-23,00:00:00,MASCULINO,2018,1
-74.10075889199999,4.584393195849516,15,ANTONIO NARIÑO,38,RESTREPO,2019-03-05,00:00:00,MASCULINO,2019,1
-74.11341916699996,4.572414930849868,18,RAFAEL URIBE URIBE,53,MARCO FIDEL SUAREZ,2020-04-26,00:00:00,MASCULINO,2020,1
-74.11209999999994,4.495329999852376,05,USME,58,COMUNEROS,2022-10-07,00:00:00,FEMENINO,2022,1
-74.07196124599994,4.715782079845233,11,SUBA,24,NIZA,2019-09-18,00:00:00,MASCULINO,2019,1
-74.10779928999995,4.633559264847887,16,PUENTE ARANDA,111,PUENTE ARANDA,2020-09-18,00:00:00,MASCULINO,2020,1
-74.12647249199995,4.5873179998493985,18,RAFAEL URIBE URIBE,39,QUIROGA,2020-08-25,00:00:00,FEMENINO,2020,1
-74.19750770899998,4.641279696847676,07,BOSA,86,EL PORVENIR,2019-10-04,00:00:00,MASCULINO,2019,1
-74.13561653799997,4.706072349845552,10,ENGATIVÁ,74,ENGATIVA,2018-09-02,00:00:00,MASCULINO,2018,1
-74.08227998199999,4.577896936849708,04,SAN CRISTÓBAL,33,SOSIEGO,2020-05-06,00:00:00,MASCULINO,2020,1
-74.02972489299998,4.736006414844543,01,USAQUÉN,11,SAN CRISTOBAL NORTE,2020-12-17,00:00:00,MASCULINO,2020,1
-74.14959999999996,4.556669999850406,19,CIUDAD BOLÍVAR,67,LUCERO,2022-03-24,00:00:00,MASCULINO,2022,1
-74.11406168399998,4.4899391298525675,05,USME,58,COMUNEROS,2021-09-28,00:00:00,FEMENINO,2021,1
-74.14230189899996,4.533135759851173,19,CIUDAD BOLÍVAR,UPR3,UPR RIO TUNJUELO,2018-12-17,00:00:00,MASCULINO,2018,1
-74.08434648699995,4.591971228849233,03,SANTA FE,95,LAS CRUCES,2020-01-01,00:00:00,MASCULINO,2020,1
-74.16264669299994,4.656158776847144,08,KENNEDY,78,TINTAL NORTE,2020-09-30,00:00:00,MASCULINO,2020,1
-74.08479999999997,4.630839999847977,13,TEUSAQUILLO,107,QUINTA PAREDES,2023-07-19,00:00:00,MASCULINO,2023,1
-74.14409999999998,4.563579999850187,19,CIUDAD BOLÍVAR,66,SAN FRANCISCO,2023-02-13,00:00:00,MASCULINO,2023,1
-74.17066351899996,4.560203513850264,19,CIUDAD BOLÍVAR,70,JERUSALEM,2019-05-02,00:00:00,MASCULINO,2019,1
-74.17233069599996,4.638684334847739,08,KENNEDY,82,PATIO BONITO,2021-11-20,00:00:00,MASCULINO,2021,1
-74.15884584899999,4.622518907848288,08,KENNEDY,47,KENNEDY CENTRAL,2021-05-15,00:00:00,MASCULINO,2021,1
-74.09934042299994,4.5930328288492115,15,ANTONIO NARIÑO,38,RESTREPO,2020-07-29,00:00:00,MASCULINO,2020,1
-74.08059999999995,4.590539999849282,03,SANTA FE,95,LAS CRUCES,2022-12-25,00:00:00,MASCULINO,2022,1
-74.11180456099999,4.548387263850668,18,RAFAEL URIBE URIBE,55,DIANA TURBAY,2018-10-31,00:00:00,MASCULINO,2018,1
-74.16546709499994,4.630419399848005,08,KENNEDY,80,CORABASTOS,2019-05-26,00:00:00,MASCULINO,2019,1
-74.07529999999997,4.60291999984889,03,SANTA FE,93,LAS NIEVES,2022-09-24,00:00:00,MASCULINO,2022,1
-74.11515436499997,4.580402228849657,18,RAFAEL URIBE URIBE,39,QUIROGA,2020-01-03,00:00:00,FEMENINO,2020,1
-74.19319999999993,4.622509999848242,07,BOSA,84,BOSA OCCIDENTAL,2022-04-03,00:00:00,MASCULINO,2022,1
-74.14653276999996,4.541608258850895,19,CIUDAD BOLÍVAR,67,LUCERO,2020-08-20,00:00:00,FEMENINO,2020,1
-74.14029999999997,4.644449999847559,08,KENNEDY,46,CASTILLA,2022-06-02,00:00:00,FEMENINO,2022,1
-74.05094352999998,4.745245615844249,11,SUBA,18,BRITALIA,2018-06-01,00:00:00,MASCULINO,2018,1
-74.12617208499995,4.58757466684942,18,RAFAEL URIBE URIBE,39,QUIROGA,2020-08-01,00:00:00,MASCULINO,2020,1
-74.12894237999996,4.6157770898484864,08,KENNEDY,44,AMERICAS,2019-12-28,00:00:00,MASCULINO,2019,1
-74.12609999999995,4.72701999984485,10,ENGATIVÁ,73,GARCES NAVAS,2022-07-23,00:00:00,MASCULINO,2022,1
-74.13990419799995,4.552805098850547,19,CIUDAD BOLÍVAR,67,LUCERO,2019-05-13,00:00:00,MASCULINO,2019,1
-74.16623617299996,4.610058094848671,08,KENNEDY,48,TIMIZA,2020-09-04,00:00:00,MASCULINO,2020,1
-74.12578579599995,4.698493222845809,10,ENGATIVÁ,74,ENGATIVA,2019-05-20,00:00:00,MASCULINO,2019,1
-74.15461428699996,4.632717247847942,08,KENNEDY,46,CASTILLA,2021-11-13,00:00:00,MASCULINO,2021,1
-74.16277660699996,4.569412114849977,19,CIUDAD BOLÍVAR,70,JERUSALEM,2019-11-01,00:00:00,MASCULINO,2019,1
-74.06753322799995,4.611395807848628,03,SANTA FE,92,LA MACARENA,2021-07-19,00:00:00,MASCULINO,2021,1
-74.20396536499999,4.60436600384884,07,BOSA,85,BOSA CENTRAL,2018-03-24,00:00:00,MASCULINO,2018,1
-74.13946009299997,4.580210825849632,06,TUNJUELITO,42,VENECIA,2018-08-02,00:00:00,MASCULINO,2018,1
-74.19005327999997,4.628953814848047,07,BOSA,84,BOSA OCCIDENTAL,2020-03-07,00:00:00,MASCULINO,2020,1
-74.11686168399996,4.568389964850026,18,RAFAEL URIBE URIBE,53,MARCO FIDEL SUAREZ,2021-07-03,00:00:00,MASCULINO,2021,1
-74.16849999999994,4.585599999849471,19,CIUDAD BOLÍVAR,69,ISMAEL PERDOMO,2023-04-09,00:00:00,MASCULINO,2023,1
-74.12056573499996,4.577941361849712,18,RAFAEL URIBE URIBE,39,QUIROGA,2019-02-25,00:00:00,MASCULINO,2019,1
-74.02365538199996,4.73708408684451,01,USAQUÉN,11,SAN CRISTOBAL NORTE,2018-01-28,00:00:00,MASCULINO,2018,1
-74.10696640899994,4.458932458853577,20,SUMAPAZ,999,,2021-03-02,00:00:00,MASCULINO,2021,1
-74.08718426499996,4.5917199098492665,03,SANTA FE,95,LAS CRUCES,2018-09-15,00:00:00,MASCULINO,2018,1
-74.16856066699995,4.56123022085028,19,CIUDAD BOLÍVAR,70,JERUSALEM,2020-06-30,00:00:00,MASCULINO,2020,1
-74.12663750499996,4.649423764847385,09,FONTIBÓN,112,GRANJAS DE TECHO,2021-08-31,00:00:00,MASCULINO,2021,1
-74.14862788899995,4.548551100850665,19,CIUDAD BOLÍVAR,67,LUCERO,2021-09-25,00:00:00,FEMENINO,2021,1
-74.07769347699997,4.58518686284947,03,SANTA FE,95,LAS CRUCES,2021-03-10,00:00:00,MASCULINO,2021,1
-74.11211024899995,4.572527225849865,18,RAFAEL URIBE URIBE,53,MARCO FIDEL SUAREZ,2021-02-26,00:00:00,MASCULINO,2021,1
-74.12636865599995,4.74269409484435,11,SUBA,71,TIBABUYES,2021-04-03,00:00:00,FEMENINO,2021,1
-74.06979073099996,4.626977800848128,13,TEUSAQUILLO,101,TEUSAQUILLO,2021-06-19,00:00:00,MASCULINO,2021,1
-74.07030611299996,4.588598160849365,03,SANTA FE,96,LOURDES,2020-09-06,00:00:00,MASCULINO,2020,1
-74.16637682099997,4.615772569848481,08,KENNEDY,47,KENNEDY CENTRAL,2021-06-24,00:00:00,MASCULINO,2021,1
-74.10601645799994,4.602892668848875,16,PUENTE ARANDA,40,CIUDAD MONTES,2020-02-25,00:00:00,MASCULINO,2020,1
-74.20185208499998,4.621231163848303,07,BOSA,84,BOSA OCCIDENTAL,2020-05-12,00:00:00,FEMENINO,2020,1
-74.16106417799995,4.635621110847826,08,KENNEDY,80,CORABASTOS,2021-05-28,00:00:00,MASCULINO,2021,1
-74.15139266099999,4.551460899850575,19,CIUDAD BOLÍVAR,67,LUCERO,2018-08-04,00:00:00,MASCULINO,2018,1
-74.20239359099998,4.606098463848817,07,BOSA,85,BOSA CENTRAL,2018-04-09,00:00:00,MASCULINO,2018,1
-74.11220372799994,4.536462545851064,05,USME,56,DANUBIO,2019-08-19,00:00:00,MASCULINO,2019,1
-74.13173990499996,4.618793666848368,08,KENNEDY,44,AMERICAS,2021-05-21,00:00:00,MASCULINO,2021,1
-74.09086433099998,4.595709057849151,14,LOS MÁRTIRES,37,SANTA ISABEL,2021-03-31,00:00:00,MASCULINO,2021,1
-74.11053508499998,4.508036325851961,05,USME,57,GRAN YOMASA,2019-04-27,00:00:00,MASCULINO,2019,1
-74.07236144999996,4.579584447849653,03,SANTA FE,96,LOURDES,2018-12-19,00:00:00,MASCULINO,2018,1
-74.15900211399997,4.578345090849724,19,CIUDAD BOLÍVAR,70,JERUSALEM,2020-08-02,00:00:00,MASCULINO,2020,1
-74.13898655399998,4.53767171485102,19,CIUDAD BOLÍVAR,68,EL TESORO,2020-08-17,00:00:00,MASCULINO,2020,1
-74.10232251099995,4.616304715848472,16,PUENTE ARANDA,108,ZONA INDUSTRIAL,2020-10-19,00:00:00,MASCULINO,2020,1
-74.12144549999994,4.577903930849699,18,RAFAEL URIBE URIBE,39,QUIROGA,2019-03-01,00:00:00,MASCULINO,2019,1
-74.17027849699997,4.631137854847951,08,KENNEDY,82,PATIO BONITO,2021-12-09,00:00:00,MASCULINO,2021,1
-74.11918738399999,4.509396565851921,05,USME,58,COMUNEROS,2019-09-28,00:00:00,FEMENINO,2019,1
-74.13764533299997,4.593715344849169,06,TUNJUELITO,42,VENECIA,2021-10-08,00:00:00,MASCULINO,2021,1
-74.19871245799999,4.630001080848017,07,BOSA,87,TINTAL SUR,2019-12-07,00:00:00,MASCULINO,2019,1
-74.01818573699995,4.742607497844347,01,USAQUÉN,11,SAN CRISTOBAL NORTE,2021-12-25,00:00:00,MASCULINO,2021,1
-74.11659999999995,4.5627199998502315,18,RAFAEL URIBE URIBE,54,MARRUECOS,2022-12-18,00:00:00,MASCULINO,2022,1
-74.01948891499995,4.736683152844551,01,USAQUÉN,11,SAN CRISTOBAL NORTE,2020-05-07,00:00:00,MASCULINO,2020,1
-74.08689999999996,4.695909999845852,10,ENGATIVÁ,26,LAS FERIAS,2022-03-17,00:00:00,MASCULINO,2022,1
-74.06389043099995,4.753888301844003,11,SUBA,18,BRITALIA,2019-03-28,00:00:00,FEMENINO,2019,1
-74.09931740399998,4.681481371846353,10,ENGATIVÁ,30,BOYACA REAL,2018-07-17,00:00:00,MASCULINO,2018,1
-74.13789999999995,4.547489999850696,19,CIUDAD BOLÍVAR,67,LUCERO,2022-05-15,00:00:00,MASCULINO,2022,1
-74.19212672899994,4.63016372384802,07,BOSA,86,EL PORVENIR,2020-09-20,00:00:00,MASCULINO,2020,1
-74.04301756899997,4.704139073845632,01,USAQUÉN,16,SANTA BARBARA,2020-01-16,00:00:00,MASCULINO,2020,1
-74.11104560899997,4.575311084849816,18,RAFAEL URIBE URIBE,36,SAN JOSE,2018-08-22,00:00:00,MASCULINO,2018,1
-74.11855801799999,4.491461233852519,05,USME,58,COMUNEROS,2018-12-25,00:00:00,MASCULINO,2018,1
-74.20264919699997,4.6148147728484945,07,BOSA,85,BOSA CENTRAL,2021-03-22,00:00:00,MASCULINO,2021,1
-74.17119999999994,4.6239299998481975,08,KENNEDY,81,GRAN BRITALIA,2022-11-17,00:00:00,MASCULINO,2022,1
-74.18352149099996,4.627570912848104,07,BOSA,84,BOSA OCCIDENTAL,2020-01-05,00:00:00,MASCULINO,2020,1
-74.15918515399994,4.598852761849015,07,BOSA,49,APOGEO,2021-06-26,00:00:00,MASCULINO,2021,1
-74.07368013999996,4.603041670848874,03,SANTA FE,93,LAS NIEVES,2021-04-15,00:00:00,MASCULINO,2021,1
-74.15076250799996,4.7171459238451545,10,ENGATIVÁ,74,ENGATIVA,2020-06-14,00:00:00,MASCULINO,2020,1
-74.14822492299999,4.546323010850721,19,CIUDAD BOLÍVAR,67,LUCERO,2019-01-05,00:00:00,MASCULINO,2019,1
-74.19511033099997,4.630554286848006,07,BOSA,86,EL PORVENIR,2021-03-03,00:00:00,MASCULINO,2021,1
-74.08559371499996,4.58990185984933,03,SANTA FE,95,LAS CRUCES,2019-02-05,00:00:00,MASCULINO,2019,1
-74.19791532899995,4.615414350848473,07,BOSA,85,BOSA CENTRAL,2019-07-24,00:00:00,MASCULINO,2019,1
-74.17014427999999,4.636855350847809,08,KENNEDY,82,PATIO BONITO,2018-09-16,00:00:00,MASCULINO,2018,1
-74.12206154499995,4.640443578847649,09,FONTIBÓN,112,GRANJAS DE TECHO,2019-03-15,00:00:00,MASCULINO,2019,1
-74.08542499099997,4.726653450844884,11,SUBA,28,EL RINCON,2021-09-19,00:00:00,MASCULINO,2021,1
-74.08454014699998,4.7392653968444725,11,SUBA,27,SUBA,2021-05-15,00:00:00,MASCULINO,2021,1
-74.16179999999997,4.603429999848897,07,BOSA,49,APOGEO,2022-05-06,00:00:00,MASCULINO,2022,1
-74.20260846799994,4.621902208848279,07,BOSA,84,BOSA OCCIDENTAL,2018-01-11,00:00:00,MASCULINO,2018,1
-74.17679874599997,4.6508142238473384,08,KENNEDY,82,PATIO BONITO,2021-11-30,00:00:00,FEMENINO,2021,1
-74.09961015799996,4.5557921108504615,04,SAN CRISTÓBAL,50,LA GLORIA,2021-05-20,00:00:00,MASCULINO,2021,1
-74.10101109499993,4.552786953850539,04,SAN CRISTÓBAL,50,LA GLORIA,2019-12-25,00:00:00,MASCULINO,2019,1
-74.14734575599994,4.539012942850971,19,CIUDAD BOLÍVAR,68,EL TESORO,2019-12-21,00:00:00,MASCULINO,2019,1
-74.17502644199999,4.5877755558494,19,CIUDAD BOLÍVAR,69,ISMAEL PERDOMO,2021-03-09,00:00:00,MASCULINO,2021,1
-74.18399999999997,4.630239999848034,07,BOSA,84,BOSA OCCIDENTAL,2022-01-18,00:00:00,MASCULINO,2022,1
-74.14159999999998,4.67531999984655,09,FONTIBÓN,75,FONTIBON,2022-01-17,00:00:00,MASCULINO,2022,1
-74.04631301499995,4.765567724843601,11,SUBA,17,SAN JOSE DE BAVARIA,2021-06-24,00:00:00,MASCULINO,2021,1
-74.12667902399994,4.4695634558532475,05,USME,61,CIUDAD USME,2019-01-01,00:00:00,MASCULINO,2019,1
-74.09470594099997,4.622900984848261,16,PUENTE ARANDA,108,ZONA INDUSTRIAL,2021-09-17,00:00:00,MASCULINO,2021,1
-74.14199999999994,4.563819999850146,19,CIUDAD BOLÍVAR,66,SAN FRANCISCO,2022-09-11,00:00:00,MASCULINO,2022,1
-74.17439999999993,4.641599999847633,08,KENNEDY,82,PATIO BONITO,2022-12-30,00:00:00,MASCULINO,2022,1
-74.16003411699995,4.576215499849769,19,CIUDAD BOLÍVAR,70,JERUSALEM,2021-07-11,00:00:00,MASCULINO,2021,1
-74.11825397499996,4.5104126498519,05,USME,57,GRAN YOMASA,2018-11-04,00:00:00,MASCULINO,2018,1
-74.12133135699997,4.5195124018516,05,USME,57,GRAN YOMASA,2020-06-14,00:00:00,MASCULINO,2020,1
-74.12184063799998,4.612969833848591,16,PUENTE ARANDA,43,SAN RAFAEL,2019-10-14,00:00:00,MASCULINO,2019,1
-74.10689100799993,4.581890407849586,18,RAFAEL URIBE URIBE,39,QUIROGA,2018-01-14,00:00:00,MASCULINO,2018,1
-74.16943988799994,4.566346967850095,19,CIUDAD BOLÍVAR,70,JERUSALEM,2018-12-27,00:00:00,MASCULINO,2018,1
-74.14993811799997,4.541249767850914,19,CIUDAD BOLÍVAR,67,LUCERO,2020-08-22,00:00:00,MASCULINO,2020,1
-74.18549313599993,4.606106874848773,07,BOSA,85,BOSA CENTRAL,2018-11-16,00:00:00,MASCULINO,2018,1
-74.11680904199994,4.573357552849863,18,RAFAEL URIBE URIBE,53,MARCO FIDEL SUAREZ,2020-06-10,00:00:00,MASCULINO,2020,1
-74.15765544999994,4.657948857847122,08,KENNEDY,78,TINTAL NORTE,2021-07-19,00:00:00,MASCULINO,2021,1
-74.05264111699995,4.774308453843322,11,SUBA,2,LA ACADEMIA,2020-09-25,00:00:00,FEMENINO,2020,1
-74.10016448999994,4.547781371850673,04,SAN CRISTÓBAL,50,LA GLORIA,2018-07-02,00:00:00,MASCULINO,2018,1
-74.09199999999998,4.750859999844082,11,SUBA,27,SUBA,2022-07-04,00:00:00,MASCULINO,2022,1
-74.10461807199994,4.580323663849633,18,RAFAEL URIBE URIBE,39,QUIROGA,2021-02-26,00:00:00,MASCULINO,2021,1
-74.10589999999996,4.600589999848998,16,PUENTE ARANDA,40,CIUDAD MONTES,2022-01-13,00:00:00,MASCULINO,2022,1
-74.11079999999998,4.567019999850093,18,RAFAEL URIBE URIBE,53,MARCO FIDEL SUAREZ,2022-06-10,00:00:00,MASCULINO,2022,1
-74.17618727099995,4.589121943849363,19,CIUDAD BOLÍVAR,69,ISMAEL PERDOMO,2019-12-19,00:00:00,MASCULINO,2019,1
-74.14602614699999,4.5582727688503475,19,CIUDAD BOLÍVAR,66,SAN FRANCISCO,2021-07-01,00:00:00,MASCULINO,2021,1
-74.14092544799996,4.686182374846188,09,FONTIBÓN,75,FONTIBON,2020-06-28,00:00:00,MASCULINO,2020,1
-74.08662547599994,4.689483409846067,10,ENGATIVÁ,26,LAS FERIAS,2018-03-29,00:00:00,MASCULINO,2018,1
-74.08905925499994,4.501862704852209,05,USME,52,LA FLORA,2018-12-15,00:00:00,MASCULINO,2018,1
-74.11796915099995,4.503841872852132,05,USME,58,COMUNEROS,2020-11-15,00:00:00,MASCULINO,2020,1
-74.12027953799998,4.583894882849494,18,RAFAEL URIBE URIBE,39,QUIROGA,2021-04-23,00:00:00,MASCULINO,2021,1
-74.13528582699996,4.614170791848523,08,KENNEDY,44,AMERICAS,2018-01-21,00:00:00,MASCULINO,2018,1
-74.15790888499998,4.575041495849796,19,CIUDAD BOLÍVAR,70,JERUSALEM,2021-05-05,00:00:00,MASCULINO,2021,1
-74.08999922299995,4.704036916845613,10,ENGATIVÁ,29,MINUTO DE DIOS,2019-12-08,00:00:00,MASCULINO,2019,1
-74.09897655499998,4.741966998844384,11,SUBA,28,EL RINCON,2018-03-29,00:00:00,MASCULINO,2018,1
-74.10758639399995,4.756115182843887,11,SUBA,71,TIBABUYES,2018-03-16,00:00:00,MASCULINO,2018,1
-74.19851473799997,4.603496818848879,07,BOSA,85,BOSA CENTRAL,2020-11-11,00:00:00,MASCULINO,2020,1
-74.16641245099999,4.6241036708482195,08,KENNEDY,80,CORABASTOS,2019-06-15,00:00:00,MASCULINO,2019,1
-74.03739999999993,4.760229999843766,01,USAQUÉN,9,VERBENAL,2022-04-19,00:00:00,FEMENINO,2022,1
-74.18904476999995,4.628376347848096,07,BOSA,84,BOSA OCCIDENTAL,2018-09-30,00:00:00,MASCULINO,2018,1
-74.17277496699995,4.585959606849465,19,CIUDAD BOLÍVAR,69,ISMAEL PERDOMO,2019-10-20,00:00:00,MASCULINO,2019,1
-74.07083338099994,4.545693764850782,04,SAN CRISTÓBAL,993,SIN UPZ SAN CRISTOBAL,2018-04-03,00:00:00,MASCULINO,2018,1
-74.12129492199995,4.562236448850243,18,RAFAEL URIBE URIBE,54,MARRUECOS,2020-10-24,00:00:00,MASCULINO,2020,1
-74.08824724599998,4.598410603849033,14,LOS MÁRTIRES,37,SANTA ISABEL,2018-05-10,00:00:00,MASCULINO,2018,1
-74.16584260399998,4.629702913848038,08,KENNEDY,80,CORABASTOS,2019-10-21,00:00:00,MASCULINO,2019,1
-74.10043458399997,4.583114568849524,15,ANTONIO NARIÑO,38,RESTREPO,2021-09-24,00:00:00,MASCULINO,2021,1
-74.12405065299998,4.742202878844364,11,SUBA,71,TIBABUYES,2020-02-15,00:00:00,MASCULINO,2020,1
-74.09526387299996,4.671670942846649,10,ENGATIVÁ,26,LAS FERIAS,2020-10-07,00:00:00,MASCULINO,2020,1
-74.11139999999995,4.568719999850012,18,RAFAEL URIBE URIBE,53,MARCO FIDEL SUAREZ,2022-12-31,00:00:00,MASCULINO,2022,1
-74.16297695299994,4.638429991847753,08,KENNEDY,82,PATIO BONITO,2021-10-23,00:00:00,MASCULINO,2021,1
-74.07960415699995,4.608486329848728,14,LOS MÁRTIRES,102,LA SABANA,2021-05-10,00:00:00,MASCULINO,2021,1
-74.17208003499996,4.622087437848277,08,KENNEDY,81,GRAN BRITALIA,2020-11-15,00:00:00,FEMENINO,2020,1
-74.10644732099996,4.499996343852266,05,USME,59,ALFONSO LOPEZ,2020-08-29,00:00:00,MASCULINO,2020,1
-74.09039999999999,4.591139999849286,15,ANTONIO NARIÑO,38,RESTREPO,2022-08-31,00:00:00,MASCULINO,2022,1
-74.10976864899999,4.545393034850806,18,RAFAEL URIBE URIBE,55,DIANA TURBAY,2020-07-05,00:00:00,MASCULINO,2020,1
-74.11779999999999,4.74685999984419,11,SUBA,71,TIBABUYES,2022-01-15,00:00:00,MASCULINO,2022,1
-74.12401983699993,4.5612970198502385,18,RAFAEL URIBE URIBE,54,MARRUECOS,2021-05-31,00:00:00,FEMENINO,2021,1
-74.13018053199994,4.743577848844348,11,SUBA,71,TIBABUYES,2019-06-05,00:00:00,MASCULINO,2019,1
-74.07575057699995,4.586757888849446,03,SANTA FE,96,LOURDES,2020-01-25,00:00:00,MASCULINO,2020,1
-74.08016039999995,4.6089831468487175,14,LOS MÁRTIRES,102,LA SABANA,2020-08-16,00:00:00,MASCULINO,2020,1
-74.10063684099998,4.48858088585259,05,USME,59,ALFONSO LOPEZ,2018-05-16,00:00:00,FEMENINO,2018,1
-74.16014112699997,4.590355410849339,19,CIUDAD BOLÍVAR,65,ARBORIZADORA,2020-06-23,00:00:00,MASCULINO,2020,1
-74.13646599899994,4.542757897850849,19,CIUDAD BOLÍVAR,68,EL TESORO,2019-01-01,00:00:00,MASCULINO,2019,1
-74.16106908199998,4.634763375847839,08,KENNEDY,80,CORABASTOS,2019-10-18,00:00:00,MASCULINO,2019,1
-74.10803600899999,4.513299459851807,05,USME,57,GRAN YOMASA,2020-12-30,00:00:00,MASCULINO,2020,1
-74.12477218899994,4.563618672850198,18,RAFAEL URIBE URIBE,54,MARRUECOS,2021-06-17,00:00:00,MASCULINO,2021,1
-74.16967221199997,4.6372617118477875,08,KENNEDY,82,PATIO BONITO,2018-06-15,00:00:00,MASCULINO,2018,1
-74.01502112199995,4.758152934843853,01,USAQUÉN,990,SIN UPZ USAQUEN,2020-06-19,00:00:00,MASCULINO,2020,1
-74.10708106099997,4.509905450851945,05,USME,57,GRAN YOMASA,2019-02-02,00:00:00,MASCULINO,2019,1
-74.13576018699996,4.709847952845439,10,ENGATIVÁ,74,ENGATIVA,2020-02-16,00:00:00,MASCULINO,2020,1
-74.09949977599996,4.737195590844526,11,SUBA,28,EL RINCON,2018-02-25,00:00:00,MASCULINO,2018,1
-74.15240217599995,4.547672515850683,19,CIUDAD BOLÍVAR,67,LUCERO,2021-07-04,00:00:00,MASCULINO,2021,1
-74.09709891499995,4.546534254850729,04,SAN CRISTÓBAL,51,LOS LIBERTADORES,2021-09-22,00:00:00,MASCULINO,2021,1
-74.14849642299998,4.53686053385103,19,CIUDAD BOLÍVAR,68,EL TESORO,2019-10-30,00:00:00,MASCULINO,2019,1
-74.07009999999997,4.637069999847793,13,TEUSAQUILLO,100,GALERIAS,2022-02-22,00:00:00,FEMENINO,2022,1
-74.13788969399997,4.543434112850828,19,CIUDAD BOLÍVAR,68,EL TESORO,2019-12-16,00:00:00,MASCULINO,2019,1
-74.06619999999998,4.616419999848475,03,SANTA FE,92,LA MACARENA,2022-04-19,00:00:00,MASCULINO,2022,1
-74.12133071299996,4.592060981849231,15,ANTONIO NARIÑO,38,RESTREPO,2021-09-06,00:00:00,MASCULINO,2021,1
-74.11437358099994,4.590368724849335,15,ANTONIO NARIÑO,38,RESTREPO,2019-11-09,00:00:00,MASCULINO,2019,1
-74.17012870399998,4.553381353850523,19,CIUDAD BOLÍVAR,70,JERUSALEM,2021-12-17,00:00:00,MASCULINO,2021,1
-74.02941234199994,4.737515306844491,01,USAQUÉN,11,SAN CRISTOBAL NORTE,2020-01-17,00:00:00,MASCULINO,2020,1
-74.09824569199998,4.483981584852759,05,USME,61,CIUDAD USME,2020-02-21,00:00:00,MASCULINO,2020,1
-74.12556413799996,4.568716204850012,18,RAFAEL URIBE URIBE,54,MARRUECOS,2018-01-14,00:00:00,MASCULINO,2018,1
-74.14470488199998,4.570633161849942,19,CIUDAD BOLÍVAR,65,ARBORIZADORA,2019-11-08,00:00:00,MASCULINO,2019,1
-74.17319999999995,4.641969999847651,08,KENNEDY,82,PATIO BONITO,2022-10-30,00:00:00,MASCULINO,2022,1
-74.07306308499994,4.508930673851966,04,SAN CRISTÓBAL,993,SIN UPZ SAN CRISTOBAL,2019-10-12,00:00:00,MASCULINO,2019,1
-74.06657154499999,4.5900450548493525,03,SANTA FE,96,LOURDES,2018-04-09,00:00:00,MASCULINO,2018,1
-74.15558908499997,4.605072739848806,08,KENNEDY,48,TIMIZA,2020-01-10,00:00:00,MASCULINO,2020,1
-74.14729999999997,4.5603099998503085,19,CIUDAD BOLÍVAR,66,SAN FRANCISCO,2022-01-01,00:00:00,MASCULINO,2022,1
-74.13685837399998,4.712316617845338,10,ENGATIVÁ,74,ENGATIVA,2020-05-10,00:00:00,MASCULINO,2020,1
-74.08364223999996,4.6067343718487885,14,LOS MÁRTIRES,102,LA SABANA,2021-10-01,00:00:00,FEMENINO,2021,1
-74.16813151399998,4.564550965850169,19,CIUDAD BOLÍVAR,70,JERUSALEM,2020-01-25,00:00:00,MASCULINO,2020,1
-74.14486645199997,4.555565027850439,19,CIUDAD BOLÍVAR,67,LUCERO,2018-04-08,00:00:00,MASCULINO,2018,1
-74.18377748399996,4.621045704848288,07,BOSA,84,BOSA OCCIDENTAL,2018-07-29,00:00:00,MASCULINO,2018,1
-74.21368586199998,4.615256380848499,07,BOSA,85,BOSA CENTRAL,2018-01-20,00:00:00,FEMENINO,2018,1
-74.09011586999998,4.521751648851561,04,SAN CRISTÓBAL,51,LOS LIBERTADORES,2020-12-26,00:00:00,MASCULINO,2020,1
-74.13402896899998,4.560914671850235,06,TUNJUELITO,62,TUNJUELITO,2021-06-13,00:00:00,FEMENINO,2021,1
-74.08984233599995,4.530610718851247,04,SAN CRISTÓBAL,51,LOS LIBERTADORES,2020-12-02,00:00:00,MASCULINO,2020,1
-74.11714055799996,4.554874743850486,18,RAFAEL URIBE URIBE,54,MARRUECOS,2021-06-26,00:00:00,MASCULINO,2021,1
-74.11989999999997,4.572669999849912,18,RAFAEL URIBE URIBE,53,MARCO FIDEL SUAREZ,2022-06-21,00:00:00,MASCULINO,2022,1
-74.18809446599994,4.602956276848882,07,BOSA,85,BOSA CENTRAL,2018-12-08,00:00:00,FEMENINO,2018,1
-74.07279999999997,4.674619999846577,12,BARRIOS UNIDOS,22,DOCE DE OCTUBRE,2022-08-21,00:00:00,MASCULINO,2022,1
-74.09171602399994,4.543506395850839,04,SAN CRISTÓBAL,50,LA GLORIA,2021-02-22,00:00:00,MASCULINO,2021,1
-74.17412928499994,4.643575585847578,08,KENNEDY,82,PATIO BONITO,2020-11-22,00:00:00,MASCULINO,2020,1
-74.16639344299995,4.5657648258500805,19,CIUDAD BOLÍVAR,70,JERUSALEM,2020-03-09,00:00:00,MASCULINO,2020,1
-74.06010454499994,4.541608228850926,04,SAN CRISTÓBAL,993,SIN UPZ SAN CRISTOBAL,2018-12-07,00:00:00,MASCULINO,2018,1
-74.07870244899993,4.642936259847603,13,TEUSAQUILLO,100,GALERIAS,2021-06-20,00:00:00,MASCULINO,2021,1
-74.17318316299998,4.572669001849893,19,CIUDAD BOLÍVAR,69,ISMAEL PERDOMO,2019-07-10,00:00:00,MASCULINO,2019,1
-74.14069999999998,4.551949999850543,19,CIUDAD BOLÍVAR,67,LUCERO,2022-11-21,00:00:00,MASCULINO,2022,1
-74.04689518899994,4.758330082843825,11,SUBA,17,SAN JOSE DE BAVARIA,2019-08-19,00:00:00,MASCULINO,2019,1
-74.12146507499995,4.51681209685172,05,USME,57,GRAN YOMASA,2021-12-26,00:00:00,MASCULINO,2021,1
-74.11621656799997,4.5237800308514835,05,USME,57,GRAN YOMASA,2018-02-07,00:00:00,MASCULINO,2018,1
-74.12518730999994,4.579718346849645,18,RAFAEL URIBE URIBE,39,QUIROGA,2021-09-05,00:00:00,MASCULINO,2021,1
-74.15757946099995,4.600666168848944,07,BOSA,49,APOGEO,2019-08-17,00:00:00,FEMENINO,2019,1
-74.05037204199994,4.725536653844915,01,USAQUÉN,13,LOS CEDROS,2018-06-15,00:00:00,MASCULINO,2018,1
-74.10216190699998,4.509773998851944,05,USME,57,GRAN YOMASA,2019-09-08,00:00:00,MASCULINO,2019,1
-74.07117316099993,4.583002390849536,03,SANTA FE,96,LOURDES,2018-08-19,00:00:00,MASCULINO,2018,1
-74.14583673399994,4.563358583850206,19,CIUDAD BOLÍVAR,66,SAN FRANCISCO,2018-05-26,00:00:00,FEMENINO,2018,1
-74.12110605199996,4.519031104851651,05,USME,57,GRAN YOMASA,2018-09-23,00:00:00,MASCULINO,2018,1
-74.07308477699996,4.600878526848939,17,CANDELARIA,94,LA CANDELARIA,2018-07-10,00:00:00,MASCULINO,2018,1
-74.12818698499996,4.710624537845393,10,ENGATIVÁ,74,ENGATIVA,2021-09-27,00:00:00,MASCULINO,2021,1
-74.10365544599995,4.5777017778497395,18,RAFAEL URIBE URIBE,36,SAN JOSE,2020-06-21,00:00:00,MASCULINO,2020,1
-74.16172096699995,4.552201692850537,19,CIUDAD BOLÍVAR,67,LUCERO,2020-07-31,00:00:00,MASCULINO,2020,1
-74.11853293199994,4.747705628844198,11,SUBA,71,TIBABUYES,2020-02-28,00:00:00,MASCULINO,2020,1
-74.16276074199999,4.6336158838479005,08,KENNEDY,80,CORABASTOS,2020-09-18,00:00:00,MASCULINO,2020,1
-74.11941141499995,4.555422389850438,18,RAFAEL URIBE URIBE,54,MARRUECOS,2020-01-29,00:00:00,MASCULINO,2020,1
-74.19189634699995,4.624616823848187,07,BOSA,84,BOSA OCCIDENTAL,2018-03-20,00:00:00,MASCULINO,2018,1
-74.09773892499999,4.741365452844414,11,SUBA,28,EL RINCON,2020-09-10,00:00:00,FEMENINO,2020,1
-74.08459999999997,4.726599999844903,11,SUBA,28,EL RINCON,2022-12-04,00:00:00,MASCULINO,2022,1
-74.12319641299996,4.578370756849719,18,RAFAEL URIBE URIBE,996,SIN UPZ RAFAEL URIBE URIBE,2018-05-02,00:00:00,MASCULINO,2018,1
-74.05359862799997,4.724403379844968,11,SUBA,19,EL PRADO,2019-04-01,00:00:00,MASCULINO,2019,1
-74.11985832799996,4.562306830850228,18,RAFAEL URIBE URIBE,54,MARRUECOS,2021-02-10,00:00:00,FEMENINO,2021,1
-74.20173674999995,4.621322061848302,07,BOSA,84,BOSA OCCIDENTAL,2018-04-18,00:00:00,MASCULINO,2018,1
-74.11839075399996,4.585975945849476,18,RAFAEL URIBE URIBE,39,QUIROGA,2019-04-19,00:00:00,MASCULINO,2019,1
-74.11305659699997,4.566989190850083,18,RAFAEL URIBE URIBE,53,MARCO FIDEL SUAREZ,2021-08-01,00:00:00,MASCULINO,2021,1
-74.12731728599994,4.582607868849582,18,RAFAEL URIBE URIBE,996,SIN UPZ RAFAEL URIBE URIBE,2019-01-04,00:00:00,MASCULINO,2019,1
-74.13128397099996,4.59206076184928,06,TUNJUELITO,42,VENECIA,2019-01-17,00:00:00,MASCULINO,2019,1
-74.06379999999996,4.647929999847419,02,CHAPINERO,99,CHAPINERO,2022-07-09,00:00:00,MASCULINO,2022,1
-74.14833544199996,4.545634215850771,19,CIUDAD BOLÍVAR,67,LUCERO,2020-12-03,00:00:00,MASCULINO,2020,1
-74.20519999999993,4.606329999848817,07,BOSA,85,BOSA CENTRAL,2022-06-03,00:00:00,MASCULINO,2022,1
-74.09735320399994,4.750278611844101,11,SUBA,27,SUBA,2020-06-09,00:00:00,FEMENINO,2020,1
-74.18239999999997,4.61945999984837,07,BOSA,84,BOSA OCCIDENTAL,2022-02-05,00:00:00,MASCULINO,2022,1
-74.16063264799999,4.5547201138504905,19,CIUDAD BOLÍVAR,UPR3,UPR RIO TUNJUELO,2020-12-09,00:00:00,MASCULINO,2020,1
-74.16682378799999,4.584418538849526,19,CIUDAD BOLÍVAR,69,ISMAEL PERDOMO,2018-03-01,00:00:00,MASCULINO,2018,1
-74.20913640699996,4.628062192848094,07,BOSA,87,TINTAL SUR,2019-07-31,00:00:00,MASCULINO,2019,1
-74.10607010199993,4.602721560848928,16,PUENTE ARANDA,40,CIUDAD MONTES,2020-08-22,00:00:00,MASCULINO,2020,1
-74.10057511899998,4.5692302008499865,18,RAFAEL URIBE URIBE,36,SAN JOSE,2018-05-07,00:00:00,MASCULINO,2018,1
-74.16388827599997,4.627721533848089,08,KENNEDY,80,CORABASTOS,2020-02-14,00:00:00,MASCULINO,2020,1
-74.11754091299997,4.557670906850367,18,RAFAEL URIBE URIBE,54,MARRUECOS,2018-06-18,00:00:00,MASCULINO,2018,1
-74.07092266599994,4.602677495848927,03,SANTA FE,93,LAS NIEVES,2021-03-11,00:00:00,MASCULINO,2021,1
-74.08717708499995,4.614289177848512,14,LOS MÁRTIRES,102,LA SABANA,2021-06-20,00:00:00,MASCULINO,2021,1
-74.19386422799994,4.637582179847759,07,BOSA,86,EL PORVENIR,2018-02-15,00:00:00,FEMENINO,2018,1
-74.14391751099998,4.711564418845383,10,ENGATIVÁ,74,ENGATIVA,2018-10-31,00:00:00,FEMENINO,2018,1
-74.11362047999995,4.646449893847489,09,FONTIBÓN,112,GRANJAS DE TECHO,2019-07-13,00:00:00,MASCULINO,2019,1
-74.12812969399994,4.458068743853628,20,SUMAPAZ,999,,2020-04-05,00:00:00,MASCULINO,2020,1
-74.13031628499994,4.611476412848623,08,KENNEDY,44,AMERICAS,2021-11-22,00:00:00,FEMENINO,2021,1
-74.08491723399999,4.593631252849222,03,SANTA FE,95,LAS CRUCES,2019-12-25,00:00:00,MASCULINO,2019,1
-74.16265456999997,4.5484788088506996,19,CIUDAD BOLÍVAR,UPR3,UPR RIO TUNJUELO,2018-02-09,00:00:00,MASCULINO,2018,1
-74.17902211099994,4.613674729848573,08,KENNEDY,81,GRAN BRITALIA,2018-04-07,00:00:00,MASCULINO,2018,1
-74.18047614999995,4.64215818584765,08,KENNEDY,83,LAS MARGARITAS,2021-07-10,00:00:00,MASCULINO,2021,1
-74.14852548699997,4.551587715850553,19,CIUDAD BOLÍVAR,67,LUCERO,2019-03-25,00:00:00,MASCULINO,2019,1
-74.07692263599995,4.610495757848674,14,LOS MÁRTIRES,102,LA SABANA,2021-07-17,00:00:00,MASCULINO,2021,1
-74.07865836299999,4.608630239848692,14,LOS MÁRTIRES,102,LA SABANA,2020-01-10,00:00:00,MASCULINO,2020,1
-74.15326879599996,4.577827556849702,19,CIUDAD BOLÍVAR,65,ARBORIZADORA,2019-12-08,00:00:00,MASCULINO,2019,1
-74.07853707399994,4.607744196848735,14,LOS MÁRTIRES,102,LA SABANA,2021-12-06,00:00:00,MASCULINO,2021,1
-74.14319999999998,4.623069999848234,08,KENNEDY,44,AMERICAS,2022-10-11,00:00:00,MASCULINO,2022,1
-74.17039999999997,4.573229999849837,19,CIUDAD BOLÍVAR,69,ISMAEL PERDOMO,2022-10-30,00:00:00,MASCULINO,2022,1
-74.07740721899995,4.610775068848649,14,LOS MÁRTIRES,102,LA SABANA,2018-03-13,00:00:00,MASCULINO,2018,1
-74.10923444099996,4.578158972849689,18,RAFAEL URIBE URIBE,36,SAN JOSE,2018-01-20,00:00:00,MASCULINO,2018,1
-74.14855646499996,4.561686454850224,19,CIUDAD BOLÍVAR,66,SAN FRANCISCO,2021-01-21,00:00:00,MASCULINO,2021,1
-74.17816177299994,4.648251312847436,08,KENNEDY,82,PATIO BONITO,2021-09-22,00:00:00,MASCULINO,2021,1
-74.09439295599998,4.547163996850704,04,SAN CRISTÓBAL,50,LA GLORIA,2018-12-15,00:00:00,MASCULINO,2018,1
-74.16829503199995,4.645404522847494,08,KENNEDY,79,CALANDAIMA,2020-04-06,00:00:00,MASCULINO,2020,1
-74.16189999999995,4.593909999849192,19,CIUDAD BOLÍVAR,69,ISMAEL PERDOMO,2022-07-16,00:00:00,MASCULINO,2022,1
-74.17081412699997,4.651007999847327,08,KENNEDY,79,CALANDAIMA,2020-09-04,00:00:00,MASCULINO,2020,1
-74.14849111099994,4.603949102848861,08,KENNEDY,48,TIMIZA,2020-09-29,00:00:00,FEMENINO,2020,1
-74.08419999999995,4.696769999845864,11,SUBA,25,LA FLORESTA,2022-12-30,00:00:00,MASCULINO,2022,1
-74.11778612899997,4.510164741851898,05,USME,57,GRAN YOMASA,2021-03-29,00:00:00,FEMENINO,2021,1
-74.18115285899995,4.5894941968493095,19,CIUDAD BOLÍVAR,69,ISMAEL PERDOMO,2020-07-30,00:00:00,MASCULINO,2020,1
-74.16581041699999,4.62989540284801,08,KENNEDY,80,CORABASTOS,2020-01-15,00:00:00,MASCULINO,2020,1
-74.10012114499995,4.595684570849139,14,LOS MÁRTIRES,37,SANTA ISABEL,2021-11-06,00:00:00,MASCULINO,2021,1
-74.08286520399997,4.588999443849323,03,SANTA FE,95,LAS CRUCES,2020-09-21,00:00:00,MASCULINO,2020,1
-74.18019999999996,4.603809999848885,07,BOSA,85,BOSA CENTRAL,2022-12-08,00:00:00,FEMENINO,2022,1
-74.08301419299994,4.546378453850724,04,SAN CRISTÓBAL,50,LA GLORIA,2018-10-25,00:00:00,MASCULINO,2018,1
-74.15328103399997,4.562228007850209,19,CIUDAD BOLÍVAR,66,SAN FRANCISCO,2021-11-27,00:00:00,MASCULINO,2021,1
-74.02519999999998,4.673319999846603,02,CHAPINERO,991,SIN UPZ CHAPINERO,2022-10-20,00:00:00,MASCULINO,2022,1
-74.11568049999994,4.539082170851006,05,USME,56,DANUBIO,2019-03-16,00:00:00,MASCULINO,2019,1
-74.17068053099996,4.628575025848036,08,KENNEDY,82,PATIO BONITO,2020-12-13,00:00:00,MASCULINO,2020,1
-74.08666919399997,4.607211387848766,14,LOS MÁRTIRES,102,LA SABANA,2018-04-28,00:00:00,MASCULINO,2018,1
-74.14466528999998,4.563051424850174,19,CIUDAD BOLÍVAR,66,SAN FRANCISCO,2020-02-20,00:00:00,MASCULINO,2020,1
-74.09042745299996,4.516308765851736,05,USME,52,LA FLORA,2018-02-21,00:00:00,MASCULINO,2018,1
-74.10218954699997,4.7293707498447795,11,SUBA,28,EL RINCON,2020-10-19,00:00:00,MASCULINO,2020,1
-74.15939946599997,4.585611450849451,19,CIUDAD BOLÍVAR,65,ARBORIZADORA,2019-01-22,00:00:00,MASCULINO,2019,1
-74.17773983099994,4.645616119847518,08,KENNEDY,82,PATIO BONITO,2021-08-11,00:00:00,MASCULINO,2021,1
-74.14550011899996,4.5419157448508765,19,CIUDAD BOLÍVAR,67,LUCERO,2019-04-06,00:00:00,MASCULINO,2019,1
-74.10631667099995,4.513920917851804,05,USME,57,GRAN YOMASA,2020-10-28,00:00:00,MASCULINO,2020,1
-74.10580290199994,4.500936960852209,05,USME,59,ALFONSO LOPEZ,2021-05-04,00:00:00,MASCULINO,2021,1
-74.19568338899995,4.637349985847789,07,BOSA,86,EL PORVENIR,2020-07-05,00:00:00,MASCULINO,2020,1
-74.13859999999994,4.582099999849553,06,TUNJUELITO,42,VENECIA,2022-09-17,00:00:00,FEMENINO,2022,1
-74.07986065999995,4.590493739849313,03,SANTA FE,95,LAS CRUCES,2018-09-23,00:00:00,MASCULINO,2018,1
-74.07890145799996,4.670437931846682,12,BARRIOS UNIDOS,22,DOCE DE OCTUBRE,2020-02-26,00:00:00,MASCULINO,2020,1
-74.17381258099994,4.616280238848467,08,KENNEDY,81,GRAN BRITALIA,2018-07-06,00:00:00,MASCULINO,2018,1
-74.11264669099995,4.572527225849865,18,RAFAEL URIBE URIBE,53,MARCO FIDEL SUAREZ,2021-01-01,00:00:00,MASCULINO,2021,1
-74.12026228599996,4.744766545844288,11,SUBA,71,TIBABUYES,2018-07-29,00:00:00,MASCULINO,2018,1
-74.15929999999997,4.5878299998493945,19,CIUDAD BOLÍVAR,65,ARBORIZADORA,2022-09-14,00:00:00,MASCULINO,2022,1
-74.18958681399994,4.620974609848342,07,BOSA,84,BOSA OCCIDENTAL,2021-10-16,00:00:00,MASCULINO,2021,1
-74.16419531799994,4.637773626847772,08,KENNEDY,82,PATIO BONITO,2019-06-04,00:00:00,FEMENINO,2019,1
-74.16970032699999,4.573129586849869,19,CIUDAD BOLÍVAR,69,ISMAEL PERDOMO,2020-03-07,00:00:00,MASCULINO,2020,1
-74.17150969499994,4.5816893328495825,19,CIUDAD BOLÍVAR,69,ISMAEL PERDOMO,2018-02-06,00:00:00,MASCULINO,2018,1
-74.14473623999999,4.550249798850594,19,CIUDAD BOLÍVAR,67,LUCERO,2018-03-06,00:00:00,MASCULINO,2018,1
-74.11656488699998,4.6953326938459075,10,ENGATIVÁ,30,BOYACA REAL,2019-02-28,00:00:00,MASCULINO,2019,1
-74.11540418199996,4.543895520850795,18,RAFAEL URIBE URIBE,55,DIANA TURBAY,2018-01-25,00:00:00,MASCULINO,2018,1
-74.11938995799994,4.555422389850445,18,RAFAEL URIBE URIBE,54,MARRUECOS,2020-08-30,00:00:00,MASCULINO,2020,1
-74.19465816099995,4.637443161847797,07,BOSA,86,EL PORVENIR,2019-07-21,00:00:00,MASCULINO,2019,1
-74.15923125899997,4.63928395884774,08,KENNEDY,82,PATIO BONITO,2020-12-25,00:00:00,MASCULINO,2020,1
-74.13868654499998,4.631359662847996,08,KENNEDY,46,CASTILLA,2020-08-07,00:00:00,FEMENINO,2020,1
-74.07461189599996,4.6036921578488865,03,SANTA FE,93,LAS NIEVES,2019-02-26,00:00:00,MASCULINO,2019,1
-74.16810621199994,4.634226299847855,08,KENNEDY,82,PATIO BONITO,2018-01-20,00:00:00,MASCULINO,2018,1
-74.16836122999996,4.647559188847444,08,KENNEDY,79,CALANDAIMA,2020-10-23,00:00:00,MASCULINO,2020,1
-74.20502322799996,4.620741973848327,07,BOSA,87,TINTAL SUR,2019-02-14,00:00:00,MASCULINO,2019,1
-74.10819999999995,4.705029999845547,10,ENGATIVÁ,30,BOYACA REAL,2022-03-12,00:00:00,MASCULINO,2022,1
-74.16672152699994,4.627264792848109,08,KENNEDY,80,CORABASTOS,2021-03-12,00:00:00,MASCULINO,2021,1
-74.10906329899996,4.513077608851825,05,USME,57,GRAN YOMASA,2018-05-16,00:00:00,MASCULINO,2018,1
-74.11612239699997,4.574448408849842,18,RAFAEL URIBE URIBE,53,MARCO FIDEL SUAREZ,2018-02-04,00:00:00,MASCULINO,2018,1
-74.09058471199995,4.515949903851705,05,USME,52,LA FLORA,2019-04-29,00:00:00,MASCULINO,2019,1
-74.07533209899998,4.612439271848615,14,LOS MÁRTIRES,102,LA SABANA,2020-10-24,00:00:00,MASCULINO,2020,1
-74.11382317099998,4.552568453850527,18,RAFAEL URIBE URIBE,54,MARRUECOS,2018-03-02,00:00:00,MASCULINO,2018,1
-74.15629001799994,4.565645215850124,19,CIUDAD BOLÍVAR,70,JERUSALEM,2020-01-27,00:00:00,MASCULINO,2020,1
-74.10960423599994,4.544649395850812,18,RAFAEL URIBE URIBE,55,DIANA TURBAY,2021-09-04,00:00:00,MASCULINO,2021,1
-74.11419999999998,4.747009999844201,11,SUBA,71,TIBABUYES,2022-01-15,00:00:00,MASCULINO,2022,1
-74.11308477999995,4.539775347850945,05,USME,56,DANUBIO,2019-02-08,00:00:00,MASCULINO,2019,1
-74.12512606899998,4.746822417844189,11,SUBA,71,TIBABUYES,2019-10-19,00:00:00,FEMENINO,2019,1
-74.09687162099993,4.7389719178444825,11,SUBA,28,EL RINCON,2018-12-22,00:00:00,MASCULINO,2018,1
-74.14462573499998,4.587832571849367,06,TUNJUELITO,42,VENECIA,2020-06-11,00:00:00,MASCULINO,2020,1
-74.07585880399995,4.609695056848691,14,LOS MÁRTIRES,102,LA SABANA,2018-04-20,00:00:00,MASCULINO,2018,1
-74.07730910299995,4.613732714848526,14,LOS MÁRTIRES,102,LA SABANA,2021-01-06,00:00:00,MASCULINO,2021,1
-74.02636400099993,4.7594081938438215,01,USAQUÉN,9,VERBENAL,2019-04-17,00:00:00,MASCULINO,2019,1
-74.11394611999998,4.74876144484418,11,SUBA,71,TIBABUYES,2020-03-29,00:00:00,MASCULINO,2020,1
-74.06654449799998,4.668080889846786,12,BARRIOS UNIDOS,98,LOS ALCAZARES,2021-12-05,00:00:00,MASCULINO,2021,1
-74.14620812299995,4.596071573849142,08,KENNEDY,45,CARVAJAL,2020-11-29,00:00:00,MASCULINO,2020,1
-74.12401026999999,4.746608576844248,11,SUBA,71,TIBABUYES,2020-04-06,00:00:00,MASCULINO,2020,1
-74.11229999999995,4.746159999844219,11,SUBA,71,TIBABUYES,2022-10-18,00:00:00,MASCULINO,2022,1
-74.08661669899993,4.53615734085106,04,SAN CRISTÓBAL,51,LOS LIBERTADORES,2021-02-21,00:00:00,MASCULINO,2021,1
-74.17805331499994,4.598598507849055,07,BOSA,85,BOSA CENTRAL,2018-11-12,00:00:00,MASCULINO,2018,1
-74.06891811299994,4.581214414849591,03,SANTA FE,96,LOURDES,2020-06-22,00:00:00,FEMENINO,2020,1
-74.12599999999998,4.475149999853055,05,USME,61,CIUDAD USME,2022-04-23,00:00:00,MASCULINO,2022,1
-74.17452698399995,4.586722374849406,19,CIUDAD BOLÍVAR,69,ISMAEL PERDOMO,2019-09-15,00:00:00,MASCULINO,2019,1
-74.16007536599994,4.634258965847892,08,KENNEDY,80,CORABASTOS,2021-06-25,00:00:00,MASCULINO,2021,1
-74.18293258799997,4.621961505848275,07,BOSA,84,BOSA OCCIDENTAL,2021-12-12,00:00:00,MASCULINO,2021,1
-74.14548969299994,4.539201143850984,19,CIUDAD BOLÍVAR,68,EL TESORO,2021-11-02,00:00:00,MASCULINO,2021,1
-74.07467662199997,4.607236612848768,03,SANTA FE,93,LAS NIEVES,2021-12-03,00:00:00,MASCULINO,2021,1
-74.12912652699998,4.7014813268457125,10,ENGATIVÁ,74,ENGATIVA,2018-06-10,00:00:00,MASCULINO,2018,1
-74.11796942499996,4.572510112849863,18,RAFAEL URIBE URIBE,53,MARCO FIDEL SUAREZ,2021-09-16,00:00:00,MASCULINO,2021,1
-74.11714055799996,4.554874743850486,18,RAFAEL URIBE URIBE,54,MARRUECOS,2021-06-26,00:00:00,MASCULINO,2021,1
-74.18026408599997,4.64631725484748,08,KENNEDY,82,PATIO BONITO,2019-04-30,00:00:00,MASCULINO,2019,1
-74.11113521699997,4.569302563849999,18,RAFAEL URIBE URIBE,53,MARCO FIDEL SUAREZ,2021-10-30,00:00:00,MASCULINO,2021,1
-74.13565532299998,4.715475414845257,10,ENGATIVÁ,74,ENGATIVA,2019-01-14,00:00:00,MASCULINO,2019,1
-74.08996406599994,4.596278652849141,14,LOS MÁRTIRES,37,SANTA ISABEL,2021-11-07,00:00:00,MASCULINO,2021,1
-74.17332299999998,4.642887886847577,08,KENNEDY,82,PATIO BONITO,2019-06-22,00:00:00,MASCULINO,2019,1
-74.10985837099997,4.553183678850495,18,RAFAEL URIBE URIBE,54,MARRUECOS,2020-01-28,00:00:00,MASCULINO,2020,1
-74.07876565099997,4.608373579848705,14,LOS MÁRTIRES,102,LA SABANA,2020-03-22,00:00:00,MASCULINO,2020,1
-74.10368871299994,4.575370679849797,18,RAFAEL URIBE URIBE,36,SAN JOSE,2021-09-18,00:00:00,MASCULINO,2021,1
-74.15781395199997,4.565646482850084,19,CIUDAD BOLÍVAR,70,JERUSALEM,2021-11-13,00:00:00,MASCULINO,2021,1
-74.10669999999999,4.615069999848518,16,PUENTE ARANDA,40,CIUDAD MONTES,2022-11-06,00:00:00,MASCULINO,2022,1
-74.17310305899997,4.642256962847593,08,KENNEDY,82,PATIO BONITO,2019-08-12,00:00:00,MASCULINO,2019,1
-74.06419999999997,4.643889999847567,02,CHAPINERO,99,CHAPINERO,2022-09-24,00:00:00,MASCULINO,2022,1
-74.17838668199994,4.589806387849332,19,CIUDAD BOLÍVAR,69,ISMAEL PERDOMO,2019-01-16,00:00:00,MASCULINO,2019,1
-74.10578447599994,4.512131903851862,05,USME,57,GRAN YOMASA,2019-11-13,00:00:00,MASCULINO,2019,1
-74.09532365599995,4.5623667648502035,04,SAN CRISTÓBAL,34,20 DE JULIO,2019-07-20,00:00:00,MASCULINO,2019,1
-74.08929090699996,4.729724422844773,11,SUBA,28,EL RINCON,2020-08-30,00:00:00,MASCULINO,2020,1
-74.19233908199999,4.607374625848726,07,BOSA,85,BOSA CENTRAL,2018-04-22,00:00:00,MASCULINO,2018,1
-74.14775091099995,4.533449943851149,19,CIUDAD BOLÍVAR,68,EL TESORO,2018-11-24,00:00:00,MASCULINO,2018,1
-74.10272749799998,4.614250296848551,16,PUENTE ARANDA,108,ZONA INDUSTRIAL,2020-10-01,00:00:00,MASCULINO,2020,1
-74.07706894899997,4.6120175948486075,14,LOS MÁRTIRES,102,LA SABANA,2020-02-02,00:00:00,MASCULINO,2020,1
-74.10874143299998,4.513248737851842,05,USME,57,GRAN YOMASA,2020-07-17,00:00:00,MASCULINO,2020,1
-74.17054946399998,4.5816893328495825,19,CIUDAD BOLÍVAR,69,ISMAEL PERDOMO,2019-11-29,00:00:00,MASCULINO,2019,1
-74.17511114099995,4.572859900849899,19,CIUDAD BOLÍVAR,69,ISMAEL PERDOMO,2021-04-25,00:00:00,MASCULINO,2021,1
-74.15188484599997,4.5520386318505635,19,CIUDAD BOLÍVAR,67,LUCERO,2020-10-29,00:00:00,MASCULINO,2020,1
-74.06971231499995,4.612422653848595,03,SANTA FE,91,SAGRADO CORAZON,2021-07-24,00:00:00,MASCULINO,2021,1
-74.11126510299994,4.615487262848481,16,PUENTE ARANDA,40,CIUDAD MONTES,2019-12-11,00:00:00,MASCULINO,2019,1
-74.08059999999995,4.606989999848772,14,LOS MÁRTIRES,102,LA SABANA,2022-09-02,00:00:00,MASCULINO,2022,1
-74.12235709399994,4.744788284844254,11,SUBA,71,TIBABUYES,2020-10-11,00:00:00,MASCULINO,2020,1
-74.15227975699997,4.676288672846511,09,FONTIBÓN,75,FONTIBON,2020-06-25,00:00:00,FEMENINO,2020,1
-74.10441670599994,4.4992728228522925,05,USME,59,ALFONSO LOPEZ,2019-07-30,00:00:00,MASCULINO,2019,1
-74.10099999999994,4.502949999852158,05,USME,57,GRAN YOMASA,2022-12-18,00:00:00,MASCULINO,2022,1
-74.10804415399997,4.745119412844274,11,SUBA,71,TIBABUYES,2018-05-20,00:00:00,MASCULINO,2018,1
-74.10827061799995,4.743594486844323,11,SUBA,71,TIBABUYES,2018-07-03,00:00:00,MASCULINO,2018,1
-74.14566804899994,4.687748138846154,09,FONTIBÓN,75,FONTIBON,2021-01-27,00:00:00,MASCULINO,2021,1
-74.16590942699997,4.571412026849937,19,CIUDAD BOLÍVAR,70,JERUSALEM,2020-05-10,00:00:00,MASCULINO,2020,1
-74.05504442299997,4.6961780878458885,01,USAQUÉN,16,SANTA BARBARA,2021-06-16,00:00:00,MASCULINO,2021,1
-74.17038856699997,4.621587494848276,08,KENNEDY,81,GRAN BRITALIA,2021-05-17,00:00:00,MASCULINO,2021,1
-74.12259904299998,4.743892691844298,11,SUBA,71,TIBABUYES,2019-06-08,00:00:00,MASCULINO,2019,1
-74.13316079599997,4.534040682851154,19,CIUDAD BOLÍVAR,63,EL MOCHUELO,2019-04-09,00:00:00,MASCULINO,2019,1
-74.11784495799998,4.531087608851243,05,USME,56,DANUBIO,2018-06-15,00:00:00,MASCULINO,2018,1
-74.11479999999995,4.55717999985041,18,RAFAEL URIBE URIBE,54,MARRUECOS,2022-04-15,00:00:00,MASCULINO,2022,1
-74.08003921199997,4.582258497849568,04,SAN CRISTÓBAL,33,SOSIEGO,2021-01-01,00:00:00,MASCULINO,2021,1
-74.02488274599995,4.6672181348468005,02,CHAPINERO,89,SAN ISIDRO - PATIOS,2019-09-21,00:00:00,MASCULINO,2019,1
-74.07141021999996,4.5865879888494465,03,SANTA FE,96,LOURDES,2021-11-04,00:00:00,MASCULINO,2021,1
-74.16279999999995,4.6333399998478955,08,KENNEDY,80,CORABASTOS,2022-09-09,00:00:00,MASCULINO,2022,1
-74.17391308599997,4.64278095084757,08,KENNEDY,82,PATIO BONITO,2020-08-08,00:00:00,MASCULINO,2020,1
-74.13507561099993,4.53979543985094,19,CIUDAD BOLÍVAR,68,EL TESORO,2021-12-31,00:00:00,MASCULINO,2021,1
-74.13347976499995,4.586079996849472,06,TUNJUELITO,42,VENECIA,2021-03-04,00:00:00,MASCULINO,2021,1
-74.17095159699994,4.631479336847949,08,KENNEDY,82,PATIO BONITO,2020-01-01,00:00:00,MASCULINO,2020,1
-74.18238179799994,4.631990801847978,07,BOSA,84,BOSA OCCIDENTAL,2019-10-16,00:00:00,MASCULINO,2019,1
-74.02045451099997,4.735870545844585,01,USAQUÉN,11,SAN CRISTOBAL NORTE,2018-02-24,00:00:00,MASCULINO,2018,1
-74.11702760199995,4.540054343850949,05,USME,56,DANUBIO,2021-02-15,00:00:00,MASCULINO,2021,1
-74.12779205299995,4.5626486168502,06,TUNJUELITO,62,TUNJUELITO,2018-06-16,00:00:00,MASCULINO,2018,1
-74.15638360199995,4.609318597848717,08,KENNEDY,48,TIMIZA,2019-09-28,00:00:00,MASCULINO,2019,1
-74.10161639299997,4.563294644850184,04,SAN CRISTÓBAL,34,20 DE JULIO,2021-11-13,00:00:00,MASCULINO,2021,1
-74.15122308999997,4.54053270685095,19,CIUDAD BOLÍVAR,67,LUCERO,2021-03-29,00:00:00,MASCULINO,2021,1
-74.14839581399997,4.554944919850438,19,CIUDAD BOLÍVAR,67,LUCERO,2020-04-19,00:00:00,MASCULINO,2020,1
-74.05877416899995,4.543276670850853,04,SAN CRISTÓBAL,993,SIN UPZ SAN CRISTOBAL,2020-08-01,00:00:00,MASCULINO,2020,1
-74.08387789799997,4.538223335851001,04,SAN CRISTÓBAL,50,LA GLORIA,2019-10-20,00:00:00,MASCULINO,2019,1
-74.12679679499996,4.583919863849526,18,RAFAEL URIBE URIBE,39,QUIROGA,2021-01-01,00:00:00,MASCULINO,2021,1
-74.11820007099993,4.5449820128507685,18,RAFAEL URIBE URIBE,54,MARRUECOS,2018-02-16,00:00:00,MASCULINO,2018,1
-74.07599373899995,4.612575523848565,14,LOS MÁRTIRES,102,LA SABANA,2018-07-21,00:00:00,MASCULINO,2018,1
-74.16157095799997,4.548901262850668,19,CIUDAD BOLÍVAR,67,LUCERO,2018-11-21,00:00:00,MASCULINO,2018,1
-74.17838668199994,4.589806387849332,19,CIUDAD BOLÍVAR,69,ISMAEL PERDOMO,2019-01-16,00:00:00,MASCULINO,2019,1
-74.09133799399996,4.519647936851616,04,SAN CRISTÓBAL,51,LOS LIBERTADORES,2021-09-28,00:00:00,MASCULINO,2021,1
-74.16289311999998,4.633049760847923,08,KENNEDY,80,CORABASTOS,2020-04-25,00:00:00,MASCULINO,2020,1
-74.20715311699996,4.623857862848233,07,BOSA,84,BOSA OCCIDENTAL,2020-03-18,00:00:00,MASCULINO,2020,1
-74.19409516099995,4.614543709848492,07,BOSA,85,BOSA CENTRAL,2018-08-16,00:00:00,MASCULINO,2018,1
-74.08151004299998,4.673850772846567,12,BARRIOS UNIDOS,22,DOCE DE OCTUBRE,2021-09-26,00:00:00,MASCULINO,2021,1
-74.17195040399997,4.570529456849928,19,CIUDAD BOLÍVAR,70,JERUSALEM,2020-05-07,00:00:00,MASCULINO,2020,1
-74.01985117899994,4.737424192844514,01,USAQUÉN,11,SAN CRISTOBAL NORTE,2020-12-17,00:00:00,MASCULINO,2020,1
-74.17308435499996,4.638556600847756,08,KENNEDY,82,PATIO BONITO,2021-10-02,00:00:00,MASCULINO,2021,1
-74.14076134099997,4.601496028848927,08,KENNEDY,45,CARVAJAL,2018-03-26,00:00:00,MASCULINO,2018,1
-74.07494231299995,4.611816243848633,14,LOS MÁRTIRES,102,LA SABANA,2019-01-20,00:00:00,MASCULINO,2019,1
-74.19356058699998,4.621760535848306,07,BOSA,84,BOSA OCCIDENTAL,2018-02-17,00:00:00,MASCULINO,2018,1
-74.17403980799997,4.576487671849752,19,CIUDAD BOLÍVAR,69,ISMAEL PERDOMO,2020-12-24,00:00:00,MASCULINO,2020,1
-74.11319499999996,4.538775389851006,05,USME,56,DANUBIO,2019-06-07,00:00:00,MASCULINO,2019,1
-74.18728609499993,4.598776256849042,07,BOSA,85,BOSA CENTRAL,2021-09-18,00:00:00,MASCULINO,2021,1
-74.15942086799998,4.620565594848355,08,KENNEDY,47,KENNEDY CENTRAL,2021-05-08,00:00:00,MASCULINO,2021,1
-74.09823647399998,4.543904658850791,04,SAN CRISTÓBAL,51,LOS LIBERTADORES,2018-11-01,00:00:00,FEMENINO,2018,1
-74.09424229099994,4.540977268850917,04,SAN CRISTÓBAL,51,LOS LIBERTADORES,2018-05-06,00:00:00,FEMENINO,2018,1
-74.14987647199996,4.5418893278508605,19,CIUDAD BOLÍVAR,67,LUCERO,2021-05-15,00:00:00,FEMENINO,2021,1
-74.10181858499999,4.509303390851958,05,USME,57,GRAN YOMASA,2020-06-22,00:00:00,MASCULINO,2020,1
-74.09938342599997,4.553903893850466,04,SAN CRISTÓBAL,50,LA GLORIA,2021-03-20,00:00:00,MASCULINO,2021,1
-74.07850877799996,4.623169100848219,14,LOS MÁRTIRES,102,LA SABANA,2019-03-05,00:00:00,MASCULINO,2019,1
-74.09546412699996,4.7220571918449945,11,SUBA,28,EL RINCON,2018-06-30,00:00:00,MASCULINO,2018,1
-74.15757997799994,4.6450909568475165,08,KENNEDY,79,CALANDAIMA,2020-06-19,00:00:00,MASCULINO,2020,1
-74.09070861199996,4.608551527848691,14,LOS MÁRTIRES,102,LA SABANA,2018-04-16,00:00:00,MASCULINO,2018,1
-74.08137167799998,4.603597783848875,14,LOS MÁRTIRES,102,LA SABANA,2019-08-16,00:00:00,FEMENINO,2019,1
-74.15840533399995,4.637450236847775,08,KENNEDY,80,CORABASTOS,2021-05-10,00:00:00,MASCULINO,2021,1
-74.11935232699994,4.524468922851433,05,USME,57,GRAN YOMASA,2019-11-06,00:00:00,MASCULINO,2019,1
-74.15988116599993,4.5484627658506795,19,CIUDAD BOLÍVAR,67,LUCERO,2018-08-24,00:00:00,MASCULINO,2018,1
-74.13864030899998,4.560293981850313,19,CIUDAD BOLÍVAR,67,LUCERO,2019-04-11,00:00:00,MASCULINO,2019,1
-74.13754117399998,4.708024860845497,10,ENGATIVÁ,74,ENGATIVA,2019-10-27,00:00:00,MASCULINO,2019,1
-74.14506857099997,4.530723744851246,19,CIUDAD BOLÍVAR,UPR3,UPR RIO TUNJUELO,2020-12-25,00:00:00,MASCULINO,2020,1
-74.20216102099994,4.621138662848328,07,BOSA,84,BOSA OCCIDENTAL,2018-12-01,00:00:00,MASCULINO,2018,1
-74.16267615599997,4.569332065850024,19,CIUDAD BOLÍVAR,70,JERUSALEM,2018-09-30,00:00:00,MASCULINO,2018,1
-74.10966962599997,4.6014462728489205,16,PUENTE ARANDA,40,CIUDAD MONTES,2019-01-12,00:00:00,MASCULINO,2019,1
-74.10795493899997,4.741395194844397,11,SUBA,71,TIBABUYES,2019-07-28,00:00:00,MASCULINO,2019,1
-74.09939801899998,4.501949799852175,05,USME,57,GRAN YOMASA,2018-11-14,00:00:00,FEMENINO,2018,1
-74.10190441499998,4.509303390851958,05,USME,57,GRAN YOMASA,2019-07-08,00:00:00,MASCULINO,2019,1
-74.15101077499997,4.56066844785028,19,CIUDAD BOLÍVAR,66,SAN FRANCISCO,2018-03-25,00:00:00,MASCULINO,2018,1
-74.08377759299998,4.615121472848496,14,LOS MÁRTIRES,102,LA SABANA,2020-02-11,00:00:00,MASCULINO,2020,1
-74.13362880899996,4.560860586850249,06,TUNJUELITO,62,TUNJUELITO,2020-12-06,00:00:00,MASCULINO,2020,1
-74.11646900799997,4.746435287844227,11,SUBA,71,TIBABUYES,2020-12-08,00:00:00,FEMENINO,2020,1
-74.08157639399997,4.546745588850748,04,SAN CRISTÓBAL,50,LA GLORIA,2020-08-15,00:00:00,MASCULINO,2020,1
-74.14419766999998,4.627384488848117,08,KENNEDY,44,AMERICAS,2019-03-27,00:00:00,MASCULINO,2019,1
-74.10290053699998,4.504246883852116,05,USME,59,ALFONSO LOPEZ,2020-06-04,00:00:00,FEMENINO,2020,1
-74.11954385399997,4.66818706984677,09,FONTIBÓN,114,MODELIA,2021-10-19,00:00:00,MASCULINO,2021,1
-74.15781395199997,4.565646482850084,19,CIUDAD BOLÍVAR,70,JERUSALEM,2021-11-13,00:00:00,MASCULINO,2021,1
-74.11605465499997,4.552768672850537,18,RAFAEL URIBE URIBE,54,MARRUECOS,2021-12-03,00:00:00,MASCULINO,2021,1
-74.20448535499997,4.609487910848666,07,BOSA,85,BOSA CENTRAL,2021-12-31,00:00:00,MASCULINO,2021,1
-74.09478019599999,4.57166750584991,04,SAN CRISTÓBAL,34,20 DE JULIO,2021-01-12,00:00:00,MASCULINO,2021,1
-74.16419999999994,4.630579999848018,08,KENNEDY,80,CORABASTOS,2022-07-03,00:00:00,MASCULINO,2022,1
-74.07637057499994,4.611503820848619,14,LOS MÁRTIRES,102,LA SABANA,2018-10-19,00:00:00,MASCULINO,2018,1
-74.13609999999994,4.713319999845328,10,ENGATIVÁ,74,ENGATIVA,2022-03-06,00:00:00,MASCULINO,2022,1
-74.18059999999997,4.62955999984801,07,BOSA,84,BOSA OCCIDENTAL,2022-10-15,00:00:00,MASCULINO,2022,1
-74.11859999999996,4.523659999851492,05,USME,57,GRAN YOMASA,2022-01-23,00:00:00,MASCULINO,2022,1
-74.10029999999995,4.748929999844134,11,SUBA,27,SUBA,2022-11-05,00:00:00,MASCULINO,2022,1
-74.14859999999999,4.531699999851225,19,CIUDAD BOLÍVAR,68,EL TESORO,2022-12-11,00:00:00,MASCULINO,2022,1
-74.09629999999999,4.714969999845253,10,ENGATIVÁ,29,MINUTO DE DIOS,2022-04-11,00:00:00,MASCULINO,2022,1
-74.15729999999996,4.634699999847882,08,KENNEDY,80,CORABASTOS,2022-01-17,00:00:00,MASCULINO,2022,1
-74.11489999999998,4.554059999850495,18,RAFAEL URIBE URIBE,54,MARRUECOS,2022-12-02,00:00:00,MASCULINO,2022,1
-74.11729999999994,4.530679999851274,05,USME,56,DANUBIO,2022-02-20,00:00:00,MASCULINO,2022,1
-74.14079999999996,4.638819999847751,08,KENNEDY,46,CASTILLA,2022-08-10,00:00:00,MASCULINO,2022,1
-74.06539999999995,4.647189999847435,13,TEUSAQUILLO,100,GALERIAS,2022-03-19,00:00:00,MASCULINO,2022,1
-74.14805131899993,4.533794235851163,19,CIUDAD BOLÍVAR,68,EL TESORO,2018-09-18,00:00:00,MASCULINO,2018,1
-74.13433222799995,4.704432061845574,10,ENGATIVÁ,74,ENGATIVA,2021-10-23,00:00:00,MASCULINO,2021,1
-74.20132386699999,4.628799501848054,07,BOSA,87,TINTAL SUR,2021-03-08,00:00:00,MASCULINO,2021,1
-74.06539999999995,4.64252999984758,02,CHAPINERO,99,CHAPINERO,2023-07-17,00:00:00,MASCULINO,2023,1
-74.07011357199997,4.588878205849367,03,SANTA FE,96,LOURDES,2019-06-23,00:00:00,MASCULINO,2019,1
-74.11442091899994,4.552613023850523,18,RAFAEL URIBE URIBE,54,MARRUECOS,2021-11-12,00:00:00,MASCULINO,2021,1
-74.15461201999995,4.616871462848449,08,KENNEDY,47,KENNEDY CENTRAL,2020-06-11,00:00:00,MASCULINO,2020,1
-74.16609999999997,4.644199999847575,08,KENNEDY,79,CALANDAIMA,2022-03-26,00:00:00,MASCULINO,2022,1
-74.10169999999994,4.548009999850669,04,SAN CRISTÓBAL,51,LOS LIBERTADORES,2022-04-27,00:00:00,MASCULINO,2022,1
-74.08789999999993,4.641729999847643,13,TEUSAQUILLO,106,LA ESMERALDA,2022-03-12,00:00:00,MASCULINO,2022,1
-74.10509999999994,4.546949999850715,18,RAFAEL URIBE URIBE,55,DIANA TURBAY,2022-06-26,00:00:00,MASCULINO,2022,1
-74.11809906999997,4.5449785128507845,18,RAFAEL URIBE URIBE,54,MARRUECOS,2020-11-03,00:00:00,MASCULINO,2020,1
-74.08696283099994,4.601309725848968,14,LOS MÁRTIRES,102,LA SABANA,2020-03-18,00:00:00,MASCULINO,2020,1
-74.19579999999996,4.620349999848311,07,BOSA,84,BOSA OCCIDENTAL,2023-05-13,00:00:00,MASCULINO,2023,1
-74.11529999999993,4.5670799998500495,18,RAFAEL URIBE URIBE,53,MARCO FIDEL SUAREZ,2022-01-03,00:00:00,MASCULINO,2022,1
-74.15217215799998,4.546800049850736,19,CIUDAD BOLÍVAR,67,LUCERO,2019-04-26,00:00:00,MASCULINO,2019,1
-74.16158617899998,4.552345080850548,19,CIUDAD BOLÍVAR,67,LUCERO,2019-02-24,00:00:00,MASCULINO,2019,1
-74.14230418599993,4.5702310988499795,19,CIUDAD BOLÍVAR,65,ARBORIZADORA,2018-05-18,00:00:00,MASCULINO,2018,1
-74.15337368099995,4.564568095850171,19,CIUDAD BOLÍVAR,66,SAN FRANCISCO,2020-10-17,00:00:00,MASCULINO,2020,1
-74.10560119199994,4.580165864849618,18,RAFAEL URIBE URIBE,39,QUIROGA,2021-05-24,00:00:00,MASCULINO,2021,1
-74.03836076799996,4.758219301843841,01,USAQUÉN,9,VERBENAL,2020-09-16,00:00:00,MASCULINO,2020,1
-74.10385788899998,4.74378808284429,11,SUBA,28,EL RINCON,2019-11-22,00:00:00,MASCULINO,2019,1
-74.10415619299994,4.591417538849303,15,ANTONIO NARIÑO,38,RESTREPO,2021-03-10,00:00:00,MASCULINO,2021,1
-74.18615678899994,4.639177130847722,07,BOSA,86,EL PORVENIR,2021-01-21,00:00:00,MASCULINO,2021,1
-74.14375215299998,4.591051499849288,06,TUNJUELITO,42,VENECIA,2019-07-12,00:00:00,MASCULINO,2019,1
-74.07550751899998,4.6083693718487035,03,SANTA FE,93,LAS NIEVES,2021-06-14,00:00:00,MASCULINO,2021,1
-74.09488103099994,4.517057039851702,05,USME,52,LA FLORA,2018-12-20,00:00:00,MASCULINO,2018,1
-74.10279354699998,4.505644547852035,05,USME,57,GRAN YOMASA,2018-09-13,00:00:00,MASCULINO,2018,1
-74.12270711199994,4.710056261845386,10,ENGATIVÁ,73,GARCES NAVAS,2021-08-06,00:00:00,MASCULINO,2021,1
-74.15949999999998,4.546259999850771,19,CIUDAD BOLÍVAR,67,LUCERO,2022-10-09,00:00:00,MASCULINO,2022,1
-74.09850362599997,4.670392177846698,10,ENGATIVÁ,26,LAS FERIAS,2018-08-01,00:00:00,MASCULINO,2018,1
-74.15719999999999,4.565579999850136,19,CIUDAD BOLÍVAR,70,JERUSALEM,2023-03-12,00:00:00,MASCULINO,2023,1
-74.10277732299994,4.5026370828521385,05,USME,59,ALFONSO LOPEZ,2020-01-19,00:00:00,MASCULINO,2020,1
-74.04203388999997,4.741925162844403,01,USAQUÉN,12,TOBERIN,2018-08-10,00:00:00,FEMENINO,2018,1
-74.15169784499994,4.580190050849629,19,CIUDAD BOLÍVAR,65,ARBORIZADORA,2021-06-27,00:00:00,MASCULINO,2021,1
-74.06444332299998,4.606461666848812,03,SANTA FE,92,LA MACARENA,2018-08-09,00:00:00,MASCULINO,2018,1
-74.19048376099994,4.618577474848392,07,BOSA,84,BOSA OCCIDENTAL,2020-10-15,00:00:00,FEMENINO,2020,1
-74.17955410699994,4.597157638849085,07,BOSA,85,BOSA CENTRAL,2020-03-01,00:00:00,MASCULINO,2020,1
-74.09138125399994,4.57411217084981,04,SAN CRISTÓBAL,33,SOSIEGO,2019-07-28,00:00:00,MASCULINO,2019,1
-74.19166883899999,4.6044781648488495,07,BOSA,85,BOSA CENTRAL,2019-03-03,00:00:00,MASCULINO,2019,1
-74.16992987399993,4.582101072849572,19,CIUDAD BOLÍVAR,69,ISMAEL PERDOMO,2018-01-17,00:00:00,MASCULINO,2018,1
-74.18481652599996,4.60755324584877,07,BOSA,85,BOSA CENTRAL,2021-01-02,00:00:00,FEMENINO,2021,1
-74.16203853599995,4.6255628878481625,08,KENNEDY,80,CORABASTOS,2019-11-07,00:00:00,MASCULINO,2019,1
-74.09034732399994,4.517027856851719,04,SAN CRISTÓBAL,51,LOS LIBERTADORES,2021-12-22,00:00:00,MASCULINO,2021,1
-74.11949999999996,4.5749999998498,18,RAFAEL URIBE URIBE,53,MARCO FIDEL SUAREZ,2022-12-09,00:00:00,MASCULINO,2022,1
-74.08029999999997,4.641479999847653,13,TEUSAQUILLO,104,PARQUE SIMON BOLIVAR - CAN,2022-08-02,00:00:00,MASCULINO,2022,1
-74.13759999999996,4.607849999848735,08,KENNEDY,45,CARVAJAL,2022-12-28,00:00:00,MASCULINO,2022,1
-74.15619999999996,4.593079999849219,19,CIUDAD BOLÍVAR,65,ARBORIZADORA,2022-07-24,00:00:00,MASCULINO,2022,1
-74.21109999999999,4.615489999848466,07,BOSA,87,TINTAL SUR,2023-06-05,00:00:00,MASCULINO,2023,1
-74.09896491799998,4.777692038843208,11,SUBA,UPR1,UPR ZONA NORTE,2019-07-28,00:00:00,MASCULINO,2019,1
-74.05028222999994,4.675783385846515,02,CHAPINERO,97,CHICO LAGO,2019-12-02,00:00:00,MASCULINO,2019,1
-74.20441197399998,4.621733829848278,07,BOSA,87,TINTAL SUR,2020-03-05,00:00:00,MASCULINO,2020,1
-74.05929348099994,4.742792710844351,11,SUBA,18,BRITALIA,2020-12-14,00:00:00,MASCULINO,2020,1
-74.09287564899995,4.519557403851634,04,SAN CRISTÓBAL,51,LOS LIBERTADORES,2020-12-21,00:00:00,MASCULINO,2020,1
-74.14537136499996,4.566291732850115,19,CIUDAD BOLÍVAR,66,SAN FRANCISCO,2019-07-27,00:00:00,MASCULINO,2019,1
-74.15692765499995,4.638011518847741,08,KENNEDY,80,CORABASTOS,2018-10-01,00:00:00,MASCULINO,2018,1
-74.13558011299995,4.71546894684522,10,ENGATIVÁ,74,ENGATIVA,2020-10-24,00:00:00,MASCULINO,2020,1
-74.16469243499995,4.635177882847837,08,KENNEDY,82,PATIO BONITO,2019-09-03,00:00:00,MASCULINO,2019,1
-74.08621649699995,4.568241522850019,04,SAN CRISTÓBAL,34,20 DE JULIO,2018-10-22,00:00:00,MASCULINO,2018,1
-74.17297685699998,4.6471116328474755,08,KENNEDY,82,PATIO BONITO,2021-07-09,00:00:00,MASCULINO,2021,1
-74.14760954199994,4.689516190846084,09,FONTIBÓN,76,FONTIBON SAN PABLO,2019-09-03,00:00:00,MASCULINO,2019,1
-74.17499705799997,4.6093447528487195,08,KENNEDY,48,TIMIZA,2018-02-04,00:00:00,MASCULINO,2018,1
-74.17255849699995,4.619055506848367,08,KENNEDY,81,GRAN BRITALIA,2019-04-15,00:00:00,MASCULINO,2019,1
-74.16383925099996,4.6233131488482595,08,KENNEDY,80,CORABASTOS,2019-04-07,00:00:00,MASCULINO,2019,1
-74.07208249999996,4.579370556849675,03,SANTA FE,96,LOURDES,2018-03-03,00:00:00,MASCULINO,2018,1
-74.11646900799997,4.746435287844227,11,SUBA,71,TIBABUYES,2020-12-08,00:00:00,FEMENINO,2020,1
-74.07194443099996,4.658846348847075,12,BARRIOS UNIDOS,98,LOS ALCAZARES,2018-03-03,00:00:00,MASCULINO,2018,1
-74.10833499099994,4.707042621845538,10,ENGATIVÁ,29,MINUTO DE DIOS,2018-02-11,00:00:00,MASCULINO,2018,1
-74.20365452899995,4.62315607284827,07,BOSA,84,BOSA OCCIDENTAL,2020-03-15,00:00:00,MASCULINO,2020,1
-74.10179250799996,4.733983387844656,11,SUBA,28,EL RINCON,2019-10-30,00:00:00,MASCULINO,2019,1
-74.14205899999996,4.55164482985056,19,CIUDAD BOLÍVAR,67,LUCERO,2020-01-19,00:00:00,MASCULINO,2020,1
-74.16398565399999,4.635681964847847,08,KENNEDY,82,PATIO BONITO,2021-05-29,00:00:00,MASCULINO,2021,1
-74.10718801299998,4.598087049849066,15,ANTONIO NARIÑO,38,RESTREPO,2021-09-08,00:00:00,MASCULINO,2021,1
-74.07046133899996,4.5824924368495585,03,SANTA FE,96,LOURDES,2018-10-21,00:00:00,FEMENINO,2018,1
-74.11690962499995,4.5734390998498435,18,RAFAEL URIBE URIBE,53,MARCO FIDEL SUAREZ,2018-02-17,00:00:00,MASCULINO,2018,1
-74.14785993899994,4.500098463852272,19,CIUDAD BOLÍVAR,UPR3,UPR RIO TUNJUELO,2021-07-29,00:00:00,MASCULINO,2021,1
-74.11210729499999,4.693622976845973,10,ENGATIVÁ,30,BOYACA REAL,2019-12-25,00:00:00,MASCULINO,2019,1
-74.14534675099998,4.592893031849242,06,TUNJUELITO,42,VENECIA,2021-09-02,00:00:00,MASCULINO,2021,1
-74.11263935599999,4.524932134851416,05,USME,57,GRAN YOMASA,2021-04-28,00:00:00,MASCULINO,2021,1
-74.10170993499997,4.5648358658501555,04,SAN CRISTÓBAL,34,20 DE JULIO,2021-06-27,00:00:00,MASCULINO,2021,1
-74.08702970199994,4.605978658848826,14,LOS MÁRTIRES,102,LA SABANA,2021-01-07,00:00:00,MASCULINO,2021,1
-74.08899999999994,4.691209999846052,10,ENGATIVÁ,26,LAS FERIAS,2022-06-06,00:00:00,MASCULINO,2022,1
-74.08674226999995,4.539998387850973,04,SAN CRISTÓBAL,51,LOS LIBERTADORES,2021-12-31,00:00:00,MASCULINO,2021,1
-74.15523710399998,4.5883669448493976,06,TUNJUELITO,42,VENECIA,2021-12-22,00:00:00,MASCULINO,2021,1
-74.16929999999996,4.613569999848539,08,KENNEDY,48,TIMIZA,2022-11-21,00:00:00,MASCULINO,2022,1
-74.09109999999998,4.571439999849929,04,SAN CRISTÓBAL,34,20 DE JULIO,2022-08-06,00:00:00,MASCULINO,2022,1
-74.13079860199997,4.680459349846362,09,FONTIBÓN,115,CAPELLANIA,2021-12-07,00:00:00,MASCULINO,2021,1
-74.17789999999997,4.590259999849319,19,CIUDAD BOLÍVAR,69,ISMAEL PERDOMO,2022-06-11,00:00:00,MASCULINO,2022,1
-74.15373320399993,4.5480206238506975,19,CIUDAD BOLÍVAR,67,LUCERO,2019-07-13,00:00:00,MASCULINO,2019,1
-74.15309999999994,4.595869999849125,19,CIUDAD BOLÍVAR,65,ARBORIZADORA,2022-11-20,00:00:00,MASCULINO,2022,1
-74.14993068899997,4.575120476849797,19,CIUDAD BOLÍVAR,65,ARBORIZADORA,2021-12-11,00:00:00,MASCULINO,2021,1
-74.16149999999999,4.5487999998506385,19,CIUDAD BOLÍVAR,67,LUCERO,2022-05-14,00:00:00,MASCULINO,2022,1
-74.14692661399994,4.553474178850497,19,CIUDAD BOLÍVAR,67,LUCERO,2021-12-21,00:00:00,MASCULINO,2021,1
-74.10386471799995,4.72923553084477,11,SUBA,71,TIBABUYES,2021-12-25,00:00:00,MASCULINO,2021,1
-74.08039999999994,4.58911999984933,03,SANTA FE,95,LAS CRUCES,2022-05-15,00:00:00,MASCULINO,2022,1
-74.08229999999998,4.593189999849223,03,SANTA FE,95,LAS CRUCES,2023-05-14,00:00:00,MASCULINO,2023,1
-74.10549999999995,4.734699999844592,11,SUBA,71,TIBABUYES,2022-09-14,00:00:00,MASCULINO,2022,1
-74.08989999999994,4.580949999849595,04,SAN CRISTÓBAL,33,SOSIEGO,2022-04-09,00:00:00,FEMENINO,2022,1
-74.03149999999994,4.755489999843954,01,USAQUÉN,10,LA URIBE,2022-04-18,00:00:00,MASCULINO,2022,1
-74.14749999999998,4.684719999846221,09,FONTIBÓN,75,FONTIBON,2022-10-19,00:00:00,MASCULINO,2022,1
-74.06789999999995,4.76412999984363,11,SUBA,17,SAN JOSE DE BAVARIA,2022-05-02,00:00:00,MASCULINO,2022,1
-74.14599999999996,4.560109999850306,19,CIUDAD BOLÍVAR,66,SAN FRANCISCO,2022-05-08,00:00:00,MASCULINO,2022,1
-74.12589999999994,4.601619999848916,16,PUENTE ARANDA,41,MUZU,2022-06-16,00:00:00,MASCULINO,2022,1
-74.09949999999998,4.746149999844248,11,SUBA,28,EL RINCON,2023-05-13,00:00:00,MASCULINO,2023,1
-74.11069999999995,4.740889999844401,11,SUBA,71,TIBABUYES,2022-12-08,00:00:00,FEMENINO,2022,1
-74.10459999999995,4.508239999851988,05,USME,57,GRAN YOMASA,2022-08-26,00:00:00,MASCULINO,2022,1
-74.07536607699996,4.582707944849543,03,SANTA FE,96,LOURDES,2020-09-19,00:00:00,MASCULINO,2020,1
-74.14269999999993,4.5511699998506066,19,CIUDAD BOLÍVAR,67,LUCERO,2022-08-15,00:00:00,MASCULINO,2022,1
-74.17662715299997,4.58925027784936,19,CIUDAD BOLÍVAR,69,ISMAEL PERDOMO,2019-05-18,00:00:00,MASCULINO,2019,1
-74.16766072899998,4.644951773847537,08,KENNEDY,79,CALANDAIMA,2020-05-17,00:00:00,MASCULINO,2020,1
-74.10981383599994,4.707218192845534,10,ENGATIVÁ,30,BOYACA REAL,2019-08-19,00:00:00,MASCULINO,2019,1
-74.16271982299997,4.547786796850719,19,CIUDAD BOLÍVAR,UPR3,UPR RIO TUNJUELO,2018-01-12,00:00:00,MASCULINO,2018,1
-74.10559999999998,4.544889999850809,18,RAFAEL URIBE URIBE,55,DIANA TURBAY,2023-03-20,00:00:00,MASCULINO,2023,1
-74.07039999999995,4.58850999984936,03,SANTA FE,96,LOURDES,2023-01-08,00:00:00,MASCULINO,2023,1
-74.16659999999996,4.628929999848028,08,KENNEDY,80,CORABASTOS,2022-08-24,00:00:00,MASCULINO,2022,1
-74.08909999999997,4.7059099998455745,10,ENGATIVÁ,29,MINUTO DE DIOS,2022-12-25,00:00:00,MASCULINO,2022,1
-74.10259999999994,4.582309999849584,15,ANTONIO NARIÑO,38,RESTREPO,2022-09-21,00:00:00,MASCULINO,2022,1
-74.16569999999996,4.622699999848275,08,KENNEDY,80,CORABASTOS,2022-06-02,00:00:00,MASCULINO,2022,1
-74.17269999999996,4.5882199998493665,19,CIUDAD BOLÍVAR,69,ISMAEL PERDOMO,2022-10-31,00:00:00,MASCULINO,2022,1
-74.18009999999998,4.5896899998493526,19,CIUDAD BOLÍVAR,69,ISMAEL PERDOMO,2022-03-03,00:00:00,MASCULINO,2022,1
-74.16979999999995,4.573009999849891,19,CIUDAD BOLÍVAR,69,ISMAEL PERDOMO,2022-07-17,00:00:00,MASCULINO,2022,1
-74.12099999999998,4.571559999849899,18,RAFAEL URIBE URIBE,53,MARCO FIDEL SUAREZ,2022-02-22,00:00:00,MASCULINO,2022,1
-74.02249999999998,4.763499999843649,01,USAQUÉN,990,SIN UPZ USAQUEN,2022-11-14,00:00:00,MASCULINO,2022,1
-74.11919999999998,4.677489999846455,09,FONTIBÓN,115,CAPELLANIA,2022-08-02,00:00:00,MASCULINO,2022,1
-74.18449999999996,4.597039999849096,07,BOSA,85,BOSA CENTRAL,2022-06-18,00:00:00,MASCULINO,2022,1
-74.03229999999996,4.764659999843635,01,USAQUÉN,9,VERBENAL,2023-05-22,00:00:00,MASCULINO,2023,1
-74.19069999999994,4.624939999848178,07,BOSA,84,BOSA OCCIDENTAL,2023-09-16,00:00:00,MASCULINO,2023,1
-74.09409999999997,4.676659999846476,10,ENGATIVÁ,26,LAS FERIAS,2023-09-30,00:00:00,MASCULINO,2023,1
-74.08209999999997,4.499169999852279,05,USME,52,LA FLORA,2022-12-25,00:00:00,MASCULINO,2022,1
-74.13837068799995,4.545943840850759,19,CIUDAD BOLÍVAR,67,LUCERO,2018-09-11,00:00:00,MASCULINO,2018,1
-74.17785028099996,4.65342093384726,08,KENNEDY,82,PATIO BONITO,2019-03-21,00:00:00,FEMENINO,2019,1
-74.08169999999996,4.590999999849306,03,SANTA FE,95,LAS CRUCES,2022-04-25,00:00:00,MASCULINO,2022,1
-74.07319999999999,4.659179999847067,12,BARRIOS UNIDOS,98,LOS ALCAZARES,2022-12-06,00:00:00,MASCULINO,2022,1
-74.15299999999996,4.6202699998483485,08,KENNEDY,47,KENNEDY CENTRAL,2022-08-25,00:00:00,MASCULINO,2022,1
-74.07414272099999,4.61088989484866,03,SANTA FE,93,LAS NIEVES,2020-09-18,00:00:00,MASCULINO,2020,1
-74.16629999999998,4.603219999848866,07,BOSA,49,APOGEO,2023-03-11,00:00:00,MASCULINO,2023,1
-74.17854995899995,4.595936250849144,19,CIUDAD BOLÍVAR,69,ISMAEL PERDOMO,2018-09-22,00:00:00,MASCULINO,2018,1
-74.18803951399997,4.613106862848557,07,BOSA,84,BOSA OCCIDENTAL,2021-12-06,00:00:00,MASCULINO,2021,1
-74.18053806399996,4.632525151847915,07,BOSA,84,BOSA OCCIDENTAL,2021-03-12,00:00:00,MASCULINO,2021,1
-74.20539999999994,4.6210899998483,07,BOSA,87,TINTAL SUR,2023-01-01,00:00:00,MASCULINO,2023,1
-74.05775325899998,4.627160852848078,02,CHAPINERO,90,PARDO RUBIO,2021-08-08,00:00:00,MASCULINO,2021,1
-74.10304098799998,4.583455104849522,15,ANTONIO NARIÑO,38,RESTREPO,2021-04-01,00:00:00,MASCULINO,2021,1
-74.14060291499999,4.680984157846367,09,FONTIBÓN,75,FONTIBON,2021-09-08,00:00:00,MASCULINO,2021,1
-74.17319425399995,4.641861297847618,08,KENNEDY,82,PATIO BONITO,2019-12-15,00:00:00,MASCULINO,2019,1
-74.14500279999999,4.54687918085074,19,CIUDAD BOLÍVAR,67,LUCERO,2021-01-24,00:00:00,MASCULINO,2021,1
-74.10211899199999,4.5098167808519225,05,USME,57,GRAN YOMASA,2019-08-22,00:00:00,MASCULINO,2019,1
-74.16554866499996,4.630267162848004,08,KENNEDY,80,CORABASTOS,2020-02-12,00:00:00,FEMENINO,2020,1
-74.05559999999997,4.702429999845661,11,SUBA,20,LA ALHAMBRA,2022-05-01,00:00:00,MASCULINO,2022,1
-74.19889999999998,4.6135799998485725,07,BOSA,85,BOSA CENTRAL,2022-02-06,00:00:00,MASCULINO,2022,1
-74.08189999999996,4.562209999850222,04,SAN CRISTÓBAL,32,SAN BLAS,2023-09-01,00:00:00,MASCULINO,2023,1
-74.08379999999994,4.6063099998488015,14,LOS MÁRTIRES,102,LA SABANA,2023-04-28,00:00:00,MASCULINO,2023,1
-74.09029999999996,4.687079999846147,10,ENGATIVÁ,26,LAS FERIAS,2022-06-12,00:00:00,MASCULINO,2022,1
-74.11779999999999,4.553159999850516,18,RAFAEL URIBE URIBE,54,MARRUECOS,2022-10-24,00:00:00,MASCULINO,2022,1
-74.14969999999994,4.566049999850124,19,CIUDAD BOLÍVAR,66,SAN FRANCISCO,2022-08-07,00:00:00,MASCULINO,2022,1
-74.16089999999997,4.545239999850763,19,CIUDAD BOLÍVAR,67,LUCERO,2022-06-14,00:00:00,MASCULINO,2022,1
-74.16544181999996,4.586838351849401,19,CIUDAD BOLÍVAR,69,ISMAEL PERDOMO,2021-04-14,00:00:00,MASCULINO,2021,1
-74.11546916399993,4.575143946849825,18,RAFAEL URIBE URIBE,53,MARCO FIDEL SUAREZ,2021-06-05,00:00:00,MASCULINO,2021,1
-74.12052179599993,4.563400916850163,18,RAFAEL URIBE URIBE,54,MARRUECOS,2020-01-06,00:00:00,MASCULINO,2020,1
-74.08714176799998,4.529864891851261,04,SAN CRISTÓBAL,51,LOS LIBERTADORES,2021-04-23,00:00:00,MASCULINO,2021,1
-74.14432496699999,4.664843574846855,09,FONTIBÓN,77,ZONA FRANCA,2021-05-12,00:00:00,MASCULINO,2021,1
-74.07301223399998,4.6064799788487605,03,SANTA FE,93,LAS NIEVES,2020-06-11,00:00:00,MASCULINO,2020,1
-74.07984649399998,4.601063844848964,03,SANTA FE,93,LAS NIEVES,2019-12-15,00:00:00,MASCULINO,2019,1
-74.08630718199998,4.591550136849289,03,SANTA FE,95,LAS CRUCES,2018-11-05,00:00:00,FEMENINO,2018,1
-74.14871069599997,4.68532501784624,09,FONTIBÓN,75,FONTIBON,2020-09-25,00:00:00,MASCULINO,2020,1
-74.11152751099996,4.735387924844596,11,SUBA,71,TIBABUYES,2018-09-02,00:00:00,MASCULINO,2018,1
-74.16175871199994,4.548163304850695,19,CIUDAD BOLÍVAR,UPR3,UPR RIO TUNJUELO,2020-01-10,00:00:00,MASCULINO,2020,1
-74.16003411699995,4.576215499849769,19,CIUDAD BOLÍVAR,70,JERUSALEM,2021-07-11,00:00:00,MASCULINO,2021,1
-74.11674464199996,4.746071717844244,11,SUBA,71,TIBABUYES,2019-10-24,00:00:00,FEMENINO,2019,1
-74.11046273699998,4.711498608845358,10,ENGATIVÁ,72,BOLIVIA,2021-05-13,00:00:00,MASCULINO,2021,1
-74.16115266099996,4.5690593498499865,19,CIUDAD BOLÍVAR,70,JERUSALEM,2018-08-08,00:00:00,MASCULINO,2018,1
-74.12907443599994,4.593969582849192,16,PUENTE ARANDA,41,MUZU,2018-12-06,00:00:00,MASCULINO,2018,1
-74.14259209499994,4.54802497285069,19,CIUDAD BOLÍVAR,67,LUCERO,2018-09-17,00:00:00,MASCULINO,2018,1
-74.16696990399998,4.632372627847938,08,KENNEDY,82,PATIO BONITO,2019-07-17,00:00:00,MASCULINO,2019,1
-74.08902003399999,4.535268832851085,04,SAN CRISTÓBAL,51,LOS LIBERTADORES,2018-05-28,00:00:00,MASCULINO,2018,1
-74.09979262799999,4.755610426843908,11,SUBA,27,SUBA,2019-10-12,00:00:00,MASCULINO,2019,1
-74.12221214899995,4.749878219844096,11,SUBA,71,TIBABUYES,2018-08-30,00:00:00,MASCULINO,2018,1
-74.08851208499993,4.500870673852228,05,USME,52,LA FLORA,2019-09-30,00:00:00,FEMENINO,2019,1
-74.09746757199997,4.715175970845263,10,ENGATIVÁ,29,MINUTO DE DIOS,2019-04-09,00:00:00,FEMENINO,2019,1
-74.16655830099995,4.628660177848089,08,KENNEDY,80,CORABASTOS,2019-12-25,00:00:00,MASCULINO,2019,1
-74.16782406099998,4.578233745849676,19,CIUDAD BOLÍVAR,69,ISMAEL PERDOMO,2018-07-30,00:00:00,MASCULINO,2018,1
-74.15398967199997,4.543517813850825,19,CIUDAD BOLÍVAR,67,LUCERO,2018-12-17,00:00:00,FEMENINO,2018,1
-74.11663366099998,4.548244010850698,18,RAFAEL URIBE URIBE,54,MARRUECOS,2019-05-22,00:00:00,MASCULINO,2019,1
-74.08690557599994,4.599481075849034,14,LOS MÁRTIRES,102,LA SABANA,2020-12-20,00:00:00,MASCULINO,2020,1
-74.08411958899995,4.722852450844999,11,SUBA,28,EL RINCON,2021-07-25,00:00:00,FEMENINO,2021,1
-74.07228853299995,4.590475570849328,17,CANDELARIA,94,LA CANDELARIA,2020-12-16,00:00:00,MASCULINO,2020,1
-74.07734823099997,4.588656410849363,03,SANTA FE,95,LAS CRUCES,2019-11-17,00:00:00,MASCULINO,2019,1
-74.09864028799996,4.575582939849799,18,RAFAEL URIBE URIBE,36,SAN JOSE,2018-12-18,00:00:00,MASCULINO,2018,1
-74.04111209299998,4.755377428843911,01,USAQUÉN,10,LA URIBE,2020-05-28,00:00:00,MASCULINO,2020,1
-74.14359656799996,4.554463614850459,19,CIUDAD BOLÍVAR,67,LUCERO,2021-12-10,00:00:00,MASCULINO,2021,1
-74.08559999999994,4.604289999848857,14,LOS MÁRTIRES,102,LA SABANA,2022-05-26,00:00:00,MASCULINO,2022,1
-74.15239999999994,4.605289999848803,08,KENNEDY,48,TIMIZA,2022-02-27,00:00:00,MASCULINO,2022,1
-74.10305015799997,4.754435931843962,11,SUBA,27,SUBA,2021-10-09,00:00:00,MASCULINO,2021,1
-74.17859999999996,4.58604999984946,19,CIUDAD BOLÍVAR,69,ISMAEL PERDOMO,2022-05-08,00:00:00,MASCULINO,2022,1
-74.09109999999998,4.557779999850362,04,SAN CRISTÓBAL,34,20 DE JULIO,2022-08-07,00:00:00,MASCULINO,2022,1
-74.16606685799997,4.653144365847264,08,KENNEDY,78,TINTAL NORTE,2021-10-06,00:00:00,MASCULINO,2021,1
-74.08713905699994,4.499212511852267,05,USME,52,LA FLORA,2020-11-26,00:00:00,MASCULINO,2020,1
-74.08297871299999,4.595476539849144,03,SANTA FE,95,LAS CRUCES,2018-10-22,00:00:00,FEMENINO,2018,1
-74.17102534099996,4.617424162848446,08,KENNEDY,81,GRAN BRITALIA,2021-07-22,00:00:00,MASCULINO,2021,1
-74.11549999999994,4.574859999849825,18,RAFAEL URIBE URIBE,53,MARCO FIDEL SUAREZ,2022-12-16,00:00:00,MASCULINO,2022,1
-74.09974255499998,4.509126912851948,05,USME,57,GRAN YOMASA,2018-06-14,00:00:00,MASCULINO,2018,1
-74.18293874899996,4.596150164849109,19,CIUDAD BOLÍVAR,69,ISMAEL PERDOMO,2020-10-28,00:00:00,MASCULINO,2020,1
-74.17059999999998,4.639989999847715,08,KENNEDY,82,PATIO BONITO,2022-02-13,00:00:00,MASCULINO,2022,1
-74.10326243899993,4.747011738844234,11,SUBA,28,EL RINCON,2019-06-14,00:00:00,MASCULINO,2019,1
-74.14409999999998,4.648159999847452,08,KENNEDY,46,CASTILLA,2022-10-08,00:00:00,MASCULINO,2022,1
-74.11059305699996,4.699890246845735,10,ENGATIVÁ,30,BOYACA REAL,2021-08-08,00:00:00,MASCULINO,2021,1
-74.08294770999998,4.603365694848874,14,LOS MÁRTIRES,102,LA SABANA,2018-07-14,00:00:00,MASCULINO,2018,1
-74.17709610199995,4.62508257784818,07,BOSA,84,BOSA OCCIDENTAL,2021-07-18,00:00:00,MASCULINO,2021,1
-74.14940493399996,4.6219892188482925,08,KENNEDY,47,KENNEDY CENTRAL,2021-04-10,00:00:00,MASCULINO,2021,1
-74.14663792699997,4.549212380850672,19,CIUDAD BOLÍVAR,67,LUCERO,2020-03-15,00:00:00,MASCULINO,2020,1
-74.14425709599993,4.676147769846521,09,FONTIBÓN,75,FONTIBON,2019-04-20,00:00:00,MASCULINO,2019,1
-74.14872956199997,4.5523191638505365,19,CIUDAD BOLÍVAR,67,LUCERO,2021-03-11,00:00:00,FEMENINO,2021,1
-74.13457972099997,4.565374416850116,06,TUNJUELITO,62,TUNJUELITO,2018-09-08,00:00:00,MASCULINO,2018,1
-74.20018121199996,4.6042178308488335,07,BOSA,85,BOSA CENTRAL,2019-05-25,00:00:00,MASCULINO,2019,1
-74.16728496999997,4.694396756845925,09,FONTIBÓN,76,FONTIBON SAN PABLO,2020-03-08,00:00:00,MASCULINO,2020,1
-74.11848865599995,4.524236297851472,05,USME,57,GRAN YOMASA,2018-02-15,00:00:00,MASCULINO,2018,1
-74.17870713499997,4.587323888849423,19,CIUDAD BOLÍVAR,69,ISMAEL PERDOMO,2020-06-13,00:00:00,MASCULINO,2020,1
-74.09062296399998,4.680272107846384,10,ENGATIVÁ,26,LAS FERIAS,2020-02-23,00:00:00,MASCULINO,2020,1
-74.14597911899995,4.547638573850724,19,CIUDAD BOLÍVAR,67,LUCERO,2018-04-19,00:00:00,MASCULINO,2018,1
-74.16713476599995,4.694845856845935,09,FONTIBÓN,76,FONTIBON SAN PABLO,2018-09-30,00:00:00,MASCULINO,2018,1
-74.02929611099995,4.765190504843584,01,USAQUÉN,9,VERBENAL,2019-02-10,00:00:00,MASCULINO,2019,1
-74.13345866099996,4.650307189847344,08,KENNEDY,46,CASTILLA,2019-08-18,00:00:00,MASCULINO,2019,1
-74.15026854199994,4.6584687918471115,08,KENNEDY,78,TINTAL NORTE,2021-01-20,00:00:00,MASCULINO,2021,1
-74.15385484999996,4.5876022428494005,19,CIUDAD BOLÍVAR,65,ARBORIZADORA,2018-03-06,00:00:00,MASCULINO,2018,1
-74.15638301899997,4.605735779848791,08,KENNEDY,48,TIMIZA,2020-06-12,00:00:00,MASCULINO,2020,1
-74.17412842599998,4.62197285684829,08,KENNEDY,81,GRAN BRITALIA,2019-09-29,00:00:00,MASCULINO,2019,1
-74.10046495699999,4.741309075844402,11,SUBA,28,EL RINCON,2018-02-10,00:00:00,MASCULINO,2018,1
-74.11917538099993,4.5552726608504654,18,RAFAEL URIBE URIBE,54,MARRUECOS,2020-08-29,00:00:00,MASCULINO,2020,1
-74.19191999999998,4.629508631848056,07,BOSA,84,BOSA OCCIDENTAL,2021-06-17,00:00:00,MASCULINO,2021,1
-74.07791874099996,4.566457757850116,04,SAN CRISTÓBAL,32,SAN BLAS,2021-02-27,00:00:00,FEMENINO,2021,1
-74.16340763299996,4.63326597184792,08,KENNEDY,80,CORABASTOS,2021-06-08,00:00:00,MASCULINO,2021,1
-74.07561727099994,4.610177709848689,14,LOS MÁRTIRES,102,LA SABANA,2018-02-10,00:00:00,MASCULINO,2018,1
-74.09554490399995,4.640432539847691,13,TEUSAQUILLO,109,CIUDAD SALITRE ORIENTAL,2018-08-30,00:00:00,MASCULINO,2018,1
-74.14751965899995,4.553020844850525,19,CIUDAD BOLÍVAR,67,LUCERO,2019-02-23,00:00:00,MASCULINO,2019,1
-74.12408537199997,4.746629960844228,11,SUBA,71,TIBABUYES,2019-09-07,00:00:00,MASCULINO,2019,1
-74.06369110999998,4.64893318984739,02,CHAPINERO,99,CHAPINERO,2018-02-08,00:00:00,MASCULINO,2018,1
-74.19407440599997,4.617403440848402,07,BOSA,85,BOSA CENTRAL,2020-01-09,00:00:00,MASCULINO,2020,1
-74.17407354999995,4.648132241847415,08,KENNEDY,82,PATIO BONITO,2020-02-22,00:00:00,MASCULINO,2020,1
-74.02281992299999,4.761168524843774,01,USAQUÉN,990,SIN UPZ USAQUEN,2021-12-18,00:00:00,MASCULINO,2021,1
-74.15969999999999,4.545249999850797,19,CIUDAD BOLÍVAR,67,LUCERO,2022-07-08,00:00:00,MASCULINO,2022,1
-74.17698017999999,4.603069409848895,07,BOSA,85,BOSA CENTRAL,2021-10-31,00:00:00,MASCULINO,2021,1
-74.15569999999997,4.578969999849657,19,CIUDAD BOLÍVAR,65,ARBORIZADORA,2022-11-01,00:00:00,MASCULINO,2022,1
-74.17939999999999,4.615919999848509,08,KENNEDY,81,GRAN BRITALIA,2022-09-10,00:00:00,MASCULINO,2022,1
-74.10289999999998,4.695609999845882,10,ENGATIVÁ,30,BOYACA REAL,2022-10-09,00:00:00,MASCULINO,2022,1
-74.17509999999999,4.5728299998499,19,CIUDAD BOLÍVAR,69,ISMAEL PERDOMO,2022-01-09,00:00:00,MASCULINO,2022,1
-74.12476859299994,4.704881753845574,10,ENGATIVÁ,73,GARCES NAVAS,2021-10-04,00:00:00,MASCULINO,2021,1
-74.07659999999998,4.607709999848744,03,SANTA FE,93,LAS NIEVES,2022-05-10,00:00:00,MASCULINO,2022,1
-74.07959999999997,4.5908899998493,03,SANTA FE,95,LAS CRUCES,2023-02-17,00:00:00,MASCULINO,2023,1
-74.10859866899995,4.741395194844397,11,SUBA,71,TIBABUYES,2020-02-26,00:00:00,MASCULINO,2020,1
-74.08419999999995,4.605239999848814,14,LOS MÁRTIRES,102,LA SABANA,2022-04-01,00:00:00,MASCULINO,2022,1
-74.15909999999997,4.625819999848144,08,KENNEDY,47,KENNEDY CENTRAL,2023-06-22,00:00:00,MASCULINO,2023,1
-74.10799999999995,4.5708599998499375,18,RAFAEL URIBE URIBE,36,SAN JOSE,2022-08-01,00:00:00,MASCULINO,2022,1
-74.06829999999997,4.657049999847117,12,BARRIOS UNIDOS,98,LOS ALCAZARES,2023-05-19,00:00:00,MASCULINO,2023,1
-74.07339999999994,4.604979999848848,03,SANTA FE,93,LAS NIEVES,2022-01-20,00:00:00,FEMENINO,2022,1
-74.15579999999994,4.6551699998472085,08,KENNEDY,78,TINTAL NORTE,2023-09-28,00:00:00,MASCULINO,2023,1
-74.14168950899995,4.585587645849436,06,TUNJUELITO,42,VENECIA,2020-08-12,00:00:00,MASCULINO,2020,1
-74.08458671299996,4.607273378848753,14,LOS MÁRTIRES,102,LA SABANA,2018-09-19,00:00:00,MASCULINO,2018,1
-74.14321160299994,4.5557142708504434,19,CIUDAD BOLÍVAR,67,LUCERO,2018-04-28,00:00:00,MASCULINO,2018,1
-74.15013807699995,4.53217185885123,19,CIUDAD BOLÍVAR,UPR3,UPR RIO TUNJUELO,2019-06-09,00:00:00,MASCULINO,2019,1
-74.14183418099998,4.680302348846379,09,FONTIBÓN,75,FONTIBON,2020-09-01,00:00:00,MASCULINO,2020,1
-74.13084908499997,4.6608983398470425,09,FONTIBÓN,112,GRANJAS DE TECHO,2020-03-18,00:00:00,MASCULINO,2020,1
-74.11192646899997,4.588841449849387,15,ANTONIO NARIÑO,38,RESTREPO,2018-06-16,00:00:00,MASCULINO,2018,1
-74.07695440999998,4.610867521848628,14,LOS MÁRTIRES,102,LA SABANA,2019-03-08,00:00:00,MASCULINO,2019,1
-74.05550435399994,4.75056081184411,11,SUBA,18,BRITALIA,2019-10-30,00:00:00,MASCULINO,2019,1
-74.12953678699995,4.708553662845446,10,ENGATIVÁ,74,ENGATIVA,2019-03-15,00:00:00,MASCULINO,2019,1
-74.10465709599998,4.669014143846773,10,ENGATIVÁ,31,SANTA CECILIA,2021-11-12,00:00:00,MASCULINO,2021,1
-74.15819999999997,4.6450099998475505,08,KENNEDY,79,CALANDAIMA,2022-07-30,00:00:00,MASCULINO,2022,1
-74.07869999999997,4.608149999848705,14,LOS MÁRTIRES,102,LA SABANA,2022-02-07,00:00:00,MASCULINO,2022,1
-74.07319999999999,4.612179999848578,03,SANTA FE,93,LAS NIEVES,2023-02-27,00:00:00,FEMENINO,2023,1
-74.17959999999994,4.610759999848621,07,BOSA,85,BOSA CENTRAL,2022-01-30,00:00:00,FEMENINO,2022,1
-74.02389999999997,4.765519999843596,01,USAQUÉN,9,VERBENAL,2023-08-03,00:00:00,MASCULINO,2023,1
-74.07266038299997,4.591173451849254,17,CANDELARIA,94,LA CANDELARIA,2018-08-18,00:00:00,FEMENINO,2018,1
-74.09322592999996,4.556523346850412,04,SAN CRISTÓBAL,34,20 DE JULIO,2018-12-28,00:00:00,MASCULINO,2018,1
-74.13506609699994,4.585409435849444,06,TUNJUELITO,42,VENECIA,2018-07-08,00:00:00,FEMENINO,2018,1
-74.09939801899998,4.501949799852175,05,USME,57,GRAN YOMASA,2018-11-14,00:00:00,MASCULINO,2018,1
-74.06218028799998,4.653892226847223,02,CHAPINERO,97,CHICO LAGO,2018-08-02,00:00:00,MASCULINO,2018,1
-74.19327982099998,4.624148790848195,07,BOSA,84,BOSA OCCIDENTAL,2021-05-29,00:00:00,MASCULINO,2021,1
-74.09775837399997,4.606177830848769,14,LOS MÁRTIRES,37,SANTA ISABEL,2021-07-07,00:00:00,MASCULINO,2021,1
-74.09490894299995,4.571838621849889,04,SAN CRISTÓBAL,34,20 DE JULIO,2021-01-12,00:00:00,MASCULINO,2021,1
-74.15952506199994,4.57729081884973,19,CIUDAD BOLÍVAR,70,JERUSALEM,2019-12-25,00:00:00,MASCULINO,2019,1
-74.11815428999995,4.555815551850459,18,RAFAEL URIBE URIBE,54,MARRUECOS,2020-08-11,00:00:00,MASCULINO,2020,1
-74.14837840599995,4.536999571851065,19,CIUDAD BOLÍVAR,68,EL TESORO,2019-07-28,00:00:00,MASCULINO,2019,1
-74.15608985899996,4.567798188850021,19,CIUDAD BOLÍVAR,70,JERUSALEM,2019-10-25,00:00:00,MASCULINO,2019,1
-74.09952938299995,4.5788506948496615,18,RAFAEL URIBE URIBE,36,SAN JOSE,2019-03-17,00:00:00,MASCULINO,2019,1
-74.10821468799998,4.550015304850608,18,RAFAEL URIBE URIBE,55,DIANA TURBAY,2019-11-29,00:00:00,MASCULINO,2019,1
-74.14108552799996,4.5930763298491994,06,TUNJUELITO,42,VENECIA,2019-04-13,00:00:00,MASCULINO,2019,1
-74.16786489099997,4.6373749228477665,08,KENNEDY,82,PATIO BONITO,2020-11-10,00:00:00,FEMENINO,2020,1
-74.16177480599998,4.548644581850689,19,CIUDAD BOLÍVAR,UPR3,UPR RIO TUNJUELO,2019-08-28,00:00:00,MASCULINO,2019,1
-74.13128397099996,4.59206076184928,06,TUNJUELITO,42,VENECIA,2019-01-17,00:00:00,MASCULINO,2019,1
-74.13128397099996,4.59206076184928,06,TUNJUELITO,42,VENECIA,2019-01-17,00:00:00,MASCULINO,2019,1
-74.18518870499997,4.605959829848828,07,BOSA,85,BOSA CENTRAL,2019-02-03,00:00:00,MASCULINO,2019,1
-74.10690372099998,4.540540012850934,18,RAFAEL URIBE URIBE,55,DIANA TURBAY,2019-01-27,00:00:00,MASCULINO,2019,1
-74.13863600699995,4.559645918850307,19,CIUDAD BOLÍVAR,67,LUCERO,2019-02-20,00:00:00,MASCULINO,2019,1
-74.13020357199997,4.6147456668484885,08,KENNEDY,44,AMERICAS,2020-02-11,00:00:00,FEMENINO,2020,1
-74.18733338499999,4.627572652848126,07,BOSA,84,BOSA OCCIDENTAL,2019-02-22,00:00:00,MASCULINO,2019,1
-74.14184839299998,4.537923387850989,19,CIUDAD BOLÍVAR,68,EL TESORO,2019-10-13,00:00:00,MASCULINO,2019,1
-74.14634434899995,4.5555249218504645,19,CIUDAD BOLÍVAR,67,LUCERO,2018-04-08,00:00:00,MASCULINO,2018,1
-74.10019297299993,4.4962559108523745,05,USME,59,ALFONSO LOPEZ,2021-04-02,00:00:00,MASCULINO,2021,1
-74.09939080899994,4.555100819850474,04,SAN CRISTÓBAL,50,LA GLORIA,2021-11-14,00:00:00,MASCULINO,2021,1
-74.08315441299999,4.5420839428508515,04,SAN CRISTÓBAL,50,LA GLORIA,2021-04-07,00:00:00,MASCULINO,2021,1
-74.09109999999998,4.5939999998491885,14,LOS MÁRTIRES,37,SANTA ISABEL,2023-01-23,00:00:00,FEMENINO,2023,1
-74.15889999999996,4.553469999850521,19,CIUDAD BOLÍVAR,67,LUCERO,2023-07-28,00:00:00,MASCULINO,2023,1
-74.06949999999995,4.608889999848691,03,SANTA FE,93,LAS NIEVES,2022-08-23,00:00:00,MASCULINO,2022,1
-74.16439999999994,4.623219999848256,08,KENNEDY,80,CORABASTOS,2022-05-30,00:00:00,MASCULINO,2022,1
-74.07829100999999,4.613169250848567,14,LOS MÁRTIRES,102,LA SABANA,2020-08-14,00:00:00,MASCULINO,2020,1
-74.13969999999995,4.55530999985042,19,CIUDAD BOLÍVAR,67,LUCERO,2023-01-01,00:00:00,MASCULINO,2023,1
-74.08707009899996,4.543308652850838,04,SAN CRISTÓBAL,50,LA GLORIA,2021-01-01,00:00:00,MASCULINO,2021,1
-74.19892527199994,4.620016225848377,07,BOSA,84,BOSA OCCIDENTAL,2019-12-02,00:00:00,MASCULINO,2019,1
-74.11349999999999,4.588709999849368,15,ANTONIO NARIÑO,38,RESTREPO,2022-02-19,00:00:00,MASCULINO,2022,1
-74.02369999999996,4.760659999843743,01,USAQUÉN,9,VERBENAL,2022-12-03,00:00:00,MASCULINO,2022,1
-74.15537733199994,4.565922252850105,19,CIUDAD BOLÍVAR,70,JERUSALEM,2019-10-06,00:00:00,MASCULINO,2019,1
-74.08162795799996,4.592080179849243,03,SANTA FE,95,LAS CRUCES,2019-05-27,00:00:00,MASCULINO,2019,1
-74.15058184799994,4.540182040850926,19,CIUDAD BOLÍVAR,67,LUCERO,2018-09-25,00:00:00,MASCULINO,2018,1
-74.12423529299997,4.594989004849167,16,PUENTE ARANDA,41,MUZU,2021-02-09,00:00:00,MASCULINO,2021,1
-74.08433424999998,4.607755664848769,14,LOS MÁRTIRES,102,LA SABANA,2021-05-04,00:00:00,MASCULINO,2021,1
-74.14205854699998,4.5888186488493865,06,TUNJUELITO,42,VENECIA,2021-04-21,00:00:00,MASCULINO,2021,1
-74.08845883899994,4.588039277849384,15,ANTONIO NARIÑO,35,CIUDAD JARDIN,2020-06-18,00:00:00,MASCULINO,2020,1
-74.14828079499995,4.585984484849437,06,TUNJUELITO,42,VENECIA,2020-12-29,00:00:00,MASCULINO,2020,1
-74.09410633499994,4.517377954851667,04,SAN CRISTÓBAL,51,LOS LIBERTADORES,2020-03-08,00:00:00,MASCULINO,2020,1
-74.18869999999998,4.618029999848388,07,BOSA,84,BOSA OCCIDENTAL,2023-09-24,00:00:00,MASCULINO,2023,1
-74.19083850799996,4.619314955848353,07,BOSA,84,BOSA OCCIDENTAL,2020-05-18,00:00:00,MASCULINO,2020,1
-74.13159999999993,4.60171999984895,16,PUENTE ARANDA,41,MUZU,2022-07-19,00:00:00,MASCULINO,2022,1
-74.16009999999994,4.653299999847265,08,KENNEDY,78,TINTAL NORTE,2022-06-26,00:00:00,MASCULINO,2022,1
-74.08388397399995,4.583595805849537,04,SAN CRISTÓBAL,33,SOSIEGO,2018-09-09,00:00:00,MASCULINO,2018,1
-74.19172413899997,4.622282700848298,07,BOSA,84,BOSA OCCIDENTAL,2018-10-14,00:00:00,MASCULINO,2018,1
-74.09968067599993,4.71758936684519,10,ENGATIVÁ,29,MINUTO DE DIOS,2021-11-19,00:00:00,MASCULINO,2021,1
-74.05372856799994,4.715751776845214,11,SUBA,19,EL PRADO,2021-05-05,00:00:00,MASCULINO,2021,1
-74.08126321199995,4.752253579844048,11,SUBA,27,SUBA,2018-06-23,00:00:00,FEMENINO,2018,1
-74.12479999999994,4.569999999849973,18,RAFAEL URIBE URIBE,53,MARCO FIDEL SUAREZ,2023-03-05,00:00:00,MASCULINO,2023,1
-74.06639999999999,4.6525599998472895,12,BARRIOS UNIDOS,98,LOS ALCAZARES,2022-06-26,00:00:00,MASCULINO,2022,1
-74.10691427299997,4.634382038847886,16,PUENTE ARANDA,111,PUENTE ARANDA,2020-03-21,00:00:00,MASCULINO,2020,1
-74.16860482599998,4.638580062847753,08,KENNEDY,82,PATIO BONITO,2020-07-12,00:00:00,MASCULINO,2020,1
-74.11742255599995,4.706354020845528,10,ENGATIVÁ,73,GARCES NAVAS,2020-05-24,00:00:00,MASCULINO,2020,1
-74.17805331499994,4.598598507849055,07,BOSA,85,BOSA CENTRAL,2018-11-12,00:00:00,MASCULINO,2018,1
-74.15289556399995,4.595773548849141,19,CIUDAD BOLÍVAR,65,ARBORIZADORA,2020-02-21,00:00:00,MASCULINO,2020,1
-74.03508872799995,4.762590800843702,01,USAQUÉN,9,VERBENAL,2019-02-09,00:00:00,MASCULINO,2019,1
-74.20666328599998,4.6239481188482,07,BOSA,84,BOSA OCCIDENTAL,2018-09-16,00:00:00,MASCULINO,2018,1
-74.11804936499993,4.521881884851516,05,USME,57,GRAN YOMASA,2021-07-06,00:00:00,MASCULINO,2021,1
-74.14387321899994,4.595498794849122,08,KENNEDY,45,CARVAJAL,2021-07-16,00:00:00,MASCULINO,2021,1
-74.18159788199995,4.594091862849214,19,CIUDAD BOLÍVAR,69,ISMAEL PERDOMO,2020-05-08,00:00:00,MASCULINO,2020,1
-74.10449125399998,4.504067633852084,05,USME,59,ALFONSO LOPEZ,2019-03-02,00:00:00,MASCULINO,2019,1
-74.08020379299995,4.75496700084397,11,SUBA,27,SUBA,2019-05-20,00:00:00,FEMENINO,2019,1
-74.15731209399996,4.57523266284981,19,CIUDAD BOLÍVAR,70,JERUSALEM,2018-08-21,00:00:00,MASCULINO,2018,1
-74.09684126199994,4.701795222845664,10,ENGATIVÁ,29,MINUTO DE DIOS,2021-07-21,00:00:00,MASCULINO,2021,1
-74.05101584899995,4.765016488843636,11,SUBA,17,SAN JOSE DE BAVARIA,2020-11-25,00:00:00,FEMENINO,2020,1
-74.09941706799998,4.6195355468483665,16,PUENTE ARANDA,108,ZONA INDUSTRIAL,2018-01-02,00:00:00,MASCULINO,2018,1
-74.14501022199994,4.68502845084623,09,FONTIBÓN,75,FONTIBON,2019-02-05,00:00:00,MASCULINO,2019,1
-74.20136531499998,4.62321253684822,07,BOSA,84,BOSA OCCIDENTAL,2021-08-21,00:00:00,MASCULINO,2021,1
-74.17066351899996,4.560203513850264,19,CIUDAD BOLÍVAR,70,JERUSALEM,2019-05-02,00:00:00,MASCULINO,2019,1
-74.16858452799994,4.572830135849876,19,CIUDAD BOLÍVAR,69,ISMAEL PERDOMO,2019-04-08,00:00:00,MASCULINO,2019,1
-74.15782711199995,4.566906938850063,19,CIUDAD BOLÍVAR,70,JERUSALEM,2021-04-03,00:00:00,MASCULINO,2021,1
-74.09932197299997,4.746219740844252,11,SUBA,28,EL RINCON,2021-03-20,00:00:00,MASCULINO,2021,1
-74.17486469599999,4.620461369848327,08,KENNEDY,81,GRAN BRITALIA,2020-12-20,00:00:00,MASCULINO,2020,1
-74.14731027799996,4.508210442851988,19,CIUDAD BOLÍVAR,64,MONTE BLANCO,2021-07-04,00:00:00,MASCULINO,2021,1
-74.10810434799998,4.514075453851768,05,USME,57,GRAN YOMASA,2018-06-16,00:00:00,MASCULINO,2018,1
-74.02700796299996,4.737506839844509,01,USAQUÉN,11,SAN CRISTOBAL NORTE,2019-05-14,00:00:00,MASCULINO,2019,1
-74.09260135699998,4.5394501448509645,04,SAN CRISTÓBAL,51,LOS LIBERTADORES,2020-06-24,00:00:00,MASCULINO,2020,1
-74.08683408499996,4.601352502848945,14,LOS MÁRTIRES,102,LA SABANA,2018-03-16,00:00:00,MASCULINO,2018,1
-74.16782141099998,4.69717689184585,09,FONTIBÓN,76,FONTIBON SAN PABLO,2019-12-12,00:00:00,MASCULINO,2019,1
-74.15633364699994,4.599846079848971,07,BOSA,49,APOGEO,2021-02-16,00:00:00,MASCULINO,2021,1
-74.12162821799996,4.686245840846212,10,ENGATIVÁ,116,ALAMOS,2021-06-20,00:00:00,MASCULINO,2021,1
-74.01860896099998,4.735803105844578,01,USAQUÉN,11,SAN CRISTOBAL NORTE,2020-11-02,00:00:00,MASCULINO,2020,1
-74.09801244199997,4.607751949848715,16,PUENTE ARANDA,108,ZONA INDUSTRIAL,2020-09-14,00:00:00,MASCULINO,2020,1
-74.15996606099998,4.574092685849814,19,CIUDAD BOLÍVAR,70,JERUSALEM,2020-04-27,00:00:00,FEMENINO,2020,1
-74.12259999999998,4.522079999851555,05,USME,57,GRAN YOMASA,2022-07-16,00:00:00,MASCULINO,2022,1
-74.17428500899996,4.646908146847458,08,KENNEDY,82,PATIO BONITO,2020-12-18,00:00:00,MASCULINO,2020,1
-74.10826156599995,4.532784763851168,05,USME,56,DANUBIO,2021-12-07,00:00:00,MASCULINO,2021,1
-74.16209999999995,4.610579999848632,08,KENNEDY,48,TIMIZA,2022-06-07,00:00:00,MASCULINO,2022,1
-74.08379999999994,4.592929999849194,03,SANTA FE,95,LAS CRUCES,2022-10-18,00:00:00,MASCULINO,2022,1
-74.08789999999993,4.594749999849147,14,LOS MÁRTIRES,37,SANTA ISABEL,2022-02-11,00:00:00,MASCULINO,2022,1
-74.11482761299999,4.553424776850491,18,RAFAEL URIBE URIBE,54,MARRUECOS,2021-11-08,00:00:00,FEMENINO,2021,1
-74.08499999999998,4.608319999848726,14,LOS MÁRTIRES,102,LA SABANA,2022-05-05,00:00:00,MASCULINO,2022,1
-74.08209999999997,4.592039999849261,03,SANTA FE,95,LAS CRUCES,2022-11-13,00:00:00,MASCULINO,2022,1
-74.07699999999994,4.602209999848948,03,SANTA FE,93,LAS NIEVES,2022-08-08,00:00:00,MASCULINO,2022,1
-74.08855499999999,4.500817195852241,05,USME,52,LA FLORA,2019-01-30,00:00:00,FEMENINO,2019,1
-74.10119256199994,4.595030774849157,14,LOS MÁRTIRES,37,SANTA ISABEL,2020-12-08,00:00:00,MASCULINO,2020,1
-74.02212879299998,4.762038221843725,01,USAQUÉN,990,SIN UPZ USAQUEN,2021-12-15,00:00:00,MASCULINO,2021,1
-74.01674309999999,4.752571760844051,01,USAQUÉN,990,SIN UPZ USAQUEN,2020-07-30,00:00:00,MASCULINO,2020,1
-74.08870027999996,4.754373136843994,11,SUBA,27,SUBA,2020-03-07,00:00:00,MASCULINO,2020,1
-74.07743720699995,4.610798079848647,14,LOS MÁRTIRES,102,LA SABANA,2018-09-05,00:00:00,MASCULINO,2018,1
-74.13309999999996,4.592919999849227,06,TUNJUELITO,42,VENECIA,2022-01-17,00:00:00,MASCULINO,2022,1
-74.13719999999995,4.618049999848399,08,KENNEDY,44,AMERICAS,2022-09-22,00:00:00,MASCULINO,2022,1
-74.11739999999998,4.571929999849928,18,RAFAEL URIBE URIBE,53,MARCO FIDEL SUAREZ,2023-05-30,00:00:00,MASCULINO,2023,1
-74.12999999999994,4.5729699998498825,06,TUNJUELITO,42,VENECIA,2022-12-06,00:00:00,MASCULINO,2022,1
-74.11509999999998,4.575719999849785,18,RAFAEL URIBE URIBE,53,MARCO FIDEL SUAREZ,2023-08-30,00:00:00,MASCULINO,2023,1
-74.06559999999996,4.606969999848768,03,SANTA FE,92,LA MACARENA,2022-02-20,00:00:00,MASCULINO,2022,1
-74.16479999999996,4.5426299998508455,19,CIUDAD BOLÍVAR,UPR3,UPR RIO TUNJUELO,2022-12-05,00:00:00,MASCULINO,2022,1
-74.11419999999998,4.544529999850818,18,RAFAEL URIBE URIBE,55,DIANA TURBAY,2022-08-25,00:00:00,MASCULINO,2022,1
-74.10119999999995,4.500469999852251,05,USME,59,ALFONSO LOPEZ,2022-09-20,00:00:00,MASCULINO,2022,1
-74.04171290699998,4.7538698678439815,01,USAQUÉN,10,LA URIBE,2018-12-10,00:00:00,MASCULINO,2018,1
-74.08814931199998,4.560412723850292,04,SAN CRISTÓBAL,32,SAN BLAS,2019-02-11,00:00:00,MASCULINO,2019,1
-74.11660562299994,4.522452512851546,05,USME,57,GRAN YOMASA,2018-06-08,00:00:00,FEMENINO,2018,1
-74.17077121199998,4.651179095847304,08,KENNEDY,79,CALANDAIMA,2018-07-09,00:00:00,MASCULINO,2018,1
-74.16383486999996,4.56986680184996,19,CIUDAD BOLÍVAR,70,JERUSALEM,2019-09-14,00:00:00,MASCULINO,2019,1
-74.14709999999997,4.687399999846125,09,FONTIBÓN,75,FONTIBON,2022-11-11,00:00:00,MASCULINO,2022,1
-74.19104627099995,4.629245692848025,07,BOSA,84,BOSA OCCIDENTAL,2021-08-06,00:00:00,MASCULINO,2021,1
-74.08151817499999,4.569456431849973,04,SAN CRISTÓBAL,32,SAN BLAS,2018-10-14,00:00:00,MASCULINO,2018,1
-74.08867976299996,4.598065348849037,14,LOS MÁRTIRES,37,SANTA ISABEL,2018-02-11,00:00:00,MASCULINO,2018,1
-74.09739999999994,4.5453099998507565,04,SAN CRISTÓBAL,51,LOS LIBERTADORES,2023-09-24,00:00:00,MASCULINO,2023,1
-74.15749999999997,4.633289999847906,08,KENNEDY,80,CORABASTOS,2023-01-07,00:00:00,MASCULINO,2023,1
-74.07220266099995,4.723468391844961,11,SUBA,24,NIZA,2018-06-22,00:00:00,MASCULINO,2018,1
-74.19899815999997,4.628530111848041,07,BOSA,87,TINTAL SUR,2019-11-22,00:00:00,MASCULINO,2019,1
-74.14259999999996,4.678559999846446,09,FONTIBÓN,75,FONTIBON,2022-02-11,00:00:00,MASCULINO,2022,1
-74.07398737699998,4.608701423848725,03,SANTA FE,93,LAS NIEVES,2021-04-19,00:00:00,MASCULINO,2021,1
-74.13298531499998,4.613459999848536,08,KENNEDY,44,AMERICAS,2019-09-22,00:00:00,MASCULINO,2019,1
-74.07579376699994,4.652592441847304,12,BARRIOS UNIDOS,98,LOS ALCAZARES,2020-10-09,00:00:00,MASCULINO,2020,1
-74.11231136599997,4.739286420844448,11,SUBA,71,TIBABUYES,2021-01-11,00:00:00,MASCULINO,2021,1
-74.17501918199997,4.635968936847804,08,KENNEDY,83,LAS MARGARITAS,2018-05-03,00:00:00,MASCULINO,2018,1
-74.16150524399995,4.549976113850633,19,CIUDAD BOLÍVAR,67,LUCERO,2018-10-22,00:00:00,MASCULINO,2018,1
-74.12486500299997,4.568248655850017,18,RAFAEL URIBE URIBE,54,MARRUECOS,2020-11-28,00:00:00,MASCULINO,2020,1
-74.12868321599996,4.621891863848313,08,KENNEDY,44,AMERICAS,2018-07-15,00:00:00,MASCULINO,2018,1
-74.19255866199995,4.620073971848349,07,BOSA,84,BOSA OCCIDENTAL,2019-03-15,00:00:00,MASCULINO,2019,1
-74.17281964699998,4.633840888847904,08,KENNEDY,82,PATIO BONITO,2021-02-27,00:00:00,MASCULINO,2021,1
-74.17744452899996,4.650114391847352,08,KENNEDY,82,PATIO BONITO,2018-06-13,00:00:00,MASCULINO,2018,1
-74.14308285699997,4.5558212198504275,19,CIUDAD BOLÍVAR,67,LUCERO,2018-03-03,00:00:00,MASCULINO,2018,1
-74.10650249199995,4.73709824184454,11,SUBA,71,TIBABUYES,2018-12-16,00:00:00,MASCULINO,2018,1
-74.10078282799998,4.728282743844843,11,SUBA,28,EL RINCON,2019-05-19,00:00:00,MASCULINO,2019,1
-74.13714018799999,4.56113594885027,19,CIUDAD BOLÍVAR,67,LUCERO,2018-09-01,00:00:00,FEMENINO,2018,1
-74.17047758499996,4.6429061128475855,08,KENNEDY,82,PATIO BONITO,2019-11-23,00:00:00,MASCULINO,2019,1
-74.08811372499997,4.6257063878481395,13,TEUSAQUILLO,107,QUINTA PAREDES,2020-04-19,00:00:00,MASCULINO,2020,1
-74.09567726199998,4.586150749849457,15,ANTONIO NARIÑO,38,RESTREPO,2020-12-31,00:00:00,MASCULINO,2020,1
-74.10988788499998,4.586674597849434,18,RAFAEL URIBE URIBE,39,QUIROGA,2019-01-26,00:00:00,MASCULINO,2019,1
-74.08675801199996,4.649646164847363,13,TEUSAQUILLO,106,LA ESMERALDA,2021-07-16,00:00:00,MASCULINO,2021,1
-74.13737711199997,4.565441374850104,06,TUNJUELITO,62,TUNJUELITO,2021-06-12,00:00:00,MASCULINO,2021,1
-74.13684860799998,4.602901571848914,08,KENNEDY,45,CARVAJAL,2019-12-08,00:00:00,MASCULINO,2019,1
-74.16117557399997,4.653784762847228,08,KENNEDY,78,TINTAL NORTE,2021-01-30,00:00:00,MASCULINO,2021,1
-74.08007958499996,4.60366739784886,14,LOS MÁRTIRES,102,LA SABANA,2020-10-17,00:00:00,MASCULINO,2020,1
-74.13543542599996,4.56502639085015,06,TUNJUELITO,62,TUNJUELITO,2020-11-22,00:00:00,MASCULINO,2020,1
-74.19905203799993,4.605990939848776,07,BOSA,85,BOSA CENTRAL,2021-10-01,00:00:00,MASCULINO,2021,1
-74.16765532399995,4.638793936847742,08,KENNEDY,82,PATIO BONITO,2019-05-12,00:00:00,MASCULINO,2019,1
-74.20753430999997,4.614103670848556,07,BOSA,85,BOSA CENTRAL,2020-05-15,00:00:00,MASCULINO,2020,1
-74.16240274599994,4.552619465850555,19,CIUDAD BOLÍVAR,67,LUCERO,2021-08-27,00:00:00,MASCULINO,2021,1
-74.07827598399996,4.651941726847316,13,TEUSAQUILLO,100,GALERIAS,2019-03-16,00:00:00,FEMENINO,2019,1
-74.16713229399994,4.627585445848119,08,KENNEDY,80,CORABASTOS,2018-12-25,00:00:00,MASCULINO,2018,1
-74.07914276599996,4.634965761847845,13,TEUSAQUILLO,100,GALERIAS,2019-10-12,00:00:00,MASCULINO,2019,1
-74.12944400799995,4.745296149844272,11,SUBA,71,TIBABUYES,2020-11-19,00:00:00,MASCULINO,2020,1
-74.18269351699996,4.627304204848084,07,BOSA,84,BOSA OCCIDENTAL,2021-10-23,00:00:00,MASCULINO,2021,1
-74.06048698099994,4.6522862748473,02,CHAPINERO,97,CHICO LAGO,2021-11-10,00:00:00,MASCULINO,2021,1
-74.18481880999997,4.627417807848129,07,BOSA,84,BOSA OCCIDENTAL,2021-04-14,00:00:00,MASCULINO,2021,1
-74.12988008699995,4.582358820849595,18,RAFAEL URIBE URIBE,39,QUIROGA,2021-07-15,00:00:00,FEMENINO,2021,1
-74.19439236799997,4.638533995847726,07,BOSA,86,EL PORVENIR,2020-10-18,00:00:00,MASCULINO,2020,1
-74.08469999999994,4.757989999843869,11,SUBA,27,SUBA,2022-03-20,00:00:00,MASCULINO,2022,1
-74.12578576099997,4.5616860808502535,06,TUNJUELITO,62,TUNJUELITO,2019-11-29,00:00:00,MASCULINO,2019,1
-74.15397737399996,4.540505149850938,19,CIUDAD BOLÍVAR,67,LUCERO,2019-03-25,00:00:00,MASCULINO,2019,1
-74.15322091499996,4.56188766185025,19,CIUDAD BOLÍVAR,66,SAN FRANCISCO,2018-08-15,00:00:00,MASCULINO,2018,1
-74.13560391099998,4.614018562848553,08,KENNEDY,45,CARVAJAL,2018-11-18,00:00:00,MASCULINO,2018,1
-74.08683633199996,4.601819854848914,14,LOS MÁRTIRES,102,LA SABANA,2021-03-17,00:00:00,MASCULINO,2021,1
-74.11908954999996,4.556042695850397,18,RAFAEL URIBE URIBE,54,MARRUECOS,2019-05-21,00:00:00,FEMENINO,2019,1
-74.13664967199998,4.560667082850284,19,CIUDAD BOLÍVAR,67,LUCERO,2021-10-06,00:00:00,MASCULINO,2021,1
-74.08141877199995,4.538532496851009,04,SAN CRISTÓBAL,50,LA GLORIA,2021-11-07,00:00:00,MASCULINO,2021,1
-74.17889999999994,4.58036999984966,19,CIUDAD BOLÍVAR,69,ISMAEL PERDOMO,2022-06-08,00:00:00,MASCULINO,2022,1
-74.14819999999997,4.542559999850852,19,CIUDAD BOLÍVAR,67,LUCERO,2022-04-25,00:00:00,MASCULINO,2022,1
-74.07979999999998,4.588339999849394,03,SANTA FE,95,LAS CRUCES,2022-10-30,00:00:00,MASCULINO,2022,1
-74.09240543599998,4.737747863844491,11,SUBA,28,EL RINCON,2021-08-02,00:00:00,MASCULINO,2021,1
-74.08216210099994,4.540782889850931,04,SAN CRISTÓBAL,50,LA GLORIA,2021-11-17,00:00:00,MASCULINO,2021,1
-74.10079999999994,4.583829999849502,15,ANTONIO NARIÑO,38,RESTREPO,2023-04-16,00:00:00,MASCULINO,2023,1
-74.12519999999995,4.580339999849619,18,RAFAEL URIBE URIBE,39,QUIROGA,2022-02-11,00:00:00,MASCULINO,2022,1
-74.17869999999994,4.580209999849609,19,CIUDAD BOLÍVAR,69,ISMAEL PERDOMO,2022-03-21,00:00:00,MASCULINO,2022,1
-74.17409999999995,4.627479999848102,08,KENNEDY,83,LAS MARGARITAS,2022-05-03,00:00:00,MASCULINO,2022,1
-74.07689999999997,4.610769999848655,14,LOS MÁRTIRES,102,LA SABANA,2022-04-05,00:00:00,MASCULINO,2022,1
-74.19639999999998,4.630749999847982,07,BOSA,86,EL PORVENIR,2022-01-07,00:00:00,FEMENINO,2022,1
-74.16509999999994,4.629469999848015,08,KENNEDY,80,CORABASTOS,2022-12-07,00:00:00,MASCULINO,2022,1
-74.09229999999997,4.552229999850561,04,SAN CRISTÓBAL,50,LA GLORIA,2022-02-27,00:00:00,MASCULINO,2022,1
-74.11298127599997,4.744124676844315,11,SUBA,71,TIBABUYES,2020-03-08,00:00:00,FEMENINO,2020,1
-74.15535370899994,4.636017194847795,08,KENNEDY,80,CORABASTOS,2021-12-04,00:00:00,MASCULINO,2021,1
-74.13219999999995,4.7096899998454,10,ENGATIVÁ,74,ENGATIVA,2022-01-19,00:00:00,MASCULINO,2022,1
-74.20619999999997,4.610119999848669,07,BOSA,85,BOSA CENTRAL,2022-07-21,00:00:00,MASCULINO,2022,1
-74.19959999999998,4.616849999848453,07,BOSA,85,BOSA CENTRAL,2022-02-24,00:00:00,MASCULINO,2022,1
-74.12409999999994,4.711939999845328,10,ENGATIVÁ,73,GARCES NAVAS,2022-01-06,00:00:00,FEMENINO,2022,1
-74.17129999999997,4.571159999849901,19,CIUDAD BOLÍVAR,70,JERUSALEM,2022-10-28,00:00:00,MASCULINO,2022,1
-74.09529999999995,4.574709999849807,04,SAN CRISTÓBAL,34,20 DE JULIO,2023-01-16,00:00:00,MASCULINO,2023,1
-74.03699999999998,4.805869999842275,01,USAQUÉN,1,PASEO DE LOS LIBERTADORES,2022-08-18,00:00:00,FEMENINO,2022,1
-74.15279999999996,4.548089999850693,19,CIUDAD BOLÍVAR,67,LUCERO,2022-06-19,00:00:00,MASCULINO,2022,1
-74.10649999999998,4.7113199998453865,10,ENGATIVÁ,29,MINUTO DE DIOS,2022-06-26,00:00:00,MASCULINO,2022,1
-74.09199999999998,4.7200999998450985,11,SUBA,28,EL RINCON,2022-12-23,00:00:00,MASCULINO,2022,1
-74.11309999999997,4.738419999844515,11,SUBA,71,TIBABUYES,2022-02-01,00:00:00,FEMENINO,2022,1
-74.15834049499995,4.637295239847805,08,KENNEDY,80,CORABASTOS,2018-08-12,00:00:00,MASCULINO,2018,1
-74.09802504299995,4.723149877845009,11,SUBA,28,EL RINCON,2019-01-18,00:00:00,FEMENINO,2019,1
-74.06946345499995,4.591335671849303,17,CANDELARIA,94,LA CANDELARIA,2021-02-25,00:00:00,MASCULINO,2021,1
-74.13709999999998,4.559729999850317,19,CIUDAD BOLÍVAR,67,LUCERO,2022-04-02,00:00:00,MASCULINO,2022,1
-74.11243166099996,4.591609276849253,15,ANTONIO NARIÑO,38,RESTREPO,2019-11-26,00:00:00,MASCULINO,2019,1
-74.16413470399993,4.6317547818479445,08,KENNEDY,80,CORABASTOS,2020-11-26,00:00:00,MASCULINO,2020,1
-74.11321645799995,4.538433143851021,05,USME,56,DANUBIO,2020-11-28,00:00:00,MASCULINO,2020,1
-74.15173833999995,4.552881003850506,19,CIUDAD BOLÍVAR,67,LUCERO,2018-06-08,00:00:00,MASCULINO,2018,1
-74.16223945799999,4.579723839849644,19,CIUDAD BOLÍVAR,69,ISMAEL PERDOMO,2018-09-02,00:00:00,MASCULINO,2018,1
-74.14639999999997,4.6168999998484415,08,KENNEDY,45,CARVAJAL,2022-06-17,00:00:00,MASCULINO,2022,1
-74.14739999999995,4.691279999846038,09,FONTIBÓN,76,FONTIBON SAN PABLO,2023-03-24,00:00:00,MASCULINO,2023,1
-74.08419999999995,4.754499999843981,11,SUBA,27,SUBA,2022-05-02,00:00:00,MASCULINO,2022,1
-74.13239999999996,4.613449999848566,08,KENNEDY,44,AMERICAS,2022-11-11,00:00:00,MASCULINO,2022,1
-74.19449999999995,4.635169999847875,07,BOSA,86,EL PORVENIR,2023-09-05,00:00:00,MASCULINO,2023,1
-74.12865992099995,4.679628880846392,09,FONTIBÓN,115,CAPELLANIA,2021-05-06,00:00:00,MASCULINO,2021,1
-74.11399999999998,4.499649999852246,05,USME,58,COMUNEROS,2023-07-01,00:00:00,MASCULINO,2023,1
-74.16594295799996,4.547850474850721,19,CIUDAD BOLÍVAR,UPR3,UPR RIO TUNJUELO,2019-06-06,00:00:00,MASCULINO,2019,1
-74.07010541499994,4.653659803847232,12,BARRIOS UNIDOS,98,LOS ALCAZARES,2020-04-12,00:00:00,MASCULINO,2020,1
-74.06978137199997,4.5887041668493715,03,SANTA FE,96,LOURDES,2021-01-01,00:00:00,MASCULINO,2021,1
-74.11029999999994,4.5453099998507565,18,RAFAEL URIBE URIBE,55,DIANA TURBAY,2022-10-30,00:00:00,MASCULINO,2022,1
-74.06548401999999,4.644044160847575,02,CHAPINERO,99,CHAPINERO,2019-04-17,00:00:00,MASCULINO,2019,1
-74.16749999999996,4.629219999848031,08,KENNEDY,80,CORABASTOS,2023-07-24,00:00:00,MASCULINO,2023,1
-74.15519999999998,4.643399999847579,08,KENNEDY,79,CALANDAIMA,2023-09-23,00:00:00,MASCULINO,2023,1
-74.11919999999998,4.726329999844911,10,ENGATIVÁ,72,BOLIVIA,2023-01-18,00:00:00,MASCULINO,2023,1
-74.13789999999995,4.618799999848357,08,KENNEDY,44,AMERICAS,2023-09-02,00:00:00,MASCULINO,2023,1
-74.17939999999999,4.578909999849696,19,CIUDAD BOLÍVAR,69,ISMAEL PERDOMO,2022-02-06,00:00:00,MASCULINO,2022,1
-74.12859999999995,4.7434899998443445,11,SUBA,71,TIBABUYES,2022-04-28,00:00:00,MASCULINO,2022,1
-74.09449999999998,4.7213599998450615,11,SUBA,28,EL RINCON,2023-02-21,00:00:00,MASCULINO,2023,1
-74.06819999999993,4.603019999848925,03,SANTA FE,93,LAS NIEVES,2022-11-25,00:00:00,MASCULINO,2022,1
-74.11889999999994,4.588739999849341,18,RAFAEL URIBE URIBE,39,QUIROGA,2022-12-31,00:00:00,MASCULINO,2022,1
-74.11789999999996,4.544629999850784,18,RAFAEL URIBE URIBE,55,DIANA TURBAY,2022-04-10,00:00:00,FEMENINO,2022,1
-74.15619999999996,4.535079999851107,19,CIUDAD BOLÍVAR,UPR3,UPR RIO TUNJUELO,2023-01-18,00:00:00,MASCULINO,2023,1
-74.12569999999994,4.709229999845439,10,ENGATIVÁ,73,GARCES NAVAS,2022-10-28,00:00:00,FEMENINO,2022,1
-74.05401489399998,4.70705879184552,11,SUBA,19,EL PRADO,2019-06-21,00:00:00,MASCULINO,2019,1
-74.14540195499995,4.554622910850447,19,CIUDAD BOLÍVAR,67,LUCERO,2019-04-21,00:00:00,MASCULINO,2019,1
-74.10292044299996,4.486190450852679,05,USME,59,ALFONSO LOPEZ,2018-07-08,00:00:00,MASCULINO,2018,1
-74.18276225399995,4.635653667847815,07,BOSA,86,EL PORVENIR,2021-02-28,00:00:00,MASCULINO,2021,1
-74.07023627899997,4.721383833845041,11,SUBA,24,NIZA,2018-07-03,00:00:00,MASCULINO,2018,1
-74.10046572499994,4.489047097852624,05,USME,59,ALFONSO LOPEZ,2021-06-14,00:00:00,MASCULINO,2021,1
-74.20365452899995,4.62315607284827,07,BOSA,84,BOSA OCCIDENTAL,2020-03-15,00:00:00,MASCULINO,2020,1
-74.13526100199994,4.562796966850207,06,TUNJUELITO,62,TUNJUELITO,2019-04-02,00:00:00,MASCULINO,2019,1
-74.15723499799998,4.615007265848478,08,KENNEDY,48,TIMIZA,2020-09-09,00:00:00,MASCULINO,2020,1
-74.15014928899996,4.57487394284982,19,CIUDAD BOLÍVAR,65,ARBORIZADORA,2020-11-28,00:00:00,MASCULINO,2020,1
-74.10696441999994,4.544480634850817,18,RAFAEL URIBE URIBE,55,DIANA TURBAY,2018-05-19,00:00:00,MASCULINO,2018,1
-74.11627282099994,4.492505194852484,05,USME,58,COMUNEROS,2021-05-19,00:00:00,MASCULINO,2021,1
-74.15817678099995,4.535670259851112,19,CIUDAD BOLÍVAR,UPR3,UPR RIO TUNJUELO,2021-09-23,00:00:00,MASCULINO,2021,1
-74.07712607099995,4.610632250848623,14,LOS MÁRTIRES,102,LA SABANA,2019-07-17,00:00:00,MASCULINO,2019,1
-74.11443728299997,4.517848671851692,05,USME,57,GRAN YOMASA,2019-08-11,00:00:00,FEMENINO,2019,1
-74.10437291099998,4.715020765845269,10,ENGATIVÁ,29,MINUTO DE DIOS,2020-04-19,00:00:00,MASCULINO,2020,1
-74.11853154199997,4.568412115850025,18,RAFAEL URIBE URIBE,53,MARCO FIDEL SUAREZ,2019-02-02,00:00:00,MASCULINO,2019,1
-74.11180117999999,4.5112673908518826,05,USME,57,GRAN YOMASA,2019-05-01,00:00:00,MASCULINO,2019,1
-74.11511323499997,4.535919991851092,05,USME,56,DANUBIO,2018-05-06,00:00:00,MASCULINO,2018,1
-74.07055307799999,4.721595216845067,11,SUBA,24,NIZA,2020-01-23,00:00:00,MASCULINO,2020,1
-74.12999483499993,4.741763910844353,11,SUBA,71,TIBABUYES,2021-09-12,00:00:00,FEMENINO,2021,1
-74.19348745799994,4.601673553848951,07,BOSA,85,BOSA CENTRAL,2019-04-07,00:00:00,MASCULINO,2019,1
-74.11781048999995,4.678065357846431,10,ENGATIVÁ,116,ALAMOS,2021-06-04,00:00:00,MASCULINO,2021,1
-74.09197854499996,4.729249191844795,11,SUBA,28,EL RINCON,2020-11-30,00:00:00,MASCULINO,2020,1
-74.14231799199996,4.536138451851065,19,CIUDAD BOLÍVAR,68,EL TESORO,2020-06-18,00:00:00,MASCULINO,2020,1
-74.17530214199996,4.594492690849153,19,CIUDAD BOLÍVAR,69,ISMAEL PERDOMO,2018-04-22,00:00:00,MASCULINO,2018,1
-74.11190640099994,4.572324025849886,18,RAFAEL URIBE URIBE,53,MARCO FIDEL SUAREZ,2019-02-24,00:00:00,MASCULINO,2019,1
-74.05171449999995,4.699211613845752,01,USAQUÉN,16,SANTA BARBARA,2018-04-01,00:00:00,MASCULINO,2018,1
-74.16214235599995,4.568869694850008,19,CIUDAD BOLÍVAR,70,JERUSALEM,2018-11-08,00:00:00,MASCULINO,2018,1
-74.10027620999995,4.714631616845285,10,ENGATIVÁ,29,MINUTO DE DIOS,2021-06-07,00:00:00,MASCULINO,2021,1
-74.12134563299998,4.575100952849813,18,RAFAEL URIBE URIBE,53,MARCO FIDEL SUAREZ,2021-09-28,00:00:00,MASCULINO,2021,1
-74.19808600099998,4.62604199184816,07,BOSA,84,BOSA OCCIDENTAL,2018-11-07,00:00:00,MASCULINO,2018,1
-74.16714510599996,4.617245328848456,08,KENNEDY,47,KENNEDY CENTRAL,2018-05-14,00:00:00,MASCULINO,2018,1
-74.16940447399998,4.572319388849872,19,CIUDAD BOLÍVAR,69,ISMAEL PERDOMO,2019-11-23,00:00:00,MASCULINO,2019,1
-74.08517679799996,4.55165632985059,04,SAN CRISTÓBAL,32,SAN BLAS,2019-08-05,00:00:00,MASCULINO,2019,1
-74.08880781399995,4.609021669848711,14,LOS MÁRTIRES,102,LA SABANA,2021-03-20,00:00:00,MASCULINO,2021,1
-74.14828884899998,4.604340757848838,08,KENNEDY,48,TIMIZA,2021-08-09,00:00:00,MASCULINO,2021,1
-74.02769705899993,4.766058326843596,01,USAQUÉN,9,VERBENAL,2020-09-10,00:00:00,MASCULINO,2020,1
-74.14027140499996,4.71169827084536,10,ENGATIVÁ,74,ENGATIVA,2019-03-05,00:00:00,MASCULINO,2019,1
-74.09949958499999,4.488752020852606,05,USME,59,ALFONSO LOPEZ,2019-05-05,00:00:00,MASCULINO,2019,1
-74.09783296899997,4.500044499852257,05,USME,57,GRAN YOMASA,2021-01-16,00:00:00,MASCULINO,2021,1
-74.09583598399996,4.549035630850651,04,SAN CRISTÓBAL,50,LA GLORIA,2019-02-13,00:00:00,MASCULINO,2019,1
-74.16761240799997,4.638622837847747,08,KENNEDY,82,PATIO BONITO,2019-12-13,00:00:00,MASCULINO,2019,1
-74.14067551099998,4.6001913278489885,08,KENNEDY,45,CARVAJAL,2020-11-29,00:00:00,MASCULINO,2020,1
-74.19199261899996,4.632794398847913,07,BOSA,86,EL PORVENIR,2019-06-16,00:00:00,MASCULINO,2019,1
-74.07672910399998,4.610985156848663,14,LOS MÁRTIRES,102,LA SABANA,2019-12-22,00:00:00,MASCULINO,2019,1
-74.14757120099995,4.550537136850605,19,CIUDAD BOLÍVAR,67,LUCERO,2019-11-13,00:00:00,MASCULINO,2019,1
-74.04270598899996,4.777004205843261,11,SUBA,2,LA ACADEMIA,2020-12-10,00:00:00,MASCULINO,2020,1
-74.09493618299996,4.73136265384474,11,SUBA,28,EL RINCON,2020-04-21,00:00:00,MASCULINO,2020,1
-74.17070493399996,4.612975234848542,08,KENNEDY,48,TIMIZA,2020-10-25,00:00:00,MASCULINO,2020,1
-74.07968670699995,4.719180448845094,11,SUBA,24,NIZA,2020-09-23,00:00:00,FEMENINO,2020,1
-74.20132699999994,4.632914336847919,07,BOSA,87,TINTAL SUR,2019-08-19,00:00:00,MASCULINO,2019,1
-74.15704721199995,4.5772756298497175,19,CIUDAD BOLÍVAR,70,JERUSALEM,2020-09-22,00:00:00,MASCULINO,2020,1
-74.14270422999994,4.536010108851102,19,CIUDAD BOLÍVAR,68,EL TESORO,2020-02-09,00:00:00,MASCULINO,2020,1
-74.10806807199998,4.544328236850818,18,RAFAEL URIBE URIBE,55,DIANA TURBAY,2021-11-20,00:00:00,MASCULINO,2021,1
-74.11663864899998,4.574448641849828,18,RAFAEL URIBE URIBE,53,MARCO FIDEL SUAREZ,2021-11-12,00:00:00,FEMENINO,2021,1
-74.18293918199998,4.632993846847898,07,BOSA,84,BOSA OCCIDENTAL,2020-06-06,00:00:00,MASCULINO,2020,1
-74.08674226999995,4.539998387850973,04,SAN CRISTÓBAL,51,LOS LIBERTADORES,2021-12-31,00:00:00,MASCULINO,2021,1
-74.11116002799997,4.502940700852164,05,USME,58,COMUNEROS,2021-12-25,00:00:00,MASCULINO,2021,1
-74.07685063499997,4.614059385848554,14,LOS MÁRTIRES,102,LA SABANA,2021-12-24,00:00:00,MASCULINO,2021,1
-74.16119999999995,4.643359999847563,08,KENNEDY,82,PATIO BONITO,2022-05-12,00:00:00,FEMENINO,2022,1
-74.03699999999998,4.805869999842275,01,USAQUÉN,1,PASEO DE LOS LIBERTADORES,2022-08-18,00:00:00,MASCULINO,2022,1
-74.16169999999994,4.567809999850056,19,CIUDAD BOLÍVAR,70,JERUSALEM,2022-03-20,00:00:00,MASCULINO,2022,1
-74.15719999999999,4.577699999849719,19,CIUDAD BOLÍVAR,70,JERUSALEM,2022-01-01,00:00:00,MASCULINO,2022,1
-74.10479999999995,4.563019999850201,04,SAN CRISTÓBAL,50,LA GLORIA,2022-07-22,00:00:00,MASCULINO,2022,1
-74.16109999999998,4.577529999849705,19,CIUDAD BOLÍVAR,70,JERUSALEM,2022-10-05,00:00:00,MASCULINO,2022,1
-74.07309999999995,4.603749999848868,03,SANTA FE,93,LAS NIEVES,2022-03-13,00:00:00,MASCULINO,2022,1
-74.17189999999994,4.595279999849161,19,CIUDAD BOLÍVAR,69,ISMAEL PERDOMO,2022-05-31,00:00:00,FEMENINO,2022,1
-74.18849999999998,4.627889999848076,07,BOSA,84,BOSA OCCIDENTAL,2022-12-17,00:00:00,MASCULINO,2022,1
-74.11829999999998,4.714409999845265,10,ENGATIVÁ,73,GARCES NAVAS,2023-09-08,00:00:00,MASCULINO,2023,1
-74.12419999999997,4.564229999850172,18,RAFAEL URIBE URIBE,54,MARRUECOS,2023-07-24,00:00:00,MASCULINO,2023,1
-74.14649999999995,4.5417799998509105,19,CIUDAD BOLÍVAR,67,LUCERO,2023-06-25,00:00:00,MASCULINO,2023,1
-74.09687966699994,4.738987955844498,11,SUBA,28,EL RINCON,2018-06-16,00:00:00,MASCULINO,2018,1
-74.09889999999996,4.563089999850188,04,SAN CRISTÓBAL,34,20 DE JULIO,2023-07-25,00:00:00,MASCULINO,2023,1
-74.14229999999998,4.538799999850973,19,CIUDAD BOLÍVAR,68,EL TESORO,2023-01-01,00:00:00,MASCULINO,2023,1
-74.16479999999996,4.632559999847954,08,KENNEDY,80,CORABASTOS,2023-09-24,00:00:00,MASCULINO,2023,1
-74.13599999999997,4.5943399998491685,06,TUNJUELITO,42,VENECIA,2023-04-16,00:00:00,MASCULINO,2023,1
-74.09169999999995,4.723619999844962,11,SUBA,28,EL RINCON,2023-05-27,00:00:00,MASCULINO,2023,1
-74.19179999999994,4.632219999847969,07,BOSA,86,EL PORVENIR,2022-05-21,00:00:00,MASCULINO,2022,1
-74.10199999999998,4.7517599998440545,11,SUBA,27,SUBA,2023-06-20,00:00:00,MASCULINO,2023,1
-74.10899999999998,4.666509999846856,10,ENGATIVÁ,31,SANTA CECILIA,2023-04-21,00:00:00,MASCULINO,2023,1
-74.10253367499996,4.5317595348512185,05,USME,60,PARQUE ENTRENUBES,2020-10-15,00:00:00,MASCULINO,2020,1
-74.09439999999995,4.550029999850619,04,SAN CRISTÓBAL,50,LA GLORIA,2022-02-27,00:00:00,MASCULINO,2022,1
-74.14779999999996,4.545509999850759,19,CIUDAD BOLÍVAR,67,LUCERO,2022-02-02,00:00:00,MASCULINO,2022,1
-74.16079999999994,4.548259999850657,19,CIUDAD BOLÍVAR,UPR3,UPR RIO TUNJUELO,2022-05-31,00:00:00,MASCULINO,2022,1
-74.16851815599995,4.646602260847483,08,KENNEDY,79,CALANDAIMA,2019-08-23,00:00:00,MASCULINO,2019,1
-74.18639999999994,4.608939999848728,07,BOSA,85,BOSA CENTRAL,2023-03-29,00:00:00,MASCULINO,2023,1
-74.16455227399996,4.573988237849825,19,CIUDAD BOLÍVAR,70,JERUSALEM,2019-04-10,00:00:00,MASCULINO,2019,1
-74.08312720899994,4.724232720844927,11,SUBA,28,EL RINCON,2019-07-04,00:00:00,MASCULINO,2019,1
-74.15549013999998,4.5369650418510155,19,CIUDAD BOLÍVAR,UPR3,UPR RIO TUNJUELO,2019-06-21,00:00:00,MASCULINO,2019,1
-74.06589999999994,4.62530999984819,03,SANTA FE,91,SAGRADO CORAZON,2023-03-22,00:00:00,MASCULINO,2023,1
-74.16042721999997,4.62056558784831,08,KENNEDY,47,KENNEDY CENTRAL,2021-08-01,00:00:00,MASCULINO,2021,1
-74.17809999999997,4.612329999848585,08,KENNEDY,81,GRAN BRITALIA,2023-05-06,00:00:00,MASCULINO,2023,1
-74.12719999999996,4.558559999850353,06,TUNJUELITO,62,TUNJUELITO,2023-02-13,00:00:00,MASCULINO,2023,1
-74.06769999999995,4.582349999849594,03,SANTA FE,96,LOURDES,2022-08-19,00:00:00,MASCULINO,2022,1
-74.15949999999998,4.627819999848082,08,KENNEDY,80,CORABASTOS,2022-06-09,00:00:00,MASCULINO,2022,1
-74.07282609199996,4.61278052884861,03,SANTA FE,93,LAS NIEVES,2018-04-22,00:00:00,MASCULINO,2018,1
-74.20986850499997,4.614608624848543,07,BOSA,85,BOSA CENTRAL,2021-01-06,00:00:00,MASCULINO,2021,1
-74.12261715799997,4.745789231844252,11,SUBA,71,TIBABUYES,2021-07-04,00:00:00,MASCULINO,2021,1
-74.12619999999998,4.61880999984839,08,KENNEDY,44,AMERICAS,2023-07-09,00:00:00,MASCULINO,2023,1
-74.19794290099998,4.608066401848704,07,BOSA,85,BOSA CENTRAL,2021-04-22,00:00:00,FEMENINO,2021,1
-74.13075020599996,4.625647166848176,08,KENNEDY,44,AMERICAS,2020-09-05,00:00:00,MASCULINO,2020,1
-74.10689999999994,4.548539999850684,18,RAFAEL URIBE URIBE,55,DIANA TURBAY,2023-03-26,00:00:00,MASCULINO,2023,1
-74.12382787999996,4.747635011844185,11,SUBA,71,TIBABUYES,2020-09-14,00:00:00,MASCULINO,2020,1
-74.13830941099997,4.5381403408509895,19,CIUDAD BOLÍVAR,68,EL TESORO,2021-06-06,00:00:00,MASCULINO,2021,1
-74.14391751099998,4.712141817845316,10,ENGATIVÁ,74,ENGATIVA,2021-04-07,00:00:00,MASCULINO,2021,1
-74.05609584899997,4.691216602846028,01,USAQUÉN,16,SANTA BARBARA,2018-04-02,00:00:00,MASCULINO,2018,1
-74.19025690799998,4.638862721847735,07,BOSA,86,EL PORVENIR,2018-12-16,00:00:00,MASCULINO,2018,1
-74.09777555299996,4.556490030850431,04,SAN CRISTÓBAL,50,LA GLORIA,2021-07-18,00:00:00,MASCULINO,2021,1
-74.07460359699996,4.587351431849409,03,SANTA FE,96,LOURDES,2019-11-13,00:00:00,MASCULINO,2019,1
-74.06799999999998,4.566969999850047,04,SAN CRISTÓBAL,993,SIN UPZ SAN CRISTOBAL,2022-11-21,00:00:00,MASCULINO,2022,1
-74.16017598199994,4.54408142585081,19,CIUDAD BOLÍVAR,67,LUCERO,2019-11-30,00:00:00,MASCULINO,2019,1
-74.17591757999998,4.643306884847611,08,KENNEDY,82,PATIO BONITO,2019-03-31,00:00:00,MASCULINO,2019,1
-74.10022403699998,4.584882441849474,15,ANTONIO NARIÑO,38,RESTREPO,2018-10-07,00:00:00,MASCULINO,2018,1
-74.09665002499997,4.588970225849375,15,ANTONIO NARIÑO,38,RESTREPO,2020-11-07,00:00:00,MASCULINO,2020,1
-74.14056359799997,4.553670543850504,19,CIUDAD BOLÍVAR,67,LUCERO,2021-05-02,00:00:00,MASCULINO,2021,1
-74.15244190399994,4.550405943850595,19,CIUDAD BOLÍVAR,67,LUCERO,2020-06-23,00:00:00,MASCULINO,2020,1
-74.09618862799994,4.509265956851927,05,USME,57,GRAN YOMASA,2018-04-08,00:00:00,MASCULINO,2018,1
-74.11972147099993,4.710221099845426,10,ENGATIVÁ,73,GARCES NAVAS,2021-04-30,00:00:00,MASCULINO,2021,1
-74.16066950799996,4.543675011850831,19,CIUDAD BOLÍVAR,67,LUCERO,2018-12-04,00:00:00,FEMENINO,2018,1
-74.06389999999993,4.646829999847442,02,CHAPINERO,99,CHAPINERO,2023-01-29,00:00:00,MASCULINO,2023,1
-74.09869999999995,4.484749999852776,05,USME,61,CIUDAD USME,2023-01-16,00:00:00,MASCULINO,2023,1
-74.14828735299994,4.534540860851116,19,CIUDAD BOLÍVAR,68,EL TESORO,2019-03-23,00:00:00,MASCULINO,2019,1
-74.11250400299997,4.574129108849863,18,RAFAEL URIBE URIBE,53,MARCO FIDEL SUAREZ,2019-10-03,00:00:00,MASCULINO,2019,1
-74.10628158999998,4.485938948852722,05,USME,61,CIUDAD USME,2020-03-26,00:00:00,MASCULINO,2020,1
-74.08863852499996,4.620908310848317,16,PUENTE ARANDA,108,ZONA INDUSTRIAL,2021-04-26,00:00:00,MASCULINO,2021,1
-74.11155900599994,4.745005971844287,11,SUBA,71,TIBABUYES,2019-07-15,00:00:00,MASCULINO,2019,1
-74.11262762699994,4.565772573850113,18,RAFAEL URIBE URIBE,53,MARCO FIDEL SUAREZ,2018-09-28,00:00:00,MASCULINO,2018,1
-74.14621900899994,4.559479830850291,19,CIUDAD BOLÍVAR,66,SAN FRANCISCO,2018-10-15,00:00:00,MASCULINO,2018,1
-74.09557988199998,4.742998312844331,11,SUBA,28,EL RINCON,2018-06-11,00:00:00,MASCULINO,2018,1
-74.16217177299995,4.547981488850689,19,CIUDAD BOLÍVAR,UPR3,UPR RIO TUNJUELO,2018-06-18,00:00:00,MASCULINO,2018,1
-74.16344294499999,4.633848335847868,08,KENNEDY,80,CORABASTOS,2021-10-04,00:00:00,MASCULINO,2021,1
-74.07353704999997,4.625859819848174,13,TEUSAQUILLO,101,TEUSAQUILLO,2021-01-13,00:00:00,MASCULINO,2021,1
-74.17346112099995,4.635433577847856,08,KENNEDY,82,PATIO BONITO,2020-12-30,00:00:00,MASCULINO,2020,1
-74.13128397099996,4.59206076184928,06,TUNJUELITO,42,VENECIA,2019-01-17,00:00:00,MASCULINO,2019,1
-74.13128397099996,4.59206076184928,06,TUNJUELITO,42,VENECIA,2019-01-17,00:00:00,MASCULINO,2019,1
-74.13128397099996,4.59206076184928,06,TUNJUELITO,42,VENECIA,2019-01-17,00:00:00,MASCULINO,2019,1
-74.15133901699994,4.5473807448507175,19,CIUDAD BOLÍVAR,67,LUCERO,2020-08-01,00:00:00,MASCULINO,2020,1
-74.15280172899998,4.589272110849358,06,TUNJUELITO,42,VENECIA,2018-11-01,00:00:00,MASCULINO,2018,1
-74.08970840899997,4.5011693518521945,05,USME,52,LA FLORA,2020-10-28,00:00:00,MASCULINO,2020,1
-74.07183699999996,4.6030507768488675,03,SANTA FE,93,LAS NIEVES,2019-04-30,00:00:00,MASCULINO,2019,1
-74.11523326799994,4.540119217850919,05,USME,56,DANUBIO,2019-01-09,00:00:00,MASCULINO,2019,1
-74.17029047099999,4.576312698849741,19,CIUDAD BOLÍVAR,69,ISMAEL PERDOMO,2018-08-30,00:00:00,MASCULINO,2018,1
-74.05370189399997,4.722966375844991,11,SUBA,19,EL PRADO,2019-09-27,00:00:00,MASCULINO,2019,1
-74.05071083099995,4.724494847844955,01,USAQUÉN,13,LOS CEDROS,2019-03-08,00:00:00,MASCULINO,2019,1
-74.16109313599998,4.5518111108505765,19,CIUDAD BOLÍVAR,67,LUCERO,2020-02-29,00:00:00,FEMENINO,2020,1
-74.10722786799994,4.554298570850494,18,RAFAEL URIBE URIBE,54,MARRUECOS,2020-12-24,00:00:00,MASCULINO,2020,1
-74.11870038599994,4.504737521852078,05,USME,58,COMUNEROS,2018-02-10,00:00:00,MASCULINO,2018,1
-74.16315552699996,4.544469937850778,19,CIUDAD BOLÍVAR,67,LUCERO,2020-11-26,00:00:00,MASCULINO,2020,1
-74.03309366399998,4.7631715518437145,01,USAQUÉN,9,VERBENAL,2020-05-21,00:00:00,MASCULINO,2020,1
-74.10427546599993,4.608753488848701,16,PUENTE ARANDA,40,CIUDAD MONTES,2020-05-28,00:00:00,MASCULINO,2020,1
-74.14414494199997,4.563383395850206,19,CIUDAD BOLÍVAR,66,SAN FRANCISCO,2019-08-14,00:00:00,MASCULINO,2019,1
-74.09510767699999,4.7322360638447085,11,SUBA,28,EL RINCON,2020-10-18,00:00:00,MASCULINO,2020,1
-74.11554866899996,4.679282044846402,10,ENGATIVÁ,116,ALAMOS,2019-07-16,00:00:00,MASCULINO,2019,1
-74.16996039899993,4.6090998308486855,08,KENNEDY,48,TIMIZA,2018-12-16,00:00:00,MASCULINO,2018,1
-74.15731018399998,4.566877213850073,19,CIUDAD BOLÍVAR,70,JERUSALEM,2021-02-28,00:00:00,MASCULINO,2021,1
-74.07478333599994,4.609238201848669,03,SANTA FE,93,LAS NIEVES,2018-05-13,00:00:00,FEMENINO,2018,1
-74.12124011399999,4.570186152849978,18,RAFAEL URIBE URIBE,53,MARCO FIDEL SUAREZ,2020-06-21,00:00:00,MASCULINO,2020,1
-74.11794257899999,4.542404489850839,18,RAFAEL URIBE URIBE,55,DIANA TURBAY,2019-07-29,00:00:00,MASCULINO,2019,1
-74.12465936399997,4.746378697844238,11,SUBA,71,TIBABUYES,2019-03-24,00:00:00,MASCULINO,2019,1
-74.10028003199994,4.728361286844812,11,SUBA,28,EL RINCON,2021-02-21,00:00:00,FEMENINO,2021,1
-74.13069785599998,4.472986699853111,05,USME,61,CIUDAD USME,2021-08-28,00:00:00,MASCULINO,2021,1
-74.14432496699999,4.664843574846855,09,FONTIBÓN,77,ZONA FRANCA,2021-05-12,00:00:00,MASCULINO,2021,1
-74.11379596899997,4.536019772851043,05,USME,56,DANUBIO,2021-12-31,00:00:00,MASCULINO,2021,1
-74.15921512799997,4.59171634484928,19,CIUDAD BOLÍVAR,65,ARBORIZADORA,2021-05-15,00:00:00,MASCULINO,2021,1
-74.08892213399997,4.536195307851081,04,SAN CRISTÓBAL,51,LOS LIBERTADORES,2018-10-14,00:00:00,MASCULINO,2018,1
-74.10691427299997,4.634382038847886,16,PUENTE ARANDA,111,PUENTE ARANDA,2020-03-21,00:00:00,MASCULINO,2020,1
-74.19055227299998,4.630650292847978,07,BOSA,86,EL PORVENIR,2018-11-07,00:00:00,MASCULINO,2018,1
-74.08242996599995,4.579700319849636,04,SAN CRISTÓBAL,33,SOSIEGO,2021-08-20,00:00:00,MASCULINO,2021,1
-74.19090869699994,4.612062683848573,07,BOSA,85,BOSA CENTRAL,2018-07-15,00:00:00,MASCULINO,2018,1
-74.16029977099998,4.548332279850698,19,CIUDAD BOLÍVAR,67,LUCERO,2020-05-25,00:00:00,MASCULINO,2020,1
-74.11357176499996,4.565061370850149,18,RAFAEL URIBE URIBE,53,MARCO FIDEL SUAREZ,2020-07-09,00:00:00,MASCULINO,2020,1
-74.10538015699996,4.727633153844838,11,SUBA,71,TIBABUYES,2018-03-26,00:00:00,FEMENINO,2018,1
-74.08419999999995,4.754499999843981,11,SUBA,27,SUBA,2022-05-02,00:00:00,MASCULINO,2022,1
-74.07346292099999,4.698320004845774,11,SUBA,25,LA FLORESTA,2021-11-26,00:00:00,FEMENINO,2021,1
-74.15451381599996,4.536868784851027,19,CIUDAD BOLÍVAR,UPR3,UPR RIO TUNJUELO,2019-07-28,00:00:00,MASCULINO,2019,1
-74.09631312999994,4.548186945850678,04,SAN CRISTÓBAL,50,LA GLORIA,2019-11-05,00:00:00,MASCULINO,2019,1
-74.05439999999999,4.734189999844649,11,SUBA,19,EL PRADO,2022-11-11,00:00:00,MASCULINO,2022,1
-74.07887293999994,4.608630239848692,14,LOS MÁRTIRES,102,LA SABANA,2020-02-08,00:00:00,MASCULINO,2020,1
-74.07699539599997,4.609384886848672,14,LOS MÁRTIRES,102,LA SABANA,2021-05-12,00:00:00,MASCULINO,2021,1
-74.08348442599998,4.595358391849137,03,SANTA FE,95,LAS CRUCES,2019-02-27,00:00:00,MASCULINO,2019,1
-74.07484273699998,4.613261611848545,14,LOS MÁRTIRES,102,LA SABANA,2019-10-06,00:00:00,MASCULINO,2019,1
-74.07730910299995,4.613732714848526,14,LOS MÁRTIRES,102,LA SABANA,2021-01-06,00:00:00,MASCULINO,2021,1
-74.13224694399997,4.717659760845167,10,ENGATIVÁ,74,ENGATIVA,2020-06-27,00:00:00,MASCULINO,2020,1
-74.09047415299995,4.6062626608488175,14,LOS MÁRTIRES,102,LA SABANA,2021-07-29,00:00:00,MASCULINO,2021,1
-74.09764538199994,4.490397965852556,05,USME,59,ALFONSO LOPEZ,2020-10-28,00:00:00,MASCULINO,2020,1
-74.11459597999993,4.5677110638500364,18,RAFAEL URIBE URIBE,53,MARCO FIDEL SUAREZ,2021-01-31,00:00:00,MASCULINO,2021,1
-74.19873864199997,4.615387056848461,07,BOSA,85,BOSA CENTRAL,2018-11-30,00:00:00,MASCULINO,2018,1
-74.06817224199995,4.6616346398469855,12,BARRIOS UNIDOS,98,LOS ALCAZARES,2018-02-17,00:00:00,MASCULINO,2018,1
-74.05598554599999,4.56973540984995,04,SAN CRISTÓBAL,993,SIN UPZ SAN CRISTOBAL,2020-07-28,00:00:00,MASCULINO,2020,1
-74.12101532299994,4.561283337850278,18,RAFAEL URIBE URIBE,54,MARRUECOS,2018-07-11,00:00:00,MASCULINO,2018,1
-74.13329711299997,4.708679580845481,10,ENGATIVÁ,74,ENGATIVA,2021-04-26,00:00:00,MASCULINO,2021,1
-74.13500687799996,4.55988582785032,19,CIUDAD BOLÍVAR,67,LUCERO,2021-06-19,00:00:00,MASCULINO,2021,1
-74.11087772499997,4.459587627853583,20,SUMAPAZ,999,,2021-03-02,00:00:00,MASCULINO,2021,1
-74.14512416999997,4.688736562846082,09,FONTIBÓN,75,FONTIBON,2018-02-12,00:00:00,MASCULINO,2018,1
-74.07979999999998,4.701489999845675,11,SUBA,25,LA FLORESTA,2022-11-05,00:00:00,MASCULINO,2022,1
-74.10341628799995,4.75858418484386,11,SUBA,27,SUBA,2019-12-31,00:00:00,MASCULINO,2019,1
-74.19269999999995,4.617129999848419,07,BOSA,85,BOSA CENTRAL,2022-03-24,00:00:00,MASCULINO,2022,1
-74.20239359099998,4.606098463848817,07,BOSA,85,BOSA CENTRAL,2018-04-09,00:00:00,FEMENINO,2018,1
-74.15019021199998,4.557099948850419,19,CIUDAD BOLÍVAR,67,LUCERO,2020-07-14,00:00:00,MASCULINO,2020,1
-74.16711203399996,4.608047119848721,08,KENNEDY,48,TIMIZA,2020-02-23,00:00:00,MASCULINO,2020,1
-74.09707586699994,4.500167885852241,05,USME,57,GRAN YOMASA,2021-06-28,00:00:00,MASCULINO,2021,1
-74.14290807799995,4.53556090985112,19,CIUDAD BOLÍVAR,68,EL TESORO,2020-02-16,00:00:00,MASCULINO,2020,1
-74.10315370699993,4.734336983844614,11,SUBA,28,EL RINCON,2021-07-14,00:00:00,MASCULINO,2021,1
-74.08510733899993,4.558572398850366,04,SAN CRISTÓBAL,32,SAN BLAS,2018-08-24,00:00:00,MASCULINO,2018,1
-74.18947617999999,4.599884716849015,07,BOSA,85,BOSA CENTRAL,2018-04-13,00:00:00,MASCULINO,2018,1
-74.10934509399993,4.5088390468519455,05,USME,57,GRAN YOMASA,2021-01-14,00:00:00,MASCULINO,2021,1
-74.12834511099999,4.619947891848326,08,KENNEDY,44,AMERICAS,2019-05-09,00:00:00,MASCULINO,2019,1
-74.13226280099997,4.61107352684861,08,KENNEDY,45,CARVAJAL,2018-12-21,00:00:00,MASCULINO,2018,1
-74.09099999999995,4.72635999984489,11,SUBA,28,EL RINCON,2022-09-18,00:00:00,MASCULINO,2022,1
-74.14803061399994,4.553581450850533,19,CIUDAD BOLÍVAR,67,LUCERO,2021-06-12,00:00:00,MASCULINO,2021,1
-74.12827453299997,4.742247282844361,11,SUBA,71,TIBABUYES,2018-01-08,00:00:00,FEMENINO,2018,1
-74.17712266399997,4.651397612847306,08,KENNEDY,82,PATIO BONITO,2019-10-18,00:00:00,MASCULINO,2019,1
-74.13835306699997,4.559112994850296,19,CIUDAD BOLÍVAR,67,LUCERO,2019-05-15,00:00:00,MASCULINO,2019,1
-74.17241068699997,4.572235866849922,19,CIUDAD BOLÍVAR,69,ISMAEL PERDOMO,2018-01-02,00:00:00,MASCULINO,2018,1
-74.15199782799993,4.5651068038501155,19,CIUDAD BOLÍVAR,66,SAN FRANCISCO,2019-07-30,00:00:00,MASCULINO,2019,1
-74.07074651399995,4.607818489848748,03,SANTA FE,93,LAS NIEVES,2018-08-11,00:00:00,MASCULINO,2018,1
-74.11724637899994,4.5995207108489815,16,PUENTE ARANDA,41,MUZU,2021-05-22,00:00:00,MASCULINO,2021,1
-74.17009999999993,4.6385399998477315,08,KENNEDY,82,PATIO BONITO,2022-10-17,00:00:00,FEMENINO,2022,1
-74.17830748599994,4.586631421849419,19,CIUDAD BOLÍVAR,69,ISMAEL PERDOMO,2018-02-17,00:00:00,MASCULINO,2018,1
-74.10576061599994,4.556827431850385,18,RAFAEL URIBE URIBE,54,MARRUECOS,2020-05-24,00:00:00,MASCULINO,2020,1
-74.07160673199996,4.573478555849863,04,SAN CRISTÓBAL,993,SIN UPZ SAN CRISTOBAL,2019-07-25,00:00:00,MASCULINO,2019,1
-74.18492269899997,4.6290156588480675,07,BOSA,84,BOSA OCCIDENTAL,2018-08-11,00:00:00,MASCULINO,2018,1
-74.19856833699998,4.624161975848198,07,BOSA,84,BOSA OCCIDENTAL,2020-08-26,00:00:00,FEMENINO,2020,1
-74.11141242199994,4.591256360849268,15,ANTONIO NARIÑO,38,RESTREPO,2019-01-05,00:00:00,FEMENINO,2019,1
-74.12391678299997,4.653471903847274,09,FONTIBÓN,112,GRANJAS DE TECHO,2019-12-08,00:00:00,MASCULINO,2019,1
-74.13319108199994,4.718622083845146,10,ENGATIVÁ,73,GARCES NAVAS,2019-03-09,00:00:00,MASCULINO,2019,1
-74.16319426299998,4.549105112850665,19,CIUDAD BOLÍVAR,UPR3,UPR RIO TUNJUELO,2021-02-09,00:00:00,MASCULINO,2021,1
-74.13504907099997,4.534917693851122,19,CIUDAD BOLÍVAR,68,EL TESORO,2019-11-14,00:00:00,MASCULINO,2019,1
-74.11949999999996,4.744509999844293,11,SUBA,71,TIBABUYES,2022-10-22,00:00:00,MASCULINO,2022,1
-74.14325451799994,4.555436201850465,19,CIUDAD BOLÍVAR,67,LUCERO,2020-08-03,00:00:00,MASCULINO,2020,1
-74.16577823099993,4.629713607848013,08,KENNEDY,80,CORABASTOS,2019-10-05,00:00:00,MASCULINO,2019,1
-74.14242155099998,4.611432529848628,08,KENNEDY,45,CARVAJAL,2020-11-08,00:00:00,MASCULINO,2020,1
-74.15409999999997,4.536829999851066,19,CIUDAD BOLÍVAR,UPR3,UPR RIO TUNJUELO,2022-07-08,00:00:00,FEMENINO,2022,1
-74.11545317299993,4.5762781168497835,18,RAFAEL URIBE URIBE,53,MARCO FIDEL SUAREZ,2019-12-08,00:00:00,MASCULINO,2019,1
-74.03645433099996,4.700758155845727,01,USAQUÉN,16,SANTA BARBARA,2020-01-30,00:00:00,MASCULINO,2020,1
-74.17530991799998,4.5773300408497235,19,CIUDAD BOLÍVAR,69,ISMAEL PERDOMO,2020-11-01,00:00:00,MASCULINO,2020,1
-74.15086993999995,4.534275157851158,19,CIUDAD BOLÍVAR,UPR3,UPR RIO TUNJUELO,2018-07-02,00:00:00,MASCULINO,2018,1
-74.09907600599996,4.500168630852258,05,USME,59,ALFONSO LOPEZ,2018-06-14,00:00:00,MASCULINO,2018,1
-74.08429999999998,4.5619299998502605,04,SAN CRISTÓBAL,32,SAN BLAS,2022-10-28,00:00:00,FEMENINO,2022,1
-74.13573099799999,4.5834226458495175,06,TUNJUELITO,42,VENECIA,2021-10-13,00:00:00,MASCULINO,2021,1
-74.17855706699999,4.610556387848625,07,BOSA,85,BOSA CENTRAL,2021-05-29,00:00:00,MASCULINO,2021,1
-74.15054274699997,4.64947877984737,08,KENNEDY,79,CALANDAIMA,2019-06-10,00:00:00,FEMENINO,2019,1
-74.15564034399995,4.536451670851075,19,CIUDAD BOLÍVAR,UPR3,UPR RIO TUNJUELO,2018-07-05,00:00:00,MASCULINO,2018,1
-74.08704866099998,4.601651941848939,14,LOS MÁRTIRES,102,LA SABANA,2019-06-07,00:00:00,MASCULINO,2019,1
-74.09846043599998,4.610213238848687,16,PUENTE ARANDA,108,ZONA INDUSTRIAL,2018-05-07,00:00:00,MASCULINO,2018,1
-74.07708315599996,4.610664333848627,14,LOS MÁRTIRES,102,LA SABANA,2019-12-20,00:00:00,MASCULINO,2019,1
-74.17211347899996,4.6361034478478,08,KENNEDY,82,PATIO BONITO,2021-12-16,00:00:00,MASCULINO,2021,1
-74.16430808299998,4.586383946849448,19,CIUDAD BOLÍVAR,69,ISMAEL PERDOMO,2021-12-12,00:00:00,MASCULINO,2021,1
-74.14623638299997,4.5613292378502415,19,CIUDAD BOLÍVAR,66,SAN FRANCISCO,2018-01-22,00:00:00,MASCULINO,2018,1
-74.10523517799999,4.69112680684603,10,ENGATIVÁ,30,BOYACA REAL,2018-11-30,00:00:00,MASCULINO,2018,1
-74.11216518499998,4.5094147648519245,05,USME,57,GRAN YOMASA,2018-01-13,00:00:00,MASCULINO,2018,1
-74.16448858699994,4.6351351078478435,08,KENNEDY,82,PATIO BONITO,2019-06-27,00:00:00,MASCULINO,2019,1
-74.10559999999998,4.5958299998491166,15,ANTONIO NARIÑO,38,RESTREPO,2022-07-26,00:00:00,MASCULINO,2022,1
-74.11215250799995,4.558976757850309,18,RAFAEL URIBE URIBE,54,MARRUECOS,2018-05-19,00:00:00,MASCULINO,2018,1
-74.16544181999996,4.586838351849401,19,CIUDAD BOLÍVAR,69,ISMAEL PERDOMO,2021-04-14,00:00:00,FEMENINO,2021,1
-74.11177257699995,4.495366599852421,05,USME,58,COMUNEROS,2018-08-17,00:00:00,MASCULINO,2018,1
-74.11909999999995,4.5045799998520835,05,USME,58,COMUNEROS,2022-07-02,00:00:00,MASCULINO,2022,1
-74.15315654199998,4.563021314850221,19,CIUDAD BOLÍVAR,66,SAN FRANCISCO,2018-04-13,00:00:00,MASCULINO,2018,1
-74.16526367599994,4.577477620849753,19,CIUDAD BOLÍVAR,69,ISMAEL PERDOMO,2021-12-05,00:00:00,MASCULINO,2021,1
-74.16804632799995,4.639953711847663,08,KENNEDY,82,PATIO BONITO,2018-01-06,00:00:00,MASCULINO,2018,1
-74.12164944899996,4.743146556844334,11,SUBA,71,TIBABUYES,2018-03-05,00:00:00,MASCULINO,2018,1
-74.10568962699995,4.565336493850138,18,RAFAEL URIBE URIBE,53,MARCO FIDEL SUAREZ,2020-06-10,00:00:00,MASCULINO,2020,1
-74.13900399999994,4.586563165849454,06,TUNJUELITO,42,VENECIA,2020-08-05,00:00:00,MASCULINO,2020,1
-74.16554866499996,4.630267162848004,08,KENNEDY,80,CORABASTOS,2020-02-12,00:00:00,MASCULINO,2020,1
-74.13096778999994,4.62566844584813,08,KENNEDY,44,AMERICAS,2021-08-07,00:00:00,MASCULINO,2021,1
-74.07844378599998,4.608673015848733,14,LOS MÁRTIRES,102,LA SABANA,2019-03-23,00:00:00,MASCULINO,2019,1
-74.11631530499994,4.56917281184998,18,RAFAEL URIBE URIBE,53,MARCO FIDEL SUAREZ,2019-02-21,00:00:00,MASCULINO,2019,1
-74.07954290699996,4.588635019849345,03,SANTA FE,95,LAS CRUCES,2021-07-31,00:00:00,MASCULINO,2021,1
-74.12429999999995,4.569319999850008,18,RAFAEL URIBE URIBE,53,MARCO FIDEL SUAREZ,2022-06-26,00:00:00,MASCULINO,2022,1
-74.07753849099998,4.674310748846554,12,BARRIOS UNIDOS,22,DOCE DE OCTUBRE,2018-01-02,00:00:00,MASCULINO,2018,1
-74.09401473799994,4.562794558850208,04,SAN CRISTÓBAL,34,20 DE JULIO,2018-12-08,00:00:00,MASCULINO,2018,1
-74.11873064699995,4.5244674608514295,05,USME,57,GRAN YOMASA,2021-11-06,00:00:00,MASCULINO,2021,1
-74.16213683499996,4.5722460298498815,19,CIUDAD BOLÍVAR,70,JERUSALEM,2021-07-07,00:00:00,MASCULINO,2021,1
-74.15068373799994,4.557078558850384,19,CIUDAD BOLÍVAR,67,LUCERO,2018-04-29,00:00:00,MASCULINO,2018,1
-74.08895376799995,4.596385887849109,14,LOS MÁRTIRES,37,SANTA ISABEL,2021-01-28,00:00:00,MASCULINO,2021,1
-74.08979999999997,4.725479999844921,11,SUBA,28,EL RINCON,2022-02-20,00:00:00,MASCULINO,2022,1
-74.08473039599994,4.742564201844346,11,SUBA,27,SUBA,2018-12-27,00:00:00,MASCULINO,2018,1
-74.16554805199996,4.591499333849274,19,CIUDAD BOLÍVAR,69,ISMAEL PERDOMO,2019-05-03,00:00:00,MASCULINO,2019,1
-74.18241237299998,4.606146111848779,07,BOSA,85,BOSA CENTRAL,2021-02-21,00:00:00,MASCULINO,2021,1
-74.12819999999994,4.740679999844423,11,SUBA,71,TIBABUYES,2022-01-24,00:00:00,MASCULINO,2022,1
-74.06249176199998,4.7034163758456415,11,SUBA,20,LA ALHAMBRA,2019-04-04,00:00:00,MASCULINO,2019,1
-74.14547866099997,4.5410601328508955,19,CIUDAD BOLÍVAR,68,EL TESORO,2018-08-17,00:00:00,MASCULINO,2018,1
-74.14229653399997,4.536459308851079,19,CIUDAD BOLÍVAR,68,EL TESORO,2018-07-21,00:00:00,MASCULINO,2018,1
-74.12065054199996,4.560962491850263,18,RAFAEL URIBE URIBE,54,MARRUECOS,2018-09-01,00:00:00,MASCULINO,2018,1
-74.11777544099994,4.468829082853277,05,USME,61,CIUDAD USME,2021-07-08,00:00:00,MASCULINO,2021,1
-74.08213231799994,4.603579579848861,14,LOS MÁRTIRES,102,LA SABANA,2019-12-18,00:00:00,MASCULINO,2019,1
-74.14072955999995,4.651337940847342,08,KENNEDY,46,CASTILLA,2018-01-20,00:00:00,MASCULINO,2018,1
-74.13832957699998,4.541498292850921,19,CIUDAD BOLÍVAR,68,EL TESORO,2019-05-05,00:00:00,MASCULINO,2019,1
-74.11157380699996,4.572270552849913,18,RAFAEL URIBE URIBE,53,MARCO FIDEL SUAREZ,2020-03-06,00:00:00,MASCULINO,2020,1
-74.17721322899996,4.635022540847877,08,KENNEDY,83,LAS MARGARITAS,2018-07-15,00:00:00,MASCULINO,2018,1
-74.16466161099999,4.63937272984771,08,KENNEDY,82,PATIO BONITO,2020-07-25,00:00:00,MASCULINO,2020,1
-74.11049148699993,4.733987579844658,11,SUBA,71,TIBABUYES,2018-02-19,00:00:00,FEMENINO,2018,1
-74.16700035799994,4.616323131848463,08,KENNEDY,47,KENNEDY CENTRAL,2019-08-15,00:00:00,MASCULINO,2019,1
-74.11545357399996,4.569920518849975,18,RAFAEL URIBE URIBE,53,MARCO FIDEL SUAREZ,2018-03-24,00:00:00,MASCULINO,2018,1
-74.14831052599999,4.599089888849007,08,KENNEDY,45,CARVAJAL,2020-02-23,00:00:00,MASCULINO,2020,1
-74.11163656299993,4.745972193844245,11,SUBA,71,TIBABUYES,2019-10-12,00:00:00,MASCULINO,2019,1
-74.14849999999996,4.533169999851161,19,CIUDAD BOLÍVAR,68,EL TESORO,2022-02-19,00:00:00,MASCULINO,2022,1
-74.12733936799998,4.744335347844303,11,SUBA,71,TIBABUYES,2020-08-06,00:00:00,MASCULINO,2020,1
-74.15872924299998,4.5778094338497395,19,CIUDAD BOLÍVAR,70,JERUSALEM,2021-07-31,00:00:00,MASCULINO,2021,1
-74.11851182299995,4.491553661852536,05,USME,58,COMUNEROS,2021-05-29,00:00:00,MASCULINO,2021,1
-74.19201683399996,4.615858890848504,07,BOSA,85,BOSA CENTRAL,2018-09-09,00:00:00,MASCULINO,2018,1
-74.16426641099997,4.632445561847935,08,KENNEDY,80,CORABASTOS,2018-03-29,00:00:00,MASCULINO,2018,1
-74.09208836499994,4.752311561844034,11,SUBA,27,SUBA,2020-09-09,00:00:00,MASCULINO,2020,1
-74.09425310299997,4.711953494845348,10,ENGATIVÁ,29,MINUTO DE DIOS,2018-03-18,00:00:00,MASCULINO,2018,1
-74.15033301999995,4.562521937850195,19,CIUDAD BOLÍVAR,66,SAN FRANCISCO,2018-10-17,00:00:00,MASCULINO,2018,1
-74.12739999999997,4.4693099998532695,05,USME,61,CIUDAD USME,2022-05-01,00:00:00,MASCULINO,2022,1
-74.15478203699996,4.5362805468510645,19,CIUDAD BOLÍVAR,UPR3,UPR RIO TUNJUELO,2018-03-07,00:00:00,MASCULINO,2018,1
-74.10088318599998,4.5503148158505855,04,SAN CRISTÓBAL,50,LA GLORIA,2021-03-10,00:00:00,MASCULINO,2021,1
-74.12163550799994,4.751045311844062,11,SUBA,71,TIBABUYES,2018-04-01,00:00:00,MASCULINO,2018,1
-74.09539999999998,4.722439999845027,11,SUBA,28,EL RINCON,2022-09-24,00:00:00,MASCULINO,2022,1
-74.12869999999998,4.576289999849746,06,TUNJUELITO,42,VENECIA,2022-07-03,00:00:00,MASCULINO,2022,1
-74.10068874999996,4.580940184849599,15,ANTONIO NARIÑO,35,CIUDAD JARDIN,2020-07-19,00:00:00,MASCULINO,2020,1
-74.14565623799996,4.550677599850581,19,CIUDAD BOLÍVAR,67,LUCERO,2018-08-06,00:00:00,MASCULINO,2018,1
-74.09760741499997,4.733518065844641,11,SUBA,28,EL RINCON,2018-07-01,00:00:00,MASCULINO,2018,1
-74.14216778799994,4.535905536851104,19,CIUDAD BOLÍVAR,68,EL TESORO,2018-09-28,00:00:00,MASCULINO,2018,1
-74.12415380999994,4.68245184584631,09,FONTIBÓN,115,CAPELLANIA,2020-03-26,00:00:00,MASCULINO,2020,1
-74.16283898699999,4.569602009849976,19,CIUDAD BOLÍVAR,70,JERUSALEM,2021-05-18,00:00:00,FEMENINO,2021,1
-74.16419999999994,4.572069999849905,19,CIUDAD BOLÍVAR,70,JERUSALEM,2022-12-26,00:00:00,MASCULINO,2022,1
-74.05939999999998,4.7497499998441395,11,SUBA,18,BRITALIA,2022-11-11,00:00:00,MASCULINO,2022,1
-74.02717505999993,4.7416396428443734,01,USAQUÉN,11,SAN CRISTOBAL NORTE,2019-06-17,00:00:00,MASCULINO,2019,1
-74.05334933099994,4.682938385846291,02,CHAPINERO,97,CHICO LAGO,2020-08-01,00:00:00,MASCULINO,2020,1
-74.13400658199998,4.6127069938485965,08,KENNEDY,44,AMERICAS,2021-03-04,00:00:00,MASCULINO,2021,1
-74.16648089999995,4.557723500850378,19,CIUDAD BOLÍVAR,70,JERUSALEM,2021-12-21,00:00:00,MASCULINO,2021,1
-74.08048325099998,4.570775878849948,04,SAN CRISTÓBAL,32,SAN BLAS,2018-09-23,00:00:00,MASCULINO,2018,1
-74.06999999999994,4.603829999848887,03,SANTA FE,93,LAS NIEVES,2022-07-01,00:00:00,MASCULINO,2022,1
-74.12523290799999,4.646407444847454,09,FONTIBÓN,112,GRANJAS DE TECHO,2021-06-04,00:00:00,MASCULINO,2021,1
-74.05202243099995,4.718860103845123,11,SUBA,19,EL PRADO,2019-10-12,00:00:00,MASCULINO,2019,1
-74.18967071699996,4.621285352848331,07,BOSA,84,BOSA OCCIDENTAL,2020-12-05,00:00:00,MASCULINO,2020,1
-74.14147346199996,4.56232460785021,19,CIUDAD BOLÍVAR,66,SAN FRANCISCO,2019-12-20,00:00:00,MASCULINO,2019,1
-74.13766461099993,4.589026395849375,06,TUNJUELITO,42,VENECIA,2021-11-25,00:00:00,FEMENINO,2021,1
-74.12869999999998,4.719059999845143,10,ENGATIVÁ,73,GARCES NAVAS,2022-06-28,00:00:00,FEMENINO,2022,1
-74.07429999999994,4.611899999848607,03,SANTA FE,93,LAS NIEVES,2022-06-21,00:00:00,MASCULINO,2022,1
-74.08820433099999,4.598111162849065,14,LOS MÁRTIRES,37,SANTA ISABEL,2018-12-08,00:00:00,MASCULINO,2018,1
-74.19894430799997,4.624694560848209,07,BOSA,84,BOSA OCCIDENTAL,2019-11-07,00:00:00,FEMENINO,2019,1
-74.13133966899994,4.596985599849089,16,PUENTE ARANDA,41,MUZU,2021-07-20,00:00:00,MASCULINO,2021,1
-74.15317129499994,4.56201867385024,19,CIUDAD BOLÍVAR,66,SAN FRANCISCO,2018-10-03,00:00:00,MASCULINO,2018,1
-74.11912811099995,4.746228889844242,11,SUBA,71,TIBABUYES,2018-06-20,00:00:00,MASCULINO,2018,1
-74.17309999999998,4.624249999848235,08,KENNEDY,81,GRAN BRITALIA,2022-10-09,00:00:00,MASCULINO,2022,1
-74.10895676999996,4.636226560847825,16,PUENTE ARANDA,111,PUENTE ARANDA,2018-05-31,00:00:00,MASCULINO,2018,1
-74.08375583799995,4.592893340849217,03,SANTA FE,95,LAS CRUCES,2018-12-12,00:00:00,MASCULINO,2018,1
-74.12090803399997,4.560769984850258,18,RAFAEL URIBE URIBE,54,MARRUECOS,2020-05-26,00:00:00,MASCULINO,2020,1
-74.09339999999997,4.520489999851588,04,SAN CRISTÓBAL,51,LOS LIBERTADORES,2022-04-16,00:00:00,MASCULINO,2022,1
-74.16131346599997,4.548109829850681,19,CIUDAD BOLÍVAR,UPR3,UPR RIO TUNJUELO,2020-02-23,00:00:00,MASCULINO,2020,1
-74.02504387799996,4.7658649258436085,01,USAQUÉN,9,VERBENAL,2018-07-07,00:00:00,MASCULINO,2018,1
-74.08159999999998,4.588039999849368,03,SANTA FE,95,LAS CRUCES,2022-04-15,00:00:00,MASCULINO,2022,1
-74.15715449999993,4.577318408849724,19,CIUDAD BOLÍVAR,70,JERUSALEM,2019-06-17,00:00:00,MASCULINO,2019,1
-74.11525027199997,4.741561088844413,11,SUBA,71,TIBABUYES,2018-03-13,00:00:00,MASCULINO,2018,1
-74.15187385699994,4.63146477484796,08,KENNEDY,47,KENNEDY CENTRAL,2021-04-02,00:00:00,FEMENINO,2021,1
-74.07541623999998,4.6077464348487105,03,SANTA FE,93,LAS NIEVES,2021-06-10,00:00:00,MASCULINO,2021,1
-74.17496349399994,4.573863781849842,19,CIUDAD BOLÍVAR,69,ISMAEL PERDOMO,2021-07-30,00:00:00,MASCULINO,2021,1
-74.16060592199995,4.573904608849862,19,CIUDAD BOLÍVAR,70,JERUSALEM,2020-12-11,00:00:00,MASCULINO,2020,1
-74.11309533699995,4.499108907852267,05,USME,58,COMUNEROS,2020-05-18,00:00:00,MASCULINO,2020,1
-74.16779999999994,4.5285099998513125,19,CIUDAD BOLÍVAR,UPR3,UPR RIO TUNJUELO,2022-11-20,00:00:00,MASCULINO,2022,1
-74.15358730399998,4.59045416484929,06,TUNJUELITO,42,VENECIA,2019-12-08,00:00:00,MASCULINO,2019,1
-74.17525903999996,4.635044568847866,08,KENNEDY,83,LAS MARGARITAS,2020-12-08,00:00:00,MASCULINO,2020,1
-74.13853480999995,4.543886279850806,19,CIUDAD BOLÍVAR,68,EL TESORO,2020-05-09,00:00:00,MASCULINO,2020,1
-74.11559999999997,4.550939999850566,18,RAFAEL URIBE URIBE,54,MARRUECOS,2022-06-09,00:00:00,MASCULINO,2022,1
-74.14879999999994,4.5326999998511655,19,CIUDAD BOLÍVAR,68,EL TESORO,2022-06-05,00:00:00,MASCULINO,2022,1
-74.04137757899997,4.7281313708448485,01,USAQUÉN,13,LOS CEDROS,2019-10-01,00:00:00,MASCULINO,2019,1
-74.10838882099995,4.484493191852764,05,USME,61,CIUDAD USME,2018-12-08,00:00:00,MASCULINO,2018,1
-74.08359643299997,4.591085739849282,03,SANTA FE,95,LAS CRUCES,2021-06-12,00:00:00,MASCULINO,2021,1
-74.15619252399995,4.655686394847163,08,KENNEDY,78,TINTAL NORTE,2021-01-26,00:00:00,MASCULINO,2021,1
-74.14419999999996,4.551629999850571,19,CIUDAD BOLÍVAR,67,LUCERO,2022-01-20,00:00:00,MASCULINO,2022,1
-74.16773906799995,4.528713211851336,19,CIUDAD BOLÍVAR,UPR3,UPR RIO TUNJUELO,2021-03-22,00:00:00,MASCULINO,2021,1
-74.16573577299994,4.628914200848052,08,KENNEDY,80,CORABASTOS,2021-01-08,00:00:00,MASCULINO,2021,1
-74.09285792299994,4.748724802844179,11,SUBA,27,SUBA,2020-03-11,00:00:00,MASCULINO,2020,1
-74.17370457399994,4.640667366847674,08,KENNEDY,82,PATIO BONITO,2021-10-31,00:00:00,MASCULINO,2021,1
-74.14203904199996,4.533395120851184,19,CIUDAD BOLÍVAR,UPR3,UPR RIO TUNJUELO,2019-02-22,00:00:00,MASCULINO,2019,1
-74.02156899999994,4.766929129843569,01,USAQUÉN,990,SIN UPZ USAQUEN,2020-02-05,00:00:00,MASCULINO,2020,1
-74.13659999999999,4.56093999985029,19,CIUDAD BOLÍVAR,67,LUCERO,2022-12-26,00:00:00,MASCULINO,2022,1
-74.04436419599995,4.6916923288459955,01,USAQUÉN,16,SANTA BARBARA,2020-12-17,00:00:00,MASCULINO,2020,1
-74.10728439999997,4.557456626850352,18,RAFAEL URIBE URIBE,54,MARRUECOS,2020-05-31,00:00:00,MASCULINO,2020,1
-74.16359999999997,4.541549999850872,19,CIUDAD BOLÍVAR,67,LUCERO,2022-09-17,00:00:00,MASCULINO,2022,1
-74.12722832999998,4.5868467808494495,18,RAFAEL URIBE URIBE,39,QUIROGA,2021-04-19,00:00:00,MASCULINO,2021,1
-74.20399999999995,4.618269999848402,07,BOSA,84,BOSA OCCIDENTAL,2022-10-21,00:00:00,MASCULINO,2022,1
-74.09519716099999,4.754234836843993,11,SUBA,27,SUBA,2018-11-05,00:00:00,MASCULINO,2018,1
-74.08629999999994,4.730939999844718,11,SUBA,28,EL RINCON,2022-05-03,00:00:00,MASCULINO,2022,1
-74.17249702099997,4.647242805847472,08,KENNEDY,82,PATIO BONITO,2018-10-26,00:00:00,MASCULINO,2018,1
-74.08419999999995,4.754499999843981,11,SUBA,27,SUBA,2022-05-02,00:00:00,MASCULINO,2022,1
-74.11272569899995,4.533108347851164,05,USME,56,DANUBIO,2021-10-02,00:00:00,MASCULINO,2021,1
-74.11175170599995,4.5039099698521285,05,USME,58,COMUNEROS,2021-10-17,00:00:00,MASCULINO,2021,1
-74.10911339999996,4.67261229484661,10,ENGATIVÁ,31,SANTA CECILIA,2019-12-19,00:00:00,MASCULINO,2019,1
-74.10624370199997,4.556814931850414,18,RAFAEL URIBE URIBE,54,MARRUECOS,2019-09-20,00:00:00,MASCULINO,2019,1
-74.08734906899997,4.601651941848939,14,LOS MÁRTIRES,102,LA SABANA,2019-05-14,00:00:00,MASCULINO,2019,1
-74.11267054199999,4.5653822138501345,18,RAFAEL URIBE URIBE,53,MARCO FIDEL SUAREZ,2020-03-06,00:00:00,MASCULINO,2020,1
-74.13566362799997,4.7062926518455495,10,ENGATIVÁ,74,ENGATIVA,2018-05-01,00:00:00,MASCULINO,2018,1
-74.15430996799995,4.5369650418510155,19,CIUDAD BOLÍVAR,UPR3,UPR RIO TUNJUELO,2019-01-12,00:00:00,MASCULINO,2019,1
-74.15699896299998,4.615755848848472,08,KENNEDY,48,TIMIZA,2018-05-29,00:00:00,MASCULINO,2018,1
-74.13604969799997,4.613728500848522,08,KENNEDY,45,CARVAJAL,2018-07-07,00:00:00,MASCULINO,2018,1
-74.16389999999996,4.6379299998477554,08,KENNEDY,82,PATIO BONITO,2022-12-08,00:00:00,MASCULINO,2022,1
-74.08736448299999,4.538326817850984,04,SAN CRISTÓBAL,51,LOS LIBERTADORES,2019-05-15,00:00:00,MASCULINO,2019,1
-74.13836047899997,4.54933875385067,19,CIUDAD BOLÍVAR,67,LUCERO,2018-12-02,00:00:00,FEMENINO,2018,1
-74.07308048399995,4.52500790785141,05,USME,994,SIN UPZ USME,2020-06-15,00:00:00,MASCULINO,2020,1
-74.07819981499995,4.6121800478485735,14,LOS MÁRTIRES,102,LA SABANA,2018-05-13,00:00:00,MASCULINO,2018,1
-74.08741282899996,4.546854492850747,04,SAN CRISTÓBAL,50,LA GLORIA,2020-01-25,00:00:00,MASCULINO,2020,1
-74.13690083699998,4.545970578850733,19,CIUDAD BOLÍVAR,68,EL TESORO,2020-01-12,00:00:00,MASCULINO,2020,1
-74.11739528799995,4.544361632850811,18,RAFAEL URIBE URIBE,55,DIANA TURBAY,2021-06-07,00:00:00,MASCULINO,2021,1
-74.10910546699995,4.506825042852026,05,USME,57,GRAN YOMASA,2020-05-12,00:00:00,MASCULINO,2020,1
-74.08630898399997,4.564701453850135,04,SAN CRISTÓBAL,32,SAN BLAS,2021-08-15,00:00:00,MASCULINO,2021,1
-74.08617363899998,4.75520710584395,11,SUBA,27,SUBA,2018-05-21,00:00:00,MASCULINO,2018,1
-74.14458686499995,4.572355008849878,19,CIUDAD BOLÍVAR,65,ARBORIZADORA,2019-08-15,00:00:00,FEMENINO,2019,1
-74.07569999999998,4.5693699998499975,04,SAN CRISTÓBAL,32,SAN BLAS,2022-09-11,00:00:00,FEMENINO,2022,1
-74.14765245799998,4.689772820846102,09,FONTIBÓN,76,FONTIBON SAN PABLO,2019-12-28,00:00:00,MASCULINO,2019,1
-74.15276603499996,4.551998613850571,19,CIUDAD BOLÍVAR,67,LUCERO,2021-02-19,00:00:00,MASCULINO,2021,1
-74.05506286699995,4.568922609850032,04,SAN CRISTÓBAL,993,SIN UPZ SAN CRISTOBAL,2020-06-13,00:00:00,MASCULINO,2020,1
-74.08037240499993,4.611923389848629,14,LOS MÁRTIRES,102,LA SABANA,2018-07-23,00:00:00,MASCULINO,2018,1
-74.10450899999995,4.5333029998511645,05,USME,56,DANUBIO,2021-08-01,00:00:00,MASCULINO,2021,1
-74.20039999999995,4.630219999848029,07,BOSA,87,TINTAL SUR,2022-01-16,00:00:00,MASCULINO,2022,1
-74.10099688599996,4.583014669849571,15,ANTONIO NARIÑO,38,RESTREPO,2018-02-27,00:00:00,FEMENINO,2018,1
-74.11730757799995,4.521721727851537,05,USME,57,GRAN YOMASA,2018-05-01,00:00:00,MASCULINO,2018,1
-74.16969652199998,4.580801683849625,19,CIUDAD BOLÍVAR,69,ISMAEL PERDOMO,2018-05-20,00:00:00,MASCULINO,2018,1
-74.12829627399998,4.666135502846814,09,FONTIBÓN,114,MODELIA,2020-09-16,00:00:00,FEMENINO,2020,1
-74.12482993899994,4.5741569158498345,18,RAFAEL URIBE URIBE,996,SIN UPZ RAFAEL URIBE URIBE,2019-08-11,00:00:00,MASCULINO,2019,1
-74.03647907699997,4.754105928843977,01,USAQUÉN,10,LA URIBE,2018-12-23,00:00:00,MASCULINO,2018,1
-74.17852126899999,4.60590454284882,08,KENNEDY,48,TIMIZA,2020-03-19,00:00:00,MASCULINO,2020,1
-74.12236436899997,4.742176527844393,11,SUBA,71,TIBABUYES,2021-11-14,00:00:00,MASCULINO,2021,1
-74.13899955199997,4.549453840850645,19,CIUDAD BOLÍVAR,67,LUCERO,2019-12-07,00:00:00,MASCULINO,2019,1
-74.13853374499996,4.5329116938511955,19,CIUDAD BOLÍVAR,UPR3,UPR RIO TUNJUELO,2018-03-18,00:00:00,MASCULINO,2018,1
-74.10386369299994,4.537991785850982,18,RAFAEL URIBE URIBE,55,DIANA TURBAY,2019-05-26,00:00:00,MASCULINO,2019,1
-74.13719463799998,4.717607433845178,10,ENGATIVÁ,74,ENGATIVA,2021-03-27,00:00:00,FEMENINO,2021,1
-74.07436954399998,4.612838409848581,14,LOS MÁRTIRES,102,LA SABANA,2020-07-13,00:00:00,MASCULINO,2020,1
-74.08638539399993,4.599961569849006,14,LOS MÁRTIRES,102,LA SABANA,2018-06-14,00:00:00,MASCULINO,2018,1
-74.07525878799999,4.5826651668495835,03,SANTA FE,96,LOURDES,2020-08-30,00:00:00,MASCULINO,2020,1
-74.09359999999998,4.559499999850332,04,SAN CRISTÓBAL,34,20 DE JULIO,2022-11-09,00:00:00,MASCULINO,2022,1
-74.14613711799996,4.596023560849113,08,KENNEDY,45,CARVAJAL,2020-12-30,00:00:00,MASCULINO,2020,1
-74.15801617399995,4.575512060849788,19,CIUDAD BOLÍVAR,70,JERUSALEM,2018-06-02,00:00:00,MASCULINO,2018,1
-74.11750110799994,4.552716566850541,18,RAFAEL URIBE URIBE,54,MARRUECOS,2021-06-10,00:00:00,MASCULINO,2021,1
-74.09933046599997,4.5977943908490575,14,LOS MÁRTIRES,37,SANTA ISABEL,2019-06-15,00:00:00,MASCULINO,2019,1
-74.14713930699997,4.55830925385035,19,CIUDAD BOLÍVAR,67,LUCERO,2021-02-21,00:00:00,MASCULINO,2021,1
-74.08084411999994,4.606236820848788,14,LOS MÁRTIRES,102,LA SABANA,2018-11-22,00:00:00,MASCULINO,2018,1
-74.08162795799996,4.592080179849243,03,SANTA FE,95,LAS CRUCES,2019-05-27,00:00:00,MASCULINO,2019,1
-74.02308019399999,4.762140454843732,01,USAQUÉN,990,SIN UPZ USAQUEN,2018-12-27,00:00:00,MASCULINO,2018,1
-74.12519999999995,4.589769999849324,18,RAFAEL URIBE URIBE,39,QUIROGA,2022-08-25,00:00:00,FEMENINO,2022,1
-74.11706653399995,4.573635614849865,18,RAFAEL URIBE URIBE,53,MARCO FIDEL SUAREZ,2018-01-18,00:00:00,MASCULINO,2018,1
-74.19980499999997,4.6212296118482925,07,BOSA,84,BOSA OCCIDENTAL,2019-10-16,00:00:00,MASCULINO,2019,1
-74.16229999999996,4.567549999850041,19,CIUDAD BOLÍVAR,70,JERUSALEM,2022-03-26,00:00:00,FEMENINO,2022,1
-74.15682710699997,4.565941052850125,19,CIUDAD BOLÍVAR,70,JERUSALEM,2021-02-07,00:00:00,MASCULINO,2021,1
-74.14146860499994,4.638459067847728,08,KENNEDY,46,CASTILLA,2020-01-09,00:00:00,MASCULINO,2020,1
-74.07529979399999,4.516565457851719,04,SAN CRISTÓBAL,993,SIN UPZ SAN CRISTOBAL,2019-06-19,00:00:00,MASCULINO,2019,1
-74.11113660699993,4.572548614849916,18,RAFAEL URIBE URIBE,53,MARCO FIDEL SUAREZ,2019-02-01,00:00:00,FEMENINO,2019,1
-74.18710032699994,4.604781832848848,07,BOSA,85,BOSA CENTRAL,2019-02-24,00:00:00,MASCULINO,2019,1
-74.15457435699994,4.589299165849343,06,TUNJUELITO,42,VENECIA,2021-01-25,00:00:00,MASCULINO,2021,1
-74.06529999999998,4.6044099998488335,03,SANTA FE,92,LA MACARENA,2022-09-30,00:00:00,MASCULINO,2022,1
-74.11089999999996,4.519119999851618,05,USME,57,GRAN YOMASA,2022-10-07,00:00:00,MASCULINO,2022,1
-74.11900540499994,4.6676500398468175,09,FONTIBÓN,114,MODELIA,2021-10-31,00:00:00,MASCULINO,2021,1
-74.10691427299997,4.634382038847886,16,PUENTE ARANDA,111,PUENTE ARANDA,2020-03-21,00:00:00,MASCULINO,2020,1
-74.12197883099998,4.7511522318440695,11,SUBA,71,TIBABUYES,2018-12-23,00:00:00,MASCULINO,2018,1
-74.16799999999995,4.640349999847702,08,KENNEDY,82,PATIO BONITO,2022-04-03,00:00:00,FEMENINO,2022,1
-74.10172316499995,4.541293301850899,18,RAFAEL URIBE URIBE,55,DIANA TURBAY,2020-02-15,00:00:00,MASCULINO,2020,1
-74.05925879199998,4.741340324844414,11,SUBA,18,BRITALIA,2018-10-10,00:00:00,FEMENINO,2018,1
-74.17797565699993,4.578956315849706,19,CIUDAD BOLÍVAR,69,ISMAEL PERDOMO,2020-09-15,00:00:00,MASCULINO,2020,1
-74.16673607799999,4.572749466849885,19,CIUDAD BOLÍVAR,70,JERUSALEM,2020-09-13,00:00:00,MASCULINO,2020,1
-74.09198952999998,4.546987154850741,04,SAN CRISTÓBAL,50,LA GLORIA,2019-06-23,00:00:00,MASCULINO,2019,1
-74.09843225699996,4.737005804844509,11,SUBA,28,EL RINCON,2020-09-09,00:00:00,FEMENINO,2020,1
-74.18725740099995,4.6091408708486705,07,BOSA,85,BOSA CENTRAL,2021-10-13,00:00:00,MASCULINO,2021,1
-74.20158475399995,4.60760460084875,07,BOSA,85,BOSA CENTRAL,2020-10-10,00:00:00,MASCULINO,2020,1
-74.08889999999997,4.533829999851129,04,SAN CRISTÓBAL,51,LOS LIBERTADORES,2022-10-09,00:00:00,MASCULINO,2022,1
-74.13737313699994,4.620230222848307,08,KENNEDY,44,AMERICAS,2018-10-26,00:00:00,MASCULINO,2018,1
-74.08639999999997,4.59317999984924,03,SANTA FE,95,LAS CRUCES,2022-11-22,00:00:00,MASCULINO,2022,1
-74.10332236499994,4.6231928788482355,16,PUENTE ARANDA,108,ZONA INDUSTRIAL,2019-09-22,00:00:00,MASCULINO,2019,1
-74.16709449999996,4.57672847884976,19,CIUDAD BOLÍVAR,69,ISMAEL PERDOMO,2018-07-14,00:00:00,MASCULINO,2018,1
-74.11072115099995,4.4964361828523876,05,USME,58,COMUNEROS,2018-02-21,00:00:00,MASCULINO,2018,1
-74.06443502799993,4.644552049847563,02,CHAPINERO,99,CHAPINERO,2019-12-07,00:00:00,MASCULINO,2019,1
-74.09407003999996,4.5135763378518226,05,USME,52,LA FLORA,2020-10-28,00:00:00,MASCULINO,2020,1
-74.19516656599995,4.61105359584862,07,BOSA,85,BOSA CENTRAL,2021-10-12,00:00:00,MASCULINO,2021,1
-74.10005759699999,4.565737934850135,04,SAN CRISTÓBAL,34,20 DE JULIO,2019-12-28,00:00:00,MASCULINO,2019,1
-74.19284792599996,4.603557080848904,07,BOSA,85,BOSA CENTRAL,2020-12-24,00:00:00,MASCULINO,2020,1
-74.06221692899999,4.552183139850571,04,SAN CRISTÓBAL,993,SIN UPZ SAN CRISTOBAL,2018-01-02,00:00:00,MASCULINO,2018,1
-74.17750691799995,4.589357221849337,19,CIUDAD BOLÍVAR,69,ISMAEL PERDOMO,2019-03-16,00:00:00,MASCULINO,2019,1
-74.12011163499994,4.577673867849704,18,RAFAEL URIBE URIBE,39,QUIROGA,2018-09-27,00:00:00,MASCULINO,2018,1
-74.17160806099997,4.651114934847355,08,KENNEDY,79,CALANDAIMA,2020-05-11,00:00:00,MASCULINO,2020,1
-74.15988704799997,4.646300508847512,08,KENNEDY,79,CALANDAIMA,2021-07-19,00:00:00,MASCULINO,2021,1
-74.17600100599998,4.64453622984753,08,KENNEDY,82,PATIO BONITO,2021-07-16,00:00:00,MASCULINO,2021,1
-74.09729427599996,4.724914527844936,11,SUBA,28,EL RINCON,2018-08-21,00:00:00,MASCULINO,2018,1
-74.10945158199996,4.504635218852075,05,USME,58,COMUNEROS,2019-11-05,00:00:00,MASCULINO,2019,1
-74.20909858699997,4.61700707284842,07,BOSA,87,TINTAL SUR,2018-09-23,00:00:00,MASCULINO,2018,1
-74.06739999999996,4.609679999848663,03,SANTA FE,92,LA MACARENA,2022-01-16,00:00:00,MASCULINO,2022,1
-74.10700857499995,4.553175834850516,18,RAFAEL URIBE URIBE,54,MARRUECOS,2021-07-05,00:00:00,FEMENINO,2021,1
-74.10799999999995,4.5631099998501945,18,RAFAEL URIBE URIBE,54,MARRUECOS,2022-07-23,00:00:00,MASCULINO,2022,1
-74.15511889999993,4.5664341138500975,19,CIUDAD BOLÍVAR,70,JERUSALEM,2019-12-08,00:00:00,MASCULINO,2019,1
-74.11307936899993,4.496035088852358,05,USME,58,COMUNEROS,2019-03-25,00:00:00,MASCULINO,2019,1
-74.06529999999998,4.644229999847556,02,CHAPINERO,99,CHAPINERO,2022-10-24,00:00:00,MASCULINO,2022,1
-74.19519320299997,4.603644533848895,07,BOSA,85,BOSA CENTRAL,2019-03-23,00:00:00,MASCULINO,2019,1
-74.16461230099998,4.545571356850745,19,CIUDAD BOLÍVAR,UPR3,UPR RIO TUNJUELO,2021-09-02,00:00:00,MASCULINO,2021,1
-74.13558551299997,4.535195770851133,19,CIUDAD BOLÍVAR,68,EL TESORO,2018-05-11,00:00:00,MASCULINO,2018,1
-74.11325937299995,4.538839561850958,05,USME,56,DANUBIO,2020-05-06,00:00:00,FEMENINO,2020,1
-74.17345244099994,4.570101667849979,19,CIUDAD BOLÍVAR,70,JERUSALEM,2018-03-21,00:00:00,MASCULINO,2018,1
-74.03826054699994,4.762517345843692,01,USAQUÉN,9,VERBENAL,2020-05-17,00:00:00,MASCULINO,2020,1
-74.16373075399997,4.634941914847883,08,KENNEDY,82,PATIO BONITO,2021-02-04,00:00:00,MASCULINO,2021,1
-74.07617136599998,4.615116988848511,14,LOS MÁRTIRES,102,LA SABANA,2021-11-25,00:00:00,MASCULINO,2021,1
-74.17207445299994,4.575680418849778,19,CIUDAD BOLÍVAR,69,ISMAEL PERDOMO,2019-03-02,00:00:00,MASCULINO,2019,1
-74.00846025599998,4.729555764844776,01,USAQUÉN,990,SIN UPZ USAQUEN,2021-07-18,00:00:00,MASCULINO,2021,1
-74.10819831399994,4.49934202985226,05,USME,58,COMUNEROS,2018-10-02,00:00:00,MASCULINO,2018,1
-74.10991156099993,4.694247370845951,10,ENGATIVÁ,30,BOYACA REAL,2021-02-27,00:00:00,MASCULINO,2021,1
-74.14945202699994,4.6725985338466165,09,FONTIBÓN,75,FONTIBON,2020-07-16,00:00:00,MASCULINO,2020,1
-74.11956865299999,4.505143258852054,05,USME,58,COMUNEROS,2019-11-14,00:00:00,MASCULINO,2019,1
-74.03376159399994,4.694552561845942,01,USAQUÉN,14,USAQUEN,2018-12-04,00:00:00,MASCULINO,2018,1
-74.11533712699998,4.543887499850809,18,RAFAEL URIBE URIBE,55,DIANA TURBAY,2019-05-23,00:00:00,MASCULINO,2019,1
-74.07990204199996,4.619305163848348,14,LOS MÁRTIRES,102,LA SABANA,2020-02-14,00:00:00,MASCULINO,2020,1
-74.14441778999998,4.548163596850672,19,CIUDAD BOLÍVAR,67,LUCERO,2019-05-30,00:00:00,MASCULINO,2019,1
-74.09190998099996,4.590880287849296,15,ANTONIO NARIÑO,38,RESTREPO,2021-03-05,00:00:00,MASCULINO,2021,1
-74.09897839199994,4.585157761849471,15,ANTONIO NARIÑO,38,RESTREPO,2021-04-08,00:00:00,MASCULINO,2021,1
-74.09890054099998,4.592711997849215,15,ANTONIO NARIÑO,38,RESTREPO,2019-10-01,00:00:00,MASCULINO,2019,1
-74.16545758499996,4.623087748848231,08,KENNEDY,80,CORABASTOS,2020-01-10,00:00:00,MASCULINO,2020,1
-74.17425140399996,4.609253851848696,08,KENNEDY,48,TIMIZA,2019-03-09,00:00:00,MASCULINO,2019,1
-74.17035956699993,4.642882016847582,08,KENNEDY,82,PATIO BONITO,2018-10-29,00:00:00,MASCULINO,2018,1
-74.14387321899994,4.595498794849122,08,KENNEDY,45,CARVAJAL,2021-07-16,00:00:00,MASCULINO,2021,1
-74.15852569999998,4.551542069850557,19,CIUDAD BOLÍVAR,67,LUCERO,2019-08-20,00:00:00,MASCULINO,2019,1
-74.11747289399995,4.5585551358503436,18,RAFAEL URIBE URIBE,54,MARRUECOS,2020-12-25,00:00:00,MASCULINO,2020,1
-74.10551153399996,4.578257897849717,18,RAFAEL URIBE URIBE,36,SAN JOSE,2018-07-09,00:00:00,MASCULINO,2018,1
-74.17044900099995,4.570720111849962,19,CIUDAD BOLÍVAR,70,JERUSALEM,2020-12-22,00:00:00,FEMENINO,2020,1
-74.11165440699995,4.741662194844396,11,SUBA,71,TIBABUYES,2018-05-02,00:00:00,MASCULINO,2018,1
-74.12595335599997,4.706679776845506,10,ENGATIVÁ,73,GARCES NAVAS,2018-02-07,00:00:00,MASCULINO,2018,1
-74.09744247199995,4.612234125848575,16,PUENTE ARANDA,108,ZONA INDUSTRIAL,2018-08-23,00:00:00,MASCULINO,2018,1
-74.09592977399996,4.746639343844245,11,SUBA,27,SUBA,2018-11-02,00:00:00,MASCULINO,2018,1
-74.03817049999998,4.790744302842796,01,USAQUÉN,1,PASEO DE LOS LIBERTADORES,2019-10-17,00:00:00,MASCULINO,2019,1
-74.16323467599995,4.641719989847659,08,KENNEDY,82,PATIO BONITO,2019-07-29,00:00:00,MASCULINO,2019,1
-74.05530191499997,4.694723862845893,01,USAQUÉN,16,SANTA BARBARA,2021-05-08,00:00:00,MASCULINO,2021,1
-74.14686224099995,4.651262311847309,08,KENNEDY,78,TINTAL NORTE,2020-11-21,00:00:00,MASCULINO,2020,1
-74.10949989199997,4.741395194844397,11,SUBA,71,TIBABUYES,2018-12-25,00:00:00,MASCULINO,2018,1
-74.04700387299994,4.645586337847509,02,CHAPINERO,991,SIN UPZ CHAPINERO,2020-07-22,00:00:00,MASCULINO,2020,1
-74.08879616199994,4.604161673848875,14,LOS MÁRTIRES,102,LA SABANA,2018-02-25,00:00:00,MASCULINO,2018,1
-74.16426402299999,4.56952457084998,19,CIUDAD BOLÍVAR,70,JERUSALEM,2019-09-19,00:00:00,MASCULINO,2019,1
-74.16444498599998,4.573817122849822,19,CIUDAD BOLÍVAR,70,JERUSALEM,2020-07-02,00:00:00,MASCULINO,2020,1
-74.10539999999997,4.5832499998495075,18,RAFAEL URIBE URIBE,39,QUIROGA,2022-05-15,00:00:00,MASCULINO,2022,1
-74.16671649999995,4.585429169849473,19,CIUDAD BOLÍVAR,69,ISMAEL PERDOMO,2019-07-03,00:00:00,MASCULINO,2019,1
-74.07052068999997,4.589325382849367,03,SANTA FE,96,LOURDES,2021-06-16,00:00:00,MASCULINO,2021,1
-74.18975897599995,4.624451314848199,07,BOSA,84,BOSA OCCIDENTAL,2018-03-23,00:00:00,MASCULINO,2018,1
-74.17728144999995,4.59472414384917,19,CIUDAD BOLÍVAR,69,ISMAEL PERDOMO,2021-01-18,00:00:00,MASCULINO,2021,1
-74.17496349399994,4.573863781849842,19,CIUDAD BOLÍVAR,69,ISMAEL PERDOMO,2021-07-30,00:00:00,MASCULINO,2021,1
-74.19197146499994,4.635753417847819,07,BOSA,86,EL PORVENIR,2021-01-15,00:00:00,MASCULINO,2021,1
-74.09179999999998,4.544339999850789,04,SAN CRISTÓBAL,50,LA GLORIA,2022-08-10,00:00:00,MASCULINO,2022,1
-74.15234853199996,4.549026949850647,19,CIUDAD BOLÍVAR,67,LUCERO,2020-12-20,00:00:00,MASCULINO,2020,1
-74.14865691499995,4.551590389850588,19,CIUDAD BOLÍVAR,67,LUCERO,2019-07-17,00:00:00,MASCULINO,2019,1
-74.10037125099996,4.608397108848738,16,PUENTE ARANDA,40,CIUDAD MONTES,2020-06-06,00:00:00,MASCULINO,2020,1
-74.08942795499996,4.5971653348490955,14,LOS MÁRTIRES,37,SANTA ISABEL,2021-08-07,00:00:00,MASCULINO,2021,1
-74.15818041799997,4.543781962850846,19,CIUDAD BOLÍVAR,67,LUCERO,2020-03-29,00:00:00,MASCULINO,2020,1
-74.17399999999998,4.625339999848176,08,KENNEDY,81,GRAN BRITALIA,2022-01-21,00:00:00,MASCULINO,2022,1
-74.10055344199998,4.55619668585039,04,SAN CRISTÓBAL,50,LA GLORIA,2021-02-20,00:00:00,MASCULINO,2021,1
-74.01443711399997,4.73496040984459,01,USAQUÉN,11,SAN CRISTOBAL NORTE,2020-09-19,00:00:00,MASCULINO,2020,1
-74.18454476199997,4.616716253848442,08,KENNEDY,81,GRAN BRITALIA,2020-04-23,00:00:00,MASCULINO,2020,1
-74.12676041399999,4.7427402218443655,11,SUBA,71,TIBABUYES,2020-07-22,00:00:00,FEMENINO,2020,1
-74.08734906899997,4.601609164848963,14,LOS MÁRTIRES,102,LA SABANA,2019-10-03,00:00:00,MASCULINO,2019,1
-74.07678300099997,4.653441346847277,12,BARRIOS UNIDOS,98,LOS ALCAZARES,2021-01-16,00:00:00,FEMENINO,2021,1
-74.15726634299995,4.565864458850129,19,CIUDAD BOLÍVAR,70,JERUSALEM,2018-12-26,00:00:00,MASCULINO,2018,1
-74.13751685899996,4.60418074884883,08,KENNEDY,45,CARVAJAL,2020-10-19,00:00:00,FEMENINO,2020,1
-74.07584690199997,4.586615877849415,03,SANTA FE,96,LOURDES,2021-05-01,00:00:00,MASCULINO,2021,1
-74.11237647299998,4.562383072850201,18,RAFAEL URIBE URIBE,54,MARRUECOS,2018-11-20,00:00:00,MASCULINO,2018,1
-74.06531143699993,4.63110793384799,02,CHAPINERO,99,CHAPINERO,2021-12-12,00:00:00,MASCULINO,2021,1
-74.18368846299995,4.642238510847645,07,BOSA,86,EL PORVENIR,2019-08-24,00:00:00,MASCULINO,2019,1
-74.06754175199995,4.6324774568479405,02,CHAPINERO,99,CHAPINERO,2019-12-06,00:00:00,MASCULINO,2019,1
-74.10258550899994,4.498505697852282,05,USME,59,ALFONSO LOPEZ,2021-02-27,00:00:00,MASCULINO,2021,1
-74.08061561799997,4.592509729849261,17,CANDELARIA,94,LA CANDELARIA,2020-07-12,00:00:00,MASCULINO,2020,1
-74.17127346199999,4.632377615847934,08,KENNEDY,82,PATIO BONITO,2018-01-26,00:00:00,MASCULINO,2018,1
-74.08458701099994,4.602982328848893,14,LOS MÁRTIRES,102,LA SABANA,2018-02-21,00:00:00,MASCULINO,2018,1
-74.08467176299996,4.601551881848923,14,LOS MÁRTIRES,102,LA SABANA,2019-12-19,00:00:00,MASCULINO,2019,1
-74.18411470399997,4.636918198847782,07,BOSA,86,EL PORVENIR,2020-05-27,00:00:00,FEMENINO,2020,1
-74.14945470899994,4.59737588984905,08,KENNEDY,45,CARVAJAL,2020-07-26,00:00:00,MASCULINO,2020,1
-74.14492359399998,4.674968331846555,09,FONTIBÓN,75,FONTIBON,2018-11-18,00:00:00,MASCULINO,2018,1
-74.14506483799994,4.633551889847893,08,KENNEDY,46,CASTILLA,2019-03-20,00:00:00,MASCULINO,2019,1
-74.13040011899994,4.666342452846813,09,FONTIBÓN,114,MODELIA,2019-07-23,00:00:00,MASCULINO,2019,1
-74.15993326599994,4.57469194384982,19,CIUDAD BOLÍVAR,70,JERUSALEM,2021-03-26,00:00:00,MASCULINO,2021,1
-74.06533023799994,4.557448268850403,04,SAN CRISTÓBAL,993,SIN UPZ SAN CRISTOBAL,2018-10-14,00:00:00,MASCULINO,2018,1
-74.09936730999993,4.510298829851932,05,USME,57,GRAN YOMASA,2021-07-26,00:00:00,MASCULINO,2021,1
-74.17099999999994,4.626809999848111,08,KENNEDY,81,GRAN BRITALIA,2022-11-19,00:00:00,MASCULINO,2022,1
-74.10749999999996,4.632479999847931,16,PUENTE ARANDA,111,PUENTE ARANDA,2022-03-08,00:00:00,MASCULINO,2022,1
-74.02814922099998,4.734108437844606,01,USAQUÉN,11,SAN CRISTOBAL NORTE,2021-09-07,00:00:00,MASCULINO,2021,1
-74.20183894999997,4.624267326848197,07,BOSA,84,BOSA OCCIDENTAL,2018-09-15,00:00:00,FEMENINO,2018,1
-74.16925969299996,4.608214487848727,08,KENNEDY,48,TIMIZA,2021-12-01,00:00:00,MASCULINO,2021,1
-74.14807049299998,4.531722286851206,19,CIUDAD BOLÍVAR,UPR3,UPR RIO TUNJUELO,2021-09-05,00:00:00,MASCULINO,2021,1
-74.15979999999996,4.553359999850519,19,CIUDAD BOLÍVAR,67,LUCERO,2022-11-23,00:00:00,MASCULINO,2022,1
-74.20913640699996,4.6277627648480975,07,BOSA,87,TINTAL SUR,2019-11-04,00:00:00,MASCULINO,2019,1
-74.10898888099996,4.692793141845955,10,ENGATIVÁ,30,BOYACA REAL,2019-09-22,00:00:00,FEMENINO,2019,1
-74.06056468799994,4.551541439850581,04,SAN CRISTÓBAL,993,SIN UPZ SAN CRISTOBAL,2018-09-10,00:00:00,MASCULINO,2018,1
-74.16779999999994,4.5285099998513125,19,CIUDAD BOLÍVAR,UPR3,UPR RIO TUNJUELO,2022-11-20,00:00:00,MASCULINO,2022,1
-74.14212939199996,4.584486111849484,06,TUNJUELITO,42,VENECIA,2019-05-31,00:00:00,MASCULINO,2019,1
-74.17869999999994,4.580209999849609,19,CIUDAD BOLÍVAR,69,ISMAEL PERDOMO,2022-03-21,00:00:00,MASCULINO,2022,1
-74.11701989999995,4.547858988850719,18,RAFAEL URIBE URIBE,54,MARRUECOS,2019-05-14,00:00:00,MASCULINO,2019,1
-74.07878710899996,4.608544686848727,14,LOS MÁRTIRES,102,LA SABANA,2019-11-27,00:00:00,FEMENINO,2019,1
-74.16946971499993,4.575654978849772,19,CIUDAD BOLÍVAR,69,ISMAEL PERDOMO,2018-11-01,00:00:00,MASCULINO,2018,1
-74.14371658499994,4.601408664848964,08,KENNEDY,45,CARVAJAL,2018-10-28,00:00:00,MASCULINO,2018,1
-74.17253023999996,4.641323020847665,08,KENNEDY,82,PATIO BONITO,2021-09-30,00:00:00,MASCULINO,2021,1
-74.11250213799997,4.495109899852402,05,USME,58,COMUNEROS,2018-02-05,00:00:00,MASCULINO,2018,1
-74.07490175899994,4.653415921847227,12,BARRIOS UNIDOS,98,LOS ALCAZARES,2021-05-29,00:00:00,MASCULINO,2021,1
-74.09481044499995,4.55212046585058,04,SAN CRISTÓBAL,50,LA GLORIA,2020-02-02,00:00:00,MASCULINO,2020,1
-74.02133427499996,4.7371749938445245,01,USAQUÉN,11,SAN CRISTOBAL NORTE,2019-04-13,00:00:00,MASCULINO,2019,1
-74.03645433099996,4.700758155845727,01,USAQUÉN,16,SANTA BARBARA,2020-01-30,00:00:00,MASCULINO,2020,1
-74.14148702499995,4.547559737850733,19,CIUDAD BOLÍVAR,67,LUCERO,2019-03-14,00:00:00,MASCULINO,2019,1
-74.18752436299997,4.641810010847658,07,BOSA,86,EL PORVENIR,2021-01-30,00:00:00,MASCULINO,2021,1
-74.09979999199999,4.489265424852592,05,USME,59,ALFONSO LOPEZ,2019-10-15,00:00:00,FEMENINO,2019,1
-74.16050523999996,4.63487399284785,08,KENNEDY,80,CORABASTOS,2021-09-05,00:00:00,MASCULINO,2021,1
-74.15169999999995,4.68102999984633,09,FONTIBÓN,75,FONTIBON,2022-09-10,00:00:00,MASCULINO,2022,1
-74.19677173799994,4.601662560848963,07,BOSA,85,BOSA CENTRAL,2018-03-18,00:00:00,MASCULINO,2018,1
-74.14449999999994,4.676519999846494,09,FONTIBÓN,75,FONTIBON,2022-11-25,00:00:00,MASCULINO,2022,1
-74.10655095699997,4.653849911847252,09,FONTIBÓN,110,CIUDAD SALITRE OCCIDENTAL,2019-03-26,00:00:00,MASCULINO,2019,1
-74.13789737199994,4.552937181850525,19,CIUDAD BOLÍVAR,67,LUCERO,2021-12-05,00:00:00,MASCULINO,2021,1
-74.13413784199997,4.64698505884745,08,KENNEDY,46,CASTILLA,2018-12-25,00:00:00,MASCULINO,2018,1
-74.13128397099996,4.59206076184928,06,TUNJUELITO,42,VENECIA,2019-01-17,00:00:00,MASCULINO,2019,1
-74.14589999999998,4.569339999850008,19,CIUDAD BOLÍVAR,65,ARBORIZADORA,2022-08-02,00:00:00,MASCULINO,2022,1
-74.07012709999998,4.580900911849627,03,SANTA FE,96,LOURDES,2019-05-06,00:00:00,FEMENINO,2019,1
-74.17289999999997,4.63910999984775,08,KENNEDY,82,PATIO BONITO,2022-01-16,00:00:00,MASCULINO,2022,1
-74.14142265199996,4.547618559850699,19,CIUDAD BOLÍVAR,67,LUCERO,2018-02-01,00:00:00,MASCULINO,2018,1
-74.15739999999994,4.564269999850133,19,CIUDAD BOLÍVAR,70,JERUSALEM,2022-05-15,00:00:00,MASCULINO,2022,1
-74.03302416299994,4.761703611843757,01,USAQUÉN,9,VERBENAL,2018-08-16,00:00:00,FEMENINO,2018,1
-74.14029646999995,4.59502656484918,06,TUNJUELITO,42,VENECIA,2021-11-28,00:00:00,MASCULINO,2021,1
-74.11392229899997,4.512532988851809,05,USME,57,GRAN YOMASA,2019-11-03,00:00:00,MASCULINO,2019,1
-74.20248508599997,4.621145611848275,07,BOSA,84,BOSA OCCIDENTAL,2019-06-18,00:00:00,FEMENINO,2019,1
-74.03109999999998,4.759329999843801,01,USAQUÉN,9,VERBENAL,2022-10-12,00:00:00,MASCULINO,2022,1
-74.10855090699994,4.612015195848631,16,PUENTE ARANDA,40,CIUDAD MONTES,2019-03-24,00:00:00,MASCULINO,2019,1
-74.13599999999997,4.601709999848914,08,KENNEDY,45,CARVAJAL,2022-10-19,00:00:00,MASCULINO,2022,1
-74.07724148999995,4.573300089849852,04,SAN CRISTÓBAL,32,SAN BLAS,2018-11-02,00:00:00,MASCULINO,2018,1
-74.18549803199994,4.62930840284803,07,BOSA,84,BOSA OCCIDENTAL,2018-09-02,00:00:00,MASCULINO,2018,1
-74.02416542299994,4.765582694843595,01,USAQUÉN,9,VERBENAL,2019-07-28,00:00:00,MASCULINO,2019,1
-74.09553169099996,4.769224273843501,11,SUBA,UPR1,UPR ZONA NORTE,2019-06-14,00:00:00,MASCULINO,2019,1
-74.10910701099994,4.588858613849364,18,RAFAEL URIBE URIBE,39,QUIROGA,2021-02-12,00:00:00,FEMENINO,2021,1
-74.13333350499994,4.71908963684509,10,ENGATIVÁ,73,GARCES NAVAS,2021-11-21,00:00:00,MASCULINO,2021,1
-74.14698015099998,4.599453493849008,08,KENNEDY,45,CARVAJAL,2020-05-07,00:00:00,MASCULINO,2020,1
-74.19315107499995,4.625389283848169,07,BOSA,84,BOSA OCCIDENTAL,2019-12-19,00:00:00,MASCULINO,2019,1
-74.16128529899999,4.569914766849981,19,CIUDAD BOLÍVAR,70,JERUSALEM,2019-08-23,00:00:00,MASCULINO,2019,1
-74.19659999999999,4.615059999848487,07,BOSA,85,BOSA CENTRAL,2022-10-16,00:00:00,MASCULINO,2022,1
-74.14131399999997,4.58461444584949,06,TUNJUELITO,42,VENECIA,2019-05-20,00:00:00,MASCULINO,2019,1
-74.10251983099994,4.50330021685215,05,USME,59,ALFONSO LOPEZ,2019-04-22,00:00:00,FEMENINO,2019,1
-74.14292185499994,4.5630839408502055,19,CIUDAD BOLÍVAR,66,SAN FRANCISCO,2020-09-25,00:00:00,MASCULINO,2020,1
-74.14273953399999,4.5562917968504,19,CIUDAD BOLÍVAR,67,LUCERO,2018-09-15,00:00:00,MASCULINO,2018,1
-74.11450599999995,4.757533845843881,11,SUBA,71,TIBABUYES,2018-07-15,00:00:00,MASCULINO,2018,1
-74.09638804499997,4.607306334848742,14,LOS MÁRTIRES,102,LA SABANA,2021-06-15,00:00:00,MASCULINO,2021,1
-74.17570046299994,4.634963724847845,08,KENNEDY,83,LAS MARGARITAS,2020-05-22,00:00:00,MASCULINO,2020,1
-74.08714176799998,4.529864891851261,04,SAN CRISTÓBAL,51,LOS LIBERTADORES,2021-04-23,00:00:00,FEMENINO,2021,1
-74.15765064599998,4.540274269850947,19,CIUDAD BOLÍVAR,67,LUCERO,2019-01-27,00:00:00,MASCULINO,2019,1
-74.19098075399995,4.6011597768489265,07,BOSA,85,BOSA CENTRAL,2019-11-02,00:00:00,MASCULINO,2019,1
-74.09018863799997,4.686219464846161,10,ENGATIVÁ,26,LAS FERIAS,2020-10-02,00:00:00,MASCULINO,2020,1
-74.08640413899997,4.515913030851709,05,USME,994,SIN UPZ USME,2018-07-01,00:00:00,FEMENINO,2018,1
-74.15736896099997,4.637491606847798,08,KENNEDY,80,CORABASTOS,2021-06-17,00:00:00,MASCULINO,2021,1
-74.18049999999994,4.58731999984939,19,CIUDAD BOLÍVAR,69,ISMAEL PERDOMO,2022-07-26,00:00:00,MASCULINO,2022,1
-74.16330482399997,4.639425802847715,08,KENNEDY,82,PATIO BONITO,2020-11-14,00:00:00,MASCULINO,2020,1
-74.12533323899999,4.638926426847736,08,KENNEDY,113,BAVARIA,2021-10-07,00:00:00,FEMENINO,2021,1
-74.13960870999995,4.652464160847304,08,KENNEDY,46,CASTILLA,2021-11-09,00:00:00,MASCULINO,2021,1
-74.16316720199995,4.5622014848502355,19,CIUDAD BOLÍVAR,70,JERUSALEM,2020-02-24,00:00:00,MASCULINO,2020,1
-74.02519746199994,4.76359147384369,01,USAQUÉN,9,VERBENAL,2021-03-24,00:00:00,MASCULINO,2021,1
-74.08032515599996,4.538273243850993,04,SAN CRISTÓBAL,50,LA GLORIA,2018-05-10,00:00:00,MASCULINO,2018,1
-74.12160116899997,4.743135864844346,11,SUBA,71,TIBABUYES,2018-03-18,00:00:00,MASCULINO,2018,1
-74.15011747099999,4.557572836850389,19,CIUDAD BOLÍVAR,67,LUCERO,2021-07-29,00:00:00,MASCULINO,2021,1
-74.13535083099998,4.58202350184956,06,TUNJUELITO,42,VENECIA,2019-10-19,00:00:00,MASCULINO,2019,1
-74.07597074499995,4.612649202848585,14,LOS MÁRTIRES,102,LA SABANA,2021-11-28,00:00:00,MASCULINO,2021,1
-74.06659999999994,4.639439999847703,13,TEUSAQUILLO,100,GALERIAS,2022-05-04,00:00:00,MASCULINO,2022,1
-74.09780893399994,4.5414783498508875,04,SAN CRISTÓBAL,51,LOS LIBERTADORES,2020-08-16,00:00:00,MASCULINO,2020,1
-74.19949999999994,4.619239999848369,07,BOSA,84,BOSA OCCIDENTAL,2022-02-17,00:00:00,MASCULINO,2022,1
-74.15054083099994,4.574204950849855,19,CIUDAD BOLÍVAR,65,ARBORIZADORA,2019-08-08,00:00:00,MASCULINO,2019,1
-74.09392584499994,4.608234223848734,14,LOS MÁRTIRES,102,LA SABANA,2019-05-11,00:00:00,MASCULINO,2019,1
-74.12163176499996,4.518442852851667,05,USME,57,GRAN YOMASA,2020-03-08,00:00:00,FEMENINO,2020,1
-74.14059194999999,4.628119275848097,08,KENNEDY,44,AMERICAS,2021-06-15,00:00:00,MASCULINO,2021,1
-74.07599999999996,4.574889999849795,04,SAN CRISTÓBAL,32,SAN BLAS,2022-09-13,00:00:00,MASCULINO,2022,1
-74.16503784999998,4.6404691598476955,08,KENNEDY,82,PATIO BONITO,2021-08-04,00:00:00,MASCULINO,2021,1
-74.06475152799999,4.642489590847637,02,CHAPINERO,99,CHAPINERO,2019-06-16,00:00:00,MASCULINO,2019,1
-74.12865486199996,4.564607640850165,06,TUNJUELITO,62,TUNJUELITO,2021-06-17,00:00:00,MASCULINO,2021,1
-74.16741244699995,4.626238854848153,08,KENNEDY,80,CORABASTOS,2020-07-08,00:00:00,MASCULINO,2020,1
-74.13768201399995,4.603233092848875,08,KENNEDY,45,CARVAJAL,2018-11-27,00:00:00,MASCULINO,2018,1
-74.13270198399994,4.583227337849527,06,TUNJUELITO,42,VENECIA,2018-08-05,00:00:00,MASCULINO,2018,1
-74.08910753499998,4.498167318852325,05,USME,52,LA FLORA,2019-08-18,00:00:00,FEMENINO,2019,1
-74.01499999999999,4.73312999984469,01,USAQUÉN,11,SAN CRISTOBAL NORTE,2022-08-14,00:00:00,MASCULINO,2022,1
-74.05081034099999,4.71229969584535,01,USAQUÉN,15,COUNTRY CLUB,2018-05-20,00:00:00,MASCULINO,2018,1
-74.16909264099996,4.6423318588475935,08,KENNEDY,82,PATIO BONITO,2020-03-13,00:00:00,MASCULINO,2020,1
-74.16367632499998,4.633290370847906,08,KENNEDY,80,CORABASTOS,2018-03-18,00:00:00,MASCULINO,2018,1
-74.18006513899996,4.597760323849059,07,BOSA,85,BOSA CENTRAL,2021-02-19,00:00:00,MASCULINO,2021,1
-74.15394518799997,4.537114774851017,19,CIUDAD BOLÍVAR,UPR3,UPR RIO TUNJUELO,2018-02-04,00:00:00,MASCULINO,2018,1
-74.16607376499996,4.592397662849237,19,CIUDAD BOLÍVAR,69,ISMAEL PERDOMO,2021-01-01,00:00:00,MASCULINO,2021,1
-74.14419766999998,4.627384488848117,08,KENNEDY,44,AMERICAS,2019-03-27,00:00:00,FEMENINO,2019,1
-74.19919999999996,4.607919999848724,07,BOSA,85,BOSA CENTRAL,2022-06-19,00:00:00,MASCULINO,2022,1
-74.17358546399998,4.637433566847799,08,KENNEDY,82,PATIO BONITO,2018-08-12,00:00:00,MASCULINO,2018,1
-74.16982674199994,4.582687956849579,19,CIUDAD BOLÍVAR,69,ISMAEL PERDOMO,2021-09-03,00:00:00,MASCULINO,2021,1
-74.09786490699997,4.733539450844671,11,SUBA,28,EL RINCON,2019-08-08,00:00:00,MASCULINO,2019,1
-74.08910753499998,4.498167318852325,05,USME,52,LA FLORA,2019-08-18,00:00:00,FEMENINO,2019,1
-74.13723252399996,4.536159842851086,19,CIUDAD BOLÍVAR,68,EL TESORO,2020-12-07,00:00:00,MASCULINO,2020,1
-74.08676723899998,4.605698026848834,14,LOS MÁRTIRES,102,LA SABANA,2020-02-01,00:00:00,MASCULINO,2020,1
-74.08166245799998,4.622524835848239,14,LOS MÁRTIRES,102,LA SABANA,2018-06-23,00:00:00,MASCULINO,2018,1
-74.11812381599998,4.547490186850701,18,RAFAEL URIBE URIBE,54,MARRUECOS,2018-08-16,00:00:00,MASCULINO,2018,1
-74.07670503699995,4.61100509384865,14,LOS MÁRTIRES,102,LA SABANA,2021-12-22,00:00:00,MASCULINO,2021,1
-74.09601721799999,4.542406963850882,04,SAN CRISTÓBAL,51,LOS LIBERTADORES,2020-06-15,00:00:00,MASCULINO,2020,1
-74.13697019899996,4.712166357845339,10,ENGATIVÁ,74,ENGATIVA,2018-02-24,00:00:00,MASCULINO,2018,1
-74.15129254799996,4.6819763228463485,09,FONTIBÓN,75,FONTIBON,2019-12-07,00:00:00,MASCULINO,2019,1
-74.17843648499996,4.582274692849571,19,CIUDAD BOLÍVAR,69,ISMAEL PERDOMO,2021-01-28,00:00:00,MASCULINO,2021,1
-74.17917876699994,4.5916009848492845,19,CIUDAD BOLÍVAR,69,ISMAEL PERDOMO,2020-11-25,00:00:00,MASCULINO,2020,1
-74.16634099099997,4.584953264849462,19,CIUDAD BOLÍVAR,69,ISMAEL PERDOMO,2018-03-25,00:00:00,MASCULINO,2018,1
-74.15402226199996,4.5915841668492865,19,CIUDAD BOLÍVAR,65,ARBORIZADORA,2019-01-06,00:00:00,MASCULINO,2019,1
-74.14115393899993,4.564065421850174,19,CIUDAD BOLÍVAR,66,SAN FRANCISCO,2019-09-17,00:00:00,MASCULINO,2019,1
-74.16354271199998,4.563848487850202,19,CIUDAD BOLÍVAR,70,JERUSALEM,2020-11-01,00:00:00,MASCULINO,2020,1
-74.18954634299996,4.628824151848057,07,BOSA,84,BOSA OCCIDENTAL,2019-09-11,00:00:00,MASCULINO,2019,1
-74.14444414599996,4.562961378850212,19,CIUDAD BOLÍVAR,66,SAN FRANCISCO,2020-12-18,00:00:00,MASCULINO,2020,1
-74.16378417199996,4.631496973847989,08,KENNEDY,80,CORABASTOS,2021-07-29,00:00:00,MASCULINO,2021,1
-74.08930935199999,4.725358792844915,11,SUBA,28,EL RINCON,2021-08-29,00:00:00,MASCULINO,2021,1
-74.16497212699994,4.568455096849994,19,CIUDAD BOLÍVAR,70,JERUSALEM,2019-11-26,00:00:00,MASCULINO,2019,1
-74.07169304099995,4.659328039847066,12,BARRIOS UNIDOS,98,LOS ALCAZARES,2021-08-30,00:00:00,MASCULINO,2021,1
-74.10830491799999,4.692237112845981,10,ENGATIVÁ,30,BOYACA REAL,2018-03-10,00:00:00,MASCULINO,2018,1
-74.14184442299995,4.551484404850579,19,CIUDAD BOLÍVAR,67,LUCERO,2020-07-26,00:00:00,FEMENINO,2020,1
-74.11096423799995,4.507907977851993,05,USME,57,GRAN YOMASA,2019-07-22,00:00:00,MASCULINO,2019,1
-74.11346621199993,4.574706892849804,18,RAFAEL URIBE URIBE,53,MARCO FIDEL SUAREZ,2020-04-26,00:00:00,MASCULINO,2020,1
-74.10862535199993,4.508164673851995,05,USME,57,GRAN YOMASA,2018-01-01,00:00:00,MASCULINO,2018,1
-74.19017174699997,4.606658195848799,07,BOSA,85,BOSA CENTRAL,2019-08-04,00:00:00,MASCULINO,2019,1
-74.16600353599995,4.629809851848021,08,KENNEDY,80,CORABASTOS,2019-03-06,00:00:00,MASCULINO,2019,1
-74.15162516599997,4.539901741850943,19,CIUDAD BOLÍVAR,67,LUCERO,2018-12-10,00:00:00,MASCULINO,2018,1
-74.08831896599997,4.5004848818522065,05,USME,52,LA FLORA,2019-01-14,00:00:00,MASCULINO,2019,1
-74.12685867999994,4.69993674684573,10,ENGATIVÁ,74,ENGATIVA,2020-03-14,00:00:00,MASCULINO,2020,1
-74.19672531599997,4.63800316184779,07,BOSA,86,EL PORVENIR,2018-09-05,00:00:00,MASCULINO,2018,1
-74.08162566499993,4.734936454844581,11,SUBA,28,EL RINCON,2021-07-22,00:00:00,MASCULINO,2021,1
-74.16441358799995,4.5765719008497285,19,CIUDAD BOLÍVAR,69,ISMAEL PERDOMO,2021-09-22,00:00:00,MASCULINO,2021,1
-74.10101109499993,4.552786953850539,04,SAN CRISTÓBAL,50,LA GLORIA,2019-12-25,00:00:00,FEMENINO,2019,1
-74.14314282999999,4.5280070738513585,19,CIUDAD BOLÍVAR,UPR3,UPR RIO TUNJUELO,2021-05-09,00:00:00,MASCULINO,2021,1
-74.15788494699996,4.598846421849053,07,BOSA,49,APOGEO,2020-08-26,00:00:00,MASCULINO,2020,1
-74.11863883099994,4.5685832318500035,18,RAFAEL URIBE URIBE,53,MARCO FIDEL SUAREZ,2018-08-15,00:00:00,MASCULINO,2018,1
-74.06817206899996,4.585216109849462,03,SANTA FE,96,LOURDES,2020-12-04,00:00:00,MASCULINO,2020,1
-74.10434554099999,4.5429481048508515,18,RAFAEL URIBE URIBE,55,DIANA TURBAY,2020-12-13,00:00:00,MASCULINO,2020,1
-74.08214933299996,4.614153660848529,14,LOS MÁRTIRES,102,LA SABANA,2019-10-10,00:00:00,FEMENINO,2019,1
-74.06041601599998,4.671902624846636,12,BARRIOS UNIDOS,98,LOS ALCAZARES,2019-09-04,00:00:00,MASCULINO,2019,1
-74.07829423499999,4.5998332648489795,03,SANTA FE,93,LAS NIEVES,2019-11-29,00:00:00,MASCULINO,2019,1
-74.13937383899997,4.654806593847195,08,KENNEDY,46,CASTILLA,2021-07-06,00:00:00,FEMENINO,2021,1
-74.11309999999997,4.559599999850306,18,RAFAEL URIBE URIBE,54,MARRUECOS,2022-08-07,00:00:00,MASCULINO,2022,1
-74.14549999999997,4.556919999850396,19,CIUDAD BOLÍVAR,67,LUCERO,2022-07-01,00:00:00,MASCULINO,2022,1
-74.09319999999997,4.559759999850295,04,SAN CRISTÓBAL,34,20 DE JULIO,2022-12-17,00:00:00,MASCULINO,2022,1
-74.10149999999999,4.583409999849558,15,ANTONIO NARIÑO,38,RESTREPO,2022-07-03,00:00:00,MASCULINO,2022,1
-74.19969999999995,4.626879999848099,07,BOSA,84,BOSA OCCIDENTAL,2022-04-11,00:00:00,MASCULINO,2022,1
-74.11839999999995,4.705659999845534,10,ENGATIVÁ,73,GARCES NAVAS,2022-09-16,00:00:00,MASCULINO,2022,1
-74.07559999999995,4.6114399998486455,14,LOS MÁRTIRES,102,LA SABANA,2022-01-23,00:00:00,MASCULINO,2022,1
-74.14599999999996,4.51686999985169,19,CIUDAD BOLÍVAR,UPR3,UPR RIO TUNJUELO,2022-12-14,00:00:00,MASCULINO,2022,1
-74.07159999999999,4.6163499998484845,03,SANTA FE,91,SAGRADO CORAZON,2023-06-04,00:00:00,MASCULINO,2023,1
-74.15139999999997,4.575889999849797,19,CIUDAD BOLÍVAR,65,ARBORIZADORA,2023-07-12,00:00:00,FEMENINO,2023,1
-74.02319999999997,4.73738999984454,01,USAQUÉN,11,SAN CRISTOBAL NORTE,2022-10-01,00:00:00,MASCULINO,2022,1
-74.08269999999999,4.6056999998488255,14,LOS MÁRTIRES,102,LA SABANA,2022-04-25,00:00:00,MASCULINO,2022,1
-74.12460978099995,4.470224317853194,05,USME,61,CIUDAD USME,2020-04-12,00:00:00,MASCULINO,2020,1
-74.15538783099998,4.571282610849948,19,CIUDAD BOLÍVAR,70,JERUSALEM,2020-05-04,00:00:00,MASCULINO,2020,1
-74.10259999999994,4.500959999852189,05,USME,59,ALFONSO LOPEZ,2022-04-25,00:00:00,MASCULINO,2022,1
-74.19879999999995,4.612509999848575,07,BOSA,85,BOSA CENTRAL,2022-12-10,00:00:00,MASCULINO,2022,1
-74.07385837899994,4.633952194847904,13,TEUSAQUILLO,101,TEUSAQUILLO,2021-10-18,00:00:00,MASCULINO,2021,1
-74.08929999999998,4.7556499998439445,11,SUBA,27,SUBA,2023-06-11,00:00:00,MASCULINO,2023,1
-74.14649999999995,4.534099999851112,19,CIUDAD BOLÍVAR,68,EL TESORO,2023-03-26,00:00:00,MASCULINO,2023,1
-74.15738161399997,4.620710434848308,08,KENNEDY,47,KENNEDY CENTRAL,2020-10-11,00:00:00,MASCULINO,2020,1
-74.12229999999994,4.583199999849529,18,RAFAEL URIBE URIBE,39,QUIROGA,2022-10-22,00:00:00,MASCULINO,2022,1
-74.06495449999994,4.672776851846604,12,BARRIOS UNIDOS,98,LOS ALCAZARES,2018-11-16,00:00:00,MASCULINO,2018,1
-74.14189999999996,4.5335699998511565,19,CIUDAD BOLÍVAR,UPR3,UPR RIO TUNJUELO,2022-09-25,00:00:00,MASCULINO,2022,1
-74.16709999999995,4.572719999849897,19,CIUDAD BOLÍVAR,70,JERUSALEM,2022-07-29,00:00:00,MASCULINO,2022,1
-74.15004909399994,4.546410462850723,19,CIUDAD BOLÍVAR,67,LUCERO,2019-09-30,00:00:00,MASCULINO,2019,1
-74.13689999999997,4.560329999850259,19,CIUDAD BOLÍVAR,67,LUCERO,2023-06-09,00:00:00,MASCULINO,2023,1
-74.20619999999997,4.605279999848825,07,BOSA,85,BOSA CENTRAL,2022-08-22,00:00:00,MASCULINO,2022,1
-74.10139999999996,4.744969999844246,11,SUBA,28,EL RINCON,2023-08-27,00:00:00,MASCULINO,2023,1
-74.12179999999995,4.750929999844069,11,SUBA,71,TIBABUYES,2022-12-03,00:00:00,MASCULINO,2022,1
-74.11349999999999,4.513659999851829,05,USME,57,GRAN YOMASA,2023-01-22,00:00:00,MASCULINO,2023,1
-74.09116920199995,4.5535626588504785,04,SAN CRISTÓBAL,50,LA GLORIA,2021-05-12,00:00:00,MASCULINO,2021,1
-74.11799999999994,4.545239999850763,18,RAFAEL URIBE URIBE,54,MARRUECOS,2022-01-21,00:00:00,MASCULINO,2022,1
-74.07009153699994,4.589453715849321,03,SANTA FE,96,LOURDES,2019-11-08,00:00:00,MASCULINO,2019,1
-74.13949999999994,4.556709999850421,19,CIUDAD BOLÍVAR,67,LUCERO,2022-07-28,00:00:00,MASCULINO,2022,1
-74.16070648699997,4.589019263849363,19,CIUDAD BOLÍVAR,65,ARBORIZADORA,2018-11-02,00:00:00,MASCULINO,2018,1
-74.09729999999996,4.715759999845222,10,ENGATIVÁ,29,MINUTO DE DIOS,2022-06-12,00:00:00,MASCULINO,2022,1
-74.15630992599995,4.565352696850113,19,CIUDAD BOLÍVAR,66,SAN FRANCISCO,2021-10-16,00:00:00,MASCULINO,2021,1
-74.08825508499996,4.742325535844378,11,SUBA,27,SUBA,2020-08-26,00:00:00,MASCULINO,2020,1
-74.07831430099998,4.6013285458489515,03,SANTA FE,93,LAS NIEVES,2021-11-10,00:00:00,MASCULINO,2021,1
-74.20359078399997,4.6330533558479345,07,BOSA,87,TINTAL SUR,2019-07-20,00:00:00,MASCULINO,2019,1
-74.07052943099995,4.582906139849538,03,SANTA FE,96,LOURDES,2018-02-07,00:00:00,MASCULINO,2018,1
-74.16641018099995,4.586756160849421,19,CIUDAD BOLÍVAR,69,ISMAEL PERDOMO,2021-10-31,00:00:00,MASCULINO,2021,1
-74.09400285399994,4.5527057348505595,04,SAN CRISTÓBAL,50,LA GLORIA,2019-07-19,00:00:00,MASCULINO,2019,1
-74.08410333099994,4.724672384844962,11,SUBA,28,EL RINCON,2019-05-02,00:00:00,FEMENINO,2019,1
-74.12532346599994,4.574702343849832,18,RAFAEL URIBE URIBE,996,SIN UPZ RAFAEL URIBE URIBE,2019-08-09,00:00:00,MASCULINO,2019,1
-74.10277996899998,4.497956942852342,05,USME,59,ALFONSO LOPEZ,2021-03-09,00:00:00,MASCULINO,2021,1
-74.12144238899998,4.752012934844038,11,SUBA,71,TIBABUYES,2019-12-25,00:00:00,MASCULINO,2019,1
-74.08603126199995,4.605239725848805,14,LOS MÁRTIRES,102,LA SABANA,2018-06-20,00:00:00,MASCULINO,2018,1
-74.17761069099998,4.641469406847641,08,KENNEDY,82,PATIO BONITO,2018-02-09,00:00:00,FEMENINO,2018,1
-74.12607011099993,4.698546686845768,10,ENGATIVÁ,74,ENGATIVA,2019-04-01,00:00:00,FEMENINO,2019,1
-74.06512504199998,4.612288676848581,03,SANTA FE,92,LA MACARENA,2021-03-30,00:00:00,MASCULINO,2021,1
-74.06964209499995,4.601767735848944,03,SANTA FE,93,LAS NIEVES,2020-02-20,00:00:00,MASCULINO,2020,1
-74.09954249999998,4.489030114852609,05,USME,59,ALFONSO LOPEZ,2019-03-20,00:00:00,MASCULINO,2019,1
-74.16426441399994,4.626859185848123,08,KENNEDY,80,CORABASTOS,2018-07-17,00:00:00,MASCULINO,2018,1
-74.16425081499995,4.561345896850228,19,CIUDAD BOLÍVAR,70,JERUSALEM,2019-07-25,00:00:00,FEMENINO,2019,1
-74.14488545099994,4.559234278850337,19,CIUDAD BOLÍVAR,66,SAN FRANCISCO,2020-12-24,00:00:00,MASCULINO,2020,1
-74.07859050799993,4.615476423848505,14,LOS MÁRTIRES,102,LA SABANA,2021-02-06,00:00:00,MASCULINO,2021,1
-74.11111960099998,4.575664490849797,18,RAFAEL URIBE URIBE,36,SAN JOSE,2019-12-25,00:00:00,MASCULINO,2019,1
-74.08731837999994,4.551651707850585,04,SAN CRISTÓBAL,32,SAN BLAS,2018-03-17,00:00:00,MASCULINO,2018,1
-74.12215637299994,4.572130061849895,18,RAFAEL URIBE URIBE,53,MARCO FIDEL SUAREZ,2018-05-27,00:00:00,FEMENINO,2018,1
-74.09559994999995,4.549185361850661,04,SAN CRISTÓBAL,50,LA GLORIA,2020-05-27,00:00:00,FEMENINO,2020,1
-74.02118407099994,4.736896996844522,01,USAQUÉN,11,SAN CRISTOBAL NORTE,2020-06-29,00:00:00,MASCULINO,2020,1
-74.15114830699997,4.653485652847281,08,KENNEDY,78,TINTAL NORTE,2018-07-08,00:00:00,MASCULINO,2018,1
-74.07555439499998,4.636951066847784,13,TEUSAQUILLO,100,GALERIAS,2020-05-18,00:00:00,MASCULINO,2020,1
-74.12517882099996,4.569200488849973,18,RAFAEL URIBE URIBE,53,MARCO FIDEL SUAREZ,2019-07-06,00:00:00,MASCULINO,2019,1
-74.17933623799996,4.60753761684875,07,BOSA,85,BOSA CENTRAL,2019-11-02,00:00:00,MASCULINO,2019,1
-74.13731887099993,4.535694023851101,19,CIUDAD BOLÍVAR,68,EL TESORO,2018-10-26,00:00:00,MASCULINO,2018,1
-74.14668941499997,4.556826067850368,19,CIUDAD BOLÍVAR,67,LUCERO,2019-11-26,00:00:00,MASCULINO,2019,1
-74.16194698499999,4.640140980847702,08,KENNEDY,82,PATIO BONITO,2021-12-12,00:00:00,MASCULINO,2021,1
-74.16432149399998,4.547287688850687,19,CIUDAD BOLÍVAR,UPR3,UPR RIO TUNJUELO,2021-06-06,00:00:00,MASCULINO,2021,1
-74.19510729999996,4.614252932848528,07,BOSA,85,BOSA CENTRAL,2021-06-18,00:00:00,MASCULINO,2021,1
-74.08678841899996,4.520214386851603,05,USME,994,SIN UPZ USME,2021-05-10,00:00:00,MASCULINO,2021,1
-74.12410076099997,4.594925832849166,16,PUENTE ARANDA,41,MUZU,2018-08-10,00:00:00,MASCULINO,2018,1
-74.12402815299998,4.567115011850057,18,RAFAEL URIBE URIBE,54,MARRUECOS,2018-11-11,00:00:00,MASCULINO,2018,1
-74.04064254899998,4.746955003844196,01,USAQUÉN,12,TOBERIN,2020-04-05,00:00:00,MASCULINO,2020,1
-74.06567778099998,4.637051355847768,02,CHAPINERO,99,CHAPINERO,2018-04-29,00:00:00,MASCULINO,2018,1
-74.03197035699998,4.744470572844301,01,USAQUÉN,12,TOBERIN,2018-09-08,00:00:00,MASCULINO,2018,1
-74.12326375099997,4.741914388844379,11,SUBA,71,TIBABUYES,2021-09-06,00:00:00,MASCULINO,2021,1
-74.08527840299996,4.603550169848893,14,LOS MÁRTIRES,102,LA SABANA,2018-04-11,00:00:00,MASCULINO,2018,1
-74.16087604099994,4.644361896847564,08,KENNEDY,82,PATIO BONITO,2018-04-22,00:00:00,MASCULINO,2018,1
-74.14785283499998,4.533169193851159,19,CIUDAD BOLÍVAR,68,EL TESORO,2018-09-09,00:00:00,MASCULINO,2018,1
-74.14785283499998,4.533169193851159,19,CIUDAD BOLÍVAR,68,EL TESORO,2018-09-09,00:00:00,MASCULINO,2018,1
-74.16519999999997,4.639779999847683,08,KENNEDY,82,PATIO BONITO,2022-02-02,00:00:00,MASCULINO,2022,1
-74.15167618899994,4.541998427850893,19,CIUDAD BOLÍVAR,67,LUCERO,2018-01-18,00:00:00,MASCULINO,2018,1
-74.09338282199997,4.790176238842823,11,SUBA,UPR1,UPR ZONA NORTE,2018-07-11,00:00:00,MASCULINO,2018,1
-74.18586012699996,4.604153718848879,07,BOSA,85,BOSA CENTRAL,2019-03-22,00:00:00,MASCULINO,2019,1
-74.15051612799994,4.570240193849979,19,CIUDAD BOLÍVAR,66,SAN FRANCISCO,2019-07-06,00:00:00,MASCULINO,2019,1
-74.11768668299999,4.601672658848924,16,PUENTE ARANDA,40,CIUDAD MONTES,2019-07-15,00:00:00,MASCULINO,2019,1
-74.17858732599996,4.646368020847497,08,KENNEDY,82,PATIO BONITO,2020-11-26,00:00:00,MASCULINO,2020,1
-74.10812844999998,4.534564966851129,05,USME,56,DANUBIO,2020-07-02,00:00:00,MASCULINO,2020,1
-74.10879222999995,4.547570749850686,18,RAFAEL URIBE URIBE,55,DIANA TURBAY,2020-06-16,00:00:00,MASCULINO,2020,1
-74.07551627999999,4.582098355849603,03,SANTA FE,96,LOURDES,2020-05-15,00:00:00,MASCULINO,2020,1
-74.10830359499994,4.7412324838443745,11,SUBA,71,TIBABUYES,2020-09-09,00:00:00,FEMENINO,2020,1
-74.08546064099994,4.54098850885091,04,SAN CRISTÓBAL,50,LA GLORIA,2021-02-04,00:00:00,MASCULINO,2021,1
-74.14180629599997,4.620948958848297,08,KENNEDY,44,AMERICAS,2019-11-12,00:00:00,MASCULINO,2019,1
-74.19438994099994,4.637090269847779,07,BOSA,86,EL PORVENIR,2019-09-07,00:00:00,MASCULINO,2019,1
-74.07384472699994,4.608263177848743,03,SANTA FE,93,LAS NIEVES,2019-11-10,00:00:00,MASCULINO,2019,1
-74.13941933099994,4.607290211848776,08,KENNEDY,45,CARVAJAL,2019-09-16,00:00:00,MASCULINO,2019,1
-74.08065660899996,4.608124940848708,14,LOS MÁRTIRES,102,LA SABANA,2019-05-25,00:00:00,MASCULINO,2019,1
-74.18679999999995,4.599899999848996,07,BOSA,85,BOSA CENTRAL,2022-07-12,00:00:00,MASCULINO,2022,1
-74.14804929399997,4.573016474849856,19,CIUDAD BOLÍVAR,65,ARBORIZADORA,2020-09-13,00:00:00,MASCULINO,2020,1
-74.07852961699996,4.608630239848692,14,LOS MÁRTIRES,102,LA SABANA,2019-02-16,00:00:00,FEMENINO,2019,1
-74.10820103099996,4.54355854285086,18,RAFAEL URIBE URIBE,55,DIANA TURBAY,2021-04-16,00:00:00,MASCULINO,2021,1
-74.14177065099994,4.55475223385045,19,CIUDAD BOLÍVAR,67,LUCERO,2021-05-10,00:00:00,MASCULINO,2021,1
-74.13799685599997,4.56420868385016,06,TUNJUELITO,62,TUNJUELITO,2018-09-07,00:00:00,MASCULINO,2018,1
-74.15481909799996,4.590707548849306,19,CIUDAD BOLÍVAR,65,ARBORIZADORA,2021-07-01,00:00:00,MASCULINO,2021,1
-74.15963810999995,4.641301961847659,08,KENNEDY,82,PATIO BONITO,2019-05-06,00:00:00,FEMENINO,2019,1
-74.16868201199998,4.692281095845994,09,FONTIBÓN,77,ZONA FRANCA,2021-05-23,00:00:00,MASCULINO,2021,1
-74.16462350599994,4.585319653849469,19,CIUDAD BOLÍVAR,69,ISMAEL PERDOMO,2021-09-04,00:00:00,MASCULINO,2021,1
-74.09107460699994,4.5345896848511416,04,SAN CRISTÓBAL,51,LOS LIBERTADORES,2020-01-11,00:00:00,MASCULINO,2020,1
-74.14191568699994,4.564773952850137,19,CIUDAD BOLÍVAR,66,SAN FRANCISCO,2019-09-02,00:00:00,MASCULINO,2019,1
-74.07770542799994,4.610953074848642,14,LOS MÁRTIRES,102,LA SABANA,2019-04-22,00:00:00,MASCULINO,2019,1
-74.17746400299995,4.589399999849357,19,CIUDAD BOLÍVAR,69,ISMAEL PERDOMO,2019-04-28,00:00:00,MASCULINO,2019,1
-74.16163533099996,4.548623191850655,19,CIUDAD BOLÍVAR,UPR3,UPR RIO TUNJUELO,2019-10-06,00:00:00,MASCULINO,2019,1
-74.16045567699996,4.590060746849326,19,CIUDAD BOLÍVAR,65,ARBORIZADORA,2019-06-30,00:00:00,MASCULINO,2019,1
-74.09018289999995,4.608952558848702,14,LOS MÁRTIRES,102,LA SABANA,2020-01-12,00:00:00,MASCULINO,2020,1
-74.12221675399996,4.523966894851479,05,USME,57,GRAN YOMASA,2019-12-15,00:00:00,MASCULINO,2019,1
-74.14120449899997,4.59151030484927,06,TUNJUELITO,42,VENECIA,2021-05-11,00:00:00,FEMENINO,2021,1
-74.19859561999994,4.625614235848164,07,BOSA,84,BOSA OCCIDENTAL,2018-12-25,00:00:00,MASCULINO,2018,1
-74.08012504199996,4.582472388849545,04,SAN CRISTÓBAL,33,SOSIEGO,2020-05-10,00:00:00,MASCULINO,2020,1
-74.17350881499993,4.6350719918478696,08,KENNEDY,82,PATIO BONITO,2020-12-26,00:00:00,MASCULINO,2020,1
-74.13278906399995,4.579603819849654,06,TUNJUELITO,42,VENECIA,2020-11-26,00:00:00,FEMENINO,2020,1
-74.09565804799996,4.751005665844059,11,SUBA,27,SUBA,2019-12-21,00:00:00,MASCULINO,2019,1
-74.15743681599997,4.575661785849807,19,CIUDAD BOLÍVAR,70,JERUSALEM,2020-04-30,00:00:00,MASCULINO,2020,1
-74.15856256099994,4.6188973338483885,08,KENNEDY,47,KENNEDY CENTRAL,2021-06-15,00:00:00,MASCULINO,2021,1
-74.16689010899995,4.561880638850223,19,CIUDAD BOLÍVAR,70,JERUSALEM,2021-03-10,00:00:00,FEMENINO,2021,1
-74.16410285299997,4.627700145848094,08,KENNEDY,80,CORABASTOS,2018-03-04,00:00:00,MASCULINO,2018,1
-74.19005226199994,4.6032026368488825,07,BOSA,85,BOSA CENTRAL,2018-05-20,00:00:00,MASCULINO,2018,1
-74.15289999999999,4.523159999851523,19,CIUDAD BOLÍVAR,UPR3,UPR RIO TUNJUELO,2022-10-24,00:00:00,MASCULINO,2022,1
-74.06889999999999,4.6090099998487215,03,SANTA FE,93,LAS NIEVES,2022-12-13,00:00:00,MASCULINO,2022,1
-74.16068869399999,4.545045350850789,19,CIUDAD BOLÍVAR,67,LUCERO,2021-09-26,00:00:00,MASCULINO,2021,1
-74.08427693499993,4.622121263848266,14,LOS MÁRTIRES,102,LA SABANA,2020-12-04,00:00:00,MASCULINO,2020,1
-74.08399999999995,4.509479999851949,05,USME,994,SIN UPZ USME,2022-09-17,00:00:00,MASCULINO,2022,1
-74.15599999999995,4.542769999850879,19,CIUDAD BOLÍVAR,67,LUCERO,2022-10-27,00:00:00,MASCULINO,2022,1
-74.16383525999998,4.636376798847821,08,KENNEDY,82,PATIO BONITO,2021-10-03,00:00:00,MASCULINO,2021,1
-74.03663417999996,4.742792710844351,01,USAQUÉN,12,TOBERIN,2021-10-04,00:00:00,MASCULINO,2021,1
-74.07589999999993,4.609749999848702,14,LOS MÁRTIRES,102,LA SABANA,2023-07-26,00:00:00,MASCULINO,2023,1
-74.15299999999996,4.547149999850712,19,CIUDAD BOLÍVAR,67,LUCERO,2022-01-08,00:00:00,FEMENINO,2022,1
-74.14949999999999,4.621909999848302,08,KENNEDY,47,KENNEDY CENTRAL,2022-07-16,00:00:00,MASCULINO,2022,1
-74.04109999999997,4.775299999843316,01,USAQUÉN,1,PASEO DE LOS LIBERTADORES,2022-03-19,00:00:00,MASCULINO,2022,1
-74.13830754199995,4.548336208850699,19,CIUDAD BOLÍVAR,67,LUCERO,2020-03-06,00:00:00,MASCULINO,2020,1
-74.17413494299996,4.641167572847679,08,KENNEDY,82,PATIO BONITO,2021-08-31,00:00:00,FEMENINO,2021,1
-74.02601074599994,4.767219735843582,01,USAQUÉN,9,VERBENAL,2020-10-01,00:00:00,MASCULINO,2020,1
-74.09188049299996,4.591074895849304,15,ANTONIO NARIÑO,38,RESTREPO,2020-06-20,00:00:00,MASCULINO,2020,1
-74.16489999999999,4.573009999849891,19,CIUDAD BOLÍVAR,70,JERUSALEM,2022-01-21,00:00:00,MASCULINO,2022,1
-74.12319160099997,4.561801223850213,18,RAFAEL URIBE URIBE,54,MARRUECOS,2021-11-02,00:00:00,MASCULINO,2021,1
-74.07119251499995,4.801479439842424,11,SUBA,995,SIN UPZ SUBA,2021-06-12,00:00:00,FEMENINO,2021,1
-74.09779999999995,4.506599999852034,05,USME,61,CIUDAD USME,2022-03-22,00:00:00,MASCULINO,2022,1
-74.08649999999994,4.722889999845013,11,SUBA,28,EL RINCON,2022-07-25,00:00:00,MASCULINO,2022,1
-74.18049999999994,4.632419999847913,07,BOSA,84,BOSA OCCIDENTAL,2022-03-18,00:00:00,MASCULINO,2022,1
-74.06189999999998,4.635459999847818,02,CHAPINERO,90,PARDO RUBIO,2022-10-26,00:00:00,MASCULINO,2022,1
-74.09809999999999,4.486539999852687,05,USME,59,ALFONSO LOPEZ,2022-12-08,00:00:00,MASCULINO,2022,1
-74.16499999999996,4.610789999848657,08,KENNEDY,48,TIMIZA,2022-05-18,00:00:00,FEMENINO,2022,1
-74.20479999999998,4.618509999848413,07,BOSA,87,TINTAL SUR,2022-11-12,00:00:00,MASCULINO,2022,1
-74.16709999999995,4.627839999848087,08,KENNEDY,80,CORABASTOS,2023-04-23,00:00:00,MASCULINO,2023,1
-74.13225683999997,4.595269735849128,16,PUENTE ARANDA,41,MUZU,2021-07-28,00:00:00,MASCULINO,2021,1
-74.18122237299997,4.594273666849167,19,CIUDAD BOLÍVAR,69,ISMAEL PERDOMO,2019-05-23,00:00:00,MASCULINO,2019,1
-74.17189999999994,4.573429999849846,19,CIUDAD BOLÍVAR,69,ISMAEL PERDOMO,2022-07-01,00:00:00,MASCULINO,2022,1
-74.14838876199997,4.551365727850593,19,CIUDAD BOLÍVAR,67,LUCERO,2018-12-04,00:00:00,MASCULINO,2018,1
-74.16348320599997,4.632884006847906,08,KENNEDY,80,CORABASTOS,2020-02-22,00:00:00,MASCULINO,2020,1
-74.07536607699996,4.582707944849543,03,SANTA FE,96,LOURDES,2020-09-19,00:00:00,MASCULINO,2020,1
-74.10279299199993,4.542633366850878,18,RAFAEL URIBE URIBE,55,DIANA TURBAY,2018-03-31,00:00:00,MASCULINO,2018,1
-74.07439999999997,4.610289999848627,03,SANTA FE,93,LAS NIEVES,2023-01-10,00:00:00,MASCULINO,2023,1
-74.12204908499996,4.572878689849862,18,RAFAEL URIBE URIBE,53,MARCO FIDEL SUAREZ,2018-02-18,00:00:00,MASCULINO,2018,1
-74.13779999999997,4.561799999850247,19,CIUDAD BOLÍVAR,67,LUCERO,2023-03-22,00:00:00,MASCULINO,2023,1
-74.13049999999998,4.7074499998455,10,ENGATIVÁ,74,ENGATIVA,2023-05-11,00:00:00,MASCULINO,2023,1
-74.19879999999995,4.612509999848575,07,BOSA,85,BOSA CENTRAL,2022-12-10,00:00:00,FEMENINO,2022,1
-74.02369999999996,4.760659999843743,01,USAQUÉN,9,VERBENAL,2022-12-03,00:00:00,MASCULINO,2022,1
-74.09936730999993,4.510298829851932,05,USME,57,GRAN YOMASA,2021-07-26,00:00:00,MASCULINO,2021,1
-74.15088495199996,4.7041529468456265,09,FONTIBÓN,117,AEROPUERTO EL DORADO,2021-04-04,00:00:00,MASCULINO,2021,1
-74.15134974599994,4.551332559850574,19,CIUDAD BOLÍVAR,67,LUCERO,2019-08-27,00:00:00,MASCULINO,2019,1
-74.05375499999997,4.727771153844826,11,SUBA,19,EL PRADO,2020-05-23,00:00:00,FEMENINO,2020,1
-74.11618370799994,4.548496283850684,18,RAFAEL URIBE URIBE,54,MARRUECOS,2020-12-30,00:00:00,MASCULINO,2020,1
-74.15137120399999,4.551140049850611,19,CIUDAD BOLÍVAR,67,LUCERO,2019-09-10,00:00:00,MASCULINO,2019,1
-74.06975409699999,4.597375696849104,17,CANDELARIA,94,LA CANDELARIA,2019-07-16,00:00:00,MASCULINO,2019,1
-74.01743970799998,4.7359240068445745,01,USAQUÉN,11,SAN CRISTOBAL NORTE,2019-05-25,00:00:00,MASCULINO,2019,1
-74.20885745799995,4.627548887848078,07,BOSA,87,TINTAL SUR,2020-03-13,00:00:00,MASCULINO,2020,1
-74.14665133099999,4.567924499850054,19,CIUDAD BOLÍVAR,66,SAN FRANCISCO,2019-05-01,00:00:00,MASCULINO,2019,1
-74.07075288399994,4.5998332738490015,17,CANDELARIA,94,LA CANDELARIA,2021-06-25,00:00:00,MASCULINO,2021,1
-74.14943827999997,4.671568646846691,09,FONTIBÓN,75,FONTIBON,2018-10-01,00:00:00,MASCULINO,2018,1
-74.11366480599997,4.513602545851829,05,USME,57,GRAN YOMASA,2019-05-11,00:00:00,FEMENINO,2019,1
-74.11494868199998,4.634451356847872,16,PUENTE ARANDA,111,PUENTE ARANDA,2019-06-15,00:00:00,MASCULINO,2019,1
-74.20458763799996,4.606590396848778,07,BOSA,85,BOSA CENTRAL,2020-09-06,00:00:00,MASCULINO,2020,1
-74.15937609799994,4.640112719847688,08,KENNEDY,82,PATIO BONITO,2020-12-29,00:00:00,MASCULINO,2020,1
-74.05592843499994,4.752478765844008,11,SUBA,18,BRITALIA,2021-01-06,00:00:00,MASCULINO,2021,1
-74.10780589699993,4.731061270844722,11,SUBA,71,TIBABUYES,2019-03-28,00:00:00,MASCULINO,2019,1
-74.10954097899997,4.494468149852428,05,USME,58,COMUNEROS,2019-02-01,00:00:00,MASCULINO,2019,1
-74.10980358799998,4.5143717718517955,05,USME,57,GRAN YOMASA,2020-06-21,00:00:00,MASCULINO,2020,1
-74.10468627799997,4.6139001768485555,16,PUENTE ARANDA,40,CIUDAD MONTES,2021-01-10,00:00:00,MASCULINO,2021,1
-74.12215701299993,4.741620158844377,11,SUBA,71,TIBABUYES,2018-09-30,00:00:00,FEMENINO,2018,1
-74.17337802699996,4.6121242338485695,08,KENNEDY,48,TIMIZA,2018-10-01,00:00:00,MASCULINO,2018,1
-74.16288239099998,4.633097882847929,08,KENNEDY,80,CORABASTOS,2018-06-05,00:00:00,MASCULINO,2018,1
-74.13468075299994,4.612390963848586,08,KENNEDY,45,CARVAJAL,2020-01-09,00:00:00,MASCULINO,2020,1
-74.13128397099996,4.59206076184928,06,TUNJUELITO,42,VENECIA,2019-01-17,00:00:00,MASCULINO,2019,1
-74.16545057799993,4.631000870847961,08,KENNEDY,80,CORABASTOS,2018-07-20,00:00:00,MASCULINO,2018,1
-74.11125194199997,4.572184994849896,18,RAFAEL URIBE URIBE,53,MARCO FIDEL SUAREZ,2020-04-29,00:00:00,MASCULINO,2020,1
-74.08510867699994,4.6830699918463115,10,ENGATIVÁ,26,LAS FERIAS,2020-10-02,00:00:00,MASCULINO,2020,1
-74.08943270999998,4.586983408849391,15,ANTONIO NARIÑO,35,CIUDAD JARDIN,2018-01-11,00:00:00,MASCULINO,2018,1
-74.03648057199996,4.688536700846095,01,USAQUÉN,14,USAQUEN,2021-04-18,00:00:00,MASCULINO,2021,1
-74.15640803599996,4.566062311850092,19,CIUDAD BOLÍVAR,70,JERUSALEM,2020-05-04,00:00:00,MASCULINO,2020,1
-74.11799069499995,4.62617160484812,16,PUENTE ARANDA,43,SAN RAFAEL,2020-08-21,00:00:00,MASCULINO,2020,1
-74.17274864599995,4.572118225849891,19,CIUDAD BOLÍVAR,69,ISMAEL PERDOMO,2018-11-28,00:00:00,MASCULINO,2018,1
-74.13401910299996,4.534190416851133,19,CIUDAD BOLÍVAR,63,EL MOCHUELO,2021-05-18,00:00:00,MASCULINO,2021,1
-74.06547491899994,4.635051697847847,02,CHAPINERO,99,CHAPINERO,2019-12-23,00:00:00,MASCULINO,2019,1
-74.10246307999995,4.541644065850906,18,RAFAEL URIBE URIBE,55,DIANA TURBAY,2019-01-05,00:00:00,MASCULINO,2019,1
-74.07642501899994,4.6437091128475805,13,TEUSAQUILLO,100,GALERIAS,2018-05-04,00:00:00,MASCULINO,2018,1
-74.12521461099993,4.569137847849974,18,RAFAEL URIBE URIBE,53,MARCO FIDEL SUAREZ,2021-07-16,00:00:00,MASCULINO,2021,1
-74.12484997099995,4.472908234853118,05,USME,61,CIUDAD USME,2021-11-17,00:00:00,FEMENINO,2021,1
-74.09065927499995,4.65126427184733,13,TEUSAQUILLO,106,LA ESMERALDA,2021-05-24,00:00:00,FEMENINO,2021,1
-74.08027216999994,4.5616779498502344,04,SAN CRISTÓBAL,32,SAN BLAS,2021-05-20,00:00:00,MASCULINO,2021,1
-74.11119999999994,4.57318999984989,18,RAFAEL URIBE URIBE,53,MARCO FIDEL SUAREZ,2023-06-07,00:00:00,MASCULINO,2023,1
-74.20229999999998,4.615089999848524,07,BOSA,85,BOSA CENTRAL,2023-02-28,00:00:00,MASCULINO,2023,1
-74.16859999999997,4.6801799998464,09,FONTIBÓN,77,ZONA FRANCA,2022-07-23,00:00:00,MASCULINO,2022,1
-74.17379075799994,4.64763902784747,08,KENNEDY,82,PATIO BONITO,2021-04-30,00:00:00,MASCULINO,2021,1
-74.16299999999995,4.632329999847923,08,KENNEDY,80,CORABASTOS,2023-03-22,00:00:00,MASCULINO,2023,1
-74.14222861999997,4.569905915849967,19,CIUDAD BOLÍVAR,65,ARBORIZADORA,2021-07-12,00:00:00,MASCULINO,2021,1
-74.09979999199999,4.489265424852592,05,USME,59,ALFONSO LOPEZ,2019-10-15,00:00:00,MASCULINO,2019,1
-74.13579999999996,4.59622999984912,16,PUENTE ARANDA,41,MUZU,2022-10-30,00:00:00,MASCULINO,2022,1
-74.11302349199997,4.586756160849421,18,RAFAEL URIBE URIBE,39,QUIROGA,2020-12-15,00:00:00,MASCULINO,2020,1
-74.16525893099998,4.629449175848027,08,KENNEDY,80,CORABASTOS,2020-10-10,00:00:00,MASCULINO,2020,1
-74.03622158499996,4.754554989843951,01,USAQUÉN,10,LA URIBE,2019-10-12,00:00:00,MASCULINO,2019,1
-74.14609999999993,4.5385299998509865,19,CIUDAD BOLÍVAR,68,EL TESORO,2023-06-25,00:00:00,MASCULINO,2023,1
-74.18605665299998,4.62584559184818,07,BOSA,84,BOSA OCCIDENTAL,2021-03-06,00:00:00,MASCULINO,2021,1
-74.06865209899996,4.635837657847853,13,TEUSAQUILLO,101,TEUSAQUILLO,2021-11-20,00:00:00,MASCULINO,2021,1
-74.06439999999998,4.653289999847237,12,BARRIOS UNIDOS,98,LOS ALCAZARES,2022-04-30,00:00:00,MASCULINO,2022,1
-74.16391772399999,4.633669999847907,08,KENNEDY,80,CORABASTOS,2018-04-13,00:00:00,MASCULINO,2018,1
-74.10742848799998,4.5049691848520865,05,USME,58,COMUNEROS,2021-01-11,00:00:00,MASCULINO,2021,1
-74.10691427299997,4.634382038847886,16,PUENTE ARANDA,111,PUENTE ARANDA,2020-03-21,00:00:00,MASCULINO,2020,1
-74.08359999999993,4.597999999849082,03,SANTA FE,93,LAS NIEVES,2022-08-09,00:00:00,MASCULINO,2022,1
-74.11849804199994,4.58552677684946,18,RAFAEL URIBE URIBE,39,QUIROGA,2020-06-05,00:00:00,MASCULINO,2020,1
-74.08927963799994,4.755014650843967,11,SUBA,27,SUBA,2020-01-01,00:00:00,MASCULINO,2020,1
-74.10363404199995,4.598073494849062,14,LOS MÁRTIRES,37,SANTA ISABEL,2020-03-12,00:00:00,MASCULINO,2020,1
-74.12696998499996,4.700047874845746,10,ENGATIVÁ,74,ENGATIVA,2019-05-11,00:00:00,FEMENINO,2019,1
-74.15199999999999,4.544299999850777,19,CIUDAD BOLÍVAR,67,LUCERO,2023-07-11,00:00:00,MASCULINO,2023,1
-74.13634563499994,4.710781186845407,10,ENGATIVÁ,74,ENGATIVA,2018-11-02,00:00:00,MASCULINO,2018,1
-74.13754117399998,4.707832393845469,10,ENGATIVÁ,74,ENGATIVA,2019-05-20,00:00:00,MASCULINO,2019,1
-74.09846862699999,4.575724643849786,18,RAFAEL URIBE URIBE,36,SAN JOSE,2021-02-10,00:00:00,MASCULINO,2021,1
-74.16751124799998,4.581194470849616,19,CIUDAD BOLÍVAR,69,ISMAEL PERDOMO,2021-09-14,00:00:00,MASCULINO,2021,1
-74.12112059999998,4.7128424258453405,10,ENGATIVÁ,73,GARCES NAVAS,2020-04-03,00:00:00,MASCULINO,2020,1
-74.10321829599997,4.727531576844833,11,SUBA,71,TIBABUYES,2019-09-03,00:00:00,MASCULINO,2019,1
-74.12179882499998,4.477604657853003,05,USME,61,CIUDAD USME,2018-05-17,00:00:00,MASCULINO,2018,1
-74.17192798799994,4.634294442847878,08,KENNEDY,82,PATIO BONITO,2020-11-20,00:00:00,MASCULINO,2020,1
-74.02506614799995,4.765675881843591,01,USAQUÉN,9,VERBENAL,2021-05-04,00:00:00,MASCULINO,2021,1
-74.09646425299997,4.5943079488491705,14,LOS MÁRTIRES,37,SANTA ISABEL,2021-09-03,00:00:00,MASCULINO,2021,1
-74.16589661699999,4.549713653850655,19,CIUDAD BOLÍVAR,67,LUCERO,2018-09-22,00:00:00,MASCULINO,2018,1
-74.19607872199998,4.6208163618483,07,BOSA,84,BOSA OCCIDENTAL,2021-06-29,00:00:00,MASCULINO,2021,1
-74.10205416699995,4.576525369849778,18,RAFAEL URIBE URIBE,36,SAN JOSE,2018-09-27,00:00:00,MASCULINO,2018,1
-74.20270502699998,4.622947541848222,07,BOSA,84,BOSA OCCIDENTAL,2018-04-02,00:00:00,FEMENINO,2018,1
-74.09195664899994,4.553776701850502,04,SAN CRISTÓBAL,50,LA GLORIA,2020-11-19,00:00:00,MASCULINO,2020,1
-74.07725481699998,4.610632250848623,14,LOS MÁRTIRES,102,LA SABANA,2020-01-15,00:00:00,MASCULINO,2020,1
-74.09352189699996,4.708458640845462,10,ENGATIVÁ,29,MINUTO DE DIOS,2020-09-19,00:00:00,MASCULINO,2020,1
-74.02684095799998,4.767570256843538,01,USAQUÉN,9,VERBENAL,2020-03-02,00:00:00,MASCULINO,2020,1
-74.07561279599997,4.562709081850182,04,SAN CRISTÓBAL,32,SAN BLAS,2020-12-19,00:00:00,MASCULINO,2020,1
-74.17175659399999,4.65184654284729,08,KENNEDY,79,CALANDAIMA,2021-07-17,00:00:00,MASCULINO,2021,1
-74.11863883099994,4.5685832318500035,18,RAFAEL URIBE URIBE,53,MARCO FIDEL SUAREZ,2018-08-15,00:00:00,MASCULINO,2018,1
-74.07692222299994,4.609498673848704,14,LOS MÁRTIRES,102,LA SABANA,2019-06-02,00:00:00,MASCULINO,2019,1
-74.13668328399996,4.650793245847323,08,KENNEDY,46,CASTILLA,2021-07-21,00:00:00,MASCULINO,2021,1
-74.19537229899998,4.619993766848333,07,BOSA,84,BOSA OCCIDENTAL,2021-06-01,00:00:00,MASCULINO,2021,1
-74.18878491699996,4.598111974849059,07,BOSA,85,BOSA CENTRAL,2021-12-22,00:00:00,MASCULINO,2021,1
-74.08246676199997,4.604120911848853,14,LOS MÁRTIRES,102,LA SABANA,2021-09-17,00:00:00,MASCULINO,2021,1
-74.13174832899995,4.700827899845702,10,ENGATIVÁ,74,ENGATIVA,2021-11-03,00:00:00,MASCULINO,2021,1
-74.13195091999995,4.718566947845136,10,ENGATIVÁ,73,GARCES NAVAS,2021-12-08,00:00:00,MASCULINO,2021,1
-74.15180303899996,4.5507443348506,19,CIUDAD BOLÍVAR,67,LUCERO,2018-12-02,00:00:00,MASCULINO,2018,1
-74.13949999999994,4.715339999845221,10,ENGATIVÁ,74,ENGATIVA,2022-04-24,00:00:00,MASCULINO,2022,1
-74.16859999999997,4.6251399998481695,08,KENNEDY,80,CORABASTOS,2022-12-18,00:00:00,MASCULINO,2022,1
-74.10309999999998,4.573729999849871,18,RAFAEL URIBE URIBE,36,SAN JOSE,2022-03-31,00:00:00,MASCULINO,2022,1
-74.11429999999996,4.539989999850947,05,USME,56,DANUBIO,2022-12-25,00:00:00,MASCULINO,2022,1
-74.02029999999996,4.666389999846819,02,CHAPINERO,89,SAN ISIDRO - PATIOS,2022-08-19,00:00:00,MASCULINO,2022,1
-74.16859999999997,4.6801799998464,09,FONTIBÓN,77,ZONA FRANCA,2022-07-23,00:00:00,MASCULINO,2022,1
-74.10379999999998,4.584549999849486,15,ANTONIO NARIÑO,38,RESTREPO,2022-04-14,00:00:00,MASCULINO,2022,1
-74.17939999999999,4.58376999984954,19,CIUDAD BOLÍVAR,69,ISMAEL PERDOMO,2022-11-27,00:00:00,FEMENINO,2022,1
-74.16229999999996,4.637639999847755,08,KENNEDY,82,PATIO BONITO,2022-04-02,00:00:00,MASCULINO,2022,1
-74.15615959699994,4.567819578850051,19,CIUDAD BOLÍVAR,70,JERUSALEM,2018-12-25,00:00:00,FEMENINO,2018,1
-74.03447743199996,4.765701899843625,01,USAQUÉN,9,VERBENAL,2021-03-28,00:00:00,MASCULINO,2021,1
-74.15072557899998,4.552381425850565,19,CIUDAD BOLÍVAR,67,LUCERO,2018-10-09,00:00:00,MASCULINO,2018,1
-74.07539999999995,4.612709999848583,14,LOS MÁRTIRES,102,LA SABANA,2022-01-13,00:00:00,MASCULINO,2022,1
-74.07351726999997,4.6118777078486275,03,SANTA FE,93,LAS NIEVES,2018-12-23,00:00:00,MASCULINO,2018,1
-74.16099999999994,4.6404599998477085,08,KENNEDY,82,PATIO BONITO,2022-02-25,00:00:00,FEMENINO,2022,1
-74.09892655599998,4.716925590845205,10,ENGATIVÁ,29,MINUTO DE DIOS,2021-04-26,00:00:00,MASCULINO,2021,1
-74.07907896199998,4.600633881848993,03,SANTA FE,93,LAS NIEVES,2021-12-04,00:00:00,MASCULINO,2021,1
-74.14269044299994,4.716403711845206,10,ENGATIVÁ,74,ENGATIVA,2021-12-17,00:00:00,MASCULINO,2021,1
-74.18871369499993,4.622259837848269,07,BOSA,84,BOSA OCCIDENTAL,2020-10-05,00:00:00,MASCULINO,2020,1
-74.11258119399997,4.5100836968519005,05,USME,57,GRAN YOMASA,2019-08-18,00:00:00,MASCULINO,2019,1
-74.11425304599999,4.566280576850084,18,RAFAEL URIBE URIBE,53,MARCO FIDEL SUAREZ,2019-08-10,00:00:00,MASCULINO,2019,1
-74.09395686599998,4.731020772844751,11,SUBA,28,EL RINCON,2019-10-22,00:00:00,MASCULINO,2019,1
-74.05151244199999,4.658545980847072,02,CHAPINERO,88,EL REFUGIO,2021-06-12,00:00:00,MASCULINO,2021,1
-74.09470138399996,4.562580661850238,04,SAN CRISTÓBAL,34,20 DE JULIO,2018-02-28,00:00:00,MASCULINO,2018,1
-74.14429586999995,4.556443025850435,19,CIUDAD BOLÍVAR,67,LUCERO,2021-09-28,00:00:00,MASCULINO,2021,1
-74.12439874099994,4.695641780845896,10,ENGATIVÁ,74,ENGATIVA,2019-01-01,00:00:00,MASCULINO,2019,1
-74.10772075399996,4.534072984851109,05,USME,56,DANUBIO,2020-03-22,00:00:00,MASCULINO,2020,1
-74.16623110799998,4.580919324849593,19,CIUDAD BOLÍVAR,69,ISMAEL PERDOMO,2018-01-01,00:00:00,MASCULINO,2018,1
-74.15458513999994,4.567929199850024,19,CIUDAD BOLÍVAR,70,JERUSALEM,2018-10-08,00:00:00,MASCULINO,2018,1
-74.05294580999998,4.7170721768451696,11,SUBA,19,EL PRADO,2020-11-24,00:00:00,MASCULINO,2020,1
-74.03869411599999,4.720894943845076,01,USAQUÉN,13,LOS CEDROS,2020-09-09,00:00:00,MASCULINO,2020,1
-74.15637783499994,4.5746242628498095,19,CIUDAD BOLÍVAR,70,JERUSALEM,2020-01-08,00:00:00,MASCULINO,2020,1
-74.15122099999996,4.551353949850552,19,CIUDAD BOLÍVAR,67,LUCERO,2019-08-02,00:00:00,MASCULINO,2019,1
-74.07698079199997,4.612126371848589,14,LOS MÁRTIRES,102,LA SABANA,2018-02-27,00:00:00,MASCULINO,2018,1
-74.12724992899996,4.602690751848915,16,PUENTE ARANDA,41,MUZU,2019-08-26,00:00:00,MASCULINO,2019,1
-74.13340565799996,4.718493773845114,10,ENGATIVÁ,74,ENGATIVA,2019-08-20,00:00:00,MASCULINO,2019,1
-74.06889009299994,4.60559794184879,03,SANTA FE,93,LAS NIEVES,2019-08-01,00:00:00,MASCULINO,2019,1
-74.04528849499997,4.700237341845726,01,USAQUÉN,16,SANTA BARBARA,2020-10-23,00:00:00,MASCULINO,2020,1
-74.15613386999996,4.536858088851017,19,CIUDAD BOLÍVAR,UPR3,UPR RIO TUNJUELO,2018-08-06,00:00:00,MASCULINO,2018,1
-74.20742802999996,4.619600219848361,07,BOSA,87,TINTAL SUR,2021-02-18,00:00:00,FEMENINO,2021,1
-74.09936730999993,4.510298829851932,05,USME,57,GRAN YOMASA,2021-07-26,00:00:00,MASCULINO,2021,1
-74.14974282599997,4.596377543849134,08,KENNEDY,45,CARVAJAL,2018-10-19,00:00:00,MASCULINO,2018,1
-74.16795513299996,4.564564940850172,19,CIUDAD BOLÍVAR,70,JERUSALEM,2019-02-16,00:00:00,MASCULINO,2019,1
-74.09505633299995,4.493881892852435,05,USME,61,CIUDAD USME,2021-01-03,00:00:00,MASCULINO,2021,1
-74.15109830799997,4.5314927078512035,19,CIUDAD BOLÍVAR,UPR3,UPR RIO TUNJUELO,2019-06-16,00:00:00,MASCULINO,2019,1
-74.12144238899998,4.752012934844038,11,SUBA,71,TIBABUYES,2019-12-25,00:00:00,MASCULINO,2019,1
