codigo_upz,AÑO,quarter,theft_to_people,homicide,sexual,theft_to_vehicle,theft_to_motorbike,genero_FEMENINO,genero_MASCULINO,TOTAL_POBLACION,Hombre,Mujer,crime_index,theft_to_people_index,homicide_index,sexual_index,theft_to_vehicle_index,theft_to_motorbike_index,male_index,female_index
1.0,2015,1,16,0,1,0,1,6,12,2693,1346,1347,66.83995544002971,59.41329372447085,0.0,3.713330857779428,0.0,3.713330857779428,89.15304606240713,44.54342984409799
1.0,2015,2,15,0,0,0,0,6,9,2693,1346,1347,55.69996286669142,55.69996286669142,0.0,0.0,0.0,0.0,66.86478454680534,44.54342984409799
1.0,2015,3,8,0,0,0,0,3,5,2693,1346,1347,29.706646862235424,29.706646862235424,0.0,0.0,0.0,0.0,37.14710252600297,22.271714922048996
1.0,2015,4,6,0,2,0,0,4,4,2693,1346,1347,29.706646862235424,22.279985146676566,0.0,7.426661715558856,0.0,0.0,29.717682020802375,29.695619896065327
1.0,2016,1,15,0,1,0,0,6,10,2646,1320,1326,60.46863189720333,56.68934240362812,0.0,3.779289493575208,0.0,0.0,75.75757575757576,45.248868778280546
1.0,2016,2,14,0,1,0,1,5,11,2646,1320,1326,60.46863189720333,52.910052910052904,0.0,3.779289493575208,0.0,3.779289493575208,83.33333333333333,37.70739064856712
1.0,2016,3,26,0,1,1,0,15,13,2646,1320,1326,105.82010582010581,98.26152683295541,0.0,3.779289493575208,3.779289493575208,0.0,98.48484848484847,113.12217194570135
1.0,2016,4,15,0,1,0,0,6,10,2646,1320,1326,60.46863189720333,56.68934240362812,0.0,3.779289493575208,0.0,0.0,75.75757575757576,45.248868778280546
1.0,2017,1,38,0,0,0,0,13,25,2600,1293,1307,146.15384615384616,146.15384615384616,0.0,0.0,0.0,0.0,193.34880123743233,99.46442234123947
1.0,2017,2,23,0,1,0,1,14,11,2600,1293,1307,96.15384615384616,88.46153846153845,0.0,3.8461538461538463,0.0,3.8461538461538463,85.07347254447022,107.11553175210406
1.0,2017,3,30,1,1,0,0,13,19,2600,1293,1307,123.07692307692308,115.38461538461539,3.8461538461538463,3.8461538461538463,0.0,0.0,146.94508894044858,99.46442234123947
1.0,2017,4,39,1,0,0,0,15,25,2600,1293,1307,153.84615384615387,150.0,3.8461538461538463,0.0,0.0,0.0,193.34880123743233,114.76664116296864
1.0,2018,1,196,0,0,1,2,68,131,2567,1279,1288,775.2239968835216,763.5372029606546,0.0,0.0,3.8955979742890534,7.791195948578107,1024.2376856919468,527.9503105590062
1.0,2018,2,59,0,0,1,1,24,37,2567,1279,1288,237.63147643163225,229.84028048305416,0.0,0.0,3.8955979742890534,3.8955979742890534,289.28850664581705,186.33540372670808
1.0,2018,3,49,0,0,0,0,23,26,2567,1279,1288,190.88430074016364,190.88430074016364,0.0,0.0,0.0,0.0,203.28381548084442,178.57142857142856
1.0,2018,4,56,0,0,1,1,25,33,2567,1279,1288,225.9446825087651,218.153486560187,0.0,0.0,3.8955979742890534,3.8955979742890534,258.0140734949179,194.09937888198758
1.0,2019,1,28,0,0,0,0,9,19,2602,1291,1311,107.60953112990008,107.60953112990008,0.0,0.0,0.0,0.0,147.1727343144849,68.64988558352402
2.0,2015,1,12,0,0,0,1,4,9,2791,1390,1401,46.57828735220351,42.99534217126478,0.0,0.0,0.0,3.582945180938731,64.74820143884892,28.551034975017846
2.0,2015,2,5,0,0,1,0,3,3,2791,1390,1401,21.49767108563239,17.914725904693658,0.0,0.0,3.582945180938731,0.0,21.58273381294964,21.413276231263385
2.0,2015,3,6,0,0,1,0,5,2,2791,1390,1401,25.080616266571123,21.49767108563239,0.0,0.0,3.582945180938731,0.0,14.388489208633095,35.6887937187723
2.0,2015,4,5,0,1,0,0,1,5,2791,1390,1401,21.49767108563239,17.914725904693658,0.0,3.582945180938731,0.0,0.0,35.97122302158274,7.137758743754461
2.0,2016,1,16,0,0,0,0,6,10,3173,1568,1605,50.42546485975417,50.42546485975417,0.0,0.0,0.0,0.0,63.775510204081634,37.38317757009346
2.0,2016,2,10,0,2,0,0,5,7,3173,1568,1605,37.81909864481563,31.51591553734636,0.0,6.3031831074692715,0.0,0.0,44.64285714285714,31.15264797507788
2.0,2016,3,8,0,1,0,0,3,6,3173,1568,1605,28.364323983611726,25.212732429877086,0.0,3.1515915537346357,0.0,0.0,38.265306122448976,18.69158878504673
2.0,2016,4,11,1,0,0,0,2,10,3173,1568,1605,37.81909864481563,34.667507091081,3.1515915537346357,0.0,0.0,0.0,63.775510204081634,12.461059190031154
2.0,2017,1,13,0,0,0,0,4,9,3598,1764,1834,36.13118399110617,36.13118399110617,0.0,0.0,0.0,0.0,51.0204081632653,21.810250817884405
2.0,2017,2,17,1,0,0,0,8,10,3598,1764,1834,50.02779321845469,47.24847137298499,2.7793218454697053,0.0,0.0,0.0,56.68934240362812,43.62050163576881
2.0,2017,3,22,0,0,1,0,10,13,3598,1764,1834,63.924402445803224,61.14508060033352,0.0,0.0,2.7793218454697053,0.0,73.69614512471655,54.525627044711015
2.0,2017,4,29,0,3,1,0,19,14,3598,1764,1834,91.71762090050028,80.60033351862147,0.0,8.337965536409115,2.7793218454697053,0.0,79.36507936507937,103.59869138495092
2.0,2018,1,58,0,0,0,0,27,31,4077,1982,2095,142.26146676477802,142.26146676477802,0.0,0.0,0.0,0.0,156.4076690211907,128.8782816229117
2.0,2018,2,40,0,3,1,0,18,26,4077,1982,2095,107.92249202845228,98.11135638950209,0.0,7.358351729212656,2.452783909737552,0.0,131.18062563067608,85.91885441527447
2.0,2018,3,36,0,1,2,2,16,25,4077,1982,2095,100.56414029923964,88.30022075055187,0.0,2.452783909737552,4.905567819475104,4.905567819475104,126.13521695257316,76.37231503579953
2.0,2018,4,36,0,2,0,0,17,21,4077,1982,2095,93.20578857002697,88.30022075055187,0.0,4.905567819475104,0.0,0.0,105.95358224016145,81.14558472553698
2.0,2019,1,20,0,2,0,1,9,14,4483,2177,2306,51.30492973455275,44.61298237787196,0.0,4.461298237787196,0.0,2.230649118893598,64.30868167202573,39.028620988725066
3.0,2015,1,1,0,0,1,1,0,3,1886,911,975,15.906680805938494,5.302226935312832,0.0,0.0,5.302226935312832,5.302226935312832,32.93084522502744,0.0
3.0,2015,2,0,0,1,0,0,1,0,1886,911,975,5.302226935312832,0.0,0.0,5.302226935312832,0.0,0.0,0.0,10.256410256410257
3.0,2015,3,1,0,0,0,0,0,1,1886,911,975,5.302226935312832,5.302226935312832,0.0,0.0,0.0,0.0,10.976948408342482,0.0
3.0,2015,4,6,0,0,0,0,4,2,1886,911,975,31.81336161187699,31.81336161187699,0.0,0.0,0.0,0.0,21.953896816684964,41.02564102564103
3.0,2016,1,4,0,0,0,0,2,2,1941,937,1004,20.607934054611025,20.607934054611025,0.0,0.0,0.0,0.0,21.344717182497334,19.9203187250996
3.0,2016,2,3,0,0,0,0,1,2,1941,937,1004,15.455950540958268,15.455950540958268,0.0,0.0,0.0,0.0,21.344717182497334,9.9601593625498
3.0,2016,3,5,0,0,0,0,1,4,1941,937,1004,25.75991756826378,25.75991756826378,0.0,0.0,0.0,0.0,42.68943436499467,9.9601593625498
3.0,2016,4,6,0,0,0,0,3,3,1941,937,1004,30.911901081916536,30.911901081916536,0.0,0.0,0.0,0.0,32.017075773746,29.8804780876494
3.0,2017,1,8,0,0,0,0,3,5,1996,964,1032,40.080160320641276,40.080160320641276,0.0,0.0,0.0,0.0,51.86721991701245,29.069767441860463
3.0,2017,2,5,0,0,0,0,3,2,1996,964,1032,25.050100200400802,25.050100200400802,0.0,0.0,0.0,0.0,20.74688796680498,29.069767441860463
3.0,2017,3,7,0,0,0,1,1,7,1996,964,1032,40.080160320641276,35.07014028056112,0.0,0.0,0.0,5.0100200400801596,72.61410788381743,9.689922480620154
3.0,2017,4,9,0,0,0,0,5,4,1996,964,1032,45.09018036072145,45.09018036072145,0.0,0.0,0.0,0.0,41.49377593360996,48.44961240310077
3.0,2018,1,14,0,0,0,0,8,6,2048,988,1060,68.359375,68.359375,0.0,0.0,0.0,0.0,60.72874493927126,75.47169811320755
3.0,2018,2,24,0,0,1,0,10,15,2048,988,1060,122.0703125,117.1875,0.0,0.0,4.8828125,0.0,151.82186234817814,94.33962264150944
3.0,2018,3,15,0,0,0,0,5,10,2048,988,1060,73.2421875,73.2421875,0.0,0.0,0.0,0.0,101.21457489878543,47.16981132075472
3.0,2018,4,13,0,0,1,0,5,9,2048,988,1060,68.359375,63.4765625,0.0,0.0,4.8828125,0.0,91.09311740890688,47.16981132075472
3.0,2019,1,8,0,0,0,0,3,5,2323,1124,1199,34.438226431338784,34.438226431338784,0.0,0.0,0.0,0.0,44.48398576512456,25.0208507089241
9.0,2015,1,67,4,9,4,2,32,54,114369,54372,59997,7.519520149690912,5.8582308142940835,0.3497451232414378,0.7869265272932351,0.3497451232414378,0.1748725616207189,9.931582432134187,5.333600013334
9.0,2015,2,56,4,4,7,3,19,55,114369,54372,59997,6.470284779966599,4.89643172538013,0.3497451232414378,0.3497451232414378,0.6120539656725162,0.2623088424310783,10.115500625321857,3.166825007917063
9.0,2015,3,31,0,4,6,1,18,24,114369,54372,59997,3.672323794035097,2.7105247051211427,0.0,0.3497451232414378,0.5246176848621567,0.08743628081035945,4.4140366365040835,3.000150007500375
9.0,2015,4,52,2,18,3,0,35,40,114369,54372,59997,6.5577210607769585,4.546686602138691,0.1748725616207189,1.5738530545864702,0.2623088424310783,0.0,7.356727727506805,5.833625014584063
9.0,2016,1,52,3,34,4,3,55,41,115721,54943,60778,8.295814934195176,4.493566422689054,0.25924421669359926,2.938101122527458,0.3456589555914657,0.25924421669359926,7.462279089237938,9.049327059133239
9.0,2016,2,47,3,33,7,5,52,43,115721,54943,60778,8.20940019529731,4.061492728199722,0.25924421669359926,2.851686383629592,0.604903172285065,0.43207369448933214,7.8262927033471055,8.555727401362335
9.0,2016,3,51,5,38,6,2,52,50,115721,54943,60778,8.814303367582376,4.407151683791188,0.43207369448933214,3.283760078118924,0.5184884333871985,0.17282947779573285,9.100340352729193,8.555727401362335
9.0,2016,4,68,2,85,2,1,108,50,115721,54943,60778,13.653528745862895,5.876202245054916,0.17282947779573285,7.345252806318646,0.17282947779573285,0.08641473889786642,9.100340352729193,17.769587679752544
9.0,2017,1,98,2,21,2,5,58,70,117135,55560,61575,10.927562214538781,8.366414820506254,0.17074315960216846,1.7928031758227685,0.17074315960216846,0.42685789900542115,12.598992080633549,9.419407226958993
9.0,2017,2,102,1,31,3,7,78,66,117135,55560,61575,12.293507491356129,8.70790113971059,0.08537157980108423,2.6465189738336106,0.25611473940325263,0.5976010586075895,11.879049676025918,12.66747868453106
9.0,2017,3,139,2,56,5,3,113,92,117135,55560,61575,17.501173859222266,11.866649592350708,0.17074315960216846,4.780808468860716,0.42685789900542115,0.25611473940325263,16.55867530597552,18.351603735282175
9.0,2017,4,158,2,28,7,3,88,109,117135,55560,61575,16.903572800614675,13.488709608571307,0.17074315960216846,2.390404234430358,0.5976010586075895,0.25611473940325263,19.618430525557958,14.291514413317092
9.0,2018,1,167,3,13,12,4,79,119,119080,56578,62502,16.71145448438025,14.024185421565333,0.2519314746388982,1.091703056768559,1.0077258985555928,0.3359086328518643,21.032910318498356,12.639595532942945
9.0,2018,2,122,1,21,16,7,73,94,119080,56578,62502,14.024185421565333,10.245213301981861,0.08397715821296607,1.7635203224722877,1.3436345314074571,0.5878401074907625,16.614231680158365,11.679626251959938
9.0,2018,3,157,4,37,10,8,113,103,119080,56578,62502,18.13906617400067,13.184413839435674,0.3359086328518643,3.1071548538797447,0.8397715821296607,0.6718172657037286,18.204955989960762,18.079421458513327
9.0,2018,4,145,2,13,11,6,81,94,119080,56578,62502,14.863957003694996,12.17668794088008,0.16795431642593214,1.091703056768559,0.9237487403426269,0.5038629492777964,16.614231680158365,12.959585293270615
9.0,2019,1,96,2,4,4,4,45,65,122844,58302,64542,8.954446289603073,7.814789489108137,0.1628081143564195,0.325616228712839,0.325616228712839,0.325616228712839,11.148845665671846,6.972204146137399
10.0,2015,1,57,0,6,2,0,29,36,26931,12379,14552,24.1357543351528,21.165199955441683,0.0,2.227915784783335,0.7426385949277784,0.0,29.081509007189595,19.928532160527762
10.0,2015,2,42,2,2,2,0,22,26,26931,12379,14552,17.82332627826668,15.595410493483346,0.7426385949277784,0.7426385949277784,0.7426385949277784,0.0,21.00331206074804,15.118196811434853
10.0,2015,3,29,1,3,0,2,20,15,26931,12379,14552,12.996175411236122,10.768259626452785,0.3713192974638892,1.1139578923916675,0.0,0.7426385949277784,12.117295419662332,13.743815283122593
10.0,2015,4,39,1,3,3,0,27,19,26931,12379,14552,17.080687683338905,14.481452601091679,0.3713192974638892,1.1139578923916675,1.1139578923916675,0.0,15.348574198238953,18.554150632215503
10.0,2016,1,39,1,4,1,2,22,25,28276,12981,15295,16.621870137218846,13.792615645777339,0.3536568114301882,1.4146272457207527,0.3536568114301882,0.7073136228603764,19.258916878514754,14.383785550833604
10.0,2016,2,45,0,9,3,1,26,32,28276,12981,15295,20.512095062950912,15.914556514358468,0.0,3.1829113028716933,1.0609704342905646,0.3536568114301882,24.651413604498885,16.999019287348805
10.0,2016,3,75,0,6,2,1,38,46,28276,12981,15295,29.707172160135805,26.52426085726411,0.0,2.121940868581129,0.7073136228603764,0.3536568114301882,35.43640705646715,24.84472049689441
10.0,2016,4,68,1,8,2,0,40,39,28276,12981,15295,27.938888102984862,24.048663177252795,0.3536568114301882,2.8292544914415054,0.7073136228603764,0.0,30.043910330483016,26.15233736515201
10.0,2017,1,74,2,0,1,1,30,48,29655,13597,16058,26.302478502781995,24.953633451357277,0.6744225257123588,0.0,0.3372112628561794,0.3372112628561794,35.30190483194823,18.682276746792876
10.0,2017,2,80,0,1,1,1,30,53,29655,13597,16058,27.98853481706289,26.97690102849435,0.0,0.3372112628561794,0.3372112628561794,0.3372112628561794,38.97918658527616,18.682276746792876
10.0,2017,3,119,0,1,5,1,57,69,29655,13597,16058,42.48861911987861,40.12814027988535,0.0,0.3372112628561794,1.6860563142808969,0.3372112628561794,50.74648819592557,35.49632581890646
10.0,2017,4,157,0,0,1,1,68,91,29655,13597,16058,53.61659079413253,52.94216826842017,0.0,0.0,0.3372112628561794,0.3372112628561794,66.92652791056851,42.346493959397186
10.0,2018,1,169,1,8,4,1,87,95,31194,14327,16867,58.66512790921331,54.17708533692377,0.32057446944925305,2.5645957555940244,1.2822978777970122,0.32057446944925305,66.30836881412718,51.58000830023121
10.0,2018,2,164,0,3,2,0,79,90,31194,14327,16867,54.17708533692377,52.5742129896775,0.0,0.9617234083477592,0.6411489388985061,0.0,62.818454666015214,46.837019031244445
10.0,2018,3,187,0,9,3,1,100,100,31194,14327,16867,64.11489388985062,59.947425787010324,0.0,2.8851702250432774,0.9617234083477592,0.32057446944925305,69.79828296223913,59.28736586233474
10.0,2018,4,166,6,3,5,0,65,115,31194,14327,16867,57.70340450086555,53.21536192857601,1.9234468166955183,0.9617234083477592,1.6028723472462654,0.0,80.26802540657499,38.53678781051758
10.0,2019,1,153,0,0,1,2,63,93,32844,15072,17772,47.4972597734746,46.58385093167702,0.0,0.0,0.3044696139325295,0.608939227865059,61.70382165605096,35.449020931802835
11.0,2015,1,35,4,8,1,1,21,28,68665,32719,35946,7.1360955362994245,5.097211097356732,0.5825384111264836,1.1650768222529673,0.1456346027816209,0.1456346027816209,8.557718756685718,5.842096478050409
11.0,2015,2,61,1,8,0,2,33,39,68665,32719,35946,10.485691400276705,8.883710769678876,0.1456346027816209,1.1650768222529673,0.0,0.2912692055632418,11.919679696812251,9.180437322650642
11.0,2015,3,30,6,4,0,2,18,24,68665,32719,35946,6.116653316828078,4.369038083448627,0.8738076166897254,0.5825384111264836,0.0,0.2912692055632418,7.335187505730616,5.00751126690035
11.0,2015,4,40,2,6,2,1,17,34,68665,32719,35946,7.427364741862666,5.825384111264836,0.2912692055632418,0.8738076166897254,0.2912692055632418,0.1456346027816209,10.391515633118372,4.729316196516997
11.0,2016,1,47,1,11,2,1,29,31,68372,32535,35837,9.068039548353127,6.874159012461241,0.14625870239279237,1.608845726320716,0.29251740478558474,0.14625870239279237,9.528200399569695,8.092195217233586
11.0,2016,2,58,5,4,1,2,33,37,68372,32535,35837,10.238109167495464,8.483004738781958,0.7312935119639618,0.5850348095711695,0.14625870239279237,0.29251740478558474,11.372368218841247,9.208360074783045
11.0,2016,3,74,2,9,1,3,43,46,68372,32535,35837,13.017024512958521,10.823143977066636,0.29251740478558474,1.3163283215351314,0.14625870239279237,0.4387761071783771,14.138619947748577,11.998772218656695
11.0,2016,4,73,2,2,1,1,34,45,68372,32535,35837,11.554437489030597,10.676885274673843,0.29251740478558474,0.29251740478558474,0.14625870239279237,0.14625870239279237,13.831258644536653,9.48740128917041
11.0,2017,1,71,1,8,1,2,42,41,68115,32377,35738,12.185274902738017,10.423548410775894,0.14681054099684357,1.1744843279747486,0.14681054099684357,0.29362108199368714,12.66331037464867,11.752196541496447
11.0,2017,2,85,4,9,1,0,49,50,68115,32377,35738,14.534243558687514,12.478895984731704,0.5872421639873743,1.321294868971592,0.14681054099684357,0.0,15.443061432498379,13.710895965079189
11.0,2017,3,91,5,5,4,0,48,57,68115,32377,35738,15.415106804668577,13.359759230712765,0.7340527049842179,0.7340527049842179,0.5872421639873743,0.0,17.60509003304815,13.431081761710224
11.0,2017,4,105,1,2,3,4,55,60,68115,32377,35738,16.883212214637012,15.415106804668577,0.14681054099684357,0.29362108199368714,0.44043162299053074,0.5872421639873743,18.531673718998054,15.389781185292964
11.0,2018,1,108,3,13,5,6,64,71,68168,32450,35718,19.804013613425653,15.843210890740522,0.440089191409459,1.9070531627743221,0.7334819856824316,0.880178382818918,21.879815100154083,17.918136513802565
11.0,2018,2,101,0,14,10,2,61,65,68168,32450,35718,18.630442436333762,14.81633611078512,0.0,2.0537495599108087,1.4669639713648632,0.29339279427297266,20.03081664098613,17.07822386471807
11.0,2018,3,134,3,6,4,3,79,71,68168,32450,35718,22.00445957047295,19.65731721628917,0.440089191409459,0.880178382818918,0.5867855885459453,0.440089191409459,21.879815100154083,22.11769975922504
11.0,2018,4,109,2,6,3,3,52,71,68168,32450,35718,18.04365684778782,15.98990728787701,0.29339279427297266,0.880178382818918,0.440089191409459,0.440089191409459,21.879815100154083,14.558485917464584
11.0,2019,1,74,0,4,2,2,33,49,69583,33095,36488,11.784487590359713,10.634781483983156,0.0,0.5748530531882787,0.28742652659413936,0.28742652659413936,14.805861912675631,9.044069283051963
12.0,2015,1,64,0,4,2,3,29,44,58543,26971,31572,12.4694668875869,10.932135353500845,0.0,0.6832584595938028,0.3416292297969014,0.5124438446953521,16.31381854584554,9.185354111237805
12.0,2015,2,60,1,6,3,1,31,40,58543,26971,31572,12.127837657790002,10.248876893907042,0.1708146148984507,1.0248876893907042,0.5124438446953521,0.1708146148984507,14.830744132586853,9.818826808564552
12.0,2015,3,45,3,2,1,1,18,34,58543,26971,31572,8.882359974719437,7.686657670430282,0.5124438446953521,0.3416292297969014,0.1708146148984507,0.1708146148984507,12.606132512698826,5.701254275940707
12.0,2015,4,56,0,4,2,2,22,42,58543,26971,31572,10.932135353500845,9.56561843431324,0.0,0.6832584595938028,0.3416292297969014,0.3416292297969014,15.572281339216195,6.968199670594197
12.0,2016,1,77,0,3,4,2,35,51,58538,26946,31592,14.691311626635692,13.153848781987769,0.0,0.5124876148826404,0.6833168198435204,0.3416584099217602,18.926742373636163,11.078754114965815
12.0,2016,2,94,0,2,4,1,36,65,58538,26946,31592,17.253749701048893,16.05794526632273,0.0,0.3416584099217602,0.6833168198435204,0.1708292049608801,24.12231871149707,11.39528994682198
12.0,2016,3,87,0,3,4,2,34,62,58538,26946,31592,16.399603676244492,14.86214083159657,0.0,0.5124876148826404,0.6833168198435204,0.3416584099217602,23.008980924812587,10.762218283109648
12.0,2016,4,95,1,2,4,2,48,56,58538,26946,31592,17.766237315931534,16.22877447128361,0.1708292049608801,0.3416584099217602,0.6833168198435204,0.3416584099217602,20.78230535144363,15.193719929095975
12.0,2017,1,102,2,1,7,2,34,80,58553,26936,31617,19.469540416374908,17.420115109388078,0.34157088449780537,0.17078544224890269,1.195498095742319,0.34157088449780537,29.700029700029702,10.753708447986844
12.0,2017,2,101,2,6,2,2,41,72,58553,26936,31617,19.298754974126005,17.249329667139172,0.34157088449780537,1.0247126534934161,0.34157088449780537,0.34157088449780537,26.73002673002673,12.967707246101781
12.0,2017,3,151,0,2,6,3,65,97,58553,26936,31617,27.66724164432224,25.788601779584308,0.0,0.34157088449780537,1.0247126534934161,0.5123563267467081,36.01128601128601,20.55856026821014
12.0,2017,4,200,3,3,5,1,100,112,58553,26936,31617,36.20651375676737,34.15708844978054,0.5123563267467081,0.5123563267467081,0.8539272112445135,0.17078544224890269,41.58004158004158,31.62855425878483
12.0,2018,1,225,0,9,1,2,103,134,58835,27123,31712,40.282144981728564,38.242542704172685,0.0,1.5297017081669075,0.1699668564629897,0.3399337129259794,49.404564391844566,32.479818365287585
12.0,2018,2,246,0,10,7,3,120,146,58835,27123,31712,45.211183819155266,41.81184668989547,0.0,1.6996685646298972,1.189767995240928,0.5099005693889691,53.82885374036795,37.84056508577195
12.0,2018,3,205,3,8,12,2,111,119,58835,27123,31712,39.092376986487636,34.84320557491289,0.5099005693889691,1.3597348517039176,2.0396022775558764,0.3399337129259794,43.87420270619032,35.00252270433905
12.0,2018,4,231,0,7,5,3,106,140,58835,27123,31712,41.81184668989547,39.26234384295063,0.0,1.189767995240928,0.8498342823149486,0.5099005693889691,51.61670906610625,33.42583249243189
12.0,2019,1,146,2,1,6,2,67,90,60120,27692,32428,26.114437791084498,24.28476380572189,0.332667997338656,0.166333998669328,0.998003992015968,0.332667997338656,32.5003611151235,20.66115702479339
13.0,2015,1,152,1,6,2,2,65,98,119423,52795,66628,13.648962092729207,12.727866491379382,0.08373596375907488,0.5024157825544493,0.16747192751814977,0.16747192751814977,18.562363860214035,9.755658281803445
13.0,2015,2,117,0,9,4,1,47,84,119423,52795,66628,10.96941125243881,9.797107759811762,0.0,0.7536236738316741,0.33494385503629953,0.08373596375907488,15.910597594469174,7.0540913729963375
13.0,2015,3,103,0,11,2,2,53,65,119423,52795,66628,9.880843723570838,8.624804267184713,0.0,0.9210956013498238,0.16747192751814977,0.16747192751814977,12.311771948101146,7.95461367593204
13.0,2015,4,115,0,13,2,0,62,68,119423,52795,66628,10.885675288679733,9.62963583229361,0.0,1.0885675288679735,0.16747192751814977,0.0,12.880007576475045,9.305397130335594
13.0,2016,1,168,0,15,3,2,78,110,120487,53278,67209,15.60334309925552,13.943412982313445,0.0,1.2449475877065577,0.24898951754131152,0.16599301169420766,20.64642066143624,11.605588537249476
13.0,2016,2,157,0,4,1,0,77,85,120487,53278,67209,13.445433947230823,13.030451417995303,0.0,0.3319860233884153,0.08299650584710383,0.0,15.95405232929164,11.456798940618071
13.0,2016,3,167,2,6,1,0,65,111,120487,53278,67209,14.607385029090276,13.86041647646634,0.16599301169420766,0.49797903508262303,0.08299650584710383,0.0,20.834115394722023,9.67132378104123
13.0,2016,4,164,0,6,5,0,73,102,120487,53278,67209,14.524388523243172,13.61142695892503,0.0,0.49797903508262303,0.41498252923551915,0.0,19.14486279514997,10.861640554092457
13.0,2017,1,269,0,3,11,1,113,171,121615,53809,67806,23.352382518603793,22.118982033466267,0.0,0.24668009702750482,0.9044936891008509,0.08222669900916828,31.77907041572971,16.665191870925877
13.0,2017,2,239,0,6,5,1,99,152,121615,53809,67806,20.638901451301237,19.652181063191218,0.0,0.49336019405500964,0.4111334950458414,0.08222669900916828,28.24806259175974,14.600477833820015
13.0,2017,3,337,0,9,2,3,147,204,121615,53809,67806,28.861571352218068,27.71039756608971,0.0,0.7400402910825145,0.16445339801833656,0.24668009702750482,37.91187347841439,21.679497389611537
13.0,2017,4,412,0,5,6,2,174,251,121615,53809,67806,34.946347078896515,33.87739999177733,0.0,0.4111334950458414,0.49336019405500964,0.16445339801833656,46.64647177981379,25.66144588974427
13.0,2018,1,444,0,3,5,3,220,235,123293,54733,68560,36.903960484374615,36.01177682431282,0.0,0.243322816380492,0.40553802730082,0.243322816380492,42.93570606398333,32.08868144690781
13.0,2018,2,533,0,4,5,2,261,283,123293,54733,68560,44.12253737032921,43.23035371026741,0.0,0.324430421840656,0.40553802730082,0.162215210920328,51.70555240896717,38.06884480746791
13.0,2018,3,506,1,9,7,1,243,281,123293,54733,68560,42.50038526112594,41.04044836284298,0.081107605460164,0.7299684491414761,0.567753238221148,0.081107605460164,51.34014214459284,35.443407234539094
13.0,2018,4,576,0,7,6,1,259,331,123293,54733,68560,47.85348722149676,46.71798074505447,0.0,0.567753238221148,0.486645632760984,0.081107605460164,60.475398753951,37.77712952158693
13.0,2019,1,390,0,5,1,3,176,223,126708,56234,70474,31.489724405720242,30.779429870252862,0.0,0.3946080752596521,0.07892161505193042,0.23676484515579127,39.655724294910556,24.973749184096263
14.0,2015,1,87,0,2,1,4,28,66,39067,18187,20880,24.06122814651752,22.269434561138556,0.0,0.5119410243939898,0.2559705121969949,1.0238820487879796,36.28965744762743,13.409961685823754
14.0,2015,2,61,2,8,0,0,33,38,39067,18187,20880,18.17390636598664,15.614201244016689,0.5119410243939898,2.0477640975759592,0.0,0.0,20.89404519711882,15.804597701149426
14.0,2015,3,51,0,0,0,3,23,31,39067,18187,20880,13.822407658637724,13.054496122046741,0.0,0.0,0.0,0.7679115365909847,17.04514213449167,11.015325670498084
14.0,2015,4,53,0,5,1,3,27,35,39067,18187,20880,15.870171756213685,13.566437146440729,0.0,1.2798525609849745,0.2559705121969949,0.7679115365909847,19.244515313135757,12.931034482758621
14.0,2016,1,74,0,0,0,2,31,45,39260,18344,20916,19.35812531839022,18.848700967906264,0.0,0.0,0.0,0.5094243504839532,24.531181857828173,14.8211895199847
14.0,2016,2,76,0,9,0,1,31,55,39260,18344,20916,21.905247070809985,19.35812531839022,0.0,2.2924095771777893,0.0,0.2547121752419766,29.982555604012212,14.8211895199847
14.0,2016,3,84,0,4,3,1,42,50,39260,18344,20916,23.433520122261843,21.39582272032603,0.0,1.0188487009679064,0.7641365257259297,0.2547121752419766,27.25686873092019,20.08032128514056
14.0,2016,4,80,0,9,0,1,38,52,39260,18344,20916,22.924095771777893,20.376974019358126,0.0,2.2924095771777893,0.0,0.2547121752419766,28.347143480156998,18.167909734174795
14.0,2017,1,153,0,5,3,2,79,84,39473,18517,20956,41.29404909685101,38.76067185164543,0.0,1.2666886226027918,0.760013173561675,0.5066754490411167,45.363719825025655,37.698033975949606
14.0,2017,2,133,0,3,4,3,64,79,39473,18517,20956,36.22729460643985,33.69391736123426,0.0,0.760013173561675,1.0133508980822334,0.760013173561675,42.663498406869365,30.54017942355411
14.0,2017,3,167,1,4,4,2,81,97,39473,18517,20956,45.09411496465939,42.30739999493325,0.25333772452055836,1.0133508980822334,1.0133508980822334,0.5066754490411167,52.384295512232,38.65241458293567
14.0,2017,4,237,0,3,1,2,117,126,39473,18517,20956,61.56106705849568,60.04104071137233,0.0,0.760013173561675,0.25333772452055836,0.5066754490411167,68.04557973753847,55.83126550868486
14.0,2018,1,259,1,2,3,0,124,141,39868,18825,21043,66.46934885120899,64.96438246212502,0.2508277315139962,0.5016554630279924,0.7524831945419886,0.0,74.90039840637449,58.92695908378083
14.0,2018,2,211,0,3,2,0,101,115,39868,18825,21043,54.17879000702318,52.92465134945319,0.0,0.7524831945419886,0.5016554630279924,0.0,61.08897742363878,47.99695860856342
14.0,2018,3,282,0,4,0,1,135,152,39868,18825,21043,71.9875589445169,70.73342028694692,0.0,1.0033109260559847,0.0,0.2508277315139962,80.74369189907037,64.15435061540656
14.0,2018,4,253,1,9,2,5,132,138,39868,18825,21043,67.72348750877897,63.459416073041034,0.2508277315139962,2.2574495836259656,0.5016554630279924,1.254138657569981,73.30677290836653,62.72869837950863
14.0,2019,1,191,0,0,0,1,94,98,40865,19334,21531,46.983971613850485,46.739263428361674,0.0,0.0,0.0,0.2447081854888046,50.68790731354091,43.65798151502485
15.0,2015,1,41,0,3,0,0,15,29,24875,11083,13792,17.688442211055275,16.482412060301506,0.0,1.2060301507537687,0.0,0.0,26.166200487232697,10.875870069605568
15.0,2015,2,50,0,0,0,1,25,26,24875,11083,13792,20.50251256281407,20.100502512562816,0.0,0.0,0.0,0.4020100502512563,23.459352160967246,18.12645011600928
15.0,2015,3,21,0,2,2,0,15,10,24875,11083,13792,10.050251256281408,8.442211055276381,0.0,0.8040201005025126,0.8040201005025126,0.0,9.022827754218172,10.875870069605568
15.0,2015,4,30,0,3,0,0,10,23,24875,11083,13792,13.266331658291458,12.06030150753769,0.0,1.2060301507537687,0.0,0.0,20.752503834701795,7.250580046403712
15.0,2016,1,41,1,3,0,0,16,29,24687,11016,13671,18.228217280349984,16.607931299874426,0.4050714951188885,1.2152144853566653,0.0,0.0,26.32534495279593,11.703606173652256
15.0,2016,2,36,0,1,0,1,17,21,24687,11016,13671,15.392716814517764,14.582573824279985,0.0,0.4050714951188885,0.0,0.4050714951188885,19.06318082788671,12.435081559505523
15.0,2016,3,51,0,0,0,0,23,28,24687,11016,13671,20.658646251063313,20.658646251063313,0.0,0.0,0.0,0.0,25.417574437182278,16.82393387462512
15.0,2016,4,37,0,0,1,0,11,27,24687,11016,13671,15.392716814517764,14.987645319398874,0.0,0.0,0.4050714951188885,0.0,24.509803921568626,8.046229244385927
15.0,2017,1,54,0,1,1,0,28,28,24508,10957,13551,22.84968173657581,22.033621674555246,0.0,0.4080300310102824,0.4080300310102824,0.0,25.55444008396459,20.662681720906203
15.0,2017,2,58,0,0,0,0,23,35,24508,10957,13551,23.66574179859638,23.66574179859638,0.0,0.0,0.0,0.0,31.943050104955738,16.972917127887243
15.0,2017,3,116,0,0,3,0,47,72,24508,10957,13551,48.5555736902236,47.33148359719276,0.0,0.0,1.224090093030847,0.0,65.71141735876608,34.683787174378274
15.0,2017,4,143,0,1,1,0,62,83,24508,10957,13551,59.164354496490944,58.348294434470375,0.0,0.4080300310102824,0.4080300310102824,0.0,75.75066167746645,45.75308095343517
15.0,2018,1,146,0,0,1,1,75,73,24440,10977,13463,60.55646481178396,59.738134206219314,0.0,0.0,0.4091653027823241,0.4091653027823241,66.50268743736905,55.70823739136894
15.0,2018,2,165,1,3,1,0,85,85,24440,10977,13463,69.55810147299509,67.51227495908347,0.4091653027823241,1.227495908346972,0.4091653027823241,0.0,77.43463605721053,63.1360023768848
15.0,2018,3,149,0,4,3,1,76,81,24440,10977,13463,64.23895253682488,60.96563011456628,0.0,1.6366612111292964,1.227495908346972,0.4091653027823241,73.79065318393003,56.451013889920524
15.0,2018,4,135,0,2,1,0,70,68,24440,10977,13463,56.46481178396072,55.23731587561375,0.0,0.8183306055646482,0.4091653027823241,0.0,61.947708845768425,51.99435489861101
15.0,2019,1,92,0,0,1,0,46,47,24929,11192,13737,37.30594889486141,36.904809659432786,0.0,0.0,0.4011392354286173,0.0,41.99428162973553,33.486205139404525
16.0,2015,1,134,1,8,2,3,60,87,65473,29173,36300,22.604737830861577,20.466451819834127,0.15273471507338904,1.2218777205871123,0.3054694301467781,0.45820414522016706,29.82209577348919,16.52892561983471
16.0,2015,2,111,2,12,0,3,62,66,65473,29173,36300,19.550043529393797,16.953553373146182,0.3054694301467781,1.8328165808806682,0.0,0.45820414522016706,22.623658862646966,17.079889807162534
16.0,2015,3,102,0,10,3,3,58,60,65473,29173,36300,18.022696378659905,15.578940937485681,0.0,1.5273471507338903,0.45820414522016706,0.45820414522016706,20.566962602406335,15.977961432506888
16.0,2015,4,130,0,4,2,2,62,76,65473,29173,36300,21.077390680127685,19.855512959540576,0.0,0.6109388602935562,0.3054694301467781,0.3054694301467781,26.051485963048023,17.079889807162534
16.0,2016,1,173,0,6,2,6,73,114,66113,29506,36607,28.2849061455387,26.167319589188207,0.0,0.9075370955787818,0.3025123651929273,0.9075370955787818,38.63620958449129,19.941541235282873
16.0,2016,2,136,1,5,1,4,63,84,66113,29506,36607,22.23465884168015,20.570840833119053,0.15125618259646365,0.7562809129823183,0.15125618259646365,0.6050247303858546,28.46878600962516,17.20982325784686
16.0,2016,3,196,1,1,1,3,84,118,66113,29506,36607,30.553748884485653,29.64621178890687,0.15125618259646365,0.15125618259646365,0.15125618259646365,0.4537685477893909,39.99186606114011,22.94643101046248
16.0,2016,4,183,0,8,0,3,83,111,66113,29506,36607,29.343699423713947,27.679881415152845,0.0,1.2100494607717092,0.0,0.4537685477893909,37.61946722700468,22.67325921271888
16.0,2017,1,240,1,3,3,5,123,129,66787,29864,36923,37.731893931453726,35.93513707757498,0.14972973782322907,0.4491892134696872,0.4491892134696872,0.7486486891161455,43.19582105545138,33.31256940118625
16.0,2017,2,253,1,4,4,4,109,157,66787,29864,36923,39.82811026097893,37.881623669276955,0.14972973782322907,0.5989189512929163,0.5989189512929163,0.5989189512929163,52.57165818376641,29.520894835197574
16.0,2017,3,433,0,5,3,7,201,247,66787,29864,36923,67.07892254480662,64.83297647745819,0.0,0.7486486891161455,0.4491892134696872,1.0481081647626034,82.70827752477899,54.437613411694606
16.0,2017,4,592,0,0,5,5,278,324,66787,29864,36923,90.1373021695839,88.6400047913516,0.0,0.0,0.7486486891161455,0.7486486891161455,108.49182962764532,75.29182352463235
16.0,2018,1,569,0,7,3,2,268,313,67760,30437,37323,85.74380165289256,83.97284533648171,0.0,1.0330578512396693,0.4427390791027155,0.29515938606847697,102.83536485198935,71.80558904696836
16.0,2018,2,614,2,2,3,1,306,316,67760,30437,37323,91.79456906729635,90.61393152302243,0.29515938606847697,0.29515938606847697,0.4427390791027155,0.14757969303423848,103.82100732660906,81.98697853870267
16.0,2018,3,604,0,6,1,2,285,327,67760,30437,37323,90.4663518299882,89.13813459268005,0.0,0.885478158205431,0.14757969303423848,0.29515938606847697,107.43502973354798,76.3604211880074
16.0,2018,4,620,0,0,3,2,282,343,67760,30437,37323,92.23730814639906,91.49940968122786,0.0,0.0,0.4427390791027155,0.29515938606847697,112.69178959818642,75.55662728076521
16.0,2019,1,446,0,2,1,0,201,247,69695,31338,38357,64.4235597962551,63.993112848841385,0.0,0.2869646316091542,0.1434823158045771,0.0,78.81804837577381,52.402429804207834
17.0,2015,1,74,1,3,5,1,36,48,47809,22292,25517,17.569913614591396,15.478257231901942,0.20916563826894516,0.6274969148068354,1.045828191344726,0.20916563826894516,21.53238830073569,14.10824156444723
17.0,2015,2,47,0,1,3,0,13,38,47809,22292,25517,10.667447551716204,9.830784998640423,0.0,0.20916563826894516,0.6274969148068354,0.0,17.046474071415755,5.094642787161501
17.0,2015,3,42,0,4,4,0,24,26,47809,22292,25517,10.458281913447259,8.784956807295698,0.0,0.8366625530757806,0.8366625530757806,0.0,11.66337699623183,9.405494376298154
17.0,2015,4,45,0,5,2,1,29,24,47809,22292,25517,11.085778828254094,9.412453722102534,0.0,1.045828191344726,0.4183312765378903,0.20916563826894516,10.766194150367845,11.364972371360269
17.0,2016,1,63,0,4,4,0,28,43,47566,22136,25430,14.92662826388597,13.24475465668755,0.0,0.8409368035992096,0.8409368035992096,0.0,19.425370437296714,11.010617381046009
17.0,2016,2,53,1,1,5,0,24,36,47566,22136,25430,12.614052053988143,11.142412647689525,0.2102342008998024,0.2102342008998024,1.051171004499012,0.0,16.263100831225152,9.43767204089658
17.0,2016,3,49,0,1,4,0,22,32,47566,22136,25430,11.352646848589329,10.301475844090318,0.0,0.2102342008998024,0.8409368035992096,0.0,14.456089627755693,8.651199370821864
17.0,2016,4,52,2,2,3,0,30,29,47566,22136,25430,12.403817853088341,10.932178446789724,0.4204684017996048,0.4204684017996048,0.630702602699407,0.0,13.100831225153597,11.797090051120724
17.0,2017,1,98,1,2,0,0,50,51,47320,21979,25341,21.344040574809803,20.710059171597635,0.21132713440405748,0.42265426880811496,0.0,0.0,23.203967423449654,19.730870920642438
17.0,2017,2,105,2,3,5,1,50,66,47320,21979,25341,24.513947590870664,22.189349112426036,0.42265426880811496,0.6339814032121724,1.0566356720202874,0.21132713440405748,30.02866372446426,19.730870920642438
17.0,2017,3,120,0,5,4,2,67,64,47320,21979,25341,27.68385460693153,25.359256128486898,0.0,1.0566356720202874,0.8453085376162299,0.42265426880811496,29.118704217662312,26.439367033660865
17.0,2017,4,168,0,1,3,0,82,90,47320,21979,25341,36.34826711749789,35.50295857988166,0.0,0.21132713440405748,0.6339814032121724,0.0,40.94817780608763,32.3586283098536
17.0,2018,1,206,0,7,5,1,95,124,47245,21911,25334,46.35411154619537,43.60249761879564,0.0,1.481638268599852,1.0583130489998942,0.21166260979997883,56.59257906987358,37.49901318386358
17.0,2018,2,214,1,6,3,4,107,121,47245,21911,25334,48.259075034395174,45.29579849719547,0.21166260979997883,1.269975658799873,0.6349878293999365,0.8466504391999153,55.22340376979599,42.235730638667405
17.0,2018,3,166,0,4,3,1,74,100,47245,21911,25334,36.82929410519632,35.13599322679649,0.0,0.8466504391999153,0.6349878293999365,0.21166260979997883,45.63917666925289,29.209757637956894
17.0,2018,4,193,1,2,3,0,82,117,47245,21911,25334,42.12085935019579,40.85088369139592,0.21166260979997883,0.42332521959995767,0.6349878293999365,0.0,53.397836703025874,32.36756927449277
17.0,2019,1,153,0,6,3,1,75,88,49227,22838,26389,33.11191013061938,31.080504601133526,0.0,1.2188433176915108,0.6094216588457554,0.2031405529485851,38.53227077677555,28.42093296449278
18.0,2015,1,44,0,4,2,1,21,30,76331,35537,40794,6.681426943181669,5.764368343137127,0.0,0.5240334857397387,0.26201674286986937,0.13100837143493468,8.441905619495174,5.147815855272834
18.0,2015,2,32,1,3,3,0,13,26,76331,35537,40794,5.109326485962453,4.19226788591791,0.13100837143493468,0.3930251143048041,0.3930251143048041,0.0,7.316318203562484,3.1867431485022304
18.0,2015,3,30,0,1,5,3,18,21,76331,35537,40794,5.109326485962453,3.930251143048041,0.0,0.13100837143493468,0.6550418571746734,0.3930251143048041,5.909333933646622,4.412413590233857
18.0,2015,4,27,1,4,0,2,15,19,76331,35537,40794,4.4542846287877795,3.5372260287432367,0.13100837143493468,0.5240334857397387,0.0,0.26201674286986937,5.346540225680277,3.677011325194882
18.0,2016,1,58,2,3,3,1,34,33,78362,36404,41958,8.550062530308058,7.401546668027871,0.2552257471733749,0.3828386207600623,0.3828386207600623,0.12761287358668744,9.06493791891001,8.10334143667477
18.0,2016,2,54,0,8,6,2,26,44,78362,36404,41958,8.93290115106812,6.891095173681121,0.0,1.0209029886934995,0.7656772415201246,0.2552257471733749,12.086583891880013,6.19667286333953
18.0,2016,3,61,1,5,5,0,27,45,78362,36404,41958,9.188126898241494,7.7843852887879335,0.12761287358668744,0.6380643679334371,0.6380643679334371,0.0,12.361278980331832,6.435006435006435
18.0,2016,4,51,0,5,2,0,25,33,78362,36404,41958,7.401546668027871,6.508256552921059,0.0,0.6380643679334371,0.2552257471733749,0.0,9.06493791891001,5.958339291672625
18.0,2017,1,101,1,3,6,1,44,68,80402,37271,43131,13.930001741250218,12.56187657023457,0.12437501554687694,0.3731250466406308,0.7462500932812616,0.12437501554687694,18.244747927342974,10.2014792144861
18.0,2017,2,86,0,6,8,3,37,66,80402,37271,43131,12.810626601328325,10.696251337031416,0.0,0.7462500932812616,0.9950001243750155,0.3731250466406308,17.70813769418583,8.578516612181494
18.0,2017,3,135,0,6,10,0,52,99,80402,37271,43131,18.780627347578417,16.790627098828388,0.0,0.7462500932812616,1.2437501554687693,0.0,26.56220654127874,12.056293617119936
18.0,2017,4,158,0,4,8,1,63,108,80402,37271,43131,21.268127658515958,19.651252456406556,0.0,0.49750006218750775,0.9950001243750155,0.12437501554687694,28.9769525904859,14.606663420741462
18.0,2018,1,166,0,4,3,1,72,102,82735,38291,44444,21.031002598658368,20.06405995044419,0.0,0.48347132410708893,0.36260349308031664,0.12086783102677223,26.63811339479251,16.20016200162002
18.0,2018,2,164,1,12,3,2,72,110,82735,38291,44444,21.997945246872543,19.822324288390647,0.12086783102677223,1.4504139723212666,0.36260349308031664,0.24173566205354446,28.727377190462512,16.20016200162002
18.0,2018,3,182,0,7,12,1,84,118,82735,38291,44444,24.41530186740799,21.997945246872543,0.0,0.8460748171874055,1.4504139723212666,0.12086783102677223,30.816640986132512,18.90018900189002
18.0,2018,4,169,1,3,9,0,74,107,82735,38291,44444,21.997945246872543,20.426663443524504,0.12086783102677223,0.36260349308031664,1.08781047924095,0.0,27.943903267086263,16.650166501665016
18.0,2019,1,111,0,4,1,1,45,72,87900,40683,47217,13.310580204778155,12.627986348122866,0.0,0.45506257110352677,0.11376564277588169,0.11376564277588169,17.69780989602537,9.53046572209162
19.0,2015,1,76,1,9,8,4,46,52,96569,44374,52195,10.148184199898518,7.8700203999213,0.10355289999896447,0.9319760999906802,0.8284231999917158,0.4142115999958579,11.718573939694416,8.813104703515663
19.0,2015,2,61,0,7,2,0,29,41,96569,44374,52195,7.248702999927513,6.316726899936833,0.0,0.7248702999927513,0.20710579999792894,0.0,9.23964483706675,5.5560877478685695
19.0,2015,3,64,1,8,2,0,30,45,96569,44374,52195,7.766467499922335,6.627385599933726,0.10355289999896447,0.8284231999917158,0.20710579999792894,0.0,10.14107360165863,5.747676980553693
19.0,2015,4,71,1,3,0,2,33,44,96569,44374,52195,7.973573299920264,7.352255899926478,0.10355289999896447,0.31065869999689344,0.0,0.20710579999792894,9.915716410510658,6.322444678609061
19.0,2016,1,105,0,5,6,1,49,68,96516,44279,52237,12.122342409548676,10.879025239338555,0.0,0.5180488209208836,0.6216585851050602,0.10360976418417671,15.357167054359854,9.38032429121121
19.0,2016,2,75,1,5,8,3,41,51,96516,44279,52237,9.532098304944258,7.770732313813254,0.10360976418417671,0.5180488209208836,0.8288781134734137,0.3108292925525301,11.51787529076989,7.848842774278768
19.0,2016,3,105,3,7,2,5,44,78,96516,44279,52237,12.64039123046956,10.879025239338555,0.3108292925525301,0.725268349289237,0.20721952836835342,0.5180488209208836,17.615573974118657,8.423148343128434
19.0,2016,4,105,0,5,6,1,38,79,96516,44279,52237,12.122342409548676,10.879025239338555,0.0,0.5180488209208836,0.6216585851050602,0.10360976418417671,17.841414666094536,7.274537205429102
19.0,2017,1,150,2,2,2,3,61,98,96457,44191,52266,16.48402915288678,15.55097089894979,0.2073462786526639,0.2073462786526639,0.2073462786526639,0.3110194179789958,22.176461270394427,11.67106723300042
19.0,2017,2,153,1,6,5,5,79,91,96457,44191,52266,17.62443368547643,15.861990316928788,0.10367313932633195,0.6220388359579916,0.5183656966316598,0.5183656966316598,20.592428322509107,15.114988711590708
19.0,2017,3,262,1,4,2,3,107,165,96457,44191,52266,28.19909389676229,27.16236250349897,0.10367313932633195,0.4146925573053278,0.2073462786526639,0.3110194179789958,37.33791948586816,20.472199900508937
19.0,2017,4,353,0,1,10,3,160,207,96457,44191,52266,38.048042132763825,36.59661818219517,0.0,0.10367313932633195,1.0367313932633195,0.3110194179789958,46.84211717318006,30.612635365247005
19.0,2018,1,348,1,8,7,3,174,193,96752,44278,52474,37.93203241276666,35.96824871837275,0.10335703654704813,0.826856292376385,0.7234992558293368,0.31007110964114437,43.58823795112698,33.15927888096962
19.0,2018,2,415,1,6,6,3,190,241,96752,44278,52474,44.54688275177774,42.89317016702497,0.10335703654704813,0.6201422192822887,0.6201422192822887,0.31007110964114437,54.42883599078549,36.208407973472575
19.0,2018,3,420,1,9,13,3,191,255,96752,44278,52474,46.09723829998347,43.40995534976021,0.10335703654704813,0.930213328923433,1.3436414751116257,0.31007110964114437,57.5906770856859,36.39897854175401
19.0,2018,4,347,0,4,10,4,176,189,96752,44278,52474,37.72531833967256,35.864891681825696,0.0,0.4134281461881925,1.0335703654704813,0.4134281461881925,42.68485478115543,33.54042001753249
19.0,2019,1,277,0,0,9,0,136,150,100927,46205,54722,28.337313107493536,27.445579478236745,0.0,0.0,0.8917336292567896,0.0,32.46401904555784,24.8528928036256
20.0,2015,1,58,1,4,0,0,28,35,40161,18050,22111,15.686860386942556,14.441871467343942,0.2489977839197231,0.9959911356788924,0.0,0.0,19.390581717451525,12.663380217991046
20.0,2015,2,47,0,6,2,2,25,32,40161,18050,22111,14.192873683424217,11.702895844226987,0.0,1.4939867035183387,0.4979955678394462,0.4979955678394462,17.728531855955676,11.306589480349148
20.0,2015,3,49,0,6,1,2,23,35,40161,18050,22111,14.441871467343942,12.200891412066433,0.0,1.4939867035183387,0.2489977839197231,0.4979955678394462,19.390581717451525,10.402062321921216
20.0,2015,4,48,0,5,1,0,20,34,40161,18050,22111,13.445880331665048,11.95189362814671,0.0,1.2449889195986157,0.2489977839197231,0.0,18.836565096952906,9.045271584279318
20.0,2016,1,101,0,1,0,2,36,68,39891,17936,21955,26.071043593793085,25.318994259356746,0.0,0.2506831114787797,0.0,0.5013662229575594,37.91257805530776,16.397176041903894
20.0,2016,2,62,1,0,1,2,28,38,39891,17936,21955,16.545085357599458,15.54235291168434,0.2506831114787797,0.0,0.2506831114787797,0.5013662229575594,21.1864406779661,12.753359143703028
20.0,2016,3,69,0,0,0,3,35,37,39891,17936,21955,18.049184026472137,17.297134692035797,0.0,0.0,0.0,0.752049334436339,20.628902765388048,15.941698929628787
20.0,2016,4,54,0,3,0,3,27,33,39891,17936,21955,15.04098668872678,13.536888019854102,0.0,0.752049334436339,0.0,0.752049334436339,18.398751115075825,12.29788203142792
20.0,2017,1,118,0,0,2,1,51,70,39630,17827,21803,30.532424930608126,29.77542265960131,0.0,0.0,0.5046681806712087,0.25233409033560433,39.266281483143544,23.391276429849103
20.0,2017,2,143,0,4,0,3,52,98,39630,17827,21803,37.85011355034065,36.08377491799142,0.0,1.0093363613424173,0.0,0.757002271006813,54.972794076400966,23.849928908865753
20.0,2017,3,173,0,3,4,5,68,117,39630,17827,21803,46.68180671208681,43.65379762805956,0.0,0.757002271006813,1.0093363613424173,1.2616704516780217,65.63078476468279,31.188368573132138
20.0,2017,4,242,0,4,3,5,112,142,39630,17827,21803,64.0928589452435,61.06484986121625,0.0,1.0093363613424173,0.757002271006813,1.2616704516780217,79.65445672294834,51.36907764986469
20.0,2018,1,231,0,1,3,1,91,145,39506,17788,21718,59.73776135270592,58.47213081557232,0.0,0.25312610742672,0.75937832228016,0.25312610742672,81.51562851360468,41.90072750713694
20.0,2018,2,228,0,2,3,3,109,127,39506,17788,21718,59.73776135270592,57.71275249329216,0.0,0.50625221485344,0.75937832228016,0.75937832228016,71.3964470429503,50.188783497559626
20.0,2018,3,241,0,0,2,1,103,141,39506,17788,21718,61.762770212119676,61.00339188983951,0.0,0.0,0.50625221485344,0.25312610742672,79.26692152012592,47.42609816741873
20.0,2018,4,273,0,3,1,4,118,163,39506,17788,21718,71.12843618690832,69.10342732749456,0.0,0.75937832228016,0.25312610742672,1.01250442970688,91.63480998425905,54.33281149277097
20.0,2019,1,171,0,1,1,1,70,104,41140,18539,22601,42.29460379193,41.56538648517259,0.0,0.24307243558580455,0.24307243558580455,0.24307243558580455,56.097955661038895,30.97208088137693
21.0,2015,1,74,0,7,1,2,33,51,27856,12709,15147,30.155083285468123,26.565192418150488,0.0,2.5129236071223433,0.3589890867317634,0.7179781734635268,40.129042410889916,21.786492374727672
21.0,2015,2,41,0,3,0,1,20,25,27856,12709,15147,16.15450890292935,14.718552556002297,0.0,1.07696726019529,0.0,0.3589890867317634,19.671099221024473,13.203934772562224
21.0,2015,3,45,0,7,1,5,26,32,27856,12709,15147,20.821367030442275,16.15450890292935,0.0,2.5129236071223433,0.3589890867317634,1.7949454336588169,25.179007002911323,17.16511520433089
21.0,2015,4,63,0,2,0,0,28,37,27856,12709,15147,23.334290637564617,22.61631246410109,0.0,0.7179781734635268,0.0,0.0,29.113226847116216,18.485508681587113
21.0,2016,1,88,1,3,0,3,39,56,27482,12497,14985,34.56808092569682,32.020959173277056,0.3638745360599665,1.0916236081798996,0.0,1.0916236081798996,44.81075458109946,26.026026026026027
21.0,2016,2,74,0,5,3,3,32,53,27482,12497,14985,30.929335565097155,26.926715668437524,0.0,1.8193726802998327,1.0916236081798996,1.0916236081798996,42.41017844282628,21.35468802135469
21.0,2016,3,84,0,1,3,3,40,51,27482,12497,14985,33.11258278145695,30.565461029037188,0.0,0.3638745360599665,1.0916236081798996,1.0916236081798996,40.809794350644154,26.693360026693362
21.0,2016,4,93,0,0,2,2,40,57,27482,12497,14985,35.29582999781675,33.840331853576885,0.0,0.0,0.727749072119933,0.727749072119933,45.61094662719052,26.693360026693362
21.0,2017,1,138,0,2,2,3,53,92,27237,12344,14893,53.23640635899695,50.66637294856262,0.0,0.734295260124096,0.734295260124096,1.101442890186144,74.53013609850939,35.587188612099645
21.0,2017,2,140,1,4,2,4,61,90,27237,12344,14893,55.43929213936924,51.40066820868671,0.367147630062048,1.468590520248192,0.734295260124096,1.468590520248192,72.9099157485418,40.95883972335997
21.0,2017,3,200,0,1,1,3,75,130,27237,12344,14893,75.26526416271983,73.42952601240958,0.0,0.367147630062048,0.367147630062048,1.101442890186144,105.31432274789373,50.35922916806553
21.0,2017,4,246,0,8,2,4,116,144,27237,12344,14893,95.45838381613247,90.3183169952638,0.0,2.937181040496384,0.734295260124096,1.468590520248192,116.65586519766688,77.8889411132747
21.0,2018,1,234,0,5,3,1,107,136,27253,11949,15304,89.16449565185484,85.86210692400837,0.0,1.834660404359153,1.100796242615492,0.3669320808718306,113.81705582057074,69.916361735494
21.0,2018,2,283,0,7,2,2,128,166,27253,11949,15304,107.87803177631821,103.84177888672806,0.0,2.5685245661028144,0.7338641617436612,0.7338641617436612,138.92375931040254,83.6382645060115
21.0,2018,3,295,1,3,4,2,139,166,27253,11949,15304,111.91428466590834,108.24496385719003,0.3669320808718306,1.100796242615492,1.4677283234873224,0.7338641617436612,138.92375931040254,90.82592786199686
21.0,2018,4,220,0,4,2,2,102,126,27253,11949,15304,83.66051443877738,80.72505779180273,0.0,1.4677283234873224,0.7338641617436612,0.7338641617436612,105.4481546572935,66.64924202822792
21.0,2019,1,185,0,2,2,2,86,105,28368,12669,15699,67.32938522278624,65.21432600112803,0.0,0.7050197405527355,0.7050197405527355,0.7050197405527355,82.87946957139475,54.78055927129117
22.0,2015,1,109,2,16,18,11,58,98,65712,31865,33847,23.739956172388606,16.58753347942537,0.30435841246652057,2.4348672997321645,2.739225712198685,1.673971268565863,30.7547465871646,17.135935237982686
22.0,2015,2,81,1,12,6,5,35,70,65712,31865,33847,15.97881665449233,12.326515704894083,0.15217920623326028,1.8261504747991235,0.9130752373995618,0.7608960311663014,21.967676133689,10.340650574644725
22.0,2015,3,99,0,12,6,7,50,74,65712,31865,33847,18.870221572924276,15.065741417092768,0.0,1.8261504747991235,0.9130752373995618,1.065254443632822,23.222971912756943,14.772357963778179
22.0,2015,4,92,2,7,4,9,33,81,65712,31865,33847,17.34842951059167,14.000486973459946,0.30435841246652057,1.065254443632822,0.6087168249330411,1.3696128560993426,25.41973952612584,9.749756256093598
22.0,2016,1,121,1,12,8,11,53,100,65061,31544,33517,23.516392308756398,18.597931172284472,0.1537019105147477,1.8444229261769725,1.2296152841179817,1.6907210156622245,31.701749936596503,15.812871080347287
22.0,2016,2,129,2,11,4,5,44,107,65061,31544,33517,23.208988487726902,19.827546456402455,0.3074038210294954,1.6907210156622245,0.6148076420589909,0.7685095525737385,33.920872432158255,13.127666557269444
22.0,2016,3,114,1,8,8,10,54,87,65061,31544,33517,21.671969382579423,17.522017798681237,0.1537019105147477,1.2296152841179817,1.2296152841179817,1.537019105147477,27.580522444838955,16.111227138467047
22.0,2016,4,126,0,9,8,4,61,86,65061,31544,33517,22.59418084566791,19.366440724858208,0.0,1.3833171946327292,1.2296152841179817,0.6148076420589909,27.26350494547299,18.199719545305367
22.0,2017,1,197,1,12,12,4,86,140,64694,31352,33342,34.93368782267289,30.451046464896283,0.15457383992333137,1.8548860790799766,1.8548860790799766,0.6182953596933255,44.65424853278898,25.79329374362666
22.0,2017,2,195,1,14,10,12,84,148,64694,31352,33342,35.86113086221288,30.14189878504962,0.15457383992333137,2.164033758926639,1.5457383992333138,1.8548860790799766,47.20591987751978,25.193449703077203
22.0,2017,3,254,2,18,14,10,128,170,64694,31352,33342,46.06300429715275,39.26175534052617,0.30914767984666275,2.7823291186199643,2.164033758926639,1.5457383992333138,54.22301607552947,38.39001859516526
22.0,2017,4,319,0,18,4,6,150,197,64694,31352,33342,53.63712245339599,49.309054935542704,0.0,2.7823291186199643,0.6182953596933255,0.9274430395399883,62.83490686399592,44.988303041209285
22.0,2018,1,273,1,6,12,3,126,169,64814,30527,34287,45.514857901070755,42.12052951522819,0.15428765390193477,0.9257259234116085,1.851451846823217,0.46286296170580427,55.360828119369735,36.74862192667775
22.0,2018,2,258,1,7,4,8,113,165,64814,30527,34287,42.891967784737865,39.80621470669917,0.15428765390193477,1.0800135773135435,0.6171506156077391,1.2343012312154782,54.05051266092312,32.957097442179254
22.0,2018,3,352,0,10,15,0,148,229,64814,30527,34287,58.16644552102941,54.30925417348104,0.0,1.5428765390193477,2.3143148085290215,0.0,75.01555999606906,43.165047977367514
22.0,2018,4,309,1,6,13,5,141,193,64814,30527,34287,51.532076403246215,47.67488505569784,0.15428765390193477,0.9257259234116085,2.0057395007251517,0.7714382695096739,63.222720870049464,41.123457870329865
22.0,2019,1,211,0,3,9,3,97,129,67629,32457,35172,33.41761670289373,31.199633293409633,0.0,0.44359668189681944,1.3307900456904582,0.44359668189681944,39.744893243368146,27.578755828499943
23.0,2015,1,27,0,2,3,1,13,20,48068,22299,25769,6.865274194890572,5.6170425230922865,0.0,0.4160772239327619,0.6241158358991429,0.20803861196638096,8.969012063321225,5.044821296907137
23.0,2015,2,26,0,3,2,2,12,21,48068,22299,25769,6.865274194890572,5.409003911125906,0.0,0.6241158358991429,0.4160772239327619,0.4160772239327619,9.417462666487287,4.656758120221973
23.0,2015,3,13,0,10,4,0,11,16,48068,22299,25769,5.6170425230922865,2.704501955562953,0.0,2.08038611966381,0.8321544478655238,0.0,7.1752096506569805,4.268694943536808
23.0,2015,4,17,0,5,0,0,10,12,48068,22299,25769,4.576849463260381,3.536656403428476,0.0,1.040193059831905,0.0,0.0,5.381407237992735,3.8806317668516432
23.0,2016,1,37,0,4,3,1,12,33,49615,22988,26627,9.069837750680238,7.457422150559307,0.0,0.8062078000604656,0.6046558500453492,0.2015519500151164,14.355315816947972,4.506703721786157
23.0,2016,2,31,0,5,2,1,15,24,49615,22988,26627,7.86052605058954,6.248110450468609,0.0,1.007759750075582,0.4031039000302328,0.2015519500151164,10.44022968505307,5.633379652232696
23.0,2016,3,39,0,3,5,1,18,30,49615,22988,26627,9.674493600725587,7.86052605058954,0.0,0.6046558500453492,1.007759750075582,0.2015519500151164,13.050287106316338,6.760055582679236
23.0,2016,4,31,1,0,4,2,10,28,49615,22988,26627,7.658974100574423,6.248110450468609,0.2015519500151164,0.0,0.8062078000604656,0.4031039000302328,12.180267965895249,3.7555864348217973
23.0,2017,1,51,0,2,3,1,25,32,51171,23683,27488,11.139121768189014,9.966582634695433,0.0,0.39084637783119347,0.5862695667467901,0.19542318891559673,13.511801714309842,9.09487776484284
23.0,2017,2,49,0,0,3,2,21,33,51171,23683,27488,10.552852201442223,9.57573625686424,0.0,0.0,0.5862695667467901,0.39084637783119347,13.934045517882026,7.6396973224679865
23.0,2017,3,88,0,2,1,3,43,51,51171,23683,27488,18.36977975806609,17.197240624572512,0.0,0.39084637783119347,0.19542318891559673,0.5862695667467901,21.534433982181312,15.643189755529686
23.0,2017,4,118,0,1,4,1,50,74,51171,23683,27488,24.23247542553399,23.059936292040415,0.0,0.19542318891559673,0.7816927556623869,0.19542318891559673,31.246041464341513,18.18975552968568
23.0,2018,1,104,0,2,1,1,54,54,52913,24468,28445,20.4108631149245,19.654905221779146,0.0,0.37797894657267594,0.18898947328633797,0.18898947328633797,22.06964198136341,18.984004218667604
23.0,2018,2,127,0,4,3,0,69,65,52913,24468,28445,25.324589420369286,24.00166310736492,0.0,0.7559578931453519,0.5669684198590138,0.0,26.565309792381886,24.25733872385305
23.0,2018,3,106,0,1,5,3,50,65,52913,24468,28445,21.733789427928865,20.032884168351824,0.0,0.18898947328633797,0.9449473664316898,0.5669684198590138,26.565309792381886,17.577781683951486
23.0,2018,4,146,0,4,1,1,74,78,52913,24468,28445,28.72639993952337,27.592463099805343,0.0,0.7559578931453519,0.18898947328633797,0.18898947328633797,31.878371750858264,26.015116892248198
23.0,2019,1,105,0,1,2,0,57,51,56335,26066,30269,19.171030442886305,18.638501819472797,0.0,0.17750954113783618,0.35501908227567236,0.0,19.565717793293945,18.831147378506063
24.0,2015,1,82,0,18,2,3,51,54,75777,34662,41115,13.85644720693614,10.82122543779775,0.0,2.3753909497604813,0.2639323277511646,0.3958984916267469,15.579020252726329,12.404232032105071
24.0,2015,2,71,1,15,4,3,44,50,75777,34662,41115,12.404819404304735,9.369597635166343,0.1319661638755823,1.9794924581337345,0.5278646555023292,0.3958984916267469,14.425018752524378,10.701690380639668
24.0,2015,3,61,0,16,7,3,34,53,75777,34662,41115,11.481056257175661,8.04993599641052,0.0,2.1114586220093168,0.9237631471290761,0.3958984916267469,15.290519877675841,8.269488021403381
24.0,2015,4,72,3,12,7,1,43,52,75777,34662,41115,12.536785568180319,9.501563799041925,0.3958984916267469,1.5835939665069876,0.9237631471290761,0.1319661638755823,15.002019502625354,10.45847014471604
24.0,2016,1,103,0,10,1,5,56,62,75953,34712,41241,15.66758390057009,13.56101799797243,0.0,1.316603689123537,0.1316603689123537,0.6583018445617685,17.86125835445955,13.57872020562062
24.0,2016,2,75,1,16,2,0,52,42,75953,34712,41241,12.376074677761247,9.874527668426527,0.1316603689123537,2.106565902597659,0.2633207378247074,0.0,12.099562111085504,12.608811619504861
24.0,2016,3,110,0,12,5,7,57,77,75953,34712,41241,17.642489434255396,14.482640580358906,0.0,1.5799244269482442,0.6583018445617685,0.9216225823864759,22.18253053699009,13.821197352149559
24.0,2016,4,87,0,9,6,1,38,65,75953,34712,41241,13.56101799797243,11.454452095374771,0.0,1.1849433202111832,0.7899622134741221,0.1316603689123537,18.72551279096566,9.214131568099706
24.0,2017,1,166,0,12,7,3,89,99,76133,34768,41365,24.693628255815483,21.8039483535392,0.0,1.5761890376052434,0.9194436052697254,0.39404725940131086,28.474459272894613,21.515774205245982
24.0,2017,2,123,1,32,2,1,76,83,76133,34768,41365,20.884504748269478,16.155937635453746,0.1313490864671036,4.2031707669473155,0.2626981729342072,0.1313490864671036,23.87252646111367,18.373020669648252
24.0,2017,3,188,1,41,6,5,104,137,76133,34768,41365,31.655129838571973,24.693628255815483,0.1313490864671036,5.3853125451512485,0.7880945188026217,0.6567454323355181,39.40404970087437,25.14202828478182
24.0,2017,4,216,0,15,8,2,121,120,76133,34768,41365,31.655129838571973,28.37140267689438,0.0,1.9702362970065543,1.0507926917368289,0.2626981729342072,34.51449608835711,29.251782908255773
24.0,2018,1,208,0,8,4,5,95,130,76588,34962,41626,29.3779704392333,27.15830156160234,0.0,1.0445500600616284,0.5222750300308142,0.6528437875385178,37.18322750414736,22.822274539950993
24.0,2018,2,246,2,9,0,3,118,142,76588,34962,41626,33.94787695200293,32.11991434689507,0.2611375150154071,1.175118817569332,0.0,0.39170627252311063,40.61552542760712,28.34766732330755
24.0,2018,3,295,1,10,4,4,148,166,76588,34962,41626,40.998589857418914,38.51778346477255,0.13056875750770355,1.3056875750770356,0.5222750300308142,0.5222750300308142,47.48012127452663,35.55470138855523
24.0,2018,4,287,0,4,7,4,145,157,76588,34962,41626,39.43176476732648,37.473233404710925,0.0,0.5222750300308142,0.9139813025539248,0.5222750300308142,44.90589783193181,34.83399798203046
24.0,2019,1,164,0,4,5,3,72,104,80003,36556,43447,21.99917503093634,20.499231278827043,0.0,0.4999812507030986,0.6249765633788733,0.374985938027324,28.449502133712663,16.571915207033857
25.0,2015,1,48,0,4,2,1,23,31,37653,17113,20540,14.607069821793749,12.747988208110907,0.0,1.0623323506759088,0.5311661753379544,0.2655830876689772,18.114883421959913,11.197663096397275
25.0,2015,2,30,0,5,1,0,17,19,37653,17113,20540,9.56099115608318,7.967492630069317,0.0,1.3279154383448861,0.2655830876689772,0.0,11.102670484427044,8.27653359298929
25.0,2015,3,34,0,2,2,3,17,24,37653,17113,20540,10.888906594428066,9.029824980745225,0.0,0.5311661753379544,0.5311661753379544,0.7967492630069317,14.02442587506574,8.27653359298929
25.0,2015,4,35,0,0,2,2,13,26,37653,17113,20540,10.357740419090112,9.295408068414204,0.0,0.0,0.5311661753379544,0.5311661753379544,15.19312803132122,6.329113924050633
25.0,2016,1,68,0,2,0,5,31,44,38573,17512,21061,19.443652295647215,17.628911414720143,0.0,0.5184973945505924,0.0,1.2962434863764811,25.12562814070352,14.719149138217558
25.0,2016,2,44,0,0,3,0,16,31,38573,17512,21061,12.184688771938921,11.406942680113033,0.0,0.0,0.7777460918258886,0.0,17.702147099132024,7.596980200370353
25.0,2016,3,47,0,1,2,0,18,32,38573,17512,21061,12.96243486376481,12.184688771938921,0.0,0.2592486972752962,0.5184973945505924,0.0,18.273184102329832,8.546602725416648
25.0,2016,4,47,0,2,4,2,18,37,38573,17512,21061,14.25867835014129,12.184688771938921,0.0,0.5184973945505924,1.0369947891011848,0.5184973945505924,21.12836911831887,8.546602725416648
25.0,2017,1,101,2,6,1,4,45,69,39491,17913,21578,28.867336861563395,25.575447570332482,0.5064445063432175,1.5193335190296522,0.25322225317160874,1.012889012686435,38.51951096968682,20.854574103253313
25.0,2017,2,90,0,5,5,2,40,62,39491,17913,21578,25.82866982350409,22.790002785444784,0.0,1.2661112658580436,1.2661112658580436,0.5064445063432175,34.6117344945012,18.537399202891834
25.0,2017,3,126,0,9,4,2,62,79,39491,17913,21578,35.70433769719683,31.9060038996227,0.0,2.2790002785444785,1.012889012686435,0.5064445063432175,44.10204879138056,28.732968764482344
25.0,2017,4,135,1,12,7,4,69,89,39491,17913,21578,40.26233825428579,34.185004178167176,0.25322225317160874,3.0386670380593044,1.772555772201261,1.012889012686435,49.6845866130743,31.977013624988416
25.0,2018,1,127,2,2,1,4,61,75,40557,18384,22173,33.5330522474542,31.31395320166679,0.4931331212860912,0.4931331212860912,0.2465665606430456,0.9862662425721824,40.79634464751959,27.510936724845532
25.0,2018,2,123,0,1,3,1,48,80,40557,18384,22173,31.560519762309838,30.327686959094606,0.0,0.2465665606430456,0.7396996819291368,0.2465665606430456,43.51610095735422,21.647950209714516
25.0,2018,3,140,0,5,1,0,59,87,40557,18384,22173,35.998717853884656,34.519318490026386,0.0,1.232832803215228,0.2465665606430456,0.0,47.32375979112272,26.60893879944076
25.0,2018,4,156,0,7,3,4,70,100,40557,18384,22173,41.91631530931775,38.46438346031511,0.0,1.725965924501319,0.7396996819291368,0.9862662425721824,54.39512619669277,31.569927389167002
25.0,2019,1,123,0,2,2,0,57,70,42823,19418,23405,29.656960044835717,28.722882563108612,0.0,0.4670387408635546,0.4670387408635546,0.0,36.04902667627974,24.35377056184576
26.0,2015,1,89,1,8,16,17,40,90,100458,47763,52695,13.040275538035795,8.859423838818213,0.09954408807660914,0.7963527046128731,1.5927054092257462,1.6922494973023552,18.84303749764462,7.59085302210836
26.0,2015,2,61,4,14,10,21,30,80,100458,47763,52695,10.949849688427005,6.072189372673157,0.39817635230643655,1.3936172330725278,0.9954408807660913,2.090425849608792,16.749366664572996,5.69313976658127
26.0,2015,3,89,0,8,16,14,51,76,100458,47763,52695,12.642099185729359,8.859423838818213,0.0,0.7963527046128731,1.5927054092257462,1.3936172330725278,15.911898331344345,9.678337603188158
26.0,2015,4,119,5,6,10,14,47,107,100458,47763,52695,15.329789563797807,11.845746481116487,0.49772044038304564,0.5972645284596547,0.9954408807660913,1.3936172330725278,22.40227791386638,8.919252300977321
26.0,2016,1,203,2,6,12,18,90,151,99846,47464,52382,24.137171243715322,20.331310217735314,0.20030847505157945,0.6009254251547382,1.2018508503094765,1.802776275464215,31.813585032867014,17.181474552327135
26.0,2016,2,131,3,9,10,6,59,100,99846,47464,52382,15.924523766600565,13.120205115878454,0.3004627125773691,0.9013881377321075,1.0015423752578971,0.6009254251547382,21.06859935951458,11.263411095414455
26.0,2016,3,151,1,9,14,11,68,118,99846,47464,52382,18.628688179796885,15.123289866394247,0.10015423752578972,0.9013881377321075,1.402159325361056,1.101696612783687,24.860947244227205,12.981558550647168
26.0,2016,4,162,1,7,12,10,83,109,99846,47464,52382,19.229613604951624,16.224986479177936,0.10015423752578972,0.701079662680528,1.2018508503094765,1.0015423752578971,22.964773301870892,15.845137642701692
26.0,2017,1,333,1,18,4,14,166,204,99412,47261,52151,37.21884681929747,33.496962137367724,0.10059147788999315,1.8106466020198768,0.4023659115599726,1.4082806904599043,43.16455428365883,31.830645625203733
26.0,2017,2,226,2,11,15,17,110,161,99412,47261,52151,27.260290508188145,22.733674003138454,0.2011829557799863,1.1065062567899249,1.5088721683498973,1.7100551241298838,34.06614333171114,21.09259649862898
26.0,2017,3,354,2,15,18,14,181,222,99412,47261,52151,40.538365589667244,35.60938317305758,0.2011829557799863,1.5088721683498973,1.8106466020198768,1.4082806904599043,46.97319142633461,34.70690878410769
26.0,2017,4,474,1,22,11,14,248,274,99412,47261,52151,52.508751458576434,47.68036051985676,0.10059147788999315,2.2130125135798497,1.1065062567899249,1.4082806904599043,57.97592094962019,47.55421756054534
26.0,2018,1,416,2,17,13,13,189,272,99530,47242,52288,46.31769315784185,41.79644328343213,0.20094443886265445,1.708027730332563,1.3061388526072542,1.3061388526072542,57.57588586427331,36.14596083231334
26.0,2018,2,440,1,22,14,12,193,296,99530,47242,52288,49.130915301919025,44.207776549783986,0.10047221943132723,2.2103888274891994,1.4066110720385814,1.205666633175927,62.656111087591555,36.910954712362305
26.0,2018,3,538,2,19,16,13,250,338,99530,47242,52288,59.07766502562041,54.054054054054056,0.20094443886265445,1.9089721691952175,1.6075555109012356,1.3061388526072542,71.54650522839846,47.81211750305997
26.0,2018,4,537,0,15,19,8,260,319,99530,47242,52288,58.17341505073848,53.953581834622725,0.0,1.5070832914699086,1.9089721691952175,0.8037777554506178,67.5246602599382,49.72460220318237
26.0,2019,1,369,0,7,24,19,175,244,100323,47687,52636,41.765098731098554,36.781196734547414,0.0,0.6977462795171596,2.392272958344547,1.893882758689433,51.16698471281481,33.247207234592295
27.0,2015,1,158,2,17,7,6,78,112,163366,76565,86801,11.630326995825326,9.671535080738954,0.12242449469289816,1.0406082048896343,0.4284857314251435,0.3672734840786945,14.628093776529747,8.986071589036992
27.0,2015,2,94,0,8,11,4,44,73,163366,76565,86801,7.161832939534542,5.753951250566214,0.0,0.48969797877159266,0.6733347208109398,0.24484898938579633,9.534382550773852,5.069066024584971
27.0,2015,3,103,3,16,13,8,67,76,163366,76565,86801,8.753351370542218,6.3048614766842555,0.18363674203934724,0.9793959575431853,0.795759215503838,0.48969797877159266,9.926206491216615,7.71880508289075
27.0,2015,4,89,2,10,11,8,48,72,163366,76565,86801,7.3454696815738885,5.447890013833968,0.12242449469289816,0.6121224734644908,0.6733347208109398,0.48969797877159266,9.403774570626265,5.529890208638149
27.0,2016,1,154,3,14,11,11,79,114,163927,76816,87111,11.77353334106035,9.394425567478207,0.1830082902755495,0.8540386879525642,0.6710303976770147,0.6710303976770147,14.840658196209123,9.068889118481017
27.0,2016,2,136,4,11,8,14,72,101,163927,76816,87111,10.553478072556686,8.29637582582491,0.24401105370073264,0.6710303976770147,0.4880221074014653,0.8540386879525642,13.148302436992294,8.265316664944725
27.0,2016,3,165,3,7,7,9,87,104,163927,76816,87111,11.651527814209985,10.06545596515522,0.1830082902755495,0.4270193439762821,0.4270193439762821,0.5490248708266484,13.53884607373464,9.987257636808211
27.0,2016,4,166,2,8,15,15,70,136,163927,76816,87111,12.56656926558773,10.126458728580406,0.12200552685036632,0.4880221074014653,0.9150414513777475,0.9150414513777475,17.704644865652988,8.035724535362927
27.0,2017,1,227,4,13,10,11,106,159,164701,77178,87523,16.089762660821734,13.782551411345407,0.24286434205013935,0.7893091116629529,0.6071608551253483,0.6678769406378832,20.601725880432248,12.111102224558117
27.0,2017,2,258,2,13,7,17,121,176,164701,77178,87523,18.032677397222844,15.664750062233988,0.12143217102506967,0.7893091116629529,0.4250125985877438,1.0321734537130922,22.804426131799218,13.824937445014454
27.0,2017,3,303,5,12,11,17,163,185,164701,77178,87523,21.12919775836212,18.396973910298055,0.30358042756267417,0.7285930261504181,0.6678769406378832,1.0321734537130922,23.9705615589935,18.623676062292198
27.0,2017,4,433,1,9,8,14,207,258,164701,77178,87523,28.232979763328697,26.290065026927582,0.06071608551253484,0.5464447696128135,0.4857286841002787,0.8500251971754876,33.42921557956931,23.650926042297453
27.0,2018,1,353,0,18,14,7,172,220,166333,77901,88432,23.56718149735771,21.22248741981447,0.0,1.08216649732765,0.841685053477061,0.4208425267385305,28.24097251639902,19.449972860502985
27.0,2018,2,384,4,13,12,17,194,236,166333,77901,88432,25.851755213938304,23.086218609656534,0.2404814438505889,0.7815646925144139,0.7214443315517667,1.0220461363650026,30.294861426682584,21.937760086846392
27.0,2018,3,363,1,30,10,11,181,234,166333,77901,88432,24.949949799498594,21.82369102944094,0.060120360962647224,1.8036108288794166,0.6012036096264721,0.6613239705891194,30.03812531289714,20.467703998552558
27.0,2018,4,381,6,15,12,15,180,248,166333,77901,88432,25.79163485297566,22.905857526768592,0.36072216577588334,0.9018054144397083,0.7214443315517667,0.9018054144397083,31.835278109395258,20.354622760991496
27.0,2019,1,249,0,6,5,7,128,139,170068,79760,90308,15.699602511936401,14.641202342592374,0.0,0.35280005644800905,0.29400004704000754,0.41160006585601056,17.42728184553661,14.173716614253443
28.0,2015,1,150,6,28,8,16,91,117,261019,125124,135895,7.968768557078221,5.746708094046793,0.22986832376187175,1.072718844222068,0.3064910983491623,0.6129821966983247,9.350724081710943,6.696346443945693
28.0,2015,2,111,6,40,4,12,82,91,261019,125124,135895,6.627870001800635,4.252563989594627,0.22986832376187175,1.5324554917458115,0.15324554917458116,0.4597366475237435,7.272785396886289,6.034070422016998
28.0,2015,3,129,8,36,7,13,85,108,261019,125124,135895,7.394097747673541,4.942168960880243,0.3064910983491623,1.3792099425712303,0.268179711055517,0.4980480348173888,8.631437613887025,6.254829095993229
28.0,2015,4,142,14,24,4,12,77,119,261019,125124,135895,7.509031909554476,5.440216995697631,0.536359422111034,0.919473295047487,0.15324554917458116,0.4597366475237435,9.510565519005146,5.666139298723279
28.0,2016,1,226,8,36,5,12,127,160,262149,125581,136568,10.947972336343073,8.621051386806739,0.30516996059492885,1.3732648226771798,0.19073122537183052,0.45775494089239327,12.74078085060638,9.29939663757249
28.0,2016,2,171,10,24,5,23,99,134,262149,125581,136568,8.888075102327303,6.523007907716604,0.38146245074366103,0.9155098817847865,0.19073122537183052,0.8773636367104204,10.670403962382844,7.249135961572256
28.0,2016,3,203,9,22,4,26,111,153,262149,125581,136568,10.070608699632652,7.743687750096319,0.34331620566929494,0.8392173916360544,0.15258498029746442,0.9918023719335187,12.183371688392352,8.1278191084295
28.0,2016,4,239,5,20,11,22,124,173,262149,125581,136568,11.329434787086734,9.1169525727735,0.19073122537183052,0.7629249014873221,0.4196086958180272,0.8392173916360544,13.77596929471815,9.07972585085818
28.0,2017,1,371,10,24,7,31,187,256,263441,126201,137240,16.81590944461948,14.082849670324666,0.3795916353187241,0.9110199247649379,0.2657141447231069,1.1767340694880448,20.285100751975026,13.625765083066161
28.0,2017,2,325,9,22,8,26,147,243,263441,126201,137240,14.804073777430242,12.336728147858535,0.34163247178685174,0.835101597701193,0.3036733082549793,0.9869382518286827,19.25499797941379,10.711162926260567
28.0,2017,3,472,4,31,10,35,245,307,263441,126201,137240,20.953458269593572,17.916725187043777,0.15183665412748965,1.1767340694880448,0.3795916353187241,1.3285707236155344,24.32627316740755,17.851938210434273
28.0,2017,4,497,12,15,8,21,222,331,263441,126201,137240,20.991417433125445,18.86570427534059,0.45550996238246894,0.5693874529780862,0.3036733082549793,0.7971424341693206,26.228001362905207,16.176041970271058
28.0,2018,1,436,5,33,15,24,228,285,266238,127428,138810,19.268474072070852,16.37632494234482,0.1878018915406516,1.2394924841683006,0.5634056746219548,0.9014490793951276,22.36557114605895,16.425329587205532
28.0,2018,2,499,8,29,13,40,263,326,266238,127428,138810,22.12306282348876,18.74262877575703,0.30048302646504255,1.0892509709357792,0.4882849180056941,1.5024151323252128,25.58307436356217,18.946761760680065
28.0,2018,3,523,4,48,30,32,259,378,266238,127428,138810,23.925960982279015,19.644077855152158,0.15024151323252127,1.8028981587902553,1.1268113492439096,1.2019321058601702,29.663810151615028,18.65859808371155
28.0,2018,4,491,4,34,19,31,253,325,266238,127428,138810,21.747459040407456,18.44214574929199,0.15024151323252127,1.2770528624764308,0.713647187854476,1.16437172755204,25.50459867533038,18.226352568258772
28.0,2019,1,344,5,20,7,20,184,212,272474,130548,141926,14.533496774004124,12.62505780368035,0.18350374714651674,0.734014988586067,0.25690524600512343,0.734014988586067,16.239237675031408,12.964502628130152
29.0,2015,1,56,2,14,11,14,34,63,114940,54345,60595,8.439185662084565,4.8721071863581,0.17400382808421785,1.218026796589525,0.9570210544631982,1.218026796589525,11.592602815346398,5.611024011882169
29.0,2015,2,41,4,9,9,10,28,45,114940,54345,60595,6.351139725073951,3.567078475726466,0.3480076561684357,0.7830172263789803,0.7830172263789803,0.8700191404210893,8.280430582390284,4.620843303902962
29.0,2015,3,51,4,15,9,13,33,59,114940,54345,60595,8.00417609187402,4.437097616147555,0.3480076561684357,1.3050287106316338,0.7830172263789803,1.131024882547416,10.856564541356152,5.445993893885634
29.0,2015,4,84,2,9,6,9,40,70,114940,54345,60595,9.570210544631982,7.30816077953715,0.17400382808421785,0.7830172263789803,0.5220114842526535,0.7830172263789803,12.880669794829332,6.601204719861375
29.0,2016,1,154,2,8,9,7,74,106,112786,53241,59545,15.959427588530492,13.654176936853865,0.17732697320589433,0.7093078928235773,0.7979713794265245,0.6206444062206302,19.909468266937136,12.427575783021245
29.0,2016,2,116,3,12,8,8,58,89,112786,53241,59545,13.033532530633234,10.284964445941872,0.26599045980884156,1.0639618392353662,0.7093078928235773,0.7093078928235773,16.71644033733401,9.74053237047611
29.0,2016,3,138,2,10,10,16,60,116,112786,53241,59545,15.604773642118703,12.23556115120671,0.17732697320589433,0.8866348660294717,0.8866348660294717,1.4186157856471546,21.787719990233093,10.076412797044252
29.0,2016,4,99,3,5,10,10,53,74,112786,53241,59545,11.260262798574292,8.77768517369177,0.26599045980884156,0.44331743301473586,0.8866348660294717,0.8866348660294717,13.899062752390076,8.900831304055757
29.0,2017,1,210,2,9,12,13,70,176,110868,52265,58603,22.188548544214743,18.941443879207707,0.18039470361150198,0.8117761662517589,1.0823682216690118,1.1725655734747629,33.67454319334163,11.944780983908673
29.0,2017,2,205,3,7,17,19,91,160,110868,52265,58603,22.639535303243495,18.490457120178952,0.27059205541725295,0.6313814626402569,1.5333549806977667,1.7137496843092686,30.61322108485602,15.528215279081277
29.0,2017,3,272,1,4,11,15,114,189,110868,52265,58603,27.329797597142544,24.533679691164267,0.09019735180575099,0.36078940722300396,0.9921708698632609,1.3529602770862645,36.161867406486174,19.452929030936982
29.0,2017,4,294,1,3,16,13,137,190,110868,52265,58603,29.49453404048057,26.518021430890787,0.09019735180575099,0.27059205541725295,1.4431576288920158,1.1725655734747629,36.35320003826653,23.37764278279269
29.0,2018,1,309,3,7,16,10,145,200,109581,51503,58078,31.483560106222793,28.198319051660416,0.2737700878801982,0.6387968717204625,1.460107135361057,0.9125669596006607,38.83268935790148,24.966424463652327
29.0,2018,2,333,1,7,12,14,148,219,109581,51503,58078,33.49120741734425,30.388479754702,0.09125669596006607,0.6387968717204625,1.0950803515207927,1.277593743440925,42.521794846902125,25.482971176693415
29.0,2018,3,361,1,17,11,21,172,239,109581,51503,58078,37.506502039587154,32.94366724158385,0.09125669596006607,1.5513638313211233,1.0038236555607267,1.9163906151613874,46.40506378269227,29.615344881022075
29.0,2018,4,336,0,9,8,13,145,221,109581,51503,58078,33.39995072138418,30.6622498425822,0.0,0.8213102636405946,0.7300535676805285,1.1863370474808588,42.91012174048114,24.966424463652327
29.0,2019,1,213,0,3,7,9,99,133,110128,51823,58305,21.06639546709284,19.341130321080925,0.0,0.27241028621240737,0.6356240011622838,0.8172308586372221,25.664280338845685,16.979675842552098
30.0,2015,1,91,2,22,11,15,57,83,124317,59133,65184,11.341972537947344,7.319996460661052,0.16087904309145168,1.7696694740059686,0.8848347370029843,1.2065928231858876,14.036155784418176,8.744477172312225
30.0,2015,2,67,3,27,5,14,56,60,124317,59133,65184,9.330984499304197,5.389447943563632,0.24131856463717752,2.171867081734598,0.4021976077286292,1.126153301640162,10.14661863933844,8.59106529209622
30.0,2015,3,70,3,19,13,15,47,73,124317,59133,65184,9.6527425854871,5.630766508200809,0.24131856463717752,1.528350909368791,1.045713780094436,1.2065928231858876,12.345052677861771,7.210358370152185
30.0,2015,4,119,4,14,14,18,62,107,124317,59133,65184,13.594279141227666,9.572303063941376,0.32175808618290336,1.126153301640162,1.126153301640162,1.4479113878230652,18.094803240153553,9.511536573392243
30.0,2016,1,223,1,16,18,16,98,176,124272,59070,65202,22.048409939487573,17.944508819363975,0.08046864941418824,1.2874983906270119,1.4484356894553883,1.2874983906270119,29.7951582867784,15.030213797122787
30.0,2016,2,126,4,14,3,9,66,90,124272,59070,65202,12.553109308613365,10.139049826187717,0.32187459765675297,1.1265610917986353,0.2414059482425647,0.7242178447276941,15.236160487557136,10.122388883776571
30.0,2016,3,132,3,7,5,11,63,95,124272,59070,65202,12.714046607441741,10.621861722672847,0.2414059482425647,0.5632805458993176,0.40234324707094116,0.8851551435560706,16.082613847976976,9.662280298150364
30.0,2016,4,163,0,14,13,18,78,130,124272,59070,65202,16.73747907815115,13.116389854512683,0.0,1.1265610917986353,1.0460924423844469,1.4484356894553883,22.00778737091586,11.962823226281403
30.0,2017,1,255,2,12,11,20,121,179,124447,59128,65319,24.106647809911045,20.490650638424388,0.16071098539940698,0.9642659123964419,0.8839104196967383,1.6071098539940698,30.273305371397644,18.52447220563695
30.0,2017,2,230,2,12,11,18,99,174,124447,59128,65319,21.93704950701905,18.4817633209318,0.16071098539940698,0.9642659123964419,0.8839104196967383,1.4463988685946627,29.427682316330674,15.156386350066596
30.0,2017,3,380,2,7,16,12,184,232,124447,59128,65319,33.50824045577635,30.535087225887327,0.16071098539940698,0.5624884488979244,1.2856878831952558,0.9642659123964419,39.23690975510756,28.16944533749751
30.0,2017,4,420,5,14,10,16,209,256,124447,59128,65319,37.36530410536212,33.74930693387547,0.40177746349851745,1.1249768977958488,0.8035549269970349,1.2856878831952558,43.29590041942903,31.99681562791837
30.0,2018,1,356,3,13,24,13,167,242,125315,59415,65900,32.63775286278578,28.408410804771975,0.23939672026493236,1.037385787814707,1.9151737621194589,1.037385787814707,40.73045527223765,25.34142640364188
30.0,2018,2,432,1,27,15,14,199,290,125315,59415,65900,39.021665403183974,34.47312771815026,0.07979890675497746,2.154570482384391,1.1969836013246618,1.1171846945696844,48.809223260119495,30.197268588770864
30.0,2018,3,440,1,16,25,24,203,303,125315,59415,65900,40.378246818018596,35.111518972190076,0.07979890675497746,1.2767825080796393,1.9949726688744365,1.9151737621194589,50.99722292350417,30.80424886191199
30.0,2018,4,413,1,14,15,12,175,280,125315,59415,65900,36.308502573514744,32.95694848980569,0.07979890675497746,1.1171846945696844,1.1969836013246618,0.9575868810597294,47.126146595977445,26.555386949924127
30.0,2019,1,276,1,6,18,5,125,181,126709,60161,66548,24.149823611582445,21.78219384574103,0.07892099219471388,0.4735259531682832,1.4205778595048497,0.3946049609735694,30.085936071541365,18.783434513433914
31.0,2015,1,51,0,2,9,5,20,47,65135,30471,34664,10.28632839487219,7.829891763260919,0.0,0.30705457895140864,1.3817456052813388,0.7676364473785214,15.424501985494405,5.7696745903531035
31.0,2015,2,48,0,23,6,8,35,50,65135,30471,34664,13.049819605434866,7.3693098948338065,0.0,3.531127657941199,0.9211637368542258,1.2282183158056346,16.40904466541958,10.096930533117932
31.0,2015,3,52,0,5,6,5,26,42,65135,30471,34664,10.439855684347894,7.9834190527366236,0.0,0.7676364473785214,0.9211637368542258,0.7676364473785214,13.783597518952446,7.500576967459035
31.0,2015,4,67,0,3,8,2,26,54,65135,30471,34664,12.282183158056343,10.28632839487219,0.0,0.4605818684271129,1.2282183158056346,0.30705457895140864,17.721768238653144,7.500576967459035
31.0,2016,1,120,1,7,16,4,44,104,65158,30469,34689,22.714018232603824,18.416771539949046,0.15347309616624205,1.0743116731636944,2.455569538659873,0.6138923846649682,34.13305326725524,12.684136181498458
31.0,2016,2,91,0,0,13,9,39,74,65158,30469,34689,17.34245986678535,13.966051751128028,0.0,0.0,1.9951502501611469,1.3812578654961785,24.286980209393153,11.242757069964542
31.0,2016,3,95,0,3,9,7,42,72,65158,30469,34689,17.495932962951596,14.579944135792996,0.0,0.46041928849872615,1.3812578654961785,1.0743116731636944,23.63057533886901,12.107584536884891
31.0,2016,4,98,0,5,5,6,49,65,65158,30469,34689,17.495932962951596,15.040363424291721,0.0,0.7673654808312104,0.7673654808312104,0.9208385769974523,21.333158292034526,14.125515293032372
31.0,2017,1,191,0,14,10,10,83,142,65292,30527,34765,34.46057709979783,29.253201004717273,0.0,2.1442136862096426,1.5315812044354593,1.5315812044354593,46.51619877485504,23.874586509420393
31.0,2017,2,158,2,8,12,12,71,121,65292,30527,34765,29.406359125160815,24.198983030080257,0.30631624088709186,1.2252649635483674,1.837897445322551,1.837897445322551,39.63704261801029,20.422839062275276
31.0,2017,3,236,0,13,11,10,104,166,65292,30527,34765,41.35269251975739,36.145316424676835,0.0,1.9910555657660969,1.6847393248790052,1.5315812044354593,54.37809152553477,29.91514454192435
31.0,2017,4,285,0,15,6,6,153,159,65292,30527,34765,47.78533357838633,43.650064326410586,0.0,2.2973718066531887,0.9189487226612755,0.9189487226612755,52.08503947325319,44.00977995110024
31.0,2018,1,259,0,11,9,4,115,168,65800,30709,35091,43.00911854103344,39.361702127659576,0.0,1.6717325227963526,1.3677811550151975,0.60790273556231,54.70708912696603,32.77193582400046
31.0,2018,2,296,1,15,11,8,148,183,65800,30709,35091,50.30395136778116,44.984802431610944,0.1519756838905775,2.2796352583586623,1.6717325227963526,1.21580547112462,59.59165065615943,42.17605653871363
31.0,2018,3,306,1,6,8,7,124,204,65800,30709,35091,49.848024316109424,46.50455927051672,0.1519756838905775,0.911854103343465,1.21580547112462,1.0638297872340425,66.43003679703018,35.33669601892223
31.0,2018,4,307,0,8,17,8,161,179,65800,30709,35091,51.671732522796354,46.6565349544073,0.0,1.21580547112462,2.5835866261398177,1.21580547112462,58.28910091504119,45.88071015360064
31.0,2019,1,210,0,1,9,11,93,138,66554,31112,35442,34.70865763139706,31.553325119451873,0.0,0.15025392914024702,1.3522853622622233,1.6527932205427172,44.35587554641296,26.240054173015068
32.0,2015,1,45,3,7,8,8,30,41,95088,45923,49165,7.4667676257782265,4.732458354366481,0.3154972236244321,0.7361601884570081,0.8413259296651523,0.8413259296651523,8.92798815408401,6.101901759381674
32.0,2015,2,58,3,7,4,9,30,51,95088,45923,49165,8.518425037859668,6.099612990072354,0.3154972236244321,0.7361601884570081,0.42066296483257615,0.9464916708732963,11.105546240445962,6.101901759381674
32.0,2015,3,25,4,5,2,8,16,28,95088,45923,49165,4.627292613158338,2.6291435302036006,0.42066296483257615,0.5258287060407202,0.21033148241628807,0.8413259296651523,6.09716264181347,3.2543476050035594
32.0,2015,4,34,6,8,5,13,24,42,95088,45923,49165,6.940938919737507,3.575635201076897,0.6309944472488642,0.8413259296651523,0.5258287060407202,1.3671546357058726,9.145743962720205,4.881521407505339
32.0,2016,1,46,2,6,1,7,20,42,95716,46157,49559,6.477495925446111,4.805884073718083,0.2089514814660036,0.6268544443980109,0.1044757407330018,0.7313301851310126,9.099378209155708,4.035593938537904
32.0,2016,2,27,6,12,4,4,20,33,95716,46157,49559,5.537214258849096,2.8208449997910487,0.6268544443980109,1.2537088887960217,0.4179029629320072,0.4179029629320072,7.1495114500509125,4.035593938537904
32.0,2016,3,45,2,11,5,8,27,44,95716,46157,49559,7.417777592043128,4.701408332985081,0.2089514814660036,1.1492331480630198,0.5223787036650089,0.8358059258640144,9.532681933401218,5.448051817026172
32.0,2016,4,48,4,4,12,6,27,47,95716,46157,49559,7.731204814242133,5.014835555184087,0.4179029629320072,0.4179029629320072,1.2537088887960217,0.6268544443980109,10.182637519769482,5.448051817026172
32.0,2017,1,65,1,10,4,0,36,44,96512,46487,50025,8.289124668435013,6.734913793103448,0.10361405835543766,1.0361405835543767,0.41445623342175064,0.0,9.465011723707702,7.19640179910045
32.0,2017,2,70,1,5,5,7,34,54,96512,46487,50025,9.118037135278515,7.252984084880636,0.10361405835543766,0.5180702917771883,0.5180702917771883,0.7252984084880636,11.616150751823092,6.796601699150425
32.0,2017,3,93,5,6,0,10,47,67,96512,46487,50025,11.812002652519894,9.636107427055702,0.5180702917771883,0.621684350132626,0.0,1.0361405835543767,14.412631488373094,9.395302348825588
32.0,2017,4,78,2,3,0,6,32,57,96512,46487,50025,9.221651193633953,8.081896551724137,0.20722811671087532,0.310842175066313,0.0,0.621684350132626,12.261492460257706,6.3968015992004
32.0,2018,1,70,4,20,4,7,51,54,97856,47245,50611,10.73005232177894,7.153368214519293,0.4087638979725311,2.0438194898626554,0.4087638979725311,0.7153368214519293,11.429780929198857,10.076860761494537
32.0,2018,2,85,0,17,6,12,51,69,97856,47245,50611,12.26291693917593,8.686232831916284,0.0,1.737246566383257,0.6131458469587966,1.2262916939175932,14.60472007619854,10.076860761494537
32.0,2018,3,95,5,13,5,7,59,66,97856,47245,50611,12.773871811641596,9.708142576847614,0.5109548724656638,1.328482668410726,0.5109548724656638,0.7153368214519293,13.969732246798603,11.657544802513288
32.0,2018,4,72,2,9,4,6,43,50,97856,47245,50611,9.503760627861347,7.3577501635055595,0.20438194898626555,0.9197187704381949,0.4087638979725311,0.6131458469587966,10.583130489998942,8.496176720475786
32.0,2019,1,59,2,3,6,4,19,55,100161,48278,51883,7.388105150707361,5.890516268807221,0.19967851758668545,0.29951777638002813,0.5990355527600563,0.3993570351733709,11.39235262438378,3.662085847001908
33.0,2015,1,84,0,15,6,6,39,72,41555,20046,21509,26.711587053302853,20.214173986283242,0.0,3.609673926122007,1.443869570448803,1.443869570448803,35.917390002993116,18.13194476730671
33.0,2015,2,74,4,6,3,4,31,60,41555,20046,21509,21.898688485140173,17.807724702201902,0.9625797136325351,1.443869570448803,0.7219347852244015,0.9625797136325351,29.9311583358276,14.412571481705331
33.0,2015,3,35,2,9,5,11,26,36,41555,20046,21509,14.919985561304294,8.422572494284683,0.48128985681626757,2.1658043556732043,1.203224642040669,2.647094212489472,17.958695001496558,12.087963178204474
33.0,2015,4,32,0,2,8,3,16,29,41555,20046,21509,10.829021778366021,7.700637709060281,0.0,0.48128985681626757,1.9251594272650703,0.7219347852244015,14.466726528983338,7.438746571202753
33.0,2016,1,63,1,8,5,2,36,43,41623,20079,21544,18.97989092569012,15.1358623837782,0.24025178386949525,1.922014270955962,1.201258919347476,0.4805035677389905,21.41540913392101,16.709988860007428
33.0,2016,2,73,0,4,3,2,34,48,41623,20079,21544,19.70064627729861,17.53838022247315,0.0,0.961007135477981,0.7207553516084857,0.4805035677389905,23.905572986702524,15.781656145562568
33.0,2016,3,60,2,4,8,3,17,60,41623,20079,21544,18.499387357951132,14.415107032169715,0.4805035677389905,0.961007135477981,1.922014270955962,0.7207553516084857,29.881966233378158,7.890828072781284
33.0,2016,4,57,0,7,11,6,35,45,41623,20079,21544,19.460394493429114,13.694351680561228,0.0,1.6817624870864667,2.6427696225644475,1.4415107032169714,22.411474675033617,16.245822502785
33.0,2017,1,73,3,4,7,3,41,49,41773,20155,21618,21.545017116319155,17.475402772125538,0.7181672372106385,0.9575563162808512,1.6757235534914898,0.7181672372106385,24.311585214586948,18.96567675085577
33.0,2017,2,90,1,2,7,4,49,55,41773,20155,21618,24.896464223302132,21.545017116319155,0.2393890790702128,0.4787781581404256,1.6757235534914898,0.9575563162808512,27.288514016373107,22.666296604681285
33.0,2017,3,106,1,1,6,6,52,68,41773,20155,21618,28.726689488425535,25.375242381442558,0.2393890790702128,0.2393890790702128,1.436334474421277,1.436334474421277,33.73852642024311,24.054029049865854
33.0,2017,4,115,4,9,9,3,60,80,41773,20155,21618,33.514471069829796,27.529744093074473,0.9575563162808512,2.1545017116319154,2.1545017116319154,0.7181672372106385,39.69238402381543,27.75464890369137
33.0,2018,1,104,0,12,10,10,58,78,42167,20418,21749,32.25270946474732,24.66383664951265,0.0,2.8458273057129984,2.3715227547608317,2.3715227547608317,38.201586835145456,26.667892776679388
33.0,2018,2,119,0,13,9,9,72,78,42167,20418,21749,35.57284132141248,28.221120781653898,0.0,3.082979581189081,2.134370479284749,2.134370479284749,38.201586835145456,33.10497034346407
33.0,2018,3,142,1,6,7,14,76,94,42167,20418,21749,40.31588683093414,33.67562311760381,0.2371522754760832,1.4229136528564992,1.6600659283325825,3.320131856665165,46.03780977568812,34.9441353625454
33.0,2018,4,151,1,12,6,4,81,92,42167,20418,21749,41.26449593283847,35.80999359688856,0.2371522754760832,2.8458273057129984,1.4229136528564992,0.9486091019043328,45.058281908120286,37.243091636397075
33.0,2019,1,96,2,6,6,4,57,57,42929,20777,22152,26.55547531971395,22.362505532390692,0.4658855319248061,1.3976565957744183,1.3976565957744183,0.9317710638496122,27.434182028204262,25.73131094257855
34.0,2015,1,74,1,9,12,9,41,64,79379,38440,40939,13.22767986495169,9.322364857204047,0.12597790347573035,1.1338011312815732,1.5117348417087644,1.1338011312815732,16.64932362122789,10.014900217396614
34.0,2015,2,97,2,6,5,12,48,74,79379,38440,40939,15.369304224039103,12.219856637145845,0.2519558069514607,0.7558674208543822,0.6298895173786518,1.5117348417087644,19.250780437044746,11.724761230122866
34.0,2015,3,78,3,11,14,16,48,74,79379,38440,40939,15.369304224039103,9.826276471106969,0.3779337104271911,1.385756938233034,1.763690648660225,2.0156464556116855,19.250780437044746,11.724761230122866
34.0,2015,4,72,8,5,9,8,33,69,79379,38440,40939,12.849746154524496,9.070409050252586,1.0078232278058428,0.6298895173786518,1.1338011312815732,1.0078232278058428,17.950052029136316,8.06077334570947
34.0,2016,1,119,2,15,13,10,66,93,78777,38113,40664,20.183556114094216,15.105931934447872,0.2538812089823172,1.9041090673673788,1.6502278583850616,1.269406044911586,24.40112297641225,16.23057249655715
34.0,2016,2,98,1,9,8,10,44,82,78777,38113,40664,15.994516165885981,12.440179240133542,0.1269406044911586,1.1424654404204273,1.0155248359292688,1.269406044911586,21.514968645868862,10.820381664371434
34.0,2016,3,109,2,7,10,15,46,97,78777,38113,40664,18.152506442235676,13.836525889536286,0.2538812089823172,0.8885842314381102,1.269406044911586,1.9041090673673788,25.450633642064385,11.312217194570136
34.0,2016,4,127,4,12,9,8,46,114,78777,38113,40664,20.310496718585377,16.12145677037714,0.5077624179646344,1.523287253893903,1.1424654404204273,1.0155248359292688,29.91105397108598,11.312217194570136
34.0,2017,1,160,4,16,10,14,80,124,78340,37878,40462,26.040336992596377,20.42379371968343,0.5105948429920858,2.042379371968343,1.2764871074802144,1.7870819504723001,32.736680922963195,19.771637585883052
34.0,2017,2,142,3,17,13,12,70,117,78340,37878,40462,23.87030890988001,18.126116926219044,0.3829461322440643,2.1700280827163647,1.6594332397242788,1.5317845289762573,30.88864248376366,17.30018288764767
34.0,2017,3,182,3,7,12,19,81,142,78340,37878,40462,28.465662496808783,23.232065356139902,0.3829461322440643,0.8935409752361501,1.5317845289762573,2.4253255042124073,37.488779766619146,20.01878305570659
34.0,2017,4,217,1,6,7,12,102,141,78340,37878,40462,31.01863671176921,27.699770232320656,0.12764871074802145,0.7658922644881286,0.8935409752361501,1.5317845289762573,37.224774275304924,25.208837922000892
34.0,2018,1,190,1,25,11,20,108,139,78361,37998,40363,31.520782021668943,24.246755401283803,0.12761450211202002,3.1903625528005,1.40375952323222,2.5522900422404,36.58087267750934,26.75717860416718
34.0,2018,2,219,1,15,7,11,102,151,78361,37998,40363,32.28646903434106,27.947575962532383,0.12761450211202002,1.9142175316803003,0.89330151478414,1.40375952323222,39.73893362808569,25.27066868171345
34.0,2018,3,197,2,27,13,7,118,128,78361,37998,40363,31.393167519556922,25.14005691606794,0.25522900422404005,3.44559155702454,1.65898852745626,0.89330151478414,33.68598347281436,29.234695141590073
34.0,2018,4,208,3,10,9,19,93,156,78361,37998,40363,31.77601102589298,26.54381643930016,0.38284350633606,1.2761450211202,1.14853051900818,2.4246755401283804,41.054792357492495,23.04090379803285
34.0,2019,1,162,0,3,7,6,62,116,79269,38378,40891,22.45518424604827,20.43674071831359,0.0,0.3784581614502517,0.8830690433839206,0.7569163229005034,30.225650112043358,15.162260644151525
35.0,2015,1,26,1,1,1,2,12,19,25069,11890,13179,12.365870198252821,10.371375004986238,0.39889903865331683,0.39889903865331683,0.39889903865331683,0.7977980773066337,15.979814970563499,9.105394946505806
35.0,2015,2,24,0,2,1,8,13,22,25069,11890,13179,13.96146635286609,9.573576927679605,0.0,0.7977980773066337,0.39889903865331683,3.1911923092265346,18.502943650126156,9.864177858714621
35.0,2015,3,19,0,4,3,5,18,13,25069,11890,13179,12.365870198252821,7.57908173441302,0.0,1.5955961546132673,1.1966971159599507,1.9944951932665842,10.933557611438184,13.658092419758708
35.0,2015,4,33,1,3,4,2,15,28,25069,11890,13179,17.152658662092623,13.163668275559457,0.39889903865331683,1.1966971159599507,1.5955961546132673,0.7977980773066337,23.549201009251473,11.381743683132257
35.0,2016,1,43,4,1,5,5,16,42,24922,11792,13130,23.27261054490009,17.25383195570179,1.605007623786213,0.40125190594655324,2.006259529732766,2.006259529732766,35.61736770691994,12.185833968012185
35.0,2016,2,41,2,2,5,3,20,33,24922,11792,13130,21.26635101516732,16.451328143808684,0.8025038118931065,0.8025038118931065,2.006259529732766,1.2037557178396596,27.98507462686567,15.232292460015232
35.0,2016,3,45,0,2,5,3,24,31,24922,11792,13130,22.068854827060427,18.056335767594895,0.0,0.8025038118931065,2.006259529732766,1.2037557178396596,26.289009497964724,18.278750952018278
35.0,2016,4,60,1,0,4,4,27,42,24922,11792,13130,27.686381510312174,24.075114356793197,0.40125190594655324,0.0,1.605007623786213,1.605007623786213,35.61736770691994,20.563594821020565
35.0,2017,1,75,2,1,5,4,26,61,24864,11743,13121,34.99034749034749,30.164092664092664,0.8043758043758044,0.4021879021879022,2.0109395109395107,1.6087516087516087,51.94584007493826,19.815562838198307
35.0,2017,2,75,0,2,8,3,29,59,24864,11743,13121,35.39253539253539,30.164092664092664,0.0,0.8043758043758044,3.2175032175032174,1.2065637065637065,50.2426977773993,22.1019739349135
35.0,2017,3,95,1,3,8,3,40,70,24864,11743,13121,44.24066924066924,38.20785070785071,0.4021879021879022,1.2065637065637065,3.2175032175032174,1.2065637065637065,59.60998041386358,30.48548128953586
35.0,2017,4,96,1,1,5,2,54,51,24864,11743,13121,42.22972972972973,38.61003861003861,0.4021879021879022,0.4021879021879022,2.0109395109395107,0.8043758043758044,43.43012858724346,41.155399740873406
35.0,2018,1,87,1,5,6,5,50,54,24983,11921,13062,41.62830724892927,34.82368010246968,0.4002721850858584,2.001360925429292,2.4016331105151503,2.001360925429292,45.29821323714454,38.278977185729595
35.0,2018,2,89,0,8,4,4,47,58,24983,11921,13062,42.02857943401513,35.624224472641394,0.0,3.202177480686867,1.6010887403434335,1.6010887403434335,48.653636439895976,35.98223855458582
35.0,2018,3,125,0,8,10,3,56,90,24983,11921,13062,58.43973902253532,50.0340231357323,0.0,3.202177480686867,4.002721850858584,1.2008165552575751,75.49702206190756,42.87245444801715
35.0,2018,4,101,0,0,10,5,46,70,24983,11921,13062,46.431573469959574,40.4274906936717,0.0,0.0,4.002721850858584,2.001360925429292,58.71990604815032,35.21665901087123
35.0,2019,1,74,0,2,3,2,36,45,25387,12038,13349,31.906093669988575,29.148776933075986,0.0,0.7878047819750266,1.18170717296254,0.7878047819750266,37.38162485462701,26.968312233126078
36.0,2015,1,94,7,5,3,6,38,77,46706,22094,24612,24.622104226437717,20.125893889436046,1.4987367790005566,1.0705262707146834,0.6423157624288099,1.2846315248576199,34.851090793880694,15.439622948155371
36.0,2015,2,63,0,8,3,3,32,45,46706,22094,24612,16.486104569006123,13.48863101100501,0.0,1.7128420331434933,0.6423157624288099,0.6423157624288099,20.367520593826377,13.001787745815049
36.0,2015,3,53,2,13,6,16,34,56,46706,22094,24612,19.2694728728643,11.347578469575643,0.4282105082858733,2.7833683038581767,1.2846315248576199,3.4256840662869865,25.34624785009505,13.814399479928491
36.0,2015,4,51,1,5,6,16,24,55,46706,22094,24612,16.914315077291995,10.919367961289769,0.21410525414293666,1.0705262707146834,1.2846315248576199,3.4256840662869865,24.89363628134335,9.751340809361286
36.0,2016,1,109,4,6,12,8,48,91,46509,21989,24520,29.88668859790578,23.436324152314608,0.8600485927454902,1.2900728891182351,2.5801457782364703,1.7200971854909803,41.384328527900315,19.575856443719413
36.0,2016,2,98,2,2,11,7,42,78,46509,21989,24520,25.801457782364704,21.07119052226451,0.4300242963727451,0.4300242963727451,2.3651336300500976,1.5050850373046076,35.47228159534313,17.128874388254484
36.0,2016,3,104,3,6,14,16,41,102,46509,21989,24520,30.746737190651274,22.361263411382744,0.6450364445591176,1.2900728891182351,3.0101700746092153,3.4401943709819607,46.38682977852563,16.721044045676997
36.0,2016,4,85,5,6,14,7,40,77,46509,21989,24520,25.156421337805586,18.276032595841667,1.0750607409318627,1.2900728891182351,3.0101700746092153,1.5050850373046076,35.01750875437719,16.31321370309951
36.0,2017,1,139,6,6,9,13,60,113,46401,21932,24469,37.28367923105105,29.956250942867612,1.2930755802676668,1.2930755802676668,1.9396133704015,2.801663757246611,51.5228889294182,24.520822264906617
36.0,2017,2,120,2,6,15,17,59,101,46401,21932,24469,34.482015473804445,25.861511605353332,0.4310251934225556,1.2930755802676668,3.2326889506691665,3.6637141440917222,46.05143169797556,24.11214189382484
36.0,2017,3,134,2,3,12,10,73,88,46401,21932,24469,34.69752807051572,28.878687959311222,0.4310251934225556,0.6465377901338334,2.5861511605353336,2.155125967112778,40.124019697246034,29.83366708896972
36.0,2017,4,129,2,7,9,8,69,86,46401,21932,24469,33.404452490248055,27.801124975754835,0.4310251934225556,1.5085881769789444,1.9396133704015,1.7241007736902223,39.21211015867226,28.198945604642606
36.0,2018,1,140,1,11,7,8,84,83,46555,22110,24445,35.87154977983031,30.07195789925894,0.214799699280421,2.362796692084631,1.503597894962947,1.718397594243368,37.539574853007686,34.362855389650235
36.0,2018,2,139,3,7,14,13,56,120,46555,22110,24445,37.80474707335409,29.85715819997852,0.644399097841263,1.503597894962947,3.007195789925894,2.792396090645473,54.27408412483039,22.908570259766826
36.0,2018,3,150,3,7,11,11,64,118,46555,22110,24445,39.093545269036625,32.21995489206315,0.644399097841263,1.503597894962947,2.362796692084631,2.362796692084631,53.369516056083214,26.181223154019225
36.0,2018,4,147,3,4,10,12,71,104,46555,22110,24445,37.80474707335409,31.575555794221888,0.644399097841263,0.859198797121684,2.14799699280421,2.577596391365052,47.03753957485301,29.04479443649008
36.0,2019,1,97,0,4,7,9,51,66,47491,22523,24968,24.636246867827587,20.42492261691689,0.0,0.8422648501821398,1.4739634878187446,1.8950959129098146,29.30337876837011,20.42614546619673
37.0,2015,1,49,2,3,1,7,23,39,37800,17330,20470,16.402116402116402,12.962962962962962,0.5291005291005291,0.7936507936507936,0.26455026455026454,1.8518518518518519,22.504327755337567,11.235955056179776
37.0,2015,2,41,1,0,3,8,13,40,37800,17330,20470,14.021164021164022,10.846560846560847,0.26455026455026454,0.0,0.7936507936507936,2.1164021164021163,23.08136180034622,6.350757205666829
37.0,2015,3,25,3,7,5,1,16,25,37800,17330,20470,10.846560846560847,6.613756613756613,0.7936507936507936,1.8518518518518519,1.3227513227513228,0.26455026455026454,14.425851125216388,7.816316560820713
37.0,2015,4,40,2,3,8,7,17,43,37800,17330,20470,15.873015873015873,10.582010582010582,0.5291005291005291,0.7936507936507936,2.1164021164021163,1.8518518518518519,24.812463935372186,8.304836345872008
37.0,2016,1,83,3,2,2,5,31,64,37794,17193,20601,25.136265015610945,21.9611578557443,0.7937767899666613,0.5291845266444409,0.5291845266444409,1.3229613166111023,37.224451811783865,15.047813212950826
37.0,2016,2,47,0,4,6,5,25,37,37794,17193,20601,16.404720325977667,12.435836376144362,0.0,1.0583690532888819,1.5875535799333227,1.3229613166111023,21.520386203687547,12.135333236250668
37.0,2016,3,52,1,8,5,6,24,48,37794,17193,20601,19.050642959199873,13.758797692755465,0.26459226332222047,2.1167381065777637,1.3229613166111023,1.5875535799333227,27.9183388588379,11.64991990680064
37.0,2016,4,63,3,2,8,6,23,59,37794,17193,20601,21.69656559242208,16.66931258929989,0.7937767899666613,0.5291845266444409,2.1167381065777637,1.5875535799333227,34.316291513988254,11.164506577350615
37.0,2017,1,107,0,6,10,4,52,74,37893,17125,20768,33.515425012535296,28.237405325521863,0.0,1.5834059061040298,2.639009843506716,1.0556039374026864,43.21167883211679,25.038520801232664
37.0,2017,2,127,1,3,17,3,48,103,37893,17125,20768,39.849048636951416,33.515425012535296,0.2639009843506716,0.7917029530520149,4.486316733961417,0.7917029530520149,60.14598540145985,23.112480739599384
37.0,2017,3,155,5,11,11,5,75,112,37893,17125,20768,49.349484073575596,40.9046525743541,1.319504921753358,2.902910827857388,2.902910827857388,1.319504921753358,65.4014598540146,36.113251155624035
37.0,2017,4,140,1,6,10,3,53,107,37893,17125,20768,42.22415749610746,36.946137809094026,0.2639009843506716,1.5834059061040298,2.639009843506716,0.7917029530520149,62.48175182481752,25.520030816640983
37.0,2018,1,175,2,6,6,6,74,121,38204,18413,19791,51.04177573029003,45.80672180923464,0.5235053921055387,1.5705161763166162,1.5705161763166162,1.5705161763166162,65.71444088415792,37.39073316153807
37.0,2018,2,165,2,4,12,8,85,106,38204,18413,19791,49.994764946078945,43.18919484870694,0.5235053921055387,1.0470107842110774,3.1410323526332324,2.094021568422155,57.5680225927334,42.948815117982925
37.0,2018,3,176,2,12,9,4,79,124,38204,18413,19791,53.13579729871218,46.0684745052874,0.5235053921055387,3.1410323526332324,2.355774264474924,1.0470107842110774,67.34372454244284,39.91713405083119
37.0,2018,4,205,1,3,13,2,78,146,38204,18413,19791,58.63260391582033,53.65930269081771,0.26175269605276935,0.7852580881583081,3.4027850486860016,0.5235053921055387,79.29180470319884,39.411853872972564
37.0,2019,1,116,0,5,10,2,43,90,43484,19996,23488,30.585962652929815,26.676478704810965,0.0,1.1498482200349553,2.2996964400699107,0.45993928801398215,45.009001800360075,18.307220708446867
38.0,2015,1,110,2,8,17,14,59,92,55945,26632,29313,26.9907945303423,19.66216820091161,0.357493967289302,1.429975869157208,3.0386987219590673,2.5024577710251137,34.544908380895166,20.1275884419882
38.0,2015,2,126,5,5,9,14,50,109,55945,26632,29313,28.42077039949951,22.522119939226027,0.893734918223255,0.893734918223255,1.608722852801859,2.5024577710251137,40.92820666866927,17.057278340667963
38.0,2015,3,93,4,6,18,11,40,92,55945,26632,29313,23.59460184109393,16.623469478952543,0.714987934578604,1.072481901867906,3.217445705603718,1.9662168200911612,34.544908380895166,13.64582267253437
38.0,2015,4,92,4,6,15,15,43,89,55945,26632,29313,23.59460184109393,16.444722495307893,0.714987934578604,1.072481901867906,2.681204754669765,2.681204754669765,33.41844397717032,14.669259372974448
38.0,2016,1,198,3,11,21,11,81,163,55092,26172,28920,44.28955202207217,35.93988237856676,0.5445436724025267,1.9966601321425976,3.8118057068176867,1.9966601321425976,62.28029955677824,28.008298755186722
38.0,2016,2,169,5,7,12,4,81,116,55092,26172,28920,35.75836782109925,30.675960212009002,0.9075727873375444,1.2706019022725623,2.1781746896101066,0.7260582298700355,44.32217637169494,28.008298755186722
38.0,2016,3,180,1,10,11,13,81,134,55092,26172,28920,39.02562985551441,32.672620344151596,0.18151455746750889,1.8151455746750889,1.9966601321425976,2.3596892470776156,51.19975546385451,28.008298755186722
38.0,2016,4,187,7,9,17,13,81,152,55092,26172,28920,42.29289188992957,33.94322224642416,1.2706019022725623,1.63363101720758,3.0857474769476516,2.3596892470776156,58.077334556014065,28.008298755186722
38.0,2017,1,289,1,8,27,19,146,198,54472,25836,28636,63.151710970773976,53.05478043765605,0.18358055514759875,1.46864444118079,4.956674988985166,3.4880305478043763,76.63725034835113,50.98477440983378
38.0,2017,2,305,2,6,19,4,132,204,54472,25836,28636,61.683066529593184,55.99206932001762,0.3671611102951975,1.1014833308855927,3.4880305478043763,0.734322220590395,78.95959126799815,46.0958234390278
38.0,2017,3,296,4,16,25,5,162,184,54472,25836,28636,63.518872081069176,54.33984432368924,0.734322220590395,2.93728888236158,4.589513878689969,0.9179027757379938,71.21845486917479,56.57214694789775
38.0,2017,4,423,2,9,29,9,205,267,54472,25836,28636,86.65002202966663,77.65457482743427,0.3671611102951975,1.652224996328389,5.323836099280364,1.652224996328389,103.34417092429169,71.58821064394468
38.0,2018,1,297,6,14,15,11,150,193,54246,26004,28242,63.230468605980164,54.75058068797699,1.1060723371308483,2.580835453305313,2.765180842827121,2.027799284739889,74.21935086909706,53.11238580837051
38.0,2018,2,368,3,15,29,6,176,244,54246,26004,28242,77.6094089886812,67.83910334402536,0.5530361685654241,2.765180842827121,5.346016296132434,1.1060723371308483,93.83171819720043,62.3185326818214
38.0,2018,3,391,2,9,26,12,190,249,54246,26004,28242,81.11197138959554,72.07904730302695,0.36869077904361613,1.6591085056962724,4.792980127567009,2.2121446742616966,95.7544993077988,67.27568869060265
38.0,2018,4,443,2,8,16,14,217,266,54246,26004,28242,89.03882313903328,81.66500755816098,0.36869077904361613,1.4747631161744645,2.949526232348929,2.580835453305313,102.29195508383324,76.83591813610934
38.0,2019,1,255,2,0,20,12,120,169,54708,26059,28649,52.82591211522995,46.611098925202896,0.3655772464721796,0.0,3.655772464721796,2.1934634788330776,64.8528339537204,41.886278753185096
39.0,2015,1,136,3,9,15,16,67,112,87659,42280,45379,20.420036733250434,15.514664780570163,0.3422352525125772,1.0267057575377314,1.7111762625628857,1.825254680067078,26.490066225165563,14.764538663258335
39.0,2015,2,133,4,11,8,22,63,115,87659,42280,45379,20.305958315746242,15.172429528057586,0.4563136700167695,1.2548625925461163,0.912627340033539,2.5097251850922326,27.199621570482496,13.883073668436941
39.0,2015,3,121,5,11,19,21,60,117,87659,42280,45379,20.191879898242053,13.803488518007278,0.5703920875209619,1.2548625925461163,2.167489932579655,2.39564676758804,27.672658467360456,13.221974922320896
39.0,2015,4,108,3,11,15,26,57,106,87659,42280,45379,18.59478205318336,12.320469090452777,0.3422352525125772,1.2548625925461163,1.7111762625628857,2.9660388551090016,25.070955534531695,12.560876176204852
39.0,2016,1,198,5,13,10,12,91,147,87575,42210,45365,27.17670568084499,22.609192121039108,0.5709391949757351,1.4844419069369112,1.1418783899514702,1.3702540679417643,34.82587064676617,20.059517248980494
39.0,2016,2,159,4,7,8,11,80,109,87575,42210,45365,21.581501570082786,18.155866400228376,0.4567513559805881,0.7993148729660291,0.9135027119611762,1.2560662289466171,25.82326462923478,17.63474043866417
39.0,2016,3,192,5,13,12,17,91,148,87575,42210,45365,27.290893519840136,21.92406508706823,0.5709391949757351,1.4844419069369112,1.3702540679417643,1.941193262917499,35.062781331438046,20.059517248980494
39.0,2016,4,180,3,13,20,13,77,152,87575,42210,45365,26.149015129888667,20.553811019126464,0.3425635169854411,1.4844419069369112,2.2837567799029403,1.4844419069369112,36.01042407012556,16.973437672214263
39.0,2017,1,237,4,14,20,23,109,189,87655,42225,45430,33.996919742171016,27.037818721122584,0.4563344931835035,1.5971707261422623,2.2816724659175174,2.623923335805145,44.760213143872114,23.99295619634603
39.0,2017,2,220,3,13,22,22,98,182,87655,42225,45430,31.943414522845245,25.098397125092692,0.34225086988762765,1.4830871028463863,2.5098397125092693,2.5098397125092693,43.102427471876844,21.571648690292758
39.0,2017,3,281,1,11,25,14,121,211,87655,42225,45430,37.87576293423079,32.05749814614112,0.11408362329587587,1.2549198562546346,2.852090582396897,1.5971707261422623,49.97039668442865,26.634382566585955
39.0,2017,4,344,5,8,11,18,168,218,87655,42225,45430,44.036278592208085,39.2447664137813,0.5704181164793793,0.912668986367007,1.2549198562546346,2.053505219325766,51.62818235642392,36.97996918335902
39.0,2018,1,303,2,21,14,23,147,216,88243,42702,45541,41.13640742041862,34.33700123522546,0.226646872839772,2.379792164817606,1.586528109878404,2.6064390376573776,50.58311086131797,32.27860609121451
39.0,2018,2,325,3,16,23,25,160,232,88243,42702,45541,44.422787076595306,36.83011683646295,0.339970309259658,1.813174982718176,2.6064390376573776,2.8330859104971498,54.33000796215634,35.133176697920554
39.0,2018,3,387,3,5,19,17,172,259,88243,42702,45541,48.84240109697086,43.856169894495885,0.339970309259658,0.56661718209943,2.1531452919778338,1.926498419138062,60.65289681982109,37.7681649502646
39.0,2018,4,394,1,15,13,19,183,259,88243,42702,45541,50.08895889758961,44.649433949435085,0.113323436419886,1.6998515462982902,1.4732046734585178,2.1531452919778338,60.65289681982109,40.18357084824663
39.0,2019,1,278,4,11,9,14,121,195,90059,43506,46553,35.088108906383596,30.86865277207164,0.4441532772959948,1.2214215125639858,0.9993448739159884,1.554536470535982,44.821403944283546,25.99188022254205
40.0,2015,1,89,1,8,15,13,44,82,97657,46070,51587,12.902300910329009,9.113530008089537,0.10239921357403976,0.8191937085923181,1.535988203610596,1.331189776462517,17.79900151942696,8.529280632717546
40.0,2015,2,68,0,3,16,12,41,58,97657,46070,51587,10.137522143829935,6.963146523034703,0.0,0.30719764072211925,1.6383874171846362,1.228790562888477,12.589537660082483,7.947738771395894
40.0,2015,3,44,0,11,14,8,33,44,97657,46070,51587,7.884739445201061,4.505565397257749,0.0,1.1263913493144373,1.4335889900365566,0.8191937085923181,9.550683742131538,6.396960474538159
40.0,2015,4,55,2,7,37,13,36,78,97657,46070,51587,11.673510347440532,5.631956746572186,0.20479842714807953,0.7167944950182783,3.7887709022394707,1.331189776462517,16.930757542869546,6.978502335859809
40.0,2016,1,145,0,9,26,11,74,117,97517,46038,51479,19.58632853758832,14.869202292933538,0.0,0.9229160043889784,2.6662017904570487,1.1280084498087513,25.413788609409618,14.374793605159384
40.0,2016,2,89,2,15,23,15,50,94,97517,46038,51479,14.766656070223654,9.126613821179896,0.20509244541977298,1.5381933406482973,2.358563122327389,1.5381933406482973,20.417915634910294,9.712698381864449
40.0,2016,3,80,0,3,29,5,37,80,97517,46038,51479,11.997908057056717,8.203697816790918,0.0,0.30763866812965945,2.9738404585867078,0.5127311135494323,17.376949476519396,7.187396802579692
40.0,2016,4,69,3,7,27,7,43,70,97517,46038,51479,11.587723166217174,7.075689366982167,0.30763866812965945,0.7178235589692054,2.7687480131669346,0.7178235589692054,15.204830791954473,8.352920608403426
40.0,2017,1,204,0,9,33,5,77,174,97563,46093,51470,25.726966165452065,20.909566126502874,0.0,0.9224808585221856,3.3824298145813474,0.5124893658456587,37.749766775866185,14.960170973382555
40.0,2017,2,158,1,14,38,8,87,132,97563,46093,51470,22.447034224039854,16.194663960722814,0.10249787316913174,1.4349702243678444,3.894919180427006,0.8199829853530539,28.63775410582952,16.903050320575094
40.0,2017,3,220,2,17,40,6,121,164,97563,46093,51470,29.211893853202547,22.54953209720898,0.20499574633826348,1.7424638438752396,4.09991492676527,0.6149872390147905,35.580239949666975,23.508840101029723
40.0,2017,4,269,4,17,34,13,116,221,97563,46093,51470,34.541783257997395,27.57192788249644,0.40999149267652696,1.7424638438752396,3.484927687750479,1.3324723511987127,47.94654285900245,22.537400427433454
40.0,2018,1,258,1,8,32,10,116,193,98166,46098,52068,31.477293563963084,26.282012101949757,0.10186826396104558,0.8149461116883646,3.2597844467534585,1.0186826396104558,41.86732613128552,22.27855880771299
40.0,2018,2,268,1,10,40,14,132,200,98166,46098,52068,33.92213189902818,27.300694741560218,0.10186826396104558,1.0186826396104558,4.074730558441823,1.4261556954546382,43.38583018786065,25.351463470845818
40.0,2018,3,259,1,9,38,17,126,198,98166,46098,52068,33.005317523378764,26.383880365910805,0.10186826396104558,0.9168143756494102,3.870994030519732,1.7317604873377748,42.95197188598203,24.199124222171008
40.0,2018,4,270,0,5,43,7,130,195,98166,46098,52068,33.10718578733981,27.504431269482307,0.0,0.5093413198052279,4.38033535032496,0.7130778477273191,42.30118443316413,24.967350387954212
40.0,2019,1,193,2,5,26,10,91,145,99795,47099,52696,23.648479382734603,19.33964627486347,0.20041084222656447,0.5010271055664112,2.605340948945338,1.0020542111328223,30.786216267861313,17.268862911795964
41.0,2015,1,46,1,4,22,18,22,69,56517,26747,29770,16.101350036272272,8.13914397437939,0.17693791248650848,0.7077516499460339,3.8926340747031865,3.1848824247571526,25.797285676898344,7.389989922741015
41.0,2015,2,33,0,1,15,10,11,48,56517,26747,29770,10.439336836704,5.8389511120547795,0.0,0.17693791248650848,2.654068687297627,1.7693791248650848,17.945937862190153,3.6949949613705075
41.0,2015,3,44,1,13,25,8,27,64,56517,26747,29770,16.101350036272272,7.785268149406373,0.17693791248650848,2.3001928623246104,4.423447812162712,1.4155032998920678,23.927917149586868,9.069533087000336
41.0,2015,4,33,1,8,22,16,26,54,56517,26747,29770,14.155032998920678,5.8389511120547795,0.17693791248650848,1.4155032998920678,3.8926340747031865,2.8310065997841356,20.18918009496392,8.733624454148472
41.0,2016,1,71,2,7,28,13,35,86,56465,26754,29711,21.42920393163907,12.574160984680775,0.35420171787833166,1.239706012574161,4.958824050296644,2.302311166209156,32.14472602227704,11.780148766450136
41.0,2016,2,51,2,3,27,11,19,75,56465,26754,29711,16.64748074028159,9.032143805897459,0.35420171787833166,0.5313025768174976,4.781723191357478,1.9481094483308246,28.03319129849742,6.394937901787217
41.0,2016,3,56,2,3,15,5,27,54,56465,26754,29711,14.345169574072434,9.917648100593288,0.35420171787833166,0.5313025768174976,2.6565128840874883,0.8855042946958293,20.18389773491814,9.087543334118676
41.0,2016,4,65,2,4,18,6,35,60,56465,26754,29711,16.824581599220757,11.511555831045781,0.35420171787833166,0.7084034357566633,3.1878154609049854,1.0626051536349952,22.426553038797937,11.780148766450136
41.0,2017,1,113,2,4,12,8,54,85,56520,26806,29714,24.5930644019816,19.9929228591649,0.35385704175513094,0.7077140835102619,2.1231422505307855,1.4154281670205238,31.709318809221816,18.173251665881402
41.0,2017,2,108,2,7,26,5,54,94,56520,26806,29714,26.18542108987969,19.10828025477707,0.35385704175513094,1.238499646142958,4.600141542816702,0.8846426043878274,35.06677609490413,18.173251665881402
41.0,2017,3,150,0,8,29,4,78,113,56520,26806,29714,33.793347487615,26.539278131634816,0.0,1.4154281670205238,5.130927105449398,0.7077140835102619,42.154741475789,26.250252406273137
41.0,2017,4,204,2,8,27,6,90,157,56520,26806,29714,43.70134465675867,36.09341825902335,0.35385704175513094,1.4154281670205238,4.777070063694268,1.0615711252653928,58.56897709468029,30.288752776469007
41.0,2018,1,141,0,8,22,9,75,105,56895,26833,30062,31.637226469812813,24.782494068020036,0.0,1.4060989542139029,3.8667721240882327,1.5818613234906407,39.130920881004734,24.948439890892157
41.0,2018,2,207,1,11,19,10,116,132,56895,26833,30062,43.58906758063098,36.382810440284736,0.17576236927673786,1.9333860620441163,3.339485016258019,1.7576236927673783,49.19315767897738,38.58692036457987
41.0,2018,3,165,3,7,28,9,94,118,56895,26833,30062,37.26162228666842,29.000790930661744,0.5272871078302136,1.2303365849371648,4.921346339748659,1.5818613234906407,43.97570156151008,31.26871132991817
41.0,2018,4,207,2,5,25,9,116,132,56895,26833,30062,43.58906758063098,36.382810440284736,0.3515247385534757,0.8788118463836891,4.394059231918446,1.5818613234906407,49.19315767897738,38.58692036457987
41.0,2019,1,108,0,2,14,7,58,73,57874,27440,30434,22.635380308947024,18.661229567681513,0.0,0.34557832532743543,2.419048277292048,1.209524138646024,26.603498542274053,19.057632910560557
42.0,2015,1,151,7,12,11,17,75,123,130110,63358,66752,15.217892552455615,11.605564522327262,0.5380063023595419,0.9222965183306433,0.8454384751364231,1.3065867343017448,19.41349158748698,11.235618408437201
42.0,2015,2,158,8,10,22,20,70,148,130110,63358,66752,16.75505341634002,12.143570824686805,0.6148643455537622,0.7685804319422027,1.6908769502728462,1.5371608638844054,23.359323210959943,10.486577181208053
42.0,2015,3,140,10,10,18,22,68,132,130110,63358,66752,15.371608638844055,10.76012604719084,0.7685804319422027,0.7685804319422027,1.3834447774959648,1.6908769502728462,20.833990971937244,10.186960690316395
42.0,2015,4,108,6,8,23,26,57,114,130110,63358,66752,13.142725386211668,8.30066866497579,0.46114825916532165,0.6148643455537622,1.7677349934670663,1.9983091230497272,17.992992203036714,8.539069990412273
42.0,2016,1,207,1,38,24,24,122,172,130298,63494,66804,22.563661759965616,15.886659810588036,0.07674714884342046,2.916391656049978,1.8419315722420913,1.8419315722420913,27.089173780199705,18.26237949823364
42.0,2016,2,188,7,7,25,14,65,176,130298,63494,66804,18.496062871264332,14.428463982563047,0.5372300419039433,0.5372300419039433,1.9186787210855116,1.0744600838078866,27.719154565785743,9.729956290042512
42.0,2016,3,209,3,18,24,24,84,194,130298,63494,66804,21.33570737847089,16.040154108274876,0.2302414465302614,1.3814486791815683,1.8419315722420913,1.8419315722420913,30.554068100922922,12.574097359439554
42.0,2016,4,151,5,13,21,18,69,139,130298,63494,66804,15.963406959431456,11.58881947535649,0.3837357442171023,0.997712934964466,1.61169012571183,1.3814486791815683,21.891832299114878,10.328722830968205
42.0,2017,1,260,3,16,15,25,136,183,130738,63769,66969,24.399944928023988,19.887102449173156,0.2294665667212287,1.2238216891798865,1.1473328336061437,1.9122213893435727,28.697329423387536,20.307903656915887
42.0,2017,2,228,3,15,17,17,106,174,130738,63769,66969,21.416879560648013,17.43945907081338,0.2294665667212287,1.1473328336061437,1.3003105447536294,1.3003105447536294,27.285985353384877,15.828219026713851
42.0,2017,3,353,5,6,16,15,158,237,130738,63769,66969,30.213097951628445,27.000566017531245,0.38244427786871454,0.4589331334424574,1.2238216891798865,1.1473328336061437,37.165393843403535,23.593005719064045
42.0,2017,4,427,2,17,21,15,184,298,130738,63769,66969,36.867628386544084,32.66074132998822,0.15297771114748582,1.3003105447536294,1.6062659670486013,1.1473328336061437,46.731170317866045,27.475399065239138
42.0,2018,1,342,2,17,19,18,152,245,131951,63768,68183,30.16271191578692,25.918712249244038,0.15157141666224583,1.2883570416290897,1.4399284582913354,1.3641427499602126,38.420524400953454,22.29294692225335
42.0,2018,2,466,2,27,13,25,230,303,131951,63768,68183,40.39378254048851,35.31614008230328,0.15157141666224583,2.0462141249403185,0.9852142083045979,1.8946427082780728,47.515995483628146,33.73274863235704
42.0,2018,3,474,5,30,30,20,231,328,131951,63768,68183,42.36421095709771,35.922425748952264,0.37892854165561457,2.2735712499336875,2.2735712499336875,1.5157141666224583,51.43645715719483,33.87941275684555
42.0,2018,4,461,4,13,38,16,200,332,131951,63768,68183,40.31799683215739,34.93721154064767,0.30314283332449166,0.9852142083045979,2.879856916582671,1.2125713332979666,52.0637310249655,29.332824897701773
42.0,2019,1,287,24,8,15,9,120,223,135141,65747,69394,25.380898469006446,21.237078310801312,1.7759229249450574,0.5919743083150191,1.1099518280906608,0.6659710968543966,33.917897394557926,17.292561316540336
43.0,2015,1,62,2,9,13,12,34,64,71524,33993,37531,13.70169453609977,8.668418992226385,0.279626419104077,1.2583188859683463,1.8175717241765001,1.6777585146244618,18.827405642338128,9.059177746396312
43.0,2015,2,46,3,3,11,6,23,46,71524,33993,37531,9.647111459090654,6.43140763939377,0.41943962865611545,0.41943962865611545,1.5379453050724232,0.8388792573122309,13.532197805430531,6.1282672990327995
43.0,2015,3,52,2,10,9,10,25,58,71524,33993,37531,11.604496392819193,7.270286896706001,0.279626419104077,1.3981320955203849,1.2583188859683463,1.3981320955203849,17.062336363368928,6.661160107644347
43.0,2015,4,31,4,2,11,13,14,47,71524,33993,37531,8.528605782674347,4.334209496113193,0.559252838208154,0.279626419104077,1.5379453050724232,1.8175717241765001,13.826376018592063,3.7302496602808346
43.0,2016,1,108,2,4,12,10,52,84,71178,33844,37334,19.107027452302678,15.17322768271095,0.28098569782798055,0.5619713956559611,1.6859141869678833,1.4049284891399028,24.81976125753457,13.928322708523062
43.0,2016,2,62,0,9,11,10,37,55,71178,33844,37334,12.925342100087107,8.710556632667398,0.0,1.2644356402259125,1.545421338053893,1.4049284891399028,16.25103415671906,9.910537311833716
43.0,2016,3,67,1,2,10,6,31,55,71178,33844,37334,12.082385006603163,9.413020877237349,0.14049284891399028,0.28098569782798055,1.4049284891399028,0.8429570934839417,16.25103415671906,8.30342315315798
43.0,2016,4,77,1,4,20,1,40,63,71178,33844,37334,14.470763438140999,10.81794936637725,0.14049284891399028,0.5619713956559611,2.8098569782798055,0.14049284891399028,18.614820943150928,10.714094391171585
43.0,2017,1,164,2,4,30,10,66,144,70973,33761,37212,29.58871683597988,23.107378862384287,0.2817973031998084,0.5635946063996168,4.226959547997126,1.408986515999042,42.65276502473268,17.736214124475975
43.0,2017,2,137,0,10,25,3,81,94,70973,33761,37212,24.65726402998323,19.303115269186875,0.0,1.408986515999042,3.522466289997605,0.4226959547997126,27.84277716892272,21.7671718800387
43.0,2017,3,197,1,31,19,9,109,148,70973,33761,37212,36.21095346117538,27.757034365181124,0.1408986515999042,4.36785819959703,2.67707438039818,1.2680878643991378,43.837564053197475,29.29162635708911
43.0,2017,4,272,1,25,25,15,146,192,70973,33761,37212,47.623744240767614,38.32443323517394,0.1408986515999042,3.522466289997605,3.522466289997605,2.113479773998563,56.87035336631024,39.234655487477156
43.0,2018,1,185,0,9,29,8,107,124,71167,33640,37527,32.45886436129105,25.99519440189976,0.0,1.2646310790113395,4.074922365703205,1.1241165146767462,36.86087990487515,28.512804114370986
43.0,2018,2,236,1,8,27,15,116,171,71167,33640,37527,40.32767996402827,33.161437182964015,0.14051456433459328,1.1241165146767462,3.793893237034019,2.107718465018899,50.832342449464925,30.911077357635833
43.0,2018,3,284,1,10,35,4,133,201,71167,33640,37527,46.931864487754154,39.906136271024494,0.14051456433459328,1.4051456433459328,4.918009751710765,0.5620582573383731,59.75029726516052,35.44114903935833
43.0,2018,4,297,1,10,22,9,151,188,71167,33640,37527,47.63443730942713,41.7328256073742,0.14051456433459328,1.4051456433459328,3.0913204153610523,1.2646310790113395,55.8858501783591,40.23769552588803
43.0,2019,1,211,1,2,14,9,92,145,72177,34309,37868,32.83594496861881,29.23368940244122,0.13854829100683044,0.2770965820136609,1.939676074095626,1.2469346190614738,42.26296307091434,24.29491919298616
44.0,2015,1,60,5,2,16,8,30,61,80745,38413,42332,11.270047680970958,7.4308006687720605,0.6192333890643383,0.24769335562573533,1.9815468450058826,0.9907734225029413,15.880040611251399,7.086837380704905
44.0,2015,2,89,3,5,9,13,43,76,80745,38413,42332,14.737754659731252,11.022354325345223,0.37154003343860303,0.6192333890643383,1.114620100315809,1.6100068115672799,19.784968630411576,10.157800245677029
44.0,2015,3,72,4,11,19,7,41,72,80745,38413,42332,13.994674592854047,8.916960802526471,0.49538671125147066,1.3623134559415442,2.353086878444486,0.8669267446900737,18.743654491968865,9.685344420296701
44.0,2015,4,88,2,8,17,8,38,85,80745,38413,42332,15.233141370982723,10.898507647532353,0.24769335562573533,0.9907734225029413,2.1053935228187504,0.9907734225029413,22.12792544190769,8.976660682226212
44.0,2016,1,167,4,7,28,9,71,143,80178,38089,42089,26.81533587767218,20.828656239866298,0.49888996981715683,0.8730574471800244,3.4922297887200977,1.1225024320886028,37.543647772322714,16.86901565729763
44.0,2016,2,126,4,9,14,7,54,105,80178,38089,42089,19.95559879268627,15.71503404924044,0.49888996981715683,1.1225024320886028,1.7461148943600489,0.8730574471800244,27.56701409855864,12.829955570339044
44.0,2016,3,113,5,4,17,10,45,104,80178,38089,42089,18.583651375689094,14.09364164733468,0.623612462271446,0.49888996981715683,2.1202823717229164,1.247224924542892,27.304471107143794,10.691629641949204
44.0,2016,4,133,0,6,17,6,60,102,80178,38089,42089,20.20504377759485,16.588091496420464,0.0,0.7483349547257353,2.1202823717229164,0.7483349547257353,26.779385124314107,14.255506189265605
44.0,2017,1,266,1,9,24,7,111,196,79703,37822,41881,38.5179980678268,33.37390060599977,0.12546579175187886,1.1291921257669097,3.0111790020450924,0.878260542263152,51.82169107926604,26.503665146486473
44.0,2017,2,244,2,6,22,4,107,171,79703,37822,41881,34.87949010702232,30.61365318745844,0.2509315835037577,0.7527947505112731,2.7602474185413346,0.5018631670075154,45.21178150282904,25.548578114180653
44.0,2017,3,321,1,19,32,12,152,233,79703,37822,41881,48.30432982447336,40.27451915235311,0.12546579175187886,2.383850043285698,4.0149053360601235,1.5055895010225462,61.60435725239279,36.29330722762111
44.0,2017,4,398,2,15,21,7,155,288,79703,37822,41881,55.58134574608233,49.93538511724778,0.2509315835037577,1.8819868762781828,2.634781626789456,0.878260542263152,76.14615832055418,37.00962250185048
44.0,2018,1,375,3,9,18,21,164,262,79652,37518,42134,53.48264952543564,47.079797117460956,0.37663837693968766,1.129915130819063,2.259830261638126,2.6364686385778136,69.83314675622368,38.92343475577918
44.0,2018,2,388,0,13,26,7,188,246,79652,37518,42134,54.48701853060815,48.711896750866266,0.0,1.632099633405313,3.264199266810626,0.8788228795259379,65.56852710698864,44.61954715906394
44.0,2018,3,448,4,8,31,12,196,307,79652,37518,42134,63.14970120022096,56.24466428966002,0.5021845025862502,1.0043690051725005,3.8919298950434387,1.5065535077587506,81.82738951969722,46.51825129349219
44.0,2018,4,480,1,10,22,14,176,351,79652,37518,42134,66.16280821573847,60.26214031035002,0.12554612564656256,1.2554612564656256,2.762014764224376,1.7576457590518757,93.55509355509356,41.77149095742156
44.0,2019,1,301,0,4,21,4,113,217,79564,37621,41943,41.476044442210046,37.831179930621886,0.0,0.5027399326328491,2.6393846463224575,0.5027399326328491,57.68055075622658,26.94132513172639
45.0,2015,1,78,1,10,7,20,30,86,93912,45444,48468,12.351989096175142,8.305647840531561,0.10648266462219949,1.064826646221995,0.7453786523553965,2.12965329244399,18.92439045858639,6.1896509036890315
45.0,2015,2,61,1,5,12,12,23,68,93912,45444,48468,9.689922480620154,6.495442541954169,0.10648266462219949,0.5324133231109975,1.277791975466394,1.277791975466394,14.963471525393892,4.745399026161591
45.0,2015,3,77,1,4,22,21,38,87,93912,45444,48468,13.310333077774937,8.199165175909362,0.10648266462219949,0.42593065848879796,2.342618621688389,2.23613595706619,19.14444151043042,7.840224478006107
45.0,2015,4,76,7,3,16,17,28,91,93912,45444,48468,12.67143709004174,8.092682511287162,0.7453786523553965,0.3194479938665985,1.7037226339551919,1.8102052985773918,20.02464571780653,5.777007510109763
45.0,2016,1,149,5,10,21,18,61,142,92553,44769,47784,21.933378712737568,16.09888388274826,0.5402310027767874,1.0804620055535747,2.268970211662507,1.9448316099964345,31.718376555205612,12.765779340364976
45.0,2016,2,89,5,9,26,16,42,103,92553,44769,47784,15.666699080526833,9.616111849426815,0.5402310027767874,0.9724158049982172,2.8092012144392946,1.7287392088857194,23.006991444973085,8.789552988448015
45.0,2016,3,118,6,12,18,13,57,110,92553,44769,47784,18.0437154927447,12.749451665532183,0.6482772033321449,1.2965544066642898,1.9448316099964345,1.4046006072196473,24.57057338783533,11.928679055750878
45.0,2016,4,96,3,7,28,12,44,102,92553,44769,47784,15.77474528108219,10.372435253314318,0.32413860166607245,0.7563234038875022,3.0252936155500088,1.2965544066642898,22.783622595992764,9.208103130755065
45.0,2017,1,235,7,10,16,11,97,182,91314,44167,47147,30.553912872067812,25.73537464134744,0.7665856276146045,1.0951223251637208,1.7521957202619531,1.2046345576800928,41.20723617180248,20.57394956200819
45.0,2017,2,173,4,19,26,10,90,142,91314,44167,47147,25.40683794379832,18.94561622533237,0.4380489300654883,2.0807324178110695,2.8473180454256743,1.0951223251637208,32.1507007494283,19.08923155237873
45.0,2017,3,249,1,13,24,21,111,197,91314,44167,47147,33.7297676150426,27.268545896576647,0.10951223251637207,1.4236590227128372,2.62829358039293,2.2997568828438135,44.60343695519279,23.5433855812671
45.0,2017,4,328,5,7,26,10,142,234,91314,44167,47147,41.176599426155896,35.92001226537004,0.5475611625818604,0.7665856276146045,2.8473180454256743,1.0951223251637208,52.9807322208889,30.118565338197552
45.0,2018,1,287,4,8,11,17,110,217,90556,43525,47031,36.11025221962101,31.69309598480498,0.44171562348160254,0.8834312469632051,1.214717964574407,1.8772913997968108,49.85640436530729,23.388828644936318
45.0,2018,2,329,2,13,18,21,142,241,90556,43525,47031,42.29427094836345,36.33111003136181,0.22085781174080127,1.4355757763152082,1.9877203056672115,2.3190070232784135,55.37047673750718,30.192851523463247
45.0,2018,3,359,4,24,36,15,170,268,90556,43525,47031,48.36786077123548,39.643977207473824,0.44171562348160254,2.6502937408896154,3.975440611334423,1.6564335880560097,61.57380815623205,36.14637154217431
45.0,2018,4,333,7,16,21,23,141,259,90556,43525,47031,44.17156234816025,36.77282565484341,0.7730023410928044,1.7668624939264101,2.3190070232784135,2.539864835019215,59.50603101665709,29.98022580850928
45.0,2019,1,216,1,7,12,7,76,167,90319,43587,46732,26.90463800529235,23.915233782482094,0.11071867491889857,0.7750307244322899,1.3286240990267828,0.7750307244322899,38.314176245210724,16.26294616108876
46.0,2015,1,90,0,3,25,10,49,79,132836,63546,69290,9.63594206389834,6.775271763678521,0.0,0.22584239212261736,1.8820199343551447,0.7528079737420579,12.431939067761936,7.071727522008948
46.0,2015,2,74,3,2,20,22,30,91,132836,63546,69290,9.1089764822789,5.570779005691229,0.22584239212261736,0.15056159474841158,1.5056159474841158,1.6561775422325273,14.320334875523244,4.329629095107519
46.0,2015,3,66,2,9,31,9,39,78,132836,63546,69290,8.807853292782077,4.968532626697582,0.15056159474841158,0.6775271763678521,2.333704718600379,0.6775271763678521,12.274572750448495,5.628517823639775
46.0,2015,4,91,2,1,27,9,41,89,132836,63546,69290,9.786503658646753,6.8505525610527265,0.15056159474841158,0.07528079737420579,2.032581529103556,0.6775271763678521,14.005602240896359,5.9171597633136095
46.0,2016,1,162,1,10,29,18,74,144,134471,64229,70242,16.360404845654454,12.04720720452737,0.07436547657115661,0.7436547657115661,2.156598820563542,1.338578578280819,22.419779227451777,10.535007545343241
46.0,2016,2,94,2,6,44,13,40,119,134471,64229,70242,11.8241107748139,6.99035479768872,0.14873095314231322,0.44619285942693965,3.2720809691308905,0.9667511954250358,18.52745644490806,5.6945986731585085
46.0,2016,3,111,4,9,46,22,62,130,134471,64229,70242,14.278171501662069,8.254567899398383,0.29746190628462643,0.6692892891404095,3.4208119222732036,1.6360404845654453,20.240078469227296,8.826627943395689
46.0,2016,4,111,2,8,32,7,50,110,134471,64229,70242,11.898476251385057,8.254567899398383,0.14873095314231322,0.5949238125692529,2.3796952502770115,0.5205583359980962,17.12622024319233,7.118248341448137
46.0,2017,1,234,3,6,42,19,94,210,136219,64985,71234,22.31700423582613,17.17822036573459,0.22023359443249474,0.4404671888649895,3.083270322054926,1.394812764739133,32.31514964991921,13.195945756239997
46.0,2017,2,207,0,17,35,10,98,171,136219,64985,71234,19.747612300780364,15.196118015842137,0.0,1.2479903684508036,2.569391935045772,0.7341119814416491,26.313764714934216,13.757475362888508
46.0,2017,3,324,3,15,26,16,140,244,136219,64985,71234,28.189900087359327,23.78522819870943,0.22023359443249474,1.1011679721624736,1.9086911517482876,1.1745791703066386,37.547126259906136,19.65353623269787
46.0,2017,4,380,0,10,38,16,174,270,136219,64985,71234,32.59457197600922,27.89625529478267,0.0,0.7341119814416491,2.789625529478266,1.1745791703066386,41.548049549896135,24.42653788921021
46.0,2018,1,351,5,16,28,18,168,249,138657,65654,73003,30.146332316435522,25.314264696337002,0.3606020612013818,1.1539265958444218,2.0193715427277383,1.2981674203249745,37.926097419806865,23.012752900565733
46.0,2018,2,378,0,16,34,18,183,263,138657,65654,73003,32.16570385916326,27.261515826824464,0.0,1.1539265958444218,2.4520940161693967,1.2981674203249745,40.0584884393944,25.06746298097338
46.0,2018,3,431,1,22,36,22,202,310,138657,65654,73003,36.9256510670215,31.08389767555911,0.07212041224027636,1.5866490692860802,2.596334840649949,1.5866490692860802,47.21722971943827,27.670095749489747
46.0,2018,4,399,2,9,40,15,177,288,138657,65654,73003,33.53599169172851,28.77604448387027,0.14424082448055273,0.6490837101624872,2.884816489611054,1.0818061836041455,43.86632954580071,24.245578948810326
46.0,2019,1,276,1,9,21,10,122,195,140078,66586,73492,22.630248861348676,19.70330815688402,0.07138879766986965,0.6424991790288268,1.4991647510672625,0.7138879766986964,29.285435376805935,16.600446307081043
47.0,2015,1,70,7,8,10,20,38,76,97797,46364,51433,11.759051913657883,7.157683773530885,0.7157683773530885,0.818021002689244,1.0225262533615551,2.0450525067231102,16.392028297817273,7.388252678241596
47.0,2015,2,78,3,6,9,23,34,85,97797,46364,51433,12.168062415002506,7.975704776220129,0.3067578760084665,0.613515752016933,0.9202736280253996,2.3518103827315766,18.33318954361142,6.610541870005638
47.0,2015,3,81,4,13,14,20,42,90,97797,46364,51433,13.497346544372526,8.282462652228595,0.409010501344622,1.3292841293700215,1.431536754706177,2.0450525067231102,19.41161245794151,8.165963486477553
47.0,2015,4,105,2,6,14,20,40,107,97797,46364,51433,15.03113592441486,10.73652566029633,0.204505250672311,0.613515752016933,1.431536754706177,2.0450525067231102,23.07825036666379,7.777108082359574
47.0,2016,1,184,0,10,8,17,85,134,96506,45739,50767,22.692889561270803,19.066172051478663,0.0,1.0362050027977536,0.8289640022382029,1.761548504756181,29.296661492380682,16.74315992672405
47.0,2016,2,138,6,12,12,17,69,116,96506,45739,50767,19.16979255175844,14.299629038608998,0.6217230016786521,1.2434460033573043,1.2434460033573043,1.761548504756181,25.361289053105665,13.59150629345835
47.0,2016,3,153,1,12,23,25,74,140,96506,45739,50767,22.174787059871925,15.853936542805629,0.10362050027977536,1.2434460033573043,2.383271506434833,2.5905125069943837,30.608452305472355,14.57639805385388
47.0,2016,4,134,4,9,24,21,72,120,96506,45739,50767,19.895136053716868,13.885147037489896,0.41448200111910144,0.9325845025179782,2.4868920067146085,2.1760305058752825,26.235816261833445,14.182441349695669
47.0,2017,1,201,2,6,32,17,102,156,95340,45189,50151,27.061044682190058,21.0824417872876,0.20977554017201594,0.6293266205160478,3.356408642752255,1.7830920914621355,34.52167562902476,20.338577495962195
47.0,2017,2,193,0,14,14,12,85,148,95340,45189,50151,24.438850430039857,20.24333962659954,0.0,1.4684287812041115,1.4684287812041115,1.2586532410320956,32.75133328907478,16.948814579968495
47.0,2017,3,267,2,10,16,14,141,168,95340,45189,50151,32.41032095657646,28.005034612964128,0.20977554017201594,1.0488777008600796,1.6782043213761275,1.4684287812041115,37.17718913894974,28.115092420888917
47.0,2017,4,250,2,13,22,20,126,181,95340,45189,50151,32.200545416404445,26.22194252150199,0.20977554017201594,1.3635410111181037,2.3075309418921752,2.097755401720159,40.05399544136847,25.124125142070948
47.0,2018,1,221,2,12,14,25,131,142,94686,44596,50090,28.937752149208965,23.340303740785334,0.21122446824240118,1.2673468094544071,1.4785712776968083,2.6403058530300147,31.841420755224686,26.152924735476144
47.0,2018,2,283,1,21,36,27,146,222,94686,44596,50090,38.86530215660182,29.888262256299768,0.10561223412120059,2.2178569165452124,3.8020404283632216,2.851530321272416,49.78024934971746,29.147534438011583
47.0,2018,3,267,0,17,37,36,141,216,94686,44596,50090,37.703567581268615,28.19846651036056,0.0,1.7954079800604104,3.9076526624844226,3.8020404283632216,48.4348372051305,28.1493312038331
47.0,2018,4,298,0,11,29,15,167,185,94686,44596,50090,37.28111864478382,31.47244576811778,0.0,1.1617345753332067,3.062754789514817,1.5841835118180092,41.48354112476455,33.33998802156119
47.0,2019,1,183,2,4,12,13,87,127,94456,44672,49784,22.65605149487592,19.374100110104173,0.21173879901753195,0.4234775980350639,1.2704327941051918,1.3763021936139577,28.429441260744984,17.475494134661737
48.0,2015,1,68,5,13,17,23,44,82,142655,68402,74253,8.832497984648278,4.766744944095896,0.350495951771757,0.9112894746065683,1.191686236023974,1.6122813781500824,11.987953568609106,5.925686504248986
48.0,2015,2,65,2,12,12,26,31,86,142655,68402,74253,8.201605271459115,4.556447373032841,0.1401983807087028,0.8411902842522169,0.8411902842522169,1.8225789492131366,12.572731791468087,4.174915491629968
48.0,2015,3,73,1,13,22,34,34,109,142655,68402,74253,10.02418422067225,5.117240895867653,0.0700991903543514,0.9112894746065683,1.542182187795731,2.383372472047948,15.935206572907225,4.578939571465126
48.0,2015,4,84,4,7,11,17,33,90,142655,68402,74253,8.622200413585222,5.8883319897655175,0.2803967614174056,0.49069433248045985,0.7710910938978655,1.191686236023974,13.157510014327066,4.44426487818674
48.0,2016,1,99,2,10,21,17,56,93,141933,68053,73880,10.497910986169531,6.975122064636131,0.14091155686133597,0.7045577843066799,1.479571347044028,1.1977482333213558,13.665819287907953,7.579859231185707
48.0,2016,2,75,3,2,17,11,31,77,141933,68053,73880,7.609224070512143,5.2841833823001,0.21136733529200397,0.14091155686133597,1.1977482333213558,0.7750135627373479,11.314710593214112,4.195993502977802
48.0,2016,3,86,3,6,15,14,33,91,141933,68053,73880,8.73651652540283,6.0591969450374465,0.21136733529200397,0.42273467058400793,1.0568366764600199,0.9863808980293519,13.371930701071223,4.466702761234434
48.0,2016,4,84,2,6,11,12,38,77,141933,68053,73880,8.10241451952682,5.918285388176112,0.14091155686133597,0.42273467058400793,0.7750135627373479,0.8454693411680159,11.314710593214112,5.143475906876016
48.0,2017,1,145,1,8,26,11,64,127,141356,67801,73555,13.51198392710603,10.257788845185207,0.07074337134610487,0.5659469707688389,1.8393276549987265,0.7781770848071535,18.731287149157094,8.70097206172252
48.0,2017,2,126,3,11,15,13,72,96,141356,67801,73555,11.884886386145617,8.913664789609214,0.21223011403831463,0.7781770848071535,1.061150570191573,0.9196638274993633,14.15908319936284,9.788593569437836
48.0,2017,3,162,1,4,17,16,72,128,141356,67801,73555,14.148674269220974,11.460426158068989,0.07074337134610487,0.28297348538441947,1.2026373128837828,1.1318939415376779,18.878777599150453,9.788593569437836
48.0,2017,4,164,3,10,20,25,91,131,141356,67801,73555,15.70502843883528,11.6019129007612,0.21223011403831463,0.7074337134610487,1.4148674269220973,1.7685842836526218,19.321248949130545,12.37169465026171
48.0,2018,1,167,3,17,21,22,81,149,141531,67482,74049,16.25085670277183,11.799535084186504,0.21196769612311084,1.2011502780309613,1.483773872861776,1.5544297715694797,22.079962063957797,10.938702750881173
48.0,2018,2,202,4,18,25,25,109,164,141531,67482,74049,19.35971624591079,14.27249153895613,0.28262359483081445,1.271806176738665,1.7663974676925904,1.7663974676925904,24.302777036839455,14.719982714148738
48.0,2018,3,202,4,21,26,21,100,174,141531,67482,74049,19.35971624591079,14.27249153895613,0.28262359483081445,1.483773872861776,1.837053366400294,1.483773872861776,25.784653685427227,13.504571297384164
48.0,2018,4,224,2,19,17,21,121,162,141531,67482,74049,19.995619334280125,15.82692131052561,0.14131179741540723,1.3424620754463685,1.2011502780309613,1.483773872861776,24.0064017071219,16.34053126983484
48.0,2019,1,137,3,5,18,19,77,105,141474,67751,73723,12.864554617809633,9.683758146373185,0.21205309809576317,0.35342183015960527,1.2723185885745791,1.3430029546065,15.497926229871146,10.444501715882424
49.0,2015,1,19,2,4,0,4,12,17,39535,19036,20499,7.335272543316049,4.805868218034653,0.5058808650562792,1.0117617301125583,0.0,1.0117617301125583,8.930447573019542,5.853944094833894
49.0,2015,2,21,0,3,1,7,10,22,39535,19036,20499,8.094093840900467,5.311749083090932,0.0,0.7588212975844189,0.2529404325281396,1.7705830276969772,11.55704980037823,4.878286745694912
49.0,2015,3,12,0,3,0,3,5,13,39535,19036,20499,4.552927785506514,3.0352851903376754,0.0,0.7588212975844189,0.0,0.7588212975844189,6.829165791132591,2.439143372847456
49.0,2015,4,23,1,0,3,3,5,25,39535,19036,20499,7.588212975844188,5.817629948147212,0.2529404325281396,0.0,0.7588212975844189,0.7588212975844189,13.133011136793444,2.439143372847456
49.0,2016,1,35,1,2,4,6,20,28,38553,18538,20015,12.450392965527973,9.078411537364149,0.2593831867818328,0.5187663735636656,1.0375327471273312,1.5562991206909966,15.10411047577948,9.992505620784412
49.0,2016,2,29,0,3,2,3,15,22,38553,18538,20015,9.597177910927813,7.522112416673151,0.0,0.7781495603454983,0.5187663735636656,0.7781495603454983,11.867515373826736,7.494379215588309
49.0,2016,3,37,0,5,3,2,20,27,38553,18538,20015,12.191009778746142,9.597177910927813,0.0,1.296915933909164,0.7781495603454983,0.5187663735636656,14.564677958787357,9.992505620784412
49.0,2016,4,34,1,0,2,1,16,22,38553,18538,20015,9.856561097709646,8.819028350582315,0.2593831867818328,0.0,0.5187663735636656,0.2593831867818328,11.867515373826736,7.994004496627529
49.0,2017,1,74,1,3,1,3,28,54,37582,18051,19531,21.81895588313554,19.690277260390612,0.2660848278431164,0.7982544835293491,0.2660848278431164,0.7982544835293491,29.915240152900115,14.33618350314884
49.0,2017,2,72,0,4,4,3,33,50,37582,18051,19531,22.08504071097866,19.15810760470438,0.0,1.0643393113724655,1.0643393113724655,0.7982544835293491,27.69929643787048,16.896216271568278
49.0,2017,3,107,1,3,2,3,46,70,37582,18051,19531,30.865840029801504,28.471076579213452,0.2660848278431164,0.7982544835293491,0.5321696556862328,0.7982544835293491,38.779015013018665,23.55230146945881
49.0,2017,4,134,0,1,7,5,52,95,37582,18051,19531,39.11446969293811,35.65536693097759,0.0,0.2660848278431164,1.8625937949018148,1.3304241392155818,52.628663231953915,26.624340791562133
49.0,2018,1,178,2,3,1,5,67,122,36791,17636,19155,51.371259275366256,48.381397624419016,0.543611209263135,0.8154168138947024,0.2718056046315675,1.3590280231578373,69.17668405534135,34.97781258157139
49.0,2018,2,209,0,2,3,10,84,140,36791,17636,19155,60.88445543747112,56.807371367997604,0.0,0.543611209263135,0.8154168138947024,2.7180560463156747,79.38308006350647,43.85277995301488
49.0,2018,3,168,1,6,2,12,74,115,36791,17636,19155,51.371259275366256,45.66334157810334,0.2718056046315675,1.6308336277894049,0.543611209263135,3.2616672555788098,65.20753005216602,38.63221091098929
49.0,2018,4,132,1,6,4,7,52,98,36791,17636,19155,40.77084069473513,35.87833981136691,0.2718056046315675,1.6308336277894049,1.08722241852627,1.9026392324209724,55.568156044454525,27.14695901853302
49.0,2019,1,127,0,2,4,4,48,89,36681,17572,19109,37.349036285815544,34.62282925765383,0.0,0.5452414056323437,1.0904828112646874,1.0904828112646874,50.64875938993854,25.11905384897169
50.0,2015,1,33,5,6,6,11,19,42,93921,45576,48345,6.494820114777313,3.5135912096336286,0.5323623044899437,0.6388347653879325,0.6388347653879325,1.1711970698778762,9.215376513954713,3.9300858413486397
50.0,2015,2,52,12,8,13,10,32,63,93921,45576,48345,10.11488378530893,5.536567966695414,1.277669530775865,0.8517796871839098,1.3841419916738535,1.0647246089798874,13.82306477093207,6.619091943324025
50.0,2015,3,33,9,5,9,24,24,56,93921,45576,48345,8.5177968718391,3.5135912096336286,0.9582521480818985,0.5323623044899437,0.9582521480818985,2.55533906155173,12.28716868527295,4.964318957493019
50.0,2015,4,21,8,9,4,6,20,28,93921,45576,48345,5.11067812310346,2.2359216788577636,0.8517796871839098,0.9582521480818985,0.4258898435919549,0.6388347653879325,6.143584342636475,4.136932464577516
50.0,2016,1,54,9,8,4,9,24,60,93377,45263,48114,8.995791254805788,5.783008663803721,0.96383477730062,0.8567420242672178,0.4283710121336089,0.96383477730062,13.255860194861144,4.9881531363012845
50.0,2016,2,32,7,21,7,9,30,46,93377,45263,48114,8.13904923053857,3.426968097068871,0.7496492712338156,2.248947813701447,0.7496492712338156,0.96383477730062,10.162826149393545,6.235191420376606
50.0,2016,3,58,4,21,1,4,43,45,93377,45263,48114,9.424162266939396,6.211379675937329,0.4283710121336089,2.248947813701447,0.10709275303340222,0.4283710121336089,9.941895146145859,8.937107702539802
50.0,2016,4,46,10,15,6,14,34,57,93377,45263,48114,9.745440526039603,4.926266639536502,1.0709275303340224,1.6063912955010335,0.6425565182004134,1.4992985424676313,12.593067185118088,7.0665502764268195
50.0,2017,1,91,3,10,4,10,46,72,93030,45064,47966,12.684080404170698,9.781790820165538,0.32247662044501774,1.074922068150059,0.42996882726002367,1.074922068150059,15.977276761938576,9.590126339490473
50.0,2017,2,78,2,18,6,9,57,56,93030,45064,47966,12.146619370095669,8.384392131570461,0.21498441363001183,1.9348597226701063,0.6449532408900355,0.9674298613350532,12.426770814841115,11.883417420672977
50.0,2017,3,91,4,11,3,7,56,60,93030,45064,47966,12.469095990540685,9.781790820165538,0.42996882726002367,1.182414274965065,0.32247662044501774,0.7524454477050414,13.31439730161548,11.67493641329275
50.0,2017,4,94,5,8,9,6,47,75,93030,45064,47966,13.114049231430721,10.104267440610556,0.5374610340750295,0.8599376545200473,0.9674298613350532,0.6449532408900355,16.64299662701935,9.7986073468707
50.0,2018,1,94,4,19,9,9,62,73,93229,45285,47944,14.480472814253076,10.082699589183623,0.42905104634823926,2.0379924701541365,0.9653648542835385,0.9653648542835385,16.120128077729934,12.931753712664776
50.0,2018,2,106,4,19,6,11,65,80,93229,45285,47944,15.660363191710733,11.369852728228341,0.42905104634823926,2.0379924701541365,0.6435765695223589,1.1798903774576581,17.665893783813626,13.557483731019522
50.0,2018,3,103,4,22,2,8,70,69,93229,45285,47944,14.909523860601317,11.048064443467162,0.42905104634823926,2.3597807549153162,0.21452552317411963,0.8581020926964785,15.236833388539253,14.600367094944101
50.0,2018,4,103,4,16,4,12,72,67,93229,45285,47944,14.909523860601317,11.048064443467162,0.42905104634823926,1.716204185392957,0.42905104634823926,1.2871531390447177,14.795186043943911,15.017520440513932
50.0,2019,1,83,1,12,3,7,45,61,94513,45836,48677,11.215388359273328,8.781860696412133,0.10580555055918234,1.2696666067101878,0.31741665167754696,0.7406388539142764,13.308316607033772,9.244612445302709
51.0,2015,1,14,5,2,1,1,11,12,72249,35162,37087,3.183435064845188,1.937743082949245,0.6920511010533018,0.2768204404213207,0.13841022021066035,0.13841022021066035,3.4127751549968717,2.965998867527705
51.0,2015,2,11,1,4,3,3,11,11,72249,35162,37087,3.0450248446345274,1.5225124223172637,0.13841022021066035,0.5536408808426414,0.41523066063198105,0.41523066063198105,3.128377225413799,2.965998867527705
51.0,2015,3,10,6,5,3,5,7,22,72249,35162,37087,4.01389638610915,1.3841022021066036,0.8304613212639621,0.6920511010533018,0.41523066063198105,0.6920511010533018,6.256754450827598,1.8874538247903578
51.0,2015,4,15,5,1,3,8,11,21,72249,35162,37087,4.429127046741131,2.0761533031599053,0.6920511010533018,0.13841022021066035,0.41523066063198105,1.1072817616852828,5.972356521244525,2.965998867527705
51.0,2016,1,21,5,7,0,5,21,17,72554,35258,37296,5.2374782920307625,2.8943958982275273,0.6891418805303635,0.9647986327425091,0.0,0.6891418805303635,4.821600771456124,5.63063063063063
51.0,2016,2,23,3,5,1,3,14,21,72554,35258,37296,4.823993163712545,3.170052650439673,0.41348512831821815,0.6891418805303635,0.1378283761060727,0.41348512831821815,5.95609507062227,3.7537537537537538
51.0,2016,3,24,5,14,6,5,23,31,72554,35258,37296,7.442732309727927,3.3078810265457452,0.6891418805303635,1.9295972654850182,0.8269702566364363,0.6891418805303635,8.792330818537637,6.166881166881167
51.0,2016,4,23,7,9,1,2,17,25,72554,35258,37296,5.788791796455055,3.170052650439673,0.9647986327425091,1.2404553849546547,0.1378283761060727,0.2756567522121454,7.090589369788416,4.558129558129558
51.0,2017,1,42,2,9,2,8,29,34,72985,35428,37557,8.631910666575324,5.754607111050216,0.2740289100500103,1.2331300952250461,0.2740289100500103,1.0961156402000412,9.596928982725528,7.721596506643236
51.0,2017,2,42,3,8,0,5,34,24,72985,35428,37557,7.9468383914502985,5.754607111050216,0.41104336507501543,1.0961156402000412,0.0,0.6850722751250257,6.774302811335667,9.05290624916793
51.0,2017,3,33,6,8,2,3,21,31,72985,35428,37557,7.124751661300267,4.52147701582517,0.8220867301500309,1.0961156402000412,0.2740289100500103,0.41104336507501543,8.750141131308569,5.591500918603722
51.0,2017,4,57,5,2,4,4,25,47,72985,35428,37557,9.865040761800369,7.8098239364252935,0.6850722751250257,0.2740289100500103,0.5480578201000206,0.5480578201000206,13.266343005532347,6.656548712623478
51.0,2018,1,58,1,11,3,8,26,55,73845,35930,37915,10.968921389396709,7.854289389938384,0.13541878258514456,1.4896066084365902,0.4062563477554337,1.0833502606811565,15.307542443640411,6.857444283265198
51.0,2018,2,61,3,14,4,8,36,54,73845,35930,37915,12.187690432663011,8.260545737693818,0.4062563477554337,1.8958629561920237,0.5416751303405782,1.0833502606811565,15.029223490119676,9.494922853751813
51.0,2018,3,64,2,17,2,8,44,49,73845,35930,37915,12.593946780418445,8.666802085449252,0.2708375651702891,2.3021193039474577,0.2708375651702891,1.0833502606811565,13.637628722516004,11.604905710141106
51.0,2018,4,45,5,8,1,3,26,35,73845,35930,37915,8.395964520278962,6.0938452163315056,0.6770939129257227,1.0833502606811565,0.13541878258514456,0.4062563477554337,9.741163373225717,6.857444283265198
51.0,2019,1,44,1,3,2,0,20,30,75389,36613,38776,6.632267306901538,5.836395230073353,0.13264534613803075,0.39793603841409225,0.2652906922760615,0.0,8.193810941468877,5.157829585310501
52.0,2015,1,12,2,2,0,0,4,12,17505,8720,8785,9.140245644101684,6.855184233076264,1.1425307055127105,1.1425307055127105,0.0,0.0,13.761467889908257,4.553215708594195
52.0,2015,2,8,4,2,0,0,2,12,17505,8720,8785,7.997714938588975,4.570122822050842,2.285061411025421,1.1425307055127105,0.0,0.0,13.761467889908257,2.2766078542970973
52.0,2015,3,4,4,6,0,2,6,10,17505,8720,8785,9.140245644101684,2.285061411025421,2.285061411025421,3.427592116538132,0.0,1.1425307055127105,11.46788990825688,6.829823562891292
52.0,2015,4,8,4,4,0,0,8,8,17505,8720,8785,9.140245644101684,4.570122822050842,2.285061411025421,2.285061411025421,0.0,0.0,9.174311926605505,9.10643141718839
52.0,2016,1,14,4,6,0,0,8,16,17696,8811,8885,13.5623869801085,7.911392405063291,2.260397830018083,3.390596745027125,0.0,0.0,18.15911928271479,9.003939223410242
52.0,2016,2,8,4,8,0,2,10,12,17696,8811,8885,12.432188065099458,4.520795660036166,2.260397830018083,4.520795660036166,0.0,1.1301989150090415,13.61933946203609,11.254924029262803
52.0,2016,3,16,0,2,0,6,6,18,17696,8811,8885,13.5623869801085,9.041591320072332,0.0,1.1301989150090415,0.0,3.390596745027125,20.42900919305414,6.752954417557682
52.0,2016,4,6,0,2,2,0,4,6,17696,8811,8885,5.650994575045208,3.390596745027125,0.0,1.1301989150090415,1.1301989150090415,0.0,6.809669731018045,4.501969611705121
52.0,2017,1,42,0,14,0,0,30,26,17893,8909,8984,31.29715531213324,23.472866484099928,0.0,7.82428882803331,0.0,0.0,29.183971265012907,33.3926981300089
52.0,2017,2,36,2,4,0,0,12,30,17893,8909,8984,23.472866484099928,20.119599843514223,1.1177555468619014,2.2355110937238027,0.0,0.0,33.67381299809182,13.357079252003562
52.0,2017,3,22,8,4,2,0,14,22,17893,8909,8984,20.119599843514223,12.295311015480914,4.4710221874476055,2.2355110937238027,1.1177555468619014,0.0,24.694129531934,15.58325912733749
52.0,2017,4,20,0,2,0,4,18,8,17893,8909,8984,14.530822109204717,11.177555468619012,0.0,1.1177555468619014,0.0,2.2355110937238027,8.979683466157818,20.03561887800534
52.0,2018,1,18,2,10,0,2,18,14,18178,8980,9198,17.603696776323027,9.902079436681705,1.1002310485201892,5.501155242600946,0.0,1.1002310485201892,15.590200445434299,19.569471624266143
52.0,2018,2,34,2,6,8,0,16,34,18178,8980,9198,27.50577621300473,18.703927824843216,1.1002310485201892,3.3006931455605675,4.400924194080757,0.0,37.8619153674833,17.395085888236572
52.0,2018,3,38,2,22,2,6,32,36,18178,8980,9198,38.508086698206625,20.904389921883595,1.1002310485201892,12.102541533722082,1.1002310485201892,3.3006931455605675,40.089086859688194,34.790171776473144
52.0,2018,4,24,8,4,0,6,16,26,18178,8980,9198,23.104852018923975,13.20277258224227,4.400924194080757,2.2004620970403783,0.0,3.3006931455605675,28.953229398663698,17.395085888236572
52.0,2019,1,24,6,2,2,2,16,20,18698,9295,9403,19.253396085142796,12.835597390095197,3.2088993475237992,1.0696331158412664,1.0696331158412664,1.0696331158412664,21.51694459386767,17.01584600659364
53.0,2015,1,44,1,6,2,7,28,32,49067,23723,25344,12.228177797705179,8.967330384983798,0.20380296329508632,1.2228177797705178,0.40760592659017264,1.4266207430656042,13.489019095392658,11.047979797979798
53.0,2015,2,31,5,5,0,11,18,34,49067,23723,25344,10.597754091344488,6.317891862147675,1.0190148164754316,1.0190148164754316,0.0,2.2418325962459495,14.332082788854699,7.1022727272727275
53.0,2015,3,40,7,4,0,12,20,43,49067,23723,25344,12.839586687590439,8.152118531803453,1.4266207430656042,0.8152118531803453,0.0,2.4456355595410355,18.125869409433882,7.891414141414141
53.0,2015,4,35,6,4,1,15,18,43,49067,23723,25344,12.431980761000265,7.133103715328021,1.2228177797705178,0.8152118531803453,0.20380296329508632,3.0570444494262947,18.125869409433882,7.1022727272727275
53.0,2016,1,48,3,13,0,4,28,40,48024,23187,24837,14.159586873230051,9.995002498750624,0.624687656171914,2.7069798434116277,0.0,0.8329168748958855,17.25104584465433,11.27350324113218
53.0,2016,2,54,4,6,0,5,25,44,48024,23187,24837,14.367816091954023,11.244377811094452,0.8329168748958855,1.249375312343828,0.0,1.0411460936198567,18.976150429119766,10.065627893868019
53.0,2016,3,49,6,3,1,4,22,41,48024,23187,24837,13.118440779610195,10.203231717474596,1.249375312343828,0.624687656171914,0.20822921872397138,0.8329168748958855,17.682321990770692,8.857752546603857
53.0,2016,4,47,4,5,4,8,26,42,48024,23187,24837,14.159586873230051,9.786773280026653,0.8329168748958855,1.0411460936198567,0.8329168748958855,1.665833749791771,18.11359813688705,10.46825300962274
53.0,2017,1,84,5,4,6,13,35,77,47080,22705,24375,23.789294817332202,17.84197111299915,1.0620220900594732,0.8496176720475785,1.274426508071368,2.7612574341546305,33.913234970270864,14.35897435897436
53.0,2017,2,65,10,9,0,9,30,63,47080,22705,24375,19.753610875106205,13.806287170773151,2.1240441801189465,1.9116397621070518,0.0,1.9116397621070518,27.747192248403437,12.307692307692308
53.0,2017,3,85,2,3,0,2,29,63,47080,22705,24375,19.541206457094308,18.054375531011043,0.42480883602378927,0.637213254035684,0.0,0.42480883602378927,27.747192248403437,11.897435897435898
53.0,2017,4,87,7,4,3,9,34,76,47080,22705,24375,23.36448598130841,18.479184367034836,1.4868309260832626,0.8496176720475785,0.637213254035684,1.9116397621070518,33.47280334728033,13.948717948717949
53.0,2018,1,78,6,13,9,9,40,74,46417,22472,23945,24.775405562617145,16.804188120731627,1.2926298554408946,2.8006980201219385,1.9389447831613418,1.9389447831613418,32.92986828052688,16.704948841094176
53.0,2018,2,87,4,13,1,13,46,72,46417,22472,23945,25.421720490337595,18.74313290389297,0.8617532369605962,2.8006980201219385,0.21543830924014906,2.8006980201219385,32.03987184051264,19.2106911672583
53.0,2018,3,126,2,6,1,7,44,98,46417,22472,23945,30.592239912101167,27.145226964258782,0.4308766184802981,1.2926298554408946,0.21543830924014906,1.5080681646810434,43.60982556069776,18.375443725203592
53.0,2018,4,114,3,9,4,8,57,80,46417,22472,23945,29.730486675140572,24.559967253376993,0.6463149277204473,1.9389447831613418,0.8617532369605962,1.7235064739211925,35.5998576005696,23.804552098559196
53.0,2019,1,58,4,2,2,4,27,43,46874,22582,24292,14.933651917907582,12.37359730340914,0.8533515381661475,0.42667576908307375,0.42667576908307375,0.8533515381661475,19.041714639978746,11.114770294747242
54.0,2015,1,36,10,4,8,14,21,51,106068,54423,51645,6.788098201153976,3.394049100576988,0.9427914168269412,0.3771165667307765,0.754233133461553,1.3199079835577179,9.371037980265696,4.066221318617485
54.0,2015,2,27,9,7,8,16,16,51,106068,54423,51645,6.3167024927405055,2.5455368254327415,0.848512275144247,0.6599539917788589,0.754233133461553,1.508466266923106,9.371037980265696,3.0980733856133216
54.0,2015,3,46,5,4,3,11,16,53,106068,54423,51645,6.505260776105894,4.336840517403929,0.4713957084134706,0.3771165667307765,0.28283742504808235,1.0370705585096354,9.738529665766313,3.0980733856133216
54.0,2015,4,28,6,2,2,17,15,40,106068,54423,51645,5.185352792548177,2.6398159671154358,0.5656748500961647,0.18855828336538824,0.18855828336538824,1.6027454086058,7.349833710012311,2.904443799012489
54.0,2016,1,73,3,12,5,9,41,61,107562,55424,52138,9.482902883918113,6.786783436529629,0.2789089083505327,1.115635633402131,0.4648481805842212,0.8367267250515982,11.0060623556582,7.8637462119759105
54.0,2016,2,66,13,9,9,6,41,62,107562,55424,52138,9.575872520034956,6.1359959837117195,1.208605269518975,0.8367267250515982,0.8367267250515982,0.5578178167010654,11.186489607390302,7.8637462119759105
54.0,2016,3,82,6,7,8,7,34,76,107562,55424,52138,10.226659972852865,7.623510161581228,0.5578178167010654,0.6507874528179097,0.7437570889347539,0.6507874528179097,13.712471131639722,6.521155395297097
54.0,2016,4,63,9,7,8,17,34,70,107562,55424,52138,9.6688421561518,5.857087075361187,0.8367267250515982,0.6507874528179097,0.7437570889347539,1.5804838139863522,12.629907621247114,6.521155395297097
54.0,2017,1,120,9,15,12,9,56,109,109202,56507,52695,15.109613377044377,10.988809728759547,0.824160729656966,1.3736012160949433,1.0988809728759545,0.824160729656966,19.289645530642222,10.627194230951703
54.0,2017,2,99,7,13,5,17,61,80,109202,56507,52695,12.911851431292467,9.065768026226625,0.6410139008443069,1.1904543872822844,0.4578670720316477,1.5567480449076023,14.15753800414108,11.576050858715249
54.0,2017,3,116,7,6,4,9,48,94,109202,56507,52695,13.003424845698795,10.622516071134228,0.6410139008443069,0.5494404864379773,0.3662936576253182,0.824160729656966,16.635107154865768,9.109023626530032
54.0,2017,4,117,8,6,10,18,57,102,109202,56507,52695,14.5601728906064,10.714089485540558,0.7325873152506364,0.5494404864379773,0.9157341440632955,1.648321459313932,18.050860955279877,10.816965556504412
54.0,2018,1,135,5,19,4,5,76,92,111476,58191,53285,15.070508450249381,12.11023000466468,0.448527037209803,1.7044027413972513,0.35882162976784243,0.448527037209803,15.810004983588529,14.26292577648494
54.0,2018,2,166,3,17,13,5,84,120,111476,58191,53285,18.299903118159964,14.89109763536546,0.26911622232588184,1.52499192651333,1.1661702967454879,0.448527037209803,20.621745630767645,15.764286384535986
54.0,2018,3,188,7,18,9,11,93,140,111476,58191,53285,20.90135993397682,16.864616599088592,0.6279378520937242,1.6146973339552908,0.8073486669776454,0.9867594818615667,24.058703235895585,17.453317068593414
54.0,2018,4,178,8,15,8,9,75,141,111476,58191,53285,19.55577882234741,15.967562524668987,0.7176432595356849,1.345581111629409,0.7176432595356849,0.8073486669776454,24.230551116151982,14.075255700478559
54.0,2019,1,109,1,5,5,4,42,82,115215,60329,54886,10.762487523325957,9.460573710020396,0.08679425422037061,0.433971271101853,0.433971271101853,0.34717701688148245,13.592136451789354,7.652224611011916
55.0,2015,1,21,8,2,6,10,8,39,71424,34601,36823,6.580421146953405,2.940188172043011,1.1200716845878136,0.2800179211469534,0.8400537634408602,1.400089605734767,11.271350539001762,2.1725551964804604
55.0,2015,2,17,6,4,4,9,11,29,71424,34601,36823,5.600358422939068,2.380152329749104,0.8400537634408602,0.5600358422939068,0.5600358422939068,1.2600806451612903,8.38126065720644,2.9872633951606336
55.0,2015,3,18,9,5,2,9,11,32,71424,34601,36823,6.020385304659499,2.5201612903225805,1.2600806451612903,0.7000448028673835,0.2800179211469534,1.2600806451612903,9.248287621745037,2.9872633951606336
55.0,2015,4,26,8,9,2,12,16,41,71424,34601,36823,7.980510752688173,3.6402329749103943,1.1200716845878136,1.2600806451612903,0.2800179211469534,1.6801075268817205,11.849368515360826,4.345110392960921
55.0,2016,1,59,5,13,0,7,26,58,71340,34519,36821,11.774600504625736,8.270255116344266,0.7008690776562938,1.822259601906364,0.0,0.9812167087188114,16.802340739882382,7.0611879090736265
55.0,2016,2,38,3,4,2,11,21,37,71340,34519,36821,8.130081300813009,5.326604990187834,0.42052144659377627,0.5606952621250351,0.28034763106251753,1.5419119708438465,10.718734609924969,5.703267157328698
55.0,2016,3,49,5,9,5,6,24,50,71340,34519,36821,10.372862349313147,6.868516961031679,0.7008690776562938,1.2615643397813288,0.7008690776562938,0.8410428931875525,14.484776499898606,6.518019608375655
55.0,2016,4,53,8,14,4,7,30,56,71340,34519,36821,12.054948135688253,7.429212223156714,1.1213905242500701,1.9624334174376228,0.5606952621250351,0.9812167087188114,16.22294967988644,8.14752451046957
55.0,2017,1,65,4,13,1,3,30,56,71384,34504,36880,12.047517651014232,9.105681945534013,0.5603496581867085,1.8211363891068026,0.1400874145466771,0.4202622436400314,16.23000231857176,8.134490238611713
55.0,2017,2,55,3,8,4,4,29,45,71384,34504,36880,10.366468676454108,7.7048078000672415,0.4202622436400314,1.120699316373417,0.5603496581867085,0.5603496581867085,13.041966148852307,7.863340563991323
55.0,2017,3,58,7,6,1,6,34,44,71384,34504,36880,10.926818334640817,8.125070043707273,0.98061190182674,0.8405244872800628,0.1400874145466771,0.8405244872800628,12.75214467887781,9.219088937093275
55.0,2017,4,51,8,4,3,6,21,51,71384,34504,36880,10.086293847360754,7.144458141880533,1.120699316373417,0.5603496581867085,0.4202622436400314,0.8405244872800628,14.78089496869928,5.6941431670282
55.0,2018,1,55,7,13,2,9,25,61,71841,34863,36978,11.970880138082709,7.65579543714592,0.9743739647276625,1.8095516487799446,0.27839256135076074,1.252766526078423,17.4970599202593,6.760776678024771
55.0,2018,2,84,3,15,6,7,44,70,71841,34863,36978,16.007572277668743,11.69248757673195,0.41758884202614105,2.0879442101307055,0.8351776840522821,0.9743739647276625,20.07859335111723,11.898966953323598
55.0,2018,3,74,0,15,2,7,40,58,71841,34863,36978,13.641235506187275,10.300524769978146,0.0,2.0879442101307055,0.27839256135076074,0.9743739647276625,16.63654877663999,10.817242684839634
55.0,2018,4,71,2,17,2,5,47,50,71841,34863,36978,13.502039225511894,9.882935927952005,0.27839256135076074,2.366336771481466,0.27839256135076074,0.6959814033769018,14.341852393655165,12.710260154686571
55.0,2019,1,40,3,2,3,3,18,33,73342,35514,37828,6.9537236508412645,5.4539009026206,0.40904256769654496,0.27269504513102993,0.40904256769654496,0.40904256769654496,9.292110153742186,4.758380035952205
56.0,2015,1,24,2,2,8,5,10,31,45568,22258,23310,8.99754213483146,5.26685393258427,0.43890449438202245,0.43890449438202245,1.7556179775280898,1.0972612359550562,13.927576601671309,4.29000429000429
56.0,2015,2,19,5,2,7,1,17,17,45568,22258,23310,7.4613764044943816,4.169592696629214,1.0972612359550562,0.43890449438202245,1.5361657303370786,0.21945224719101122,7.637703297690718,7.293007293007293
56.0,2015,3,25,6,2,12,1,14,32,45568,22258,23310,10.094803370786517,5.486306179775282,1.3167134831460674,0.43890449438202245,2.633426966292135,0.21945224719101122,14.37685326624135,6.006006006006006
56.0,2015,4,24,2,1,6,2,10,25,45568,22258,23310,7.680828651685394,5.26685393258427,0.43890449438202245,0.21945224719101122,1.3167134831460674,0.43890449438202245,11.231916614251055,4.29000429000429
56.0,2016,1,33,6,6,4,2,13,38,46964,22896,24068,10.859381654032877,7.0266587173153905,1.2775743122391618,1.2775743122391618,0.8517162081594413,0.42585810407972063,16.596785464709992,5.401362805384744
56.0,2016,2,32,0,10,7,4,23,30,46964,22896,24068,11.285239758112597,6.81372966527553,0.0,2.129290520398603,1.4905033642790222,0.8517162081594413,13.10272536687631,9.556257271065315
56.0,2016,3,28,3,6,4,4,17,28,46964,22896,24068,9.581807341793715,5.962013457116089,0.6387871561195809,1.2775743122391618,0.8517162081594413,0.8517162081594413,12.22921034241789,7.063320591656972
56.0,2016,4,31,1,1,9,4,18,28,46964,22896,24068,9.794736393833574,6.60080061323567,0.21292905203986032,0.21292905203986032,1.9163614683587429,0.8517162081594413,12.22921034241789,7.478810038225029
56.0,2017,1,50,7,3,4,4,18,50,48373,23549,24824,14.057428730903604,10.33634465507618,1.447088251710665,0.6201806793045708,0.8269075724060944,0.8269075724060944,21.23232409019491,7.251047373509507
56.0,2017,2,58,2,4,1,2,31,36,48373,23549,24824,13.850701837802081,11.990159799888367,0.4134537862030472,0.8269075724060944,0.2067268931015236,0.4134537862030472,15.287273344940337,12.487914921044151
56.0,2017,3,55,4,3,2,1,28,37,48373,23549,24824,13.437248051599033,11.369979120583796,0.8269075724060944,0.6201806793045708,0.4134537862030472,0.2067268931015236,15.711919826744236,11.279407025459234
56.0,2017,4,83,1,2,3,3,28,64,48373,23549,24824,19.01887416534017,17.15833212742646,0.2067268931015236,0.4134537862030472,0.6201806793045708,0.6201806793045708,27.177374835449488,11.279407025459234
56.0,2018,1,94,0,6,3,0,41,62,50027,24123,25904,20.58888200371799,18.789853479121273,0.0,1.1993523497311451,0.5996761748655726,0.0,25.701612568917632,15.827671402100062
56.0,2018,2,98,2,4,4,4,43,69,50027,24123,25904,22.38791052831471,19.589421712275374,0.39978411657704843,0.7995682331540969,0.7995682331540969,0.7995682331540969,28.603407536376075,16.59975293390982
56.0,2018,3,90,0,17,2,2,51,60,50027,24123,25904,22.188018470026186,17.990285245967176,0.0,3.3981649909049114,0.39978411657704843,0.39978411657704843,24.87252829250093,19.68807906114886
56.0,2018,4,109,1,11,4,3,53,75,50027,24123,25904,25.5861834609311,21.788234353449138,0.19989205828852422,2.1988126411737663,0.7995682331540969,0.5996761748655726,31.090660365626164,20.460160592958616
56.0,2019,1,78,2,3,2,4,27,62,52258,25327,26931,17.03088522331509,14.92594435301772,0.3827165218722492,0.5740747828083738,0.3827165218722492,0.7654330437444984,24.479804161566705,10.02562103152501
57.0,2015,1,64,16,11,15,13,28,91,125387,61305,64082,9.490617049614393,5.104197404834632,1.276049351208658,0.8772839289559523,1.1962962667581167,1.0367900978570346,14.843813718293777,4.369401704066664
57.0,2015,2,60,11,12,11,18,34,78,125387,61305,64082,8.932345458460606,4.785185067032467,0.8772839289559523,0.9570370134064935,0.8772839289559523,1.4355555201097403,12.723268901394665,5.305702069223806
57.0,2015,3,52,5,14,9,17,36,61,125387,61305,64082,7.736049191702489,4.147160391428138,0.39876542225270567,1.1165431823075758,0.7177777600548702,1.3558024356591991,9.950248756218905,5.617802190942855
57.0,2015,4,47,16,8,5,13,28,61,125387,61305,64082,7.09802451609816,3.7483949691754326,1.276049351208658,0.638024675604329,0.39876542225270567,1.0367900978570346,9.950248756218905,4.369401704066664
57.0,2016,1,85,14,19,3,15,51,85,124485,60831,63654,10.925011045507489,6.8281319034421815,1.1246334899787123,1.5262883078282523,0.24099289070972407,1.2049644535486204,13.973138695730794,8.012065227636912
57.0,2016,2,78,5,5,4,9,29,72,124485,60831,63654,8.11342732056071,6.265815158452826,0.4016548178495401,0.4016548178495401,0.3213238542796321,0.7229786721291721,11.836070424619026,4.555880227479813
57.0,2016,3,56,4,22,7,18,43,64,124485,60831,63654,8.595413101980158,4.498533959914849,0.3213238542796321,1.7672811985379764,0.5623167449893561,1.4459573442583442,10.520951488550246,6.755270682125239
57.0,2016,4,77,15,15,11,10,40,88,124485,60831,63654,10.282363336948228,6.185484194882918,1.2049644535486204,1.2049644535486204,0.8836405992689882,0.8033096356990802,14.466308296756589,6.283972727558362
57.0,2017,1,88,7,12,6,16,51,78,123694,60436,63258,10.428961792811291,7.114330525328634,0.5659126554238686,0.9701359807266319,0.48506799036331594,1.2935146409688425,12.90621483883778,8.062221379114103
57.0,2017,2,100,11,18,9,14,64,88,123694,60436,63258,12.288389089204005,8.084466506055266,0.8892913156660792,1.4552039710899478,0.7276019855449739,1.1318253108477372,14.560857766893905,10.117297416927503
57.0,2017,3,129,6,17,4,8,79,85,123694,60436,63258,13.258525069930636,10.428961792811291,0.48506799036331594,1.374359306029395,0.3233786602422106,0.6467573204844212,14.064464888477067,12.488538999019887
57.0,2017,4,150,11,7,5,15,71,117,123694,60436,63258,15.1987970313839,12.126699759082896,0.8892913156660792,0.5659126554238686,0.4042233253027632,1.2126699759082897,19.359322258256668,11.22387682190395
57.0,2018,1,142,10,23,7,15,75,121,123476,59837,63639,15.954517477080566,11.500210567235737,0.8098739836081505,1.8627101622987463,0.5669117885257055,1.2148109754122258,20.22160201881779,11.78522604063546
57.0,2018,2,146,10,23,4,26,81,127,123476,59837,63639,16.926366257410347,11.824160160678998,0.8098739836081505,1.8627101622987463,0.3239495934432602,2.1056723573811915,21.224326085866604,12.728044123886296
57.0,2018,3,152,6,33,8,15,102,112,123476,59837,63639,17.33130324921442,12.310084550843888,0.48592439016489036,2.672584145906897,0.6478991868865204,1.2148109754122258,18.717515918244565,16.027907415264224
57.0,2018,4,187,10,22,8,12,105,134,123476,59837,63639,19.3559882082348,15.144643493472415,0.8098739836081505,1.7817227639379312,0.6478991868865204,0.9718487803297807,22.394170830756888,16.499316456889645
57.0,2019,1,121,2,6,3,8,55,85,126215,61508,64707,11.09218397179416,9.586816147050667,0.15845977102563086,0.47537931307689263,0.23768965653844631,0.6338390841025234,13.819340573583924,8.49985318435409
58.0,2015,1,40,8,8,4,5,17,48,90939,44593,46346,7.147648423668612,4.3985528761037616,0.8797105752207524,0.8797105752207524,0.4398552876103762,0.5498191095129702,10.764021258941987,3.6680619686704357
58.0,2015,2,41,2,9,4,2,29,29,90939,44593,46346,6.377901670350455,4.508516698006356,0.2199276438051881,0.9896743971233465,0.4398552876103762,0.2199276438051881,6.503262843944117,6.2572821818495665
58.0,2015,3,36,4,11,5,3,23,36,90939,44593,46346,6.487865492253048,3.958697588493386,0.4398552876103762,1.2096020409285344,0.5498191095129702,0.3298914657077821,8.073015944206489,4.96267207526
58.0,2015,4,22,2,7,4,6,13,28,90939,44593,46346,4.508516698006356,2.419204081857069,0.2199276438051881,0.7697467533181583,0.4398552876103762,0.6597829314155642,6.279012401049492,2.8049885642773917
58.0,2016,1,67,3,16,3,6,42,53,90985,44620,46365,10.441281529922515,7.363851184261142,0.32972467989229,1.758531626092213,0.32972467989229,0.65944935978458,11.878081577767817,9.058557101261727
58.0,2016,2,35,4,10,1,3,24,29,90985,44620,46365,5.825136011430456,3.8467879320767158,0.43963290652305326,1.0990822663076332,0.10990822663076331,0.32972467989229,6.499327655759749,5.176318343578131
58.0,2016,3,43,6,15,5,5,32,42,90985,44620,46365,8.133208770676486,4.726053745122822,0.65944935978458,1.6486233994614496,0.5495411331538166,0.5495411331538166,9.412819363514119,6.9017577914375074
58.0,2016,4,44,10,8,5,8,25,50,90985,44620,46365,8.243116997307249,4.835961971753586,1.0990822663076332,0.8792658130461065,0.5495411331538166,0.8792658130461065,11.205737337516808,5.391998274560552
58.0,2017,1,60,1,13,5,13,33,59,91084,44685,46399,10.100566510034692,6.587325984805235,0.10978876641342059,1.4272539633744676,0.5489438320671028,1.4272539633744676,13.203535862146133,7.1122222461690985
58.0,2017,2,51,5,10,5,11,28,54,91084,44685,46399,9.002678845900487,5.599227087084449,0.5489438320671028,1.0978876641342057,0.5489438320671028,1.2076764305476264,12.084592145015106,6.034612814931357
58.0,2017,3,82,1,11,3,8,43,62,91084,44685,46399,11.527820473409161,9.002678845900487,0.10978876641342059,1.2076764305476264,0.32936629924026173,0.8783101313073647,13.874902092424751,9.267441108644583
58.0,2017,4,97,1,7,5,6,50,66,91084,44685,46399,12.735496903956786,10.649510342101795,0.10978876641342059,0.768521364893944,0.5489438320671028,0.6587325984805235,14.770057066129574,10.77609431237742
58.0,2018,1,78,7,15,3,10,44,69,91633,44615,47018,12.331801861774688,8.512217214322352,0.7639169294904674,1.6369648489081445,0.32739296978162885,1.0913098992720962,15.465650565953155,9.358118167510316
58.0,2018,2,99,2,23,3,12,70,69,91633,44615,47018,15.169207599882139,10.803968002793752,0.21826197985441925,2.5100127683258213,0.32739296978162885,1.3095718791265154,15.465650565953155,14.887915266493684
58.0,2018,3,115,2,25,4,14,79,80,91633,44615,47018,17.46095838835354,12.550063841629107,0.21826197985441925,2.728274748180241,0.4365239597088385,1.5278338589809348,17.93118906197467,16.80207580075716
58.0,2018,4,110,5,16,8,6,61,84,91633,44615,47018,15.823993539445397,12.004408891993059,0.5456549496360481,1.746095838835354,0.873047919417677,0.6547859395632577,18.827748515073406,12.97375473223021
58.0,2019,1,75,2,10,3,10,41,59,94210,46146,48064,10.614584439019213,7.960938329264409,0.21229168878038424,1.0614584439019212,0.3184375331705764,1.0614584439019212,12.785506869501148,8.53029294274301
59.0,2015,1,28,4,12,2,1,19,28,47422,23541,23881,9.911011766690567,5.904432541858209,0.8434903631226013,2.5304710893678037,0.42174518156130064,0.21087259078065032,11.894142134998512,7.956115740546878
59.0,2015,2,22,7,7,0,2,19,18,47422,23541,23881,8.013158449664713,4.639196997174308,1.4761081354645522,1.4761081354645522,0.0,0.42174518156130064,7.646234229641901,7.956115740546878
59.0,2015,3,14,5,14,1,4,17,21,47422,23541,23881,8.013158449664713,2.9522162709291044,1.0543629539032517,2.9522162709291044,0.21087259078065032,0.8434903631226013,8.920606601248885,7.1186298731208915
59.0,2015,4,20,8,6,1,5,8,32,47422,23541,23881,8.434903631226014,4.217451815613007,1.6869807262452026,1.2652355446839019,0.21087259078065032,1.0543629539032517,13.593305297141159,3.3499434697039487
59.0,2016,1,32,5,15,2,2,25,30,47682,23661,24021,11.744473805628958,6.711127888930833,1.0486137326454428,3.145841197936328,0.4194454930581771,0.4194454930581771,12.679092177000127,10.407560051621498
59.0,2016,2,22,4,7,1,4,10,26,47682,23661,24021,7.969464368105365,4.613900423639948,0.8388909861163542,1.4680592257036198,0.20972274652908854,0.8388909861163542,10.98854655340011,4.163024020648599
59.0,2016,3,19,12,6,2,7,14,32,47682,23661,24021,9.647246340338073,3.9847321840526826,2.516672958349062,1.258336479174531,0.4194454930581771,1.4680592257036198,13.524364988800135,5.8282336289080385
59.0,2016,4,27,5,7,4,7,15,35,47682,23661,24021,10.486137326454427,5.662514156285391,1.0486137326454428,1.4680592257036198,0.8388909861163542,1.4680592257036198,14.79227420650015,6.244536030972898
59.0,2017,1,38,6,12,4,11,24,47,47970,23806,24164,14.80091723994163,7.921617677715239,1.2507817385866167,2.5015634771732334,0.8338544923910778,2.293099854075464,19.74292195244896,9.932130441979805
59.0,2017,2,27,9,6,1,5,20,28,47970,23806,24164,10.006253908692933,5.628517823639775,1.876172607879925,1.2507817385866167,0.20846362309776945,1.0423181154888472,11.761740737629168,8.276775368316503
59.0,2017,3,36,4,3,7,6,18,38,47970,23806,24164,11.673962893475089,7.5046904315197,0.8338544923910778,0.6253908692933083,1.4592453616843861,1.2507817385866167,15.962362429639587,7.4490978314848535
59.0,2017,4,41,1,6,1,7,22,34,47970,23806,24164,11.673962893475089,8.547008547008547,0.20846362309776945,1.2507817385866167,0.20846362309776945,1.4592453616843861,14.282113752835421,9.104452905148154
59.0,2018,1,51,3,9,2,9,32,42,48496,23875,24621,15.258990432200592,10.516331243813923,0.6186077202243484,1.855823160673045,0.41240514681623225,1.855823160673045,17.591623036649214,12.997035051378905
59.0,2018,2,64,5,10,2,19,38,62,48496,23875,24621,20.620257340811612,13.196964698119432,1.0310128670405807,2.0620257340811614,0.41240514681623225,3.917848894754207,25.968586387434552,15.433979123512449
59.0,2018,3,84,4,9,3,11,40,71,48496,23875,24621,22.88848564830089,17.321016166281755,0.8248102936324645,1.855823160673045,0.6186077202243484,2.2682283074892773,29.73821989528796,16.24629381422363
59.0,2018,4,67,2,12,1,5,30,54,48496,23875,24621,17.939623886506105,13.81557241834378,0.41240514681623225,2.4744308808973936,0.20620257340811612,1.0310128670405807,22.617801047120416,12.184720360667724
59.0,2019,1,49,0,11,1,2,31,32,49878,24695,25183,12.630819198845183,9.823970487990698,0.0,2.2053811299570953,0.2004891936324632,0.4009783872649264,12.958088681919415,12.30989159353532
60.0,2015,1,2,2,0,0,0,2,2,1317,675,642,30.372057706909644,15.186028853454822,15.186028853454822,0.0,0.0,0.0,29.62962962962963,31.15264797507788
60.0,2015,2,0,2,0,0,0,0,2,1317,675,642,15.186028853454822,0.0,15.186028853454822,0.0,0.0,0.0,29.62962962962963,0.0
60.0,2015,3,0,0,0,2,0,2,0,1317,675,642,15.186028853454822,0.0,0.0,0.0,15.186028853454822,0.0,0.0,31.15264797507788
60.0,2015,4,4,0,0,0,0,2,2,1317,675,642,30.372057706909644,30.372057706909644,0.0,0.0,0.0,0.0,29.62962962962963,31.15264797507788
60.0,2016,1,4,0,2,0,0,0,6,1205,619,586,49.792531120331944,33.19502074688796,0.0,16.59751037344398,0.0,0.0,96.93053311793214,0.0
60.0,2016,3,4,2,0,0,0,2,4,1205,619,586,49.792531120331944,33.19502074688796,16.59751037344398,0.0,0.0,0.0,64.62035541195478,34.129692832764505
60.0,2016,4,2,0,0,2,0,0,4,1205,619,586,33.19502074688796,16.59751037344398,0.0,0.0,16.59751037344398,0.0,64.62035541195478,0.0
60.0,2017,1,2,0,2,0,0,2,2,1100,565,535,36.36363636363637,18.181818181818183,0.0,18.181818181818183,0.0,0.0,35.39823008849557,37.38317757009346
60.0,2017,2,2,4,0,0,0,2,4,1100,565,535,54.54545454545455,18.181818181818183,36.36363636363637,0.0,0.0,0.0,70.79646017699115,37.38317757009346
60.0,2017,3,0,4,0,0,0,0,4,1100,565,535,36.36363636363637,0.0,36.36363636363637,0.0,0.0,0.0,70.79646017699115,0.0
60.0,2017,4,0,0,2,0,0,2,0,1100,565,535,18.181818181818183,0.0,0.0,18.181818181818183,0.0,0.0,0.0,37.38317757009346
60.0,2018,1,4,0,4,4,0,8,4,1014,517,497,118.34319526627219,39.447731755424066,0.0,39.447731755424066,39.447731755424066,0.0,77.36943907156673,160.9657947686117
60.0,2018,2,6,0,0,0,0,4,2,1014,517,497,59.171597633136095,59.171597633136095,0.0,0.0,0.0,0.0,38.684719535783366,80.48289738430584
60.0,2018,4,0,0,2,0,0,2,0,1014,517,497,19.723865877712033,0.0,0.0,19.723865877712033,0.0,0.0,0.0,40.24144869215292
60.0,2019,1,8,0,2,0,0,8,2,1058,545,513,94.5179584120983,75.61436672967864,0.0,18.90359168241966,0.0,0.0,36.69724770642202,155.94541910331384
61.0,2015,1,7,3,3,0,0,9,4,18445,9007,9438,7.0479804825155865,3.795066413662239,1.626457034426674,1.626457034426674,0.0,0.0,4.4409903408460085,9.535918626827717
61.0,2015,2,10,1,5,1,0,8,9,18445,9007,9438,9.216589861751151,5.421523448088912,0.5421523448088913,2.710761724044456,0.5421523448088913,0.0,9.992228266903519,8.47637211273575
61.0,2015,3,7,5,1,2,0,4,11,18445,9007,9438,8.13228517213337,3.795066413662239,2.710761724044456,0.5421523448088913,1.0843046896177826,0.0,12.212723437326524,4.238186056367875
61.0,2015,4,10,1,2,1,0,4,10,18445,9007,9438,7.590132827324478,5.421523448088912,0.5421523448088913,1.0843046896177826,0.5421523448088913,0.0,11.10247585211502,4.238186056367875
61.0,2016,1,10,2,3,0,1,9,7,19753,9635,10118,8.10003543765504,5.062522148534399,1.01250442970688,1.51875664456032,0.0,0.50625221485344,7.265179034769071,8.89503854516703
61.0,2016,2,14,3,3,1,1,12,10,19753,9635,10118,11.13754872677568,7.08753100794816,1.51875664456032,1.51875664456032,0.50625221485344,0.50625221485344,10.378827192527243,11.860051393556038
61.0,2016,3,8,1,9,0,2,5,15,19753,9635,10118,10.125044297068799,4.05001771882752,0.50625221485344,4.55626993368096,0.0,1.01250442970688,15.568240788790867,4.9416880806483485
61.0,2016,4,12,5,0,2,1,5,15,19753,9635,10118,10.125044297068799,6.07502657824128,2.5312610742671997,0.0,1.01250442970688,0.50625221485344,15.568240788790867,4.9416880806483485
61.0,2017,1,19,3,5,2,3,9,23,21111,10292,10819,15.157974515655345,9.000047368670362,1.4210601108426886,2.3684335180711478,0.9473734072284591,1.4210601108426886,22.347454333462885,8.31869858582124
61.0,2017,2,19,3,12,2,3,19,20,21111,10292,10819,18.47378144095495,9.000047368670362,1.4210601108426886,5.684240443370754,0.9473734072284591,1.4210601108426886,19.4325689856199,17.56169701451151
61.0,2017,3,23,0,10,1,1,19,16,21111,10292,10819,16.579034626498036,10.89479418312728,0.0,4.7368670361422955,0.47368670361422954,0.47368670361422954,15.546055188495918,17.56169701451151
61.0,2017,4,22,0,13,2,0,20,17,21111,10292,10819,17.526408033726494,10.42110747951305,0.0,6.157927146984984,0.9473734072284591,0.0,16.517683637776916,18.485996857380535
61.0,2018,1,13,1,21,1,0,22,14,22637,10939,11698,15.903167380836683,5.742810443079914,0.4417546494676856,9.2768476388214,0.4417546494676856,0.0,12.79824481214005,18.806633612583347
61.0,2018,2,20,3,7,1,1,13,19,22637,10939,11698,14.13614878296594,8.835092989353713,1.3252639484030568,3.0922825462737995,0.4417546494676856,0.4417546494676856,17.369046530761498,11.113010771071979
61.0,2018,3,32,2,11,0,1,25,21,22637,10939,11698,20.32071387551354,14.13614878296594,0.8835092989353712,4.859301144144542,0.0,0.4417546494676856,19.197367218210076,21.371174559753804
61.0,2018,4,22,2,11,2,0,20,17,22637,10939,11698,16.344922030304367,9.718602288289084,0.8835092989353712,4.859301144144542,0.8835092989353712,0.0,15.540725843312918,17.096939647803044
61.0,2019,1,15,2,3,0,0,7,13,24119,11715,12404,8.29221775363821,6.219163315228658,0.8292217753638211,1.2438326630457317,0.0,0.0,11.096884336320956,5.64334085778781
62.0,2015,1,59,1,9,4,10,33,50,40278,20006,20272,20.60678285912905,14.648195044441135,0.2482744922786633,2.2344704305079697,0.9930979691146532,2.482744922786633,24.992502249325202,16.27861089187056
62.0,2015,2,40,2,3,1,11,16,41,40278,20006,20272,14.151646059883808,9.930979691146533,0.4965489845573266,0.7448234768359899,0.2482744922786633,2.731019415065296,20.493851844446667,7.892659826361484
62.0,2015,3,21,7,7,0,11,10,36,40278,20006,20272,11.420626644818512,5.213764337851929,1.7379214459506431,1.7379214459506431,0.0,2.731019415065296,17.994601619514146,4.932912391475928
62.0,2015,4,28,5,4,3,6,10,36,40278,20006,20272,11.420626644818512,6.9516857838025725,1.2413724613933166,0.9930979691146532,0.7448234768359899,1.4896469536719799,17.994601619514146,4.932912391475928
62.0,2016,1,68,4,12,0,3,38,49,39950,19871,20079,21.777221526908633,17.02127659574468,1.0012515644555695,3.0037546933667083,0.0,0.7509386733416771,24.65905087816416,18.9252452811395
62.0,2016,2,48,8,5,1,5,21,46,39950,19871,20079,16.770963704630788,12.015018773466833,2.002503128911139,1.2515644555694618,0.2503128911138924,1.2515644555694618,23.149313069296966,10.458688181682355
62.0,2016,3,45,2,15,4,7,28,45,39950,19871,20079,18.272841051314142,11.264080100125158,0.5006257822277848,3.754693366708385,1.0012515644555695,1.7521902377972467,22.6460671330079,13.944917575576474
62.0,2016,4,43,4,3,5,6,25,36,39950,19871,20079,15.269086357947435,10.763454317897372,1.0012515644555695,0.7509386733416771,1.2515644555694618,1.5018773466833542,18.11685370640632,12.450819263907565
62.0,2017,1,64,3,5,9,7,30,58,39702,19776,19926,22.165130220140043,16.120094705556397,0.755629439322956,1.2593823988715935,2.266888317968868,1.7631353584202305,29.32847896440129,15.055706112616681
62.0,2017,2,64,5,6,9,4,38,50,39702,19776,19926,22.165130220140043,16.120094705556397,1.2593823988715935,1.511258878645912,2.266888317968868,1.0075059190972748,25.283171521035598,19.07056107598113
62.0,2017,3,84,3,7,8,6,49,59,39702,19776,19926,27.20265981562642,21.15762430104277,0.755629439322956,1.7631353584202305,2.0150118381945497,1.511258878645912,29.834142394822006,24.590986650607245
62.0,2017,4,76,2,1,3,5,37,50,39702,19776,19926,21.913253740365725,19.14261246284822,0.5037529595486374,0.2518764797743187,0.755629439322956,1.2593823988715935,25.283171521035598,18.568704205560575
62.0,2018,1,95,3,11,9,7,48,77,39681,19601,20080,31.501222247423197,23.94092890804163,0.7560293339381567,2.7721075577732415,2.2680880018144705,1.7640684458556992,39.28371001479516,23.904382470119522
62.0,2018,2,102,1,9,5,12,48,81,39681,19601,20080,32.50926135934074,25.70499735389733,0.2520097779793856,2.2680880018144705,1.260048889896928,3.024117335752627,41.32442222335595,23.904382470119522
62.0,2018,3,116,5,17,7,11,57,99,39681,19601,20080,39.313525364784155,29.233134245608728,1.260048889896928,4.284166225649555,1.7640684458556992,2.7721075577732415,50.5076271618795,28.38645418326693
62.0,2018,4,108,0,18,2,3,69,62,39681,19601,20080,33.01328091529951,27.217056021773644,0.0,4.536176003628941,0.5040195559587712,0.7560293339381567,31.63103923269221,34.36254980079681
62.0,2019,1,88,0,5,2,1,42,54,40340,20058,20282,23.797719385225584,21.81457610312345,0.0,1.2394645513138323,0.49578582052553294,0.24789291026276647,26.92192641340114,20.70801696085199
63.0,2015,3,0,0,1,0,0,1,0,83,46,37,120.48192771084338,0.0,0.0,120.48192771084338,0.0,0.0,0.0,270.27027027027026
63.0,2015,4,3,0,0,1,0,2,2,83,46,37,481.9277108433735,361.4457831325301,0.0,0.0,120.48192771084338,0.0,434.7826086956522,540.5405405405405
63.0,2016,1,3,0,1,0,0,4,0,64,34,30,625.0,468.75,0.0,156.25,0.0,0.0,0.0,1333.3333333333333
63.0,2016,2,1,0,0,0,0,0,1,64,34,30,156.25,156.25,0.0,0.0,0.0,0.0,294.11764705882354,0.0
63.0,2016,3,3,1,1,0,2,3,4,64,34,30,1093.75,468.75,156.25,156.25,0.0,312.5,1176.4705882352941,1000.0
63.0,2016,4,0,6,0,2,1,3,6,64,34,30,1406.25,0.0,937.5,0.0,312.5,156.25,1764.7058823529412,1000.0
63.0,2017,1,3,1,0,0,0,2,2,47,26,21,851.063829787234,638.2978723404254,212.7659574468085,0.0,0.0,0.0,769.2307692307693,952.3809523809523
63.0,2017,2,3,1,0,0,0,3,1,47,26,21,851.063829787234,638.2978723404254,212.7659574468085,0.0,0.0,0.0,384.61538461538464,1428.5714285714284
63.0,2017,3,8,1,1,1,0,3,8,47,26,21,2340.425531914894,1702.127659574468,212.7659574468085,212.7659574468085,212.7659574468085,0.0,3076.923076923077,1428.5714285714284
63.0,2017,4,5,1,0,2,0,2,6,47,26,21,1702.127659574468,1063.8297872340427,212.7659574468085,0.0,425.531914893617,0.0,2307.6923076923076,952.3809523809523
63.0,2018,1,4,0,3,1,0,5,3,36,18,18,2222.222222222222,1111.111111111111,0.0,833.3333333333333,277.77777777777777,0.0,1666.6666666666665,2777.777777777778
63.0,2018,2,6,1,0,1,0,3,5,36,18,18,2222.222222222222,1666.6666666666665,277.77777777777777,0.0,277.77777777777777,0.0,2777.777777777778,1666.6666666666665
63.0,2018,3,5,1,1,0,0,4,3,36,18,18,1944.4444444444446,1388.888888888889,277.77777777777777,277.77777777777777,0.0,0.0,1666.6666666666665,2222.222222222222
63.0,2018,4,6,1,0,0,0,3,4,36,18,18,1944.4444444444446,1666.6666666666665,277.77777777777777,0.0,0.0,0.0,2222.222222222222,1666.6666666666665
63.0,2019,1,4,0,0,1,0,2,3,36,18,18,1388.888888888889,1111.111111111111,0.0,0.0,277.77777777777777,0.0,1666.6666666666665,1111.111111111111
64.0,2015,1,6,2,0,0,1,4,5,4777,2414,2363,18.840276324052752,12.560184216035168,4.186728072011723,0.0,0.0,2.0933640360058616,20.712510356255176,16.92763436309776
64.0,2015,2,0,1,1,0,0,1,1,4777,2414,2363,4.186728072011723,0.0,2.0933640360058616,2.0933640360058616,0.0,0.0,4.142502071251036,4.23190859077444
64.0,2015,3,1,2,2,1,0,2,4,4777,2414,2363,12.560184216035168,2.0933640360058616,4.186728072011723,4.186728072011723,2.0933640360058616,0.0,16.570008285004143,8.46381718154888
64.0,2015,4,2,4,0,0,0,2,4,4777,2414,2363,12.560184216035168,4.186728072011723,8.373456144023447,0.0,0.0,0.0,16.570008285004143,8.46381718154888
64.0,2016,1,4,1,0,0,0,2,3,4952,2508,2444,10.096930533117932,8.077544426494347,2.0193861066235868,0.0,0.0,0.0,11.961722488038276,8.183306055646481
64.0,2016,2,4,1,0,1,0,2,4,4952,2508,2444,12.116316639741518,8.077544426494347,2.0193861066235868,0.0,2.0193861066235868,0.0,15.94896331738437,8.183306055646481
64.0,2016,3,3,3,2,0,0,3,5,4952,2508,2444,16.155088852988694,6.058158319870759,6.058158319870759,4.0387722132471735,0.0,0.0,19.93620414673046,12.274959083469723
64.0,2016,4,2,0,0,0,0,1,1,4952,2508,2444,4.0387722132471735,4.0387722132471735,0.0,0.0,0.0,0.0,3.9872408293460926,4.091653027823241
64.0,2017,1,1,0,0,0,2,1,2,5124,2596,2528,5.85480093676815,1.95160031225605,0.0,0.0,0.0,3.9032006245121,7.704160246533128,3.9556962025316453
64.0,2017,2,3,0,3,0,0,4,2,5124,2596,2528,11.7096018735363,5.85480093676815,0.0,5.85480093676815,0.0,0.0,7.704160246533128,15.822784810126581
64.0,2017,3,4,2,0,0,0,1,5,5124,2596,2528,11.7096018735363,7.8064012490242,3.9032006245121,0.0,0.0,0.0,19.26040061633282,3.9556962025316453
64.0,2017,4,7,2,0,0,1,5,5,5124,2596,2528,19.516003122560498,13.66120218579235,3.9032006245121,0.0,0.0,1.95160031225605,19.26040061633282,19.77848101265823
64.0,2018,1,3,5,2,0,0,4,6,5331,2681,2650,18.758206715438003,5.627462014631401,9.379103357719002,3.7516413430876008,0.0,0.0,22.37970906378217,15.094339622641508
64.0,2018,2,0,2,4,0,0,3,3,5331,2681,2650,11.254924029262803,0.0,3.7516413430876008,7.5032826861752016,0.0,0.0,11.189854531891084,11.320754716981133
64.0,2018,3,2,1,3,0,0,5,1,5331,2681,2650,11.254924029262803,3.7516413430876008,1.8758206715438004,5.627462014631401,0.0,0.0,3.729951510630362,18.867924528301888
64.0,2018,4,1,2,6,0,2,4,7,5331,2681,2650,20.634027386981806,1.8758206715438004,3.7516413430876008,11.254924029262803,0.0,3.7516413430876008,26.109660574412533,15.094339622641508
64.0,2019,1,4,2,1,0,0,4,3,5725,2899,2826,12.22707423580786,6.986899563318777,3.4934497816593884,1.7467248908296942,0.0,0.0,10.348395998620214,14.154281670205238
65.0,2015,1,32,3,5,7,9,22,34,72468,34778,37690,7.7275487111552685,4.415742120660154,0.4139758238118894,0.689959706353149,0.9659435888944086,1.241927471435668,9.776295359135085,5.837092066861237
65.0,2015,2,22,2,3,15,6,15,33,72468,34778,37690,6.6236131809902306,3.0358227079538556,0.2759838825412596,0.4139758238118894,2.069879119059447,0.8279516476237788,9.488757260336994,3.9798355001326615
65.0,2015,3,20,6,4,7,5,10,32,72468,34778,37690,5.795661533366451,2.759838825412596,0.8279516476237788,0.5519677650825192,0.9659435888944086,0.689959706353149,9.201219161538903,2.6532236667551072
65.0,2015,4,23,2,0,7,8,13,27,72468,34778,37690,5.519677650825192,3.173814649224485,0.2759838825412596,0.0,0.9659435888944086,1.1039355301650384,7.76352866754845,3.4491907667816397
65.0,2016,1,41,6,1,5,11,21,43,73832,35427,38405,8.668328096218442,5.553147686639939,0.8126557590204789,0.13544262650341315,0.6772131325170658,1.4898688915375446,12.137635137042368,5.468038015883349
65.0,2016,2,34,3,5,11,1,19,35,73832,35427,38405,7.31390183118431,4.605049301116048,0.40632787951023946,0.6772131325170658,1.4898688915375446,0.13544262650341315,9.879470460383324,4.947272490561125
65.0,2016,3,46,0,4,11,9,20,50,73832,35427,38405,9.480983855238922,6.2303608191570055,0.0,0.5417705060136526,1.4898688915375446,1.2189836385307184,14.113529229119035,5.207655253222236
65.0,2016,4,42,2,6,7,5,27,35,73832,35427,38405,8.397442843211616,5.688590313143353,0.2708852530068263,0.8126557590204789,0.948098385523892,0.6772131325170658,9.879470460383324,7.0303345918500195
65.0,2017,1,84,2,7,9,9,43,68,75273,36121,39152,14.746323382886294,11.159379857319358,0.26569952041236566,0.9299483214432799,1.1956478418556453,1.1956478418556453,18.825613908806513,10.982836125868412
65.0,2017,2,63,3,5,10,13,28,66,75273,36121,39152,12.487877459381187,8.369534892989519,0.39854928061854844,0.6642488010309141,1.3284976020618282,1.7270468826803766,18.271919382076906,7.151614221495709
65.0,2017,3,91,1,1,6,9,34,74,75273,36121,39152,14.347774102267746,12.089328178762637,0.13284976020618283,0.13284976020618283,0.7970985612370969,1.1956478418556453,20.486697488995322,8.68410298324479
65.0,2017,4,113,0,5,8,11,51,86,75273,36121,39152,18.20041714824705,15.012022903298659,0.0,0.6642488010309141,1.0627980816494627,1.461347362268011,23.80886464937294,13.026154474867186
65.0,2018,1,122,1,7,12,13,60,95,77129,36651,40478,20.096202465998523,15.817656134527867,0.12965291913547433,0.9075704339483204,1.555835029625692,1.6854879487611665,25.92016588906169,14.822866742427985
65.0,2018,2,146,2,9,13,8,73,105,77129,36651,40478,23.07821960611443,18.929326193779254,0.25930583827094866,1.1668762722192692,1.6854879487611665,1.0372233530837947,28.64860440369976,18.03448786995405
65.0,2018,3,150,1,13,20,9,81,112,77129,36651,40478,25.023013393146545,19.44793787032115,0.12965291913547433,1.6854879487611665,2.593058382709487,1.1668762722192692,30.558511363946412,20.01087010227778
65.0,2018,4,156,5,6,5,13,69,116,77129,36651,40478,23.98579004006275,20.225855385133997,0.6482645956773717,0.777917514812846,0.6482645956773717,1.6854879487611665,31.649886769801643,17.046296753792184
65.0,2019,1,108,2,4,5,7,42,84,79580,38071,41509,15.833123900477508,13.57124905755215,0.25131942699170645,0.5026388539834129,0.628298567479266,0.8796179944709726,22.064038244332956,10.118287600279457
66.0,2015,1,36,4,12,6,11,32,37,69284,34028,35256,9.959009295075342,5.196004849604526,0.5773338721782807,1.732001616534842,0.866000808267421,1.587668148490272,10.873398377806511,9.076469253460404
66.0,2015,2,38,11,5,2,20,28,48,69284,34028,35256,10.969343571387332,5.484671785693666,1.587668148490272,0.721667340222851,0.28866693608914035,2.886669360891404,14.106030327965206,7.941910596777854
66.0,2015,3,20,10,13,7,16,22,44,69284,34028,35256,9.52600889094163,2.886669360891404,1.443334680445702,1.8763350845794124,1.0103342763119911,2.3093354887131228,12.930527800634772,6.240072611754028
66.0,2015,4,36,11,5,3,15,17,53,69284,34028,35256,10.103342763119912,5.196004849604526,1.587668148490272,0.721667340222851,0.4330004041337105,2.1650020206685525,15.575408487128247,4.82187429090084
66.0,2016,1,54,2,10,5,10,34,47,68718,33745,34973,11.787304636339824,7.858203090893215,0.29104455892197095,1.4552227946098548,0.7276113973049274,1.4552227946098548,13.927989331752853,9.721785377291054
66.0,2016,2,40,13,5,2,11,23,48,68718,33745,34973,10.332081841729968,5.820891178439419,1.8917896329928112,0.7276113973049274,0.29104455892197095,1.6007450740708402,14.224329530300786,6.57650187287336
66.0,2016,3,46,7,5,5,22,17,68,68718,33745,34973,12.369393754183765,6.694024855205332,1.0186559562268982,0.7276113973049274,0.7276113973049274,3.2014901481416804,20.151133501259444,4.860892688645527
66.0,2016,4,32,8,9,5,12,27,39,68718,33745,34973,9.604470444425042,4.656712942751535,1.1641782356878838,1.3097005151488692,0.7276113973049274,1.7462673535318258,11.557267743369389,7.720241329025248
66.0,2017,1,71,6,9,8,8,47,55,68241,33514,34727,14.947025981448103,10.404302398851131,0.8792368224381236,1.3188552336571857,1.1723157632508316,1.1723157632508316,16.41105209763084,13.534137702652115
66.0,2017,2,70,4,7,6,12,33,66,68241,33514,34727,14.50740757022904,10.257762928444775,0.5861578816254158,1.0257762928444778,0.8792368224381236,1.7584736448762472,19.69326251715701,9.502692429521698
66.0,2017,3,110,6,5,7,19,68,79,68241,33514,34727,21.54130214973403,16.119341744698932,0.8792368224381236,0.7326973520317698,1.0257762928444778,2.784249937720725,23.572238467506118,19.58130561234774
66.0,2017,4,111,4,6,0,16,66,71,68241,33514,34727,20.07590744567049,16.26588121510529,0.5861578816254158,0.8792368224381236,0.0,2.3446315265016633,21.18517634421436,19.005384859043396
66.0,2018,1,98,10,14,9,15,60,86,68147,33151,34996,21.424273995920583,14.380677065754911,1.4674160271178482,2.0543824379649878,1.3206744244060635,2.2011240406767723,25.941902205061687,17.14481655046291
66.0,2018,2,126,7,11,3,23,73,97,68147,33151,34996,24.946072461003418,18.489441941684888,1.0271912189824939,1.6141576298296332,0.4402248081353544,3.375056862371051,29.26005248710446,20.859526803063208
66.0,2018,3,142,4,26,8,19,90,109,68147,33151,34996,29.20157893964518,20.837307585073443,0.5869664108471393,3.815281670506405,1.1739328216942786,2.7880904515239116,32.87985279478749,25.717224825694366
66.0,2018,4,166,9,7,6,11,91,108,68147,33151,34996,29.20157893964518,24.359106050156278,1.3206744244060635,1.0271912189824939,0.8804496162707088,1.6141576298296332,32.57820276914724,26.00297176820208
66.0,2019,1,98,0,10,3,4,50,65,69426,34000,35426,16.564399504508398,14.115749142972374,0.0,1.4403825656094258,0.4321147696828278,0.5761530262437704,19.11764705882353,14.113927623779146
67.0,2015,1,75,22,23,1,19,51,89,153476,76374,77102,9.121947405457531,4.886757538637963,1.433448878000469,1.4986056451823087,0.0651567671818395,1.2379785764549505,11.653180401707388,6.614614406889575
67.0,2015,2,66,31,19,2,25,40,103,153476,76374,77102,9.317417707003049,4.300346634001407,2.019859782637025,1.2379785764549505,0.130313534363679,1.6289191795459879,13.486264959279335,5.187932868148686
67.0,2015,3,38,29,20,1,15,34,69,153476,76374,77102,6.711147019729469,2.475957152909901,1.8895462482733456,1.3031353436367903,0.0651567671818395,0.9773515077275925,9.034488176604603,4.409742937926383
67.0,2015,4,48,15,14,1,12,33,57,153476,76374,77102,5.864109046365556,3.127524824728296,0.9773515077275925,0.9121947405457531,0.0651567671818395,0.781881206182074,7.463272841542934,4.280044616222666
67.0,2016,1,70,19,18,0,18,41,84,153184,76233,76951,8.160121161479006,4.569667850428243,1.2403384165448088,1.175057447252977,0.0,1.175057447252977,11.018850104285546,5.328065912073916
67.0,2016,2,60,22,18,1,16,33,84,153184,76233,76951,7.637873407144349,3.916858157509923,1.436181324420305,1.175057447252977,0.06528096929183204,1.0444955086693126,11.018850104285546,4.288443295083884
67.0,2016,3,63,20,28,4,9,54,70,153184,76233,76951,8.094840192187174,4.112701065385418,1.305619385836641,1.8278671401712974,0.26112387716732816,0.5875287236264884,9.182375086904623,7.01745266468272
67.0,2016,4,69,18,20,10,16,51,82,153184,76233,76951,8.682368915813662,4.504386881136411,1.175057447252977,1.305619385836641,0.6528096929183205,1.0444955086693126,10.756496530373987,6.627594183311459
67.0,2017,1,131,18,31,7,27,77,137,153112,76226,76886,13.976696797115837,8.555828413187731,1.1756100109723602,2.024661685563509,0.4571816709336956,1.76341501645854,17.97287014929289,10.014827146684702
67.0,2017,2,102,12,24,10,19,75,92,153112,76226,76886,10.907048435132452,6.661790062176707,0.7837400073149068,1.5674800146298136,0.6531166727624222,1.2409216782486023,12.069372654999608,9.754701766251333
67.0,2017,3,175,19,19,5,19,93,144,153112,76226,76886,15.478865144469408,11.42954177334239,1.2409216782486023,1.2409216782486023,0.3265583363812111,1.2409216782486023,18.891191981738515,12.095830190151652
67.0,2017,4,167,16,9,5,16,81,132,153112,76226,76886,13.911385129839594,10.907048435132452,1.0449866764198756,0.5878050054861801,0.3265583363812111,1.0449866764198756,17.316925983260305,10.535077907551441
67.0,2018,1,156,15,38,7,16,107,125,153854,75900,77954,15.079230959221078,10.139482886372795,0.9749502775358456,2.4698740364241427,0.45497679618339465,1.039946962704902,16.46903820816864,13.726043564153219
67.0,2018,2,189,15,44,9,30,126,160,153854,75900,77954,18.654048643519182,12.284373496951655,0.9749502775358456,2.8598541474384804,0.5849701665215074,1.9499005550716912,21.08036890645586,16.163378402647716
67.0,2018,3,197,22,38,9,31,124,173,153854,75900,77954,19.304015495209747,12.804346978304107,1.4299270737192402,2.4698740364241427,0.5849701665215074,2.0148972402407477,22.793148880105402,15.906816840700927
67.0,2018,4,202,26,40,12,10,126,163,153854,75900,77954,18.84903869902635,13.129330404149389,1.6899138143954657,2.599867406762255,0.7799602220286765,0.6499668516905638,21.47562582345191,16.163378402647716
67.0,2019,1,106,7,11,3,10,55,82,157159,78057,79102,8.717286315133082,6.744761674482531,0.4454087898243181,0.699928098295357,0.19088948135327918,0.6362982711775972,10.50514367705651,6.953047963389042
68.0,2015,1,13,4,7,0,6,11,19,48247,24089,24158,6.218003191908305,2.6944680498269324,0.8290670922544408,1.4508674114452713,0.0,1.243600638381661,7.887417493461745,4.553357065982284
68.0,2015,2,12,4,2,2,5,8,17,48247,24089,24158,5.181669326590255,2.487201276763322,0.8290670922544408,0.4145335461272204,0.4145335461272204,1.036333865318051,7.057163020465773,3.311532411623479
68.0,2015,3,9,8,6,0,2,8,17,48247,24089,24158,5.181669326590255,1.8654009575724915,1.6581341845088815,1.243600638381661,0.0,0.4145335461272204,7.057163020465773,3.311532411623479
68.0,2015,4,9,11,1,1,3,4,21,48247,24089,24158,5.181669326590255,1.8654009575724915,2.279934503699712,0.2072667730636102,0.2072667730636102,0.6218003191908305,8.717671966457718,1.6557662058117395
68.0,2016,1,28,9,12,0,4,22,31,48617,24271,24346,10.901536499578336,5.759302301664028,1.8512043112491516,2.4682724149988684,0.0,0.8227574716662897,12.772444481067941,9.03639201511542
68.0,2016,2,17,9,9,1,3,16,23,48617,24271,24346,8.021885348746324,3.4967192545817305,1.8512043112491516,1.8512043112491516,0.2056893679165724,0.6170681037497171,9.476329776276215,6.571921465538487
68.0,2016,3,16,7,8,0,6,13,24,48617,24271,24346,7.610506612913178,3.2910298866651586,1.439825575416007,1.6455149433325793,0.0,1.2341362074994342,9.88834411437518,5.339686190750021
68.0,2016,4,15,11,3,1,3,10,23,48617,24271,24346,6.787749141246889,3.085340518748586,2.2625830470822965,0.6170681037497171,0.2056893679165724,0.6170681037497171,9.476329776276215,4.107450915961555
68.0,2017,1,17,2,9,4,6,19,19,49049,24492,24557,7.747354686130196,3.4659218332687725,0.40775550979632613,1.8348997940834675,0.8155110195926523,1.2232665293889784,7.757635146170178,7.7371014374720035
68.0,2017,2,31,5,4,5,7,15,37,49049,24492,24557,10.601643254704479,6.320210401843055,1.0193887744908152,0.8155110195926523,1.0193887744908152,1.4271442842871414,15.10697370569982,6.108237976951583
68.0,2017,3,36,7,4,2,2,20,31,49049,24492,24557,10.397765499806317,7.33959917633387,1.4271442842871414,0.8155110195926523,0.40775550979632613,0.40775550979632613,12.657194185856607,8.14431730260211
68.0,2017,4,38,7,7,4,7,20,43,49049,24492,24557,12.844298558584272,7.747354686130196,1.4271442842871414,1.4271442842871414,0.8155110195926523,1.4271442842871414,17.556753225543034,8.14431730260211
68.0,2018,1,34,5,5,2,3,15,34,49741,24609,25132,9.851028326732475,6.835407410385798,1.0052069721155585,1.0052069721155585,0.40208278884622345,0.6031241832693351,13.816083546669919,5.968486391851026
68.0,2018,2,34,6,8,5,11,27,37,49741,24609,25132,12.86664924307915,6.835407410385798,1.2062483665386703,1.6083311553848938,1.0052069721155585,2.2114553386542286,15.035149741964322,10.743275505331846
68.0,2018,3,42,16,15,0,13,33,53,49741,24609,25132,17.289559920387607,8.443738565770692,3.2166623107697876,3.0156209163466756,0.0,2.6135381275004526,21.53683611686781,13.130670062072259
68.0,2018,4,43,15,12,2,6,34,44,49741,24609,25132,15.681228765002714,8.644779960193803,3.0156209163466756,2.4124967330773406,0.40208278884622345,1.2062483665386703,17.8796375309846,13.528569154862328
68.0,2019,1,34,6,3,0,0,12,31,51170,25484,25686,8.403361344537815,6.644518272425249,1.172562048075044,0.586281024037522,0.0,0.0,12.164495369643697,4.6718056528848395
69.0,2015,1,42,8,9,17,21,30,67,153037,75256,77781,6.338336480720348,2.744434352476852,0.5227494004717813,0.588093075530754,1.1108424760025353,1.372217176238426,8.902944615711704,3.856983067844332
69.0,2015,2,53,14,6,12,23,28,80,153037,75256,77781,7.057116906369048,3.4632147781255513,0.9148114508256173,0.392062050353836,0.784124100707672,1.5029045263563714,10.630381630700542,3.5998508633213766
69.0,2015,3,43,12,8,12,22,24,73,153037,75256,77781,6.338336480720348,2.809778027535825,0.784124100707672,0.5227494004717813,0.784124100707672,1.4375608512973985,9.700223238014244,3.085586454275466
69.0,2015,4,47,12,6,17,23,18,87,153037,75256,77781,6.86108588119213,3.071152727771715,0.784124100707672,0.392062050353836,1.1108424760025353,1.5029045263563714,11.56054002338684,2.3141898407065993
69.0,2016,1,66,11,20,8,10,43,72,153409,75406,78003,7.496300738548586,4.302224771688754,0.7170374619481257,1.3037044762693193,0.5214817905077277,0.6518522381346596,9.548311805426623,5.512608489417073
69.0,2016,2,45,10,33,8,29,52,73,153409,75406,78003,8.148152976683246,2.9333350716059683,0.6518522381346596,2.151112385844377,0.5214817905077277,1.890371490590513,9.68092724716866,6.66641026627181
69.0,2016,3,65,9,16,16,16,36,86,153409,75406,78003,7.952597305242847,4.237039547875288,0.5866670143211937,1.0429635810154554,1.0429635810154554,1.0429635810154554,11.404927989815134,4.615207107418946
69.0,2016,4,54,5,23,4,14,46,54,153409,75406,78003,6.518522381346596,3.520002085927162,0.3259261190673298,1.4992601477097172,0.26074089525386385,0.9125931333885234,7.161233854069969,5.897209081701986
69.0,2017,1,137,10,20,7,17,75,116,153994,75681,78313,12.403080639505434,8.896450511058871,0.6493759497123265,1.298751899424653,0.4545631647986285,1.103939114510955,15.327493029954677,9.576954017851442
69.0,2017,2,93,14,29,9,17,66,96,153994,75681,78313,10.51989038533969,6.039196332324636,0.909126329597257,1.8831902541657468,0.5844383547410937,1.103939114510955,12.684821817893527,8.427719535709269
69.0,2017,3,140,11,5,8,24,59,129,153994,75681,78313,12.208267854591737,9.09126329597257,0.7143135446835591,0.32468797485616324,0.5195007597698612,1.5585022793095835,17.045229317794426,7.533870494043135
69.0,2017,4,200,13,3,4,28,86,162,153994,75681,78313,16.104523552865697,12.98751899424653,0.8441887346260244,0.19481278491369794,0.2597503798849306,1.818252659194514,21.405636817695324,10.981573940469653
69.0,2018,1,177,17,28,8,31,98,163,155423,75643,79780,16.79288136247531,11.388275866506243,1.0937892075175488,1.8015351653230218,0.5147243329494348,1.9945567901790597,21.54859008764856,12.283780396089245
69.0,2018,2,203,9,38,17,50,101,216,155423,75643,79780,20.395951693121354,13.061129948591908,0.5790648745681141,2.4449405815098153,1.0937892075175488,3.2170270809339674,28.555186864614043,12.65981448984708
69.0,2018,3,223,16,33,13,27,131,181,155423,75643,79780,20.074248985027953,14.347940780965494,1.0294486658988695,2.1232378734164183,0.8364270410428315,1.7371946237043423,23.928188993033064,16.42015542742542
69.0,2018,4,233,7,22,12,15,112,177,155423,75643,79780,18.59441652779833,14.99134619715229,0.45038379133075546,1.4154919156109456,0.7720864994241522,0.9651081242801902,23.399389236280953,14.038606166959138
69.0,2019,1,134,9,8,10,8,55,114,159118,77946,81172,10.621048530021744,8.421423094810141,0.5656179690544124,0.5027715280483667,0.6284644100604583,0.5027715280483667,14.625509968439689,6.7757354752870445
70.0,2015,1,25,9,10,5,16,20,45,92919,45751,47168,6.9953400273356365,2.6905153951290908,0.9685855422464726,1.0762061580516362,0.5381030790258181,1.7219298528826181,9.835850582500928,4.240162822252374
70.0,2015,2,35,11,7,7,18,22,56,92919,45751,47168,8.394408032802763,3.7667215531807274,1.1838267738568,0.7533443106361455,0.7533443106361455,1.9371710844929453,12.240169613778933,4.664179104477612
70.0,2015,3,25,7,13,8,21,25,49,92919,45751,47168,7.963925569582109,2.6905153951290908,0.7533443106361455,1.3990680054671274,0.8609649264413091,2.2600329319084365,10.710148412056567,5.3002035278154676
70.0,2015,4,33,10,4,4,12,18,45,92919,45751,47168,6.780098795725309,3.5514803215704003,1.0762061580516362,0.43048246322065453,0.43048246322065453,1.2914473896619638,9.835850582500928,3.816146540027137
70.0,2016,1,50,12,8,5,23,31,67,93356,45954,47402,10.497450619135352,5.355842152620078,1.2854021166288188,0.8569347444192125,0.5355842152620078,2.463687390205236,14.57979718849284,6.539808446900975
70.0,2016,2,22,11,9,3,8,19,34,93356,45954,47402,5.677192681777282,2.356570547152834,1.178285273576417,0.9640515874716141,0.3213505291572047,0.8569347444192125,7.398703050876964,4.008269693261887
70.0,2016,3,33,12,9,2,13,20,49,93356,45954,47402,7.391062170615708,3.5348558207292515,1.2854021166288188,0.9640515874716141,0.21423368610480312,1.3925189596812202,10.662836749793271,4.219231256065145
70.0,2016,4,32,7,4,9,12,22,42,93356,45954,47402,6.8554779553537,3.42773897767685,0.7498179013668109,0.42846737220960623,0.9640515874716141,1.2854021166288188,9.139574356965662,4.641154381671659
70.0,2017,1,59,9,9,6,14,31,66,93921,46228,47693,10.327828707104908,6.281875192981336,0.9582521480818985,0.9582521480818985,0.6388347653879325,1.4906144525718423,14.277061521156009,6.499905646530937
70.0,2017,2,61,5,13,7,4,33,57,93921,46228,47693,9.582521480818986,6.494820114777313,0.5323623044899437,1.3841419916738535,0.7453072262859212,0.4258898435919549,12.330189495543825,6.91925439792003
70.0,2017,3,67,14,6,6,16,34,75,93921,46228,47693,11.605498237880772,7.1336548801652455,1.4906144525718423,0.6388347653879325,0.6388347653879325,1.7035593743678197,16.223933546768194,7.128928773614577
70.0,2017,4,85,17,1,6,11,36,84,93921,46228,47693,12.776695307758649,9.050159176329043,1.8100318352658085,0.10647246089798873,0.6388347653879325,1.1711970698778762,18.170805572380377,7.5482775250036696
70.0,2018,1,58,8,16,6,12,39,61,95007,46315,48692,10.525540223351964,6.104813329544139,0.8420432178681571,1.6840864357363141,0.6315324134011178,1.2630648268022355,13.17067904566555,8.00952928612503
70.0,2018,2,98,8,19,5,23,56,97,95007,46315,48692,16.104076541728503,10.315029418884924,0.8420432178681571,1.999852642436873,0.5262770111675982,2.4208742513709516,20.94353881032063,11.500862564692351
70.0,2018,3,91,8,16,8,25,48,100,95007,46315,48692,15.577799530560906,9.578241603250287,0.8420432178681571,1.6840864357363141,0.8420432178681571,2.631385055837991,21.591277124041888,9.85788219830773
70.0,2018,4,108,12,17,3,9,60,89,95007,46315,48692,15.683054932794425,11.36758344122012,1.2630648268022355,1.7893418379698338,0.3157662067005589,0.9472986201016766,19.216236640397277,12.322352747884661
70.0,2019,1,74,2,9,3,5,44,49,97492,47838,49654,9.539244245681697,7.590366389037049,0.2051450375415419,0.9231526689369385,0.3077175563123128,0.5128625938538547,10.242903131401816,8.861320336730172
71.0,2015,1,97,14,21,6,9,61,86,265973,128726,137247,5.526876788245423,3.646986724216368,0.5263692179281355,0.7895538268922034,0.22558680768348668,0.33838021152523,6.680857014123021,4.444541592894563
71.0,2015,2,61,4,18,8,11,47,55,265973,128726,137247,3.8349757306192735,2.2934658781154478,0.15039120512232443,0.67676042305046,0.30078241024464886,0.4135758140863922,4.272641113683328,3.424482866656466
71.0,2015,3,63,8,26,13,16,45,81,265973,128726,137247,4.73732296135322,2.36866148067661,0.30078241024464886,0.9775428332951089,0.48877141664755447,0.6015648204892977,6.2924350946972645,3.2787601914795954
71.0,2015,4,60,11,17,6,17,44,67,265973,128726,137247,4.173355942144504,2.2558680768348665,0.4135758140863922,0.6391626217698788,0.22558680768348668,0.6391626217698788,5.204853720305144,3.2058988538911595
71.0,2016,1,129,9,32,7,14,85,106,268029,129627,138402,7.126094564394151,4.812912035637935,0.33578456062590245,1.1939006600032085,0.2611657693757019,0.5223315387514038,8.177308739691577,6.141529746679962
71.0,2016,2,103,4,25,12,14,59,99,268029,129627,138402,5.894884508765842,3.842867749385328,0.14923758250040106,0.9327348906275068,0.4477127475012032,0.5223315387514038,7.637297785183643,4.262944177107267
71.0,2016,3,119,9,21,13,16,70,108,268029,129627,138402,6.6410724212678485,4.4398180793869315,0.33578456062590245,0.7834973081271056,0.4850221431263035,0.5969503300016042,8.3315975838367,5.057730379618791
71.0,2016,4,150,13,20,10,18,89,122,268029,129627,138402,7.872282476896157,5.596409343765041,0.4850221431263035,0.7461879125020054,0.3730939562510027,0.6715691212518049,9.41161949285257,6.430542911229607
71.0,2017,1,209,8,25,12,20,105,169,270336,130701,139635,10.135535037878787,7.731119791666666,0.29592803030303033,0.9247750946969697,0.44389204545454547,0.7398200757575758,12.930275973404948,7.519604683639488
71.0,2017,2,204,11,28,13,23,116,163,270336,130701,139635,10.320490056818182,7.5461647727272725,0.40690104166666663,1.0357481060606062,0.4808830492424242,0.8507930871212122,12.471212921094713,8.307372793354102
71.0,2017,3,226,3,21,9,21,115,165,270336,130701,139635,10.35748106060606,8.359966856060606,0.11097301136363637,0.7768110795454546,0.33291903409090906,0.7768110795454546,12.624233938531457,8.235757510652773
71.0,2017,4,320,10,8,20,23,162,219,270336,130701,139635,14.093572443181818,11.837121212121213,0.3699100378787879,0.29592803030303033,0.7398200757575758,0.8507930871212122,16.75580140932357,11.601675797615211
71.0,2018,1,223,12,53,15,17,161,157,274048,132345,141703,11.676786548341896,8.13726062587576,0.43787949556282113,1.9339677720691266,0.5473493694535264,0.6203292853806632,11.862933998262118,11.361791916896609
71.0,2018,2,300,9,36,23,23,157,234,274048,132345,141703,14.267573563755255,10.946987389070529,0.32840962167211585,1.3136384866884634,0.8392690331620738,0.8392690331620738,17.68106086365182,11.079511372377437
71.0,2018,3,285,13,58,16,17,187,202,274048,132345,141703,14.194593647828118,10.399638019617,0.47436945352638954,2.1164175618869687,0.5838393274170948,0.6203292853806632,15.263138010502852,13.196615456271216
71.0,2018,4,267,9,17,20,21,123,210,274048,132345,141703,12.187645959831853,9.74281877627277,0.32840962167211585,0.6203292853806632,0.7297991592713685,0.766289117234937,15.867618723790095,8.68012674396449
71.0,2019,1,172,1,13,12,18,86,130,281383,136036,145347,7.6763699299531245,6.112664944221932,0.03553874967570891,0.4620037457842158,0.42646499610850686,0.6396974941627603,9.556293922197066,5.916874789297337
72.0,2015,1,33,0,3,13,6,15,40,80539,36818,43721,6.828989682017408,4.097393809210445,0.0,0.3724903462918586,1.6141248339313872,0.7449806925837172,10.864251181487317,3.4308455890761875
72.0,2015,2,38,2,5,18,7,23,47,80539,36818,43721,8.691441413476701,4.718211053030209,0.24832689752790574,0.6208172438197643,2.234942077751152,0.86914414134767,12.765495138247598,5.2606299032501544
72.0,2015,3,38,0,4,10,7,22,37,80539,36818,43721,7.3256434770732195,4.718211053030209,0.0,0.4966537950558115,1.2416344876395287,0.86914414134767,10.049432342875766,5.031906863978408
72.0,2015,4,48,0,5,18,6,22,55,80539,36818,43721,9.560585554824371,5.959845540669738,0.0,0.6208172438197643,2.234942077751152,0.7449806925837172,14.93834537454506,5.031906863978408
72.0,2016,1,72,1,2,19,6,32,68,80606,36803,43803,12.406024365431854,8.932337543110934,0.12406024365431853,0.24812048730863706,2.357144629432052,0.7443614619259111,18.476754612395727,7.30543570075109
72.0,2016,2,58,0,1,20,2,25,56,80606,36803,43803,10.048879735999803,7.1954941319504755,0.0,0.12406024365431853,2.4812048730863707,0.24812048730863706,15.21615085726707,5.707371641211789
72.0,2016,3,75,0,3,11,6,35,60,80606,36803,43803,11.785723147160262,9.30451827407389,0.0,0.37218073096295556,1.364662680197504,0.7443614619259111,16.303018775643288,7.990320297696504
72.0,2016,4,65,1,0,18,7,28,63,80606,36803,43803,11.289482172542986,8.063915837530704,0.12406024365431853,0.0,2.2330843857777336,0.8684217055802298,17.118169714425456,6.392256238157204
72.0,2017,1,147,0,8,11,8,67,107,80812,36862,43950,21.531455724397368,18.19036776716329,0.0,0.9899519873286147,1.361183982576845,0.9899519873286147,29.02718246432641,15.244596131968146
72.0,2017,2,92,0,3,12,7,43,71,80812,36862,43950,14.106815819432757,11.384447854279067,0.0,0.3712319952482305,1.484927980992922,0.8662079889125378,19.26102761651565,9.783845278725826
72.0,2017,3,179,0,2,14,8,77,126,80812,36862,43950,25.120031678463594,22.15017571647775,0.0,0.24748799683215367,1.7324159778250756,0.9899519873286147,34.18154196733764,17.519908987485778
72.0,2017,4,185,0,4,19,6,83,131,80812,36862,43950,26.48121566104044,22.89263970697421,0.0,0.49497599366430733,2.3511359699054597,0.742463990496461,35.53795236286691,18.88509670079636
72.0,2018,1,184,0,5,18,9,89,127,81481,37070,44411,26.50924755464464,22.58195162062321,0.0,0.6136399896908482,2.2091039628870535,1.1045519814435267,34.259509036957105,20.040080160320638
72.0,2018,2,234,0,8,15,2,111,148,81481,37070,44411,31.786551465985934,28.718351517531698,0.0,0.981823983505357,1.8409199690725444,0.24545599587633926,39.92446722417049,24.9938078403999
72.0,2018,3,281,1,8,17,6,111,202,81481,37070,44411,38.41386335464709,34.48656742062567,0.12272799793816963,0.981823983505357,2.0863759649488838,0.7363679876290178,54.49150256271918,24.9938078403999
72.0,2018,4,247,0,4,17,4,104,168,81481,37070,44411,33.38201543918214,30.3138154907279,0.0,0.4909119917526785,2.0863759649488838,0.4909119917526785,45.31966549770704,23.417621760374683
72.0,2019,1,164,0,1,4,4,72,101,82460,37550,44910,20.97986902740723,19.88843075430512,0.0,0.12127091923356778,0.4850836769342711,0.4850836769342711,26.897470039946736,16.03206412825651
73.0,2015,1,60,3,13,9,21,41,65,153681,72628,81053,6.897404363584308,3.9041911491986645,0.19520955745993324,0.8459080823263774,0.5856286723797997,1.3664669022195328,8.94971636283527,5.058418565629896
73.0,2015,2,40,3,17,13,17,34,56,153681,72628,81053,5.8562867237979965,2.6027940994657763,0.19520955745993324,1.1061874922729549,0.8459080823263774,1.1061874922729549,7.710524866442694,4.194786127595524
73.0,2015,3,38,2,18,11,20,36,53,153681,72628,81053,5.791216871311352,2.472654394492488,0.13013970497328883,1.1712573447595993,0.7157683773530885,1.3013970497328882,7.297461034311835,4.4415382527482015
73.0,2015,4,89,2,7,13,37,38,110,153681,72628,81053,9.630338168023373,5.791216871311352,0.13013970497328883,0.45548896740651085,0.8459080823263774,2.4075845420058433,15.14567384479815,4.68829037790088
73.0,2016,1,136,3,12,10,23,79,105,155570,73464,82106,11.827473163206273,8.74204538150029,0.19283923635662403,0.7713569454264961,0.64279745452208,1.478434145400784,14.292714799085266,9.621708523128639
73.0,2016,2,87,2,4,13,12,36,82,155570,73464,82106,7.5850099633605454,5.592337854342096,0.128559490904416,0.257118981808832,0.8356366908787041,0.7713569454264961,11.16192965261897,4.384576035856089
73.0,2016,3,103,5,7,17,19,57,94,155570,73464,82106,9.70624156328341,6.620813781577424,0.32139872726104,0.44995821816545606,1.0927556726875363,1.2213151635919521,12.79538277251443,6.942245390105474
73.0,2016,4,112,0,4,19,37,40,132,155570,73464,82106,11.056116217779778,7.199331490647297,0.0,0.257118981808832,1.2213151635919521,2.3783505817316963,17.96798431885005,4.8717511509512095
73.0,2017,1,199,0,14,11,29,90,163,157669,74414,83255,16.046274156619248,12.621377696313163,0.0,0.8879361193386144,0.6976640937660542,1.8392962472014156,21.90448033972102,10.810161551858748
73.0,2017,2,201,1,11,24,20,93,164,157669,74414,83255,16.299970190715992,12.748225713361537,0.06342400852418674,0.6976640937660542,1.5221762045804819,1.268480170483735,22.038863654688633,11.170500270254038
73.0,2017,3,234,4,7,24,16,113,172,157669,74414,83255,18.075842429393223,14.841217994659699,0.25369603409674696,0.4439680596693072,1.5221762045804819,1.0147841363869878,23.113930174429544,13.572758392889316
73.0,2017,4,255,3,7,30,25,126,194,157669,74414,83255,20.29568272773976,16.173122173667622,0.19027202557256023,0.4439680596693072,1.9027202557256024,1.5856002131046687,26.070363103717042,15.134226172602247
73.0,2018,1,274,1,16,26,33,133,217,160612,75640,84972,21.791646950414666,17.059746469753193,0.062261848429756184,0.9961895748760989,1.6188080591736609,2.054640998181954,28.688524590163933,15.6522148472438
73.0,2018,2,282,1,15,32,39,136,233,160612,75640,84972,22.974622070580033,17.557841257191242,0.062261848429756184,0.9339277264463427,1.9923791497521979,2.428212088760491,30.803807509254362,16.005272325001176
73.0,2018,3,336,0,22,27,32,156,260,160612,75640,84972,25.963190795208327,20.919981072398077,0.0,1.3697606654546362,1.681069907603417,1.9923791497521979,34.37334743521946,18.358988843383703
73.0,2018,4,303,1,12,18,25,129,230,160612,75640,84972,22.35200358628247,18.865340074216125,0.062261848429756184,0.7471421811570742,1.1207132717356112,1.5565462107439045,30.40719196192491,15.181471543567293
73.0,2019,1,208,2,12,8,16,102,143,163652,77170,86482,15.031896952069024,12.7098966098795,0.12221054432576443,0.7332632659545866,0.48884217730305773,0.9776843546061155,18.530517040300634,11.794361832520064
74.0,2015,1,24,5,8,1,11,12,37,130807,63588,67219,3.7459768972608503,1.8347641945767428,0.38224254053682144,0.6115880648589143,0.07644850810736428,0.840933589181007,5.818707932314274,1.7852095389696365
74.0,2015,2,14,3,9,1,16,8,35,130807,63588,67219,3.2872858486166643,1.0702791135031,0.22934552432209285,0.6880365729662785,0.07644850810736428,1.2231761297178285,5.504183179216205,1.1901396926464243
74.0,2015,3,24,5,14,3,7,23,30,130807,63588,67219,4.051770929690307,1.8347641945767428,0.38224254053682144,1.0702791135031,0.22934552432209285,0.53513955675155,4.717871296471032,3.4216516163584703
74.0,2015,4,34,9,13,2,16,21,53,130807,63588,67219,5.657189599944957,2.599249275650386,0.6880365729662785,0.9938306053957356,0.15289701621472856,1.2231761297178285,8.334905957098824,3.124116693196864
74.0,2016,1,84,2,13,7,14,38,82,132139,64142,67997,9.081346158212186,6.356942310748529,0.15135576930353642,0.9838125004729869,0.5297451925623775,1.059490385124755,12.784135200024945,5.58848184478727
74.0,2016,2,47,4,3,4,9,22,45,132139,64142,67997,5.07041827166847,3.5568605786331062,0.30271153860707284,0.22703365395530464,0.30271153860707284,0.6811009618659138,7.015683951233201,3.2354368575084194
74.0,2016,3,66,3,6,3,15,32,61,132139,64142,67997,7.038043272614444,4.994740387016702,0.22703365395530464,0.4540673079106093,0.22703365395530464,1.1351682697765233,9.510149356116118,4.706089974557702
74.0,2016,4,69,8,10,0,22,31,78,132139,64142,67997,8.248889427042736,5.221774040972007,0.6054230772141457,0.7567788465176821,0.0,1.6649134623389006,12.160518848804216,4.5590246628527735
74.0,2017,1,100,11,9,9,23,49,103,133659,64801,68858,11.372223344481105,7.481725884527043,0.8229898472979746,0.6733553296074338,0.6733553296074338,1.72079695344122,15.894816438017932,7.116093990531239
74.0,2017,2,92,3,24,5,16,57,83,133659,64801,68858,10.47441623833786,6.88318781376488,0.22445177653581128,1.7956142122864902,0.37408629422635215,1.1970761415243267,12.808444314130956,8.27790525429144
74.0,2017,3,100,6,8,2,21,45,92,133659,64801,68858,10.249964461802048,7.481725884527043,0.44890355307162255,0.5985380707621634,0.14963451769054084,1.5711624357506788,14.197311769880093,6.535188358651137
74.0,2017,4,110,11,11,6,15,59,94,133659,64801,68858,11.447040603326377,8.229898472979746,0.8229898472979746,0.8229898472979746,0.44890355307162255,1.1222588826790565,14.505948982268793,8.56835807023149
74.0,2018,1,111,4,17,5,20,70,87,135897,65701,70196,11.55286724504588,8.167950727389126,0.29434056675276127,1.2509474086992354,0.3679257084409516,1.4717028337638065,13.2418075828374,9.97207818109294
74.0,2018,2,142,3,11,10,24,64,126,135897,65701,70196,13.98117692075616,10.449090119723026,0.22075542506457096,0.8094365585700936,0.7358514168819033,1.7660434005165677,19.1777902923852,9.117328622713545
74.0,2018,3,116,2,24,7,17,66,100,135897,65701,70196,12.215133520239593,8.535876435830076,0.14717028337638063,1.7660434005165677,0.5150959918173322,1.2509474086992354,15.220468486020001,9.402245142173344
74.0,2018,4,128,2,10,6,6,76,76,135897,65701,70196,11.184941536604928,9.41889813608836,0.14717028337638063,0.7358514168819033,0.44151085012914193,0.44151085012914193,11.5675560493752,10.826827739472336
74.0,2019,1,69,2,11,5,14,43,58,138394,66983,71411,7.298004248739107,4.985765278841567,0.14451493561859619,0.7948321459022789,0.36128733904649046,1.0116045493301733,8.658913455652927,6.0214812843959615
75.0,2015,1,120,5,12,8,14,60,99,133192,63502,69690,11.937653913147939,9.009550123130518,0.37539792179710496,0.9009550123130519,0.6006366748753679,1.0511141810318938,15.59006015558565,8.609556607834696
75.0,2015,2,100,0,22,7,6,47,88,133192,63502,69690,10.135743888521832,7.507958435942099,0.0,1.6517508559072618,0.5255570905159469,0.45047750615652593,13.857831249409466,6.744152676137179
75.0,2015,3,120,2,14,7,11,46,107,133192,63502,69690,11.562255991350833,9.009550123130518,0.15015916871884197,1.0511141810318938,0.5255570905159469,0.8258754279536309,16.849862996441058,6.600660066006601
75.0,2015,4,103,3,14,6,10,47,89,133192,63502,69690,10.210823472881254,7.733197189020362,0.22523875307826297,1.0511141810318938,0.45047750615652593,0.7507958435942099,14.015306604516393,6.744152676137179
75.0,2016,1,182,4,12,4,10,73,139,131852,62767,69085,16.07863361951279,13.803355277128903,0.30337044565118465,0.9101113369535541,0.30337044565118465,0.7584261141279616,22.145394873102106,10.566693204024029
75.0,2016,2,124,4,10,0,14,61,91,131852,62767,69085,11.528076934745016,9.404483815186724,0.30337044565118465,0.7584261141279616,0.0,1.0617965597791463,14.498064269440947,8.829702540348846
75.0,2016,3,145,2,11,3,24,66,119,131852,62767,69085,14.03088311136729,10.997178654855444,0.15168522282559233,0.8342687255407578,0.22752783423838852,1.8202226739071081,18.959007121576626,9.553448650213506
75.0,2016,4,144,2,4,5,14,63,106,131852,62767,69085,12.817401328762552,10.921336043442649,0.15168522282559233,0.30337044565118465,0.3792130570639808,1.0617965597791463,16.88785508308506,9.119200984294709
75.0,2017,1,202,4,10,9,13,90,148,130600,62096,68504,18.223583460949463,15.46707503828484,0.30627871362940273,0.7656967840735068,0.6891271056661562,0.9954058192955589,23.834063385725326,13.137918953637744
75.0,2017,2,190,1,13,12,19,85,150,130600,62096,68504,17.993874425727412,14.548238897396631,0.07656967840735068,0.9954058192955589,0.9188361408882082,1.4548238897396633,24.156145323370264,12.408034567324536
75.0,2017,3,296,2,11,9,13,150,181,130600,62096,68504,25.34456355283308,22.6646248085758,0.15313935681470137,0.8422664624808576,0.6891271056661562,0.9954058192955589,29.148415356866785,21.896531589396236
75.0,2017,4,360,1,7,12,18,186,212,130600,62096,68504,30.474732006125574,27.565084226646245,0.07656967840735068,0.5359877488514548,0.9188361408882082,1.3782542113323124,34.14068539036331,27.151699170851337
75.0,2018,1,294,1,23,4,20,140,202,129959,62133,67826,26.315991966697187,22.62251940996776,0.07694734493186313,1.769788933432852,0.3077893797274525,1.5389468986372625,32.51090402845509,20.64105210391295
75.0,2018,2,324,3,25,3,23,151,226,129959,62133,67826,29.08609638424426,24.930939757923653,0.23084203479558937,1.9236836232965782,0.23084203479558937,1.769788933432852,36.37358569520223,22.262849054934687
75.0,2018,3,395,2,21,15,16,200,249,129959,62133,67826,34.549357874406546,30.39420124808593,0.15389468986372626,1.6158942435691255,1.154210173977947,1.23115751890981,40.075322292501575,29.48721729130422
75.0,2018,4,340,5,20,6,16,162,223,129959,62133,67826,29.77862248863103,26.162097276833464,0.38473672465931563,1.5389468986372625,0.46168406959117875,1.23115751890981,35.890750486858835,23.884646005956416
75.0,2019,1,258,2,7,4,6,124,153,132714,63221,69493,20.8719502087195,19.440300194403004,0.15070000150700003,0.5274500052745,0.30140000301400005,0.452100004521,24.200819348001453,17.84352380815334
76.0,2015,1,15,0,6,0,0,10,11,32721,16069,16652,6.417896763546347,4.584211973961676,0.0,1.8336847895846704,0.0,0.0,6.845478872362936,6.005284650492434
76.0,2015,2,26,1,3,1,2,11,22,32721,16069,16652,10.085266342715688,7.945967421533572,0.3056141315974451,0.9168423947923352,0.3056141315974451,0.6112282631948902,13.690957744725871,6.605813115541677
76.0,2015,3,23,0,0,0,0,8,15,32721,16069,16652,7.029125026741236,7.029125026741236,0.0,0.0,0.0,0.0,9.334743916858548,4.804227720393946
76.0,2015,4,16,3,3,1,1,8,16,32721,16069,16652,7.334739158338682,4.889826105559122,0.9168423947923352,0.9168423947923352,0.3056141315974451,0.3056141315974451,9.957060177982452,4.804227720393946
76.0,2016,1,35,0,3,0,0,17,21,32650,16008,16642,11.638591117917306,10.719754977029096,0.0,0.9188361408882082,0.0,0.0,13.118440779610195,10.215118375195289
76.0,2016,2,16,1,3,0,4,9,15,32650,16008,16642,7.350689127105666,4.900459418070444,0.30627871362940273,0.9188361408882082,0.0,1.225114854517611,9.370314842578711,5.408003845691623
76.0,2016,3,24,0,3,0,1,9,19,32650,16008,16642,8.575803981623277,7.350689127105666,0.0,0.9188361408882082,0.0,0.30627871362940273,11.869065467266367,5.408003845691623
76.0,2016,4,27,1,6,0,1,16,19,32650,16008,16642,10.719754977029096,8.269525267993874,0.30627871362940273,1.8376722817764164,0.0,0.30627871362940273,11.869065467266367,9.61422905900733
76.0,2017,1,48,0,2,3,5,28,30,32605,15964,16641,17.788682717374634,14.721668455758321,0.0,0.6134028523232633,0.9201042784848951,1.5335071308081583,18.792282635930842,16.825911904332674
76.0,2017,2,58,0,6,5,4,26,47,32605,15964,16641,22.389204109799113,17.788682717374634,0.0,1.8402085569697901,1.5335071308081583,1.2268057046465266,29.441242796291654,15.624061054023196
76.0,2017,3,63,1,5,0,1,31,39,32605,15964,16641,21.469099831314214,19.32218984818279,0.30670142616163165,1.5335071308081583,0.0,0.30670142616163165,24.429967426710096,18.628688179796885
76.0,2017,4,59,3,2,4,3,22,49,32605,15964,16641,21.775801257475848,18.09538414353627,0.9201042784848951,0.6134028523232633,1.2268057046465266,0.9201042784848951,30.694061638687042,13.220359353404243
76.0,2018,1,46,0,2,7,5,22,38,32717,16104,16613,18.339089769844424,14.05996882354739,0.0,0.6113029923281474,2.1395604731485163,1.5282574808203686,23.596621957277698,13.242641305002106
76.0,2018,2,64,0,7,5,7,27,56,32717,16104,16613,25.369074181618117,19.561695754500718,0.0,2.1395604731485163,1.5282574808203686,2.1395604731485163,34.77396920019871,16.252332510684404
76.0,2018,3,60,1,6,2,5,30,44,32717,16104,16613,22.618210716141455,18.339089769844424,0.3056514961640737,1.8339089769844423,0.6113029923281474,1.5282574808203686,27.3224043715847,18.05814723409378
76.0,2018,4,88,0,5,4,3,44,56,32717,16104,16613,30.56514961640737,26.897331662438486,0.0,1.5282574808203686,1.2226059846562949,0.9169544884922212,34.77396920019871,26.485282610004212
76.0,2019,1,44,0,1,4,0,18,31,33461,16412,17049,14.643913810107287,13.149636890708587,0.0,0.2988553838797406,1.1954215355189624,0.0,18.88861808432854,10.557803976772831
77.0,2015,1,31,0,3,4,4,13,29,51491,24131,27360,8.15676525994834,6.020469596628537,0.0,0.58262608999631,0.7768347866617467,0.7768347866617467,12.017736521486885,4.751461988304094
77.0,2015,2,36,0,2,7,6,13,38,51491,24131,27360,9.904643529937271,6.991513079955721,0.0,0.38841739333087333,1.3594608766580567,1.16525217999262,15.747378890224194,4.751461988304094
77.0,2015,3,39,0,2,3,2,16,30,51491,24131,27360,8.933600046610087,7.574139169952031,0.0,0.38841739333087333,0.58262608999631,0.38841739333087333,12.432141229124364,5.847953216374269
77.0,2015,4,37,1,1,2,0,6,35,51491,24131,27360,7.962556563282904,7.185721776621157,0.19420869666543666,0.19420869666543666,0.38841739333087333,0.0,14.504164767311757,2.192982456140351
77.0,2016,1,55,0,5,1,8,20,49,53150,24869,28281,12.982126058325495,10.348071495766698,0.0,0.940733772342427,0.18814675446848542,1.5051740357478833,19.70324500382002,7.071885718326792
77.0,2016,2,54,0,3,0,4,15,46,53150,24869,28281,11.476952022577612,10.159924741298212,0.0,0.5644402634054563,0.0,0.7525870178739417,18.49692388113716,5.303914288745094
77.0,2016,3,55,2,0,4,5,16,50,53150,24869,28281,12.417685794920038,10.348071495766698,0.37629350893697083,0.0,0.7525870178739417,0.940733772342427,20.1053520447143,5.657508574661434
77.0,2016,4,51,3,1,5,6,23,43,53150,24869,28281,12.417685794920038,9.595484477892757,0.5644402634054563,0.18814675446848542,0.940733772342427,1.1288805268109126,17.2906027584543,8.13266857607581
77.0,2017,1,57,0,5,4,6,32,40,54829,25617,29212,13.131736854584252,10.395958343212532,0.0,0.9119261704572398,0.7295409363657919,1.0943114045486877,15.614630909161885,10.954402300424482
77.0,2017,2,71,0,8,7,3,38,51,54829,25617,29212,16.232285834138867,12.949351620492806,0.0,1.4590818727315837,1.2766966386401357,0.5471557022743438,19.908654409181402,13.008352731754075
77.0,2017,3,71,0,3,3,2,33,46,54829,25617,29212,14.408433493224388,12.949351620492806,0.0,0.5471557022743438,0.5471557022743438,0.36477046818289593,17.95682554553617,11.296727372312748
77.0,2017,4,72,0,1,8,3,24,60,54829,25617,29212,15.320359663681627,13.131736854584252,0.0,0.18238523409144797,1.4590818727315837,0.5471557022743438,23.42194636374283,8.215801725318363
77.0,2018,1,66,1,3,16,5,32,59,56771,26670,30101,16.029310739638195,11.625653943034294,0.176146271864156,0.528438815592468,2.818340349826496,0.88073135932078,22.122234720659918,10.630876050629547
77.0,2018,2,73,0,5,11,7,33,63,56771,26670,30101,16.910042098958975,12.858677846083388,0.0,0.88073135932078,1.937608990505716,1.2330239030490922,23.62204724409449,10.96309092721172
77.0,2018,3,76,0,6,7,5,39,55,56771,26670,30101,16.557749555230664,13.387116661675856,0.0,1.056877631184936,1.2330239030490922,0.88073135932078,20.622422197225347,12.95638018670476
77.0,2018,4,73,2,2,4,5,33,52,56771,26670,30101,15.148579380317416,12.858677846083388,0.352292543728312,0.352292543728312,0.704585087456624,0.88073135932078,19.49756280464942,10.96309092721172
77.0,2019,1,55,0,1,2,2,22,38,59305,27758,31547,10.117190793356379,9.27409156057668,0.0,0.16861984655593962,0.33723969311187924,0.33723969311187924,13.689747099935154,6.973721748502236
78.0,2015,1,11,0,6,4,5,9,17,23903,11416,12487,10.877295736936787,4.601932811780948,0.0,2.5101451700623354,1.6734301133748903,2.091787641718613,14.891380518570429,7.207495795627453
78.0,2015,2,18,0,1,3,3,7,18,23903,11416,12487,10.458938208593063,7.530435510187006,0.0,0.4183575283437226,1.2550725850311677,1.2550725850311677,15.767344078486335,5.605830063265797
78.0,2015,3,13,0,3,10,3,9,20,23903,11416,12487,12.132368321967954,5.438647868468394,0.0,1.2550725850311677,4.183575283437226,1.2550725850311677,17.51927119831815,7.207495795627453
78.0,2015,4,11,1,2,3,5,5,17,23903,11416,12487,9.203865623561896,4.601932811780948,0.4183575283437226,0.8367150566874452,1.2550725850311677,2.091787641718613,14.891380518570429,4.00416433090414
78.0,2016,1,25,0,1,1,2,8,21,25050,11924,13126,11.57684630738523,9.98003992015968,0.0,0.3992015968063872,0.3992015968063872,0.7984031936127745,17.611539751761153,6.094773731525216
78.0,2016,2,28,1,1,3,5,12,26,25050,11924,13126,15.169660678642716,11.177644710578841,0.3992015968063872,0.3992015968063872,1.1976047904191616,1.996007984031936,21.804763502180474,9.142160597287827
78.0,2016,3,19,0,4,4,4,12,19,25050,11924,13126,12.375249500998002,7.584830339321358,0.0,1.596806387225549,1.596806387225549,1.596806387225549,15.934250251593426,9.142160597287827
78.0,2016,4,13,0,1,1,4,4,15,25050,11924,13126,7.584830339321358,5.189620758483034,0.0,0.3992015968063872,0.3992015968063872,1.596806387225549,12.579671251257967,3.047386865762608
78.0,2017,1,29,0,2,5,3,12,27,26236,12449,13787,14.865070894953499,11.053514255221833,0.0,0.7623113279463333,1.9057783198658331,1.1434669919195,21.688489035263874,8.703851454268513
78.0,2017,2,22,0,4,5,4,13,22,26236,12449,13787,13.340448239060832,8.385424607409666,0.0,1.5246226558926665,1.9057783198658331,1.5246226558926665,17.67210217688168,9.42917240879089
78.0,2017,3,45,1,2,5,4,28,29,26236,12449,13787,21.7258728464705,17.1520048787925,0.38115566397316664,0.7623113279463333,1.9057783198658331,1.5246226558926665,23.295043778616755,20.308986726626532
78.0,2017,4,44,0,4,0,4,32,20,26236,12449,13787,19.820094526604667,16.770849214819332,0.0,1.5246226558926665,0.0,1.5246226558926665,16.0655474335288,23.210270544716035
78.0,2018,1,49,0,3,7,7,25,41,27577,12962,14615,23.932987634623053,17.768430213583784,0.0,1.087863074301048,2.538347173369112,2.538347173369112,31.630921154142882,17.105713308244955
78.0,2018,2,47,0,4,5,2,23,35,27577,12962,14615,21.03201943648693,17.043188164049752,0.0,1.4504840990680639,1.81310512383508,0.7252420495340319,27.002005863292702,15.737256243585358
78.0,2018,3,49,2,3,7,6,21,46,27577,12962,14615,24.29560865939007,17.768430213583784,0.7252420495340319,1.087863074301048,2.538347173369112,2.175726148602096,35.48835056318469,14.36879917892576
78.0,2018,4,53,0,0,3,11,27,40,27577,12962,14615,24.29560865939007,19.218914312651847,0.0,0.0,1.087863074301048,3.9888312724371757,30.859435272334515,18.474170372904553
78.0,2019,1,27,0,1,3,10,13,28,28487,13405,15082,14.392529925931125,9.478007512198547,0.0,0.35103731526661286,1.0531119457998386,3.5103731526661286,20.887728459530024,8.619546479246784
79.0,2015,1,30,3,7,10,13,13,50,103435,49223,54212,6.09078165031179,2.9003722144341855,0.29003722144341854,0.67675351670131,0.9667907381447286,1.256827959588147,10.157853036182273,2.397993064266214
79.0,2015,2,25,5,2,16,15,21,42,103435,49223,54212,6.09078165031179,2.4169768453618214,0.4833953690723643,0.19335814762894574,1.546865181031566,1.4501861072170927,8.532596550393109,3.8736811038146537
79.0,2015,3,30,2,8,24,16,16,64,103435,49223,54212,7.734325905157829,2.9003722144341855,0.19335814762894574,0.773432590515783,2.3202977715473483,1.546865181031566,13.002051886313309,2.9513760790968786
79.0,2015,4,38,1,7,17,17,16,64,103435,49223,54212,7.734325905157829,3.6738048049499685,0.09667907381447287,0.67675351670131,1.6435442548460386,1.6435442548460386,13.002051886313309,2.9513760790968786
79.0,2016,1,75,0,7,14,25,35,86,108668,51659,57009,11.134832701439246,6.901755806677218,0.0,0.6441638752898737,1.2883277505797475,2.3005852688924064,16.647631584041502,6.139381501166483
79.0,2016,2,43,1,3,18,23,25,63,108668,51659,57009,8.09806014650127,3.9570066624949387,0.09202341075569626,0.27607023226708877,1.6564213936025327,2.116538447381014,12.195358020867612,4.385272500833202
79.0,2016,3,73,2,2,20,22,27,92,108668,51659,57009,10.950785879927853,6.717708985165826,0.1840468215113925,0.1840468215113925,1.8404682151139249,2.0245150366253175,17.809094252695562,4.736094300899858
79.0,2016,4,61,2,10,19,15,37,70,108668,51659,57009,9.846504950859497,5.613428056097471,0.1840468215113925,0.9202341075569624,1.7484448043582286,1.3803511613354438,13.550397800964015,6.490203301233138
79.0,2017,1,102,1,9,21,19,57,95,114092,54197,59895,13.322581776110507,8.940153560284683,0.0876485643165165,0.7888370788486484,1.8406198506468465,1.6653227220138134,17.528645496983227,9.516654144753318
79.0,2017,2,86,1,5,27,7,38,88,114092,54197,59895,11.043719103881077,7.537776531220419,0.0876485643165165,0.4382428215825825,2.3665112365459455,0.6135399502156155,16.23706109194236,6.344436096502212
79.0,2017,3,123,5,10,25,7,68,102,114092,54197,59895,14.900255933807804,10.780773410931529,0.4382428215825825,0.876485643165165,2.1912141079129124,0.6135399502156155,18.8202299020241,11.353201435846064
79.0,2017,4,139,3,5,15,6,58,110,114092,54197,59895,14.724958805174772,12.183150439995794,0.26294569294954945,0.4382428215825825,1.3147284647477473,0.5258913858990989,20.296326364927946,9.683612989398114
79.0,2018,1,120,1,16,18,17,71,101,120204,56697,63507,14.309008019699842,9.98302885095338,0.08319190709127816,1.3310705134604506,1.497454327643007,1.4142624205517287,17.81399368573293,11.179869935597651
79.0,2018,2,178,1,13,25,19,82,154,120204,56697,63507,19.633290073541648,14.808159462247513,0.08319190709127816,1.081494792186616,2.079797677281954,1.5806462347342851,27.161930966365066,12.911962460831088
79.0,2018,3,151,4,17,15,33,81,139,120204,56697,63507,18.302219560081195,12.561977970783001,0.33276762836511264,1.4142624205517287,1.2478786063691725,2.745332934012179,24.516288339771066,12.754499503991685
79.0,2018,4,157,4,9,11,22,73,129,120204,56697,63507,16.887957139529465,13.061129413330672,0.33276762836511264,0.7487271638215035,0.9151109780040598,1.8302219560081197,22.752526588708395,11.494795849276457
79.0,2019,1,108,2,9,7,13,42,97,124532,58974,65558,11.161789740789516,8.672469726656603,0.16060129123438155,0.7227058105547168,0.5621045193203353,1.04390839302348,16.4479262047682,6.40654077305592
80.0,2015,1,59,7,6,2,5,30,49,58405,29271,29134,13.526239191850012,10.101874839482921,1.1985275233284822,1.0273093057101277,0.3424364352367092,0.856091088091773,16.740118205732635,10.297247202581175
80.0,2015,2,60,5,9,2,5,27,54,58405,29271,29134,13.868675627086722,10.273093057101274,0.856091088091773,1.5409639585651913,0.3424364352367092,0.856091088091773,18.44829353284821,9.26752248232306
80.0,2015,3,80,4,10,3,12,45,64,58405,29271,29134,18.662785720400652,13.697457409468369,0.6848728704734184,1.712182176183546,0.5136546528550638,2.0546186114202554,21.864644187079364,15.445870803871765
80.0,2015,4,80,6,4,7,5,30,72,58405,29271,29134,17.46425819707217,13.697457409468369,1.0273093057101277,0.6848728704734184,1.1985275233284822,0.856091088091773,24.597724710464284,10.297247202581175
80.0,2016,1,118,4,11,1,9,55,88,57801,28946,28855,24.7400564004083,20.414871715022233,0.6920295496617705,1.9030812615698691,0.17300738741544264,1.5570664867389836,30.401437158847507,19.06082134811991
80.0,2016,2,107,11,18,7,9,43,109,57801,28946,28855,26.29712288714728,18.51179045345236,1.9030812615698691,3.1141329734779672,1.2110517119080986,1.5570664867389836,37.6563255717543,14.902096690348294
80.0,2016,3,115,10,12,14,8,39,120,57801,28946,28855,27.50817459905538,19.895849552775903,1.7300738741544264,2.0760886489853116,2.422103423816197,1.384059099323541,41.45650521661024,13.515855137757754
80.0,2016,4,107,11,7,15,17,47,110,57801,28946,28855,27.162159824224496,18.51179045345236,1.9030812615698691,1.2110517119080986,2.5951108112316392,2.9411255860625247,38.00179644855938,16.28833824293883
80.0,2017,1,151,6,13,11,18,58,141,57272,28666,28606,34.746472971085346,26.365414163989385,1.0476323508869954,2.26987009358849,1.9206593099594917,3.142897052660986,49.18719039977674,20.275466685310775
80.0,2017,2,169,9,6,4,7,65,130,57272,28666,28606,34.04805140382735,29.50831121665037,1.571448526330493,1.0476323508869954,0.698421567257997,1.2222377427014945,45.34989185795019,22.722505768020696
80.0,2017,3,206,6,10,9,9,78,162,57272,28666,28606,41.90529403547982,35.96871071378684,1.0476323508869954,1.7460539181449923,1.571448526330493,1.571448526330493,56.512942161445615,27.267006921624834
80.0,2017,4,204,10,13,9,8,87,157,57272,28666,28606,42.603715602737815,35.61949993015784,1.7460539181449923,2.26987009358849,1.571448526330493,1.396843134515994,54.76871555152445,30.41320002796616
80.0,2018,1,221,5,17,7,11,99,162,57028,28359,28669,45.76699165322297,38.75289331556428,0.8767622922073368,2.980991793504945,1.2274672090902716,1.9288770428561408,57.124722310377656,34.532072970804705
80.0,2018,2,246,6,17,6,13,93,194,57028,28359,28669,50.5015080311426,43.136704776600965,1.0521147506488042,2.980991793504945,1.0521147506488042,2.2795819597390756,68.40861807539054,32.439220063483205
80.0,2018,3,225,7,10,8,23,90,183,57028,28359,28669,47.87122115452059,39.45430314933015,1.2274672090902716,1.7535245844146736,1.4028196675317388,4.033106544153749,64.52977890616735,31.392793609822455
80.0,2018,4,218,5,13,5,15,93,162,57028,28359,28669,44.89022936101564,38.22683594023988,0.8767622922073368,2.2795819597390756,0.8767622922073368,2.63028687662201,57.124722310377656,32.439220063483205
80.0,2019,1,173,1,2,1,6,58,125,56948,28431,28517,32.13457891409707,30.37859099529395,0.17559879188031188,0.35119758376062377,0.17559879188031188,1.0535927512818712,43.9660933488094,20.3387453098152
81.0,2015,1,30,1,14,4,7,18,38,65203,31845,33358,8.5885618759873,4.601015290707483,0.15336717635691607,2.147140468996825,0.6134687054276643,1.0735702344984126,11.932799497566338,5.396006954853409
81.0,2015,2,15,4,3,4,10,6,30,65203,31845,33358,5.521218348848979,2.3005076453537416,0.6134687054276643,0.46010152907074825,0.6134687054276643,1.5336717635691608,9.420631182289213,1.7986689849511361
81.0,2015,3,36,4,5,5,10,17,43,65203,31845,33358,9.202030581414967,5.521218348848979,0.6134687054276643,0.7668358817845804,0.7668358817845804,1.5336717635691608,13.50290469461454,5.0962287906948855
81.0,2015,4,30,3,8,1,11,20,33,65203,31845,33358,8.128460346916553,4.601015290707483,0.46010152907074825,1.2269374108553286,0.15336717635691607,1.687038939926077,10.362694300518134,5.995563283170454
81.0,2016,1,67,3,6,8,14,30,68,64393,31453,32940,15.219045548429177,10.404857670864844,0.4658891494417095,0.931778298883419,1.2423710651778919,2.174149364061311,21.61955934251105,9.107468123861567
81.0,2016,2,51,3,3,5,7,22,47,64393,31453,32940,10.715450437159319,7.9201155405090615,0.4658891494417095,0.4658891494417095,0.7764819157361825,1.0870746820306556,14.942930722029695,6.678809957498482
81.0,2016,3,43,8,3,4,16,16,58,64393,31453,32940,11.491932352895502,6.67774447533117,1.2423710651778919,0.4658891494417095,0.6211855325889459,2.4847421303557837,18.440212380377073,4.857316332726169
81.0,2016,4,43,3,6,7,11,19,51,64393,31453,32940,10.870746820306554,6.67774447533117,0.4658891494417095,0.931778298883419,1.0870746820306556,1.7082602146196015,16.214669506883286,5.768063145112325
81.0,2017,1,90,5,7,8,14,46,78,63663,31108,32555,19.47756153495751,14.136939823759484,0.7853855457644158,1.099539764070182,1.2566168732230651,2.199079528140364,25.073935965025072,14.12993395791737
81.0,2017,2,72,5,11,3,13,34,70,63663,31108,32555,16.33601935189985,11.309551859007586,0.7853855457644158,1.7278482006817146,0.47123132745864943,2.0420024189874812,22.502250225022504,10.443864229765012
81.0,2017,3,109,2,5,4,10,48,82,63663,31108,32555,20.42002418987481,17.121404897664263,0.3141542183057663,0.7853855457644158,0.6283084366115326,1.5707710915288315,26.359778835026358,14.744278912609431
81.0,2017,4,137,2,9,7,13,66,101,63663,31108,32555,26.38895433768437,21.519563953944992,0.3141542183057663,1.4136939823759482,1.099539764070182,2.0420024189874812,32.46753246753247,20.273383504837966
81.0,2018,1,101,3,10,4,25,43,100,63264,30735,32529,22.603692463328272,15.964845725847244,0.4742033383915023,1.580677794638341,0.6322711178553364,3.9516944865958523,32.53619651862697,13.21897383872852
81.0,2018,2,120,3,13,6,15,70,87,63264,30735,32529,24.816641375821956,18.96813353566009,0.4742033383915023,2.054881133029843,0.9484066767830046,2.3710166919575113,28.306490971205466,21.51925973746503
81.0,2018,3,145,3,11,4,20,68,115,63264,30735,32529,28.926403641881638,22.919828022255942,0.4742033383915023,1.7387455741021751,0.6322711178553364,3.161355589276682,37.41662599642102,20.90442374496603
81.0,2018,4,130,2,9,5,21,56,111,63264,30735,32529,26.397319170460293,20.548811330298435,0.3161355589276682,1.422610015174507,0.7903388973191705,3.319423368740516,36.11517813567594,17.215407789972026
81.0,2019,1,84,0,2,2,15,33,70,63103,30784,32319,16.32252032391487,13.311569972901449,0.0,0.3169421422119392,0.3169421422119392,2.377066066589544,22.73908523908524,10.210711965097929
82.0,2015,1,73,5,7,6,20,31,80,144804,72234,72570,7.665534101267921,5.041297201734759,0.3452943288859424,0.4834120604403193,0.4143531946631308,1.3811773155437697,11.07511698092311,4.271737632630564
82.0,2015,2,96,13,14,5,16,45,99,144804,72234,72570,9.944476671915142,6.629651114610093,0.8977652551034502,0.9668241208806386,0.3452943288859424,1.1049418524350156,13.705457263892349,6.200909466721786
82.0,2015,3,79,9,21,7,30,54,92,144804,72234,72570,10.082594403469518,5.45565039639789,0.6215297919946964,1.4502361813209579,0.4834120604403193,2.0717659733156544,12.736384528061578,7.441091360066143
82.0,2015,4,73,15,6,8,27,33,96,144804,72234,72570,8.908593685257314,5.041297201734759,1.0358829866578272,0.4143531946631308,0.5524709262175078,1.8645893759840888,13.290140377107734,4.54733360892931
82.0,2016,1,153,8,37,10,22,91,139,142932,71238,71694,16.09156801835838,10.704390899168835,0.5597067136820306,2.5886435507793912,0.6996333921025384,1.5391934626255843,19.512058171200763,12.692833430970515
82.0,2016,2,102,10,20,12,38,55,127,142932,71238,71694,12.733327736266196,7.136260599445891,0.6996333921025384,1.3992667842050768,0.8395600705230459,2.6586068899896453,17.827563940593503,7.671492733004157
82.0,2016,3,152,7,29,4,38,83,147,142932,71238,71694,16.09156801835838,10.634427559958581,0.4897433744717768,2.028936837097361,0.2798533568410153,2.6586068899896453,20.635054324938938,11.576979942533546
82.0,2016,4,148,5,15,11,33,70,142,142932,71238,71694,14.832227912573812,10.354574203117565,0.3498166960512692,1.0494500881538074,0.7695967313127922,2.308790193938376,19.933181728852578,9.763718023823472
82.0,2017,1,239,5,14,7,36,107,194,141226,70344,70882,21.313355897639244,16.923229433673686,0.35404245677141605,0.9913188789599648,0.4956594394799824,2.5491056887541954,27.578755828499943,15.095510849016675
82.0,2017,2,249,6,22,12,34,118,205,141226,70344,70882,22.871142707433478,17.631314347216517,0.42485094812569923,1.5577868097942305,0.8497018962513985,2.407488706045629,29.14249971568293,16.64738579611185
82.0,2017,3,291,8,12,8,24,128,215,141226,70344,70882,24.28731253451914,20.605270984096414,0.5664679308342657,0.8497018962513985,0.5664679308342657,1.699403792502797,30.564085067667463,18.058181202562004
82.0,2017,4,328,7,10,8,28,149,232,141226,70344,70882,26.978035205981904,23.22518516420489,0.4956594394799824,0.7080849135428321,0.5664679308342657,1.9826377579199297,32.98078016604117,21.02085155610733
82.0,2018,1,302,10,26,22,32,139,253,140235,69384,70851,27.953078760651763,21.535280065604162,0.7130887438941776,1.8540307341248619,1.5687952365671907,2.281883980461368,36.463738037587916,19.61863629306573
82.0,2018,2,366,9,32,16,43,180,286,140235,69384,70851,33.22993546546868,26.0990480265269,0.6417798695047598,2.281883980461368,1.140941990230684,3.066281598744964,41.21987778162113,25.40542829317864
82.0,2018,3,400,10,31,20,36,171,325,140235,69384,70851,35.44051057154063,28.523549755767107,0.7130887438941776,2.2105751060719507,1.4261774877883553,2.5671194780190394,46.84077020638764,24.13515687851971
82.0,2018,4,368,6,20,10,41,168,277,140235,69384,70851,31.732449103290904,26.241665775305734,0.4278532463365066,1.4261774877883553,0.7130887438941776,2.9236638499661285,39.92274876052116,23.7117330736334
82.0,2019,1,206,1,8,11,22,80,168,139919,69495,70424,17.724540627077094,14.72280390797533,0.07146992188337538,0.571759375067003,0.7861691407171292,1.5723382814342584,24.174401036045758,11.359763716914687
83.0,2015,1,53,0,1,5,1,24,36,24130,11502,12628,24.865312888520513,21.964359718193123,0.0,0.41442188147534187,2.0721094073767095,0.41442188147534187,31.29890453834116,19.005384859043396
83.0,2015,2,37,0,3,2,1,14,29,24130,11502,12628,17.8201409034397,15.33360961458765,0.0,1.2432656444260257,0.8288437629506837,0.41442188147534187,25.21300643366371,11.086474501108647
83.0,2015,3,27,1,4,4,3,15,24,24130,11502,12628,16.162453377538334,11.18939079983423,0.41442188147534187,1.6576875259013675,1.6576875259013675,1.2432656444260257,20.865936358894103,11.878365536902121
83.0,2015,4,23,0,5,4,3,13,22,24130,11502,12628,14.504765851636966,9.531703273932864,0.0,2.0721094073767095,1.6576875259013675,1.2432656444260257,19.127108328986264,10.294583465315172
83.0,2016,1,30,0,0,6,2,5,33,25502,12155,13347,14.900792094737668,11.763783232687631,0.0,0.0,2.3527566465375265,0.7842522155125088,27.149321266968325,3.7461601858095452
83.0,2016,2,35,0,0,11,1,10,37,25502,12155,13347,18.429927064543957,13.724413771468903,0.0,0.0,4.313387185318798,0.3921261077562544,30.44014808720691,7.4923203716190905
83.0,2016,3,30,0,1,16,0,12,35,25502,12155,13347,18.429927064543957,11.763783232687631,0.0,0.3921261077562544,6.27401772410007,0.0,28.794734677087618,8.990784445942909
83.0,2016,4,24,0,2,3,2,11,20,25502,12155,13347,12.155909340443886,9.411026586150106,0.0,0.7842522155125088,1.1763783232687632,0.7842522155125088,16.454134101192924,8.241552408780999
83.0,2017,1,46,0,7,9,1,23,40,26932,12844,14088,23.39224714094757,17.080053467993466,0.0,2.599138571216397,3.341749591563939,0.37130551017377095,31.142946122703208,16.3259511641113
83.0,2017,2,40,0,3,6,3,15,37,26932,12844,14088,19.30788652903609,14.852220406950838,0.0,1.113916530521313,2.227833061042626,1.113916530521313,28.807225163500465,10.647359454855195
83.0,2017,3,64,0,2,8,4,25,53,26932,12844,14088,28.961829793554138,23.76355265112134,0.0,0.7426110203475419,2.9704440813901676,1.4852220406950838,41.264403612581745,17.745599091425326
83.0,2017,4,103,0,4,7,3,36,81,26932,12844,14088,43.4427446903312,38.24446754789841,0.0,1.4852220406950838,2.599138571216397,1.113916530521313,63.064465898474,25.55366269165247
83.0,2018,1,52,2,1,11,3,21,48,28531,13522,15009,24.184220672251232,18.225789492131366,0.700991903543514,0.350495951771757,3.8554554694893275,1.0514878553152711,35.497707439727854,13.991605036977814
83.0,2018,2,71,4,7,4,4,26,64,28531,13522,15009,31.544635659458134,24.885212575794753,1.401983807087028,2.4534716624022996,1.401983807087028,1.401983807087028,47.3302765863038,17.32293956959158
83.0,2018,3,59,2,2,3,6,21,51,28531,13522,15009,25.235708527566505,20.679261154533663,0.700991903543514,0.700991903543514,1.0514878553152711,2.1029757106305422,37.716314154710844,13.991605036977814
83.0,2018,4,86,0,4,8,4,39,63,28531,13522,15009,35.750587080719214,30.142651852371106,0.0,1.401983807087028,2.803967614174056,1.401983807087028,46.59074101464281,25.98440935438737
83.0,2019,1,51,0,2,3,3,18,41,29613,14096,15517,19.923682166616015,17.22216594063418,0.0,0.675379056495458,1.013068584743187,1.013068584743187,29.086265607264473,11.6001804472514
84.0,2015,1,82,7,16,4,26,52,83,196849,96671,100178,6.858048554983769,4.165629492656808,0.35560251766582507,0.812805754664743,0.20320143866618576,1.3208093513302073,8.585822014875195,5.190760446405398
84.0,2015,2,61,13,13,5,34,33,93,196849,96671,100178,6.400845317984851,3.0988219396593326,0.6604046756651036,0.6604046756651036,0.2540017983327322,1.7272122286625788,9.620258402209556,3.2941364371418875
84.0,2015,3,79,4,18,9,37,43,104,196849,96671,100178,7.467652870982327,4.013228413657169,0.20320143866618576,0.9144064739978359,0.45720323699891796,1.8796133076622183,10.758138428277352,4.292359599912157
84.0,2015,4,66,12,17,12,38,35,110,196849,96671,100178,7.366052151649234,3.352823737992065,0.6096043159985572,0.8636061143312894,0.6096043159985572,1.9304136673287646,11.37880026067797,3.4937810696959413
84.0,2016,1,123,10,21,5,40,69,130,196269,96215,100054,10.139145764231742,6.266909190957309,0.509504812272952,1.069960105773199,0.254752406136476,2.038019249091808,13.511406745309984,6.896276010954085
84.0,2016,2,85,10,20,6,31,40,112,196269,96215,100054,7.744473146548869,4.330790904320091,0.509504812272952,1.019009624545904,0.30570288736377116,1.579464918046151,11.640596580574755,3.9978411657704838
84.0,2016,3,100,11,18,8,33,61,109,196269,96215,100054,8.661581808640182,5.095048122729519,0.5604552935002471,0.9171086620913135,0.4076038498183615,1.6813658805007412,11.328794886452215,6.096707777799988
84.0,2016,4,105,11,11,11,23,46,115,196269,96215,100054,8.203027477594526,5.349800528865995,0.5604552935002471,0.5604552935002471,0.5604552935002471,1.1718610682277895,11.952398274697293,4.597517340636056
84.0,2017,1,184,7,23,10,30,88,166,195649,95780,99869,12.982432826132513,9.404597007907016,0.35778358182254955,1.175574625988377,0.5111194026036422,1.5333582078109267,17.331384422635203,8.811543121489152
84.0,2017,2,170,13,23,8,25,79,159,195649,95780,99869,12.215753722227051,8.689029844261917,0.664455223384735,1.175574625988377,0.40889552208291374,1.2777985065091055,16.600542910837333,7.910362574973215
84.0,2017,3,186,12,17,8,33,105,151,195649,95780,99869,13.08465670665324,9.506820888427747,0.6133432831243707,0.8689029844261918,0.40889552208291374,1.6866940285920196,15.765295468782627,10.51377304268592
84.0,2017,4,221,12,19,12,27,90,199,195649,95780,99869,14.873574615765989,11.295738797540494,0.6133432831243707,0.9711268649469202,0.6133432831243707,1.380022387029834,20.776780121110882,9.011805465159359
84.0,2018,1,208,10,32,13,43,110,196,195836,95646,100190,15.625319144590371,10.621131967564699,0.5106313445944566,1.634020302702261,0.6638207479727937,2.195714781756163,20.49223177132342,10.97913963469408
84.0,2018,2,270,8,39,11,52,141,239,195836,95646,100190,19.40399109458935,13.787046304050328,0.40850507567556527,1.9914622439183807,0.5616944790539022,2.6552829918911747,24.987976496664785,14.073260804471504
84.0,2018,3,226,14,50,17,53,142,218,195836,95646,100190,18.38272840540044,11.54026838783472,0.7148838824322392,2.553156722972283,0.8680732858105762,2.70634612635062,22.79238023545156,14.173071164786904
84.0,2018,4,287,13,26,13,53,146,243,195836,95646,100190,20.0167487081027,14.655119589860904,0.6638207479727937,1.3276414959455873,0.6638207479727937,2.70634612635062,25.406185308324446,14.57231260604851
84.0,2019,1,156,2,7,6,31,69,133,197601,96425,101176,10.222620330868772,7.894696889185783,0.10121406268186901,0.3542492193865415,0.30364218804560705,1.5688179715689698,13.793103448275861,6.819799161856567
85.0,2015,1,122,15,34,5,19,58,136,239097,115658,123439,8.155685767700975,5.102531608510354,0.6273604436693057,1.4220170056504264,0.2091201478897686,0.7946565619811207,11.758806135330024,4.698677079367137
85.0,2015,2,80,14,10,6,29,38,101,239097,115658,123439,5.813540111335567,3.3459223662362976,0.585536414091352,0.4182402957795372,0.2509441774677223,1.2128968577606578,8.732642791678915,3.0784436037232967
85.0,2015,3,144,13,42,5,32,101,135,239097,115658,123439,9.870470980397076,6.022660259225335,0.5437123845133983,1.756609242274056,0.2091201478897686,1.338368946494519,11.672344325511421,8.182179052001393
85.0,2015,4,122,14,16,17,28,66,131,239097,115658,123439,8.239333826856882,5.102531608510354,0.585536414091352,0.6691844732472595,0.7110085028252132,1.171072828182704,11.326497086237008,5.346770469624674
85.0,2016,1,207,12,36,11,32,127,171,236890,114433,122457,12.579678331715142,8.738232935117566,0.5065642281227574,1.519692684368272,0.46435054244586094,1.3508379416606864,14.943241897005235,10.370987366994129
85.0,2016,2,146,15,24,8,20,75,138,236890,114433,122457,8.991515049178943,6.163198108826882,0.6332052851534468,1.0131284562455147,0.3377094854151716,0.844273713537929,12.059458373021767,6.12459883877606
85.0,2016,3,194,9,33,6,30,100,172,236890,114433,122457,11.482122504115834,8.189455021317912,0.379923171092068,1.393051627337583,0.2532821140613787,1.2664105703068935,15.030629276519885,8.166131785034747
85.0,2016,4,141,16,22,6,23,74,134,236890,114433,122457,8.780446620794462,5.9521296804423995,0.6754189708303432,0.9287010848917219,0.2532821140613787,0.9709147705686184,11.709908854963167,6.042937520925713
85.0,2017,1,276,12,35,10,27,146,214,234628,113235,121393,15.343437270913956,11.7633019077007,0.5114479090304652,1.4917230680055238,0.42620659085872103,1.1507577953185468,18.89875038636464,12.027052630711822
85.0,2017,2,297,12,37,12,27,158,227,234628,113235,121393,16.40895374806076,12.658335748504015,0.5114479090304652,1.5769643861772678,0.5114479090304652,1.1507577953185468,20.046805316377448,13.015577504468956
85.0,2017,3,330,12,19,16,32,188,221,234628,113235,121393,17.43184956612169,14.064817498337796,0.5114479090304652,0.8097925226315701,0.6819305453739537,1.3638610907479074,19.516933810217687,15.486889688861796
85.0,2017,4,393,10,13,12,28,172,284,234628,113235,121393,19.43502054315768,16.749919020747736,0.42620659085872103,0.5540685681163373,0.5114479090304652,1.193378454404419,25.080584624895128,14.168856523852282
85.0,2018,1,367,6,46,17,37,195,278,233322,112383,120939,20.272413231499815,15.729335424863493,0.2571553475454522,1.9715243311818003,0.7286068180454479,1.5857913098636218,24.73683742203002,16.123831022250886
85.0,2018,2,422,8,55,13,48,254,292,233322,112383,120939,23.40113662663615,18.08659277736347,0.3428737967272696,2.3572573524999783,0.5571699196818131,2.0572427803636177,25.982577436089088,21.002323485393465
85.0,2018,3,486,9,84,29,53,257,403,233322,112383,120939,28.329947454590652,20.829583151181627,0.3857330213181783,3.600174865636331,1.2429175131363523,2.271538903318161,35.859516118985965,21.250382424197323
85.0,2018,4,512,6,34,11,48,256,354,233322,112383,120939,26.186986225045214,21.943922990545254,0.2571553475454522,1.4572136360908958,0.47145147049999575,2.0572427803636177,31.49942606977924,21.167696111262703
85.0,2019,1,342,6,18,2,31,159,239,235147,113170,121977,16.968109310346293,14.544093694582537,0.255159538501448,0.7654786155043442,0.08505317950048268,1.3183242822574814,21.118671025890254,13.035244349344548
86.0,2015,1,41,6,7,5,16,19,56,118531,57290,61241,6.3274586395120265,3.4590107229332414,0.5061966911609621,0.5905628063544558,0.4218305759674684,1.349857843095899,9.77482981323093,3.102496693391682
86.0,2015,2,17,7,10,2,8,19,25,118531,57290,61241,3.712109068513722,1.4342239582893928,0.5905628063544558,0.8436611519349368,0.16873223038698737,0.6749289215479495,4.363763309478094,3.102496693391682
86.0,2015,3,36,4,13,4,23,29,51,118531,57290,61241,6.749289215479495,3.0371801469657727,0.33746446077397474,1.0967594975154178,0.33746446077397474,1.9404206494503546,8.90207715133531,4.73538968991362
86.0,2015,4,37,8,8,3,16,19,53,118531,57290,61241,6.074360293931545,3.1215462621592662,0.6749289215479495,0.6749289215479495,0.25309834558048105,1.349857843095899,9.251178216093559,3.102496693391682
86.0,2016,1,79,1,10,6,7,37,66,122669,59104,63565,8.396579412891603,6.440094889499385,0.08152018847467575,0.8152018847467576,0.48912113084805453,0.5706413193227303,11.166756903086085,5.820813340674899
86.0,2016,2,50,8,10,7,12,30,57,122669,59104,63565,7.09225639729679,4.076009423733788,0.652161507797406,0.8152018847467576,0.5706413193227303,0.9782422616961091,9.644017325392529,4.719578384330999
86.0,2016,3,60,11,14,7,15,28,79,122669,59104,63565,8.722660166790305,4.891211308480545,0.8967220732214333,1.1412826386454606,0.5706413193227303,1.2228028271201363,13.366269626421223,4.4049398253756
86.0,2016,4,53,6,7,5,9,24,56,122669,59104,63565,6.521615077974061,4.320569989157815,0.48912113084805453,0.5706413193227303,0.4076009423733788,0.7336816962720817,9.474824038982133,3.7756627074648
86.0,2017,1,77,2,10,3,16,39,69,126779,60921,65858,8.51876099353994,6.07356107872755,0.1577548332137026,0.7887741660685129,0.2366322498205539,1.2620386657096208,11.32614369429261,5.921831819976313
86.0,2017,2,59,4,19,7,12,44,57,126779,60921,65858,7.9666190772919805,4.653767579804226,0.3155096664274052,1.4986709155301745,0.552141916247959,0.9465289992822156,9.356379573546068,6.681041027665584
86.0,2017,3,100,6,10,8,12,49,87,126779,60921,65858,10.727328658531777,7.887741660685129,0.4732644996411078,0.7887741660685129,0.6310193328548104,0.9465289992822156,14.280789875412419,7.4402502353548545
86.0,2017,4,88,4,5,12,15,44,80,126779,60921,65858,9.780799659249562,6.941212661402914,0.3155096664274052,0.39438708303425646,0.9465289992822156,1.1831612491027694,13.131760804976937,6.681041027665584
86.0,2018,1,112,6,14,11,16,63,95,131429,62925,68504,12.09778663765227,8.521711342245624,0.4565202504774441,1.065213917780703,0.8369537925419808,1.2173873346065176,15.097338100913786,9.19654326754642
86.0,2018,2,137,3,20,7,32,78,121,131429,62925,68504,15.141254974168563,10.423879052568308,0.22826012523872205,1.521734168258147,0.5326069588903515,2.434774669213035,19.229241160111243,11.386196426486045
86.0,2018,3,137,2,30,12,22,83,120,131429,62925,68504,15.445601807820193,10.423879052568308,0.1521734168258147,2.2826012523872206,0.9130405009548882,1.6739075850839615,19.07032181168057,12.116080812799254
86.0,2018,4,158,5,23,12,21,84,133,131429,62925,68504,16.66298914242671,12.021699929239361,0.3804335420645367,1.749994293496869,0.9130405009548882,1.5978208766710542,21.1362733412793,12.262057690061894
86.0,2019,1,96,2,7,8,17,44,86,135550,64820,70730,9.590556990040575,7.082257469568424,0.14754703061600885,0.516414607156031,0.5901881224640354,1.2541497602360752,13.267510027769207,6.2208398133748055
87.0,2015,1,17,1,3,1,0,9,13,77392,36620,40772,2.842671077113913,2.1966094686789335,0.12921232168699606,0.3876369650609882,0.12921232168699606,0.0,3.5499726925177497,2.2073972333954677
87.0,2015,2,11,2,3,1,6,9,14,77392,36620,40772,2.9718833988009097,1.4213355385569566,0.2584246433739921,0.3876369650609882,0.12921232168699606,0.7752739301219764,3.823047515019115,2.2073972333954677
87.0,2015,3,20,3,9,0,8,15,25,77392,36620,40772,5.168492867479843,2.5842464337399216,0.3876369650609882,1.1629108951829645,0.0,1.0336985734959685,6.826870562534134,3.678995388992446
87.0,2015,4,16,4,1,1,5,8,19,77392,36620,40772,3.4887326855488943,2.067397146991937,0.5168492867479842,0.12921232168699606,0.12921232168699606,0.6460616084349804,5.188421627525942,1.9621308741293044
87.0,2016,1,37,0,3,0,4,19,25,83527,39447,44080,5.267757731033079,4.429705364732362,0.0,0.3591652998431645,0.0,0.47888706645755263,6.33761756280579,4.310344827586206
87.0,2016,2,24,0,5,2,4,13,22,83527,39447,44080,4.1902618315035856,2.873322398745316,0.0,0.5986088330719408,0.23944353322877632,0.47888706645755263,5.577103455269095,2.9491833030852996
87.0,2016,3,23,1,2,2,3,10,21,83527,39447,44080,3.711374765046033,2.753600632130928,0.11972176661438816,0.23944353322877632,0.23944353322877632,0.3591652998431645,5.323598752756864,2.268602540834846
87.0,2016,4,28,2,5,1,5,16,25,83527,39447,44080,4.9085924311899145,3.3522094652028684,0.23944353322877632,0.5986088330719408,0.11972176661438816,0.5986088330719408,6.33761756280579,3.629764065335753
87.0,2017,1,58,3,5,5,7,29,49,89932,42405,47527,8.673219766045456,6.449317261931237,0.333585375617133,0.555975626028555,0.555975626028555,0.7783658764399769,11.555241127225564,6.101794769289036
87.0,2017,2,36,3,6,1,5,16,35,89932,42405,47527,5.670951385491261,4.003024507405595,0.333585375617133,0.667170751234266,0.11119512520571098,0.555975626028555,8.253743662303973,3.3665074589180883
87.0,2017,3,51,3,1,4,8,20,47,89932,42405,47527,7.450073388782636,5.670951385491261,0.333585375617133,0.11119512520571098,0.4447805008228439,0.8895610016456879,11.083598632236765,4.208134323647611
87.0,2017,4,69,5,2,3,7,38,48,89932,42405,47527,9.562780767691144,7.672463639194057,0.555975626028555,0.22239025041142196,0.333585375617133,0.7783658764399769,11.319419879731162,7.995455214930461
87.0,2018,1,56,1,13,2,10,36,46,97019,45633,51386,8.45195271029386,5.772065265566539,0.1030725940279739,1.3399437223636608,0.2061451880559478,1.030725940279739,10.080424254377315,7.005799244930525
87.0,2018,2,82,4,21,5,9,52,69,97019,45633,51386,12.471783877384842,8.45195271029386,0.4122903761118956,2.164524474587452,0.5153629701398695,0.9276533462517651,15.120636381565971,10.119487798232981
87.0,2018,3,77,2,13,4,5,46,55,97019,45633,51386,10.410331996825363,7.936589740153991,0.2061451880559478,1.3399437223636608,0.4122903761118956,0.5153629701398695,12.052681173712006,8.951854590744562
87.0,2018,4,72,1,11,10,10,42,61,97019,45633,51386,10.719549778909286,7.421226770014121,0.1030725940279739,1.133798534307713,1.030725940279739,1.030725940279739,13.367519119935134,8.173432452418947
87.0,2019,1,52,2,8,3,9,27,47,102194,48023,54171,7.24112961622013,5.08836135193847,0.1957062058437873,0.7828248233751492,0.2935593087656809,0.8806779262970429,9.78697707348562,4.984216647283602
88.0,2015,1,76,0,2,1,0,27,52,35938,15805,20133,21.9823028549168,21.147531860426287,0.0,0.5565139963270076,0.2782569981635038,0.0,32.9009807023094,13.410818059901654
88.0,2015,2,79,0,7,1,0,43,44,35938,15805,20133,24.208358840224832,21.9823028549168,0.0,1.9477989871445267,0.2782569981635038,0.0,27.839291363492567,21.357969502806338
88.0,2015,3,65,0,10,2,1,39,39,35938,15805,20133,21.704045856753297,18.086704880627746,0.0,2.782569981635038,0.5565139963270076,0.2782569981635038,24.675735526732048,19.371181642080167
88.0,2015,4,73,0,3,0,0,30,46,35938,15805,20133,21.147531860426287,20.312760865935775,0.0,0.8347709944905114,0.0,0.0,29.104713698196775,14.900908955446281
88.0,2016,1,87,0,4,0,3,38,56,36121,15968,20153,26.023642756291352,24.085711912737743,0.0,1.1073890534592066,0.0,0.830541790094405,35.07014028056112,18.855753485833375
88.0,2016,2,68,0,2,0,1,32,39,36121,15968,20153,19.656155698900918,18.825613908806513,0.0,0.5536945267296033,0.0,0.27684726336480164,24.42384769539078,15.878529251228105
88.0,2016,3,57,1,2,1,1,31,31,36121,15968,20153,17.1645303286177,15.780294011793693,0.27684726336480164,0.5536945267296033,0.27684726336480164,0.27684726336480164,19.41382765531062,15.382325212127228
88.0,2016,4,61,0,2,1,0,27,37,36121,15968,20153,17.718224855347305,16.8876830652529,0.0,0.5536945267296033,0.27684726336480164,0.0,23.171342685370742,13.397509055723715
88.0,2017,1,102,0,3,1,1,39,68,36326,16142,20184,29.455486428453447,28.07906182899301,0.0,0.8258547596762649,0.2752849198920883,0.2752849198920883,42.12613059100483,19.322235434007133
88.0,2017,2,93,0,3,1,0,36,61,36326,16142,20184,26.702637229532566,25.60149754996421,0.0,0.8258547596762649,0.2752849198920883,0.0,37.78961714781315,17.8359096313912
88.0,2017,3,177,0,2,3,2,80,104,36326,16142,20184,50.65242526014425,48.72543082089963,0.0,0.5505698397841766,0.8258547596762649,0.5505698397841766,64.42819972741916,39.63535473642489
88.0,2017,4,202,1,1,1,2,97,110,36326,16142,20184,56.98397841766228,55.607553818201836,0.2752849198920883,0.2752849198920883,0.2752849198920883,0.5505698397841766,68.14521125015487,48.05786761791518
88.0,2018,1,155,0,4,4,1,81,83,36695,16397,20298,44.6927374301676,42.240087205341325,0.0,1.0900667665894537,1.0900667665894537,0.2725166916473634,50.61901567359883,39.90540939994088
88.0,2018,2,200,0,2,0,0,105,97,36695,16397,20298,55.048371712767405,54.50333832947268,0.0,0.5450333832947268,0.0,0.0,59.15716289565164,51.72923440733077
88.0,2018,3,227,0,4,0,0,94,137,36695,16397,20298,62.95135577054095,61.86128900395149,0.0,1.0900667665894537,0.0,0.0,83.55186924437398,46.30998127894374
88.0,2018,4,224,0,0,1,0,106,119,36695,16397,20298,61.31625562065677,61.04373892900941,0.0,0.0,0.2725166916473634,0.0,72.57425138744892,52.22189378263869
88.0,2019,1,141,0,4,0,0,76,69,38133,17147,20986,38.024807909160046,36.975847690976316,0.0,1.0489602181837254,0.0,0.0,40.24027526681052,36.21461926998952
89.0,2015,1,3,0,1,0,0,2,2,14537,7178,7359,2.7515993671321457,2.0636995253491093,0.0,0.6878998417830364,0.0,0.0,2.7862914460852606,2.7177605652941974
89.0,2015,2,2,1,2,0,0,3,2,14537,7178,7359,3.4394992089151817,1.3757996835660729,0.6878998417830364,1.3757996835660729,0.0,0.0,2.7862914460852606,4.076640847941296
89.0,2015,3,2,0,1,0,0,1,2,14537,7178,7359,2.0636995253491093,1.3757996835660729,0.0,0.6878998417830364,0.0,0.0,2.7862914460852606,1.3588802826470987
89.0,2015,4,7,1,1,0,0,3,6,14537,7178,7359,6.191098576047327,4.8152988924812545,0.6878998417830364,0.6878998417830364,0.0,0.0,8.35887433825578,4.076640847941296
89.0,2016,1,7,1,1,0,0,4,5,14743,7281,7462,6.104592009767347,4.748016007596826,0.6782880010852608,0.6782880010852608,0.0,0.0,6.867188572998214,5.3604931653712145
89.0,2016,2,3,0,2,0,0,4,1,14743,7281,7462,3.3914400054263036,2.0348640032557825,0.0,1.3565760021705215,0.0,0.0,1.373437714599643,5.3604931653712145
89.0,2016,3,8,0,0,0,0,5,3,14743,7281,7462,5.426304008682086,5.426304008682086,0.0,0.0,0.0,0.0,4.120313143798929,6.700616456714018
89.0,2016,4,3,0,2,0,0,2,3,14743,7281,7462,3.3914400054263036,2.0348640032557825,0.0,1.3565760021705215,0.0,0.0,4.120313143798929,2.6802465826856072
89.0,2017,1,15,0,1,0,1,4,13,14950,7386,7564,11.371237458193981,10.03344481605351,0.0,0.6688963210702341,0.0,0.6688963210702341,17.60086650419713,5.288207297726071
89.0,2017,2,12,0,2,0,1,4,11,14950,7386,7564,10.03344481605351,8.02675585284281,0.0,1.3377926421404682,0.0,0.6688963210702341,14.893040888166803,5.288207297726071
89.0,2017,3,10,0,5,0,0,10,5,14950,7386,7564,10.03344481605351,6.688963210702341,0.0,3.3444816053511706,0.0,0.0,6.769564040075819,13.220518244315176
89.0,2017,4,6,0,3,2,0,6,5,14950,7386,7564,7.357859531772575,4.013377926421405,0.0,2.0066889632107023,1.3377926421404682,0.0,6.769564040075819,7.932310946589106
89.0,2018,1,6,0,3,1,1,4,7,15231,7533,7698,7.222112796270763,3.9393342525113253,0.0,1.9696671262556626,0.6565557087518876,0.6565557087518876,9.292446568432231,5.1961548454143935
89.0,2018,2,8,0,1,0,0,3,6,15231,7533,7698,5.909001378766988,5.252445670015101,0.0,0.6565557087518876,0.0,0.0,7.964954201513341,3.897116134060795
89.0,2018,3,12,0,2,0,0,10,4,15231,7533,7698,9.191779922526427,7.878668505022651,0.0,1.3131114175037752,0.0,0.0,5.309969467675561,12.990387113535984
89.0,2018,4,12,1,6,0,0,10,9,15231,7533,7698,12.474558466285865,7.878668505022651,0.6565557087518876,3.9393342525113253,0.0,0.0,11.947431302270012,12.990387113535984
89.0,2019,1,10,0,4,1,0,7,8,15994,7940,8054,9.378516943853946,6.252344629235964,0.0,2.500937851694385,0.6252344629235963,0.0,10.075566750629722,8.691333498882543
90.0,2015,1,295,1,7,0,3,116,190,44638,21636,23002,68.55145839867377,66.08719028630316,0.2240243738518751,1.5681706169631258,0.0,0.6720731215556253,87.8166019596968,50.43039735675159
90.0,2015,2,214,5,16,0,1,92,144,44638,21636,23002,52.86975222904252,47.94121600430127,1.1201218692593753,3.5843899816300016,0.0,0.2240243738518751,66.55574043261231,39.996522041561605
90.0,2015,3,116,2,15,1,3,55,82,44638,21636,23002,30.691339217706886,25.986827366817508,0.4480487477037502,3.3603656077781263,0.2240243738518751,0.6720731215556253,37.899796635237564,23.910964263977046
90.0,2015,4,83,2,16,2,1,41,63,44638,21636,23002,23.29853488059501,18.59402302970563,0.4480487477037502,3.5843899816300016,0.4480487477037502,0.2240243738518751,29.118136439267886,17.82453699678289
90.0,2016,1,123,4,10,1,5,64,79,45110,21916,23194,31.70028818443804,27.266681445355793,0.8867213478164486,2.216803369541122,0.22168033695411216,1.108401684770561,36.04672385471801,27.593343105975684
90.0,2016,2,92,3,4,1,2,36,66,45110,21916,23194,22.61139436931944,20.39459099977832,0.6650410108623365,0.8867213478164486,0.22168033695411216,0.4433606739082243,30.114984486220113,15.521255497111323
90.0,2016,3,140,7,7,4,1,60,99,45110,21916,23194,35.24717357570383,31.035247173575705,1.5517623586787852,1.5517623586787852,0.8867213478164486,0.22168033695411216,45.17247672933017,25.868759161852203
90.0,2016,4,122,14,9,4,7,62,94,45110,21916,23194,34.5821325648415,27.045001108401685,3.1035247173575704,1.9951230325870095,0.8867213478164486,1.5517623586787852,42.89103851067713,26.73105113391394
90.0,2017,1,169,2,15,2,8,85,111,45607,22212,23395,42.975858969017914,37.05571513144912,0.438529173153244,3.28896879864933,0.438529173153244,1.754116692612976,49.97298757428417,36.33254969010473
90.0,2017,2,218,1,12,2,7,90,150,45607,22212,23395,52.62350077838928,47.799679873703596,0.219264586576622,2.631175038919464,0.438529173153244,1.5348521060363542,67.53106428957321,38.469758495405
90.0,2017,3,266,1,9,3,5,119,165,45607,22212,23395,62.27114258776066,58.32438002938145,0.219264586576622,1.9733812791895982,0.657793759729866,1.0963229328831101,74.28417071853053,50.86556956614662
90.0,2017,4,259,8,20,4,1,117,175,45607,22212,23395,64.02525928037362,56.7895279233451,1.754116692612976,4.3852917315324405,0.877058346306488,0.219264586576622,78.78624167116872,50.01068604402651
90.0,2018,1,247,2,19,5,3,113,163,46307,22621,23686,59.60221996674369,53.33966786878874,0.43190014468654847,4.10305137452221,1.0797503617163713,0.6478502170298228,72.05693824322532,47.70750654395002
90.0,2018,2,272,3,28,1,1,133,172,46307,22621,23686,65.86477206469864,58.738419677370594,0.6478502170298228,6.046602025611678,0.21595007234327424,0.21595007234327424,76.03554219530525,56.15131301190576
90.0,2018,3,212,3,57,3,2,141,136,46307,22621,23686,59.818170039086965,45.78141533677414,0.6478502170298228,12.30915412356663,0.6478502170298228,0.43190014468654847,60.121126386985544,59.52883559908807
90.0,2018,4,225,2,29,3,2,109,151,46307,22621,23686,56.362968881594576,48.58876627723671,0.43190014468654847,6.262552097954953,0.6478502170298228,0.43190014468654847,66.75213297378542,46.01874525035886
90.0,2019,1,141,1,8,0,1,58,93,48445,23772,24673,31.169367323769222,29.105170812261328,0.20641965115078953,1.6513572092063162,0.0,0.20641965115078953,39.121655729429584,23.50747780975155
91.0,2015,1,102,0,2,1,0,44,61,8934,4452,4482,117.52854264607119,114.17058428475487,0.0,2.238638907544213,1.1193194537721065,0.0,137.01707097933513,98.17045961624275
91.0,2015,2,87,0,5,0,2,53,41,8934,4452,4482,105.21602865457803,97.38079247817328,0.0,5.596597268860533,0.0,2.238638907544213,92.09344115004491,118.25078090138332
91.0,2015,3,97,0,1,0,1,41,58,8934,4452,4482,110.81262592343855,108.57398701589433,0.0,1.1193194537721065,0.0,1.1193194537721065,130.2785265049416,91.47701918786257
91.0,2015,4,76,0,4,0,4,34,50,8934,4452,4482,94.02283411685696,85.0682784866801,0.0,4.477277815088426,0.0,4.477277815088426,112.30907457322552,75.85899152164212
91.0,2016,1,118,1,1,0,2,53,68,9270,4618,4652,131.60733549083062,127.2923408845739,1.0787486515641855,1.0787486515641855,0.0,2.157497303128371,147.2498917280208,113.92949269131557
91.0,2016,2,109,1,6,2,2,61,59,9270,4618,4652,129.44983818770228,117.58360302049623,1.0787486515641855,6.472491909385114,2.157497303128371,2.157497303128371,127.76093546990039,131.12639724849527
91.0,2016,3,103,0,2,0,3,41,67,9270,4618,4652,116.50485436893204,111.11111111111111,0.0,2.157497303128371,0.0,3.236245954692557,145.08445214378517,88.134135855546
91.0,2016,4,106,0,3,0,1,42,68,9270,4618,4652,118.66235167206041,114.34735706580366,0.0,3.236245954692557,0.0,1.0787486515641855,147.2498917280208,90.28374892519346
91.0,2017,1,260,0,8,10,4,124,158,9622,4793,4829,293.0783620868842,270.21409270421947,0.0,8.314279775514446,10.392849719393059,4.157139887757223,329.64740246192366,256.7819424311452
91.0,2017,2,450,0,18,22,17,187,320,9622,4793,4829,526.917480773228,467.6782373726876,0.0,18.707129494907505,22.864269382664727,17.6678445229682,667.6403087836428,387.24373576309796
91.0,2017,3,412,0,21,14,12,201,256,9622,4793,4829,477.0318021201413,428.185408438994,0.0,21.82498441072542,14.54998960715028,12.47141966327167,534.1122470269142,416.2352453924208
91.0,2017,4,399,0,23,16,7,227,218,9622,4793,4829,462.48181251299104,414.67470380378296,0.0,23.903554354604033,16.628559551028893,7.27499480357514,454.8299603588567,470.07662041830605
91.0,2018,1,378,0,15,1,2,197,198,10027,4998,5029,394.93367906652037,376.9821481998604,0.0,14.959609055550017,0.997307270370001,1.994614540740002,396.15846338535414,391.7279777291708
91.0,2018,2,407,0,11,1,4,190,232,10027,4998,5029,421.86097536651044,405.90405904059037,0.0,10.970379974070012,0.997307270370001,3.989229081480004,464.1856742697079,377.80870948498705
91.0,2018,3,395,0,6,1,1,194,209,10027,4998,5029,401.9148299591104,393.9363717961504,0.0,5.983843622220006,0.997307270370001,0.997307270370001,418.16726690676273,385.7625770530921
91.0,2018,4,375,0,5,6,0,171,215,10027,4998,5029,384.9606063628204,373.9902263887504,0.0,4.986536351850004,5.983843622220006,0.0,430.172068827531,340.02783853648833
91.0,2019,1,277,0,0,0,0,122,155,10453,5227,5226,264.9956950157849,264.9956950157849,0.0,0.0,0.0,0.0,296.5372106370767,233.44814389590508
92.0,2015,1,67,4,1,1,2,26,49,12122,5885,6237,61.870978386404886,55.2714073585217,3.2997855139415937,0.8249463784853984,0.8249463784853984,1.6498927569707968,83.2625318606627,41.68670835337502
92.0,2015,2,42,0,5,1,0,28,20,12122,5885,6237,39.597426167299126,34.64774789638673,0.0,4.1247318924269925,0.8249463784853984,0.0,33.98470688190314,44.89337822671156
92.0,2015,3,45,0,4,0,1,29,21,12122,5885,6237,41.24731892426992,37.122587031842926,0.0,3.2997855139415937,0.0,0.8249463784853984,35.6839422259983,46.49671316337983
92.0,2015,4,44,0,4,1,2,22,29,12122,5885,6237,42.072265302755326,36.29764065335753,0.0,3.2997855139415937,0.8249463784853984,1.6498927569707968,49.27782497875956,35.273368606701936
92.0,2016,1,51,0,1,1,1,27,27,12062,5861,6201,44.768695075443546,42.28154534903001,0.0,0.82904990880451,0.82904990880451,0.82904990880451,46.06722402320423,43.54136429608128
92.0,2016,2,46,0,2,0,0,18,30,12062,5861,6201,39.794395622616484,38.136295805007464,0.0,1.65809981760902,0.0,0.0,51.18580447022693,29.027576197387518
92.0,2016,3,45,2,2,0,2,21,30,12062,5861,6201,42.28154534903001,37.30724589620295,1.65809981760902,1.65809981760902,0.0,1.65809981760902,51.18580447022693,33.86550556361877
92.0,2016,4,49,2,0,1,0,20,32,12062,5861,6201,43.110595257834525,40.62344553142099,1.65809981760902,0.0,0.82904990880451,0.0,54.59819143490872,32.25286244154169
92.0,2017,1,86,1,1,1,0,36,53,12023,5848,6175,74.02478582716459,71.52956832737253,0.831739166597355,0.831739166597355,0.831739166597355,0.0,90.62927496580028,58.29959514170041
92.0,2017,2,102,0,2,0,1,34,71,12023,5848,6175,87.33261249272229,84.83739499293023,0.0,1.66347833319471,0.0,0.831739166597355,121.40902872777018,55.06072874493927
92.0,2017,3,108,0,1,0,0,54,55,12023,5848,6175,90.6595691591117,89.82782999251435,0.0,0.831739166597355,0.0,0.0,94.04924760601915,87.4493927125506
92.0,2017,4,141,0,1,1,0,80,63,12023,5848,6175,118.93870082342177,117.27522249022707,0.0,0.831739166597355,0.831739166597355,0.0,107.72913816689466,129.55465587044534
92.0,2018,1,139,0,4,2,3,64,84,12041,5866,6175,122.9133792874346,115.43891703346898,0.0,3.3219832239847187,1.6609916119923593,2.491487417988539,143.1980906921241,103.64372469635627
92.0,2018,2,137,0,1,1,0,61,78,12041,5866,6175,115.43891703346898,113.77792542147662,0.0,0.8304958059961797,0.8304958059961797,0.0,132.96965564268666,98.78542510121457
92.0,2018,3,166,1,5,0,1,80,93,12041,5866,6175,143.67577443733907,137.86230379536582,0.8304958059961797,4.152479029980898,0.0,0.8304958059961797,158.54074326628026,129.55465587044534
92.0,2018,4,106,0,10,0,1,46,70,12041,5866,6175,97.16800930155303,88.03255543559506,0.0,8.304958059961796,0.0,0.8304958059961797,119.33174224343675,74.49392712550608
92.0,2019,1,87,0,0,0,0,30,57,12200,5967,6233,71.31147540983606,71.31147540983606,0.0,0.0,0.0,0.0,95.5253896430367,48.13091609176962
93.0,2015,1,238,4,7,0,0,79,170,15558,8117,7441,160.04627844195912,152.9759609204268,2.571024553284484,4.499292968247847,0.0,0.0,209.43698410742886,106.1685257357882
93.0,2015,2,245,6,9,1,3,99,165,15558,8117,7441,169.68762051677595,157.47525388867464,3.8565368299267258,5.784805244890089,0.642756138321121,1.9282684149633629,203.27707281015154,133.0466335170004
93.0,2015,3,231,1,11,1,2,106,140,15558,8117,7441,158.11801002699576,148.47666795217893,0.642756138321121,7.07031752153233,0.642756138321121,1.285512276642242,172.47751632376495,142.45397124042466
93.0,2015,4,181,6,11,0,3,79,122,15558,8117,7441,129.19398380254532,116.3388610361229,3.8565368299267258,7.07031752153233,0.0,1.9282684149633629,150.30183565356657,106.1685257357882
93.0,2016,1,319,2,3,0,2,113,213,15774,8206,7568,206.66920248510206,202.23152022315202,1.2679092177000129,1.9018638265500192,0.0,1.2679092177000129,259.56617109432125,149.31289640591967
93.0,2016,2,235,5,5,0,0,89,156,15774,8206,7568,155.31887916825156,148.97933307975148,3.169773044250032,3.169773044250032,0.0,0.0,190.104801364855,117.60042283298097
93.0,2016,3,246,6,12,1,2,101,166,15774,8206,7568,169.26588056295168,155.95283377710157,3.8037276531000384,7.607455306200077,0.6339546088500064,1.2679092177000129,202.29100658055083,133.4566596194503
93.0,2016,4,291,4,5,2,0,116,186,15774,8206,7568,191.4542918727019,184.48079117535187,2.5358184354000257,3.169773044250032,1.2679092177000129,0.0,226.66341701194247,153.276955602537
93.0,2017,1,505,5,4,10,9,211,322,16007,8306,7701,332.97932154682326,315.4869744486787,3.1236334103829577,2.4989067283063657,6.247266820765915,5.622540138689324,387.67156272574044,273.9903908583301
93.0,2017,2,490,2,7,4,1,216,288,16007,8306,7701,314.8622477666021,306.11607421752984,1.2494533641531829,4.373086774536141,2.4989067283063657,0.6247266820765914,346.7372983385505,280.48305414881185
93.0,2017,3,742,3,12,4,4,368,397,16007,8306,7701,477.9159117885925,463.5471981008309,1.8741800462297744,7.496720184919098,2.4989067283063657,2.4989067283063657,477.9677341680712,477.8600181794572
93.0,2017,4,962,2,10,7,3,458,526,16007,8306,7701,614.731055163366,600.987068157681,1.2494533641531829,6.247266820765915,4.373086774536141,1.8741800462297744,633.2771490488803,594.7279574081288
93.0,2018,1,913,2,9,3,2,431,498,16323,8457,7866,569.1355755682166,559.3334558598297,1.2252649635483674,5.5136923359676535,1.837897445322551,1.2252649635483674,588.8612983327421,547.9277904907195
93.0,2018,2,1102,3,15,2,4,527,599,16323,8457,7866,689.8241744777308,675.1209949151504,1.837897445322551,9.189487226612755,1.2252649635483674,2.450529927096735,708.2889913680974,669.9720315280956
93.0,2018,3,1095,2,9,2,2,540,570,16323,8457,7866,680.0220547693439,670.8325675427311,1.2252649635483674,5.5136923359676535,1.2252649635483674,1.2252649635483674,673.9978715856687,686.4988558352403
93.0,2018,4,1205,4,12,3,0,550,674,16323,8457,7866,749.8621576916008,738.2221405378914,2.450529927096735,7.351589781290204,1.837897445322551,0.0,796.9729218398959,699.211797609967
93.0,2019,1,615,2,6,2,2,273,353,16733,8688,8045,374.7086595350505,367.5372019362935,1.1952429331261578,3.585728799378474,1.1952429331261578,1.1952429331261578,406.30755064456724,339.34120571783717
94.0,2015,1,161,2,5,0,0,79,89,17290,8831,8459,97.16599190283401,93.1174089068826,1.156737998843262,2.891844997108155,0.0,0.0,100.78133846676481,93.3916538597943
94.0,2015,2,113,0,6,1,1,57,64,17290,8831,8459,69.98264893001735,65.3556969346443,0.0,3.470213996529786,0.578368999421631,0.578368999421631,72.47197372890952,67.38385151909209
94.0,2015,3,118,1,7,0,1,61,66,17290,8831,8459,73.45286292654713,68.24754193175245,0.578368999421631,4.048582995951417,0.0,0.578368999421631,74.73672290793795,72.11254285376522
94.0,2015,4,81,1,10,1,0,41,52,17290,8831,8459,53.78831694621169,46.847888953152115,0.578368999421631,5.78368999421631,0.578368999421631,0.0,58.88347865473899,48.46908618039957
94.0,2016,1,183,1,2,1,0,74,113,17141,8776,8365,109.09515197479728,106.76156583629894,0.5833965346245843,1.1667930692491686,0.5833965346245843,0.0,128.76025524156793,88.46383741781231
94.0,2016,2,119,1,10,2,0,69,63,17141,8776,8365,77.00834257044514,69.42418762032554,0.5833965346245843,5.833965346245844,1.1667930692491686,0.0,71.78669097538742,82.48655110579797
94.0,2016,3,92,1,9,0,1,52,51,17141,8776,8365,60.08984306633219,53.67248118546176,0.5833965346245843,5.2505688116212585,0.0,0.5833965346245843,58.113035551504105,62.16377764494919
94.0,2016,4,104,0,6,1,0,53,57,17141,8776,8365,64.75701534332886,60.67323960095677,0.0,3.500379207747506,0.5833965346245843,0.0,64.94986326344576,63.35923490735206
94.0,2017,1,191,3,8,2,5,99,110,17049,8761,8288,122.5878350636401,112.03003108686725,1.7596339961288052,4.692357323010147,1.1730893307525367,2.932723326881342,125.55644332838718,119.44980694980696
94.0,2017,2,219,2,14,4,1,133,107,17049,8761,8288,140.77071969030442,128.45328171740277,1.1730893307525367,8.211625315267758,2.3461786615050735,0.5865446653762684,122.13217669215842,160.47297297297297
94.0,2017,3,349,0,4,5,0,189,169,17049,8761,8288,209.9829902047041,204.70408821631767,0.0,2.3461786615050735,2.932723326881342,0.0,192.90035384088574,228.04054054054055
94.0,2017,4,355,1,4,0,5,179,186,17049,8761,8288,214.08880286233796,208.2233562085753,0.5865446653762684,2.3461786615050735,0.0,2.932723326881342,212.30453144618195,215.97490347490347
94.0,2018,1,337,0,10,4,0,192,159,17075,9012,8063,205.56368960468524,197.36456808199122,0.0,5.856515373352855,2.342606149341142,0.0,176.4314247669774,238.1247674562818
94.0,2018,2,409,0,12,3,2,250,176,17075,9012,8063,249.48755490483165,239.53147877013177,0.0,7.027818448023426,1.7569546120058566,1.171303074670571,195.29516200621396,310.05829095870024
94.0,2018,3,397,3,18,0,2,232,188,17075,9012,8063,245.9736456808199,232.50366032210837,1.7569546120058566,10.54172767203514,0.0,1.171303074670571,208.61074123391035,287.7340940096738
94.0,2018,4,392,0,12,1,1,203,202,17075,9012,8063,237.7745241581259,229.5754026354319,0.0,7.027818448023426,0.5856515373352855,0.5856515373352855,224.14558366622282,251.7673322584646
94.0,2019,1,223,0,12,1,0,114,122,17345,9085,8260,136.0622657826463,128.5673104641107,0.0,6.918420294032862,0.5765350245027385,0.0,134.28728673637866,138.01452784503633
95.0,2015,1,40,5,4,1,6,26,30,20209,10207,10002,27.710426047800485,19.793161462714632,2.474145182839329,1.979316146271463,0.49482903656786575,2.968974219407195,29.391594004114825,25.99480103979204
95.0,2015,2,31,3,3,0,4,15,26,20209,10207,10002,20.2879904992825,15.33970013360384,1.4844871097035974,1.4844871097035974,0.0,1.979316146271463,25.47271480356618,14.997000599880025
95.0,2015,3,23,8,3,2,1,13,24,20209,10207,10002,18.308674353011035,11.381067841060913,3.958632292542926,1.4844871097035974,0.9896580731357315,0.49482903656786575,23.513275203291858,12.99740051989602
95.0,2015,4,28,9,3,0,2,13,29,20209,10207,10002,20.782819535850365,13.855213023900243,4.453461329110792,1.4844871097035974,0.0,0.9896580731357315,28.411874203977664,12.99740051989602
95.0,2016,1,80,5,6,0,2,37,56,20218,10201,10017,45.99861509545949,39.56870115738451,2.473043822336532,2.967652586803838,0.0,0.9892175289346128,54.89657876678757,36.9372067485275
95.0,2016,2,65,8,6,0,1,33,47,20218,10201,10017,39.56870115738451,32.14956969037492,3.956870115738451,2.967652586803838,0.0,0.4946087644673064,46.07391432212528,32.943995208146156
95.0,2016,3,46,5,9,1,2,21,42,20218,10201,10017,31.160352161440304,22.75200316549609,2.473043822336532,4.451478880205757,0.4946087644673064,0.9892175289346128,41.17243407509068,20.964360587002098
95.0,2016,4,37,2,2,0,1,15,27,20218,10201,10017,20.77356810762687,18.300524285290336,0.9892175289346128,0.9892175289346128,0.0,0.4946087644673064,26.46799333398686,14.97454327643007
95.0,2017,1,67,4,3,4,4,28,54,20257,10212,10045,40.479834131411366,33.07498642444587,1.9746260551907981,1.4809695413930986,1.9746260551907981,1.9746260551907981,52.87896592244419,27.874564459930312
95.0,2017,2,50,1,2,4,1,16,42,20257,10212,10045,28.632077800266575,24.68282568988498,0.49365651379769954,0.9873130275953991,1.9746260551907981,0.49365651379769954,41.128084606345475,15.928322548531607
95.0,2017,3,87,2,2,5,2,38,60,20257,10212,10045,48.37833835217456,42.94811670039986,0.9873130275953991,0.9873130275953991,2.468282568988498,0.9873130275953991,58.75440658049354,37.82976605276257
95.0,2017,4,96,4,6,4,2,41,71,20257,10212,10045,55.28952954534235,47.391025324579154,1.9746260551907981,2.961939082786197,1.9746260551907981,0.9873130275953991,69.52604778691736,40.81632653061225
95.0,2018,1,111,0,6,3,2,54,68,20406,10293,10113,59.786337351759286,54.395765951190825,0.0,2.9403116730373418,1.4701558365186709,0.9801038910124473,66.06431555426018,53.39661821417977
95.0,2018,2,120,1,3,1,3,49,79,20406,10293,10113,62.72664902479663,58.806233460746846,0.49005194550622366,1.4701558365186709,0.49005194550622366,1.4701558365186709,76.75119012921402,48.452486898052015
95.0,2018,3,146,4,6,0,2,65,93,20406,10293,10113,77.42820738998334,71.54758404390866,1.9602077820248947,2.9403116730373418,0.0,0.9801038910124473,90.35266686097347,64.27370710966083
95.0,2018,4,119,6,4,0,0,51,78,20406,10293,10113,63.21670097030285,58.316181515240615,2.9403116730373418,1.9602077820248947,0.0,0.0,75.7796560769455,50.43013942450311
95.0,2019,1,80,2,6,0,2,38,52,20700,10469,10231,43.47826086956522,38.64734299516908,0.966183574879227,2.898550724637681,0.0,0.966183574879227,49.67045563091031,37.142019352946924
96.0,2015,1,35,3,2,1,0,13,28,44546,21724,22822,9.203968930992682,7.857046648408387,0.6734611412921475,0.44897409419476497,0.22448704709738249,0.0,12.888970723623641,5.69625799666988
96.0,2015,2,20,0,2,0,4,9,17,44546,21724,22822,5.836663224531944,4.48974094194765,0.0,0.44897409419476497,0.0,0.8979481883895299,7.8254465107714966,3.943563228463763
96.0,2015,3,26,4,7,0,1,14,24,44546,21724,22822,8.530507789700534,5.836663224531944,0.8979481883895299,1.5714093296816773,0.0,0.22448704709738249,11.047689191677406,6.13443168872141
96.0,2015,4,14,5,3,0,3,7,18,44546,21724,22822,5.612176177434563,3.1428186593633547,1.1224352354869125,0.6734611412921475,0.0,0.6734611412921475,8.285766893758057,3.067215844360705
96.0,2016,1,43,5,5,3,1,15,42,44343,21597,22746,12.854340031121035,9.697133707687797,1.1275736869404416,1.1275736869404416,0.676544212164265,0.2255147373880883,19.447145436866233,6.594566077552098
96.0,2016,2,24,7,4,1,2,13,25,44343,21597,22746,8.569560020747355,5.41235369731412,1.578603161716618,0.9020589495523532,0.2255147373880883,0.4510294747761766,11.575681807658471,5.715290600545151
96.0,2016,3,17,2,7,4,2,12,20,44343,21597,22746,7.216471596418826,3.8337505355975017,0.4510294747761766,1.578603161716618,0.9020589495523532,0.4510294747761766,9.260545446126777,5.275652862041678
96.0,2016,4,19,1,6,0,2,16,12,44343,21597,22746,6.314412646866472,4.2847800103736775,0.2255147373880883,1.35308842432853,0.0,0.4510294747761766,5.556327267676067,7.03420381605557
96.0,2017,1,37,9,7,3,1,14,43,44205,21513,22692,12.894468951476078,8.370093880782717,2.035968781812012,1.5835312747426762,0.6786562606040041,0.226218753534668,19.987914284386186,6.169575180680416
96.0,2017,2,32,3,15,0,2,23,29,44205,21513,22692,11.763375183802738,7.239000113109376,0.6786562606040041,3.3932813030200206,0.0,0.452437507069336,13.480221261562777,10.135730653974969
96.0,2017,3,63,3,0,1,3,30,40,44205,21513,22692,15.83531274742676,14.251781472684087,0.6786562606040041,0.0,0.226218753534668,0.6786562606040041,18.593408636638312,13.220518244315176
96.0,2017,4,53,2,1,2,4,15,47,44205,21513,22692,14.025562719149418,11.989593937337405,0.452437507069336,0.226218753534668,0.452437507069336,0.904875014138672,21.847255148050017,6.610259122157588
96.0,2018,1,47,3,5,5,5,22,43,44303,21564,22739,14.671692661896486,10.608762386294382,0.6771550459336839,1.1285917432228065,1.1285917432228065,1.1285917432228065,19.940641810424783,9.67500769602885
96.0,2018,2,55,2,11,2,6,28,48,44303,21564,22739,17.15459449698666,12.414509175450872,0.45143669728912267,2.482901835090175,0.45143669728912267,1.3543100918673678,22.259321090706734,12.31364615858217
96.0,2018,3,54,1,9,2,3,30,39,44303,21564,22739,15.574566056474731,12.188790826806311,0.22571834864456133,2.0314651378010518,0.45143669728912267,0.6771550459336839,18.085698386199223,13.193192312766612
96.0,2018,4,60,2,9,1,1,37,36,44303,21564,22739,16.477439451052977,13.54310091867368,0.45143669728912267,2.0314651378010518,0.22571834864456133,0.22571834864456133,16.69449081803005,16.271603852412156
96.0,2019,1,29,1,0,1,4,13,22,44918,21928,22990,7.791976490493789,6.456209092123426,0.22262789972839397,0.0,0.22262789972839397,0.8905115989135759,10.032834731849691,5.654632448890822
97.0,2015,1,325,1,4,0,7,147,190,33047,15114,17933,101.97597361333858,98.34478167458468,0.3025993282294913,1.2103973129179653,0.0,2.1181952976064395,125.71126108244013,81.97178386215357
97.0,2015,2,326,0,18,0,3,148,199,33047,15114,17933,105.00196689563349,98.64738100281419,0.0,5.446787908130845,0.0,0.9077979846884741,131.66600502845043,82.52941504488932
97.0,2015,3,311,1,7,0,9,142,186,33047,15114,17933,99.25257965927315,94.10839107937181,0.3025993282294913,2.1181952976064395,0.0,2.7233939540654224,123.06470821754664,79.18362794847488
97.0,2015,4,281,0,9,1,9,115,185,33047,15114,17933,90.77979846884739,85.03041123248705,0.0,2.7233939540654224,0.3025993282294913,2.7233939540654224,122.40307000132327,64.12758601460995
97.0,2016,1,415,0,5,1,3,146,278,33283,15303,17980,127.39236246732565,124.68827930174564,0.0,1.5022684253222367,0.3004536850644473,0.9013610551933419,181.6637260667843,81.20133481646273
97.0,2016,2,339,0,6,1,5,154,197,33283,15303,17980,105.45924345762101,101.85379923684764,0.0,1.8027221103866837,0.3004536850644473,1.5022684253222367,128.7329281840162,85.65072302558399
97.0,2016,3,309,0,3,1,8,147,174,33283,15303,17980,96.44563290568759,92.84018868491422,0.0,0.9013610551933419,0.3004536850644473,2.4036294805155785,113.70319545187219,81.7575083426029
97.0,2016,4,329,0,6,6,6,168,179,33283,15303,17980,104.25742871736323,98.84926238620316,0.0,1.8027221103866837,1.8027221103866837,1.8027221103866837,116.9705286545122,93.43715239154616
97.0,2017,1,614,0,4,5,8,283,348,33535,15501,18034,188.16162218577605,183.0922916356046,0.0,1.1927836588638736,1.4909795735798421,2.385567317727747,224.50164505515772,156.9258068093601
97.0,2017,2,577,3,2,4,6,267,325,33535,15501,18034,176.5319815118533,172.05904279111377,0.8945877441479052,0.5963918294319368,1.1927836588638736,1.7891754882958104,209.663892652087,148.05367638904292
97.0,2017,3,867,1,4,7,4,369,514,33535,15501,18034,263.3069926942001,258.53585805874457,0.2981959147159684,1.1927836588638736,2.0873714030117787,1.1927836588638736,331.59151022514675,204.61350781856493
97.0,2017,4,1209,0,6,8,1,634,590,33535,15501,18034,364.9917996123453,360.5188608916058,0.0,1.7891754882958104,2.385567317727747,0.2981959147159684,380.6206051222502,351.5581679050682
97.0,2018,1,1045,0,8,4,5,523,539,33942,15780,18162,312.8866890578045,307.8781450710035,0.0,2.3569618761416535,1.1784809380708268,1.4731011725885335,341.57160963244615,287.9638806298866
97.0,2018,2,1256,2,15,6,1,681,598,33942,15780,18162,377.11390018266457,370.04301455423956,0.5892404690354134,4.4193035177656,1.7677214071062402,0.2946202345177067,378.96070975918883,374.9587049884374
97.0,2018,3,1314,1,7,4,4,681,649,33942,15780,18162,391.8449119085499,387.1309881562666,0.2946202345177067,2.0623416416239464,1.1784809380708268,1.1784809380708268,411.28010139416983,374.9587049884374
97.0,2018,4,1389,1,6,6,2,672,732,33942,15780,18162,413.64680926286013,409.22750574509456,0.2946202345177067,1.7677214071062402,1.7677214071062402,0.5892404690354134,463.8783269961977,370.00330360092505
97.0,2019,1,887,0,3,2,3,440,455,35313,16528,18785,253.44773879307905,251.18228414464926,0.0,0.8495454931611588,0.5663636621074392,0.8495454931611588,275.29041626331076,234.22943838168752
98.0,2015,1,176,0,11,5,18,87,123,43116,21066,22050,48.705816866128586,40.820113183041094,0.0,2.5512570739400684,1.1596623063363949,4.174784302811021,58.38792366847053,39.45578231292517
98.0,2015,2,130,0,18,4,15,64,103,43116,21066,22050,38.73272103163559,30.151219964746268,0.0,4.174784302811021,0.9277298450691158,3.4789869190091847,48.89395234026393,29.024943310657598
98.0,2015,3,161,2,14,4,6,82,105,43116,21066,22050,43.371370256981166,37.341126264031914,0.4638649225345579,3.2470544577419056,0.9277298450691158,1.3915947676036737,49.843349473084594,37.188208616780045
98.0,2015,4,137,3,11,3,7,63,98,43116,21066,22050,37.341126264031914,31.774747193617216,0.6957973838018369,2.5512570739400684,0.6957973838018369,1.6235272288709528,46.520459508212284,28.571428571428573
98.0,2016,1,223,1,11,5,15,90,165,41720,20398,21322,61.121764141898375,53.45158197507191,0.23969319271332692,2.6366251198465966,1.1984659635666346,3.5953978906999042,80.89028336111383,42.20992402213676
98.0,2016,2,203,1,6,8,10,64,164,41720,20398,21322,54.65004793863854,48.65771812080537,0.23969319271332692,1.4381591562799616,1.9175455417066154,2.396931927133269,80.40003921953132,30.015945971297253
98.0,2016,3,205,2,5,6,14,82,150,41720,20398,21322,55.60882070949185,49.13710450623202,0.47938638542665385,1.1984659635666346,1.4381591562799616,3.355704697986577,73.53662123737621,38.457930775724606
98.0,2016,4,162,0,8,4,9,70,113,41720,20398,21322,43.86385426653883,38.830297219558965,0.0,1.9175455417066154,0.9587727708533077,2.157238734419942,55.39758799882341,32.82994090610637
98.0,2017,1,332,1,12,8,8,125,236,40555,19838,20717,89.0149180125755,81.8641351251387,0.24657872025644187,2.9589446430773023,1.972629762051535,1.972629762051535,118.96360520213732,60.336921368924074
98.0,2017,2,295,1,11,7,8,126,196,40555,19838,20717,79.39834792257427,72.74072247565034,0.24657872025644187,2.7123659228208608,1.726051041795093,1.972629762051535,98.80028228652083,60.819616739875464
98.0,2017,3,428,2,17,9,13,174,295,40555,19838,20717,115.64541980027123,105.5356922697571,0.49315744051288374,4.191838244359512,2.2192084823079767,3.2055233633337443,148.70450650267162,83.98899454554231
98.0,2017,4,509,1,20,9,5,224,320,40555,19838,20717,134.13882381950438,125.50856861052891,0.24657872025644187,4.931574405128837,2.2192084823079767,1.2328936012822092,161.30658332493195,108.12376309311193
98.0,2018,1,441,2,13,16,7,201,278,39720,18906,20814,120.59415911379658,111.02719033232628,0.5035246727089627,3.272910372608258,4.028197381671702,1.7623363544813695,147.04326668782397,96.5696166042087
98.0,2018,2,527,0,12,7,8,227,327,39720,18906,20814,139.4763343403827,132.67875125881167,0.0,3.0211480362537766,1.7623363544813695,2.014098690835851,172.9609647730879,109.06120880176805
98.0,2018,3,565,1,11,14,15,252,354,39720,18906,20814,152.56797583081573,142.24572004028198,0.25176233635448136,2.769385699899295,3.524672708962739,3.7764350453172204,187.24214535068234,121.07235514557509
98.0,2018,4,624,4,14,7,7,261,395,39720,18906,20814,165.15609264853978,157.0996978851964,1.0070493454179255,3.524672708962739,1.7623363544813695,1.7623363544813695,208.92838252406645,125.39636782934562
98.0,2019,1,375,0,4,5,6,169,221,40963,19865,21098,95.2078705172961,91.54602934355394,0.0,0.9764909796645753,1.2206137245807192,1.464736469496863,111.25094387113012,80.10237937245236
99.0,2015,1,285,1,10,3,3,139,163,23081,11315,11766,130.8435509726615,123.47818552055804,0.4332567913002036,4.332567913002036,1.2997703739006108,1.2997703739006108,144.0565620857269,118.13700492945776
99.0,2015,2,307,2,10,3,0,143,179,23081,11315,11766,139.50868679866556,133.0098349291625,0.8665135826004072,4.332567913002036,1.2997703739006108,0.0,158.1970835174547,121.53663097059322
99.0,2015,3,253,0,7,1,7,121,147,23081,11315,11766,116.11282006845457,109.61396819895151,0.0,3.0327975391014252,0.4332567913002036,3.0327975391014252,129.91604065399912,102.83868774434814
99.0,2015,4,238,1,8,2,6,94,161,23081,11315,11766,110.48048178155193,103.11511632944847,0.4332567913002036,3.466054330401629,0.8665135826004072,2.5995407478012216,142.28899690676093,79.89121196668366
99.0,2016,1,321,0,7,1,6,126,208,23157,11392,11765,144.66468022628146,138.61899209742194,0.0,3.022844064429762,0.4318348663471088,2.591009198082653,182.58426966292134,107.09732256693583
99.0,2016,2,278,1,11,2,5,124,172,23157,11392,11765,128.25495530509133,120.05009284449626,0.4318348663471088,4.750183529818197,0.8636697326942177,2.1591743317355445,150.98314606741573,105.39736506587336
99.0,2016,3,299,0,6,0,21,97,229,23157,11392,11765,140.7781664291575,129.11862503778556,0.0,2.591009198082653,0.0,9.068532193289286,201.01825842696627,82.44793880152996
99.0,2016,4,214,1,2,2,5,87,137,23157,11392,11765,96.73101006175239,92.4126613982813,0.4318348663471088,0.8636697326942177,0.8636697326942177,2.1591743317355445,120.25983146067415,73.94815129621759
99.0,2017,1,397,0,6,2,3,175,233,23247,11478,11769,175.50651696993162,170.77472362025208,0.0,2.580978190734288,0.860326063578096,1.290489095367144,202.99703781146542,148.69572605998812
99.0,2017,2,463,2,7,7,13,188,304,23247,11478,11769,211.64021164021162,199.16548371832926,0.860326063578096,3.0111412225233365,3.0111412225233365,5.592119413257625,264.8545042690364,159.74169428158723
99.0,2017,3,645,0,7,6,6,264,400,23247,11478,11769,285.6282531079279,277.455155503936,0.0,3.0111412225233365,2.580978190734288,2.580978190734288,348.4927687750479,224.31812388478207
99.0,2017,4,770,2,8,9,7,354,442,23247,11478,11769,342.40977330408225,331.225534477567,0.860326063578096,3.441304254312384,3.8714672861014323,3.0111412225233365,385.0845094964279,300.79021157277595
99.0,2018,1,718,3,11,4,2,321,417,23444,11623,11821,314.7926974918955,306.2617300801911,1.279645111755673,4.692032076437468,1.7061934823408975,0.8530967411704488,358.77140153144626,271.55063023432876
99.0,2018,2,887,1,7,8,5,429,479,23444,11623,11821,387.30592049138374,378.34840470909404,0.4265483705852244,2.9858385940965704,3.412386964681795,2.132741852926122,412.11391207089395,362.91345909821507
99.0,2018,3,832,0,4,5,4,360,485,23444,11623,11821,360.4333731445146,354.8882443269067,0.0,1.7061934823408975,2.132741852926122,1.7061934823408975,417.2760905101953,304.542762879621
99.0,2018,4,1000,1,4,4,3,415,597,23444,11623,11821,431.666951032247,426.5483705852244,0.4265483705852244,1.7061934823408975,1.7061934823408975,1.279645111755673,513.6367547104878,351.0701294306742
99.0,2019,1,597,1,2,2,3,247,358,24347,12130,12217,248.49057378732493,245.20474801823633,0.41072822113607427,0.8214564422721485,0.8214564422721485,1.2321846634082227,295.1360263808739,202.1772939346812
100.0,2015,1,119,0,5,5,5,51,83,33449,15280,18169,40.06098837035486,35.57654937367335,0.0,1.4948129988938383,1.4948129988938383,1.4948129988938383,54.319371727748695,28.06978920138698
100.0,2015,2,136,1,12,2,8,67,92,33449,15280,18169,47.53505336482406,40.65891356991241,0.29896259977876766,3.587551197345212,0.5979251995575353,2.3917007982301413,60.209424083769626,36.8759975782927
100.0,2015,3,129,0,14,1,8,66,86,33449,15280,18169,45.44231516637269,38.56617537146103,0.0,4.1854763969027475,0.29896259977876766,2.3917007982301413,56.282722513089006,36.32560955473609
100.0,2015,4,124,2,2,9,4,56,85,33449,15280,18169,42.15372656880624,37.071362372567194,0.5979251995575353,0.5979251995575353,2.690663398008909,1.1958503991150706,55.6282722513089,30.821729319170018
100.0,2016,1,180,1,7,4,6,50,147,33457,15238,18219,59.18044056550198,53.800400514092715,0.29889111396718177,2.0922377977702724,1.195564455868727,1.7933466838030905,96.46935293345582,27.443877270980845
100.0,2016,2,162,2,19,4,4,70,121,33457,15238,18219,57.08820276773172,48.42036046268344,0.5977822279343635,5.6789311653764525,1.195564455868727,1.195564455868727,79.40674629216433,38.42142817937318
100.0,2016,3,162,1,10,1,4,74,104,33457,15238,18219,53.202618286158355,48.42036046268344,0.29889111396718177,2.9889111396718175,0.29889111396718177,1.195564455868727,68.25042656516604,40.61693836105165
100.0,2016,4,131,0,8,5,4,54,94,33457,15238,18219,44.23588486714291,39.15473592970081,0.0,2.391128911737454,1.4944555698359088,1.195564455868727,61.68788554928469,29.63938745265931
100.0,2017,1,240,0,5,8,3,105,151,33503,15209,18294,76.41106766558218,71.6353759364833,0.0,1.492403665343402,2.387845864549443,0.8954421992060413,99.28331908738247,57.39586749754018
100.0,2017,2,238,1,9,3,7,111,147,33503,15209,18294,77.00802913171954,71.03841447034594,0.2984807330686804,2.686326597618124,0.8954421992060413,2.0893651314807626,96.65329738970347,60.675631354542475
100.0,2017,3,364,1,7,5,6,147,236,33503,15209,18294,114.3181207653046,108.64698683699967,0.2984807330686804,2.0893651314807626,1.492403665343402,1.7908843984120826,155.17128016306134,80.35421449655624
100.0,2017,4,494,0,11,5,3,225,288,33503,15209,18294,153.12061606423305,147.44948213592812,0.0,3.283288063755484,1.492403665343402,0.8954421992060413,189.36156223288842,122.99114463758609
100.0,2018,1,362,0,11,6,7,164,222,33749,16059,17690,114.3737592224955,107.26243740555275,0.0,3.259355832765415,1.777830454235681,2.074135529941628,138.24023911825145,92.70774448841152
100.0,2018,2,433,1,8,10,3,203,252,33749,16059,17690,134.81880944620582,128.30009778067497,0.29630507570594683,2.3704406056475746,2.9630507570594684,0.8889152271178405,156.92135251260976,114.75409836065573
100.0,2018,3,439,0,6,4,1,187,263,33749,16059,17690,133.33728406767608,130.07792823491067,0.0,1.777830454235681,1.1852203028237873,0.29630507570594683,163.77109409054114,105.70944036178632
100.0,2018,4,536,2,3,13,0,229,324,33749,16059,17690,164.15301194109455,158.8195205783875,0.5926101514118937,0.8889152271178405,3.851965984177309,0.0,201.75602465906965,129.45166760881852
100.0,2019,1,319,0,7,4,4,117,217,35496,16396,19100,94.09510930809104,89.86928104575162,0.0,1.9720531890917286,1.1268875366238449,1.1268875366238449,132.34935350085388,61.25654450261781
101.0,2015,1,178,3,2,4,9,73,123,25575,11819,13756,76.63734115347019,69.59921798631476,1.1730205278592376,0.7820136852394917,1.5640273704789833,3.5190615835777126,104.06971825027499,53.067752253562084
101.0,2015,2,173,0,5,3,1,70,112,25575,11819,13756,71.16324535679374,67.64418377321603,0.0,1.9550342130987293,1.1730205278592376,0.39100684261974583,94.76267027667315,50.88688572259378
101.0,2015,3,141,0,6,5,11,71,92,25575,11819,13756,63.73411534701857,55.131964809384165,0.0,2.346041055718475,1.9550342130987293,4.301075268817204,77.84076487012437,51.61384123291654
101.0,2015,4,139,0,4,13,5,67,94,25575,11819,13756,62.95210166177908,54.349951124144674,0.0,1.5640273704789833,5.083088954056696,1.9550342130987293,79.53295541077925,48.706019191625465
101.0,2016,1,199,0,4,4,11,89,129,25484,11742,13742,85.543870663946,78.08821221158374,0.0,1.5696123057604772,1.5696123057604772,4.316433840841312,109.86203372508942,64.7649541551448
101.0,2016,2,174,1,8,5,7,75,120,25484,11742,13742,76.51859990582325,68.27813530058076,0.3924030764401193,3.1392246115209543,1.9620153822005966,2.7468215350808354,102.19724067450178,54.5772085577063
101.0,2016,3,180,0,5,2,8,80,115,25484,11742,13742,76.51859990582325,70.63255375922148,0.0,1.9620153822005966,0.7848061528802386,3.1392246115209543,97.93902231306421,58.215689128220056
101.0,2016,4,151,1,9,9,2,83,89,25484,11742,13742,67.49332914770052,59.25286454245801,0.3924030764401193,3.5316276879610737,3.5316276879610737,0.7848061528802386,75.79628683358882,60.39877747052831
101.0,2017,1,265,0,5,9,9,111,177,25429,11682,13747,113.25651814857052,104.21172676864998,0.0,1.966258995634905,3.539266192142829,3.539266192142829,151.51515151515153,80.7448897941369
101.0,2017,2,335,0,7,9,13,141,223,25429,11682,13747,143.14365488222109,131.73935270753864,0.0,2.752762593888867,3.539266192142829,5.1122733886507525,190.89197055298752,102.56783298174147
101.0,2017,3,397,1,20,7,8,185,248,25429,11682,13747,170.27802902198275,156.12096425341147,0.39325179912698105,7.86503598253962,2.752762593888867,3.1460143930158484,212.2924156822462,134.5748163235615
101.0,2017,4,462,1,8,11,4,213,273,25429,11682,13747,191.12037437571277,181.68233119666522,0.39325179912698105,3.1460143930158484,4.325769790396791,1.5730071965079242,233.6928608115049,154.94289663199243
101.0,2018,1,401,0,6,8,1,177,239,25536,12292,13244,162.90726817042605,157.03320802005015,0.0,2.3496240601503757,3.132832080200501,0.3916040100250626,194.43540514155546,133.64542434309877
101.0,2018,2,532,0,11,12,3,243,315,25536,12292,13244,218.51503759398497,208.33333333333331,0.0,4.307644110275689,4.6992481203007515,1.1748120300751879,256.2642369020501,183.47931138628815
101.0,2018,3,486,0,3,9,5,209,294,25536,12292,13244,196.9768170426065,190.31954887218046,0.0,1.1748120300751879,3.5244360902255636,1.958020050125313,239.17995444191345,157.80730897009965
101.0,2018,4,522,0,6,9,6,212,331,25536,12292,13244,212.64097744360902,204.41729323308272,0.0,2.3496240601503757,3.5244360902255636,2.3496240601503757,269.2808330621542,160.072485653881
101.0,2019,1,314,0,2,4,3,130,193,26793,12524,14269,120.5538760123913,117.19478968387264,0.0,0.7464636285596984,1.4929272571193968,1.1196954428395476,154.10412008942828,91.10659471581751
102.0,2015,1,372,22,12,3,14,123,299,36187,17240,18947,116.8928068090751,102.7993478320944,6.079531323403431,3.31610799458369,0.8290269986459226,3.8687926603476384,173.4338747099768,64.91792895972976
102.0,2015,2,270,11,19,6,6,96,216,36187,17240,18947,86.21880785917595,74.61242987813303,3.0397656617017157,5.250504324757509,1.658053997291845,1.658053997291845,125.29002320185614,50.6676518710086
102.0,2015,3,184,18,24,6,15,72,175,36187,17240,18947,68.25655622184763,50.84698925028325,4.974161991875536,6.63221598916738,1.658053997291845,4.145134993229613,101.50812064965197,38.000738903256455
102.0,2015,4,153,17,15,3,6,63,131,36187,17240,18947,53.61041257910299,42.28037693094205,4.697819658993561,4.145134993229613,0.8290269986459226,1.658053997291845,75.9860788863109,33.25064654034939
102.0,2016,1,338,12,19,8,10,119,268,35646,16830,18816,108.56758121528361,94.82129832239242,3.3664366268305,5.330191325814958,2.2442910845536663,2.805363855692083,159.23945335710042,63.24404761904762
102.0,2016,2,257,8,19,6,11,89,212,35646,16830,18816,84.4414520563317,72.09785109128654,2.2442910845536663,5.330191325814958,1.68321831341525,3.085900241261292,125.96553773024361,47.300170068027214
102.0,2016,3,292,13,44,5,10,137,226,35646,16830,18816,102.11524434719183,81.91662458620883,3.6469730123997084,12.343600965045168,1.4026819278460414,2.805363855692083,134.28401663695783,72.81037414965986
102.0,2016,4,251,12,13,8,10,95,199,35646,16830,18816,82.47769735734725,70.41463277787129,3.3664366268305,3.6469730123997084,2.2442910845536663,2.805363855692083,118.24123588829472,50.488945578231295
102.0,2017,1,481,10,14,9,7,182,339,35219,16497,18722,147.93151423947302,136.57400834776683,2.839376472926545,3.9751270620971635,2.5554388256338907,1.9875635310485817,205.49190761956717,97.21183634227113
102.0,2017,2,552,8,13,13,18,195,409,35219,16497,18722,171.49833896476335,156.7335813055453,2.271501178341236,3.6911894148045086,3.6911894148045086,5.110877651267781,247.92386494514156,104.15553893814763
102.0,2017,3,675,12,19,12,23,266,474,35219,16497,18722,210.39779664385702,191.65791192254179,3.4072517675118545,5.394815298560436,3.4072517675118545,6.530565887731054,287.324968176032,142.07883773101165
102.0,2017,4,876,19,10,15,23,318,624,35219,16497,18722,267.7532013969732,248.72937902836537,5.394815298560436,2.839376472926545,4.259064709389818,6.530565887731054,378.25059101654847,169.8536481145177
102.0,2018,1,722,10,25,13,18,264,523,35073,17460,17613,224.67425084823083,205.85635674165312,2.8511960767541984,7.1279901918854955,3.706554899780458,5.1321529381575575,299.5418098510882,149.88928632260263
102.0,2018,2,928,21,20,11,9,378,609,35073,17460,17613,281.9832919909902,264.5909959227896,5.987511761183816,5.702392153508397,3.1363156844296185,2.5660764690787787,348.79725085910655,214.61420541645376
102.0,2018,3,959,9,20,13,10,359,652,35073,17460,17613,288.2559233598495,273.4297037607276,2.5660764690787787,5.702392153508397,3.706554899780458,2.8511960767541984,373.4249713631157,203.8267189008119
102.0,2018,4,1089,9,7,5,5,435,679,35073,17460,17613,317.90836255809313,310.4952527585322,2.5660764690787787,1.995837253727939,1.4255980383770992,1.4255980383770992,388.8888888888889,246.97666496337933
102.0,2019,1,637,8,2,3,2,238,414,39473,18761,20712,165.17619638740405,161.37613051959568,2.026701796164467,0.5066754490411167,0.760013173561675,0.5066754490411167,220.67053994989607,114.9092313634608
103.0,2015,1,10,0,1,0,0,3,8,1566,825,741,70.242656449553,63.85696040868455,0.0,6.385696040868455,0.0,0.0,96.96969696969697,40.48582995951417
103.0,2015,2,10,0,1,0,4,3,12,1566,825,741,95.78544061302681,63.85696040868455,0.0,6.385696040868455,0.0,25.54278416347382,145.45454545454547,40.48582995951417
103.0,2015,3,18,0,0,0,1,7,12,1566,825,741,121.32822477650063,114.94252873563218,0.0,0.0,0.0,6.385696040868455,145.45454545454547,94.46693657219974
103.0,2015,4,12,0,0,0,1,4,9,1566,825,741,83.01404853128992,76.62835249042145,0.0,0.0,0.0,6.385696040868455,109.0909090909091,53.98110661268556
103.0,2016,1,17,1,0,0,0,6,12,1476,779,697,121.95121951219512,115.17615176151762,6.775067750677507,0.0,0.0,0.0,154.0436456996149,86.0832137733142
103.0,2016,2,15,0,0,2,1,9,9,1476,779,697,121.95121951219512,101.6260162601626,0.0,0.0,13.550135501355014,6.775067750677507,115.53273427471117,129.1248206599713
103.0,2016,3,14,0,0,0,1,5,10,1476,779,697,101.6260162601626,94.8509485094851,0.0,0.0,0.0,6.775067750677507,128.36970474967907,71.73601147776183
103.0,2016,4,14,1,0,0,0,8,7,1476,779,697,101.6260162601626,94.8509485094851,6.775067750677507,0.0,0.0,0.0,89.85879332477535,114.77761836441894
103.0,2017,1,17,1,1,1,2,9,13,1404,740,664,156.6951566951567,121.08262108262107,7.122507122507123,7.122507122507123,7.122507122507123,14.245014245014247,175.67567567567568,135.5421686746988
103.0,2017,2,39,1,4,0,1,23,22,1404,740,664,320.5128205128205,277.77777777777777,7.122507122507123,28.490028490028493,0.0,7.122507122507123,297.2972972972973,346.3855421686747
103.0,2017,3,69,0,4,1,0,37,37,1404,740,664,527.0655270655271,491.45299145299145,0.0,28.490028490028493,7.122507122507123,0.0,500.0,557.2289156626506
103.0,2017,4,72,0,11,1,1,30,55,1404,740,664,605.4131054131054,512.8205128205128,0.0,78.34757834757835,7.122507122507123,7.122507122507123,743.2432432432432,451.8072289156626
103.0,2018,1,34,1,1,1,0,14,23,1339,688,651,276.32561613144134,253.9208364451083,7.468259895444362,7.468259895444362,7.468259895444362,0.0,334.30232558139534,215.05376344086022
103.0,2018,2,37,0,0,0,0,16,21,1339,688,651,276.32561613144134,276.32561613144134,0.0,0.0,0.0,0.0,305.2325581395349,245.77572964669739
103.0,2018,3,56,0,0,2,0,20,38,1339,688,651,433.15907393577294,418.22255414488427,0.0,0.0,14.936519790888724,0.0,552.3255813953489,307.21966205837174
103.0,2018,4,40,0,1,0,1,16,26,1339,688,651,313.6669156086632,298.7303958177745,0.0,7.468259895444362,0.0,7.468259895444362,377.906976744186,245.77572964669739
103.0,2019,1,33,0,0,1,1,15,20,1356,709,647,258.1120943952802,243.36283185840708,0.0,0.0,7.374631268436578,7.374631268436578,282.08744710860367,231.83925811437405
104.0,2015,1,37,2,3,0,4,15,31,2932,1459,1473,156.88949522510234,126.193724420191,6.8212824010914055,10.231923601637106,0.0,13.642564802182811,212.47429746401644,101.83299389002038
104.0,2015,2,40,0,6,1,2,16,33,2932,1459,1473,167.12141882673944,136.4256480218281,0.0,20.463847203274213,3.4106412005457027,6.8212824010914055,226.1823166552433,108.62186014935506
104.0,2015,3,44,1,2,1,0,25,23,2932,1459,1473,163.7107776261937,150.0682128240109,3.4106412005457027,6.8212824010914055,3.4106412005457027,0.0,157.64222069910898,169.7216564833673
104.0,2015,4,31,0,2,2,3,16,22,2932,1459,1473,129.6043656207367,105.72987721691678,0.0,6.8212824010914055,6.8212824010914055,10.231923601637106,150.78821110349554,108.62186014935506
104.0,2016,1,89,0,2,0,1,36,56,2919,1456,1463,315.176430284344,304.8989379924632,0.0,6.851661527920521,0.0,3.4258307639602603,384.61538461538464,246.0697197539303
104.0,2016,2,37,0,1,3,2,15,28,2919,1456,1463,147.3107228502912,126.75573826652963,0.0,3.4258307639602603,10.277492291880781,6.851661527920521,192.30769230769232,102.52904989747095
104.0,2016,3,70,1,1,5,1,25,53,2919,1456,1463,267.2147995889003,239.8081534772182,3.4258307639602603,3.4258307639602603,17.129153819801303,3.4258307639602603,364.010989010989,170.88174982911826
104.0,2016,4,51,0,4,5,2,27,35,2919,1456,1463,212.40150736553613,174.71736896197325,0.0,13.703323055841041,17.129153819801303,6.851661527920521,240.3846153846154,184.5522898154477
104.0,2017,1,125,1,9,1,1,68,69,2912,1459,1453,470.46703296703294,429.25824175824175,3.4340659340659343,30.906593406593405,3.4340659340659343,3.4340659340659343,472.9266620973269,467.9972470750172
104.0,2017,2,125,0,12,0,2,58,81,2912,1459,1453,477.3351648351648,429.25824175824175,0.0,41.20879120879121,0.0,6.868131868131869,555.1747772446881,399.1741225051618
104.0,2017,3,214,0,21,3,0,115,123,2912,1459,1453,817.3076923076923,734.8901098901099,0.0,72.11538461538461,10.302197802197803,0.0,843.0431802604523,791.465932553338
104.0,2017,4,224,1,23,4,1,122,131,2912,1459,1453,868.8186813186812,769.2307692307693,3.4340659340659343,78.98351648351648,13.736263736263737,3.4340659340659343,897.8752570253598,839.6421197522368
104.0,2018,1,184,0,2,1,1,90,98,2937,1546,1391,640.1089547156963,626.4896152536602,0.0,6.809669731018045,3.4048348655090224,3.4048348655090224,633.8939197930142,647.0165348670022
104.0,2018,2,181,0,4,1,0,88,98,2937,1546,1391,633.2992849846783,616.2751106571332,0.0,13.61933946203609,3.4048348655090224,0.0,633.8939197930142,632.6383896477354
104.0,2018,3,222,0,14,2,3,97,143,2937,1546,1391,820.5652025876744,755.873340143003,0.0,47.667688117126325,6.809669731018045,10.21450459652707,924.9676584734799,697.3400431344356
104.0,2018,4,201,0,7,0,0,93,115,2937,1546,1391,708.2056520258767,684.3718079673137,0.0,23.833844058563162,0.0,0.0,743.8551099611902,668.5837526959023
104.0,2019,1,130,0,6,0,0,61,75,3087,1586,1501,440.5571752510528,421.1208292840946,0.0,19.43634596695821,0.0,0.0,472.8877679697352,406.39573617588275
105.0,2015,1,6,0,2,0,2,6,4,1908,1049,859,52.41090146750524,31.446540880503147,0.0,10.482180293501049,0.0,10.482180293501049,38.13155386081983,69.84866123399301
105.0,2015,2,6,0,0,0,0,1,5,1908,1049,859,31.446540880503147,31.446540880503147,0.0,0.0,0.0,0.0,47.66444232602479,11.641443538998836
105.0,2015,3,12,0,0,0,2,8,6,1908,1049,859,73.37526205450735,62.89308176100629,0.0,0.0,0.0,10.482180293501049,57.19733079122974,93.13154831199068
105.0,2015,4,15,0,0,1,3,7,12,1908,1049,859,99.58071278825996,78.61635220125787,0.0,0.0,5.241090146750524,15.723270440251573,114.39466158245948,81.49010477299184
105.0,2016,1,16,0,0,2,2,5,15,2083,1162,921,96.01536245799328,76.81228996639462,0.0,0.0,9.601536245799327,9.601536245799327,129.08777969018934,54.28881650380021
105.0,2016,2,10,0,0,2,3,6,9,2083,1162,921,72.01152184349496,48.00768122899664,0.0,0.0,9.601536245799327,14.402304368698992,77.4526678141136,65.14657980456026
105.0,2016,3,23,0,1,4,4,11,21,2083,1162,921,153.62457993278923,110.41766682669227,0.0,4.8007681228996635,19.203072491598654,19.203072491598654,180.72289156626505,119.43539630836048
105.0,2016,4,15,0,2,4,2,13,10,2083,1162,921,110.41766682669227,72.01152184349496,0.0,9.601536245799327,19.203072491598654,9.601536245799327,86.05851979345954,141.15092290988056
105.0,2017,1,33,0,1,0,2,16,20,2269,1284,985,158.66020273248128,145.43851917144116,0.0,4.407227853680036,0.0,8.814455707360072,155.76323987538942,162.43654822335026
105.0,2017,2,42,0,2,1,1,19,27,2269,1284,985,202.73248126928164,185.1035698545615,0.0,8.814455707360072,4.407227853680036,4.407227853680036,210.28037383177568,192.89340101522845
105.0,2017,3,51,1,11,2,1,29,37,2269,1284,985,290.8770383428823,224.7686205376818,4.407227853680036,48.47950639048039,8.814455707360072,4.407227853680036,288.1619937694704,294.4162436548223
105.0,2017,4,66,0,11,2,0,36,43,2269,1284,985,348.17100044072276,290.8770383428823,0.0,48.47950639048039,8.814455707360072,0.0,334.8909657320872,365.4822335025381
105.0,2018,1,58,0,0,0,0,31,27,2482,1423,1059,233.682514101531,233.682514101531,0.0,0.0,0.0,0.0,189.73998594518625,292.7289896128423
105.0,2018,2,56,0,1,0,1,33,25,2482,1423,1059,233.682514101531,225.62449637389201,0.0,4.0290088638195005,0.0,4.0290088638195005,175.68517217146874,311.61473087818695
105.0,2018,3,61,0,0,1,0,29,33,2482,1423,1059,249.798549556809,245.76954069298952,0.0,0.0,4.0290088638195005,0.0,231.90442726633873,273.84324834749765
105.0,2018,4,40,0,0,0,0,19,21,2482,1423,1059,161.16035455278,161.16035455278,0.0,0.0,0.0,0.0,147.57554462403374,179.4145420207743
105.0,2019,1,40,0,1,0,0,20,21,2616,1504,1112,156.72782874617735,152.9051987767584,0.0,3.8226299694189603,0.0,0.0,139.62765957446808,179.85611510791367
106.0,2015,1,32,0,4,2,2,16,24,35069,15445,19624,11.40608514642562,9.124868117140496,0.0,1.140608514642562,0.570304257321281,0.570304257321281,15.539009388151506,8.153281695882592
106.0,2015,2,36,0,5,0,0,21,20,35069,15445,19624,11.691237275086259,10.265476631783057,0.0,1.4257606433032024,0.0,0.0,12.949174490126255,10.701182225845901
106.0,2015,3,48,0,2,4,2,23,33,35069,15445,19624,15.968519204995866,13.687302175710741,0.0,0.570304257321281,1.140608514642562,0.570304257321281,21.366137908708318,11.720342437831228
106.0,2015,4,33,0,4,4,1,22,20,35069,15445,19624,11.976389403746898,9.410020245801135,0.0,1.140608514642562,1.140608514642562,0.2851521286606405,12.949174490126255,11.210762331838565
106.0,2016,1,61,1,4,6,1,26,47,35167,15426,19741,20.758097079648536,17.345807148747404,0.28435749424176077,1.137429976967043,1.7061449654505643,0.28435749424176077,30.468040969791264,13.170558735626361
106.0,2016,2,43,0,4,2,0,25,24,35167,15426,19741,13.933517217846276,12.22737225239571,0.0,1.137429976967043,0.5687149884835215,0.0,15.558148580318942,12.663998784256115
106.0,2016,3,49,0,0,6,3,14,44,35167,15426,19741,16.492734666022123,13.933517217846276,0.0,0.0,1.7061449654505643,0.8530724827252821,28.523272397251393,7.091839319183426
106.0,2016,4,57,0,4,3,2,23,43,35167,15426,19741,18.76759461995621,16.208377171780363,0.0,1.137429976967043,0.8530724827252821,0.5687149884835215,27.87501620640477,11.650878881515627
106.0,2017,1,80,0,4,4,1,29,60,35321,15437,19884,25.19747459018714,22.64941536196597,0.0,1.1324707680982984,1.1324707680982984,0.2831176920245746,38.8676556325711,14.584590625628646
106.0,2017,2,93,0,6,5,3,42,65,35321,15437,19884,30.293593046629482,26.32994535828544,0.0,1.6987061521474476,1.4155884601228732,0.8493530760737238,42.106626935285355,21.122510561255282
106.0,2017,3,106,0,6,3,3,63,55,35321,15437,19884,33.4078876588998,30.010475354604907,0.0,1.6987061521474476,0.8493530760737238,0.8493530760737238,35.62868432985684,31.68376584188292
106.0,2017,4,152,1,7,2,1,64,99,35321,15437,19884,46.14818380000566,43.03388918773534,0.2831176920245746,1.9818238441720224,0.5662353840491492,0.2831176920245746,64.13163179374232,32.18668276000805
106.0,2018,1,133,0,2,1,0,55,81,35620,16336,19284,38.18079730488489,37.3385738349242,0.0,0.5614823133071308,0.2807411566535654,0.0,49.583741429970615,28.521053723293925
106.0,2018,2,128,0,1,3,0,60,72,35620,16336,19284,37.057832678270636,35.93486805165637,0.0,0.2807411566535654,0.8422234699606962,0.0,44.07443682664055,31.113876789047914
106.0,2018,3,125,0,0,5,2,55,77,35620,16336,19284,37.057832678270636,35.09264458169567,0.0,0.0,1.4037057832678272,0.5614823133071308,47.13516160626837,28.521053723293925
106.0,2018,4,101,0,2,1,0,51,53,35620,16336,19284,29.197080291970803,28.354856822010106,0.0,0.5614823133071308,0.2807411566535654,0.0,32.44368266405485,26.44679527069073
106.0,2019,1,92,0,0,1,2,40,55,37578,16706,20872,25.280749374634095,24.48240992069828,0.0,0.0,0.26611315131193786,0.5322263026238757,32.92230336406082,19.164430816404753
107.0,2015,1,62,0,6,5,3,34,42,25472,11346,14126,29.836683417085425,24.340452261306535,0.0,2.3555276381909547,1.9629396984924623,1.1777638190954773,37.017451084082495,24.0690924536316
107.0,2015,2,54,0,1,0,1,24,32,25472,11346,14126,21.984924623115578,21.199748743718594,0.0,0.3925879396984925,0.0,0.3925879396984925,28.203772254539043,16.989947614328187
107.0,2015,3,58,0,0,0,1,23,36,25472,11346,14126,23.162688442211056,22.770100502512562,0.0,0.0,0.0,0.3925879396984925,31.729243786356424,16.28203313039785
107.0,2015,4,60,0,0,6,2,24,44,25472,11346,14126,26.695979899497488,23.555276381909547,0.0,0.0,2.3555276381909547,0.785175879396985,38.78018684999119,16.989947614328187
107.0,2016,1,93,0,0,4,1,37,61,25405,11256,14149,38.57508364495178,36.606967132454244,0.0,0.0,1.574493209998032,0.393623302499508,54.19331911869225,26.150257968761043
107.0,2016,2,81,0,4,1,5,38,53,25405,11256,14149,35.819720527455225,31.88348750246015,0.0,1.574493209998032,0.393623302499508,1.96811651249754,47.08599857853589,26.857021697646477
107.0,2016,3,70,0,1,1,0,33,39,25405,11256,14149,28.340877779964575,27.553631174965556,0.0,0.393623302499508,0.393623302499508,0.0,34.64818763326226,23.32320305321931
107.0,2016,4,80,0,4,5,2,36,55,25405,11256,14149,35.819720527455225,31.48986419996064,0.0,1.574493209998032,1.96811651249754,0.787246604999016,48.86282871357498,25.44349423987561
107.0,2017,1,120,0,5,7,2,59,75,25370,11184,14186,52.81828931809223,47.29996058336618,0.0,1.9708316909735908,2.7591643673630273,0.7883326763894364,67.06008583690988,41.590300296066545
107.0,2017,2,152,0,4,2,5,61,102,25370,11184,14186,64.24911312573906,59.91328340559716,0.0,1.5766653527788728,0.7883326763894364,1.9708316909735908,91.20171673819743,43.0001409840688
107.0,2017,3,189,0,19,2,2,101,111,25370,11184,14186,83.56326369728025,74.49743791880174,0.0,7.489160425699645,0.7883326763894364,0.7883326763894364,99.2489270386266,71.19695474411392
107.0,2017,4,267,1,16,4,7,132,163,25370,11184,14186,116.27906976744185,105.24241229798974,0.3941663381947182,6.306661411115491,1.5766653527788728,2.7591643673630273,145.74391988555078,93.04948540814888
107.0,2018,1,240,1,3,2,3,96,153,25448,11749,13699,97.84658912291732,94.30996541967934,0.39295818924866394,1.178874567745992,0.7859163784973279,1.178874567745992,130.223848838199,70.07810789108694
107.0,2018,2,359,0,2,3,0,180,184,25448,11749,13699,143.03678088651367,141.07198994027036,0.0,0.7859163784973279,1.178874567745992,0.0,156.60907311260533,131.396452295788
107.0,2018,3,246,1,4,3,5,111,148,25448,11749,13699,101.77617101540396,96.66771455517134,0.39295818924866394,1.5718327569946557,1.178874567745992,1.9647909462433197,125.96816750361734,81.02781224906929
107.0,2018,4,332,0,2,4,5,149,194,25448,11749,13699,134.78465891229175,130.46211883055642,0.0,0.7859163784973279,1.5718327569946557,1.9647909462433197,165.12043578176863,108.76706328929119
107.0,2019,1,139,0,1,0,1,45,96,26739,11967,14772,52.73196454616852,51.98399341785407,0.0,0.3739855641572235,0.0,0.3739855641572235,80.22060666833792,30.463038180341186
108.0,2015,1,117,2,4,5,7,49,86,5506,2769,2737,245.1870686523792,212.49545949872865,3.632401017072285,7.26480203414457,9.081002542680713,12.713403559752997,310.5814373420007,179.02813299232736
108.0,2015,2,78,1,3,6,2,24,66,5506,2769,2737,163.45804576825282,141.66363966581912,1.8162005085361426,5.448601525608427,10.897203051216854,3.632401017072285,238.35319609967496,87.68724881256851
108.0,2015,3,37,0,4,8,5,15,39,5506,2769,2737,98.0748274609517,67.19941881583728,0.0,7.26480203414457,14.52960406828914,9.081002542680713,140.8450704225352,54.80453050785532
108.0,2015,4,40,1,3,3,5,14,38,5506,2769,2737,94.44242644387941,72.6480203414457,1.8162005085361426,5.448601525608427,5.448601525608427,9.081002542680713,137.23365836041893,51.150895140664964
108.0,2016,1,138,3,1,6,4,47,105,5650,2837,2813,269.0265486725664,244.24778761061947,5.3097345132743365,1.7699115044247788,10.619469026548673,7.079646017699115,370.10927035600986,167.0814077497334
108.0,2016,2,65,1,10,8,7,28,63,5650,2837,2813,161.06194690265488,115.04424778761062,1.7699115044247788,17.699115044247787,14.15929203539823,12.389380530973451,222.06556221360592,99.53785993601137
108.0,2016,3,67,2,1,4,7,26,55,5650,2837,2813,143.36283185840708,118.58407079646017,3.5398230088495577,1.7699115044247788,7.079646017699115,12.389380530973451,193.86676066267185,92.42801279772485
108.0,2016,4,64,1,8,5,7,30,55,5650,2837,2813,150.44247787610618,113.27433628318585,1.7699115044247788,14.15929203539823,8.849557522123893,12.389380530973451,193.86676066267185,106.64770707429791
108.0,2017,1,157,0,7,7,9,64,116,5797,2907,2890,310.5054338450923,270.8297395204416,0.0,12.075211316198034,12.075211316198034,15.525271692254615,399.0368077055383,221.45328719723182
108.0,2017,2,139,3,8,11,9,69,101,5797,2907,2890,293.2551319648094,239.77919613593238,5.175090564084871,13.800241504226323,18.975332068311197,15.525271692254615,347.437220502236,238.75432525951558
108.0,2017,3,195,0,27,14,7,102,141,5797,2907,2890,419.1823356908746,336.38088666551664,0.0,46.575815076763845,24.15042263239607,12.075211316198034,485.0361197110423,352.94117647058823
108.0,2017,4,212,2,10,11,7,88,154,5797,2907,2890,417.45730550284634,365.70639986199757,3.4500603760565807,17.250301880282905,18.975332068311197,12.075211316198034,529.7557619539043,304.4982698961938
108.0,2018,1,231,1,17,7,5,104,157,5977,2974,3003,436.67391668060895,386.481512464447,1.6730801405387319,28.44236238915844,11.711560983771122,8.365400702693659,527.9085406859448,346.32034632034635
108.0,2018,2,211,4,13,3,5,94,142,5977,2974,3003,394.8469131671407,353.0199096536724,6.6923205621549275,21.750041827003514,5.019240421616195,8.365400702693659,477.4714189643578,313.02031302031304
108.0,2018,3,227,1,27,12,4,93,178,5977,2974,3003,453.4047180859963,379.78919190229215,1.6730801405387319,45.17316379454576,20.07696168646478,6.6923205621549275,598.5205110961668,309.6903096903097
108.0,2018,4,299,2,16,8,5,128,202,5977,2974,3003,552.1164463777815,500.2509620210808,3.3461602810774638,26.76928224861971,13.384641124309855,8.365400702693659,679.2199058507061,426.24042624042625
108.0,2019,1,205,0,18,1,2,71,154,6185,3095,3090,365.4001616814875,331.44704931285366,0.0,29.102667744543247,1.6168148746968474,3.2336297493936947,497.5767366720517,229.77346278317154
109.0,2015,1,32,0,2,0,9,16,27,19748,8759,10989,21.77435689690095,16.20417257443792,0.0,1.01276078590237,0.0,4.557423536560664,30.825436693686495,14.56001456001456
109.0,2015,2,31,0,2,0,2,14,21,19748,8759,10989,17.723313753291475,15.697792181486733,0.0,1.01276078590237,0.0,1.01276078590237,23.97533965064505,12.740012740012741
109.0,2015,3,32,0,3,1,4,23,17,19748,8759,10989,20.255215718047396,16.20417257443792,0.0,1.519141178853555,0.506380392951185,2.02552157180474,19.408608288617422,20.93002093002093
109.0,2015,4,39,0,1,2,7,17,32,19748,8759,10989,24.81263925460806,19.748835325096213,0.0,0.506380392951185,1.01276078590237,3.5446627506582944,36.53385089622103,15.47001547001547
109.0,2016,1,78,1,4,3,9,43,52,20201,8910,11291,47.02737488243156,38.611949903470126,0.4950249987624375,1.98009999504975,1.4850749962873124,4.4552249888619375,58.36139169472503,38.08342927995749
109.0,2016,2,49,0,1,0,4,24,30,20201,8910,11291,26.731349933171625,24.256224939359438,0.0,0.4950249987624375,0.0,1.98009999504975,33.67003367003367,21.25586750509255
109.0,2016,3,59,0,2,1,3,28,37,20201,8910,11291,32.176624919558435,29.206474926983812,0.0,0.990049997524875,0.4950249987624375,1.4850749962873124,41.52637485970819,24.79851208927464
109.0,2016,4,49,0,0,3,1,26,27,20201,8910,11291,26.236324934409186,24.256224939359438,0.0,0.0,1.4850749962873124,0.4950249987624375,30.303030303030305,23.0271897971836
109.0,2017,1,72,0,4,4,3,36,47,20676,9074,11602,40.14316115302767,34.82298316889147,0.0,1.934610176049526,1.934610176049526,1.4509576320371445,51.796341194621995,31.02913290811929
109.0,2017,2,97,0,5,2,1,54,51,20676,9074,11602,50.78351712130006,46.914296769201,0.0,2.418262720061908,0.967305088024763,0.4836525440123815,56.20454044522812,46.543699362178934
109.0,2017,3,154,0,11,1,2,92,76,20676,9074,11602,81.2536273940801,74.48249177790674,0.0,5.320177984136197,0.4836525440123815,0.967305088024763,83.75578576151642,79.29667298741597
109.0,2017,4,207,0,11,3,0,107,114,20676,9074,11602,106.88721222673631,100.11607661056297,0.0,5.320177984136197,1.4509576320371445,0.0,125.63367864227463,92.225478365799
109.0,2018,1,182,0,2,0,1,98,87,21236,9763,11473,87.11621774345451,85.70352232058768,0.0,0.9417969485778867,0.0,0.4708984742889433,89.11195329304518,85.41793776693106
109.0,2018,2,206,0,8,0,2,116,100,21236,9763,11473,101.71407044641175,97.00508570352233,0.0,3.7671877943115466,0.0,0.9417969485778867,102.42753252074156,101.10694674453065
109.0,2018,3,188,1,3,0,1,89,104,21236,9763,11473,90.88340553776607,88.52891316632133,0.4708984742889433,1.41269542286683,0.0,0.4708984742889433,106.52463382157124,77.57343327813126
109.0,2018,4,227,0,3,1,2,112,121,21236,9763,11473,109.71934450932379,106.89395366359014,0.0,1.41269542286683,0.4708984742889433,0.9417969485778867,123.93731435009731,97.62050030506406
109.0,2019,1,120,0,0,0,0,59,61,22721,10122,12599,52.814576823203204,52.814576823203204,0.0,0.0,0.0,0.0,60.26476980833828,46.829113421700136
110.0,2015,1,53,0,1,3,4,21,40,42001,19634,22367,14.523463727054118,12.618747172686366,0.0,0.23808956929596914,0.7142687078879074,0.9523582771838766,20.372822654578794,9.388831761076586
110.0,2015,2,43,0,4,0,2,20,29,42001,19634,22367,11.666388895502488,10.237851479726672,0.0,0.9523582771838766,0.0,0.4761791385919383,14.770296424569624,8.941744534358653
110.0,2015,3,62,0,0,3,3,26,42,42001,19634,22367,16.1900907121259,14.761553296350089,0.0,0.0,0.7142687078879074,0.7142687078879074,21.391463787307732,11.62426789466625
110.0,2015,4,85,0,3,10,5,38,65,42001,19634,22367,24.52322563748482,20.237613390157374,0.0,0.7142687078879074,2.3808956929596916,1.1904478464798458,33.10583681369054,16.98931461528144
110.0,2016,1,93,0,1,5,2,28,73,42204,19736,22468,23.93138091176192,22.035825988058004,0.0,0.2369443654629893,1.1847218273149465,0.4738887309259786,36.98824483177949,12.46216841730461
110.0,2016,2,71,0,0,3,4,23,55,42204,19736,22468,18.481660506113165,16.82304994787224,0.0,0.0,0.7108330963889679,0.9477774618519572,27.867855695176328,10.236781199928787
110.0,2016,3,77,0,0,2,2,21,60,42204,19736,22468,19.192493602502132,18.244716140650176,0.0,0.0,0.4738887309259786,0.4738887309259786,30.401297122010536,9.346626312978458
110.0,2016,4,69,0,1,2,4,24,52,42204,19736,22468,18.007771775187187,16.34916121694626,0.0,0.2369443654629893,0.4738887309259786,0.9477774618519572,26.3477908390758,10.681858643403952
110.0,2017,1,126,0,12,3,1,54,88,42435,19854,22581,33.462943325085426,29.692470837751856,0.0,2.8278543655001767,0.7069635913750442,0.23565453045834808,44.32356200261912,23.913909924272616
110.0,2017,2,141,0,9,6,4,57,103,42435,19854,22581,37.704724873335685,33.22728879462708,0.0,2.1208907741251326,1.4139271827500883,0.9426181218333923,51.87871461670193,25.242460475621098
110.0,2017,3,195,0,6,8,3,97,115,42435,19854,22581,49.95876045716979,45.95263343937788,0.0,1.4139271827500883,1.8852362436667847,0.7069635913750442,57.92283670796817,42.956467826934144
110.0,2017,4,280,0,12,8,2,148,153,42435,19854,22581,71.16766819842111,65.98326852833745,0.0,2.8278543655001767,1.8852362436667847,0.47130906091669617,77.0625566636446,65.54182719985829
110.0,2018,1,276,0,4,3,4,149,138,42871,20206,22665,66.94502110984115,64.37918406381937,0.0,0.9330316530988314,0.6997737398241235,0.9330316530988314,68.29654558052064,65.7401279505846
110.0,2018,2,263,0,0,0,3,131,135,42871,20206,22665,62.04660493107229,61.346831191248164,0.0,0.0,0.0,0.6997737398241235,66.81183806790062,57.79836752702405
110.0,2018,3,305,0,2,4,3,136,178,42871,20206,22665,73.24298476825827,71.1436635487859,0.0,0.4665158265494157,0.9330316530988314,0.6997737398241235,88.09264574878749,60.0044120891242
110.0,2018,4,299,0,6,0,1,150,156,42871,20206,22665,71.37692146206061,69.74411606913765,0.0,1.399547479648247,0.0,0.23325791327470785,77.20479065624072,66.18133686300463
110.0,2019,1,210,0,2,0,2,91,123,44029,20708,23321,48.60432896500034,47.69583683481342,0.0,0.45424606509346116,0.0,0.45424606509346116,59.397334363531,39.02062518759916
111.0,2015,1,60,0,9,2,3,28,46,9493,6848,2645,77.95217528705362,63.20446644896239,0.0,9.480669967344358,2.1068155482987465,3.1602233224481195,67.17289719626169,105.8601134215501
111.0,2015,2,46,0,5,1,9,14,47,9493,6848,2645,64.25787422311177,48.456757610871165,0.0,5.267038870746866,1.0534077741493733,9.480669967344358,68.63317757009345,52.93005671077505
111.0,2015,3,23,1,6,1,6,17,20,9493,6848,2645,38.97608764352681,24.228378805435582,1.0534077741493733,6.320446644896239,1.0534077741493733,6.320446644896239,29.205607476635514,64.27221172022685
111.0,2015,4,26,0,6,0,16,15,33,9493,6848,2645,50.56357315916991,27.388602127883704,0.0,6.320446644896239,0.0,16.854524386389972,48.1892523364486,56.710775047258984
111.0,2016,1,89,1,4,2,8,27,77,9863,7285,2578,105.44459089526514,90.23623643921728,1.0138902970698571,4.0555611882794285,2.0277805941397142,8.111122376558857,105.69663692518874,104.7323506594259
111.0,2016,2,51,0,5,3,14,21,52,9863,7285,2578,74.01399168609956,51.708405150562704,0.0,5.069451485349286,3.0416708912095713,14.194464158977999,71.37954701441318,81.45849495733127
111.0,2016,3,60,1,7,3,10,29,52,9863,7285,2578,82.12511406265843,60.83341782419142,1.0138902970698571,7.097232079488999,3.0416708912095713,10.138902970698572,71.37954701441318,112.49030256012412
111.0,2016,4,50,2,5,2,7,17,48,9863,7285,2578,66.91675960661055,50.69451485349285,2.0277805941397142,5.069451485349286,2.0277805941397142,7.097232079488999,65.88881262868908,65.94259115593484
111.0,2017,1,123,0,7,6,3,46,93,10261,7743,2518,135.4643796900887,119.87135756748856,0.0,6.82194717863756,5.847383295975051,2.9236916479875257,120.10848508330105,182.68467037331214
111.0,2017,2,104,3,13,4,1,49,76,10261,7743,2518,121.82048533281358,101.35464379690089,2.9236916479875257,12.669330474612611,3.898255530650034,0.9745638826625085,98.15317060570838,194.59888800635423
111.0,2017,3,176,0,25,8,8,99,118,10261,7743,2518,211.48036253776436,171.5232433486015,0.0,24.364097066562714,7.796511061300068,7.796511061300068,152.39571225623143,393.1691818903892
111.0,2017,4,229,1,19,5,5,116,143,10261,7743,2518,252.4120456095897,223.17512912971446,0.9745638826625085,18.51671377058766,4.872819413312542,4.872819413312542,184.68293942916182,460.6830818109611
111.0,2018,1,158,0,2,1,7,71,97,10700,8209,2491,157.00934579439254,147.66355140186917,0.0,1.8691588785046729,0.9345794392523364,6.542056074766355,118.16299183822633,285.02609393817744
111.0,2018,2,194,2,9,4,11,90,130,10700,8209,2491,205.60747663551402,181.30841121495325,1.8691588785046729,8.411214953271028,3.7383177570093458,10.2803738317757,158.36277256669507,361.3006824568447
111.0,2018,3,180,1,3,8,3,79,116,10700,8209,2491,182.2429906542056,168.22429906542055,0.9345794392523364,2.803738317757009,7.4766355140186915,2.803738317757009,141.3083201364356,317.14171015656365
111.0,2018,4,255,2,3,4,4,122,146,10700,8209,2491,250.46728971962617,238.3177570093458,1.8691588785046729,2.803738317757009,3.7383177570093458,3.7383177570093458,177.8535753441345,489.7631473303894
111.0,2019,1,153,0,2,2,7,68,96,11206,8709,2497,146.3501695520257,136.53399964304836,0.0,1.784758165268606,1.784758165268606,6.246653578440122,110.23079572855667,272.32679215058073
112.0,2015,1,52,1,1,6,5,22,43,37231,17208,20023,17.458569471676828,13.966855577341464,0.26859337648733583,0.26859337648733583,1.611560258924015,1.3429668824366792,24.988377498837753,10.987364530789593
112.0,2015,2,68,0,4,2,4,22,56,37231,17208,20023,20.950283366012194,18.264349601138836,0.0,1.0743735059493433,0.5371867529746717,1.0743735059493433,32.543003254300324,10.987364530789593
112.0,2015,3,65,0,5,6,7,32,51,37231,17208,20023,22.293250248448874,17.458569471676828,0.0,1.3429668824366792,1.611560258924015,1.8801536354113508,29.637377963737794,15.981621135693953
112.0,2015,4,79,0,3,2,3,32,55,37231,17208,20023,23.367623754398217,21.21887674249953,0.0,0.8057801294620075,0.5371867529746717,0.8057801294620075,31.96187819618782,15.981621135693953
112.0,2016,1,126,0,5,6,5,46,96,39243,18122,21121,36.18479728868843,32.10763703080804,0.0,1.2741125805876206,1.5289350967051447,1.2741125805876206,52.974285398962586,21.7792718147815
112.0,2016,2,67,0,3,3,7,27,53,39243,18122,21121,20.38580128940193,17.073108579874116,0.0,0.7644675483525724,0.7644675483525724,1.7837576128226689,29.246220064010593,12.783485630415226
112.0,2016,3,92,1,4,5,1,32,71,39243,18122,21121,26.246719160104988,23.44367148281222,0.25482251611752416,1.0192900644700966,1.2741125805876206,0.25482251611752416,39.17889857631608,15.150797784195824
112.0,2016,4,101,0,4,3,3,48,63,39243,18122,21121,28.28529928904518,25.73707412786994,0.0,1.0192900644700966,0.7644675483525724,0.7644675483525724,34.7643747930692,22.726196676293736
112.0,2017,1,148,0,6,9,2,67,98,41316,19068,22248,39.936102236421725,35.82147352115403,0.0,1.4522218995062446,2.1783328492593665,0.48407396650208157,51.395007342143906,30.115066522833512
112.0,2017,2,160,1,10,6,6,81,102,41316,19068,22248,44.29276793494046,38.72591732016652,0.24203698325104078,2.4203698325104077,1.4522218995062446,1.4522218995062446,53.49276274386407,36.407766990291265
112.0,2017,3,273,0,15,2,4,128,166,41316,19068,22248,71.15887307580599,66.07609642753413,0.0,3.6305547487656114,0.48407396650208157,0.9681479330041631,87.05684917138662,57.53326141675656
112.0,2017,4,331,1,16,5,2,186,169,41316,19068,22248,85.92312905411946,80.11424145609449,0.24203698325104078,3.8725917320166525,1.2101849162552039,0.48407396650208157,88.63016572267674,83.60302049622437
112.0,2018,1,295,1,1,5,6,136,172,43620,20259,23361,70.60981201283815,67.629527739569,0.22925263640531865,0.22925263640531865,1.1462631820265932,1.3755158184319118,84.90053803247939,58.21668592954069
112.0,2018,2,315,0,5,6,6,153,179,43620,20259,23361,76.11187528656579,72.21458046767538,0.0,1.1462631820265932,1.3755158184319118,1.3755158184319118,88.3557924872896,65.49377167073328
112.0,2018,3,318,1,5,3,12,138,201,43620,20259,23361,77.71664374140302,72.90233837689134,0.22925263640531865,1.1462631820265932,0.6877579092159559,2.7510316368638237,99.21516363097882,59.07281366379864
112.0,2018,4,393,1,2,5,8,183,226,43620,20259,23361,93.76432828977534,90.09628610729024,0.22925263640531865,0.4585052728106373,1.1462631820265932,1.8340210912425492,111.55535811244386,78.33568768460255
112.0,2019,1,254,0,3,8,3,111,157,46245,21402,24843,57.95221104984323,54.92485674126932,0.0,0.6487187804086928,1.7299167477565143,0.6487187804086928,73.35763012802542,44.68059413114358
113.0,2015,1,35,0,1,5,2,17,26,33712,15893,17819,12.755102040816325,10.382059800664452,0.0,0.29663028001898434,1.4831514000949217,0.5932605600379687,16.35940351097968,9.540378247937594
113.0,2015,2,32,0,2,5,5,16,28,33712,15893,17819,13.051732320835312,9.492168960607499,0.0,0.5932605600379687,1.4831514000949217,1.4831514000949217,17.617819165670422,8.979179527470677
113.0,2015,3,31,1,2,9,5,15,33,33712,15893,17819,14.23825344091125,9.195538680588514,0.29663028001898434,0.5932605600379687,2.669672520170859,1.4831514000949217,20.76385830239728,8.41798080700376
113.0,2015,4,32,0,1,2,4,15,24,33712,15893,17819,11.56858092074039,9.492168960607499,0.0,0.29663028001898434,0.5932605600379687,1.1865211200759374,15.100987856288931,8.41798080700376
113.0,2016,1,78,0,3,5,1,21,66,34992,16455,18537,24.862825788751717,22.290809327846365,0.0,0.8573388203017832,1.4288980338363055,0.28577960676726105,40.109389243391064,11.328693963424502
113.0,2016,2,37,0,1,13,5,10,46,34992,16455,18537,16.00365797896662,10.57384545038866,0.0,0.28577960676726105,3.715134887974394,1.4288980338363055,27.955028866605897,5.394616173059287
113.0,2016,3,48,2,2,5,0,20,37,34992,16455,18537,16.289437585733882,13.717421124828531,0.5715592135345221,0.5715592135345221,1.4288980338363055,0.0,22.485566697052565,10.789232346118574
113.0,2016,4,48,1,1,12,0,24,38,34992,16455,18537,17.718335619570187,13.717421124828531,0.28577960676726105,0.28577960676726105,3.429355281207133,0.0,23.093284715891823,12.947078815342289
113.0,2017,1,93,0,7,7,3,50,60,36312,17037,19275,30.29301608283763,25.61136814276272,0.0,1.9277373870896672,1.9277373870896672,0.8261731658955717,35.21746786406057,25.940337224383917
113.0,2017,2,73,0,7,5,1,34,52,36312,17037,19275,23.683630755673054,20.103547036792246,0.0,1.9277373870896672,1.3769552764926194,0.27539105529852387,30.521805482185833,17.639429312581065
113.0,2017,3,118,0,13,5,0,64,71,36312,17037,19275,37.453183520599254,32.49614452522582,0.0,3.580083718880811,1.3769552764926194,0.0,41.67400363913835,33.20363164721142
113.0,2017,4,160,0,16,8,6,86,104,36312,17037,19275,52.324300506719545,44.06256884776382,0.0,4.406256884776382,2.203128442388191,1.6523463317911433,61.043610964371666,44.617380025940335
113.0,2018,1,126,1,5,5,5,52,90,37827,17598,20229,37.53932376344939,33.309540804187485,0.26436143495386893,1.3218071747693447,1.3218071747693447,1.3218071747693447,51.14217524718718,25.70567007761135
113.0,2018,2,157,0,3,9,3,78,94,37827,17598,20229,45.47016681206545,41.50474528775742,0.0,0.7930843048616069,2.3792529145848205,0.7930843048616069,53.41516081372883,38.558505116417024
113.0,2018,3,176,0,6,6,1,75,114,37827,17598,20229,49.96431120628123,46.52761255188093,0.0,1.5861686097232137,1.5861686097232137,0.26436143495386893,64.7800886464371,37.07548568886253
113.0,2018,4,159,0,1,4,2,64,102,37827,17598,20229,43.88399820234225,42.03346815766516,0.0,0.26436143495386893,1.0574457398154757,0.5287228699077379,57.961131946812145,31.637747787829355
113.0,2019,1,101,1,0,3,3,48,60,38880,18156,20724,27.77777777777778,25.97736625514403,0.257201646090535,0.0,0.7716049382716049,0.7716049382716049,33.04692663582287,23.161551823972204
114.0,2015,1,53,0,4,8,1,27,39,41956,19382,22574,15.73076556392411,12.632281437696633,0.0,0.9533797311469158,1.9067594622938315,0.23834493278672894,20.121762460014445,11.960662709311597
114.0,2015,2,51,0,4,5,5,23,42,41956,19382,22574,15.492420631137382,12.155591572123178,0.0,0.9533797311469158,1.1917246639336447,1.1917246639336447,21.66959034155402,10.18871267830247
114.0,2015,3,48,2,1,4,2,13,44,41956,19382,22574,13.58566116884355,11.440556773762989,0.4766898655734579,0.23834493278672894,0.9533797311469158,0.4766898655734579,22.701475595913735,5.758837600779658
114.0,2015,4,55,0,4,9,1,24,45,41956,19382,22574,16.4458003622843,13.108971303270092,0.0,0.9533797311469158,2.1451043950805606,0.23834493278672894,23.217418223093592,10.631700186054752
114.0,2016,1,88,0,3,7,1,39,60,41894,19326,22568,23.631068888146277,21.005394567241133,0.0,0.7160929966104931,1.6708836587578173,0.23869766553683106,31.046258925799442,17.281105990783413
114.0,2016,2,47,1,2,7,2,24,35,41894,19326,22568,14.083162266673032,11.218790280231058,0.23869766553683106,0.4773953310736621,1.6708836587578173,0.4773953310736621,18.11031770671634,10.634526763559021
114.0,2016,3,74,1,3,5,2,34,51,41894,19326,22568,20.289301570630638,17.663627249725497,0.23869766553683106,0.7160929966104931,1.1934883276841552,0.4773953310736621,26.389320086929526,15.065579581708613
114.0,2016,4,72,1,3,7,3,34,52,41894,19326,22568,20.52799923616747,17.186231918651835,0.23869766553683106,0.7160929966104931,1.6708836587578173,0.7160929966104931,26.90675773569285,15.065579581708613
114.0,2017,1,112,0,4,4,2,47,75,41852,19283,22569,29.15033929083437,26.760967217815157,0.0,0.9557488292076843,0.9557488292076843,0.47787441460384217,38.89436291033553,20.825025477424784
114.0,2017,2,117,0,7,8,5,68,69,41852,19283,22569,32.734397400363186,27.955653254324766,0.0,1.6725604511134473,1.9114976584153687,1.1946860365096053,35.78281387750869,30.129824094997563
114.0,2017,3,169,1,6,7,3,93,93,41852,19283,22569,44.44232055815731,40.38038803402466,0.23893720730192108,1.4336232438115262,1.6725604511134473,0.7168116219057631,48.229010008816054,41.20696530639373
114.0,2017,4,206,0,17,6,4,107,125,41852,19283,22569,55.67236930134761,49.22106470419574,0.0,4.061932524132658,1.4336232438115262,0.9557488292076843,64.82393818389255,47.41016438477558
114.0,2018,1,172,0,2,4,3,86,95,42000,19461,22539,43.09523809523809,40.952380952380956,0.0,0.4761904761904762,0.9523809523809524,0.7142857142857143,48.815579877704124,38.156085008207995
114.0,2018,2,189,0,5,5,1,96,104,42000,19461,22539,47.61904761904762,45.0,0.0,1.1904761904761905,1.1904761904761905,0.2380952380952381,53.440213760855045,42.592839078929856
114.0,2018,3,227,0,4,7,3,107,134,42000,19461,22539,57.38095238095239,54.047619047619044,0.0,0.9523809523809524,1.6666666666666665,0.7142857142857143,68.85566003802477,47.4732685567239
114.0,2018,4,234,0,1,6,1,107,135,42000,19461,22539,57.61904761904761,55.714285714285715,0.0,0.2380952380952381,1.4285714285714286,0.2380952380952381,69.36950824726375,47.4732685567239
114.0,2019,1,149,0,5,0,2,64,92,42974,19838,23136,36.30101922092428,34.67212733280588,0.0,1.163494205798855,0.0,0.46539768231954204,46.37564270591793,27.662517289073307
115.0,2015,1,27,0,0,3,1,15,16,17116,8093,9023,18.11170834307081,15.774713718158448,0.0,0.0,1.752745968684272,0.5842486562280907,19.770171753367105,16.62418264435332
115.0,2015,2,31,0,2,4,4,12,29,17116,8093,9023,23.954194905351716,18.11170834307081,0.0,1.1684973124561815,2.336994624912363,2.336994624912363,35.83343630297788,13.299346115482656
115.0,2015,3,30,0,4,0,2,14,22,17116,8093,9023,21.03295162421126,17.52745968684272,0.0,2.336994624912363,0.0,1.1684973124561815,27.183986160879773,15.515903801396432
115.0,2015,4,39,0,0,1,0,11,29,17116,8093,9023,23.369946249123625,22.785697592895538,0.0,0.0,0.5842486562280907,0.0,35.83343630297788,12.191067272525768
115.0,2016,1,68,1,4,0,2,28,47,17109,8069,9040,43.836577240049095,39.74516336431118,0.5844876965339879,2.3379507861359516,0.0,1.1689753930679758,58.2476143264345,30.97345132743363
115.0,2016,2,43,0,2,0,3,20,28,17109,8069,9040,28.055409433631425,25.132970950961482,0.0,1.1689753930679758,0.0,1.753463089601964,34.700706407237575,22.123893805309734
115.0,2016,3,42,0,1,2,3,18,30,17109,8069,9040,28.055409433631425,24.548483254427495,0.0,0.5844876965339879,1.1689753930679758,1.753463089601964,37.17932829346883,19.911504424778762
115.0,2016,4,56,0,1,2,2,18,43,17109,8069,9040,35.65374948857327,32.73131100590332,0.0,0.5844876965339879,1.1689753930679758,1.1689753930679758,53.29037055397199,19.911504424778762
115.0,2017,1,97,4,4,2,2,36,73,17108,8053,9055,63.71288286181903,56.698620528407766,2.3380874444704234,2.3380874444704234,1.1690437222352117,1.1690437222352117,90.64944741090277,39.75704030922142
115.0,2017,2,79,0,2,0,3,36,48,17108,8053,9055,49.09983633387889,46.17722702829086,0.0,1.1690437222352117,0.0,1.7535655833528172,59.60511610579908,39.75704030922142
115.0,2017,3,147,1,5,2,1,66,90,17108,8053,9055,91.1854103343465,85.92471358428804,0.5845218611176058,2.922609305588029,1.1690437222352117,0.5845218611176058,111.75959269837327,72.8879072335726
115.0,2017,4,200,0,8,0,1,108,101,17108,8053,9055,122.16506897357961,116.90437222352115,0.0,4.676174888940847,0.0,0.5845218611176058,125.4190984726189,119.27112092766427
115.0,2018,1,161,0,2,0,2,82,83,17190,8131,9059,95.98603839441536,93.65910413030832,0.0,1.1634671320535195,0.0,1.1634671320535195,102.07846513343992,90.51771718732752
115.0,2018,2,237,0,1,0,1,104,135,17190,8131,9059,139.03432228039557,137.87085514834206,0.0,0.5817335660267597,0.0,0.5817335660267597,166.0312384700529,114.80295838392757
115.0,2018,3,177,1,5,2,1,95,91,17190,8131,9059,108.2024432809773,102.96684118673647,0.5817335660267597,2.9086678301337985,1.1634671320535195,0.5817335660267597,111.91735333907268,104.86808698531847
115.0,2018,4,199,0,5,3,4,101,109,17190,8131,9059,122.7457824316463,115.76497963932519,0.0,2.9086678301337985,1.7452006980802792,2.326934264107039,134.0548518017464,111.49133458439123
115.0,2019,1,137,0,2,1,2,45,97,17600,8297,9303,80.68181818181819,77.8409090909091,0.0,1.1363636363636365,0.5681818181818182,1.1363636363636365,116.90972640713511,48.371493066752656
116.0,2015,1,19,0,4,5,1,15,14,11648,5508,6140,24.896978021978022,16.311813186813186,0.0,3.4340659340659343,4.292582417582418,0.8585164835164836,25.417574437182278,24.429967426710096
116.0,2015,2,15,0,6,2,3,8,18,11648,5508,6140,22.32142857142857,12.877747252747252,0.0,5.1510989010989015,1.7170329670329672,2.5755494505494507,32.6797385620915,13.029315960912053
116.0,2015,3,12,0,4,3,0,4,15,11648,5508,6140,16.311813186813186,10.302197802197803,0.0,3.4340659340659343,2.5755494505494507,0.0,27.233115468409586,6.514657980456026
116.0,2015,4,30,0,9,6,3,13,35,11648,5508,6140,41.20879120879121,25.755494505494504,0.0,7.726648351648351,5.1510989010989015,2.5755494505494507,63.543936092955704,21.172638436482085
116.0,2016,1,55,0,6,6,3,30,40,11669,5506,6163,59.9880023995201,47.13343045676579,0.0,5.141828777101723,5.141828777101723,2.5709143885508614,72.6480203414457,48.67759208177836
116.0,2016,2,34,0,3,3,3,12,31,11669,5506,6163,36.84977290256234,29.13702973690976,0.0,2.5709143885508614,2.5709143885508614,2.5709143885508614,56.30221576462041,19.47103683271134
116.0,2016,3,40,0,0,5,3,15,33,11669,5506,6163,41.13463021681378,34.27885851401148,0.0,0.0,4.284857314251435,2.5709143885508614,59.934616781692704,24.33879604088918
116.0,2016,4,41,0,0,1,1,23,20,11669,5506,6163,36.84977290256234,35.13582997686177,0.0,0.0,0.856971462850287,0.856971462850287,36.32401017072285,37.31948726269674
116.0,2017,1,67,0,3,6,1,28,49,11711,5519,6192,65.7501494321578,57.21116898642302,0.0,2.561694133720434,5.123388267440868,0.8538980445734778,88.78420003623846,45.21963824289406
116.0,2017,2,49,0,6,3,4,22,40,11711,5519,6192,52.941678763555636,41.84100418410041,0.0,5.123388267440868,2.561694133720434,3.4155921782939114,72.47689798876608,35.5297157622739
116.0,2017,3,87,0,3,6,1,41,56,11711,5519,6192,82.82811032362736,74.28912987789258,0.0,2.561694133720434,5.123388267440868,0.8538980445734778,101.46765718427253,66.21447028423773
116.0,2017,4,137,3,2,5,4,71,80,11711,5519,6192,128.93860473059516,116.98403210656647,2.561694133720434,1.7077960891469557,4.26949022286739,3.4155921782939114,144.95379597753217,114.6640826873385
116.0,2018,1,144,0,1,9,6,69,91,11820,5550,6270,135.36379018612521,121.8274111675127,0.0,0.8460236886632826,7.614213197969543,5.0761421319796955,163.96396396396395,110.04784688995215
116.0,2018,2,138,0,1,2,1,52,90,11820,5550,6270,120.13536379018613,116.75126903553299,0.0,0.8460236886632826,1.6920473773265652,0.8460236886632826,162.16216216216216,82.93460925039872
116.0,2018,3,171,1,3,7,3,79,106,11820,5550,6270,156.51438240270727,144.67005076142132,0.8460236886632826,2.5380710659898478,5.922165820642978,2.5380710659898478,190.99099099099098,125.99681020733652
116.0,2018,4,157,0,1,7,1,75,91,11820,5550,6270,140.4399323181049,132.82571912013535,0.0,0.8460236886632826,5.922165820642978,0.8460236886632826,163.96396396396395,119.61722488038278
116.0,2019,1,138,0,1,5,2,58,88,11944,5613,6331,122.23710649698594,115.53918285331547,0.0,0.8372404554588078,4.186202277294039,1.6744809109176155,156.77890611081418,91.61269941557416
117.0,2015,1,17,0,3,0,1,10,11,680,429,251,308.8235294117647,250.0,0.0,44.11764705882353,0.0,14.705882352941176,256.4102564102564,398.40637450199205
117.0,2015,2,12,0,1,0,0,1,12,680,429,251,191.1764705882353,176.47058823529412,0.0,14.705882352941176,0.0,0.0,279.72027972027973,39.8406374501992
117.0,2015,3,16,0,0,0,0,8,8,680,429,251,235.2941176470588,235.2941176470588,0.0,0.0,0.0,0.0,186.4801864801865,318.7250996015936
117.0,2015,4,22,0,0,1,0,11,12,680,429,251,338.235294117647,323.5294117647059,0.0,0.0,14.705882352941176,0.0,279.72027972027973,438.24701195219126
117.0,2016,1,29,0,1,0,1,11,20,702,451,251,441.59544159544157,413.10541310541305,0.0,14.245014245014247,0.0,14.245014245014247,443.45898004434594,438.24701195219126
117.0,2016,2,22,0,1,0,0,8,15,702,451,251,327.63532763532766,313.3903133903134,0.0,14.245014245014247,0.0,0.0,332.5942350332594,318.7250996015936
117.0,2016,3,26,0,2,0,2,10,20,702,451,251,427.35042735042737,370.3703703703703,0.0,28.490028490028493,0.0,28.490028490028493,443.45898004434594,398.40637450199205
117.0,2016,4,26,0,0,1,0,9,18,702,451,251,384.61538461538464,370.3703703703703,0.0,0.0,14.245014245014247,0.0,399.11308203991126,358.56573705179284
117.0,2017,1,27,0,0,0,2,14,15,729,472,257,397.8052126200275,370.3703703703703,0.0,0.0,0.0,27.434842249657063,317.7966101694915,544.7470817120623
117.0,2017,2,25,0,0,0,0,5,20,729,472,257,342.93552812071334,342.93552812071334,0.0,0.0,0.0,0.0,423.728813559322,194.55252918287937
117.0,2017,3,39,0,4,0,0,25,18,729,472,257,589.8491083676269,534.9794238683128,0.0,54.869684499314126,0.0,0.0,381.35593220338984,972.7626459143969
117.0,2017,4,59,0,0,0,1,29,31,729,472,257,823.0452674897119,809.3278463648834,0.0,0.0,0.0,13.717421124828531,656.7796610169493,1128.4046692607003
117.0,2018,1,51,0,10,0,1,28,34,756,499,257,820.10582010582,674.6031746031746,0.0,132.27513227513228,0.0,13.227513227513226,681.3627254509017,1089.4941634241245
117.0,2018,2,34,0,6,0,0,20,20,756,499,257,529.1005291005291,449.7354497354497,0.0,79.36507936507937,0.0,0.0,400.80160320641284,778.2101167315175
117.0,2018,3,41,0,12,1,1,32,23,756,499,257,727.5132275132274,542.3280423280423,0.0,158.73015873015873,13.227513227513226,13.227513227513226,460.92184368737475,1245.1361867704281
117.0,2018,4,69,0,2,1,0,30,42,756,499,257,952.3809523809523,912.6984126984127,0.0,26.455026455026452,13.227513227513226,0.0,841.683366733467,1167.3151750972763
117.0,2019,1,62,0,0,0,0,31,31,790,522,268,784.8101265822785,784.8101265822785,0.0,0.0,0.0,0.0,593.8697318007663,1156.7164179104477
