codigo_upz,AÑO,semester,theft_to_people,homicide,sexual,theft_to_vehicle,theft_to_motorbike,dia_Domingo,dia_Jueves,dia_Lunes,dia_Martes,dia_Miércoles,dia_Sábado,dia_Viernes,genero_FEMENINO,genero_MASCULINO,TOTAL_POBLACION,Hombre,Mujer,crime_index,theft_to_people_index,homicide_index,sexual_index,theft_to_vehicle_index,theft_to_motorbike_index,male_index,female_index
1.0,2015,1,31,0,1,0,1,6,6,3,6,4,4,4,12,21,2693,1346,1347,122.53991830672113,115.11325659116228,0.0,3.713330857779428,0.0,3.713330857779428,156.0178306092125,89.08685968819599
1.0,2015,2,14,0,2,0,0,5,4,2,0,2,2,1,7,9,2693,1346,1347,59.41329372447085,51.986632008912,0.0,7.426661715558856,0.0,0.0,66.86478454680534,51.96733481811433
1.0,2016,1,29,0,2,0,1,5,1,3,2,6,13,2,11,21,2646,1320,1326,120.93726379440666,109.59939531368103,0.0,7.558578987150416,0.0,3.779289493575208,159.09090909090907,82.95625942684767
1.0,2016,2,41,0,2,1,0,6,8,4,6,5,10,5,21,23,2646,1320,1326,166.28873771730915,154.95086923658351,0.0,7.558578987150416,3.779289493575208,0.0,174.24242424242425,158.3710407239819
1.0,2017,1,61,0,1,0,1,10,9,7,5,5,10,17,27,36,2600,1293,1307,242.3076923076923,234.6153846153846,0.0,3.8461538461538463,0.0,3.8461538461538463,278.42227378190256,206.57995409334353
1.0,2017,2,69,2,1,0,0,11,10,6,9,7,18,11,28,44,2600,1293,1307,276.9230769230769,265.38461538461536,7.6923076923076925,3.8461538461538463,0.0,0.0,340.2938901778809,214.23106350420812
1.0,2018,1,255,0,0,2,3,63,15,13,12,17,71,69,92,168,2567,1279,1288,1012.8554733151539,993.3774834437086,0.0,0.0,7.791195948578107,11.68679392286716,1313.5261923377639,714.2857142857142
1.0,2018,2,105,0,0,1,1,19,9,10,9,10,35,15,48,59,2567,1279,1288,416.82898324892875,409.0377873003506,0.0,0.0,3.8955979742890534,3.8955979742890534,461.29788897576236,372.67080745341616
1.0,2019,1,28,0,0,0,0,5,3,5,3,1,7,4,9,19,2602,1291,1311,107.60953112990008,107.60953112990008,0.0,0.0,0.0,0.0,147.1727343144849,68.64988558352402
2.0,2015,1,17,0,0,1,1,4,2,1,2,1,6,3,7,12,2791,1390,1401,68.07595843783591,60.91006807595844,0.0,0.0,3.582945180938731,3.582945180938731,86.33093525179856,49.96431120628123
2.0,2015,2,11,0,1,1,0,0,0,3,4,1,4,1,6,7,2791,1390,1401,46.57828735220351,39.412396990326044,0.0,3.582945180938731,3.582945180938731,0.0,50.35971223021582,42.82655246252677
2.0,2016,1,26,0,2,0,0,2,3,3,5,4,4,7,11,17,3173,1568,1605,88.24456350456981,81.94138039710053,0.0,6.3031831074692715,0.0,0.0,108.41836734693878,68.53582554517133
2.0,2016,2,19,1,1,0,0,4,4,2,1,2,7,1,5,16,3173,1568,1605,66.18342262842735,59.880239520958085,3.1515915537346357,3.1515915537346357,0.0,0.0,102.0408163265306,31.15264797507788
2.0,2017,1,30,1,0,0,0,3,7,2,1,2,9,7,12,19,3598,1764,1834,86.15897720956087,83.37965536409116,2.7793218454697053,0.0,0.0,0.0,107.70975056689343,65.43075245365321
2.0,2017,2,51,0,3,2,0,4,7,3,5,11,13,13,29,27,3598,1764,1834,155.64202334630352,141.74541411895498,0.0,8.337965536409115,5.558643690939411,0.0,153.0612244897959,158.12431842966194
2.0,2018,1,98,0,3,1,0,15,12,8,13,8,32,14,45,57,4077,1982,2095,250.18395879323035,240.3728231542801,0.0,7.358351729212656,2.452783909737552,0.0,287.5882946518668,214.79713603818615
2.0,2018,2,72,0,3,2,2,9,7,7,21,10,16,9,33,46,4077,1982,2095,193.76992886926664,176.60044150110375,0.0,7.358351729212656,4.905567819475104,4.905567819475104,232.0887991927346,157.5178997613365
2.0,2019,1,20,0,2,0,1,7,4,3,2,0,4,3,9,14,4483,2177,2306,51.30492973455275,44.61298237787196,0.0,4.461298237787196,0.0,2.230649118893598,64.30868167202573,39.028620988725066
3.0,2015,1,1,0,1,1,1,1,0,0,1,1,1,0,1,3,1886,911,975,21.208907741251327,5.302226935312832,0.0,5.302226935312832,5.302226935312832,5.302226935312832,32.93084522502744,10.256410256410257
3.0,2015,2,7,0,0,0,0,0,0,0,0,1,2,4,4,3,1886,911,975,37.11558854718982,37.11558854718982,0.0,0.0,0.0,0.0,32.93084522502744,41.02564102564103
3.0,2016,1,7,0,0,0,0,1,4,1,0,0,0,1,3,4,1941,937,1004,36.06388459556929,36.06388459556929,0.0,0.0,0.0,0.0,42.68943436499467,29.8804780876494
3.0,2016,2,11,0,0,0,0,1,2,2,4,0,1,1,4,7,1941,937,1004,56.67181865018032,56.67181865018032,0.0,0.0,0.0,0.0,74.70651013874065,39.8406374501992
3.0,2017,1,13,0,0,0,0,2,3,1,1,1,3,2,6,7,1996,964,1032,65.13026052104208,65.13026052104208,0.0,0.0,0.0,0.0,72.61410788381743,58.13953488372093
3.0,2017,2,16,0,0,0,1,2,1,2,2,4,3,3,6,11,1996,964,1032,85.17034068136272,80.16032064128255,0.0,0.0,0.0,5.0100200400801596,114.10788381742738,58.13953488372093
3.0,2018,1,38,0,0,1,0,7,2,1,3,5,17,4,18,21,2048,988,1060,190.4296875,185.546875,0.0,0.0,4.8828125,0.0,212.5506072874494,169.81132075471697
3.0,2018,2,28,0,0,1,0,8,3,2,2,4,8,2,10,19,2048,988,1060,141.6015625,136.71875,0.0,0.0,4.8828125,0.0,192.30769230769232,94.33962264150944
3.0,2019,1,8,0,0,0,0,2,0,2,0,1,1,2,3,5,2323,1124,1199,34.438226431338784,34.438226431338784,0.0,0.0,0.0,0.0,44.48398576512456,25.0208507089241
9.0,2015,1,123,8,13,11,5,24,27,20,22,21,28,18,51,109,114369,54372,59997,13.989804929657513,10.754662539674213,0.6994902464828756,1.1366716505346728,0.9617990889139539,0.4371814040517973,20.047083057456042,8.500425021251063
9.0,2015,2,83,2,22,9,1,17,7,12,16,20,27,18,53,64,114369,54372,59997,10.230044854812055,7.257211307259834,0.1748725616207189,1.9235981778279079,0.7869265272932351,0.08743628081035945,11.770764364010889,8.833775022084437
9.0,2016,1,99,6,67,11,8,29,26,27,25,34,23,27,107,84,115721,54943,60778,16.505215129492488,8.555059150888775,0.5184884333871985,5.78978750615705,0.9505621278765306,0.6913179111829314,15.288571792585044,17.605054460495573
9.0,2016,2,119,7,123,8,3,27,50,35,40,36,34,38,160,100,115721,54943,60778,22.46783211344527,10.283353928846106,0.604903172285065,10.62901288443757,0.6913179111829314,0.25924421669359926,18.200680705458385,26.325315081114876
9.0,2017,1,200,3,52,5,12,18,46,52,34,42,32,48,136,136,117135,55560,61575,23.22106970589491,17.074315960216843,0.25611473940325263,4.4393221496563795,0.42685789900542115,1.0244589576130105,24.478041756659465,22.08688591149005
9.0,2017,2,297,4,84,12,6,39,60,59,58,51,68,68,201,201,117135,55560,61575,34.404746659836945,25.355359200922013,0.3414863192043369,7.171212703291074,1.0244589576130105,0.5122294788065053,36.177105831533474,32.643118148599264
9.0,2018,1,289,4,34,28,11,38,52,48,61,56,47,64,152,213,119080,56578,62502,30.735639905945582,24.269398723547198,0.3359086328518643,2.8552233792408463,2.35136042996305,0.9237487403426269,37.64714199865672,24.319221784902886
9.0,2018,2,302,6,50,21,14,40,82,56,44,62,49,60,194,197,119080,56578,62502,33.00302317769567,25.361101780315753,0.5038629492777964,4.198857910648304,1.7635203224722877,1.175680214981525,34.81918767011913,31.039006751783944
9.0,2019,1,96,2,4,4,4,10,22,16,19,12,13,18,45,65,122844,58302,64542,8.954446289603073,7.814789489108137,0.1628081143564195,0.325616228712839,0.325616228712839,0.325616228712839,11.148845665671846,6.972204146137399
10.0,2015,1,99,2,8,4,0,12,24,15,17,18,15,12,51,62,26931,12379,14552,41.95908061341948,36.76061044892503,0.7426385949277784,2.9705543797111136,1.4852771898555568,0.0,50.08482106793764,35.046728971962615
10.0,2015,2,68,2,6,3,2,8,13,5,11,16,13,15,47,34,26931,12379,14552,30.076863094575025,25.249712227544464,0.7426385949277784,2.227915784783335,1.1139578923916675,0.7426385949277784,27.465869617901284,32.2979659153381
10.0,2016,1,84,1,13,4,3,8,16,15,22,14,18,12,48,57,28276,12981,15295,37.133965200169754,29.707172160135805,0.3536568114301882,4.597538548592445,1.4146272457207527,1.0609704342905646,43.91033048301364,31.382804838182413
10.0,2016,2,143,1,14,4,1,26,20,21,25,20,20,31,78,85,28276,12981,15295,57.64606026312067,50.5729240345169,0.3536568114301882,4.951195360022634,1.4146272457207527,0.3536568114301882,65.48031738695016,50.99705786204642
10.0,2017,1,154,2,1,2,2,13,24,24,23,26,29,22,60,101,29655,13597,16058,54.29101331984488,51.93053447985162,0.6744225257123588,0.3372112628561794,0.6744225257123588,0.6744225257123588,74.28109141722439,37.36455349358575
10.0,2017,2,276,0,1,6,2,21,44,41,52,49,25,53,125,160,29655,13597,16058,96.10520991401113,93.0703085483055,0.0,0.3372112628561794,2.0232675771370765,0.6744225257123588,117.67301610649409,77.84281977830365
10.0,2018,1,333,1,11,6,1,31,65,41,52,57,47,59,166,185,31194,14327,16867,112.84221324613708,106.75129832660127,0.32057446944925305,3.5263191639417837,1.9234468166955183,0.32057446944925305,129.12682348014238,98.41702733147567
10.0,2018,2,353,6,12,8,1,39,49,50,56,43,61,82,165,215,31194,14327,16867,121.81829839071617,113.16278771558633,1.9234468166955183,3.8468936333910366,2.5645957555940244,0.32057446944925305,150.06630836881413,97.8241536728523
10.0,2019,1,153,0,0,1,2,9,32,14,22,30,27,22,63,93,32844,15072,17772,47.4972597734746,46.58385093167702,0.0,0.0,0.3044696139325295,0.608939227865059,61.70382165605096,35.449020931802835
11.0,2015,1,96,5,16,1,3,19,21,16,16,19,21,9,54,67,68665,32719,35946,17.62178693657613,13.980921867035606,0.7281730139081045,2.3301536445059345,0.1456346027816209,0.4369038083448627,20.47739845349797,15.022533800701051
11.0,2015,2,70,8,10,2,3,13,17,12,10,15,11,15,35,58,68665,32719,35946,13.544018058690744,10.194422194713464,1.1650768222529673,1.456346027816209,0.2912692055632418,0.4369038083448627,17.726703138848986,9.736827463417349
11.0,2016,1,105,6,15,3,3,13,21,16,14,22,23,23,62,68,68372,32535,35837,19.306148715848593,15.357163751243199,0.8775522143567542,2.1938805358918856,0.4387761071783771,0.4387761071783771,20.90056861841094,17.30055529201663
11.0,2016,2,147,4,11,2,4,16,25,20,30,19,25,33,77,91,68372,32535,35837,24.57146200198912,21.50002925174048,0.5850348095711695,1.608845726320716,0.29251740478558474,0.5850348095711695,27.969878592285234,21.486173507827104
11.0,2017,1,156,5,17,2,2,14,28,15,25,34,28,38,91,91,68115,32377,35738,26.71951846142553,22.902444395507597,0.7340527049842179,2.495779196946341,0.29362108199368714,0.29362108199368714,28.10637180714705,25.463092506575634
11.0,2017,2,196,6,7,7,4,26,29,28,34,32,41,30,103,117,68115,32377,35738,32.29831901930559,28.774866035381343,0.8808632459810615,1.0276737869779051,1.0276737869779051,0.5872421639873743,36.13676375204621,28.820862947003192
11.0,2018,1,209,3,27,15,8,25,50,25,36,38,35,53,125,136,68168,32450,35718,38.43445604975942,30.65954700152564,0.440089191409459,3.9608027226851306,2.200445957047295,1.1735711770918906,41.91063174114022,34.996360378520635
11.0,2018,2,243,5,12,7,6,32,41,33,37,54,38,38,131,142,68168,32450,35718,40.04811641826077,35.647224504166175,0.7334819856824316,1.760356765637836,1.0268747799554043,0.880178382818918,43.759630200308166,36.67618567668962
11.0,2019,1,74,0,4,2,2,7,16,13,8,12,14,12,33,49,69583,33095,36488,11.784487590359713,10.634781483983156,0.0,0.5748530531882787,0.28742652659413936,0.28742652659413936,14.805861912675631,9.044069283051963
12.0,2015,1,124,1,10,5,4,19,21,24,23,17,17,23,60,84,58543,26971,31572,24.597304545376904,21.18101224740789,0.1708146148984507,1.7081461489845071,0.8540730744922536,0.6832584595938028,31.14456267843239,19.004180919802355
12.0,2015,2,101,3,6,3,3,17,16,19,18,15,16,15,40,76,58543,26971,31572,19.814495328220286,17.252276104743522,0.5124438446953521,1.0248876893907042,0.5124438446953521,0.5124438446953521,28.17841385191502,12.669453946534905
12.0,2016,1,171,0,5,8,3,15,29,24,35,29,27,28,71,116,58538,26946,31592,31.945061327684584,29.2117940483105,0.0,0.8541460248044005,1.3666336396870409,0.5124876148826404,43.04906108513323,22.474044061787797
12.0,2016,2,182,1,5,8,4,21,32,34,26,33,23,31,82,118,58538,26946,31592,34.16584099217602,31.09091530288018,0.1708292049608801,0.8541460248044005,1.3666336396870409,0.6833168198435204,43.79128627625622,25.955938212205623
12.0,2017,1,203,4,7,9,4,24,27,29,41,28,30,48,75,152,58553,26936,31617,38.76829539050092,34.66944477652725,0.6831417689956107,1.195498095742319,1.5370689802401243,0.6831417689956107,56.43005643005643,23.721415694088623
12.0,2017,2,351,3,5,11,4,29,57,42,68,67,56,55,165,209,58553,26936,31617,63.87375540108961,59.94569022936485,0.5123563267467081,0.8539272112445135,1.8786398647379299,0.6831417689956107,77.5913275913276,52.18711452699497
12.0,2018,1,471,0,19,8,5,33,80,79,88,88,59,76,223,280,58835,27123,31712,85.49332880088382,80.05438939406817,0.0,3.2293702727968046,1.3597348517039176,0.8498342823149486,103.2334181322125,70.32038345105953
12.0,2018,2,436,3,15,17,5,47,73,59,66,89,60,82,217,259,58835,27123,31712,80.9042236763831,74.10554941786351,0.5099005693889691,2.5495028469448457,2.889436559870825,0.8498342823149486,95.49091177229657,68.42835519677094
12.0,2019,1,146,2,1,6,2,16,28,17,31,22,16,27,67,90,60120,27692,32428,26.114437791084498,24.28476380572189,0.332667997338656,0.166333998669328,0.998003992015968,0.332667997338656,32.5003611151235,20.66115702479339
13.0,2015,1,269,1,15,6,3,26,46,33,49,46,38,56,112,182,119423,52795,66628,24.618373345168017,22.524974251191143,0.08373596375907488,1.2560394563861232,0.5024157825544493,0.25120789127722465,34.47296145468321,16.809749654799784
13.0,2015,2,218,0,24,4,2,32,30,22,37,34,42,51,115,133,119423,52795,66628,20.766519012250573,18.254440099478327,0.0,2.009663130217797,0.33494385503629953,0.16747192751814977,25.191779524576187,17.260010806267637
13.0,2016,1,325,0,19,4,2,35,56,43,68,51,51,46,155,195,120487,53278,67209,29.048777046486343,26.973864400308745,0.0,1.576933611094973,0.3319860233884153,0.16599301169420766,36.60047299072788,23.06238747786755
13.0,2016,2,331,2,12,6,0,38,43,46,58,61,49,56,138,213,120487,53278,67209,29.13177355233345,27.47184343539137,0.16599301169420766,0.9959580701652461,0.49797903508262303,0.0,39.978978189871995,20.532964335133688
13.0,2017,1,508,0,9,16,2,53,81,70,80,113,67,71,212,323,121615,53809,67806,43.99128396990503,41.77116309665749,0.0,0.7400402910825145,1.3156271841466924,0.16445339801833656,60.027133007489454,31.265669704745896
13.0,2017,2,749,0,14,8,5,72,123,89,124,122,111,135,321,455,121615,53809,67806,63.80791843111459,61.587797557867034,0.0,1.1511737861283557,0.6578135920733462,0.4111334950458414,84.55834525822819,47.34094327935581
13.0,2018,1,977,0,7,10,5,80,153,121,183,175,104,183,481,518,123293,54733,68560,81.02649785470383,79.24213053458023,0.0,0.567753238221148,0.81107605460164,0.40553802730082,94.6412584729505,70.15752625437574
13.0,2018,2,1082,1,16,13,2,84,187,149,169,182,136,207,502,612,123293,54733,68560,90.35387248262269,87.75842910789744,0.081107605460164,1.297721687362624,1.054398870982132,0.162215210920328,111.81554089854384,73.22053675612602
13.0,2019,1,390,0,5,1,3,36,65,54,68,68,42,66,176,223,126708,56234,70474,31.489724405720242,30.779429870252862,0.0,0.3946080752596521,0.07892161505193042,0.23676484515579127,39.655724294910556,24.973749184096263
14.0,2015,1,148,2,10,1,4,10,25,24,30,29,20,27,61,104,39067,18187,20880,42.23513451250416,37.883635805155244,0.5119410243939898,2.559705121969949,0.2559705121969949,1.0238820487879796,57.18370264474625,29.214559386973182
14.0,2015,2,104,0,5,1,6,8,19,17,16,18,19,19,50,66,39067,18187,20880,29.69257941485141,26.620933268487473,0.0,1.2798525609849745,0.2559705121969949,1.5358230731819693,36.28965744762743,23.946360153256702
14.0,2016,1,150,0,9,0,3,26,27,12,27,26,20,24,62,100,39260,18344,20916,41.26337238920021,38.20682628629648,0.0,2.2924095771777893,0.0,0.7641365257259297,54.51373746184038,29.6423790399694
14.0,2016,2,164,0,13,3,2,19,29,27,28,20,25,34,80,102,39260,18344,20916,46.35761589403974,41.77279673968415,0.0,3.3112582781456954,0.7641365257259297,0.5094243504839532,55.60401221107719,38.248231019315355
14.0,2017,1,286,0,8,7,5,23,44,36,55,47,38,63,143,163,39473,18517,20956,77.52134370329085,72.4545892128797,0.0,2.026701796164467,1.7733640716439085,1.2666886226027918,88.02721823189502,68.23821339950372
14.0,2017,2,404,1,7,5,4,28,72,53,59,58,49,102,198,223,39473,18517,20956,106.65518202315506,102.34844070630557,0.25333772452055836,1.7733640716439085,1.2666886226027918,1.0133508980822334,120.42987524977048,94.48368009162053
14.0,2018,1,470,1,5,5,0,31,81,56,62,99,58,94,225,256,39868,18825,21043,120.64813885823217,117.8890338115782,0.2508277315139962,1.254138657569981,1.254138657569981,0.0,135.98937583001327,106.92391769234425
14.0,2018,2,535,1,13,2,6,40,88,76,93,91,73,96,267,290,39868,18825,21043,139.7110464532959,134.19283635998795,0.2508277315139962,3.2607605096819507,0.5016554630279924,1.5049663890839773,154.05046480743692,126.88304899491517
14.0,2019,1,191,0,0,0,1,18,27,21,50,33,15,28,94,98,40865,19334,21531,46.983971613850485,46.739263428361674,0.0,0.0,0.0,0.2447081854888046,50.68790731354091,43.65798151502485
15.0,2015,1,91,0,3,0,1,10,12,15,10,14,15,19,40,55,24875,11083,13792,38.19095477386935,36.58291457286432,0.0,1.2060301507537687,0.0,0.4020100502512563,49.62555264819994,29.00232018561485
15.0,2015,2,51,0,5,2,0,4,9,10,7,14,6,8,25,33,24875,11083,13792,23.316582914572866,20.50251256281407,0.0,2.0100502512562812,0.8040201005025126,0.0,29.77533158891997,18.12645011600928
15.0,2016,1,77,1,4,0,1,8,19,16,9,12,12,7,33,50,24687,11016,13671,33.62093409486774,31.190505124154413,0.4050714951188885,1.620285980475554,0.0,0.4050714951188885,45.38852578068265,24.138687733157777
15.0,2016,2,88,0,0,1,0,7,19,10,10,14,12,17,34,55,24687,11016,13671,36.05136306558108,35.64629157046219,0.0,0.0,0.4050714951188885,0.0,49.92737835875091,24.870163119011046
15.0,2017,1,112,0,1,1,0,10,33,14,11,16,12,18,51,63,24508,10957,13551,46.51542353517219,45.69936347315162,0.0,0.4080300310102824,0.4080300310102824,0.0,57.497490188920324,37.63559884879345
15.0,2017,2,259,0,1,4,0,17,47,31,46,49,44,30,109,155,24508,10957,13551,107.71992818671454,105.67977803166312,0.0,0.4080300310102824,1.6321201240411296,0.0,141.46207903623255,80.43686812781345
15.0,2018,1,311,1,3,2,1,32,45,30,54,58,42,57,160,158,24440,10977,13463,130.11456628477904,127.25040916530278,0.4091653027823241,1.227495908346972,0.8183306055646482,0.4091653027823241,143.93732349457957,118.84423976825374
15.0,2018,2,284,0,6,4,1,10,52,40,48,48,35,62,146,149,24440,10977,13463,120.7037643207856,116.20294599018003,0.0,2.454991816693944,1.6366612111292964,0.4091653027823241,135.73836202969846,108.44536878853154
15.0,2019,1,92,0,0,1,0,6,11,13,22,17,10,14,46,47,24929,11192,13737,37.30594889486141,36.904809659432786,0.0,0.0,0.4011392354286173,0.0,41.99428162973553,33.486205139404525
16.0,2015,1,245,3,20,2,6,24,45,32,35,53,36,51,122,153,65473,29173,36300,42.15478136025537,37.42000519298031,0.45820414522016706,3.0546943014677805,0.3054694301467781,0.9164082904403341,52.44575463613615,33.608815426997246
16.0,2015,2,232,0,14,5,5,15,37,37,45,49,29,44,120,136,65473,29173,36300,39.100087058787594,35.43445389702625,0.0,2.1382860110274464,0.7636735753669451,0.7636735753669451,46.618448565454365,33.05785123966942
16.0,2016,1,309,1,11,3,10,30,53,43,59,50,38,61,136,198,66113,29506,36607,50.51956498721886,46.73816042230726,0.15125618259646365,1.6638180085611,0.4537685477893909,1.5125618259646365,67.10499559411646,37.15136449312973
16.0,2016,2,379,1,9,1,6,30,67,43,64,62,62,68,167,229,66113,29506,36607,59.8974483081996,57.32609320405972,0.15125618259646365,1.3613056433681727,0.15125618259646365,0.9075370955787818,77.61133328814478,45.61969022318136
16.0,2017,1,493,2,7,7,9,38,93,56,84,88,71,88,232,286,66787,29864,36923,77.56000419243266,73.81676074685193,0.29945947564645814,1.0481081647626034,1.0481081647626034,1.3475676404090615,95.76747923921779,62.833464236383826
16.0,2017,2,1025,0,5,8,12,87,158,122,162,167,152,202,479,571,66787,29864,36923,157.21622471439053,153.4729812688098,0.0,0.7486486891161455,1.1978379025858326,1.7967568538787488,191.20010715242432,129.72943693632695
16.0,2018,1,1183,2,9,6,3,80,194,155,185,183,151,255,574,629,67760,30437,37323,177.53837072018888,174.58677685950414,0.29515938606847697,1.3282172373081464,0.885478158205431,0.4427390791027155,206.65637217859842,153.79256758567104
16.0,2018,2,1224,0,6,4,4,77,211,172,198,208,141,231,567,670,67760,30437,37323,182.70365997638726,180.6375442739079,0.0,0.885478158205431,0.5903187721369539,0.5903187721369539,220.1268193317344,151.9170484687726
16.0,2019,1,446,0,2,1,0,25,81,70,67,82,46,78,201,247,69695,31338,38357,64.4235597962551,63.993112848841385,0.0,0.2869646316091542,0.1434823158045771,0.0,78.81804837577381,52.402429804207834
17.0,2015,1,121,1,4,8,1,20,25,12,22,18,19,19,49,86,47809,22292,25517,28.2373611663076,25.309042230542367,0.20916563826894516,0.8366625530757806,1.6733251061515613,0.20916563826894516,38.57886237215144,19.20288435160873
17.0,2015,2,87,0,9,6,1,12,13,9,16,22,18,13,53,50,47809,22292,25517,21.544060741701355,18.19741052939823,0.0,1.8824907444205066,1.254993829613671,0.20916563826894516,22.429571146599677,20.770466747658425
17.0,2016,1,116,1,5,9,0,14,20,10,23,19,26,19,52,79,47566,22136,25430,27.540680317874113,24.387167304377076,0.2102342008998024,1.051171004499012,1.8921078080982214,0.0,35.688471268521866,20.448289421942587
17.0,2016,2,101,2,3,7,0,8,15,6,18,20,21,25,52,61,47566,22136,25430,23.75646470167767,21.233654290880043,0.4204684017996048,0.630702602699407,1.4716394062986167,0.0,27.55692085290929,20.448289421942587
17.0,2017,1,203,3,5,5,1,26,26,38,36,27,26,38,100,117,47320,21979,25341,45.85798816568047,42.899408284023664,0.6339814032121724,1.0566356720202874,1.0566356720202874,0.21132713440405748,53.232631147913914,39.461741841284876
17.0,2017,2,288,0,6,7,2,30,52,28,42,49,51,51,149,154,47320,21979,25341,64.03212172442942,60.862214708368555,0.0,1.267962806424345,1.4792899408284024,0.42265426880811496,70.06688202374994,58.797995343514465
17.0,2018,1,420,1,13,8,5,36,61,56,74,56,73,91,202,245,47245,21911,25334,94.61318658059054,88.89829611599112,0.21166260979997883,2.751613927399725,1.6933008783998307,1.0583130489998942,111.81598283966957,79.73474382253099
17.0,2018,2,359,1,6,6,1,36,58,49,59,59,56,56,156,217,47245,21911,25334,78.9501534553921,75.9868769181924,0.21166260979997883,1.269975658799873,1.269975658799873,0.21166260979997883,99.03701337227876,61.57732691244968
17.0,2019,1,153,0,6,3,1,18,35,16,29,25,20,20,75,88,49227,22838,26389,33.11191013061938,31.080504601133526,0.0,1.2188433176915108,0.6094216588457554,0.2031405529485851,38.53227077677555,28.42093296449278
18.0,2015,1,76,1,7,5,1,11,10,14,20,9,15,11,34,56,76331,35537,40794,11.790753429144123,9.956636229055036,0.13100837143493468,0.9170586000445428,0.6550418571746734,0.13100837143493468,15.758223823057657,8.334559003775064
18.0,2015,2,57,1,5,5,5,12,14,11,7,7,11,11,33,40,76331,35537,40794,9.563611114750232,7.467477171791278,0.13100837143493468,0.6550418571746734,0.6550418571746734,0.6550418571746734,11.255874159326899,8.08942491542874
18.0,2016,1,112,2,11,9,3,14,31,16,14,15,19,28,60,77,78362,36404,41958,17.482963681376177,14.292641841708992,0.2552257471733749,1.4037416094535615,1.1485158622801868,0.3828386207600623,21.151521810790022,14.3000143000143
18.0,2016,2,112,1,10,7,0,20,15,23,21,11,21,19,52,78,78362,36404,41958,16.589673566269365,14.292641841708992,0.12761287358668744,1.2761287358668743,0.893290115106812,0.0,21.42621689924184,12.39334572667906
18.0,2017,1,187,1,9,14,4,29,42,27,28,33,21,35,81,134,80402,37271,43131,26.740628342578542,23.258127907265987,0.12437501554687694,1.1193751399218925,1.7412502176562772,0.49750006218750775,35.9528856215288,18.779995826667594
18.0,2017,2,293,0,10,18,1,39,41,30,47,49,62,54,115,207,80402,37271,43131,40.048755006094375,36.44187955523495,0.0,1.2437501554687693,2.238750279843785,0.12437501554687694,55.53915913176465,26.6629570378614
18.0,2018,1,330,1,16,6,3,34,48,45,68,52,46,63,144,212,82735,38291,44444,43.028947845530915,39.88638423883483,0.12086783102677223,1.9338852964283557,0.7252069861606333,0.36260349308031664,55.365490585255024,32.40032400324004
18.0,2018,2,351,1,10,21,1,40,56,59,53,58,52,66,158,225,82735,38291,44444,46.41324711428053,42.42460869039705,0.12086783102677223,1.2086783102677223,2.538224451562217,0.12086783102677223,58.76054425321877,35.55035550355504
18.0,2019,1,111,0,4,1,1,13,15,17,24,21,11,16,45,72,87900,40683,47217,13.310580204778155,12.627986348122866,0.0,0.45506257110352677,0.11376564277588169,0.11376564277588169,17.69780989602537,9.53046572209162
19.0,2015,1,137,1,16,10,4,26,18,23,19,33,24,25,75,93,96569,44374,52195,17.396887199826033,14.186747299858133,0.10355289999896447,1.6568463999834315,1.0355289999896446,0.4142115999958579,20.958218776761164,14.369192451384233
19.0,2015,2,135,2,11,2,2,18,19,22,24,20,28,21,63,89,96569,44374,52195,15.7400407998426,13.979641499860204,0.20710579999792894,1.1390818999886092,0.20710579999792894,0.20710579999792894,20.056790012169287,12.070121659162755
19.0,2016,1,180,1,10,14,4,17,36,23,37,34,28,34,90,119,96516,44279,52237,21.654440714492935,18.649757553151808,0.10360976418417671,1.0360976418417671,1.450536698578474,0.41443905673670683,26.875042345129746,17.22916706548998
19.0,2016,2,210,3,12,8,6,15,38,40,43,38,17,48,82,157,96516,44279,52237,24.762733640018237,21.75805047867711,0.3108292925525301,1.2433171702101204,0.8288781134734137,0.6216585851050602,35.45698864021319,15.697685548557535
19.0,2017,1,303,3,8,7,8,30,57,47,50,58,41,46,140,189,96457,44191,52266,34.10846283836321,31.41296121587858,0.3110194179789958,0.8293851146106556,0.7257119752843235,0.8293851146106556,42.768889592903534,26.78605594459113
19.0,2017,2,615,1,5,12,6,52,121,76,111,101,72,106,267,372,96457,44191,52266,66.24713602952612,63.75898068569415,0.10367313932633195,0.5183656966316598,1.2440776719159832,0.6220388359579916,84.18003665904823,51.08483526575594
19.0,2018,1,763,2,14,13,6,80,129,95,136,124,102,132,364,434,96752,44278,52474,82.4789151645444,78.86141888539773,0.20671407309409626,1.4469985116586737,1.3436414751116257,0.6201422192822887,98.01707394191246,69.3676868544422
19.0,2018,2,767,1,13,23,7,69,143,93,124,127,98,157,367,444,96752,44278,52474,83.82255663965603,79.2748470315859,0.10335703654704813,1.3436414751116257,2.377211840582107,0.7234992558293368,100.27553186684132,69.9393985592865
19.0,2019,1,277,0,0,9,0,21,56,48,31,46,27,57,136,150,100927,46205,54722,28.337313107493536,27.445579478236745,0.0,0.0,0.8917336292567896,0.0,32.46401904555784,24.8528928036256
20.0,2015,1,105,1,10,2,2,9,17,17,18,27,12,20,53,67,40161,18050,22111,29.879734070366776,26.14476731157093,0.2489977839197231,2.4899778391972314,0.4979955678394462,0.4979955678394462,37.119113573407205,23.969969698340194
20.0,2015,2,97,0,11,2,2,13,12,19,14,26,12,16,43,69,40161,18050,22111,27.88775179900899,24.152785040213143,0.0,2.738975623116954,0.4979955678394462,0.4979955678394462,38.227146814404435,19.447333906200534
20.0,2016,1,163,1,1,1,4,12,32,26,33,23,19,25,64,106,39891,17936,21955,42.61612895139254,40.86134717104109,0.2506831114787797,0.2506831114787797,0.2506831114787797,1.0027324459151188,59.099018733273866,29.15053518560692
20.0,2016,2,123,0,3,0,6,10,22,21,22,19,21,17,62,70,39891,17936,21955,33.090170715198916,30.8340227118899,0.0,0.752049334436339,0.0,1.504098668872678,39.02765388046387,28.23958096105671
20.0,2017,1,261,0,4,2,4,23,50,35,50,41,28,44,103,168,39630,17827,21803,68.38253848094878,65.85919757759274,0.0,1.0093363613424173,0.5046681806712087,1.0093363613424173,94.23907555954452,47.241205338714856
20.0,2017,2,415,0,7,7,10,25,69,59,76,79,57,74,180,259,39630,17827,21803,110.7746656573303,104.71864748927581,0.0,1.7663386323492303,1.7663386323492303,2.5233409033560434,145.2852414876311,82.55744622299683
20.0,2018,1,459,0,3,6,4,17,78,64,80,78,60,95,200,272,39506,17788,21718,119.47552270541183,116.18488330886449,0.0,0.75937832228016,1.51875664456032,1.01250442970688,152.91207555655498,92.08951100469658
20.0,2018,2,514,0,3,3,5,23,91,66,107,84,59,95,221,304,39506,17788,21718,132.891206399028,130.10681921733408,0.0,0.75937832228016,0.75937832228016,1.2656305371335999,170.901731504385,101.7589096601897
20.0,2019,1,171,0,1,1,1,15,28,21,33,29,24,24,70,104,41140,18539,22601,42.29460379193,41.56538648517259,0.0,0.24307243558580455,0.24307243558580455,0.24307243558580455,56.097955661038895,30.97208088137693
21.0,2015,1,115,0,10,1,3,10,20,20,21,26,14,18,53,76,27856,12709,15147,46.309592188397474,41.28374497415279,0.0,3.5898908673176337,0.3589890867317634,1.07696726019529,59.80014163191439,34.99042714728989
21.0,2015,2,108,0,9,1,5,8,16,22,22,21,17,17,54,69,27856,12709,15147,44.155657668006896,38.77082136703044,0.0,3.2309017805858704,0.3589890867317634,1.7949454336588169,54.29223385002754,35.650623885918
21.0,2016,1,162,1,8,3,6,16,25,20,33,34,26,26,71,109,27482,12497,14985,65.49741649079398,58.94767484171458,0.3638745360599665,2.910996288479732,1.0916236081798996,2.183247216359799,87.22093302392575,47.380714047380714
21.0,2016,2,177,0,1,5,5,6,38,26,37,26,24,31,80,108,27482,12497,14985,68.4084127792737,64.40579288261408,0.0,0.3638745360599665,1.8193726802998327,1.8193726802998327,86.42074097783468,53.386720053386725
21.0,2017,1,278,1,6,4,7,19,45,37,47,54,38,56,114,182,27237,12344,14893,108.6756984983662,102.06704115724934,0.367147630062048,2.202885780372288,1.468590520248192,2.570033410434336,147.4400518470512,76.54602833545961
21.0,2017,2,446,0,9,3,7,29,81,62,78,87,50,78,191,274,27237,12344,14893,170.72364797885228,163.74784300767337,0.0,3.304328670558432,1.101442890186144,2.570033410434336,221.97018794556058,128.24817028134024
21.0,2018,1,517,0,12,5,3,18,84,88,95,102,55,95,235,302,27253,11949,15304,197.04252742817306,189.7038858107364,0.0,4.403184970461968,1.834660404359153,1.100796242615492,252.7408151309733,153.5546262415055
21.0,2018,2,515,1,7,6,4,28,82,63,89,96,67,108,241,292,27253,11949,15304,195.57479910468572,188.97002164899277,0.3669320808718306,2.5685245661028144,2.201592485230984,1.4677283234873224,244.37191396769603,157.47516989022478
21.0,2019,1,185,0,2,2,2,14,29,25,33,32,18,40,86,105,28368,12669,15699,67.32938522278624,65.21432600112803,0.0,0.7050197405527355,0.7050197405527355,0.7050197405527355,82.87946957139475,54.78055927129117
22.0,2015,1,190,3,28,24,16,29,45,41,41,28,32,45,93,168,65712,31865,33847,39.71877282688094,28.914049184319452,0.4565376186997809,4.261017774531288,3.652300949598247,2.4348672997321645,52.7224227208536,27.476585812627413
22.0,2015,2,191,2,19,10,16,22,39,29,50,38,29,31,83,155,65712,31865,33847,36.21865108351595,29.066228390552716,0.30435841246652057,2.8914049184319457,1.521792062332603,2.4348672997321645,48.642711438882785,24.522114219871774
22.0,2016,1,250,3,23,12,16,24,52,46,54,56,27,45,97,207,65061,31544,33517,46.7253807964833,38.42547762868693,0.4611057315442431,3.535143941839197,1.8444229261769725,2.4592305682359634,65.62262236875475,28.94053763761673
22.0,2016,2,240,1,17,16,14,26,49,43,38,41,41,50,115,173,65061,31544,33517,44.266150228247334,36.88845852353945,0.1537019105147477,2.6129324787507104,2.4592305682359634,2.1518267472064676,54.84402739031195,34.310946683772414
22.0,2017,1,392,2,26,22,16,37,71,53,93,75,72,57,170,288,64694,31352,33342,70.79481868488577,60.5929452499459,0.30914767984666275,4.018919838006616,3.40062447831329,2.473181438773302,91.86016841030875,50.98674344670386
22.0,2017,2,573,2,36,18,16,64,123,70,91,95,91,111,278,367,64694,31352,33342,99.70012675054873,88.57081027606888,0.30914767984666275,5.564658237239929,2.7823291186199643,2.473181438773302,117.05792293952538,83.37832163637454
22.0,2018,1,531,2,13,16,11,48,88,71,85,111,60,110,239,334,64814,30527,34287,88.40682568580861,81.92674422192736,0.30857530780386955,2.0057395007251517,2.4686024624309564,1.6971641929212824,109.41134078029286,69.705719368857
22.0,2018,2,661,1,16,28,5,68,108,107,110,105,94,119,289,422,64814,30527,34287,109.69852192427562,101.98413922917888,0.15428765390193477,2.4686024624309564,4.320054309254174,0.7714382695096739,138.23828086611852,84.28850584769738
22.0,2019,1,211,0,3,9,3,17,40,36,43,41,20,29,97,129,67629,32457,35172,33.41761670289373,31.199633293409633,0.0,0.44359668189681944,1.3307900456904582,0.44359668189681944,39.744893243368146,27.578755828499943
23.0,2015,1,53,0,5,5,3,15,7,8,11,10,9,6,25,41,48068,22299,25769,13.730548389781143,11.026046434218191,0.0,1.040193059831905,1.040193059831905,0.6241158358991429,18.386474729808512,9.701579417129109
23.0,2015,2,30,0,15,4,0,8,8,4,7,10,4,8,21,28,48068,22299,25769,10.193891986352668,6.241158358991428,0.0,3.120579179495714,0.8321544478655238,0.0,12.556616888649716,8.14932671038845
23.0,2016,1,68,0,9,5,2,10,14,7,21,8,15,9,27,57,49615,22988,26627,16.930363801269777,13.705532601027915,0.0,1.8139675501360475,1.007759750075582,0.4031039000302328,24.795545502001044,10.140083374018854
23.0,2016,2,70,1,3,9,3,12,15,11,11,12,13,12,28,58,49615,22988,26627,17.33346770130001,14.108636501058147,0.2015519500151164,0.6046558500453492,1.8139675501360475,0.6046558500453492,25.23055507221159,10.515642017501031
23.0,2017,1,100,0,2,6,3,17,15,10,16,12,20,21,46,65,51171,23683,27488,21.69197396963124,19.542318891559674,0.0,0.39084637783119347,1.1725391334935802,0.5862695667467901,27.445847232191866,16.734575087310827
23.0,2017,2,206,0,3,5,4,36,19,19,20,34,49,41,93,125,51171,23683,27488,42.602255183600086,40.25717691661292,0.0,0.5862695667467901,0.9771159445779836,0.7816927556623869,52.78047544652283,33.83294528521537
23.0,2018,1,231,0,6,4,1,30,27,36,30,36,47,36,123,119,52913,24468,28445,45.73545253529378,43.656568329144065,0.0,1.1339368397180276,0.7559578931453519,0.18898947328633797,48.6349517737453,43.24134294252066
23.0,2018,2,252,0,5,6,4,31,25,34,27,39,58,53,124,143,52913,24468,28445,50.46018936745223,47.625347268157164,0.0,0.9449473664316898,1.1339368397180276,0.7559578931453519,58.44368154324015,43.59289857619969
23.0,2019,1,105,0,1,2,0,18,12,12,15,11,29,11,57,51,56335,26066,30269,19.171030442886305,18.638501819472797,0.0,0.17750954113783618,0.35501908227567236,0.0,19.565717793293945,18.831147378506063
24.0,2015,1,153,1,33,6,6,33,35,29,14,31,24,33,95,104,75777,34662,41115,26.261266611240877,20.190823072964093,0.1319661638755823,4.354883407894215,0.7917969832534938,0.7917969832534938,30.004039005250707,23.105922412744743
24.0,2015,2,133,3,28,14,4,22,24,26,22,25,32,31,77,105,75777,34662,41115,24.01784182535598,17.551499795452447,0.3958984916267469,3.6950525885163046,1.8475262942581523,0.5278646555023292,30.292539380301193,18.72795816611942
24.0,2016,1,178,1,26,3,5,21,35,25,32,29,35,36,108,104,75953,34712,41241,28.043658578331335,23.43554566639896,0.1316603689123537,3.423169591721196,0.39498110673706105,0.6583018445617685,29.960820465545055,26.187531825125482
24.0,2016,2,197,0,21,11,8,28,38,26,38,41,32,34,95,142,75953,34712,41241,31.203507432227823,25.937092675733677,0.0,2.7648677471594274,1.4482640580358905,1.0532829512988295,40.90804332795575,23.035328920249267
24.0,2017,1,289,1,44,9,4,50,45,46,62,45,49,50,165,182,76133,34768,41365,45.57813300408496,37.959885988992944,0.1313490864671036,5.779359804552559,1.1821417782039325,0.5253963458684144,52.34698573400828,39.88879487489424
24.0,2017,2,404,1,56,14,7,55,76,68,82,67,54,80,225,257,76133,34768,41365,63.31025967714395,53.06503093270986,0.1313490864671036,7.355548842157803,1.8388872105394507,0.9194436052697254,73.91854578923147,54.393811193037585
24.0,2018,1,454,2,17,4,8,54,84,55,79,77,69,67,213,272,76588,34962,41626,63.32584739123622,59.278215908497415,0.2611375150154071,2.2196688776309603,0.5222750300308142,1.0445500600616284,77.79875293175448,51.169941863258536
24.0,2018,2,582,1,14,11,8,43,113,88,99,100,74,99,293,323,76588,34962,41626,80.43035462474538,75.99101686948347,0.13056875750770355,1.8279626051078497,1.436256332584739,1.0445500600616284,92.38601910645845,70.3886993705857
24.0,2019,1,164,0,4,5,3,15,36,20,26,28,28,23,72,104,80003,36556,43447,21.99917503093634,20.499231278827043,0.0,0.4999812507030986,0.6249765633788733,0.374985938027324,28.449502133712663,16.571915207033857
25.0,2015,1,78,0,9,3,1,9,14,12,14,15,10,17,40,50,37653,17113,20540,24.16806097787693,20.715480838180223,0.0,2.390247789020795,0.7967492630069317,0.2655830876689772,29.217553906386957,19.474196689386563
25.0,2015,2,69,0,2,4,5,8,7,13,17,11,11,13,30,50,37653,17113,20540,21.246647013518178,18.32523304915943,0.0,0.5311661753379544,1.0623323506759088,1.3279154383448861,29.217553906386957,14.605647517039921
25.0,2016,1,112,0,2,3,5,12,17,13,14,32,11,23,47,75,38573,17512,21061,31.628341067586135,29.035854094833173,0.0,0.5184973945505924,0.7777460918258886,1.2962434863764811,42.82777523983554,22.31612933858791
25.0,2016,2,94,0,3,6,2,5,24,4,14,18,19,21,36,69,38573,17512,21061,27.2211132139061,24.369377543877842,0.0,0.7777460918258886,1.5554921836517772,0.5184973945505924,39.401553220648694,17.093205450833295
25.0,2017,1,191,2,11,6,6,22,34,28,30,25,36,41,85,131,39491,17913,21578,54.69600668506748,48.36545035577727,0.5064445063432175,2.7854447848876958,1.5193335190296522,1.5193335190296522,73.13124546418803,39.391973306145154
25.0,2017,2,261,1,21,11,6,31,44,30,57,58,37,43,131,168,39491,17913,21578,75.96667595148261,66.09100807778988,0.25322225317160874,5.317667316603783,2.7854447848876958,1.5193335190296522,93.78663540445486,60.70998238947076
25.0,2018,1,250,2,3,4,5,10,46,37,40,51,40,40,109,155,40557,18384,22173,65.09357200976403,61.641640160761405,0.4931331212860912,0.7396996819291368,0.9862662425721824,1.232832803215228,84.3124456048738,49.158886934560044
25.0,2018,2,296,0,12,4,4,27,56,37,48,60,32,56,129,187,40557,18384,22173,77.91503316320241,72.9837019503415,0.0,2.9587987277165473,0.9862662425721824,0.9862662425721824,101.7188859878155,58.17886618860776
25.0,2019,1,123,0,2,2,0,2,29,21,20,22,10,23,57,70,42823,19418,23405,29.656960044835717,28.722882563108612,0.0,0.4670387408635546,0.4670387408635546,0.0,36.04902667627974,24.35377056184576
26.0,2015,1,150,5,22,26,38,23,32,30,43,45,33,35,70,170,100458,47763,52695,23.990125226462798,14.93161321149137,0.49772044038304564,2.189969937685401,2.5881462899918373,3.7826753469111467,35.59240416221761,13.283992788689629
26.0,2015,2,208,5,14,26,28,34,42,35,42,42,41,45,98,183,100458,47763,52695,27.971888749527164,20.705170319934698,0.49772044038304564,1.3936172330725278,2.5881462899918373,2.7872344661450557,38.314176245210724,18.59758990416548
26.0,2016,1,334,5,15,22,24,35,69,53,65,60,53,65,149,251,99846,47464,52382,40.06169501031589,33.45151533361376,0.5007711876289486,1.5023135628868458,2.203393225567374,2.403701700618953,52.882184392381596,28.44488564774159
26.0,2016,2,313,2,16,26,21,30,67,50,63,49,57,62,151,227,99846,47464,52382,37.85830178474851,31.34827634557218,0.20030847505157945,1.6024678004126356,2.604010175670533,2.1032389880415843,47.8257205460981,28.82669619334886
26.0,2017,1,559,3,29,19,31,65,99,86,110,102,84,95,276,365,99412,47261,52151,64.47913732748562,56.23063614050618,0.30177443366997947,2.9171528588098012,1.9112380799098703,3.118335814589788,77.23069761536996,52.923242123832715
26.0,2017,2,828,3,37,29,28,108,154,113,147,135,138,130,429,496,99412,47261,52151,93.04711704824368,83.28974369291434,0.30177443366997947,3.721884681929747,2.9171528588098012,2.8165613809198087,104.94911237595481,82.26112634465302
26.0,2018,1,856,3,39,27,25,81,149,114,144,150,141,171,382,568,99530,47242,52288,95.44860845976088,86.00421983321613,0.30141665829398173,3.9184165578217622,2.7127499246458355,2.5118054857831806,120.23199695186487,73.05691554467565
26.0,2018,2,1075,2,34,35,21,100,193,146,159,204,185,180,510,657,99530,47242,52288,117.25108007635887,108.00763588867679,0.20094443886265445,3.416055460665126,3.5165276800964533,2.109916608057872,139.07116548833665,97.53671970624235
26.0,2019,1,369,0,7,24,19,42,59,52,70,87,54,55,175,244,100323,47687,52636,41.765098731098554,36.781196734547414,0.0,0.6977462795171596,2.392272958344547,1.893882758689433,51.16698471281481,33.247207234592295
27.0,2015,1,252,2,25,18,10,48,50,36,45,44,38,46,122,185,163366,76565,86801,18.792159935359866,15.425486331305168,0.12242449469289816,1.530306183661227,1.1018204522360835,0.6121224734644908,24.162476327303597,14.055137613621964
27.0,2015,2,192,5,26,24,16,25,41,40,45,38,42,32,115,148,163366,76565,86801,16.098821052116108,11.752751490518223,0.3060612367322454,1.591518431007676,1.469093936314778,0.9793959575431853,19.32998106184288,13.248695291528898
27.0,2016,1,290,7,25,19,25,42,43,55,61,52,49,64,151,215,163927,76816,87111,22.327011413617036,17.69080139330312,0.4270193439762821,1.525069085629579,1.1590525050784801,1.525069085629579,27.988960633201415,17.334205783425745
27.0,2016,2,331,5,15,22,24,35,76,58,64,54,53,57,157,240,163927,76816,87111,24.218097079797715,20.191914693735626,0.3050138171259158,0.9150414513777475,1.3420607953540293,1.464066322204396,31.243490939387627,18.022982172171137
27.0,2017,1,485,6,26,17,28,58,87,66,73,91,89,98,227,335,164701,77178,87523,34.122440058044575,29.447301473579397,0.36429651307520905,1.5786182233259058,1.0321734537130922,1.7000503943509753,43.406152012231466,25.93603966957257
27.0,2017,2,736,6,21,19,31,88,129,96,122,106,130,142,370,443,164701,77178,87523,49.36217752169082,44.68703893722564,0.36429651307520905,1.2750377957632315,1.1536056247381619,1.88219865088858,57.3997771385628,42.274602104589654
27.0,2018,1,737,4,31,26,24,93,120,104,118,122,119,146,366,456,166333,77901,88432,49.41893671129602,44.308706029471004,0.2404814438505889,1.8637311898420637,1.5631293850288277,1.4428886631035334,58.535833943081606,41.38773294734938
27.0,2018,2,744,7,45,22,26,75,123,101,130,130,110,175,361,482,166333,77901,88432,50.74158465247425,44.72954855620953,0.4208425267385305,2.7054162433191253,1.3226479411782388,1.5631293850288277,61.87340342229239,40.82232675954406
27.0,2019,1,249,0,6,5,7,21,57,35,44,38,38,34,128,139,170068,79760,90308,15.699602511936401,14.641202342592374,0.0,0.35280005644800905,0.29400004704000754,0.41160006585601056,17.42728184553661,14.173716614253443
28.0,2015,1,261,12,68,12,28,55,50,57,54,49,69,47,173,208,261019,125124,135895,14.596638558878855,9.99927208364142,0.4597366475237435,2.6051743359678796,0.4597366475237435,1.072718844222068,16.62350947859723,12.730416865962692
28.0,2015,2,271,22,60,11,25,45,56,47,51,75,55,60,162,227,261019,125124,135895,14.903129657228018,10.382385956577874,0.8428505204601965,2.298683237618717,0.42142526023009824,0.9577846823411323,18.14200313289217,11.92096839471651
28.0,2016,1,397,18,60,10,35,73,86,67,79,71,72,72,226,294,262149,125581,136568,19.836047438670374,15.144059294523345,0.6866324113385899,2.288774704461966,0.38146245074366103,1.3351185776028136,23.411184812989227,16.54853259914475
28.0,2016,2,442,14,42,15,48,69,96,61,82,88,74,91,235,326,262149,125581,136568,21.400043486719387,16.86064032286982,0.5340474310411254,1.6021422931233764,0.5721936761154915,1.831019763569573,25.9593409831105,17.20754495928768
28.0,2017,1,696,19,46,15,57,90,112,119,131,120,121,140,334,499,263441,126201,137240,31.61998322204972,26.4195778181832,0.7212241071055757,1.7461215224661308,0.5693874529780862,2.1636723213167275,39.540098731388824,24.336928009326726
28.0,2017,2,969,16,46,18,56,125,157,168,155,146,184,170,467,638,263441,126201,137240,41.94487570271901,36.782429462384364,0.6073466165099586,1.7461215224661308,0.6832649435737035,2.125713157784855,50.55427453031275,34.027980180705335
28.0,2018,1,935,13,62,28,64,91,159,146,174,170,185,177,491,611,266238,127428,138810,41.39153689555961,35.11895371810185,0.4882849180056941,2.32874345510408,1.051690592627649,2.4038642117203404,47.94864550962112,35.3720913478856
28.0,2018,2,1014,8,82,49,63,141,179,165,160,173,191,207,512,703,266238,127428,138810,45.673420022686464,38.08622360444414,0.30048302646504255,3.079951021266686,1.8404585370983855,2.36630383341221,55.16840882694541,36.88495065197032
28.0,2019,1,344,5,20,7,20,42,73,47,67,63,45,59,184,212,272474,130548,141926,14.533496774004124,12.62505780368035,0.18350374714651674,0.734014988586067,0.25690524600512343,0.734014988586067,16.239237675031408,12.964502628130152
29.0,2015,1,97,6,23,20,24,24,25,22,18,37,16,28,62,108,114940,54345,60595,14.790325387158518,8.439185662084565,0.5220114842526535,2.001044022968505,1.7400382808421786,2.088045937010614,19.87303339773668,10.231867315785129
29.0,2015,2,135,6,24,15,22,24,30,22,32,31,35,28,73,129,114940,54345,60595,17.574386636506002,11.745258395684706,0.5220114842526535,2.088045937010614,1.3050287106316338,1.9140421089263964,23.73723433618548,12.047198613747009
29.0,2016,1,270,5,20,17,15,27,55,47,52,59,45,42,132,195,112786,53241,59545,28.992960119163723,23.939141382795736,0.44331743301473586,1.7732697320589434,1.507279272250102,1.3299522990442076,36.625908604271146,22.168108153497357
29.0,2016,2,237,5,15,20,26,24,54,36,34,47,42,66,113,190,112786,53241,59545,26.865036440692993,21.013246324898482,0.44331743301473586,1.3299522990442076,1.7732697320589434,2.3052506516766265,35.686782742623166,18.97724410110001
29.0,2017,1,415,5,16,29,32,56,85,59,89,78,57,73,161,336,110868,52265,58603,44.828083847458245,37.431900999386656,0.4509867590287549,1.4431576288920158,2.6157232023667785,2.8863152577840316,64.28776427819764,27.47299626298995
29.0,2017,2,566,2,7,27,28,59,113,76,98,99,89,96,251,379,110868,52265,58603,56.82433163762312,51.05170112205505,0.18039470361150198,0.6313814626402569,2.4353284987552763,2.5255258505610274,72.5150674447527,42.83057181372967
29.0,2018,1,642,4,14,28,24,64,120,90,106,105,116,111,293,419,109581,51503,58078,64.97476752356704,58.58679880636242,0.36502678384026427,1.277593743440925,2.55518748688185,2.1901607030415855,81.35448420480361,50.44939564034574
29.0,2018,2,697,1,26,19,34,72,129,110,123,146,91,106,317,460,109581,51503,58078,70.90645276097133,63.60591708416605,0.09125669596006607,2.3726740949617176,1.7338772232412554,3.1027276626422466,89.31518552317341,54.581769344674406
29.0,2019,1,213,0,3,7,9,13,43,33,30,39,33,41,99,133,110128,51823,58305,21.06639546709284,19.341130321080925,0.0,0.27241028621240737,0.6356240011622838,0.8172308586372221,25.664280338845685,16.979675842552098
30.0,2015,1,158,5,49,16,29,20,29,41,54,46,37,30,113,143,124317,59133,65184,20.672957037251543,12.709444404224685,0.4021976077286292,3.941536555740566,1.2870323447316134,2.3327461248260493,24.182774423756616,17.335542464408444
30.0,2015,2,189,7,33,27,33,30,59,45,41,43,37,34,109,180,124317,59133,65184,23.24702172671477,15.203069572142184,0.563076650820081,2.6545042110089527,2.171867081734598,2.6545042110089527,30.439855918015322,16.721894943544427
30.0,2016,1,349,5,30,21,25,45,70,69,59,67,58,62,164,266,124272,59070,65202,34.601519248100935,28.083558645551694,0.40234324707094116,2.414059482425647,1.6898416376979528,2.011716235354706,45.03131877433553,25.152602680899356
30.0,2016,2,295,3,21,18,29,27,65,38,54,61,49,72,141,225,124272,59070,65202,29.451525685592895,23.73825157718553,0.2414059482425647,1.6898416376979528,1.4484356894553883,2.3335908330114585,38.090401218892836,21.625103524431765
30.0,2017,1,485,4,24,22,38,62,84,76,87,92,82,90,220,353,124447,59128,65319,46.0436973169301,38.97241395935619,0.32142197079881396,1.9285318247928838,1.7678208393934767,3.0535087225887327,59.70098768772832,33.68085855570355
30.0,2017,2,800,7,21,26,28,82,141,89,148,155,130,137,393,488,124447,59128,65319,70.87354456113847,64.28439415976278,0.5624884488979244,1.6874653466937732,2.0892428101922906,2.2499537955916975,82.53281017453659,60.16626096541588
30.0,2018,1,788,4,40,39,27,80,142,92,171,148,133,132,366,532,125315,59415,65900,71.65941826596975,62.881538522922234,0.31919562701990983,3.1919562701990984,3.112157363444121,2.154570482384391,89.53967853235714,55.53869499241274
30.0,2018,2,853,2,30,40,36,83,150,142,138,164,139,145,378,583,125315,59415,65900,76.68674939153334,68.06846746199577,0.15959781350995492,2.3939672026493235,3.1919562701990984,2.872760643179188,98.1233695194816,57.35963581183612
30.0,2019,1,276,1,6,18,5,23,41,50,52,51,40,49,125,181,126709,60161,66548,24.149823611582445,21.78219384574103,0.07892099219471388,0.4735259531682832,1.4205778595048497,0.3946049609735694,30.085936071541365,18.783434513433914
31.0,2015,1,99,0,25,15,13,13,17,28,26,24,22,22,55,97,65135,30471,34664,23.336148000307055,15.199201658094726,0.0,3.8381822368926075,2.302909342135565,1.9958547631841559,31.833546650913984,15.866605123471038
31.0,2015,2,119,0,8,14,7,7,21,20,30,28,20,22,52,96,65135,30471,34664,22.72203884240424,18.269747447608815,0.0,1.2282183158056346,2.14938205265986,1.07469102632993,31.505365757605592,15.00115393491807
31.0,2016,1,211,1,7,29,13,23,38,35,42,52,32,39,83,178,65158,30469,34689,40.056478099389174,32.382823291077074,0.15347309616624205,1.0743116731636944,4.4507197888210195,1.9951502501611469,58.4200334766484,23.926893251463
31.0,2016,2,193,0,8,14,13,18,37,28,37,31,36,41,91,137,65158,30469,34689,34.99186592590319,29.620307560084715,0.0,1.2277847693299364,2.1486233463273887,1.9951502501611469,44.96373363090354,26.233099829917265
31.0,2017,1,349,2,22,22,22,38,55,43,67,74,66,74,154,263,65292,30527,34765,63.86693622495864,53.452184034797526,0.30631624088709186,3.3694786497580105,3.3694786497580105,3.3694786497580105,86.15324139286533,44.29742557169567
31.0,2017,2,521,0,28,17,16,47,99,57,91,106,79,103,257,325,65292,30527,34765,89.13802609814373,79.79538075108742,0.0,4.288427372419285,2.60368804754028,2.450529927096735,106.46313099878796,73.92492449302459
31.0,2018,1,555,1,26,20,12,64,87,82,90,109,81,101,263,351,65800,30709,35091,93.3130699088146,84.34650455927051,0.1519756838905775,3.951367781155015,3.0395136778115504,1.82370820668693,114.29873978312547,74.94799236271409
31.0,2018,2,613,1,14,25,15,57,108,84,114,102,83,120,285,383,65800,30709,35091,101.51975683890576,93.16109422492401,0.1519756838905775,2.127659574468085,3.7993920972644375,2.2796352583586623,124.71913771207137,81.21740617252286
31.0,2019,1,210,0,1,9,11,17,42,18,48,42,24,40,93,138,66554,31112,35442,34.70865763139706,31.553325119451873,0.0,0.15025392914024702,1.3522853622622233,1.6527932205427172,44.35587554641296,26.240054173015068
32.0,2015,1,103,6,14,12,17,15,21,29,28,26,18,15,60,92,95088,45923,49165,15.985192663637894,10.832071344438836,0.6309944472488642,1.4723203769140163,1.2619888944977284,1.7878176005384485,20.033534394529973,12.203803518763348
32.0,2015,2,59,10,13,7,21,12,18,16,11,20,14,19,40,70,95088,45923,49165,11.568231532895844,6.2047787312804985,1.0516574120814404,1.3671546357058726,0.7361601884570081,2.208480565371025,15.242906604533676,8.135869012508898
32.0,2016,1,73,8,18,5,11,13,15,21,20,17,11,18,40,75,95716,46157,49559,12.014710184295208,7.626729073509131,0.8358059258640144,1.8805633331940321,0.5223787036650089,1.1492331480630198,16.248889659206622,8.071187877075808
32.0,2016,2,93,6,15,17,14,14,28,22,19,22,12,28,54,91,95716,46157,49559,15.14898240628526,9.716243888169167,0.6268544443980109,1.567136110995027,1.7760875924610304,1.4626603702620251,19.7153194531707,10.896103634052343
32.0,2017,1,135,2,15,9,7,19,27,24,25,24,26,23,70,98,96512,46487,50025,17.407161803713528,13.987897877984084,0.20722811671087532,1.5542108753315649,0.932526525198939,0.7252984084880636,21.081162475530792,13.993003498250875
32.0,2017,2,171,7,9,0,16,19,33,29,36,28,35,23,79,124,96512,46487,50025,21.033653846153847,17.71800397877984,0.7252984084880636,0.932526525198939,0.0,1.6578249336870026,26.674123948630797,15.792103948025987
32.0,2018,1,155,4,37,10,19,23,30,24,38,37,42,31,102,123,97856,47245,50611,22.992969260954872,15.839601046435579,0.4087638979725311,3.7810660562459124,1.0219097449313277,1.9416285153695225,26.034501005397395,20.153721522989073
32.0,2018,2,167,7,22,9,13,26,28,27,34,39,38,26,102,116,97856,47245,50611,22.27763243950294,17.06589274035317,0.7153368214519293,2.248201438848921,0.9197187704381949,1.328482668410726,24.552862736797543,20.153721522989073
32.0,2019,1,59,2,3,6,4,6,12,12,11,14,9,10,19,55,100161,48278,51883,7.388105150707361,5.890516268807221,0.19967851758668545,0.29951777638002813,0.5990355527600563,0.3993570351733709,11.39235262438378,3.662085847001908
33.0,2015,1,158,4,21,9,10,36,27,27,31,35,21,25,70,132,41555,20046,21509,48.61027553844303,38.02189868848514,0.9625797136325351,5.053543496570811,2.1658043556732043,2.406449284081338,65.8485483388207,32.54451624901204
33.0,2015,2,67,2,11,13,14,9,14,10,21,14,16,23,42,65,41555,20046,21509,25.749007339670314,16.123210203344964,0.48128985681626757,2.647094212489472,3.1283840693057394,3.369028997713873,32.425421530479895,19.526709749407225
33.0,2016,1,136,1,12,8,4,18,30,19,29,17,19,29,70,91,41623,20079,21544,38.68053720298873,32.674242606251354,0.24025178386949525,2.883021406433943,1.922014270955962,0.961007135477981,45.32098212062354,32.49164500557
33.0,2016,2,117,2,11,19,9,20,29,17,21,29,24,18,52,105,41623,20079,21544,37.95978185138024,28.10945871273094,0.4805035677389905,2.6427696225644475,4.564783893520409,2.1622660548254573,52.29344090841177,24.136650575566286
33.0,2017,1,163,4,6,14,7,21,29,25,26,32,30,31,90,104,41773,20155,21618,46.441481339621284,39.020419888444685,0.9575563162808512,1.436334474421277,3.3514471069829797,1.6757235534914898,51.60009923096006,41.63197335553705
33.0,2017,2,221,5,10,15,9,26,36,30,42,44,40,42,112,148,41773,20155,21618,62.24116055825534,52.90498647451704,1.196945395351064,2.393890790702128,3.590836186053192,2.1545017116319154,73.43091044405854,51.80867795355722
33.0,2018,1,223,0,25,19,19,24,32,45,41,50,37,57,130,156,42167,20418,21749,67.8255507861598,52.88495743116655,0.0,5.92880688690208,4.505893234045581,4.505893234045581,76.40317367029091,59.772863120143455
33.0,2018,2,293,2,18,13,18,33,46,50,58,62,42,53,157,186,42167,20418,21749,81.58038276377262,69.48561671449237,0.4743045509521664,4.268740958569498,3.082979581189081,4.268740958569498,91.0960916838084,72.18722699894248
33.0,2019,1,96,2,6,6,4,13,15,12,22,19,21,12,57,57,42929,20777,22152,26.55547531971395,22.362505532390692,0.4658855319248061,1.3976565957744183,1.3976565957744183,0.9317710638496122,27.434182028204262,25.73131094257855
34.0,2015,1,171,3,15,17,21,37,31,37,36,33,23,30,89,138,79379,38440,40939,28.59698408899079,21.54222149434989,0.3779337104271911,1.8896685521359555,2.141624359087416,2.6455359729903374,35.90010405827263,21.73966144751948
34.0,2015,2,150,11,16,23,24,39,31,31,33,26,30,34,81,143,79379,38440,40939,28.2190503785636,18.896685521359554,1.385756938233034,2.0156464556116855,2.8974917799417983,3.0234696834175288,37.20083246618106,19.785534575832337
34.0,2016,1,217,3,24,21,20,42,42,41,51,41,20,48,110,175,78777,38113,40664,36.17807227998019,27.546111174581416,0.38082181347347577,3.046574507787806,2.6657526943143304,2.538812089823172,45.91609162228111,27.050954160928587
34.0,2016,2,236,6,19,19,23,43,48,42,43,54,28,45,92,211,78777,38113,40664,38.46300316082105,29.957982659913426,0.7616436269469515,2.411871485332013,2.411871485332013,2.9196339032966474,55.36168761315037,22.624434389140273
34.0,2017,1,302,7,33,23,26,50,60,47,49,70,54,61,150,241,78340,37878,40462,49.91064590247639,38.54991064590248,0.8935409752361501,4.2124074546847075,2.935920347204493,3.3188664794485576,63.62532340672686,37.07182047353072
34.0,2017,2,399,4,13,19,31,63,90,53,76,70,50,64,183,283,78340,37878,40462,59.484299208577994,50.93183558846056,0.5105948429920858,1.6594332397242788,2.4253255042124073,3.957110033188665,74.71355404192407,45.227620977707474
34.0,2018,1,409,2,40,18,31,65,86,55,75,62,72,85,210,290,78361,37998,40363,63.80725105601,52.19433136381618,0.25522900422404005,5.1045800844808,2.29706103801636,3.9560495654726204,76.31980630559504,52.02784728588063
34.0,2018,2,405,5,37,22,26,63,92,57,79,66,62,76,211,284,78361,37998,40363,63.1691785454499,51.6838733553681,0.6380725105601,4.721736578144741,2.80751904646444,3.31797705491252,74.74077583030686,52.27559893962292
34.0,2019,1,162,0,3,7,6,24,32,24,24,36,19,19,62,116,79269,38378,40891,22.45518424604827,20.43674071831359,0.0,0.3784581614502517,0.8830690433839206,0.7569163229005034,30.225650112043358,15.162260644151525
35.0,2015,1,50,1,3,2,10,8,8,11,11,13,8,7,25,41,25069,11890,13179,26.327336551118915,19.944951932665845,0.39889903865331683,1.1966971159599507,0.7977980773066337,3.9889903865331684,34.48275862068965,18.969572805220427
35.0,2015,2,52,1,7,7,7,2,15,6,9,8,15,19,33,41,25069,11890,13179,29.518528860345448,20.742750009972475,0.39889903865331683,2.792293270573218,2.792293270573218,2.792293270573218,34.48275862068965,25.039836102890963
35.0,2016,1,84,6,3,10,8,19,24,11,14,21,11,11,36,75,24922,11792,13130,44.53896156006741,33.70516009951047,2.4075114356793192,1.2037557178396596,4.012519059465532,3.210015247572426,63.60244233378561,27.418126428027417
35.0,2016,2,105,1,2,9,7,15,18,12,13,28,21,17,51,73,24922,11792,13130,49.75523633737261,42.131450124388095,0.40125190594655324,0.8025038118931065,3.611267153518979,2.8087633416258724,61.90637720488466,38.84234577303884
35.0,2017,1,150,2,3,13,7,24,28,19,26,33,14,31,55,120,24864,11743,13121,70.38288288288288,60.32818532818533,0.8043758043758044,1.2065637065637065,5.228442728442729,2.815315315315315,102.18853785233756,41.917536773111806
35.0,2017,2,191,2,4,13,5,17,42,26,34,32,34,30,94,121,24864,11743,13121,86.47039897039897,76.81788931788931,0.8043758043758044,1.6087516087516087,5.228442728442729,2.0109395109395107,103.04010900110704,71.64088103040926
35.0,2018,1,176,1,13,10,9,20,40,25,25,41,25,33,97,112,24983,11921,13062,83.6568866829444,70.44790457511108,0.4002721850858584,5.2035384061161585,4.002721850858584,3.6024496657727254,93.95184967704051,74.26121574031542
35.0,2018,2,226,0,8,20,8,22,49,30,47,48,33,33,102,160,24983,11921,13062,104.8713124924949,90.46151382940398,0.0,3.202177480686867,8.005443701717168,3.202177480686867,134.21692811005786,78.08911345888838
35.0,2019,1,74,0,2,3,2,6,8,15,14,14,11,13,36,45,25387,12038,13349,31.906093669988575,29.148776933075986,0.0,0.7878047819750266,1.18170717296254,0.7878047819750266,37.38162485462701,26.968312233126078
36.0,2015,1,157,7,13,6,9,28,34,25,24,28,20,33,70,122,46706,22094,24612,41.108208795443836,33.614524900441054,1.4987367790005566,2.7833683038581767,1.2846315248576199,1.92694728728643,55.21861138770707,28.441410693970422
36.0,2015,2,104,3,18,12,32,18,34,20,26,21,24,26,58,111,46706,22094,24612,36.183787950156294,22.266946430865413,0.6423157624288099,3.85389457457286,2.5692630497152398,6.851368132573973,50.2398841314384,23.565740289289778
36.0,2016,1,207,6,8,23,15,33,34,42,35,39,36,40,90,169,46509,21989,24520,55.68814638027049,44.50751467457911,1.2900728891182351,1.7200971854909803,4.945279408286567,3.225182222795588,76.85661012324344,36.7047308319739
36.0,2016,2,189,8,12,28,23,37,45,24,45,42,33,34,81,179,46509,21989,24520,55.903158528456856,40.63729600722441,1.7200971854909803,2.5801457782364703,6.0203401492184305,4.945279408286567,81.40433853290281,33.03425774877651
36.0,2017,1,259,8,12,24,30,48,51,45,55,48,36,50,119,214,46401,21932,24469,71.76569470485549,55.81776254822094,1.7241007736902223,2.5861511605353336,5.172302321070667,6.465377901338333,97.57432062739376,48.632964158731454
36.0,2017,2,263,4,10,21,18,30,41,29,59,43,52,62,142,174,46401,21932,24469,68.10198056076378,56.67981293506605,0.8620503868451111,2.155125967112778,4.525764530936834,3.879226740803,79.3361298559183,58.03261269361233
36.0,2018,1,279,4,18,21,21,25,53,44,56,56,54,55,140,203,46555,22110,24445,73.67629685318441,59.92911609923746,0.859198797121684,3.866394587047578,4.510793684888841,4.510793684888841,91.81365897783807,57.271425649417054
36.0,2018,2,297,6,11,21,23,36,64,50,57,58,41,52,135,222,46555,22110,24445,76.89829234239072,63.795510686285034,1.288798195682526,2.362796692084631,4.510793684888841,4.940393083449683,100.40705563093623,55.22601759050931
36.0,2019,1,97,0,4,7,9,14,18,19,14,26,9,17,51,66,47491,22523,24968,24.636246867827587,20.42492261691689,0.0,0.8422648501821398,1.4739634878187446,1.8950959129098146,29.30337876837011,20.42614546619673
37.0,2015,1,90,3,3,4,15,8,15,18,14,20,13,27,36,79,37800,17330,20470,30.423280423280424,23.80952380952381,0.7936507936507936,0.7936507936507936,1.0582010582010581,3.9682539682539684,45.585689555683786,17.586712261846603
37.0,2015,2,65,5,10,13,8,11,15,8,11,19,19,18,33,68,37800,17330,20470,26.719576719576718,17.195767195767196,1.3227513227513228,2.6455026455026456,3.4391534391534395,2.1164021164021163,39.23831506058857,16.12115290669272
37.0,2016,1,130,3,6,8,10,18,23,23,24,25,21,23,56,101,37794,17193,20601,41.540985341588616,34.39699423188866,0.7937767899666613,1.5875535799333227,2.1167381065777637,2.6459226332222046,58.74483801547141,27.183146449201498
37.0,2016,2,115,4,10,13,12,12,27,15,24,18,28,30,47,107,37794,17193,20601,40.74720855162195,30.428110282055354,1.0583690532888819,2.6459226332222046,3.4396994231888662,3.1751071598666454,62.234630372826146,22.814426484151255
37.0,2017,1,234,1,9,27,7,27,44,47,40,46,31,43,100,177,37893,17125,20768,73.36447364948671,61.75283033805716,0.2639009843506716,2.3751088591560445,7.125326577468134,1.8473068904547014,103.35766423357664,48.15100154083205
37.0,2017,2,295,6,17,21,8,35,58,42,54,59,45,54,128,219,37893,17125,20768,91.57364156968306,77.85079038344813,1.5834059061040298,4.486316733961417,5.541920671364104,2.111207874805373,127.88321167883211,61.633281972265024
37.0,2018,1,340,4,10,18,14,33,72,44,68,63,58,48,159,227,38204,18413,19791,101.03654067636896,88.99591665794158,1.0470107842110774,2.617526960527693,4.711548528949848,3.664537744738771,123.28246347689132,80.33954827952098
37.0,2018,2,381,3,15,22,6,47,76,53,73,48,63,67,157,270,38204,18413,19791,111.7684012145325,99.72777719610512,0.7852580881583081,3.9262904407915404,5.758559313160925,1.5705161763166162,146.63552924564166,79.32898792380375
37.0,2019,1,116,0,5,10,2,8,17,20,16,21,20,31,43,90,43484,19996,23488,30.585962652929815,26.676478704810965,0.0,1.1498482200349553,2.2996964400699107,0.45993928801398215,45.009001800360075,18.307220708446867
38.0,2015,1,236,7,13,26,28,44,47,45,43,51,42,38,109,201,55945,26632,29313,55.41156492984181,42.18428814013763,1.2512288855125568,2.3237107873804628,4.6474215747609255,5.004915542050227,75.47311504956443,37.18486678265616
38.0,2015,2,185,8,12,33,26,31,40,36,35,40,36,46,83,181,55945,26632,29313,47.18920368218786,33.068191974260436,1.429975869157208,2.144963803735812,5.898650460273482,4.6474215747609255,67.96335235806548,28.315082045508817
38.0,2016,1,367,8,18,33,15,40,71,41,71,69,84,65,162,279,55092,26172,28920,80.04791984317143,66.61584259057577,1.452116459740071,3.26726203441516,5.989980396427794,2.722718362012633,106.60247592847317,56.016597510373444
38.0,2016,2,367,8,19,28,26,46,63,62,75,60,71,71,162,286,55092,26172,28920,81.31852174544399,66.61584259057577,1.452116459740071,3.448776591882669,5.082407609090249,4.719378494155231,109.27709001986855,56.016597510373444
38.0,2017,1,594,3,14,46,23,100,88,79,100,99,92,122,278,402,54472,25836,28636,124.83477750036717,109.04684975767367,0.5507416654427963,2.5701277720663827,8.444705536789543,4.222352768394772,155.59684161634928,97.08059784886157
38.0,2017,2,719,6,25,54,14,95,108,106,114,118,151,126,367,451,54472,25836,28636,150.16889411073578,131.9944191511235,1.1014833308855927,4.589513878689969,9.913349977970332,2.5701277720663827,174.56262579346648,128.16035759184243
38.0,2018,1,665,9,29,44,17,75,108,92,111,115,143,120,326,437,54246,26004,28242,140.83987759466135,122.58968403200235,1.6591085056962724,5.346016296132434,8.111197138959556,3.133871621870737,168.05106906629752,115.43091849019191
38.0,2018,2,834,4,17,42,26,75,141,128,126,140,142,171,407,515,54246,26004,28242,170.15079452862884,153.74405486118792,0.7373815580872323,3.133871621870737,7.742506359915939,4.792980127567009,198.04645439163204,144.11160682671198
38.0,2019,1,255,2,0,20,12,19,47,41,43,51,43,45,120,169,54708,26059,28649,52.82591211522995,46.611098925202896,0.3655772464721796,0.0,3.655772464721796,2.1934634788330776,64.8528339537204,41.886278753185096
39.0,2015,1,269,7,20,23,38,35,52,43,67,61,41,58,130,227,87659,42280,45379,40.72599504899668,30.68709430862775,0.7985489225293466,2.2815683500838477,2.623803602596425,4.33497986515931,53.68968779564806,28.647612331695278
39.0,2015,2,229,8,22,34,47,32,42,50,60,61,44,51,117,223,87659,42280,45379,38.78666195142541,26.123957608460056,0.912627340033539,2.5097251850922326,3.8786661951425407,5.361685622697042,52.74361400189215,25.78285109852575
39.0,2016,1,357,9,20,18,23,42,63,72,68,65,58,59,171,256,87575,42210,45365,48.758207250927775,40.765058521267484,1.0276905509563232,2.2837567799029403,2.0553811019126464,2.626320296888381,60.64913527600095,37.69425768764466
39.0,2016,2,372,8,26,32,30,44,77,64,69,75,66,73,168,300,87575,42210,45365,53.43990864972881,42.47787610619469,0.9135027119611762,2.9688838138738225,3.6540108478447046,3.4256351698544103,71.07320540156361,37.03295492119476
39.0,2017,1,457,7,27,42,45,56,97,84,101,88,79,73,207,371,87655,42225,45430,65.94033426501626,52.13621584621527,0.7985853630711311,3.0802578289886484,4.791512178426786,5.133763048314414,87.86264061574896,45.56460488663878
39.0,2017,2,625,6,19,36,32,62,105,96,109,106,118,122,289,429,87655,42225,45430,81.91204152643887,71.30226455992242,0.6845017397752553,2.1675888426216416,4.107010438651532,3.650675945468028,101.59857904085257,63.614351749944966
39.0,2018,1,628,5,37,37,48,58,125,91,124,110,108,139,307,448,88243,42702,45541,85.55919449701393,71.1671180716884,0.56661718209943,4.192967147535782,4.192967147535782,5.439524948154528,104.9131188234743,67.41178278913506
39.0,2018,2,781,4,20,32,36,91,140,108,128,147,114,145,355,518,88243,42702,45541,98.93135999456048,88.50560384393096,0.453293745679544,2.26646872839772,3.626349965436352,4.079643711115896,121.30579363964218,77.95173579851124
39.0,2019,1,278,4,11,9,14,24,44,46,45,59,58,40,121,195,90059,43506,46553,35.088108906383596,30.86865277207164,0.4441532772959948,1.2214215125639858,0.9993448739159884,1.554536470535982,44.821403944283546,25.99188022254205
40.0,2015,1,157,1,11,31,25,16,35,28,42,31,34,39,85,140,97657,46070,51587,23.039823054158944,16.076676531124242,0.10239921357403976,1.1263913493144373,3.1743756207952325,2.559980339350994,30.388539179509443,16.477019404113438
40.0,2015,2,99,2,18,51,21,22,30,29,25,30,26,29,69,122,97657,46070,51587,19.558249792641593,10.137522143829935,0.20479842714807953,1.8431858443327154,5.222359892276027,2.1503834850548347,26.481441285001083,13.37546281039797
40.0,2016,1,234,2,24,49,26,39,64,53,59,51,27,42,124,211,97517,46038,51479,34.352984607811976,23.995816114113435,0.20509244541977298,2.4611093450372756,5.024764912784438,2.6662017904570487,45.83170424431991,24.087491987023835
40.0,2016,2,149,3,10,56,12,28,41,33,28,44,30,26,80,150,97517,46038,51479,23.585631223273893,15.279387183773085,0.30763866812965945,1.0254622270988647,5.742588471753643,1.2305546725186378,32.58178026847387,15.540317410983118
40.0,2017,1,362,1,23,71,13,50,73,58,74,79,68,68,164,306,97563,46093,51470,48.174000389491916,37.104230087225694,0.10249787316913174,2.35745108289003,7.277348995008353,1.3324723511987127,66.3875208816957,31.863221293957647
40.0,2017,2,489,6,34,74,19,49,92,85,109,90,99,98,237,385,97563,46093,51470,63.75367711119994,50.12145997970542,0.6149872390147905,3.484927687750479,7.5848426145157495,1.947459590213503,83.52678280866942,46.04624052846318
40.0,2018,1,526,2,18,72,24,54,107,88,88,114,88,103,248,393,98166,46098,52068,65.39942546299126,53.58270684350997,0.20373652792209115,1.8336287512988203,7.334515005195281,2.444838335065094,85.25315631914617,47.630022278558805
40.0,2018,2,529,1,14,81,24,73,85,85,104,92,98,112,256,393,98166,46098,52068,66.11250331071858,53.88831163539311,0.10186826396104558,1.4261556954546382,8.251329380844691,2.444838335065094,85.25315631914617,49.16647461012522
40.0,2019,1,193,2,5,26,10,18,40,25,43,31,41,38,91,145,99795,47099,52696,23.648479382734603,19.33964627486347,0.20041084222656447,0.5010271055664112,2.605340948945338,1.0020542111328223,30.786216267861313,17.268862911795964
41.0,2015,1,79,1,5,37,28,17,27,25,13,21,21,26,33,117,56517,26747,29770,26.54068687297627,13.97809508643417,0.17693791248650848,0.8846895624325424,6.546702762000813,4.954261549622238,43.74322353908849,11.08498488411152
41.0,2015,2,77,2,21,47,24,18,30,18,31,28,20,26,53,118,56517,26747,29770,30.25638303519295,13.624219261461153,0.35387582497301695,3.715696162216678,8.316081886865899,4.246509899676203,44.11709724455079,17.803157541148806
41.0,2016,1,122,4,10,55,24,21,45,34,28,34,19,34,54,161,56465,26754,29711,38.07668467192066,21.606304790578235,0.7084034357566633,1.7710085893916585,9.740547241654122,4.250420614539981,60.17791732077446,18.175086668237352
41.0,2016,2,121,4,7,33,11,26,32,17,15,28,29,29,62,114,56465,26754,29711,31.169751173293193,21.42920393163907,0.7084034357566633,1.239706012574161,5.844328344992474,1.9481094483308246,42.61045077371608,20.867692100568814
41.0,2017,1,221,4,11,38,13,30,44,38,47,44,42,42,108,179,56520,26806,29714,50.77848549186129,39.10120311394196,0.7077140835102619,1.94621372965322,6.723283793347488,2.300070771408351,66.77609490412594,36.346503331762804
41.0,2017,2,354,2,16,56,10,51,60,49,74,66,68,70,168,270,56520,26806,29714,77.49469214437367,62.632696390658175,0.35385704175513094,2.8308563340410475,9.907997169143664,1.7692852087756548,100.7237185704693,56.539005182742144
41.0,2018,1,348,1,19,41,19,36,65,53,68,80,55,71,191,237,56895,26833,30062,75.2262940504438,61.16530450830477,0.17576236927673786,3.339485016258019,7.206257140346252,3.339485016258019,88.32407855998213,63.53536025547202
41.0,2018,2,372,5,12,53,18,45,78,42,76,71,66,82,210,250,56895,26833,30062,80.85068986729942,65.38360137094648,0.8788118463836891,2.1091484313208544,9.315405571667105,3.1637226469812814,93.16885924048746,69.85563169449803
41.0,2019,1,108,0,2,14,7,13,22,25,14,20,17,20,58,73,57874,27440,30434,22.635380308947024,18.661229567681513,0.0,0.34557832532743543,2.419048277292048,1.209524138646024,26.603498542274053,19.057632910560557
42.0,2015,1,309,15,22,33,37,44,69,43,64,68,60,68,145,271,130110,63358,66752,31.972945968795635,23.749135347014064,1.1528706479133042,1.6908769502728462,2.536315425409269,2.8437475981861504,42.772814798446916,21.722195589645253
42.0,2015,2,248,16,18,41,48,51,55,51,55,55,49,55,125,246,130110,63358,66752,28.514334025055724,19.06079471216663,1.2297286911075245,1.3834447774959648,3.151179770963031,3.689186073322573,38.82698317497396,18.72603068072867
42.0,2016,1,395,8,45,49,38,61,90,84,71,75,80,74,187,348,130298,63494,66804,41.05972463122995,30.315123793151084,0.6139771907473637,3.453621697953921,3.760610293327603,2.916391656049978,54.808328345985444,27.99233578827615
42.0,2016,2,360,8,31,45,42,46,84,62,83,73,69,69,153,333,130298,63494,66804,37.299114337902346,27.628973583631367,0.6139771907473637,2.3791616141460343,3.453621697953921,3.22338025142366,52.4459004000378,22.902820190407763
42.0,2017,1,488,6,31,32,42,59,96,90,86,104,82,82,242,357,130738,63769,66969,45.816824488672005,37.326561519986534,0.4589331334424574,2.3711545227860302,2.447643378359773,3.2125319340972025,55.98331477677241,36.136122683629736
42.0,2017,2,780,7,23,37,30,95,136,111,122,128,153,132,342,535,130738,63769,66969,67.08072633817252,59.66130734751947,0.5354219890162003,1.759243678196087,2.830087656228488,2.2946656672122874,83.89656416126958,51.06840478430318
42.0,2018,1,808,4,44,32,43,74,142,139,158,133,131,154,382,548,131951,63768,68183,70.55649445627543,61.234852331547316,0.30314283332449166,3.3345711665694084,2.4251426665959332,3.2587854582382856,85.93651988458161,56.025695554610394
42.0,2018,2,935,9,43,68,36,114,167,170,156,154,153,177,431,660,131951,63768,68183,82.6822077892551,70.85963728959993,0.6820713749801063,3.2587854582382856,5.153428166516359,2.728285499920425,103.50018818216034,63.21223765454732
42.0,2019,1,287,24,8,15,9,26,74,36,49,51,52,55,120,223,135141,65747,69394,25.380898469006446,21.237078310801312,1.7759229249450574,0.5919743083150191,1.1099518280906608,0.6659710968543966,33.917897394557926,17.292561316540336
43.0,2015,1,108,5,12,24,18,21,20,24,24,32,21,25,57,110,71524,33993,37531,23.348805995190425,15.099826631620155,0.6990660477601924,1.6777585146244618,3.3555170292489236,2.5166377719366926,32.359603447768656,15.187445045429111
43.0,2015,2,83,6,12,20,23,11,31,21,32,21,13,15,39,105,71524,33993,37531,20.13310217549354,11.604496392819193,0.8388792573122309,1.6777585146244618,2.7962641910407697,3.215703819696885,30.888712381960993,10.391409767925182
43.0,2016,1,170,2,13,23,20,13,42,35,34,43,25,36,89,139,71178,33844,37334,32.03236955238978,23.883784315378346,0.28098569782798055,1.8264070358818736,3.231335525021777,2.8098569782798055,41.07079541425363,23.83886002035678
43.0,2016,2,144,2,6,30,7,23,27,25,19,25,27,43,71,118,71178,33844,37334,26.553148444744163,20.2309702436146,0.28098569782798055,0.8429570934839417,4.214785467419708,0.9834499423979319,34.86585509986999,19.017517544329564
43.0,2017,1,301,2,14,55,13,38,63,45,59,55,59,66,147,238,70973,33761,37212,54.24598086596311,42.41049413157116,0.2817973031998084,1.9725811223986585,7.74942583799473,1.8316824707987547,70.4955421936554,39.503386004514674
43.0,2017,2,469,2,56,44,24,58,84,79,95,103,92,84,255,340,70973,33761,37212,83.834697701943,66.08146760035507,0.2817973031998084,7.890324489594634,6.199540670395785,3.381567638397701,100.70791741950772,68.52628184456627
43.0,2018,1,421,1,17,56,23,40,88,62,92,69,61,106,223,295,71167,33640,37527,72.78654432531933,59.156631584863774,0.14051456433459328,2.3887475936880858,7.868815602737224,3.2318349796956456,87.69322235434007,59.42388147200682
43.0,2018,2,581,2,20,57,13,61,106,77,95,102,103,129,284,389,71167,33640,37527,94.56630179718128,81.63896187839869,0.28102912866918656,2.8102912866918657,8.009330167071818,1.8266893363497125,115.63614744351962,75.67884456524635
43.0,2019,1,211,1,2,14,9,17,42,23,46,35,33,41,92,145,72177,34309,37868,32.83594496861881,29.23368940244122,0.13854829100683044,0.2770965820136609,1.939676074095626,1.2469346190614738,42.26296307091434,24.29491919298616
44.0,2015,1,149,8,7,25,21,19,27,25,34,41,33,31,73,137,80745,38413,42332,26.007802340702213,18.453154994117284,0.9907734225029413,0.8669267446900737,3.096166945321692,2.600780234070221,35.66500924166298,17.244637626381934
44.0,2015,2,160,6,19,36,15,34,36,32,26,33,33,42,79,157,80745,38413,42332,29.22781596383677,19.815468450058827,0.7430800668772061,2.353086878444486,4.458480401263236,1.8577001671930151,40.87157993387655,18.66200510252291
44.0,2016,1,293,8,16,42,16,40,53,53,43,58,61,67,125,248,80178,38089,42089,46.77093467035845,36.54369028910674,0.9977799396343137,1.9955598792686273,5.238344683080147,1.9955598792686273,65.11066187088136,29.698971227636672
44.0,2016,2,246,5,10,34,16,35,49,25,38,45,63,56,105,206,80178,38089,42089,38.78869515328394,30.681733143755142,0.623612462271446,1.247224924542892,4.240564743445833,1.9955598792686273,54.0838562314579,24.94713583121481
44.0,2017,1,510,3,15,46,11,79,67,71,84,74,109,101,218,367,79703,37822,41881,73.39748817484913,63.98755379345821,0.37639737525563655,1.8819868762781828,5.771426420586427,1.3801237092706673,97.03347258209507,52.05224326066713
44.0,2017,2,719,3,34,53,19,90,118,77,128,116,153,146,307,521,79703,37822,41881,103.88567557055568,90.2099042696009,0.37639737525563655,4.265836919563881,6.649686962849579,2.383850043285698,137.75051557294697,73.3029297294716
44.0,2018,1,763,3,22,44,28,103,104,103,115,114,161,160,352,508,79652,37518,42134,107.96966805604379,95.79169386832723,0.37663837693968766,2.762014764224376,5.524029528448752,3.5152915181037514,135.40167386321232,83.54298191484312
44.0,2018,2,928,5,18,53,26,124,159,116,145,161,172,153,372,658,79652,37518,42134,129.31250941595943,116.50680460001004,0.6277306282328128,2.259830261638126,6.653944659267815,3.264199266810626,175.38248307479077,88.28974225091376
44.0,2019,1,301,0,4,21,4,34,53,37,40,60,56,50,113,217,79564,37621,41943,41.476044442210046,37.831179930621886,0.0,0.5027399326328491,2.6393846463224575,0.5027399326328491,57.68055075622658,26.94132513172639
45.0,2015,1,139,2,15,19,32,23,37,26,27,36,22,36,53,154,93912,45444,48468,22.0419115767953,14.801090382485732,0.21296532924439898,1.5972399693329924,2.0231706278217905,3.4074452679103837,33.88786198398029,10.935049929850624
45.0,2015,2,153,8,7,38,38,19,39,34,40,44,31,37,66,178,93912,45444,48468,25.981770167816677,16.291847687196526,0.8518613169775959,0.7453786523553965,4.046341255643581,4.046341255643581,39.169087228236954,13.61723198811587
45.0,2016,1,238,10,19,47,34,38,43,54,58,59,48,48,103,245,92553,44769,47784,37.6000777932644,25.71499573217508,1.0804620055535747,2.052877810551792,5.078171426101801,3.673570818882154,54.7253680001787,21.55533232881299
45.0,2016,2,214,9,19,46,25,35,57,29,44,42,47,59,101,212,92553,44769,47784,33.818460773826885,23.1218869188465,0.9724158049982172,2.052877810551792,4.970125225546443,2.7011550138839366,47.3541959838281,21.136782186505943
45.0,2017,1,408,11,29,42,21,53,78,58,64,73,86,99,187,324,91314,44167,47147,55.960750815866135,44.68099086667981,1.2046345576800928,3.17585474297479,4.599513765687627,2.2997568828438135,73.35793692123079,39.663181114386916
45.0,2017,2,577,6,20,50,31,80,98,81,98,109,119,99,253,431,91314,44167,47147,74.90636704119851,63.18855816194669,0.6570733950982325,2.1902446503274415,5.475611625818604,3.3948792080075343,97.58416917608169,53.66195091946465
45.0,2018,1,616,6,21,29,38,74,119,84,88,103,122,120,252,458,90556,43525,47031,78.40452316798445,68.02420601616679,0.6625734352224039,2.3190070232784135,3.2024382702416183,4.196298423075224,105.22688110281447,53.581680168399565
45.0,2018,2,692,11,40,57,38,96,130,98,118,130,123,143,311,527,90556,43525,47031,92.53942311939572,76.41680286231724,1.214717964574407,4.417156234816026,6.294447634612836,4.196298423075224,121.07983917288914,66.1265973506836
45.0,2019,1,216,1,7,12,7,20,30,37,30,43,45,38,76,167,90319,43587,46732,26.90463800529235,23.915233782482094,0.11071867491889857,0.7750307244322899,1.3286240990267828,0.7750307244322899,38.314176245210724,16.26294616108876
46.0,2015,1,164,3,5,45,32,39,40,28,36,25,40,41,79,170,132836,63546,69290,18.744918546177242,12.34605076936975,0.22584239212261736,0.37640398687102894,3.3876358818392607,2.408985515974585,26.75227394328518,11.401356617116466
46.0,2015,2,157,4,10,58,18,29,48,37,30,39,31,33,80,167,132836,63546,69290,18.59435695142883,11.819085187750309,0.30112318949682315,0.7528079737420579,4.366286247703935,1.3550543527357042,26.280174991344854,11.545677586953383
46.0,2016,1,256,3,16,73,31,49,52,48,46,69,51,64,114,263,134471,64229,70242,28.184515620468353,19.03756200221609,0.22309642971346982,1.1898476251385057,5.428679789694432,2.305329773705855,40.94723567235984,16.22960621850175
46.0,2016,2,222,6,17,78,29,40,50,49,48,54,50,61,112,240,134471,64229,70242,26.176647753047124,16.509135798796766,0.44619285942693965,1.2642131017096623,5.8005071725502155,2.156598820563542,37.36629871241962,15.944876284843826
46.0,2017,1,441,3,23,77,29,62,74,69,95,87,99,87,192,381,136219,64985,71234,42.0646165366065,32.37433838157673,0.22023359443249474,1.688457557315793,5.652662257100698,2.1289247461807825,58.62891436485343,26.953421119128503
46.0,2017,2,704,3,25,64,32,84,126,101,117,131,123,146,314,514,136219,64985,71234,60.78447206336855,51.681483493492095,0.22023359443249474,1.8352799536041229,4.698316681226554,2.349158340613277,79.09517580980227,44.080074121908076
46.0,2018,1,729,5,32,62,36,69,137,96,139,146,126,151,351,512,138657,65654,73003,62.31203617559878,52.57578052316147,0.3606020612013818,2.3078531916888436,4.471465558897135,2.596334840649949,77.98458585920127,48.08021588153912
46.0,2018,2,830,3,31,76,37,84,165,132,148,158,132,158,379,598,138657,65654,73003,70.46164275875,59.85994215942939,0.2163612367208291,2.2357327794485675,5.481151330261004,2.6684552528902254,91.08355926523897,51.915674698300066
46.0,2019,1,276,1,9,21,10,36,52,40,49,52,30,58,122,195,140078,66586,73492,22.630248861348676,19.70330815688402,0.07138879766986965,0.6424991790288268,1.4991647510672625,0.7138879766986964,29.285435376805935,16.600446307081043
47.0,2015,1,148,10,14,19,43,17,34,32,35,45,31,40,72,161,97797,46364,51433,23.927114328660387,15.133388549751015,1.0225262533615551,1.431536754706177,1.9427998813869547,4.396862889454687,34.725217841428694,13.998794548247234
47.0,2015,2,186,6,19,28,40,29,42,37,56,53,29,33,82,197,97797,46364,51433,28.528482468787388,19.018988312524925,0.613515752016933,1.9427998813869547,2.863073509412354,4.0901050134462205,42.4898628246053,15.943071568837127
47.0,2016,1,322,6,22,20,34,48,55,56,61,66,58,60,154,250,96506,45739,50767,41.86268211302924,33.365801090087665,0.6217230016786521,2.2796510061550577,2.0724100055955073,3.523097009512362,54.657950545486344,30.334666220182402
47.0,2016,2,287,5,21,47,46,48,66,55,66,66,45,60,146,260,96506,45739,50767,42.06992311358879,29.739083580295524,0.5181025013988768,2.1760305058752825,4.870163513149442,4.766543012869666,56.8442685673058,28.75883940354955
47.0,2017,1,394,2,20,46,29,42,81,55,73,78,80,82,187,304,95340,45189,50151,51.499895112229915,41.325781413887135,0.20977554017201594,2.097755401720159,4.8248374239563665,3.0417453324942314,67.27300891809953,37.28739207593069
47.0,2017,2,517,4,23,38,34,61,98,74,91,97,99,96,267,349,95340,45189,50151,64.61086637298091,54.226977134466125,0.4195510803440319,2.4124187119781833,3.985735263268303,3.566184182924271,77.23118458031821,53.239217562959865
47.0,2018,1,504,3,33,50,52,66,99,94,88,104,86,105,277,364,94686,44596,50090,67.80305430581078,53.228565997085106,0.3168367023636018,3.4852037259996194,5.2806117060600295,5.49183617430243,81.62167010494214,55.300459173487724
47.0,2018,2,565,0,28,66,51,68,129,90,106,106,90,121,308,401,94686,44596,50090,74.98468622605243,59.67091227847834,0.0,2.9571425553936166,6.970407451999239,5.38622394018123,89.91837832989506,61.48931922539429
47.0,2019,1,183,2,4,12,13,19,34,35,25,32,31,38,87,127,94456,44672,49784,22.65605149487592,19.374100110104173,0.21173879901753195,0.4234775980350639,1.2704327941051918,1.3763021936139577,28.429441260744984,17.475494134661737
48.0,2015,1,133,7,25,29,49,33,37,32,34,27,32,48,75,168,142655,68402,74253,17.034103256107393,9.323192317128738,0.49069433248045985,1.7524797588587853,2.032876520276191,3.434860327363219,24.56068536007719,10.100601995878954
48.0,2015,2,157,5,20,33,51,24,34,38,35,43,53,39,67,199,142655,68402,74253,18.646384634257476,11.005572885633171,0.350495951771757,1.401983807087028,2.3132732816935966,3.575058708071922,29.092716587234293,9.023204449651866
48.0,2016,1,174,5,12,38,28,25,45,42,39,37,32,37,87,170,141933,68053,73880,18.107135056681674,12.25930544693623,0.35227889215333996,0.8454693411680159,2.6773195803653835,1.9727617960587038,24.980529881122067,11.775852734163509
48.0,2016,2,170,5,12,26,26,18,35,38,37,29,39,43,71,168,141933,68053,73880,16.838931044929648,11.97748233321356,0.35227889215333996,0.8454693411680159,1.831850239197368,1.831850239197368,24.686641294285337,9.61017866811045
48.0,2017,1,271,4,19,41,24,44,50,53,56,45,45,66,136,223,141356,67801,73555,25.396870313251647,19.17145363479442,0.28297348538441947,1.3441240555759926,2.9004782251903,1.697840912306517,32.89037034851993,18.489565631160357
48.0,2017,2,326,4,14,37,41,52,71,52,55,51,70,71,163,259,141356,67801,73555,29.853702708056254,23.062339058830187,0.28297348538441947,0.9904071988454681,2.61750473980588,2.9004782251903,38.200026548281,22.160288219699545
48.0,2018,1,369,7,35,46,47,40,82,62,87,71,82,80,190,313,141531,67482,74049,35.61057294868262,26.072026623142634,0.4945912909539253,2.4729564547696263,3.250171340554366,3.32082723926207,46.38273910079725,25.65868546502991
48.0,2018,2,426,6,40,43,42,61,78,83,78,90,81,86,221,336,141531,67482,74049,39.35533558019092,30.099412849481737,0.4239353922462217,2.8262359483081445,3.0382036444312552,2.967547745723552,49.791055392549126,29.845102567219005
48.0,2019,1,137,3,5,18,19,14,29,17,28,32,36,26,77,105,141474,67751,73723,12.864554617809633,9.683758146373185,0.21205309809576317,0.35342183015960527,1.2723185885745791,1.3430029546065,15.497926229871146,10.444501715882424
49.0,2015,1,40,2,7,1,11,7,6,14,8,7,9,10,22,39,39535,19036,20499,15.429366384216516,10.117617301125584,0.5058808650562792,1.7705830276969772,0.2529404325281396,2.7823447578095357,20.487497373397773,10.732230840528807
49.0,2015,2,35,1,3,3,6,3,7,4,10,11,6,7,10,38,39535,19036,20499,12.141140761350702,8.852915138484887,0.2529404325281396,0.7588212975844189,0.7588212975844189,1.5176425951688377,19.962176927926034,4.878286745694912
49.0,2016,1,64,1,5,6,9,9,16,10,18,14,7,11,35,50,38553,18538,20015,22.047570876455787,16.6005239540373,0.2593831867818328,1.296915933909164,1.5562991206909966,2.3344486810364953,26.971625849606216,17.48688483637272
49.0,2016,2,71,1,5,5,3,8,12,16,11,15,7,16,36,49,38553,18538,20015,22.047570876455787,18.41620626151013,0.2593831867818328,1.296915933909164,1.296915933909164,0.7781495603454983,26.43219333261409,17.98651011741194
49.0,2017,1,146,1,7,5,6,15,29,22,27,22,21,29,61,104,37582,18051,19531,43.903996594114204,38.84838486509499,0.2660848278431164,1.8625937949018148,1.3304241392155818,1.5965089670586983,57.61453659077059,31.232399774717116
49.0,2017,2,241,1,4,9,8,22,34,32,44,43,40,48,98,165,37582,18051,19531,69.9803097227396,64.12644351019105,0.2660848278431164,1.0643393113724655,2.3947634505880475,2.128678622744931,91.40767824497257,50.176642261020945
49.0,2018,1,387,2,5,4,15,21,73,67,65,73,41,73,151,262,36791,17636,19155,112.25571471283737,105.18876899241661,0.543611209263135,1.3590280231578373,1.08722241852627,4.077084069473512,148.55976411884782,78.83059253458627
49.0,2018,2,300,2,12,6,19,25,58,39,59,65,33,60,126,213,36791,17636,19155,92.14209997010138,81.54168138947026,0.543611209263135,3.2616672555788098,1.6308336277894049,5.164306487999783,120.77568609662056,65.77916992952233
49.0,2019,1,127,0,2,4,4,7,30,14,25,23,13,25,48,89,36681,17572,19109,37.349036285815544,34.62282925765383,0.0,0.5452414056323437,1.0904828112646874,1.0904828112646874,50.64875938993854,25.11905384897169
50.0,2015,1,85,17,14,19,21,22,25,20,27,16,24,22,51,105,93921,45576,48345,16.60970390008624,9.050159176329043,1.8100318352658085,1.4906144525718423,2.022976757061786,2.2359216788577636,23.038441284886783,10.549177784672667
50.0,2015,2,54,17,14,13,30,21,25,9,14,21,19,19,44,84,93921,45576,48345,13.628474994942557,5.749512888491392,1.8100318352658085,1.4906144525718423,1.3841419916738535,3.1941738269396622,18.430753027909425,9.101251422070535
50.0,2016,1,86,16,29,11,18,27,22,20,26,19,24,22,54,106,93377,45263,48114,17.13484048534436,9.209976760872593,1.7134840485344356,3.1056898379686646,1.1780202833674245,1.92766955460124,23.418686344254688,11.22334455667789
50.0,2016,2,104,14,36,7,18,19,35,23,20,25,33,24,77,102,93377,45263,48114,19.169602792979,11.137646315473832,1.4992985424676313,3.85533910920248,0.7496492712338156,1.92766955460124,22.534962331263948,16.00365797896662
50.0,2017,1,169,5,28,10,19,24,41,32,30,35,29,40,103,128,93030,45064,47966,24.830699774266368,18.166182951735998,0.5374610340750295,3.0097817908201656,1.074922068150059,2.0423519294851125,28.40404757677969,21.47354376016345
50.0,2017,2,185,9,19,12,13,24,31,33,38,44,35,33,103,135,93030,45064,47966,25.58314522197141,19.886058260776096,0.9674298613350532,2.0423519294851125,1.289906481780071,1.3973986885950769,29.95739392863483,21.47354376016345
50.0,2018,1,200,8,38,15,20,24,47,43,46,43,37,41,127,153,93229,45285,47944,30.14083600596381,21.452552317411964,0.8581020926964785,4.075984940308273,1.6089414238058974,2.1452552317411966,33.78602186154356,26.4892374436843
50.0,2018,2,206,8,38,6,20,37,50,39,25,41,31,55,142,136,93229,45285,47944,29.819047721202633,22.096128886934324,0.8581020926964785,4.075984940308273,0.6435765695223589,2.1452552317411966,30.032019432483164,29.617887535458035
50.0,2019,1,83,1,12,3,7,18,20,17,11,16,11,13,45,61,94513,45836,48677,11.215388359273328,8.781860696412133,0.10580555055918234,1.2696666067101878,0.31741665167754696,0.7406388539142764,13.308316607033772,9.244612445302709
51.0,2015,1,25,6,6,4,4,10,7,5,10,4,7,2,22,23,72249,35162,37087,6.2284599094797155,3.4602555052665087,0.8304613212639621,0.8304613212639621,0.5536408808426414,0.5536408808426414,6.54115238041067,5.93199773505541
51.0,2015,2,25,11,6,6,13,11,11,3,8,14,9,5,18,43,72249,35162,37087,8.443023432850282,3.4602555052665087,1.5225124223172637,0.8304613212639621,0.8304613212639621,1.7993328627385847,12.229110972072123,4.853452692318063
51.0,2016,1,44,8,12,1,8,8,13,8,12,11,6,15,35,38,72554,35258,37296,10.061471455743307,6.0644485486672,1.1026270088485817,1.6539405132728726,0.1378283761060727,1.1026270088485817,10.777695842078394,9.384384384384385
51.0,2016,2,47,12,23,7,7,8,15,6,20,9,21,17,40,56,72554,35258,37296,13.231524106182981,6.477933676985418,1.6539405132728726,3.170052650439673,0.9647986327425091,0.9647986327425091,15.882920188326054,10.725010725010724
51.0,2017,1,84,5,17,2,13,14,23,14,14,23,18,15,63,58,72985,35428,37557,16.578749058025622,11.509214222100432,0.6850722751250257,2.3292457354250873,0.2740289100500103,1.7811879153250667,16.371231794061195,16.774502755811167
51.0,2017,2,90,11,10,6,7,11,16,11,22,26,13,25,46,78,72985,35428,37557,16.98979242310064,12.331300952250462,1.5071590052750565,1.3701445502500513,0.8220867301500309,0.959101185175036,22.01648413684092,12.248049631227202
51.0,2018,1,119,4,25,7,16,17,24,26,30,32,23,19,62,109,73845,35930,37915,23.156611822059716,16.1148351276322,0.5416751303405782,3.385469564628614,0.9479314780960119,2.166700521362313,30.336765933760088,16.352367137017012
51.0,2018,2,109,7,25,3,11,22,30,16,17,29,19,22,70,84,73845,35930,37915,20.989911300697408,14.760647301780757,0.9479314780960119,3.385469564628614,0.4062563477554337,1.4896066084365902,23.37879209574172,18.462349993406303
51.0,2019,1,44,1,3,2,0,7,11,4,4,7,8,9,20,30,75389,36613,38776,6.632267306901538,5.836395230073353,0.13264534613803075,0.39793603841409225,0.2652906922760615,0.0,8.193810941468877,5.157829585310501
52.0,2015,1,20,6,4,0,0,8,6,4,2,4,4,2,6,24,17505,8720,8785,17.13796058269066,11.425307055127107,3.427592116538132,2.285061411025421,0.0,0.0,27.522935779816514,6.829823562891292
52.0,2015,2,12,8,10,0,2,6,2,4,8,4,4,4,14,18,17505,8720,8785,18.28049128820337,6.855184233076264,4.570122822050842,5.712653527563553,0.0,1.1425307055127105,20.642201834862387,15.936254980079681
52.0,2016,1,22,8,14,0,2,2,8,8,4,14,4,6,18,28,17696,8811,8885,25.994575045207956,12.432188065099458,4.520795660036166,7.911392405063291,0.0,1.1301989150090415,31.778458744750882,20.258863252673045
52.0,2016,2,22,0,4,2,6,0,4,6,10,4,0,10,10,24,17696,8811,8885,19.213381555153706,12.432188065099458,0.0,2.260397830018083,1.1301989150090415,3.390596745027125,27.23867892407218,11.254924029262803
52.0,2017,1,78,2,18,0,0,10,14,20,8,26,14,6,42,56,17893,8909,8984,54.77002179623316,43.592466327614154,1.1177555468619014,10.059799921757111,0.0,0.0,62.857784263104726,46.74977738201247
52.0,2017,2,42,8,6,2,4,6,14,4,8,8,8,14,32,30,17893,8909,8984,34.650421952718936,23.472866484099928,4.4710221874476055,3.3532666405857037,1.1177555468619014,2.2355110937238027,33.67381299809182,35.61887800534283
52.0,2018,1,52,4,16,8,2,10,20,14,10,10,12,6,34,48,18178,8980,9198,45.109472989327756,28.60600726152492,2.2004620970403783,8.801848388161513,4.400924194080757,1.1002310485201892,53.4521158129176,36.964557512502715
52.0,2018,2,62,10,26,2,12,16,22,10,26,6,14,18,48,62,18178,8980,9198,61.612938717130596,34.10716250412587,5.501155242600946,14.30300363076246,1.1002310485201892,6.601386291121135,69.04231625835189,52.18525766470972
52.0,2019,1,24,6,2,2,2,4,2,8,2,12,6,2,16,20,18698,9295,9403,19.253396085142796,12.835597390095197,3.2088993475237992,1.0696331158412664,1.0696331158412664,1.0696331158412664,21.51694459386767,17.01584600659364
53.0,2015,1,75,6,11,2,18,11,17,22,15,22,7,18,46,66,49067,23723,25344,22.825931889049667,15.285222247131474,1.2228177797705178,2.2418325962459495,0.40760592659017264,3.668453339311554,27.821101884247355,18.150252525252526
53.0,2015,2,75,13,8,1,27,18,20,13,16,20,15,22,38,86,49067,23723,25344,25.2715674485907,15.285222247131474,2.649438522836122,1.6304237063606906,0.20380296329508632,5.50268000896733,36.251738818867764,14.993686868686869
53.0,2016,1,102,7,19,0,9,14,17,20,19,19,24,24,53,84,48024,23187,24837,28.527402965184073,21.239380309845075,1.4576045310677994,3.9563551557554555,0.0,1.8740629685157422,36.2271962737741,21.3391311350002
53.0,2016,2,96,10,8,5,12,15,17,18,25,19,19,18,48,83,48024,23187,24837,27.278027652840247,19.99000499750125,2.0822921872397133,1.665833749791771,1.0411460936198567,2.498750624687656,35.79592012765774,19.326005556226598
53.0,2017,1,149,15,13,6,22,23,26,34,36,29,18,39,65,140,47080,22705,24375,43.54290569243841,31.6482582837723,3.18606627017842,2.7612574341546305,1.274426508071368,4.672897196261682,61.66042721867431,26.666666666666664
53.0,2017,2,172,9,7,3,11,24,27,22,35,25,34,35,63,139,47080,22705,24375,42.90569243840272,36.53355989804588,1.9116397621070518,1.4868309260832626,0.637213254035684,2.336448598130841,61.21999559568377,25.846153846153843
53.0,2018,1,165,10,26,10,22,21,39,36,44,36,24,33,86,146,46417,22472,23945,50.19712605295474,35.5473210246246,2.154383092401491,5.601396040243877,2.154383092401491,4.73964280328328,64.96974012103952,35.915640008352476
53.0,2018,2,240,5,15,5,15,32,37,40,51,41,40,39,101,178,46417,22472,23945,60.32272658724174,51.705194217635785,1.0771915462007455,3.2315746386022366,1.0771915462007455,3.2315746386022366,79.20968316126736,42.179995823762795
53.0,2019,1,58,4,2,2,4,4,12,12,14,7,10,11,27,43,46874,22582,24292,14.933651917907582,12.37359730340914,0.8533515381661475,0.42667576908307375,0.42667576908307375,0.8533515381661475,19.041714639978746,11.114770294747242
54.0,2015,1,63,19,11,16,30,26,14,18,24,19,15,23,37,102,106068,54423,51645,13.104800693894484,5.9395859260097295,1.7913036919711884,1.0370705585096354,1.508466266923106,2.828374250480824,18.74207596053139,7.164294704230807
54.0,2015,2,74,11,6,5,28,13,18,17,24,20,11,21,31,93,106068,54423,51645,11.69061356865407,6.976656484519364,1.0370705585096354,0.5656748500961647,0.4713957084134706,2.6398159671154358,17.088363375778624,6.002517184625811
54.0,2016,1,139,16,21,14,15,18,32,23,39,40,25,28,82,123,107562,55424,52138,19.058775403953067,12.92277942024135,1.4875141778695078,1.952362358453729,1.3015749056358195,1.3945445417526636,22.192551963048498,15.727492423951821
54.0,2016,2,145,15,14,16,24,29,35,27,21,35,32,35,68,146,107562,55424,52138,19.89550212900467,13.480597236942414,1.3945445417526636,1.3015749056358195,1.4875141778695078,2.231271266804262,26.342378752886837,13.042310790594193
54.0,2017,1,219,16,28,17,26,43,49,32,47,44,47,44,117,189,109202,56507,52695,28.02146480833684,20.05457775498617,1.4651746305012727,2.5640556033772275,1.5567480449076023,2.3809087745645687,33.4471835347833,22.203245089666954
54.0,2017,2,233,15,12,14,27,34,46,36,37,58,47,43,105,196,109202,56507,52695,27.563597736305198,21.336605556674787,1.3736012160949433,1.0988809728759545,1.2820278016886137,2.472482188970898,34.685968110145645,19.925989183034446
54.0,2018,1,301,8,36,17,10,37,48,56,52,54,56,69,160,212,111476,58191,53285,33.370411568409345,27.00132764003014,0.7176432595356849,3.2293946679105816,1.52499192651333,0.897054074419606,36.431750614356176,30.027212161020927
54.0,2018,2,366,15,33,17,20,51,75,70,55,68,51,81,168,281,111476,58191,53285,40.45713875632423,32.83217912375758,1.345581111629409,2.9602784455847,1.52499192651333,1.794108148839212,48.289254352047564,31.52857276907197
54.0,2019,1,109,1,5,5,4,10,19,6,26,24,17,22,42,82,115215,60329,54886,10.762487523325957,9.460573710020396,0.08679425422037061,0.433971271101853,0.433971271101853,0.34717701688148245,13.592136451789354,7.652224611011916
55.0,2015,1,38,14,6,10,19,15,10,14,13,12,10,13,19,68,71424,34601,36823,12.180779569892474,5.320340501792115,1.9601254480286738,0.8400537634408602,1.400089605734767,2.6601702508960576,19.652611196208202,5.159818591641094
55.0,2015,2,44,17,14,4,21,17,11,10,17,16,7,22,27,73,71424,34601,36823,14.00089605734767,6.160394265232974,2.380152329749104,1.9601254480286738,0.5600358422939068,2.940188172043011,21.09765613710586,7.332373788121554
55.0,2016,1,97,8,17,2,18,27,14,15,21,26,17,22,47,95,71340,34519,36821,19.904681805438745,13.5968601065321,1.1213905242500701,2.382954864031399,0.28034763106251753,2.5231286795626575,27.52107534980735,12.764455066402325
55.0,2016,2,102,13,23,9,13,16,24,25,26,27,26,16,54,106,71340,34519,36821,22.4278104850014,14.297729184188395,1.822259601906364,3.2239977572189513,1.2615643397813288,1.822259601906364,30.707726179785045,14.665544118845224
55.0,2017,1,120,7,21,5,7,17,25,21,37,21,21,18,59,101,71384,34504,36880,22.41398632746834,16.810489745601256,0.98061190182674,2.9418357054802198,0.7004370727333856,0.98061190182674,29.271968467424067,15.997830802603037
55.0,2017,2,109,15,10,4,12,24,18,20,16,19,29,24,55,95,71384,34504,36880,21.01311218200157,15.269528185587808,2.101311218200157,1.4008741454667712,0.5603496581867085,1.6810489745601256,27.533039647577095,14.913232104121475
55.0,2018,1,139,10,28,8,16,30,36,18,29,30,23,35,69,131,71841,34863,36978,27.978452415751452,19.348283013877868,1.3919628067538037,3.89749585891065,1.113570245403043,2.227140490806086,37.57565327137653,18.65974363134837
55.0,2018,2,145,2,32,4,12,16,27,29,26,33,32,32,87,108,71841,34863,36978,27.14327473169917,20.18346069793015,0.27839256135076074,4.454280981612172,0.5567851227015215,1.6703553681045642,30.978401170295157,23.527502839526203
55.0,2019,1,40,3,2,3,3,4,10,6,3,10,8,10,18,33,73342,35514,37828,6.9537236508412645,5.4539009026206,0.40904256769654496,0.27269504513102993,0.40904256769654496,0.40904256769654496,9.292110153742186,4.758380035952205
56.0,2015,1,43,7,4,15,6,15,8,13,13,8,6,12,27,48,45568,22258,23310,16.458918539325843,9.436446629213483,1.5361657303370786,0.8778089887640449,3.2917837078651684,1.3167134831460674,21.565279899362025,11.583011583011583
56.0,2015,2,49,8,3,18,3,12,13,14,13,12,6,11,24,57,45568,22258,23310,17.77563202247191,10.75316011235955,1.7556179775280898,0.6583567415730337,3.950140449438202,0.6583567415730337,25.608769880492407,10.296010296010294
56.0,2016,1,65,6,16,11,6,11,17,10,16,22,15,13,36,68,46964,22896,24068,22.144621412145472,13.840388382590922,1.2775743122391618,3.406864832637765,2.3422195724384633,1.2775743122391618,29.699510831586302,14.957620076450057
56.0,2016,2,59,4,7,13,8,14,13,16,12,15,7,14,35,56,46964,22896,24068,19.37654373562729,12.56281407035176,0.8517162081594413,1.4905033642790222,2.768077676518184,1.7034324163188825,24.45842068483578,14.542130629882001
56.0,2017,1,108,9,7,5,6,22,16,25,24,24,8,16,49,86,48373,23549,24824,27.908130568705683,22.326504454964546,1.860542037913712,1.447088251710665,1.033634465507618,1.2403613586091415,36.519597435135246,19.73896229455366
56.0,2017,2,138,5,5,5,4,19,24,17,25,28,15,29,56,101,48373,23549,24824,32.4561222169392,28.528311248010255,1.033634465507618,1.033634465507618,1.033634465507618,0.8269075724060944,42.88929466219373,22.558814050918468
56.0,2018,1,192,2,10,7,4,14,36,27,35,41,21,41,84,131,50027,24123,25904,42.976792532032704,38.379275191396644,0.39978411657704843,1.9989205828852419,1.3992444080196693,0.7995682331540969,54.3050201052937,32.427424336009885
56.0,2018,2,199,1,28,6,5,18,39,33,46,37,20,46,104,135,50027,24123,25904,47.774201930957275,39.77851959941631,0.19989205828852422,5.596977632078677,1.1993523497311451,0.9994602914426209,55.9631886581271,40.14823965410748
56.0,2019,1,78,2,3,2,4,5,20,4,16,23,9,12,27,62,52258,25327,26931,17.03088522331509,14.92594435301772,0.3827165218722492,0.5740747828083738,0.3827165218722492,0.7654330437444984,24.479804161566705,10.02562103152501
57.0,2015,1,124,27,23,26,31,35,33,26,27,33,38,39,62,169,125387,61305,64082,18.422962508075,9.8893824718671,2.15333328016461,1.834320942362446,2.073580195714069,2.472345617966775,27.567082619688442,9.675103773290472
57.0,2015,2,99,21,22,14,30,18,33,17,33,32,18,35,64,122,125387,61305,64082,14.83407370780065,7.895555360603572,1.6748147734613636,1.7545678579119046,1.1165431823075758,2.3925925335162335,19.90049751243781,9.98720389500952
57.0,2016,1,163,19,24,7,24,27,42,31,21,42,30,44,80,157,124485,60831,63654,19.038438366068203,13.093947061895006,1.5262883078282523,1.9279431256777926,0.5623167449893561,1.9279431256777926,25.809209120349824,12.567945455116725
57.0,2016,2,133,19,37,18,28,31,42,29,33,39,33,28,83,152,124485,60831,63654,18.877776438928386,10.684018154797766,1.5262883078282523,2.9722456520865967,1.4459573442583442,2.2492669799574245,24.987259785306833,13.039243409683602
57.0,2017,1,188,18,30,15,30,32,28,38,47,57,34,45,115,166,123694,60436,63258,22.717350882015293,15.1987970313839,1.4552039710899478,2.4253399518165795,1.2126699759082897,2.4253399518165795,27.467072605731683,18.179518796041606
57.0,2017,2,279,17,24,9,23,33,44,51,62,55,63,44,150,202,123694,60436,63258,28.457322101314535,22.55566155189419,1.374359306029395,1.9402719614532637,0.7276019855449739,1.859427296392711,33.42378714673374,23.712415820923834
57.0,2018,1,288,20,46,11,41,35,62,44,60,62,74,69,156,248,123476,59837,63639,32.880883734490915,23.324370727914737,1.619747967216301,3.7254203245974926,0.8908613819689656,3.320483332793417,41.4459281046844,24.513270164521757
57.0,2018,2,339,16,55,16,27,48,62,59,74,61,70,79,207,246,123476,59837,63639,36.68729145744922,27.454728044316305,1.2957983737730407,4.454306909844828,1.2957983737730407,2.1866597557420064,41.11168674900146,32.52722387215387
57.0,2019,1,121,2,6,3,8,8,23,16,21,24,24,24,55,85,126215,61508,64707,11.09218397179416,9.586816147050667,0.15845977102563086,0.47537931307689263,0.23768965653844631,0.6338390841025234,13.819340573583924,8.49985318435409
58.0,2015,1,81,10,17,8,7,16,17,20,14,14,19,23,46,77,90939,44593,46346,13.525550094019069,8.907069574110118,1.0996382190259404,1.869384972344099,0.8797105752207524,0.7697467533181583,17.2672841028861,9.92534415052
58.0,2015,2,58,6,18,9,9,14,17,10,16,13,13,17,36,64,90939,44593,46346,10.996382190259403,6.377901670350455,0.6597829314155642,1.979348794246693,0.9896743971233465,0.9896743971233465,14.352028345255981,7.767660639537392
58.0,2016,1,102,7,26,4,9,16,22,22,25,21,19,23,66,82,90985,44620,46365,16.266417541352972,11.210639116337859,0.7693575864153431,2.857613892399846,0.43963290652305326,0.9891740396768698,18.377409233527565,14.234875444839858
58.0,2016,2,87,16,23,10,13,25,24,21,21,17,20,21,57,92,90985,44620,46365,16.376325767983733,9.562015716876408,1.758531626092213,2.5278892125075565,1.0990822663076332,1.428806946199923,20.61855670103093,12.29375606599806
58.0,2017,1,111,6,23,10,24,26,24,23,30,24,23,24,61,113,91084,44685,46399,19.10324535593518,12.186553071889684,0.6587325984805235,2.525141627508673,1.0978876641342057,2.634930393922094,25.28812800716124,13.146835061100454
58.0,2017,2,179,2,18,8,14,20,33,33,31,34,38,32,93,128,91084,44685,46399,24.263317377365947,19.652189188002286,0.21957753282684117,1.9761977954415704,0.8783101313073647,1.537042729787888,28.644959158554325,20.043535421022003
58.0,2018,1,177,9,38,6,22,27,51,36,36,32,33,37,114,138,91633,44615,47018,27.501009461656828,19.316185217116104,0.9821789093448867,4.146977617233966,0.6547859395632577,2.400881778398612,30.93130113190631,24.246033434003998
58.0,2018,2,225,7,41,12,20,37,55,41,49,37,49,37,140,164,91633,44615,47018,33.284951927798936,24.554472733622166,0.7639169294904674,4.474370587015595,1.3095718791265154,2.1826197985441924,36.75893757704808,29.775830532987367
58.0,2019,1,75,2,10,3,10,9,14,15,16,14,17,15,41,59,94210,46146,48064,10.614584439019213,7.960938329264409,0.21229168878038424,1.0614584439019212,0.3184375331705764,1.0614584439019212,12.785506869501148,8.53029294274301
59.0,2015,1,50,11,19,2,3,16,14,5,12,18,10,10,38,46,47422,23541,23881,17.92417021635528,10.543629539032516,2.319598498587154,4.006579224832357,0.42174518156130064,0.6326177723419509,19.540376364640416,15.912231481093755
59.0,2015,2,34,13,20,2,9,9,15,9,13,11,13,8,25,53,47422,23541,23881,16.448062080890725,7.169668086542112,2.741343680148454,4.217451815613007,0.42174518156130064,1.8978533170258531,22.513911898390045,10.468573342824842
59.0,2016,1,54,9,22,3,6,8,13,14,9,19,16,15,35,56,47682,23661,24021,19.713938173734324,11.325028312570781,1.8875047187617968,4.613900423639948,0.6291682395872655,1.258336479174531,23.667638730400235,14.570584072270098
59.0,2016,2,46,17,13,6,14,10,19,21,15,10,6,15,29,67,47682,23661,24021,20.133383666792497,9.647246340338073,3.5652866909945056,2.726395704878151,1.258336479174531,2.9361184514072396,28.316639195300283,12.072769659880937
59.0,2017,1,65,15,18,5,16,11,19,18,12,19,26,14,44,75,47970,23806,24164,24.807171148634563,13.550135501355014,3.1269543464665417,3.75234521575985,1.0423181154888472,3.335417969564311,31.50466269007813,18.208905810296308
59.0,2017,2,77,5,9,8,13,14,14,20,16,16,15,17,40,72,47970,23806,24164,23.347925786950178,16.051698978528247,1.0423181154888472,1.876172607879925,1.6677089847821556,2.710027100271003,30.244476182475005,16.553550736633007
59.0,2018,1,115,8,19,4,28,14,27,18,20,38,31,26,70,104,48496,23875,24621,35.87924777301221,23.713295941933357,1.649620587264929,3.917848894754207,0.8248102936324645,5.773672055427252,43.560209424083766,28.431014174891356
59.0,2018,2,151,6,21,4,16,24,32,32,24,28,28,30,70,125,48496,23875,24621,40.828109534807,31.136588584625535,1.2372154404486968,4.330254041570439,0.8248102936324645,3.299241174529858,52.35602094240838,28.431014174891356
59.0,2019,1,49,0,11,1,2,5,12,5,7,11,10,13,31,32,49878,24695,25183,12.630819198845183,9.823970487990698,0.0,2.2053811299570953,0.2004891936324632,0.4009783872649264,12.958088681919415,12.30989159353532
60.0,2015,1,2,4,0,0,0,2,0,2,0,0,2,0,2,4,1317,675,642,45.558086560364465,15.186028853454822,30.372057706909644,0.0,0.0,0.0,59.25925925925926,31.15264797507788
60.0,2015,2,4,0,0,2,0,2,0,0,0,0,4,0,4,2,1317,675,642,45.558086560364465,30.372057706909644,0.0,0.0,15.186028853454822,0.0,29.62962962962963,62.30529595015576
60.0,2016,1,4,0,2,0,0,0,4,0,2,0,0,0,0,6,1205,619,586,49.792531120331944,33.19502074688796,0.0,16.59751037344398,0.0,0.0,96.93053311793214,0.0
60.0,2016,2,6,2,0,2,0,2,0,0,0,4,2,2,2,8,1205,619,586,82.98755186721992,49.792531120331944,16.59751037344398,0.0,16.59751037344398,0.0,129.24071082390955,34.129692832764505
60.0,2017,1,4,4,2,0,0,0,0,0,0,4,4,2,4,6,1100,565,535,90.9090909090909,36.36363636363637,36.36363636363637,18.181818181818183,0.0,0.0,106.19469026548673,74.76635514018692
60.0,2017,2,0,4,2,0,0,2,0,2,0,2,0,0,2,4,1100,565,535,54.54545454545455,0.0,36.36363636363637,18.181818181818183,0.0,0.0,70.79646017699115,37.38317757009346
60.0,2018,1,10,0,4,4,0,2,0,4,2,6,4,0,12,6,1014,517,497,177.5147928994083,98.61932938856016,0.0,39.447731755424066,39.447731755424066,0.0,116.0541586073501,241.4486921529175
60.0,2018,2,0,0,2,0,0,0,0,0,0,0,0,2,2,0,1014,517,497,19.723865877712033,0.0,0.0,19.723865877712033,0.0,0.0,0.0,40.24144869215292
60.0,2019,1,8,0,2,0,0,4,0,0,0,0,2,4,8,2,1058,545,513,94.5179584120983,75.61436672967864,0.0,18.90359168241966,0.0,0.0,36.69724770642202,155.94541910331384
61.0,2015,1,17,4,8,1,0,4,3,2,4,6,4,7,17,13,18445,9007,9438,16.26457034426674,9.216589861751151,2.168609379235565,4.33721875847113,0.5421523448088913,0.0,14.433218607749529,18.012290739563465
61.0,2015,2,17,6,3,3,0,3,3,5,5,4,4,5,8,21,18445,9007,9438,15.722417999457848,9.216589861751151,3.252914068853348,1.626457034426674,1.626457034426674,0.0,23.315199289441544,8.47637211273575
61.0,2016,1,24,5,6,1,2,2,10,6,3,5,9,3,21,17,19753,9635,10118,19.237584164430718,12.15005315648256,2.5312610742671997,3.03751328912064,0.50625221485344,1.01250442970688,17.644006227296316,20.755089938723067
61.0,2016,2,20,6,9,2,3,4,4,8,9,5,8,2,10,30,19753,9635,10118,20.250088594137598,10.125044297068799,3.03751328912064,4.55626993368096,1.01250442970688,1.51875664456032,31.136481577581733,9.883376161296697
61.0,2017,1,38,6,17,4,6,10,16,10,6,8,11,10,28,43,21111,10292,10819,33.6317559566103,18.000094737340724,2.842120221685377,8.052673961441903,1.8947468144569182,2.842120221685377,41.78002331908278,25.880395600332747
61.0,2017,2,45,0,23,3,1,10,6,8,12,5,15,16,39,33,21111,10292,10819,34.105442660224526,21.31590166264033,0.0,10.89479418312728,1.4210601108426886,0.47368670361422954,32.06373882627283,36.047693871892044
61.0,2018,1,33,4,28,2,1,6,15,14,8,6,6,13,35,33,22637,10939,11698,30.039316163802624,14.577903432433626,1.7670185978707424,12.369130185095198,0.8835092989353712,0.4417546494676856,30.167291342901546,29.919644383655324
61.0,2018,2,54,4,22,2,1,8,16,11,12,14,8,14,45,38,22637,10939,11698,36.66563590581791,23.854751071255027,1.7670185978707424,9.718602288289084,0.8835092989353712,0.4417546494676856,34.738093061522996,38.468114207556845
61.0,2019,1,15,2,3,0,0,3,0,4,2,2,3,6,7,13,24119,11715,12404,8.29221775363821,6.219163315228658,0.8292217753638211,1.2438326630457317,0.0,0.0,11.096884336320956,5.64334085778781
62.0,2015,1,99,3,12,5,21,15,14,18,17,27,22,27,49,91,40278,20006,20272,34.758428919012864,24.579174735587664,0.7448234768359899,2.9792939073439597,1.2413724613933166,5.213764337851929,45.48635409377187,24.171270718232044
62.0,2015,2,49,12,11,3,17,13,13,9,19,18,10,10,20,72,40278,20006,20272,22.841253289637024,12.165450121654501,2.9792939073439597,2.731019415065296,0.7448234768359899,4.220666368737276,35.98920323902829,9.865824782951856
62.0,2016,1,116,12,17,1,8,14,25,27,26,25,21,16,59,95,39950,19871,20079,38.54818523153942,29.036295369211516,3.0037546933667083,4.25531914893617,0.2503128911138924,2.002503128911139,47.808363947461125,29.383933462821854
62.0,2016,2,88,6,18,9,13,12,17,15,27,27,13,23,53,81,39950,19871,20079,33.541927409261575,22.027534418022526,1.5018773466833542,4.505632040050062,2.252816020025031,3.254067584480601,40.76292083941422,26.395736839484037
62.0,2017,1,128,8,11,18,11,22,27,24,32,21,32,18,68,108,39702,19776,19926,44.330260440280085,32.240189411112794,2.0150118381945497,2.7706412775175053,4.533776635937736,2.7706412775175053,54.6116504854369,34.126267188597815
62.0,2017,2,160,5,8,11,11,22,31,21,26,35,26,34,86,109,39702,19776,19926,49.11591355599214,40.30023676389099,1.2593823988715935,2.0150118381945497,2.7706412775175053,2.7706412775175053,55.1173139158576,43.15969085616782
62.0,2018,1,197,4,20,14,19,27,31,39,33,48,30,46,96,158,39681,19601,20080,64.01048360676394,49.64592626193897,1.0080391119175425,5.040195559587712,3.5281368917113984,4.788185781608326,80.60813223815113,47.808764940239044
62.0,2018,2,224,5,35,9,14,25,50,32,45,47,40,48,126,161,39681,19601,20080,72.32680628008367,56.450190267382375,1.260048889896928,8.820342229278497,2.2680880018144705,3.5281368917113984,82.1386663945717,62.74900398406375
62.0,2019,1,88,0,5,2,1,9,8,11,13,23,17,15,42,54,40340,20058,20282,23.797719385225584,21.81457610312345,0.0,1.2394645513138323,0.49578582052553294,0.24789291026276647,26.92192641340114,20.70801696085199
63.0,2015,2,3,0,1,1,0,1,0,0,1,1,1,1,3,2,83,46,37,602.4096385542168,361.4457831325301,0.0,120.48192771084338,120.48192771084338,0.0,434.7826086956522,810.8108108108108
63.0,2016,1,4,0,1,0,0,0,3,0,0,1,0,1,4,1,64,34,30,781.25,625.0,0.0,156.25,0.0,0.0,294.11764705882354,1333.3333333333333
63.0,2016,2,3,7,1,2,3,3,4,1,2,1,5,0,6,10,64,34,30,2500.0,468.75,1093.75,156.25,312.5,468.75,2941.1764705882356,2000.0
63.0,2017,1,6,2,0,0,0,1,1,2,1,0,2,1,5,3,47,26,21,1702.127659574468,1276.5957446808509,425.531914893617,0.0,0.0,0.0,1153.8461538461538,2380.9523809523807
63.0,2017,2,13,2,1,3,0,1,3,5,3,3,3,1,5,14,47,26,21,4042.5531914893613,2765.9574468085107,425.531914893617,212.7659574468085,638.2978723404254,0.0,5384.615384615385,2380.9523809523807
63.0,2018,1,10,1,3,2,0,4,2,2,1,3,1,3,8,8,36,18,18,4444.444444444444,2777.777777777778,277.77777777777777,833.3333333333333,555.5555555555555,0.0,4444.444444444444,4444.444444444444
63.0,2018,2,11,2,1,0,0,0,1,2,1,1,5,4,7,7,36,18,18,3888.888888888889,3055.5555555555557,555.5555555555555,277.77777777777777,0.0,0.0,3888.888888888889,3888.888888888889
63.0,2019,1,4,0,0,1,0,0,2,1,1,0,1,0,2,3,36,18,18,1388.888888888889,1111.111111111111,0.0,0.0,277.77777777777777,0.0,1666.6666666666665,1111.111111111111
64.0,2015,1,6,3,1,0,1,2,2,2,1,1,3,0,5,6,4777,2414,2363,23.027004396064477,12.560184216035168,6.280092108017584,2.0933640360058616,0.0,2.0933640360058616,24.855012427506214,21.159542953872197
64.0,2015,2,3,6,2,1,0,2,3,0,2,4,0,1,4,8,4777,2414,2363,25.120368432070336,6.280092108017584,12.560184216035168,4.186728072011723,2.0933640360058616,0.0,33.140016570008285,16.92763436309776
64.0,2016,1,8,2,0,1,0,3,0,2,1,0,4,1,4,7,4952,2508,2444,22.213247172859454,16.155088852988694,4.0387722132471735,0.0,2.0193861066235868,0.0,27.91068580542265,16.366612111292962
64.0,2016,2,5,3,2,0,0,4,1,2,0,0,2,1,4,6,4952,2508,2444,20.193861066235865,10.096930533117932,6.058158319870759,4.0387722132471735,0.0,0.0,23.923444976076553,16.366612111292962
64.0,2017,1,4,0,3,0,2,2,1,0,0,1,3,2,5,4,5124,2596,2528,17.56440281030445,7.8064012490242,0.0,5.85480093676815,0.0,3.9032006245121,15.408320493066256,19.77848101265823
64.0,2017,2,11,4,0,0,1,3,1,0,4,1,3,4,6,10,5124,2596,2528,31.2256049960968,21.467603434816553,7.8064012490242,0.0,0.0,1.95160031225605,38.52080123266564,23.734177215189874
64.0,2018,1,3,7,6,0,0,2,0,2,0,3,3,6,7,9,5331,2681,2650,30.013130744700806,5.627462014631401,13.130744700806604,11.254924029262803,0.0,0.0,33.56956359567325,26.415094339622645
64.0,2018,2,3,3,9,0,2,1,4,3,1,5,2,1,9,8,5331,2681,2650,31.888951416244605,5.627462014631401,5.627462014631401,16.882386043894204,0.0,3.7516413430876008,29.839612085042894,33.9622641509434
64.0,2019,1,4,2,1,0,0,2,1,0,0,2,1,1,4,3,5725,2899,2826,12.22707423580786,6.986899563318777,3.4934497816593884,1.7467248908296942,0.0,0.0,10.348395998620214,14.154281670205238
65.0,2015,1,54,5,8,22,15,8,14,21,24,10,14,13,37,67,72468,34778,37690,14.351161892145498,7.451564828614009,0.689959706353149,1.1039355301650384,3.0358227079538556,2.069879119059447,19.26505261947208,9.816927566993897
65.0,2015,2,43,8,4,14,13,9,7,15,10,16,12,13,23,59,72468,34778,37690,11.315339184191643,5.933653474637081,1.1039355301650384,0.5519677650825192,1.9318871777888171,1.7938952365181873,16.964747829087354,6.102414433536747
65.0,2016,1,75,9,6,16,12,9,18,17,12,22,19,21,40,78,73832,35427,38405,15.982229927402752,10.158196987755986,1.2189836385307184,0.8126557590204789,2.1670820240546105,1.6253115180409579,22.01710559742569,10.415310506444472
65.0,2016,2,88,2,10,18,14,17,20,14,22,28,18,13,47,85,73832,35427,38405,17.878426698450536,11.918951132300357,0.2708852530068263,1.3544262650341317,2.437967277061437,1.896196771047784,23.99299968950236,12.237989845072256
65.0,2017,1,147,5,12,19,22,20,33,22,28,37,35,30,71,134,75273,36121,39152,27.234200842267477,19.52891475030888,0.6642488010309141,1.5941971224741938,2.5241454439174733,2.922694724536022,37.09753329088342,18.13445034736412
65.0,2017,2,204,1,6,14,20,20,34,34,38,48,35,36,85,160,75273,36121,39152,32.54819125051479,27.101351082061296,0.13284976020618283,0.7970985612370969,1.8598966428865598,2.6569952041236564,44.29556213836826,21.710257458111975
65.0,2018,1,268,3,16,25,21,27,60,52,50,47,47,50,133,200,77129,36651,40478,43.174422072112954,34.74698232830712,0.388958757406423,2.0744467061675893,3.241322978386858,2.722711301844961,54.56877029276146,32.85735461238204
65.0,2018,2,306,6,19,25,22,44,63,53,49,63,46,60,150,228,77129,36651,40478,49.008803433209295,39.67379325545515,0.777917514812846,2.4634054635740124,3.241322978386858,2.8523642209804354,62.208398133748055,37.05716685606996
65.0,2019,1,108,2,4,5,7,13,17,17,27,20,18,14,42,84,79580,38071,41509,15.833123900477508,13.57124905755215,0.25131942699170645,0.5026388539834129,0.628298567479266,0.8796179944709726,22.064038244332956,10.118287600279457
66.0,2015,1,74,15,17,8,31,12,21,15,24,24,30,19,60,85,69284,34028,35256,20.928352866462674,10.680676635298193,2.1650020206685525,2.453668956757693,1.1546677443565614,4.474337509381676,24.97942870577172,17.018379850238258
66.0,2015,2,56,21,18,10,31,14,28,18,15,19,15,27,39,97,69284,34028,35256,19.629351654061544,8.082674210495929,3.0310028289359736,2.598002424802263,1.443334680445702,4.474337509381676,28.50593628776302,11.061946902654867
66.0,2016,1,94,15,15,7,21,14,23,16,26,27,22,24,57,95,68718,33745,34973,22.119386478069792,13.679094269332635,2.182834191914782,2.182834191914782,1.0186559562268982,3.055967868680695,28.15231886205364,16.298287250164414
66.0,2016,2,78,15,14,10,34,18,26,28,22,21,20,16,44,107,68718,33745,34973,21.97386419860881,11.350737797956867,2.182834191914782,2.0373119124537964,1.4552227946098548,4.947757501673506,31.708401244628835,12.581134017670774
66.0,2017,1,141,10,16,14,20,17,38,25,29,32,34,26,80,121,68241,33514,34727,29.454433551677145,20.662065327295906,1.4653947040635396,2.3446315265016633,2.0515525856889556,2.930789408127079,36.10431461478785,23.03683013217381
66.0,2017,2,221,10,11,7,35,25,35,41,46,50,49,38,134,150,68241,33514,34727,41.617209595404525,32.385222959804224,1.4653947040635396,1.6119341744698934,1.0257762928444778,5.128881464222387,44.75741481172047,38.58669047139114
66.0,2018,1,224,17,25,12,38,30,45,41,44,52,43,61,133,183,68147,33151,34996,46.370346456924004,32.870119007439804,2.494607246100342,3.6685400677946203,1.7608992325414177,5.576180903047823,55.20195469216615,38.00434335352612
66.0,2018,2,308,13,33,14,30,38,59,60,52,61,58,70,181,217,68147,33151,34996,58.40315787929036,45.196413635229725,1.9076408352532026,4.842472889488899,2.0543824379649878,4.4022480813535445,65.45805556393472,51.720196593896446
66.0,2019,1,98,0,10,3,4,15,17,15,19,20,11,18,50,65,69426,34000,35426,16.564399504508398,14.115749142972374,0.0,1.4403825656094258,0.4321147696828278,0.5761530262437704,19.11764705882353,14.113927623779146
67.0,2015,1,141,53,42,3,44,43,45,41,40,37,41,36,91,192,153476,76374,77102,18.43936511246058,9.187104172639371,3.453308660637494,2.7365842216372593,0.1954703015455185,2.866897756000938,25.13944536098672,11.80254727503826
67.0,2015,2,86,44,34,2,27,26,25,33,21,25,36,27,67,126,153476,76374,77102,12.575256066095024,5.603481977638197,2.866897756000938,2.215330084182543,0.130313534363679,1.7592327139096666,16.497761018147536,8.68978755414905
67.0,2016,1,130,41,36,1,34,37,28,28,33,37,36,43,74,168,153184,76233,76951,15.797994568623356,8.486526007938165,2.676519740965114,2.350114894505954,0.06528096929183204,2.2195529559222895,22.037700208571092,9.616509207157803
67.0,2016,2,132,38,48,14,25,32,35,38,49,26,36,41,105,152,153184,76233,76951,16.777209108000836,8.61708794652183,2.4806768330896176,3.133486526007938,0.9139335700856487,1.6320242322958012,19.938871617278604,13.645046847994179
67.0,2017,1,233,30,55,17,46,60,56,60,65,50,43,47,152,229,153112,76226,76886,24.883745232248287,15.21761847536444,1.9593500182872667,3.5921417001933227,1.1102983436961178,3.0043366947071424,30.0422428042925,19.76952891293604
67.0,2017,2,342,35,28,10,35,52,64,51,69,75,66,73,174,276,153112,76226,76886,29.390250274309,22.336590208474842,2.285908354668478,1.8287266837347824,0.6531166727624222,2.285908354668478,36.20811796499882,22.63090809770309
67.0,2018,1,345,30,82,16,46,59,90,72,67,76,77,78,233,285,153854,75900,77954,33.73327960274026,22.42385638332445,1.9499005550716912,5.329728183862623,1.039946962704902,2.9898475177765937,37.54940711462451,29.88942196680093
67.0,2018,2,399,48,78,21,41,68,102,71,92,80,83,91,250,336,153854,75900,77954,38.15305419423609,25.933677382453496,3.119840888114706,5.069741443186397,1.3649303885501838,2.6648640919313116,44.26877470355731,32.07019524334864
67.0,2019,1,106,7,11,3,10,14,23,14,23,29,21,13,55,82,157159,78057,79102,8.717286315133082,6.744761674482531,0.4454087898243181,0.699928098295357,0.19088948135327918,0.6362982711775972,10.50514367705651,6.953047963389042
68.0,2015,1,25,8,9,2,11,6,13,3,10,7,7,9,19,36,48247,24089,24158,11.39967251849856,5.181669326590255,1.6581341845088815,1.8654009575724915,0.4145335461272204,2.279934503699712,14.94458051392752,7.864889477605762
68.0,2015,2,18,19,7,1,5,7,10,10,5,6,4,8,12,38,48247,24089,24158,10.36333865318051,3.730801915144983,3.9380686882085936,1.4508674114452713,0.2072667730636102,1.036333865318051,15.77483498692349,4.967298617435218
68.0,2016,1,45,18,21,1,7,24,10,14,11,11,9,13,38,54,48617,24271,24346,18.923421848324658,9.256021556245758,3.7024086224983033,4.31947672624802,0.2056893679165724,1.439825575416007,22.248774257344156,15.608313480653907
68.0,2016,2,31,18,11,1,9,9,7,17,7,11,9,10,23,47,48617,24271,24346,14.398255754160068,6.376370405413744,3.7024086224983033,2.2625830470822965,0.2056893679165724,1.8512043112491516,19.364673890651396,9.447137106711574
68.0,2017,1,48,7,13,9,13,13,15,8,8,18,10,18,34,56,49049,24492,24557,18.348997940834675,9.786132235111827,1.4271442842871414,2.6504108136761197,1.8348997940834675,2.6504108136761197,22.86460885187,13.845339414423586
68.0,2017,2,74,14,11,6,9,13,21,13,11,18,13,25,40,74,49049,24492,24557,23.24206405839059,15.086953862464066,2.8542885685742827,2.242655303879794,1.2232665293889784,1.8348997940834675,30.21394741139964,16.28863460520422
68.0,2018,1,68,11,13,7,14,16,12,19,17,23,15,11,42,71,49741,24609,25132,22.717677569811624,13.670814820771596,2.2114553386542286,2.6135381275004526,1.407289760961782,2.814579521923564,28.851233288634237,16.711761897182875
68.0,2018,2,85,31,27,2,19,16,28,21,24,30,20,25,67,97,49741,24609,25132,32.97078868539032,17.088518525964496,6.232283227116463,5.428117649424016,0.40208278884622345,3.8197864940391226,39.41647364785241,26.659239216934587
68.0,2019,1,34,6,3,0,0,7,5,6,8,4,7,6,12,31,51170,25484,25686,8.403361344537815,6.644518272425249,1.172562048075044,0.586281024037522,0.0,0.0,12.164495369643697,4.6718056528848395
69.0,2015,1,95,22,15,29,44,24,32,27,22,29,33,38,58,147,153037,75256,77781,13.395453387089397,6.2076491306024035,1.4375608512973985,0.98015512588459,1.8949665767102075,2.875121702594797,19.533326246412244,7.456833931165709
69.0,2015,2,90,24,14,29,45,22,36,25,39,33,25,22,42,160,153037,75256,77781,13.199422361912479,5.88093075530754,1.568248201415344,0.9148114508256173,1.8949665767102075,2.94046537765377,21.260763261401085,5.399776294982065
69.0,2016,1,111,21,53,16,39,27,29,33,36,41,31,43,95,145,153409,75406,78003,15.644453715231831,7.2355598432947215,1.3688897000827853,3.454816862113696,1.0429635810154554,2.542223728725173,19.229239052595283,12.179018755688885
69.0,2016,2,119,14,39,20,30,25,33,40,29,28,35,32,82,140,153409,75406,78003,14.471119686589443,7.75704163380245,0.9125931333885234,2.542223728725173,1.3037044762693193,1.955556714403979,18.5661618438851,10.51241618912093
69.0,2017,1,230,24,49,16,34,39,54,46,45,50,59,60,141,212,153994,75681,78313,22.922971024845122,14.935646843383509,1.5585022793095835,3.1819421535903993,1.0390015195397224,2.20787822902191,28.012314847848202,18.00467355356071
69.0,2017,2,340,24,8,12,52,43,70,53,65,70,62,73,145,291,153994,75681,78313,28.312791407457436,22.0787822902191,1.5585022793095835,0.5195007597698612,0.7792511396547918,3.3767549385040976,38.450866135489754,18.515444434512787
69.0,2018,1,380,26,66,25,81,66,88,65,89,88,83,99,199,379,155423,75643,79780,37.18883305559666,24.449405815098153,1.672854082085663,4.246475746832837,1.6085135404669837,5.211583871113027,50.1037769522626,24.943594885936324
69.0,2018,2,456,23,55,25,42,51,95,78,96,99,79,103,243,358,155423,75643,79780,38.66866551282629,29.33928697811778,1.479832457229625,3.538729789027364,1.6085135404669837,2.7023027479845325,47.327578229314014,30.45876159438456
69.0,2019,1,134,9,8,10,8,13,26,23,34,26,22,25,55,114,159118,77946,81172,10.621048530021744,8.421423094810141,0.5656179690544124,0.5027715280483667,0.6284644100604583,0.5027715280483667,14.625509968439689,6.7757354752870445
70.0,2015,1,60,20,17,12,34,14,22,27,20,25,11,24,42,101,92919,45751,47168,15.389748060138402,6.457236948309817,2.1524123161032724,1.8295504686877817,1.2914473896619638,3.6591009373755634,22.076020196279863,8.904341926729986
70.0,2015,2,58,17,17,12,33,15,18,23,28,23,12,18,43,94,92919,45751,47168,14.744024365307418,6.241995716699491,1.8295504686877817,1.8295504686877817,1.2914473896619638,3.5514803215704003,20.545998994557497,9.116350067842605
70.0,2016,1,72,23,17,8,31,23,29,14,21,18,25,21,50,101,93356,45954,47402,16.174643300912635,7.712412699772913,2.463687390205236,1.8209863318908266,0.8569347444192125,3.320622134624448,21.978500239369804,10.548078140162863
70.0,2016,2,65,19,13,11,25,23,23,14,23,16,18,16,42,91,93356,45954,47402,14.246540125969407,6.962594798406101,2.0352200179956297,1.3925189596812202,1.178285273576417,2.677921076310039,19.80241110675893,8.860385637736805
70.0,2017,1,120,14,22,13,18,20,32,27,31,35,15,27,64,123,93921,46228,47693,19.910350187923896,12.776695307758649,1.4906144525718423,2.3423941397557524,1.3841419916738535,1.916504296163797,26.607251016699838,13.419160044450967
70.0,2017,2,152,31,7,12,27,24,33,26,32,40,33,41,70,159,93921,46228,47693,24.38219354563942,16.18381405649429,3.300646287837651,0.7453072262859212,1.277669530775865,2.874756444245696,34.39473911914857,14.677206298618247
70.0,2018,1,156,16,35,11,35,19,42,41,47,32,29,43,95,158,95007,46315,48692,26.629616765080467,16.419842748429062,1.6840864357363141,3.683939078173187,1.157809424568716,3.683939078173187,34.11421785598618,19.51039185081738
70.0,2018,2,199,20,33,11,34,33,52,45,50,31,39,47,108,189,95007,46315,48692,31.26085446335533,20.945825044470407,2.1051080446703927,3.4734282737061477,1.157809424568716,3.5786836759396676,40.807513764439165,22.180234946192392
70.0,2019,1,74,2,9,3,5,7,17,9,17,14,18,11,44,49,97492,47838,49654,9.539244245681697,7.590366389037049,0.2051450375415419,0.9231526689369385,0.3077175563123128,0.5128625938538547,10.242903131401816,8.861320336730172
71.0,2015,1,158,18,39,14,20,29,32,20,40,47,35,46,108,141,265973,128726,137247,9.361852518864696,5.940452602331815,0.67676042305046,1.4663142499426634,0.5263692179281355,0.7519560256116222,10.953498127806348,7.869024459551029
71.0,2015,2,123,19,43,19,33,27,35,32,28,39,40,36,89,148,265973,128726,137247,8.910678903497724,4.624529557511477,0.714358224331041,1.6167054550649878,0.714358224331041,1.2407274422591765,11.49728881500241,6.484659045370756
71.0,2016,1,232,13,57,19,28,52,44,44,53,42,64,50,144,205,268029,129627,138402,13.020979073159994,8.655779785023261,0.4850221431263035,2.126635550630715,0.7088785168769051,1.0446630775028076,15.81460652487522,10.40447392378723
71.0,2016,2,269,22,41,23,34,52,58,53,50,54,48,74,159,230,268029,129627,138402,14.513354898164005,10.036227423151972,0.8208067037522059,1.529685220629111,0.8581160993773063,1.2685194512534093,17.74321707668927,11.488273290848397
71.0,2017,1,413,19,53,25,43,84,93,78,79,72,75,72,221,332,270336,130701,139635,20.45602509469697,15.27728456439394,0.702829071969697,1.9605232007575757,0.9247750946969697,1.5906131628787878,25.401488894499657,15.82697747699359
71.0,2017,2,546,13,29,29,44,82,100,80,95,99,106,99,277,384,270336,130701,139635,24.45105350378788,20.19708806818182,0.4808830492424242,1.0727391098484849,1.0727391098484849,1.6276041666666665,29.38003534785503,19.837433308267983
71.0,2018,1,523,21,89,38,40,93,93,97,108,120,99,101,318,391,274048,132345,141703,25.944360112097147,19.084248014946287,0.766289117234937,3.24760625875759,1.3866184026156003,1.459598318542737,29.54399486191394,22.441303289274042
71.0,2018,2,552,22,75,36,38,95,99,88,111,119,86,125,310,412,274048,132345,141703,26.38223960765997,20.14245679588977,0.8027790751985053,2.736746847267632,1.3136384866884634,1.3866184026156003,31.130756734292948,21.876742200235704
71.0,2019,1,172,1,13,12,18,25,37,16,34,37,32,35,86,130,281383,136036,145347,7.6763699299531245,6.112664944221932,0.03553874967570891,0.4620037457842158,0.42646499610850686,0.6396974941627603,9.556293922197066,5.916874789297337
72.0,2015,1,71,2,8,31,13,13,12,19,17,18,27,19,38,87,80539,36818,43721,15.520431095494109,8.815604862240653,0.24832689752790574,0.993307590111623,3.849066911682539,1.6141248339313872,23.629746319734913,8.691475492326342
72.0,2015,2,86,0,9,28,13,20,24,19,13,19,21,20,44,92,80539,36818,43721,16.88622903189759,10.678056593699946,0.0,1.117471038875576,3.47657656539068,1.6141248339313872,24.987777717420826,10.063813727956816
72.0,2016,1,130,1,3,39,8,26,23,26,16,26,41,23,57,124,80606,36803,43803,22.45490410143166,16.127831675061408,0.12406024365431853,0.37218073096295556,4.838349502518423,0.9924819492345482,33.6929054696628,13.01280734196288
72.0,2016,2,140,1,3,29,13,22,28,25,31,27,34,19,63,123,80606,36803,43803,23.07520531970325,17.368434111604596,0.12406024365431853,0.37218073096295556,3.5977470659752377,1.612783167506141,33.421188490068744,14.382576535853708
72.0,2017,1,239,0,11,23,15,37,54,34,41,45,45,32,110,178,80812,36862,43950,35.63827154383012,29.57481562144236,0.0,1.361183982576845,2.8461119635697667,1.8561599762411525,48.288210080842056,25.028441410693972
72.0,2017,2,364,0,6,33,14,37,67,68,69,60,52,64,160,257,80812,36862,43950,51.601247339504035,45.04281542345196,0.0,0.742463990496461,4.083551947730535,1.7324159778250756,69.71949433020454,36.40500568828214
72.0,2018,1,418,0,13,33,11,41,70,50,71,81,76,86,200,275,81481,37070,44411,58.295799020630575,51.30030313815491,0.0,1.5954639731962053,4.050023931959598,1.3500079773198659,74.1839762611276,45.033888000720545
72.0,2018,2,528,1,12,34,10,58,82,83,82,120,71,89,215,370,81481,37070,44411,71.79587879382923,64.80038291135357,0.12272799793816963,1.4727359752580356,4.1727519298977676,1.2272799793816964,99.81116806042621,48.41142960077458
72.0,2019,1,164,0,1,4,4,13,32,29,27,37,11,24,72,101,82460,37550,44910,20.97986902740723,19.88843075430512,0.0,0.12127091923356778,0.4850836769342711,0.4850836769342711,26.897470039946736,16.03206412825651
73.0,2015,1,100,6,30,22,38,17,27,31,25,32,31,33,75,121,153681,72628,81053,12.753691087382306,6.506985248664441,0.3904191149198665,1.9520955745993323,1.431536754706177,2.472654394492488,16.660241229277965,9.25320469322542
73.0,2015,2,127,4,25,24,57,23,48,33,32,43,27,31,74,163,153681,72628,81053,15.421555039334725,8.26387126580384,0.26027940994657767,1.6267463121661103,1.561676459679466,3.708981591738732,22.443134879109984,9.129828630649081
73.0,2016,1,223,5,16,23,35,18,64,46,50,37,38,49,115,187,155570,73464,82106,19.41248312656682,14.334383235842386,0.32139872726104,1.028475927235328,1.478434145400784,2.2497910908272805,25.454644451704233,14.006284558984728
73.0,2016,2,215,5,11,36,56,27,52,41,39,62,46,56,97,226,155570,73464,82106,20.762357781063187,13.820145272224723,0.32139872726104,0.7070771999742881,2.3140708362794884,3.5996657453236485,30.763367091364476,11.813996541056683
73.0,2017,1,400,1,25,35,49,42,80,73,96,76,65,78,183,327,157669,74414,83255,32.346244347335244,25.3696034096747,0.06342400852418674,1.5856002131046687,2.2198402983465364,3.1077764176851503,43.94334399440965,21.980661822112783
73.0,2017,2,489,7,14,54,41,79,93,87,90,79,92,85,239,366,157669,74414,83255,38.37152515713298,31.01434016832732,0.4439680596693072,0.8879361193386144,3.4248964603060843,2.6003843494916565,49.18429327814658,28.706984565491563
73.0,2018,1,556,2,31,58,72,67,137,99,96,105,100,115,269,450,160612,75640,84972,44.7662690209947,34.617587726944436,0.12452369685951237,1.9301173013224417,3.6111872089258585,4.482853086942445,59.49233209941829,31.657487172244977
73.0,2018,2,639,1,34,45,57,90,125,100,128,98,124,111,285,490,160612,75640,84972,48.3151943814908,39.7853211466142,0.062261848429756184,2.11690284661171,2.801783179339028,3.5489253604961024,64.78053939714437,33.540460386951
73.0,2019,1,208,2,12,8,16,23,40,43,42,44,28,26,102,143,163652,77170,86482,15.031896952069024,12.7098966098795,0.12221054432576443,0.7332632659545866,0.48884217730305773,0.9776843546061155,18.530517040300634,11.794361832520064
74.0,2015,1,38,8,17,2,27,11,14,12,22,16,10,7,20,72,130807,63588,67219,7.033262745877514,2.9050433080798426,0.6115880648589143,1.299624637825193,0.15289701621472856,2.0641097188988358,11.322891111530478,2.975349231616061
74.0,2015,2,58,14,27,5,23,20,29,18,17,18,14,11,44,83,130807,63588,67219,9.708960529635265,4.4340134702271286,1.0702791135031,2.0641097188988358,0.38224254053682144,1.7583156864693785,13.052777253569856,6.545768309555333
74.0,2016,1,131,6,16,11,23,17,29,26,35,28,25,27,60,127,132139,64142,67997,14.151764429880657,9.913802889381635,0.4540673079106093,1.2108461544282914,0.8324567311694503,1.740591346990669,19.799819151258145,8.823918702295689
74.0,2016,2,135,11,16,3,37,11,37,36,36,24,16,42,63,139,132139,64142,67997,15.28693269965718,10.21651442798871,0.8324567311694503,1.2108461544282914,0.22703365395530464,2.800081732115424,21.670668204920332,9.265114637410473
74.0,2017,1,192,14,33,14,39,34,34,40,47,54,29,54,106,186,133659,64801,68858,21.846639582818963,14.364913698291922,1.047441623833786,2.468969541893924,1.047441623833786,2.9178730949655467,28.70326075214889,15.393999244822677
74.0,2017,2,210,17,19,8,36,26,45,42,51,39,42,45,104,186,133659,64801,68858,21.697005065128423,15.711624357506789,1.2718934003695974,1.4215279180601381,0.5985380707621634,2.6934213184297353,28.70326075214889,15.103546428882629
74.0,2018,1,253,7,28,15,44,38,45,44,67,43,44,66,134,213,135897,65701,70196,25.53404416580204,18.61704084711215,0.5150959918173322,2.060383967269329,1.1037771253228548,3.2377462342803742,32.4195978752226,19.089406803806487
74.0,2018,2,244,4,34,13,23,37,46,40,51,58,39,47,142,176,135897,65701,70196,23.40007505684452,17.95477457191844,0.29434056675276127,2.5018948173984707,0.9566068419464742,1.6924582588283772,26.7880245353952,20.229072881645678
74.0,2019,1,69,2,11,5,14,8,17,14,16,14,18,14,43,58,138394,66983,71411,7.298004248739107,4.985765278841567,0.14451493561859619,0.7948321459022789,0.36128733904649046,1.0116045493301733,8.658913455652927,6.0214812843959615
75.0,2015,1,220,5,34,15,20,25,52,38,43,41,38,57,107,187,133192,63502,69690,22.07339780166977,16.517508559072617,0.37539792179710496,2.5527058682203134,1.1261937653913148,1.5015916871884198,29.44789140499512,15.353709283971876
75.0,2015,2,223,5,28,13,21,28,54,39,38,55,36,40,93,196,133192,63502,69690,21.773079464232087,16.74274731215088,0.37539792179710496,2.1022283620637876,0.9760345966724728,1.5766712715478408,30.86516960095745,13.34481274214378
75.0,2016,1,306,8,22,4,24,37,57,50,57,60,51,52,134,230,131852,62767,69085,27.606710554257806,23.207839092315627,0.6067408913023693,1.6685374510815156,0.30337044565118465,1.8202226739071081,36.64345914254306,19.396395744372875
75.0,2016,2,289,4,15,8,38,34,71,51,58,52,37,51,129,225,131852,62767,69085,26.84828444012984,21.91851469829809,0.30337044565118465,1.1376391711919425,0.6067408913023693,2.882019233686254,35.84686220466168,18.672649634508215
75.0,2017,1,392,5,23,21,32,35,73,59,64,80,79,83,175,298,130600,62096,68504,36.217457886676875,30.01531393568147,0.3828483920367534,1.761102603369066,1.6079632465543645,2.450229709035222,47.99020870909559,25.54595352096228
75.0,2017,2,656,3,18,21,31,56,120,103,121,120,97,112,336,393,130600,62096,68504,55.81929555895865,50.22970903522205,0.22970903522205205,1.3782542113323124,1.6079632465543645,2.3736600306278715,63.289100747230094,49.04823076024758
75.0,2018,1,618,4,48,7,43,58,117,96,104,118,109,118,291,428,129959,62133,67826,55.402088350941455,47.55345916789141,0.3077893797274525,3.69347255672943,0.5386314145230419,3.3087358320701146,68.88448972365731,42.903901158847646
75.0,2018,2,735,7,41,21,32,81,134,123,122,123,125,128,362,472,129959,62133,67826,64.32798036303758,56.5562985249194,0.5386314145230419,3.154841142206388,1.6158942435691255,2.46231503781962,75.9660727793604,53.37186329726064
75.0,2019,1,258,2,7,4,6,26,26,42,42,57,31,53,124,153,132714,63221,69493,20.8719502087195,19.440300194403004,0.15070000150700003,0.5274500052745,0.30140000301400005,0.452100004521,24.200819348001453,17.84352380815334
76.0,2015,1,41,1,9,1,2,7,12,7,8,6,8,6,21,33,32721,16069,16652,16.503163106262033,12.530179395495248,0.3056141315974451,2.7505271843770056,0.3056141315974451,0.6112282631948902,20.536436617088803,12.61109776603411
76.0,2015,2,39,3,3,1,1,6,6,7,6,5,11,6,16,31,32721,16069,16652,14.363864185079917,11.918951132300357,0.9168423947923352,0.9168423947923352,0.3056141315974451,0.3056141315974451,19.291804094840998,9.608455440787893
76.0,2016,1,51,1,6,0,4,5,10,8,11,12,7,9,26,36,32650,16008,16642,18.98928024502297,15.620214395099541,0.30627871362940273,1.8376722817764164,0.0,1.225114854517611,22.488755622188904,15.623122220886913
76.0,2016,2,51,1,9,0,2,11,6,8,6,12,9,11,25,38,32650,16008,16642,19.295558958652375,15.620214395099541,0.30627871362940273,2.756508422664625,0.0,0.6125574272588055,23.738130934532734,15.022232904698955
76.0,2017,1,106,0,8,8,9,10,17,12,22,28,15,27,54,77,32605,15964,16641,40.177886827173744,32.51035117313295,0.0,2.453611409293053,2.453611409293053,2.760312835454685,48.2335254322225,32.44997295835587
76.0,2017,2,122,4,7,4,4,18,16,15,23,26,15,28,53,88,32605,15964,16641,43.24490108879006,37.41757399171906,1.2268057046465266,2.1469099831314216,1.2268057046465266,1.2268057046465266,55.124029065397146,31.84904753320113
76.0,2018,1,110,0,9,12,12,14,18,14,27,30,16,24,49,94,32717,16104,16613,43.70816395146254,33.621664578048104,0.0,2.7508634654766633,3.6678179539688847,3.6678179539688847,58.370591157476404,29.49497381568651
76.0,2018,2,148,1,11,6,8,17,28,18,28,32,25,26,74,100,32717,16104,16613,53.18336033254883,45.23642143228291,0.3056514961640737,3.3621664578048107,1.8339089769844423,2.4452119693125898,62.09637357178341,44.54342984409799
76.0,2019,1,44,0,1,4,0,5,10,4,9,8,3,10,18,31,33461,16412,17049,14.643913810107287,13.149636890708587,0.0,0.2988553838797406,1.1954215355189624,0.0,18.88861808432854,10.557803976772831
77.0,2015,1,67,0,5,11,10,14,12,10,12,20,11,14,26,67,51491,24131,27360,18.06140878988561,13.011982676584257,0.0,0.9710434833271834,2.1362956633198036,1.9420869666543668,27.765115411711076,9.502923976608187
77.0,2015,2,76,1,3,5,2,14,8,20,14,10,10,11,22,65,51491,24131,27360,16.89615660989299,14.759860946573188,0.19420869666543666,0.58262608999631,0.9710434833271834,0.38841739333087333,26.93630599643612,8.040935672514621
77.0,2016,1,109,0,8,1,12,19,20,17,23,15,16,20,35,95,53150,24869,28281,24.459078080903105,20.507996237064912,0.0,1.5051740357478833,0.18814675446848542,2.257761053621825,38.20016888495717,12.375800007071884
77.0,2016,2,106,5,1,9,11,19,20,21,29,20,10,13,39,93,53150,24869,28281,24.835371589840076,19.943555973659453,0.940733772342427,0.18814675446848542,1.6933207902163687,2.0696142991533395,37.3959548031686,13.790177150737243
77.0,2017,1,128,0,13,11,9,17,31,20,25,28,22,18,70,91,54829,25617,29212,29.36402268872312,23.34530996370534,0.0,2.3710080431888234,2.0062375750059274,1.6414671068230315,35.52328531834329,23.962755032178556
77.0,2017,2,143,0,4,11,5,23,24,25,26,21,21,23,57,106,54829,25617,29212,29.728793156906015,26.08108847507706,0.0,0.7295409363657919,2.0062375750059274,0.9119261704572398,41.378771909278996,19.51252909763111
77.0,2018,1,139,1,8,27,12,11,26,32,27,37,28,26,65,122,56771,26670,30101,32.939352838597166,24.484331789117686,0.176146271864156,1.409170174913248,4.7559493403322115,2.113755262369872,45.7442819647544,21.59396697784127
77.0,2018,2,149,2,8,11,10,19,26,25,23,38,23,26,72,107,56771,26670,30101,31.70632893554808,26.245794507759243,0.352292543728312,1.409170174913248,1.937608990505716,1.76146271864156,40.11998500187477,23.919471113916483
77.0,2019,1,55,0,1,2,2,6,15,6,10,9,3,11,22,38,59305,27758,31547,10.117190793356379,9.27409156057668,0.0,0.16861984655593962,0.33723969311187924,0.33723969311187924,13.689747099935154,6.973721748502236
78.0,2015,1,29,0,7,7,8,8,5,8,12,4,6,8,16,35,23903,11416,12487,21.33623394552985,12.132368321967954,0.0,2.928502698406058,2.928502698406058,3.3468602267497807,30.65872459705676,12.813325858893249
78.0,2015,2,24,1,5,13,8,9,4,6,5,15,6,6,14,37,23903,11416,12487,21.33623394552985,10.040580680249342,0.4183575283437226,2.091787641718613,5.438647868468394,3.3468602267497807,32.41065171688857,11.211660126531594
78.0,2016,1,53,1,2,4,7,8,8,8,11,13,4,15,20,47,25050,11924,13126,26.746506986027942,21.157684630738522,0.3992015968063872,0.7984031936127745,1.596806387225549,2.7944111776447103,39.41630325394163,15.236934328813044
78.0,2016,2,32,0,5,5,8,5,7,9,4,7,6,12,16,34,25050,11924,13126,19.96007984031936,12.774451097804391,0.0,1.996007984031936,1.996007984031936,3.193612774451098,28.513921502851392,12.189547463050433
78.0,2017,1,51,0,6,10,7,13,8,10,12,9,11,11,25,49,26236,12449,13787,28.20551913401433,19.4389388626315,0.0,2.286933983839,3.8115566397316663,2.6680896478121667,39.36059121214555,18.133023863059403
78.0,2017,2,89,1,6,5,8,8,16,13,18,16,14,24,60,49,26236,12449,13787,41.545967373075165,33.92285409361183,0.38115566397316664,2.286933983839,1.9057783198658331,3.049245311785333,39.36059121214555,43.51925727134257
78.0,2018,1,96,0,7,12,9,8,21,16,10,19,26,24,48,76,27577,12962,14615,44.96500707110999,34.811618377633536,0.0,2.538347173369112,4.351452297204192,3.263589222903144,58.632927017435584,32.84296955183031
78.0,2018,2,102,2,3,10,17,17,23,22,18,17,20,17,48,86,27577,12962,14615,48.59121731878014,36.98734452623563,0.7252420495340319,1.087863074301048,3.62621024767016,6.164557421039271,66.34778583551922,32.84296955183031
78.0,2019,1,27,0,1,3,10,2,11,7,7,5,7,2,13,28,28487,13405,15082,14.392529925931125,9.478007512198547,0.0,0.35103731526661286,1.0531119457998386,3.5103731526661286,20.887728459530024,8.619546479246784
79.0,2015,1,55,8,9,26,28,23,15,21,16,15,20,16,34,92,103435,49223,54212,12.18156330062358,5.317349059796007,0.773432590515783,0.8701116643302558,2.513655919176294,2.70701406680524,18.690449586575383,6.271674168080867
79.0,2015,2,68,3,15,41,33,24,22,21,25,26,22,20,32,128,103435,49223,54212,15.468651810315658,6.574177019384154,0.29003722144341854,1.4501861072170927,3.963842026393387,3.190409435877604,26.004103772626618,5.902752158193757
79.0,2016,1,118,1,10,32,48,33,30,27,20,33,33,33,60,149,108668,51659,57009,19.232892847940516,10.858762469172158,0.09202341075569626,0.9202341075569624,2.94474914418228,4.41712371627342,28.842989604909118,10.524654001999684
79.0,2016,2,134,4,12,39,37,33,37,27,32,23,35,39,64,162,108668,51659,57009,20.79729083078735,12.331137041263299,0.368093643022785,1.104280929068355,3.5889130194721535,3.404866197960761,31.359492053659576,11.226297602132997
79.0,2017,1,188,2,14,48,26,36,43,36,44,28,48,43,95,183,114092,54197,59895,24.366300879991588,16.4779300915051,0.175297128633033,1.227079900431231,4.207131087192791,2.2788626722294287,33.76570658892559,15.86109024125553
79.0,2017,2,262,8,15,40,13,39,57,41,50,42,58,51,126,212,114092,54197,59895,29.625214738982574,22.96392385092732,0.701188514532132,1.3147284647477473,3.50594257266066,1.1394313361147144,39.116556266952045,21.036814425244177
79.0,2018,1,298,2,29,43,36,40,67,49,57,56,72,67,153,255,120204,56697,63507,33.94229809324149,24.791188313200895,0.16638381418255632,2.4125653056470666,3.5772520049249605,2.994908655286014,44.975924652097994,24.091832396428742
79.0,2018,2,308,8,26,26,55,40,55,62,66,53,59,88,154,268,120204,56697,63507,35.19017669961067,25.62310738411367,0.6655352567302253,2.162989584373232,2.162989584373232,4.575554890020299,47.26881492847946,24.249295353268142
79.0,2019,1,108,2,9,7,13,13,25,19,26,24,16,16,42,97,124532,58974,65558,11.161789740789516,8.672469726656603,0.16060129123438155,0.7227058105547168,0.5621045193203353,1.04390839302348,16.4479262047682,6.40654077305592
80.0,2015,1,119,12,15,4,10,15,28,18,38,26,24,11,57,103,58405,29271,29134,27.394914818936737,20.374967896584195,2.0546186114202554,2.5682732642753185,0.6848728704734184,1.712182176183546,35.18841173858085,19.56476968490424
80.0,2015,2,160,10,14,10,17,25,30,34,24,37,24,37,75,136,58405,29271,29134,36.12704391747282,27.394914818936737,1.712182176183546,2.3970550466569644,1.712182176183546,2.910709699512028,46.46236889754365,25.743118006452942
80.0,2016,1,225,15,29,8,18,51,44,27,36,47,43,47,98,197,57801,28946,28855,51.037179287555574,38.92666216847459,2.5951108112316392,5.017214235047836,1.384059099323541,3.1141329734779672,68.05776273060181,33.9629180384682
80.0,2016,2,222,21,19,29,25,33,53,35,44,53,36,62,86,230,57801,28946,28855,54.670334423279876,38.40764000622826,3.6331551357242957,3.28714036089341,5.017214235047836,4.325184685386065,79.45830166516963,29.80419338069659
80.0,2017,1,320,15,19,15,25,37,74,46,52,57,62,66,123,271,57272,28666,28606,68.7945243749127,55.873725380639755,2.6190808772174887,3.3175024444754855,2.6190808772174887,4.365134795362481,94.53708225772692,42.99797245333147
80.0,2017,2,410,16,23,18,17,47,72,61,76,76,87,65,165,319,57272,28666,28606,84.50900963821763,71.58821064394468,2.793686269031988,4.015924011733482,3.142897052660986,2.968291660846487,111.28165771297006,57.680206949590996
80.0,2018,1,467,11,34,13,24,72,76,77,73,74,96,81,192,356,57028,28359,28669,96.26849968436558,81.88959809216524,1.9288770428561408,5.96198358700989,2.2795819597390756,4.208459002595217,125.53334038576818,66.97129303428791
80.0,2018,2,443,12,23,13,38,54,77,59,74,73,88,104,183,345,57028,28359,28669,92.76145051553623,77.68113908957004,2.1042295012976084,4.033106544153749,2.2795819597390756,6.663393420775759,121.65450121654501,63.83201367330566
80.0,2019,1,173,1,2,1,6,21,31,17,32,32,18,32,58,125,56948,28431,28517,32.13457891409707,30.37859099529395,0.17559879188031188,0.35119758376062377,0.17559879188031188,1.0535927512818712,43.9660933488094,20.3387453098152
81.0,2015,1,45,5,17,8,17,12,12,12,17,14,11,14,24,68,65203,31845,33358,14.10978022483628,6.901522936061225,0.7668358817845804,2.6072419980675736,1.2269374108553286,2.6072419980675736,21.353430679855553,7.194675939804545
81.0,2015,2,66,7,13,6,21,18,14,20,12,16,20,13,37,76,65203,31845,33358,17.330490928331518,10.122233639556462,1.0735702344984126,1.9937732926399092,0.9202030581414965,3.220710703495238,23.865598995132675,11.09179207386534
81.0,2016,1,118,6,9,13,21,11,30,20,31,26,24,25,52,115,64393,31453,32940,25.934495985588494,18.32497321137391,0.931778298883419,1.3976674483251286,2.0188529809140743,3.2612240460919666,36.56249006454074,15.786278081360049
81.0,2016,2,86,11,9,11,27,13,16,12,30,22,28,23,35,109,64393,31453,32940,22.362679173202057,13.35548895066234,1.7082602146196015,1.3976674483251286,1.7082602146196015,4.193002344975386,34.65488188726036,10.625379477838493
81.0,2017,1,162,10,18,11,27,27,41,38,34,29,28,31,80,148,63663,31108,32555,35.81358088685736,25.44649168276707,1.5707710915288315,2.8273879647518965,1.7278482006817146,4.241081947127845,47.57618619004758,24.573798187682385
81.0,2017,2,246,4,14,11,23,30,54,36,44,47,39,48,114,183,63663,31108,32555,46.80897852755918,38.64096885160925,0.6283084366115326,2.199079528140364,1.7278482006817146,3.6127735105163126,58.827311302558826,35.0176624174474
81.0,2018,1,221,6,23,10,40,33,48,33,47,40,54,45,113,187,63264,30735,32529,47.420333839150224,34.932979261507334,0.9484066767830046,3.635558927668184,1.580677794638341,6.322711178553364,60.842687489832436,34.73823357619355
81.0,2018,2,275,5,20,9,41,30,57,56,44,59,43,61,124,226,63264,30735,32529,55.32372281234193,43.468639352554376,0.7903388973191705,3.161355589276682,1.422610015174507,6.480778958017197,73.53180413209695,38.11983153493806
81.0,2019,1,84,0,2,2,15,9,12,16,20,21,14,11,33,70,63103,30784,32319,16.32252032391487,13.311569972901449,0.0,0.3169421422119392,0.3169421422119392,2.377066066589544,22.73908523908524,10.210711965097929
82.0,2015,1,169,18,21,11,36,36,34,31,52,38,30,34,76,179,144804,72234,72570,17.610010773183063,11.670948316344854,1.2430595839893928,1.4502361813209579,0.7596475235490732,2.4861191679787855,24.78057424481546,10.472647099352349
82.0,2015,2,152,24,27,15,57,36,36,31,43,46,37,46,87,188,144804,72234,72570,18.99118808872683,10.49694759813265,1.6574127786525232,1.8645893759840888,1.0358829866578272,3.936355349299743,26.02652490516931,11.988424968995453
82.0,2016,1,255,18,57,22,60,40,68,61,72,67,53,51,146,266,142932,71238,71694,28.824895754624578,17.840651498614726,1.2593401057845688,3.987910334984468,1.5391934626255843,4.197800352615229,37.33962211179427,20.364326163974667
82.0,2016,2,300,12,44,15,71,53,61,65,65,68,50,80,153,289,142932,71238,71694,30.923795930932194,20.989001763076146,0.8395600705230459,3.0783869252511686,1.0494500881538074,4.967397083928022,40.568236053791516,21.340697966357016
82.0,2017,1,488,11,36,19,70,89,78,75,97,103,100,82,225,399,141226,70344,70882,44.18449860507272,34.55454378089021,0.7788934048971152,2.5491056887541954,1.3453613357313807,4.956594394799824,56.721255544182874,31.74289664512852
82.0,2017,2,619,15,22,16,52,78,100,100,110,115,105,116,277,447,141226,70344,70882,51.265347740501035,43.83045614830131,1.062127370314248,1.5577868097942305,1.1329358616685314,3.6820415504227264,63.544865233708634,39.079032758669335
82.0,2018,1,668,19,58,38,75,74,126,135,135,122,150,116,319,539,140235,69384,70851,61.18301422612044,47.63432809213107,1.3548686133989376,4.13591471458623,2.709737226797875,5.3481655792063325,77.68361581920904,45.02406458624438
82.0,2018,2,768,16,51,30,77,92,141,133,142,136,129,169,339,602,140235,69384,70851,67.17295967483153,54.76521553107285,1.140941990230684,3.636752593860306,2.139266231682533,5.490783327985167,86.7635189669088,47.846889952153106
82.0,2019,1,206,1,8,11,22,21,46,28,36,45,37,35,80,168,139919,69495,70424,17.724540627077094,14.72280390797533,0.07146992188337538,0.571759375067003,0.7861691407171292,1.5723382814342584,24.174401036045758,11.359763716914687
83.0,2015,1,90,0,4,7,2,12,15,13,25,10,13,15,38,65,24130,11502,12628,42.685453791960214,37.297969332780774,0.0,1.6576875259013675,2.9009531703273934,0.8288437629506837,56.51191097200487,30.091859360152043
83.0,2015,2,50,1,9,8,6,9,9,5,9,12,16,14,28,46,24130,11502,12628,30.6672192291753,20.721094073767095,0.41442188147534187,3.7297969332780774,3.315375051802735,2.4865312888520514,39.993044687880364,22.172949002217294
83.0,2016,1,65,0,0,17,3,7,12,12,13,8,22,11,15,70,25502,12155,13347,33.33071915928163,25.488197004156536,0.0,0.0,6.666143831856325,1.1763783232687632,57.589469354175236,11.238480557428636
83.0,2016,2,54,0,3,19,2,7,8,11,10,14,13,15,23,55,25502,12155,13347,30.585836404987845,21.174809818837737,0.0,1.1763783232687632,7.450396047368834,0.7842522155125088,45.248868778280546,17.232336854723908
83.0,2017,1,86,0,10,15,4,13,23,9,15,22,16,17,38,77,26932,12844,14088,42.700133669983664,31.932273874944304,0.0,3.7130551017377096,5.569582652606565,1.4852220406950838,59.95017128620368,26.973310618966497
83.0,2017,2,167,0,6,15,7,22,32,21,42,26,31,21,61,134,26932,12844,14088,72.40457448388534,62.008020199019754,0.0,2.227833061042626,5.569582652606565,2.599138571216397,104.32886951105576,43.299261783077796
83.0,2018,1,123,6,8,15,7,11,28,27,15,21,34,23,47,112,28531,13522,15009,55.72885633170937,43.111002067926115,2.1029757106305422,2.803967614174056,5.257439276576355,2.4534716624022996,82.82798402603166,31.31454460656939
83.0,2018,2,145,2,6,11,10,16,25,26,31,24,26,26,60,114,28531,13522,15009,60.98629560828572,50.821913006904765,0.700991903543514,2.1029757106305422,3.8554554694893275,3.5049595177175705,84.30705516935365,39.976014391365176
83.0,2019,1,51,0,2,3,3,4,6,7,12,11,9,10,18,41,29613,14096,15517,19.923682166616015,17.22216594063418,0.0,0.675379056495458,1.013068584743187,1.013068584743187,29.086265607264473,11.6001804472514
84.0,2015,1,143,20,29,9,60,32,34,52,35,36,31,41,85,176,196849,96671,100178,13.25889387296862,7.264451432316141,1.0160071933309287,1.4732104303298468,0.45720323699891796,3.0480215799927866,18.20608041708475,8.484896883547286
84.0,2015,2,145,16,35,21,75,19,48,43,51,44,45,42,78,214,196849,96671,100178,14.83370502263156,7.366052151649234,0.812805754664743,1.7780125883291253,1.0668075529974752,3.8100269749909828,22.136938688955325,7.7861406696080975
84.0,2016,1,208,20,41,11,71,37,43,62,59,62,39,49,109,242,196269,96215,100054,17.883618910780612,10.5977000952774,1.019009624545904,2.0889697303191026,0.5604552935002471,3.6174841671379587,25.15200332588474,10.894117176724569
84.0,2016,2,205,22,29,19,56,46,34,49,50,54,42,56,107,224,196269,96215,100054,16.86460928623471,10.444848651595514,1.1209105870004943,1.4775639555915607,0.9680591433186087,2.8532269487285307,23.28119316114951,10.694225118436044
84.0,2017,1,354,20,46,18,55,46,77,71,70,87,66,76,167,325,195649,95780,99869,25.198186548359562,18.093626852168935,1.0222388052072844,2.351149251976754,0.9200149246865561,2.8111567143200324,33.931927333472544,16.721905696462365
84.0,2017,2,407,24,36,20,60,58,81,74,88,84,76,86,195,350,195649,95780,99869,27.95823132241923,20.802559685968237,1.2266865662487414,1.8400298493731122,1.0222388052072844,3.0667164156218534,36.54207558989351,19.525578507845275
84.0,2018,1,478,18,71,24,95,81,98,93,91,111,97,115,251,435,195836,95646,100190,35.02931023917972,24.408178271615025,0.9191364202700218,3.625482546620642,1.2255152270266958,4.850997773647338,45.4802082679882,25.052400439165584
84.0,2018,2,513,27,76,30,106,89,113,98,120,118,101,113,288,461,195836,95646,100190,38.39947711350314,26.195387977695624,1.3787046304050328,3.88079821891787,1.5318940337833697,5.41269225270124,48.19856554377601,28.745383770835414
84.0,2019,1,156,2,7,6,31,28,27,22,30,32,24,39,69,133,197601,96425,101176,10.222620330868772,7.894696889185783,0.10121406268186901,0.3542492193865415,0.30364218804560705,1.5688179715689698,13.793103448275861,6.819799161856567
85.0,2015,1,202,29,44,11,48,26,54,53,62,46,45,48,96,237,239097,115658,123439,13.969225879036543,8.44845397474665,1.2128968577606578,1.8402573014299635,0.46006432535749087,2.0075534197417784,20.49144892700894,7.777120683090434
85.0,2015,2,266,27,58,22,60,49,63,50,77,74,64,56,167,266,239097,115658,123439,18.10980480725396,11.125191867735689,1.1292487986047504,2.4257937155213156,0.9201286507149817,2.5094417746772226,22.99884141174843,13.528949521626068
85.0,2016,1,353,27,60,19,52,55,80,62,88,86,67,73,202,309,236890,114433,122457,21.571193380894087,14.901431043944447,1.1397695132762042,2.532821140613787,0.8020600278610326,2.1951116551986156,27.002700270027002,16.495586205770188
85.0,2016,2,335,25,55,12,53,51,77,58,75,75,77,67,174,306,236890,114433,122457,20.262569124910296,14.141584701760312,1.0553421419224114,2.321752712229305,0.5065642281227574,2.2373253408755116,26.740538131483053,14.20906930596046
85.0,2017,1,573,24,72,22,54,84,107,91,106,110,126,121,304,441,234628,113235,121393,31.752391018974716,24.421637656204716,1.0228958180609304,3.0686874541827915,0.9376544998891863,2.3015155906370937,38.945555702742084,25.04263013518078
85.0,2017,2,723,22,32,28,60,93,130,107,106,148,146,135,360,505,234628,113235,121393,36.86687010927937,30.814736519085532,0.9376544998891863,1.3638610907479074,1.193378454404419,2.557239545152326,44.597518435112825,29.655746212714078
85.0,2018,1,789,14,101,30,85,94,165,135,159,154,158,154,449,570,233322,112383,120939,43.67354985813597,33.81592820222697,0.6000291442727218,4.328781683681779,1.285776737727261,3.6430340902272396,50.719414858119116,37.12615450764435
85.0,2018,2,998,15,118,40,101,156,190,170,173,204,196,183,513,757,233322,112383,120939,54.51693367963587,42.773506141726884,0.6428883688636305,5.057388501727226,1.714368983636348,4.328781683681779,67.3589421887652,42.418078535460026
85.0,2019,1,342,6,18,2,31,34,59,70,67,55,64,50,159,239,235147,113170,121977,16.968109310346293,14.544093694582537,0.255159538501448,0.7654786155043442,0.08505317950048268,1.3183242822574814,21.118671025890254,13.035244349344548
86.0,2015,1,58,13,17,7,24,22,20,9,17,16,16,19,38,81,118531,57290,61241,10.039567708025748,4.8932346812226335,1.0967594975154178,1.4342239582893928,0.5905628063544558,2.0247867646438484,14.138593122709024,6.204993386783364
86.0,2015,2,73,12,21,7,39,17,31,8,22,31,21,22,48,104,118531,57290,61241,12.823649509411041,6.158726409125039,1.0123933823219242,1.7716884190633673,0.5905628063544558,3.2902784925462534,18.153255367428873,7.837886383305302
86.0,2016,1,129,9,20,13,19,21,20,19,31,31,32,36,67,123,122669,59104,63565,15.488835810188395,10.516104313233173,0.7336816962720817,1.6304037694935152,1.0597624501707847,1.5488835810188393,20.810774228478614,10.540391725005898
86.0,2016,2,113,17,21,12,24,29,23,17,30,25,35,28,52,135,122669,59104,63565,15.244275244764365,9.21178129763836,1.3858432040694877,1.7119239579681909,0.9782422616961091,1.9564845233922181,22.841093665403356,8.1806025328404
86.0,2017,1,136,6,29,10,28,22,24,32,37,33,28,33,83,126,126779,60921,65858,16.48538007083192,10.727328658531777,0.4732644996411078,2.2874450815986873,0.7887741660685129,2.208567664991836,20.68252326783868,12.602872847641896
86.0,2017,2,188,10,15,20,27,28,41,35,31,49,46,30,93,167,126779,60921,65858,20.50812831778134,14.828954322088043,0.7887741660685129,1.1831612491027694,1.5775483321370258,2.129690248384985,27.41255068038936,14.121291263020437
86.0,2018,1,249,9,34,18,48,27,57,48,70,48,51,57,141,216,131429,62925,68504,27.23904161182083,18.94559039481393,0.6847803757161661,2.58694808603885,1.3695607514323322,3.652162003819553,34.32657926102503,20.582739694032465
86.0,2018,2,295,7,53,24,43,38,65,56,64,78,63,58,167,253,131429,62925,68504,32.10859095024691,22.445578981807667,0.5326069588903515,4.03259554588409,1.8260810019097764,3.271728461755016,40.20659515295988,24.378138502861145
86.0,2019,1,96,2,7,8,17,13,29,18,20,10,25,15,44,86,135550,64820,70730,9.590556990040575,7.082257469568424,0.14754703061600885,0.516414607156031,0.5901881224640354,1.2541497602360752,13.267510027769207,6.2208398133748055
87.0,2015,1,28,3,6,2,6,2,6,5,11,7,5,9,18,27,77392,36620,40772,5.814554475914823,3.61794500723589,0.3876369650609882,0.7752739301219764,0.2584246433739921,0.7752739301219764,7.373020207536865,4.414794466790935
87.0,2015,2,36,7,10,1,13,5,11,11,12,9,7,12,23,44,77392,36620,40772,8.657225553028736,4.651643580731858,0.9044862518089725,1.2921232168699608,0.12921232168699606,1.679760181930949,12.015292190060075,5.641126263121751
87.0,2016,1,61,0,8,2,8,10,8,13,9,18,10,11,32,47,83527,39447,44080,9.458019562536665,7.303027763477679,0.0,0.9577741329151053,0.23944353322877632,0.9577741329151053,11.914721018074886,7.259528130671506
87.0,2016,2,51,3,7,3,8,5,7,11,6,17,10,16,26,46,83527,39447,44080,8.619967196235947,6.105810097333796,0.3591652998431645,0.8380523663007171,0.3591652998431645,0.9577741329151053,11.661216315562655,5.898366606170599
87.0,2017,1,94,6,11,6,12,11,22,12,22,28,18,16,45,84,89932,42405,47527,14.344171151536717,10.452341769336831,0.667170751234266,1.2231463772628206,0.667170751234266,1.334341502468532,19.808984789529536,9.468302228207124
87.0,2017,2,120,8,3,7,15,21,20,22,21,21,16,32,58,95,89932,42405,47527,17.01285415647378,13.343415024685317,0.8895610016456879,0.333585375617133,0.7783658764399769,1.6679268780856646,22.40301851196793,12.203589538578072
87.0,2018,1,138,5,34,7,19,28,27,26,30,35,25,32,88,115,97019,45633,51386,20.923736587678704,14.224017975860397,0.5153629701398695,3.504468196951113,0.7215081581958174,1.9583792865315042,25.20106063594329,17.125287043163507
87.0,2018,2,149,3,24,14,15,28,38,24,31,29,23,32,88,116,97019,45633,51386,21.129881775734653,15.357816510168112,0.3092177820839217,2.4737422566713736,1.4430163163916347,1.5460889104196085,25.42020029364714,17.125287043163507
87.0,2019,1,52,2,8,3,9,8,9,11,11,13,6,16,27,47,102194,48023,54171,7.24112961622013,5.08836135193847,0.1957062058437873,0.7828248233751492,0.2935593087656809,0.8806779262970429,9.78697707348562,4.984216647283602
88.0,2015,1,155,0,9,2,0,13,18,23,26,22,23,41,70,96,35938,15805,20133,46.19066169514163,43.129834715343094,0.0,2.504312983471534,0.5565139963270076,0.0,60.74027206580196,34.76878756270799
88.0,2015,2,138,0,13,2,1,17,20,14,27,23,26,27,69,85,35938,15805,20133,42.85157771717959,38.39946574656353,0.0,3.6173409761255497,0.5565139963270076,0.2782569981635038,53.780449224928816,34.27209059752645
88.0,2016,1,155,0,6,0,4,13,22,32,31,22,17,28,70,95,36121,15968,20153,45.67979845519228,42.91132582154426,0.0,1.66108358018881,0.0,1.1073890534592066,59.4939879759519,34.73428273706148
88.0,2016,2,118,1,4,2,1,11,23,14,15,16,23,24,58,68,36121,15968,20153,34.882755183965,32.667977077046594,0.27684726336480164,1.1073890534592066,0.5536945267296033,0.27684726336480164,42.58517034068136,28.77983426785094
88.0,2017,1,195,0,6,2,1,29,25,21,23,27,38,41,75,129,36326,16142,20184,56.15812365798602,53.68055937895722,0.0,1.6517095193525297,0.5505698397841766,0.2752849198920883,79.91574773881798,37.15814506539834
88.0,2017,2,379,1,3,4,4,28,62,53,46,66,51,85,177,214,36326,16142,20184,107.63640367780653,104.33298463910147,0.2752849198920883,0.8258547596762649,1.1011396795683532,1.1011396795683532,132.57341097757404,87.69322235434007
88.0,2018,1,355,0,6,4,1,25,60,46,55,52,48,80,186,180,36695,16397,20298,99.741109142935,96.74342553481401,0.0,1.6351001498841804,1.0900667665894537,0.2725166916473634,109.77617856925046,91.63464380727164
88.0,2018,2,451,0,4,1,0,39,71,59,58,58,63,108,200,256,36695,16397,20298,124.2676113911977,122.90502793296089,0.0,1.0900667665894537,0.2725166916473634,0.0,156.1261206318229,98.53187506158241
88.0,2019,1,141,0,4,0,0,13,27,19,20,31,15,20,76,69,38133,17147,20986,38.024807909160046,36.975847690976316,0.0,1.0489602181837254,0.0,0.0,40.24027526681052,36.21461926998952
89.0,2015,1,5,1,3,0,0,2,0,0,1,1,3,2,5,4,14537,7178,7359,6.191098576047327,3.4394992089151817,0.6878998417830364,2.0636995253491093,0.0,0.0,5.572582892170521,6.794401413235494
89.0,2015,2,9,1,2,0,0,2,1,2,2,2,3,0,4,8,14537,7178,7359,8.254798101396437,6.191098576047327,0.6878998417830364,1.3757996835660729,0.0,0.0,11.145165784341042,5.435521130588395
89.0,2016,1,10,1,3,0,0,4,1,1,0,1,4,3,8,6,14743,7281,7462,9.496032015193652,6.782880010852607,0.6782880010852608,2.0348640032557825,0.0,0.0,8.240626287597857,10.720986330742429
89.0,2016,2,11,0,2,0,0,2,0,1,1,2,3,4,7,6,14743,7281,7462,8.81774401410839,7.461168011937869,0.0,1.3565760021705215,0.0,0.0,8.240626287597857,9.380863039399625
89.0,2017,1,27,0,3,0,2,3,2,5,6,4,8,4,8,24,14950,7386,7564,21.40468227424749,18.06020066889632,0.0,2.0066889632107023,0.0,1.3377926421404682,32.49390739236393,10.576414595452142
89.0,2017,2,16,0,8,2,0,2,2,4,4,3,4,7,16,10,14950,7386,7564,17.391304347826086,10.702341137123746,0.0,5.351170568561873,1.3377926421404682,0.0,13.539128080151638,21.152829190904285
89.0,2018,1,14,0,4,1,1,2,2,3,4,4,3,2,7,13,15231,7533,7698,13.131114175037752,9.191779922526427,0.0,2.6262228350075505,0.6565557087518876,0.6565557087518876,17.257400769945573,9.093270979475188
89.0,2018,2,24,1,8,0,0,7,2,11,2,3,5,3,20,13,15231,7533,7698,21.666338388812292,15.757337010045301,0.6565557087518876,5.252445670015101,0.0,0.0,17.257400769945573,25.98077422707197
89.0,2019,1,10,0,4,1,0,1,2,0,0,5,6,1,7,8,15994,7940,8054,9.378516943853946,6.252344629235964,0.0,2.500937851694385,0.6252344629235963,0.0,10.075566750629722,8.691333498882543
90.0,2015,1,509,6,23,0,4,62,69,74,89,86,67,95,208,334,44638,21636,23002,121.4212106277163,114.02840629060442,1.3441462431112505,5.152560598593126,0.0,0.8960974954075004,154.37234239230912,90.42691939831319
90.0,2015,2,199,4,31,3,4,37,43,20,45,37,20,39,96,145,44638,21636,23002,53.9898740983019,44.58085039652314,0.8960974954075004,6.944755589408127,0.6720731215556253,0.8960974954075004,67.01793307450545,41.73550126075993
90.0,2016,1,215,7,14,2,7,30,38,29,38,43,36,31,100,145,45110,21916,23194,54.311682553757485,47.66127244513412,1.5517623586787852,3.1035247173575704,0.4433606739082243,1.5517623586787852,66.16170834093812,43.114598603087
90.0,2016,2,262,21,16,8,8,35,58,36,37,52,42,55,122,193,45110,21916,23194,69.82930614054533,58.08024828197739,4.655287076036355,3.5468853912657945,1.7734426956328972,1.7734426956328972,88.0635152400073,52.59981029576615
90.0,2017,1,387,3,27,4,15,49,69,45,64,71,67,71,175,261,45607,22212,23395,95.59935974740719,84.85539500515272,0.657793759729866,5.920143837568794,0.877058346306488,3.28896879864933,117.50405186385737,74.80230818550973
90.0,2017,2,525,9,29,7,6,79,81,61,75,99,83,98,236,340,45607,22212,23395,126.29640186813428,115.11390795272655,1.9733812791895982,6.358673010722039,1.5348521060363542,1.315587519459732,153.07041238969927,100.87625561017312
90.0,2018,1,519,5,47,6,4,67,90,74,80,94,74,102,246,335,46307,22621,23686,125.46699203144233,112.07808754615934,1.0797503617163713,10.149653400133888,1.2957004340596456,0.8638002893730969,148.09248043853057,103.85881955585577
90.0,2018,2,437,5,86,6,4,64,76,72,78,72,75,101,250,287,46307,22621,23686,116.18113892068153,94.37018161401083,1.0797503617163713,18.571706221521584,1.2957004340596456,0.8638002893730969,126.87325936077097,105.54758084944693
90.0,2019,1,141,1,8,0,1,19,23,14,22,24,15,34,58,93,48445,23772,24673,31.169367323769222,29.105170812261328,0.20641965115078953,1.6513572092063162,0.0,0.20641965115078953,39.121655729429584,23.50747780975155
91.0,2015,1,189,0,7,1,2,13,35,37,31,36,14,33,97,102,8934,4452,4482,222.74457130064923,211.55137676292816,0.0,7.835236176404746,1.1193194537721065,2.238638907544213,229.11051212938006,216.42124051762607
91.0,2015,2,173,0,5,0,5,13,29,19,43,27,19,33,75,108,8934,4452,4482,204.8354600402955,193.64226550257442,0.0,5.596597268860533,0.0,5.596597268860533,242.58760107816713,167.33601070950468
91.0,2016,1,227,2,7,2,4,12,55,44,41,36,16,38,114,127,9270,4618,4652,261.0571736785329,244.87594390507013,2.157497303128371,7.5512405609492985,2.157497303128371,4.314994606256742,275.0108271979212,245.05588993981084
91.0,2016,2,209,0,5,0,4,13,35,29,32,49,18,42,83,135,9270,4618,4652,235.16720604099245,225.45846817691478,0.0,5.393743257820927,0.0,4.314994606256742,292.33434387180597,178.41788478073946
91.0,2017,1,710,0,26,32,21,55,96,104,199,98,91,146,311,478,9622,4793,4829,819.9958428601122,737.892330076907,0.0,27.021409270421948,33.257119102057786,21.82498441072542,997.2877112455665,644.0256781942431
91.0,2017,2,811,0,44,30,19,79,132,126,164,156,90,157,428,474,9622,4793,4829,939.5136146331324,842.8601122427771,0.0,45.72853876532945,31.178549158179173,19.74641446684681,988.942207385771,886.3118658107269
91.0,2018,1,785,0,26,2,6,57,147,113,130,132,72,168,387,430,10027,4998,5029,816.7946544330308,782.8862072404507,0.0,25.929989029620025,1.994614540740002,5.983843622220006,860.344137655062,769.536687214158
91.0,2018,2,770,0,11,7,1,42,158,100,140,144,75,130,365,424,10027,4998,5029,786.8754363219307,767.9265981849009,0.0,10.970379974070012,6.981150892590007,0.997307270370001,848.3393357342937,725.7904155895804
91.0,2019,1,277,0,0,0,0,18,54,35,54,42,26,48,122,155,10453,5227,5226,264.9956950157849,264.9956950157849,0.0,0.0,0.0,0.0,296.5372106370767,233.44814389590508
92.0,2015,1,109,4,6,2,2,15,16,19,17,20,13,23,54,69,12122,5885,6237,101.468404553704,89.91915525490843,3.2997855139415937,4.949678270912391,1.6498927569707968,1.6498927569707968,117.24723874256586,86.58008658008659
92.0,2015,2,89,0,8,1,3,10,22,8,15,16,21,9,51,50,12122,5885,6237,83.31958422702525,73.42022768520046,0.0,6.599571027883187,0.8249463784853984,2.4748391354561954,84.96176720475786,81.77008177008177
92.0,2016,1,97,0,3,1,1,10,14,17,13,12,21,15,45,57,12062,5861,6201,84.56309069806002,80.41784115403748,0.0,2.4871497264135303,0.82904990880451,0.82904990880451,97.25302849343115,72.5689404934688
92.0,2016,2,94,4,2,1,2,12,18,6,23,13,10,21,41,62,12062,5861,6201,85.39214060686454,77.93069142762394,3.31619963521804,1.65809981760902,0.82904990880451,1.65809981760902,105.78399590513564,66.11836800516046
92.0,2017,1,188,1,3,1,1,29,38,30,23,19,23,32,70,124,12023,5848,6175,161.3573983198869,156.36696332030277,0.831739166597355,2.495217499792065,0.831739166597355,0.831739166597355,212.03830369357044,113.36032388663969
92.0,2017,2,249,0,2,1,0,25,37,40,32,43,34,41,134,118,12023,5848,6175,209.59826998253348,207.10305248274142,0.0,1.66347833319471,0.831739166597355,0.0,201.77838577291382,217.00404858299595
92.0,2018,1,276,0,5,3,3,30,45,33,27,47,34,71,125,162,12041,5866,6175,238.35229632090358,229.2168424549456,0.0,4.152479029980898,2.491487417988539,2.491487417988539,276.1677463348108,202.42914979757086
92.0,2018,2,272,1,15,0,2,39,44,36,47,43,25,56,126,163,12041,5866,6175,240.8437837388921,225.8948592309609,0.8304958059961797,12.457437089942697,0.0,1.6609916119923593,277.872485509717,204.04858299595142
92.0,2019,1,87,0,0,0,0,10,14,16,16,14,7,10,30,57,12200,5967,6233,71.31147540983606,71.31147540983606,0.0,0.0,0.0,0.0,95.5253896430367,48.13091609176962
93.0,2015,1,483,10,16,1,3,43,86,60,82,75,79,88,178,335,15558,8117,7441,329.73389895873504,310.45121480910143,6.42756138321121,10.284098213137936,0.642756138321121,1.9282684149633629,412.71405691758036,239.21515925278862
93.0,2015,2,412,7,22,1,5,40,77,57,59,81,59,74,185,262,15558,8117,7441,287.3119938295411,264.8155289883018,4.499292968247847,14.14063504306466,0.642756138321121,3.213780691605605,322.7793519773315,248.62249697621286
93.0,2016,1,554,7,8,0,2,50,90,71,85,97,80,98,202,369,15774,8206,7568,361.9880816533536,351.21085330290356,4.4376822619500444,5.071636870800051,0.0,1.2679092177000129,449.67097245917626,266.9133192389006
93.0,2016,2,537,10,17,3,2,39,95,56,97,97,87,98,217,352,15774,8206,7568,360.7201724356536,340.4336249524534,6.339546088500064,10.777228350450107,1.9018638265500192,1.2679092177000129,428.9544235924933,286.7336152219873
93.0,2017,1,995,7,11,14,10,85,158,128,149,167,128,222,427,610,16007,8306,7701,647.8415693134255,621.6030486662086,4.373086774536141,6.871993502842506,8.746173549072282,6.247266820765915,734.4088610642908,554.473445007142
93.0,2017,2,1704,5,22,11,7,98,281,197,265,304,264,340,826,923,16007,8306,7701,1092.6469669519586,1064.534266258512,3.1236334103829577,13.743987005685012,6.871993502842506,4.373086774536141,1111.2448832169516,1072.587975587586
93.0,2018,1,2015,5,24,5,6,133,319,258,295,339,300,411,958,1097,16323,8457,7866,1258.9597500459474,1234.4544507749802,3.0631624088709186,14.703179562580408,3.0631624088709186,3.675794890645102,1297.1502897008397,1217.8998220188153
93.0,2018,2,2300,6,21,5,2,171,376,265,333,362,382,445,1090,1244,16323,8457,7866,1429.8842124609446,1409.0547080806223,3.675794890645102,12.865282117257857,3.0631624088709186,1.2252649635483674,1470.9707934255648,1385.710653445207
93.0,2019,1,615,2,6,2,2,42,85,86,114,105,70,125,273,353,16733,8688,8045,374.7086595350505,367.5372019362935,1.1952429331261578,3.585728799378474,1.1952429331261578,1.1952429331261578,406.30755064456724,339.34120571783717
94.0,2015,1,274,2,11,1,1,23,57,43,36,48,34,48,136,153,17290,8831,8459,167.14864083285136,158.4731058415269,1.156737998843262,6.362058993637941,0.578368999421631,0.578368999421631,173.25331219567434,160.7755053788864
94.0,2015,2,199,2,17,1,1,22,34,28,34,43,22,37,102,118,17290,8831,8459,127.24117987275882,115.09543088490457,1.156737998843262,9.832272990167727,0.578368999421631,0.578368999421631,133.62020156267693,120.58162903416479
94.0,2016,1,302,2,12,3,0,32,55,43,47,35,38,69,143,176,17141,8776,8365,186.1034945452424,176.18575345662447,1.1667930692491686,7.000758415495012,1.750189603873753,0.0,200.54694621695532,170.9503885236103
94.0,2016,2,196,1,15,1,1,19,31,25,34,35,23,47,105,108,17141,8776,8365,124.84685840966105,114.34572078641852,0.5833965346245843,8.750948019368765,0.5833965346245843,0.5833965346245843,123.06289881494986,125.52301255230125
94.0,2017,1,410,5,22,6,6,36,79,53,75,77,47,82,232,217,17049,8761,8288,263.35855475394453,240.48331280427004,2.932723326881342,12.903982638277904,3.5192679922576104,3.5192679922576104,247.6886200205456,279.9227799227799
94.0,2017,2,704,1,8,5,5,54,115,85,113,124,79,153,368,355,17049,8761,8288,424.07179306704205,412.92744442489294,0.5865446653762684,4.692357323010147,2.932723326881342,2.932723326881342,405.20488528706767,444.015444015444
94.0,2018,1,746,0,22,7,2,56,142,88,112,147,59,173,442,335,17075,9012,8063,455.0512445095169,436.896046852123,0.0,12.88433382137628,4.099560761346998,1.171303074670571,371.7265867731913,548.183058414982
94.0,2018,2,789,3,30,1,3,57,131,106,110,188,96,138,435,390,17075,9012,8063,483.74816983894584,462.07906295754026,1.7569546120058566,17.569546120058565,0.5856515373352855,1.7569546120058566,432.75632490013317,539.5014262681384
94.0,2019,1,223,0,12,1,0,20,35,34,33,47,27,40,114,122,17345,9085,8260,136.0622657826463,128.5673104641107,0.0,6.918420294032862,0.5765350245027385,0.0,134.28728673637866,138.01452784503633
95.0,2015,1,71,8,7,1,10,10,19,19,9,14,13,13,41,56,20209,10207,10002,47.99841654708298,35.13286159631847,3.958632292542926,3.4638032559750607,0.49482903656786575,4.948290365678658,54.864308807681006,40.99180163967206
95.0,2015,2,51,17,6,2,3,10,17,6,16,13,6,11,26,53,20209,10207,10002,39.0914938888614,25.23628086496116,8.41209362165372,2.968974219407195,0.9896580731357315,1.4844871097035974,51.925149407269515,25.99480103979204
95.0,2016,1,145,13,12,0,3,25,21,34,33,17,18,25,70,103,20218,10201,10017,85.56731625284401,71.71827084775941,6.429913938074983,5.935305173607676,0.0,1.483826293401919,100.97049308891285,69.88120195667365
95.0,2016,2,83,7,11,1,3,10,18,22,21,16,7,11,36,69,20218,10201,10017,51.93392026906717,41.05252745078643,3.4622613512711444,5.4406964091403704,0.4946087644673064,1.483826293401919,67.64042740907755,35.93890386343217
95.0,2017,1,117,5,5,8,5,18,25,17,17,22,17,24,44,96,20257,10212,10045,69.11191193167794,57.757812114330854,2.468282568988498,2.468282568988498,3.9492521103815963,2.468282568988498,94.00705052878966,43.80288700846192
95.0,2017,2,183,6,8,9,4,19,33,30,32,28,31,37,79,131,20257,10212,10045,103.6678678975169,90.33914202497903,2.961939082786197,3.9492521103815963,4.442908624179296,1.9746260551907981,128.2804543674109,78.64609258337481
95.0,2018,1,231,1,9,4,5,35,31,38,44,36,26,40,103,147,20406,10293,10113,122.51298637655593,113.20199941193766,0.49005194550622366,4.410467509556013,1.9602077820248947,2.4502597275311184,142.81550568347419,101.84910511223178
95.0,2018,2,265,10,10,0,2,23,36,46,40,40,50,52,116,171,20406,10293,10113,140.6449083602862,129.86376555914927,4.900519455062237,4.900519455062237,0.0,0.9801038910124473,166.13232293791896,114.70384653416394
95.0,2019,1,80,2,6,0,2,6,10,10,16,19,21,8,38,52,20700,10469,10231,43.47826086956522,38.64734299516908,0.966183574879227,2.898550724637681,0.0,0.966183574879227,49.67045563091031,37.142019352946924
96.0,2015,1,55,3,4,1,4,7,5,13,16,12,8,6,22,45,44546,21724,22822,15.040632155524625,12.346787590356035,0.6734611412921475,0.8979481883895299,0.22448704709738249,0.8979481883895299,20.71441723439514,9.639821225133643
96.0,2015,2,40,9,10,0,4,5,15,9,9,9,10,6,21,42,44546,21724,22822,14.142683967135097,8.9794818838953,2.020383423876442,2.244870470973825,0.0,0.8979481883895299,19.33345608543546,9.201647533082113
96.0,2016,1,67,12,9,4,3,9,23,13,16,8,17,9,28,67,44343,21597,22746,21.42390005186839,15.109487405001918,2.70617684865706,2.029632636492795,0.9020589495523532,0.676544212164265,31.022827244524702,12.309856678097248
96.0,2016,2,36,3,13,4,4,4,6,12,6,10,10,12,28,32,44343,21597,22746,13.5308842432853,8.11853054597118,0.676544212164265,2.931691586045148,0.9020589495523532,0.9020589495523532,14.816872713802843,12.309856678097248
96.0,2017,1,69,12,22,3,3,12,18,8,10,28,20,13,37,72,44205,21513,22692,24.657844135278815,15.609093993892094,2.7146250424160163,4.976812577762696,0.6786562606040041,0.6786562606040041,33.46813554594896,16.305305834655385
96.0,2017,2,116,5,1,3,7,15,17,16,24,19,19,22,45,87,44205,21513,22692,29.86087546657618,26.241375410021494,1.1310937676733401,0.226218753534668,0.6786562606040041,1.5835312747426762,40.440663784688326,19.830777366472766
96.0,2018,1,102,5,16,7,11,14,25,15,21,25,24,17,50,91,44303,21564,22739,31.826287158883147,23.023271561745254,1.1285917432228065,3.6114935783129813,1.5800284405119291,2.482901835090175,42.199962901131514,21.988653854611023
96.0,2018,2,114,3,18,3,4,24,21,15,21,17,24,20,67,75,44303,21564,22739,32.05200550752771,25.731891745479988,0.6771550459336839,4.0629302756021035,0.6771550459336839,0.9028733945782453,34.780189204229266,29.464796165178768
96.0,2019,1,29,1,0,1,4,2,3,7,6,9,2,6,13,22,44918,21928,22990,7.791976490493789,6.456209092123426,0.22262789972839397,0.0,0.22262789972839397,0.8905115989135759,10.032834731849691,5.654632448890822
97.0,2015,1,651,1,22,0,10,45,113,71,124,122,87,122,295,389,33047,15114,17933,206.9779405089721,196.99216267739885,0.3025993282294913,6.65718522104881,0.0,3.0259932822949134,257.37726611089056,164.50119890704286
97.0,2015,2,592,1,16,1,18,43,115,74,91,89,92,124,257,371,33047,15114,17933,190.03237812812057,179.13880231185885,0.3025993282294913,4.841589251671861,0.3025993282294913,5.446787908130845,245.4677782188699,143.3112139630848
97.0,2016,1,754,0,11,2,8,49,143,86,140,124,88,145,300,475,33283,15303,17980,232.85160592494668,226.54207853859327,0.0,3.30499053570892,0.6009073701288946,2.4036294805155785,310.3966542508005,166.85205784204672
97.0,2016,2,638,0,9,7,14,58,89,89,96,114,97,125,315,353,33283,15303,17980,200.70306162305081,191.6894510711174,0.0,2.704083165580026,2.103175795451131,4.206351590902262,230.67372410638436,175.19466073414907
97.0,2017,1,1191,3,6,9,14,104,187,120,197,178,182,255,550,673,33535,15501,18034,364.6936036976293,355.15133442671834,0.8945877441479052,1.7891754882958104,2.6837632324437157,4.174742806023557,434.16553770724465,304.979483198403
97.0,2017,2,2076,1,10,15,5,161,322,214,298,323,353,436,1003,1104,33535,15501,18034,628.2987923065455,619.0547189503503,0.2981959147159684,2.9819591471596842,4.472938720739526,1.4909795735798421,712.2121153473969,556.1716757236331
97.0,2018,1,2301,2,23,10,6,172,395,246,288,353,365,523,1204,1137,33942,15780,18162,690.000589240469,677.9211596252431,0.5892404690354134,6.776265393907253,2.946202345177067,1.7677214071062402,720.5323193916349,662.922585618324
97.0,2018,2,2703,2,13,10,6,214,421,295,360,392,439,613,1353,1381,33942,15780,18162,805.4917211714101,796.3584939013612,0.5892404690354134,3.8300630487301865,2.946202345177067,1.7677214071062402,875.1584283903675,744.9620085893624
97.0,2019,1,887,0,3,2,3,72,147,98,154,122,120,182,440,455,35313,16528,18785,253.44773879307905,251.18228414464926,0.0,0.8495454931611588,0.5663636621074392,0.8495454931611588,275.29041626331076,234.22943838168752
98.0,2015,1,306,0,29,9,33,26,62,50,64,57,52,66,151,226,43116,21066,22050,87.43853789776418,70.97133314778736,0.0,6.72604137675109,2.0873921514055107,7.653771221820206,107.28187600873444,68.48072562358277
98.0,2015,2,298,5,25,7,13,23,73,46,58,54,34,60,145,203,43116,21066,22050,80.71249652101308,69.11587345764913,1.1596623063363949,5.798311531681975,1.6235272288709528,3.0151219964746265,96.36380898129687,65.75963718820861
98.0,2016,1,426,2,17,13,25,41,79,60,75,87,62,79,154,329,41720,20398,21322,115.77181208053692,102.10930009587729,0.47938638542665385,4.074784276126558,3.11601150527325,5.992329817833174,161.29032258064515,72.22586999343402
98.0,2016,2,367,2,13,10,23,26,72,57,63,69,53,75,152,263,41720,20398,21322,99.47267497603067,87.96740172579099,0.47938638542665385,3.11601150527325,2.396931927133269,5.512943432406519,128.93420923619962,71.28787168183096
98.0,2017,1,627,2,23,15,16,46,114,75,120,117,94,117,251,432,40555,19838,20717,168.4132659351498,154.60485760078905,0.49315744051288374,5.671310565898163,3.6986808038466283,3.94525952410307,217.76388748865813,121.15653810879954
98.0,2017,2,937,3,37,18,18,66,165,138,186,153,133,172,398,615,40555,19838,20717,249.78424361977562,231.04426088028603,0.7397361607693256,9.12341264948835,4.4384169646159535,4.4384169646159535,310.0110898276036,192.11275763865424
98.0,2018,1,968,2,25,23,15,64,176,129,170,163,132,199,428,605,39720,18906,20814,260.07049345417926,243.705941591138,0.5035246727089627,6.294058408862035,5.790533736153072,3.7764350453172204,320.00423146091185,205.63082540597674
98.0,2018,2,1189,5,25,21,22,80,211,170,183,221,174,223,513,749,39720,18906,20814,317.72406847935554,299.34541792547833,1.2588116817724069,6.294058408862035,5.287009063444109,5.53877139979859,396.17052787474876,246.46872297492072
98.0,2019,1,375,0,4,5,6,17,90,57,67,67,41,51,169,221,40963,19865,21098,95.2078705172961,91.54602934355394,0.0,0.9764909796645753,1.2206137245807192,1.464736469496863,111.25094387113012,80.10237937245236
99.0,2015,1,592,3,20,6,3,49,91,91,126,99,77,91,282,342,23081,11315,11766,270.35223777132705,256.4880204497206,1.2997703739006108,8.665135826004072,2.5995407478012216,1.2997703739006108,302.2536456031816,239.67363590005098
99.0,2015,2,491,1,15,3,13,41,83,67,89,84,56,103,215,308,23081,11315,11766,226.5933018500065,212.7290845284,0.4332567913002036,6.498851869503055,1.2997703739006108,5.632338286902647,272.20503756076005,182.72989971103178
99.0,2016,1,599,1,18,3,11,52,97,93,96,96,86,112,250,380,23157,11392,11765,272.9196355313728,258.6690849419182,0.4318348663471088,7.773027594247959,1.2955045990413265,4.750183529818197,333.5674157303371,212.4946876328092
99.0,2016,2,513,1,8,2,26,50,92,68,75,87,84,94,184,366,23157,11392,11765,237.50917649090988,221.53128643606686,0.4318348663471088,3.4546789307768706,0.8636697326942177,11.22770652502483,321.2780898876404,156.39609009774756
99.0,2017,1,860,2,13,9,16,77,139,106,133,117,138,190,363,537,23247,11478,11769,387.14672861014327,369.9402073385813,0.860326063578096,5.592119413257625,3.8714672861014323,6.882608508624768,467.8515420805018,308.4374203415753
99.0,2017,2,1415,2,15,15,13,139,231,166,173,217,245,289,618,842,23247,11478,11769,628.0380264120101,608.680689981503,0.860326063578096,6.452445476835721,6.452445476835721,5.592119413257625,733.5772782714758,525.108335457558
99.0,2018,1,1605,4,18,12,7,149,244,170,225,271,240,347,750,896,23444,11623,11821,702.0986179832793,684.6101347892851,1.7061934823408975,7.6778706705340385,5.118580447022692,2.9858385940965704,770.8853136023403,634.4640893325437
99.0,2018,2,1832,1,8,9,7,168,327,209,241,266,253,393,775,1082,23444,11623,11821,792.1003241767617,781.4366149121311,0.4265483705852244,3.412386964681795,3.8389353352670192,2.9858385940965704,930.9128452206832,655.6128923102953
99.0,2019,1,597,1,2,2,3,42,104,69,105,93,78,114,247,358,24347,12130,12217,248.49057378732493,245.20474801823633,0.41072822113607427,0.8214564422721485,0.8214564422721485,1.2321846634082227,295.1360263808739,202.1772939346812
100.0,2015,1,255,1,17,7,13,28,48,41,42,51,30,53,118,175,33449,15280,18169,87.59604173517893,76.23546294358576,0.29896259977876766,5.082364196239051,2.0927381984513738,3.8865137971239796,114.52879581151832,64.94578677967968
100.0,2015,2,253,2,16,10,12,24,48,41,44,61,32,43,122,171,33449,15280,18169,87.59604173517893,75.63753774402822,0.5979251995575353,4.7834015964602825,2.9896259977876767,3.587551197345212,111.9109947643979,67.14733887390611
100.0,2016,1,342,3,26,8,10,42,67,58,53,48,54,67,120,268,33457,15238,18219,116.2686433332337,102.22076097677616,0.8966733419015452,7.771168963146725,2.391128911737454,2.9889111396718175,175.87609922562018,65.86530545035403
100.0,2016,2,293,1,18,6,8,44,47,33,48,46,52,56,128,198,33457,15238,18219,97.43850315330126,87.57509639238427,0.29889111396718177,5.380040051409272,1.7933466838030905,2.391128911737454,129.93831211445072,70.25632581371096
100.0,2017,1,478,1,14,11,10,63,67,60,95,76,80,73,216,298,33503,15209,18294,153.41909679730173,142.67379040682926,0.2984807330686804,4.178730262961525,3.283288063755484,2.984807330686804,195.93661647708592,118.07149885208266
100.0,2017,2,858,1,18,10,9,85,133,94,135,123,161,165,372,524,33503,15209,18294,267.4387368295376,256.09646897292777,0.2984807330686804,5.372653195236248,2.984807330686804,2.686326597618124,344.5328423959498,203.34535913414234
100.0,2018,1,795,1,19,16,10,73,133,92,144,120,112,167,367,474,33749,16059,17690,249.19256866870128,235.56253518622773,0.29630507570594683,5.62979643841299,4.740881211295149,2.9630507570594684,295.1615916308612,207.46184284906727
100.0,2018,2,975,2,9,17,1,81,172,134,146,161,153,157,416,587,33749,16059,17690,297.49029600877066,288.8974488132982,0.5926101514118937,2.6667456813535213,5.037186287001097,0.29630507570594683,365.52711874961085,235.16110797060486
100.0,2019,1,319,0,7,4,4,30,59,45,47,46,55,52,117,217,35496,16396,19100,94.09510930809104,89.86928104575162,0.0,1.9720531890917286,1.1268875366238449,1.1268875366238449,132.34935350085388,61.25654450261781
101.0,2015,1,351,3,7,7,10,24,63,64,55,69,40,63,143,235,25575,11819,13756,147.80058651026394,137.2434017595308,1.1730205278592376,2.7370478983382207,2.7370478983382207,3.9100684261974585,198.83238852694814,103.95463797615585
101.0,2015,2,280,0,10,18,16,22,66,51,47,58,30,50,138,186,25575,11819,13756,126.68621700879766,109.48191593352884,0.0,3.9100684261974585,7.038123167155425,6.256109481915933,157.37372028090363,100.31986042454201
101.0,2016,1,373,1,12,9,18,22,76,58,65,74,48,70,164,249,25484,11742,13742,162.06247056976926,146.36634751216448,0.3924030764401193,4.708836917281431,3.5316276879610737,7.0632553759221475,212.0592743995912,119.34216271285112
101.0,2016,2,331,1,14,11,10,35,60,39,57,62,39,75,163,204,25484,11742,13742,144.01192905352377,129.8854183016795,0.3924030764401193,5.493643070161671,4.316433840841312,3.924030764401193,173.73530914665304,118.61446659874836
101.0,2017,1,600,0,12,18,22,40,96,82,118,117,66,133,252,400,25429,11682,13747,256.4001730307916,235.9510794761886,0.0,4.719021589523772,7.078532384285658,8.651539580793582,342.40712206813896,183.31272277587837
101.0,2017,2,859,2,28,18,12,79,159,120,155,147,97,162,398,521,25429,11682,13747,361.3984033976955,337.8032954500767,0.7865035982539621,11.011050375555469,7.078532384285658,4.719021589523772,445.9852764937511,289.5177129555539
101.0,2018,1,933,0,17,20,4,67,172,111,149,158,117,200,420,554,25536,12292,13244,381.422305764411,365.36654135338347,0.0,6.657268170426065,7.832080200501252,1.5664160401002505,450.6996420436056,317.1247357293869
101.0,2018,2,1008,0,9,18,11,70,167,138,183,189,106,193,421,625,25536,12292,13244,409.61779448621553,394.7368421052631,0.0,3.5244360902255636,7.048872180451127,4.307644110275689,508.4607875040677,317.8797946239807
101.0,2019,1,314,0,2,4,3,22,52,47,66,49,31,56,130,193,26793,12524,14269,120.5538760123913,117.19478968387264,0.0,0.7464636285596984,1.4929272571193968,1.1196954428395476,154.10412008942828,91.10659471581751
102.0,2015,1,642,33,31,9,20,68,105,112,92,119,122,117,219,515,36187,17240,18947,203.11161466825104,177.41177771022743,9.119296985105148,8.5666123193412,2.487080995937768,5.526846657639484,298.723897911833,115.58558083073838
102.0,2015,2,337,35,39,9,21,30,59,53,76,76,69,78,135,306,36187,17240,18947,121.86696880095062,93.12736618122531,9.671981650869096,10.777350982396994,2.487080995937768,5.803188990521458,177.49419953596288,71.25138544360586
102.0,2016,1,595,20,38,14,21,69,103,96,108,109,100,103,208,480,35646,16830,18816,193.00903327161532,166.91914941367895,5.610727711384166,10.660382651629916,3.9275093979689166,5.891264096953375,285.204991087344,110.54421768707483
102.0,2016,2,543,25,57,13,20,59,96,89,80,121,110,103,232,425,35646,16830,18816,184.5929417045391,152.33125736408013,7.013409639230208,15.990573977444873,3.6469730123997084,5.610727711384166,252.5252525252525,123.29931972789116
102.0,2017,1,1033,18,27,22,25,84,177,136,206,179,175,168,377,748,35219,16497,18722,319.42985320423634,293.3075896533121,5.110877651267781,7.666316476901673,6.2466282404384,7.098441182316363,453.41577256470873,201.36737528041877
102.0,2017,2,1551,31,29,27,46,125,240,177,249,263,365,265,584,1098,35219,16497,18722,478.15099804083025,440.3872909509072,8.80206706607229,8.23419177148698,7.666316476901673,13.061131775462108,665.5755591925805,311.93248584552936
102.0,2018,1,1650,31,45,24,27,134,262,213,257,269,350,292,642,1132,35073,17460,17613,506.6575428392211,470.44735266444275,8.838707837938015,12.830382345393891,6.842870584210076,7.698229407236335,648.3390607101948,364.5034917390564
102.0,2018,2,2048,18,27,18,15,172,357,268,283,308,395,343,794,1331,35073,17460,17613,606.1642859179426,583.9249565192598,5.1321529381575575,7.698229407236335,5.1321529381575575,4.276794115131298,762.3138602520047,450.80338386419123
102.0,2019,1,637,8,2,3,2,36,110,83,102,110,116,95,238,414,39473,18761,20712,165.17619638740405,161.37613051959568,2.026701796164467,0.5066754490411167,0.760013173561675,0.5066754490411167,220.67053994989607,114.9092313634608
103.0,2015,1,20,0,2,0,4,3,5,1,4,1,5,7,6,20,1566,825,741,166.02809706257983,127.7139208173691,0.0,12.77139208173691,0.0,25.54278416347382,242.42424242424244,80.97165991902834
103.0,2015,2,30,0,0,0,2,6,3,3,4,5,2,9,11,21,1566,825,741,204.34227330779055,191.57088122605361,0.0,0.0,0.0,12.77139208173691,254.54545454545456,148.44804318488528
103.0,2016,1,32,1,0,2,1,7,5,1,4,3,8,8,15,21,1476,779,697,243.90243902439025,216.80216802168022,6.775067750677507,0.0,13.550135501355014,6.775067750677507,269.5763799743261,215.20803443328552
103.0,2016,2,28,1,0,0,1,5,4,3,4,6,4,4,13,17,1476,779,697,203.2520325203252,189.7018970189702,6.775067750677507,0.0,0.0,6.775067750677507,218.22849807445442,186.51362984218076
103.0,2017,1,56,2,5,1,3,9,10,12,11,6,11,8,32,35,1404,740,664,477.20797720797725,398.86039886039885,14.245014245014247,35.612535612535616,7.122507122507123,21.36752136752137,472.972972972973,481.9277108433735
103.0,2017,2,141,0,15,2,1,25,28,22,18,16,32,18,67,92,1404,740,664,1132.4786324786326,1004.2735042735043,0.0,106.83760683760684,14.245014245014247,7.122507122507123,1243.2432432432433,1009.0361445783133
103.0,2018,1,71,1,1,1,0,6,13,3,14,11,10,17,30,44,1339,688,651,552.6512322628827,530.2464525765497,7.468259895444362,7.468259895444362,7.468259895444362,0.0,639.5348837209302,460.82949308755764
103.0,2018,2,96,0,1,2,1,18,6,14,9,10,28,15,36,64,1339,688,651,746.8259895444361,716.9529499626586,0.0,7.468259895444362,14.936519790888724,7.468259895444362,930.2325581395348,552.9953917050692
103.0,2019,1,33,0,0,1,1,1,9,1,7,7,6,4,15,20,1356,709,647,258.1120943952802,243.36283185840708,0.0,0.0,7.374631268436578,7.374631268436578,282.08744710860367,231.83925811437405
104.0,2015,1,77,2,9,1,6,7,8,9,24,15,13,19,31,64,2932,1459,1473,324.0109140518418,262.6193724420191,6.8212824010914055,30.695770804911323,3.4106412005457027,20.463847203274213,438.6566141192598,210.45485403937542
104.0,2015,2,75,1,4,3,3,6,14,19,13,13,6,15,41,45,2932,1459,1473,293.3151432469304,255.7980900409277,3.4106412005457027,13.642564802182811,10.231923601637106,10.231923601637106,308.4304318026045,278.3435166327223
104.0,2016,1,126,0,3,3,3,11,18,17,16,23,23,27,51,84,2919,1456,1463,462.48715313463515,431.6546762589928,0.0,10.277492291880781,10.277492291880781,10.277492291880781,576.9230769230769,348.59876965140126
104.0,2016,2,121,1,5,10,3,21,20,13,22,27,18,19,52,88,2919,1456,1463,479.6163069544364,414.52552243919155,3.4258307639602603,17.129153819801303,34.258307639602606,10.277492291880781,604.3956043956044,355.434039644566
104.0,2017,1,250,1,21,1,3,20,46,37,38,48,35,52,126,150,2912,1459,1453,947.8021978021977,858.5164835164835,3.4340659340659343,72.11538461538461,3.4340659340659343,10.302197802197803,1028.101439342015,867.1713695801789
104.0,2017,2,438,1,44,7,1,51,115,53,65,72,63,72,237,254,2912,1459,1453,1686.1263736263738,1504.120879120879,3.4340659340659343,151.0989010989011,24.03846153846154,3.4340659340659343,1740.9184372858122,1631.1080523055746
104.0,2018,1,365,0,6,2,1,41,52,52,70,67,36,56,178,196,2937,1546,1391,1273.4082397003747,1242.7647259107935,0.0,20.42900919305414,6.809669731018045,3.4048348655090224,1267.7878395860284,1279.6549245147376
104.0,2018,2,423,0,21,2,3,80,58,74,68,50,68,51,190,258,2937,1546,1391,1528.7708546135511,1440.2451481103167,0.0,71.50153217568948,6.809669731018045,10.21450459652707,1668.8227684346703,1365.9237958303381
104.0,2019,1,130,0,6,0,0,12,34,17,28,16,10,19,61,75,3087,1586,1501,440.5571752510528,421.1208292840946,0.0,19.43634596695821,0.0,0.0,472.8877679697352,406.39573617588275
105.0,2015,1,12,0,2,0,2,1,4,1,3,3,3,1,7,9,1908,1049,859,83.85744234800839,62.89308176100629,0.0,10.482180293501049,0.0,10.482180293501049,85.79599618684462,81.49010477299184
105.0,2015,2,27,0,0,1,5,2,5,4,5,3,5,9,15,18,1908,1049,859,172.9559748427673,141.50943396226415,0.0,0.0,5.241090146750524,26.20545073375262,171.59199237368924,174.62165308498254
105.0,2016,1,26,0,0,4,5,4,7,5,3,7,5,4,11,24,2083,1162,921,168.02688430148822,124.81997119539126,0.0,0.0,19.203072491598654,24.00384061449832,206.54044750430293,119.43539630836048
105.0,2016,2,38,0,3,8,6,8,6,6,7,11,9,8,24,31,2083,1162,921,264.04224675948154,182.42918867018724,0.0,14.402304368698992,38.40614498319731,28.804608737397984,266.7814113597246,260.58631921824104
105.0,2017,1,75,0,3,1,3,8,16,7,11,15,11,14,35,47,2269,1284,985,361.3926840017629,330.54208902600266,0.0,13.221683561040106,4.407227853680036,13.221683561040106,366.0436137071651,355.3299492385787
105.0,2017,2,117,1,22,4,1,22,20,16,22,20,22,23,65,80,2269,1284,985,639.0480387836051,515.6456588805642,4.407227853680036,96.95901278096078,17.628911414720143,4.407227853680036,623.0529595015577,659.8984771573604
105.0,2018,1,114,0,1,0,1,10,24,9,17,10,25,21,64,52,2482,1423,1059,467.365028203062,459.30701047542306,0.0,4.0290088638195005,0.0,4.0290088638195005,365.425158116655,604.3437204910293
105.0,2018,2,101,0,0,1,0,9,16,13,19,14,19,12,48,54,2482,1423,1059,410.958904109589,406.92989524576956,0.0,0.0,4.0290088638195005,0.0,379.4799718903725,453.25779036827197
105.0,2019,1,40,0,1,0,0,4,11,0,7,9,4,6,20,21,2616,1504,1112,156.72782874617735,152.9051987767584,0.0,3.8226299694189603,0.0,0.0,139.62765957446808,179.85611510791367
106.0,2015,1,68,0,9,2,2,6,12,10,16,10,15,12,37,44,35069,15445,19624,23.097322421511876,19.39034474892355,0.0,2.5663691579457644,0.570304257321281,0.570304257321281,28.48818387827776,18.854463921728495
106.0,2015,2,81,0,6,8,3,12,17,11,14,15,20,9,45,53,35069,15445,19624,27.944908608742764,23.097322421511876,0.0,1.7109127719638426,2.281217029285124,0.8554563859819213,34.31531239883458,22.93110476966979
106.0,2016,1,104,1,8,8,1,12,16,13,16,20,20,25,51,71,35167,15426,19741,34.69161429749481,29.573179401143115,0.28435749424176077,2.274859953934086,2.274859953934086,0.28435749424176077,46.0261895501102,25.834557519882477
106.0,2016,2,106,0,4,9,5,20,22,8,14,20,13,27,37,87,35167,15426,19741,35.26032928597833,30.14189438962664,0.0,1.137429976967043,2.5592174481758465,1.4217874712088037,56.39828860365617,18.742718200699052
106.0,2017,1,173,0,10,9,4,23,31,22,25,31,32,32,71,125,35321,15437,19884,55.49106763681663,48.97936072025141,0.0,2.8311769202457464,2.5480592282211716,1.1324707680982984,80.97428256785645,35.707101186883925
106.0,2017,2,258,1,13,5,4,24,52,35,39,50,39,42,127,154,35321,15437,19884,79.55607145890546,73.04436454234026,0.2831176920245746,3.68052999631947,1.4155884601228732,1.1324707680982984,99.76031612359914,63.87044860189097
106.0,2018,1,261,0,3,4,0,21,50,42,48,27,29,51,115,153,35620,16336,19284,75.23862998315553,73.27344188658057,0.0,0.8422234699606962,1.1229646266142617,0.0,93.65817825661117,59.63493051234184
106.0,2018,2,226,0,2,6,2,21,33,32,35,35,31,49,106,130,35620,16336,19284,66.25491297024143,63.447501403705786,0.0,0.5614823133071308,1.6844469399213924,0.5614823133071308,79.57884427032322,54.967848993984646
106.0,2019,1,92,0,0,1,2,6,14,11,18,24,8,14,40,55,37578,16706,20872,25.280749374634095,24.48240992069828,0.0,0.0,0.26611315131193786,0.5322263026238757,32.92230336406082,19.164430816404753
107.0,2015,1,116,0,7,5,4,10,18,19,21,22,25,17,58,74,25472,11346,14126,51.821608040201006,45.540201005025125,0.0,2.7481155778894473,1.9629396984924623,1.57035175879397,65.22122333862154,41.05904006795979
107.0,2015,2,118,0,0,6,3,15,17,14,16,21,25,19,47,80,25472,11346,14126,49.858668341708544,46.32537688442211,0.0,0.0,2.3555276381909547,1.1777638190954773,70.50943063634762,33.27198074472604
107.0,2016,1,174,0,4,5,6,18,31,28,26,31,25,30,75,114,25405,11256,14149,74.394804172407,68.49045463491439,0.0,1.574493209998032,1.96811651249754,2.3617398149970477,101.27931769722815,53.00727966640752
107.0,2016,2,150,0,5,6,2,25,24,12,17,26,29,30,69,94,25405,11256,14149,64.16059830741979,59.043495374926195,0.0,1.96811651249754,2.3617398149970477,0.787246604999016,83.51101634683724,48.766697293094914
107.0,2017,1,272,0,9,9,7,25,44,37,47,52,35,57,120,177,25370,11184,14186,117.0674024438313,107.21324398896333,0.0,3.5474970437524633,3.5474970437524633,2.7591643673630273,158.2618025751073,84.59044128013534
107.0,2017,2,456,1,35,6,9,62,93,59,63,72,76,82,233,274,25370,11184,14186,199.84233346472212,179.7398502167915,0.3941663381947182,13.795821836815136,2.364998029168309,3.5474970437524633,244.9928469241774,164.2464401522628
107.0,2018,1,599,1,5,5,3,67,105,60,105,88,71,117,276,337,25448,11749,13699,240.88337000943102,235.38195535994967,0.39295818924866394,1.9647909462433197,1.9647909462433197,1.178874567745992,286.83292195080435,201.47456018687498
107.0,2018,2,578,1,6,7,10,66,98,58,85,96,80,119,260,342,25448,11749,13699,236.5608299276957,227.12983338572778,0.39295818924866394,2.357749135491984,2.750707324740648,3.9295818924866395,291.088603285386,189.79487553836046
107.0,2019,1,139,0,1,0,1,10,27,16,20,27,15,26,45,96,26739,11967,14772,52.73196454616852,51.98399341785407,0.0,0.3739855641572235,0.0,0.3739855641572235,80.22060666833792,30.463038180341186
108.0,2015,1,195,3,7,11,9,20,32,34,34,51,20,34,73,152,5506,2769,2737,408.64511442063207,354.15909916454774,5.448601525608427,12.713403559752997,19.978205593897567,16.345804576825284,548.9346334416757,266.71538180489586
108.0,2015,2,77,1,7,11,10,8,15,12,18,19,19,15,29,77,5506,2769,2737,192.51725390483108,139.84743915728296,1.8162005085361426,12.713403559752997,19.978205593897567,18.162005085361425,278.0787287829541,105.95542564852028
108.0,2016,1,203,4,11,14,11,19,46,42,43,29,38,26,75,168,5650,2837,2813,430.0884955752212,359.29203539823004,7.079646017699115,19.469026548672566,24.778761061946902,19.469026548672566,592.1748325696158,266.6192676857448
108.0,2016,2,131,3,9,9,14,10,30,16,29,23,21,37,56,110,5650,2837,2813,293.8053097345133,231.85840707964604,5.3097345132743365,15.92920353982301,15.92920353982301,24.778761061946902,387.7335213253437,199.07571987202274
108.0,2017,1,296,3,15,18,18,24,56,48,50,67,44,61,133,217,5797,2907,2890,603.7605658099017,510.608935656374,5.175090564084871,25.875452820424357,31.05054338450923,31.05054338450923,746.4740282077744,460.20761245674737
108.0,2017,2,407,2,37,25,14,28,89,52,75,68,84,89,190,295,5797,2907,2890,836.6396411937209,702.0872865275142,3.4500603760565807,63.82611695704675,43.12575470070726,24.15042263239607,1014.7918816649467,657.4394463667819
108.0,2018,1,442,5,30,10,10,29,80,78,76,79,71,84,198,299,5977,2974,3003,831.5208298477497,739.5014221181194,8.365400702693659,50.192404216161954,16.730801405387318,16.730801405387318,1005.3799596503027,659.3406593406594
108.0,2018,2,526,3,43,20,9,39,94,78,91,111,72,116,221,380,5977,2974,3003,1005.5211644637778,880.0401539233729,5.019240421616195,71.94244604316548,33.461602810774636,15.057721264848587,1277.7404169468728,735.930735930736
108.0,2019,1,205,0,18,1,2,13,36,35,50,39,25,28,71,154,6185,3095,3090,365.4001616814875,331.44704931285366,0.0,29.102667744543247,1.6168148746968474,3.2336297493936947,497.5767366720517,229.77346278317154
109.0,2015,1,63,0,4,0,11,4,10,11,18,12,10,13,30,48,19748,8759,10989,39.497670650192426,31.90196475592465,0.0,2.02552157180474,0.0,5.570184322463034,54.800776344331545,27.300027300027303
109.0,2015,2,71,0,4,3,11,6,19,16,10,16,6,16,40,49,19748,8759,10989,45.067854972655454,35.95300789953413,0.0,2.02552157180474,1.519141178853555,5.570184322463034,55.94245918483845,36.4000364000364
109.0,2016,1,127,1,5,3,13,12,32,22,23,17,16,27,67,82,20201,8910,11291,73.75872481560319,62.86817484282957,0.4950249987624375,2.4751249938121873,1.4850749962873124,6.435324983911688,92.0314253647587,59.33929678505004
109.0,2016,2,108,0,2,4,4,7,25,16,16,22,10,22,54,64,20201,8910,11291,58.412949853967625,53.46269986634325,0.0,0.990049997524875,1.98009999504975,1.98009999504975,71.8294051627385,47.82570188645825
109.0,2017,1,169,0,9,6,4,19,32,21,30,25,23,38,90,98,20676,9074,11602,90.92667827432773,81.73727993809247,0.0,4.352872896111434,2.901915264074289,1.934610176049526,108.00088163985012,77.57283227029822
109.0,2017,2,361,0,22,4,2,26,53,52,74,67,45,72,199,190,20676,9074,11602,188.1408396208164,174.59856838846974,0.0,10.640355968272393,1.934610176049526,0.967305088024763,209.38946440379104,171.52215135321495
109.0,2018,1,388,0,10,0,3,21,66,53,67,72,40,82,214,187,21236,9763,11473,188.83028818986628,182.70860802411,0.0,4.708984742889434,0.0,1.41269542286683,191.53948581378674,186.52488451146172
109.0,2018,2,415,1,6,1,3,30,91,47,60,68,52,78,201,225,21236,9763,11473,200.60275004708987,195.4228668299115,0.4708984742889433,2.82539084573366,0.4708984742889433,1.41269542286683,230.46194817166855,175.1939335831953
109.0,2019,1,120,0,0,0,0,10,21,15,21,20,12,21,59,61,22721,10122,12599,52.814576823203204,52.814576823203204,0.0,0.0,0.0,0.0,60.26476980833828,46.829113421700136
110.0,2015,1,96,0,5,3,6,10,14,10,24,21,13,18,41,69,42001,19634,22367,26.189852622556607,22.856598652413037,0.0,1.1904478464798458,0.7142687078879074,1.4285374157758148,35.14311907914841,18.33057629543524
110.0,2015,2,147,0,3,13,8,18,30,22,25,36,16,24,64,107,42001,19634,22367,40.71331634961073,34.999166686507465,0.0,0.7142687078879074,3.0951644008475987,1.9047165543677531,54.497300600998265,28.613582509947694
110.0,2016,1,164,0,1,8,6,23,29,20,26,30,24,27,51,128,42204,19736,22468,42.413041417875085,38.85887593593024,0.0,0.2369443654629893,1.8955549237039144,1.4216661927779357,64.85610052695581,22.6989496172334
110.0,2016,2,146,0,1,4,6,10,31,19,24,21,17,35,45,112,42204,19736,22468,37.20026537768932,34.59387735759644,0.0,0.2369443654629893,0.9477774618519572,1.4216661927779357,56.74908796108634,20.02848495638241
110.0,2017,1,267,0,21,9,5,19,54,45,40,53,35,56,111,191,42435,19854,22581,71.16766819842111,62.919759632378934,0.0,4.948745139625309,2.1208907741251326,1.1782726522917402,96.20227661932105,49.15637039989372
110.0,2017,2,475,0,18,16,5,38,79,60,85,98,70,84,245,268,42435,19854,22581,121.1264286555909,111.93590196771532,0.0,4.241781548250265,3.7704724873335693,1.1782726522917402,134.98539337161276,108.49829502679243
110.0,2018,1,539,0,4,3,7,30,79,73,93,95,80,103,280,273,42871,20206,22665,128.99162604091345,125.72601525506754,0.0,0.9330316530988314,0.6997737398241235,1.632805392922955,135.10838364842127,123.53849547760865
110.0,2018,2,604,0,8,4,4,52,97,84,96,113,70,108,286,334,42871,20206,22665,144.61990623031886,140.88777961792354,0.0,1.8660633061976628,0.9330316530988314,0.9330316530988314,165.2974364050282,126.18574895212883
110.0,2019,1,210,0,2,0,2,12,39,20,46,38,24,35,91,123,44029,20708,23321,48.60432896500034,47.69583683481342,0.0,0.45424606509346116,0.0,0.45424606509346116,59.397334363531,39.02062518759916
111.0,2015,1,106,0,14,3,12,13,25,23,12,22,17,23,42,93,9493,6848,2645,142.2100495101654,111.66122405983357,0.0,14.747708838091224,3.1602233224481195,12.640893289792478,135.80607476635512,158.79017013232516
111.0,2015,2,49,1,12,1,22,8,18,7,17,11,9,15,32,53,9493,6848,2645,89.53966080269672,51.61698093331929,1.0534077741493733,12.640893289792478,1.0534077741493733,23.174971031286212,77.39485981308411,120.98298676748583
111.0,2016,1,140,1,9,5,22,9,36,16,33,24,26,33,48,129,9863,7285,2578,179.45858258136468,141.94464158978,1.0138902970698571,9.125012673628714,5.069451485349286,22.305586535536857,177.07618393960192,186.19084561675717
111.0,2016,2,110,3,12,5,17,13,27,23,19,17,22,26,46,100,9863,7285,2578,149.04187366926897,111.52793267768426,3.0416708912095713,12.166683564838285,5.069451485349286,17.23613505018757,137.26835964310226,178.43289371605897
111.0,2017,1,227,3,20,10,4,18,41,26,39,49,37,54,95,169,10261,7743,2518,257.28486502290224,221.22600136438942,2.9236916479875257,19.49127765325017,9.745638826625084,3.898255530650034,218.26165568900942,377.2835583796664
111.0,2017,2,405,1,44,13,13,37,85,57,76,73,68,80,215,261,10261,7743,2518,463.8924081473541,394.69837247831595,0.9745638826625085,42.88081083715038,12.669330474612611,12.669330474612611,337.07865168539325,853.8522637013502
111.0,2018,1,352,2,11,5,18,16,63,67,63,56,49,74,161,227,10700,8209,2491,362.6168224299065,328.9719626168224,1.8691588785046729,10.2803738317757,4.672897196261682,16.822429906542055,276.52576440492146,646.3267763950222
111.0,2018,2,435,3,6,12,7,45,73,54,62,73,73,83,201,262,10700,8209,2491,432.7102803738318,406.5420560747664,2.803738317757009,5.607476635514018,11.214953271028037,6.542056074766355,319.16189548057014,806.9048574869531
111.0,2019,1,153,0,2,2,7,8,25,24,33,26,21,27,68,96,11206,8709,2497,146.3501695520257,136.53399964304836,0.0,1.784758165268606,1.784758165268606,6.246653578440122,110.23079572855667,272.32679215058073
112.0,2015,1,120,1,5,8,9,15,18,19,20,21,30,20,44,99,37231,17208,20023,38.40885283768902,32.2312051784803,0.26859337648733583,1.3429668824366792,2.1487470118986867,2.4173403883860223,57.53138075313808,21.974729061579186
112.0,2015,2,144,0,8,8,10,19,27,29,30,19,20,26,64,106,37231,17208,20023,45.66087400284709,38.677446214176356,0.0,2.1487470118986867,2.1487470118986867,2.6859337648733583,61.599256159925616,31.963242271387905
112.0,2016,1,193,0,8,9,12,12,43,25,29,41,33,39,73,149,39243,18122,21121,56.57059857809036,49.18074561068216,0.0,2.0385801289401932,2.2934026450577174,3.0578701934102894,82.22050546297318,34.56275744519672
112.0,2016,2,193,1,8,8,4,22,21,34,34,38,22,43,80,134,39243,18122,21121,54.532018449150165,49.18074561068216,0.25482251611752416,2.0385801289401932,2.0385801289401932,1.0192900644700966,73.94327336938528,37.876994460489556
112.0,2017,1,308,1,16,15,8,24,53,38,49,55,61,68,148,200,41316,19068,22248,84.22887017136219,74.54739084132056,0.24203698325104078,3.8725917320166525,3.6305547487656114,1.9362958660083263,104.88777008600796,66.52283351312478
112.0,2017,2,604,1,31,7,6,64,96,85,102,115,83,104,314,335,41316,19068,22248,157.08200212992546,146.19033788362862,0.24203698325104078,7.503146480782264,1.6942588827572853,1.4522218995062446,175.68701489406334,141.13628191298096
112.0,2018,1,610,1,6,11,12,50,101,88,106,114,68,113,289,351,43620,20259,23361,146.72168729940392,139.8441082072444,0.22925263640531865,1.3755158184319118,2.5217790004585052,2.7510316368638237,173.256330519769,123.71045760027395
112.0,2018,2,711,2,7,8,20,62,118,105,115,107,99,142,321,427,43620,20259,23361,171.48097203117837,162.9986244841816,0.4585052728106373,1.6047684548372307,1.8340210912425492,4.585052728106373,210.77052174342268,137.4085013484012
112.0,2019,1,254,0,3,8,3,24,43,33,51,49,28,40,111,157,46245,21402,24843,57.95221104984323,54.92485674126932,0.0,0.6487187804086928,1.7299167477565143,0.6487187804086928,73.35763012802542,44.68059413114358
113.0,2015,1,67,0,3,10,7,13,13,11,7,9,17,17,33,54,33712,15893,17819,25.80683436165164,19.87422876127195,0.0,0.8898908400569531,2.9663028001898435,2.0764119601328903,33.97722267665009,18.519557775408273
113.0,2015,2,63,1,3,11,9,10,13,16,15,10,10,13,30,57,33712,15893,17819,25.80683436165164,18.687707641196013,0.29663028001898434,0.8898908400569531,3.262933080208828,2.669672520170859,35.86484615868621,16.83596161400752
113.0,2016,1,115,0,4,18,6,13,14,21,30,23,19,23,31,112,34992,16455,18537,40.866483767718336,32.86465477823503,0.0,1.1431184270690442,5.1440329218107,1.7146776406035664,68.06441810999696,16.72331013648379
113.0,2016,2,96,3,3,17,0,10,19,14,18,13,23,22,44,75,34992,16455,18537,34.00777320530407,27.434842249657063,0.8573388203017832,0.8573388203017832,4.858253315043438,0.0,45.57885141294439,23.736311161460865
113.0,2017,1,166,0,14,12,4,19,38,16,32,29,31,31,84,112,36312,17037,19275,53.97664683851069,45.714915179554964,0.0,3.8554747741793345,3.3046926635822866,1.1015642211940955,65.7392733462464,43.57976653696498
113.0,2017,2,278,0,29,13,6,35,46,33,53,59,46,54,150,175,36312,17037,19275,89.77748402731879,76.55871337298964,0.0,7.986340603657194,3.580083718880811,1.6523463317911433,102.71761460351001,77.82101167315176
113.0,2018,1,283,1,8,14,8,19,40,39,53,58,46,59,130,184,37827,17598,20229,83.00949057551485,74.81428609194491,0.26436143495386893,2.1148914796309515,3.701060089354165,2.1148914796309515,104.557336060916,64.26417519402838
113.0,2018,2,335,0,7,10,3,33,59,52,55,55,47,54,139,216,37827,17598,20229,93.84830940862346,88.5610807095461,0.0,1.8505300446770825,2.6436143495386895,0.7930843048616069,122.74122059324924,68.71323347669188
113.0,2019,1,101,1,0,3,3,12,17,11,19,24,10,15,48,60,38880,18156,20724,27.77777777777778,25.97736625514403,0.257201646090535,0.0,0.7716049382716049,0.7716049382716049,33.04692663582287,23.161551823972204
114.0,2015,1,104,0,8,13,6,24,10,18,19,17,17,26,50,81,41956,19382,22574,31.223186195061494,24.787873009819812,0.0,1.9067594622938315,3.0984841262274765,1.4300695967203736,41.791352801568465,22.149375387614068
114.0,2015,2,103,2,5,13,3,9,20,15,11,27,21,23,37,89,41956,19382,22574,30.03146153112785,24.54952807703308,0.4766898655734579,1.1917246639336447,3.0984841262274765,0.7150347983601868,45.91889381900732,16.39053778683441
114.0,2016,1,135,1,5,14,3,14,29,22,19,23,26,25,63,95,41894,19326,22568,37.71423115481931,32.224184847472195,0.23869766553683106,1.1934883276841552,3.3417673175156346,0.7160929966104931,49.15657663251578,27.91563275434243
114.0,2016,2,146,2,6,12,5,15,27,23,30,18,25,33,68,103,41894,19326,22568,40.817300806798116,34.849859168377336,0.4773953310736621,1.4321859932209862,2.8643719864419723,1.1934883276841552,53.29607782262238,30.131159163417227
114.0,2017,1,229,0,11,12,7,23,55,33,32,42,30,44,115,144,41852,19283,22569,61.88473669119755,54.716620472139915,0.0,2.6283092803211314,2.8672464876230523,1.6725604511134473,74.67717678784422,50.954849572422354
114.0,2017,2,375,1,23,13,7,40,58,51,66,59,70,75,200,218,41852,19283,22569,100.11468985950492,89.60145273822039,0.23893720730192108,5.495555767944184,3.1061836949249737,1.6725604511134473,113.0529481927086,88.6171296911693
114.0,2018,1,361,0,7,9,4,27,55,51,56,60,65,67,182,199,42000,19461,22539,90.71428571428571,85.95238095238095,0.0,1.6666666666666665,2.142857142857143,0.9523809523809524,102.25579363855915,80.74892408713785
114.0,2018,2,461,0,5,13,4,35,80,49,66,69,84,100,214,269,42000,19461,22539,115.0,109.76190476190476,0.0,1.1904761904761905,3.095238095238095,0.9523809523809524,138.22516828528853,94.9465371134478
114.0,2019,1,149,0,5,0,2,16,33,14,25,23,23,22,64,92,42974,19838,23136,36.30101922092428,34.67212733280588,0.0,1.163494205798855,0.0,0.46539768231954204,46.37564270591793,27.662517289073307
115.0,2015,1,58,0,2,7,5,4,13,16,10,7,8,14,27,45,17116,8093,9023,42.06590324842252,33.88642206122926,0.0,1.1684973124561815,4.089740593596635,2.921243281140453,55.60360805634499,29.923528759835975
115.0,2015,2,69,0,4,1,2,5,14,10,11,20,5,11,25,51,17116,8093,9023,44.402897873334894,40.313157279738256,0.0,2.336994624912363,0.5842486562280907,1.1684973124561815,63.017422463857656,27.7069710739222
115.0,2016,1,111,1,6,0,5,13,20,22,25,16,12,15,48,75,17109,8069,9040,71.89198667368052,64.87813431527266,0.5844876965339879,3.506926179203928,0.0,2.92243848266994,92.94832073367208,53.097345132743364
115.0,2016,2,98,0,2,4,5,10,20,17,11,18,13,20,36,73,17109,8069,9040,63.709158922204686,57.279794260330824,0.0,1.1689753930679758,2.3379507861359516,2.92243848266994,90.46969884744082,39.823008849557525
115.0,2017,1,176,4,6,2,5,19,37,21,28,35,20,33,72,121,17108,8053,9055,112.81271919569792,102.87584755669863,2.3380874444704234,3.5071311667056344,1.1690437222352117,2.922609305588029,150.25456351670186,79.51408061844285
115.0,2017,2,347,1,13,2,2,32,44,51,66,75,39,58,174,191,17108,8053,9055,213.35047930792612,202.82908580780924,0.5845218611176058,7.598784194528875,1.1690437222352117,1.1690437222352117,237.17869117099218,192.1590281612369
115.0,2018,1,398,0,3,0,3,25,74,48,75,74,36,72,186,218,17190,8131,9059,235.02036067481095,231.52995927865038,0.0,1.7452006980802792,0.0,1.7452006980802792,268.1097036034928,205.3206755712551
115.0,2018,2,376,1,10,5,5,35,58,43,72,73,38,78,196,200,17190,8131,9059,230.9482257126236,218.73182082606166,0.5817335660267597,5.817335660267597,2.9086678301337985,2.9086678301337985,245.97220514081909,216.3594215697097
115.0,2019,1,137,0,2,1,2,11,28,21,17,32,12,21,45,97,17600,8297,9303,80.68181818181819,77.8409090909091,0.0,1.1363636363636365,0.5681818181818182,1.1363636363636365,116.90972640713511,48.371493066752656
116.0,2015,1,34,0,10,7,4,9,11,6,6,11,6,6,23,32,11648,5508,6140,47.21840659340659,29.18956043956044,0.0,8.585164835164836,6.009615384615385,3.4340659340659343,58.09731299927378,37.45928338762215
116.0,2015,2,42,0,13,9,3,7,10,12,10,10,7,11,17,50,11648,5508,6140,57.5206043956044,36.05769230769231,0.0,11.160714285714285,7.726648351648351,2.5755494505494507,90.7770515613653,27.68729641693811
116.0,2016,1,89,0,9,9,6,8,21,20,18,18,12,16,42,71,11669,5506,6163,96.83777530208245,76.27046019367556,0.0,7.712743165652584,7.712743165652584,5.141828777101723,128.95023610606611,68.14862891448969
116.0,2016,2,81,0,0,6,4,5,20,11,16,19,7,13,38,53,11669,5506,6163,77.98440311937613,69.41468849087326,0.0,0.0,5.141828777101723,3.427885851401148,96.25862695241554,61.65828330358592
116.0,2017,1,116,0,9,9,5,16,26,12,21,23,17,24,50,89,11711,5519,6192,118.69182819571344,99.05217317052343,0.0,7.685082401161301,7.685082401161301,4.26949022286739,161.26109802500454,80.74935400516796
116.0,2017,2,224,3,5,11,5,13,46,32,39,49,27,42,112,136,11711,5519,6192,211.76671505422254,191.27316198445905,2.561694133720434,4.26949022286739,9.392878490308258,4.26949022286739,246.4214531618047,180.87855297157623
116.0,2018,1,282,0,2,11,7,22,50,39,44,50,39,58,121,181,11820,5550,6270,255.49915397631133,238.57868020304568,0.0,1.6920473773265652,9.306260575296108,5.922165820642978,326.1261261261261,192.98245614035088
116.0,2018,2,328,1,4,14,4,22,64,46,60,57,47,55,154,197,11820,5550,6270,296.9543147208122,277.4957698815567,0.8460236886632826,3.3840947546531304,11.844331641285956,3.3840947546531304,354.9549549549549,245.6140350877193
116.0,2019,1,138,0,1,5,2,10,33,14,24,22,13,30,58,88,11944,5613,6331,122.23710649698594,115.53918285331547,0.0,0.8372404554588078,4.186202277294039,1.6744809109176155,156.77890611081418,91.61269941557416
117.0,2015,1,29,0,4,0,1,5,8,2,6,6,1,6,11,23,680,429,251,500.0,426.47058823529414,0.0,58.8235294117647,0.0,14.705882352941176,536.1305361305361,438.24701195219126
117.0,2015,2,38,0,0,1,0,6,10,3,5,6,3,6,19,20,680,429,251,573.5294117647059,558.8235294117648,0.0,0.0,14.705882352941176,0.0,466.2004662004662,756.9721115537849
117.0,2016,1,51,0,2,0,1,3,5,5,12,9,8,12,19,35,702,451,251,769.2307692307693,726.4957264957266,0.0,28.490028490028493,0.0,14.245014245014247,776.0532150776053,756.9721115537849
117.0,2016,2,52,0,2,1,2,5,8,11,10,8,8,7,19,38,702,451,251,811.965811965812,740.7407407407406,0.0,28.490028490028493,14.245014245014247,28.490028490028493,842.5720620842573,756.9721115537849
117.0,2017,1,52,0,0,0,2,7,13,8,9,4,5,8,19,35,729,472,257,740.7407407407406,713.3058984910837,0.0,0.0,0.0,27.434842249657063,741.5254237288135,739.2996108949417
117.0,2017,2,98,0,4,0,1,10,19,12,17,15,10,20,54,49,729,472,257,1412.894375857339,1344.3072702331963,0.0,54.869684499314126,0.0,13.717421124828531,1038.135593220339,2101.1673151750974
117.0,2018,1,85,0,16,0,1,8,16,15,19,14,13,17,48,54,756,499,257,1349.2063492063492,1124.3386243386242,0.0,211.64021164021162,0.0,13.227513227513226,1082.1643286573146,1867.704280155642
117.0,2018,2,110,0,14,2,1,9,21,8,25,24,16,24,62,65,756,499,257,1679.8941798941798,1455.0264550264549,0.0,185.18518518518516,26.455026455026452,13.227513227513226,1302.6052104208416,2412.4513618677042
117.0,2019,1,62,0,0,0,0,1,17,5,10,11,8,10,31,31,790,522,268,784.8101265822785,784.8101265822785,0.0,0.0,0.0,0.0,593.8697318007663,1156.7164179104477
