codigo_upz,AÑO,quarter,theft_to_people,homicide,sexual,theft_to_vehicle,theft_to_motorbike,genero_-,genero_FEMENINO,genero_MASCULINO,TOTAL_POBLACION,Hombre,Mujer,crime_index,theft_to_people_index,homicide_index,sexual_index,theft_to_vehicle_index,theft_to_motorbike_index,male_index,female_index
1.0,2015,1,16,0,1,0,1,0,6,12,2693,1346,1347,66.83995544002971,59.41329372447085,0.0,3.713330857779428,0.0,3.713330857779428,89.15304606240713,44.54342984409799
1.0,2015,2,15,0,0,0,0,0,6,9,2693,1346,1347,55.69996286669142,55.69996286669142,0.0,0.0,0.0,0.0,66.86478454680534,44.54342984409799
1.0,2015,3,8,0,0,0,0,0,3,5,2693,1346,1347,29.706646862235424,29.706646862235424,0.0,0.0,0.0,0.0,37.14710252600297,22.271714922048996
1.0,2015,4,6,0,2,0,0,0,4,4,2693,1346,1347,29.706646862235424,22.279985146676566,0.0,7.426661715558856,0.0,0.0,29.717682020802375,29.695619896065327
1.0,2016,1,15,0,1,0,0,0,6,10,2646,1320,1326,60.46863189720333,56.68934240362812,0.0,3.779289493575208,0.0,0.0,75.75757575757576,45.248868778280546
1.0,2016,2,14,0,1,0,1,0,5,11,2646,1320,1326,60.46863189720333,52.910052910052904,0.0,3.779289493575208,0.0,3.779289493575208,83.33333333333333,37.70739064856712
1.0,2016,3,26,0,1,1,0,0,15,13,2646,1320,1326,105.82010582010581,98.26152683295541,0.0,3.779289493575208,3.779289493575208,0.0,98.48484848484847,113.12217194570135
1.0,2016,4,15,0,1,0,0,0,6,10,2646,1320,1326,60.46863189720333,56.68934240362812,0.0,3.779289493575208,0.0,0.0,75.75757575757576,45.248868778280546
1.0,2017,1,38,0,0,0,0,0,13,25,2600,1293,1307,146.15384615384616,146.15384615384616,0.0,0.0,0.0,0.0,193.34880123743233,99.46442234123947
1.0,2017,2,23,0,1,0,1,0,14,11,2600,1293,1307,96.15384615384616,88.46153846153845,0.0,3.8461538461538463,0.0,3.8461538461538463,85.07347254447022,107.11553175210406
1.0,2017,3,30,1,1,0,0,0,13,19,2600,1293,1307,123.07692307692308,115.38461538461539,3.8461538461538463,3.8461538461538463,0.0,0.0,146.94508894044858,99.46442234123947
1.0,2017,4,39,1,0,0,0,0,15,25,2600,1293,1307,153.84615384615387,150.0,3.8461538461538463,0.0,0.0,0.0,193.34880123743233,114.76664116296864
1.0,2018,1,204,0,0,2,4,0,71,139,2567,1279,1288,818.0755746007012,794.7019867549669,0.0,0.0,7.791195948578107,15.582391897156214,1086.7865519937452,551.2422360248447
1.0,2018,2,62,0,0,2,2,0,24,42,2567,1279,1288,257.1094663030775,241.52707440592133,0.0,0.0,7.791195948578107,7.791195948578107,328.38154808444096,186.33540372670808
1.0,2018,3,50,0,0,0,0,0,24,26,2567,1279,1288,194.77989871445268,194.77989871445268,0.0,0.0,0.0,0.0,203.28381548084442,186.33540372670808
1.0,2018,4,58,0,0,2,2,0,27,35,2567,1279,1288,241.52707440592133,225.9446825087651,0.0,0.0,7.791195948578107,7.791195948578107,273.6512900703675,209.6273291925466
1.0,2019,1,33,0,0,0,0,0,11,22,2602,1291,1311,126.82551883166795,126.82551883166795,0.0,0.0,0.0,0.0,170.41053446940356,83.90541571319604
1.0,2019,2,7,0,0,3,1,0,1,10,2602,1291,1311,42.27517294388932,26.90238278247502,0.0,0.0,11.529592621060722,3.8431975403535743,77.45933384972889,7.627765064836003
1.0,2019,3,6,0,1,1,1,0,2,7,2602,1291,1311,34.588777863182166,23.059185242121444,0.0,3.8431975403535743,3.8431975403535743,3.8431975403535743,54.22153369481022,15.255530129672007
1.0,2019,4,4,2,2,0,1,0,4,5,2602,1291,1311,34.588777863182166,15.372790161414297,7.686395080707149,7.686395080707149,0.0,3.8431975403535743,38.729666924864446,30.511060259344013
1.0,2020,1,1,1,0,0,1,0,0,3,2574,1275,1299,11.655011655011656,3.885003885003885,3.885003885003885,0.0,0.0,3.885003885003885,23.52941176470588,0.0
1.0,2020,2,0,0,0,0,1,0,0,1,2574,1275,1299,3.885003885003885,0.0,0.0,0.0,0.0,3.885003885003885,7.8431372549019605,0.0
1.0,2020,3,1,0,0,0,0,0,0,1,2574,1275,1299,3.885003885003885,3.885003885003885,0.0,0.0,0.0,0.0,7.8431372549019605,0.0
1.0,2020,4,2,0,3,1,1,0,3,4,2574,1275,1299,27.195027195027194,7.77000777000777,0.0,11.655011655011656,3.885003885003885,3.885003885003885,31.372549019607842,23.094688221709006
1.0,2021,1,1,1,0,0,1,0,0,3,2545,1258,1287,11.787819253438114,3.9292730844793713,3.9292730844793713,0.0,0.0,3.9292730844793713,23.84737678855326,0.0
1.0,2021,2,2,2,2,0,1,0,2,5,2545,1258,1287,27.5049115913556,7.858546168958743,7.858546168958743,7.858546168958743,0.0,3.9292730844793713,39.745627980922094,15.54001554001554
1.0,2021,3,2,0,3,1,0,0,4,2,2545,1258,1287,23.575638506876228,7.858546168958743,0.0,11.787819253438114,3.9292730844793713,0.0,15.898251192368841,31.08003108003108
1.0,2021,4,4,0,1,0,0,0,1,4,2545,1258,1287,19.646365422396855,15.717092337917485,0.0,3.9292730844793713,0.0,0.0,31.796502384737682,7.77000777000777
1.0,2022,1,0,1,0,0,0,0,0,1,2505,1237,1268,3.992015968063872,0.0,3.992015968063872,0.0,0.0,0.0,8.084074373484235,0.0
1.0,2022,3,1,5,0,0,1,0,1,6,2505,1237,1268,27.944111776447105,3.992015968063872,19.96007984031936,0.0,0.0,3.992015968063872,48.50444624090542,7.886435331230284
1.0,2022,4,2,1,0,0,1,0,1,3,2505,1237,1268,15.968063872255488,7.984031936127744,3.992015968063872,0.0,0.0,3.992015968063872,24.25222312045271,7.886435331230284
1.0,2023,1,0,0,0,1,0,0,0,1,2449,1210,1239,4.083299305839118,0.0,0.0,0.0,4.083299305839118,0.0,8.264462809917354,0.0
1.0,2023,3,0,0,0,1,0,0,0,1,2449,1210,1239,4.083299305839118,0.0,0.0,0.0,4.083299305839118,0.0,8.264462809917354,0.0
2.0,2015,1,12,0,0,0,1,0,4,9,2791,1390,1401,46.57828735220351,42.99534217126478,0.0,0.0,0.0,3.582945180938731,64.74820143884892,28.551034975017846
2.0,2015,2,5,0,0,1,0,0,3,3,2791,1390,1401,21.49767108563239,17.914725904693658,0.0,0.0,3.582945180938731,0.0,21.58273381294964,21.413276231263385
2.0,2015,3,6,0,0,1,0,0,5,2,2791,1390,1401,25.080616266571123,21.49767108563239,0.0,0.0,3.582945180938731,0.0,14.388489208633095,35.6887937187723
2.0,2015,4,5,0,1,0,0,0,1,5,2791,1390,1401,21.49767108563239,17.914725904693658,0.0,3.582945180938731,0.0,0.0,35.97122302158274,7.137758743754461
2.0,2016,1,16,0,0,0,0,0,6,10,3173,1568,1605,50.42546485975417,50.42546485975417,0.0,0.0,0.0,0.0,63.775510204081634,37.38317757009346
2.0,2016,2,10,0,2,0,0,0,5,7,3173,1568,1605,37.81909864481563,31.51591553734636,0.0,6.3031831074692715,0.0,0.0,44.64285714285714,31.15264797507788
2.0,2016,3,8,0,1,0,0,0,3,6,3173,1568,1605,28.364323983611726,25.212732429877086,0.0,3.1515915537346357,0.0,0.0,38.265306122448976,18.69158878504673
2.0,2016,4,11,1,0,0,0,0,2,10,3173,1568,1605,37.81909864481563,34.667507091081,3.1515915537346357,0.0,0.0,0.0,63.775510204081634,12.461059190031154
2.0,2017,1,13,0,0,0,0,0,4,9,3598,1764,1834,36.13118399110617,36.13118399110617,0.0,0.0,0.0,0.0,51.0204081632653,21.810250817884405
2.0,2017,2,17,1,0,0,0,0,8,10,3598,1764,1834,50.02779321845469,47.24847137298499,2.7793218454697053,0.0,0.0,0.0,56.68934240362812,43.62050163576881
2.0,2017,3,22,0,0,1,0,0,10,13,3598,1764,1834,63.924402445803224,61.14508060033352,0.0,0.0,2.7793218454697053,0.0,73.69614512471655,54.525627044711015
2.0,2017,4,29,0,3,1,0,0,19,14,3598,1764,1834,91.71762090050028,80.60033351862147,0.0,8.337965536409115,2.7793218454697053,0.0,79.36507936507937,103.59869138495092
2.0,2018,1,62,0,0,0,0,0,30,32,4077,1982,2095,152.0726024037282,152.0726024037282,0.0,0.0,0.0,0.0,161.45307769929366,143.1980906921241
2.0,2018,2,42,0,6,2,0,0,21,29,4077,1982,2095,122.6391954868776,103.01692420897719,0.0,14.716703458425313,4.905567819475104,0.0,146.31685166498488,100.23866348448688
2.0,2018,3,40,0,2,4,4,0,20,30,4077,1982,2095,122.6391954868776,98.11135638950209,0.0,4.905567819475104,9.811135638950208,9.811135638950208,151.3622603430878,95.4653937947494
2.0,2018,4,41,0,4,0,0,0,20,25,4077,1982,2095,110.37527593818986,100.56414029923964,0.0,9.811135638950208,0.0,0.0,126.13521695257316,95.4653937947494
2.0,2019,1,21,0,4,0,2,0,11,16,4483,2177,2306,60.227526210127145,46.84363149676556,0.0,8.922596475574393,0.0,4.461298237787196,73.49563619660083,47.701647875108414
2.0,2019,2,1,0,1,0,0,0,1,1,4483,2177,2306,4.461298237787196,2.230649118893598,0.0,2.230649118893598,0.0,0.0,4.593477262287552,4.336513443191674
2.0,2019,3,0,0,1,0,0,0,0,1,4483,2177,2306,2.230649118893598,0.0,0.0,2.230649118893598,0.0,0.0,4.593477262287552,0.0
2.0,2019,4,1,0,2,0,0,0,2,1,4483,2177,2306,6.691947356680794,2.230649118893598,0.0,4.461298237787196,0.0,0.0,4.593477262287552,8.673026886383347
2.0,2020,1,0,0,0,1,0,0,0,1,5017,2430,2587,1.9932230416583616,0.0,0.0,0.0,1.9932230416583616,0.0,4.11522633744856,0.0
2.0,2020,3,0,1,0,0,0,0,1,0,5017,2430,2587,1.9932230416583616,0.0,1.9932230416583616,0.0,0.0,0.0,0.0,3.8654812524159254
2.0,2020,4,1,1,0,0,0,0,0,2,5017,2430,2587,3.9864460833167232,1.9932230416583616,1.9932230416583616,0.0,0.0,0.0,8.23045267489712,0.0
2.0,2021,1,3,0,3,1,0,0,5,2,5589,2700,2889,12.524601896582574,5.367686527106817,0.0,5.367686527106817,1.7892288423689389,0.0,7.407407407407407,17.307026652821044
2.0,2021,2,1,0,0,0,1,0,0,2,5589,2700,2889,3.5784576847378777,1.7892288423689389,0.0,0.0,0.0,1.7892288423689389,7.407407407407407,0.0
2.0,2021,3,0,0,1,0,2,0,1,2,5589,2700,2889,5.367686527106817,0.0,0.0,1.7892288423689389,0.0,3.5784576847378777,7.407407407407407,3.4614053305642094
2.0,2021,4,4,0,3,2,0,0,2,7,5589,2700,2889,16.10305958132045,7.1569153694757555,0.0,5.367686527106817,3.5784576847378777,0.0,25.925925925925924,6.922810661128419
2.0,2022,1,2,0,0,0,0,0,0,2,6160,2976,3184,3.2467532467532467,3.2467532467532467,0.0,0.0,0.0,0.0,6.720430107526882,0.0
2.0,2022,2,0,1,0,1,0,0,1,1,6160,2976,3184,3.2467532467532467,0.0,1.6233766233766234,0.0,1.6233766233766234,0.0,3.360215053763441,3.14070351758794
2.0,2022,3,1,0,0,2,0,0,1,2,6160,2976,3184,4.87012987012987,1.6233766233766234,0.0,0.0,3.2467532467532467,0.0,6.720430107526882,3.14070351758794
2.0,2022,4,1,0,0,1,1,0,0,3,6160,2976,3184,4.87012987012987,1.6233766233766234,0.0,0.0,1.6233766233766234,1.6233766233766234,10.080645161290322,0.0
2.0,2023,1,0,0,0,2,0,0,0,2,6720,3239,3481,2.9761904761904763,0.0,0.0,0.0,2.9761904761904763,0.0,6.174745291756715,0.0
2.0,2023,2,0,1,0,1,0,0,0,2,6720,3239,3481,2.9761904761904763,0.0,1.4880952380952381,0.0,1.4880952380952381,0.0,6.174745291756715,0.0
2.0,2023,3,0,0,0,3,0,0,0,3,6720,3239,3481,4.464285714285714,0.0,0.0,0.0,4.464285714285714,0.0,9.262117937635072,0.0
3.0,2015,1,1,0,0,1,1,0,0,3,1886,911,975,15.906680805938494,5.302226935312832,0.0,0.0,5.302226935312832,5.302226935312832,32.93084522502744,0.0
3.0,2015,2,0,0,1,0,0,0,1,0,1886,911,975,5.302226935312832,0.0,0.0,5.302226935312832,0.0,0.0,0.0,10.256410256410257
3.0,2015,3,1,0,0,0,0,0,0,1,1886,911,975,5.302226935312832,5.302226935312832,0.0,0.0,0.0,0.0,10.976948408342482,0.0
3.0,2015,4,6,0,0,0,0,0,4,2,1886,911,975,31.81336161187699,31.81336161187699,0.0,0.0,0.0,0.0,21.953896816684964,41.02564102564103
3.0,2016,1,4,0,0,0,0,0,2,2,1941,937,1004,20.607934054611025,20.607934054611025,0.0,0.0,0.0,0.0,21.344717182497334,19.9203187250996
3.0,2016,2,3,0,0,0,0,0,1,2,1941,937,1004,15.455950540958268,15.455950540958268,0.0,0.0,0.0,0.0,21.344717182497334,9.9601593625498
3.0,2016,3,5,0,0,0,0,0,1,4,1941,937,1004,25.75991756826378,25.75991756826378,0.0,0.0,0.0,0.0,42.68943436499467,9.9601593625498
3.0,2016,4,6,0,0,0,0,0,3,3,1941,937,1004,30.911901081916536,30.911901081916536,0.0,0.0,0.0,0.0,32.017075773746,29.8804780876494
3.0,2017,1,8,0,0,0,0,0,3,5,1996,964,1032,40.080160320641276,40.080160320641276,0.0,0.0,0.0,0.0,51.86721991701245,29.069767441860463
3.0,2017,2,5,0,0,0,0,0,3,2,1996,964,1032,25.050100200400802,25.050100200400802,0.0,0.0,0.0,0.0,20.74688796680498,29.069767441860463
3.0,2017,3,7,0,0,0,1,0,1,7,1996,964,1032,40.080160320641276,35.07014028056112,0.0,0.0,0.0,5.0100200400801596,72.61410788381743,9.689922480620154
3.0,2017,4,9,0,0,0,0,0,5,4,1996,964,1032,45.09018036072145,45.09018036072145,0.0,0.0,0.0,0.0,41.49377593360996,48.44961240310077
3.0,2018,1,15,0,0,0,0,0,9,6,2048,988,1060,73.2421875,73.2421875,0.0,0.0,0.0,0.0,60.72874493927126,84.90566037735849
3.0,2018,2,25,0,0,2,0,0,10,17,2048,988,1060,131.8359375,122.0703125,0.0,0.0,9.765625,0.0,172.06477732793522,94.33962264150944
3.0,2018,3,17,0,0,0,0,0,5,12,2048,988,1060,83.0078125,83.0078125,0.0,0.0,0.0,0.0,121.45748987854252,47.16981132075472
3.0,2018,4,13,0,0,2,0,0,5,10,2048,988,1060,73.2421875,63.4765625,0.0,0.0,9.765625,0.0,101.21457489878543,47.16981132075472
3.0,2019,1,8,0,0,1,0,0,3,6,2323,1124,1199,38.743004735256136,34.438226431338784,0.0,0.0,4.304778303917348,0.0,53.38078291814947,25.0208507089241
3.0,2019,2,2,0,0,0,0,0,0,2,2323,1124,1199,8.609556607834696,8.609556607834696,0.0,0.0,0.0,0.0,17.793594306049823,0.0
3.0,2019,3,1,0,1,1,0,0,1,2,2323,1124,1199,12.914334911752045,4.304778303917348,0.0,4.304778303917348,4.304778303917348,0.0,17.793594306049823,8.340283569641368
3.0,2019,4,0,0,0,1,0,0,0,1,2323,1124,1199,4.304778303917348,0.0,0.0,0.0,4.304778303917348,0.0,8.896797153024911,0.0
3.0,2020,1,1,0,0,0,0,0,0,1,2367,1149,1218,4.224757076468103,4.224757076468103,0.0,0.0,0.0,0.0,8.703220191470844,0.0
3.0,2020,2,0,0,1,1,0,0,1,1,2367,1149,1218,8.449514152936207,0.0,0.0,4.224757076468103,4.224757076468103,0.0,8.703220191470844,8.210180623973727
3.0,2020,3,0,0,1,0,0,0,0,1,2367,1149,1218,4.224757076468103,0.0,0.0,4.224757076468103,0.0,0.0,8.703220191470844,0.0
3.0,2021,1,0,0,1,2,1,0,2,2,2417,1178,1239,16.54944145635085,0.0,0.0,4.137360364087712,8.274720728175424,4.137360364087712,16.97792869269949,16.142050040355123
3.0,2021,2,0,0,0,1,0,0,0,1,2417,1178,1239,4.137360364087712,0.0,0.0,0.0,4.137360364087712,0.0,8.488964346349745,0.0
3.0,2021,3,1,0,0,0,0,0,0,1,2417,1178,1239,4.137360364087712,4.137360364087712,0.0,0.0,0.0,0.0,8.488964346349745,0.0
3.0,2022,1,1,0,0,0,0,0,1,0,2446,1200,1246,4.088307440719542,4.088307440719542,0.0,0.0,0.0,0.0,0.0,8.025682182985554
3.0,2022,2,0,0,0,1,1,0,0,2,2446,1200,1246,8.176614881439084,0.0,0.0,0.0,4.088307440719542,4.088307440719542,16.666666666666668,0.0
3.0,2022,4,1,0,0,1,0,0,1,1,2446,1200,1246,8.176614881439084,4.088307440719542,0.0,0.0,4.088307440719542,0.0,8.333333333333334,8.025682182985554
9.0,2015,1,67,4,9,4,2,0,32,54,114369,54372,59997,7.519520149690912,5.8582308142940835,0.3497451232414378,0.7869265272932351,0.3497451232414378,0.1748725616207189,9.931582432134187,5.333600013334
9.0,2015,2,56,4,4,7,3,0,19,55,114369,54372,59997,6.470284779966599,4.89643172538013,0.3497451232414378,0.3497451232414378,0.6120539656725162,0.2623088424310783,10.115500625321857,3.166825007917063
9.0,2015,3,31,0,4,6,1,0,18,24,114369,54372,59997,3.672323794035097,2.7105247051211427,0.0,0.3497451232414378,0.5246176848621567,0.08743628081035945,4.4140366365040835,3.000150007500375
9.0,2015,4,52,2,18,3,0,0,35,40,114369,54372,59997,6.5577210607769585,4.546686602138691,0.1748725616207189,1.5738530545864702,0.2623088424310783,0.0,7.356727727506805,5.833625014584063
9.0,2016,1,52,3,34,4,3,0,55,41,115721,54943,60778,8.295814934195176,4.493566422689054,0.25924421669359926,2.938101122527458,0.3456589555914657,0.25924421669359926,7.462279089237938,9.049327059133239
9.0,2016,2,47,3,33,7,5,0,52,43,115721,54943,60778,8.20940019529731,4.061492728199722,0.25924421669359926,2.851686383629592,0.604903172285065,0.43207369448933214,7.8262927033471055,8.555727401362335
9.0,2016,3,51,5,38,6,2,0,52,50,115721,54943,60778,8.814303367582376,4.407151683791188,0.43207369448933214,3.283760078118924,0.5184884333871985,0.17282947779573285,9.100340352729193,8.555727401362335
9.0,2016,4,68,2,85,2,1,0,108,50,115721,54943,60778,13.653528745862895,5.876202245054916,0.17282947779573285,7.345252806318646,0.17282947779573285,0.08641473889786642,9.100340352729193,17.769587679752544
9.0,2017,1,98,2,21,2,5,0,58,70,117135,55560,61575,10.927562214538781,8.366414820506254,0.17074315960216846,1.7928031758227685,0.17074315960216846,0.42685789900542115,12.598992080633549,9.419407226958993
9.0,2017,2,102,1,31,3,7,0,78,66,117135,55560,61575,12.293507491356129,8.70790113971059,0.08537157980108423,2.6465189738336106,0.25611473940325263,0.5976010586075895,11.879049676025918,12.66747868453106
9.0,2017,3,139,2,56,5,3,0,113,92,117135,55560,61575,17.501173859222266,11.866649592350708,0.17074315960216846,4.780808468860716,0.42685789900542115,0.25611473940325263,16.55867530597552,18.351603735282175
9.0,2017,4,158,2,28,7,3,0,88,109,117135,55560,61575,16.903572800614675,13.488709608571307,0.17074315960216846,2.390404234430358,0.5976010586075895,0.25611473940325263,19.618430525557958,14.291514413317092
9.0,2018,1,174,6,26,24,8,1,92,144,119080,56578,62502,19.986563654685927,14.612025529056098,0.5038629492777964,2.183406113537118,2.0154517971111856,0.6718172657037286,25.45158895683835,14.719528975072798
9.0,2018,2,127,2,41,32,14,0,97,119,119080,56578,62502,18.13906617400067,10.665099093046692,0.16795431642593214,3.443063486731609,2.6872690628149143,1.175680214981525,21.032910318498356,15.519503375891972
9.0,2018,3,170,8,73,20,16,0,157,130,119080,56578,62502,24.101444407121264,14.276116896204233,0.6718172657037286,6.130332549546524,1.6795431642593215,1.3436345314074571,22.977128919367953,25.119196185722057
9.0,2018,4,152,4,26,22,12,2,96,116,119080,56578,62502,18.13906617400067,12.764528048370844,0.3359086328518643,2.183406113537118,1.8474974806852538,1.0077258985555928,20.50266888189756,15.359508495728138
9.0,2019,1,103,4,19,10,11,0,66,81,122844,58302,64542,11.966396405196836,8.384617889355605,0.325616228712839,1.5466770863859856,0.8140405717820977,0.8954446289603073,13.89317690645261,10.225899414334851
9.0,2019,2,7,2,15,5,9,0,18,20,122844,58302,64542,3.093354172771971,0.5698284002474684,0.1628081143564195,1.2210608576731463,0.4070202858910488,0.7326365146038879,3.4304140509759526,2.7888816584549594
9.0,2019,3,12,1,37,5,7,0,35,27,122844,58302,64542,5.047051545049006,0.9768486861385172,0.08140405717820975,3.011950115593761,0.4070202858910488,0.5698284002474684,4.631058968817536,5.422825446995755
9.0,2019,4,11,1,27,7,11,0,27,30,122844,58302,64542,4.640031259157956,0.8954446289603073,0.08140405717820975,2.197909543811664,0.5698284002474684,0.8954446289603073,5.145621076463929,4.18332248768244
9.0,2020,1,8,3,19,3,8,0,20,21,125093,59368,65725,3.2775614942482796,0.6395241939996643,0.2398215727498741,1.5188699607492024,0.2398215727498741,0.6395241939996643,3.537259129497372,3.0429821224800304
9.0,2020,2,3,4,11,7,6,0,14,17,125093,59368,65725,2.478156251748699,0.2398215727498741,0.31976209699983216,0.8793457667495383,0.5595836697497062,0.4796431454997482,2.863495485783587,2.1300874857360212
9.0,2020,3,6,7,19,4,4,0,22,18,125093,59368,65725,3.1976209699983213,0.4796431454997482,0.5595836697497062,1.5188699607492024,0.31976209699983216,0.31976209699983216,3.031936396712033,3.3472803347280338
9.0,2020,4,7,2,9,9,6,0,16,17,125093,59368,65725,2.6380373002486146,0.5595836697497062,0.15988104849991608,0.7194647182496223,0.7194647182496223,0.4796431454997482,2.863495485783587,2.434385697984024
9.0,2021,1,4,4,15,6,9,0,18,20,127453,60391,67062,2.9814912163699563,0.3138411806705217,0.3138411806705217,1.1769044275144562,0.4707617710057825,0.7061426565086738,3.311751751088738,2.6840833855238433
9.0,2021,2,8,5,20,6,12,0,19,32,127453,60391,67062,4.001475053549151,0.6276823613410434,0.3923014758381521,1.5692059033526085,0.4707617710057825,0.941523542011565,5.2988028017419815,2.833199129164057
9.0,2021,3,15,3,21,13,15,0,27,40,127453,60391,67062,5.256839776231239,1.1769044275144562,0.23538088550289124,1.6476661985202388,1.0199838371791954,1.1769044275144562,6.623503502177476,4.026125078285766
9.0,2021,4,14,3,25,8,6,0,30,26,127453,60391,67062,4.393776529387304,1.098444132346826,0.23538088550289124,1.9615073791907605,0.6276823613410434,0.4707617710057825,4.30527727641536,4.4734723092064055
9.0,2022,1,4,6,0,8,16,0,5,29,128953,61115,67838,2.636619543554629,0.31019053453583867,0.46528580180375795,0.0,0.6203810690716773,1.2407621381433547,4.745152581199378,0.7370500309561012
9.0,2022,2,10,2,0,2,3,0,6,11,128953,61115,67838,1.3183097717773145,0.7754763363395966,0.15509526726791933,0.0,0.15509526726791933,0.23264290090187897,1.799885461834247,0.8844600371473216
9.0,2022,3,5,2,0,8,4,0,3,16,128953,61115,67838,1.4734050390452333,0.3877381681697983,0.15509526726791933,0.0,0.6203810690716773,0.31019053453583867,2.6180152172134497,0.4422300185736608
9.0,2022,4,10,5,0,17,10,0,7,35,128953,61115,67838,3.2570006126263054,0.7754763363395966,0.3877381681697983,0.0,1.3183097717773145,0.7754763363395966,5.726908287654422,1.031870043338542
9.0,2023,1,0,2,0,12,21,0,4,31,129766,61488,68278,2.6971625849606213,0.0,0.1541235762834641,0.0,0.9247414577007844,1.6182975509763728,5.041634139994796,0.5858402413661794
9.0,2023,2,0,1,0,6,7,0,1,13,129766,61488,68278,1.0788650339842487,0.0,0.07706178814173205,0.0,0.4623707288503922,0.5394325169921244,2.114233671610721,0.14646006034154485
9.0,2023,3,0,6,0,10,9,0,4,21,129766,61488,68278,1.9265447035433012,0.0,0.4623707288503922,0.0,0.7706178814173203,0.6935560932755883,3.4153005464480874,0.5858402413661794
10.0,2015,1,57,0,6,2,0,0,29,36,26931,12379,14552,24.1357543351528,21.165199955441683,0.0,2.227915784783335,0.7426385949277784,0.0,29.081509007189595,19.928532160527762
10.0,2015,2,42,2,2,2,0,0,22,26,26931,12379,14552,17.82332627826668,15.595410493483346,0.7426385949277784,0.7426385949277784,0.7426385949277784,0.0,21.00331206074804,15.118196811434853
10.0,2015,3,29,1,3,0,2,0,20,15,26931,12379,14552,12.996175411236122,10.768259626452785,0.3713192974638892,1.1139578923916675,0.0,0.7426385949277784,12.117295419662332,13.743815283122593
10.0,2015,4,39,1,3,3,0,0,27,19,26931,12379,14552,17.080687683338905,14.481452601091679,0.3713192974638892,1.1139578923916675,1.1139578923916675,0.0,15.348574198238953,18.554150632215503
10.0,2016,1,39,1,4,1,2,0,22,25,28276,12981,15295,16.621870137218846,13.792615645777339,0.3536568114301882,1.4146272457207527,0.3536568114301882,0.7073136228603764,19.258916878514754,14.383785550833604
10.0,2016,2,45,0,9,3,1,0,26,32,28276,12981,15295,20.512095062950912,15.914556514358468,0.0,3.1829113028716933,1.0609704342905646,0.3536568114301882,24.651413604498885,16.999019287348805
10.0,2016,3,75,0,6,2,1,0,38,46,28276,12981,15295,29.707172160135805,26.52426085726411,0.0,2.121940868581129,0.7073136228603764,0.3536568114301882,35.43640705646715,24.84472049689441
10.0,2016,4,68,1,8,2,0,0,40,39,28276,12981,15295,27.938888102984862,24.048663177252795,0.3536568114301882,2.8292544914415054,0.7073136228603764,0.0,30.043910330483016,26.15233736515201
10.0,2017,1,74,2,0,1,1,0,30,48,29655,13597,16058,26.302478502781995,24.953633451357277,0.6744225257123588,0.0,0.3372112628561794,0.3372112628561794,35.30190483194823,18.682276746792876
10.0,2017,2,80,0,1,1,1,0,30,53,29655,13597,16058,27.98853481706289,26.97690102849435,0.0,0.3372112628561794,0.3372112628561794,0.3372112628561794,38.97918658527616,18.682276746792876
10.0,2017,3,119,0,1,5,1,0,57,69,29655,13597,16058,42.48861911987861,40.12814027988535,0.0,0.3372112628561794,1.6860563142808969,0.3372112628561794,50.74648819592557,35.49632581890646
10.0,2017,4,157,0,0,1,1,0,68,91,29655,13597,16058,53.61659079413253,52.94216826842017,0.0,0.0,0.3372112628561794,0.3372112628561794,66.92652791056851,42.346493959397186
10.0,2018,1,182,2,16,8,2,1,100,108,31194,14327,16867,67.32063858434314,58.34455343976406,0.6411489388985061,5.129191511188049,2.5645957555940244,0.6411489388985061,75.38214559921826,59.28736586233474
10.0,2018,2,180,0,6,4,0,0,90,100,31194,14327,16867,60.90914919535808,57.70340450086555,0.0,1.9234468166955183,1.2822978777970122,0.0,69.79828296223913,53.35862927610126
10.0,2018,3,199,0,18,7,2,0,112,114,31194,14327,16867,72.4498300955312,63.79431942040136,0.0,5.770340450086555,2.2440212861447715,0.6411489388985061,79.57004257695262,66.4018497658149
10.0,2018,4,174,12,6,10,0,0,74,128,31194,14327,16867,64.75604282874912,55.779957684170036,3.8468936333910366,1.9234468166955183,3.2057446944925307,0.0,89.34180219166609,43.8726507381277
10.0,2019,1,172,0,2,2,6,0,73,109,32844,15072,17772,55.41346973572037,52.36877359639508,0.0,0.608939227865059,0.608939227865059,1.8268176835951773,72.31953290870489,41.075849651136615
10.0,2019,2,15,0,7,2,1,0,14,11,32844,15072,17772,7.611740348313238,4.567044208987943,0.0,2.131287297527707,0.608939227865059,0.3044696139325295,7.298301486199575,7.8775602070672965
10.0,2019,3,17,1,4,1,2,0,13,12,32844,15072,17772,7.611740348313238,5.175983436853002,0.3044696139325295,1.217878455730118,0.3044696139325295,0.608939227865059,7.961783439490446,7.314877335133918
10.0,2019,4,9,2,2,5,1,0,6,13,32844,15072,17772,5.784922664718061,2.740226525392766,0.608939227865059,0.608939227865059,1.5223480696626477,0.3044696139325295,8.625265392781317,3.37609723160027
10.0,2020,1,11,1,2,1,4,0,7,12,34511,15833,18678,5.505491002868651,3.187389527976587,0.2897626843615079,0.5795253687230159,0.2897626843615079,1.1590507374460317,7.579106928566917,3.747724595781133
10.0,2020,2,2,3,3,0,1,0,4,5,34511,15833,18678,2.6078641592535714,0.5795253687230159,0.8692880530845237,0.8692880530845237,0.0,0.2897626843615079,3.1579612202362153,2.141556911874933
10.0,2020,3,13,0,4,1,1,0,7,12,34511,15833,18678,5.505491002868651,3.766914896699603,0.0,1.1590507374460317,0.2897626843615079,0.2897626843615079,7.579106928566917,3.747724595781133
10.0,2020,4,6,2,3,0,1,0,7,5,34511,15833,18678,3.477152212338095,1.7385761061690475,0.5795253687230159,0.8692880530845237,0.0,0.2897626843615079,3.1579612202362153,3.747724595781133
10.0,2021,1,4,0,2,3,2,0,5,6,36225,16591,19634,3.0365769496204282,1.1042097998619738,0.0,0.5521048999309869,0.8281573498964803,0.5521048999309869,3.6164185401723827,2.5466028318223493
10.0,2021,2,9,0,4,2,1,0,7,9,36225,16591,19634,4.416839199447895,2.4844720496894412,0.0,1.1042097998619738,0.5521048999309869,0.27605244996549344,5.424627810258574,3.565243964551289
10.0,2021,3,8,0,2,2,1,0,5,8,36225,16591,19634,3.588681849551415,2.2084195997239475,0.0,0.5521048999309869,0.5521048999309869,0.27605244996549344,4.82189138689651,2.5466028318223493
10.0,2021,4,8,0,0,3,2,0,8,5,36225,16591,19634,3.588681849551415,2.2084195997239475,0.0,0.0,0.8281573498964803,0.5521048999309869,3.013682116810319,4.074564530915758
10.0,2022,1,4,0,0,2,0,0,3,3,37712,17271,20441,1.591005515485787,1.0606703436571914,0.0,0.0,0.5303351718285957,0.0,1.7370158068438424,1.4676385695416077
10.0,2022,2,5,1,0,5,0,0,2,9,37712,17271,20441,2.916843445057276,1.3258379295714893,0.26516758591429784,0.0,1.3258379295714893,0.0,5.211047420531527,0.9784257130277384
10.0,2022,3,8,0,0,2,1,0,3,8,37712,17271,20441,2.916843445057276,2.1213406873143827,0.0,0.0,0.5303351718285957,0.26516758591429784,4.632042151583579,1.4676385695416077
10.0,2022,4,9,0,0,7,2,0,4,14,37712,17271,20441,4.773016546457361,2.3865082732286806,0.0,0.0,1.8561731014000848,0.5303351718285957,8.106073765271264,1.9568514260554768
10.0,2023,1,0,1,0,2,0,0,0,3,38992,17853,21139,0.7693885925318014,0.0,0.2564628641772671,0.0,0.5129257283545342,0.0,1.6803898504453034,0.0
10.0,2023,2,0,0,0,1,1,0,0,2,38992,17853,21139,0.5129257283545342,0.0,0.0,0.0,0.2564628641772671,0.2564628641772671,1.120259900296869,0.0
10.0,2023,3,0,0,0,2,1,0,3,0,38992,17853,21139,0.7693885925318014,0.0,0.0,0.0,0.5129257283545342,0.2564628641772671,0.0,1.4191778229812195
11.0,2015,1,35,4,8,1,1,0,21,28,68665,32719,35946,7.1360955362994245,5.097211097356732,0.5825384111264836,1.1650768222529673,0.1456346027816209,0.1456346027816209,8.557718756685718,5.842096478050409
11.0,2015,2,61,1,8,0,2,0,33,39,68665,32719,35946,10.485691400276705,8.883710769678876,0.1456346027816209,1.1650768222529673,0.0,0.2912692055632418,11.919679696812251,9.180437322650642
11.0,2015,3,30,6,4,0,2,0,18,24,68665,32719,35946,6.116653316828078,4.369038083448627,0.8738076166897254,0.5825384111264836,0.0,0.2912692055632418,7.335187505730616,5.00751126690035
11.0,2015,4,40,2,6,2,1,0,17,34,68665,32719,35946,7.427364741862666,5.825384111264836,0.2912692055632418,0.8738076166897254,0.2912692055632418,0.1456346027816209,10.391515633118372,4.729316196516997
11.0,2016,1,47,1,11,2,1,0,29,31,68372,32535,35837,9.068039548353127,6.874159012461241,0.14625870239279237,1.608845726320716,0.29251740478558474,0.14625870239279237,9.528200399569695,8.092195217233586
11.0,2016,2,58,5,4,1,2,0,33,37,68372,32535,35837,10.238109167495464,8.483004738781958,0.7312935119639618,0.5850348095711695,0.14625870239279237,0.29251740478558474,11.372368218841247,9.208360074783045
11.0,2016,3,74,2,9,1,3,0,43,46,68372,32535,35837,13.017024512958521,10.823143977066636,0.29251740478558474,1.3163283215351314,0.14625870239279237,0.4387761071783771,14.138619947748577,11.998772218656695
11.0,2016,4,73,2,2,1,1,0,34,45,68372,32535,35837,11.554437489030597,10.676885274673843,0.29251740478558474,0.29251740478558474,0.14625870239279237,0.14625870239279237,13.831258644536653,9.48740128917041
11.0,2017,1,71,1,8,1,2,0,42,41,68115,32377,35738,12.185274902738017,10.423548410775894,0.14681054099684357,1.1744843279747486,0.14681054099684357,0.29362108199368714,12.66331037464867,11.752196541496447
11.0,2017,2,85,4,9,1,0,0,49,50,68115,32377,35738,14.534243558687514,12.478895984731704,0.5872421639873743,1.321294868971592,0.14681054099684357,0.0,15.443061432498379,13.710895965079189
11.0,2017,3,91,5,5,4,0,0,48,57,68115,32377,35738,15.415106804668577,13.359759230712765,0.7340527049842179,0.7340527049842179,0.5872421639873743,0.0,17.60509003304815,13.431081761710224
11.0,2017,4,105,1,2,3,4,0,55,60,68115,32377,35738,16.883212214637012,15.415106804668577,0.14681054099684357,0.29362108199368714,0.44043162299053074,0.5872421639873743,18.531673718998054,15.389781185292964
11.0,2018,1,114,6,26,10,12,0,80,88,68168,32450,35718,24.644994718929702,16.72338927355944,0.880178382818918,3.8141063255486443,1.4669639713648632,1.760356765637836,27.118644067796613,22.397670642253207
11.0,2018,2,106,0,28,17,4,1,78,75,68168,32450,35718,22.737941556155384,15.54981809646755,0.0,4.107499119821617,2.4938387513202676,0.5867855885459453,23.112480739599384,21.837728876196874
11.0,2018,3,144,6,11,8,6,0,92,83,68168,32450,35718,25.67186949888511,21.124281187654034,0.880178382818918,1.6136603685013495,1.1735711770918906,0.880178382818918,25.577812018489983,25.757321238591185
11.0,2018,4,114,4,12,6,6,0,58,84,68168,32450,35718,20.83088839338106,16.72338927355944,0.5867855885459453,1.760356765637836,0.880178382818918,0.880178382818918,25.885978428351308,16.238311215633573
11.0,2019,1,79,0,14,5,8,0,46,60,69583,33095,36488,15.233605909489388,11.353347800468505,0.0,2.0119856861589756,0.7185663164853484,1.1497061063765575,18.129626831847713,12.60688445516334
11.0,2019,2,6,5,20,2,5,0,19,19,69583,33095,36488,5.4611040052886475,0.8622795797824182,0.7185663164853484,2.8742652659413936,0.28742652659413936,0.7185663164853484,5.741048496751775,5.207191405393554
11.0,2019,3,3,2,19,5,11,0,24,16,69583,33095,36488,5.748530531882787,0.4311397898912091,0.28742652659413936,2.7305520026443237,0.7185663164853484,1.5808458962677665,4.83456715515939,6.5775049331287
11.0,2019,4,7,3,15,1,9,0,16,19,69583,33095,36488,5.029964215397439,1.0059928430794878,0.4311397898912091,2.1556989494560455,0.14371326329706968,1.2934193696736271,5.741048496751775,4.385003288752467
11.0,2020,1,6,2,7,5,5,0,15,10,69775,33172,36603,3.582945180938731,0.8599068434252957,0.2866356144750985,1.0032246506628448,0.7165890361877464,0.7165890361877464,3.0145906185939952,4.098024752069502
11.0,2020,2,2,3,7,4,5,0,9,12,69775,33172,36603,3.009673951988535,0.2866356144750985,0.42995342171264783,1.0032246506628448,0.573271228950197,0.7165890361877464,3.617508742312794,2.4588148512417014
11.0,2020,3,3,1,10,4,5,0,14,9,69775,33172,36603,3.2963095664636333,0.42995342171264783,0.14331780723754925,1.4331780723754928,0.573271228950197,0.7165890361877464,2.7131315567345955,3.8248231019315355
11.0,2020,4,11,4,48,3,8,0,43,31,69775,33172,36603,10.605517735578646,1.576495879613042,0.573271228950197,6.879254747402365,0.42995342171264783,1.146542457900394,9.345230917641384,11.747670955932575
11.0,2021,1,10,2,19,3,5,0,17,22,70017,33225,36792,5.570075838724881,1.428224574032021,0.28564491480640414,2.7136266906608393,0.42846737220960623,0.7141122870160105,6.621519939804364,4.620569689062839
11.0,2021,2,9,2,7,3,4,0,7,18,70017,33225,36792,3.570561435080052,1.2854021166288188,0.28564491480640414,0.9997572018224146,0.42846737220960623,0.5712898296128083,5.417607223476298,1.9025875190258752
11.0,2021,3,14,1,11,4,6,0,14,22,70017,33225,36792,5.141608466515275,1.9995144036448291,0.14282245740320207,1.5710470314352227,0.5712898296128083,0.8569347444192125,6.621519939804364,3.8051750380517504
11.0,2021,4,4,1,11,4,0,0,10,10,70017,33225,36792,2.856449148064042,0.5712898296128083,0.14282245740320207,1.5710470314352227,0.5712898296128083,0.0,3.0097817908201656,2.717982170036964
11.0,2022,1,5,2,0,3,2,0,1,11,69776,33099,36677,1.71978903921119,0.7165787663379959,0.28663150653519837,0.0,0.4299472598027975,0.28663150653519837,3.3233632436025253,0.2726504348774436
11.0,2022,2,5,0,0,7,0,0,4,8,69776,33099,36677,1.71978903921119,0.7165787663379959,0.0,0.0,1.0032102728731942,0.0,2.416991449892746,1.0906017395097745
11.0,2022,3,3,2,0,7,7,0,3,16,69776,33099,36677,2.7229993120843843,0.4299472598027975,0.28663150653519837,0.0,1.0032102728731942,1.0032102728731942,4.833982899785492,0.8179513046323308
11.0,2022,4,7,5,0,2,3,0,3,14,69776,33099,36677,2.4363678055491857,1.0032102728731942,0.7165787663379959,0.0,0.28663150653519837,0.4299472598027975,4.229735037312305,0.8179513046323308
11.0,2023,1,0,4,0,2,3,0,2,7,69174,32794,36380,1.3010668748373666,0.0,0.578251944372163,0.0,0.2891259721860815,0.4336889582791222,2.1345368055132035,0.5497526113249038
11.0,2023,2,0,0,0,3,3,0,1,5,69174,32794,36380,0.8673779165582444,0.0,0.0,0.0,0.4336889582791222,0.4336889582791222,1.5246691467951456,0.2748763056624519
11.0,2023,3,0,2,0,4,10,0,1,15,69174,32794,36380,2.313007777488652,0.0,0.2891259721860815,0.0,0.578251944372163,1.4456298609304072,4.5740074403854365,0.2748763056624519
12.0,2015,1,64,0,4,2,3,0,29,44,58543,26971,31572,12.4694668875869,10.932135353500845,0.0,0.6832584595938028,0.3416292297969014,0.5124438446953521,16.31381854584554,9.185354111237805
12.0,2015,2,60,1,6,3,1,0,31,40,58543,26971,31572,12.127837657790002,10.248876893907042,0.1708146148984507,1.0248876893907042,0.5124438446953521,0.1708146148984507,14.830744132586853,9.818826808564552
12.0,2015,3,45,3,2,1,1,0,18,34,58543,26971,31572,8.882359974719437,7.686657670430282,0.5124438446953521,0.3416292297969014,0.1708146148984507,0.1708146148984507,12.606132512698826,5.701254275940707
12.0,2015,4,56,0,4,2,2,0,22,42,58543,26971,31572,10.932135353500845,9.56561843431324,0.0,0.6832584595938028,0.3416292297969014,0.3416292297969014,15.572281339216195,6.968199670594197
12.0,2016,1,77,0,3,4,2,0,35,51,58538,26946,31592,14.691311626635692,13.153848781987769,0.0,0.5124876148826404,0.6833168198435204,0.3416584099217602,18.926742373636163,11.078754114965815
12.0,2016,2,94,0,2,4,1,0,36,65,58538,26946,31592,17.253749701048893,16.05794526632273,0.0,0.3416584099217602,0.6833168198435204,0.1708292049608801,24.12231871149707,11.39528994682198
12.0,2016,3,87,0,3,4,2,0,34,62,58538,26946,31592,16.399603676244492,14.86214083159657,0.0,0.5124876148826404,0.6833168198435204,0.3416584099217602,23.008980924812587,10.762218283109648
12.0,2016,4,95,1,2,4,2,0,48,56,58538,26946,31592,17.766237315931534,16.22877447128361,0.1708292049608801,0.3416584099217602,0.6833168198435204,0.3416584099217602,20.78230535144363,15.193719929095975
12.0,2017,1,102,2,1,7,2,0,34,80,58553,26936,31617,19.469540416374908,17.420115109388078,0.34157088449780537,0.17078544224890269,1.195498095742319,0.34157088449780537,29.700029700029702,10.753708447986844
12.0,2017,2,101,2,6,2,2,0,41,72,58553,26936,31617,19.298754974126005,17.249329667139172,0.34157088449780537,1.0247126534934161,0.34157088449780537,0.34157088449780537,26.73002673002673,12.967707246101781
12.0,2017,3,151,0,2,6,3,0,65,97,58553,26936,31617,27.66724164432224,25.788601779584308,0.0,0.34157088449780537,1.0247126534934161,0.5123563267467081,36.01128601128601,20.55856026821014
12.0,2017,4,200,3,3,5,1,0,100,112,58553,26936,31617,36.20651375676737,34.15708844978054,0.5123563267467081,0.5123563267467081,0.8539272112445135,0.17078544224890269,41.58004158004158,31.62855425878483
12.0,2018,1,239,0,18,2,4,0,116,147,58835,27123,31712,44.70128324976629,40.62207869465455,0.0,3.059403416333815,0.3399337129259794,0.6798674258519588,54.19754451941157,36.57921291624622
12.0,2018,2,260,0,19,14,6,0,134,165,58835,27123,31712,50.82009008243392,44.19138268037733,0.0,3.2293702727968046,2.379535990481856,1.0198011387779382,60.83397854219666,42.25529767911201
12.0,2018,3,211,6,16,24,5,0,122,140,58835,27123,31712,44.53131639330331,35.86300671369083,1.0198011387779382,2.7194697034078352,4.079204555111753,0.8498342823149486,51.61670906610625,38.47124117053482
12.0,2018,4,246,0,15,10,6,0,120,157,58835,27123,31712,47.080819240248154,41.81184668989547,0.0,2.5495028469448457,1.6996685646298972,1.0198011387779382,57.884452309847724,37.84056508577195
12.0,2019,1,166,5,6,13,5,0,80,115,60120,27692,32428,32.43512974051896,27.611443779108452,0.83166999334664,0.998003992015968,2.162341982701264,0.83166999334664,41.52823920265781,24.67003823855927
12.0,2019,2,10,0,15,5,1,0,19,12,60120,27692,32428,5.156353958749168,1.66333998669328,0.0,2.49500998003992,0.83166999334664,0.166333998669328,4.333381482016467,5.859134081657826
12.0,2019,3,12,0,10,1,4,0,18,9,60120,27692,32428,4.491017964071856,1.996007984031936,0.0,1.66333998669328,0.166333998669328,0.665335994677312,3.25003611151235,5.550758603675836
12.0,2019,4,19,2,12,6,2,0,18,23,60120,27692,32428,6.819693945442449,3.160345974717232,0.332667997338656,1.996007984031936,0.998003992015968,0.332667997338656,8.305647840531561,5.550758603675836
12.0,2020,1,6,0,9,3,7,0,11,14,60535,27886,32649,4.129842240026432,0.9911621376063434,0.0,1.4867432064095152,0.4955810688031717,1.1563558272074006,5.020440364340529,3.3691690403993997
12.0,2020,2,6,1,6,2,2,0,9,8,60535,27886,32649,2.808292723217973,0.9911621376063434,0.16519368960105726,0.9911621376063434,0.33038737920211453,0.33038737920211453,2.8688230653374456,2.756592851235873
12.0,2020,3,9,0,4,6,0,0,9,10,60535,27886,32649,3.1386801024200874,1.4867432064095152,0.0,0.6607747584042291,0.9911621376063434,0.0,3.5860288316718067,2.756592851235873
12.0,2020,4,17,1,7,5,3,0,17,16,60535,27886,32649,5.451391756834888,2.808292723217973,0.16519368960105726,1.1563558272074006,0.8259684480052862,0.4955810688031717,5.737646130674891,5.206897607889982
12.0,2021,1,12,0,6,0,1,0,11,8,60994,28059,32935,3.1150604977538774,1.9674066301603437,0.0,0.9837033150801718,0.0,0.16395055251336196,2.851135108164938,3.3399119477759225
12.0,2021,2,5,0,4,5,5,0,5,14,60994,28059,32935,3.1150604977538774,0.8197527625668098,0.0,0.6558022100534479,0.8197527625668098,0.8197527625668098,4.989486439288641,1.5181417944436009
12.0,2021,3,17,2,7,6,3,0,18,17,60994,28059,32935,5.738269337967669,2.7871593927271534,0.3279011050267239,1.1476538675935337,0.9837033150801718,0.4918516575400859,6.058662104850494,5.465310459996964
12.0,2021,4,21,3,4,1,3,0,8,24,60994,28059,32935,5.246417680427583,3.4429616027806014,0.4918516575400859,0.6558022100534479,0.16395055251336196,0.4918516575400859,8.553405324494815,2.4290268711097616
12.0,2022,1,10,0,0,3,5,0,10,8,61040,28090,32950,2.9488859764089126,1.6382699868938402,0.0,0.0,0.49148099606815204,0.8191349934469201,2.8479886080455676,3.0349013657056148
12.0,2022,2,8,0,0,3,1,0,1,11,61040,28090,32950,1.9659239842726082,1.310615989515072,0.0,0.0,0.49148099606815204,0.163826998689384,3.915984336062656,0.30349013657056145
12.0,2022,3,14,0,0,13,2,0,10,19,61040,28090,32950,4.750982961992136,2.293577981651376,0.0,0.0,2.1297509829619923,0.327653997378768,6.7639729441082235,3.0349013657056148
12.0,2022,4,11,0,0,4,1,0,3,13,61040,28090,32950,2.621231979030144,1.802096985583224,0.0,0.0,0.655307994757536,0.163826998689384,4.627981488074048,0.9104704097116844
12.0,2023,1,0,0,0,2,2,0,1,3,60763,27960,32803,0.6582953442061781,0.0,0.0,0.0,0.32914767210308904,0.32914767210308904,1.0729613733905579,0.30485016614334054
12.0,2023,2,0,1,0,6,4,0,2,9,60763,27960,32803,1.8103121965669897,0.0,0.16457383605154452,0.0,0.9874430163092671,0.6582953442061781,3.218884120171674,0.6097003322866811
12.0,2023,3,0,1,0,1,5,0,0,7,60763,27960,32803,1.1520168523608116,0.0,0.16457383605154452,0.0,0.16457383605154452,0.8228691802577227,2.5035765379113015,0.0
13.0,2015,1,152,1,6,2,2,0,65,98,119423,52795,66628,13.648962092729207,12.727866491379382,0.08373596375907488,0.5024157825544493,0.16747192751814977,0.16747192751814977,18.562363860214035,9.755658281803445
13.0,2015,2,117,0,9,4,1,0,47,84,119423,52795,66628,10.96941125243881,9.797107759811762,0.0,0.7536236738316741,0.33494385503629953,0.08373596375907488,15.910597594469174,7.0540913729963375
13.0,2015,3,103,0,11,2,2,0,53,65,119423,52795,66628,9.880843723570838,8.624804267184713,0.0,0.9210956013498238,0.16747192751814977,0.16747192751814977,12.311771948101146,7.95461367593204
13.0,2015,4,115,0,13,2,0,0,62,68,119423,52795,66628,10.885675288679733,9.62963583229361,0.0,1.0885675288679735,0.16747192751814977,0.0,12.880007576475045,9.305397130335594
13.0,2016,1,168,0,15,3,2,0,78,110,120487,53278,67209,15.60334309925552,13.943412982313445,0.0,1.2449475877065577,0.24898951754131152,0.16599301169420766,20.64642066143624,11.605588537249476
13.0,2016,2,157,0,4,1,0,0,77,85,120487,53278,67209,13.445433947230823,13.030451417995303,0.0,0.3319860233884153,0.08299650584710383,0.0,15.95405232929164,11.456798940618071
13.0,2016,3,167,2,6,1,0,0,65,111,120487,53278,67209,14.607385029090276,13.86041647646634,0.16599301169420766,0.49797903508262303,0.08299650584710383,0.0,20.834115394722023,9.67132378104123
13.0,2016,4,164,0,6,5,0,0,73,102,120487,53278,67209,14.524388523243172,13.61142695892503,0.0,0.49797903508262303,0.41498252923551915,0.0,19.14486279514997,10.861640554092457
13.0,2017,1,269,0,3,11,1,0,113,171,121615,53809,67806,23.352382518603793,22.118982033466267,0.0,0.24668009702750482,0.9044936891008509,0.08222669900916828,31.77907041572971,16.665191870925877
13.0,2017,2,239,0,6,5,1,0,99,152,121615,53809,67806,20.638901451301237,19.652181063191218,0.0,0.49336019405500964,0.4111334950458414,0.08222669900916828,28.24806259175974,14.600477833820015
13.0,2017,3,337,0,9,2,3,0,147,204,121615,53809,67806,28.861571352218068,27.71039756608971,0.0,0.7400402910825145,0.16445339801833656,0.24668009702750482,37.91187347841439,21.679497389611537
13.0,2017,4,412,0,5,6,2,0,174,251,121615,53809,67806,34.946347078896515,33.87739999177733,0.0,0.4111334950458414,0.49336019405500964,0.16445339801833656,46.64647177981379,25.66144588974427
13.0,2018,1,468,0,6,10,6,0,233,257,123293,54733,68560,39.74272667548036,37.95835935535675,0.0,0.486645632760984,0.81107605460164,0.486645632760984,46.95521897210093,33.98483080513419
13.0,2018,2,564,1,8,10,4,0,282,305,123293,54733,68560,47.61016440511627,45.7446894795325,0.081107605460164,0.648860843681312,0.81107605460164,0.324430421840656,55.725065317084756,41.1318553092182
13.0,2018,3,539,1,18,14,2,0,268,306,123293,54733,68560,46.55576553413414,43.7169993430284,0.081107605460164,1.4599368982829521,1.135506476442296,0.162215210920328,55.90777044927192,39.08984830805134
13.0,2018,4,619,0,14,12,2,0,284,363,123293,54733,68560,52.476620732726104,50.205607779841515,0.0,1.135506476442296,0.973291265521968,0.162215210920328,66.32196298394022,41.42357059509918
13.0,2019,1,426,1,13,3,8,0,201,250,126708,56234,70474,35.59364838842062,33.62060801212236,0.07892161505193042,1.0259809956750954,0.23676484515579127,0.6313729204154434,44.45709001671587,28.52115673865539
13.0,2019,2,45,0,6,5,0,0,16,40,126708,56234,70474,4.419610442908104,3.5514726773368688,0.0,0.47352969031158254,0.3946080752596521,0.0,7.113134402674539,2.270340834917842
13.0,2019,3,37,0,14,6,2,0,28,31,126708,56234,70474,4.656375288063895,2.9200997569214255,0.0,1.104902610727026,0.47352969031158254,0.15784323010386084,5.512679162072767,3.9730964611062234
13.0,2019,4,42,1,8,3,1,0,27,28,126708,56234,70474,4.340688827856173,3.3147078321810777,0.07892161505193042,0.6313729204154434,0.23676484515579127,0.07892161505193042,4.979194081872177,3.8312001589238585
13.0,2020,1,31,0,4,6,5,0,21,25,128724,57206,71518,3.5735371803237936,2.4082533171747307,0.0,0.3107423635064168,0.4661135452596253,0.388427954383021,4.3701709610879975,2.9363237226991807
13.0,2020,2,19,0,7,4,3,0,14,19,128724,57206,71518,2.5636244989279384,1.4760262266554798,0.0,0.5437991361362294,0.3107423635064168,0.23305677262981264,3.321329930426878,1.9575491484661203
13.0,2020,3,22,2,8,9,3,0,18,26,128724,57206,71518,3.418165998570585,1.7090829992852925,0.1553711817532084,0.6214847270128336,0.699170317889438,0.23305677262981264,4.544977799531518,2.5168489051707263
13.0,2020,4,24,0,5,9,1,0,18,21,128724,57206,71518,3.0297380441875643,1.8644541810385011,0.0,0.388427954383021,0.699170317889438,0.0776855908766042,3.670943607313918,2.5168489051707263
13.0,2021,1,28,0,5,2,2,0,17,20,130855,58135,72720,2.827557219823469,2.1397730312177603,0.0,0.3821023270031715,0.1528409308012686,0.1528409308012686,3.4402683409305927,2.337733773377338
13.0,2021,2,23,0,10,5,3,0,16,25,130855,58135,72720,3.1332390814260056,1.7576707042145887,0.0,0.764204654006343,0.3821023270031715,0.22926139620190286,4.300335426163241,2.2002200220022003
13.0,2021,3,26,0,20,12,6,0,35,29,130855,58135,72720,4.890909785640595,1.9869321004164915,0.0,1.528409308012686,0.9170455848076114,0.4585227924038057,4.988389094349359,4.812981298129813
13.0,2021,4,26,0,11,13,4,2,18,34,130855,58135,72720,4.126705131634252,1.9869321004164915,0.0,0.8406251194069772,0.9934660502082457,0.3056818616025372,5.848456179582008,2.4752475247524752
13.0,2022,1,27,0,0,10,2,0,11,28,132098,58771,73327,2.9523535556935006,2.043937077018577,0.0,0.0,0.7570137322291026,0.15140274644582052,4.76425447924997,1.5001295566435284
13.0,2022,2,16,0,0,6,1,0,12,11,132098,58771,73327,1.741131584126936,1.2112219715665642,0.0,0.0,0.4542082393374616,0.07570137322291026,1.8716714025624883,1.636504970883849
13.0,2022,3,16,0,0,5,4,0,6,19,132098,58771,73327,1.8925343305727564,1.2112219715665642,0.0,0.0,0.3785068661145513,0.30280549289164105,3.2328869680624797,0.8182524854419245
13.0,2022,4,31,1,0,5,4,0,13,28,132098,58771,73327,3.103756302139321,2.346742569910218,0.07570137322291026,0.0,0.3785068661145513,0.30280549289164105,4.76425447924997,1.7728803851241697
13.0,2023,1,0,0,0,3,2,0,0,5,132653,59075,73578,0.37692325088765427,0.0,0.0,0.0,0.22615395053259257,0.1507693003550617,0.8463817181548878,0.0
13.0,2023,2,1,0,0,6,2,0,1,8,132653,59075,73578,0.6784618515977777,0.07538465017753085,0.0,0.0,0.45230790106518515,0.1507693003550617,1.3542107490478206,0.13591019054608716
13.0,2023,3,0,1,0,8,2,0,4,7,132653,59075,73578,0.8292311519528394,0.0,0.07538465017753085,0.0,0.6030772014202468,0.1507693003550617,1.184934405416843,0.5436407621843486
14.0,2015,1,87,0,2,1,4,0,28,66,39067,18187,20880,24.06122814651752,22.269434561138556,0.0,0.5119410243939898,0.2559705121969949,1.0238820487879796,36.28965744762743,13.409961685823754
14.0,2015,2,61,2,8,0,0,0,33,38,39067,18187,20880,18.17390636598664,15.614201244016689,0.5119410243939898,2.0477640975759592,0.0,0.0,20.89404519711882,15.804597701149426
14.0,2015,3,51,0,0,0,3,0,23,31,39067,18187,20880,13.822407658637724,13.054496122046741,0.0,0.0,0.0,0.7679115365909847,17.04514213449167,11.015325670498084
14.0,2015,4,53,0,5,1,3,0,27,35,39067,18187,20880,15.870171756213685,13.566437146440729,0.0,1.2798525609849745,0.2559705121969949,0.7679115365909847,19.244515313135757,12.931034482758621
14.0,2016,1,74,0,0,0,2,0,31,45,39260,18344,20916,19.35812531839022,18.848700967906264,0.0,0.0,0.0,0.5094243504839532,24.531181857828173,14.8211895199847
14.0,2016,2,76,0,9,0,1,0,31,55,39260,18344,20916,21.905247070809985,19.35812531839022,0.0,2.2924095771777893,0.0,0.2547121752419766,29.982555604012212,14.8211895199847
14.0,2016,3,84,0,4,3,1,0,42,50,39260,18344,20916,23.433520122261843,21.39582272032603,0.0,1.0188487009679064,0.7641365257259297,0.2547121752419766,27.25686873092019,20.08032128514056
14.0,2016,4,80,0,9,0,1,0,38,52,39260,18344,20916,22.924095771777893,20.376974019358126,0.0,2.2924095771777893,0.0,0.2547121752419766,28.347143480156998,18.167909734174795
14.0,2017,1,153,0,5,3,2,0,79,84,39473,18517,20956,41.29404909685101,38.76067185164543,0.0,1.2666886226027918,0.760013173561675,0.5066754490411167,45.363719825025655,37.698033975949606
14.0,2017,2,133,0,3,4,3,0,64,79,39473,18517,20956,36.22729460643985,33.69391736123426,0.0,0.760013173561675,1.0133508980822334,0.760013173561675,42.663498406869365,30.54017942355411
14.0,2017,3,167,1,4,4,2,0,81,97,39473,18517,20956,45.09411496465939,42.30739999493325,0.25333772452055836,1.0133508980822334,1.0133508980822334,0.5066754490411167,52.384295512232,38.65241458293567
14.0,2017,4,237,0,3,1,2,0,117,126,39473,18517,20956,61.56106705849568,60.04104071137233,0.0,0.760013173561675,0.25333772452055836,0.5066754490411167,68.04557973753847,55.83126550868486
14.0,2018,1,279,2,5,5,0,0,135,156,39868,18825,21043,72.9908698705729,69.98093709240494,0.5016554630279924,1.254138657569981,1.254138657569981,0.0,82.86852589641434,64.15435061540656
14.0,2018,2,229,0,6,4,0,0,111,128,39868,18825,21043,59.94782783184509,57.439550516705125,0.0,1.5049663890839773,1.0033109260559847,0.0,67.99468791500664,52.74913272822316
14.0,2018,3,294,0,8,0,2,0,142,162,39868,18825,21043,76.25163038025484,73.74335306511489,0.0,2.0066218521119694,0.0,0.5016554630279924,86.05577689243029,67.48087249916837
14.0,2018,4,267,2,18,4,10,0,144,157,39868,18825,21043,75.49914718571286,66.97100431423698,0.5016554630279924,4.514899167251931,1.0033109260559847,2.508277315139962,83.39973439575033,68.43130732310031
14.0,2019,1,204,0,5,2,2,0,104,109,40865,19334,21531,52.12284350911538,49.92046983971614,0.0,1.223540927444023,0.4894163709776092,0.4894163709776092,56.37736629771387,48.30244763364451
14.0,2019,2,17,0,5,0,2,0,12,12,40865,19334,21531,5.872996451731311,4.160039153309678,0.0,1.223540927444023,0.0,0.4894163709776092,6.206682528188683,5.573359342343598
14.0,2019,3,18,0,4,3,2,0,13,14,40865,19334,21531,6.607121008197724,4.404747338798483,0.0,0.9788327419552184,0.7341245564664138,0.4894163709776092,7.24112961622013,6.037805954205564
14.0,2019,4,13,0,2,2,2,0,8,11,40865,19334,21531,4.649455524287288,3.18120641135446,0.0,0.4894163709776092,0.4894163709776092,0.4894163709776092,5.689458984172959,3.7155728948957316
14.0,2020,1,16,0,8,1,6,0,16,15,41354,19655,21699,7.496251874062969,3.8690332253228226,0.0,1.9345166126614113,0.2418145765826764,1.4508874594960586,7.631645891630629,7.373611687174524
14.0,2020,2,8,0,3,0,2,0,8,5,41354,19655,21699,3.1435894955747936,1.9345166126614113,0.0,0.7254437297480293,0.0,0.4836291531653528,2.543881963876876,3.686805843587262
14.0,2020,3,11,0,2,4,4,0,12,9,41354,19655,21699,5.078106108236205,2.6599603424094407,0.0,0.4836291531653528,0.9672583063307056,0.9672583063307056,4.578987534978377,5.530208765380893
14.0,2020,4,11,0,4,2,5,0,7,15,41354,19655,21699,5.319920684818881,2.6599603424094407,0.0,0.9672583063307056,0.4836291531653528,1.209072882913382,7.631645891630629,3.2259551131388546
14.0,2021,1,6,0,2,1,0,0,2,7,41886,19970,21916,2.1486892995272884,1.4324595330181922,0.0,0.4774865110060641,0.23874325550303205,0.0,3.505257886830245,0.9125752874612155
14.0,2021,2,12,1,3,4,0,0,7,13,41886,19970,21916,4.774865110060641,2.8649190660363844,0.23874325550303205,0.7162297665090961,0.9549730220121282,0.0,6.5097646469704555,3.1940135061142545
14.0,2021,3,19,0,10,5,3,0,21,16,41886,19970,21916,8.833500453612185,4.536121854557609,0.0,2.3874325550303204,1.1937162775151602,0.7162297665090961,8.012018027040561,9.582040518342763
14.0,2021,4,11,1,2,4,4,0,6,16,41886,19970,21916,5.252351621066705,2.6261758105333524,0.23874325550303205,0.4774865110060641,0.9549730220121282,0.9549730220121282,8.012018027040561,2.737725862383647
14.0,2022,1,11,0,0,1,2,0,5,9,42132,20181,21951,3.322889964872306,2.610842115256812,0.0,0.0,0.23734928320516474,0.4746985664103295,4.4596402556860415,2.277800555783336
14.0,2022,2,9,0,0,4,0,0,5,8,42132,20181,21951,3.0855406816671413,2.1361435488464826,0.0,0.0,0.949397132820659,0.0,3.964124671720926,2.277800555783336
14.0,2022,3,13,0,0,2,2,0,3,14,42132,20181,21951,4.0349378144878,3.0855406816671413,0.0,0.0,0.4746985664103295,0.4746985664103295,6.93721817551162,1.3666803334700013
14.0,2022,4,45,0,0,6,2,0,23,30,42132,20181,21951,12.57951200987373,10.680717744232414,0.0,0.0,1.4240956992309883,0.4746985664103295,14.865467518953471,10.477882556603342
14.0,2023,1,0,0,0,1,1,0,1,1,42154,20277,21877,0.4744508231721782,0.0,0.0,0.0,0.2372254115860891,0.2372254115860891,0.4931696010257927,0.45710106504548154
14.0,2023,2,0,0,0,1,0,0,0,1,42154,20277,21877,0.2372254115860891,0.0,0.0,0.0,0.2372254115860891,0.0,0.4931696010257927,0.0
14.0,2023,3,0,0,0,1,1,0,0,2,42154,20277,21877,0.4744508231721782,0.0,0.0,0.0,0.2372254115860891,0.2372254115860891,0.9863392020515854,0.0
15.0,2015,1,41,0,3,0,0,0,15,29,24875,11083,13792,17.688442211055275,16.482412060301506,0.0,1.2060301507537687,0.0,0.0,26.166200487232697,10.875870069605568
15.0,2015,2,50,0,0,0,1,0,25,26,24875,11083,13792,20.50251256281407,20.100502512562816,0.0,0.0,0.0,0.4020100502512563,23.459352160967246,18.12645011600928
15.0,2015,3,21,0,2,2,0,0,15,10,24875,11083,13792,10.050251256281408,8.442211055276381,0.0,0.8040201005025126,0.8040201005025126,0.0,9.022827754218172,10.875870069605568
15.0,2015,4,30,0,3,0,0,0,10,23,24875,11083,13792,13.266331658291458,12.06030150753769,0.0,1.2060301507537687,0.0,0.0,20.752503834701795,7.250580046403712
15.0,2016,1,41,1,3,0,0,0,16,29,24687,11016,13671,18.228217280349984,16.607931299874426,0.4050714951188885,1.2152144853566653,0.0,0.0,26.32534495279593,11.703606173652256
15.0,2016,2,36,0,1,0,1,0,17,21,24687,11016,13671,15.392716814517764,14.582573824279985,0.0,0.4050714951188885,0.0,0.4050714951188885,19.06318082788671,12.435081559505523
15.0,2016,3,51,0,0,0,0,0,23,28,24687,11016,13671,20.658646251063313,20.658646251063313,0.0,0.0,0.0,0.0,25.417574437182278,16.82393387462512
15.0,2016,4,37,0,0,1,0,0,11,27,24687,11016,13671,15.392716814517764,14.987645319398874,0.0,0.0,0.4050714951188885,0.0,24.509803921568626,8.046229244385927
15.0,2017,1,54,0,1,1,0,0,28,28,24508,10957,13551,22.84968173657581,22.033621674555246,0.0,0.4080300310102824,0.4080300310102824,0.0,25.55444008396459,20.662681720906203
15.0,2017,2,58,0,0,0,0,0,23,35,24508,10957,13551,23.66574179859638,23.66574179859638,0.0,0.0,0.0,0.0,31.943050104955738,16.972917127887243
15.0,2017,3,116,0,0,3,0,0,47,72,24508,10957,13551,48.5555736902236,47.33148359719276,0.0,0.0,1.224090093030847,0.0,65.71141735876608,34.683787174378274
15.0,2017,4,143,0,1,1,0,0,62,83,24508,10957,13551,59.164354496490944,58.348294434470375,0.0,0.4080300310102824,0.4080300310102824,0.0,75.75066167746645,45.75308095343517
15.0,2018,1,155,0,0,2,2,0,79,80,24440,10977,13463,65.05728314238952,63.42062193126023,0.0,0.0,0.8183306055646482,0.8183306055646482,72.87965746560991,58.67934338557529
15.0,2018,2,182,2,6,2,0,0,96,96,24440,10977,13463,78.55973813420621,74.46808510638299,0.8183306055646482,2.454991816693944,0.8183306055646482,0.0,87.45558895873188,71.30654386095223
15.0,2018,3,162,0,7,6,2,0,86,91,24440,10977,13463,72.42225859247135,66.28477905073649,0.0,2.864157119476268,2.454991816693944,0.8183306055646482,82.90061036713126,63.87877887543639
15.0,2018,4,141,0,4,2,0,0,74,73,24440,10977,13463,60.14729950900164,57.69230769230769,0.0,1.6366612111292964,0.8183306055646482,0.0,66.50268743736905,54.965460892817354
15.0,2019,1,100,0,1,4,0,0,51,54,24929,11192,13737,42.11961972000481,40.11392354286173,0.0,0.4011392354286173,1.6045569417144692,0.0,48.24874910650465,37.12601004586154
15.0,2019,2,14,0,1,0,0,0,10,5,24929,11192,13737,6.017088531429259,5.615949296000641,0.0,0.4011392354286173,0.0,0.0,4.4674767691208,7.279609812914027
15.0,2019,3,11,0,7,1,1,0,15,5,24929,11192,13737,8.022784708572345,4.41253158971479,0.0,2.8079746480003207,0.4011392354286173,0.4011392354286173,4.4674767691208,10.91941471937104
15.0,2019,4,11,0,3,0,0,0,8,6,24929,11192,13737,5.615949296000641,4.41253158971479,0.0,1.203417706285852,0.0,0.0,5.36097212294496,5.823687850331223
15.0,2020,1,5,1,2,2,0,0,4,6,24915,11215,13700,4.013646397752358,2.006823198876179,0.4013646397752358,0.8027292795504716,0.8027292795504716,0.0,5.349977708426215,2.9197080291970807
15.0,2020,2,3,0,0,1,0,0,2,2,24915,11215,13700,1.6054585591009431,1.2040939193257074,0.0,0.0,0.4013646397752358,0.0,1.7833259028087383,1.4598540145985404
15.0,2020,3,5,0,3,1,3,0,7,5,24915,11215,13700,4.81637567730283,2.006823198876179,0.0,1.2040939193257074,0.4013646397752358,1.2040939193257074,4.458314757021846,5.109489051094891
15.0,2020,4,7,0,0,1,0,0,3,5,24915,11215,13700,3.2109171182018863,2.809552478426651,0.0,0.0,0.4013646397752358,0.0,4.458314757021846,2.18978102189781
15.0,2021,1,5,0,3,2,0,0,4,6,24914,11228,13686,4.013807497792406,2.006903748896203,0.0,1.2041422493377216,0.8027614995584812,0.0,5.3437833986462415,2.922694724536022
15.0,2021,2,4,1,2,0,1,0,4,4,24914,11228,13686,3.211045998233925,1.6055229991169624,0.4013807497792406,0.8027614995584812,0.0,0.4013807497792406,3.562522265764161,2.922694724536022
15.0,2021,3,7,0,1,0,2,0,2,8,24914,11228,13686,4.013807497792406,2.8096652484546842,0.0,0.4013807497792406,0.0,0.8027614995584812,7.125044531528322,1.461347362268011
15.0,2021,4,9,0,3,3,2,0,6,11,24914,11228,13686,6.82347274624709,3.612426748013165,0.0,1.2041422493377216,1.2041422493377216,0.8027614995584812,9.796936230851443,4.384042086804033
15.0,2022,1,1,1,0,0,0,0,0,2,24743,11179,13564,0.8083094208463001,0.40415471042315004,0.40415471042315004,0.0,0.0,0.0,1.789068789694964,0.0
15.0,2022,2,5,0,0,3,0,0,1,7,24743,11179,13564,3.2332376833852003,2.02077355211575,0.0,0.0,1.21246413126945,0.0,6.261740763932373,0.7372456502506636
15.0,2022,3,5,0,0,1,0,0,3,3,24743,11179,13564,2.4249282625389,2.02077355211575,0.0,0.0,0.40415471042315004,0.0,2.6836031845424455,2.2117369507519906
15.0,2022,4,4,0,0,0,0,0,2,2,24743,11179,13564,1.6166188416926002,1.6166188416926002,0.0,0.0,0.0,0.0,1.789068789694964,1.4744913005013272
16.0,2015,1,134,1,8,2,3,0,60,87,65473,29173,36300,22.604737830861577,20.466451819834127,0.15273471507338904,1.2218777205871123,0.3054694301467781,0.45820414522016706,29.82209577348919,16.52892561983471
16.0,2015,2,111,2,12,0,3,0,62,66,65473,29173,36300,19.550043529393797,16.953553373146182,0.3054694301467781,1.8328165808806682,0.0,0.45820414522016706,22.623658862646966,17.079889807162534
16.0,2015,3,102,0,10,3,3,0,58,60,65473,29173,36300,18.022696378659905,15.578940937485681,0.0,1.5273471507338903,0.45820414522016706,0.45820414522016706,20.566962602406335,15.977961432506888
16.0,2015,4,130,0,4,2,2,0,62,76,65473,29173,36300,21.077390680127685,19.855512959540576,0.0,0.6109388602935562,0.3054694301467781,0.3054694301467781,26.051485963048023,17.079889807162534
16.0,2016,1,173,0,6,2,6,0,73,114,66113,29506,36607,28.2849061455387,26.167319589188207,0.0,0.9075370955787818,0.3025123651929273,0.9075370955787818,38.63620958449129,19.941541235282873
16.0,2016,2,136,1,5,1,4,0,63,84,66113,29506,36607,22.23465884168015,20.570840833119053,0.15125618259646365,0.7562809129823183,0.15125618259646365,0.6050247303858546,28.46878600962516,17.20982325784686
16.0,2016,3,196,1,1,1,3,0,84,118,66113,29506,36607,30.553748884485653,29.64621178890687,0.15125618259646365,0.15125618259646365,0.15125618259646365,0.4537685477893909,39.99186606114011,22.94643101046248
16.0,2016,4,183,0,8,0,3,0,83,111,66113,29506,36607,29.343699423713947,27.679881415152845,0.0,1.2100494607717092,0.0,0.4537685477893909,37.61946722700468,22.67325921271888
16.0,2017,1,240,1,3,3,5,0,123,129,66787,29864,36923,37.731893931453726,35.93513707757498,0.14972973782322907,0.4491892134696872,0.4491892134696872,0.7486486891161455,43.19582105545138,33.31256940118625
16.0,2017,2,253,1,4,4,4,0,109,157,66787,29864,36923,39.82811026097893,37.881623669276955,0.14972973782322907,0.5989189512929163,0.5989189512929163,0.5989189512929163,52.57165818376641,29.520894835197574
16.0,2017,3,433,0,5,3,7,0,201,247,66787,29864,36923,67.07892254480662,64.83297647745819,0.0,0.7486486891161455,0.4491892134696872,1.0481081647626034,82.70827752477899,54.437613411694606
16.0,2017,4,592,0,0,5,5,0,278,324,66787,29864,36923,90.1373021695839,88.6400047913516,0.0,0.0,0.7486486891161455,0.7486486891161455,108.49182962764532,75.29182352463235
16.0,2018,1,605,0,14,5,4,0,290,338,67760,30437,37323,92.68004722550178,89.28571428571428,0.0,2.0661157024793386,0.7378984651711924,0.5903187721369539,111.0490521404869,77.7000777000777
16.0,2018,2,651,4,4,6,2,0,327,340,67760,30437,37323,98.43565525383707,96.07438016528926,0.5903187721369539,0.5903187721369539,0.885478158205431,0.29515938606847697,111.70614712356671,87.61353588939795
16.0,2018,3,648,0,12,2,4,1,305,359,67760,30437,37323,98.28807556080282,95.63164108618655,0.0,1.770956316410862,0.29515938606847697,0.5903187721369539,117.94854946282486,81.71904723628862
16.0,2018,4,654,0,0,6,4,0,302,362,67760,30437,37323,97.99291617473435,96.51711924439198,0.0,0.0,0.885478158205431,0.5903187721369539,118.93419193744455,80.91525332904644
16.0,2019,1,489,1,11,3,0,1,231,271,69695,31338,38357,72.31508716550685,70.1628524284382,0.1434823158045771,1.578305473850348,0.43044694741373124,0.0,86.47648222605143,60.22368798394035
16.0,2019,2,41,1,3,2,3,0,19,31,69695,31338,38357,7.174115790228854,5.882774947987661,0.1434823158045771,0.43044694741373124,0.2869646316091542,0.43044694741373124,9.892143723275257,4.953463513830592
16.0,2019,3,41,0,8,0,5,0,22,32,69695,31338,38357,7.748045053447163,5.882774947987661,0.0,1.1478585264366168,0.0,0.7174115790228853,10.21124513370349,5.735589331803842
16.0,2019,4,50,0,3,4,3,0,33,27,69695,31338,38357,8.608938948274625,7.174115790228854,0.0,0.43044694741373124,0.5739292632183084,0.43044694741373124,8.61573808156232,8.603383997705764
16.0,2020,1,37,4,5,3,5,1,21,32,70850,31933,38917,7.621736062103034,5.222300635144672,0.5645730416372619,0.7057163020465773,0.42342978122794633,0.7057163020465773,10.020981429868787,5.39609939101164
16.0,2020,2,11,0,3,1,2,0,4,13,70850,31933,38917,2.399435426958363,1.5525758645024699,0.0,0.42342978122794633,0.14114326040931546,0.2822865208186309,4.071023705884195,1.0278284554307886
16.0,2020,3,14,1,4,4,3,0,10,16,70850,31933,38917,3.669724770642202,1.9760056457304165,0.14114326040931546,0.5645730416372619,0.5645730416372619,0.42342978122794633,5.010490714934393,2.5695711385769715
16.0,2020,4,28,2,3,2,0,0,13,22,70850,31933,38917,4.940014114326042,3.952011291460833,0.2822865208186309,0.42342978122794633,0.2822865208186309,0.0,6.889424733034792,3.3404424801500627
16.0,2021,1,24,0,7,4,4,0,21,18,72077,32511,39566,5.410880031077875,3.329772326817154,0.0,0.9711835953216699,0.5549620544695256,0.5549620544695256,5.536587616499031,5.307587322448566
16.0,2021,2,34,2,5,3,3,0,21,26,72077,32511,39566,6.520804140016926,4.717177462990968,0.2774810272347628,0.6937025680869071,0.41622154085214425,0.41622154085214425,7.997293223831933,5.307587322448566
16.0,2021,3,25,1,4,6,4,0,14,26,72077,32511,39566,5.549620544695257,3.4685128404345353,0.1387405136173814,0.5549620544695256,0.8324430817042885,0.5549620544695256,7.997293223831933,3.5383915482990447
16.0,2021,4,24,0,3,7,1,0,18,17,72077,32511,39566,4.85591797660835,3.329772326817154,0.0,0.41622154085214425,0.9711835953216699,0.1387405136173814,5.228999415582418,4.549360562098772
16.0,2022,1,20,0,0,3,2,0,9,16,72809,32920,39889,3.4336414454257027,2.7469131563405624,0.0,0.0,0.41203697345108437,0.27469131563405624,4.860267314702309,2.256261124620823
16.0,2022,2,17,0,0,1,1,0,9,10,72809,32920,39889,2.609567498523534,2.3348761828894777,0.0,0.0,0.13734565781702812,0.13734565781702812,3.0376670716889427,2.256261124620823
16.0,2022,3,17,0,0,3,1,0,8,13,72809,32920,39889,2.8842588141575902,2.3348761828894777,0.0,0.0,0.41203697345108437,0.13734565781702812,3.948967193195626,2.0055654441073982
16.0,2022,4,20,0,0,5,3,0,8,20,72809,32920,39889,3.845678418876787,2.7469131563405624,0.0,0.0,0.6867282890851406,0.41203697345108437,6.075334143377885,2.0055654441073982
16.0,2023,1,0,2,0,6,2,0,1,9,73163,33143,40020,1.366811093038831,0.0,0.2733622186077662,0.0,0.8200866558232986,0.2733622186077662,2.715505536614066,0.24987506246876562
16.0,2023,2,0,1,0,2,2,0,1,4,73163,33143,40020,0.6834055465194155,0.0,0.1366811093038831,0.0,0.2733622186077662,0.2733622186077662,1.2068913496062517,0.24987506246876562
16.0,2023,3,0,0,0,3,1,1,0,3,73163,33143,40020,0.5467244372155324,0.0,0.0,0.0,0.4100433279116493,0.1366811093038831,0.9051685122046887,0.0
17.0,2015,1,74,1,3,5,1,0,36,48,47809,22292,25517,17.569913614591396,15.478257231901942,0.20916563826894516,0.6274969148068354,1.045828191344726,0.20916563826894516,21.53238830073569,14.10824156444723
17.0,2015,2,47,0,1,3,0,0,13,38,47809,22292,25517,10.667447551716204,9.830784998640423,0.0,0.20916563826894516,0.6274969148068354,0.0,17.046474071415755,5.094642787161501
17.0,2015,3,42,0,4,4,0,0,24,26,47809,22292,25517,10.458281913447259,8.784956807295698,0.0,0.8366625530757806,0.8366625530757806,0.0,11.66337699623183,9.405494376298154
17.0,2015,4,45,0,5,2,1,0,29,24,47809,22292,25517,11.085778828254094,9.412453722102534,0.0,1.045828191344726,0.4183312765378903,0.20916563826894516,10.766194150367845,11.364972371360269
17.0,2016,1,63,0,4,4,0,0,28,43,47566,22136,25430,14.92662826388597,13.24475465668755,0.0,0.8409368035992096,0.8409368035992096,0.0,19.425370437296714,11.010617381046009
17.0,2016,2,53,1,1,5,0,0,24,36,47566,22136,25430,12.614052053988143,11.142412647689525,0.2102342008998024,0.2102342008998024,1.051171004499012,0.0,16.263100831225152,9.43767204089658
17.0,2016,3,49,0,1,4,0,0,22,32,47566,22136,25430,11.352646848589329,10.301475844090318,0.0,0.2102342008998024,0.8409368035992096,0.0,14.456089627755693,8.651199370821864
17.0,2016,4,52,2,2,3,0,0,30,29,47566,22136,25430,12.403817853088341,10.932178446789724,0.4204684017996048,0.4204684017996048,0.630702602699407,0.0,13.100831225153597,11.797090051120724
17.0,2017,1,98,1,2,0,0,0,50,51,47320,21979,25341,21.344040574809803,20.710059171597635,0.21132713440405748,0.42265426880811496,0.0,0.0,23.203967423449654,19.730870920642438
17.0,2017,2,105,2,3,5,1,0,50,66,47320,21979,25341,24.513947590870664,22.189349112426036,0.42265426880811496,0.6339814032121724,1.0566356720202874,0.21132713440405748,30.02866372446426,19.730870920642438
17.0,2017,3,120,0,5,4,2,0,67,64,47320,21979,25341,27.68385460693153,25.359256128486898,0.0,1.0566356720202874,0.8453085376162299,0.42265426880811496,29.118704217662312,26.439367033660865
17.0,2017,4,168,0,1,3,0,0,82,90,47320,21979,25341,36.34826711749789,35.50295857988166,0.0,0.21132713440405748,0.6339814032121724,0.0,40.94817780608763,32.3586283098536
17.0,2018,1,218,0,14,10,1,0,102,141,47245,21911,25334,51.43401418139485,46.14244893639538,0.0,2.963276537199704,2.1166260979997884,0.21166260979997883,64.35123910364656,40.26209836583248
17.0,2018,2,229,2,12,6,8,0,118,139,47245,21911,25334,54.39729071859456,48.47073764419515,0.42332521959995767,2.539951317599746,1.269975658799873,1.6933008783998307,63.43845557026152,46.57772163890424
17.0,2018,3,173,0,8,6,2,0,83,106,47245,21911,25334,40.004233252196,36.61763149539634,0.0,1.6933008783998307,1.269975658799873,0.42332521959995767,48.37752726940806,32.76229572905976
17.0,2018,4,205,2,4,6,0,0,89,128,47245,21911,25334,45.93078632659541,43.390835008995666,0.42332521959995767,0.8466504391999153,1.269975658799873,0.0,58.41814613664369,35.13065445646167
17.0,2019,1,175,0,15,8,5,0,89,114,49227,22838,26389,41.23753224856278,35.549596766002395,0.0,3.047108294228777,1.6251244235886808,1.0157027647429255,49.91680532445923,33.72617378453143
17.0,2019,2,16,1,2,7,2,0,4,24,49227,22838,26389,5.687935482560384,3.2502488471773616,0.2031405529485851,0.4062811058971702,1.421983870640096,0.4062811058971702,10.508801120938786,1.5157830914396149
17.0,2019,3,19,3,3,8,4,0,15,22,49227,22838,26389,7.516200459097649,3.8596705060231176,0.6094216588457554,0.6094216588457554,1.6251244235886808,0.8125622117943404,9.633067694193887,5.6841865928985555
17.0,2019,4,14,0,7,3,1,0,12,13,49227,22838,26389,5.078513823714629,2.843967741280192,0.0,1.421983870640096,0.6094216588457554,0.2031405529485851,5.692267273841843,4.547349274318845
17.0,2020,1,11,0,8,5,6,0,14,16,48738,22678,26060,6.155361319709467,2.2569658172268046,0.0,1.6414296852558579,1.0258935532849112,1.2310722639418936,7.05529588147103,5.372217958557175
17.0,2020,2,1,1,4,4,3,0,5,8,48738,22678,26060,2.667323238540769,0.20517871065698223,0.20517871065698223,0.8207148426279289,0.8207148426279289,0.6155361319709468,3.527647940735515,1.918649270913277
17.0,2020,3,6,0,2,8,3,0,7,12,48738,22678,26060,3.8983955024826624,1.2310722639418936,0.0,0.41035742131396447,1.6414296852558579,0.6155361319709468,5.291471911103272,2.6861089792785875
17.0,2020,4,16,2,7,6,1,0,15,17,48738,22678,26060,6.5657187410234314,3.2828593705117157,0.41035742131396447,1.4362509745988756,1.2310722639418936,0.20517871065698223,7.496251874062969,5.755947812739831
17.0,2021,1,5,0,6,3,1,0,5,10,48272,22557,25715,3.107391448458734,1.0357971494862446,0.0,1.2429565793834936,0.6214782896917468,0.20715942989724892,4.433213636565146,1.9443904335990667
17.0,2021,2,9,3,4,6,5,0,6,21,48272,22557,25715,5.593304607225721,1.8644348690752404,0.6214782896917468,0.8286377195889957,1.2429565793834936,1.0357971494862446,9.309748636786807,2.33326852031888
17.0,2021,3,15,0,4,4,3,0,14,12,48272,22557,25715,5.386145177328473,3.107391448458734,0.0,0.8286377195889957,0.8286377195889957,0.6214782896917468,5.319856363878175,5.444293214077387
17.0,2021,4,8,0,3,7,5,0,7,16,48272,22557,25715,4.764666887636725,1.6572754391779914,0.0,0.6214782896917468,1.4501160092807424,1.0357971494862446,7.093141818504233,2.7221466070386935
17.0,2022,1,14,0,0,4,3,0,7,14,47421,22285,25136,4.4284177895868915,2.9522785263912614,0.0,0.0,0.8435081503975033,0.6326311127981273,6.282252636302445,2.7848504137492043
17.0,2022,2,11,2,0,14,1,0,9,19,47421,22285,25136,5.904557052782523,2.3196474135931338,0.42175407519875163,0.0,2.9522785263912614,0.21087703759937582,8.525914292124748,3.5805219605346914
17.0,2022,3,9,0,0,8,1,0,6,12,47421,22285,25136,3.7957866767887642,1.8978933383943821,0.0,0.0,1.6870163007950065,0.21087703759937582,5.384787973973524,2.387014640356461
17.0,2022,4,9,0,0,8,1,0,5,13,47421,22285,25136,3.7957866767887642,1.8978933383943821,0.0,0.0,1.6870163007950065,0.21087703759937582,5.833520305137985,1.9891788669637174
17.0,2023,1,0,0,0,8,3,0,2,9,46343,21850,24493,2.373605506764776,0.0,0.0,0.0,1.7262585503743824,0.6473469563903934,4.118993135011442,0.8165598334217941
17.0,2023,2,0,1,0,4,4,0,3,6,46343,21850,24493,1.9420408691711801,0.0,0.2157823187967978,0.0,0.8631292751871912,0.8631292751871912,2.745995423340961,1.2248397501326909
17.0,2023,3,0,0,0,9,3,0,1,11,46343,21850,24493,2.5893878255615737,0.0,0.0,0.0,1.9420408691711801,0.6473469563903934,5.034324942791763,0.40827991671089703
18.0,2015,1,44,0,4,2,1,0,21,30,76331,35537,40794,6.681426943181669,5.764368343137127,0.0,0.5240334857397387,0.26201674286986937,0.13100837143493468,8.441905619495174,5.147815855272834
18.0,2015,2,32,1,3,3,0,0,13,26,76331,35537,40794,5.109326485962453,4.19226788591791,0.13100837143493468,0.3930251143048041,0.3930251143048041,0.0,7.316318203562484,3.1867431485022304
18.0,2015,3,30,0,1,5,3,0,18,21,76331,35537,40794,5.109326485962453,3.930251143048041,0.0,0.13100837143493468,0.6550418571746734,0.3930251143048041,5.909333933646622,4.412413590233857
18.0,2015,4,27,1,4,0,2,0,15,19,76331,35537,40794,4.4542846287877795,3.5372260287432367,0.13100837143493468,0.5240334857397387,0.0,0.26201674286986937,5.346540225680277,3.677011325194882
18.0,2016,1,58,2,3,3,1,0,34,33,78362,36404,41958,8.550062530308058,7.401546668027871,0.2552257471733749,0.3828386207600623,0.3828386207600623,0.12761287358668744,9.06493791891001,8.10334143667477
18.0,2016,2,54,0,8,6,2,0,26,44,78362,36404,41958,8.93290115106812,6.891095173681121,0.0,1.0209029886934995,0.7656772415201246,0.2552257471733749,12.086583891880013,6.19667286333953
18.0,2016,3,61,1,5,5,0,0,27,45,78362,36404,41958,9.188126898241494,7.7843852887879335,0.12761287358668744,0.6380643679334371,0.6380643679334371,0.0,12.361278980331832,6.435006435006435
18.0,2016,4,51,0,5,2,0,0,25,33,78362,36404,41958,7.401546668027871,6.508256552921059,0.0,0.6380643679334371,0.2552257471733749,0.0,9.06493791891001,5.958339291672625
18.0,2017,1,101,1,3,6,1,0,44,68,80402,37271,43131,13.930001741250218,12.56187657023457,0.12437501554687694,0.3731250466406308,0.7462500932812616,0.12437501554687694,18.244747927342974,10.2014792144861
18.0,2017,2,86,0,6,8,3,0,37,66,80402,37271,43131,12.810626601328325,10.696251337031416,0.0,0.7462500932812616,0.9950001243750155,0.3731250466406308,17.70813769418583,8.578516612181494
18.0,2017,3,135,0,6,10,0,0,52,99,80402,37271,43131,18.780627347578417,16.790627098828388,0.0,0.7462500932812616,1.2437501554687693,0.0,26.56220654127874,12.056293617119936
18.0,2017,4,158,0,4,8,1,0,63,108,80402,37271,43131,21.268127658515958,19.651252456406556,0.0,0.49750006218750775,0.9950001243750155,0.12437501554687694,28.9769525904859,14.606663420741462
18.0,2018,1,174,0,8,6,2,0,79,111,82735,38291,44444,22.964887895086722,21.031002598658368,0.0,0.9669426482141779,0.7252069861606333,0.24173566205354446,28.988535164921263,17.77517775177752
18.0,2018,2,173,2,21,6,4,0,82,124,82735,38291,44444,24.89877319151508,20.910134767631593,0.24173566205354446,2.538224451562217,0.7252069861606333,0.48347132410708893,32.38358883288501,18.45018450184502
18.0,2018,3,190,0,14,24,2,0,94,136,82735,38291,44444,27.799601136157612,22.964887895086722,0.0,1.692149634374811,2.900827944642533,0.24173566205354446,35.517484526390014,21.15021150211502
18.0,2018,4,177,2,6,18,0,1,83,118,82735,38291,44444,24.536169698434758,21.393606091738683,0.24173566205354446,0.7252069861606333,2.1756209584819,0.0,30.816640986132512,18.675186751867518
18.0,2019,1,119,1,15,4,5,0,57,87,87900,40683,47217,16.38225255972696,13.53811149032992,0.11376564277588169,1.7064846416382253,0.45506257110352677,0.5688282138794084,21.384853624363984,12.071923247982717
18.0,2019,2,4,0,7,5,4,0,8,12,87900,40683,47217,2.2753128555176336,0.45506257110352677,0.0,0.7963594994311718,0.5688282138794084,0.45506257110352677,2.9496349826708945,1.6943050172607323
18.0,2019,3,5,0,6,11,2,0,11,13,87900,40683,47217,2.7303754266211606,0.5688282138794084,0.0,0.6825938566552902,1.2514220705346983,0.22753128555176338,3.195437897893469,2.329669398733507
18.0,2019,4,14,1,4,8,1,0,10,18,87900,40683,47217,3.185437997724687,1.5927189988623436,0.11376564277588169,0.45506257110352677,0.9101251422070535,0.11376564277588169,4.424452474006342,2.1178812715759157
18.0,2020,1,6,0,5,1,1,0,5,8,89574,41579,47995,1.4513139973653069,0.6698372295532186,0.0,0.5581976912943488,0.11163953825886977,0.11163953825886977,1.9240481974073451,1.0417751849150954
18.0,2020,2,7,0,1,6,0,0,4,10,89574,41579,47995,1.5629535356241766,0.7814767678120883,0.0,0.11163953825886977,0.6698372295532186,0.0,2.4050602467591813,0.8334201479320762
18.0,2020,3,9,0,4,9,3,0,8,17,89574,41579,47995,2.790988456471744,1.004755844329828,0.0,0.4465581530354791,1.004755844329828,0.3349186147766093,4.088602419490608,1.6668402958641524
18.0,2020,4,10,1,5,2,2,0,3,17,89574,41579,47995,2.2327907651773953,1.1163953825886976,0.11163953825886977,0.5581976912943488,0.22327907651773954,0.22327907651773954,4.088602419490608,0.6250651109490573
18.0,2021,1,8,1,9,7,2,0,12,15,91263,42547,48716,2.9584826271325726,0.8765874450763179,0.10957343063453974,0.9861608757108576,0.7670140144417781,0.21914686126907948,3.5255129621359904,2.463256424993842
18.0,2021,2,10,0,5,5,0,0,6,14,91263,42547,48716,2.1914686126907945,1.0957343063453973,0.0,0.5478671531726986,0.5478671531726986,0.0,3.290478764660258,1.231628212496921
18.0,2021,3,5,0,8,11,2,0,9,17,91263,42547,48716,2.848909196498033,0.5478671531726986,0.0,0.8765874450763179,1.205307736979937,0.21914686126907948,3.995581357087456,1.8474423187453812
18.0,2021,4,11,0,11,6,1,0,12,17,91263,42547,48716,3.1776294884016525,1.205307736979937,0.0,1.205307736979937,0.6574405838072384,0.10957343063453974,3.995581357087456,2.463256424993842
18.0,2022,1,9,0,0,11,2,0,7,15,92162,43207,48955,2.387100974371216,0.9765413076973156,0.0,0.0,1.193550487185608,0.21700917948829235,3.4716596847733006,1.429884587886835
18.0,2022,2,10,0,0,5,3,0,6,12,92162,43207,48955,1.9530826153946312,1.0850458974414618,0.0,0.0,0.5425229487207309,0.3255137692324385,2.7773277478186404,1.2256153610458584
18.0,2022,3,15,0,0,4,0,0,8,11,92162,43207,48955,2.0615872051387774,1.6275688461621927,0.0,0.0,0.4340183589765847,0.0,2.545883768833754,1.6341538147278114
18.0,2022,4,11,1,0,3,2,0,5,12,92162,43207,48955,1.8445780256504851,1.193550487185608,0.10850458974414617,0.0,0.3255137692324385,0.21700917948829235,2.7773277478186404,1.021346134204882
18.0,2023,1,0,0,0,10,1,0,1,10,92548,43532,49016,1.1885724164757747,0.0,0.0,0.0,1.0805203786143407,0.10805203786143407,2.297160709363227,0.2040150155051412
18.0,2023,2,0,2,0,2,6,0,0,10,92548,43532,49016,1.0805203786143407,0.0,0.21610407572286813,0.0,0.21610407572286813,0.6483122271686045,2.297160709363227,0.0
18.0,2023,3,0,0,0,5,2,0,1,6,92548,43532,49016,0.7563642650300385,0.0,0.0,0.0,0.5402601893071703,0.21610407572286813,1.3782964256179364,0.2040150155051412
19.0,2015,1,76,1,9,8,4,0,46,52,96569,44374,52195,10.148184199898518,7.8700203999213,0.10355289999896447,0.9319760999906802,0.8284231999917158,0.4142115999958579,11.718573939694416,8.813104703515663
19.0,2015,2,61,0,7,2,0,0,29,41,96569,44374,52195,7.248702999927513,6.316726899936833,0.0,0.7248702999927513,0.20710579999792894,0.0,9.23964483706675,5.5560877478685695
19.0,2015,3,64,1,8,2,0,0,30,45,96569,44374,52195,7.766467499922335,6.627385599933726,0.10355289999896447,0.8284231999917158,0.20710579999792894,0.0,10.14107360165863,5.747676980553693
19.0,2015,4,71,1,3,0,2,0,33,44,96569,44374,52195,7.973573299920264,7.352255899926478,0.10355289999896447,0.31065869999689344,0.0,0.20710579999792894,9.915716410510658,6.322444678609061
19.0,2016,1,105,0,5,6,1,0,49,68,96516,44279,52237,12.122342409548676,10.879025239338555,0.0,0.5180488209208836,0.6216585851050602,0.10360976418417671,15.357167054359854,9.38032429121121
19.0,2016,2,75,1,5,8,3,0,41,51,96516,44279,52237,9.532098304944258,7.770732313813254,0.10360976418417671,0.5180488209208836,0.8288781134734137,0.3108292925525301,11.51787529076989,7.848842774278768
19.0,2016,3,105,3,7,2,5,0,44,78,96516,44279,52237,12.64039123046956,10.879025239338555,0.3108292925525301,0.725268349289237,0.20721952836835342,0.5180488209208836,17.615573974118657,8.423148343128434
19.0,2016,4,105,0,5,6,1,0,38,79,96516,44279,52237,12.122342409548676,10.879025239338555,0.0,0.5180488209208836,0.6216585851050602,0.10360976418417671,17.841414666094536,7.274537205429102
19.0,2017,1,150,2,2,2,3,0,61,98,96457,44191,52266,16.48402915288678,15.55097089894979,0.2073462786526639,0.2073462786526639,0.2073462786526639,0.3110194179789958,22.176461270394427,11.67106723300042
19.0,2017,2,153,1,6,5,5,0,79,91,96457,44191,52266,17.62443368547643,15.861990316928788,0.10367313932633195,0.6220388359579916,0.5183656966316598,0.5183656966316598,20.592428322509107,15.114988711590708
19.0,2017,3,262,1,4,2,3,0,107,165,96457,44191,52266,28.19909389676229,27.16236250349897,0.10367313932633195,0.4146925573053278,0.2073462786526639,0.3110194179789958,37.33791948586816,20.472199900508937
19.0,2017,4,353,0,1,10,3,0,160,207,96457,44191,52266,38.048042132763825,36.59661818219517,0.0,0.10367313932633195,1.0367313932633195,0.3110194179789958,46.84211717318006,30.612635365247005
19.0,2018,1,371,2,16,13,6,0,187,221,96752,44278,52474,42.16967091119564,38.345460558954855,0.20671407309409626,1.65371258475277,1.3436414751116257,0.6201422192822887,49.911920140927776,35.63669626862828
19.0,2018,2,437,2,12,12,6,0,205,264,96752,44278,52474,48.474450140565565,45.16702497106003,0.20671407309409626,1.2402844385645775,1.2402844385645775,0.6201422192822887,59.62328921812187,39.0669664976941
19.0,2018,3,441,2,17,27,6,0,209,284,96752,44278,52474,50.955019017694724,45.580453117248226,0.20671407309409626,1.757069621299818,2.7906399867702993,0.6201422192822887,64.14020506797958,39.82924877081983
19.0,2018,4,368,0,9,20,8,0,194,211,96752,44278,52474,41.859599801554495,38.03538944931371,0.0,0.930213328923433,2.0671407309409626,0.826856292376385,47.653462215998914,36.970690246598316
19.0,2019,1,306,0,2,23,0,0,154,177,100927,46205,54722,32.795981253777484,30.318943394730844,0.0,0.198163028723731,2.278874830322907,0.0,38.307542473758254,28.14224626292899
19.0,2019,2,20,4,4,14,3,0,12,33,100927,46205,54722,4.458668146283948,1.98163028723731,0.396326057447462,0.396326057447462,1.387141201066117,0.2972445430855965,7.142084190022724,2.192902306202259
19.0,2019,3,20,2,7,5,2,0,19,17,100927,46205,54722,3.5669345170271582,1.98163028723731,0.198163028723731,0.6935706005330585,0.4954075718093275,0.198163028723731,3.6792554918298888,3.4720953181535763
19.0,2019,4,21,2,6,8,2,0,21,18,100927,46205,54722,3.8641790601127544,2.080711801599176,0.198163028723731,0.594489086171193,0.792652114894924,0.198163028723731,3.8956822854669406,3.837579035853953
19.0,2020,1,15,0,7,7,4,0,12,21,100375,46114,54261,3.2876712328767126,1.4943960149439601,0.0,0.6973848069738481,0.6973848069738481,0.398505603985056,4.553931560914256,2.211533145353016
19.0,2020,2,10,1,5,6,1,0,10,13,100375,46114,54261,2.2914072229140725,0.9962640099626401,0.099626400996264,0.49813200498132004,0.5977584059775841,0.099626400996264,2.819100490089778,1.84294428779418
19.0,2020,3,15,0,4,14,3,1,11,24,100375,46114,54261,3.5865504358655045,1.4943960149439601,0.0,0.398505603985056,1.3947696139476962,0.29887920298879206,5.2044932124734355,2.027238716573598
19.0,2020,4,16,1,11,17,3,0,19,29,100375,46114,54261,4.782067247820673,1.594022415940224,0.099626400996264,1.095890410958904,1.693648816936488,0.29887920298879206,6.288762631738734,3.5015941468089418
19.0,2021,1,24,0,10,7,4,0,18,27,99865,46097,53768,4.506083212336654,2.4032443799128824,0.0,1.001351824963701,0.7009462774745907,0.4005407299854804,5.857214135410113,3.3477161136735605
19.0,2021,2,17,1,6,9,4,0,11,26,99865,46097,53768,3.7050017523656935,1.702298102438292,0.1001351824963701,0.6008110949782206,0.9012166424673308,0.4005407299854804,5.640280278543073,2.0458265139116203
19.0,2021,3,22,0,9,16,6,0,19,34,99865,46097,53768,5.307164672307615,2.202974014920142,0.0,0.9012166424673308,1.6021629199419216,0.6008110949782206,7.375751133479402,3.5337003422109805
19.0,2021,4,20,1,7,22,8,0,21,37,99865,46097,53768,5.807840584789466,2.002703649927402,0.1001351824963701,0.7009462774745907,2.202974014920142,0.8010814599709608,8.026552704080526,3.9056687992858206
19.0,2022,1,10,0,0,12,6,0,10,18,98532,45765,52767,2.841716396703609,1.0148987131084317,0.0,0.0,1.217878455730118,0.608939227865059,3.9331366764995086,1.8951238463433586
19.0,2022,2,9,0,0,9,6,0,6,18,98532,45765,52767,2.435756911460236,0.9134088417975886,0.0,0.0,0.9134088417975886,0.608939227865059,3.9331366764995086,1.137074307806015
19.0,2022,3,33,3,0,7,6,0,15,34,98532,45765,52767,4.973003694231316,3.349165753257825,0.3044696139325295,0.0,0.7104290991759022,0.608939227865059,7.4292581667212945,2.842685769515038
19.0,2022,4,14,3,0,14,3,0,9,25,98532,45765,52767,3.450655624568668,1.4208581983518045,0.3044696139325295,0.0,1.4208581983518045,0.3044696139325295,5.4626898284715395,1.7056114617090228
19.0,2023,1,0,0,0,17,2,0,1,18,96729,45092,51637,1.9642506383814575,0.0,0.0,0.0,1.7574874132886726,0.206763225092785,3.991838907123215,0.19365958518116852
19.0,2023,2,0,0,0,8,8,0,1,15,96729,45092,51637,1.65410580074228,0.0,0.0,0.0,0.82705290037114,0.82705290037114,3.3265324226026793,0.19365958518116852
19.0,2023,3,0,2,0,8,3,0,2,11,96729,45092,51637,1.3439609631031024,0.0,0.206763225092785,0.0,0.82705290037114,0.3101448376391775,2.4394571099086315,0.38731917036233704
20.0,2015,1,58,1,4,0,0,0,28,35,40161,18050,22111,15.686860386942556,14.441871467343942,0.2489977839197231,0.9959911356788924,0.0,0.0,19.390581717451525,12.663380217991046
20.0,2015,2,47,0,6,2,2,0,25,32,40161,18050,22111,14.192873683424217,11.702895844226987,0.0,1.4939867035183387,0.4979955678394462,0.4979955678394462,17.728531855955676,11.306589480349148
20.0,2015,3,49,0,6,1,2,0,23,35,40161,18050,22111,14.441871467343942,12.200891412066433,0.0,1.4939867035183387,0.2489977839197231,0.4979955678394462,19.390581717451525,10.402062321921216
20.0,2015,4,48,0,5,1,0,0,20,34,40161,18050,22111,13.445880331665048,11.95189362814671,0.0,1.2449889195986157,0.2489977839197231,0.0,18.836565096952906,9.045271584279318
20.0,2016,1,101,0,1,0,2,0,36,68,39891,17936,21955,26.071043593793085,25.318994259356746,0.0,0.2506831114787797,0.0,0.5013662229575594,37.91257805530776,16.397176041903894
20.0,2016,2,62,1,0,1,2,0,28,38,39891,17936,21955,16.545085357599458,15.54235291168434,0.2506831114787797,0.0,0.2506831114787797,0.5013662229575594,21.1864406779661,12.753359143703028
20.0,2016,3,69,0,0,0,3,0,35,37,39891,17936,21955,18.049184026472137,17.297134692035797,0.0,0.0,0.0,0.752049334436339,20.628902765388048,15.941698929628787
20.0,2016,4,54,0,3,0,3,0,27,33,39891,17936,21955,15.04098668872678,13.536888019854102,0.0,0.752049334436339,0.0,0.752049334436339,18.398751115075825,12.29788203142792
20.0,2017,1,118,0,0,2,1,0,51,70,39630,17827,21803,30.532424930608126,29.77542265960131,0.0,0.0,0.5046681806712087,0.25233409033560433,39.266281483143544,23.391276429849103
20.0,2017,2,143,0,4,0,3,0,52,98,39630,17827,21803,37.85011355034065,36.08377491799142,0.0,1.0093363613424173,0.0,0.757002271006813,54.972794076400966,23.849928908865753
20.0,2017,3,173,0,3,4,5,0,68,117,39630,17827,21803,46.68180671208681,43.65379762805956,0.0,0.757002271006813,1.0093363613424173,1.2616704516780217,65.63078476468279,31.188368573132138
20.0,2017,4,242,0,4,3,5,0,112,142,39630,17827,21803,64.0928589452435,61.06484986121625,0.0,1.0093363613424173,0.757002271006813,1.2616704516780217,79.65445672294834,51.36907764986469
20.0,2018,1,244,0,2,6,2,0,99,155,39506,17788,21718,64.29403128638688,61.762770212119676,0.0,0.50625221485344,1.51875664456032,0.50625221485344,87.13739599730157,45.5843079473248
20.0,2018,2,241,0,4,6,6,0,119,138,39506,17788,21718,65.05340960866704,61.00339188983951,0.0,1.01250442970688,1.51875664456032,1.51875664456032,77.58039127501686,54.79325904779446
20.0,2018,3,254,0,0,4,2,0,107,153,39506,17788,21718,65.8127879309472,64.29403128638688,0.0,0.0,1.01250442970688,0.50625221485344,86.01304250056218,49.26788838751266
20.0,2018,4,301,0,6,2,8,0,137,180,39506,17788,21718,80.24097605427023,76.19095833544272,0.0,1.51875664456032,0.50625221485344,2.02500885941376,101.19181470654374,63.08131503821715
20.0,2019,1,195,0,2,2,3,0,83,119,41140,18539,22601,49.10063198833252,47.399124939231896,0.0,0.4861448711716091,0.4861448711716091,0.7292173067574138,64.18900695830412,36.72403875934693
20.0,2019,2,18,1,2,1,1,0,9,14,41140,18539,22601,5.590666018473505,4.375303840544483,0.24307243558580455,0.4861448711716091,0.24307243558580455,0.24307243558580455,7.551647877447543,3.9821246847484626
20.0,2019,3,14,0,3,0,1,0,8,10,41140,18539,22601,4.375303840544483,3.4030140982012638,0.0,0.7292173067574138,0.0,0.24307243558580455,5.394034198176817,3.539666386443078
20.0,2019,4,17,1,4,2,1,0,13,12,41140,18539,22601,6.076810889645114,4.132231404958677,0.24307243558580455,0.9722897423432182,0.4861448711716091,0.24307243558580455,6.47284103781218,5.751957877970002
20.0,2020,1,10,0,2,1,1,0,7,7,40664,18425,22239,3.4428487113909108,2.459177650993508,0.0,0.4918355301987015,0.24591776509935076,0.24591776509935076,3.7991858887381276,3.147623544224111
20.0,2020,2,6,0,5,3,3,0,7,10,40664,18425,22239,4.1806020066889635,1.4755065905961047,0.0,1.229588825496754,0.7377532952980523,0.7377532952980523,5.4274084124830395,3.147623544224111
20.0,2020,3,6,0,0,5,0,0,3,8,40664,18425,22239,2.7050954160928584,1.4755065905961047,0.0,0.0,1.229588825496754,0.0,4.341926729986431,1.3489815189531904
20.0,2020,4,11,0,0,5,1,0,5,12,40664,18425,22239,4.1806020066889635,2.7050954160928584,0.0,0.0,1.229588825496754,0.24591776509935076,6.512890094979647,2.2483025315886507
20.0,2021,1,8,0,2,4,2,0,4,12,40213,18346,21867,3.978812821724318,1.989406410862159,0.0,0.49735160271553974,0.9947032054310795,0.49735160271553974,6.540935353755587,1.829240407920611
20.0,2021,2,9,0,4,0,1,0,5,9,40213,18346,21867,3.481461219008778,2.2380822122199286,0.0,0.9947032054310795,0.0,0.24867580135776987,4.90570151531669,2.2865505099007635
20.0,2021,3,13,0,11,3,0,0,10,17,40213,18346,21867,6.714246636659786,3.2327854176510087,0.0,2.735433814935469,0.7460274040733096,0.0,9.266325084487082,4.573101019801527
20.0,2021,4,13,1,5,2,2,0,8,15,40213,18346,21867,5.719543431228707,3.2327854176510087,0.24867580135776987,1.2433790067888493,0.49735160271553974,0.49735160271553974,8.176169192194484,3.658480815841222
20.0,2022,1,14,0,0,2,1,0,6,11,39439,18140,21299,4.310454119019245,3.5497857450746726,0.0,0.0,0.5071122492963818,0.2535561246481909,6.063947078280044,2.8170336635522797
20.0,2022,2,7,1,0,3,0,0,3,8,39439,18140,21299,2.7891173711300996,1.7748928725373363,0.2535561246481909,0.0,0.7606683739445727,0.0,4.410143329658214,1.4085168317761398
20.0,2022,3,18,0,0,3,0,0,7,14,39439,18140,21299,5.324678617612008,4.564010243667436,0.0,0.0,0.7606683739445727,0.0,7.717750826901875,3.2865392741443262
20.0,2022,4,19,0,0,2,0,0,5,16,39439,18140,21299,5.324678617612008,4.817566368315626,0.0,0.0,0.5071122492963818,0.0,8.820286659316428,2.347528052960233
20.0,2023,1,0,0,0,3,4,0,1,6,38479,17801,20678,1.8191740949608879,0.0,0.0,0.0,0.7796460406975234,1.0395280542633645,3.3705971574630635,0.4836057645807138
20.0,2023,2,0,0,0,1,4,0,0,5,38479,17801,20678,1.2994100678292055,0.0,0.0,0.0,0.2598820135658411,1.0395280542633645,2.808830964552553,0.0
20.0,2023,3,0,0,0,2,2,0,0,4,38479,17801,20678,1.0395280542633645,0.0,0.0,0.0,0.5197640271316822,0.5197640271316822,2.2470647716420427,0.0
21.0,2015,1,74,0,7,1,2,0,33,51,27856,12709,15147,30.155083285468123,26.565192418150488,0.0,2.5129236071223433,0.3589890867317634,0.7179781734635268,40.129042410889916,21.786492374727672
21.0,2015,2,41,0,3,0,1,0,20,25,27856,12709,15147,16.15450890292935,14.718552556002297,0.0,1.07696726019529,0.0,0.3589890867317634,19.671099221024473,13.203934772562224
21.0,2015,3,45,0,7,1,5,0,26,32,27856,12709,15147,20.821367030442275,16.15450890292935,0.0,2.5129236071223433,0.3589890867317634,1.7949454336588169,25.179007002911323,17.16511520433089
21.0,2015,4,63,0,2,0,0,0,28,37,27856,12709,15147,23.334290637564617,22.61631246410109,0.0,0.7179781734635268,0.0,0.0,29.113226847116216,18.485508681587113
21.0,2016,1,88,1,3,0,3,0,39,56,27482,12497,14985,34.56808092569682,32.020959173277056,0.3638745360599665,1.0916236081798996,0.0,1.0916236081798996,44.81075458109946,26.026026026026027
21.0,2016,2,74,0,5,3,3,0,32,53,27482,12497,14985,30.929335565097155,26.926715668437524,0.0,1.8193726802998327,1.0916236081798996,1.0916236081798996,42.41017844282628,21.35468802135469
21.0,2016,3,84,0,1,3,3,0,40,51,27482,12497,14985,33.11258278145695,30.565461029037188,0.0,0.3638745360599665,1.0916236081798996,1.0916236081798996,40.809794350644154,26.693360026693362
21.0,2016,4,93,0,0,2,2,0,40,57,27482,12497,14985,35.29582999781675,33.840331853576885,0.0,0.0,0.727749072119933,0.727749072119933,45.61094662719052,26.693360026693362
21.0,2017,1,138,0,2,2,3,0,53,92,27237,12344,14893,53.23640635899695,50.66637294856262,0.0,0.734295260124096,0.734295260124096,1.101442890186144,74.53013609850939,35.587188612099645
21.0,2017,2,140,1,4,2,4,0,61,90,27237,12344,14893,55.43929213936924,51.40066820868671,0.367147630062048,1.468590520248192,0.734295260124096,1.468590520248192,72.9099157485418,40.95883972335997
21.0,2017,3,200,0,1,1,3,0,75,130,27237,12344,14893,75.26526416271983,73.42952601240958,0.0,0.367147630062048,0.367147630062048,1.101442890186144,105.31432274789373,50.35922916806553
21.0,2017,4,246,0,8,2,4,0,116,144,27237,12344,14893,95.45838381613247,90.3183169952638,0.0,2.937181040496384,0.734295260124096,1.468590520248192,116.65586519766688,77.8889411132747
21.0,2018,1,250,0,10,6,2,0,118,150,27253,11949,15304,98.33779767365061,91.73302021795766,0.0,3.669320808718306,2.201592485230984,0.7338641617436612,125.53351744915892,77.10402509147936
21.0,2018,2,301,0,14,4,4,0,147,176,27253,11949,15304,118.51906212160128,110.44655634242102,0.0,5.137049132205629,1.4677283234873224,1.4677283234873224,147.2926604736798,96.05331939362259
21.0,2018,3,311,2,6,8,4,0,152,179,27253,11949,15304,121.45451876857594,114.11587715113933,0.7338641617436612,2.201592485230984,2.935456646974645,1.4677283234873224,149.80333082266299,99.32043910088865
21.0,2018,4,234,0,8,5,4,0,113,138,27253,11949,15304,92.09995229882948,85.86210692400837,0.0,2.935456646974645,1.834660404359153,1.4677283234873224,115.49083605322622,73.83690538421328
21.0,2019,1,199,0,8,5,5,0,99,118,28368,12669,15699,76.4946418499718,70.14946418499717,0.0,2.820078962210942,1.7625493513818387,1.7625493513818387,93.14073723261504,63.061341486718895
21.0,2019,2,12,0,3,3,1,0,10,9,28368,12669,15699,6.697687535250987,4.230118443316413,0.0,1.0575296108291032,1.0575296108291032,0.35250987027636776,7.1039545346909785,6.36983247340595
21.0,2019,3,24,0,4,3,1,0,16,16,28368,12669,15699,11.280315848843768,8.460236886632826,0.0,1.410039481105471,1.0575296108291032,0.35250987027636776,12.629252506117293,10.19173195744952
21.0,2019,4,22,1,5,7,1,0,17,19,28368,12669,15699,12.690355329949238,7.75521714608009,0.35250987027636776,1.7625493513818387,2.4675690919345743,0.35250987027636776,14.997237351014286,10.828715204790115
21.0,2020,1,8,0,1,5,1,0,6,9,28891,12886,16005,5.191928282163996,2.7690284171541313,0.0,0.3461285521442664,1.7306427607213317,0.3461285521442664,6.984324072636971,3.7488284910965324
21.0,2020,2,5,0,3,3,1,0,7,5,28891,12886,16005,4.1535426257311965,1.7306427607213317,0.0,1.0383856564327991,1.0383856564327991,0.3461285521442664,3.880180040353872,4.373633239612621
21.0,2020,3,5,0,3,7,4,0,7,12,28891,12886,16005,6.576442490741061,1.7306427607213317,0.0,1.0383856564327991,2.4228998650098648,1.3845142085770656,9.312432096849294,4.373633239612621
21.0,2020,4,5,0,4,1,5,0,4,11,28891,12886,16005,5.191928282163996,1.7306427607213317,0.0,1.3845142085770656,0.3461285521442664,1.7306427607213317,8.536396088778519,2.499218994064355
21.0,2021,1,6,0,8,1,1,0,9,7,29182,12994,16188,5.482831882667398,2.056061956000274,0.0,2.741415941333699,0.34267699266671237,0.34267699266671237,5.387101739264276,5.559673832468495
21.0,2021,2,11,0,1,5,2,0,5,14,29182,12994,16188,6.510862860667534,3.7694469193338356,0.0,0.34267699266671237,1.7133849633335618,0.6853539853334247,10.774203478528552,3.08870768470472
21.0,2021,3,25,0,2,4,1,0,11,21,29182,12994,16188,10.965663765334796,8.56692481666781,0.0,0.6853539853334247,1.3707079706668495,0.34267699266671237,16.161305217792826,6.795156906350383
21.0,2021,4,19,0,5,4,1,0,10,19,29182,12994,16188,9.937632787334659,6.510862860667534,0.0,1.7133849633335618,1.3707079706668495,0.34267699266671237,14.622133292288748,6.17741536940944
21.0,2022,1,12,0,0,1,2,0,6,9,29298,13002,16296,5.119803399549457,4.095842719639566,0.0,0.0,0.34132022663663053,0.6826404532732611,6.92201199815413,3.681885125184094
21.0,2022,2,8,0,0,2,1,0,3,8,29298,13002,16296,3.7545224930029355,2.7305618130930442,0.0,0.0,0.6826404532732611,0.34132022663663053,6.152899553914783,1.840942562592047
21.0,2022,3,10,0,0,5,0,0,7,8,29298,13002,16296,5.119803399549457,3.4132022663663046,0.0,0.0,1.7066011331831523,0.0,6.152899553914783,4.29553264604811
21.0,2022,4,9,0,0,4,4,0,7,10,29298,13002,16296,5.8024438528227185,3.071882039729674,0.0,0.0,1.3652809065465221,1.3652809065465221,7.691124442393478,4.29553264604811
21.0,2023,1,0,0,0,9,3,0,0,12,29375,12995,16380,4.085106382978723,0.0,0.0,0.0,3.0638297872340425,1.0212765957446808,9.23432089265102,0.0
21.0,2023,2,0,0,0,7,2,0,0,9,29375,12995,16380,3.0638297872340425,0.0,0.0,0.0,2.382978723404255,0.6808510638297873,6.925740669488264,0.0
21.0,2023,3,0,0,0,4,2,0,2,4,29375,12995,16380,2.0425531914893615,0.0,0.0,0.0,1.3617021276595747,0.6808510638297873,3.0781069642170062,1.221001221001221
22.0,2015,1,109,2,16,18,11,0,58,98,65712,31865,33847,23.739956172388606,16.58753347942537,0.30435841246652057,2.4348672997321645,2.739225712198685,1.673971268565863,30.7547465871646,17.135935237982686
22.0,2015,2,81,1,12,6,5,0,35,70,65712,31865,33847,15.97881665449233,12.326515704894083,0.15217920623326028,1.8261504747991235,0.9130752373995618,0.7608960311663014,21.967676133689,10.340650574644725
22.0,2015,3,99,0,12,6,7,0,50,74,65712,31865,33847,18.870221572924276,15.065741417092768,0.0,1.8261504747991235,0.9130752373995618,1.065254443632822,23.222971912756943,14.772357963778179
22.0,2015,4,92,2,7,4,9,0,33,81,65712,31865,33847,17.34842951059167,14.000486973459946,0.30435841246652057,1.065254443632822,0.6087168249330411,1.3696128560993426,25.41973952612584,9.749756256093598
22.0,2016,1,121,1,12,8,11,0,53,100,65061,31544,33517,23.516392308756398,18.597931172284472,0.1537019105147477,1.8444229261769725,1.2296152841179817,1.6907210156622245,31.701749936596503,15.812871080347287
22.0,2016,2,129,2,11,4,5,0,44,107,65061,31544,33517,23.208988487726902,19.827546456402455,0.3074038210294954,1.6907210156622245,0.6148076420589909,0.7685095525737385,33.920872432158255,13.127666557269444
22.0,2016,3,114,1,8,8,10,0,54,87,65061,31544,33517,21.671969382579423,17.522017798681237,0.1537019105147477,1.2296152841179817,1.2296152841179817,1.537019105147477,27.580522444838955,16.111227138467047
22.0,2016,4,126,0,9,8,4,0,61,86,65061,31544,33517,22.59418084566791,19.366440724858208,0.0,1.3833171946327292,1.2296152841179817,0.6148076420589909,27.26350494547299,18.199719545305367
22.0,2017,1,197,1,12,12,4,0,86,140,64694,31352,33342,34.93368782267289,30.451046464896283,0.15457383992333137,1.8548860790799766,1.8548860790799766,0.6182953596933255,44.65424853278898,25.79329374362666
22.0,2017,2,195,1,14,10,12,0,84,148,64694,31352,33342,35.86113086221288,30.14189878504962,0.15457383992333137,2.164033758926639,1.5457383992333138,1.8548860790799766,47.20591987751978,25.193449703077203
22.0,2017,3,254,2,18,14,10,0,128,170,64694,31352,33342,46.06300429715275,39.26175534052617,0.30914767984666275,2.7823291186199643,2.164033758926639,1.5457383992333138,54.22301607552947,38.39001859516526
22.0,2017,4,319,0,18,4,6,0,150,197,64694,31352,33342,53.63712245339599,49.309054935542704,0.0,2.7823291186199643,0.6182953596933255,0.9274430395399883,62.83490686399592,44.988303041209285
22.0,2018,1,290,2,12,24,6,0,137,197,64814,30527,34287,51.532076403246215,44.74341963156108,0.30857530780386955,1.851451846823217,3.702903693646434,0.9257259234116085,64.53303632849608,39.95683495202264
22.0,2018,2,270,2,14,8,16,0,122,188,64814,30527,34287,47.82917270959978,41.65766655352239,0.30857530780386955,2.160027154627087,1.2343012312154782,2.4686024624309564,61.58482654699119,35.581999008370516
22.0,2018,3,371,0,20,30,0,0,160,261,64814,30527,34287,64.95510229271454,57.2407195976178,0.0,3.0857530780386955,4.628629617058043,0.0,85.49808366364202,46.66491673228921
22.0,2018,4,334,2,12,26,10,0,160,224,64814,30527,34287,59.246459098342946,51.532076403246215,0.30857530780386955,1.851451846823217,4.0114790014503034,1.5428765390193477,73.37766567301078,46.66491673228921
22.0,2019,1,233,0,17,24,9,0,123,160,67629,32457,35172,41.8459536589333,34.45267562731964,0.0,2.513714530748643,3.5487734551745556,1.3307900456904582,49.29599161968142,34.970999658819515
22.0,2019,2,20,0,8,11,3,0,18,24,67629,32457,35172,6.210353546555472,2.957311212645463,0.0,1.1829244850581853,1.6265211669550046,0.44359668189681944,7.394398742952213,5.117707267144319
22.0,2019,3,19,1,10,7,11,0,24,24,67629,32457,35172,7.097546910349111,2.8094456520131894,0.14786556063227316,1.4786556063227314,1.035058924425912,1.6265211669550046,7.394398742952213,6.823609689525759
22.0,2019,4,24,1,9,9,5,0,22,26,67629,32457,35172,7.097546910349111,3.5487734551745556,0.14786556063227316,1.3307900456904582,1.3307900456904582,0.7393278031613657,8.010598638198232,6.254975548731946
22.0,2020,1,14,1,12,8,8,0,17,26,69087,33197,35890,6.224036359951945,2.0264304427750517,0.1447450316267894,1.7369403795214728,1.1579602530143152,1.1579602530143152,7.832033015031478,4.7366954583449425
22.0,2020,2,17,1,7,4,2,0,12,19,69087,33197,35890,4.487095980430471,2.4606655376554203,0.1447450316267894,1.0132152213875258,0.5789801265071576,0.2894900632535788,5.723408741753773,3.3435497353023127
22.0,2020,3,14,1,10,14,2,0,16,25,69087,33197,35890,5.9345462966983655,2.0264304427750517,0.1447450316267894,1.447450316267894,2.0264304427750517,0.2894900632535788,7.530800975991807,4.458066313736417
22.0,2020,4,15,0,10,7,6,0,15,23,69087,33197,35890,5.500311201817997,2.171175474401841,0.0,1.447450316267894,1.0132152213875258,0.8684701897607364,6.9283368979124615,4.17943716912789
22.0,2021,1,15,1,12,9,9,0,17,29,69957,33637,36320,6.57546778735509,2.1441742784853552,0.1429449518990237,1.7153394227882843,1.2865045670912132,1.2865045670912132,8.621458512947052,4.680616740088105
22.0,2021,2,14,0,11,7,11,0,19,24,69957,33637,36320,6.146632931658019,2.0012293265863317,0.0,1.5723944708892605,1.0006146632931658,1.5723944708892605,7.135000148645837,5.2312775330396475
22.0,2021,3,20,2,18,10,10,0,21,39,69957,33637,36320,8.576697113941421,2.8588990379804735,0.2858899037980474,2.5730091341824264,1.4294495189902368,1.4294495189902368,11.594375241549484,5.78193832599119
22.0,2021,4,27,0,19,13,8,0,28,39,69957,33637,36320,9.577311777234588,3.85951370127364,0.0,2.71595408608145,1.858284374687308,1.1435596151921896,11.594375241549484,7.709251101321586
22.0,2022,1,9,0,0,11,3,0,4,19,70398,33818,36580,3.267138270973607,1.2784454103809768,0.0,0.0,1.5625443904656382,0.42614847012699225,5.618309775859011,1.0934937124111537
22.0,2022,2,20,0,0,13,8,0,12,29,70398,33818,36580,5.824029091735561,2.840989800846615,0.0,0.0,1.8466433705502998,1.136395920338646,8.575314921047962,3.280481137233461
22.0,2022,3,19,4,0,10,6,0,7,32,70398,33818,36580,5.539930111650899,2.6989403108042844,0.568197960169323,0.0,1.4204949004233074,0.8522969402539845,9.462416464604647,1.913613996719519
22.0,2022,4,27,0,0,6,6,0,11,28,70398,33818,36580,5.539930111650899,3.83533623114293,0.0,0.0,0.8522969402539845,0.8522969402539845,8.279614406529067,3.0071077091306724
22.0,2023,1,0,3,0,6,7,0,0,16,70757,33958,36799,2.261260369998728,0.0,0.42398631937476156,0.0,0.8479726387495231,0.9893014118744434,4.711702691560163,0.0
22.0,2023,2,0,0,0,7,8,0,2,13,70757,33958,36799,2.1199315968738075,0.0,0.0,0.0,0.9893014118744434,1.130630184999364,3.828258436892632,0.5434930297018941
22.0,2023,3,0,0,0,13,10,0,2,21,70757,33958,36799,3.250561781873172,0.0,0.0,0.0,1.8372740506239664,1.413287731249205,6.184109782672714,0.5434930297018941
23.0,2015,1,27,0,2,3,1,0,13,20,48068,22299,25769,6.865274194890572,5.6170425230922865,0.0,0.4160772239327619,0.6241158358991429,0.20803861196638096,8.969012063321225,5.044821296907137
23.0,2015,2,26,0,3,2,2,0,12,21,48068,22299,25769,6.865274194890572,5.409003911125906,0.0,0.6241158358991429,0.4160772239327619,0.4160772239327619,9.417462666487287,4.656758120221973
23.0,2015,3,13,0,10,4,0,0,11,16,48068,22299,25769,5.6170425230922865,2.704501955562953,0.0,2.08038611966381,0.8321544478655238,0.0,7.1752096506569805,4.268694943536808
23.0,2015,4,17,0,5,0,0,0,10,12,48068,22299,25769,4.576849463260381,3.536656403428476,0.0,1.040193059831905,0.0,0.0,5.381407237992735,3.8806317668516432
23.0,2016,1,37,0,4,3,1,0,12,33,49615,22988,26627,9.069837750680238,7.457422150559307,0.0,0.8062078000604656,0.6046558500453492,0.2015519500151164,14.355315816947972,4.506703721786157
23.0,2016,2,31,0,5,2,1,0,15,24,49615,22988,26627,7.86052605058954,6.248110450468609,0.0,1.007759750075582,0.4031039000302328,0.2015519500151164,10.44022968505307,5.633379652232696
23.0,2016,3,39,0,3,5,1,0,18,30,49615,22988,26627,9.674493600725587,7.86052605058954,0.0,0.6046558500453492,1.007759750075582,0.2015519500151164,13.050287106316338,6.760055582679236
23.0,2016,4,31,1,0,4,2,0,10,28,49615,22988,26627,7.658974100574423,6.248110450468609,0.2015519500151164,0.0,0.8062078000604656,0.4031039000302328,12.180267965895249,3.7555864348217973
23.0,2017,1,51,0,2,3,1,0,25,32,51171,23683,27488,11.139121768189014,9.966582634695433,0.0,0.39084637783119347,0.5862695667467901,0.19542318891559673,13.511801714309842,9.09487776484284
23.0,2017,2,49,0,0,3,2,0,21,33,51171,23683,27488,10.552852201442223,9.57573625686424,0.0,0.0,0.5862695667467901,0.39084637783119347,13.934045517882026,7.6396973224679865
23.0,2017,3,88,0,2,1,3,0,43,51,51171,23683,27488,18.36977975806609,17.197240624572512,0.0,0.39084637783119347,0.19542318891559673,0.5862695667467901,21.534433982181312,15.643189755529686
23.0,2017,4,118,0,1,4,1,0,50,74,51171,23683,27488,24.23247542553399,23.059936292040415,0.0,0.19542318891559673,0.7816927556623869,0.19542318891559673,31.246041464341513,18.18975552968568
23.0,2018,1,112,0,4,2,2,0,62,58,52913,24468,28445,22.678736794360553,21.16682100806985,0.0,0.7559578931453519,0.37797894657267594,0.37797894657267594,23.704430276279222,21.796449288099843
23.0,2018,2,134,0,8,6,0,0,77,71,52913,24468,28445,27.970442046378018,25.324589420369286,0.0,1.5119157862907038,1.1339368397180276,0.0,29.0174922347556,27.069783793285286
23.0,2018,3,108,0,2,10,6,0,53,73,52913,24468,28445,23.812673634078582,20.4108631149245,0.0,0.37797894657267594,1.8898947328633795,1.1339368397180276,29.8348863822135,18.632448584988577
23.0,2018,4,151,0,8,2,2,0,81,82,52913,24468,28445,30.805284145673088,28.53741046623703,0.0,1.5119157862907038,0.37797894657267594,0.37797894657267594,33.51316004577407,28.476006328001404
23.0,2019,1,114,0,3,4,2,0,69,54,56335,26066,30269,21.833673559953848,20.23608768971332,0.0,0.5325286234135085,0.7100381645513447,0.35501908227567236,20.71664236937006,22.795599458191546
23.0,2019,2,9,0,2,2,2,0,9,6,56335,26066,30269,2.6626431170675424,1.5975858702405255,0.0,0.35501908227567236,0.35501908227567236,0.35501908227567236,2.301849152152229,2.973339059764115
23.0,2019,3,12,0,7,1,1,0,14,7,56335,26066,30269,3.7277003638945594,2.130114493654034,0.0,1.242566787964853,0.17750954113783618,0.17750954113783618,2.685490677510934,4.625194092966401
23.0,2019,4,15,0,6,6,4,0,15,16,56335,26066,30269,5.502795775272921,2.6626431170675424,0.0,1.065057246827017,1.065057246827017,0.7100381645513447,6.138264405739277,4.955565099606859
23.0,2020,1,8,1,10,2,1,0,15,7,57665,26781,30884,3.8151391658718463,1.3873233330443078,0.17341541663053847,1.7341541663053845,0.34683083326107694,0.17341541663053847,2.613793360964863,4.856883823338946
23.0,2020,2,3,0,3,5,2,0,5,8,57665,26781,30884,2.254400416197,0.5202462498916154,0.0,0.5202462498916154,0.8670770831526923,0.34683083326107694,2.987192412531272,1.6189612744463153
23.0,2020,3,5,0,1,1,4,0,4,7,57665,26781,30884,1.9075695829359232,0.8670770831526923,0.0,0.17341541663053847,0.17341541663053847,0.6936616665221539,2.613793360964863,1.2951690195570522
23.0,2020,4,6,0,2,3,0,0,6,5,57665,26781,30884,1.9075695829359232,1.0404924997832308,0.0,0.34683083326107694,0.5202462498916154,0.0,1.8669952578320452,1.9427535293355784
23.0,2021,1,7,0,5,3,0,0,4,11,59007,27543,31464,2.5420712796786824,1.1862999305167183,0.0,0.8473570932262274,0.5084142559357364,0.0,3.993755219111934,1.2712941774726672
23.0,2021,2,5,0,5,3,3,0,8,8,59007,27543,31464,2.7115426983239277,0.8473570932262274,0.0,0.8473570932262274,0.5084142559357364,0.5084142559357364,2.9045492502632246,2.5425883549453343
23.0,2021,3,10,0,4,6,1,0,9,12,59007,27543,31464,3.558899791550155,1.6947141864524549,0.0,0.6778856745809819,1.0168285118714728,0.16947141864524548,4.356823875394837,2.860411899313501
23.0,2021,4,5,0,10,3,0,0,14,4,59007,27543,31464,3.0504855356144183,0.8473570932262274,0.0,1.6947141864524549,0.5084142559357364,0.0,1.4522746251316123,4.449529621154335
23.0,2022,1,9,1,0,2,1,0,5,8,59840,28113,31727,2.1724598930481283,1.504010695187166,0.16711229946524064,0.0,0.3342245989304813,0.16711229946524064,2.8456585921104116,1.5759447788949477
23.0,2022,2,5,0,0,4,1,0,4,6,59840,28113,31727,1.6711229946524062,0.8355614973262031,0.0,0.0,0.6684491978609626,0.16711229946524064,2.1342439440828085,1.260755823115958
23.0,2022,3,4,0,0,6,8,0,3,15,59840,28113,31727,3.008021390374332,0.6684491978609626,0.0,0.0,1.0026737967914439,1.3368983957219251,5.335609860207021,0.9455668673369685
23.0,2022,4,9,1,0,7,4,0,7,14,59840,28113,31727,3.509358288770054,1.504010695187166,0.16711229946524064,0.0,1.1697860962566844,0.6684491978609626,4.9799025361932205,2.2063226904529265
23.0,2023,1,0,1,0,6,1,0,1,7,60326,28452,31874,1.3261280376620364,0.0,0.16576600470775454,0.0,0.9945960282465272,0.16576600470775454,2.460283987065935,0.31373533287318817
23.0,2023,2,0,0,0,8,4,0,1,11,60326,28452,31874,1.9891920564930543,0.0,0.0,0.0,1.3261280376620364,0.6630640188310182,3.8661605511036132,0.31373533287318817
23.0,2023,3,0,0,0,2,3,0,0,5,60326,28452,31874,0.8288300235387727,0.0,0.0,0.0,0.3315320094155091,0.4972980141232636,1.757345705047097,0.0
24.0,2015,1,82,0,18,2,3,0,51,54,75777,34662,41115,13.85644720693614,10.82122543779775,0.0,2.3753909497604813,0.2639323277511646,0.3958984916267469,15.579020252726329,12.404232032105071
24.0,2015,2,71,1,15,4,3,0,44,50,75777,34662,41115,12.404819404304735,9.369597635166343,0.1319661638755823,1.9794924581337345,0.5278646555023292,0.3958984916267469,14.425018752524378,10.701690380639668
24.0,2015,3,61,0,16,7,3,0,34,53,75777,34662,41115,11.481056257175661,8.04993599641052,0.0,2.1114586220093168,0.9237631471290761,0.3958984916267469,15.290519877675841,8.269488021403381
24.0,2015,4,72,3,12,7,1,0,43,52,75777,34662,41115,12.536785568180319,9.501563799041925,0.3958984916267469,1.5835939665069876,0.9237631471290761,0.1319661638755823,15.002019502625354,10.45847014471604
24.0,2016,1,103,0,10,1,5,0,56,62,75953,34712,41241,15.66758390057009,13.56101799797243,0.0,1.316603689123537,0.1316603689123537,0.6583018445617685,17.86125835445955,13.57872020562062
24.0,2016,2,75,1,16,2,0,0,52,42,75953,34712,41241,12.376074677761247,9.874527668426527,0.1316603689123537,2.106565902597659,0.2633207378247074,0.0,12.099562111085504,12.608811619504861
24.0,2016,3,110,0,12,5,7,0,57,77,75953,34712,41241,17.642489434255396,14.482640580358906,0.0,1.5799244269482442,0.6583018445617685,0.9216225823864759,22.18253053699009,13.821197352149559
24.0,2016,4,87,0,9,6,1,0,38,65,75953,34712,41241,13.56101799797243,11.454452095374771,0.0,1.1849433202111832,0.7899622134741221,0.1316603689123537,18.72551279096566,9.214131568099706
24.0,2017,1,166,0,12,7,3,0,89,99,76133,34768,41365,24.693628255815483,21.8039483535392,0.0,1.5761890376052434,0.9194436052697254,0.39404725940131086,28.474459272894613,21.515774205245982
24.0,2017,2,123,1,32,2,1,0,76,83,76133,34768,41365,20.884504748269478,16.155937635453746,0.1313490864671036,4.2031707669473155,0.2626981729342072,0.1313490864671036,23.87252646111367,18.373020669648252
24.0,2017,3,188,1,41,6,5,0,104,137,76133,34768,41365,31.655129838571973,24.693628255815483,0.1313490864671036,5.3853125451512485,0.7880945188026217,0.6567454323355181,39.40404970087437,25.14202828478182
24.0,2017,4,216,0,15,8,2,0,121,120,76133,34768,41365,31.655129838571973,28.37140267689438,0.0,1.9702362970065543,1.0507926917368289,0.2626981729342072,34.51449608835711,29.251782908255773
24.0,2018,1,220,0,16,8,9,0,103,150,76588,34962,41626,33.033895649449,28.725126651694783,0.0,2.089100120123257,1.0445500600616284,1.175118817569332,42.90372404324695,24.744150290683706
24.0,2018,2,260,4,18,0,6,0,133,155,76588,34962,41626,37.60380216221862,33.94787695200293,0.5222750300308142,2.350237635138664,0.0,0.7834125450462213,44.33384817802185,31.951184355931392
24.0,2018,3,315,2,21,8,8,0,169,185,76588,34962,41626,46.22134015772706,41.12915861492662,0.2611375150154071,2.7419439076617746,1.0445500600616284,1.0445500600616284,52.91459298667124,40.59962523422861
24.0,2018,4,301,0,11,14,8,0,160,174,76588,34962,41626,43.60996500757299,39.301196009818774,0.0,1.436256332584739,1.8279626051078497,1.0445500600616284,49.76831989016647,38.4375150146543
24.0,2019,1,181,1,14,17,9,0,87,135,80003,36556,43447,27.748959414021975,22.62415159431521,0.12499531267577466,1.7499343774608451,2.1249203154881693,1.124957814081972,36.92964219280009,20.024397541832577
24.0,2019,2,12,1,17,7,2,0,23,16,80003,36556,43447,4.874817194355211,1.499943752109296,0.12499531267577466,2.1249203154881693,0.8749671887304226,0.2499906253515493,4.37684648210964,5.293806246691371
24.0,2019,3,19,2,16,5,6,0,26,22,80003,36556,43447,5.999775008437184,2.3749109408397184,0.2499906253515493,1.9999250028123945,0.6249765633788733,0.749971876054648,6.0181639129007545,5.9843027136511155
24.0,2019,4,19,0,11,5,10,0,21,24,80003,36556,43447,5.62478907040986,2.3749109408397184,0.0,1.3749484394335212,0.6249765633788733,1.2499531267577466,6.565269723164461,4.8334752687182085
24.0,2020,1,15,2,27,3,2,0,26,23,79808,36623,43185,6.139735364875702,1.8795108259823576,0.25060144346431434,3.3831194867682437,0.3759021651964715,0.25060144346431434,6.280206427654752,6.020609007757323
24.0,2020,2,8,0,40,7,4,0,40,19,79808,36623,43185,7.392742582197274,1.0024057738572574,0.0,5.012028869286287,0.8771050521251003,0.5012028869286287,5.1879966141495775,9.262475396549728
24.0,2020,3,21,1,53,8,4,0,60,27,79808,36623,43185,10.901162790697674,2.6313151563753006,0.12530072173215717,6.6409382518043305,1.0024057738572574,0.5012028869286287,7.372416241159926,13.89371309482459
24.0,2020,4,14,0,37,12,6,0,38,31,79808,36623,43185,8.645749799518844,1.7542101042502005,0.0,4.636126704089816,1.503608660785886,0.751804330392943,8.464626054665102,8.799351626722242
24.0,2021,1,7,1,65,3,4,0,61,19,79640,36747,42893,10.045203415369162,0.8789552988448016,0.12556504269211452,8.161727774987442,0.3766951280763436,0.5022601707684581,5.17049010803603,14.221434732940105
24.0,2021,2,13,1,67,6,2,0,66,23,79640,36747,42893,11.175288799598192,1.6323455549974888,0.12556504269211452,8.412857860371671,0.7533902561526872,0.25113008538422904,6.259014341306774,15.387126104492573
24.0,2021,3,15,0,8,11,5,0,14,25,79640,36747,42893,4.897036664992466,1.8834756403817177,0.0,1.0045203415369162,1.3812154696132597,0.6278252134605726,6.803276457942145,3.2639358403469094
24.0,2021,4,25,1,9,9,10,0,26,28,79640,36747,42893,6.7805123053741845,3.139126067302863,0.12556504269211452,1.1300853842290306,1.1300853842290306,1.2556504269211453,7.619669632895202,6.061595132072832
24.0,2022,1,11,0,0,8,9,0,8,20,78824,36626,42198,3.5522175987009033,1.3955140566324977,0.0,0.0,1.0149193139145438,1.1417842281538617,5.460601758313766,1.8958244466562397
24.0,2022,2,11,1,0,3,3,0,8,10,78824,36626,42198,2.2835684563077234,1.3955140566324977,0.12686491423931798,0.0,0.3805947427179539,0.3805947427179539,2.730300879156883,1.8958244466562397
24.0,2022,3,14,0,0,12,3,0,5,24,78824,36626,42198,3.679082512940221,1.7761087993504516,0.0,0.0,1.5223789708718156,0.3805947427179539,6.552722109976519,1.1848902791601499
24.0,2022,4,19,0,0,14,7,0,9,31,78824,36626,42198,5.074596569572719,2.4104333705470418,0.0,0.0,1.7761087993504516,0.8880543996752258,8.463932725386337,2.1328025024882695
24.0,2023,1,0,1,0,15,6,0,5,17,77617,36223,41394,2.834430601543476,0.0,0.12883775461561256,0.0,1.9325663192341884,0.7730265276936753,4.693150760566491,1.207904527226168
24.0,2023,2,0,1,0,7,8,0,3,13,77617,36223,41394,2.061404073849801,0.0,0.12883775461561256,0.0,0.901864282309288,1.0307020369249005,3.588879993374375,0.7247427163357009
24.0,2023,3,0,0,0,7,7,0,4,10,77617,36223,41394,1.803728564618576,0.0,0.0,0.0,0.901864282309288,0.901864282309288,2.760676917980289,0.9663236217809344
25.0,2015,1,48,0,4,2,1,0,23,31,37653,17113,20540,14.607069821793749,12.747988208110907,0.0,1.0623323506759088,0.5311661753379544,0.2655830876689772,18.114883421959913,11.197663096397275
25.0,2015,2,30,0,5,1,0,0,17,19,37653,17113,20540,9.56099115608318,7.967492630069317,0.0,1.3279154383448861,0.2655830876689772,0.0,11.102670484427044,8.27653359298929
25.0,2015,3,34,0,2,2,3,0,17,24,37653,17113,20540,10.888906594428066,9.029824980745225,0.0,0.5311661753379544,0.5311661753379544,0.7967492630069317,14.02442587506574,8.27653359298929
25.0,2015,4,35,0,0,2,2,0,13,26,37653,17113,20540,10.357740419090112,9.295408068414204,0.0,0.0,0.5311661753379544,0.5311661753379544,15.19312803132122,6.329113924050633
25.0,2016,1,68,0,2,0,5,0,31,44,38573,17512,21061,19.443652295647215,17.628911414720143,0.0,0.5184973945505924,0.0,1.2962434863764811,25.12562814070352,14.719149138217558
25.0,2016,2,44,0,0,3,0,0,16,31,38573,17512,21061,12.184688771938921,11.406942680113033,0.0,0.0,0.7777460918258886,0.0,17.702147099132024,7.596980200370353
25.0,2016,3,47,0,1,2,0,0,18,32,38573,17512,21061,12.96243486376481,12.184688771938921,0.0,0.2592486972752962,0.5184973945505924,0.0,18.273184102329832,8.546602725416648
25.0,2016,4,47,0,2,4,2,0,18,37,38573,17512,21061,14.25867835014129,12.184688771938921,0.0,0.5184973945505924,1.0369947891011848,0.5184973945505924,21.12836911831887,8.546602725416648
25.0,2017,1,101,2,6,1,4,0,45,69,39491,17913,21578,28.867336861563395,25.575447570332482,0.5064445063432175,1.5193335190296522,0.25322225317160874,1.012889012686435,38.51951096968682,20.854574103253313
25.0,2017,2,90,0,5,5,2,0,40,62,39491,17913,21578,25.82866982350409,22.790002785444784,0.0,1.2661112658580436,1.2661112658580436,0.5064445063432175,34.6117344945012,18.537399202891834
25.0,2017,3,126,0,9,4,2,0,62,79,39491,17913,21578,35.70433769719683,31.9060038996227,0.0,2.2790002785444785,1.012889012686435,0.5064445063432175,44.10204879138056,28.732968764482344
25.0,2017,4,135,1,12,7,4,0,69,89,39491,17913,21578,40.26233825428579,34.185004178167176,0.25322225317160874,3.0386670380593044,1.772555772201261,1.012889012686435,49.6845866130743,31.977013624988416
25.0,2018,1,137,4,4,2,8,0,69,86,40557,18384,22173,38.217816899672066,33.77961880809725,0.9862662425721824,0.9862662425721824,0.4931331212860912,1.9725324851443649,46.77980852915579,31.11892842646462
25.0,2018,2,133,0,2,6,2,0,50,93,40557,18384,22173,35.25901817195552,32.79335256552506,0.0,0.4931331212860912,1.4793993638582736,0.4931331212860912,50.587467362924286,22.54994813511929
25.0,2018,3,147,0,10,2,0,0,66,93,40557,18384,22173,39.204083142244244,36.2452844145277,0.0,2.465665606430456,0.4931331212860912,0.0,50.587467362924286,29.765931538357464
25.0,2018,4,166,0,14,6,8,0,81,113,40557,18384,22173,47.83391276475085,40.93004906674557,0.0,3.451931849002638,1.4793993638582736,1.9725324851443649,61.46649260226284,36.53091597889325
25.0,2019,1,140,0,4,6,3,0,65,88,42823,19418,23405,35.72846367606193,32.692711860448824,0.0,0.9340774817271092,1.4011162225906637,0.7005581112953319,45.31877639303738,27.771843623157444
25.0,2019,2,9,0,5,4,1,0,8,11,42823,19418,23405,4.436868038203769,2.101674333885996,0.0,1.1675968521588864,0.9340774817271092,0.2335193704317773,5.664847049129673,3.4180730613116856
25.0,2019,3,13,0,4,4,2,0,11,12,42823,19418,23405,5.370945519930879,3.0357518156131054,0.0,0.9340774817271092,0.9340774817271092,0.4670387408635546,6.179833144505098,4.699850459303567
25.0,2019,4,8,0,6,4,5,0,14,9,42823,19418,23405,5.370945519930879,1.8681549634542185,0.0,1.4011162225906637,0.9340774817271092,1.1675968521588864,4.634874858378824,5.981627857295449
25.0,2020,1,6,0,4,3,1,0,9,5,43555,19828,23727,3.2143267133509354,1.3775685914361153,0.0,0.9183790609574102,0.6887842957180577,0.22959476523935254,2.5216865039338305,3.7931470476672144
25.0,2020,2,7,0,3,2,1,0,7,6,43555,19828,23727,2.984731948111583,1.6071633566754677,0.0,0.6887842957180577,0.4591895304787051,0.22959476523935254,3.0260238047205967,2.950225481518945
25.0,2020,3,11,1,2,5,2,0,7,14,43555,19828,23727,4.821490070026403,2.5255424176328782,0.22959476523935254,0.4591895304787051,1.1479738261967627,0.4591895304787051,7.060722211014727,2.950225481518945
25.0,2020,4,10,1,6,0,3,0,9,11,43555,19828,23727,4.591895304787051,2.2959476523935254,0.22959476523935254,1.3775685914361153,0.0,0.6887842957180577,5.547710308654428,3.7931470476672144
25.0,2021,1,6,0,1,2,0,0,6,3,44296,20271,24025,2.031786165793751,1.3545241105291674,0.0,0.2257540184215279,0.4515080368430558,0.0,1.479946721918011,2.4973985431841834
25.0,2021,2,5,1,3,2,0,0,5,6,44296,20271,24025,2.483294202636807,1.1287700921076396,0.2257540184215279,0.6772620552645837,0.4515080368430558,0.0,2.959893443836022,2.081165452653486
25.0,2021,3,13,0,4,4,5,0,7,19,44296,20271,24025,5.869604478959726,2.934802239479863,0.0,0.9030160736861116,0.9030160736861116,1.1287700921076396,9.372995905480735,2.9136316337148807
25.0,2021,4,10,1,1,7,3,0,7,15,44296,20271,24025,4.966588405273614,2.257540184215279,0.2257540184215279,0.2257540184215279,1.5802781289506955,0.6772620552645837,7.399733609590055,2.9136316337148807
25.0,2022,1,4,0,0,2,1,0,1,6,44657,20574,24083,1.567503414918154,0.8957162370960879,0.0,0.0,0.44785811854804397,0.22392905927402199,2.916302128900554,0.41523066063198105
25.0,2022,2,3,0,0,3,3,0,2,7,44657,20574,24083,2.015361533466198,0.671787177822066,0.0,0.0,0.671787177822066,0.671787177822066,3.4023524837173134,0.8304613212639621
25.0,2022,3,10,0,0,0,3,0,5,8,44657,20574,24083,2.9110777705622857,2.23929059274022,0.0,0.0,0.0,0.671787177822066,3.888402838534072,2.0761533031599053
25.0,2022,4,5,2,0,2,2,0,3,8,44657,20574,24083,2.4632196520142418,1.11964529637011,0.44785811854804397,0.0,0.44785811854804397,0.44785811854804397,3.888402838534072,1.245691981895943
25.0,2023,1,0,0,0,0,2,0,0,2,44766,20709,24057,0.44676763615243714,0.0,0.0,0.0,0.0,0.44676763615243714,0.9657636776280843,0.0
25.0,2023,2,0,0,0,3,2,0,0,5,44766,20709,24057,1.1169190903810928,0.0,0.0,0.0,0.6701514542286557,0.44676763615243714,2.414409194070211,0.0
25.0,2023,3,0,0,0,2,3,0,0,5,44766,20709,24057,1.1169190903810928,0.0,0.0,0.0,0.44676763615243714,0.6701514542286557,2.414409194070211,0.0
26.0,2015,1,89,1,8,16,17,0,40,90,100458,47763,52695,13.040275538035795,8.859423838818213,0.09954408807660914,0.7963527046128731,1.5927054092257462,1.6922494973023552,18.84303749764462,7.59085302210836
26.0,2015,2,61,4,14,10,21,0,30,80,100458,47763,52695,10.949849688427005,6.072189372673157,0.39817635230643655,1.3936172330725278,0.9954408807660913,2.090425849608792,16.749366664572996,5.69313976658127
26.0,2015,3,89,0,8,16,14,0,51,76,100458,47763,52695,12.642099185729359,8.859423838818213,0.0,0.7963527046128731,1.5927054092257462,1.3936172330725278,15.911898331344345,9.678337603188158
26.0,2015,4,119,5,6,10,14,0,47,107,100458,47763,52695,15.329789563797807,11.845746481116487,0.49772044038304564,0.5972645284596547,0.9954408807660913,1.3936172330725278,22.40227791386638,8.919252300977321
26.0,2016,1,203,2,6,12,18,0,90,151,99846,47464,52382,24.137171243715322,20.331310217735314,0.20030847505157945,0.6009254251547382,1.2018508503094765,1.802776275464215,31.813585032867014,17.181474552327135
26.0,2016,2,131,3,9,10,6,0,59,100,99846,47464,52382,15.924523766600565,13.120205115878454,0.3004627125773691,0.9013881377321075,1.0015423752578971,0.6009254251547382,21.06859935951458,11.263411095414455
26.0,2016,3,151,1,9,14,11,0,68,118,99846,47464,52382,18.628688179796885,15.123289866394247,0.10015423752578972,0.9013881377321075,1.402159325361056,1.101696612783687,24.860947244227205,12.981558550647168
26.0,2016,4,162,1,7,12,10,0,83,109,99846,47464,52382,19.229613604951624,16.224986479177936,0.10015423752578972,0.701079662680528,1.2018508503094765,1.0015423752578971,22.964773301870892,15.845137642701692
26.0,2017,1,333,1,18,4,14,0,166,204,99412,47261,52151,37.21884681929747,33.496962137367724,0.10059147788999315,1.8106466020198768,0.4023659115599726,1.4082806904599043,43.16455428365883,31.830645625203733
26.0,2017,2,226,2,11,15,17,0,110,161,99412,47261,52151,27.260290508188145,22.733674003138454,0.2011829557799863,1.1065062567899249,1.5088721683498973,1.7100551241298838,34.06614333171114,21.09259649862898
26.0,2017,3,354,2,15,18,14,0,181,222,99412,47261,52151,40.538365589667244,35.60938317305758,0.2011829557799863,1.5088721683498973,1.8106466020198768,1.4082806904599043,46.97319142633461,34.70690878410769
26.0,2017,4,474,1,22,11,14,0,248,274,99412,47261,52151,52.508751458576434,47.68036051985676,0.10059147788999315,2.2130125135798497,1.1065062567899249,1.4082806904599043,57.97592094962019,47.55421756054534
26.0,2018,1,452,4,35,26,26,0,226,317,99530,47242,52288,54.556415151210686,45.41344318295991,0.4018888777253089,3.5165276800964533,2.6122777052145083,2.6122777052145083,67.101308157995,43.222154222766214
26.0,2018,2,476,2,40,28,24,0,226,344,99530,47242,52288,57.26916507585653,47.82477644931176,0.20094443886265445,4.01888877725309,2.8132221440771628,2.411333266351854,72.81656153422801,43.222154222766214
26.0,2018,3,566,4,38,32,26,0,282,384,99530,47242,52288,66.91449814126395,56.867276198131215,0.4018888777253089,3.817944338390435,3.215111021802471,2.6122777052145083,81.28360357309175,53.93206854345165
26.0,2018,4,569,0,29,41,17,0,300,356,99530,47242,52288,65.90977594695067,57.168692856425196,0.0,2.91369436350849,4.119360996684417,1.708027730332563,75.35667414588714,57.374541003671965
26.0,2019,1,414,0,29,59,41,0,223,320,100323,47687,52636,54.125175682545375,41.26670853144344,0.0,2.8906631579996613,5.881004355930345,4.086799637171935,67.10424224631451,42.36644121893761
26.0,2019,2,33,3,30,27,19,1,40,71,100323,47687,52636,11.163940472274554,3.2893753177237524,0.2990341197930684,2.9903411979306838,2.6913070781376156,1.893882758689433,14.888753748401031,7.599361653621095
26.0,2019,3,53,0,16,28,12,0,47,62,100323,47687,52636,10.864906352481484,5.282936116344208,0.0,1.5948486388963647,2.7909851180686385,1.1961364791722735,13.001446935223436,8.929249943004788
26.0,2019,4,43,2,19,16,11,0,43,48,100323,47687,52636,9.070701633723075,4.286155717033981,0.1993560798620456,1.893882758689433,1.5948486388963647,1.0964584392412509,10.065636336947176,8.169313777642678
26.0,2020,1,49,2,18,14,9,0,42,50,101318,48221,53097,9.080321364416985,4.8362581180046975,0.197398290530804,1.776584614777236,1.381788033715628,0.888292307388618,10.368926401360403,7.9100514153342
26.0,2020,2,16,0,9,12,3,0,11,29,101318,48221,53097,3.94796581061608,1.579186324246432,0.0,0.888292307388618,1.184389743184824,0.296097435796206,6.0139773127890335,2.0716801325875287
26.0,2020,3,31,1,12,23,10,0,26,51,101318,48221,53097,7.599834185435954,3.059673503227462,0.098699145265402,1.184389743184824,2.2700803411042463,0.98699145265402,10.57630492938761,4.896698495206886
26.0,2020,4,35,3,15,13,14,0,37,43,101318,48221,53097,7.89593162123216,3.45447008428907,0.296097435796206,1.48048717898103,1.283088888450226,1.381788033715628,8.917276705169947,6.968378627794414
26.0,2021,1,27,1,25,26,24,0,43,60,101654,48414,53240,10.132409939599032,2.6560686249434355,0.09837291203494206,2.4593228008735513,2.5576957129084934,2.3609498888386096,12.393109431156276,8.07663410969196
26.0,2021,2,27,2,12,32,24,0,31,66,101654,48414,53240,9.54217246738938,2.6560686249434355,0.1967458240698841,1.1804749444193048,3.147933185118146,2.3609498888386096,13.632420374271904,5.822689706987227
26.0,2021,3,43,3,18,29,24,0,37,80,101654,48414,53240,11.50963070808822,4.230035217502508,0.2951187361048262,1.770712416628957,2.8528144490133194,2.3609498888386096,16.524145908208368,6.949661908339594
26.0,2021,4,38,2,10,21,15,0,25,61,101654,48414,53240,8.460070435005017,3.738170657327798,0.1967458240698841,0.9837291203494206,2.065831152733783,1.4755936805241308,12.599661255008883,4.695717505634861
26.0,2022,1,25,1,0,29,17,0,13,59,101386,48275,53111,7.101572209180755,2.465823683743318,0.09863294734973271,0.0,2.8603554731422483,1.676760104945456,12.221646815121698,2.4477038654892587
26.0,2022,2,23,2,0,32,15,0,19,53,101386,48275,53111,7.101572209180755,2.2685577890438524,0.19726589469946543,0.0,3.156254315191447,1.4794942102459905,10.97876747799068,3.5774133418689162
26.0,2022,3,31,3,0,19,27,0,17,63,101386,48275,53111,7.890635787978616,3.057621367841714,0.2958988420491981,0.0,1.8740259996449213,2.6630895784427833,13.050233039875712,3.20084351640903
26.0,2022,4,24,1,0,26,20,0,14,57,101386,48275,53111,7.002939261831021,2.3671907363935847,0.09863294734973271,0.0,2.5644566310930506,1.972658946994654,11.807353702744692,2.6359887782192013
26.0,2023,1,0,2,0,27,38,0,10,57,100885,48044,52841,6.641225157357387,0.0,0.19824552708529514,0.0,2.6763146156514845,3.766665014620608,11.864124552493546,1.892469862417441
26.0,2023,2,0,1,0,24,25,0,3,47,100885,48044,52841,4.956138177132378,0.0,0.09912276354264757,0.0,2.378946325023542,2.478069088566189,9.78269919240696,0.5677409587252322
26.0,2023,3,0,1,0,23,27,0,3,48,100885,48044,52841,5.0552609406750255,0.0,0.09912276354264757,0.0,2.279823561480894,2.6763146156514845,9.990841728415619,0.5677409587252322
27.0,2015,1,158,2,17,7,6,0,78,112,163366,76565,86801,11.630326995825326,9.671535080738954,0.12242449469289816,1.0406082048896343,0.4284857314251435,0.3672734840786945,14.628093776529747,8.986071589036992
27.0,2015,2,94,0,8,11,4,0,44,73,163366,76565,86801,7.161832939534542,5.753951250566214,0.0,0.48969797877159266,0.6733347208109398,0.24484898938579633,9.534382550773852,5.069066024584971
27.0,2015,3,103,3,16,13,8,0,67,76,163366,76565,86801,8.753351370542218,6.3048614766842555,0.18363674203934724,0.9793959575431853,0.795759215503838,0.48969797877159266,9.926206491216615,7.71880508289075
27.0,2015,4,89,2,10,11,8,0,48,72,163366,76565,86801,7.3454696815738885,5.447890013833968,0.12242449469289816,0.6121224734644908,0.6733347208109398,0.48969797877159266,9.403774570626265,5.529890208638149
27.0,2016,1,154,3,14,11,11,0,79,114,163927,76816,87111,11.77353334106035,9.394425567478207,0.1830082902755495,0.8540386879525642,0.6710303976770147,0.6710303976770147,14.840658196209123,9.068889118481017
27.0,2016,2,136,4,11,8,14,0,72,101,163927,76816,87111,10.553478072556686,8.29637582582491,0.24401105370073264,0.6710303976770147,0.4880221074014653,0.8540386879525642,13.148302436992294,8.265316664944725
27.0,2016,3,165,3,7,7,9,0,87,104,163927,76816,87111,11.651527814209985,10.06545596515522,0.1830082902755495,0.4270193439762821,0.4270193439762821,0.5490248708266484,13.53884607373464,9.987257636808211
27.0,2016,4,166,2,8,15,15,0,70,136,163927,76816,87111,12.56656926558773,10.126458728580406,0.12200552685036632,0.4880221074014653,0.9150414513777475,0.9150414513777475,17.704644865652988,8.035724535362927
27.0,2017,1,227,4,13,10,11,0,106,159,164701,77178,87523,16.089762660821734,13.782551411345407,0.24286434205013935,0.7893091116629529,0.6071608551253483,0.6678769406378832,20.601725880432248,12.111102224558117
27.0,2017,2,258,2,13,7,17,0,121,176,164701,77178,87523,18.032677397222844,15.664750062233988,0.12143217102506967,0.7893091116629529,0.4250125985877438,1.0321734537130922,22.804426131799218,13.824937445014454
27.0,2017,3,303,5,12,11,17,0,163,185,164701,77178,87523,21.12919775836212,18.396973910298055,0.30358042756267417,0.7285930261504181,0.6678769406378832,1.0321734537130922,23.9705615589935,18.623676062292198
27.0,2017,4,433,1,9,8,14,0,207,258,164701,77178,87523,28.232979763328697,26.290065026927582,0.06071608551253484,0.5464447696128135,0.4857286841002787,0.8500251971754876,33.42921557956931,23.650926042297453
27.0,2018,1,376,0,35,28,14,0,198,255,166333,77901,88432,27.23452351607919,22.605255721955356,0.0,2.1042126336926525,1.683370106954122,0.841685053477061,32.73385450764432,22.390085037090646
27.0,2018,2,408,8,26,24,35,0,221,280,166333,77901,88432,30.120300842286255,24.52910727276007,0.4809628877011778,1.5631293850288277,1.4428886631035334,2.1042126336926525,35.94305592996239,24.99095350099512
27.0,2018,3,386,2,59,19,23,0,225,264,166333,77901,88432,29.398856510734493,23.20645933158183,0.12024072192529445,3.547101296796186,1.1422868582902972,1.382768302140886,33.88916701967882,25.44327845123937
27.0,2018,4,399,12,31,24,30,1,209,285,166333,77901,88432,29.81969903747302,23.98802402409624,0.7214443315517667,1.8637311898420637,1.4428886631035334,1.8036108288794166,36.584896214426,23.63397865026235
27.0,2019,1,269,0,19,13,18,0,156,163,170068,79760,90308,18.75720300115248,15.817202530752404,0.0,1.1172001787520285,0.7644001223040195,1.058400169344027,20.43630892678034,17.274217123621384
27.0,2019,2,30,2,17,9,13,0,39,32,170068,79760,90308,4.174800667968107,1.7640002822400451,0.11760001881600302,0.9996001599360256,0.5292000846720135,0.7644001223040195,4.012036108324975,4.318554280905346
27.0,2019,3,25,1,32,13,18,0,41,48,170068,79760,90308,5.233200837312134,1.4700002352000376,0.05880000940800151,1.8816003010560483,0.7644001223040195,1.058400169344027,6.018054162487463,4.540018603003056
27.0,2019,4,29,3,9,8,12,0,26,35,170068,79760,90308,3.586800573888092,1.7052002728320435,0.17640002822400452,0.5292000846720135,0.47040007526401206,0.7056001128960181,4.388164493480441,2.8790361872702306
27.0,2020,1,39,4,19,8,16,0,32,54,176700,82963,93737,4.86700622524052,2.2071307300509337,0.22637238256932654,1.075268817204301,0.4527447651386531,0.9054895302773062,6.508925665658185,3.413806714531082
27.0,2020,2,14,2,10,4,23,0,18,35,176700,82963,93737,2.9994340690435766,0.7923033389926429,0.11318619128466327,0.5659309564233164,0.22637238256932654,1.3016411997736275,4.218748116630305,1.9202662769237335
27.0,2020,3,20,4,21,19,14,0,29,49,176700,82963,93737,4.4142614601018675,1.1318619128466327,0.22637238256932654,1.1884550084889642,1.075268817204301,0.7923033389926429,5.906247363282427,3.093762335043793
27.0,2020,4,21,2,22,8,17,0,35,35,176700,82963,93737,3.9615166949632146,1.1884550084889642,0.11318619128466327,1.245048104131296,0.4527447651386531,0.9620826259196378,4.218748116630305,3.7338510940183705
27.0,2021,1,22,0,20,5,17,0,36,28,182328,85641,96687,3.5101575183186347,1.2066166469220307,0.0,1.0969242244745732,0.2742310561186433,0.9323855908033872,3.2694620567251667,3.7233547426231035
27.0,2021,2,21,2,27,11,15,0,37,39,182328,85641,96687,4.168312053003379,1.151770435698302,0.10969242244745733,1.480847703040674,0.6033083234610154,0.82269316835593,4.553893579010054,3.826781263251523
27.0,2021,3,28,1,17,11,16,0,36,37,182328,85641,96687,4.003773419332193,1.5356939142644026,0.054846211223728666,0.9323855908033872,0.6033083234610154,0.8775393795796587,4.320360574958256,3.7233547426231035
27.0,2021,4,20,3,27,16,9,1,36,38,182328,85641,96687,4.11346584177965,1.0969242244745732,0.16453863367118599,1.480847703040674,0.8775393795796587,0.49361590101355796,4.437127076984154,3.7233547426231035
27.0,2022,1,18,2,0,10,23,0,14,39,187097,87903,99194,2.8327552018471702,0.9620678044009258,0.10689642271121397,0.0,0.5344821135560699,1.2293088611789607,4.436708644756152,1.4113756880456478
27.0,2022,2,13,5,0,6,15,0,8,31,187097,87903,99194,2.0844802428686724,0.6948267476228908,0.26724105677803495,0.0,0.3206892681336419,0.8017231703341048,3.5266145637805306,0.8065003931689416
27.0,2022,3,23,4,0,4,17,0,7,41,187097,87903,99194,2.565514145069135,1.2293088611789607,0.21379284542242794,0.0,0.21379284542242794,0.9086195930453187,4.664232165000056,0.7056878440228239
27.0,2022,4,19,4,0,9,32,0,16,48,187097,87903,99194,3.420685526758847,1.0155160157565326,0.21379284542242794,0.0,0.4810339022004629,1.7103427633794235,5.460564485853725,1.6130007863378832
27.0,2023,1,0,0,0,18,26,0,6,38,191512,90018,101494,2.297506161493797,0.0,0.0,0.0,0.9398888842474623,1.3576172772463344,4.221377946632895,0.5911679508148264
27.0,2023,2,0,5,0,13,19,0,7,30,191512,90018,101494,1.9319938176197835,0.0,0.2610802456242951,0.0,0.6788086386231672,0.9921049333723213,3.332666799973339,0.6896959426172976
27.0,2023,3,0,0,0,6,14,0,5,15,191512,90018,101494,1.0443209824971804,0.0,0.0,0.0,0.31329629474915405,0.7310246877480262,1.6663333999866694,0.4926399590123554
28.0,2015,1,150,6,28,8,16,0,91,117,261019,125124,135895,7.968768557078221,5.746708094046793,0.22986832376187175,1.072718844222068,0.3064910983491623,0.6129821966983247,9.350724081710943,6.696346443945693
28.0,2015,2,111,6,40,4,12,0,82,91,261019,125124,135895,6.627870001800635,4.252563989594627,0.22986832376187175,1.5324554917458115,0.15324554917458116,0.4597366475237435,7.272785396886289,6.034070422016998
28.0,2015,3,129,8,36,7,13,0,85,108,261019,125124,135895,7.394097747673541,4.942168960880243,0.3064910983491623,1.3792099425712303,0.268179711055517,0.4980480348173888,8.631437613887025,6.254829095993229
28.0,2015,4,142,14,24,4,12,0,77,119,261019,125124,135895,7.509031909554476,5.440216995697631,0.536359422111034,0.919473295047487,0.15324554917458116,0.4597366475237435,9.510565519005146,5.666139298723279
28.0,2016,1,226,8,36,5,12,0,127,160,262149,125581,136568,10.947972336343073,8.621051386806739,0.30516996059492885,1.3732648226771798,0.19073122537183052,0.45775494089239327,12.74078085060638,9.29939663757249
28.0,2016,2,171,10,24,5,23,0,99,134,262149,125581,136568,8.888075102327303,6.523007907716604,0.38146245074366103,0.9155098817847865,0.19073122537183052,0.8773636367104204,10.670403962382844,7.249135961572256
28.0,2016,3,203,9,22,4,26,0,111,153,262149,125581,136568,10.070608699632652,7.743687750096319,0.34331620566929494,0.8392173916360544,0.15258498029746442,0.9918023719335187,12.183371688392352,8.1278191084295
28.0,2016,4,239,5,20,11,22,0,124,173,262149,125581,136568,11.329434787086734,9.1169525727735,0.19073122537183052,0.7629249014873221,0.4196086958180272,0.8392173916360544,13.77596929471815,9.07972585085818
28.0,2017,1,371,10,24,7,31,0,187,256,263441,126201,137240,16.81590944461948,14.082849670324666,0.3795916353187241,0.9110199247649379,0.2657141447231069,1.1767340694880448,20.285100751975026,13.625765083066161
28.0,2017,2,325,9,22,8,26,0,147,243,263441,126201,137240,14.804073777430242,12.336728147858535,0.34163247178685174,0.835101597701193,0.3036733082549793,0.9869382518286827,19.25499797941379,10.711162926260567
28.0,2017,3,472,4,31,10,35,0,245,307,263441,126201,137240,20.953458269593572,17.916725187043777,0.15183665412748965,1.1767340694880448,0.3795916353187241,1.3285707236155344,24.32627316740755,17.851938210434273
28.0,2017,4,497,12,15,8,21,0,222,331,263441,126201,137240,20.991417433125445,18.86570427534059,0.45550996238246894,0.5693874529780862,0.3036733082549793,0.7971424341693206,26.228001362905207,16.176041970271058
28.0,2018,1,457,10,68,30,48,0,270,343,266238,127428,138810,23.024511902883884,17.165092886815557,0.3756037830813032,2.5541057249528616,1.1268113492439096,1.8028981587902553,26.917161063502526,19.451048195374973
28.0,2018,2,532,16,59,26,80,0,305,408,266238,127428,138810,26.78054973369692,19.98212125992533,0.6009660529300851,2.216062320179689,0.9765698360113882,3.0048302646504257,32.018080798568604,21.972480368849507
28.0,2018,3,556,8,96,60,64,0,318,466,266238,127428,138810,29.447336593574168,20.88357033932046,0.30048302646504255,3.6057963175805106,2.253622698487819,2.4038642117203404,36.56967071601218,22.909012318997192
28.0,2018,4,515,8,70,39,63,1,302,391,266238,127428,138810,26.10446292415057,19.343594828687113,0.30048302646504255,2.629226481569122,1.4648547540170824,2.36630383341221,30.683994098628247,21.756357611123118
28.0,2019,1,386,10,61,19,53,0,248,281,272474,130548,141926,19.41469644810147,14.166489279711092,0.3670074942930335,2.238745715187504,0.6973142391567635,1.9451397197530775,21.524649937187853,17.473894846610204
28.0,2019,2,35,12,46,18,41,1,58,93,272474,130548,141926,5.578513913254108,1.284526230025617,0.44040899315164017,1.688234473747954,0.6606134897274603,1.5047307266014371,7.123816527254344,4.086636697997548
28.0,2019,3,32,8,52,25,36,0,62,91,272474,130548,141926,5.615214662683411,1.1744239817377071,0.2936059954344268,1.9084389703237739,0.9175187357325837,1.3212269794549205,6.970616171829519,4.368473711652551
28.0,2019,4,32,4,32,15,35,0,46,72,272474,130548,141926,4.330688432657794,1.1744239817377071,0.1468029977172134,1.1744239817377071,0.5505112414395502,1.284526230025617,5.515212795293685,3.241125657032538
28.0,2020,1,32,2,37,11,21,0,51,52,273387,131109,142278,3.767552956065943,1.1705018892632055,0.07315636807895035,1.3533928094605816,0.40236002443422697,0.7681418648289787,3.966165556903035,3.5845316914772485
28.0,2020,2,29,5,26,12,17,0,42,47,273387,131109,142278,3.255458379513291,1.06076733714478,0.18289092019737588,0.9510327850263547,0.43893820847370213,0.621829128671078,3.584803484123897,2.951967275334205
28.0,2020,3,43,6,24,16,31,0,46,74,273387,131109,142278,4.389382084737021,1.5728619136974327,0.21946910423685106,0.8778764169474043,0.5852509446316028,1.1339237052237305,5.644158677131242,3.233107015842225
28.0,2020,4,31,9,53,24,29,0,62,84,273387,131109,142278,5.340414869763376,1.1339237052237305,0.32920365635527654,1.9386437540921844,0.8778764169474043,1.06076733714478,6.406882822689518,4.357665977874302
28.0,2021,1,41,3,31,10,45,0,50,80,272505,130755,141750,4.770554668721675,1.5045595493660668,0.11008972312434634,1.1375938056182455,0.36696574374782115,1.6513458468651951,6.118312875224657,3.5273368606701943
28.0,2021,2,31,3,46,17,49,0,65,81,272505,130755,141750,5.357699858718188,1.1375938056182455,0.11008972312434634,1.6880424212399774,0.623841764371296,1.7981321443643237,6.1947917861649655,4.585537918871252
28.0,2021,3,36,10,39,7,40,0,55,77,272505,130755,141750,4.843947817471239,1.321076677492156,0.36696574374782115,1.4311664006165024,0.2568760206234748,1.4678629749912846,5.888876142403733,3.880070546737213
28.0,2021,4,46,4,42,12,47,2,55,94,272505,130755,141750,5.5411827305921,1.6880424212399774,0.14678629749912844,1.5412561237408489,0.44035889249738536,1.7247389956147592,7.189017628388972,3.880070546737213
28.0,2022,1,30,2,0,10,42,0,19,65,270028,129623,140405,3.1107885108211,1.1109958967218214,0.07406639311478809,0.0,0.3703319655739405,1.55539425541055,5.014542172299669,1.353228161390264
28.0,2022,2,22,6,0,22,48,0,16,82,270028,129623,140405,3.6292532626246166,0.8147303242626691,0.22219917934436428,0.0,0.8147303242626691,1.7775934347549143,6.326037817362659,1.1395605569602223
28.0,2022,3,28,6,0,14,48,0,20,76,270028,129623,140405,3.5551868695098285,1.0369295036070334,0.22219917934436428,0.0,0.5184647518035167,1.7775934347549143,5.863157001458075,1.4244506962002779
28.0,2022,4,80,6,0,17,41,0,50,94,270028,129623,140405,5.332780304264743,2.962655724591524,0.22219917934436428,0.0,0.6295643414756987,1.518361058853156,7.251799449171829,3.5611267405006948
28.0,2023,1,0,3,0,14,27,0,6,38,266801,128139,138662,1.6491692309998838,0.0,0.11244335665908298,0.0,0.524735664409054,1.0119902099317468,2.965529620178088,0.43270686994273844
28.0,2023,2,0,12,0,8,42,0,4,58,266801,128139,138662,2.323829370954382,0.0,0.4497734266363319,0.0,0.29984895109088794,1.5742069932271618,4.526334683429713,0.28847124662849233
28.0,2023,3,0,7,0,9,27,0,6,37,266801,128139,138662,1.6116881121135227,0.0,0.262367832204527,0.0,0.3373300699772489,1.0119902099317468,2.8874893670155064,0.43270686994273844
29.0,2015,1,56,2,14,11,14,0,34,63,114940,54345,60595,8.439185662084565,4.8721071863581,0.17400382808421785,1.218026796589525,0.9570210544631982,1.218026796589525,11.592602815346398,5.611024011882169
29.0,2015,2,41,4,9,9,10,0,28,45,114940,54345,60595,6.351139725073951,3.567078475726466,0.3480076561684357,0.7830172263789803,0.7830172263789803,0.8700191404210893,8.280430582390284,4.620843303902962
29.0,2015,3,51,4,15,9,13,0,33,59,114940,54345,60595,8.00417609187402,4.437097616147555,0.3480076561684357,1.3050287106316338,0.7830172263789803,1.131024882547416,10.856564541356152,5.445993893885634
29.0,2015,4,84,2,9,6,9,0,40,70,114940,54345,60595,9.570210544631982,7.30816077953715,0.17400382808421785,0.7830172263789803,0.5220114842526535,0.7830172263789803,12.880669794829332,6.601204719861375
29.0,2016,1,154,2,8,9,7,0,74,106,112786,53241,59545,15.959427588530492,13.654176936853865,0.17732697320589433,0.7093078928235773,0.7979713794265245,0.6206444062206302,19.909468266937136,12.427575783021245
29.0,2016,2,116,3,12,8,8,0,58,89,112786,53241,59545,13.033532530633234,10.284964445941872,0.26599045980884156,1.0639618392353662,0.7093078928235773,0.7093078928235773,16.71644033733401,9.74053237047611
29.0,2016,3,138,2,10,10,16,0,60,116,112786,53241,59545,15.604773642118703,12.23556115120671,0.17732697320589433,0.8866348660294717,0.8866348660294717,1.4186157856471546,21.787719990233093,10.076412797044252
29.0,2016,4,99,3,5,10,10,0,53,74,112786,53241,59545,11.260262798574292,8.77768517369177,0.26599045980884156,0.44331743301473586,0.8866348660294717,0.8866348660294717,13.899062752390076,8.900831304055757
29.0,2017,1,210,2,9,12,13,0,70,176,110868,52265,58603,22.188548544214743,18.941443879207707,0.18039470361150198,0.8117761662517589,1.0823682216690118,1.1725655734747629,33.67454319334163,11.944780983908673
29.0,2017,2,205,3,7,17,19,0,91,160,110868,52265,58603,22.639535303243495,18.490457120178952,0.27059205541725295,0.6313814626402569,1.5333549806977667,1.7137496843092686,30.61322108485602,15.528215279081277
29.0,2017,3,272,1,4,11,15,0,114,189,110868,52265,58603,27.329797597142544,24.533679691164267,0.09019735180575099,0.36078940722300396,0.9921708698632609,1.3529602770862645,36.161867406486174,19.452929030936982
29.0,2017,4,294,1,3,16,13,0,137,190,110868,52265,58603,29.49453404048057,26.518021430890787,0.09019735180575099,0.27059205541725295,1.4431576288920158,1.1725655734747629,36.35320003826653,23.37764278279269
29.0,2018,1,331,6,14,31,20,0,161,241,109581,51503,58078,36.685191775946556,30.20596636278187,0.5475401757603964,1.277593743440925,2.828957574762048,1.8251339192013214,46.79339067627128,27.721340266538107
29.0,2018,2,355,2,14,24,28,0,164,259,109581,51503,58078,38.60158239110795,32.39612706582346,0.18251339192013213,1.277593743440925,2.1901607030415855,2.55518748688185,50.288332718482415,28.237886979579187
29.0,2018,3,388,2,35,22,42,0,204,285,109581,51503,58078,44.62452432447231,35.40759803250563,0.18251339192013213,3.1939843586023122,2.0076473111214534,3.832781230322775,55.33658233500961,35.12517648679362
29.0,2018,4,357,0,21,16,27,0,165,256,109581,51503,58078,38.419068999187814,32.57864045774359,0.0,1.9163906151613874,1.460107135361057,2.463930790921784,49.70584237811389,28.410069217259547
29.0,2019,1,236,0,11,18,26,0,116,175,110128,51823,58305,26.423797762603513,21.429609182042714,0.0,0.9988377161121603,1.6344617172744442,2.360889147174197,33.7687899195338,19.89537775490953
29.0,2019,2,24,2,19,22,10,0,33,44,110128,51823,58305,6.991864012785122,2.179282289699259,0.18160685747493827,1.7252651460119135,1.9976754322243206,0.9080342873746913,8.490438608339925,5.659891947517366
29.0,2019,3,24,1,12,16,19,0,23,49,110128,51823,58305,6.537846869097777,2.179282289699259,0.09080342873746913,1.0896411448496295,1.4528548597995061,1.7252651460119135,9.455261177469463,3.944773175542406
29.0,2019,4,31,1,11,16,15,0,24,50,110128,51823,58305,6.7194537265727154,2.814906290861543,0.09080342873746913,0.9988377161121603,1.4528548597995061,1.362051431062037,9.648225691295371,4.116285052739903
29.0,2020,1,22,0,14,13,11,0,24,36,109786,51654,58132,5.46517770936185,2.0038984934326782,0.0,1.2752081321844315,1.1841218370284006,1.0019492467163391,6.969450574979672,4.128535058143536
29.0,2020,2,15,2,16,3,3,0,21,18,109786,51654,58132,3.5523655110852017,1.3662944273404625,0.18217259031206165,1.4573807224964932,0.27325888546809246,0.27325888546809246,3.484725287489836,3.6124681758755934
29.0,2020,3,17,2,7,14,13,0,20,33,109786,51654,58132,4.827573643269633,1.548467017652524,0.18217259031206165,0.6376040660922158,1.2752081321844315,1.1841218370284006,6.3886630270647,3.440445881786279
29.0,2020,4,15,3,19,16,10,0,21,42,109786,51654,58132,5.738436594829941,1.3662944273404625,0.27325888546809246,1.7306396079645856,1.4573807224964932,0.9108629515603083,8.131025670809617,3.6124681758755934
29.0,2021,1,25,0,23,20,12,0,33,47,108721,51115,57606,7.358284048159969,2.2994637650499903,0.0,2.115506663845991,1.8395710120399922,1.1037426072239953,9.194952557957548,5.728569940631185
29.0,2021,2,22,4,7,14,7,0,22,32,108721,51115,57606,4.966841732507979,2.0235281132439913,0.3679142024079985,0.6438498542139972,1.2876997084279944,0.6438498542139972,6.260393230949819,3.819046627087456
29.0,2021,3,18,2,22,27,13,0,35,47,108721,51115,57606,7.542241149363968,1.655613910835993,0.18395710120399925,2.0235281132439913,2.4834208662539896,1.195721157825995,9.194952557957548,6.075755997639135
29.0,2021,4,35,2,8,26,10,0,31,50,108721,51115,57606,7.450262598761968,3.2192492710699865,0.18395710120399925,0.735828404815997,2.39144231565199,0.9197855060199961,9.781864423359092,5.381383883623234
29.0,2022,1,23,1,0,14,17,0,17,38,107025,50235,56790,5.138986218173324,2.1490306003270265,0.09343611305769679,0.0,1.308105582807755,1.5884139219808455,7.564447098636409,2.993484768445149
29.0,2022,2,22,5,0,24,19,0,18,52,107025,50235,56790,6.540527914038775,2.0555944872693295,0.46718056528848395,0.0,2.242466713384723,1.7752861480962394,10.351348661291928,3.1695721077654517
29.0,2022,3,25,0,0,16,21,0,19,43,107025,50235,56790,5.7930390095772015,2.3359028264424198,0.0,0.0,1.4949778089231487,1.9621583742116326,8.559769085299095,3.3456594470857546
29.0,2022,4,14,3,0,19,12,0,5,43,107025,50235,56790,4.484933426769446,1.308105582807755,0.2803083391730904,0.0,1.7752861480962394,1.1212333566923616,8.559769085299095,0.8804366966015144
29.0,2023,1,0,1,0,20,36,0,7,50,105098,49265,55833,5.423509486384137,0.0,0.0951492892348094,0.0,1.9029857846961884,3.425374412453139,10.149193139145439,1.2537388282915123
29.0,2023,2,0,3,0,14,22,0,4,35,105098,49265,55833,3.710822280157567,0.0,0.28544786770442826,0.0,1.332090049287332,2.093284363165807,7.1044351974018065,0.7164221875951499
29.0,2023,3,1,2,0,14,17,0,8,26,105098,49265,55833,3.2350758339835206,0.0951492892348094,0.1902985784696188,0.0,1.332090049287332,1.6175379169917603,5.277580432355627,1.4328443751902997
30.0,2015,1,91,2,22,11,15,0,57,83,124317,59133,65184,11.341972537947344,7.319996460661052,0.16087904309145168,1.7696694740059686,0.8848347370029843,1.2065928231858876,14.036155784418176,8.744477172312225
30.0,2015,2,67,3,27,5,14,0,56,60,124317,59133,65184,9.330984499304197,5.389447943563632,0.24131856463717752,2.171867081734598,0.4021976077286292,1.126153301640162,10.14661863933844,8.59106529209622
30.0,2015,3,70,3,19,13,15,0,47,73,124317,59133,65184,9.6527425854871,5.630766508200809,0.24131856463717752,1.528350909368791,1.045713780094436,1.2065928231858876,12.345052677861771,7.210358370152185
30.0,2015,4,119,4,14,14,18,0,62,107,124317,59133,65184,13.594279141227666,9.572303063941376,0.32175808618290336,1.126153301640162,1.126153301640162,1.4479113878230652,18.094803240153553,9.511536573392243
30.0,2016,1,223,1,16,18,16,0,98,176,124272,59070,65202,22.048409939487573,17.944508819363975,0.08046864941418824,1.2874983906270119,1.4484356894553883,1.2874983906270119,29.7951582867784,15.030213797122787
30.0,2016,2,126,4,14,3,9,0,66,90,124272,59070,65202,12.553109308613365,10.139049826187717,0.32187459765675297,1.1265610917986353,0.2414059482425647,0.7242178447276941,15.236160487557136,10.122388883776571
30.0,2016,3,132,3,7,5,11,0,63,95,124272,59070,65202,12.714046607441741,10.621861722672847,0.2414059482425647,0.5632805458993176,0.40234324707094116,0.8851551435560706,16.082613847976976,9.662280298150364
30.0,2016,4,163,0,14,13,18,0,78,130,124272,59070,65202,16.73747907815115,13.116389854512683,0.0,1.1265610917986353,1.0460924423844469,1.4484356894553883,22.00778737091586,11.962823226281403
30.0,2017,1,255,2,12,11,20,0,121,179,124447,59128,65319,24.106647809911045,20.490650638424388,0.16071098539940698,0.9642659123964419,0.8839104196967383,1.6071098539940698,30.273305371397644,18.52447220563695
30.0,2017,2,230,2,12,11,18,0,99,174,124447,59128,65319,21.93704950701905,18.4817633209318,0.16071098539940698,0.9642659123964419,0.8839104196967383,1.4463988685946627,29.427682316330674,15.156386350066596
30.0,2017,3,380,2,7,16,12,0,184,232,124447,59128,65319,33.50824045577635,30.535087225887327,0.16071098539940698,0.5624884488979244,1.2856878831952558,0.9642659123964419,39.23690975510756,28.16944533749751
30.0,2017,4,420,5,14,10,16,0,209,256,124447,59128,65319,37.36530410536212,33.74930693387547,0.40177746349851745,1.1249768977958488,0.8035549269970349,1.2856878831952558,43.29590041942903,31.99681562791837
30.0,2018,1,383,6,27,47,26,0,192,297,125315,59415,65900,39.021665403183974,30.562981287156365,0.4787934405298647,2.154570482384391,3.7505486174839406,2.074771575629414,49.98737692501893,29.1350531107739
30.0,2018,2,458,2,54,31,28,0,233,340,125315,59415,65900,45.72477357060208,36.54789929377968,0.15959781350995492,4.309140964768782,2.4737661094043015,2.2343693891393688,57.22460658082976,35.35660091047041
30.0,2018,3,463,2,33,50,48,0,236,360,125315,59415,65900,47.56014842596657,36.94689382755456,0.15959781350995492,2.6333639229142562,3.989945337748873,3.8303475242389178,60.59075990911386,35.81183611532625
30.0,2018,4,446,2,29,30,24,0,202,329,125315,59415,65900,42.37321948689303,35.590312412719946,0.15959781350995492,2.3141682958943464,2.3939672026493235,1.9151737621194589,55.3732222502735,30.65250379362671
30.0,2019,1,311,2,22,42,17,0,156,238,126709,60161,66548,31.094870924717267,24.544428572556015,0.15784198438942776,1.7362618282837052,3.314681672177983,1.341656867310136,39.5605126244577,23.44172627276552
30.0,2019,2,23,0,19,16,16,0,34,40,126709,60161,66548,5.840153422408827,1.815182820478419,0.0,1.4994988516995635,1.262735875115422,1.262735875115422,6.648825651169362,5.109094187654024
30.0,2019,3,31,2,14,15,18,0,24,56,126709,60161,66548,6.31367937557711,2.44655075803613,0.15784198438942776,1.1048938907259942,1.183814882920708,1.4205778595048497,9.308355911637108,3.6064194265793112
30.0,2019,4,29,2,9,17,10,0,20,47,126709,60161,66548,5.2877064770458295,2.2887087736467024,0.15784198438942776,0.7102889297524249,1.341656867310136,0.7892099219471388,7.812370140124,3.005349522149426
30.0,2020,1,24,2,18,15,10,0,23,46,128700,61151,67549,5.361305361305361,1.8648018648018647,0.1554001554001554,1.3986013986013985,1.1655011655011656,0.777000777000777,7.522362675998758,3.4049356763238534
30.0,2020,2,15,1,13,7,11,0,20,27,128700,61151,67549,3.651903651903652,1.1655011655011656,0.0777000777000777,1.0101010101010102,0.5439005439005439,0.8547008547008547,4.415299831564488,2.96081363158596
30.0,2020,3,31,0,11,13,11,0,26,40,128700,61151,67549,5.128205128205129,2.4087024087024087,0.0,0.8547008547008547,1.0101010101010102,0.8547008547008547,6.541184935651093,3.849057721061748
30.0,2020,4,29,1,22,21,19,0,30,62,128700,61151,67549,7.1484071484071485,2.253302253302253,0.0777000777000777,1.7094017094017093,1.6317016317016317,1.4763014763014763,10.138836650259195,4.44122044737894
30.0,2021,1,26,1,23,11,16,0,32,45,129876,61720,68156,5.928732021312637,2.001909513689981,0.07699651975730697,1.7709199544180605,0.8469617173303766,1.2319443161169115,7.29099157485418,4.695111215446916
30.0,2021,2,28,2,20,29,26,1,30,74,129876,61720,68156,8.084634574517231,2.1559025532045952,0.15399303951461393,1.5399303951461394,2.232899072961902,2.001909513689981,11.989630589760209,4.401666764481484
30.0,2021,3,33,1,16,31,17,0,35,63,129876,61720,68156,7.545658936216083,2.54088515199113,0.07699651975730697,1.2319443161169115,2.386892112476516,1.3089408358742185,10.207388204795853,5.135277891895065
30.0,2021,4,42,2,26,18,11,0,39,60,129876,61720,68156,7.622655455973391,3.233853829806893,0.15399303951461393,2.001909513689981,1.3859373556315255,0.8469617173303766,9.721322099805574,5.722166793825929
30.0,2022,1,24,2,0,21,22,0,14,55,130301,61875,68426,5.295431347418669,1.8418891643195372,0.15349076369329476,0.0,1.6116530187795948,1.6883984006262422,8.88888888888889,2.0460059041884664
30.0,2022,2,15,0,0,10,23,0,9,39,130301,61875,68426,3.6837783286390744,1.1511807276997108,0.0,0.0,0.7674538184664738,1.7651437824728897,6.303030303030303,1.3152895098354427
30.0,2022,3,27,0,0,15,20,0,22,40,130301,61875,68426,4.758213674492137,2.072125309859479,0.0,0.0,1.1511807276997108,1.5349076369329475,6.4646464646464645,3.2151521351533043
30.0,2022,4,65,3,0,20,23,0,29,82,130301,61875,68426,8.51873738497786,4.98844982003208,0.23023614553994215,0.0,1.5349076369329475,1.7651437824728897,13.252525252525254,4.238155087247537
30.0,2023,1,1,1,0,24,25,0,5,46,130399,61902,68497,3.9110729376759026,0.07668770466031181,0.07668770466031181,0.0,1.8405049118474834,1.9171926165077953,7.431100772188298,0.7299589763055316
30.0,2023,2,0,0,0,18,11,0,7,22,130399,61902,68497,2.223943435149043,0.0,0.0,0.0,1.3803786838856127,0.8435647512634299,3.5540047171335334,1.0219425668277444
30.0,2023,3,1,2,0,8,30,0,3,38,130399,61902,68497,3.1441958910727843,0.07668770466031181,0.15337540932062363,0.0,0.6135016372824945,2.3006311398093544,6.138735420503376,0.43797538578331896
31.0,2015,1,51,0,2,9,5,0,20,47,65135,30471,34664,10.28632839487219,7.829891763260919,0.0,0.30705457895140864,1.3817456052813388,0.7676364473785214,15.424501985494405,5.7696745903531035
31.0,2015,2,48,0,23,6,8,0,35,50,65135,30471,34664,13.049819605434866,7.3693098948338065,0.0,3.531127657941199,0.9211637368542258,1.2282183158056346,16.40904466541958,10.096930533117932
31.0,2015,3,52,0,5,6,5,0,26,42,65135,30471,34664,10.439855684347894,7.9834190527366236,0.0,0.7676364473785214,0.9211637368542258,0.7676364473785214,13.783597518952446,7.500576967459035
31.0,2015,4,67,0,3,8,2,0,26,54,65135,30471,34664,12.282183158056343,10.28632839487219,0.0,0.4605818684271129,1.2282183158056346,0.30705457895140864,17.721768238653144,7.500576967459035
31.0,2016,1,120,1,7,16,4,0,44,104,65158,30469,34689,22.714018232603824,18.416771539949046,0.15347309616624205,1.0743116731636944,2.455569538659873,0.6138923846649682,34.13305326725524,12.684136181498458
31.0,2016,2,91,0,0,13,9,0,39,74,65158,30469,34689,17.34245986678535,13.966051751128028,0.0,0.0,1.9951502501611469,1.3812578654961785,24.286980209393153,11.242757069964542
31.0,2016,3,95,0,3,9,7,0,42,72,65158,30469,34689,17.495932962951596,14.579944135792996,0.0,0.46041928849872615,1.3812578654961785,1.0743116731636944,23.63057533886901,12.107584536884891
31.0,2016,4,98,0,5,5,6,0,49,65,65158,30469,34689,17.495932962951596,15.040363424291721,0.0,0.7673654808312104,0.7673654808312104,0.9208385769974523,21.333158292034526,14.125515293032372
31.0,2017,1,191,0,14,10,10,0,83,142,65292,30527,34765,34.46057709979783,29.253201004717273,0.0,2.1442136862096426,1.5315812044354593,1.5315812044354593,46.51619877485504,23.874586509420393
31.0,2017,2,158,2,8,12,12,0,71,121,65292,30527,34765,29.406359125160815,24.198983030080257,0.30631624088709186,1.2252649635483674,1.837897445322551,1.837897445322551,39.63704261801029,20.422839062275276
31.0,2017,3,236,0,13,11,10,0,104,166,65292,30527,34765,41.35269251975739,36.145316424676835,0.0,1.9910555657660969,1.6847393248790052,1.5315812044354593,54.37809152553477,29.91514454192435
31.0,2017,4,285,0,15,6,6,0,153,159,65292,30527,34765,47.78533357838633,43.650064326410586,0.0,2.2973718066531887,0.9189487226612755,0.9189487226612755,52.08503947325319,44.00977995110024
31.0,2018,1,273,0,22,18,8,0,131,190,65800,30709,35091,48.78419452887538,41.48936170212765,0.0,3.3434650455927053,2.735562310030395,1.21580547112462,61.87111270311635,37.33150950386139
31.0,2018,2,311,2,30,22,16,0,172,209,65800,30709,35091,57.902735562310035,47.264437689969604,0.303951367781155,4.559270516717325,3.3434650455927053,2.43161094224924,68.05822397342799,49.01541705850503
31.0,2018,3,327,2,12,16,14,0,136,235,65800,30709,35091,56.38297872340425,49.69604863221885,0.303951367781155,1.82370820668693,2.43161094224924,2.127659574468085,76.52479729069654,38.75637627881793
31.0,2018,4,326,0,17,35,15,0,187,206,65800,30709,35091,59.726443768996965,49.544072948328264,0.0,2.5835866261398177,5.319148936170213,2.2796352583586623,67.0813116675893,53.29001738337465
31.0,2019,1,231,1,7,21,24,0,109,175,66554,31112,35442,42.67211587583015,34.70865763139706,0.15025392914024702,1.051777503981729,3.1553325119451876,3.6060942993659286,56.248392903059916,30.75447209525422
31.0,2019,2,15,1,13,8,8,0,21,24,66554,31112,35442,6.761426811311116,2.2538089371037056,0.15025392914024702,1.9533010788232112,1.2020314331219761,1.2020314331219761,7.714065312419645,5.925173522938886
31.0,2019,3,23,1,10,12,7,0,22,31,66554,31112,35442,7.963458244433092,3.4558403702256815,0.15025392914024702,1.5025392914024702,1.8030471496829643,1.051777503981729,9.964001028542043,6.207324643078833
31.0,2019,4,18,2,7,13,3,0,13,30,66554,31112,35442,6.460918953030622,2.7045707245244466,0.30050785828049403,1.051777503981729,1.9533010788232112,0.4507617874207411,9.642581640524556,3.6679645618193106
31.0,2020,1,14,0,6,13,9,0,10,32,67651,31657,35994,6.20833394923948,2.069444649746493,0.0,0.8869048498913542,1.9216271747646005,1.3303572748370311,10.108348864390182,2.7782408179140967
31.0,2020,2,12,1,6,6,4,0,10,19,67651,31657,35994,4.286706774474879,1.7738096997827084,0.14781747498189235,0.8869048498913542,0.8869048498913542,0.5912698999275694,6.001832138231671,2.7782408179140967
31.0,2020,3,18,1,4,7,9,0,5,34,67651,31657,35994,5.764881524293802,2.6607145496740623,0.14781747498189235,0.5912698999275694,1.0347223248732464,1.3303572748370311,10.74012066841457,1.3891204089570484
31.0,2020,4,26,0,6,8,10,0,17,33,67651,31657,35994,7.390873749094618,3.843254349529201,0.0,0.8869048498913542,1.1825397998551388,1.4781747498189237,10.424234766402375,4.7230093904539645
31.0,2021,1,16,1,3,9,14,0,12,31,68316,31982,36334,6.294279524562328,2.342057497511564,0.14637859359447275,0.43913578078341825,1.3174073423502546,2.0493003103226184,9.692952285660684,3.3026916937303903
31.0,2021,2,16,0,5,9,15,0,13,32,68316,31982,36334,6.587036711751273,2.342057497511564,0.0,0.7318929679723637,1.3174073423502546,2.195678903917091,10.005628165843287,3.577916001541256
31.0,2021,3,24,0,10,16,19,0,18,51,68316,31982,36334,10.10012295801862,3.513086246267346,0.0,1.4637859359447274,2.342057497511564,2.781193278294982,15.946469889312738,4.954037540595586
31.0,2021,4,34,2,15,12,15,0,30,48,68316,31982,36334,11.417530300368874,4.976872182212073,0.2927571871889455,2.195678903917091,1.756543123133673,2.195678903917091,15.00844224876493,8.256729234325975
31.0,2022,1,16,2,0,9,5,0,7,25,68583,32094,36489,4.66587929953487,2.332939649767435,0.2916174562209294,0.0,1.312278552994182,0.7290436405523235,7.789617997133421,1.918386363013511
31.0,2022,2,10,0,0,6,5,0,7,14,68583,32094,36489,3.0619832903197586,1.458087281104647,0.0,0.0,0.874852368662788,0.7290436405523235,4.362186078394716,1.918386363013511
31.0,2022,3,16,1,0,10,9,0,9,27,68583,32094,36489,5.249114211976728,2.332939649767435,0.1458087281104647,0.0,1.458087281104647,1.312278552994182,8.412787436904093,2.4664967524459427
31.0,2022,4,18,0,0,12,13,0,9,34,68583,32094,36489,6.269775308749982,2.624557105988364,0.0,0.0,1.749704737325576,1.895513465436041,10.593880476101454,2.4664967524459427
31.0,2023,1,2,2,0,10,16,0,7,23,68688,32143,36545,4.367575122292103,0.2911716748194736,0.2911716748194736,0.0,1.4558583740973678,2.3293733985557887,7.155523753227764,1.9154467095361882
31.0,2023,2,0,1,0,2,18,0,0,21,68688,32143,36545,3.0573025856044724,0.0,0.1455858374097368,0.0,0.2911716748194736,2.620545073375262,6.533304296425349,0.0
31.0,2023,3,0,0,0,15,10,0,5,20,68688,32143,36545,3.63964593524342,0.0,0.0,0.0,2.1837875611460515,1.4558583740973678,6.2221945680241415,1.3681762210972774
32.0,2015,1,45,3,7,8,8,0,30,41,95088,45923,49165,7.4667676257782265,4.732458354366481,0.3154972236244321,0.7361601884570081,0.8413259296651523,0.8413259296651523,8.92798815408401,6.101901759381674
32.0,2015,2,58,3,7,4,9,0,30,51,95088,45923,49165,8.518425037859668,6.099612990072354,0.3154972236244321,0.7361601884570081,0.42066296483257615,0.9464916708732963,11.105546240445962,6.101901759381674
32.0,2015,3,25,4,5,2,8,0,16,28,95088,45923,49165,4.627292613158338,2.6291435302036006,0.42066296483257615,0.5258287060407202,0.21033148241628807,0.8413259296651523,6.09716264181347,3.2543476050035594
32.0,2015,4,34,6,8,5,13,0,24,42,95088,45923,49165,6.940938919737507,3.575635201076897,0.6309944472488642,0.8413259296651523,0.5258287060407202,1.3671546357058726,9.145743962720205,4.881521407505339
32.0,2016,1,46,2,6,1,7,0,20,42,95716,46157,49559,6.477495925446111,4.805884073718083,0.2089514814660036,0.6268544443980109,0.1044757407330018,0.7313301851310126,9.099378209155708,4.035593938537904
32.0,2016,2,27,6,12,4,4,0,20,33,95716,46157,49559,5.537214258849096,2.8208449997910487,0.6268544443980109,1.2537088887960217,0.4179029629320072,0.4179029629320072,7.1495114500509125,4.035593938537904
32.0,2016,3,45,2,11,5,8,0,27,44,95716,46157,49559,7.417777592043128,4.701408332985081,0.2089514814660036,1.1492331480630198,0.5223787036650089,0.8358059258640144,9.532681933401218,5.448051817026172
32.0,2016,4,48,4,4,12,6,0,27,47,95716,46157,49559,7.731204814242133,5.014835555184087,0.4179029629320072,0.4179029629320072,1.2537088887960217,0.6268544443980109,10.182637519769482,5.448051817026172
32.0,2017,1,65,1,10,4,0,0,36,44,96512,46487,50025,8.289124668435013,6.734913793103448,0.10361405835543766,1.0361405835543767,0.41445623342175064,0.0,9.465011723707702,7.19640179910045
32.0,2017,2,70,1,5,5,7,0,34,54,96512,46487,50025,9.118037135278515,7.252984084880636,0.10361405835543766,0.5180702917771883,0.5180702917771883,0.7252984084880636,11.616150751823092,6.796601699150425
32.0,2017,3,93,5,6,0,10,0,47,67,96512,46487,50025,11.812002652519894,9.636107427055702,0.5180702917771883,0.621684350132626,0.0,1.0361405835543767,14.412631488373094,9.395302348825588
32.0,2017,4,78,2,3,0,6,0,32,57,96512,46487,50025,9.221651193633953,8.081896551724137,0.20722811671087532,0.310842175066313,0.0,0.621684350132626,12.261492460257706,6.3968015992004
32.0,2018,1,70,8,41,8,14,0,72,69,97856,47245,50611,14.40892740353172,7.153368214519293,0.8175277959450622,4.189829954218443,0.8175277959450622,1.4306736429038587,14.60472007619854,14.226156369168757
32.0,2018,2,93,0,34,10,24,0,73,88,97856,47245,50611,16.452746893394377,9.503760627861347,0.0,3.474493132766514,1.0219097449313277,2.4525833878351864,18.62630966239814,14.423741874296102
32.0,2018,3,101,10,28,10,14,0,76,87,97856,47245,50611,16.65712884238064,10.32128842380641,1.0219097449313277,2.8613472858077174,1.0219097449313277,1.4306736429038587,18.41464705259816,15.016498389678132
32.0,2018,4,74,4,21,8,12,0,59,60,97856,47245,50611,12.160725964682799,7.562132112491825,0.4087638979725311,2.146010464355788,0.8175277959450622,1.2262916939175932,12.69975658799873,11.657544802513288
32.0,2019,1,66,6,18,12,13,0,37,78,100161,48278,51883,11.481514761234413,6.5893910803606195,0.5990355527600563,1.7971066582801687,1.1980711055201125,1.2979103643134553,16.156427358216995,7.131430333635294
32.0,2019,2,4,1,30,10,11,0,28,28,100161,48278,51883,5.590998492427192,0.3993570351733709,0.09983925879334273,2.9951777638002817,0.9983925879334272,1.09823184672677,5.7997431542317415,5.396758090318602
32.0,2019,3,5,3,32,6,12,0,30,28,100161,48278,51883,5.790677010013877,0.4991962939667136,0.29951777638002813,3.194856281386967,0.5990355527600563,1.1980711055201125,5.7997431542317415,5.782240811055645
32.0,2019,4,9,1,22,7,14,0,25,28,100161,48278,51883,5.291480716047164,0.8985533291400843,0.09983925879334273,2.19646369345354,0.698874811553399,1.397749623106798,5.7997431542317415,4.818534009213037
32.0,2020,1,6,1,35,7,16,0,37,28,102691,49503,53188,6.329668617502994,0.5842771031541226,0.09737951719235376,3.4082831017323816,0.6816566203464763,1.55807227507766,5.656222855180494,6.956456343536137
32.0,2020,2,4,2,14,6,12,0,16,22,102691,49503,53188,3.700421653309443,0.389518068769415,0.1947590343847075,1.3633132406929527,0.5842771031541226,1.1685542063082452,4.44417510049896,3.008197337745356
32.0,2020,3,7,3,19,5,12,0,23,23,102691,49503,53188,4.479457790848273,0.6816566203464763,0.2921385515770613,1.8502108266547215,0.48689758596176874,1.1685542063082452,4.646183059612549,4.324283673008949
32.0,2020,4,7,3,18,10,18,0,23,33,102691,49503,53188,5.453252962771811,0.6816566203464763,0.2921385515770613,1.7528313094623678,0.9737951719235375,1.7528313094623678,6.66626265074844,4.324283673008949
32.0,2021,1,5,1,21,4,20,0,24,27,103708,49930,53778,4.917653411501523,0.4821228834805415,0.09642457669610831,2.0249161106182747,0.38569830678443323,1.928491533922166,5.407570598838373,4.462791476068281
32.0,2021,2,10,3,25,9,24,0,36,35,103708,49930,53778,6.846144945423689,0.964245766961083,0.2892737300883249,2.4106144174027078,0.8678211902649747,2.3141898407065993,7.009813739234929,6.694187214102421
32.0,2021,3,6,3,17,12,9,0,22,25,103708,49930,53778,4.531955104717091,0.5785474601766498,0.2892737300883249,1.6392178038338412,1.1570949203532996,0.8678211902649747,5.007009813739235,4.090892186395924
32.0,2021,4,7,2,18,15,23,0,26,39,103708,49930,53778,6.26759748524704,0.6749720368727581,0.19284915339221662,1.7356423805299495,1.4463686504416247,2.2177652640104912,7.810935309433206,4.834690765740637
32.0,2022,1,9,3,0,7,17,0,4,32,104358,50163,54195,3.449663657793365,0.8624159144483412,0.2874719714827804,0.0,0.670767933459821,1.6290078384024225,6.379203795626259,0.7380754682166252
32.0,2022,2,9,1,0,6,12,0,5,23,104358,50163,54195,2.683071733839284,0.8624159144483412,0.09582399049426014,0.0,0.5749439429655608,1.1498878859311217,4.585052728106373,0.9225943352707814
32.0,2022,3,9,3,0,5,20,0,7,30,104358,50163,54195,3.5454876482876254,0.8624159144483412,0.2874719714827804,0.0,0.47911995247130074,1.916479809885203,5.980503558399617,1.291632069379094
32.0,2022,4,5,5,0,6,18,0,6,28,104358,50163,54195,3.258015676804845,0.47911995247130074,0.47911995247130074,0.0,0.5749439429655608,1.7248318288966824,5.581803321172975,1.1071132023249377
32.0,2023,1,0,0,0,16,18,0,3,31,104987,50410,54577,3.238496194766971,0.0,0.0,0.0,1.523998209302104,1.714497985464867,6.14957349732196,0.5496821005185335
32.0,2023,2,0,3,0,15,16,0,5,29,104987,50410,54577,3.238496194766971,0.0,0.2857496642441445,0.0,1.4287483212207226,1.523998209302104,5.7528268200753825,0.9161368341975558
32.0,2023,3,0,4,0,4,9,0,3,14,104987,50410,54577,1.6192480973834855,0.0,0.380999552325526,0.0,0.380999552325526,0.8572489927324335,2.7772267407260465,0.5496821005185335
33.0,2015,1,84,0,15,6,6,0,39,72,41555,20046,21509,26.711587053302853,20.214173986283242,0.0,3.609673926122007,1.443869570448803,1.443869570448803,35.917390002993116,18.13194476730671
33.0,2015,2,74,4,6,3,4,0,31,60,41555,20046,21509,21.898688485140173,17.807724702201902,0.9625797136325351,1.443869570448803,0.7219347852244015,0.9625797136325351,29.9311583358276,14.412571481705331
33.0,2015,3,35,2,9,5,11,0,26,36,41555,20046,21509,14.919985561304294,8.422572494284683,0.48128985681626757,2.1658043556732043,1.203224642040669,2.647094212489472,17.958695001496558,12.087963178204474
33.0,2015,4,32,0,2,8,3,0,16,29,41555,20046,21509,10.829021778366021,7.700637709060281,0.0,0.48128985681626757,1.9251594272650703,0.7219347852244015,14.466726528983338,7.438746571202753
33.0,2016,1,63,1,8,5,2,0,36,43,41623,20079,21544,18.97989092569012,15.1358623837782,0.24025178386949525,1.922014270955962,1.201258919347476,0.4805035677389905,21.41540913392101,16.709988860007428
33.0,2016,2,73,0,4,3,2,0,34,48,41623,20079,21544,19.70064627729861,17.53838022247315,0.0,0.961007135477981,0.7207553516084857,0.4805035677389905,23.905572986702524,15.781656145562568
33.0,2016,3,60,2,4,8,3,0,17,60,41623,20079,21544,18.499387357951132,14.415107032169715,0.4805035677389905,0.961007135477981,1.922014270955962,0.7207553516084857,29.881966233378158,7.890828072781284
33.0,2016,4,57,0,7,11,6,0,35,45,41623,20079,21544,19.460394493429114,13.694351680561228,0.0,1.6817624870864667,2.6427696225644475,1.4415107032169714,22.411474675033617,16.245822502785
33.0,2017,1,73,3,4,7,3,0,41,49,41773,20155,21618,21.545017116319155,17.475402772125538,0.7181672372106385,0.9575563162808512,1.6757235534914898,0.7181672372106385,24.311585214586948,18.96567675085577
33.0,2017,2,90,1,2,7,4,0,49,55,41773,20155,21618,24.896464223302132,21.545017116319155,0.2393890790702128,0.4787781581404256,1.6757235534914898,0.9575563162808512,27.288514016373107,22.666296604681285
33.0,2017,3,106,1,1,6,6,0,52,68,41773,20155,21618,28.726689488425535,25.375242381442558,0.2393890790702128,0.2393890790702128,1.436334474421277,1.436334474421277,33.73852642024311,24.054029049865854
33.0,2017,4,115,4,9,9,3,0,60,80,41773,20155,21618,33.514471069829796,27.529744093074473,0.9575563162808512,2.1545017116319154,2.1545017116319154,0.7181672372106385,39.69238402381543,27.75464890369137
33.0,2018,1,109,0,24,19,20,0,71,101,42167,20418,21749,40.79019138188631,25.84959802689307,0.0,5.691654611425997,4.505893234045581,4.7430455095216635,49.46615731217553,32.64517908869373
33.0,2018,2,126,0,27,18,18,0,93,96,42167,20418,21749,44.82178006497972,29.881186709986483,0.0,6.403111437854246,4.268740958569498,4.268740958569498,47.017337643255956,42.76058669364109
33.0,2018,3,155,2,12,14,28,0,93,118,42167,20418,21749,50.039130125453546,36.75860269879289,0.4743045509521664,2.8458273057129984,3.320131856665165,6.64026371333033,57.79214418650211,42.76058669364109
33.0,2018,4,160,2,26,12,8,1,100,106,42167,20418,21749,49.3276732990253,37.94436407617331,0.4743045509521664,6.165959162378162,2.8458273057129984,1.8972182038086656,51.91497698109511,45.97912547703343
33.0,2019,1,104,4,20,13,15,0,77,79,42929,20777,22152,36.33907149013487,24.226047660089915,0.9317710638496122,4.658855319248061,3.0282559575112393,3.4941414894360454,38.02281368821293,34.75984109786926
33.0,2019,2,5,1,14,9,9,0,11,27,42929,20777,22152,8.851825106571315,1.1647138298120152,0.23294276596240304,3.2611987234736426,2.0964848936616276,2.0964848936616276,12.995138855465179,4.965691585409895
33.0,2019,3,5,1,11,4,8,0,14,15,42929,20777,22152,6.755340212909688,1.1647138298120152,0.23294276596240304,2.5623704255864332,0.9317710638496122,1.8635421276992243,7.219521586369543,6.319971108703503
33.0,2019,4,8,1,9,13,9,0,17,23,42929,20777,22152,9.317710638496122,1.8635421276992243,0.23294276596240304,2.0964848936616276,3.0282559575112393,2.0964848936616276,11.069933099099966,7.67425063199711
33.0,2020,1,5,2,8,13,7,0,16,19,43834,21242,22592,7.984669434685404,1.140667062097915,0.456266824839166,1.825067299356664,2.9657343614545786,1.5969338869370808,8.94454382826476,7.0821529745042495
33.0,2020,2,6,2,6,4,6,0,6,18,43834,21242,22592,5.475201898069991,1.3688004745174978,0.456266824839166,1.3688004745174978,0.912533649678332,1.3688004745174978,8.473778363619244,2.655807365439094
33.0,2020,3,10,1,7,3,9,0,9,21,43834,21242,22592,6.8440023725874894,2.28133412419583,0.228133412419583,1.5969338869370808,0.6844002372587489,2.0532007117762467,9.886074757555786,3.98371104815864
33.0,2020,4,9,2,5,8,11,0,12,23,43834,21242,22592,7.984669434685404,2.0532007117762467,0.456266824839166,1.140667062097915,1.825067299356664,2.5094675366154124,10.827605686846812,5.311614730878188
33.0,2021,1,5,2,7,10,5,0,10,19,44097,21364,22733,6.576411093725197,1.1338639816767582,0.45354559267070327,1.5874095743474614,2.2677279633535163,1.1338639816767582,8.893465643137988,4.3988914793472045
33.0,2021,2,14,0,10,7,11,0,15,27,44097,21364,22733,9.524457446084767,3.174819148694923,0.0,2.2677279633535163,1.5874095743474614,2.494500759688868,12.638082756038195,6.598337219020808
33.0,2021,3,12,2,11,5,9,0,16,23,44097,21364,22733,8.844139057078712,2.7212735560242196,0.45354559267070327,2.494500759688868,1.1338639816767582,2.0409551670181645,10.765774199588092,7.038226366955527
33.0,2021,4,15,0,12,14,9,0,20,30,44097,21364,22733,11.33863981676758,3.4015919450302743,0.0,2.7212735560242196,3.174819148694923,2.0409551670181645,14.042314173375772,8.797782958694409
33.0,2022,1,6,0,0,7,10,0,5,18,44213,21410,22803,5.2020898830660665,1.3570669260172348,0.0,0.0,1.5832447470201072,2.2617782100287247,8.407286314806164,2.1926939437793274
33.0,2022,2,9,2,0,4,14,0,7,22,44213,21410,22803,6.5591568090833015,2.035600389025852,0.45235564200574496,0.0,0.9047112840114899,3.1664894940402144,10.275572162540868,3.069771521291058
33.0,2022,3,15,2,0,2,8,0,6,21,44213,21410,22803,6.106801167077556,3.392667315043087,0.45235564200574496,0.0,0.45235564200574496,1.8094225680229798,9.808500700607192,2.6312327325351927
33.0,2022,4,17,1,0,5,6,0,5,24,44213,21410,22803,6.5591568090833015,3.8450229570488315,0.22617782100287248,0.0,1.1308891050143624,1.3570669260172348,11.20971508640822,2.1926939437793274
33.0,2023,1,0,0,0,8,8,0,2,14,44329,21463,22866,3.609375352478062,0.0,0.0,0.0,1.804687676239031,1.804687676239031,6.522853282392955,0.8746610688358261
33.0,2023,2,0,0,0,4,8,0,0,12,44329,21463,22866,2.7070315143585466,0.0,0.0,0.0,0.9023438381195155,1.804687676239031,5.591017099193961,0.0
33.0,2023,3,0,0,0,11,8,0,1,18,44329,21463,22866,4.286133231067699,0.0,0.0,0.0,2.4814455548286674,1.804687676239031,8.386525648790943,0.43733053441791303
34.0,2015,1,74,1,9,12,9,0,41,64,79379,38440,40939,13.22767986495169,9.322364857204047,0.12597790347573035,1.1338011312815732,1.5117348417087644,1.1338011312815732,16.64932362122789,10.014900217396614
34.0,2015,2,97,2,6,5,12,0,48,74,79379,38440,40939,15.369304224039103,12.219856637145845,0.2519558069514607,0.7558674208543822,0.6298895173786518,1.5117348417087644,19.250780437044746,11.724761230122866
34.0,2015,3,78,3,11,14,16,0,48,74,79379,38440,40939,15.369304224039103,9.826276471106969,0.3779337104271911,1.385756938233034,1.763690648660225,2.0156464556116855,19.250780437044746,11.724761230122866
34.0,2015,4,72,8,5,9,8,0,33,69,79379,38440,40939,12.849746154524496,9.070409050252586,1.0078232278058428,0.6298895173786518,1.1338011312815732,1.0078232278058428,17.950052029136316,8.06077334570947
34.0,2016,1,119,2,15,13,10,0,66,93,78777,38113,40664,20.183556114094216,15.105931934447872,0.2538812089823172,1.9041090673673788,1.6502278583850616,1.269406044911586,24.40112297641225,16.23057249655715
34.0,2016,2,98,1,9,8,10,0,44,82,78777,38113,40664,15.994516165885981,12.440179240133542,0.1269406044911586,1.1424654404204273,1.0155248359292688,1.269406044911586,21.514968645868862,10.820381664371434
34.0,2016,3,109,2,7,10,15,0,46,97,78777,38113,40664,18.152506442235676,13.836525889536286,0.2538812089823172,0.8885842314381102,1.269406044911586,1.9041090673673788,25.450633642064385,11.312217194570136
34.0,2016,4,127,4,12,9,8,0,46,114,78777,38113,40664,20.310496718585377,16.12145677037714,0.5077624179646344,1.523287253893903,1.1424654404204273,1.0155248359292688,29.91105397108598,11.312217194570136
34.0,2017,1,160,4,16,10,14,0,80,124,78340,37878,40462,26.040336992596377,20.42379371968343,0.5105948429920858,2.042379371968343,1.2764871074802144,1.7870819504723001,32.736680922963195,19.771637585883052
34.0,2017,2,142,3,17,13,12,0,70,117,78340,37878,40462,23.87030890988001,18.126116926219044,0.3829461322440643,2.1700280827163647,1.6594332397242788,1.5317845289762573,30.88864248376366,17.30018288764767
34.0,2017,3,182,3,7,12,19,0,81,142,78340,37878,40462,28.465662496808783,23.232065356139902,0.3829461322440643,0.8935409752361501,1.5317845289762573,2.4253255042124073,37.488779766619146,20.01878305570659
34.0,2017,4,217,1,6,7,12,0,102,141,78340,37878,40462,31.01863671176921,27.699770232320656,0.12764871074802145,0.7658922644881286,0.8935409752361501,1.5317845289762573,37.224774275304924,25.208837922000892
34.0,2018,1,200,2,50,22,40,0,137,177,78361,37998,40363,40.07095366317428,25.522900422404,0.25522900422404005,6.380725105601,2.80751904646444,5.1045800844808,46.581399021001104,33.941976562693554
34.0,2018,2,233,2,29,14,22,0,125,175,78361,37998,40363,38.284350633606,29.73417899210066,0.25522900422404005,3.7008205612485807,1.78660302956828,2.80751904646444,46.05505552923838,30.96895671778609
34.0,2018,3,211,4,53,26,14,0,152,156,78361,37998,40363,39.30526665050216,26.926659945636224,0.5104580084480801,6.76356861193706,3.31797705491252,1.78660302956828,41.054792357492495,37.658251368827884
34.0,2018,4,215,6,23,18,38,0,106,194,78361,37998,40363,38.284350633606,27.437117954084304,0.76568701267212,2.93513354857646,2.29706103801636,4.849351080256761,51.055318700984266,26.261675296682608
34.0,2019,1,179,0,13,15,16,0,75,148,79269,38378,40891,28.13205666780204,22.58133696653168,0.0,1.639985366284424,1.8922908072512585,2.0184435277346755,38.563760487779454,18.34144432760265
34.0,2019,2,10,0,23,10,19,0,31,31,79269,38378,40891,7.821468669971868,1.2615272048341724,0.0,2.9015125711185963,1.2615272048341724,2.396901689184927,8.077544426494347,7.581130322075762
34.0,2019,3,19,1,31,13,21,0,37,48,79269,38378,40891,10.722981241090464,2.396901689184927,0.12615272048341722,3.910734334985934,1.639985366284424,2.649207130151762,12.507165563604149,9.048445868283974
34.0,2019,4,18,5,16,18,23,0,23,57,79269,38378,40891,10.092217638673379,2.27074896870151,0.6307636024170862,2.0184435277346755,2.27074896870151,2.9015125711185963,14.852259106779925,5.624709593798147
34.0,2020,1,14,1,21,8,18,0,31,31,80223,38862,41361,7.7284569263178895,1.7451354349750072,0.12465253106964337,2.6177031524625107,0.997220248557147,2.2437455592535804,7.976944058463281,7.49498319673122
34.0,2020,2,7,3,13,5,9,0,16,21,80223,38862,41361,4.6121436495768044,0.8725677174875036,0.37395759320893013,1.6204829039053639,0.6232626553482168,1.1218727796267902,5.403736297668674,3.8683784241193395
34.0,2020,3,8,0,9,13,16,0,17,29,80223,38862,41361,5.734016429203595,0.997220248557147,0.0,1.1218727796267902,1.6204829039053639,1.994440497114294,7.462302506304359,4.110152075626798
34.0,2020,4,18,0,17,9,18,0,26,36,80223,38862,41361,7.7284569263178895,2.2437455592535804,0.0,2.1190930281839373,1.1218727796267902,2.2437455592535804,9.263547938860583,6.286114939193927
34.0,2021,1,9,2,13,3,14,0,15,26,79989,38719,41270,5.125704784407857,1.1251547087724563,0.2500343797272125,1.6252234682268811,0.37505156959081876,1.7502406580904875,6.7150494589219765,3.63460140537921
34.0,2021,2,21,3,17,7,14,0,18,44,79989,38719,41270,7.751065771543587,2.6253609871357315,0.37505156959081876,2.125292227681306,0.8751203290452437,1.7502406580904875,11.363929853560268,4.361521686455052
34.0,2021,3,11,2,15,8,9,0,22,23,79989,38719,41270,5.625773543862281,1.3751890884996687,0.2500343797272125,1.8752578479540938,1.00013751890885,1.1251547087724563,5.940236059815595,5.3307487278895085
34.0,2021,4,28,2,9,9,15,0,26,37,79989,38719,41270,7.876082961407193,3.500481316180975,0.2500343797272125,1.1251547087724563,1.1251547087724563,1.8752578479540938,9.556031922312043,6.2999757693239635
34.0,2022,1,5,0,0,6,6,0,4,13,79483,38431,41052,2.1388221380672596,0.6290653347256646,0.0,0.0,0.7548784016707976,0.7548784016707976,3.3826858525669383,0.9743739647276625
34.0,2022,2,9,1,0,11,18,0,8,31,79483,38431,41052,4.906709610860184,1.1323176025061963,0.12581306694513292,0.0,1.383943736396462,2.2646352050123926,8.066404725351928,1.948747929455325
34.0,2022,3,8,7,0,5,15,0,6,29,79483,38431,41052,4.403457343079652,1.0065045355610633,0.8806914686159305,0.0,0.6290653347256646,1.8871960041769937,7.545991517264708,1.4615609470914936
34.0,2022,4,8,3,0,17,13,0,7,34,79483,38431,41052,5.15833574475045,1.0065045355610633,0.3774392008353988,0.0,2.1388221380672596,1.635569870286728,8.847024537482762,1.7051544382734094
34.0,2023,1,0,4,0,9,23,0,5,31,78991,38171,40820,4.557481232039093,0.0,0.5063868035598992,0.0,1.1393703080097732,2.9117241204694206,8.12134866783684,1.224889759921607
34.0,2023,2,0,0,0,12,13,0,3,22,78991,38171,40820,3.1649175222493704,0.0,0.0,0.0,1.5191604106796976,1.6457571115696725,5.763537764271305,0.7349338559529642
34.0,2023,3,0,3,0,5,15,0,6,17,78991,38171,40820,2.9117241204694206,0.0,0.3797901026699244,0.0,0.6329835044498741,1.898950513349622,4.453642817846009,1.4698677119059285
35.0,2015,1,26,1,1,1,2,0,12,19,25069,11890,13179,12.365870198252821,10.371375004986238,0.39889903865331683,0.39889903865331683,0.39889903865331683,0.7977980773066337,15.979814970563499,9.105394946505806
35.0,2015,2,24,0,2,1,8,0,13,22,25069,11890,13179,13.96146635286609,9.573576927679605,0.0,0.7977980773066337,0.39889903865331683,3.1911923092265346,18.502943650126156,9.864177858714621
35.0,2015,3,19,0,4,3,5,0,18,13,25069,11890,13179,12.365870198252821,7.57908173441302,0.0,1.5955961546132673,1.1966971159599507,1.9944951932665842,10.933557611438184,13.658092419758708
35.0,2015,4,33,1,3,4,2,0,15,28,25069,11890,13179,17.152658662092623,13.163668275559457,0.39889903865331683,1.1966971159599507,1.5955961546132673,0.7977980773066337,23.549201009251473,11.381743683132257
35.0,2016,1,43,4,1,5,5,0,16,42,24922,11792,13130,23.27261054490009,17.25383195570179,1.605007623786213,0.40125190594655324,2.006259529732766,2.006259529732766,35.61736770691994,12.185833968012185
35.0,2016,2,41,2,2,5,3,0,20,33,24922,11792,13130,21.26635101516732,16.451328143808684,0.8025038118931065,0.8025038118931065,2.006259529732766,1.2037557178396596,27.98507462686567,15.232292460015232
35.0,2016,3,45,0,2,5,3,0,24,31,24922,11792,13130,22.068854827060427,18.056335767594895,0.0,0.8025038118931065,2.006259529732766,1.2037557178396596,26.289009497964724,18.278750952018278
35.0,2016,4,60,1,0,4,4,0,27,42,24922,11792,13130,27.686381510312174,24.075114356793197,0.40125190594655324,0.0,1.605007623786213,1.605007623786213,35.61736770691994,20.563594821020565
35.0,2017,1,75,2,1,5,4,0,26,61,24864,11743,13121,34.99034749034749,30.164092664092664,0.8043758043758044,0.4021879021879022,2.0109395109395107,1.6087516087516087,51.94584007493826,19.815562838198307
35.0,2017,2,75,0,2,8,3,0,29,59,24864,11743,13121,35.39253539253539,30.164092664092664,0.0,0.8043758043758044,3.2175032175032174,1.2065637065637065,50.2426977773993,22.1019739349135
35.0,2017,3,95,1,3,8,3,0,40,70,24864,11743,13121,44.24066924066924,38.20785070785071,0.4021879021879022,1.2065637065637065,3.2175032175032174,1.2065637065637065,59.60998041386358,30.48548128953586
35.0,2017,4,96,1,1,5,2,0,54,51,24864,11743,13121,42.22972972972973,38.61003861003861,0.4021879021879022,0.4021879021879022,2.0109395109395107,0.8043758043758044,43.43012858724346,41.155399740873406
35.0,2018,1,94,2,10,12,10,0,61,67,24983,11921,13062,51.23483969098987,37.62558539807069,0.8005443701717168,4.002721850858584,4.8032662210303005,4.002721850858584,56.203338646086735,46.70035216659011
35.0,2018,2,98,0,15,8,8,0,57,72,24983,11921,13062,51.63511187607573,39.22667413841412,0.0,6.004082776287875,3.202177480686867,3.202177480686867,60.39761764952605,43.63803399173174
35.0,2018,3,130,0,17,20,6,0,66,107,24983,11921,13062,69.2470880198535,52.03538406116159,0.0,6.804627146459592,8.005443701717168,2.4016331105151503,89.75757067360121,50.52824988516307
35.0,2018,4,109,0,0,19,10,0,51,87,24983,11921,13062,55.23756154184846,43.629668174358564,0.0,0.0,7.605171516631309,4.002721850858584,72.98045465984397,39.04455672944419
35.0,2019,1,77,0,4,9,7,0,42,55,25387,12038,13349,38.20853192578879,30.330484106038526,0.0,1.5756095639500531,3.5451215188876195,2.7573167369125926,45.68865260009969,31.46303093864709
35.0,2019,2,11,1,3,5,4,0,9,15,25387,12038,13349,9.45365738370032,4.332926300862646,0.3939023909875133,1.18170717296254,1.9695119549375666,1.5756095639500531,12.460541618209005,6.742078058281519
35.0,2019,3,9,1,9,10,7,0,17,19,25387,12038,13349,14.180486075550478,3.5451215188876195,0.3939023909875133,3.5451215188876195,3.939023909875133,2.7573167369125926,15.783352716398074,12.735036332309535
35.0,2019,4,9,1,5,8,4,0,11,16,25387,12038,13349,10.635364556662859,3.5451215188876195,0.3939023909875133,1.9695119549375666,3.1512191279001063,1.5756095639500531,13.291244392756273,8.240317626788524
35.0,2020,1,7,0,8,7,8,0,13,17,25931,12296,13635,11.569164320697235,2.699471674829355,0.0,3.085110485519263,2.699471674829355,3.085110485519263,13.825634352635003,9.534286762009534
35.0,2020,2,3,4,3,6,2,0,5,13,25931,12296,13635,6.94149859241834,1.1569164320697234,1.5425552427596314,1.1569164320697234,2.3138328641394468,0.7712776213798157,10.572543916720885,3.667033370003667
35.0,2020,3,7,1,3,6,7,0,8,16,25931,12296,13635,9.255331456557787,2.699471674829355,0.38563881068990785,1.1569164320697234,2.3138328641394468,2.699471674829355,13.012361743656475,5.867253392005868
35.0,2020,4,6,1,7,7,9,0,17,13,25931,12296,13635,11.569164320697235,2.3138328641394468,0.38563881068990785,2.699471674829355,2.699471674829355,3.47074929620917,10.572543916720885,12.467913458012466
35.0,2021,1,4,0,4,8,8,0,9,15,26040,12323,13717,9.216589861751151,1.5360983102918586,0.0,1.5360983102918586,3.0721966205837172,3.0721966205837172,12.172360626470827,6.561201428883868
35.0,2021,2,9,1,5,7,5,0,8,19,26040,12323,13717,10.368663594470048,3.456221198156682,0.38402457757296465,1.9201228878648233,2.6881720430107525,1.9201228878648233,15.41832346019638,5.83217904789677
35.0,2021,3,13,1,4,2,3,0,11,12,26040,12323,13717,8.832565284178187,4.99231950844854,0.38402457757296465,1.5360983102918586,0.7680491551459293,1.152073732718894,9.737888501176661,8.019246190858059
35.0,2021,4,14,0,5,6,3,0,14,14,26040,12323,13717,10.75268817204301,5.376344086021505,0.0,1.9201228878648233,2.304147465437788,1.152073732718894,11.360869918039437,10.206313333819349
35.0,2022,1,5,1,0,9,8,0,3,20,26034,12260,13774,8.834600906506875,1.9205654144580164,0.3841130828916033,0.0,3.45701774602443,3.0729046631328263,16.31321370309951,2.1780165529258024
35.0,2022,2,5,3,0,2,5,0,3,12,26034,12260,13774,5.7616962433740495,1.9205654144580164,1.1523392486748099,0.0,0.7682261657832066,1.9205654144580164,9.787928221859707,2.1780165529258024
35.0,2022,3,7,0,0,5,4,0,7,9,26034,12260,13774,6.145809326265653,2.688791580241223,0.0,0.0,1.9205654144580164,1.5364523315664131,7.34094616639478,5.082038623493538
35.0,2022,4,7,3,0,5,2,0,3,14,26034,12260,13774,6.529922409157256,2.688791580241223,1.1523392486748099,0.0,1.9205654144580164,0.7682261657832066,11.419249592169658,2.1780165529258024
35.0,2023,1,0,0,0,6,2,0,2,6,26049,12222,13827,3.0711351683365966,0.0,0.0,0.0,2.303351376252447,0.7677837920841492,4.909180166912126,1.446445360526506
35.0,2023,2,0,0,0,4,3,0,0,7,26049,12222,13827,2.6872432722945216,0.0,0.0,0.0,1.5355675841682983,1.1516756881262236,5.72737686139748,0.0
35.0,2023,3,0,1,0,7,5,0,1,12,26049,12222,13827,4.990594648546969,0.0,0.3838918960420746,0.0,2.6872432722945216,1.9194594802103728,9.818360333824252,0.723222680263253
36.0,2015,1,94,7,5,3,6,0,38,77,46706,22094,24612,24.622104226437717,20.125893889436046,1.4987367790005566,1.0705262707146834,0.6423157624288099,1.2846315248576199,34.851090793880694,15.439622948155371
36.0,2015,2,63,0,8,3,3,0,32,45,46706,22094,24612,16.486104569006123,13.48863101100501,0.0,1.7128420331434933,0.6423157624288099,0.6423157624288099,20.367520593826377,13.001787745815049
36.0,2015,3,53,2,13,6,16,0,34,56,46706,22094,24612,19.2694728728643,11.347578469575643,0.4282105082858733,2.7833683038581767,1.2846315248576199,3.4256840662869865,25.34624785009505,13.814399479928491
36.0,2015,4,51,1,5,6,16,0,24,55,46706,22094,24612,16.914315077291995,10.919367961289769,0.21410525414293666,1.0705262707146834,1.2846315248576199,3.4256840662869865,24.89363628134335,9.751340809361286
36.0,2016,1,109,4,6,12,8,0,48,91,46509,21989,24520,29.88668859790578,23.436324152314608,0.8600485927454902,1.2900728891182351,2.5801457782364703,1.7200971854909803,41.384328527900315,19.575856443719413
36.0,2016,2,98,2,2,11,7,0,42,78,46509,21989,24520,25.801457782364704,21.07119052226451,0.4300242963727451,0.4300242963727451,2.3651336300500976,1.5050850373046076,35.47228159534313,17.128874388254484
36.0,2016,3,104,3,6,14,16,0,41,102,46509,21989,24520,30.746737190651274,22.361263411382744,0.6450364445591176,1.2900728891182351,3.0101700746092153,3.4401943709819607,46.38682977852563,16.721044045676997
36.0,2016,4,85,5,6,14,7,0,40,77,46509,21989,24520,25.156421337805586,18.276032595841667,1.0750607409318627,1.2900728891182351,3.0101700746092153,1.5050850373046076,35.01750875437719,16.31321370309951
36.0,2017,1,139,6,6,9,13,0,60,113,46401,21932,24469,37.28367923105105,29.956250942867612,1.2930755802676668,1.2930755802676668,1.9396133704015,2.801663757246611,51.5228889294182,24.520822264906617
36.0,2017,2,120,2,6,15,17,0,59,101,46401,21932,24469,34.482015473804445,25.861511605353332,0.4310251934225556,1.2930755802676668,3.2326889506691665,3.6637141440917222,46.05143169797556,24.11214189382484
36.0,2017,3,134,2,3,12,10,0,73,88,46401,21932,24469,34.69752807051572,28.878687959311222,0.4310251934225556,0.6465377901338334,2.5861511605353336,2.155125967112778,40.124019697246034,29.83366708896972
36.0,2017,4,129,2,7,9,8,0,69,86,46401,21932,24469,33.404452490248055,27.801124975754835,0.4310251934225556,1.5085881769789444,1.9396133704015,1.7241007736902223,39.21211015867226,28.198945604642606
36.0,2018,1,147,2,23,14,16,0,101,101,46555,22110,24445,43.389539254645044,31.575555794221888,0.429599398560842,4.940393083449683,3.007195789925894,3.436795188486736,45.68068747173225,41.31724278993659
36.0,2018,2,154,6,14,28,26,0,69,159,46555,22110,24445,48.974331435935994,33.079153689184835,1.288798195682526,3.007195789925894,6.014391579851788,5.584792181290946,71.91316146540028,28.226631212926982
36.0,2018,3,162,7,14,22,22,0,77,150,46555,22110,24445,48.75953173665557,34.797551283428206,1.503597894962947,3.007195789925894,4.725593384169262,4.725593384169262,67.84260515603799,31.49928410717938
36.0,2018,4,157,6,8,20,25,1,79,135,46555,22110,24445,46.39673504457094,33.723552787026094,1.288798195682526,1.718397594243368,4.29599398560842,5.369992482010525,61.05834464043419,32.31744733074248
36.0,2019,1,107,1,9,21,24,0,62,100,47491,22523,24968,34.111726432376656,22.530584742372238,0.21056621254553495,1.8950959129098146,4.421890463456234,5.053589101092839,44.39905873995472,24.831784684396027
36.0,2019,2,10,1,10,8,9,0,10,28,47491,22523,24968,8.001516076730327,2.1056621254553494,0.21056621254553495,2.1056621254553494,1.6845297003642796,1.8950959129098146,12.431736447187319,4.005126561999359
36.0,2019,3,16,0,17,6,9,0,23,25,47491,22523,24968,10.107178202185677,3.3690594007285593,0.0,3.579625613274094,1.2633972752732097,1.8950959129098146,11.09976468498868,9.211791092598526
36.0,2019,4,10,2,5,15,15,0,12,35,47491,22523,24968,9.896611989640142,2.1056621254553494,0.4211324250910699,1.0528310627276747,3.1584931881830243,3.1584931881830243,15.539670558984149,4.806151874399231
36.0,2020,1,17,1,10,18,6,0,17,35,48165,22814,25351,10.79622132253711,3.5295338939063634,0.2076196408180214,2.0761964081802136,3.737153534724385,1.2457178449081283,15.341457000087665,6.705849867855311
36.0,2020,2,4,4,4,8,2,0,6,16,48165,22814,25351,4.56763209799647,0.8304785632720856,0.8304785632720856,0.8304785632720856,1.6609571265441712,0.4152392816360428,7.013237485754361,2.3667705415959923
36.0,2020,3,10,0,7,5,8,0,13,17,48165,22814,25351,6.2285892245406425,2.0761964081802136,0.0,1.4533374857261496,1.0380982040901068,1.6609571265441712,7.451564828614009,5.12800284012465
36.0,2020,4,11,1,8,1,10,0,10,21,48165,22814,25351,6.4362088653586635,2.283816048998235,0.2076196408180214,1.6609571265441712,0.2076196408180214,2.0761964081802136,9.204874200052599,3.944617569326654
36.0,2021,1,15,1,8,7,10,0,14,27,48237,22809,25428,8.499699400874848,3.1096461222712852,0.20730974148475237,1.658477931878019,1.4511681903932665,2.0730974148475236,11.83743259239774,5.505741702060721
36.0,2021,2,14,3,5,5,10,0,12,25,48237,22809,25428,7.670460434935838,2.902336380786533,0.6219292244542571,1.0365487074237618,1.0365487074237618,2.0730974148475236,10.960585733701608,4.719207173194904
36.0,2021,3,11,2,7,6,13,0,11,28,48237,22809,25428,8.085079917905341,2.2804071563322763,0.41461948296950474,1.4511681903932665,1.2438584489085143,2.6950266393017808,12.2758560217458,4.3259399087619945
36.0,2021,4,14,1,11,7,12,0,14,31,48237,22809,25428,9.328938366813857,2.902336380786533,0.20730974148475237,2.2804071563322763,1.4511681903932665,2.4877168978170285,13.591126309789995,5.505741702060721
36.0,2022,1,10,2,0,10,10,0,8,24,48007,22599,25408,6.665694586206178,2.0830295581894305,0.41660591163788613,0.0,2.0830295581894305,2.0830295581894305,10.619938935351122,3.1486146095717884
36.0,2022,2,5,3,0,5,12,0,2,23,48007,22599,25408,5.207573895473576,1.0415147790947152,0.6249088674568293,0.0,1.0415147790947152,2.499635469827317,10.177441479711492,0.7871536523929471
36.0,2022,3,9,1,0,5,11,0,9,17,48007,22599,25408,5.41587685129252,1.8747266023704876,0.20830295581894306,0.0,1.0415147790947152,2.291332514008374,7.522456745873711,3.542191435768262
36.0,2022,4,8,0,0,12,12,0,4,28,48007,22599,25408,6.665694586206178,1.6664236465515445,0.0,0.0,2.499635469827317,2.499635469827317,12.389928757909642,1.5743073047858942
36.0,2023,1,0,1,0,6,19,0,3,23,47771,22407,25364,5.442632559502627,0.0,0.2093320215193318,0.0,1.2559921291159908,3.9773084088673043,10.26464943990717,1.182778741523419
36.0,2023,2,0,2,0,12,10,0,0,24,47771,22407,25364,5.023968516463963,0.0,0.4186640430386636,0.0,2.5119842582319816,2.093320215193318,10.710938545990091,0.0
36.0,2023,3,0,3,0,18,11,0,3,29,47771,22407,25364,6.698624688618618,0.0,0.6279960645579954,0.0,3.767976387347973,2.30265223671265,12.942384076404695,1.182778741523419
37.0,2015,1,49,2,3,1,7,0,23,39,37800,17330,20470,16.402116402116402,12.962962962962962,0.5291005291005291,0.7936507936507936,0.26455026455026454,1.8518518518518519,22.504327755337567,11.235955056179776
37.0,2015,2,41,1,0,3,8,0,13,40,37800,17330,20470,14.021164021164022,10.846560846560847,0.26455026455026454,0.0,0.7936507936507936,2.1164021164021163,23.08136180034622,6.350757205666829
37.0,2015,3,25,3,7,5,1,0,16,25,37800,17330,20470,10.846560846560847,6.613756613756613,0.7936507936507936,1.8518518518518519,1.3227513227513228,0.26455026455026454,14.425851125216388,7.816316560820713
37.0,2015,4,40,2,3,8,7,0,17,43,37800,17330,20470,15.873015873015873,10.582010582010582,0.5291005291005291,0.7936507936507936,2.1164021164021163,1.8518518518518519,24.812463935372186,8.304836345872008
37.0,2016,1,83,3,2,2,5,0,31,64,37794,17193,20601,25.136265015610945,21.9611578557443,0.7937767899666613,0.5291845266444409,0.5291845266444409,1.3229613166111023,37.224451811783865,15.047813212950826
37.0,2016,2,47,0,4,6,5,0,25,37,37794,17193,20601,16.404720325977667,12.435836376144362,0.0,1.0583690532888819,1.5875535799333227,1.3229613166111023,21.520386203687547,12.135333236250668
37.0,2016,3,52,1,8,5,6,0,24,48,37794,17193,20601,19.050642959199873,13.758797692755465,0.26459226332222047,2.1167381065777637,1.3229613166111023,1.5875535799333227,27.9183388588379,11.64991990680064
37.0,2016,4,63,3,2,8,6,0,23,59,37794,17193,20601,21.69656559242208,16.66931258929989,0.7937767899666613,0.5291845266444409,2.1167381065777637,1.5875535799333227,34.316291513988254,11.164506577350615
37.0,2017,1,107,0,6,10,4,0,52,74,37893,17125,20768,33.515425012535296,28.237405325521863,0.0,1.5834059061040298,2.639009843506716,1.0556039374026864,43.21167883211679,25.038520801232664
37.0,2017,2,127,1,3,17,3,0,48,103,37893,17125,20768,39.849048636951416,33.515425012535296,0.2639009843506716,0.7917029530520149,4.486316733961417,0.7917029530520149,60.14598540145985,23.112480739599384
37.0,2017,3,155,5,11,11,5,0,75,112,37893,17125,20768,49.349484073575596,40.9046525743541,1.319504921753358,2.902910827857388,2.902910827857388,1.319504921753358,65.4014598540146,36.113251155624035
37.0,2017,4,140,1,6,10,3,0,53,107,37893,17125,20768,42.22415749610746,36.946137809094026,0.2639009843506716,1.5834059061040298,2.639009843506716,0.7917029530520149,62.48175182481752,25.520030816640983
37.0,2018,1,182,4,12,12,12,0,85,137,38204,18413,19791,58.10909852371479,47.63899068160402,1.0470107842110774,3.1410323526332324,3.1410323526332324,3.1410323526332324,74.4039537283441,42.948815117982925
37.0,2018,2,176,4,8,24,16,0,95,133,38204,18413,19791,59.679614700031415,46.0684745052874,1.0470107842110774,2.094021568422155,6.282064705266465,4.18804313684431,72.23157551729757,48.001616896569146
37.0,2018,3,182,4,24,18,8,0,96,140,38204,18413,19791,61.773636268453565,47.63899068160402,1.0470107842110774,6.282064705266465,4.711548528949848,2.094021568422155,76.03323738662901,48.50689707442777
37.0,2018,4,220,2,7,27,5,0,88,173,38204,18413,19791,68.31745366977279,57.58559313160926,0.5235053921055387,1.8322688723693854,7.067322793424773,1.3087634802638466,93.955357627763,44.464655651558786
37.0,2019,1,126,0,12,26,5,0,57,112,43484,19996,23488,38.864869837181494,28.976175144880873,0.0,2.759635728083893,5.979210744181768,1.1498482200349553,56.01120224044809,24.267711171662125
37.0,2019,2,10,7,12,14,8,0,15,36,43484,19996,23488,11.728451844356545,2.2996964400699107,1.6097875080489374,2.759635728083893,3.219575016097875,1.8397571520559286,18.00360072014403,6.386239782016348
37.0,2019,3,10,1,10,8,9,0,16,22,43484,19996,23488,8.73884647226566,2.2996964400699107,0.22996964400699108,2.2996964400699107,1.8397571520559286,2.0697267960629198,11.002200440088016,6.8119891008174385
37.0,2019,4,16,1,13,3,7,0,20,20,43484,19996,23488,9.198785760279643,3.679514304111857,0.22996964400699108,2.989605372090884,0.6899089320209733,1.6097875080489374,10.002000400080016,8.514986376021799
37.0,2020,1,11,1,4,7,4,0,6,21,44480,20483,23997,6.070143884892086,2.473021582733813,0.2248201438848921,0.8992805755395684,1.5737410071942444,0.8992805755395684,10.252404432944394,2.5003125390673837
37.0,2020,2,0,0,4,5,2,0,4,7,44480,20483,23997,2.473021582733813,0.0,0.0,0.8992805755395684,1.1241007194244605,0.4496402877697842,3.4174681443147974,1.6668750260449223
37.0,2020,3,10,1,7,10,8,0,13,23,44480,20483,23997,8.093525179856115,2.248201438848921,0.2248201438848921,1.5737410071942444,2.248201438848921,1.7985611510791368,11.228823902748621,5.417343834645997
37.0,2020,4,18,2,4,11,7,0,11,31,44480,20483,23997,9.442446043165468,4.046762589928058,0.4496402877697842,0.8992805755395684,2.473021582733813,1.5737410071942444,15.134501781965533,4.5839063216235365
37.0,2021,1,12,2,3,7,6,0,11,19,44974,20632,24342,6.670520745319518,2.6682082981278072,0.4447013830213012,0.6670520745319518,1.556454840574554,1.3341041490639036,9.208995734780922,4.5189384602744225
37.0,2021,2,10,1,12,5,9,0,16,21,44974,20632,24342,8.226975585894072,2.223506915106506,0.2223506915106506,2.6682082981278072,1.111753457553253,2.001156223595855,10.178363706863124,6.5730013967627965
37.0,2021,3,13,6,6,4,5,0,12,22,44974,20632,24342,7.55992351136212,2.890558989638458,1.3341041490639036,1.3341041490639036,0.8894027660426024,1.111753457553253,10.663047692904227,4.929751047572097
37.0,2021,4,18,2,11,14,10,1,13,41,44974,20632,24342,12.229288033085783,4.00231244719171,0.4447013830213012,2.4458576066171567,3.112909681149108,2.223506915106506,19.87204342768515,5.340563634869772
37.0,2022,1,8,1,0,10,11,0,6,24,45156,20636,24520,6.643635397289397,1.771636105943839,0.22145451324297988,0.0,2.214545132429799,2.4359996456727786,11.630160883892229,2.4469820554649266
37.0,2022,2,10,1,0,3,9,0,8,15,45156,20636,24520,5.093453804588538,2.214545132429799,0.22145451324297988,0.0,0.6643635397289397,1.993090619186819,7.268850552432642,3.2626427406199023
37.0,2022,3,14,1,0,6,10,0,4,27,45156,20636,24520,6.865089910532377,3.1003631854017186,0.22145451324297988,0.0,1.3287270794578794,2.214545132429799,13.083930994378756,1.6313213703099512
37.0,2022,4,14,0,0,8,9,0,7,24,45156,20636,24520,6.865089910532377,3.1003631854017186,0.0,0.0,1.771636105943839,1.993090619186819,11.630160883892229,2.8548123980424145
37.0,2023,1,0,3,0,4,8,0,3,12,45376,20718,24658,3.305712270803949,0.0,0.6611424541607899,0.0,0.8815232722143864,1.7630465444287728,5.7920648711265565,1.2166436856192715
37.0,2023,2,0,0,0,5,9,0,4,10,45376,20718,24658,3.085331452750353,0.0,0.0,0.0,1.101904090267983,1.9834273624823695,4.826720725938797,1.6221915808256957
37.0,2023,3,0,1,0,10,6,0,5,12,45376,20718,24658,3.7464739069111426,0.0,0.2203808180535966,0.0,2.203808180535966,1.3222849083215797,5.7920648711265565,2.0277394760321195
38.0,2015,1,110,2,8,17,14,0,59,92,55945,26632,29313,26.9907945303423,19.66216820091161,0.357493967289302,1.429975869157208,3.0386987219590673,2.5024577710251137,34.544908380895166,20.1275884419882
38.0,2015,2,126,5,5,9,14,0,50,109,55945,26632,29313,28.42077039949951,22.522119939226027,0.893734918223255,0.893734918223255,1.608722852801859,2.5024577710251137,40.92820666866927,17.057278340667963
38.0,2015,3,93,4,6,18,11,0,40,92,55945,26632,29313,23.59460184109393,16.623469478952543,0.714987934578604,1.072481901867906,3.217445705603718,1.9662168200911612,34.544908380895166,13.64582267253437
38.0,2015,4,92,4,6,15,15,0,43,89,55945,26632,29313,23.59460184109393,16.444722495307893,0.714987934578604,1.072481901867906,2.681204754669765,2.681204754669765,33.41844397717032,14.669259372974448
38.0,2016,1,198,3,11,21,11,0,81,163,55092,26172,28920,44.28955202207217,35.93988237856676,0.5445436724025267,1.9966601321425976,3.8118057068176867,1.9966601321425976,62.28029955677824,28.008298755186722
38.0,2016,2,169,5,7,12,4,0,81,116,55092,26172,28920,35.75836782109925,30.675960212009002,0.9075727873375444,1.2706019022725623,2.1781746896101066,0.7260582298700355,44.32217637169494,28.008298755186722
38.0,2016,3,180,1,10,11,13,0,81,134,55092,26172,28920,39.02562985551441,32.672620344151596,0.18151455746750889,1.8151455746750889,1.9966601321425976,2.3596892470776156,51.19975546385451,28.008298755186722
38.0,2016,4,187,7,9,17,13,0,81,152,55092,26172,28920,42.29289188992957,33.94322224642416,1.2706019022725623,1.63363101720758,3.0857474769476516,2.3596892470776156,58.077334556014065,28.008298755186722
38.0,2017,1,289,1,8,27,19,0,146,198,54472,25836,28636,63.151710970773976,53.05478043765605,0.18358055514759875,1.46864444118079,4.956674988985166,3.4880305478043763,76.63725034835113,50.98477440983378
38.0,2017,2,305,2,6,19,4,0,132,204,54472,25836,28636,61.683066529593184,55.99206932001762,0.3671611102951975,1.1014833308855927,3.4880305478043763,0.734322220590395,78.95959126799815,46.0958234390278
38.0,2017,3,296,4,16,25,5,0,162,184,54472,25836,28636,63.518872081069176,54.33984432368924,0.734322220590395,2.93728888236158,4.589513878689969,0.9179027757379938,71.21845486917479,56.57214694789775
38.0,2017,4,423,2,9,29,9,0,205,267,54472,25836,28636,86.65002202966663,77.65457482743427,0.3671611102951975,1.652224996328389,5.323836099280364,1.652224996328389,103.34417092429169,71.58821064394468
38.0,2018,1,320,12,27,29,22,0,170,240,54246,26004,28242,75.5816097039413,58.99052464697858,2.2121446742616966,4.9773255170888175,5.346016296132434,4.055598569479778,92.29349330872174,60.19403724948658
38.0,2018,2,400,6,30,58,12,1,202,302,54246,26004,28242,93.27876709803488,73.73815580872322,1.1060723371308483,5.530361685654242,10.692032592264868,2.2121446742616966,116.13597908014151,71.52467955527229
38.0,2018,3,410,4,18,52,24,1,213,293,54246,26004,28242,93.6474578770785,75.5816097039413,0.7373815580872323,3.318217011392545,9.585960255134019,4.424289348523393,112.67497308106445,75.41958784788613
38.0,2018,4,462,4,17,32,28,0,239,304,54246,26004,28242,100.09954651034178,85.16756995907532,0.7373815580872323,3.133871621870737,5.899052464697858,5.161670906610626,116.90509152438086,84.62573472133701
38.0,2019,1,279,5,10,54,25,0,148,225,54708,26059,28649,68.1801564670615,50.99802588286905,0.913943116180449,1.827886232360898,9.870585654748849,4.569715580902245,86.34253041175793,51.65974379559496
38.0,2019,2,29,0,20,17,16,0,36,46,54708,26059,28649,14.988667105359362,5.300870073846604,0.0,3.655772464721796,3.107406595013526,2.9246179717774368,17.6522506619594,12.56588362595553
38.0,2019,3,31,2,13,14,23,0,31,52,54708,26059,28649,15.171455728595452,5.666447320318783,0.3655772464721796,2.3762521020691674,2.5590407253052567,4.204138334430065,19.954718139606275,10.820622011239484
38.0,2019,4,39,3,14,12,19,0,32,55,54708,26059,28649,15.90261022153981,7.128756306207501,0.5483658697082694,2.5590407253052567,2.1934634788330776,3.472983841485706,21.105951878429718,11.169674334182693
38.0,2020,1,24,0,7,29,15,0,22,53,55425,26409,29016,13.531799729364007,4.330175913396482,0.0,1.2629679747406406,5.232295895354082,2.7063599458728014,20.068915899882615,7.582023711055969
38.0,2020,2,6,2,10,9,12,0,12,27,55425,26409,29016,7.036535859269283,1.0825439783491204,0.36084799278304014,1.8042399639152007,1.6238159675236807,2.165087956698241,10.223787345223219,4.1356492969396195
38.0,2020,3,26,1,7,33,21,0,32,56,55425,26409,29016,15.877311682453765,4.691023906179522,0.18042399639152007,1.2629679747406406,5.953991880920163,3.788903924221921,21.204892271574085,11.028398125172318
38.0,2020,4,28,2,14,24,22,1,30,59,55425,26409,29016,16.238159675236805,5.051871898962562,0.36084799278304014,2.525935949481281,4.330175913396482,3.9693279206134413,22.340868643265555,10.339123242349048
38.0,2021,1,26,2,14,24,18,0,32,52,55198,26255,28943,15.217942679082576,4.710315591144607,0.3623319685495851,2.536323779847096,4.347983622595022,3.2609877169462664,19.805751285469434,11.056213937739695
38.0,2021,2,36,3,30,21,17,0,48,59,55198,26255,28943,19.384760317402804,6.521975433892533,0.5434979528243777,5.434979528243777,3.804485669770644,3.0798217326714736,22.471910112359552,16.58432090660954
38.0,2021,3,33,5,20,18,19,0,38,57,55198,26255,28943,17.210768506105293,5.978477481068154,0.9058299213739628,3.623319685495851,3.2609877169462664,3.4421537012210583,21.710150447533803,13.129254051065889
38.0,2021,4,26,4,24,30,15,0,34,65,55198,26255,28943,17.935432443204462,4.710315591144607,0.7246639370991702,4.347983622595022,5.434979528243777,2.7174897641218885,24.75718910683679,11.747227308848426
38.0,2022,1,26,1,0,16,25,0,18,50,54757,25932,28825,12.418503570319777,4.748251365122267,0.1826250525047026,0.0,2.9220008400752415,4.565626312617565,19.281196976708312,6.2445793581960105
38.0,2022,2,15,2,0,19,21,0,12,45,54757,25932,28825,10.409627992768048,2.739375787570539,0.3652501050094052,0.0,3.4698759975893494,3.835126102598754,17.353077279037482,4.163052905464007
38.0,2022,3,34,7,0,22,13,0,25,51,54757,25932,28825,13.879503990357398,6.209251785159888,1.2783753675329184,0.0,4.017751155103457,2.3741256825611337,19.666820916242482,8.673026886383347
38.0,2022,4,24,4,0,33,26,0,15,72,54757,25932,28825,15.888379567909126,4.383001260112862,0.7305002100188104,0.0,6.026626732655186,4.748251365122267,27.764923646459973,5.203816131830009
38.0,2023,1,1,4,0,30,14,0,8,41,54363,25653,28710,9.01348343542483,0.18394864153928223,0.7357945661571289,0.0,5.518459246178467,2.5752809815499513,15.982536155615326,2.786485545106235
38.0,2023,2,1,4,0,27,14,0,6,40,54363,25653,28710,8.461637510806982,0.18394864153928223,0.7357945661571289,0.0,4.9666133215606205,2.5752809815499513,15.59271820060032,2.089864158829676
38.0,2023,3,0,3,0,15,20,0,6,32,54363,25653,28710,6.990048378492725,0.0,0.5518459246178467,0.0,2.7592296230892335,3.6789728307856446,12.474174560480256,2.089864158829676
39.0,2015,1,136,3,9,15,16,0,67,112,87659,42280,45379,20.420036733250434,15.514664780570163,0.3422352525125772,1.0267057575377314,1.7111762625628857,1.825254680067078,26.490066225165563,14.764538663258335
39.0,2015,2,133,4,11,8,22,0,63,115,87659,42280,45379,20.305958315746242,15.172429528057586,0.4563136700167695,1.2548625925461163,0.912627340033539,2.5097251850922326,27.199621570482496,13.883073668436941
39.0,2015,3,121,5,11,19,21,0,60,117,87659,42280,45379,20.191879898242053,13.803488518007278,0.5703920875209619,1.2548625925461163,2.167489932579655,2.39564676758804,27.672658467360456,13.221974922320896
39.0,2015,4,108,3,11,15,26,0,57,106,87659,42280,45379,18.59478205318336,12.320469090452777,0.3422352525125772,1.2548625925461163,1.7111762625628857,2.9660388551090016,25.070955534531695,12.560876176204852
39.0,2016,1,198,5,13,10,12,0,91,147,87575,42210,45365,27.17670568084499,22.609192121039108,0.5709391949757351,1.4844419069369112,1.1418783899514702,1.3702540679417643,34.82587064676617,20.059517248980494
39.0,2016,2,159,4,7,8,11,0,80,109,87575,42210,45365,21.581501570082786,18.155866400228376,0.4567513559805881,0.7993148729660291,0.9135027119611762,1.2560662289466171,25.82326462923478,17.63474043866417
39.0,2016,3,192,5,13,12,17,0,91,148,87575,42210,45365,27.290893519840136,21.92406508706823,0.5709391949757351,1.4844419069369112,1.3702540679417643,1.941193262917499,35.062781331438046,20.059517248980494
39.0,2016,4,180,3,13,20,13,0,77,152,87575,42210,45365,26.149015129888667,20.553811019126464,0.3425635169854411,1.4844419069369112,2.2837567799029403,1.4844419069369112,36.01042407012556,16.973437672214263
39.0,2017,1,237,4,14,20,23,0,109,189,87655,42225,45430,33.996919742171016,27.037818721122584,0.4563344931835035,1.5971707261422623,2.2816724659175174,2.623923335805145,44.760213143872114,23.99295619634603
39.0,2017,2,220,3,13,22,22,0,98,182,87655,42225,45430,31.943414522845245,25.098397125092692,0.34225086988762765,1.4830871028463863,2.5098397125092693,2.5098397125092693,43.102427471876844,21.571648690292758
39.0,2017,3,281,1,11,25,14,0,121,211,87655,42225,45430,37.87576293423079,32.05749814614112,0.11408362329587587,1.2549198562546346,2.852090582396897,1.5971707261422623,49.97039668442865,26.634382566585955
39.0,2017,4,344,5,8,11,18,0,168,218,87655,42225,45430,44.036278592208085,39.2447664137813,0.5704181164793793,0.912668986367007,1.2549198562546346,2.053505219325766,51.62818235642392,36.97996918335902
39.0,2018,1,323,4,43,28,46,0,176,268,88243,42702,45541,50.315605770429386,36.603469963623176,0.453293745679544,4.872907766055098,3.173056219756808,5.212878075314755,62.760526439042664,38.64649436771261
39.0,2018,2,344,6,33,46,50,0,187,292,88243,42702,45541,54.28192604512539,38.983262128440785,0.679940618519316,3.7396734018562374,5.212878075314755,5.6661718209942995,68.38087209030022,41.061900265694646
39.0,2018,3,412,6,13,38,34,0,197,306,88243,42702,45541,57.00168851920265,46.68925580499303,0.679940618519316,1.4732046734585178,4.3062905839556676,3.852996838276124,71.65940705353378,43.25772380931468
39.0,2018,4,422,2,30,26,38,0,214,304,88243,42702,45541,58.70154006550094,47.82249016919189,0.226646872839772,3.3997030925965803,2.9464093469170356,4.3062905839556676,71.191044915929,46.990623833468746
39.0,2019,1,309,10,39,27,41,0,163,263,90059,43506,46553,47.30232403202345,34.3108406711156,1.110383193239987,4.33049445363595,2.9980346217479648,4.552571092283947,60.451431986392684,35.01385517582111
39.0,2019,2,23,2,27,18,28,0,39,59,90059,43506,46553,10.881755293751874,2.5538813444519706,0.2220766386479974,2.9980346217479648,1.9986897478319767,3.109072941071964,13.561347860065279,8.377548170901983
39.0,2019,3,45,2,13,21,27,0,41,67,90059,43506,46553,11.992138486991859,4.996724369579942,0.2220766386479974,1.443498151211983,2.331804705803973,2.9980346217479648,15.400174688548706,8.807166025820033
39.0,2019,4,31,3,21,23,27,0,39,66,90059,43506,46553,11.659023529019864,3.44218789904396,0.33311495797199614,2.331804705803973,2.5538813444519706,2.9980346217479648,15.170321334988278,8.377548170901983
39.0,2020,1,26,4,18,26,20,0,37,57,91627,44208,47419,10.258984797057636,2.8375915396116866,0.4365525445556441,1.9644864505003983,2.8375915396116866,2.1827627227782203,12.89359391965255,7.802779476581117
39.0,2020,2,18,1,8,13,13,0,17,36,91627,44208,47419,5.784321215362284,1.9644864505003983,0.10913813613891102,0.8731050891112881,1.4187957698058433,1.4187957698058433,8.143322475570033,3.585060840591324
39.0,2020,3,28,7,22,17,15,0,29,60,91627,44208,47419,9.71329411636308,3.0558678118895086,0.7639669529723772,2.4010389950560427,1.8553483143614875,1.6370720420836653,13.572204125950053,6.1156920221852
39.0,2020,4,25,3,12,24,15,0,25,54,91627,44208,47419,8.62191275497397,2.7284534034727757,0.327414408416733,1.309657633666932,2.619315267333864,1.6370720420836653,12.214983713355048,5.272148294987242
39.0,2021,1,27,6,17,9,34,0,36,57,92068,44333,47735,10.10122952600252,2.932615023678151,0.6516922274840335,1.8464613112047616,0.9775383412260503,3.6929226224095233,12.857239528116754,7.5416361160574
39.0,2021,2,26,5,19,21,23,0,28,66,92068,44333,47735,10.209844897249857,2.8239996524308117,0.5430768562366945,2.0636920536994396,2.2809227961941176,2.498153538688795,14.88732997992466,5.865716979155756
39.0,2021,3,16,4,18,17,28,0,27,56,92068,44333,47735,9.01507581352913,1.7378459399574229,0.4344614849893557,1.9550766824521006,1.8464613112047616,3.0412303949254897,12.631673922360317,5.6562270870430496
39.0,2021,4,21,1,14,26,20,0,33,49,92068,44333,47735,8.906460442281793,2.2809227961941176,0.10861537124733893,1.5206151974627449,2.8239996524308117,2.172307424946778,11.052714682065279,6.913166439719284
39.0,2022,1,18,2,0,23,36,0,14,65,91927,44066,47861,8.59377549577382,1.9580754294168197,0.21756393660186887,0.0,2.501985270921492,3.9161508588336393,14.750601370671266,2.925137376987526
39.0,2022,2,13,5,0,14,21,0,7,46,91927,44066,47861,5.765444319949525,1.4141655879121477,0.5439098415046723,0.0,1.522947556213082,2.284421334319623,10.438887123859667,1.462568688493763
39.0,2022,3,24,3,0,18,21,0,11,55,91927,44066,47861,7.179609907861673,2.6107672392224264,0.3263459049028033,0.0,1.9580754294168197,2.284421334319623,12.481278082875688,2.2983222247759136
39.0,2022,4,30,4,0,31,25,0,17,73,91927,44066,47861,9.790377147084099,3.2634590490280333,0.43512787320373775,0.0,3.3722410173289674,2.7195492075233614,16.56606000090773,3.551952529199139
39.0,2023,1,0,1,0,22,28,0,5,46,91752,43814,47938,5.558461940884123,0.0,0.10898944982125731,0.0,2.3977678960676605,3.0517045949952046,10.498927283516684,1.043013892945054
39.0,2023,2,0,2,0,17,23,0,3,39,91752,43814,47938,4.577556892492806,0.0,0.21797889964251463,0.0,1.8528206469613742,2.506757345888918,8.901264436025015,0.6258083357670324
39.0,2023,3,0,4,0,26,19,0,6,43,91752,43814,47938,5.340483041241608,0.0,0.43595779928502926,0.0,2.83372569535269,2.070799546603889,9.814214634591682,1.2516166715340649
40.0,2015,1,89,1,8,15,13,0,44,82,97657,46070,51587,12.902300910329009,9.113530008089537,0.10239921357403976,0.8191937085923181,1.535988203610596,1.331189776462517,17.79900151942696,8.529280632717546
40.0,2015,2,68,0,3,16,12,0,41,58,97657,46070,51587,10.137522143829935,6.963146523034703,0.0,0.30719764072211925,1.6383874171846362,1.228790562888477,12.589537660082483,7.947738771395894
40.0,2015,3,44,0,11,14,8,0,33,44,97657,46070,51587,7.884739445201061,4.505565397257749,0.0,1.1263913493144373,1.4335889900365566,0.8191937085923181,9.550683742131538,6.396960474538159
40.0,2015,4,55,2,7,37,13,0,36,78,97657,46070,51587,11.673510347440532,5.631956746572186,0.20479842714807953,0.7167944950182783,3.7887709022394707,1.331189776462517,16.930757542869546,6.978502335859809
40.0,2016,1,145,0,9,26,11,0,74,117,97517,46038,51479,19.58632853758832,14.869202292933538,0.0,0.9229160043889784,2.6662017904570487,1.1280084498087513,25.413788609409618,14.374793605159384
40.0,2016,2,89,2,15,23,15,0,50,94,97517,46038,51479,14.766656070223654,9.126613821179896,0.20509244541977298,1.5381933406482973,2.358563122327389,1.5381933406482973,20.417915634910294,9.712698381864449
40.0,2016,3,80,0,3,29,5,0,37,80,97517,46038,51479,11.997908057056717,8.203697816790918,0.0,0.30763866812965945,2.9738404585867078,0.5127311135494323,17.376949476519396,7.187396802579692
40.0,2016,4,69,3,7,27,7,0,43,70,97517,46038,51479,11.587723166217174,7.075689366982167,0.30763866812965945,0.7178235589692054,2.7687480131669346,0.7178235589692054,15.204830791954473,8.352920608403426
40.0,2017,1,204,0,9,33,5,0,77,174,97563,46093,51470,25.726966165452065,20.909566126502874,0.0,0.9224808585221856,3.3824298145813474,0.5124893658456587,37.749766775866185,14.960170973382555
40.0,2017,2,158,1,14,38,8,0,87,132,97563,46093,51470,22.447034224039854,16.194663960722814,0.10249787316913174,1.4349702243678444,3.894919180427006,0.8199829853530539,28.63775410582952,16.903050320575094
40.0,2017,3,220,2,17,40,6,0,121,164,97563,46093,51470,29.211893853202547,22.54953209720898,0.20499574633826348,1.7424638438752396,4.09991492676527,0.6149872390147905,35.580239949666975,23.508840101029723
40.0,2017,4,269,4,17,34,13,0,116,221,97563,46093,51470,34.541783257997395,27.57192788249644,0.40999149267652696,1.7424638438752396,3.484927687750479,1.3324723511987127,47.94654285900245,22.537400427433454
40.0,2018,1,274,2,16,63,20,0,134,241,98166,46098,52068,38.20059898539209,27.91190432532649,0.20373652792209115,1.6298922233767292,6.417700629545871,2.0373652792209116,52.279925376372084,25.73557655373742
40.0,2018,2,283,2,20,80,28,1,156,255,98166,46098,52068,42.07159301591182,28.828718700975898,0.20373652792209115,2.0373652792209116,8.149461116883646,2.8523113909092763,55.31693348952233,29.960820465545055
40.0,2018,3,271,2,18,75,35,0,144,257,98166,46098,52068,40.84917384837927,27.60629953344335,0.20373652792209115,1.8336287512988203,7.640119797078419,3.565389238636595,55.75079179140093,27.65614196819544
40.0,2018,4,294,0,11,88,14,0,154,253,98166,46098,52068,41.460383432145555,29.949269604547396,0.0,1.1205509035715013,8.96440722857201,1.4261556954546382,54.88307518764371,29.576707382653456
40.0,2019,1,211,8,16,67,22,0,118,206,99795,47099,52696,32.46655644070344,21.14334385490255,0.8016433689062579,1.6032867378125157,6.7137632145899095,2.204519264492209,43.73765897365125,22.39259146804312
40.0,2019,2,14,1,7,25,20,0,15,52,99795,47099,52696,6.7137632145899095,1.4028758955859513,0.10020542111328223,0.7014379477929756,2.5051355278320555,2.0041084222656447,11.040574109853713,2.8465158645817517
40.0,2019,3,17,5,15,39,25,0,28,73,99795,47099,52696,10.120747532441506,1.7034921589257979,0.5010271055664112,1.5030813166992334,3.908011423418007,2.5051355278320555,15.499267500371557,5.313496280552603
40.0,2019,4,18,4,14,25,13,0,22,52,99795,47099,52696,7.415201162382885,1.80369758003908,0.40082168445312893,1.4028758955859513,2.5051355278320555,1.302670474472669,11.040574109853713,4.174889934719903
40.0,2020,1,24,1,15,30,7,0,30,47,101113,47645,53468,7.6152423526153905,2.373582031984018,0.09889925133266741,1.4834887699900112,2.9669775399800224,0.6922947593286718,9.864623780039878,5.610832647564898
40.0,2020,2,9,2,12,21,3,0,18,29,101113,47645,53468,4.648264812635368,0.8900932619940067,0.19779850266533483,1.186791015992009,2.0768842779860157,0.29669775399800224,6.086682757896946,3.366499588538939
40.0,2020,3,14,1,9,30,11,0,20,45,101113,47645,53468,6.428451336623382,1.3845895186573436,0.09889925133266741,0.8900932619940067,2.9669775399800224,1.0878917646593416,9.444852555357329,3.7405550983765994
40.0,2020,4,19,0,11,33,13,0,20,56,101113,47645,53468,7.516343101282723,1.8790857753206807,0.0,1.0878917646593416,3.2636752939780242,1.2856902673246764,11.753594291111344,3.7405550983765994
40.0,2021,1,15,1,13,16,10,0,17,38,101529,47781,53748,5.417171448551646,1.4774103950595396,0.09849402633730264,1.2804223423849344,1.5759044213968423,0.9849402633730264,7.952952010213265,3.1629083872888293
40.0,2021,2,14,2,9,29,17,0,20,51,101529,47781,53748,6.9930758699484885,1.378916368722237,0.19698805267460529,0.8864462370357238,2.8563267637817766,1.674398447734145,10.67369875054938,3.7210686909280346
40.0,2021,3,30,2,22,32,16,0,50,52,101529,47781,53748,10.046390686404871,2.9548207901190793,0.19698805267460529,2.166868579420658,3.1518088427936846,1.5759044213968423,10.882986961344466,9.302671727320087
40.0,2021,4,14,0,14,40,21,0,26,63,101529,47781,53748,8.765968344019935,1.378916368722237,0.0,1.378916368722237,3.9397610534921057,2.0683745530833555,13.185157280090412,4.837389298206444
40.0,2022,1,22,2,0,39,21,0,26,58,101488,47624,53864,8.276840611697935,2.1677439697304113,0.19706763361185559,0.0,3.8428188554311844,2.0692101529244837,12.178733411725181,4.826971632259022
40.0,2022,2,15,0,0,29,23,0,14,53,101488,47624,53864,6.601765725997161,1.4780072520889167,0.0,0.0,2.857480687371906,2.2662777865363393,11.12884260036956,2.599138571216397
40.0,2022,3,21,2,0,29,19,0,17,54,101488,47624,53864,6.995900993220874,2.0692101529244837,0.19706763361185559,0.0,2.857480687371906,1.872142519312628,11.338820762640685,3.1560968364770536
40.0,2022,4,13,1,0,16,19,0,9,40,101488,47624,53864,4.828157023490462,1.2809396184770614,0.09853381680592779,0.0,1.5765410688948447,1.872142519312628,8.399126490844951,1.6708747957819694
40.0,2023,1,1,2,0,21,30,0,6,48,101354,47442,53912,5.327860765238668,0.09866408824516053,0.19732817649032106,0.0,2.071945853148371,2.959922647354816,10.117617301125584,1.112924766285799
40.0,2023,2,0,2,0,22,17,0,3,38,101354,47442,53912,4.045227618051582,0.0,0.19732817649032106,0.0,2.1706099413935314,1.677289500167729,8.009780363391089,0.5564623831428995
40.0,2023,3,0,0,0,36,20,0,10,46,101354,47442,53912,5.525188941728989,0.0,0.0,0.0,3.551907176825779,1.9732817649032106,9.696049913578685,1.8548746104763316
41.0,2015,1,46,1,4,22,18,0,22,69,56517,26747,29770,16.101350036272272,8.13914397437939,0.17693791248650848,0.7077516499460339,3.8926340747031865,3.1848824247571526,25.797285676898344,7.389989922741015
41.0,2015,2,33,0,1,15,10,0,11,48,56517,26747,29770,10.439336836704,5.8389511120547795,0.0,0.17693791248650848,2.654068687297627,1.7693791248650848,17.945937862190153,3.6949949613705075
41.0,2015,3,44,1,13,25,8,0,27,64,56517,26747,29770,16.101350036272272,7.785268149406373,0.17693791248650848,2.3001928623246104,4.423447812162712,1.4155032998920678,23.927917149586868,9.069533087000336
41.0,2015,4,33,1,8,22,16,0,26,54,56517,26747,29770,14.155032998920678,5.8389511120547795,0.17693791248650848,1.4155032998920678,3.8926340747031865,2.8310065997841356,20.18918009496392,8.733624454148472
41.0,2016,1,71,2,7,28,13,0,35,86,56465,26754,29711,21.42920393163907,12.574160984680775,0.35420171787833166,1.239706012574161,4.958824050296644,2.302311166209156,32.14472602227704,11.780148766450136
41.0,2016,2,51,2,3,27,11,0,19,75,56465,26754,29711,16.64748074028159,9.032143805897459,0.35420171787833166,0.5313025768174976,4.781723191357478,1.9481094483308246,28.03319129849742,6.394937901787217
41.0,2016,3,56,2,3,15,5,0,27,54,56465,26754,29711,14.345169574072434,9.917648100593288,0.35420171787833166,0.5313025768174976,2.6565128840874883,0.8855042946958293,20.18389773491814,9.087543334118676
41.0,2016,4,65,2,4,18,6,0,35,60,56465,26754,29711,16.824581599220757,11.511555831045781,0.35420171787833166,0.7084034357566633,3.1878154609049854,1.0626051536349952,22.426553038797937,11.780148766450136
41.0,2017,1,113,2,4,12,8,0,54,85,56520,26806,29714,24.5930644019816,19.9929228591649,0.35385704175513094,0.7077140835102619,2.1231422505307855,1.4154281670205238,31.709318809221816,18.173251665881402
41.0,2017,2,108,2,7,26,5,0,54,94,56520,26806,29714,26.18542108987969,19.10828025477707,0.35385704175513094,1.238499646142958,4.600141542816702,0.8846426043878274,35.06677609490413,18.173251665881402
41.0,2017,3,150,0,8,29,4,0,78,113,56520,26806,29714,33.793347487615,26.539278131634816,0.0,1.4154281670205238,5.130927105449398,0.7077140835102619,42.154741475789,26.250252406273137
41.0,2017,4,204,2,8,27,6,0,90,157,56520,26806,29714,43.70134465675867,36.09341825902335,0.35385704175513094,1.4154281670205238,4.777070063694268,1.0615711252653928,58.56897709468029,30.288752776469007
41.0,2018,1,149,0,17,44,18,0,93,135,56895,26833,30062,40.07382019509623,26.188593022233942,0.0,2.987960277704543,7.733544248176465,3.1637226469812814,50.311183989863224,30.936065464706274
41.0,2018,2,230,2,22,38,20,0,142,170,56895,26833,30062,54.83785921434221,40.42534493364971,0.3515247385534757,3.8667721240882327,6.678970032516038,3.5152473855347566,63.35482428353147,47.235712860089144
41.0,2018,3,174,6,16,56,18,0,114,156,56895,26833,30062,47.45583970471922,30.582652254152386,1.0545742156604272,2.8121979084278057,9.842692679497318,3.1637226469812814,58.13736816606418,37.92162863415608
41.0,2018,4,221,4,11,51,20,0,136,171,56895,26833,30062,53.95904736795852,38.84348361015906,0.7030494771069514,1.9333860620441163,8.963880833113631,3.5152473855347566,63.72749972049343,45.23983766881777
41.0,2019,1,119,0,6,39,23,0,73,114,57874,27440,30434,32.311573418115216,20.56191035698241,0.0,1.0367349759823064,6.738777343884991,3.974150741265508,41.54518950437318,23.986331077084838
41.0,2019,2,14,0,6,23,7,0,19,31,57874,27440,30434,8.639458133185887,2.419048277292048,0.0,1.0367349759823064,3.974150741265508,1.209524138646024,11.29737609329446,6.2430176775974235
41.0,2019,3,13,1,6,16,4,0,14,26,57874,27440,30434,6.911566506548709,2.2462591146283306,0.17278916266371772,1.0367349759823064,2.7646266026194835,0.6911566506548709,9.475218658892128,4.600118288755996
41.0,2019,4,17,1,10,21,8,0,24,33,57874,27440,30434,9.84898227183191,2.9374157652832014,0.17278916266371772,1.7278916266371773,3.6285724159380726,1.3823133013097417,12.026239067055393,7.885917066438852
41.0,2020,1,15,0,7,21,10,0,12,41,58670,27784,30886,9.033577637634226,2.556672916311573,0.0,1.1931140276120675,3.5793420828362024,1.7044486108743822,14.756694500431903,3.885255455546202
41.0,2020,2,12,0,4,13,6,0,12,23,58670,27784,30886,5.965570138060337,2.0453383330492585,0.0,0.6817794443497529,2.2157831941366966,1.0226691665246292,8.278145695364238,3.885255455546202
41.0,2020,3,9,0,4,29,11,0,15,38,58670,27784,30886,9.033577637634226,1.534003749786944,0.0,0.6817794443497529,4.942900971535709,1.8748934719618204,13.67693636625396,4.856569319432753
41.0,2020,4,14,3,6,31,16,0,24,46,58670,27784,30886,11.931140276120674,2.386228055224135,0.5113345832623146,1.0226691665246292,5.283790693710584,2.7271177773990116,16.556291390728475,7.770510911092404
41.0,2021,1,21,1,5,21,16,0,17,47,58946,27893,31053,10.857394903810267,3.562582702812744,0.16964679537203542,0.8482339768601771,3.562582702812744,2.7143487259525667,16.850105761302117,5.4745113193572275
41.0,2021,2,23,1,7,21,12,0,22,42,58946,27893,31053,10.857394903810267,3.9018762935568145,0.16964679537203542,1.187527567604248,3.562582702812744,2.035761544464425,15.057541318610403,7.0846617074034715
41.0,2021,3,16,3,12,28,17,0,16,60,58946,27893,31053,12.893156448274693,2.7143487259525667,0.5089403861161063,2.035761544464425,4.750110270416992,2.883995521324602,21.510773312300575,5.152481241747979
41.0,2021,4,21,0,11,23,11,0,21,45,58946,27893,31053,11.196688494554339,3.562582702812744,0.0,1.8661147490923897,3.9018762935568145,1.8661147490923897,16.133079984225432,6.762631629794223
41.0,2022,1,21,0,0,18,15,0,15,39,58950,27828,31122,9.16030534351145,3.56234096692112,0.0,0.0,3.053435114503817,2.544529262086514,14.014661492022425,4.819741661846925
41.0,2022,2,8,3,0,13,8,0,6,26,58950,27828,31122,5.42832909245123,1.3570822731128076,0.5089058524173028,0.0,2.2052586938083123,1.3570822731128076,9.343107661348283,1.9278966647387699
41.0,2022,3,16,3,0,19,7,0,13,32,58950,27828,31122,7.633587786259542,2.714164546225615,0.5089058524173028,0.0,3.2230703986429177,1.1874469889737065,11.499209429351732,4.177109440267335
41.0,2022,4,8,2,0,4,19,0,8,25,58950,27828,31122,5.597964376590331,1.3570822731128076,0.3392705682782019,0.0,0.6785411365564038,3.2230703986429177,8.983757366681042,2.57052888631836
41.0,2023,1,1,0,0,16,15,0,4,28,58903,27746,31157,5.4326604756973325,0.16977063986554164,0.0,0.0,2.7163302378486662,2.546559597983125,10.09154472716788,1.2838206502551595
41.0,2023,2,0,0,0,13,9,0,4,18,58903,27746,31157,3.7349540770419165,0.0,0.0,0.0,2.2070183182520418,1.5279357587898748,6.487421610322209,1.2838206502551595
41.0,2023,3,0,0,0,19,9,0,8,20,58903,27746,31157,4.753577916235166,0.0,0.0,0.0,3.225642157445291,1.5279357587898748,7.2082462336913435,2.567641300510319
42.0,2015,1,151,7,12,11,17,0,75,123,130110,63358,66752,15.217892552455615,11.605564522327262,0.5380063023595419,0.9222965183306433,0.8454384751364231,1.3065867343017448,19.41349158748698,11.235618408437201
42.0,2015,2,158,8,10,22,20,0,70,148,130110,63358,66752,16.75505341634002,12.143570824686805,0.6148643455537622,0.7685804319422027,1.6908769502728462,1.5371608638844054,23.359323210959943,10.486577181208053
42.0,2015,3,140,10,10,18,22,0,68,132,130110,63358,66752,15.371608638844055,10.76012604719084,0.7685804319422027,0.7685804319422027,1.3834447774959648,1.6908769502728462,20.833990971937244,10.186960690316395
42.0,2015,4,108,6,8,23,26,0,57,114,130110,63358,66752,13.142725386211668,8.30066866497579,0.46114825916532165,0.6148643455537622,1.7677349934670663,1.9983091230497272,17.992992203036714,8.539069990412273
42.0,2016,1,207,1,38,24,24,0,122,172,130298,63494,66804,22.563661759965616,15.886659810588036,0.07674714884342046,2.916391656049978,1.8419315722420913,1.8419315722420913,27.089173780199705,18.26237949823364
42.0,2016,2,188,7,7,25,14,0,65,176,130298,63494,66804,18.496062871264332,14.428463982563047,0.5372300419039433,0.5372300419039433,1.9186787210855116,1.0744600838078866,27.719154565785743,9.729956290042512
42.0,2016,3,209,3,18,24,24,0,84,194,130298,63494,66804,21.33570737847089,16.040154108274876,0.2302414465302614,1.3814486791815683,1.8419315722420913,1.8419315722420913,30.554068100922922,12.574097359439554
42.0,2016,4,151,5,13,21,18,0,69,139,130298,63494,66804,15.963406959431456,11.58881947535649,0.3837357442171023,0.997712934964466,1.61169012571183,1.3814486791815683,21.891832299114878,10.328722830968205
42.0,2017,1,260,3,16,15,25,0,136,183,130738,63769,66969,24.399944928023988,19.887102449173156,0.2294665667212287,1.2238216891798865,1.1473328336061437,1.9122213893435727,28.697329423387536,20.307903656915887
42.0,2017,2,228,3,15,17,17,0,106,174,130738,63769,66969,21.416879560648013,17.43945907081338,0.2294665667212287,1.1473328336061437,1.3003105447536294,1.3003105447536294,27.285985353384877,15.828219026713851
42.0,2017,3,353,5,6,16,15,0,158,237,130738,63769,66969,30.213097951628445,27.000566017531245,0.38244427786871454,0.4589331334424574,1.2238216891798865,1.1473328336061437,37.165393843403535,23.593005719064045
42.0,2017,4,427,2,17,21,15,0,184,298,130738,63769,66969,36.867628386544084,32.66074132998822,0.15297771114748582,1.3003105447536294,1.6062659670486013,1.1473328336061437,46.731170317866045,27.475399065239138
42.0,2018,1,366,4,35,36,36,1,179,296,131951,63768,68183,36.14978287394563,27.737569249190987,0.30314283332449166,2.6524997915893023,2.728285499920425,2.728285499920425,46.41826621502948,26.252878283443085
42.0,2018,2,502,4,57,24,50,0,282,355,131951,63768,68183,48.2754962069253,38.0444255822237,0.30314283332449166,4.319785374874006,1.81885699994695,3.7892854165561456,55.67055576464685,41.3592831057595
42.0,2018,3,504,10,57,60,41,0,270,402,131951,63768,68183,50.9279959985146,38.195996998885946,0.7578570833112291,4.319785374874006,4.547142499867375,3.1072140415760394,63.0410237109522,39.599313611897394
42.0,2018,4,485,8,27,69,32,0,232,389,131951,63768,68183,47.06292487362733,36.75606854059461,0.6062856666489833,2.0462141249403185,5.229213874847481,2.4251426665959332,61.00238364069752,34.026076881334056
42.0,2019,1,330,46,38,37,26,0,166,311,135141,65747,69394,35.296468133283014,24.41894021799454,3.40385227281136,2.8118779644963405,2.7378811759569635,1.9239165020238123,47.302538518867784,23.921376487880796
42.0,2019,2,26,5,25,13,18,0,38,49,135141,65747,69394,6.437720602925833,1.9239165020238123,0.36998394269688695,1.8499197134844347,0.9619582510119061,1.3319421937087932,7.452811535127078,5.475977750237773
42.0,2019,3,23,3,23,7,12,0,33,35,135141,65747,69394,5.031781620677663,1.70192613640568,0.22199036561813218,1.70192613640568,0.5179775197756418,0.8879614624725287,5.323436810805056,4.755454362048592
42.0,2019,4,35,4,28,20,31,0,48,70,135141,65747,69394,8.731621047646533,2.589887598878209,0.29598715415750954,2.071910079102567,1.4799357707875478,2.293900444720699,10.646873621610112,6.917024526616133
42.0,2020,1,31,4,27,17,20,0,40,59,137756,67031,70725,7.186619820552281,2.250355701385058,0.29036847759807194,1.9599872237869858,1.2340660297918058,1.45184238799036,8.801897629455029,5.655708731000353
42.0,2020,2,22,2,14,11,13,0,25,37,137756,67031,70725,4.500711402770116,1.5970266267893956,0.14518423879903597,1.016289671593252,0.7985133133946978,0.9436975521937339,5.519834106607391,3.534817956875221
42.0,2020,3,19,5,24,17,18,0,30,53,137756,67031,70725,6.025145910159994,1.3792502685908419,0.36296059699759,1.7422108655884316,1.2340660297918058,1.3066581491913238,7.906789395951127,4.241781548250265
42.0,2020,4,26,3,18,18,23,0,25,63,137756,67031,70725,6.388106507157582,1.8873951043874677,0.21777635819855395,1.3066581491913238,1.3066581491913238,1.6696187461889136,9.398636451790962,3.534817956875221
42.0,2021,1,21,5,20,8,15,0,25,44,138482,67336,71146,4.9825970162187145,1.5164425701535218,0.3610577547984576,1.4442310191938303,0.577692407677532,1.0831732643953726,6.534394677438517,3.5139009923256403
42.0,2021,2,26,7,24,10,20,0,40,47,138482,67336,71146,6.2824049334931615,1.8775003249519793,0.5054808567178406,1.7330772230325964,0.7221155095969152,1.4442310191938303,6.979921587263871,5.622241587721024
42.0,2021,3,32,4,22,22,18,1,35,62,138482,67336,71146,7.076731994049768,2.310769630710128,0.288846203838766,1.5886541211132135,1.5886541211132135,1.2998079172744472,9.207556136390638,4.919461389255896
42.0,2021,4,36,5,23,20,24,1,40,67,138482,67336,71146,7.798847503646683,2.5996158345488944,0.3610577547984576,1.660865672072905,1.4442310191938303,1.7330772230325964,9.95010098609956,5.622241587721024
42.0,2022,1,23,3,0,23,13,0,19,43,138472,67123,71349,4.477439482350222,1.6609856144202437,0.21665029753307527,0.0,1.6609856144202437,0.9388179559766596,6.406149903907751,2.66296654473083
42.0,2022,2,19,3,0,12,17,0,10,41,138472,67123,71349,3.68305505806228,1.3721185510428102,0.21665029753307527,0.0,0.8666011901323011,1.2276850193540931,6.10818944326088,1.4015613393320159
42.0,2022,3,27,7,0,22,24,0,19,61,138472,67123,71349,5.777341267548675,1.9498526777976775,0.5055173609105089,0.0,1.5887688485758853,1.7332023802646022,9.0877940497296,2.66296654473083
42.0,2022,4,20,2,0,15,17,0,11,43,138472,67123,71349,3.899705355595355,1.4443353168871687,0.14443353168871687,0.0,1.0832514876653765,1.2276850193540931,6.406149903907751,1.5417174732652175
42.0,2023,1,1,1,0,25,26,0,5,48,138470,66976,71494,3.827543872318914,0.07221780891167762,0.07221780891167762,0.0,1.8054452227919404,1.877663031703618,7.16674629718108,0.6993593868016896
42.0,2023,2,0,5,0,27,29,0,5,56,138470,66976,71494,4.405286343612335,0.0,0.3610890445583881,0.0,1.9498808406152957,2.094316458438651,8.361204013377927,0.6993593868016896
42.0,2023,3,0,1,0,29,27,0,11,46,138470,66976,71494,4.116415107965624,0.0,0.07221780891167762,0.0,2.094316458438651,1.9498808406152957,6.868131868131869,1.538590650963717
43.0,2015,1,62,2,9,13,12,0,34,64,71524,33993,37531,13.70169453609977,8.668418992226385,0.279626419104077,1.2583188859683463,1.8175717241765001,1.6777585146244618,18.827405642338128,9.059177746396312
43.0,2015,2,46,3,3,11,6,0,23,46,71524,33993,37531,9.647111459090654,6.43140763939377,0.41943962865611545,0.41943962865611545,1.5379453050724232,0.8388792573122309,13.532197805430531,6.1282672990327995
43.0,2015,3,52,2,10,9,10,0,25,58,71524,33993,37531,11.604496392819193,7.270286896706001,0.279626419104077,1.3981320955203849,1.2583188859683463,1.3981320955203849,17.062336363368928,6.661160107644347
43.0,2015,4,31,4,2,11,13,0,14,47,71524,33993,37531,8.528605782674347,4.334209496113193,0.559252838208154,0.279626419104077,1.5379453050724232,1.8175717241765001,13.826376018592063,3.7302496602808346
43.0,2016,1,108,2,4,12,10,0,52,84,71178,33844,37334,19.107027452302678,15.17322768271095,0.28098569782798055,0.5619713956559611,1.6859141869678833,1.4049284891399028,24.81976125753457,13.928322708523062
43.0,2016,2,62,0,9,11,10,0,37,55,71178,33844,37334,12.925342100087107,8.710556632667398,0.0,1.2644356402259125,1.545421338053893,1.4049284891399028,16.25103415671906,9.910537311833716
43.0,2016,3,67,1,2,10,6,0,31,55,71178,33844,37334,12.082385006603163,9.413020877237349,0.14049284891399028,0.28098569782798055,1.4049284891399028,0.8429570934839417,16.25103415671906,8.30342315315798
43.0,2016,4,77,1,4,20,1,0,40,63,71178,33844,37334,14.470763438140999,10.81794936637725,0.14049284891399028,0.5619713956559611,2.8098569782798055,0.14049284891399028,18.614820943150928,10.714094391171585
43.0,2017,1,164,2,4,30,10,0,66,144,70973,33761,37212,29.58871683597988,23.107378862384287,0.2817973031998084,0.5635946063996168,4.226959547997126,1.408986515999042,42.65276502473268,17.736214124475975
43.0,2017,2,137,0,10,25,3,0,81,94,70973,33761,37212,24.65726402998323,19.303115269186875,0.0,1.408986515999042,3.522466289997605,0.4226959547997126,27.84277716892272,21.7671718800387
43.0,2017,3,197,1,31,19,9,0,109,148,70973,33761,37212,36.21095346117538,27.757034365181124,0.1408986515999042,4.36785819959703,2.67707438039818,1.2680878643991378,43.837564053197475,29.29162635708911
43.0,2017,4,272,1,25,25,15,0,146,192,70973,33761,37212,47.623744240767614,38.32443323517394,0.1408986515999042,3.522466289997605,3.522466289997605,2.113479773998563,56.87035336631024,39.234655487477156
43.0,2018,1,191,0,18,58,15,0,125,157,71167,33640,37527,39.625107142355304,26.83828178790732,0.0,2.529262158022679,8.14984473140641,2.107718465018899,46.67063020214031,33.309350600900686
43.0,2018,2,251,2,17,54,29,0,136,217,71167,33640,37527,49.601641210111424,35.26915564798291,0.28102912866918656,2.3887475936880858,7.587786474068038,4.074922365703205,64.50653983353152,36.240573453779945
43.0,2018,3,302,2,21,70,8,0,155,248,71167,33640,37527,56.62736942684109,42.43539842904717,0.28102912866918656,2.950805851026459,9.83601950342153,1.1241165146767462,73.7217598097503,41.303594745116854
43.0,2018,4,314,2,20,43,18,0,172,225,71167,33640,37527,55.78428204083353,44.12157320106229,0.28102912866918656,2.8102912866918657,6.042126266387511,2.529262158022679,66.884661117717,45.83366642683934
43.0,2019,1,224,3,7,39,22,0,104,191,72177,34309,37868,40.87174584701498,31.034817185530017,0.41564487302049125,0.969838037047813,5.403383349266386,3.0480624021502694,55.670523769273366,27.463821696419142
43.0,2019,2,18,1,10,23,9,0,22,39,72177,34309,37868,8.451445751416657,2.4938692381229477,0.13854829100683044,1.3854829100683042,3.1866106931571,1.2469346190614738,11.367279722521786,5.809654589627126
43.0,2019,3,13,2,12,25,22,0,27,47,72177,34309,37868,10.252573534505451,1.8011277830887957,0.2770965820136609,1.662579492081965,3.4637072751707607,3.0480624021502694,13.699029409192923,7.1300306327242
43.0,2019,4,13,3,7,36,18,0,19,58,72177,34309,37868,10.668218407525945,1.8011277830887957,0.41564487302049125,0.969838037047813,4.987738476245895,2.4938692381229477,16.905185228365735,5.0174289637688805
43.0,2020,1,10,2,11,19,5,0,15,32,72890,34580,38310,6.448072437920154,1.3719303059404582,0.27438606118809167,1.5091233365345043,2.6066675812868705,0.6859651529702291,9.253903990746096,3.9154267815191854
43.0,2020,2,10,0,2,13,9,0,9,25,72890,34580,38310,4.6645630401975575,1.3719303059404582,0.0,0.27438606118809167,1.7835093977225958,1.2347372753464123,7.2296124927703875,2.349256068911511
43.0,2020,3,14,2,8,30,15,0,21,48,72890,34580,38310,9.466319110989163,1.9207024283166414,0.27438606118809167,1.0975442447523667,4.115790917821375,2.0578954589106875,13.880855986119144,5.48159749412686
43.0,2020,4,11,1,9,26,8,0,20,35,72890,34580,38310,7.54561668267252,1.5091233365345043,0.13719303059404583,1.2347372753464123,3.5670187954451915,1.0975442447523667,10.121457489878543,5.2205690420255815
43.0,2021,1,24,2,9,10,14,0,17,42,72940,34547,38393,8.088840142582944,3.290375651220181,0.2741979709350151,1.2338908692075679,1.3709898546750754,1.9193857965451055,12.157350855356471,4.427890500872555
43.0,2021,2,12,1,6,18,15,0,18,34,72940,34547,38393,7.129147244310392,1.6451878256100905,0.13709898546750754,0.8225939128050452,2.4677817384151357,2.056484782012613,9.841664978145715,4.688354647982705
43.0,2021,3,19,0,14,13,9,0,26,29,72940,34547,38393,7.540444200712915,2.6048807238826432,0.0,1.9193857965451055,1.782286811077598,1.2338908692075679,8.394361304888992,6.772067824863908
43.0,2021,4,16,0,11,22,13,0,22,40,72940,34547,38393,8.500137098985467,2.1935837674801206,0.0,1.508088840142583,3.016177680285166,1.782286811077598,11.578429386053783,5.7302112364233055
43.0,2022,1,11,0,0,23,15,0,8,41,72673,34314,38359,6.74253161421711,1.513629546048739,0.0,0.0,3.164861778101909,2.0640402900664623,11.948475840764702,2.0855601032352253
43.0,2022,2,12,0,0,14,10,0,9,27,72673,34314,38359,4.953696696159509,1.6512322320531698,0.0,0.0,1.9264376040620315,1.376026860044308,7.868508480503584,2.3462551161396283
43.0,2022,3,14,0,0,20,15,0,11,38,72673,34314,38359,6.74253161421711,1.9264376040620315,0.0,0.0,2.752053720088616,2.0640402900664623,11.074197120708748,2.8676451419484343
43.0,2022,4,11,1,0,15,19,0,7,39,72673,34314,38359,6.329723556203818,1.513629546048739,0.13760268600443082,0.0,2.0640402900664623,2.614451034084185,11.3656233607274,1.824865090330822
43.0,2023,1,0,0,0,18,9,0,6,21,72332,34051,38281,3.732787701155782,0.0,0.0,0.0,2.4885251341038543,1.2442625670519272,6.167219758597398,1.5673571745774666
43.0,2023,2,0,0,0,17,10,0,4,23,72332,34051,38281,3.732787701155782,0.0,0.0,0.0,2.3502737377647516,1.3825139633910302,6.754574021320959,1.0449047830516445
43.0,2023,3,0,0,0,27,12,0,6,33,72332,34051,38281,5.391804457225017,0.0,0.0,0.0,3.732787701155782,1.6590167560692364,9.691345334938768,1.5673571745774666
44.0,2015,1,60,5,2,16,8,0,30,61,80745,38413,42332,11.270047680970958,7.4308006687720605,0.6192333890643383,0.24769335562573533,1.9815468450058826,0.9907734225029413,15.880040611251399,7.086837380704905
44.0,2015,2,89,3,5,9,13,0,43,76,80745,38413,42332,14.737754659731252,11.022354325345223,0.37154003343860303,0.6192333890643383,1.114620100315809,1.6100068115672799,19.784968630411576,10.157800245677029
44.0,2015,3,72,4,11,19,7,0,41,72,80745,38413,42332,13.994674592854047,8.916960802526471,0.49538671125147066,1.3623134559415442,2.353086878444486,0.8669267446900737,18.743654491968865,9.685344420296701
44.0,2015,4,88,2,8,17,8,0,38,85,80745,38413,42332,15.233141370982723,10.898507647532353,0.24769335562573533,0.9907734225029413,2.1053935228187504,0.9907734225029413,22.12792544190769,8.976660682226212
44.0,2016,1,167,4,7,28,9,0,71,143,80178,38089,42089,26.81533587767218,20.828656239866298,0.49888996981715683,0.8730574471800244,3.4922297887200977,1.1225024320886028,37.543647772322714,16.86901565729763
44.0,2016,2,126,4,9,14,7,0,54,105,80178,38089,42089,19.95559879268627,15.71503404924044,0.49888996981715683,1.1225024320886028,1.7461148943600489,0.8730574471800244,27.56701409855864,12.829955570339044
44.0,2016,3,113,5,4,17,10,0,45,104,80178,38089,42089,18.583651375689094,14.09364164733468,0.623612462271446,0.49888996981715683,2.1202823717229164,1.247224924542892,27.304471107143794,10.691629641949204
44.0,2016,4,133,0,6,17,6,0,60,102,80178,38089,42089,20.20504377759485,16.588091496420464,0.0,0.7483349547257353,2.1202823717229164,0.7483349547257353,26.779385124314107,14.255506189265605
44.0,2017,1,266,1,9,24,7,0,111,196,79703,37822,41881,38.5179980678268,33.37390060599977,0.12546579175187886,1.1291921257669097,3.0111790020450924,0.878260542263152,51.82169107926604,26.503665146486473
44.0,2017,2,244,2,6,22,4,0,107,171,79703,37822,41881,34.87949010702232,30.61365318745844,0.2509315835037577,0.7527947505112731,2.7602474185413346,0.5018631670075154,45.21178150282904,25.548578114180653
44.0,2017,3,321,1,19,32,12,0,152,233,79703,37822,41881,48.30432982447336,40.27451915235311,0.12546579175187886,2.383850043285698,4.0149053360601235,1.5055895010225462,61.60435725239279,36.29330722762111
44.0,2017,4,398,2,15,21,7,0,155,288,79703,37822,41881,55.58134574608233,49.93538511724778,0.2509315835037577,1.8819868762781828,2.634781626789456,0.878260542263152,76.14615832055418,37.00962250185048
44.0,2018,1,389,6,17,36,41,0,186,303,79652,37518,42134,61.392055441169084,48.837442876512824,0.7532767538793753,2.1342841359915634,4.519660523276252,5.147391151509065,80.76123460738846,44.14487112545688
44.0,2018,2,412,0,26,51,14,0,218,285,79652,37518,42134,63.14970120022096,51.725003766383765,0.0,3.264199266810626,6.40285240797469,1.7576457590518757,75.96353750199904,51.73968766316988
44.0,2018,3,476,8,16,62,24,0,217,369,79652,37518,42134,73.57002962888565,59.759955807763774,1.0043690051725005,2.008738010345001,7.783859790086877,3.0131070155175013,98.35279066048298,51.502349646366355
44.0,2018,4,521,2,20,44,28,0,204,411,79652,37518,42134,77.21086727263597,65.40953146185909,0.2510922512931251,2.510922512931251,5.524029528448752,3.5152915181037514,109.54741723972494,48.41695542792045
44.0,2019,1,326,2,11,52,14,0,140,265,79564,37621,41943,50.902418179075966,40.9733045095772,0.25136996631642455,1.382534814740335,6.535619124227038,1.7595897642149716,70.43938225990803,33.378632906563666
44.0,2019,2,24,1,14,34,10,0,30,53,79564,37621,41943,10.431853602131616,3.016439595797094,0.12568498315821228,1.7595897642149716,4.273289427379217,1.2568498315821226,14.087876451981606,7.152564194263643
44.0,2019,3,19,4,11,32,14,0,31,49,79564,37621,41943,10.05479865265698,2.388014680006033,0.5027399326328491,1.382534814740335,4.021919461062793,1.7595897642149716,13.024640493341485,7.390983000739098
44.0,2019,4,27,6,18,17,14,0,38,44,79564,37621,41943,10.306168618973404,3.393494545271731,0.7541098989492735,2.2623296968478206,2.1366447136896083,1.7595897642149716,11.695595545041332,9.059914646067282
44.0,2020,1,23,1,8,27,10,0,25,44,80223,37941,42282,8.601024643805394,2.8670082146017974,0.12465253106964337,0.997220248557147,3.365618338880371,1.2465253106964336,11.596953164123244,5.912681519322644
44.0,2020,2,11,1,7,4,5,0,9,19,80223,37941,42282,3.4902708699500145,1.371177841766077,0.12465253106964337,0.8725677174875036,0.4986101242785735,0.6232626553482168,5.007775229962309,2.1285653469561514
44.0,2020,3,18,4,16,25,9,0,28,44,80223,37941,42282,8.974982237014322,2.2437455592535804,0.4986101242785735,1.994440497114294,3.116313276741084,1.1218727796267902,11.596953164123244,6.622203301641361
44.0,2020,4,19,0,5,24,11,0,14,45,80223,37941,42282,7.354499333108959,2.368398090323224,0.0,0.6232626553482168,2.991660745671441,1.371177841766077,11.86052028148968,3.3111016508206803
44.0,2021,1,17,2,11,21,10,0,19,42,80454,38038,42416,7.581972307156885,2.1130086757650335,0.2485892559723569,1.3672409078479628,2.610187187709747,1.2429462798617843,11.04158998895841,4.479441720105621
44.0,2021,2,15,5,15,22,17,1,20,53,80454,38038,42416,9.197802470977205,1.8644194197926764,0.6214731399308921,1.8644194197926764,2.7344818156959256,2.1130086757650335,13.933434986066564,4.715201810637495
44.0,2021,3,28,4,11,21,15,0,27,52,80454,38038,42416,9.819275610908097,3.480249583612996,0.4971785119447138,1.3672409078479628,2.610187187709747,1.8644194197926764,13.67053998632946,6.365522444360619
44.0,2021,4,22,3,13,30,12,0,24,56,80454,38038,42416,9.943570238894274,2.7344818156959256,0.3728838839585353,1.6158301638203196,3.728838839585353,1.4915355358341411,14.72211998527788,5.658242172764995
44.0,2022,1,19,2,0,17,11,0,12,37,80229,37902,42327,6.107517231923619,2.3682209674805867,0.24928641762953546,0.0,2.1189345498510517,1.371075296962445,9.762017835470424,2.83506981359416
44.0,2022,2,15,1,0,15,14,0,6,39,80229,37902,42327,5.608944396664548,1.869648132221516,0.12464320881476773,0.0,1.869648132221516,1.7450049234067482,10.28969447522558,1.41753490679708
44.0,2022,3,13,1,0,21,16,0,11,40,80229,37902,42327,6.356803649553155,1.6203617145919806,0.12464320881476773,0.0,2.6175073851101223,1.9942913410362837,10.55353279510316,2.598813995794646
44.0,2022,4,31,5,0,32,11,0,15,64,80229,37902,42327,9.84681349636665,3.8639394732577994,0.6232160440738386,0.0,3.9885826820725674,1.371075296962445,16.885652472165056,3.5438372669927
44.0,2023,1,0,2,0,31,23,0,7,49,79808,37688,42120,7.016840417000802,0.0,0.25060144346431434,0.0,3.8843223736968726,2.8819165998396152,13.00148588410104,1.6619183285849952
44.0,2023,2,0,2,0,33,17,0,3,49,79808,37688,42120,6.515637530072173,0.0,0.25060144346431434,0.0,4.134923817161186,2.130112269446672,13.00148588410104,0.7122507122507122
44.0,2023,3,0,2,0,37,14,0,5,48,79808,37688,42120,6.6409382518043305,0.0,0.25060144346431434,0.0,4.636126704089816,1.7542101042502005,12.736149437486734,1.1870845204178537
45.0,2015,1,78,1,10,7,20,0,30,86,93912,45444,48468,12.351989096175142,8.305647840531561,0.10648266462219949,1.064826646221995,0.7453786523553965,2.12965329244399,18.92439045858639,6.1896509036890315
45.0,2015,2,61,1,5,12,12,0,23,68,93912,45444,48468,9.689922480620154,6.495442541954169,0.10648266462219949,0.5324133231109975,1.277791975466394,1.277791975466394,14.963471525393892,4.745399026161591
45.0,2015,3,77,1,4,22,21,0,38,87,93912,45444,48468,13.310333077774937,8.199165175909362,0.10648266462219949,0.42593065848879796,2.342618621688389,2.23613595706619,19.14444151043042,7.840224478006107
45.0,2015,4,76,7,3,16,17,0,28,91,93912,45444,48468,12.67143709004174,8.092682511287162,0.7453786523553965,0.3194479938665985,1.7037226339551919,1.8102052985773918,20.02464571780653,5.777007510109763
45.0,2016,1,149,5,10,21,18,0,61,142,92553,44769,47784,21.933378712737568,16.09888388274826,0.5402310027767874,1.0804620055535747,2.268970211662507,1.9448316099964345,31.718376555205612,12.765779340364976
45.0,2016,2,89,5,9,26,16,0,42,103,92553,44769,47784,15.666699080526833,9.616111849426815,0.5402310027767874,0.9724158049982172,2.8092012144392946,1.7287392088857194,23.006991444973085,8.789552988448015
45.0,2016,3,118,6,12,18,13,0,57,110,92553,44769,47784,18.0437154927447,12.749451665532183,0.6482772033321449,1.2965544066642898,1.9448316099964345,1.4046006072196473,24.57057338783533,11.928679055750878
45.0,2016,4,96,3,7,28,12,0,44,102,92553,44769,47784,15.77474528108219,10.372435253314318,0.32413860166607245,0.7563234038875022,3.0252936155500088,1.2965544066642898,22.783622595992764,9.208103130755065
45.0,2017,1,235,7,10,16,11,0,97,182,91314,44167,47147,30.553912872067812,25.73537464134744,0.7665856276146045,1.0951223251637208,1.7521957202619531,1.2046345576800928,41.20723617180248,20.57394956200819
45.0,2017,2,173,4,19,26,10,0,90,142,91314,44167,47147,25.40683794379832,18.94561622533237,0.4380489300654883,2.0807324178110695,2.8473180454256743,1.0951223251637208,32.1507007494283,19.08923155237873
45.0,2017,3,249,1,13,24,21,0,111,197,91314,44167,47147,33.7297676150426,27.268545896576647,0.10951223251637207,1.4236590227128372,2.62829358039293,2.2997568828438135,44.60343695519279,23.5433855812671
45.0,2017,4,328,5,7,26,10,0,142,234,91314,44167,47147,41.176599426155896,35.92001226537004,0.5475611625818604,0.7665856276146045,2.8473180454256743,1.0951223251637208,52.9807322208889,30.118565338197552
45.0,2018,1,303,8,16,22,34,0,122,261,90556,43525,47031,42.29427094836345,33.459958478731394,0.8834312469632051,1.7668624939264101,2.429435929148814,3.7545827995936216,59.965537047673756,25.940337224383917
45.0,2018,2,351,4,25,36,42,0,163,295,90556,43525,47031,50.57643888864349,38.76054596051062,0.44171562348160254,2.7607226467600157,3.975440611334423,4.638014046556827,67.77713957495692,34.65799153749654
45.0,2018,3,377,8,48,72,30,0,201,334,90556,43525,47031,59.07946464066434,41.63169751314104,0.8834312469632051,5.300587481779231,7.950881222668846,3.3128671761120194,76.73750717978173,42.73776870574728
45.0,2018,4,355,14,33,42,46,0,164,326,90556,43525,47031,54.110163876496316,39.202261583992225,1.5460046821856088,3.644153893723221,4.638014046556827,5.07972967003843,74.89948305571511,34.870617252450515
45.0,2019,1,234,3,27,36,19,0,105,214,90319,43587,46732,35.319257299128644,25.908169931022265,0.3321560247566957,2.9894042228102617,3.985872297080349,2.103654823459073,49.0972078830844,22.468544038346316
45.0,2019,2,32,3,29,20,18,0,37,65,90319,43587,46732,11.293304841727654,3.5429975974047543,0.3321560247566957,3.2108415726480586,2.2143734983779715,1.9929361485401744,14.912703328974235,7.917486946845845
45.0,2019,3,26,5,25,21,26,0,32,71,90319,43587,46732,11.404023516646554,2.878685547891363,0.5535933745944929,2.767966872972464,2.32509217329687,2.878685547891363,16.289260559341088,6.847556278353163
45.0,2019,4,29,4,17,23,17,0,28,62,90319,43587,46732,9.964680742700871,3.2108415726480586,0.4428746996755943,1.8822174736212756,2.546529523134667,1.8822174736212756,14.224424713790809,5.991611743559018
45.0,2020,1,20,3,12,24,15,0,20,54,90380,43669,46711,8.187652135428193,2.2128789555211332,0.33193184332816994,1.3277273733126798,2.6554547466253595,1.6596592166408497,12.365751448395887,4.2816467213290235
45.0,2020,2,17,1,9,10,9,0,18,28,90380,43669,46711,5.089621597698606,1.880947112192963,0.11064394777605666,0.9957955299845099,1.1064394777605666,0.9957955299845099,6.41187112139046,3.8534820491961206
45.0,2020,3,21,6,13,29,20,0,23,66,90380,43669,46711,9.847311352069042,2.3235229032971896,0.6638636866563399,1.4383713210887366,3.2086744855056426,2.2128789555211332,15.113696214706085,4.923893729528376
45.0,2020,4,23,6,15,29,17,0,35,55,90380,43669,46711,9.957955299845098,2.544810798849303,0.6638636866563399,1.6596592166408497,3.2086744855056426,1.880947112192963,12.594746845588404,7.492881762325791
45.0,2021,1,25,2,13,20,33,0,23,70,89951,43493,46458,10.338962323931918,2.7792909472935268,0.22234327578348212,1.4452312925926336,2.223432757834821,3.668664050427455,16.094543949601086,4.9507081665159935
45.0,2021,2,18,7,12,24,26,0,21,66,89951,43493,46458,9.671932496581473,2.001089482051339,0.7782014652421874,1.3340596547008927,2.6681193094017854,2.890462585185267,15.174855723909596,4.520211804210255
45.0,2021,3,29,2,16,32,31,0,31,79,89951,43493,46458,12.228880168091516,3.223977498860491,0.22234327578348212,1.778746206267857,3.557492412535714,3.446320774643973,18.16384245740694,6.672693615738947
45.0,2021,4,29,2,14,30,25,0,36,64,89951,43493,46458,11.117163789174107,3.223977498860491,0.22234327578348212,1.5564029304843747,3.3351491367522317,2.7792909472935268,14.71501161106385,7.748934521503293
45.0,2022,1,16,0,0,24,34,0,18,56,89015,43052,45963,8.31320563949896,1.7974498679997752,0.0,0.0,2.696174801999663,3.8195809694995226,13.00752578277432,3.9161934599569217
45.0,2022,2,11,3,0,25,24,0,7,56,89015,43052,45963,7.077458855249115,1.2357467842498455,0.3370218502499579,0.0,2.808515418749649,2.696174801999663,13.00752578277432,1.522964123316581
45.0,2022,3,17,4,0,24,24,0,13,56,89015,43052,45963,7.751502555749031,1.9097904847497613,0.4493624669999438,0.0,2.696174801999663,2.696174801999663,13.00752578277432,2.8283619433022213
45.0,2022,4,24,2,0,31,12,0,17,52,89015,43052,45963,7.751502555749031,2.696174801999663,0.2246812334999719,0.0,3.4825591192495646,1.3480874009998316,12.07841679829044,3.6986271566259816
45.0,2023,1,0,1,0,24,17,0,6,36,87874,42529,45345,4.779570749027016,0.0,0.11379930354826227,0.0,2.731183285158295,1.9345881603204589,8.464812245761715,1.3231888852133642
45.0,2023,2,0,4,0,20,23,0,2,45,87874,42529,45345,5.3485672667683275,0.0,0.4551972141930491,0.0,2.2759860709652457,2.6173839816100326,10.581015307202144,0.4410629617377881
45.0,2023,3,0,2,0,20,18,0,8,32,87874,42529,45345,4.5519721419304915,0.0,0.22759860709652455,0.0,2.2759860709652457,2.048387463868721,7.524277551788192,1.7642518469511523
46.0,2015,1,90,0,3,25,10,0,49,79,132836,63546,69290,9.63594206389834,6.775271763678521,0.0,0.22584239212261736,1.8820199343551447,0.7528079737420579,12.431939067761936,7.071727522008948
46.0,2015,2,74,3,2,20,22,0,30,91,132836,63546,69290,9.1089764822789,5.570779005691229,0.22584239212261736,0.15056159474841158,1.5056159474841158,1.6561775422325273,14.320334875523244,4.329629095107519
46.0,2015,3,66,2,9,31,9,0,39,78,132836,63546,69290,8.807853292782077,4.968532626697582,0.15056159474841158,0.6775271763678521,2.333704718600379,0.6775271763678521,12.274572750448495,5.628517823639775
46.0,2015,4,91,2,1,27,9,0,41,89,132836,63546,69290,9.786503658646753,6.8505525610527265,0.15056159474841158,0.07528079737420579,2.032581529103556,0.6775271763678521,14.005602240896359,5.9171597633136095
46.0,2016,1,162,1,10,29,18,0,74,144,134471,64229,70242,16.360404845654454,12.04720720452737,0.07436547657115661,0.7436547657115661,2.156598820563542,1.338578578280819,22.419779227451777,10.535007545343241
46.0,2016,2,94,2,6,44,13,0,40,119,134471,64229,70242,11.8241107748139,6.99035479768872,0.14873095314231322,0.44619285942693965,3.2720809691308905,0.9667511954250358,18.52745644490806,5.6945986731585085
46.0,2016,3,111,4,9,46,22,0,62,130,134471,64229,70242,14.278171501662069,8.254567899398383,0.29746190628462643,0.6692892891404095,3.4208119222732036,1.6360404845654453,20.240078469227296,8.826627943395689
46.0,2016,4,111,2,8,32,7,0,50,110,134471,64229,70242,11.898476251385057,8.254567899398383,0.14873095314231322,0.5949238125692529,2.3796952502770115,0.5205583359980962,17.12622024319233,7.118248341448137
46.0,2017,1,234,3,6,42,19,0,94,210,136219,64985,71234,22.31700423582613,17.17822036573459,0.22023359443249474,0.4404671888649895,3.083270322054926,1.394812764739133,32.31514964991921,13.195945756239997
46.0,2017,2,207,0,17,35,10,0,98,171,136219,64985,71234,19.747612300780364,15.196118015842137,0.0,1.2479903684508036,2.569391935045772,0.7341119814416491,26.313764714934216,13.757475362888508
46.0,2017,3,324,3,15,26,16,0,140,244,136219,64985,71234,28.189900087359327,23.78522819870943,0.22023359443249474,1.1011679721624736,1.9086911517482876,1.1745791703066386,37.547126259906136,19.65353623269787
46.0,2017,4,380,0,10,38,16,0,174,270,136219,64985,71234,32.59457197600922,27.89625529478267,0.0,0.7341119814416491,2.789625529478266,1.1745791703066386,41.548049549896135,24.42653788921021
46.0,2018,1,370,10,32,56,35,1,198,303,138657,65654,73003,36.27656735685901,26.684552528902255,0.7212041224027635,2.3078531916888436,4.038743085455477,2.5242144284096724,46.1510342096445,27.122173061381037
46.0,2018,2,402,0,34,68,36,0,214,326,138657,65654,73003,38.94502260974924,28.992405720591098,0.0,2.4520940161693967,4.904188032338793,2.596334840649949,49.65424802753831,29.31386381381587
46.0,2018,3,460,2,44,72,43,0,236,385,138657,65654,73003,44.78677600121162,33.17538963052713,0.14424082448055273,3.1732981385721604,5.192669681299898,3.101177726331884,58.64075303865721,32.327438598413764
46.0,2018,4,430,4,18,81,30,0,205,358,138657,65654,73003,40.603792091275594,31.011777263318837,0.28848164896110545,1.2981674203249745,5.841753391462386,2.163612367208291,54.52828464373839,28.081037765571278
46.0,2019,1,308,3,24,57,31,0,159,264,140078,66586,73492,30.19746141435486,21.98774968231985,0.21416639300960894,1.7133311440768715,4.069161467182569,2.213052727765959,39.647974048598805,21.63500789201546
46.0,2019,2,36,1,30,46,24,0,52,85,140078,66586,73492,9.780265280772142,2.5699967161153072,0.07138879766986965,2.1416639300960894,3.2838846928140035,1.7133311440768715,12.765446189889767,7.075600065313231
46.0,2019,3,23,1,15,38,26,0,33,70,140078,66586,73492,7.353046159996573,1.6419423464070018,0.07138879766986965,1.0708319650480447,2.7127743114550467,1.8561087394166107,10.512720391673927,4.4902846568333965
46.0,2019,4,36,2,16,40,17,0,43,68,140078,66586,73492,7.92415654135553,2.5699967161153072,0.1427775953397393,1.1422207627179144,2.8555519067947857,1.213609560387784,10.212356951911815,5.850976977085941
46.0,2020,1,27,1,15,27,28,1,32,65,143736,68336,75400,6.818055323648911,1.8784438136583737,0.06957199309845828,1.0435798964768743,1.8784438136583737,1.9480158067568318,9.51182392882229,4.244031830238727
46.0,2020,2,14,2,10,16,22,0,18,46,143736,68336,75400,4.45260755830133,0.9740079033784159,0.13914398619691656,0.6957199309845828,1.1131518895753325,1.5305838481660823,6.731444626551159,2.387267904509284
46.0,2020,3,20,1,18,32,22,0,33,60,143736,68336,75400,6.47019535815662,1.3914398619691657,0.06957199309845828,1.252295875772249,2.226303779150665,1.5305838481660823,8.78014516506673,4.376657824933687
46.0,2020,4,29,2,16,33,20,0,36,64,143736,68336,75400,6.957199309845828,2.0175877998552902,0.13914398619691656,1.1131518895753325,2.2958757722491234,1.3914398619691657,9.365488176071178,4.774535809018568
46.0,2021,1,18,2,16,37,34,0,33,74,146650,69698,76952,7.296283668598704,1.2274122059324923,0.13637913399249915,1.0910330719399932,2.5230139788612345,2.3184452778724856,10.617234353926943,4.28838756627508
46.0,2021,2,19,1,20,27,15,0,31,51,146650,69698,76952,5.591544493692465,1.2956017729287421,0.06818956699624958,1.3637913399249915,1.8411183088987384,1.0228435049437437,7.317283135814515,4.028485289531137
46.0,2021,3,25,3,16,31,19,0,29,65,146650,69698,76952,6.40981929764746,1.7047391749062393,0.20456870098874871,1.0910330719399932,2.1138765768837366,1.2956017729287421,9.325949094665557,3.7685830127871918
46.0,2021,4,33,3,13,41,10,1,37,62,146650,69698,76952,6.818956699624957,2.2502557108762358,0.20456870098874871,0.8864643709512445,2.7957722468462327,0.6818956699624957,8.895520674911761,4.808192119762969
46.0,2022,1,18,2,0,47,27,0,25,69,148724,70628,78096,6.320432478954304,1.2102955810763563,0.1344772867862618,0.0,3.160216239477152,1.8154433716145344,9.76949651696211,3.201188281089941
46.0,2022,2,21,3,0,21,25,0,16,54,148724,70628,78096,4.706705037519163,1.412011511255749,0.20171593017939268,0.0,1.412011511255749,1.6809660848282726,7.6456929263181745,2.048760499897562
46.0,2022,3,20,2,0,40,21,0,16,67,148724,70628,78096,5.5808074016298646,1.3447728678626178,0.1344772867862618,0.0,2.6895457357252357,1.412011511255749,9.486322704876253,2.048760499897562
46.0,2022,4,28,1,0,30,35,0,11,83,148724,70628,78096,6.320432478954304,1.8826820150076653,0.0672386433931309,0.0,2.017159301793927,2.3533525187595816,11.751713201563119,1.4085228436795738
46.0,2023,1,0,2,0,31,35,0,10,58,150405,71399,79006,4.521126292344005,0.0,0.13297430271600014,0.0,2.0611016920980023,2.3270502975300023,8.123363072311937,1.265726653671873
46.0,2023,2,0,3,0,24,33,0,13,47,150405,71399,79006,3.989229081480004,0.0,0.1994614540740002,0.0,1.5956916325920016,2.194075994814002,6.5827252482527765,1.645444649773435
46.0,2023,3,0,2,0,45,27,0,13,61,150405,71399,79006,4.920049200492004,0.0,0.13297430271600014,0.0,2.991921811110003,1.795153086666002,8.543537024328073,1.645444649773435
47.0,2015,1,70,7,8,10,20,0,38,76,97797,46364,51433,11.759051913657883,7.157683773530885,0.7157683773530885,0.818021002689244,1.0225262533615551,2.0450525067231102,16.392028297817273,7.388252678241596
47.0,2015,2,78,3,6,9,23,0,34,85,97797,46364,51433,12.168062415002506,7.975704776220129,0.3067578760084665,0.613515752016933,0.9202736280253996,2.3518103827315766,18.33318954361142,6.610541870005638
47.0,2015,3,81,4,13,14,20,0,42,90,97797,46364,51433,13.497346544372526,8.282462652228595,0.409010501344622,1.3292841293700215,1.431536754706177,2.0450525067231102,19.41161245794151,8.165963486477553
47.0,2015,4,105,2,6,14,20,0,40,107,97797,46364,51433,15.03113592441486,10.73652566029633,0.204505250672311,0.613515752016933,1.431536754706177,2.0450525067231102,23.07825036666379,7.777108082359574
47.0,2016,1,184,0,10,8,17,0,85,134,96506,45739,50767,22.692889561270803,19.066172051478663,0.0,1.0362050027977536,0.8289640022382029,1.761548504756181,29.296661492380682,16.74315992672405
47.0,2016,2,138,6,12,12,17,0,69,116,96506,45739,50767,19.16979255175844,14.299629038608998,0.6217230016786521,1.2434460033573043,1.2434460033573043,1.761548504756181,25.361289053105665,13.59150629345835
47.0,2016,3,153,1,12,23,25,0,74,140,96506,45739,50767,22.174787059871925,15.853936542805629,0.10362050027977536,1.2434460033573043,2.383271506434833,2.5905125069943837,30.608452305472355,14.57639805385388
47.0,2016,4,134,4,9,24,21,0,72,120,96506,45739,50767,19.895136053716868,13.885147037489896,0.41448200111910144,0.9325845025179782,2.4868920067146085,2.1760305058752825,26.235816261833445,14.182441349695669
47.0,2017,1,201,2,6,32,17,0,102,156,95340,45189,50151,27.061044682190058,21.0824417872876,0.20977554017201594,0.6293266205160478,3.356408642752255,1.7830920914621355,34.52167562902476,20.338577495962195
47.0,2017,2,193,0,14,14,12,0,85,148,95340,45189,50151,24.438850430039857,20.24333962659954,0.0,1.4684287812041115,1.4684287812041115,1.2586532410320956,32.75133328907478,16.948814579968495
47.0,2017,3,267,2,10,16,14,0,141,168,95340,45189,50151,32.41032095657646,28.005034612964128,0.20977554017201594,1.0488777008600796,1.6782043213761275,1.4684287812041115,37.17718913894974,28.115092420888917
47.0,2017,4,250,2,13,22,20,0,126,181,95340,45189,50151,32.200545416404445,26.22194252150199,0.20977554017201594,1.3635410111181037,2.3075309418921752,2.097755401720159,40.05399544136847,25.124125142070948
47.0,2018,1,227,4,23,28,50,1,151,179,94686,44596,50090,35.0632617282386,23.973977145512535,0.42244893648480236,2.429081384787614,2.9571425553936166,5.2806117060600295,40.13812898017759,30.14573767219006
47.0,2018,2,300,2,42,72,54,0,179,291,94686,44596,50090,49.63775003696428,31.683670236360182,0.21122446824240118,4.435713833090425,7.604080856726443,5.703060642544832,65.25248901246748,35.735675783589535
47.0,2018,3,290,0,35,74,72,0,177,294,94686,44596,50090,49.74336227108548,30.627547895148172,0.0,3.696428194242021,7.815305324968845,7.604080856726443,65.92519508476096,35.33639448991814
47.0,2018,4,316,0,24,60,30,1,194,234,94686,44596,50090,45.41326067211626,33.373465982299386,0.0,2.5346936189088143,6.336734047272037,3.1683670236360184,52.47107363889138,38.73028548612498
47.0,2019,1,201,6,18,36,36,0,118,179,94456,44672,49784,31.443211654103496,21.279749301261965,0.6352163970525959,1.9056491911577877,3.8112983823155755,3.8112983823155755,40.06984240687679,23.702394343564197
47.0,2019,2,17,0,27,18,22,0,33,51,94456,44672,49784,8.893029558736343,1.799779791649022,0.0,2.8584737867366816,1.9056491911577877,2.329126789192852,11.416547277936964,6.628635706251004
47.0,2019,3,20,3,21,21,26,0,39,52,94456,44672,49784,9.634115355297704,2.1173879901753194,0.31760819852629796,2.2232573896840857,2.2232573896840857,2.7526043872279153,11.640401146131806,7.833842198296642
47.0,2019,4,22,3,25,26,28,0,32,72,94456,44672,49784,11.010417548911661,2.329126789192852,0.31760819852629796,2.64673498771915,2.7526043872279153,2.9643431862454475,16.117478510028654,6.427767957576732
47.0,2020,1,14,1,18,19,19,0,27,44,94641,44822,49819,7.5020340021766465,1.4792743102883528,0.10566245073488235,1.9019241132278821,2.007586563962765,2.007586563962765,9.816607915755656,5.419619020855497
47.0,2020,2,6,2,8,7,12,0,12,23,94641,44822,49819,3.698185775720882,0.633974704409294,0.2113249014697647,0.8452996058790588,0.7396371551441764,1.267949408818588,5.131408683235911,2.4087195648246653
47.0,2020,3,7,0,14,23,14,0,17,41,94641,44822,49819,6.128422142623176,0.7396371551441764,0.0,1.4792743102883528,2.4302363669022937,1.4792743102883528,9.147293739681405,3.4123527168349423
47.0,2020,4,8,3,16,29,20,0,26,50,94641,44822,49819,8.03034625585106,0.8452996058790588,0.316987352204647,1.6905992117581177,3.064211071311588,2.113249014697647,11.155236267904154,5.218892390453441
47.0,2021,1,20,3,14,24,19,0,31,49,94320,44704,49616,8.481764206955047,2.1204410517387617,0.31806615776081426,1.4843087362171332,2.544529262086514,2.0144189991518235,10.960987831066571,6.247984521122219
47.0,2021,2,13,10,9,24,17,0,23,50,94320,44704,49616,7.73960983884648,1.3782866836301952,1.0602205258693809,0.9541984732824428,2.544529262086514,1.8023748939779476,11.184681460272012,4.63560141889713
47.0,2021,3,23,2,23,13,12,0,31,42,94320,44704,49616,7.73960983884648,2.438507209499576,0.21204410517387617,2.438507209499576,1.3782866836301952,1.272264631043257,9.39513242662849,6.247984521122219
47.0,2021,4,14,0,15,22,30,0,28,53,94320,44704,49616,8.587786259541984,1.4843087362171332,0.0,1.5903307888040714,2.3324851569126377,3.180661577608143,11.855762347888332,5.64334085778781
47.0,2022,1,17,1,0,23,25,0,17,49,93458,44314,49144,7.0619957628025425,1.8189989086006548,0.10699993580003853,0.0,2.4609985234008858,2.674998395000963,11.057453626393466,3.459221878560964
47.0,2022,2,13,2,0,19,46,0,18,62,93458,44314,49144,8.559994864003082,1.3909991654005007,0.21399987160007705,0.0,2.032998780200732,4.9219970468017715,13.991063772171323,3.6627055184763146
47.0,2022,3,10,4,0,28,47,0,15,74,93458,44314,49144,9.52299428620343,1.0699993580003853,0.4279997432001541,0.0,2.9959982024010787,5.02899698260181,16.699011599043192,3.0522545987302623
47.0,2022,4,16,1,0,20,39,0,12,64,93458,44314,49144,8.131995120802928,1.7119989728006164,0.10699993580003853,0.0,2.1399987160007705,4.172997496201503,14.4423884099833,2.4418036789842095
47.0,2023,1,0,1,0,18,33,0,7,45,92382,43835,48547,5.628802147604511,0.0,0.1082461951462406,0.0,1.948431512632331,3.57212443982594,10.26576936238166,1.4419016623066307
47.0,2023,2,0,5,0,21,33,1,5,53,92382,43835,48547,6.386525513628197,0.0,0.541230975731203,0.0,2.273170098071053,3.57212443982594,12.090795026805065,1.0299297587904506
47.0,2023,3,0,1,0,25,30,0,6,50,92382,43835,48547,6.061786928189473,0.0,0.1082461951462406,0.0,2.7061548786560152,3.2473858543872183,11.406410402646285,1.2359157105485405
48.0,2015,1,68,5,13,17,23,0,44,82,142655,68402,74253,8.832497984648278,4.766744944095896,0.350495951771757,0.9112894746065683,1.191686236023974,1.6122813781500824,11.987953568609106,5.925686504248986
48.0,2015,2,65,2,12,12,26,0,31,86,142655,68402,74253,8.201605271459115,4.556447373032841,0.1401983807087028,0.8411902842522169,0.8411902842522169,1.8225789492131366,12.572731791468087,4.174915491629968
48.0,2015,3,73,1,13,22,34,0,34,109,142655,68402,74253,10.02418422067225,5.117240895867653,0.0700991903543514,0.9112894746065683,1.542182187795731,2.383372472047948,15.935206572907225,4.578939571465126
48.0,2015,4,84,4,7,11,17,0,33,90,142655,68402,74253,8.622200413585222,5.8883319897655175,0.2803967614174056,0.49069433248045985,0.7710910938978655,1.191686236023974,13.157510014327066,4.44426487818674
48.0,2016,1,99,2,10,21,17,0,56,93,141933,68053,73880,10.497910986169531,6.975122064636131,0.14091155686133597,0.7045577843066799,1.479571347044028,1.1977482333213558,13.665819287907953,7.579859231185707
48.0,2016,2,75,3,2,17,11,0,31,77,141933,68053,73880,7.609224070512143,5.2841833823001,0.21136733529200397,0.14091155686133597,1.1977482333213558,0.7750135627373479,11.314710593214112,4.195993502977802
48.0,2016,3,86,3,6,15,14,0,33,91,141933,68053,73880,8.73651652540283,6.0591969450374465,0.21136733529200397,0.42273467058400793,1.0568366764600199,0.9863808980293519,13.371930701071223,4.466702761234434
48.0,2016,4,84,2,6,11,12,0,38,77,141933,68053,73880,8.10241451952682,5.918285388176112,0.14091155686133597,0.42273467058400793,0.7750135627373479,0.8454693411680159,11.314710593214112,5.143475906876016
48.0,2017,1,145,1,8,26,11,0,64,127,141356,67801,73555,13.51198392710603,10.257788845185207,0.07074337134610487,0.5659469707688389,1.8393276549987265,0.7781770848071535,18.731287149157094,8.70097206172252
48.0,2017,2,126,3,11,15,13,0,72,96,141356,67801,73555,11.884886386145617,8.913664789609214,0.21223011403831463,0.7781770848071535,1.061150570191573,0.9196638274993633,14.15908319936284,9.788593569437836
48.0,2017,3,162,1,4,17,16,0,72,128,141356,67801,73555,14.148674269220974,11.460426158068989,0.07074337134610487,0.28297348538441947,1.2026373128837828,1.1318939415376779,18.878777599150453,9.788593569437836
48.0,2017,4,164,3,10,20,25,0,91,131,141356,67801,73555,15.70502843883528,11.6019129007612,0.21223011403831463,0.7074337134610487,1.4148674269220973,1.7685842836526218,19.321248949130545,12.37169465026171
48.0,2018,1,177,6,34,42,44,0,103,200,141531,67482,74049,21.408737308434194,12.506094071263538,0.4239353922462217,2.4023005560619226,2.967547745723552,3.1088595431389594,29.637532971755434,13.909708436305689
48.0,2018,2,217,8,36,49,49,1,137,220,141531,67482,74049,25.365467636065596,15.332330019571684,0.5652471896616289,2.54361235347733,3.462139036677477,3.462139036677477,32.60128626893098,18.501262677416307
48.0,2018,3,217,8,43,52,43,0,131,232,141531,67482,74049,25.648091230896412,15.332330019571684,0.5652471896616289,3.0382036444312552,3.674106732800588,3.0382036444312552,34.379538247236304,17.690988399573254
48.0,2018,4,245,4,39,34,43,0,148,217,141531,67482,74049,25.78940302831182,17.310695183387384,0.28262359483081445,2.7555800496004412,2.4023005560619226,3.0382036444312552,32.15672327435464,19.986765520128564
48.0,2019,1,151,9,20,42,53,0,102,173,141474,67751,73723,19.438200658778293,10.67333927082008,0.6361592942872896,1.413687320638421,2.968743373340684,3.746271399691816,25.534678454930557,13.835573701558538
48.0,2019,2,14,4,23,27,24,0,36,56,141474,67751,73723,6.502961674936738,0.9895811244468948,0.28273746412768425,1.6257404187341844,1.9084778828618685,1.6964247847661054,8.265560655931278,4.8831436593736015
48.0,2019,3,14,2,34,18,22,0,38,52,141474,67751,73723,6.361592942872895,0.9895811244468948,0.14136873206384212,2.403268445085316,1.2723185885745791,1.5550560527022634,7.675163466221901,5.15442941822769
48.0,2019,4,12,2,16,19,21,0,23,47,141474,67751,73723,4.947905622234474,0.8482123923830527,0.14136873206384212,1.130949856510737,1.3430029546065,1.484371686670342,6.937166979085179,3.1197862268220233
48.0,2020,1,10,4,17,11,22,0,23,41,142922,68552,74370,4.477967002980647,0.6996823442157262,0.27987293768629046,1.1894599851667342,0.7696505786372987,1.5393011572745974,5.980861244019138,3.09264488368966
48.0,2020,2,10,1,16,18,12,0,22,35,142922,68552,74370,3.9881893620296385,0.6996823442157262,0.06996823442157261,1.1194917507451618,1.2594282195883069,0.8396188130588713,5.105613257089509,2.9581820626596746
48.0,2020,3,13,3,17,24,23,0,28,52,142922,68552,74370,5.597458753725809,0.9095870474804439,0.20990470326471783,1.1894599851667342,1.6792376261177426,1.60926939169617,7.5854825533901264,3.7649589888395862
48.0,2020,4,27,3,24,29,18,0,29,72,142922,68552,74370,7.066791676578833,1.8891423293824605,0.20990470326471783,1.6792376261177426,2.0290787982256058,1.2594282195883069,10.502975843155562,3.8994218098695708
48.0,2021,1,13,0,20,29,17,0,24,55,143607,68959,74648,5.5011245969903975,0.9052483514034831,0.0,1.3926897713899742,2.0194001685154626,1.183786305681478,7.975753708725474,3.2150894866573783
48.0,2021,2,12,3,20,24,31,0,29,61,143607,68959,74648,6.267103971254883,0.8356138628339844,0.2089034657084961,1.3926897713899742,1.6712277256679688,2.1586691456544598,8.845835931495527,3.884899796377666
48.0,2021,3,18,2,20,22,27,0,34,55,143607,68959,74648,6.197469482685385,1.2534207942509765,0.13926897713899739,1.3926897713899742,1.5319587485289714,1.8801311913764651,7.975753708725474,4.554710106097954
48.0,2021,4,16,4,27,28,35,0,43,67,143607,68959,74648,7.659793742644857,1.114151817111979,0.27853795427799477,1.8801311913764651,1.9497656799459637,2.4372070999324547,9.715918154265578,5.76036866359447
48.0,2022,1,9,2,0,36,30,0,12,65,143478,68942,74536,5.366676424260166,0.6272738677706687,0.13939419283792637,0.0,2.509095471082675,2.0909128925688956,9.428215021322272,1.609960287646238
48.0,2022,2,13,5,0,27,42,0,17,70,143478,68942,74536,6.063647388449797,0.9060622534465214,0.3484854820948159,0.0,1.881821603312006,2.927278049596454,10.153462330654754,2.280777074165504
48.0,2022,3,9,0,0,41,22,0,10,62,143478,68942,74536,5.01819094216535,0.6272738677706687,0.0,0.0,2.8575809531774907,1.5333361212171899,8.993066635722782,1.3416335730385316
48.0,2022,4,12,2,0,31,26,0,14,57,143478,68942,74536,4.948493845746387,0.8363651570275582,0.13939419283792637,0.0,2.1606099889878587,1.8121245068930427,8.267819326390299,1.8782870022539444
48.0,2023,1,0,1,0,23,19,0,5,38,142994,68781,74213,3.007119179825727,0.0,0.06993300418199365,0.0,1.608459096185854,1.3287270794578794,5.524781553045172,0.6737364073679813
48.0,2023,2,0,0,0,31,24,0,7,48,142994,68781,74213,3.846315230009651,0.0,0.0,0.0,2.167923129641803,1.6783921003678477,6.978671435425481,0.943230970315174
48.0,2023,3,0,7,0,29,38,0,10,64,142994,68781,74213,5.17504230946753,0.0,0.48953102927395553,0.0,2.028057121277816,2.6574541589157588,9.304895247233976,1.3474728147359627
49.0,2015,1,19,2,4,0,4,0,12,17,39535,19036,20499,7.335272543316049,4.805868218034653,0.5058808650562792,1.0117617301125583,0.0,1.0117617301125583,8.930447573019542,5.853944094833894
49.0,2015,2,21,0,3,1,7,0,10,22,39535,19036,20499,8.094093840900467,5.311749083090932,0.0,0.7588212975844189,0.2529404325281396,1.7705830276969772,11.55704980037823,4.878286745694912
49.0,2015,3,12,0,3,0,3,0,5,13,39535,19036,20499,4.552927785506514,3.0352851903376754,0.0,0.7588212975844189,0.0,0.7588212975844189,6.829165791132591,2.439143372847456
49.0,2015,4,23,1,0,3,3,0,5,25,39535,19036,20499,7.588212975844188,5.817629948147212,0.2529404325281396,0.0,0.7588212975844189,0.7588212975844189,13.133011136793444,2.439143372847456
49.0,2016,1,35,1,2,4,6,0,20,28,38553,18538,20015,12.450392965527973,9.078411537364149,0.2593831867818328,0.5187663735636656,1.0375327471273312,1.5562991206909966,15.10411047577948,9.992505620784412
49.0,2016,2,29,0,3,2,3,0,15,22,38553,18538,20015,9.597177910927813,7.522112416673151,0.0,0.7781495603454983,0.5187663735636656,0.7781495603454983,11.867515373826736,7.494379215588309
49.0,2016,3,37,0,5,3,2,0,20,27,38553,18538,20015,12.191009778746142,9.597177910927813,0.0,1.296915933909164,0.7781495603454983,0.5187663735636656,14.564677958787357,9.992505620784412
49.0,2016,4,34,1,0,2,1,0,16,22,38553,18538,20015,9.856561097709646,8.819028350582315,0.2593831867818328,0.0,0.5187663735636656,0.2593831867818328,11.867515373826736,7.994004496627529
49.0,2017,1,74,1,3,1,3,0,28,54,37582,18051,19531,21.81895588313554,19.690277260390612,0.2660848278431164,0.7982544835293491,0.2660848278431164,0.7982544835293491,29.915240152900115,14.33618350314884
49.0,2017,2,72,0,4,4,3,0,33,50,37582,18051,19531,22.08504071097866,19.15810760470438,0.0,1.0643393113724655,1.0643393113724655,0.7982544835293491,27.69929643787048,16.896216271568278
49.0,2017,3,107,1,3,2,3,0,46,70,37582,18051,19531,30.865840029801504,28.471076579213452,0.2660848278431164,0.7982544835293491,0.5321696556862328,0.7982544835293491,38.779015013018665,23.55230146945881
49.0,2017,4,134,0,1,7,5,0,52,95,37582,18051,19531,39.11446969293811,35.65536693097759,0.0,0.2660848278431164,1.8625937949018148,1.3304241392155818,52.628663231953915,26.624340791562133
49.0,2018,1,189,4,6,2,10,0,74,137,36791,17636,19155,57.350982577260744,51.371259275366256,1.08722241852627,1.6308336277894049,0.543611209263135,2.7180560463156747,77.68201406214561,38.63221091098929
49.0,2018,2,220,0,4,6,20,0,92,158,36791,17636,19155,67.95140115789188,59.79723301894485,0.0,1.08722241852627,1.6308336277894049,5.436112092631349,89.58947607167158,48.02923518663535
49.0,2018,3,180,2,12,4,24,0,86,136,36791,17636,19155,60.340844228207985,48.92500883368215,0.543611209263135,3.2616672555788098,1.08722241852627,6.5233345111576195,77.11499206169199,44.896893761419996
49.0,2018,4,137,2,12,8,14,0,59,114,36791,17636,19155,47.022369601261175,37.23736783452475,0.543611209263135,3.2616672555788098,2.17444483705254,3.805278464841945,64.6405080517124,30.801357347950926
49.0,2019,1,135,0,5,9,9,0,56,102,36681,17572,19109,43.074071044955154,36.803794880183204,0.0,1.3631035140808592,2.4535863253455465,2.4535863253455465,58.0468927839745,29.305562823800305
49.0,2019,2,10,1,3,5,0,0,7,12,36681,17572,19109,5.179793353507266,2.7262070281617183,0.27262070281617184,0.8178621084485155,1.3631035140808592,0.0,6.829046209879354,3.663195352975038
49.0,2019,3,11,2,6,4,7,0,14,16,36681,17572,19109,8.178621084485156,2.99882773097789,0.5452414056323437,1.635724216897031,1.0904828112646874,1.9083449197132032,9.105394946505806,7.326390705950076
49.0,2019,4,9,0,8,5,7,0,12,17,36681,17572,19109,7.906000381668984,2.4535863253455465,0.0,2.1809656225293748,1.3631035140808592,1.9083449197132032,9.674482130662417,6.279763462242922
49.0,2020,1,6,0,6,2,5,0,12,7,36178,17354,18824,5.251810492564542,1.658466471336171,0.0,1.658466471336171,0.5528221571120571,1.3820553927801427,4.03365218393454,6.374840628984276
49.0,2020,2,0,0,4,3,8,0,6,9,36178,17354,18824,4.146166178340428,0.0,0.0,1.1056443142241141,0.8292332356680855,2.2112886284482283,5.186124236487266,3.187420314492138
49.0,2020,3,8,1,8,3,10,0,13,17,36178,17354,18824,8.292332356680856,2.2112886284482283,0.27641107855602853,2.2112886284482283,0.8292332356680855,2.7641107855602853,9.796012446698168,6.906077348066298
49.0,2020,4,9,1,5,6,12,0,8,25,36178,17354,18824,9.12156559234894,2.4876997070042566,0.27641107855602853,1.3820553927801427,1.658466471336171,3.316932942672342,14.40590065690907,4.249893752656184
49.0,2021,1,6,1,10,7,5,0,12,17,35501,17036,18465,8.168783977916116,1.6900932368102306,0.28168220613503847,2.8168220613503845,1.9717754429452692,1.4084110306751922,9.978868278938718,6.498781478472786
49.0,2021,2,9,1,9,3,9,0,11,20,35501,17036,18465,8.732148390186191,2.535139855215346,0.28168220613503847,2.535139855215346,0.8450466184051153,2.535139855215346,11.739845034045551,5.957216355266721
49.0,2021,3,9,2,10,8,12,0,15,26,35501,17036,18465,11.548970451536578,2.535139855215346,0.5633644122700769,2.8168220613503845,2.2534576490803078,3.380186473620461,15.261798544259216,8.123476848090982
49.0,2021,4,8,1,1,7,10,0,4,23,35501,17036,18465,7.605419565646038,2.2534576490803078,0.28168220613503847,0.28168220613503847,1.9717754429452692,2.8168220613503845,13.500821789152385,2.166260492824262
49.0,2022,1,4,0,0,3,8,0,2,13,34697,16671,18026,4.323140329135084,1.1528374211026888,0.0,0.0,0.8646280658270167,2.3056748422053777,7.797972527142943,1.1095084877399313
49.0,2022,2,3,2,0,4,5,0,4,10,34697,16671,18026,4.034930973859412,0.8646280658270167,0.5764187105513444,0.0,1.1528374211026888,1.4410467763783612,5.998440405494571,2.2190169754798625
49.0,2022,3,9,0,0,7,8,0,5,19,34697,16671,18026,6.917024526616133,2.5938841974810503,0.0,0.0,2.017465486929706,2.3056748422053777,11.397036770439685,2.773771219349828
49.0,2022,4,4,0,0,4,7,0,5,10,34697,16671,18026,4.323140329135084,1.1528374211026888,0.0,0.0,1.1528374211026888,2.017465486929706,5.998440405494571,2.773771219349828
49.0,2023,1,0,1,0,4,6,0,2,9,33860,16297,17563,3.2486709982279978,0.0,0.29533372711163614,0.0,1.1813349084465445,1.772002362669817,5.52248880161993,1.1387576154415533
49.0,2023,2,0,1,0,3,7,0,1,10,33860,16297,17563,3.2486709982279978,0.0,0.29533372711163614,0.0,0.8860011813349085,2.067336089781453,6.136098668466589,0.5693788077207766
49.0,2023,3,0,0,0,2,5,0,0,7,33860,16297,17563,2.067336089781453,0.0,0.0,0.0,0.5906674542232723,1.4766686355581806,4.295269067926612,0.0
50.0,2015,1,33,5,6,6,11,0,19,42,93921,45576,48345,6.494820114777313,3.5135912096336286,0.5323623044899437,0.6388347653879325,0.6388347653879325,1.1711970698778762,9.215376513954713,3.9300858413486397
50.0,2015,2,52,12,8,13,10,0,32,63,93921,45576,48345,10.11488378530893,5.536567966695414,1.277669530775865,0.8517796871839098,1.3841419916738535,1.0647246089798874,13.82306477093207,6.619091943324025
50.0,2015,3,33,9,5,9,24,0,24,56,93921,45576,48345,8.5177968718391,3.5135912096336286,0.9582521480818985,0.5323623044899437,0.9582521480818985,2.55533906155173,12.28716868527295,4.964318957493019
50.0,2015,4,21,8,9,4,6,0,20,28,93921,45576,48345,5.11067812310346,2.2359216788577636,0.8517796871839098,0.9582521480818985,0.4258898435919549,0.6388347653879325,6.143584342636475,4.136932464577516
50.0,2016,1,54,9,8,4,9,0,24,60,93377,45263,48114,8.995791254805788,5.783008663803721,0.96383477730062,0.8567420242672178,0.4283710121336089,0.96383477730062,13.255860194861144,4.9881531363012845
50.0,2016,2,32,7,21,7,9,0,30,46,93377,45263,48114,8.13904923053857,3.426968097068871,0.7496492712338156,2.248947813701447,0.7496492712338156,0.96383477730062,10.162826149393545,6.235191420376606
50.0,2016,3,58,4,21,1,4,0,43,45,93377,45263,48114,9.424162266939396,6.211379675937329,0.4283710121336089,2.248947813701447,0.10709275303340222,0.4283710121336089,9.941895146145859,8.937107702539802
50.0,2016,4,46,10,15,6,14,0,34,57,93377,45263,48114,9.745440526039603,4.926266639536502,1.0709275303340224,1.6063912955010335,0.6425565182004134,1.4992985424676313,12.593067185118088,7.0665502764268195
50.0,2017,1,91,3,10,4,10,0,46,72,93030,45064,47966,12.684080404170698,9.781790820165538,0.32247662044501774,1.074922068150059,0.42996882726002367,1.074922068150059,15.977276761938576,9.590126339490473
50.0,2017,2,78,2,18,6,9,0,57,56,93030,45064,47966,12.146619370095669,8.384392131570461,0.21498441363001183,1.9348597226701063,0.6449532408900355,0.9674298613350532,12.426770814841115,11.883417420672977
50.0,2017,3,91,4,11,3,7,0,56,60,93030,45064,47966,12.469095990540685,9.781790820165538,0.42996882726002367,1.182414274965065,0.32247662044501774,0.7524454477050414,13.31439730161548,11.67493641329275
50.0,2017,4,94,5,8,9,6,0,47,75,93030,45064,47966,13.114049231430721,10.104267440610556,0.5374610340750295,0.8599376545200473,0.9674298613350532,0.6449532408900355,16.64299662701935,9.7986073468707
50.0,2018,1,102,8,39,15,18,0,84,98,93229,45285,47944,19.521822608844886,10.940801681880103,0.8581020926964785,4.183247701895334,1.6089414238058974,1.930729708567077,21.64071988517169,17.520440513932922
50.0,2018,2,109,8,38,12,22,1,84,103,93229,45285,47944,20.272661939954308,11.69164101298952,0.8581020926964785,4.075984940308273,1.2871531390447177,2.3597807549153162,22.74483824666004,17.520440513932922
50.0,2018,3,111,8,44,4,16,0,95,88,93229,45285,47944,19.629085370431948,11.90616653616364,0.8581020926964785,4.7195615098306325,0.42905104634823926,1.716204185392957,19.432483162194988,19.814783914566995
50.0,2018,4,105,8,32,8,24,0,91,86,93229,45285,47944,18.98550880090959,11.262589966641281,0.8581020926964785,3.432408370785914,0.8581020926964785,2.5743062780894355,18.990835817599645,18.980477223427332
50.0,2019,1,90,3,36,7,26,0,71,91,94513,45836,48677,17.140499190587537,9.52249955032641,0.31741665167754696,3.808999820130564,0.7406388539142764,2.750944314538741,19.853390348197923,14.585944080366497
50.0,2019,2,10,1,24,8,8,0,31,20,94513,45836,48677,5.3960830785182985,1.0580555055918233,0.10580555055918234,2.5393332134203757,0.8464444044734587,0.8464444044734587,4.363382494109434,6.368510795652977
50.0,2019,3,7,1,33,5,19,0,30,35,94513,45836,48677,6.877360786346851,0.7406388539142764,0.10580555055918234,3.491583168453017,0.5290277527959116,2.0103054606244646,7.635919364691509,6.1630749635351405
50.0,2019,4,9,8,22,2,16,0,29,28,94513,45836,48677,6.030916381873393,0.952249955032641,0.8464444044734587,2.3277221123020113,0.21161110111836468,1.6928888089469174,6.108735491753207,5.957639131417302
50.0,2020,1,10,3,18,7,12,0,22,28,95816,46487,49329,5.218335142356183,1.0436670284712366,0.313100108541371,1.8786006512482258,0.7305669199298656,1.252400434165484,6.023189278723084,4.459851203146222
50.0,2020,2,9,4,14,6,12,0,17,28,95816,46487,49329,4.696501628120564,0.9393003256241129,0.4174668113884946,1.461133839859731,0.626200217082742,1.252400434165484,6.023189278723084,3.446248656976626
50.0,2020,3,10,4,18,6,9,0,22,25,95816,46487,49329,4.9052350338148125,1.0436670284712366,0.4174668113884946,1.8786006512482258,0.626200217082742,0.9393003256241129,5.377847570288467,4.459851203146222
50.0,2020,4,8,2,21,6,13,0,24,26,95816,46487,49329,5.218335142356183,0.8349336227769892,0.2087334056942473,2.1917007597895966,0.626200217082742,1.3567671370126075,5.592961473100006,4.865292221614061
50.0,2021,1,7,7,25,6,18,0,29,34,95719,46400,49319,6.581765375735225,0.7313072639705805,0.7313072639705805,2.6118116570377876,0.626834797689069,1.8805043930672072,7.327586206896552,5.880086781970438
50.0,2021,2,11,6,13,4,12,0,23,23,95719,46400,49319,4.805733448949529,1.1491971290966265,0.626834797689069,1.3581420616596496,0.41788986512604603,1.253669595378138,4.956896551724138,4.6635171029420714
50.0,2021,3,12,4,26,2,6,0,27,23,95719,46400,49319,5.223623314075575,1.253669595378138,0.41788986512604603,2.716284123319299,0.20894493256302302,0.626834797689069,4.956896551724138,5.474563555627649
50.0,2021,4,10,8,32,15,15,2,36,42,95719,46400,49319,8.35779730252092,1.044724662815115,0.8357797302520921,3.3431189210083683,1.5670869942226726,1.5670869942226726,9.051724137931036,7.299418074170199
50.0,2022,1,7,3,0,4,17,0,4,27,95294,46140,49154,3.253090435914119,0.7345688081096396,0.31481520347555986,0.0,0.4197536046340798,1.7839528196948393,5.851755526657997,0.8137689709891361
50.0,2022,2,3,4,0,5,17,0,3,26,95294,46140,49154,3.0432136335970785,0.31481520347555986,0.4197536046340798,0.0,0.5246920057925998,1.7839528196948393,5.635023840485479,0.6103267282418522
50.0,2022,3,6,6,0,11,26,0,12,37,95294,46140,49154,5.141981656767477,0.6296304069511197,0.6296304069511197,0.0,1.1543224127437195,2.7283984301215187,8.019072388383181,2.4413069129674088
50.0,2022,4,7,3,0,6,13,0,3,26,95294,46140,49154,3.0432136335970785,0.7345688081096396,0.31481520347555986,0.0,0.6296304069511197,1.3641992150607594,5.635023840485479,0.6103267282418522
50.0,2023,1,0,2,0,9,18,0,6,23,94882,45906,48976,3.0564279842330473,0.0,0.21078813684365844,0.0,0.948546615796463,1.897093231592926,5.010238313074543,1.2250898399215941
50.0,2023,2,0,4,0,8,18,0,1,29,94882,45906,48976,3.1618220526548764,0.0,0.42157627368731687,0.0,0.8431525473746337,1.897093231592926,6.317257003441816,0.20418163998693237
50.0,2023,3,0,3,0,3,13,0,2,17,94882,45906,48976,2.002487300014755,0.0,0.3161822052654876,0.0,0.3161822052654876,1.37012288948378,3.7032196227072713,0.40836327997386473
51.0,2015,1,14,5,2,1,1,0,11,12,72249,35162,37087,3.183435064845188,1.937743082949245,0.6920511010533018,0.2768204404213207,0.13841022021066035,0.13841022021066035,3.4127751549968717,2.965998867527705
51.0,2015,2,11,1,4,3,3,0,11,11,72249,35162,37087,3.0450248446345274,1.5225124223172637,0.13841022021066035,0.5536408808426414,0.41523066063198105,0.41523066063198105,3.128377225413799,2.965998867527705
51.0,2015,3,10,6,5,3,5,0,7,22,72249,35162,37087,4.01389638610915,1.3841022021066036,0.8304613212639621,0.6920511010533018,0.41523066063198105,0.6920511010533018,6.256754450827598,1.8874538247903578
51.0,2015,4,15,5,1,3,8,0,11,21,72249,35162,37087,4.429127046741131,2.0761533031599053,0.6920511010533018,0.13841022021066035,0.41523066063198105,1.1072817616852828,5.972356521244525,2.965998867527705
51.0,2016,1,21,5,7,0,5,0,21,17,72554,35258,37296,5.2374782920307625,2.8943958982275273,0.6891418805303635,0.9647986327425091,0.0,0.6891418805303635,4.821600771456124,5.63063063063063
51.0,2016,2,23,3,5,1,3,0,14,21,72554,35258,37296,4.823993163712545,3.170052650439673,0.41348512831821815,0.6891418805303635,0.1378283761060727,0.41348512831821815,5.95609507062227,3.7537537537537538
51.0,2016,3,24,5,14,6,5,0,23,31,72554,35258,37296,7.442732309727927,3.3078810265457452,0.6891418805303635,1.9295972654850182,0.8269702566364363,0.6891418805303635,8.792330818537637,6.166881166881167
51.0,2016,4,23,7,9,1,2,0,17,25,72554,35258,37296,5.788791796455055,3.170052650439673,0.9647986327425091,1.2404553849546547,0.1378283761060727,0.2756567522121454,7.090589369788416,4.558129558129558
51.0,2017,1,42,2,9,2,8,0,29,34,72985,35428,37557,8.631910666575324,5.754607111050216,0.2740289100500103,1.2331300952250461,0.2740289100500103,1.0961156402000412,9.596928982725528,7.721596506643236
51.0,2017,2,42,3,8,0,5,0,34,24,72985,35428,37557,7.9468383914502985,5.754607111050216,0.41104336507501543,1.0961156402000412,0.0,0.6850722751250257,6.774302811335667,9.05290624916793
51.0,2017,3,33,6,8,2,3,0,21,31,72985,35428,37557,7.124751661300267,4.52147701582517,0.8220867301500309,1.0961156402000412,0.2740289100500103,0.41104336507501543,8.750141131308569,5.591500918603722
51.0,2017,4,57,5,2,4,4,0,25,47,72985,35428,37557,9.865040761800369,7.8098239364252935,0.6850722751250257,0.2740289100500103,0.5480578201000206,0.5480578201000206,13.266343005532347,6.656548712623478
51.0,2018,1,61,2,23,6,15,0,37,70,73845,35930,37915,14.489809736610468,8.260545737693818,0.2708375651702891,3.114631999458325,0.8125126955108674,2.031281738777168,19.482326746451434,9.758670710800475
51.0,2018,2,64,6,29,8,16,0,53,70,73845,35930,37915,16.65651025797278,8.666802085449252,0.8125126955108674,3.927144694969192,1.0833502606811565,2.166700521362313,19.482326746451434,13.978636423579058
51.0,2018,3,66,4,34,4,16,0,63,61,73845,35930,37915,16.791929040557925,8.937639650619541,0.5416751303405782,4.604238607894915,0.5416751303405782,2.166700521362313,16.97745616476482,16.616114994065672
51.0,2018,4,48,10,18,2,6,1,37,45,73845,35930,37915,11.375177737152143,6.500101564086939,1.3541878258514455,2.437538086532602,0.2708375651702891,0.8125126955108674,12.524352908433064,9.758670710800475
51.0,2019,1,46,2,11,4,1,0,30,34,75389,36613,38776,8.489302152833968,6.101685922349414,0.2652906922760615,1.4590988075183382,0.530581384552123,0.13264534613803075,9.286319066998061,7.736744377965752
51.0,2019,2,4,1,15,3,5,0,15,13,75389,36613,38776,3.714069691864861,0.530581384552123,0.13264534613803075,1.9896801920704614,0.39793603841409225,0.6632267306901538,3.550651407969847,3.868372188982876
51.0,2019,3,2,2,15,3,9,1,13,17,75389,36613,38776,4.112005730278954,0.2652906922760615,0.2652906922760615,1.9896801920704614,0.39793603841409225,1.1938081152422768,4.6431595334990305,3.352589230451826
51.0,2019,4,7,2,34,4,6,0,36,17,75389,36613,38776,7.03020334531563,0.9285174229662152,0.2652906922760615,4.509941768693046,0.530581384552123,0.7958720768281845,4.6431595334990305,9.284093253558902
51.0,2020,1,3,4,21,2,6,0,19,17,77140,37466,39674,4.66683951257454,0.388903292714545,0.5185377236193933,2.7223230490018153,0.25926886180969666,0.77780658542909,4.537447285538889,4.789030599384987
51.0,2020,2,4,5,9,1,4,0,10,13,77140,37466,39674,2.9815919108115114,0.5185377236193933,0.6481721545242416,1.166709878143635,0.12963443090484833,0.5185377236193933,3.4698126301179735,2.520542420728941
51.0,2020,3,3,2,15,8,10,0,13,25,77140,37466,39674,4.926108374384236,0.388903292714545,0.25926886180969666,1.944516463572725,1.0370754472387866,1.2963443090484832,6.672716596380718,3.276705146947623
51.0,2020,4,4,5,16,4,8,0,15,22,77140,37466,39674,4.796473943479389,0.5185377236193933,0.6481721545242416,2.0741508944775733,0.5185377236193933,1.0370754472387866,5.871990604815032,3.7808136310934115
51.0,2021,1,2,3,30,3,7,0,24,21,77761,37720,40041,5.786962616221499,0.2571983384987333,0.38579750774809995,3.8579750774809995,0.38579750774809995,0.9001941847455665,5.567338282078473,5.993856297295272
51.0,2021,2,8,5,21,3,11,0,24,24,77761,37720,40041,6.172760123969599,1.0287933539949332,0.6429958462468333,2.7005825542366995,0.38579750774809995,1.4145908617430332,6.362672322375398,5.993856297295272
51.0,2021,3,4,6,19,7,3,0,18,21,77761,37720,40041,5.015367600725299,0.5143966769974666,0.7715950154961999,2.443384215737966,0.9001941847455665,0.38579750774809995,5.567338282078473,4.4953922229714545
51.0,2021,4,2,7,10,8,6,0,12,21,77761,37720,40041,4.243772585229099,0.2571983384987333,0.9001941847455665,1.2859916924936665,1.0287933539949332,0.7715950154961999,5.567338282078473,2.996928148647636
51.0,2022,1,6,1,0,3,7,0,4,13,78104,37831,40273,2.1765850660657584,0.7682064939055618,0.12803441565092696,0.0,0.3841032469527809,0.8962409095564887,3.4363352805899923,0.9932212648672808
51.0,2022,2,4,3,0,2,9,0,4,14,78104,37831,40273,2.3046194817166854,0.5121376626037079,0.3841032469527809,0.0,0.2560688313018539,1.1523097408583427,3.7006687637122995,0.9932212648672808
51.0,2022,3,3,1,0,2,2,0,1,7,78104,37831,40273,1.0242753252074157,0.3841032469527809,0.12803441565092696,0.0,0.2560688313018539,0.2560688313018539,1.8503343818561497,0.2483053162168202
51.0,2022,4,7,1,0,2,11,0,4,17,78104,37831,40273,2.6887227286694664,0.8962409095564887,0.12803441565092696,0.0,0.2560688313018539,1.4083785721601967,4.493669213079221,0.9932212648672808
51.0,2023,1,0,1,0,4,6,0,1,10,78449,37958,40491,1.4021848589529504,0.0,0.12747135081390457,0.0,0.5098854032556183,0.7648281048834275,2.634490752937457,0.24696846212738632
51.0,2023,2,0,5,0,2,11,0,2,16,78449,37958,40491,2.2944843146502825,0.0,0.6373567540695229,0.0,0.25494270162780913,1.4021848589529504,4.215185204699932,0.49393692425477265
51.0,2023,3,0,8,0,7,11,0,3,23,78449,37958,40491,3.3142551211615188,0.0,1.0197708065112365,0.0,0.892299455697332,1.4021848589529504,6.0593287317561515,0.740905386382159
52.0,2015,1,12,2,2,0,0,0,4,12,17505,8720,8785,9.140245644101684,6.855184233076264,1.1425307055127105,1.1425307055127105,0.0,0.0,13.761467889908257,4.553215708594195
52.0,2015,2,8,4,2,0,0,0,2,12,17505,8720,8785,7.997714938588975,4.570122822050842,2.285061411025421,1.1425307055127105,0.0,0.0,13.761467889908257,2.2766078542970973
52.0,2015,3,4,4,6,0,2,0,6,10,17505,8720,8785,9.140245644101684,2.285061411025421,2.285061411025421,3.427592116538132,0.0,1.1425307055127105,11.46788990825688,6.829823562891292
52.0,2015,4,8,4,4,0,0,0,8,8,17505,8720,8785,9.140245644101684,4.570122822050842,2.285061411025421,2.285061411025421,0.0,0.0,9.174311926605505,9.10643141718839
52.0,2016,1,14,4,6,0,0,0,8,16,17696,8811,8885,13.5623869801085,7.911392405063291,2.260397830018083,3.390596745027125,0.0,0.0,18.15911928271479,9.003939223410242
52.0,2016,2,8,4,8,0,2,0,10,12,17696,8811,8885,12.432188065099458,4.520795660036166,2.260397830018083,4.520795660036166,0.0,1.1301989150090415,13.61933946203609,11.254924029262803
52.0,2016,3,16,0,2,0,6,0,6,18,17696,8811,8885,13.5623869801085,9.041591320072332,0.0,1.1301989150090415,0.0,3.390596745027125,20.42900919305414,6.752954417557682
52.0,2016,4,6,0,2,2,0,0,4,6,17696,8811,8885,5.650994575045208,3.390596745027125,0.0,1.1301989150090415,1.1301989150090415,0.0,6.809669731018045,4.501969611705121
52.0,2017,1,42,0,14,0,0,0,30,26,17893,8909,8984,31.29715531213324,23.472866484099928,0.0,7.82428882803331,0.0,0.0,29.183971265012907,33.3926981300089
52.0,2017,2,36,2,4,0,0,0,12,30,17893,8909,8984,23.472866484099928,20.119599843514223,1.1177555468619014,2.2355110937238027,0.0,0.0,33.67381299809182,13.357079252003562
52.0,2017,3,22,8,4,2,0,0,14,22,17893,8909,8984,20.119599843514223,12.295311015480914,4.4710221874476055,2.2355110937238027,1.1177555468619014,0.0,24.694129531934,15.58325912733749
52.0,2017,4,20,0,2,0,4,0,18,8,17893,8909,8984,14.530822109204717,11.177555468619012,0.0,1.1177555468619014,0.0,2.2355110937238027,8.979683466157818,20.03561887800534
52.0,2018,1,20,4,22,0,4,0,28,22,18178,8980,9198,27.50577621300473,11.002310485201892,2.2004620970403783,12.102541533722082,0.0,2.2004620970403783,24.498886414253896,30.441400304414003
52.0,2018,2,36,4,12,16,0,0,22,46,18178,8980,9198,37.40785564968643,19.80415887336341,2.2004620970403783,6.601386291121135,8.801848388161513,0.0,51.224944320712694,23.918243096325288
52.0,2018,3,42,4,44,4,12,2,52,50,18178,8980,9198,58.31224557157003,23.104852018923975,2.2004620970403783,24.205083067444164,2.2004620970403783,6.601386291121135,55.67928730512249,56.53402913676886
52.0,2018,4,24,16,10,0,12,0,22,40,18178,8980,9198,34.10716250412587,13.20277258224227,8.801848388161513,5.501155242600946,0.0,6.601386291121135,44.54342984409799,23.918243096325288
52.0,2019,1,28,16,14,4,10,0,32,40,18698,9295,9403,38.50679217028559,14.974863621777729,8.557064926730131,7.4874318108888644,2.139266231682533,5.3481655792063325,43.03388918773534,34.03169201318728
52.0,2019,2,4,4,24,4,6,0,24,18,18698,9295,9403,22.462295432666597,2.139266231682533,2.139266231682533,12.835597390095197,2.139266231682533,3.2088993475237992,19.365250134480906,25.52376900989046
52.0,2019,3,0,10,18,6,4,0,20,18,18698,9295,9403,20.32302920098406,0.0,5.3481655792063325,9.626698042571398,3.2088993475237992,2.139266231682533,19.365250134480906,21.26980750824205
52.0,2019,4,0,2,12,2,0,0,12,4,18698,9295,9403,8.557064926730131,0.0,1.0696331158412664,6.4177986950475985,1.0696331158412664,0.0,4.303388918773535,12.76188450494523
52.0,2020,1,4,0,20,0,0,0,18,6,19176,9534,9642,12.51564455569462,2.0859407592824364,0.0,10.429703796412182,0.0,0.0,6.293266205160479,18.668326073428748
52.0,2020,2,0,0,8,4,4,0,8,8,19176,9534,9642,8.343763037129746,0.0,0.0,4.171881518564873,2.0859407592824364,2.0859407592824364,8.391021606880637,8.297033810412778
52.0,2020,3,0,2,14,4,4,0,14,10,19176,9534,9642,12.51564455569462,0.0,1.0429703796412182,7.300792657488527,2.0859407592824364,2.0859407592824364,10.488777008600797,14.519809168222361
52.0,2020,4,0,6,20,0,10,0,22,14,19176,9534,9642,18.773466833541928,0.0,3.128911138923655,10.429703796412182,0.0,5.214851898206091,14.684287812041115,22.816842978635137
52.0,2021,1,4,0,10,0,2,0,10,6,19494,9683,9811,8.207653637016518,2.0519134092541296,0.0,5.129783523135324,0.0,1.0259567046270648,6.19642672725395,10.192640913260625
52.0,2021,2,2,4,20,2,0,0,18,10,19494,9683,9811,14.363393864778907,1.0259567046270648,2.0519134092541296,10.259567046270648,1.0259567046270648,0.0,10.327377878756582,18.346753643869125
52.0,2021,3,6,0,24,0,6,0,20,16,19494,9683,9811,18.467220683287163,3.077870113881194,0.0,12.311480455524777,0.0,3.077870113881194,16.523804606010533,20.38528182652125
52.0,2021,4,0,2,18,2,2,0,14,10,19494,9683,9811,12.311480455524777,0.0,1.0259567046270648,9.233610341643582,1.0259567046270648,1.0259567046270648,10.327377878756582,14.269697278564877
52.0,2022,1,2,2,0,2,6,0,2,10,19750,9802,9948,6.075949367088608,1.0126582278481013,1.0126582278481013,0.0,1.0126582278481013,3.037974683544304,10.201999591920018,2.010454362685967
52.0,2022,2,0,8,0,0,8,0,6,10,19750,9802,9948,8.10126582278481,0.0,4.050632911392405,0.0,0.0,4.050632911392405,10.201999591920018,6.0313630880579
52.0,2022,3,2,2,0,6,2,0,2,10,19750,9802,9948,6.075949367088608,1.0126582278481013,1.0126582278481013,0.0,3.037974683544304,1.0126582278481013,10.201999591920018,2.010454362685967
52.0,2022,4,0,10,0,0,2,0,2,10,19750,9802,9948,6.075949367088608,0.0,5.063291139240507,0.0,0.0,1.0126582278481013,10.201999591920018,2.010454362685967
52.0,2023,1,0,2,0,4,0,0,2,4,20004,9928,10076,2.9994001199760048,0.0,0.9998000399920015,0.0,1.999600079984003,0.0,4.0290088638195005,1.984914648670107
52.0,2023,2,0,4,0,0,2,0,0,6,20004,9928,10076,2.9994001199760048,0.0,1.999600079984003,0.0,0.0,0.9998000399920015,6.043513295729251,0.0
52.0,2023,3,0,4,0,2,2,0,0,8,20004,9928,10076,3.999200159968006,0.0,1.999600079984003,0.0,0.9998000399920015,0.9998000399920015,8.058017727639001,0.0
53.0,2015,1,44,1,6,2,7,0,28,32,49067,23723,25344,12.228177797705179,8.967330384983798,0.20380296329508632,1.2228177797705178,0.40760592659017264,1.4266207430656042,13.489019095392658,11.047979797979798
53.0,2015,2,31,5,5,0,11,0,18,34,49067,23723,25344,10.597754091344488,6.317891862147675,1.0190148164754316,1.0190148164754316,0.0,2.2418325962459495,14.332082788854699,7.1022727272727275
53.0,2015,3,40,7,4,0,12,0,20,43,49067,23723,25344,12.839586687590439,8.152118531803453,1.4266207430656042,0.8152118531803453,0.0,2.4456355595410355,18.125869409433882,7.891414141414141
53.0,2015,4,35,6,4,1,15,0,18,43,49067,23723,25344,12.431980761000265,7.133103715328021,1.2228177797705178,0.8152118531803453,0.20380296329508632,3.0570444494262947,18.125869409433882,7.1022727272727275
53.0,2016,1,48,3,13,0,4,0,28,40,48024,23187,24837,14.159586873230051,9.995002498750624,0.624687656171914,2.7069798434116277,0.0,0.8329168748958855,17.25104584465433,11.27350324113218
53.0,2016,2,54,4,6,0,5,0,25,44,48024,23187,24837,14.367816091954023,11.244377811094452,0.8329168748958855,1.249375312343828,0.0,1.0411460936198567,18.976150429119766,10.065627893868019
53.0,2016,3,49,6,3,1,4,0,22,41,48024,23187,24837,13.118440779610195,10.203231717474596,1.249375312343828,0.624687656171914,0.20822921872397138,0.8329168748958855,17.682321990770692,8.857752546603857
53.0,2016,4,47,4,5,4,8,0,26,42,48024,23187,24837,14.159586873230051,9.786773280026653,0.8329168748958855,1.0411460936198567,0.8329168748958855,1.665833749791771,18.11359813688705,10.46825300962274
53.0,2017,1,84,5,4,6,13,0,35,77,47080,22705,24375,23.789294817332202,17.84197111299915,1.0620220900594732,0.8496176720475785,1.274426508071368,2.7612574341546305,33.913234970270864,14.35897435897436
53.0,2017,2,65,10,9,0,9,0,30,63,47080,22705,24375,19.753610875106205,13.806287170773151,2.1240441801189465,1.9116397621070518,0.0,1.9116397621070518,27.747192248403437,12.307692307692308
53.0,2017,3,85,2,3,0,2,0,29,63,47080,22705,24375,19.541206457094308,18.054375531011043,0.42480883602378927,0.637213254035684,0.0,0.42480883602378927,27.747192248403437,11.897435897435898
53.0,2017,4,87,7,4,3,9,0,34,76,47080,22705,24375,23.36448598130841,18.479184367034836,1.4868309260832626,0.8496176720475785,0.637213254035684,1.9116397621070518,33.47280334728033,13.948717948717949
53.0,2018,1,80,12,26,18,18,1,56,96,46417,22472,23945,33.17749962298296,17.23506473921193,2.585259710881789,5.601396040243877,3.8778895663226836,3.8778895663226836,42.71982912068352,23.386928377531845
53.0,2018,2,93,8,26,2,27,0,65,91,46417,22472,23945,33.608376241463255,20.035762759333863,1.7235064739211925,5.601396040243877,0.4308766184802981,5.816834349484026,40.49483802064792,27.145541866778032
53.0,2018,3,141,5,12,2,14,0,55,119,46417,22472,23945,37.48626580778594,30.376801602861022,1.0771915462007455,2.585259710881789,0.4308766184802981,3.016136329362087,52.954788180847274,22.969304656504487
53.0,2018,4,122,6,18,8,16,1,73,95,46417,22472,23945,36.624512570825345,26.283473727298187,1.2926298554408946,3.8778895663226836,1.7235064739211925,3.447012947842385,42.2748309006764,30.486531634996865
53.0,2019,1,65,9,14,9,10,0,42,65,46874,22582,24292,22.82715364594445,13.866962495199898,1.920040960873832,2.986730383581516,1.920040960873832,2.133378845415369,28.783987246479494,17.289642680717932
53.0,2019,2,10,2,13,5,5,0,20,15,46874,22582,24292,7.466825958953791,2.133378845415369,0.42667576908307375,2.77339249903998,1.0666894227076844,1.0666894227076844,6.642458595341423,8.233163181294254
53.0,2019,3,14,3,20,3,11,0,22,29,46874,22582,24292,10.88023211161838,2.986730383581516,0.6400136536246107,4.266757690830738,0.6400136536246107,2.346716729956906,12.842086617660083,9.056479499423679
53.0,2019,4,3,7,14,5,8,0,12,25,46874,22582,24292,7.893501728036865,0.6400136536246107,1.493365191790758,2.986730383581516,1.0666894227076844,1.706703076332295,11.070764325569037,4.939897908776552
53.0,2020,1,3,2,8,1,4,0,8,10,46703,22454,24249,3.854142132197075,0.6423570220328458,0.4282380146885639,1.7129520587542555,0.21411900734428194,0.8564760293771277,4.453549478934711,3.2991051177368136
53.0,2020,2,4,6,4,4,3,0,6,15,46703,22454,24249,4.496499154229921,0.8564760293771277,1.2847140440656917,0.8564760293771277,0.8564760293771277,0.6423570220328458,6.680324218402067,2.4743288383026103
53.0,2020,3,6,2,3,2,6,0,7,12,46703,22454,24249,4.068261139541358,1.2847140440656917,0.4282380146885639,0.6423570220328458,0.4282380146885639,1.2847140440656917,5.344259374721653,2.886716978019712
53.0,2020,4,4,2,5,4,4,0,7,12,46703,22454,24249,4.068261139541358,0.8564760293771277,0.4282380146885639,1.0705950367214097,0.8564760293771277,0.8564760293771277,5.344259374721653,2.886716978019712
53.0,2021,1,9,4,16,2,16,0,23,24,45951,22034,23917,10.228286653174033,1.9586080825226873,0.8704924811211943,3.481969924484777,0.43524624056059713,3.481969924484777,10.892257420350369,9.61659070953715
53.0,2021,2,7,5,5,3,8,0,9,19,45951,22034,23917,6.09344736784836,1.52336184196209,1.0881156014014928,1.0881156014014928,0.6528693608408956,1.7409849622423885,8.623037124444041,3.763013755905841
53.0,2021,3,12,9,8,4,5,0,14,24,45951,22034,23917,8.269678570651346,2.6114774433635826,1.9586080825226873,1.7409849622423885,0.8704924811211943,1.0881156014014928,10.892257420350369,5.853576953631308
53.0,2021,4,10,4,11,8,8,0,17,24,45951,22034,23917,8.922547931492241,2.1762312028029855,0.8704924811211943,2.3938543230832843,1.7409849622423885,1.7409849622423885,10.892257420350369,7.107914872266589
53.0,2022,1,6,2,0,6,10,0,4,20,44925,21430,23495,5.342237061769617,1.3355592654424042,0.44518642181413465,0.0,1.3355592654424042,2.225932109070673,9.332711152589827,1.7024898914662696
53.0,2022,2,7,6,0,3,13,0,5,24,44925,21430,23495,6.455203116304953,1.5581524763494714,1.3355592654424042,0.0,0.6677796327212021,2.893711741791875,11.199253383107793,2.128112364332837
53.0,2022,3,7,4,0,3,6,0,4,16,44925,21430,23495,4.451864218141346,1.5581524763494714,0.8903728436282693,0.0,0.6677796327212021,1.3355592654424042,7.466168922071861,1.7024898914662696
53.0,2022,4,8,5,0,6,9,0,3,25,44925,21430,23495,6.232609905397886,1.7807456872565386,1.1129660545353366,0.0,1.3355592654424042,2.003338898163606,11.665888940737283,1.276867418599702
53.0,2023,1,0,4,0,8,10,0,2,20,43907,20846,23061,5.010590566424488,0.0,0.9110164666226341,0.0,1.8220329332452683,2.2775411665565857,9.594166746618056,0.867265079571571
53.0,2023,2,0,6,0,16,3,0,3,22,43907,20846,23061,5.693852916391464,0.0,1.3665246999339513,0.0,3.6440658664905365,0.6832623499669757,10.553583421279862,1.3008976193573565
53.0,2023,3,0,5,0,9,4,0,0,18,43907,20846,23061,4.099574099801854,0.0,1.1387705832782928,0.0,2.049787049900927,0.9110164666226341,8.634750071956251,0.0
54.0,2015,1,36,10,4,8,14,0,21,51,106068,54423,51645,6.788098201153976,3.394049100576988,0.9427914168269412,0.3771165667307765,0.754233133461553,1.3199079835577179,9.371037980265696,4.066221318617485
54.0,2015,2,27,9,7,8,16,0,16,51,106068,54423,51645,6.3167024927405055,2.5455368254327415,0.848512275144247,0.6599539917788589,0.754233133461553,1.508466266923106,9.371037980265696,3.0980733856133216
54.0,2015,3,46,5,4,3,11,0,16,53,106068,54423,51645,6.505260776105894,4.336840517403929,0.4713957084134706,0.3771165667307765,0.28283742504808235,1.0370705585096354,9.738529665766313,3.0980733856133216
54.0,2015,4,28,6,2,2,17,0,15,40,106068,54423,51645,5.185352792548177,2.6398159671154358,0.5656748500961647,0.18855828336538824,0.18855828336538824,1.6027454086058,7.349833710012311,2.904443799012489
54.0,2016,1,73,3,12,5,9,0,41,61,107562,55424,52138,9.482902883918113,6.786783436529629,0.2789089083505327,1.115635633402131,0.4648481805842212,0.8367267250515982,11.0060623556582,7.8637462119759105
54.0,2016,2,66,13,9,9,6,0,41,62,107562,55424,52138,9.575872520034956,6.1359959837117195,1.208605269518975,0.8367267250515982,0.8367267250515982,0.5578178167010654,11.186489607390302,7.8637462119759105
54.0,2016,3,82,6,7,8,7,0,34,76,107562,55424,52138,10.226659972852865,7.623510161581228,0.5578178167010654,0.6507874528179097,0.7437570889347539,0.6507874528179097,13.712471131639722,6.521155395297097
54.0,2016,4,63,9,7,8,17,0,34,70,107562,55424,52138,9.6688421561518,5.857087075361187,0.8367267250515982,0.6507874528179097,0.7437570889347539,1.5804838139863522,12.629907621247114,6.521155395297097
54.0,2017,1,120,9,15,12,9,0,56,109,109202,56507,52695,15.109613377044377,10.988809728759547,0.824160729656966,1.3736012160949433,1.0988809728759545,0.824160729656966,19.289645530642222,10.627194230951703
54.0,2017,2,99,7,13,5,17,0,61,80,109202,56507,52695,12.911851431292467,9.065768026226625,0.6410139008443069,1.1904543872822844,0.4578670720316477,1.5567480449076023,14.15753800414108,11.576050858715249
54.0,2017,3,116,7,6,4,9,0,48,94,109202,56507,52695,13.003424845698795,10.622516071134228,0.6410139008443069,0.5494404864379773,0.3662936576253182,0.824160729656966,16.635107154865768,9.109023626530032
54.0,2017,4,117,8,6,10,18,0,57,102,109202,56507,52695,14.5601728906064,10.714089485540558,0.7325873152506364,0.5494404864379773,0.9157341440632955,1.648321459313932,18.050860955279877,10.816965556504412
54.0,2018,1,141,10,39,8,10,0,95,113,111476,58191,53285,18.658724747927806,12.648462449316444,0.897054074419606,3.4985108902364637,0.7176432595356849,0.897054074419606,19.418810468972865,17.828657220606175
54.0,2018,2,177,6,34,26,10,0,112,141,111476,58191,53285,22.695468082816035,15.877857117227027,0.5382324446517637,3.04998385302666,2.3323405934909758,0.897054074419606,24.230551116151982,21.019048512714647
54.0,2018,3,200,14,37,18,22,0,119,172,111476,58191,53285,26.104273565610534,17.94108148839212,1.2558757041874484,3.319100075352542,1.6146973339552908,1.9735189637231334,29.55783540410029,22.33273904475931
54.0,2018,4,193,16,31,16,18,2,94,176,111476,58191,53285,24.579281639097204,17.313143636298395,1.4352865190713697,2.7808676307007785,1.4352865190713697,1.6146973339552908,30.24522692512588,17.640987144599794
54.0,2019,1,117,2,26,14,16,0,68,107,115215,60329,54886,15.188994488564855,10.154927743783363,0.17358850844074122,2.2566506097296357,1.2151195590851884,1.3887080675259298,17.736080491969037,12.389316036876435
54.0,2019,2,10,5,28,7,8,1,30,27,115215,60329,54886,5.034066744781495,0.867942542203706,0.433971271101853,2.430239118170377,0.6075597795425942,0.6943540337629649,4.475459563394056,5.465874722151368
54.0,2019,3,14,3,27,5,23,0,35,37,115215,60329,54886,6.249186303866685,1.2151195590851884,0.2603827626611118,2.3434448639500065,0.433971271101853,1.996267847068524,6.133037179465928,6.376853842509929
54.0,2019,4,11,3,17,5,24,0,21,39,115215,60329,54886,5.207655253222236,0.9547367964240767,0.2603827626611118,1.4755023217463004,0.433971271101853,2.0830621012888946,6.464552702680303,3.826112305505958
54.0,2020,1,6,7,18,10,4,0,21,24,118698,62340,56358,3.7911338017489764,0.5054845068998636,0.5897319247165075,1.5164535206995904,0.8424741781664392,0.3369896712665757,3.849855630413859,3.7261790695198553
54.0,2020,2,15,4,12,3,2,0,22,14,118698,62340,56358,3.0329070413991808,1.2637112672496587,0.3369896712665757,1.0109690137997271,0.2527422534499318,0.16849483563328785,2.245749117741418,3.9036161680684196
54.0,2020,3,12,13,20,12,12,0,22,47,118698,62340,56358,5.813071829348431,1.0109690137997271,1.0952164316163708,1.6849483563328784,1.0109690137997271,1.0109690137997271,7.539300609560475,3.9036161680684196
54.0,2020,4,5,8,25,7,16,0,20,41,118698,62340,56358,5.139092486815279,0.4212370890832196,0.6739793425331514,2.106185445416098,0.5897319247165075,1.3479586850663028,6.57683670195701,3.5487419709712906
54.0,2021,1,10,2,8,8,22,0,16,34,120683,63530,57153,4.143085604434758,0.8286171208869517,0.16572342417739036,0.6628936967095614,0.6628936967095614,1.8229576659512938,5.351802298126869,2.799503088201844
54.0,2021,2,12,7,15,12,28,0,20,54,120683,63530,57153,6.131766694563443,0.9943405450643421,0.5800319846208662,1.2429256813304277,0.9943405450643421,2.320127938483465,8.499921297025027,3.4993788602523055
54.0,2021,3,15,7,15,9,17,0,29,34,120683,63530,57153,5.220287861587796,1.2429256813304277,0.5800319846208662,1.2429256813304277,0.7457554087982566,1.408649105507818,5.351802298126869,5.074099347365842
54.0,2021,4,13,8,19,19,8,0,21,46,120683,63530,57153,5.5517347099425765,1.0772022571530373,0.6628936967095614,1.5743725296852082,1.5743725296852082,0.6628936967095614,7.240673697465764,3.6743478032649204
54.0,2022,1,10,10,0,5,17,0,6,36,121855,64130,57725,3.4467194616552463,0.8206474908702966,0.8206474908702966,0.0,0.4103237454351483,1.3951007344795043,5.613597380321223,1.0394110004330879
54.0,2022,2,6,6,0,12,19,0,8,35,121855,64130,57725,3.5287842107422756,0.492388494522178,0.492388494522178,0.0,0.984776989044356,1.5592302326535636,5.457664119756744,1.3858813339107838
54.0,2022,3,9,5,0,5,11,0,7,23,121855,64130,57725,2.46194247261089,0.738582741783267,0.4103237454351483,0.0,0.4103237454351483,0.9027122399573264,3.5864649929830033,1.212646167171936
54.0,2022,4,5,7,0,5,29,0,8,38,121855,64130,57725,3.774978458003365,0.4103237454351483,0.5744532436092077,0.0,0.4103237454351483,2.3798777235238604,5.92546390145018,1.3858813339107838
54.0,2023,1,0,5,0,17,19,0,6,35,122942,64728,58214,3.3349058905825513,0.0,0.40669584031494527,0.0,1.382765857070814,1.545444193196792,5.407242615251514,1.0306799051774487
54.0,2023,2,0,9,0,15,19,0,5,38,122942,64728,58214,3.4975842267085295,0.0,0.7320525125669015,0.0,1.2200875209448359,1.545444193196792,5.870720553701644,0.8588999209812073
54.0,2023,3,0,5,0,21,20,0,4,42,122942,64728,58214,3.7416017308974965,0.0,0.40669584031494527,0.0,1.7081225293227702,1.626783361259781,6.488691138301816,0.6871199367849659
55.0,2015,1,21,8,2,6,10,0,8,39,71424,34601,36823,6.580421146953405,2.940188172043011,1.1200716845878136,0.2800179211469534,0.8400537634408602,1.400089605734767,11.271350539001762,2.1725551964804604
55.0,2015,2,17,6,4,4,9,0,11,29,71424,34601,36823,5.600358422939068,2.380152329749104,0.8400537634408602,0.5600358422939068,0.5600358422939068,1.2600806451612903,8.38126065720644,2.9872633951606336
55.0,2015,3,18,9,5,2,9,0,11,32,71424,34601,36823,6.020385304659499,2.5201612903225805,1.2600806451612903,0.7000448028673835,0.2800179211469534,1.2600806451612903,9.248287621745037,2.9872633951606336
55.0,2015,4,26,8,9,2,12,0,16,41,71424,34601,36823,7.980510752688173,3.6402329749103943,1.1200716845878136,1.2600806451612903,0.2800179211469534,1.6801075268817205,11.849368515360826,4.345110392960921
55.0,2016,1,59,5,13,0,7,0,26,58,71340,34519,36821,11.774600504625736,8.270255116344266,0.7008690776562938,1.822259601906364,0.0,0.9812167087188114,16.802340739882382,7.0611879090736265
55.0,2016,2,38,3,4,2,11,0,21,37,71340,34519,36821,8.130081300813009,5.326604990187834,0.42052144659377627,0.5606952621250351,0.28034763106251753,1.5419119708438465,10.718734609924969,5.703267157328698
55.0,2016,3,49,5,9,5,6,0,24,50,71340,34519,36821,10.372862349313147,6.868516961031679,0.7008690776562938,1.2615643397813288,0.7008690776562938,0.8410428931875525,14.484776499898606,6.518019608375655
55.0,2016,4,53,8,14,4,7,0,30,56,71340,34519,36821,12.054948135688253,7.429212223156714,1.1213905242500701,1.9624334174376228,0.5606952621250351,0.9812167087188114,16.22294967988644,8.14752451046957
55.0,2017,1,65,4,13,1,3,0,30,56,71384,34504,36880,12.047517651014232,9.105681945534013,0.5603496581867085,1.8211363891068026,0.1400874145466771,0.4202622436400314,16.23000231857176,8.134490238611713
55.0,2017,2,55,3,8,4,4,0,29,45,71384,34504,36880,10.366468676454108,7.7048078000672415,0.4202622436400314,1.120699316373417,0.5603496581867085,0.5603496581867085,13.041966148852307,7.863340563991323
55.0,2017,3,58,7,6,1,6,0,34,44,71384,34504,36880,10.926818334640817,8.125070043707273,0.98061190182674,0.8405244872800628,0.1400874145466771,0.8405244872800628,12.75214467887781,9.219088937093275
55.0,2017,4,51,8,4,3,6,0,21,51,71384,34504,36880,10.086293847360754,7.144458141880533,1.120699316373417,0.5603496581867085,0.4202622436400314,0.8405244872800628,14.78089496869928,5.6941431670282
55.0,2018,1,62,14,26,4,17,0,37,86,71841,34863,36978,17.121142523071786,8.630169401873582,1.948747929455325,3.619103297559889,0.5567851227015215,2.366336771481466,24.66798611708688,10.005949483476662
55.0,2018,2,90,6,30,12,14,1,60,90,71841,34863,36978,21.157834662657812,12.527665260784232,0.8351776840522821,4.175888420261411,1.6703553681045642,1.948747929455325,25.815334308579295,16.22586402725945
55.0,2018,3,76,0,31,4,14,0,53,72,71841,34863,36978,17.399535084422546,10.578917331328906,0.0,4.315084700936791,0.5567851227015215,1.948747929455325,20.652267446863437,14.332846557412516
55.0,2018,4,74,4,34,4,10,0,64,62,71841,34863,36978,17.538731365097924,10.300524769978146,0.5567851227015215,4.732673542962932,0.5567851227015215,1.3919628067538037,17.783896968132403,17.307588295743415
55.0,2019,1,47,6,11,8,10,0,28,54,73342,35514,37828,11.180496850372228,6.408333560579204,0.8180851353930899,1.4998227482206647,1.0907801805241197,1.36347522565515,15.205271160669033,7.401924500370096
55.0,2019,2,2,5,22,2,10,0,24,17,73342,35514,37828,5.590248425186114,0.27269504513102993,0.681737612827575,2.9996454964413295,0.27269504513102993,1.36347522565515,4.786844624655066,6.34450671460294
55.0,2019,3,6,4,22,4,17,0,22,31,73342,35514,37828,7.226418695972294,0.8180851353930899,0.5453900902620599,2.9996454964413295,0.5453900902620599,2.317907883613755,8.728951962606297,5.815797821719361
55.0,2019,4,4,3,7,3,17,0,8,26,73342,35514,37828,4.63581576722751,0.5453900902620599,0.40904256769654496,0.9544326579586049,0.40904256769654496,2.317907883613755,7.3210564847665704,2.114835571534313
55.0,2020,1,6,13,10,5,6,0,11,29,74601,36055,38546,5.361858420128416,0.8042787630192625,1.7426039865417353,1.340464605032104,0.670232302516052,0.8042787630192625,8.043267230619886,2.853733201888652
55.0,2020,2,9,3,15,3,3,0,16,17,74601,36055,38546,4.423533196605944,1.2064181445288937,0.40213938150963124,2.010696907548156,0.40213938150963124,0.40213938150963124,4.715018721397864,4.150884657292585
55.0,2020,3,6,3,10,6,11,0,11,25,74601,36055,38546,4.825672578115575,0.8042787630192625,0.40213938150963124,1.340464605032104,0.8042787630192625,1.4745110655353146,6.9338510608792125,2.853733201888652
55.0,2020,4,5,2,16,5,6,0,16,18,74601,36055,38546,4.557579657109154,0.670232302516052,0.26809292100642085,2.144743368051367,0.670232302516052,0.8042787630192625,4.992372763833033,4.150884657292585
55.0,2021,1,5,5,13,0,4,0,12,15,74939,36132,38807,3.602930383378481,0.6672093302552743,0.6672093302552743,1.7347442586637132,0.0,0.5337674642042194,4.151444702756559,3.0922256293967583
55.0,2021,2,3,7,12,3,12,0,15,22,74939,36132,38807,4.9373490438890295,0.4003255981531646,0.934093062357384,1.6013023926126584,0.4003255981531646,1.6013023926126584,6.088785564042953,3.8652820367459477
55.0,2021,3,11,2,14,7,10,0,19,25,74939,36132,38807,5.8714421062464135,1.4678605265616034,0.2668837321021097,1.868186124714768,0.934093062357384,1.3344186605105486,6.919074504594265,4.896023913211534
55.0,2021,4,5,1,21,10,8,0,22,23,74939,36132,38807,6.004883972297469,0.6672093302552743,0.13344186605105485,2.802279187072152,1.3344186605105486,1.0675349284084388,6.365548544226724,5.669080320560724
55.0,2022,1,1,3,0,4,7,0,2,13,74795,35881,38914,2.005481649842904,0.1336987766561936,0.4010963299685808,0.0,0.5347951066247744,0.9358914365933552,3.6230874278866256,0.5139538469445444
55.0,2022,2,3,4,0,4,10,0,5,16,74795,35881,38914,2.8076743097800656,0.4010963299685808,0.5347951066247744,0.0,0.5347951066247744,1.3369877665619359,4.459184526629692,1.284884617361361
55.0,2022,3,4,5,0,6,13,0,4,24,74795,35881,38914,3.7435657463734207,0.5347951066247744,0.6684938832809679,0.0,0.8021926599371616,1.7380840965305167,6.688776789944539,1.0279076938890888
55.0,2022,4,2,3,0,3,12,0,4,16,74795,35881,38914,2.6739755331238717,0.2673975533123872,0.4010963299685808,0.0,0.4010963299685808,1.6043853198743232,4.459184526629692,1.0279076938890888
55.0,2023,1,0,4,0,5,6,0,2,13,74639,35649,38990,2.009673227133268,0.0,0.5359128605688716,0.0,0.6698910757110894,0.8038692908533073,3.646666105641112,0.512952038984355
55.0,2023,2,0,5,0,7,9,0,2,19,74639,35649,38990,2.8135425179865754,0.0,0.6698910757110894,0.0,0.9378475059955252,1.2058039362799609,5.329742769783163,0.512952038984355
55.0,2023,3,0,6,0,12,13,0,2,29,74639,35649,38990,4.153324669408755,0.0,0.8038692908533073,0.0,1.6077385817066145,1.7417167968488323,8.13487054335325,0.512952038984355
56.0,2015,1,24,2,2,8,5,0,10,31,45568,22258,23310,8.99754213483146,5.26685393258427,0.43890449438202245,0.43890449438202245,1.7556179775280898,1.0972612359550562,13.927576601671309,4.29000429000429
56.0,2015,2,19,5,2,7,1,0,17,17,45568,22258,23310,7.4613764044943816,4.169592696629214,1.0972612359550562,0.43890449438202245,1.5361657303370786,0.21945224719101122,7.637703297690718,7.293007293007293
56.0,2015,3,25,6,2,12,1,0,14,32,45568,22258,23310,10.094803370786517,5.486306179775282,1.3167134831460674,0.43890449438202245,2.633426966292135,0.21945224719101122,14.37685326624135,6.006006006006006
56.0,2015,4,24,2,1,6,2,0,10,25,45568,22258,23310,7.680828651685394,5.26685393258427,0.43890449438202245,0.21945224719101122,1.3167134831460674,0.43890449438202245,11.231916614251055,4.29000429000429
56.0,2016,1,33,6,6,4,2,0,13,38,46964,22896,24068,10.859381654032877,7.0266587173153905,1.2775743122391618,1.2775743122391618,0.8517162081594413,0.42585810407972063,16.596785464709992,5.401362805384744
56.0,2016,2,32,0,10,7,4,0,23,30,46964,22896,24068,11.285239758112597,6.81372966527553,0.0,2.129290520398603,1.4905033642790222,0.8517162081594413,13.10272536687631,9.556257271065315
56.0,2016,3,28,3,6,4,4,0,17,28,46964,22896,24068,9.581807341793715,5.962013457116089,0.6387871561195809,1.2775743122391618,0.8517162081594413,0.8517162081594413,12.22921034241789,7.063320591656972
56.0,2016,4,31,1,1,9,4,0,18,28,46964,22896,24068,9.794736393833574,6.60080061323567,0.21292905203986032,0.21292905203986032,1.9163614683587429,0.8517162081594413,12.22921034241789,7.478810038225029
56.0,2017,1,50,7,3,4,4,0,18,50,48373,23549,24824,14.057428730903604,10.33634465507618,1.447088251710665,0.6201806793045708,0.8269075724060944,0.8269075724060944,21.23232409019491,7.251047373509507
56.0,2017,2,58,2,4,1,2,0,31,36,48373,23549,24824,13.850701837802081,11.990159799888367,0.4134537862030472,0.8269075724060944,0.2067268931015236,0.4134537862030472,15.287273344940337,12.487914921044151
56.0,2017,3,55,4,3,2,1,0,28,37,48373,23549,24824,13.437248051599033,11.369979120583796,0.8269075724060944,0.6201806793045708,0.4134537862030472,0.2067268931015236,15.711919826744236,11.279407025459234
56.0,2017,4,83,1,2,3,3,0,28,64,48373,23549,24824,19.01887416534017,17.15833212742646,0.2067268931015236,0.4134537862030472,0.6201806793045708,0.6201806793045708,27.177374835449488,11.279407025459234
56.0,2018,1,96,0,12,6,0,0,47,67,50027,24123,25904,22.787694644891758,19.189637595698322,0.0,2.3987046994622903,1.1993523497311451,0.0,27.774323259959374,18.14391599752934
56.0,2018,2,107,4,8,8,8,0,54,81,50027,24123,25904,26.98542786895077,21.38845023687209,0.7995682331540969,1.5991364663081937,1.5991364663081937,1.5991364663081937,33.57791319487626,20.846201358863496
56.0,2018,3,96,0,34,4,4,0,69,69,50027,24123,25904,27.58510404381634,19.189637595698322,0.0,6.796329981809823,0.7995682331540969,0.7995682331540969,28.603407536376075,26.63681284743669
56.0,2018,4,116,2,24,8,6,0,66,90,50027,24123,25904,31.183161093009776,23.187478761468807,0.39978411657704843,4.7974093989245805,1.5991364663081937,1.1993523497311451,37.308792438751404,25.47869054972205
56.0,2019,1,88,6,16,6,9,0,41,84,52258,25327,26931,23.919782617015574,16.839526962378965,1.1481495656167475,3.0617321749779935,1.1481495656167475,1.7222243484251216,33.16618628341296,15.224091196019456
56.0,2019,2,11,1,13,3,7,0,17,18,52258,25327,26931,6.697539132764362,2.1049408702973706,0.1913582609361246,2.48765739216962,0.5740747828083738,1.3395078265528724,7.107039917874205,6.312428056886116
56.0,2019,3,6,4,9,2,12,0,12,21,52258,25327,26931,6.3148226108921115,1.1481495656167475,0.7654330437444984,1.7222243484251216,0.3827165218722492,2.296299131233495,8.29154657085324,4.45583156956667
56.0,2019,4,10,3,11,5,7,0,16,20,52258,25327,26931,6.8888973937004865,1.913582609361246,0.5740747828083738,2.1049408702973706,0.956791304680623,1.3395078265528724,7.896711019860229,5.941108759422227
56.0,2020,1,8,1,5,2,6,0,7,15,54467,26373,28094,4.039142967301301,1.468779260836837,0.18359740760460463,0.9179870380230232,0.36719481520920927,1.1015844456276278,5.687635081333182,2.4916352246031184
56.0,2020,2,4,1,10,2,2,0,12,7,54467,26373,28094,3.4883507444874877,0.7343896304184185,0.18359740760460463,1.8359740760460463,0.36719481520920927,0.36719481520920927,2.6542297046221517,4.2713746707482025
56.0,2020,3,3,1,10,1,4,0,10,9,54467,26373,28094,3.4883507444874877,0.5507922228138139,0.18359740760460463,1.8359740760460463,0.18359740760460463,0.7343896304184185,3.4125810487999093,3.559478892290169
56.0,2020,4,6,3,9,3,7,0,12,16,54467,26373,28094,5.140727412928929,1.1015844456276278,0.5507922228138139,1.6523766684414416,0.5507922228138139,1.2851818532322323,6.066810753422061,4.2713746707482025
56.0,2021,1,7,2,10,3,7,0,9,20,56224,27160,29064,5.157939669891862,1.245019920318725,0.35571997723392146,1.7785998861696073,0.5335799658508822,1.245019920318725,7.363770250368188,3.096614368290669
56.0,2021,2,7,1,13,4,5,0,12,18,56224,27160,29064,5.335799658508822,1.245019920318725,0.17785998861696073,2.3121798520204893,0.7114399544678429,0.8892999430848036,6.62739322533137,4.1288191577208915
56.0,2021,3,8,2,8,0,6,0,8,16,56224,27160,29064,4.2686397268070575,1.4228799089356858,0.35571997723392146,1.4228799089356858,0.0,1.0671599317017644,5.89101620029455,2.7525461051472613
56.0,2021,4,5,4,10,3,7,0,12,17,56224,27160,29064,5.157939669891862,0.8892999430848036,0.7114399544678429,1.7785998861696073,0.5335799658508822,1.245019920318725,6.259204712812961,4.1288191577208915
56.0,2022,1,3,2,0,3,10,0,1,17,57802,27868,29934,3.1140790976090793,0.5190131829348466,0.34600878862323103,0.0,0.5190131829348466,1.7300439431161552,6.100186593942873,0.33406828355715906
56.0,2022,2,4,1,0,1,10,0,2,14,57802,27868,29934,2.7680703089858483,0.6920175772464621,0.17300439431161552,0.0,0.17300439431161552,1.7300439431161552,5.023683077364719,0.6681365671143181
56.0,2022,3,8,1,0,2,7,0,4,14,57802,27868,29934,3.1140790976090793,1.3840351544929241,0.17300439431161552,0.0,0.34600878862323103,1.2110307601813086,5.023683077364719,1.3362731342286363
56.0,2022,4,3,4,0,3,12,0,3,19,57802,27868,29934,3.8060966748555414,0.5190131829348466,0.6920175772464621,0.0,0.5190131829348466,2.076052731739386,6.817855604994976,1.0022048506714774
56.0,2023,1,0,1,0,4,11,0,2,14,59354,28581,30773,2.6956902651885297,0.0,0.1684806415742831,0.0,0.6739225662971324,1.853287057317114,4.898359049718344,0.6499203847528677
56.0,2023,2,0,3,0,3,9,0,1,14,59354,28581,30773,2.5272096236142465,0.0,0.5054419247228493,0.0,0.5054419247228493,1.5163257741685479,4.898359049718344,0.32496019237643387
56.0,2023,3,0,4,0,4,5,0,1,12,59354,28581,30773,2.1902483404656805,0.0,0.6739225662971324,0.0,0.6739225662971324,0.8424032078714155,4.198593471187152,0.32496019237643387
57.0,2015,1,64,16,11,15,13,0,28,91,125387,61305,64082,9.490617049614393,5.104197404834632,1.276049351208658,0.8772839289559523,1.1962962667581167,1.0367900978570346,14.843813718293777,4.369401704066664
57.0,2015,2,60,11,12,11,18,0,34,78,125387,61305,64082,8.932345458460606,4.785185067032467,0.8772839289559523,0.9570370134064935,0.8772839289559523,1.4355555201097403,12.723268901394665,5.305702069223806
57.0,2015,3,52,5,14,9,17,0,36,61,125387,61305,64082,7.736049191702489,4.147160391428138,0.39876542225270567,1.1165431823075758,0.7177777600548702,1.3558024356591991,9.950248756218905,5.617802190942855
57.0,2015,4,47,16,8,5,13,0,28,61,125387,61305,64082,7.09802451609816,3.7483949691754326,1.276049351208658,0.638024675604329,0.39876542225270567,1.0367900978570346,9.950248756218905,4.369401704066664
57.0,2016,1,85,14,19,3,15,0,51,85,124485,60831,63654,10.925011045507489,6.8281319034421815,1.1246334899787123,1.5262883078282523,0.24099289070972407,1.2049644535486204,13.973138695730794,8.012065227636912
57.0,2016,2,78,5,5,4,9,0,29,72,124485,60831,63654,8.11342732056071,6.265815158452826,0.4016548178495401,0.4016548178495401,0.3213238542796321,0.7229786721291721,11.836070424619026,4.555880227479813
57.0,2016,3,56,4,22,7,18,0,43,64,124485,60831,63654,8.595413101980158,4.498533959914849,0.3213238542796321,1.7672811985379764,0.5623167449893561,1.4459573442583442,10.520951488550246,6.755270682125239
57.0,2016,4,77,15,15,11,10,0,40,88,124485,60831,63654,10.282363336948228,6.185484194882918,1.2049644535486204,1.2049644535486204,0.8836405992689882,0.8033096356990802,14.466308296756589,6.283972727558362
57.0,2017,1,88,7,12,6,16,0,51,78,123694,60436,63258,10.428961792811291,7.114330525328634,0.5659126554238686,0.9701359807266319,0.48506799036331594,1.2935146409688425,12.90621483883778,8.062221379114103
57.0,2017,2,100,11,18,9,14,0,64,88,123694,60436,63258,12.288389089204005,8.084466506055266,0.8892913156660792,1.4552039710899478,0.7276019855449739,1.1318253108477372,14.560857766893905,10.117297416927503
57.0,2017,3,129,6,17,4,8,0,79,85,123694,60436,63258,13.258525069930636,10.428961792811291,0.48506799036331594,1.374359306029395,0.3233786602422106,0.6467573204844212,14.064464888477067,12.488538999019887
57.0,2017,4,150,11,7,5,15,0,71,117,123694,60436,63258,15.1987970313839,12.126699759082896,0.8892913156660792,0.5659126554238686,0.4042233253027632,1.2126699759082897,19.359322258256668,11.22387682190395
57.0,2018,1,150,20,46,14,31,1,98,161,123476,59837,63639,21.137710972172727,12.148109754122258,1.619747967216301,3.7254203245974926,1.133823577051411,2.5106093491852666,26.90642913247656,15.399362026430333
57.0,2018,2,152,20,46,8,51,1,101,174,123476,59837,63639,22.43350934594577,12.310084550843888,1.619747967216301,3.7254203245974926,0.6478991868865204,4.130357316401568,29.07899794441566,15.87077106805575
57.0,2018,3,161,12,65,16,30,0,137,147,123476,59837,63639,23.000421134471473,13.038971136091224,0.9718487803297807,5.264180893452978,1.2957983737730407,2.4296219508244516,24.56673964269599,21.527679567560774
57.0,2018,4,194,20,46,16,27,0,130,173,123476,59837,63639,24.53918170332696,15.711555281998121,1.619747967216301,3.7254203245974926,1.2957983737730407,2.1866597557420064,28.911877266574194,20.427725137101465
57.0,2019,1,132,4,37,16,22,0,89,122,126215,61508,64707,16.71750584320406,10.458344887691636,0.3169195420512617,2.931505763974171,1.2676781682050469,1.7430574812819395,19.834818235026336,13.754307880136617
57.0,2019,2,12,7,46,9,9,0,40,43,126215,61508,64707,6.576080497563681,0.9507586261537853,0.554609198589708,3.64457473358951,0.7130689696153389,0.7130689696153389,6.990960525460102,6.1817114068029735
57.0,2019,3,13,11,36,15,14,0,42,47,126215,61508,64707,7.051459810640574,1.0299885116666008,0.8715287406409697,2.8522758784613558,1.1884482826922316,1.109218397179416,7.641282434805229,6.490796977143122
57.0,2019,4,14,7,37,9,19,0,48,38,126215,61508,64707,6.813770154102127,1.109218397179416,0.554609198589708,2.931505763974171,0.7130689696153389,1.5053678247434934,6.178058138778695,7.418053688163568
57.0,2020,1,8,4,32,6,12,0,31,31,127216,62013,65203,4.873600804930198,0.6288517167651868,0.3144258583825934,2.5154068670607472,0.4716387875738901,0.9432775751477802,4.998951832680245,4.754382467064399
57.0,2020,2,10,8,17,5,8,0,24,24,127216,62013,65203,3.773110300591121,0.7860646459564834,0.6288517167651868,1.336309898126022,0.3930323229782417,0.6288517167651868,3.8701562575588992,3.680812232565986
57.0,2020,3,17,2,22,8,14,0,29,34,127216,62013,65203,4.952207269525846,1.336309898126022,0.1572129291912967,1.7293422211042637,0.6288517167651868,1.100490504339077,5.482721364875107,4.447648114350566
57.0,2020,4,14,12,26,10,13,0,30,45,127216,62013,65203,5.895484844673626,1.100490504339077,0.9432775751477802,2.043768079486857,0.7860646459564834,1.0218840397434286,7.2565429829229355,4.601015290707483
57.0,2021,1,7,4,37,5,17,0,39,31,127124,61887,65237,5.506434662219565,0.5506434662219566,0.31465340926968943,2.910544035744627,0.3933167615871118,1.33727698939618,5.009129542553364,5.978202553765501
57.0,2021,2,15,7,29,14,23,0,37,51,127124,61887,65237,6.922375003933168,1.1799502847613355,0.5506434662219566,2.2812372172052484,1.1012869324439132,1.8092571033007143,8.240826021620048,5.671628063828809
57.0,2021,3,22,11,35,15,22,0,38,67,127124,61887,65237,8.259651993329348,1.730593750983292,0.865296875491646,2.7532173311097825,1.1799502847613355,1.730593750983292,10.826183204873399,5.824915308797155
57.0,2021,4,18,10,19,14,19,0,32,48,127124,61887,65237,6.293068185393789,1.4159403417136025,0.7866335231742236,1.4946036940310248,1.1012869324439132,1.4946036940310248,7.756071549760047,4.905191838987078
57.0,2022,1,4,4,0,9,16,0,5,28,126622,61595,65027,2.606182180031906,0.31590087030689773,0.31590087030689773,0.0,0.7107769581905198,1.263603481227591,4.54582352463674,0.7689113752748857
57.0,2022,2,7,3,0,9,22,0,6,35,126622,61595,65027,3.2379839206457013,0.552826523037071,0.23692565273017327,0.0,0.7107769581905198,1.7374547866879373,5.682279405795925,0.922693650329863
57.0,2022,3,17,3,0,12,21,0,7,46,126622,61595,65027,4.185686531566395,1.3425786988043154,0.23692565273017327,0.0,0.9477026109206931,1.6584795691112129,7.468138647617501,1.0764759253848402
57.0,2022,4,12,4,0,7,26,0,11,38,126622,61595,65027,3.8697856612594967,0.9477026109206931,0.31590087030689773,0.0,0.552826523037071,2.053355656994835,6.169331926292719,1.6916050256047488
57.0,2023,1,0,8,0,19,12,0,3,36,126067,61310,64757,3.0935930893889756,0.0,0.6345831978233797,0.0,1.5071350948305267,0.9518747967350695,5.87179905398793,0.4632703800361351
57.0,2023,2,0,4,0,10,24,0,3,35,126067,61310,64757,3.0142701896610533,0.0,0.31729159891168984,0.0,0.7932289972792245,1.903749593470139,5.708693524710488,0.4632703800361351
57.0,2023,3,0,5,0,16,30,0,3,48,126067,61310,64757,4.045467886124046,0.0,0.39661449863961223,0.0,1.2691663956467594,2.3796869918376737,7.829065405317241,0.4632703800361351
58.0,2015,1,40,8,8,4,5,0,17,48,90939,44593,46346,7.147648423668612,4.3985528761037616,0.8797105752207524,0.8797105752207524,0.4398552876103762,0.5498191095129702,10.764021258941987,3.6680619686704357
58.0,2015,2,41,2,9,4,2,0,29,29,90939,44593,46346,6.377901670350455,4.508516698006356,0.2199276438051881,0.9896743971233465,0.4398552876103762,0.2199276438051881,6.503262843944117,6.2572821818495665
58.0,2015,3,36,4,11,5,3,0,23,36,90939,44593,46346,6.487865492253048,3.958697588493386,0.4398552876103762,1.2096020409285344,0.5498191095129702,0.3298914657077821,8.073015944206489,4.96267207526
58.0,2015,4,22,2,7,4,6,0,13,28,90939,44593,46346,4.508516698006356,2.419204081857069,0.2199276438051881,0.7697467533181583,0.4398552876103762,0.6597829314155642,6.279012401049492,2.8049885642773917
58.0,2016,1,67,3,16,3,6,0,42,53,90985,44620,46365,10.441281529922515,7.363851184261142,0.32972467989229,1.758531626092213,0.32972467989229,0.65944935978458,11.878081577767817,9.058557101261727
58.0,2016,2,35,4,10,1,3,0,24,29,90985,44620,46365,5.825136011430456,3.8467879320767158,0.43963290652305326,1.0990822663076332,0.10990822663076331,0.32972467989229,6.499327655759749,5.176318343578131
58.0,2016,3,43,6,15,5,5,0,32,42,90985,44620,46365,8.133208770676486,4.726053745122822,0.65944935978458,1.6486233994614496,0.5495411331538166,0.5495411331538166,9.412819363514119,6.9017577914375074
58.0,2016,4,44,10,8,5,8,0,25,50,90985,44620,46365,8.243116997307249,4.835961971753586,1.0990822663076332,0.8792658130461065,0.5495411331538166,0.8792658130461065,11.205737337516808,5.391998274560552
58.0,2017,1,60,1,13,5,13,0,33,59,91084,44685,46399,10.100566510034692,6.587325984805235,0.10978876641342059,1.4272539633744676,0.5489438320671028,1.4272539633744676,13.203535862146133,7.1122222461690985
58.0,2017,2,51,5,10,5,11,0,28,54,91084,44685,46399,9.002678845900487,5.599227087084449,0.5489438320671028,1.0978876641342057,0.5489438320671028,1.2076764305476264,12.084592145015106,6.034612814931357
58.0,2017,3,82,1,11,3,8,0,43,62,91084,44685,46399,11.527820473409161,9.002678845900487,0.10978876641342059,1.2076764305476264,0.32936629924026173,0.8783101313073647,13.874902092424751,9.267441108644583
58.0,2017,4,97,1,7,5,6,0,50,66,91084,44685,46399,12.735496903956786,10.649510342101795,0.10978876641342059,0.768521364893944,0.5489438320671028,0.6587325984805235,14.770057066129574,10.77609431237742
58.0,2018,1,84,14,31,6,20,0,60,95,91633,44615,47018,16.915303438717494,9.16700315388561,1.5278338589809348,3.3830606877434986,0.6547859395632577,2.1826197985441924,21.29328701109492,12.761070228423158
58.0,2018,2,105,4,46,6,24,0,94,91,91633,44615,47018,20.189233136533783,11.458753942357012,0.4365239597088385,5.020025536651643,0.6547859395632577,2.619143758253031,20.39672755799619,19.992343357862946
58.0,2018,3,120,4,51,8,28,1,104,105,91633,44615,47018,23.026638874641232,13.095718791265156,0.4365239597088385,5.565680486287691,0.873047919417677,3.0556677179618696,23.534685643841758,22.119188395933474
58.0,2018,4,117,10,38,16,11,0,84,108,91633,44615,47018,20.953150066024246,12.768325821483526,1.0913098992720962,4.146977617233966,1.746095838835354,1.200440889199306,24.20710523366581,17.86549831979242
58.0,2019,1,78,5,38,11,27,0,72,87,94210,46146,48064,16.87718925804055,8.279375862434986,0.5307292219509606,4.033542086827301,1.1676042882921134,2.8659377985351875,18.853205044857628,14.980026631158454
58.0,2019,2,7,1,37,6,7,0,37,21,94210,46146,48064,6.156458974631143,0.7430209107313449,0.10614584439019212,3.9273962424371085,0.6368750663411528,0.7430209107313449,4.550773631517358,7.698069241011984
58.0,2019,3,9,5,25,10,10,0,30,29,94210,46146,48064,6.262604819021336,0.9553125995117291,0.5307292219509606,2.653646109754803,1.0614584439019212,1.0614584439019212,6.284401681619209,6.24167776298269
58.0,2019,4,5,4,23,4,12,0,26,22,94210,46146,48064,5.095000530729222,0.5307292219509606,0.42458337756076847,2.441354420974419,0.42458337756076847,1.2737501326823055,4.767477137780089,5.409454061251664
58.0,2020,1,12,0,17,5,9,0,14,29,95714,46919,48795,4.492550724032012,1.2537350857763754,0.0,1.7761247048498654,0.5223896190734898,0.9403013143322816,6.18086489481873,2.869146428937391
58.0,2020,2,7,4,22,6,6,0,24,21,95714,46919,48795,4.701506571661408,0.7313454667028857,0.4179116952587918,2.2985143239233548,0.6268675428881877,0.6268675428881877,4.475798716937701,4.918536735321242
58.0,2020,3,6,1,21,5,8,0,25,16,95714,46919,48795,4.283594876402616,0.6268675428881877,0.10447792381469795,2.194036400108657,0.5223896190734898,0.8358233905175836,3.4101323557620584,5.123475765959627
58.0,2020,4,8,2,18,9,13,0,20,30,95714,46919,48795,5.223896190734898,0.8358233905175836,0.2089558476293959,1.8806026286645632,0.9403013143322816,1.3582130095910736,6.393998167053859,4.098780612767701
58.0,2021,1,8,3,27,6,13,0,27,30,96410,47234,49176,5.912249766621719,0.8297894409293641,0.31117104034851156,2.800539363136604,0.6223420806970231,1.3484078415102168,6.35135707329466,5.490483162518302
58.0,2021,2,5,2,19,4,16,0,17,29,96410,47234,49176,4.771289285343844,0.5186184005808526,0.20744736023234103,1.97074992220724,0.41489472046468207,1.6595788818587283,6.139645170851506,3.456970880104116
58.0,2021,3,13,4,24,4,19,0,26,38,96410,47234,49176,6.638315527434913,1.3484078415102168,0.41489472046468207,2.4893683227880925,0.41489472046468207,1.97074992220724,8.045052292839904,5.287131934276884
58.0,2021,4,7,6,35,11,8,0,32,35,96410,47234,49176,6.949486567783425,0.7260657608131937,0.6223420806970231,3.630328804065968,1.1409604812778757,0.8297894409293641,7.409916585510437,6.507239303725395
58.0,2022,1,11,4,0,6,22,0,6,37,96803,47416,49387,4.442011094697478,1.1363284195737735,0.4132103343904631,0.0,0.6198155015856947,2.272656839147547,7.803273156740341,1.2148946078927654
58.0,2022,2,3,2,0,7,10,0,3,19,96803,47416,49387,2.272656839147547,0.3099077507928473,0.20660516719523156,0.0,0.7231180851833104,1.0330258359761577,4.007086215623419,0.6074473039463827
58.0,2022,3,7,7,0,5,12,0,5,26,96803,47416,49387,3.2023800915260887,0.7231180851833104,0.7231180851833104,0.0,0.5165129179880789,1.2396310031713893,5.483381137168887,1.012412173243971
58.0,2022,4,21,2,0,8,15,0,15,31,96803,47416,49387,4.751918845490326,2.169354255549931,0.20660516719523156,0.0,0.8264206687809262,1.5495387539642367,6.537877509701366,3.037236519731913
58.0,2023,1,0,2,0,9,17,0,1,27,97173,47611,49562,2.881458841447727,0.0,0.20581848867483765,0.0,0.9261831990367695,1.74945715373612,5.6709583919682425,0.20176748315241516
58.0,2023,2,0,1,0,6,12,0,3,16,97173,47611,49562,1.9552756424109576,0.0,0.10290924433741883,0.0,0.6174554660245131,1.2349109320490261,3.360567935981181,0.6053024494572455
58.0,2023,3,0,4,0,8,18,0,4,26,97173,47611,49562,3.0872773301225647,0.0,0.4116369773496753,0.0,0.8232739546993506,1.852366398073539,5.460922895969419,0.8070699326096606
59.0,2015,1,28,4,12,2,1,0,19,28,47422,23541,23881,9.911011766690567,5.904432541858209,0.8434903631226013,2.5304710893678037,0.42174518156130064,0.21087259078065032,11.894142134998512,7.956115740546878
59.0,2015,2,22,7,7,0,2,0,19,18,47422,23541,23881,8.013158449664713,4.639196997174308,1.4761081354645522,1.4761081354645522,0.0,0.42174518156130064,7.646234229641901,7.956115740546878
59.0,2015,3,14,5,14,1,4,0,17,21,47422,23541,23881,8.013158449664713,2.9522162709291044,1.0543629539032517,2.9522162709291044,0.21087259078065032,0.8434903631226013,8.920606601248885,7.1186298731208915
59.0,2015,4,20,8,6,1,5,0,8,32,47422,23541,23881,8.434903631226014,4.217451815613007,1.6869807262452026,1.2652355446839019,0.21087259078065032,1.0543629539032517,13.593305297141159,3.3499434697039487
59.0,2016,1,32,5,15,2,2,0,25,30,47682,23661,24021,11.744473805628958,6.711127888930833,1.0486137326454428,3.145841197936328,0.4194454930581771,0.4194454930581771,12.679092177000127,10.407560051621498
59.0,2016,2,22,4,7,1,4,0,10,26,47682,23661,24021,7.969464368105365,4.613900423639948,0.8388909861163542,1.4680592257036198,0.20972274652908854,0.8388909861163542,10.98854655340011,4.163024020648599
59.0,2016,3,19,12,6,2,7,0,14,32,47682,23661,24021,9.647246340338073,3.9847321840526826,2.516672958349062,1.258336479174531,0.4194454930581771,1.4680592257036198,13.524364988800135,5.8282336289080385
59.0,2016,4,27,5,7,4,7,0,15,35,47682,23661,24021,10.486137326454427,5.662514156285391,1.0486137326454428,1.4680592257036198,0.8388909861163542,1.4680592257036198,14.79227420650015,6.244536030972898
59.0,2017,1,38,6,12,4,11,0,24,47,47970,23806,24164,14.80091723994163,7.921617677715239,1.2507817385866167,2.5015634771732334,0.8338544923910778,2.293099854075464,19.74292195244896,9.932130441979805
59.0,2017,2,27,9,6,1,5,0,20,28,47970,23806,24164,10.006253908692933,5.628517823639775,1.876172607879925,1.2507817385866167,0.20846362309776945,1.0423181154888472,11.761740737629168,8.276775368316503
59.0,2017,3,36,4,3,7,6,0,18,38,47970,23806,24164,11.673962893475089,7.5046904315197,0.8338544923910778,0.6253908692933083,1.4592453616843861,1.2507817385866167,15.962362429639587,7.4490978314848535
59.0,2017,4,41,1,6,1,7,0,22,34,47970,23806,24164,11.673962893475089,8.547008547008547,0.20846362309776945,1.2507817385866167,0.20846362309776945,1.4592453616843861,14.282113752835421,9.104452905148154
59.0,2018,1,55,6,18,4,18,0,43,58,48496,23875,24621,20.82645991421973,11.341141537446386,1.2372154404486968,3.71164632134609,0.8248102936324645,3.71164632134609,24.293193717277486,17.4647658502904
59.0,2018,2,68,10,20,4,38,0,49,91,48496,23875,24621,28.868360277136258,14.021774991751897,2.0620257340811614,4.124051468162323,0.8248102936324645,7.835697789508414,38.1151832460733,19.901709922423947
59.0,2018,3,88,8,19,6,23,0,53,91,48496,23875,24621,29.69317057076872,18.14582645991422,1.649620587264929,3.917848894754207,1.2372154404486968,4.742659188386671,38.1151832460733,21.52633930384631
59.0,2018,4,69,4,25,2,10,3,41,63,48496,23875,24621,22.682283074892773,14.227977565160012,0.8248102936324645,5.155064335202903,0.41240514681623225,2.0620257340811614,26.387434554973822,16.652451159579222
59.0,2019,1,52,4,31,2,5,0,49,45,49878,24695,25183,18.845984201451543,10.425438068888088,0.8019567745298528,6.21516500260636,0.4009783872649264,1.0024459681623161,18.22231220894918,19.457570583330025
59.0,2019,2,5,8,11,1,6,0,16,15,49878,24695,25183,6.21516500260636,1.0024459681623161,1.6039135490597056,2.2053811299570953,0.2004891936324632,1.2029351617947792,6.074104069649726,6.353492435373068
59.0,2019,3,7,2,11,1,2,0,16,7,49878,24695,25183,4.611251453546654,1.4034243554272423,0.4009783872649264,2.2053811299570953,0.2004891936324632,0.4009783872649264,2.8345818991698724,6.353492435373068
59.0,2019,4,7,6,5,2,2,0,8,14,49878,24695,25183,4.410762259914191,1.4034243554272423,1.2029351617947792,1.0024459681623161,0.4009783872649264,0.4009783872649264,5.669163798339745,3.176746217686534
59.0,2020,1,4,3,11,2,4,0,11,13,50929,25223,25706,4.712442812542952,0.7854071354238253,0.589055351567869,2.1598696224155196,0.39270356771191267,0.7854071354238253,5.154026087301273,4.279156617132187
59.0,2020,2,5,5,8,1,2,0,11,10,50929,25223,25706,4.123387460975083,0.9817589192797818,0.9817589192797818,1.5708142708476507,0.19635178385595634,0.39270356771191267,3.96463545177021,4.279156617132187
59.0,2020,3,2,6,11,3,6,0,11,17,50929,25223,25706,5.4978499479667775,0.39270356771191267,1.178110703135738,2.1598696224155196,0.589055351567869,1.178110703135738,6.739880268009356,4.279156617132187
59.0,2020,4,4,1,12,2,9,0,10,18,50929,25223,25706,5.4978499479667775,0.7854071354238253,0.19635178385595634,2.356221406271476,0.39270356771191267,1.767166054703607,7.136343813186378,3.890142379211079
59.0,2021,1,4,5,10,0,3,0,12,10,51564,25513,26051,4.26654254906524,0.7757350089209526,0.9696687611511907,1.9393375223023814,0.0,0.5818012566907145,3.919570415082507,4.606349084488119
59.0,2021,2,4,3,10,1,2,0,9,11,51564,25513,26051,3.878675044604763,0.7757350089209526,0.5818012566907145,1.9393375223023814,0.19393375223023815,0.3878675044604763,4.311527456590757,3.4547618133660896
59.0,2021,3,4,2,15,4,7,0,12,20,51564,25513,26051,6.205880071367621,0.7757350089209526,0.3878675044604763,2.909006283453572,0.7757350089209526,1.357536265611667,7.839140830165014,4.606349084488119
59.0,2021,4,4,0,21,2,3,0,19,11,51564,25513,26051,5.818012566907144,0.7757350089209526,0.0,4.072608796835001,0.3878675044604763,0.5818012566907145,4.311527456590757,7.293386050439523
59.0,2022,1,6,2,0,1,3,0,3,9,52034,25726,26308,2.3061844178806163,1.1530922089403082,0.3843640696467694,0.0,0.1921820348233847,0.5765461044701541,3.4984062815828345,1.1403375399118139
59.0,2022,2,3,7,0,6,4,0,2,18,52034,25726,26308,3.843640696467694,0.5765461044701541,1.3452742437636929,0.0,1.1530922089403082,0.7687281392935388,6.996812563165669,0.7602250266078759
59.0,2022,3,3,1,0,3,6,0,2,11,52034,25726,26308,2.4983664527040013,0.5765461044701541,0.1921820348233847,0.0,0.5765461044701541,1.1530922089403082,4.275829899712353,0.7602250266078759
59.0,2022,4,7,3,0,4,5,0,2,17,52034,25726,26308,3.65145866164431,1.3452742437636929,0.5765461044701541,0.0,0.7687281392935388,0.9609101741169235,6.60810075410091,0.7602250266078759
59.0,2023,1,0,4,0,7,2,0,2,11,52499,25954,26545,2.476237642621764,0.0,0.7619192746528505,0.0,1.3333587306424886,0.38095963732642524,4.2382677044000925,0.7534375588623092
59.0,2023,2,0,2,0,2,6,0,3,7,52499,25954,26545,1.9047981866321262,0.0,0.38095963732642524,0.0,0.38095963732642524,1.1428789119792757,2.6970794482546046,1.1301563382934638
59.0,2023,3,0,0,0,4,6,0,1,9,52499,25954,26545,1.9047981866321262,0.0,0.0,0.0,0.7619192746528505,1.1428789119792757,3.4676735763273485,0.3767187794311546
60.0,2015,1,2,2,0,0,0,0,2,2,1317,675,642,30.372057706909644,15.186028853454822,15.186028853454822,0.0,0.0,0.0,29.62962962962963,31.15264797507788
60.0,2015,2,0,2,0,0,0,0,0,2,1317,675,642,15.186028853454822,0.0,15.186028853454822,0.0,0.0,0.0,29.62962962962963,0.0
60.0,2015,3,0,0,0,2,0,0,2,0,1317,675,642,15.186028853454822,0.0,0.0,0.0,15.186028853454822,0.0,0.0,31.15264797507788
60.0,2015,4,4,0,0,0,0,0,2,2,1317,675,642,30.372057706909644,30.372057706909644,0.0,0.0,0.0,0.0,29.62962962962963,31.15264797507788
60.0,2016,1,4,0,2,0,0,0,0,6,1205,619,586,49.792531120331944,33.19502074688796,0.0,16.59751037344398,0.0,0.0,96.93053311793214,0.0
60.0,2016,3,4,2,0,0,0,0,2,4,1205,619,586,49.792531120331944,33.19502074688796,16.59751037344398,0.0,0.0,0.0,64.62035541195478,34.129692832764505
60.0,2016,4,2,0,0,2,0,0,0,4,1205,619,586,33.19502074688796,16.59751037344398,0.0,0.0,16.59751037344398,0.0,64.62035541195478,0.0
60.0,2017,1,2,0,2,0,0,0,2,2,1100,565,535,36.36363636363637,18.181818181818183,0.0,18.181818181818183,0.0,0.0,35.39823008849557,37.38317757009346
60.0,2017,2,2,4,0,0,0,0,2,4,1100,565,535,54.54545454545455,18.181818181818183,36.36363636363637,0.0,0.0,0.0,70.79646017699115,37.38317757009346
60.0,2017,3,0,4,0,0,0,0,0,4,1100,565,535,36.36363636363637,0.0,36.36363636363637,0.0,0.0,0.0,70.79646017699115,0.0
60.0,2017,4,0,0,2,0,0,0,2,0,1100,565,535,18.181818181818183,0.0,0.0,18.181818181818183,0.0,0.0,0.0,37.38317757009346
60.0,2018,1,6,0,8,8,0,0,14,8,1014,517,497,216.96252465483235,59.171597633136095,0.0,78.89546351084813,78.89546351084813,0.0,154.73887814313346,281.6901408450704
60.0,2018,2,8,0,0,0,0,0,6,2,1014,517,497,78.89546351084813,78.89546351084813,0.0,0.0,0.0,0.0,38.684719535783366,120.72434607645874
60.0,2018,4,0,0,4,0,0,0,4,0,1014,517,497,39.447731755424066,0.0,0.0,39.447731755424066,0.0,0.0,0.0,80.48289738430584
60.0,2019,1,8,0,4,0,0,0,10,2,1058,545,513,113.42155009451797,75.61436672967864,0.0,37.80718336483932,0.0,0.0,36.69724770642202,194.9317738791423
60.0,2019,2,0,0,4,0,0,0,4,0,1058,545,513,37.80718336483932,0.0,0.0,37.80718336483932,0.0,0.0,0.0,77.97270955165692
60.0,2019,4,0,0,6,0,0,0,2,4,1058,545,513,56.710775047258984,0.0,0.0,56.710775047258984,0.0,0.0,73.39449541284404,38.98635477582846
60.0,2020,1,0,0,0,0,2,0,0,2,982,507,475,20.36659877800407,0.0,0.0,0.0,0.0,20.36659877800407,39.447731755424066,0.0
60.0,2020,2,0,0,6,0,0,0,2,4,982,507,475,61.09979633401222,0.0,0.0,61.09979633401222,0.0,0.0,78.89546351084813,42.10526315789473
60.0,2020,3,2,0,10,0,0,0,4,8,982,507,475,122.19959266802444,20.36659877800407,0.0,101.83299389002038,0.0,0.0,157.79092702169626,84.21052631578947
60.0,2020,4,0,2,0,0,0,0,0,2,982,507,475,20.36659877800407,0.0,20.36659877800407,0.0,0.0,0.0,39.447731755424066,0.0
60.0,2021,1,0,0,4,0,0,0,2,2,904,467,437,44.24778761061947,0.0,0.0,44.24778761061947,0.0,0.0,42.82655246252677,45.76659038901602
60.0,2021,2,0,0,6,0,0,0,6,0,904,467,437,66.3716814159292,0.0,0.0,66.3716814159292,0.0,0.0,0.0,137.29977116704805
60.0,2021,3,0,0,6,0,0,0,4,2,904,467,437,66.3716814159292,0.0,0.0,66.3716814159292,0.0,0.0,42.82655246252677,91.53318077803203
60.0,2021,4,0,0,2,2,0,0,2,2,904,467,437,44.24778761061947,0.0,0.0,22.123893805309734,22.123893805309734,0.0,42.82655246252677,45.76659038901602
60.0,2022,1,2,0,0,0,0,0,0,2,827,429,398,24.183796856106408,24.183796856106408,0.0,0.0,0.0,0.0,46.62004662004662,0.0
60.0,2022,2,2,0,0,0,0,0,2,0,827,429,398,24.183796856106408,24.183796856106408,0.0,0.0,0.0,0.0,0.0,50.25125628140704
60.0,2023,1,0,0,0,0,2,0,0,2,763,395,368,26.212319790301443,0.0,0.0,0.0,0.0,26.212319790301443,50.63291139240506,0.0
60.0,2023,2,0,0,0,2,0,0,0,2,763,395,368,26.212319790301443,0.0,0.0,0.0,26.212319790301443,0.0,50.63291139240506,0.0
60.0,2023,3,0,0,0,0,2,0,2,0,763,395,368,26.212319790301443,0.0,0.0,0.0,0.0,26.212319790301443,0.0,54.34782608695652
61.0,2015,1,7,3,3,0,0,0,9,4,18445,9007,9438,7.0479804825155865,3.795066413662239,1.626457034426674,1.626457034426674,0.0,0.0,4.4409903408460085,9.535918626827717
61.0,2015,2,10,1,5,1,0,0,8,9,18445,9007,9438,9.216589861751151,5.421523448088912,0.5421523448088913,2.710761724044456,0.5421523448088913,0.0,9.992228266903519,8.47637211273575
61.0,2015,3,7,5,1,2,0,0,4,11,18445,9007,9438,8.13228517213337,3.795066413662239,2.710761724044456,0.5421523448088913,1.0843046896177826,0.0,12.212723437326524,4.238186056367875
61.0,2015,4,10,1,2,1,0,0,4,10,18445,9007,9438,7.590132827324478,5.421523448088912,0.5421523448088913,1.0843046896177826,0.5421523448088913,0.0,11.10247585211502,4.238186056367875
61.0,2016,1,10,2,3,0,1,0,9,7,19753,9635,10118,8.10003543765504,5.062522148534399,1.01250442970688,1.51875664456032,0.0,0.50625221485344,7.265179034769071,8.89503854516703
61.0,2016,2,14,3,3,1,1,0,12,10,19753,9635,10118,11.13754872677568,7.08753100794816,1.51875664456032,1.51875664456032,0.50625221485344,0.50625221485344,10.378827192527243,11.860051393556038
61.0,2016,3,8,1,9,0,2,0,5,15,19753,9635,10118,10.125044297068799,4.05001771882752,0.50625221485344,4.55626993368096,0.0,1.01250442970688,15.568240788790867,4.9416880806483485
61.0,2016,4,12,5,0,2,1,0,5,15,19753,9635,10118,10.125044297068799,6.07502657824128,2.5312610742671997,0.0,1.01250442970688,0.50625221485344,15.568240788790867,4.9416880806483485
61.0,2017,1,19,3,5,2,3,0,9,23,21111,10292,10819,15.157974515655345,9.000047368670362,1.4210601108426886,2.3684335180711478,0.9473734072284591,1.4210601108426886,22.347454333462885,8.31869858582124
61.0,2017,2,19,3,12,2,3,0,19,20,21111,10292,10819,18.47378144095495,9.000047368670362,1.4210601108426886,5.684240443370754,0.9473734072284591,1.4210601108426886,19.4325689856199,17.56169701451151
61.0,2017,3,23,0,10,1,1,0,19,16,21111,10292,10819,16.579034626498036,10.89479418312728,0.0,4.7368670361422955,0.47368670361422954,0.47368670361422954,15.546055188495918,17.56169701451151
61.0,2017,4,22,0,13,2,0,0,20,17,21111,10292,10819,17.526408033726494,10.42110747951305,0.0,6.157927146984984,0.9473734072284591,0.0,16.517683637776916,18.485996857380535
61.0,2018,1,13,2,42,2,0,0,40,19,22637,10939,11698,26.06352431859345,5.742810443079914,0.8835092989353712,18.5536952776428,0.8835092989353712,0.0,17.369046530761498,34.19387929560609
61.0,2018,2,21,6,14,2,2,0,21,24,22637,10939,11698,19.878959226045854,9.2768476388214,2.6505278968061137,6.184565092547599,0.8835092989353712,0.8835092989353712,21.939848249382944,17.951786630193194
61.0,2018,3,33,4,24,0,2,0,36,27,22637,10939,11698,27.830542916464196,14.577903432433626,1.7670185978707424,10.602111587224455,0.0,0.8835092989353712,24.68232928055581,30.774491366045478
61.0,2018,4,25,4,21,4,0,0,31,23,22637,10939,11698,23.854751071255027,11.043866236692141,1.7670185978707424,9.2768476388214,1.7670185978707424,0.0,21.025687905658653,26.500256454094718
61.0,2019,1,15,4,18,1,0,0,19,19,24119,11715,12404,15.755213731912601,6.219163315228658,1.6584435507276423,7.46299597827439,0.41461088768191057,0.0,16.21852326077678,15.317639471138342
61.0,2019,2,1,0,13,1,2,0,11,6,24119,11715,12404,7.048385090592479,0.41461088768191057,0.0,5.389941539864838,0.41461088768191057,0.8292217753638211,5.121638924455826,8.868107062237987
61.0,2019,3,1,2,13,2,3,0,12,9,24119,11715,12404,8.706828641320122,0.41461088768191057,0.8292217753638211,5.389941539864838,0.8292217753638211,1.2438326630457317,7.682458386683739,9.674298613350532
61.0,2019,4,4,1,15,1,4,0,14,11,24119,11715,12404,10.365272192047764,1.6584435507276423,0.41461088768191057,6.219163315228658,0.41461088768191057,1.6584435507276423,9.389671361502348,11.28668171557562
61.0,2020,1,1,1,29,1,2,0,26,8,25997,12622,13375,13.07843212678386,0.3846597684348194,0.3846597684348194,11.155133284609764,0.3846597684348194,0.7693195368696388,6.3381397559816195,19.439252336448597
61.0,2020,2,0,5,8,0,2,0,6,9,25997,12622,13375,5.769896526522291,0.0,1.9232988421740969,3.0772781474785553,0.0,0.7693195368696388,7.130407225479321,4.485981308411215
61.0,2020,3,0,0,13,6,6,0,10,15,25997,12622,13375,9.616494210870485,0.0,0.0,5.000576989652653,2.3079586106089165,2.3079586106089165,11.884012042465537,7.4766355140186915
61.0,2020,4,3,1,6,3,2,0,8,7,25997,12622,13375,5.769896526522291,1.1539793053044582,0.3846597684348194,2.3079586106089165,1.1539793053044582,0.7693195368696388,5.545872286483918,5.981308411214954
61.0,2021,1,2,4,5,1,2,0,6,8,27723,13439,14284,5.049958518197886,0.721422645456841,1.442845290913682,1.8035566136421022,0.3607113227284205,0.721422645456841,5.952823870823722,4.200504060487258
61.0,2021,2,1,0,12,1,2,0,11,5,27723,13439,14284,5.771381163654728,0.3607113227284205,0.0,4.328535872741045,0.3607113227284205,0.721422645456841,3.720514919264826,7.7009241108933075
61.0,2021,3,2,2,2,0,1,0,4,3,27723,13439,14284,2.524979259098943,0.721422645456841,0.721422645456841,0.721422645456841,0.0,0.3607113227284205,2.232308951558896,2.800336040324839
61.0,2021,4,3,1,9,1,1,0,12,3,27723,13439,14284,5.410669840926308,1.0821339681852613,0.3607113227284205,3.246401904555784,0.3607113227284205,0.3607113227284205,2.232308951558896,8.401008120974517
61.0,2022,1,4,4,0,1,5,0,3,11,29400,14233,15167,4.761904761904762,1.3605442176870748,1.3605442176870748,0.0,0.3401360544217687,1.7006802721088434,7.728518232277103,1.977978505966902
61.0,2022,2,0,3,0,2,2,0,0,7,29400,14233,15167,2.380952380952381,0.0,1.0204081632653061,0.0,0.6802721088435374,0.6802721088435374,4.91814796599452,0.0
61.0,2022,3,3,3,0,4,2,0,3,9,29400,14233,15167,4.081632653061225,1.0204081632653061,1.0204081632653061,0.0,1.3605442176870748,0.6802721088435374,6.323333099135811,1.977978505966902
61.0,2022,4,4,1,0,2,7,0,4,10,29400,14233,15167,4.761904761904762,1.3605442176870748,0.3401360544217687,0.0,0.6802721088435374,2.380952380952381,7.025925665706457,2.637304674622536
61.0,2023,1,0,4,0,0,2,0,0,6,31097,15046,16051,1.9294465704087211,0.0,1.286297713605814,0.0,0.0,0.643148856802907,3.9877708361026185,0.0
61.0,2023,2,0,0,0,0,2,0,0,2,31097,15046,16051,0.643148856802907,0.0,0.0,0.0,0.0,0.643148856802907,1.3292569453675396,0.0
61.0,2023,3,0,2,0,2,2,0,0,6,31097,15046,16051,1.9294465704087211,0.0,0.643148856802907,0.0,0.643148856802907,0.643148856802907,3.9877708361026185,0.0
62.0,2015,1,59,1,9,4,10,0,33,50,40278,20006,20272,20.60678285912905,14.648195044441135,0.2482744922786633,2.2344704305079697,0.9930979691146532,2.482744922786633,24.992502249325202,16.27861089187056
62.0,2015,2,40,2,3,1,11,0,16,41,40278,20006,20272,14.151646059883808,9.930979691146533,0.4965489845573266,0.7448234768359899,0.2482744922786633,2.731019415065296,20.493851844446667,7.892659826361484
62.0,2015,3,21,7,7,0,11,0,10,36,40278,20006,20272,11.420626644818512,5.213764337851929,1.7379214459506431,1.7379214459506431,0.0,2.731019415065296,17.994601619514146,4.932912391475928
62.0,2015,4,28,5,4,3,6,0,10,36,40278,20006,20272,11.420626644818512,6.9516857838025725,1.2413724613933166,0.9930979691146532,0.7448234768359899,1.4896469536719799,17.994601619514146,4.932912391475928
62.0,2016,1,68,4,12,0,3,0,38,49,39950,19871,20079,21.777221526908633,17.02127659574468,1.0012515644555695,3.0037546933667083,0.0,0.7509386733416771,24.65905087816416,18.9252452811395
62.0,2016,2,48,8,5,1,5,0,21,46,39950,19871,20079,16.770963704630788,12.015018773466833,2.002503128911139,1.2515644555694618,0.2503128911138924,1.2515644555694618,23.149313069296966,10.458688181682355
62.0,2016,3,45,2,15,4,7,0,28,45,39950,19871,20079,18.272841051314142,11.264080100125158,0.5006257822277848,3.754693366708385,1.0012515644555695,1.7521902377972467,22.6460671330079,13.944917575576474
62.0,2016,4,43,4,3,5,6,0,25,36,39950,19871,20079,15.269086357947435,10.763454317897372,1.0012515644555695,0.7509386733416771,1.2515644555694618,1.5018773466833542,18.11685370640632,12.450819263907565
62.0,2017,1,64,3,5,9,7,0,30,58,39702,19776,19926,22.165130220140043,16.120094705556397,0.755629439322956,1.2593823988715935,2.266888317968868,1.7631353584202305,29.32847896440129,15.055706112616681
62.0,2017,2,64,5,6,9,4,0,38,50,39702,19776,19926,22.165130220140043,16.120094705556397,1.2593823988715935,1.511258878645912,2.266888317968868,1.0075059190972748,25.283171521035598,19.07056107598113
62.0,2017,3,84,3,7,8,6,0,49,59,39702,19776,19926,27.20265981562642,21.15762430104277,0.755629439322956,1.7631353584202305,2.0150118381945497,1.511258878645912,29.834142394822006,24.590986650607245
62.0,2017,4,76,2,1,3,5,0,37,50,39702,19776,19926,21.913253740365725,19.14261246284822,0.5037529595486374,0.2518764797743187,0.755629439322956,1.2593823988715935,25.283171521035598,18.568704205560575
62.0,2018,1,95,6,22,18,14,0,59,96,39681,19601,20080,39.06151558680477,23.94092890804163,1.5120586678763135,5.544215115546483,4.536176003628941,3.5281368917113984,48.977093005458904,29.382470119521912
62.0,2018,2,108,2,19,10,24,0,62,101,39681,19601,20080,41.07759381063985,27.217056021773644,0.5040195559587712,4.788185781608326,2.520097779793856,6.048234671505254,51.527983266159886,30.87649402390438
62.0,2018,3,122,10,32,14,22,0,74,126,39681,19601,20080,50.40195559587712,30.74519291348504,2.520097779793856,8.06431289534034,3.5281368917113984,5.544215115546483,64.28243456966482,36.852589641434264
62.0,2018,4,115,0,36,4,6,0,91,70,39681,19601,20080,40.57357425468108,28.981124467629343,0.0,9.072352007257882,1.0080391119175425,1.5120586678763135,35.712463649813785,45.31872509960159
62.0,2019,1,99,0,16,6,4,0,57,68,40340,20058,20282,30.98661378284581,24.541398116013884,0.0,3.9662865642042635,1.487357461576599,0.9915716410510659,33.9016851131718,28.10373730401341
62.0,2019,2,11,1,13,4,5,0,15,19,40340,20058,20282,8.42835894893406,2.7268220128904312,0.24789291026276647,3.2226078334159642,0.9915716410510659,1.2394645513138323,9.472529663974473,7.395720343161424
62.0,2019,3,8,0,18,1,10,0,18,19,40340,20058,20282,9.17203767972236,1.9831432821021318,0.0,4.4620723847297965,0.24789291026276647,2.4789291026276645,9.472529663974473,8.874864411793709
62.0,2019,4,7,1,14,3,6,0,12,19,40340,20058,20282,7.684680218145761,1.7352503718393655,0.24789291026276647,3.470500743678731,0.7436787307882995,1.487357461576599,9.472529663974473,5.916576274529139
62.0,2020,1,8,2,8,3,9,0,10,20,40735,20271,20464,7.364674113170492,1.9639130968454646,0.49097827421136614,1.9639130968454646,0.7364674113170492,2.2094022339511477,9.866311479453406,4.88663017982799
62.0,2020,2,2,0,6,2,6,0,10,6,40735,20271,20464,3.927826193690929,0.49097827421136614,0.0,1.4729348226340984,0.49097827421136614,1.4729348226340984,2.959893443836022,4.88663017982799
62.0,2020,3,12,0,8,3,6,0,12,17,40735,20271,20464,7.119184976064809,2.9458696452681967,0.0,1.9639130968454646,0.7364674113170492,1.4729348226340984,8.386364757535395,5.863956215793589
62.0,2020,4,4,4,7,3,15,0,14,19,40735,20271,20464,8.101141524487542,0.9819565484227323,0.9819565484227323,1.7184239597397815,0.7364674113170492,3.682337056585246,9.372995905480735,6.841282251759187
62.0,2021,1,9,2,14,3,10,0,10,28,40570,20186,20384,9.366526990386985,2.2183879714074437,0.4929751047572098,3.4508257333004684,0.7394626571358147,2.4648755237860485,13.870999702764292,4.9058084772370485
62.0,2021,2,13,4,7,2,15,0,16,25,40570,20186,20384,10.105989647522799,3.2043381809218636,0.9859502095144196,1.7254128666502342,0.4929751047572098,3.697313285679073,12.384821163182403,7.849293563579279
62.0,2021,3,9,0,19,1,8,0,18,19,40570,20186,20384,9.12003943800838,2.2183879714074437,0.0,4.683263495193493,0.2464875523786049,1.9719004190288392,9.412464084018627,8.830455259026689
62.0,2021,4,8,1,10,2,4,0,11,14,40570,20186,20384,6.162188809465122,1.9719004190288392,0.2464875523786049,2.4648755237860485,0.4929751047572098,0.9859502095144196,6.935499851382146,5.3963893249607535
62.0,2022,1,3,1,0,1,5,0,0,10,40185,19948,20237,2.4884907303720296,0.7465472191116087,0.24884907303720294,0.0,0.24884907303720294,1.2442453651860148,5.013033888109083,0.0
62.0,2022,2,2,1,0,2,5,0,2,8,40185,19948,20237,2.4884907303720296,0.4976981460744059,0.24884907303720294,0.0,0.4976981460744059,1.2442453651860148,4.010427110487266,0.9882887779809261
62.0,2022,3,2,2,0,4,11,0,2,17,40185,19948,20237,4.7281323877068555,0.4976981460744059,0.4976981460744059,0.0,0.9953962921488118,2.7373398034092324,8.522157609785442,0.9882887779809261
62.0,2022,4,12,1,0,7,10,0,7,23,40185,19948,20237,7.465472191116088,2.986188876446435,0.24884907303720294,0.0,1.7419435112604205,2.4884907303720296,11.529977942650893,3.4590107229332414
62.0,2023,1,0,3,0,7,6,0,2,14,39818,19735,20083,4.01828318850771,0.0,0.7534280978451956,0.0,1.7579988949721232,1.5068561956903912,7.0939954395743605,0.9958671513220136
62.0,2023,2,0,4,0,8,10,0,1,21,39818,19735,20083,5.525139384198101,0.0,1.0045707971269275,0.0,2.009141594253855,2.511426992817319,10.640993159361539,0.4979335756610068
62.0,2023,3,0,0,0,12,4,0,1,15,39818,19735,20083,4.01828318850771,0.0,0.0,0.0,3.0137123913807824,1.0045707971269275,7.600709399543957,0.4979335756610068
63.0,2015,3,0,0,1,0,0,0,1,0,83,46,37,120.48192771084338,0.0,0.0,120.48192771084338,0.0,0.0,0.0,270.27027027027026
63.0,2015,4,3,0,0,1,0,0,2,2,83,46,37,481.9277108433735,361.4457831325301,0.0,0.0,120.48192771084338,0.0,434.7826086956522,540.5405405405405
63.0,2016,1,3,0,1,0,0,0,4,0,64,34,30,625.0,468.75,0.0,156.25,0.0,0.0,0.0,1333.3333333333333
63.0,2016,2,1,0,0,0,0,0,0,1,64,34,30,156.25,156.25,0.0,0.0,0.0,0.0,294.11764705882354,0.0
63.0,2016,3,3,1,1,0,2,0,3,4,64,34,30,1093.75,468.75,156.25,156.25,0.0,312.5,1176.4705882352941,1000.0
63.0,2016,4,0,6,0,2,1,0,3,6,64,34,30,1406.25,0.0,937.5,0.0,312.5,156.25,1764.7058823529412,1000.0
63.0,2017,1,3,1,0,0,0,0,2,2,47,26,21,851.063829787234,638.2978723404254,212.7659574468085,0.0,0.0,0.0,769.2307692307693,952.3809523809523
63.0,2017,2,3,1,0,0,0,0,3,1,47,26,21,851.063829787234,638.2978723404254,212.7659574468085,0.0,0.0,0.0,384.61538461538464,1428.5714285714284
63.0,2017,3,8,1,1,1,0,0,3,8,47,26,21,2340.425531914894,1702.127659574468,212.7659574468085,212.7659574468085,212.7659574468085,0.0,3076.923076923077,1428.5714285714284
63.0,2017,4,5,1,0,2,0,0,2,6,47,26,21,1702.127659574468,1063.8297872340427,212.7659574468085,0.0,425.531914893617,0.0,2307.6923076923076,952.3809523809523
63.0,2018,1,5,0,6,2,0,0,8,5,36,18,18,3611.111111111111,1388.888888888889,0.0,1666.6666666666665,555.5555555555555,0.0,2777.777777777778,4444.444444444444
63.0,2018,2,6,2,0,2,0,0,3,7,36,18,18,2777.777777777778,1666.6666666666665,555.5555555555555,0.0,555.5555555555555,0.0,3888.888888888889,1666.6666666666665
63.0,2018,3,6,2,2,0,0,0,6,4,36,18,18,2777.777777777778,1666.6666666666665,555.5555555555555,555.5555555555555,0.0,0.0,2222.222222222222,3333.333333333333
63.0,2018,4,6,2,0,0,0,0,4,4,36,18,18,2222.222222222222,1666.6666666666665,555.5555555555555,0.0,0.0,0.0,2222.222222222222,2222.222222222222
63.0,2019,1,7,0,1,1,0,0,4,5,36,18,18,2500.0,1944.4444444444446,0.0,277.77777777777777,277.77777777777777,0.0,2777.777777777778,2222.222222222222
63.0,2019,2,0,2,1,3,0,0,1,5,36,18,18,1666.6666666666665,0.0,555.5555555555555,277.77777777777777,833.3333333333333,0.0,2777.777777777778,555.5555555555555
63.0,2019,4,1,0,0,1,0,0,0,2,36,18,18,555.5555555555555,277.77777777777777,0.0,0.0,277.77777777777777,0.0,1111.111111111111,0.0
63.0,2020,2,0,0,1,0,0,0,1,0,30,13,17,333.3333333333333,0.0,0.0,333.3333333333333,0.0,0.0,0.0,588.2352941176471
63.0,2020,3,1,0,1,0,0,0,2,0,30,13,17,666.6666666666666,333.3333333333333,0.0,333.3333333333333,0.0,0.0,0.0,1176.4705882352941
63.0,2020,4,0,0,0,0,2,0,0,2,30,13,17,666.6666666666666,0.0,0.0,0.0,0.0,666.6666666666666,1538.4615384615386,0.0
63.0,2021,1,0,1,0,0,0,0,0,1,28,13,15,357.1428571428571,0.0,357.1428571428571,0.0,0.0,0.0,769.2307692307693,0.0
63.0,2021,2,0,1,0,0,1,0,0,2,28,13,15,714.2857142857142,0.0,357.1428571428571,0.0,0.0,357.1428571428571,1538.4615384615386,0.0
63.0,2021,4,1,0,0,0,1,0,0,2,28,13,15,714.2857142857142,357.1428571428571,0.0,0.0,0.0,357.1428571428571,1538.4615384615386,0.0
63.0,2022,1,0,0,0,1,0,0,0,1,18,4,14,555.5555555555555,0.0,0.0,0.0,555.5555555555555,0.0,2500.0,0.0
63.0,2022,3,0,1,0,2,0,0,0,3,18,4,14,1666.6666666666665,0.0,555.5555555555555,0.0,1111.111111111111,0.0,7500.0,0.0
63.0,2022,4,1,0,0,0,0,0,0,1,18,4,14,555.5555555555555,555.5555555555555,0.0,0.0,0.0,0.0,2500.0,0.0
64.0,2015,1,6,2,0,0,1,0,4,5,4777,2414,2363,18.840276324052752,12.560184216035168,4.186728072011723,0.0,0.0,2.0933640360058616,20.712510356255176,16.92763436309776
64.0,2015,2,0,1,1,0,0,0,1,1,4777,2414,2363,4.186728072011723,0.0,2.0933640360058616,2.0933640360058616,0.0,0.0,4.142502071251036,4.23190859077444
64.0,2015,3,1,2,2,1,0,0,2,4,4777,2414,2363,12.560184216035168,2.0933640360058616,4.186728072011723,4.186728072011723,2.0933640360058616,0.0,16.570008285004143,8.46381718154888
64.0,2015,4,2,4,0,0,0,0,2,4,4777,2414,2363,12.560184216035168,4.186728072011723,8.373456144023447,0.0,0.0,0.0,16.570008285004143,8.46381718154888
64.0,2016,1,4,1,0,0,0,0,2,3,4952,2508,2444,10.096930533117932,8.077544426494347,2.0193861066235868,0.0,0.0,0.0,11.961722488038276,8.183306055646481
64.0,2016,2,4,1,0,1,0,0,2,4,4952,2508,2444,12.116316639741518,8.077544426494347,2.0193861066235868,0.0,2.0193861066235868,0.0,15.94896331738437,8.183306055646481
64.0,2016,3,3,3,2,0,0,0,3,5,4952,2508,2444,16.155088852988694,6.058158319870759,6.058158319870759,4.0387722132471735,0.0,0.0,19.93620414673046,12.274959083469723
64.0,2016,4,2,0,0,0,0,0,1,1,4952,2508,2444,4.0387722132471735,4.0387722132471735,0.0,0.0,0.0,0.0,3.9872408293460926,4.091653027823241
64.0,2017,1,1,0,0,0,2,0,1,2,5124,2596,2528,5.85480093676815,1.95160031225605,0.0,0.0,0.0,3.9032006245121,7.704160246533128,3.9556962025316453
64.0,2017,2,3,0,3,0,0,0,4,2,5124,2596,2528,11.7096018735363,5.85480093676815,0.0,5.85480093676815,0.0,0.0,7.704160246533128,15.822784810126581
64.0,2017,3,4,2,0,0,0,0,1,5,5124,2596,2528,11.7096018735363,7.8064012490242,3.9032006245121,0.0,0.0,0.0,19.26040061633282,3.9556962025316453
64.0,2017,4,7,2,0,0,1,0,5,5,5124,2596,2528,19.516003122560498,13.66120218579235,3.9032006245121,0.0,0.0,1.95160031225605,19.26040061633282,19.77848101265823
64.0,2018,1,3,10,4,0,0,0,6,11,5331,2681,2650,31.888951416244605,5.627462014631401,18.758206715438003,7.5032826861752016,0.0,0.0,41.02946661693397,22.641509433962266
64.0,2018,2,0,4,8,0,0,0,6,6,5331,2681,2650,22.509848058525606,0.0,7.5032826861752016,15.006565372350403,0.0,0.0,22.37970906378217,22.641509433962266
64.0,2018,3,3,2,7,0,0,0,10,2,5331,2681,2650,22.509848058525606,5.627462014631401,3.7516413430876008,13.130744700806604,0.0,0.0,7.459903021260724,37.735849056603776
64.0,2018,4,1,4,10,0,2,0,5,12,5331,2681,2650,31.888951416244605,1.8758206715438004,7.5032826861752016,18.758206715438003,0.0,3.7516413430876008,44.75941812756434,18.867924528301888
64.0,2019,1,5,4,8,1,0,0,12,6,5725,2899,2826,31.441048034934497,8.733624454148472,6.986899563318777,13.973799126637553,1.7467248908296942,0.0,20.696791997240428,42.46284501061571
64.0,2019,2,0,2,4,0,1,0,4,3,5725,2899,2826,12.22707423580786,0.0,3.4934497816593884,6.986899563318777,0.0,1.7467248908296942,10.348395998620214,14.154281670205238
64.0,2019,3,0,5,8,0,2,0,7,8,5725,2899,2826,26.200873362445414,0.0,8.733624454148472,13.973799126637553,0.0,3.4934497816593884,27.595722662987235,24.769992922859164
64.0,2019,4,0,1,3,0,0,0,3,1,5725,2899,2826,6.986899563318777,0.0,1.7467248908296942,5.240174672489083,0.0,0.0,3.4494653328734044,10.615711252653927
64.0,2020,1,0,2,7,0,0,0,6,3,6009,3047,2962,14.977533699450822,0.0,3.3283408221001833,11.64919287735064,0.0,0.0,9.845749917952084,20.25658338960162
64.0,2020,2,0,1,3,0,0,0,3,1,6009,3047,2962,6.656681644200367,0.0,1.6641704110500917,4.992511233150275,0.0,0.0,3.281916639317361,10.12829169480081
64.0,2020,3,0,2,1,1,2,0,1,5,6009,3047,2962,9.98502246630055,0.0,3.3283408221001833,1.6641704110500917,1.6641704110500917,3.3283408221001833,16.40958319658681,3.37609723160027
64.0,2020,4,1,1,5,0,5,0,6,6,6009,3047,2962,19.9700449326011,1.6641704110500917,1.6641704110500917,8.320852055250457,0.0,8.320852055250457,19.691499835904168,20.25658338960162
64.0,2021,1,0,2,6,0,3,0,5,6,6257,3179,3078,17.58031005274093,0.0,3.19642000958926,9.58926002876778,0.0,4.79463001438389,18.87385970430953,16.244314489928524
64.0,2021,2,0,4,6,0,2,0,5,7,6257,3179,3078,19.17852005753556,0.0,6.39284001917852,9.58926002876778,0.0,3.19642000958926,22.01950298836112,16.244314489928524
64.0,2021,3,0,5,6,0,4,0,7,8,6257,3179,3078,23.973150071919452,0.0,7.99105002397315,9.58926002876778,0.0,6.39284001917852,25.165146272412706,22.742040285899932
64.0,2021,4,0,5,8,1,1,0,7,8,6257,3179,3078,23.973150071919452,0.0,7.99105002397315,12.78568003835704,1.59821000479463,1.59821000479463,25.165146272412706,22.742040285899932
64.0,2022,1,2,3,0,2,5,0,4,8,6485,3297,3188,18.504240555127215,3.0840400925212026,4.626060138781804,0.0,3.0840400925212026,7.710100231303007,24.26448286320898,12.547051442910915
64.0,2022,2,1,2,0,1,2,0,2,4,6485,3297,3188,9.252120277563607,1.5420200462606013,3.0840400925212026,0.0,1.5420200462606013,3.0840400925212026,12.13224143160449,6.273525721455457
64.0,2022,3,0,0,0,2,5,0,0,7,6485,3297,3188,10.79414032382421,0.0,0.0,0.0,3.0840400925212026,7.710100231303007,21.231422505307854,0.0
64.0,2022,4,2,6,0,4,1,0,3,10,6485,3297,3188,20.046260601387818,3.0840400925212026,9.252120277563607,0.0,6.168080185042405,1.5420200462606013,30.33060357901122,9.410288582183187
64.0,2023,1,0,3,0,0,5,0,0,8,6716,3418,3298,11.911852293031567,0.0,4.466944609886837,0.0,0.0,7.444907683144729,23.405500292568753,0.0
64.0,2023,2,0,3,0,0,2,0,1,4,6716,3418,3298,7.444907683144729,0.0,4.466944609886837,0.0,0.0,2.9779630732578917,11.702750146284377,3.0321406913280775
64.0,2023,3,0,4,0,2,3,0,1,8,6716,3418,3298,13.400833829660511,0.0,5.955926146515783,0.0,2.9779630732578917,4.466944609886837,23.405500292568753,3.0321406913280775
65.0,2015,1,32,3,5,7,9,0,22,34,72468,34778,37690,7.7275487111552685,4.415742120660154,0.4139758238118894,0.689959706353149,0.9659435888944086,1.241927471435668,9.776295359135085,5.837092066861237
65.0,2015,2,22,2,3,15,6,0,15,33,72468,34778,37690,6.6236131809902306,3.0358227079538556,0.2759838825412596,0.4139758238118894,2.069879119059447,0.8279516476237788,9.488757260336994,3.9798355001326615
65.0,2015,3,20,6,4,7,5,0,10,32,72468,34778,37690,5.795661533366451,2.759838825412596,0.8279516476237788,0.5519677650825192,0.9659435888944086,0.689959706353149,9.201219161538903,2.6532236667551072
65.0,2015,4,23,2,0,7,8,0,13,27,72468,34778,37690,5.519677650825192,3.173814649224485,0.2759838825412596,0.0,0.9659435888944086,1.1039355301650384,7.76352866754845,3.4491907667816397
65.0,2016,1,41,6,1,5,11,0,21,43,73832,35427,38405,8.668328096218442,5.553147686639939,0.8126557590204789,0.13544262650341315,0.6772131325170658,1.4898688915375446,12.137635137042368,5.468038015883349
65.0,2016,2,34,3,5,11,1,0,19,35,73832,35427,38405,7.31390183118431,4.605049301116048,0.40632787951023946,0.6772131325170658,1.4898688915375446,0.13544262650341315,9.879470460383324,4.947272490561125
65.0,2016,3,46,0,4,11,9,0,20,50,73832,35427,38405,9.480983855238922,6.2303608191570055,0.0,0.5417705060136526,1.4898688915375446,1.2189836385307184,14.113529229119035,5.207655253222236
65.0,2016,4,42,2,6,7,5,0,27,35,73832,35427,38405,8.397442843211616,5.688590313143353,0.2708852530068263,0.8126557590204789,0.948098385523892,0.6772131325170658,9.879470460383324,7.0303345918500195
65.0,2017,1,84,2,7,9,9,0,43,68,75273,36121,39152,14.746323382886294,11.159379857319358,0.26569952041236566,0.9299483214432799,1.1956478418556453,1.1956478418556453,18.825613908806513,10.982836125868412
65.0,2017,2,63,3,5,10,13,0,28,66,75273,36121,39152,12.487877459381187,8.369534892989519,0.39854928061854844,0.6642488010309141,1.3284976020618282,1.7270468826803766,18.271919382076906,7.151614221495709
65.0,2017,3,91,1,1,6,9,0,34,74,75273,36121,39152,14.347774102267746,12.089328178762637,0.13284976020618283,0.13284976020618283,0.7970985612370969,1.1956478418556453,20.486697488995322,8.68410298324479
65.0,2017,4,113,0,5,8,11,0,51,86,75273,36121,39152,18.20041714824705,15.012022903298659,0.0,0.6642488010309141,1.0627980816494627,1.461347362268011,23.80886464937294,13.026154474867186
65.0,2018,1,127,2,16,24,26,0,72,123,77129,36651,40478,25.282319231417492,16.46592073020524,0.25930583827094866,2.0744467061675893,3.111670059251384,3.370975897522333,33.5597937300483,17.78744009091358
65.0,2018,2,162,4,18,26,16,0,89,137,77129,36651,40478,29.3015597246172,21.003772899946842,0.5186116765418973,2.3337525444385383,3.370975897522333,2.0744467061675893,37.379607650541594,21.987252334601514
65.0,2018,3,156,2,27,40,18,0,99,144,77129,36651,40478,31.50565934992026,20.225855385133997,0.25930583827094866,3.500628816657807,5.186116765418974,2.3337525444385383,39.289514610788245,24.45773012500618
65.0,2018,4,164,10,12,10,26,0,75,147,77129,36651,40478,28.7829480480753,21.263078738217793,1.2965291913547434,1.555835029625692,1.2965291913547434,3.370975897522333,40.108046165179665,18.52858342803498
65.0,2019,1,122,5,14,13,18,0,55,117,79580,38071,41509,21.613470721286756,15.330485046494095,0.628298567479266,1.759235988941945,1.633576275446092,2.261874842925358,30.732053268892333,13.250138524175481
65.0,2019,2,10,1,5,6,16,0,10,28,79580,38071,41509,4.775069112842423,1.256597134958532,0.12565971349585323,0.628298567479266,0.7539582809751194,2.0105554159336516,7.354679414777653,2.4091160953046327
65.0,2019,3,16,3,16,11,19,0,24,41,79580,38071,41509,8.16788137723046,2.0105554159336516,0.3769791404875597,2.0105554159336516,1.3822568484543856,2.3875345564212114,10.769352000210134,5.781878628731118
65.0,2019,4,14,3,16,14,14,0,23,38,79580,38071,41509,7.665242523247048,1.759235988941945,0.3769791404875597,2.0105554159336516,1.759235988941945,1.759235988941945,9.9813506343411,5.540967019200655
65.0,2020,1,9,1,11,7,17,0,17,28,82419,39437,42982,5.4599060896152585,1.0919812179230517,0.12133124643589463,1.334643710794841,0.8493187250512625,2.062631189410209,7.099931536374471,3.9551440137732072
65.0,2020,2,9,1,11,9,15,0,15,30,82419,39437,42982,5.4599060896152585,1.0919812179230517,0.12133124643589463,1.334643710794841,1.0919812179230517,1.8199686965384196,7.607069503258361,3.4898329533293007
65.0,2020,3,13,3,3,14,11,0,5,39,82419,39437,42982,5.338574843179364,1.5773062036666303,0.3639937393076839,0.3639937393076839,1.698637450102525,1.334643710794841,9.88919035423587,1.1632776511097669
65.0,2020,4,13,4,6,21,16,0,14,46,82419,39437,42982,7.279874786153679,1.5773062036666303,0.4853249857435785,0.7279874786153678,2.547956175153787,1.941299942974314,11.664173238329488,3.2571774231073474
65.0,2021,1,15,1,5,13,15,0,13,36,84648,40496,44152,5.788677818731689,1.7720442302239863,0.11813628201493243,0.5906814100746621,1.5357716661941214,1.7720442302239863,8.889766890557091,2.944373980793622
65.0,2021,2,19,5,12,9,30,0,32,43,84648,40496,44152,8.860221151119932,2.244589358283716,0.5906814100746621,1.417635384179189,1.0632265381343917,3.5440884604479725,10.618332674832082,7.247689798876608
65.0,2021,3,10,1,10,17,22,0,19,41,84648,40496,44152,7.088176920895945,1.1813628201493243,0.11813628201493243,1.1813628201493243,2.0083167942538513,2.598998204328513,10.124456736467799,4.303315818082986
65.0,2021,4,18,3,9,18,18,0,19,47,84648,40496,44152,7.79699461298554,2.1264530762687834,0.3544088460447973,1.0632265381343917,2.1264530762687834,2.1264530762687834,11.606084551560647,4.303315818082986
65.0,2022,1,12,1,0,15,34,0,12,50,86615,41438,45177,7.158113490734862,1.3854413207873923,0.11545344339894938,0.0,1.7318016509842407,3.9254170755642788,12.06621941213379,2.6562188724350886
65.0,2022,2,10,1,0,10,25,0,12,34,86615,41438,45177,5.310858396351671,1.1545344339894936,0.11545344339894938,0.0,1.1545344339894936,2.8863360849737343,8.205029200250978,2.6562188724350886
65.0,2022,3,16,7,0,11,20,0,10,44,86615,41438,45177,6.234485943543266,1.84725509438319,0.8081741037926455,0.0,1.269987877388443,2.3090688679789872,10.618273082677735,2.2135157270292405
65.0,2022,4,4,2,0,12,30,0,6,42,86615,41438,45177,5.541765283149569,0.4618137735957975,0.23090688679789875,0.0,1.3854413207873923,3.4636033019684813,10.135624306192383,1.3281094362175443
65.0,2023,1,1,3,0,12,26,0,2,40,88566,42370,46196,4.74222613644062,0.11291014610572907,0.3387304383171872,0.0,1.3549217532687488,2.9356637987489558,9.440641963653528,0.43293791670274484
65.0,2023,2,0,0,0,6,26,0,4,28,88566,42370,46196,3.61312467538333,0.0,0.0,0.0,0.6774608766343744,2.9356637987489558,6.60844937455747,0.8658758334054897
65.0,2023,3,0,1,0,12,18,0,2,29,88566,42370,46196,3.5002145292776006,0.0,0.11291014610572907,0.0,1.3549217532687488,2.032382629903123,6.844465423648808,0.43293791670274484
66.0,2015,1,36,4,12,6,11,0,32,37,69284,34028,35256,9.959009295075342,5.196004849604526,0.5773338721782807,1.732001616534842,0.866000808267421,1.587668148490272,10.873398377806511,9.076469253460404
66.0,2015,2,38,11,5,2,20,0,28,48,69284,34028,35256,10.969343571387332,5.484671785693666,1.587668148490272,0.721667340222851,0.28866693608914035,2.886669360891404,14.106030327965206,7.941910596777854
66.0,2015,3,20,10,13,7,16,0,22,44,69284,34028,35256,9.52600889094163,2.886669360891404,1.443334680445702,1.8763350845794124,1.0103342763119911,2.3093354887131228,12.930527800634772,6.240072611754028
66.0,2015,4,36,11,5,3,15,0,17,53,69284,34028,35256,10.103342763119912,5.196004849604526,1.587668148490272,0.721667340222851,0.4330004041337105,2.1650020206685525,15.575408487128247,4.82187429090084
66.0,2016,1,54,2,10,5,10,0,34,47,68718,33745,34973,11.787304636339824,7.858203090893215,0.29104455892197095,1.4552227946098548,0.7276113973049274,1.4552227946098548,13.927989331752853,9.721785377291054
66.0,2016,2,40,13,5,2,11,0,23,48,68718,33745,34973,10.332081841729968,5.820891178439419,1.8917896329928112,0.7276113973049274,0.29104455892197095,1.6007450740708402,14.224329530300786,6.57650187287336
66.0,2016,3,46,7,5,5,22,0,17,68,68718,33745,34973,12.369393754183765,6.694024855205332,1.0186559562268982,0.7276113973049274,0.7276113973049274,3.2014901481416804,20.151133501259444,4.860892688645527
66.0,2016,4,32,8,9,5,12,0,27,39,68718,33745,34973,9.604470444425042,4.656712942751535,1.1641782356878838,1.3097005151488692,0.7276113973049274,1.7462673535318258,11.557267743369389,7.720241329025248
66.0,2017,1,71,6,9,8,8,0,47,55,68241,33514,34727,14.947025981448103,10.404302398851131,0.8792368224381236,1.3188552336571857,1.1723157632508316,1.1723157632508316,16.41105209763084,13.534137702652115
66.0,2017,2,70,4,7,6,12,0,33,66,68241,33514,34727,14.50740757022904,10.257762928444775,0.5861578816254158,1.0257762928444778,0.8792368224381236,1.7584736448762472,19.69326251715701,9.502692429521698
66.0,2017,3,110,6,5,7,19,0,68,79,68241,33514,34727,21.54130214973403,16.119341744698932,0.8792368224381236,0.7326973520317698,1.0257762928444778,2.784249937720725,23.572238467506118,19.58130561234774
66.0,2017,4,111,4,6,0,16,0,66,71,68241,33514,34727,20.07590744567049,16.26588121510529,0.5861578816254158,0.8792368224381236,0.0,2.3446315265016633,21.18517634421436,19.005384859043396
66.0,2018,1,103,20,28,17,30,0,77,121,68147,33151,34996,29.054837336933396,15.114385079313838,2.9348320542356965,4.1087648759299755,2.494607246100342,4.4022480813535445,36.49965310247051,22.002514573094068
66.0,2018,2,132,14,22,6,46,0,90,130,68147,33151,34996,32.283152596592664,19.369891557955597,2.0543824379649878,3.2283152596592664,0.8804496162707088,6.750113724742102,39.214503333232784,25.717224825694366
66.0,2018,3,150,8,51,16,39,0,116,148,68147,33151,34996,38.739783115911194,22.011240406767723,1.1739328216942786,7.4838217383010255,2.347865643388557,5.722922505759608,44.644203794757324,33.146645330894955
66.0,2018,4,179,18,17,12,22,0,111,137,68147,33151,34996,36.391917472522636,26.266746885409482,2.641348848812127,2.494607246100342,1.7608992325414177,3.2283152596592664,41.326053512714545,31.717910618356385
66.0,2019,1,109,1,33,8,14,0,79,86,69426,34000,35426,23.766312332555525,15.700169965142742,0.1440382565609426,4.753262466511106,1.1523060524875408,2.016535591853196,25.294117647058826,22.300005645571048
66.0,2019,2,11,2,20,4,21,0,28,30,69426,34000,35426,8.35421888053467,1.5844208221703684,0.2880765131218852,2.8807651312188516,0.5761530262437704,3.0248033877797944,8.823529411764707,7.903799469316321
66.0,2019,3,4,10,14,11,18,0,17,40,69426,34000,35426,8.210180623973727,0.5761530262437704,1.4403825656094258,2.016535591853196,1.5844208221703684,2.5926886180969664,11.76470588235294,4.798735392084909
66.0,2019,4,14,3,14,4,23,0,19,39,69426,34000,35426,8.35421888053467,2.016535591853196,0.4321147696828278,2.016535591853196,0.5761530262437704,3.312879900901679,11.470588235294118,5.363292497036075
66.0,2020,1,10,2,23,7,19,0,24,37,70180,34379,35801,8.691935024223426,1.4249073810202337,0.28498147620404674,3.2772869763465375,0.9974351667141635,2.707324023938444,10.762384013496611,6.703723359682691
66.0,2020,2,6,3,18,7,14,0,21,27,70180,34379,35801,6.839555428897122,0.8549444286121403,0.42747221430607013,2.564833285836421,0.9974351667141635,1.994870333428327,7.853631577416446,5.865757939722354
66.0,2020,3,6,5,12,11,16,0,17,33,70180,34379,35801,7.124536905101168,0.8549444286121403,0.7124536905101169,1.7098888572242805,1.5673981191222572,2.279851809632374,9.598883039064544,4.748470713108572
66.0,2020,4,7,8,9,5,17,0,19,27,70180,34379,35801,6.554573952693075,0.9974351667141635,1.139925904816187,1.2824166429182104,0.7124536905101169,2.4223425477343974,7.853631577416446,5.307114326415463
66.0,2021,1,6,3,18,6,15,0,17,31,70395,34479,35916,6.818666098444492,0.8523332623055615,0.42616663115278075,2.556999786916684,0.8523332623055615,2.1308331557639035,8.990980016821833,4.733266510747299
66.0,2021,2,12,5,14,4,18,0,17,36,70395,34479,35916,7.52894381703246,1.704666524611123,0.710277718587968,1.98877761204631,0.5682221748703743,2.556999786916684,10.441138084051163,4.733266510747299
66.0,2021,3,11,4,36,9,30,1,39,50,70395,34479,35916,12.784998934583422,1.5626109808935293,0.5682221748703743,5.113999573833368,1.278499893458342,4.261666311527807,14.50158067229328,10.858670230537921
66.0,2021,4,5,4,20,10,21,0,26,34,70395,34479,35916,8.523332623055614,0.710277718587968,0.5682221748703743,2.841110874351872,1.420555437175936,2.9831664180694655,9.861074857159432,7.239113487025282
66.0,2022,1,9,4,0,8,24,0,6,39,70388,34476,35912,6.3931351934988925,1.2786270386997785,0.5682786838665682,0.0,1.1365573677331364,3.409672103199409,11.312217194570136,1.6707507239919803
66.0,2022,2,7,2,0,6,22,0,9,28,70388,34476,35912,5.256577825765756,0.9944876967664943,0.2841393419332841,0.0,0.8524180257998523,3.125532761266125,8.121591831999073,2.5061260859879706
66.0,2022,3,12,3,0,8,23,0,9,37,70388,34476,35912,6.535204864465534,1.7048360515997045,0.42620901289992613,0.0,1.1365573677331364,3.267602432232767,10.732103492284487,2.5061260859879706
66.0,2022,4,4,3,0,7,25,0,7,32,70388,34476,35912,5.54071716769904,0.5682786838665682,0.42620901289992613,0.0,0.9944876967664943,3.551741774166051,9.281819236570367,1.9492091779906437
66.0,2023,1,0,4,0,10,17,0,1,30,70371,34469,35902,4.4052237427349334,0.0,0.5684159668045076,0.0,1.4210399170112689,2.415767858919157,8.703472685601556,0.2785360147067016
66.0,2023,2,0,2,0,4,21,1,4,22,70371,34469,35902,3.836807775930426,0.0,0.2842079834022538,0.0,0.5684159668045076,2.984183825723665,6.382546636107807,1.1141440588268063
66.0,2023,3,0,3,0,5,26,0,0,34,70371,34469,35902,4.831535717838314,0.0,0.42631197510338065,0.0,0.7105199585056344,3.6947037842292993,9.863935710348429,0.0
67.0,2015,1,75,22,23,1,19,0,51,89,153476,76374,77102,9.121947405457531,4.886757538637963,1.433448878000469,1.4986056451823087,0.0651567671818395,1.2379785764549505,11.653180401707388,6.614614406889575
67.0,2015,2,66,31,19,2,25,0,40,103,153476,76374,77102,9.317417707003049,4.300346634001407,2.019859782637025,1.2379785764549505,0.130313534363679,1.6289191795459879,13.486264959279335,5.187932868148686
67.0,2015,3,38,29,20,1,15,0,34,69,153476,76374,77102,6.711147019729469,2.475957152909901,1.8895462482733456,1.3031353436367903,0.0651567671818395,0.9773515077275925,9.034488176604603,4.409742937926383
67.0,2015,4,48,15,14,1,12,0,33,57,153476,76374,77102,5.864109046365556,3.127524824728296,0.9773515077275925,0.9121947405457531,0.0651567671818395,0.781881206182074,7.463272841542934,4.280044616222666
67.0,2016,1,70,19,18,0,18,0,41,84,153184,76233,76951,8.160121161479006,4.569667850428243,1.2403384165448088,1.175057447252977,0.0,1.175057447252977,11.018850104285546,5.328065912073916
67.0,2016,2,60,22,18,1,16,0,33,84,153184,76233,76951,7.637873407144349,3.916858157509923,1.436181324420305,1.175057447252977,0.06528096929183204,1.0444955086693126,11.018850104285546,4.288443295083884
67.0,2016,3,63,20,28,4,9,0,54,70,153184,76233,76951,8.094840192187174,4.112701065385418,1.305619385836641,1.8278671401712974,0.26112387716732816,0.5875287236264884,9.182375086904623,7.01745266468272
67.0,2016,4,69,18,20,10,16,0,51,82,153184,76233,76951,8.682368915813662,4.504386881136411,1.175057447252977,1.305619385836641,0.6528096929183205,1.0444955086693126,10.756496530373987,6.627594183311459
67.0,2017,1,131,18,31,7,27,0,77,137,153112,76226,76886,13.976696797115837,8.555828413187731,1.1756100109723602,2.024661685563509,0.4571816709336956,1.76341501645854,17.97287014929289,10.014827146684702
67.0,2017,2,102,12,24,10,19,0,75,92,153112,76226,76886,10.907048435132452,6.661790062176707,0.7837400073149068,1.5674800146298136,0.6531166727624222,1.2409216782486023,12.069372654999608,9.754701766251333
67.0,2017,3,175,19,19,5,19,0,93,144,153112,76226,76886,15.478865144469408,11.42954177334239,1.2409216782486023,1.2409216782486023,0.3265583363812111,1.2409216782486023,18.891191981738515,12.095830190151652
67.0,2017,4,167,16,9,5,16,0,81,132,153112,76226,76886,13.911385129839594,10.907048435132452,1.0449866764198756,0.5878050054861801,0.3265583363812111,1.0449866764198756,17.316925983260305,10.535077907551441
67.0,2018,1,161,30,76,14,32,0,145,168,153854,75900,77954,20.34396245791465,10.464466312218075,1.9499005550716912,4.939748072848285,0.9099535923667893,2.079893925409804,22.134387351778656,18.600713241142213
67.0,2018,2,201,30,88,18,60,1,174,221,153854,75900,77954,25.803684012115383,13.064333718980333,1.9499005550716912,5.719708294876961,1.1699403330430147,3.8998011101433825,29.11725955204216,22.32085588937065
67.0,2018,3,207,44,77,18,62,0,165,243,153854,75900,77954,26.518647548975004,13.45431382999467,2.8598541474384804,5.004744758017342,1.1699403330430147,4.029794480481495,32.015810276679844,21.166328860610104
67.0,2018,4,217,52,81,24,21,1,175,218,153854,75900,77954,25.67369064177727,14.104280681685234,3.3798276287909315,5.264731498693567,1.559920444057353,1.3649303885501838,28.722002635046113,22.44913667034405
67.0,2019,1,119,21,43,7,29,0,88,131,157159,78057,79102,13.93493213878938,7.571949427013407,1.3362263694729541,2.736082566063668,0.4454087898243181,1.845264986415032,16.78260758163906,11.124876741422467
67.0,2019,2,11,9,45,4,26,0,48,47,157159,78057,79102,6.044833576187173,0.699928098295357,0.5726684440598375,2.8633422202991876,0.2545193084710389,1.6543755050617528,6.0212408880689745,6.068114586230437
67.0,2019,3,15,16,45,4,22,0,53,49,157159,78057,79102,6.490242366011492,0.9544474067663958,1.0180772338841555,2.8633422202991876,0.2545193084710389,1.399856196590714,6.277463904582549,6.700209855629441
67.0,2019,4,13,15,46,9,24,0,53,54,157159,78057,79102,6.80839150160029,0.8271877525308764,0.9544474067663958,2.926972047416947,0.5726684440598375,1.5271158508262335,6.918021445866483,6.700209855629441
67.0,2020,1,19,22,38,12,11,0,45,57,159884,79445,80439,6.379625228290511,1.188361562132546,1.3759975982587376,2.376723124265092,0.750544144504766,0.6879987991293688,7.1747750015734155,5.594301271771156
67.0,2020,2,11,14,44,7,9,0,47,38,159884,79445,80439,5.316354356908759,0.6879987991293688,0.8756348352555602,2.751995196517475,0.4378174176277801,0.5629081083785744,4.783183334382277,5.842936883849874
67.0,2020,3,17,27,21,13,22,0,35,65,159884,79445,80439,6.254534537539716,1.0632708713817518,1.6887243251357236,1.3134522528833406,0.8130894898801632,1.3759975982587376,8.181760966706527,4.3511232113775655
67.0,2020,4,10,16,35,16,20,0,37,60,159884,79445,80439,6.066898501413525,0.6254534537539717,1.0007255260063546,2.189087088138901,1.0007255260063546,1.2509069075079433,7.552394738498331,4.599758823456284
67.0,2021,1,24,12,39,12,27,0,59,55,161398,80209,81189,7.063284551233597,1.487007273943915,0.7435036369719575,2.416386820158862,0.7435036369719575,1.6728831831869044,6.857085863182435,7.266994297257018
67.0,2021,2,17,15,28,11,42,0,40,73,161398,80209,81189,7.001325914819267,1.0532968190436065,0.929379546214947,1.734841819601234,0.6815450005576278,2.602262729401851,9.101223054769415,4.92677579475052
67.0,2021,3,27,14,59,14,36,0,60,90,161398,80209,81189,9.293795462149468,1.6728831831869044,0.867420909800617,3.6555595484454577,0.867420909800617,2.2305109109158727,11.220685957934895,7.39016369212578
67.0,2021,4,18,17,44,9,31,3,47,69,161398,80209,81189,7.373077733305245,1.1152554554579364,1.0532968190436065,2.726180002230511,0.5576277277289682,1.9207177288442234,8.60252590108342,5.788961558831861
67.0,2022,1,13,9,0,8,40,0,11,59,162416,80734,81682,4.309920204905921,0.8004137523396709,0.5541325977736183,0.0,0.4925623091321052,2.462811545660526,7.307949562761662,1.3466859283563086
67.0,2022,2,20,23,0,15,38,0,14,82,162416,80734,81682,5.910747709585262,1.231405772830263,1.4161166387548025,0.0,0.9235543296226972,2.3396709683775,10.156811256719598,1.7139639088171201
67.0,2022,3,13,15,0,26,38,0,15,77,162416,80734,81682,5.66446655501921,0.8004137523396709,0.9235543296226972,0.0,1.6008275046793419,2.3396709683775,9.537493497163524,1.8363899023040573
67.0,2022,4,39,20,0,17,43,0,26,93,162416,80734,81682,7.326864348340066,2.401241257019013,1.231405772830263,0.0,1.0466949069057236,2.6475224115850655,11.519310327742957,3.183075830660366
67.0,2023,1,0,20,0,6,23,0,3,46,163419,81257,82162,2.9984273554482646,0.0,1.2238479001829654,0.0,0.36715437005488955,1.40742508521041,5.661050740243918,0.3651322996032229
67.0,2023,2,0,22,0,4,48,0,7,67,163419,81257,82162,4.528237230676972,0.0,1.346232690201262,0.0,0.24476958003659305,2.9372349604391164,8.245443469485705,0.8519753657408534
67.0,2023,3,0,12,0,7,38,0,8,49,163419,81257,82162,3.487966515521451,0.0,0.7343087401097791,0.0,0.42834676506403785,2.325311010347634,6.030249701564173,0.9736861322752611
68.0,2015,1,13,4,7,0,6,0,11,19,48247,24089,24158,6.218003191908305,2.6944680498269324,0.8290670922544408,1.4508674114452713,0.0,1.243600638381661,7.887417493461745,4.553357065982284
68.0,2015,2,12,4,2,2,5,0,8,17,48247,24089,24158,5.181669326590255,2.487201276763322,0.8290670922544408,0.4145335461272204,0.4145335461272204,1.036333865318051,7.057163020465773,3.311532411623479
68.0,2015,3,9,8,6,0,2,0,8,17,48247,24089,24158,5.181669326590255,1.8654009575724915,1.6581341845088815,1.243600638381661,0.0,0.4145335461272204,7.057163020465773,3.311532411623479
68.0,2015,4,9,11,1,1,3,0,4,21,48247,24089,24158,5.181669326590255,1.8654009575724915,2.279934503699712,0.2072667730636102,0.2072667730636102,0.6218003191908305,8.717671966457718,1.6557662058117395
68.0,2016,1,28,9,12,0,4,0,22,31,48617,24271,24346,10.901536499578336,5.759302301664028,1.8512043112491516,2.4682724149988684,0.0,0.8227574716662897,12.772444481067941,9.03639201511542
68.0,2016,2,17,9,9,1,3,0,16,23,48617,24271,24346,8.021885348746324,3.4967192545817305,1.8512043112491516,1.8512043112491516,0.2056893679165724,0.6170681037497171,9.476329776276215,6.571921465538487
68.0,2016,3,16,7,8,0,6,0,13,24,48617,24271,24346,7.610506612913178,3.2910298866651586,1.439825575416007,1.6455149433325793,0.0,1.2341362074994342,9.88834411437518,5.339686190750021
68.0,2016,4,15,11,3,1,3,0,10,23,48617,24271,24346,6.787749141246889,3.085340518748586,2.2625830470822965,0.6170681037497171,0.2056893679165724,0.6170681037497171,9.476329776276215,4.107450915961555
68.0,2017,1,17,2,9,4,6,0,19,19,49049,24492,24557,7.747354686130196,3.4659218332687725,0.40775550979632613,1.8348997940834675,0.8155110195926523,1.2232665293889784,7.757635146170178,7.7371014374720035
68.0,2017,2,31,5,4,5,7,0,15,37,49049,24492,24557,10.601643254704479,6.320210401843055,1.0193887744908152,0.8155110195926523,1.0193887744908152,1.4271442842871414,15.10697370569982,6.108237976951583
68.0,2017,3,36,7,4,2,2,0,20,31,49049,24492,24557,10.397765499806317,7.33959917633387,1.4271442842871414,0.8155110195926523,0.40775550979632613,0.40775550979632613,12.657194185856607,8.14431730260211
68.0,2017,4,38,7,7,4,7,0,20,43,49049,24492,24557,12.844298558584272,7.747354686130196,1.4271442842871414,1.4271442842871414,0.8155110195926523,1.4271442842871414,17.556753225543034,8.14431730260211
68.0,2018,1,38,10,11,4,6,0,25,44,49741,24609,25132,13.87185621519471,7.639572988078245,2.010413944231117,2.2114553386542286,0.8041655776924469,1.2062483665386703,17.8796375309846,9.94747731975171
68.0,2018,2,34,12,16,10,22,0,37,57,49741,24609,25132,18.8978910757725,6.835407410385798,2.4124967330773406,3.2166623107697876,2.010413944231117,4.422910677308457,23.162257710593686,14.722266433232532
68.0,2018,3,45,32,31,0,26,0,52,82,49741,24609,25132,26.93954685269697,9.046862749040027,6.433324621539575,6.232283227116463,0.0,5.227076255000905,33.321142671380386,20.690752825083557
68.0,2018,4,44,30,26,4,12,0,47,69,49741,24609,25132,23.32080175308096,8.845821354616914,6.031241832693351,5.227076255000905,0.8041655776924469,2.4124967330773406,28.038522491771303,18.701257361133216
68.0,2019,1,35,12,12,2,1,0,19,43,51170,25484,25686,12.116474496775453,6.839945280437757,2.345124096150088,2.345124096150088,0.3908540160250147,0.19542700801250734,16.87333228692513,7.397025617067664
68.0,2019,2,2,11,16,4,5,0,13,25,51170,25484,25686,7.426226304475278,0.3908540160250147,2.1496970881375805,3.1268321282001175,0.7817080320500294,0.9771350400625366,9.810076911002982,5.061122790625244
68.0,2019,3,1,9,15,6,4,0,11,24,51170,25484,25686,6.839945280437757,0.19542700801250734,1.758843072112566,2.93140512018761,1.172562048075044,0.7817080320500294,9.417673834562862,4.282488515144436
68.0,2019,4,7,8,15,3,6,0,14,25,51170,25484,25686,7.621653312487786,1.3679890560875512,1.5634160641000587,2.93140512018761,0.586281024037522,1.172562048075044,9.810076911002982,5.450439928365646
68.0,2020,1,1,9,20,2,5,0,17,20,52519,26166,26353,7.045069403453988,0.19040728117443212,1.7136655305698891,3.8081456234886426,0.38081456234886424,0.9520364058721607,7.643506840938623,6.450878457860585
68.0,2020,2,2,8,13,2,6,0,14,17,52519,26166,26353,5.902625716407395,0.38081456234886424,1.523258249395457,2.4752946552676174,0.38081456234886424,1.1424436870465926,6.49698081479783,5.31248814176754
68.0,2020,3,3,4,11,2,6,0,9,17,52519,26166,26353,4.950589310535235,0.5712218435232963,0.7616291246977285,2.094480092918753,0.38081456234886424,1.1424436870465926,6.49698081479783,3.4151709482791333
68.0,2020,4,2,5,9,4,12,0,12,20,52519,26166,26353,6.093032997581828,0.38081456234886424,0.9520364058721607,1.7136655305698891,0.7616291246977285,2.284887374093185,7.643506840938623,4.553561264372178
68.0,2021,1,1,4,25,1,7,0,23,15,53474,26638,26836,7.106257246512324,0.18700676964506113,0.7480270785802445,4.675169241126529,0.18700676964506113,1.309047387515428,5.631053382386066,8.570576837084513
68.0,2021,2,3,3,16,5,16,0,19,24,53474,26638,26836,8.04129109473763,0.5610203089351835,0.5610203089351835,2.992108314320978,0.9350338482253058,2.992108314320978,9.009685411817705,7.080041734982859
68.0,2021,3,7,5,30,4,19,0,32,33,53474,26638,26836,12.155440026928973,1.309047387515428,0.9350338482253058,5.610203089351835,0.7480270785802445,3.553128623256162,12.388317441249344,11.924280816813235
68.0,2021,4,4,3,22,4,13,0,22,24,53474,26638,26836,8.602311403672813,0.7480270785802445,0.5610203089351835,4.114148932191346,0.7480270785802445,2.4310880053857953,9.009685411817705,8.1979430615591
68.0,2022,1,0,2,0,5,10,0,0,17,54271,27037,27234,3.1324280002211125,0.0,0.36852094120248385,0.0,0.9213023530062097,1.8426047060124193,6.287679846136775,0.0
68.0,2022,2,2,2,0,7,13,0,0,24,54271,27037,27234,4.422251294429806,0.36852094120248385,0.36852094120248385,0.0,1.2898232942086933,2.395386117816145,8.876724488663683,0.0
68.0,2022,3,3,8,0,5,18,0,3,31,54271,27037,27234,6.264856000442225,0.5527814118037258,1.4740837648099354,0.0,0.9213023530062097,3.3166884708223545,11.46576913119059,1.1015642211940955
68.0,2022,4,3,6,0,1,7,0,2,15,54271,27037,27234,3.1324280002211125,0.5527814118037258,1.1055628236074515,0.0,0.18426047060124193,1.2898232942086933,5.547952805414802,0.7343761474627305
68.0,2023,1,0,7,0,9,9,0,4,21,55071,27439,27632,4.539594341849613,0.0,1.2710864157178914,0.0,1.6342539630658606,1.6342539630658606,7.653340136302343,1.4475969889982627
68.0,2023,2,0,4,0,2,16,0,0,22,55071,27439,27632,3.994843020827659,0.0,0.7263350946959379,0.0,0.36316754734796897,2.9053403787837517,8.017784904697693,0.0
68.0,2023,3,0,5,0,1,12,0,2,16,55071,27439,27632,3.268507926131721,0.0,0.9079188683699225,0.0,0.18158377367398448,2.179005284087814,5.831116294325596,0.7237984944991314
69.0,2015,1,42,8,9,17,21,0,30,67,153037,75256,77781,6.338336480720348,2.744434352476852,0.5227494004717813,0.588093075530754,1.1108424760025353,1.372217176238426,8.902944615711704,3.856983067844332
69.0,2015,2,53,14,6,12,23,0,28,80,153037,75256,77781,7.057116906369048,3.4632147781255513,0.9148114508256173,0.392062050353836,0.784124100707672,1.5029045263563714,10.630381630700542,3.5998508633213766
69.0,2015,3,43,12,8,12,22,0,24,73,153037,75256,77781,6.338336480720348,2.809778027535825,0.784124100707672,0.5227494004717813,0.784124100707672,1.4375608512973985,9.700223238014244,3.085586454275466
69.0,2015,4,47,12,6,17,23,0,18,87,153037,75256,77781,6.86108588119213,3.071152727771715,0.784124100707672,0.392062050353836,1.1108424760025353,1.5029045263563714,11.56054002338684,2.3141898407065993
69.0,2016,1,66,11,20,8,10,0,43,72,153409,75406,78003,7.496300738548586,4.302224771688754,0.7170374619481257,1.3037044762693193,0.5214817905077277,0.6518522381346596,9.548311805426623,5.512608489417073
69.0,2016,2,45,10,33,8,29,0,52,73,153409,75406,78003,8.148152976683246,2.9333350716059683,0.6518522381346596,2.151112385844377,0.5214817905077277,1.890371490590513,9.68092724716866,6.66641026627181
69.0,2016,3,65,9,16,16,16,0,36,86,153409,75406,78003,7.952597305242847,4.237039547875288,0.5866670143211937,1.0429635810154554,1.0429635810154554,1.0429635810154554,11.404927989815134,4.615207107418946
69.0,2016,4,54,5,23,4,14,0,46,54,153409,75406,78003,6.518522381346596,3.520002085927162,0.3259261190673298,1.4992601477097172,0.26074089525386385,0.9125931333885234,7.161233854069969,5.897209081701986
69.0,2017,1,137,10,20,7,17,0,75,116,153994,75681,78313,12.403080639505434,8.896450511058871,0.6493759497123265,1.298751899424653,0.4545631647986285,1.103939114510955,15.327493029954677,9.576954017851442
69.0,2017,2,93,14,29,9,17,0,66,96,153994,75681,78313,10.51989038533969,6.039196332324636,0.909126329597257,1.8831902541657468,0.5844383547410937,1.103939114510955,12.684821817893527,8.427719535709269
69.0,2017,3,140,11,5,8,24,0,59,129,153994,75681,78313,12.208267854591737,9.09126329597257,0.7143135446835591,0.32468797485616324,0.5195007597698612,1.5585022793095835,17.045229317794426,7.533870494043135
69.0,2017,4,200,13,3,4,28,0,86,162,153994,75681,78313,16.104523552865697,12.98751899424653,0.8441887346260244,0.19481278491369794,0.2597503798849306,1.818252659194514,21.405636817695324,10.981573940469653
69.0,2018,1,184,34,57,15,62,0,131,221,155423,75643,79780,22.64787064977513,11.838659657837,2.1875784150350976,3.6674108722647225,0.9651081242801902,3.9891135803581195,29.21618656055418,16.42015542742542
69.0,2018,2,217,18,75,34,100,0,136,308,155423,75643,79780,28.567200478693632,13.961897531253417,1.1581297491362281,4.825540621400951,2.1875784150350976,6.434054161867935,40.717581269912614,17.04687891702181
69.0,2018,3,238,32,66,26,54,0,177,239,155423,75643,79780,26.765665313370608,15.313048905245685,2.058897331797739,4.246475746832837,1.672854082085663,3.4743892474086846,31.595785465938683,22.186011531712207
69.0,2018,4,245,14,47,23,30,0,141,218,155423,75643,79780,23.098254441105883,15.763432696576439,0.9007675826615109,3.024005456077929,1.479832457229625,1.9302162485603804,28.819586742990097,17.6736024066182
69.0,2019,1,143,22,32,26,30,1,81,171,159118,77946,81172,15.900149574529594,8.987041063864554,1.382621702133008,2.0110861121934667,1.6340074661571915,1.885393230181375,21.938264952659534,9.97881042724092
69.0,2019,2,14,9,47,15,25,0,55,55,159118,77946,81172,6.913108510665041,0.8798501740846416,0.5656179690544124,2.9537827272841537,0.9426966150906875,1.5711610251511456,7.056167090036692,6.7757354752870445
69.0,2019,3,14,4,36,11,24,0,39,50,159118,77946,81172,5.5933332495380785,0.8798501740846416,0.25138576402418333,2.2624718762176497,0.691310851066504,1.5083145841451,6.414697354578811,4.804612427930814
69.0,2019,4,15,11,41,13,28,0,40,68,159118,77946,81172,6.7874156286529495,0.9426966150906875,0.691310851066504,2.576704081247879,0.8170037330785958,1.7597003481692832,8.723988402227183,4.927807618390578
69.0,2020,1,8,6,29,11,22,0,35,41,162581,79637,82944,4.674592972118513,0.4920624181177382,0.3690468135883037,1.7837262656768011,0.6765858249118901,1.3531716498237802,5.148360686615518,4.219714506172839
69.0,2020,2,10,9,16,10,21,0,20,46,162581,79637,82944,4.059514949471341,0.6150780226471728,0.5535702203824555,0.9841248362354764,0.6150780226471728,1.291663847559063,5.776209550836923,2.4112654320987654
69.0,2020,3,12,12,18,18,25,0,29,56,162581,79637,82944,5.228163192500969,0.7380936271766074,0.7380936271766074,1.107140440764911,1.107140440764911,1.537695056617932,7.031907279279731,3.4963348765432096
69.0,2020,4,12,7,26,14,33,0,30,62,162581,79637,82944,5.658717808353989,0.7380936271766074,0.430554615853021,1.5992028588826495,0.861109231706042,2.0297574747356704,7.785325916345418,3.616898148148148
69.0,2021,1,19,14,42,19,31,0,47,78,164827,80707,84120,7.5837089797181285,1.1527237649171556,0.8493754057284304,2.5481262171852914,1.1527237649171556,1.880759826970096,9.664589193006801,5.587256300523062
69.0,2021,2,18,14,34,20,38,0,50,74,164827,80707,84120,7.523039307880384,1.0920540930794105,0.8493754057284304,2.0627688424833313,1.2133934367549006,2.305447529834311,9.168969234391069,5.943889681407513
69.0,2021,3,21,13,30,24,49,0,43,94,164827,80707,84120,8.311745041771069,1.2740631085926457,0.7887057338906853,1.8200901551323507,1.4560721241058807,2.9728139200495063,11.647069027469737,5.111745126010462
69.0,2021,4,20,9,32,15,31,0,43,64,164827,80707,84120,6.491654886638718,1.2133934367549006,0.5460270465397052,1.9414294988078409,0.9100450775661754,1.880759826970096,7.929919337851735,5.111745126010462
69.0,2022,1,9,12,0,14,29,0,10,54,166588,81544,85044,3.841813335894542,0.54025500036017,0.7203400004802267,0.0,0.8403966672269312,1.7408216678272144,6.622191700186402,1.1758619067776679
69.0,2022,2,3,13,0,22,32,0,1,69,166588,81544,85044,4.2019833361346555,0.18008500012005668,0.7803683338535788,0.0,1.3206233342137488,1.920906667947271,8.461689394682626,0.11758619067776681
69.0,2022,3,9,13,0,23,33,0,8,70,166588,81544,85044,4.682210003121473,0.54025500036017,0.7803683338535788,0.0,1.380651667587101,1.9809350013206233,8.584322574315706,0.9406895254221345
69.0,2022,4,12,10,0,23,37,0,10,72,166588,81544,85044,4.922323336614882,0.7203400004802267,0.6002833337335222,0.0,1.380651667587101,2.221048334814032,8.82958893358187,1.1758619067776679
69.0,2023,1,0,7,0,30,28,0,6,59,168351,82392,85959,3.8609809267542214,0.0,0.415797945958147,0.0,1.781991196963487,1.663191783832588,7.160889406738518,0.6980071894740515
69.0,2023,2,0,10,0,13,33,0,4,52,168351,82392,85959,3.326383567665176,0.0,0.5939970656544956,0.0,0.7721961853508443,1.9601903166598358,6.311292358481406,0.4653381263160344
69.0,2023,3,0,10,0,20,36,0,4,62,168351,82392,85959,3.9203806333196716,0.0,0.5939970656544956,0.0,1.1879941313089912,2.1383894363561846,7.525002427420138,0.4653381263160344
70.0,2015,1,25,9,10,5,16,0,20,45,92919,45751,47168,6.9953400273356365,2.6905153951290908,0.9685855422464726,1.0762061580516362,0.5381030790258181,1.7219298528826181,9.835850582500928,4.240162822252374
70.0,2015,2,35,11,7,7,18,0,22,56,92919,45751,47168,8.394408032802763,3.7667215531807274,1.1838267738568,0.7533443106361455,0.7533443106361455,1.9371710844929453,12.240169613778933,4.664179104477612
70.0,2015,3,25,7,13,8,21,0,25,49,92919,45751,47168,7.963925569582109,2.6905153951290908,0.7533443106361455,1.3990680054671274,0.8609649264413091,2.2600329319084365,10.710148412056567,5.3002035278154676
70.0,2015,4,33,10,4,4,12,0,18,45,92919,45751,47168,6.780098795725309,3.5514803215704003,1.0762061580516362,0.43048246322065453,0.43048246322065453,1.2914473896619638,9.835850582500928,3.816146540027137
70.0,2016,1,50,12,8,5,23,0,31,67,93356,45954,47402,10.497450619135352,5.355842152620078,1.2854021166288188,0.8569347444192125,0.5355842152620078,2.463687390205236,14.57979718849284,6.539808446900975
70.0,2016,2,22,11,9,3,8,0,19,34,93356,45954,47402,5.677192681777282,2.356570547152834,1.178285273576417,0.9640515874716141,0.3213505291572047,0.8569347444192125,7.398703050876964,4.008269693261887
70.0,2016,3,33,12,9,2,13,0,20,49,93356,45954,47402,7.391062170615708,3.5348558207292515,1.2854021166288188,0.9640515874716141,0.21423368610480312,1.3925189596812202,10.662836749793271,4.219231256065145
70.0,2016,4,32,7,4,9,12,0,22,42,93356,45954,47402,6.8554779553537,3.42773897767685,0.7498179013668109,0.42846737220960623,0.9640515874716141,1.2854021166288188,9.139574356965662,4.641154381671659
70.0,2017,1,59,9,9,6,14,0,31,66,93921,46228,47693,10.327828707104908,6.281875192981336,0.9582521480818985,0.9582521480818985,0.6388347653879325,1.4906144525718423,14.277061521156009,6.499905646530937
70.0,2017,2,61,5,13,7,4,0,33,57,93921,46228,47693,9.582521480818986,6.494820114777313,0.5323623044899437,1.3841419916738535,0.7453072262859212,0.4258898435919549,12.330189495543825,6.91925439792003
70.0,2017,3,67,14,6,6,16,0,34,75,93921,46228,47693,11.605498237880772,7.1336548801652455,1.4906144525718423,0.6388347653879325,0.6388347653879325,1.7035593743678197,16.223933546768194,7.128928773614577
70.0,2017,4,85,17,1,6,11,0,36,84,93921,46228,47693,12.776695307758649,9.050159176329043,1.8100318352658085,0.10647246089798873,0.6388347653879325,1.1711970698778762,18.170805572380377,7.5482775250036696
70.0,2018,1,59,16,32,12,24,0,56,87,95007,46315,48692,15.051522519393307,6.210068731777659,1.6840864357363141,3.3681728714726282,1.2630648268022355,2.526129653604471,18.78441109791644,11.500862564692351
70.0,2018,2,102,16,39,10,46,0,76,137,95007,46315,48692,22.41940067573968,10.736051027819002,1.6840864357363141,4.1049606871072655,1.0525540223351963,4.841748502741903,29.580049659937384,15.608313480653907
70.0,2018,3,94,16,33,16,50,0,69,140,95007,46315,48692,21.998379066805605,9.894007809950846,1.6840864357363141,3.4734282737061477,1.6840864357363141,5.262770111675982,30.227787973658643,14.17070566006736
70.0,2018,4,117,24,35,6,18,0,81,119,95007,46315,48692,21.051080446703928,12.314882061321796,2.526129653604471,3.683939078173187,0.6315324134011178,1.8945972402033533,25.693619777609847,16.635176209644293
70.0,2019,1,80,6,37,9,19,0,75,76,97492,47838,49654,15.48845033438641,8.205801501661675,0.6154351126246256,3.7951831945185246,0.9231526689369385,1.9488778566446479,15.88695179564363,15.104523301244612
70.0,2019,2,6,7,29,1,16,0,29,30,97492,47838,49654,6.051778607475485,0.6154351126246256,0.7180076313953965,2.974603044352357,0.10257251877077095,1.6411603003323352,6.271165182490907,5.84041567648125
70.0,2019,3,5,9,29,3,6,0,28,24,97492,47838,49654,5.333770976080088,0.5128625938538547,0.9231526689369385,2.974603044352357,0.3077175563123128,0.6154351126246256,5.016932145992726,5.639022032464656
70.0,2019,4,12,12,14,7,9,0,19,35,97492,47838,49654,5.53891601362163,1.2308702252492512,1.2308702252492512,1.436015262790793,0.7180076313953965,0.9231526689369385,7.316359379572724,3.826479236315302
70.0,2020,1,5,11,30,11,10,0,25,42,99821,48986,50835,6.712014505965678,0.5008966049228119,1.101972530830186,3.0053796295368707,1.101972530830186,1.0017932098456237,8.573878250928837,4.91787154519524
70.0,2020,2,5,8,21,10,9,0,29,24,99821,48986,50835,5.309504012181805,0.5008966049228119,0.8014345678764989,2.1037657406758097,1.0017932098456237,0.9016138888610613,4.8993590005307635,5.7047309924264775
70.0,2020,3,6,9,18,12,13,0,21,37,99821,48986,50835,5.810400617104618,0.6010759259073741,0.9016138888610613,1.8032277777221226,1.2021518518147483,1.3023311727993108,7.553178459151595,4.1310120979640015
70.0,2020,4,3,10,12,11,14,0,13,37,99821,48986,50835,5.0089660492281185,0.30053796295368707,1.0017932098456237,1.2021518518147483,1.101972530830186,1.4025104937838733,7.553178459151595,2.5572932035015246
70.0,2021,1,11,10,31,5,11,0,34,34,101414,49755,51659,6.705188632733153,1.0846628670597749,0.9860571518725225,3.05677717080482,0.49302857593626126,1.0846628670597749,6.833484071952568,6.581621789039664
70.0,2021,2,16,7,16,13,20,0,23,49,101414,49755,51659,7.099611493482162,1.577691442996036,0.6902400063107658,1.577691442996036,1.2818742974342792,1.972114303745045,9.848256456637523,4.452273563173891
70.0,2021,3,18,10,19,8,26,0,28,53,101414,49755,51659,7.987062930167433,1.7749028733705405,0.9860571518725225,1.8735085885577927,0.788845721498018,2.5637485948685583,10.652195759220179,5.420159120385605
70.0,2021,4,11,11,30,9,13,0,32,42,101414,49755,51659,7.296822923856666,1.0846628670597749,1.0846628670597749,2.9581714556175673,0.8874514366852703,1.2818742974342792,8.441362677117878,6.1944675661549775
70.0,2022,1,9,12,0,10,31,0,11,51,102706,50382,52324,6.036648297080989,0.8762876560278855,1.168383541370514,0.0,0.9736529511420949,3.0183241485404944,10.122662855781826,2.102285757969574
70.0,2022,2,7,4,0,10,16,0,8,29,102706,50382,52324,3.602515919225751,0.6815570657994664,0.389461180456838,0.0,0.9736529511420949,1.557844721827352,5.756023976817117,1.5289350967051447
70.0,2022,3,6,5,0,7,14,0,5,27,102706,50382,52324,3.115689443654704,0.584191770685257,0.48682647557104747,0.0,0.6815570657994664,1.3631141315989328,5.359056806002144,0.9555844354407156
70.0,2022,4,14,6,0,9,18,0,9,38,102706,50382,52324,4.576168870367846,1.3631141315989328,0.584191770685257,0.0,0.8762876560278855,1.752575312055771,7.542376245484498,1.7200519837932882
70.0,2023,1,0,10,0,14,21,0,3,42,103996,51012,52984,4.327089503442441,0.0,0.9615754452094312,0.0,1.3462056232932036,2.0193084349398056,8.233356857210069,0.5662086667673261
70.0,2023,2,0,4,0,3,22,0,3,26,103996,51012,52984,2.78856879110735,0.0,0.3846301780837724,0.0,0.2884726335628294,2.1154659794607484,5.096839959225281,0.5662086667673261
70.0,2023,3,0,5,0,7,19,0,4,27,103996,51012,52984,2.9808838801492366,0.0,0.4807877226047156,0.0,0.6731028116466018,1.826993345897919,5.29287226534933,0.7549448890231013
71.0,2015,1,97,14,21,6,9,0,61,86,265973,128726,137247,5.526876788245423,3.646986724216368,0.5263692179281355,0.7895538268922034,0.22558680768348668,0.33838021152523,6.680857014123021,4.444541592894563
71.0,2015,2,61,4,18,8,11,0,47,55,265973,128726,137247,3.8349757306192735,2.2934658781154478,0.15039120512232443,0.67676042305046,0.30078241024464886,0.4135758140863922,4.272641113683328,3.424482866656466
71.0,2015,3,63,8,26,13,16,0,45,81,265973,128726,137247,4.73732296135322,2.36866148067661,0.30078241024464886,0.9775428332951089,0.48877141664755447,0.6015648204892977,6.2924350946972645,3.2787601914795954
71.0,2015,4,60,11,17,6,17,0,44,67,265973,128726,137247,4.173355942144504,2.2558680768348665,0.4135758140863922,0.6391626217698788,0.22558680768348668,0.6391626217698788,5.204853720305144,3.2058988538911595
71.0,2016,1,129,9,32,7,14,0,85,106,268029,129627,138402,7.126094564394151,4.812912035637935,0.33578456062590245,1.1939006600032085,0.2611657693757019,0.5223315387514038,8.177308739691577,6.141529746679962
71.0,2016,2,103,4,25,12,14,0,59,99,268029,129627,138402,5.894884508765842,3.842867749385328,0.14923758250040106,0.9327348906275068,0.4477127475012032,0.5223315387514038,7.637297785183643,4.262944177107267
71.0,2016,3,119,9,21,13,16,0,70,108,268029,129627,138402,6.6410724212678485,4.4398180793869315,0.33578456062590245,0.7834973081271056,0.4850221431263035,0.5969503300016042,8.3315975838367,5.057730379618791
71.0,2016,4,150,13,20,10,18,0,89,122,268029,129627,138402,7.872282476896157,5.596409343765041,0.4850221431263035,0.7461879125020054,0.3730939562510027,0.6715691212518049,9.41161949285257,6.430542911229607
71.0,2017,1,209,8,25,12,20,0,105,169,270336,130701,139635,10.135535037878787,7.731119791666666,0.29592803030303033,0.9247750946969697,0.44389204545454547,0.7398200757575758,12.930275973404948,7.519604683639488
71.0,2017,2,204,11,28,13,23,0,116,163,270336,130701,139635,10.320490056818182,7.5461647727272725,0.40690104166666663,1.0357481060606062,0.4808830492424242,0.8507930871212122,12.471212921094713,8.307372793354102
71.0,2017,3,226,3,21,9,21,0,115,165,270336,130701,139635,10.35748106060606,8.359966856060606,0.11097301136363637,0.7768110795454546,0.33291903409090906,0.7768110795454546,12.624233938531457,8.235757510652773
71.0,2017,4,320,10,8,20,23,0,162,219,270336,130701,139635,14.093572443181818,11.837121212121213,0.3699100378787879,0.29592803030303033,0.7398200757575758,0.8507930871212122,16.75580140932357,11.601675797615211
71.0,2018,1,232,24,107,30,34,2,224,199,274048,132345,141703,15.58121205044372,8.465670247547875,0.8757589911256423,3.9044255021018217,1.0946987389070528,1.2406585707613265,15.036457743020136,15.807710493073541
71.0,2018,2,320,18,71,46,46,0,195,306,274048,132345,141703,18.281468939747782,11.676786548341896,0.6568192433442317,2.590787015413358,1.6785380663241476,1.6785380663241476,23.121387283236995,13.761176545309555
71.0,2018,3,301,26,117,32,34,0,258,252,274048,132345,141703,18.609878561419897,10.983477347034096,0.9487389070527791,4.269325081737506,1.1676786548341895,1.2406585707613265,19.041142468548113,18.20709512148649
71.0,2018,4,285,18,34,40,43,1,146,272,274048,132345,141703,15.325782344698737,10.399638019617,0.6568192433442317,1.2406585707613265,1.459598318542737,1.5690681924334422,20.55234425176622,10.30323987494972
71.0,2019,1,193,5,43,33,45,0,124,195,281383,136036,145347,11.336861146551142,6.8589786874118195,0.17769374837854457,1.528166236055483,1.1727787392983942,1.599243735406901,14.3344408832956,8.531307835731043
71.0,2019,2,18,5,55,21,23,0,68,54,281383,136036,145347,4.335727460436487,0.6396974941627603,0.17769374837854457,1.95463123216399,0.7463137431898871,0.8173912425413049,3.9695374753741657,4.678459135723475
71.0,2019,3,16,5,52,12,28,0,59,54,281383,136036,145347,4.015878713355106,0.5686199948113425,0.17769374837854457,1.8480149831368633,0.42646499610850686,0.9950849909198494,3.9695374753741657,4.0592513089365445
71.0,2019,4,26,9,36,14,30,0,47,68,281383,136036,145347,4.086956212706525,0.9240074915684316,0.31984874708138017,1.2793949883255207,0.4975424954599247,1.0661624902712672,4.998676820841542,3.2336408732206374
71.0,2020,1,22,9,41,15,28,0,51,64,291916,141299,150617,3.939489442168295,0.7536414585017607,0.308307869387084,1.4045136272078267,0.5138464489784732,0.95918003809315,4.529402189682871,3.386071957348772
71.0,2020,2,17,7,38,17,34,0,48,65,291916,141299,150617,3.8709765823044986,0.5823593088422697,0.2397950095232875,1.3017443374121325,0.5823593088422697,1.1647186176845394,4.600174098896666,3.1868912539753147
71.0,2020,3,23,7,38,19,33,0,46,74,291916,141299,150617,4.110771591827786,0.7878978884336589,0.2397950095232875,1.3017443374121325,0.6508721687060662,1.130462187752641,5.23712128182082,3.0541041183930098
71.0,2020,4,14,9,44,19,32,0,54,64,291916,141299,150617,4.042258731963989,0.479590019046575,0.308307869387084,1.5072829170035213,0.6508721687060662,1.096205757820743,4.529402189682871,3.585252660722229
71.0,2021,1,23,6,38,9,35,0,52,59,300941,145773,155168,3.688430622613735,0.7642694082893325,0.1993746282493911,1.2627059789128101,0.2990619423740866,1.1630186647881147,4.04738874825928,3.351206434316354
71.0,2021,2,15,5,38,16,32,0,51,55,300941,145773,155168,3.522285099072576,0.49843657062347774,0.16614552354115925,1.2627059789128101,0.5316656753317096,1.0633313506634192,3.7729895110891594,3.2867601567333473
71.0,2021,3,24,4,62,22,31,0,67,76,300941,145773,155168,4.751761973277154,0.7974985129975644,0.1329164188329274,2.0602044919103744,0.7310403035811006,1.0301022459551872,5.213585506232293,4.317900598061456
71.0,2021,4,34,7,45,19,25,0,55,75,300941,145773,155168,4.3197836120701405,1.1297895600798828,0.23260373295762293,1.4953097118704333,0.6313529894564051,0.8307276177057962,5.144985696939763,3.544545267065374
71.0,2022,1,15,8,0,14,34,0,13,58,308559,149557,159002,2.301018605841995,0.48613069137506926,0.25926970206670363,0.0,0.4537219786167313,1.1018962337834903,3.8781200478747238,0.8175997786191369
71.0,2022,2,18,5,0,11,26,0,11,49,308559,149557,159002,1.944522765500277,0.5833568296500832,0.16204356379168977,0.0,0.3564958403417175,0.8426265317167868,3.276342799066577,0.6918151972931158
71.0,2022,3,15,8,0,8,30,0,11,50,308559,149557,159002,1.976931478258615,0.48613069137506926,0.25926970206670363,0.0,0.25926970206670363,0.9722613827501385,3.3432069378230374,0.6918151972931158
71.0,2022,4,19,11,0,14,18,0,13,49,308559,149557,159002,2.009340191016953,0.6157655424084211,0.3564958403417175,0.0,0.4537219786167313,0.5833568296500832,3.276342799066577,0.8175997786191369
71.0,2023,1,0,7,0,15,35,0,5,52,315601,153094,162507,1.8060779275097354,0.0,0.22179904372926576,0.0,0.4752836651341409,1.1089952186463288,3.3966060067670845,0.30767905382537364
71.0,2023,2,0,5,0,23,34,0,7,55,315601,153094,162507,1.9645058158877822,0.0,0.15842788837804697,0.0,0.7287682865390159,1.0773096409707195,3.5925640456190315,0.43075067535552314
71.0,2023,3,1,8,0,14,33,0,5,51,315601,153094,162507,1.774392349834126,0.031685577675609394,0.25348462140487515,0.0,0.4435980874585315,1.04562406329511,3.3312866604831015,0.30767905382537364
72.0,2015,1,33,0,3,13,6,0,15,40,80539,36818,43721,6.828989682017408,4.097393809210445,0.0,0.3724903462918586,1.6141248339313872,0.7449806925837172,10.864251181487317,3.4308455890761875
72.0,2015,2,38,2,5,18,7,0,23,47,80539,36818,43721,8.691441413476701,4.718211053030209,0.24832689752790574,0.6208172438197643,2.234942077751152,0.86914414134767,12.765495138247598,5.2606299032501544
72.0,2015,3,38,0,4,10,7,0,22,37,80539,36818,43721,7.3256434770732195,4.718211053030209,0.0,0.4966537950558115,1.2416344876395287,0.86914414134767,10.049432342875766,5.031906863978408
72.0,2015,4,48,0,5,18,6,0,22,55,80539,36818,43721,9.560585554824371,5.959845540669738,0.0,0.6208172438197643,2.234942077751152,0.7449806925837172,14.93834537454506,5.031906863978408
72.0,2016,1,72,1,2,19,6,0,32,68,80606,36803,43803,12.406024365431854,8.932337543110934,0.12406024365431853,0.24812048730863706,2.357144629432052,0.7443614619259111,18.476754612395727,7.30543570075109
72.0,2016,2,58,0,1,20,2,0,25,56,80606,36803,43803,10.048879735999803,7.1954941319504755,0.0,0.12406024365431853,2.4812048730863707,0.24812048730863706,15.21615085726707,5.707371641211789
72.0,2016,3,75,0,3,11,6,0,35,60,80606,36803,43803,11.785723147160262,9.30451827407389,0.0,0.37218073096295556,1.364662680197504,0.7443614619259111,16.303018775643288,7.990320297696504
72.0,2016,4,65,1,0,18,7,0,28,63,80606,36803,43803,11.289482172542986,8.063915837530704,0.12406024365431853,0.0,2.2330843857777336,0.8684217055802298,17.118169714425456,6.392256238157204
72.0,2017,1,147,0,8,11,8,0,67,107,80812,36862,43950,21.531455724397368,18.19036776716329,0.0,0.9899519873286147,1.361183982576845,0.9899519873286147,29.02718246432641,15.244596131968146
72.0,2017,2,92,0,3,12,7,0,43,71,80812,36862,43950,14.106815819432757,11.384447854279067,0.0,0.3712319952482305,1.484927980992922,0.8662079889125378,19.26102761651565,9.783845278725826
72.0,2017,3,179,0,2,14,8,0,77,126,80812,36862,43950,25.120031678463594,22.15017571647775,0.0,0.24748799683215367,1.7324159778250756,0.9899519873286147,34.18154196733764,17.519908987485778
72.0,2017,4,185,0,4,19,6,0,83,131,80812,36862,43950,26.48121566104044,22.89263970697421,0.0,0.49497599366430733,2.3511359699054597,0.742463990496461,35.53795236286691,18.88509670079636
72.0,2018,1,194,0,10,36,17,0,102,155,81481,37070,44411,31.541095470109596,23.809231600004907,0.0,1.2272799793816964,4.418207925774107,2.0863759649488838,41.81278661990829,22.967282880367478
72.0,2018,2,248,0,16,30,4,0,126,172,81481,37070,44411,36.572943385574554,30.436543488666068,0.0,1.963647967010714,3.681839938145089,0.4909119917526785,46.39870515241435,28.37134944045394
72.0,2018,3,296,2,16,34,12,0,128,232,81481,37070,44411,44.18207925774107,36.32748738969821,0.24545599587633926,1.963647967010714,4.1727519298977676,1.4727359752580356,62.58429997302401,28.82168832046115
72.0,2018,4,261,0,9,34,8,0,118,194,81481,37070,44411,38.29113535670893,32.03200746186228,0.0,1.1045519814435267,4.1727519298977676,0.981823983505357,52.33342325330455,26.56999392042512
72.0,2019,1,175,1,4,11,11,0,82,120,82460,37550,44910,24.496725685180692,21.222410865874362,0.12127091923356778,0.4850836769342711,1.3339801115692458,1.3339801115692458,31.957390146471372,18.258739701625473
72.0,2019,2,26,0,16,22,3,0,30,37,82460,37550,44910,8.125151588649041,3.1530439000727624,0.0,1.9403347077370845,2.6679602231384916,0.36381275770070337,9.853528628495338,6.680026720106881
72.0,2019,3,17,0,8,19,6,0,19,31,82460,37550,44910,6.06354596167839,2.0616056269706524,0.0,0.9701673538685422,2.304147465437788,0.7276255154014067,8.255659121171771,4.230683589401024
72.0,2019,4,24,0,7,21,9,0,23,38,82460,37550,44910,7.397526073247635,2.910502061605627,0.0,0.8488964346349746,2.5466893039049237,1.0914382731021102,10.119840213049269,5.1213538187486085
72.0,2020,1,17,0,4,14,8,0,13,30,83848,38193,45655,5.1283274496708335,2.0274782940559106,0.0,0.47705371624844956,1.6696880068695736,0.9541074324968991,7.854842510407667,2.8474427773518785
72.0,2020,2,7,0,3,3,13,0,8,18,83848,38193,45655,3.100849155614922,0.8348440034347868,0.0,0.35779028718633715,0.35779028718633715,1.550424577807461,4.7129055062446,1.7522724783703865
72.0,2020,3,14,0,6,11,13,0,8,36,83848,38193,45655,5.247590878732946,1.6696880068695736,0.0,0.7155805743726743,1.3118977196832364,1.550424577807461,9.4258110124892,1.7522724783703865
72.0,2020,4,17,0,4,13,16,0,17,33,83848,38193,45655,5.96317145310562,2.0274782940559106,0.0,0.47705371624844956,1.550424577807461,1.9082148649937982,8.640326761448433,3.7235790165370712
72.0,2021,1,14,0,6,12,5,0,16,21,84724,38581,46143,4.3671214767952415,1.6524243425711724,0.0,0.7081818611019309,1.4163637222038619,0.5901515509182758,5.443093750809985,3.4674815248250006
72.0,2021,2,14,1,4,16,8,0,12,31,84724,38581,46143,5.0753033378971715,1.6524243425711724,0.11803031018365516,0.47212124073462064,1.8884849629384826,0.9442424814692413,8.035043155957597,2.60061114361875
72.0,2021,3,17,0,8,22,8,0,19,36,84724,38581,46143,6.491667060101034,2.0065152731221376,0.0,0.9442424814692413,2.5966668240404136,0.9442424814692413,9.331017858531402,4.117634310729688
72.0,2021,4,14,0,7,17,8,0,23,23,84724,38581,46143,5.429394268448137,1.6524243425711724,0.0,0.8262121712855862,2.0065152731221376,0.9442424814692413,5.961483631839507,4.984504691935938
72.0,2022,1,15,2,0,21,17,0,12,43,85096,38702,46394,6.463288521199586,1.7627150512362508,0.23502867349816678,0.0,2.467801071730751,1.9977437247344176,11.110536923156426,2.5865413631072984
72.0,2022,2,18,0,0,13,9,0,13,27,85096,38702,46394,4.700573469963335,2.115258061483501,0.0,0.0,1.5276863777380842,1.0576290307417504,6.976383649423802,2.8020864766995732
72.0,2022,3,7,0,0,12,12,0,4,27,85096,38702,46394,3.642944439221585,0.8226003572435837,0.0,0.0,1.4101720409890006,1.4101720409890006,6.976383649423802,0.8621804543690995
72.0,2022,4,8,0,0,15,7,0,5,25,85096,38702,46394,3.5254301024725017,0.9401146939926671,0.0,0.0,1.7627150512362508,0.8226003572435837,6.459614490207224,1.0777255679613744
72.0,2023,1,0,2,0,14,9,0,4,21,85273,38749,46524,2.9317603461822617,0.0,0.23454082769458093,0.0,1.6417857938620664,1.0554337246256142,5.419494696637333,0.8597713008339781
72.0,2023,2,0,0,0,14,12,0,2,24,85273,38749,46524,3.049030760029552,0.0,0.0,0.0,1.6417857938620664,1.4072449661674857,6.193708224728381,0.42988565041698906
72.0,2023,3,0,0,0,8,11,0,5,14,85273,38749,46524,2.2281378630985187,0.0,0.0,0.0,0.9381633107783237,1.289974552320195,3.612996464424888,1.0747141260424726
73.0,2015,1,60,3,13,9,21,0,41,65,153681,72628,81053,6.897404363584308,3.9041911491986645,0.19520955745993324,0.8459080823263774,0.5856286723797997,1.3664669022195328,8.94971636283527,5.058418565629896
73.0,2015,2,40,3,17,13,17,0,34,56,153681,72628,81053,5.8562867237979965,2.6027940994657763,0.19520955745993324,1.1061874922729549,0.8459080823263774,1.1061874922729549,7.710524866442694,4.194786127595524
73.0,2015,3,38,2,18,11,20,0,36,53,153681,72628,81053,5.791216871311352,2.472654394492488,0.13013970497328883,1.1712573447595993,0.7157683773530885,1.3013970497328882,7.297461034311835,4.4415382527482015
73.0,2015,4,89,2,7,13,37,0,38,110,153681,72628,81053,9.630338168023373,5.791216871311352,0.13013970497328883,0.45548896740651085,0.8459080823263774,2.4075845420058433,15.14567384479815,4.68829037790088
73.0,2016,1,136,3,12,10,23,0,79,105,155570,73464,82106,11.827473163206273,8.74204538150029,0.19283923635662403,0.7713569454264961,0.64279745452208,1.478434145400784,14.292714799085266,9.621708523128639
73.0,2016,2,87,2,4,13,12,0,36,82,155570,73464,82106,7.5850099633605454,5.592337854342096,0.128559490904416,0.257118981808832,0.8356366908787041,0.7713569454264961,11.16192965261897,4.384576035856089
73.0,2016,3,103,5,7,17,19,0,57,94,155570,73464,82106,9.70624156328341,6.620813781577424,0.32139872726104,0.44995821816545606,1.0927556726875363,1.2213151635919521,12.79538277251443,6.942245390105474
73.0,2016,4,112,0,4,19,37,0,40,132,155570,73464,82106,11.056116217779778,7.199331490647297,0.0,0.257118981808832,1.2213151635919521,2.3783505817316963,17.96798431885005,4.8717511509512095
73.0,2017,1,199,0,14,11,29,0,90,163,157669,74414,83255,16.046274156619248,12.621377696313163,0.0,0.8879361193386144,0.6976640937660542,1.8392962472014156,21.90448033972102,10.810161551858748
73.0,2017,2,201,1,11,24,20,0,93,164,157669,74414,83255,16.299970190715992,12.748225713361537,0.06342400852418674,0.6976640937660542,1.5221762045804819,1.268480170483735,22.038863654688633,11.170500270254038
73.0,2017,3,234,4,7,24,16,0,113,172,157669,74414,83255,18.075842429393223,14.841217994659699,0.25369603409674696,0.4439680596693072,1.5221762045804819,1.0147841363869878,23.113930174429544,13.572758392889316
73.0,2017,4,255,3,7,30,25,0,126,194,157669,74414,83255,20.29568272773976,16.173122173667622,0.19027202557256023,0.4439680596693072,1.9027202557256024,1.5856002131046687,26.070363103717042,15.134226172602247
73.0,2018,1,291,2,32,51,66,0,158,284,160612,75640,84972,27.519737005952233,18.118197893059047,0.12452369685951237,1.9923791497521979,3.1753542699175656,4.109281996363908,37.5462718138551,18.594360495221956
73.0,2018,2,294,2,30,64,78,0,165,303,160612,75640,84972,29.138545065125893,18.304983438348316,0.12452369685951237,1.8678554528926854,3.9847582995043958,4.856424177520982,40.058170280274986,19.418161276655837
73.0,2018,3,347,0,43,54,65,1,183,324,160612,75640,84972,31.691280850745894,21.604861405125398,0.0,2.6772594824795157,3.362139815206834,4.047020147934152,42.83447911158118,21.53650614320011
73.0,2018,4,322,2,25,36,50,0,148,287,160612,75640,84972,27.08390406694394,20.04831519438149,0.12452369685951237,1.5565462107439045,2.2414265434712224,3.113092421487809,37.94288736118456,17.417502236030693
73.0,2019,1,233,6,32,23,43,1,137,198,163652,77170,86482,20.592476718891305,14.237528413951555,0.3666316329772933,1.955368709212231,1.405421259746291,2.627526703003935,25.657638978877802,15.841446775051455
73.0,2019,2,25,3,26,18,21,0,33,60,163652,77170,86482,5.682790311148046,1.5276318040720556,0.18331581648864664,1.5887370762349375,1.0998948989318797,1.2832107154205263,7.7750421148114555,3.8158229458153143
73.0,2019,3,21,1,17,28,16,1,28,54,163652,77170,86482,5.071737589519223,1.2832107154205263,0.06110527216288222,1.0387896267689978,1.7109476205607022,0.9776843546061155,6.9975379033303104,3.237667954025115
73.0,2019,4,26,0,20,28,21,0,39,56,163652,77170,86482,5.80500085547381,1.5887370762349375,0.0,1.2221054432576444,1.7109476205607022,1.2832107154205263,7.256705973824025,4.509608935963553
73.0,2020,1,26,1,18,30,25,0,26,74,167992,79269,88723,5.952664412591076,1.5476927472736797,0.05952664412591076,1.0714795942663937,1.7857993237773229,1.488166103147769,9.335301315772876,2.9304689877483856
73.0,2020,2,20,3,16,10,8,0,23,34,167992,79269,88723,3.3930187151769133,1.190532882518215,0.17857993237773226,0.9524263060145721,0.5952664412591075,0.47621315300728606,4.289192496436185,2.592337950700495
73.0,2020,3,24,3,22,26,18,0,32,61,167992,79269,88723,5.5359779037097,1.428639459021858,0.17857993237773226,1.3095861707700367,1.5476927472736797,1.0714795942663937,7.69531594948845,3.6067310618441666
73.0,2020,4,26,0,34,34,12,0,38,68,167992,79269,88723,6.30982427734654,1.5476927472736797,0.0,2.023905900280966,2.023905900280966,0.714319729510929,8.57838499287237,4.282993135939948
73.0,2021,1,24,1,26,18,19,0,30,58,171250,80812,90438,5.138686131386861,1.4014598540145986,0.05839416058394161,1.5182481751824817,1.051094890510949,1.1094890510948905,7.177151908132456,3.317189676905725
73.0,2021,2,21,1,22,24,28,0,38,58,171250,80812,90438,5.605839416058394,1.2262773722627738,0.05839416058394161,1.2846715328467153,1.4014598540145986,1.635036496350365,7.177151908132456,4.201773590747252
73.0,2021,3,21,3,20,21,21,0,33,53,171250,80812,90438,5.021897810218977,1.2262773722627738,0.17518248175182483,1.1678832116788322,1.2262773722627738,1.2262773722627738,6.558431916052071,3.6489086445962977
73.0,2021,4,29,5,17,24,21,0,25,71,171250,80812,90438,5.605839416058394,1.6934306569343067,0.29197080291970806,0.9927007299270073,1.4014598540145986,1.2262773722627738,8.785823887541454,2.764324730754771
73.0,2022,1,18,3,0,20,37,0,14,64,173461,81788,91673,4.496688016326436,1.03769723453687,0.1729495390894783,0.0,1.1529969272631888,2.133044315436899,7.825108817919499,1.527167213901585
73.0,2022,2,14,3,0,17,36,0,16,54,173461,81788,91673,4.035489245421161,0.8070978490842321,0.1729495390894783,0.0,0.9800473881737106,2.07539446907374,6.602435565119578,1.7453339587446686
73.0,2022,3,16,3,0,12,24,0,9,46,173461,81788,91673,3.1707415499737697,0.9223975418105511,0.1729495390894783,0.0,0.6917981563579132,1.3835963127158264,5.62429696287964,0.981750351793876
73.0,2022,4,20,3,0,20,21,0,14,50,173461,81788,91673,3.6895901672422045,1.1529969272631888,0.1729495390894783,0.0,1.1529969272631888,1.2106467736263484,6.113366263999609,1.527167213901585
73.0,2023,1,0,2,0,21,33,0,9,47,175216,82576,92640,3.1960551547803857,0.0,0.11414482695644233,0.0,1.1985206830426445,1.8833896447812986,5.69172640961054,0.9715025906735751
73.0,2023,2,0,2,0,22,37,0,8,53,175216,82576,92640,3.481417222171491,0.0,0.11414482695644233,0.0,1.2555930965208657,2.1116792986941832,6.418329781050184,0.8635578583765112
73.0,2023,3,0,3,0,23,35,0,9,52,175216,82576,92640,3.481417222171491,0.0,0.17121724043466352,0.0,1.3126655099990867,1.9975344717377408,6.297229219143577,0.9715025906735751
74.0,2015,1,24,5,8,1,11,0,12,37,130807,63588,67219,3.7459768972608503,1.8347641945767428,0.38224254053682144,0.6115880648589143,0.07644850810736428,0.840933589181007,5.818707932314274,1.7852095389696365
74.0,2015,2,14,3,9,1,16,0,8,35,130807,63588,67219,3.2872858486166643,1.0702791135031,0.22934552432209285,0.6880365729662785,0.07644850810736428,1.2231761297178285,5.504183179216205,1.1901396926464243
74.0,2015,3,24,5,14,3,7,0,23,30,130807,63588,67219,4.051770929690307,1.8347641945767428,0.38224254053682144,1.0702791135031,0.22934552432209285,0.53513955675155,4.717871296471032,3.4216516163584703
74.0,2015,4,34,9,13,2,16,0,21,53,130807,63588,67219,5.657189599944957,2.599249275650386,0.6880365729662785,0.9938306053957356,0.15289701621472856,1.2231761297178285,8.334905957098824,3.124116693196864
74.0,2016,1,84,2,13,7,14,0,38,82,132139,64142,67997,9.081346158212186,6.356942310748529,0.15135576930353642,0.9838125004729869,0.5297451925623775,1.059490385124755,12.784135200024945,5.58848184478727
74.0,2016,2,47,4,3,4,9,0,22,45,132139,64142,67997,5.07041827166847,3.5568605786331062,0.30271153860707284,0.22703365395530464,0.30271153860707284,0.6811009618659138,7.015683951233201,3.2354368575084194
74.0,2016,3,66,3,6,3,15,0,32,61,132139,64142,67997,7.038043272614444,4.994740387016702,0.22703365395530464,0.4540673079106093,0.22703365395530464,1.1351682697765233,9.510149356116118,4.706089974557702
74.0,2016,4,69,8,10,0,22,0,31,78,132139,64142,67997,8.248889427042736,5.221774040972007,0.6054230772141457,0.7567788465176821,0.0,1.6649134623389006,12.160518848804216,4.5590246628527735
74.0,2017,1,100,11,9,9,23,0,49,103,133659,64801,68858,11.372223344481105,7.481725884527043,0.8229898472979746,0.6733553296074338,0.6733553296074338,1.72079695344122,15.894816438017932,7.116093990531239
74.0,2017,2,92,3,24,5,16,0,57,83,133659,64801,68858,10.47441623833786,6.88318781376488,0.22445177653581128,1.7956142122864902,0.37408629422635215,1.1970761415243267,12.808444314130956,8.27790525429144
74.0,2017,3,100,6,8,2,21,0,45,92,133659,64801,68858,10.249964461802048,7.481725884527043,0.44890355307162255,0.5985380707621634,0.14963451769054084,1.5711624357506788,14.197311769880093,6.535188358651137
74.0,2017,4,110,11,11,6,15,0,59,94,133659,64801,68858,11.447040603326377,8.229898472979746,0.8229898472979746,0.8229898472979746,0.44890355307162255,1.1222588826790565,14.505948982268793,8.56835807023149
74.0,2018,1,122,8,34,10,40,0,92,122,135897,65701,70196,15.747220321272728,8.97738728595922,0.5886811335055225,2.5018948173984707,0.7358514168819033,2.943405667527613,18.5689715529444,13.106159895150721
74.0,2018,2,150,6,22,20,48,0,80,166,135897,65701,70196,18.101944855294818,11.037771253228547,0.44151085012914193,1.6188731171401871,1.4717028337638065,3.5320868010331354,25.2659776867932,11.396660778391931
74.0,2018,3,124,4,50,14,34,0,98,128,135897,65701,70196,16.630242021531014,9.1245575693356,0.29434056675276127,3.679257084409516,1.0301919836346645,2.5018948173984707,19.4821996621056,13.960909453530116
74.0,2018,4,136,5,22,13,11,0,92,95,135897,65701,70196,13.76042149569159,10.007579269593883,0.3679257084409516,1.6188731171401871,0.9566068419464742,0.8094365585700936,14.459445061719,13.106159895150721
74.0,2019,1,75,8,33,14,39,0,70,99,138394,66983,71411,12.211512059771376,5.419310085697357,0.5780597424743847,2.384496437706837,1.0116045493301733,2.8180412445626253,14.779869519131719,9.802411393202727
74.0,2019,2,11,9,28,9,25,0,38,44,138394,66983,71411,5.925112360362443,0.7948321459022789,0.6503172102836828,2.0232090986603466,0.6503172102836828,1.8064366952324522,6.568830897391876,5.321309042024337
74.0,2019,3,12,3,16,9,23,0,18,45,138394,66983,71411,4.5522204719857795,0.8670896137115771,0.21677240342789428,1.1561194849487695,0.6503172102836828,1.661921759613856,6.718122508696236,2.5206200725378443
74.0,2019,4,8,5,13,15,12,0,24,29,138394,66983,71411,3.829645793892799,0.5780597424743847,0.36128733904649046,0.9393470815208752,1.0838620171394715,0.8670896137115771,4.3294567278264635,3.3608267633837925
74.0,2020,1,13,3,18,20,17,0,20,51,141832,68646,73186,5.005922499858989,0.9165773591291104,0.2115178521067178,1.2691071126403068,1.4101190140447852,1.1986011619380676,7.429420505200594,2.732763096767141
74.0,2020,2,9,8,14,7,6,0,16,28,141832,68646,73186,3.1022618308985277,0.6345535563201534,0.5640476056179141,0.9870833098313497,0.49354165491567487,0.4230357042134356,4.078897532266993,2.186210477413713
74.0,2020,3,10,4,13,11,11,0,14,35,141832,68646,73186,3.454791584409724,0.7050595070223926,0.28202380280895706,0.9165773591291104,0.7755654577246319,0.7755654577246319,5.098621915333742,1.9129341677369986
74.0,2020,4,13,7,22,9,26,0,24,53,141832,68646,73186,5.4289582040724245,0.9165773591291104,0.49354165491567487,1.5511309154492638,0.6345535563201534,1.8331547182582208,7.720770328933951,3.2793157161205695
74.0,2021,1,11,2,29,10,22,0,36,38,144349,69835,74514,5.126464332970786,0.7620419954416033,0.1385530900802915,2.009019806164227,0.6927654504014575,1.5240839908832067,5.441397580010023,4.831306868507932
74.0,2021,2,14,4,23,9,30,0,32,48,144349,69835,74514,5.54212360321166,0.9698716305620406,0.277106180160583,1.5933605359233523,0.6234889053613119,2.078296351204373,6.873344311591608,4.2944949942292725
74.0,2021,3,12,1,22,18,24,0,28,49,144349,69835,74514,5.334293968091223,0.8313185404817491,0.06927654504014576,1.5240839908832067,1.2469778107226237,1.6626370809634983,7.016538984749767,3.757683119950613
74.0,2021,4,10,5,22,18,13,1,19,48,144349,69835,74514,4.710805062729912,0.6927654504014575,0.34638272520072877,1.5240839908832067,1.2469778107226237,0.9005950855218948,6.873344311591608,2.5498564028236306
74.0,2022,1,8,3,0,10,20,0,6,35,145990,70530,75460,2.808411535036646,0.5479827385437358,0.20549352695390094,0.0,0.6849784231796698,1.3699568463593397,4.962427335885439,0.795123244102836
74.0,2022,2,8,2,0,9,25,0,6,38,145990,70530,75460,3.0139050619905476,0.5479827385437358,0.13699568463593395,0.0,0.6164805808617029,1.7124460579491747,5.387778250389905,0.795123244102836
74.0,2022,3,12,0,0,11,23,0,9,37,145990,70530,75460,3.150900746626481,0.8219741078156038,0.0,0.0,0.7534762654976369,1.5754503733132406,5.245994612221749,1.192684866154254
74.0,2022,4,15,3,0,8,15,0,8,33,145990,70530,75460,2.808411535036646,1.0274676347695049,0.20549352695390094,0.0,0.5479827385437358,1.0274676347695049,4.6788600595491285,1.060164325470448
74.0,2023,1,0,11,0,16,29,0,3,53,147256,71073,76183,3.8029010702450154,0.0,0.7469984245124137,0.0,1.0865431629271471,1.9693594828054546,7.457121551081282,0.39378864051035006
74.0,2023,2,1,5,0,8,30,0,4,40,147256,71073,76183,2.987993698049655,0.0679089476829467,0.3395447384147335,0.0,0.5432715814635736,2.0372684304884014,5.628016264967006,0.5250515206804668
74.0,2023,3,0,1,0,19,22,0,9,33,147256,71073,76183,2.8521758026837616,0.0,0.0679089476829467,0.0,1.2902700059759875,1.4939968490248274,4.64311341859778,1.1813659215310504
75.0,2015,1,120,5,12,8,14,0,60,99,133192,63502,69690,11.937653913147939,9.009550123130518,0.37539792179710496,0.9009550123130519,0.6006366748753679,1.0511141810318938,15.59006015558565,8.609556607834696
75.0,2015,2,100,0,22,7,6,0,47,88,133192,63502,69690,10.135743888521832,7.507958435942099,0.0,1.6517508559072618,0.5255570905159469,0.45047750615652593,13.857831249409466,6.744152676137179
75.0,2015,3,120,2,14,7,11,0,46,107,133192,63502,69690,11.562255991350833,9.009550123130518,0.15015916871884197,1.0511141810318938,0.5255570905159469,0.8258754279536309,16.849862996441058,6.600660066006601
75.0,2015,4,103,3,14,6,10,0,47,89,133192,63502,69690,10.210823472881254,7.733197189020362,0.22523875307826297,1.0511141810318938,0.45047750615652593,0.7507958435942099,14.015306604516393,6.744152676137179
75.0,2016,1,182,4,12,4,10,0,73,139,131852,62767,69085,16.07863361951279,13.803355277128903,0.30337044565118465,0.9101113369535541,0.30337044565118465,0.7584261141279616,22.145394873102106,10.566693204024029
75.0,2016,2,124,4,10,0,14,0,61,91,131852,62767,69085,11.528076934745016,9.404483815186724,0.30337044565118465,0.7584261141279616,0.0,1.0617965597791463,14.498064269440947,8.829702540348846
75.0,2016,3,145,2,11,3,24,0,66,119,131852,62767,69085,14.03088311136729,10.997178654855444,0.15168522282559233,0.8342687255407578,0.22752783423838852,1.8202226739071081,18.959007121576626,9.553448650213506
75.0,2016,4,144,2,4,5,14,0,63,106,131852,62767,69085,12.817401328762552,10.921336043442649,0.15168522282559233,0.30337044565118465,0.3792130570639808,1.0617965597791463,16.88785508308506,9.119200984294709
75.0,2017,1,202,4,10,9,13,0,90,148,130600,62096,68504,18.223583460949463,15.46707503828484,0.30627871362940273,0.7656967840735068,0.6891271056661562,0.9954058192955589,23.834063385725326,13.137918953637744
75.0,2017,2,190,1,13,12,19,0,85,150,130600,62096,68504,17.993874425727412,14.548238897396631,0.07656967840735068,0.9954058192955589,0.9188361408882082,1.4548238897396633,24.156145323370264,12.408034567324536
75.0,2017,3,296,2,11,9,13,0,150,181,130600,62096,68504,25.34456355283308,22.6646248085758,0.15313935681470137,0.8422664624808576,0.6891271056661562,0.9954058192955589,29.148415356866785,21.896531589396236
75.0,2017,4,360,1,7,12,18,0,186,212,130600,62096,68504,30.474732006125574,27.565084226646245,0.07656967840735068,0.5359877488514548,0.9188361408882082,1.3782542113323124,34.14068539036331,27.151699170851337
75.0,2018,1,310,2,46,8,39,0,166,239,129959,62133,67826,31.163674697404566,23.85367692887757,0.15389468986372626,3.539577866865704,0.615578759454905,3.000946452342662,38.4658715980236,24.4743903517825
75.0,2018,2,347,6,50,5,46,1,176,276,129959,62133,67826,34.93409459906586,26.700728691356506,0.46168406959117875,3.8473672465931563,0.38473672465931563,3.539577866865704,44.4208391675921,25.948751216347713
75.0,2018,3,421,4,42,30,32,0,232,297,129959,62133,67826,40.70514546895559,32.39483221631438,0.3077893797274525,3.231788487138251,2.308420347955894,2.46231503781962,47.800685625995854,34.2051720579129
75.0,2018,4,377,10,42,12,32,2,192,277,129959,62133,67826,36.39609415277126,29.009149039312398,0.7694734493186313,3.231788487138251,0.9233681391823575,2.46231503781962,44.5817842370399,28.30772859965205
75.0,2019,1,277,4,27,15,21,0,150,194,132714,63221,69493,25.920400259204,20.8719502087195,0.30140000301400005,2.0344500203445,1.1302500113025,1.5823500158235,30.68600623210642,21.584907832443555
75.0,2019,2,32,3,26,11,10,0,42,40,132714,63221,69493,6.178700061787001,2.4112000241120004,0.2260500022605,1.9591000195910002,0.8288500082885001,0.753500007535,6.327011594248746,6.043774193084196
75.0,2019,3,34,4,30,13,12,0,44,49,132714,63221,69493,7.007550070075501,2.5619000256190003,0.30140000301400005,2.260500022605,0.9795500097955001,0.904200009042,7.750589202954715,6.331572964183443
75.0,2019,4,20,2,21,7,13,0,34,29,132714,63221,69493,4.7470500474705,1.50700001507,0.15070000150700003,1.5823500158235,0.5274500052745,0.9795500097955001,4.587083405830341,4.892579108687206
75.0,2020,1,27,0,24,12,13,0,31,45,132681,63232,69449,5.728024359177274,2.034956022339295,0.0,1.808849797634929,0.9044248988174645,0.9797936403855865,7.11664979757085,4.463707180808939
75.0,2020,2,9,3,14,8,6,0,19,21,132681,63232,69449,3.0147496627248818,0.6783186741130983,0.22610622470436612,1.0551623819537086,0.6029499325449763,0.45221244940873223,3.321103238866397,2.7358205301732204
75.0,2020,3,24,4,17,14,8,0,26,41,132681,63232,69449,5.049705685064176,1.808849797634929,0.30147496627248815,1.2812686066580747,1.0551623819537086,0.6029499325449763,6.4840587044534415,3.743754409710723
75.0,2020,4,29,5,15,12,11,0,20,52,132681,63232,69449,5.4265493929047866,2.185693505475539,0.3768437078406102,1.1305311235218307,0.9044248988174645,0.8290561572493423,8.223684210526315,2.879811084392864
75.0,2021,1,23,3,12,4,7,0,24,25,131922,62819,69103,3.7143160352329407,1.7434544655175028,0.22740710419793514,0.9096284167917406,0.30320947226391354,0.5306165764618487,3.979687674111336,3.473076422152439
75.0,2021,2,17,3,17,7,4,0,28,20,131922,62819,69103,3.6385136671669622,1.2886402571216324,0.22740710419793514,1.2886402571216324,0.5306165764618487,0.30320947226391354,3.183750139289069,4.05192249251118
75.0,2021,3,31,2,24,10,20,0,35,52,131922,62819,69103,6.594806021740118,2.34987341004533,0.15160473613195677,1.8192568335834811,0.7580236806597838,1.5160473613195675,8.277750362151577,5.064903115638973
75.0,2021,4,40,2,19,9,16,1,28,57,131922,62819,69103,6.519003653674141,3.032094722639135,0.15160473613195677,1.4402449932535892,0.6822213125938055,1.2128378890556542,9.073687896973844,4.05192249251118
75.0,2022,1,18,6,0,6,22,0,10,42,130396,62011,68385,3.9878523881100647,1.3804104420380992,0.4601368140126998,0.0,0.4601368140126998,1.6871683180465658,6.772991888535905,1.4623089858887184
75.0,2022,2,22,2,0,17,9,0,10,40,130396,62011,68385,3.8344734501058313,1.6871683180465658,0.15337893800423325,0.0,1.3037209730359827,0.6902052210190496,6.45046846527229,1.4623089858887184
75.0,2022,3,21,2,0,12,14,0,11,38,130396,62011,68385,3.757783981103715,1.6104788490444493,0.15337893800423325,0.0,0.9202736280253996,1.0736525660296328,6.127945042008676,1.60853988447759
75.0,2022,4,28,4,0,12,11,0,11,44,130396,62011,68385,4.217920795116415,2.1473051320592655,0.3067578760084665,0.0,0.9202736280253996,0.8435841590232829,7.095515311799519,1.60853988447759
75.0,2023,1,0,2,0,8,11,0,1,20,128558,61095,67463,1.6335039437452357,0.0,0.15557180416621294,0.0,0.6222872166648518,0.855644922914171,3.2735903101726818,0.14822939981916014
75.0,2023,2,0,6,0,8,7,0,2,19,128558,61095,67463,1.6335039437452357,0.0,0.46671541249863874,0.0,0.6222872166648518,0.5445013145817452,3.109910794664048,0.2964587996383203
75.0,2023,3,0,2,0,14,22,0,7,31,128558,61095,67463,2.9558642791580456,0.0,0.15557180416621294,0.0,1.0890026291634904,1.711289845828342,5.074064980767656,1.037605798734121
76.0,2015,1,15,0,6,0,0,0,10,11,32721,16069,16652,6.417896763546347,4.584211973961676,0.0,1.8336847895846704,0.0,0.0,6.845478872362936,6.005284650492434
76.0,2015,2,26,1,3,1,2,0,11,22,32721,16069,16652,10.085266342715688,7.945967421533572,0.3056141315974451,0.9168423947923352,0.3056141315974451,0.6112282631948902,13.690957744725871,6.605813115541677
76.0,2015,3,23,0,0,0,0,0,8,15,32721,16069,16652,7.029125026741236,7.029125026741236,0.0,0.0,0.0,0.0,9.334743916858548,4.804227720393946
76.0,2015,4,16,3,3,1,1,0,8,16,32721,16069,16652,7.334739158338682,4.889826105559122,0.9168423947923352,0.9168423947923352,0.3056141315974451,0.3056141315974451,9.957060177982452,4.804227720393946
76.0,2016,1,35,0,3,0,0,0,17,21,32650,16008,16642,11.638591117917306,10.719754977029096,0.0,0.9188361408882082,0.0,0.0,13.118440779610195,10.215118375195289
76.0,2016,2,16,1,3,0,4,0,9,15,32650,16008,16642,7.350689127105666,4.900459418070444,0.30627871362940273,0.9188361408882082,0.0,1.225114854517611,9.370314842578711,5.408003845691623
76.0,2016,3,24,0,3,0,1,0,9,19,32650,16008,16642,8.575803981623277,7.350689127105666,0.0,0.9188361408882082,0.0,0.30627871362940273,11.869065467266367,5.408003845691623
76.0,2016,4,27,1,6,0,1,0,16,19,32650,16008,16642,10.719754977029096,8.269525267993874,0.30627871362940273,1.8376722817764164,0.0,0.30627871362940273,11.869065467266367,9.61422905900733
76.0,2017,1,48,0,2,3,5,0,28,30,32605,15964,16641,17.788682717374634,14.721668455758321,0.0,0.6134028523232633,0.9201042784848951,1.5335071308081583,18.792282635930842,16.825911904332674
76.0,2017,2,58,0,6,5,4,0,26,47,32605,15964,16641,22.389204109799113,17.788682717374634,0.0,1.8402085569697901,1.5335071308081583,1.2268057046465266,29.441242796291654,15.624061054023196
76.0,2017,3,63,1,5,0,1,0,31,39,32605,15964,16641,21.469099831314214,19.32218984818279,0.30670142616163165,1.5335071308081583,0.0,0.30670142616163165,24.429967426710096,18.628688179796885
76.0,2017,4,59,3,2,4,3,0,22,49,32605,15964,16641,21.775801257475848,18.09538414353627,0.9201042784848951,0.6134028523232633,1.2268057046465266,0.9201042784848951,30.694061638687042,13.220359353404243
76.0,2018,1,47,0,4,14,10,0,26,49,32717,16104,16613,22.92386221230553,14.365620319711466,0.0,1.2226059846562949,4.2791209462970325,3.056514961640737,30.427223050173872,15.650394269547945
76.0,2018,2,70,0,14,10,14,0,35,73,32717,16104,16613,33.01036158571996,21.39560473148516,0.0,4.2791209462970325,3.056514961640737,4.2791209462970325,45.330352707401886,21.06783843977608
76.0,2018,3,63,2,12,4,10,0,36,55,32717,16104,16613,27.81428615093071,19.256044258336644,0.6113029923281474,3.6678179539688847,1.2226059846562949,3.056514961640737,34.15300546448087,21.669776680912538
76.0,2018,4,93,0,10,8,6,0,53,64,32717,16104,16613,35.761225051196625,28.425589143258858,0.0,3.056514961640737,2.4452119693125898,1.8339089769844423,39.74167908594138,31.90272678023235
76.0,2019,1,48,0,11,9,1,0,27,42,33461,16412,17049,20.6210214877021,14.345058426227547,0.0,3.2874092226771467,2.6896984549176652,0.2988553838797406,25.591030952961248,15.836705965159247
76.0,2019,2,4,1,5,2,3,0,8,7,33461,16412,17049,4.482830758196109,1.1954215355189624,0.2988553838797406,1.494276919398703,0.5977107677594812,0.8965661516392217,4.265171825493542,4.692357323010147
76.0,2019,3,4,2,7,5,1,0,9,10,33461,16412,17049,5.6782522937150715,1.1954215355189624,0.5977107677594812,2.091987687158184,1.494276919398703,0.2988553838797406,6.093102607847916,5.278901988386416
76.0,2019,4,7,3,4,3,6,0,4,19,33461,16412,17049,6.8736738292340345,2.091987687158184,0.8965661516392217,1.1954215355189624,0.8965661516392217,1.7931323032784434,11.57689495491104,2.3461786615050735
76.0,2020,1,3,2,7,4,2,0,10,8,33737,16552,17185,5.33538844591991,0.8892314076533183,0.5928209384355455,2.074873284524409,1.185641876871091,0.5928209384355455,4.833252779120348,5.819028222286878
76.0,2020,2,4,1,6,4,3,0,5,13,33737,16552,17185,5.33538844591991,1.185641876871091,0.29641046921777275,1.7784628153066366,1.185641876871091,0.8892314076533183,7.854035766070566,2.909514111143439
76.0,2020,3,2,0,5,5,3,0,6,9,33737,16552,17185,4.446157038266591,0.5928209384355455,0.0,1.4820523460888637,1.4820523460888637,0.8892314076533183,5.4374093765103915,3.4914169333721268
76.0,2020,4,5,0,13,1,4,0,13,10,33737,16552,17185,6.817440792008774,1.4820523460888637,0.0,3.853336099831046,0.29641046921777275,1.185641876871091,6.041565973900434,7.564736688972942
76.0,2021,1,8,1,9,0,3,0,10,11,33840,16586,17254,6.205673758865249,2.3640661938534278,0.29550827423167847,2.6595744680851063,0.0,0.8865248226950355,6.632099360906789,5.79575750550597
76.0,2021,2,8,1,3,5,1,0,5,13,33840,16586,17254,5.319148936170213,2.3640661938534278,0.29550827423167847,0.8865248226950355,1.4775413711583925,0.29550827423167847,7.837935608344386,2.897878752752985
76.0,2021,3,7,1,3,5,2,0,7,11,33840,16586,17254,5.319148936170213,2.0685579196217496,0.29550827423167847,0.8865248226950355,1.4775413711583925,0.5910165484633569,6.632099360906789,4.057030253854179
76.0,2021,4,9,1,8,4,3,0,9,16,33840,16586,17254,7.387706855791962,2.6595744680851063,0.29550827423167847,2.3640661938534278,1.1820330969267139,0.8865248226950355,9.646689979500783,5.216181754955372
76.0,2022,1,9,0,0,3,1,0,4,9,33742,16516,17226,3.8527650998755263,2.6672989152984408,0.0,0.0,0.8890996384328138,0.2963665461442712,5.449261322354081,2.322071287588529
76.0,2022,2,6,0,0,4,2,0,2,10,33742,16516,17226,3.5563985537312552,1.7781992768656276,0.0,0.0,1.1854661845770849,0.5927330922885424,6.054734802615645,1.1610356437942646
76.0,2022,3,11,0,0,1,2,0,7,7,33742,16516,17226,4.149131646019797,3.2600320075869833,0.0,0.0,0.2963665461442712,0.5927330922885424,4.238314361830952,4.0636247532799255
76.0,2022,4,15,1,0,4,5,0,9,16,33742,16516,17226,7.4091636536067815,4.445498192164068,0.2963665461442712,0.0,1.1854661845770849,1.4818327307213561,9.687575684185033,5.2246603970741905
76.0,2023,1,0,1,0,3,6,0,1,9,33564,16418,17146,2.97938267191038,0.0,0.29793826719103805,0.0,0.893814801573114,1.787629603146228,5.481788281154831,0.5832264084917765
76.0,2023,2,0,0,0,5,7,0,0,12,33564,16418,17146,3.575259206292456,0.0,0.0,0.0,1.48969133595519,2.085567870337266,7.309051041539774,0.0
76.0,2023,3,0,1,0,2,2,0,1,4,33564,16418,17146,1.48969133595519,0.0,0.29793826719103805,0.0,0.5958765343820761,0.5958765343820761,2.4363503471799244,0.5832264084917765
77.0,2015,1,31,0,3,4,4,0,13,29,51491,24131,27360,8.15676525994834,6.020469596628537,0.0,0.58262608999631,0.7768347866617467,0.7768347866617467,12.017736521486885,4.751461988304094
77.0,2015,2,36,0,2,7,6,0,13,38,51491,24131,27360,9.904643529937271,6.991513079955721,0.0,0.38841739333087333,1.3594608766580567,1.16525217999262,15.747378890224194,4.751461988304094
77.0,2015,3,39,0,2,3,2,0,16,30,51491,24131,27360,8.933600046610087,7.574139169952031,0.0,0.38841739333087333,0.58262608999631,0.38841739333087333,12.432141229124364,5.847953216374269
77.0,2015,4,37,1,1,2,0,0,6,35,51491,24131,27360,7.962556563282904,7.185721776621157,0.19420869666543666,0.19420869666543666,0.38841739333087333,0.0,14.504164767311757,2.192982456140351
77.0,2016,1,55,0,5,1,8,0,20,49,53150,24869,28281,12.982126058325495,10.348071495766698,0.0,0.940733772342427,0.18814675446848542,1.5051740357478833,19.70324500382002,7.071885718326792
77.0,2016,2,54,0,3,0,4,0,15,46,53150,24869,28281,11.476952022577612,10.159924741298212,0.0,0.5644402634054563,0.0,0.7525870178739417,18.49692388113716,5.303914288745094
77.0,2016,3,55,2,0,4,5,0,16,50,53150,24869,28281,12.417685794920038,10.348071495766698,0.37629350893697083,0.0,0.7525870178739417,0.940733772342427,20.1053520447143,5.657508574661434
77.0,2016,4,51,3,1,5,6,0,23,43,53150,24869,28281,12.417685794920038,9.595484477892757,0.5644402634054563,0.18814675446848542,0.940733772342427,1.1288805268109126,17.2906027584543,8.13266857607581
77.0,2017,1,57,0,5,4,6,0,32,40,54829,25617,29212,13.131736854584252,10.395958343212532,0.0,0.9119261704572398,0.7295409363657919,1.0943114045486877,15.614630909161885,10.954402300424482
77.0,2017,2,71,0,8,7,3,0,38,51,54829,25617,29212,16.232285834138867,12.949351620492806,0.0,1.4590818727315837,1.2766966386401357,0.5471557022743438,19.908654409181402,13.008352731754075
77.0,2017,3,71,0,3,3,2,0,33,46,54829,25617,29212,14.408433493224388,12.949351620492806,0.0,0.5471557022743438,0.5471557022743438,0.36477046818289593,17.95682554553617,11.296727372312748
77.0,2017,4,72,0,1,8,3,0,24,60,54829,25617,29212,15.320359663681627,13.131736854584252,0.0,0.18238523409144797,1.4590818727315837,0.5471557022743438,23.42194636374283,8.215801725318363
77.0,2018,1,69,2,6,32,10,0,40,79,56771,26670,30101,20.961406351834565,12.154092758626764,0.352292543728312,1.056877631184936,5.636680699652992,1.76146271864156,29.62129733783277,13.288595063286934
77.0,2018,2,77,0,10,22,14,0,41,82,56771,26670,30101,21.665991439291187,13.563262933540011,0.0,1.76146271864156,3.875217981011432,2.4660478060981843,30.746156730408696,13.620809939869106
77.0,2018,3,81,0,12,14,11,0,47,71,56771,26670,30101,20.785260079970406,14.267848020996636,0.0,2.113755262369872,2.4660478060981843,1.937608990505716,26.62167229096363,15.614099199362148
77.0,2018,4,74,4,5,8,10,0,35,65,56771,26670,30101,17.790773458279755,13.034824117947544,0.704585087456624,0.88073135932078,1.409170174913248,1.76146271864156,24.371953505811774,11.627520680376067
77.0,2019,1,62,0,8,7,6,0,32,51,59305,27758,31547,13.995447264142989,10.454430486468258,0.0,1.348958772447517,1.1803389258915773,1.0117190793356379,18.373081634123494,10.143595270548705
77.0,2019,2,6,0,6,3,4,0,6,13,59305,27758,31547,3.203777084562853,1.0117190793356379,0.0,1.0117190793356379,0.5058595396678189,0.6744793862237585,4.683334534188342,1.9019241132278821
77.0,2019,3,6,0,10,4,3,0,13,10,59305,27758,31547,3.878256470786612,1.0117190793356379,0.0,1.6861984655593965,0.6744793862237585,0.5058595396678189,3.6025650262987243,4.120835578660412
77.0,2019,4,6,1,6,4,6,0,11,12,59305,27758,31547,3.878256470786612,1.0117190793356379,0.16861984655593962,1.0117190793356379,0.6744793862237585,1.0117190793356379,4.323078031558469,3.486860874251118
77.0,2020,1,11,0,4,5,10,1,9,20,61591,28838,32753,4.8708415190531085,1.7859752236528066,0.0,0.6494455358737478,0.8118069198421848,1.6236138396843696,6.935293709688605,2.747839892528929
77.0,2020,2,4,1,5,6,5,0,11,10,61591,28838,32753,3.409589063337176,0.6494455358737478,0.16236138396843694,0.8118069198421848,0.9741683038106217,0.8118069198421848,3.4676468548443027,3.3584709797575796
77.0,2020,3,5,0,9,2,12,0,11,17,61591,28838,32753,4.546118751116235,0.8118069198421848,0.0,1.4612524557159323,0.3247227679368739,1.9483366076212434,5.894999653235314,3.3584709797575796
77.0,2020,4,5,0,11,6,4,0,11,15,61591,28838,32753,4.22139598317936,0.8118069198421848,0.0,1.7859752236528066,0.9741683038106217,0.6494455358737478,5.201470282266454,3.3584709797575796
77.0,2021,1,4,0,9,4,6,0,12,11,63557,29730,33827,3.6187988734521768,0.6293563258177699,0.0,1.4160517330899822,0.6293563258177699,0.9440344887266547,3.699966363942146,3.5474620864989506
77.0,2021,2,10,4,7,6,9,0,8,28,63557,29730,33827,5.664206932359929,1.5733908145444246,0.6293563258177699,1.1013735701810974,0.9440344887266547,1.4160517330899822,9.418096199125463,2.3649747243326336
77.0,2021,3,7,0,7,3,6,0,11,12,63557,29730,33827,3.6187988734521768,1.1013735701810974,0.0,1.1013735701810974,0.47201724436332737,0.9440344887266547,4.036326942482341,3.2518402459573714
77.0,2021,4,6,0,4,2,2,0,5,9,63557,29730,33827,2.2027471403621948,0.9440344887266547,0.0,0.6293563258177699,0.31467816290888495,0.31467816290888495,3.027245206861756,1.478109202707896
77.0,2022,1,5,0,0,4,5,0,3,11,65142,30430,34712,2.149151085321298,0.7675539590433207,0.0,0.0,0.6140431672346566,0.7675539590433207,3.614853762734144,0.8642544365061074
77.0,2022,2,2,1,0,3,9,0,0,15,65142,30430,34712,2.3026618771299625,0.3070215836173283,0.15351079180866414,0.0,0.46053237542599246,1.3815971262779774,4.929346040092015,0.0
77.0,2022,3,10,3,0,3,7,0,6,17,65142,30430,34712,3.5307482115992754,1.5351079180866414,0.46053237542599246,0.0,0.46053237542599246,1.074575542660649,5.58659217877095,1.728508873012215
77.0,2022,4,5,3,0,7,7,0,4,18,65142,30430,34712,3.3772374197906116,0.7675539590433207,0.46053237542599246,0.0,1.074575542660649,1.074575542660649,5.915215248110417,1.1523392486748099
77.0,2023,1,0,0,0,3,3,0,2,4,66546,31062,35484,0.901631953836444,0.0,0.0,0.0,0.450815976918222,0.450815976918222,1.287747086472217,0.5636343140570398
77.0,2023,2,0,1,0,5,8,0,1,13,66546,31062,35484,2.103807892285036,0.0,0.150271992306074,0.0,0.75135996153037,1.202175938448592,4.185178031034705,0.2818171570285199
77.0,2023,3,0,0,0,6,4,0,3,7,66546,31062,35484,1.50271992306074,0.0,0.0,0.0,0.901631953836444,0.601087969224296,2.2535574013263795,0.8454514710855596
78.0,2015,1,11,0,6,4,5,0,9,17,23903,11416,12487,10.877295736936787,4.601932811780948,0.0,2.5101451700623354,1.6734301133748903,2.091787641718613,14.891380518570429,7.207495795627453
78.0,2015,2,18,0,1,3,3,0,7,18,23903,11416,12487,10.458938208593063,7.530435510187006,0.0,0.4183575283437226,1.2550725850311677,1.2550725850311677,15.767344078486335,5.605830063265797
78.0,2015,3,13,0,3,10,3,0,9,20,23903,11416,12487,12.132368321967954,5.438647868468394,0.0,1.2550725850311677,4.183575283437226,1.2550725850311677,17.51927119831815,7.207495795627453
78.0,2015,4,11,1,2,3,5,0,5,17,23903,11416,12487,9.203865623561896,4.601932811780948,0.4183575283437226,0.8367150566874452,1.2550725850311677,2.091787641718613,14.891380518570429,4.00416433090414
78.0,2016,1,25,0,1,1,2,0,8,21,25050,11924,13126,11.57684630738523,9.98003992015968,0.0,0.3992015968063872,0.3992015968063872,0.7984031936127745,17.611539751761153,6.094773731525216
78.0,2016,2,28,1,1,3,5,0,12,26,25050,11924,13126,15.169660678642716,11.177644710578841,0.3992015968063872,0.3992015968063872,1.1976047904191616,1.996007984031936,21.804763502180474,9.142160597287827
78.0,2016,3,19,0,4,4,4,0,12,19,25050,11924,13126,12.375249500998002,7.584830339321358,0.0,1.596806387225549,1.596806387225549,1.596806387225549,15.934250251593426,9.142160597287827
78.0,2016,4,13,0,1,1,4,0,4,15,25050,11924,13126,7.584830339321358,5.189620758483034,0.0,0.3992015968063872,0.3992015968063872,1.596806387225549,12.579671251257967,3.047386865762608
78.0,2017,1,29,0,2,5,3,0,12,27,26236,12449,13787,14.865070894953499,11.053514255221833,0.0,0.7623113279463333,1.9057783198658331,1.1434669919195,21.688489035263874,8.703851454268513
78.0,2017,2,22,0,4,5,4,0,13,22,26236,12449,13787,13.340448239060832,8.385424607409666,0.0,1.5246226558926665,1.9057783198658331,1.5246226558926665,17.67210217688168,9.42917240879089
78.0,2017,3,45,1,2,5,4,0,28,29,26236,12449,13787,21.7258728464705,17.1520048787925,0.38115566397316664,0.7623113279463333,1.9057783198658331,1.5246226558926665,23.295043778616755,20.308986726626532
78.0,2017,4,44,0,4,0,4,0,32,20,26236,12449,13787,19.820094526604667,16.770849214819332,0.0,1.5246226558926665,0.0,1.5246226558926665,16.0655474335288,23.210270544716035
78.0,2018,1,52,0,6,14,14,0,29,57,27577,12962,14615,31.185408129963378,18.85629328788483,0.0,2.175726148602096,5.076694346738224,5.076694346738224,43.97469526307669,19.842627437564147
78.0,2018,2,50,0,8,10,4,0,28,44,27577,12962,14615,26.108713783225152,18.1310512383508,0.0,2.9009681981361277,3.62621024767016,1.4504840990680639,33.94537879956797,19.15839890523435
78.0,2018,3,55,4,6,14,12,0,25,66,27577,12962,14615,32.99851325379846,19.94415636218588,1.4504840990680639,2.175726148602096,5.076694346738224,4.351452297204192,50.91806819935195,17.105713308244955
78.0,2018,4,57,0,0,6,22,0,31,54,27577,12962,14615,30.822787105196362,20.669398411719914,0.0,0.0,2.175726148602096,7.9776625448743514,41.6602376176516,21.21108450222374
78.0,2019,1,31,0,4,11,23,0,21,48,28487,13405,15082,24.221574753396286,10.882156773264999,0.0,1.4041492610664514,3.8614104679327412,8.073858251132096,35.807534502051475,13.92388277416788
78.0,2019,2,3,0,3,3,4,0,3,10,28487,13405,15082,4.563485098465967,1.0531119457998386,0.0,1.0531119457998386,1.0531119457998386,1.4041492610664514,7.459903021260724,1.9891261105954117
78.0,2019,3,6,0,2,3,9,0,5,15,28487,13405,15082,7.020746305332257,2.106223891599677,0.0,0.7020746305332257,1.0531119457998386,3.1593358373995155,11.189854531891084,3.3152101843256863
78.0,2019,4,4,1,2,1,6,0,5,9,28487,13405,15082,4.91452241373258,1.4041492610664514,0.35103731526661286,0.7020746305332257,0.35103731526661286,2.106223891599677,6.713912719134651,3.3152101843256863
78.0,2020,1,1,1,3,5,4,0,5,9,30113,14147,15966,4.649154850064757,0.33208248929033973,0.33208248929033973,0.9962474678710191,1.6604124464516987,1.328329957161359,6.3617728140241745,3.1316547663785546
78.0,2020,2,2,0,1,4,2,0,4,5,30113,14147,15966,2.9887424036130574,0.6641649785806795,0.0,0.33208248929033973,1.328329957161359,0.6641649785806795,3.5343182300134304,2.505323813102844
78.0,2020,3,3,2,4,8,12,0,7,22,30113,14147,15966,9.630392189419851,0.9962474678710191,0.6641649785806795,1.328329957161359,2.656659914322718,3.9849898714840766,15.551000212059094,4.384316672929977
78.0,2020,4,3,2,4,10,13,1,9,22,30113,14147,15966,10.626639657290871,0.9962474678710191,0.6641649785806795,1.328329957161359,3.3208248929033974,4.317072360774416,15.551000212059094,5.636978579481398
78.0,2021,1,3,4,6,10,6,0,10,19,31602,14816,16786,9.176634390228466,0.9493070058857034,1.2657426745142712,1.8986140117714068,3.1643566862856782,1.8986140117714068,12.823974082073434,5.957345406886692
78.0,2021,2,2,1,4,14,5,0,7,19,31602,14816,16786,8.227327384342763,0.6328713372571356,0.3164356686285678,1.2657426745142712,4.430099360799949,1.5821783431428391,12.823974082073434,4.170141784820684
78.0,2021,3,3,3,2,7,5,0,9,11,31602,14816,16786,6.3287133725713565,0.9493070058857034,0.9493070058857034,0.6328713372571356,2.2150496803999746,1.5821783431428391,7.424406047516199,5.361610866198022
78.0,2021,4,4,1,3,4,13,0,7,18,31602,14816,16786,7.910891715714195,1.2657426745142712,0.3164356686285678,0.9493070058857034,1.2657426745142712,4.113663692171381,12.14902807775378,4.170141784820684
78.0,2022,1,1,0,0,7,8,0,1,15,32927,15400,17527,4.859234063230783,0.30370212895192394,0.0,0.0,2.125914902663468,2.4296170316153916,9.74025974025974,0.5705482969133338
78.0,2022,2,0,3,0,4,5,0,3,9,32927,15400,17527,3.6444255474230878,0.0,0.9111063868557719,0.0,1.2148085158076958,1.5185106447596197,5.8441558441558445,1.7116448907400013
78.0,2022,3,5,1,0,2,6,0,1,13,32927,15400,17527,4.251829805326936,1.5185106447596197,0.30370212895192394,0.0,0.6074042579038479,1.8222127737115439,8.441558441558442,0.5705482969133338
78.0,2022,4,2,0,0,4,7,0,4,9,32927,15400,17527,3.948127676375011,0.6074042579038479,0.0,0.0,1.2148085158076958,2.125914902663468,5.8441558441558445,2.282193187653335
78.0,2023,1,0,0,0,1,9,0,0,10,34165,15949,18216,2.926972047416947,0.0,0.0,0.0,0.2926972047416947,2.6342748426752522,6.269985579033168,0.0
78.0,2023,2,0,2,0,5,7,0,1,13,34165,15949,18216,4.097760866383727,0.0,0.5853944094833894,0.0,1.4634860237084735,2.0488804331918633,8.150981252743119,0.5489679402722881
78.0,2023,3,0,1,0,2,7,0,1,9,34165,15949,18216,2.926972047416947,0.0,0.2926972047416947,0.0,0.5853944094833894,2.0488804331918633,5.642987021129851,0.5489679402722881
79.0,2015,1,30,3,7,10,13,0,13,50,103435,49223,54212,6.09078165031179,2.9003722144341855,0.29003722144341854,0.67675351670131,0.9667907381447286,1.256827959588147,10.157853036182273,2.397993064266214
79.0,2015,2,25,5,2,16,15,0,21,42,103435,49223,54212,6.09078165031179,2.4169768453618214,0.4833953690723643,0.19335814762894574,1.546865181031566,1.4501861072170927,8.532596550393109,3.8736811038146537
79.0,2015,3,30,2,8,24,16,0,16,64,103435,49223,54212,7.734325905157829,2.9003722144341855,0.19335814762894574,0.773432590515783,2.3202977715473483,1.546865181031566,13.002051886313309,2.9513760790968786
79.0,2015,4,38,1,7,17,17,0,16,64,103435,49223,54212,7.734325905157829,3.6738048049499685,0.09667907381447287,0.67675351670131,1.6435442548460386,1.6435442548460386,13.002051886313309,2.9513760790968786
79.0,2016,1,75,0,7,14,25,0,35,86,108668,51659,57009,11.134832701439246,6.901755806677218,0.0,0.6441638752898737,1.2883277505797475,2.3005852688924064,16.647631584041502,6.139381501166483
79.0,2016,2,43,1,3,18,23,0,25,63,108668,51659,57009,8.09806014650127,3.9570066624949387,0.09202341075569626,0.27607023226708877,1.6564213936025327,2.116538447381014,12.195358020867612,4.385272500833202
79.0,2016,3,73,2,2,20,22,0,27,92,108668,51659,57009,10.950785879927853,6.717708985165826,0.1840468215113925,0.1840468215113925,1.8404682151139249,2.0245150366253175,17.809094252695562,4.736094300899858
79.0,2016,4,61,2,10,19,15,0,37,70,108668,51659,57009,9.846504950859497,5.613428056097471,0.1840468215113925,0.9202341075569624,1.7484448043582286,1.3803511613354438,13.550397800964015,6.490203301233138
79.0,2017,1,102,1,9,21,19,0,57,95,114092,54197,59895,13.322581776110507,8.940153560284683,0.0876485643165165,0.7888370788486484,1.8406198506468465,1.6653227220138134,17.528645496983227,9.516654144753318
79.0,2017,2,86,1,5,27,7,0,38,88,114092,54197,59895,11.043719103881077,7.537776531220419,0.0876485643165165,0.4382428215825825,2.3665112365459455,0.6135399502156155,16.23706109194236,6.344436096502212
79.0,2017,3,123,5,10,25,7,0,68,102,114092,54197,59895,14.900255933807804,10.780773410931529,0.4382428215825825,0.876485643165165,2.1912141079129124,0.6135399502156155,18.8202299020241,11.353201435846064
79.0,2017,4,139,3,5,15,6,0,58,110,114092,54197,59895,14.724958805174772,12.183150439995794,0.26294569294954945,0.4382428215825825,1.3147284647477473,0.5258913858990989,20.296326364927946,9.683612989398114
79.0,2018,1,124,2,32,36,34,0,93,135,120204,56697,63507,18.96775481681142,10.315796479318491,0.16638381418255632,2.662141026920901,2.994908655286014,2.8285248411034574,23.810783639346,14.644054986064528
79.0,2018,2,186,2,26,50,38,0,99,203,120204,56697,63507,25.123955941566003,15.473694718977738,0.16638381418255632,2.162989584373232,4.159595354563908,3.1612924694685702,35.804363546572134,15.58883272710095
79.0,2018,3,164,8,34,30,66,0,107,195,120204,56697,63507,25.123955941566003,13.643472762969617,0.6655352567302253,2.8285248411034574,2.495757212738345,5.490665868024358,34.39335414572199,16.848536381816178
79.0,2018,4,166,8,18,22,44,1,83,173,120204,56697,63507,21.463512029549765,13.809856577152175,0.6655352567302253,1.497454327643007,1.8302219560081197,3.6604439120162393,30.51307829338413,13.069425417670494
79.0,2019,1,122,6,27,20,37,0,65,147,124532,58974,65558,17.02373687084444,9.796678765297273,0.4818038737031446,2.1681174316641507,1.6060129123438152,2.9711238878360584,24.92623868145284,9.9148845297294
79.0,2019,2,11,4,15,16,22,0,26,42,124532,58974,65558,5.460443901968972,0.8833071017890983,0.3212025824687631,1.2045096842578613,1.2848103298750524,1.7666142035781967,7.121782480415098,3.96595381189176
79.0,2019,3,8,3,22,23,21,0,29,48,124532,58974,65558,6.183149712523689,0.6424051649375262,0.2409019368515723,1.7666142035781967,1.8469148491953875,1.686313557961006,8.139179977617255,4.42356386711004
79.0,2019,4,10,0,16,18,16,0,22,38,124532,58974,65558,4.818038737031445,0.8030064561719076,0.0,1.2848103298750524,1.4454116211094337,1.2848103298750524,6.443517482280328,3.35580707160072
79.0,2020,1,11,1,12,19,14,0,21,36,131909,62500,69409,4.321160800248656,0.8339082246093898,0.07580983860085362,0.9097180632102435,1.440386933416219,1.0613377404119506,5.76,3.0255442377789628
79.0,2020,2,11,5,18,11,9,0,24,30,131909,62500,69409,4.093731284446095,0.8339082246093898,0.3790491930042681,1.3645770948153653,0.8339082246093898,0.6822885474076826,4.8,3.457764843175957
79.0,2020,3,11,1,13,20,17,0,20,42,131909,62500,69409,4.700209993252924,0.8339082246093898,0.07580983860085362,0.985527901811097,1.5161967720170724,1.2887672562145116,6.72,2.8814707026466313
79.0,2020,4,15,1,12,20,18,1,25,40,131909,62500,69409,5.003449347656339,1.1371475790128043,0.07580983860085362,0.9097180632102435,1.5161967720170724,1.3645770948153653,6.4,3.601838378308288
79.0,2021,1,7,1,17,34,14,0,30,43,138736,65739,72997,5.261792180832661,0.5045554146003921,0.07207934494291315,1.2253488640295236,2.450697728059047,1.0091108292007842,6.541018269216142,4.109757935257613
79.0,2021,2,6,0,9,21,17,0,10,43,138736,65739,72997,3.8202052819743972,0.4324760696574789,0.0,0.6487141044862184,1.5136662438011763,1.2253488640295236,6.541018269216142,1.369919311752538
79.0,2021,3,15,9,14,19,17,0,21,53,138736,65739,72997,5.3338715257755736,1.0811901741436973,0.6487141044862184,1.0091108292007842,1.3695075539153498,1.2253488640295236,8.062185308568734,2.8768305546803297
79.0,2021,4,8,2,7,17,12,0,15,31,138736,65739,72997,3.315649867374005,0.5766347595433052,0.1441586898858263,0.5045554146003921,1.2253488640295236,0.8649521393149578,4.715617821993034,2.0548789676288064
79.0,2022,1,6,2,0,19,28,0,11,44,144820,68595,76225,3.797817980941859,0.41430741610274824,0.1381024720342494,0.0,1.3119734843253694,1.9334346084794916,6.414461695458853,1.4430960970810103
79.0,2022,2,11,2,0,27,19,0,8,51,144820,68595,76225,4.0740229250103575,0.7595635961883718,0.1381024720342494,0.0,1.8643833724623673,1.3119734843253694,7.434944237918216,1.0495244342407346
79.0,2022,3,10,1,0,21,24,0,8,48,144820,68595,76225,3.866869216958983,0.6905123601712471,0.0690512360171247,0.0,1.4500759563596188,1.657229664410993,6.997594576864203,1.0495244342407346
79.0,2022,4,11,0,0,19,20,0,19,31,144820,68595,76225,3.4525618008562353,0.7595635961883718,0.0,0.0,1.3119734843253694,1.3810247203424941,4.519279830891465,2.492620531321745
79.0,2023,1,0,6,0,21,24,0,6,45,150556,71312,79244,3.387443874704429,0.0,0.39852280878875634,0.0,1.3948298307606473,1.5940912351550254,6.310298407000225,0.7571551158447327
79.0,2023,2,0,4,0,27,16,0,3,44,150556,71312,79244,3.121762002178591,0.0,0.2656818725258376,0.0,1.7933526395494035,1.0627274901033503,6.170069553511331,0.37857755792236636
79.0,2023,3,0,1,0,17,18,0,5,31,150556,71312,79244,2.391136852732538,0.0,0.0664204681314594,0.0,1.1291479582348096,1.195568426366269,4.34709445815571,0.6309625965372773
80.0,2015,1,59,7,6,2,5,0,30,49,58405,29271,29134,13.526239191850012,10.101874839482921,1.1985275233284822,1.0273093057101277,0.3424364352367092,0.856091088091773,16.740118205732635,10.297247202581175
80.0,2015,2,60,5,9,2,5,0,27,54,58405,29271,29134,13.868675627086722,10.273093057101274,0.856091088091773,1.5409639585651913,0.3424364352367092,0.856091088091773,18.44829353284821,9.26752248232306
80.0,2015,3,80,4,10,3,12,0,45,64,58405,29271,29134,18.662785720400652,13.697457409468369,0.6848728704734184,1.712182176183546,0.5136546528550638,2.0546186114202554,21.864644187079364,15.445870803871765
80.0,2015,4,80,6,4,7,5,0,30,72,58405,29271,29134,17.46425819707217,13.697457409468369,1.0273093057101277,0.6848728704734184,1.1985275233284822,0.856091088091773,24.597724710464284,10.297247202581175
80.0,2016,1,118,4,11,1,9,0,55,88,57801,28946,28855,24.7400564004083,20.414871715022233,0.6920295496617705,1.9030812615698691,0.17300738741544264,1.5570664867389836,30.401437158847507,19.06082134811991
80.0,2016,2,107,11,18,7,9,0,43,109,57801,28946,28855,26.29712288714728,18.51179045345236,1.9030812615698691,3.1141329734779672,1.2110517119080986,1.5570664867389836,37.6563255717543,14.902096690348294
80.0,2016,3,115,10,12,14,8,0,39,120,57801,28946,28855,27.50817459905538,19.895849552775903,1.7300738741544264,2.0760886489853116,2.422103423816197,1.384059099323541,41.45650521661024,13.515855137757754
80.0,2016,4,107,11,7,15,17,0,47,110,57801,28946,28855,27.162159824224496,18.51179045345236,1.9030812615698691,1.2110517119080986,2.5951108112316392,2.9411255860625247,38.00179644855938,16.28833824293883
80.0,2017,1,151,6,13,11,18,0,58,141,57272,28666,28606,34.746472971085346,26.365414163989385,1.0476323508869954,2.26987009358849,1.9206593099594917,3.142897052660986,49.18719039977674,20.275466685310775
80.0,2017,2,169,9,6,4,7,0,65,130,57272,28666,28606,34.04805140382735,29.50831121665037,1.571448526330493,1.0476323508869954,0.698421567257997,1.2222377427014945,45.34989185795019,22.722505768020696
80.0,2017,3,206,6,10,9,9,0,78,162,57272,28666,28606,41.90529403547982,35.96871071378684,1.0476323508869954,1.7460539181449923,1.571448526330493,1.571448526330493,56.512942161445615,27.267006921624834
80.0,2017,4,204,10,13,9,8,0,87,157,57272,28666,28606,42.603715602737815,35.61949993015784,1.7460539181449923,2.26987009358849,1.571448526330493,1.396843134515994,54.76871555152445,30.41320002796616
80.0,2018,1,233,10,34,13,22,0,121,191,57028,28359,28669,54.70996703373782,40.85712281686189,1.7535245844146736,5.96198358700989,2.2795819597390756,3.8577540857122816,67.35075284742058,42.20586696431686
80.0,2018,2,267,12,35,12,26,1,114,236,57028,28359,28669,61.724065371396506,46.819106403871785,2.1042295012976084,6.137336045451358,2.1042295012976084,4.559163919478151,83.21873126696993,39.76420523910845
80.0,2018,3,238,14,20,16,46,0,101,233,57028,28359,28669,58.56772111945009,41.73388510906923,2.4549344181805433,3.5070491688293473,2.8056393350634776,8.066213088307498,82.16086603899997,35.22969060657853
80.0,2018,4,234,10,27,10,30,1,114,195,57028,28359,28669,54.534614575296345,41.03247527530336,1.7535245844146736,4.734516377919618,1.7535245844146736,5.26057375324402,68.76123981804717,39.76420523910845
80.0,2019,1,188,3,14,4,15,1,69,154,56948,28431,28517,39.33412938118986,33.012572873498634,0.5267963756409356,2.4583830863243663,0.7023951675212475,2.633981878204678,54.16622700573318,24.196093558228426
80.0,2019,2,14,6,17,4,11,0,19,33,56948,28431,28517,9.131137177776216,2.4583830863243663,1.0535927512818712,2.985179461965302,0.7023951675212475,1.9315867106834306,11.607048644085681,6.662692429077392
80.0,2019,3,13,2,15,9,9,1,22,25,56948,28431,28517,8.42874201025497,2.282784294444054,0.35119758376062377,2.633981878204678,1.580389126922807,1.580389126922807,8.79321866976188,7.714696496826455
80.0,2019,4,13,10,14,9,10,0,16,40,56948,28431,28517,9.833532345297465,2.282784294444054,1.7559879188031187,2.4583830863243663,1.580389126922807,1.7559879188031187,14.069149871619008,5.6106883613283305
80.0,2020,1,22,10,11,5,10,0,22,36,57237,28595,28642,10.133305379387458,3.843667557698691,1.7471216171357686,1.9218337788493456,0.8735608085678843,1.7471216171357686,12.589613568805735,7.681027861182879
80.0,2020,2,12,9,13,3,6,0,15,28,57237,28595,28642,7.512622953683806,2.0965459405629225,1.5724094554221921,2.2712581022764997,0.5241364851407306,1.0482729702814613,9.791921664626683,5.237064450806508
80.0,2020,3,9,6,7,8,13,0,11,32,57237,28595,28642,7.512622953683806,1.5724094554221921,1.0482729702814613,1.2229851319950382,1.3976972937086152,2.2712581022764997,11.190767616716208,3.8405139305914395
80.0,2020,4,17,9,8,11,15,0,19,41,57237,28595,28642,10.482729702814613,2.970106749130807,1.5724094554221921,1.3976972937086152,1.9218337788493456,2.620682425703653,14.338171008917643,6.633614971021577
80.0,2021,1,11,6,16,3,14,0,20,30,57214,28591,28623,8.739119795854162,1.9226063550879156,1.0486943755024993,2.796518334673332,0.5243471877512497,2.446953542839165,10.492812423489909,6.987387765084024
80.0,2021,2,15,9,8,1,15,0,12,36,57214,28591,28623,8.389555004019995,2.6217359387562484,1.573041563253749,1.398259167336666,0.17478239591708325,2.6217359387562484,12.591374908187891,4.1924326590504135
80.0,2021,3,17,12,10,6,7,0,18,34,57214,28591,28623,9.088684587688327,2.971300730590415,2.0973887510049987,1.7478239591708322,1.0486943755024993,1.2234767714195824,11.891854079955232,6.288648988575621
80.0,2021,4,8,11,15,4,13,0,18,33,57214,28591,28623,8.913902191771244,1.398259167336666,1.9226063550879156,2.6217359387562484,0.699129583668333,2.2721711469220818,11.5420936658389,6.288648988575621
80.0,2022,1,9,3,0,3,19,0,5,29,56865,28410,28455,5.979073243647235,1.5826958586125033,0.5275652862041678,0.0,0.5275652862041678,3.341246812626396,10.207673354452657,1.7571604287471447
80.0,2022,2,4,6,0,5,14,0,2,27,56865,28410,28455,5.099797766640288,0.703420381605557,1.0551305724083355,0.0,0.8792754770069463,2.4619713356194497,9.503695881731785,0.7028641714988578
80.0,2022,3,8,5,0,3,10,0,5,21,56865,28410,28455,4.572232480436121,1.406840763211114,0.8792754770069463,0.0,0.5275652862041678,1.7585509540138926,7.391763463569166,1.7571604287471447
80.0,2022,4,14,4,0,8,5,0,7,24,56865,28410,28455,5.451507957443067,2.4619713356194497,0.703420381605557,0.0,1.406840763211114,0.8792754770069463,8.447729672650475,2.460024600246002
80.0,2023,1,0,7,0,7,14,0,3,25,56388,28178,28210,4.965595516776619,0.0,1.2413988791941548,0.0,1.2413988791941548,2.4827977583883096,8.872169777840869,1.0634526763559022
80.0,2023,2,0,8,0,7,12,0,2,25,56388,28178,28210,4.788252819748883,0.0,1.4187415762218911,0.0,1.2413988791941548,2.128112364332837,8.872169777840869,0.7089684509039348
80.0,2023,3,0,14,0,4,8,0,4,22,56388,28178,28210,4.610910122721147,0.0,2.4827977583883096,0.0,0.7093707881109456,1.4187415762218911,7.807509404499965,1.4179369018078696
81.0,2015,1,30,1,14,4,7,0,18,38,65203,31845,33358,8.5885618759873,4.601015290707483,0.15336717635691607,2.147140468996825,0.6134687054276643,1.0735702344984126,11.932799497566338,5.396006954853409
81.0,2015,2,15,4,3,4,10,0,6,30,65203,31845,33358,5.521218348848979,2.3005076453537416,0.6134687054276643,0.46010152907074825,0.6134687054276643,1.5336717635691608,9.420631182289213,1.7986689849511361
81.0,2015,3,36,4,5,5,10,0,17,43,65203,31845,33358,9.202030581414967,5.521218348848979,0.6134687054276643,0.7668358817845804,0.7668358817845804,1.5336717635691608,13.50290469461454,5.0962287906948855
81.0,2015,4,30,3,8,1,11,0,20,33,65203,31845,33358,8.128460346916553,4.601015290707483,0.46010152907074825,1.2269374108553286,0.15336717635691607,1.687038939926077,10.362694300518134,5.995563283170454
81.0,2016,1,67,3,6,8,14,0,30,68,64393,31453,32940,15.219045548429177,10.404857670864844,0.4658891494417095,0.931778298883419,1.2423710651778919,2.174149364061311,21.61955934251105,9.107468123861567
81.0,2016,2,51,3,3,5,7,0,22,47,64393,31453,32940,10.715450437159319,7.9201155405090615,0.4658891494417095,0.4658891494417095,0.7764819157361825,1.0870746820306556,14.942930722029695,6.678809957498482
81.0,2016,3,43,8,3,4,16,0,16,58,64393,31453,32940,11.491932352895502,6.67774447533117,1.2423710651778919,0.4658891494417095,0.6211855325889459,2.4847421303557837,18.440212380377073,4.857316332726169
81.0,2016,4,43,3,6,7,11,0,19,51,64393,31453,32940,10.870746820306554,6.67774447533117,0.4658891494417095,0.931778298883419,1.0870746820306556,1.7082602146196015,16.214669506883286,5.768063145112325
81.0,2017,1,90,5,7,8,14,0,46,78,63663,31108,32555,19.47756153495751,14.136939823759484,0.7853855457644158,1.099539764070182,1.2566168732230651,2.199079528140364,25.073935965025072,14.12993395791737
81.0,2017,2,72,5,11,3,13,0,34,70,63663,31108,32555,16.33601935189985,11.309551859007586,0.7853855457644158,1.7278482006817146,0.47123132745864943,2.0420024189874812,22.502250225022504,10.443864229765012
81.0,2017,3,109,2,5,4,10,0,48,82,63663,31108,32555,20.42002418987481,17.121404897664263,0.3141542183057663,0.7853855457644158,0.6283084366115326,1.5707710915288315,26.359778835026358,14.744278912609431
81.0,2017,4,137,2,9,7,13,0,66,101,63663,31108,32555,26.38895433768437,21.519563953944992,0.3141542183057663,1.4136939823759482,1.099539764070182,2.0420024189874812,32.46753246753247,20.273383504837966
81.0,2018,1,105,6,21,8,50,0,52,138,63264,30735,32529,30.032878098128478,16.59711684370258,0.9484066767830046,3.319423368740516,1.2645422357106728,7.903388973191705,44.89995119570522,15.985735804974023
81.0,2018,2,130,6,26,12,30,0,90,114,63264,30735,32529,32.24582701062215,20.548811330298435,0.9484066767830046,4.109762266059686,1.8968133535660092,4.742033383915023,37.09126403123475,27.667619662455042
81.0,2018,3,156,6,24,8,40,0,88,146,63264,30735,32529,36.98786039453717,24.658573596358117,0.9484066767830046,3.7936267071320184,1.2645422357106728,6.322711178553364,47.50284691719538,27.05278366995604
81.0,2018,4,147,4,20,10,43,0,73,151,63264,30735,32529,35.40718259989884,23.23596358118361,0.6322711178553364,3.161355589276682,1.580677794638341,6.796914516944866,49.12965674312672,22.441513726213532
81.0,2019,1,89,0,6,9,38,0,40,102,63103,30784,32319,22.50289209704768,14.103925328431295,0.0,0.9508264266358176,1.4262396399537265,6.021900702026845,33.13409563409564,12.376620563755067
81.0,2019,2,5,5,17,6,14,0,24,23,63103,30784,32319,7.448140341980571,0.792355355529848,0.792355355529848,2.6940082088014834,0.9508264266358176,2.218594995483574,7.471413721413722,7.42597233825304
81.0,2019,3,5,1,7,8,19,0,15,25,63103,30784,32319,6.338842844238784,0.792355355529848,0.1584710711059696,1.109297497741787,1.267768568847757,3.0109503510134226,8.121101871101871,4.64123271140815
81.0,2019,4,4,0,11,12,14,0,16,25,63103,30784,32319,6.497313915344754,0.6338842844238785,0.0,1.7431817821656659,1.9016528532716352,2.218594995483574,8.121101871101871,4.950648225502027
81.0,2020,1,9,1,10,12,20,0,14,38,63281,30922,32359,8.217316414089538,1.4222278409001121,0.15802531565556802,1.58025315655568,1.8963037878668163,3.16050631311136,12.288985188538904,4.326462498841126
81.0,2020,2,8,2,13,10,7,0,19,21,63281,30922,32359,6.32101262622272,1.2642025252445441,0.31605063131113603,2.0543291035223845,1.58025315655568,1.1061772095889761,6.791281288403079,5.8716276769986715
81.0,2020,3,4,1,11,4,17,0,12,25,63281,30922,32359,5.846936679256017,0.6321012626222721,0.15802531565556802,1.738278472211248,0.6321012626222721,2.6864303661446565,8.084858676670333,3.708396427578108
81.0,2020,4,5,2,14,11,16,0,18,30,63281,30922,32359,7.585215151467265,0.79012657827784,0.31605063131113603,2.2123544191779523,1.738278472211248,2.5284050504890883,9.701830412004398,5.562594641367162
81.0,2021,1,17,0,13,6,21,0,23,34,63122,30878,32244,9.030132125091093,2.6931973004657648,0.0,2.0595038180032317,0.9505402236937993,3.3268907829282974,11.011075846881274,7.133110035975685
81.0,2021,2,11,2,11,22,25,0,16,55,63122,30878,32244,11.248059313709959,1.7426570767719654,0.31684674123126644,1.7426570767719654,3.4853141535439307,3.9605842653908305,17.812034458190297,4.9621635032874325
81.0,2021,3,4,2,20,12,25,0,22,41,63122,30878,32244,9.980672348784893,0.6336934824625329,0.31684674123126644,3.1684674123126646,1.9010804473875986,3.9605842653908305,13.278062050650949,6.822974817020222
81.0,2021,4,5,1,13,12,26,0,17,40,63122,30878,32244,9.030132125091093,0.7921168530781661,0.15842337061563322,2.0595038180032317,1.9010804473875986,4.119007636006463,12.954206878683854,5.272298722242898
81.0,2022,1,8,2,0,15,26,0,9,42,62604,30648,31956,8.146444316657083,1.2778736182991501,0.31946840457478753,0.0,2.396013034310907,4.153089259472238,13.703993735317148,2.816372512204281
81.0,2022,2,8,1,0,10,27,0,3,43,62604,30648,31956,7.347773305220114,1.2778736182991501,0.15973420228739377,0.0,1.597342022873938,4.312823461759632,14.030279300443748,0.938790837401427
81.0,2022,3,7,4,0,20,27,0,10,48,62604,30648,31956,9.26458373266884,1.1181394160117564,0.6389368091495751,0.0,3.194684045747876,4.312823461759632,15.661707126076742,3.12930279133809
81.0,2022,4,19,5,0,17,15,0,9,47,62604,30648,31956,8.945115328094051,3.0349498434604816,0.798671011436969,0.0,2.7154814388856945,2.396013034310907,15.335421560950145,2.816372512204281
81.0,2023,1,0,2,0,11,21,0,3,31,61933,30353,31580,5.489803497327758,0.0,0.3229296174898681,0.0,1.7761128961942745,3.390760983643615,10.213158501630812,0.9499683343888536
81.0,2023,2,0,6,0,10,14,0,3,27,61933,30353,31580,4.843944262348021,0.0,0.9687888524696043,0.0,1.6146480874493403,2.2605073224290764,8.895331598194577,0.9499683343888536
81.0,2023,3,0,5,0,4,14,0,3,20,61933,30353,31580,3.713690601133483,0.0,0.8073240437246701,0.0,0.6458592349797362,2.2605073224290764,6.589134517181168,0.9499683343888536
82.0,2015,1,73,5,7,6,20,0,31,80,144804,72234,72570,7.665534101267921,5.041297201734759,0.3452943288859424,0.4834120604403193,0.4143531946631308,1.3811773155437697,11.07511698092311,4.271737632630564
82.0,2015,2,96,13,14,5,16,0,45,99,144804,72234,72570,9.944476671915142,6.629651114610093,0.8977652551034502,0.9668241208806386,0.3452943288859424,1.1049418524350156,13.705457263892349,6.200909466721786
82.0,2015,3,79,9,21,7,30,0,54,92,144804,72234,72570,10.082594403469518,5.45565039639789,0.6215297919946964,1.4502361813209579,0.4834120604403193,2.0717659733156544,12.736384528061578,7.441091360066143
82.0,2015,4,73,15,6,8,27,0,33,96,144804,72234,72570,8.908593685257314,5.041297201734759,1.0358829866578272,0.4143531946631308,0.5524709262175078,1.8645893759840888,13.290140377107734,4.54733360892931
82.0,2016,1,153,8,37,10,22,0,91,139,142932,71238,71694,16.09156801835838,10.704390899168835,0.5597067136820306,2.5886435507793912,0.6996333921025384,1.5391934626255843,19.512058171200763,12.692833430970515
82.0,2016,2,102,10,20,12,38,0,55,127,142932,71238,71694,12.733327736266196,7.136260599445891,0.6996333921025384,1.3992667842050768,0.8395600705230459,2.6586068899896453,17.827563940593503,7.671492733004157
82.0,2016,3,152,7,29,4,38,0,83,147,142932,71238,71694,16.09156801835838,10.634427559958581,0.4897433744717768,2.028936837097361,0.2798533568410153,2.6586068899896453,20.635054324938938,11.576979942533546
82.0,2016,4,148,5,15,11,33,0,70,142,142932,71238,71694,14.832227912573812,10.354574203117565,0.3498166960512692,1.0494500881538074,0.7695967313127922,2.308790193938376,19.933181728852578,9.763718023823472
82.0,2017,1,239,5,14,7,36,0,107,194,141226,70344,70882,21.313355897639244,16.923229433673686,0.35404245677141605,0.9913188789599648,0.4956594394799824,2.5491056887541954,27.578755828499943,15.095510849016675
82.0,2017,2,249,6,22,12,34,0,118,205,141226,70344,70882,22.871142707433478,17.631314347216517,0.42485094812569923,1.5577868097942305,0.8497018962513985,2.407488706045629,29.14249971568293,16.64738579611185
82.0,2017,3,291,8,12,8,24,0,128,215,141226,70344,70882,24.28731253451914,20.605270984096414,0.5664679308342657,0.8497018962513985,0.5664679308342657,1.699403792502797,30.564085067667463,18.058181202562004
82.0,2017,4,328,7,10,8,28,0,149,232,141226,70344,70882,26.978035205981904,23.22518516420489,0.4956594394799824,0.7080849135428321,0.5664679308342657,1.9826377579199297,32.98078016604117,21.02085155610733
82.0,2018,1,322,20,52,44,63,0,169,332,140235,69384,70851,35.7257460690983,22.96145755339252,1.4261774877883553,3.7080614682497237,3.1375904731343813,4.492459086533319,47.84964833390984,23.85287434192884
82.0,2018,2,384,18,64,32,86,0,219,365,140235,69384,70851,41.64438264341997,27.382607765536424,1.2835597390095197,4.563767960922736,2.281883980461368,6.132563197489928,52.60578807794304,30.909937756700682
82.0,2018,3,428,20,62,40,72,1,208,412,140235,69384,70851,44.35411987021785,30.520198238670805,1.4261774877883553,4.4211502121439015,2.8523549755767106,5.134238956038079,59.37968407702064,29.357383805450873
82.0,2018,4,397,12,41,20,83,0,210,343,140235,69384,70851,39.433807537348024,28.30962313259885,0.8557064926730132,2.9236638499661285,1.4261774877883553,5.918636574321674,49.43502824858758,29.63966634204175
82.0,2019,1,225,6,34,29,61,0,114,241,139919,69495,70424,25.371822268598258,16.08073242375946,0.4288195313002523,2.429977344034763,2.0726277346178863,4.359665234885898,34.67875386718469,16.187663296603432
82.0,2019,2,25,12,28,14,39,0,42,76,139919,69495,70424,8.433450782238296,1.7867480470843846,0.8576390626005046,2.001157812734511,1.0005789063672554,2.78732695345164,10.936038563925461,5.963875951380211
82.0,2019,3,23,8,33,8,32,0,39,65,139919,69495,70424,7.43287187587104,1.6438082033176338,0.571759375067003,2.3585074221513875,0.571759375067003,2.287037500268012,9.353190877041513,5.5378848119959105
82.0,2019,4,19,13,31,13,34,0,33,77,139919,69495,70424,7.861691407171292,1.3579285157841323,0.92910898448388,2.2155675783846367,0.92910898448388,2.429977344034763,11.07993380818764,4.685902533227309
82.0,2020,1,26,8,37,18,25,0,43,71,140225,69690,70535,8.129791406667856,1.854162952397932,0.5705116776609022,2.6386165091816722,1.2836512747370297,1.7828489926903193,10.187975319271057,6.09626426596725
82.0,2020,2,11,7,27,12,17,0,30,44,140225,69690,70535,5.2772330183633445,0.7844535567837404,0.4991977179532893,1.9254769121055448,0.8557675164913532,1.212337315029417,6.313674845745444,4.253207627419012
82.0,2020,3,18,11,24,19,21,0,34,59,140225,69690,70535,6.632198252807987,1.2836512747370297,0.7844535567837404,1.7115350329827064,1.3549652344446426,1.4975931538598681,8.466063997704119,4.820301977741547
82.0,2020,4,24,15,26,13,38,0,34,82,140225,69690,70535,8.272419326083082,1.7115350329827064,1.0697093956141914,1.854162952397932,0.927081476198966,2.709930468889285,11.766394030707419,4.820301977741547
82.0,2021,1,25,5,25,13,33,0,40,61,139765,69471,70294,7.226415769327085,1.788716774585912,0.3577433549171824,1.788716774585912,0.9301327227846743,2.361106142453404,8.780642282391215,5.690386092696389
82.0,2021,2,25,9,22,9,34,0,32,67,139765,69471,70294,7.0833184273602114,1.788716774585912,0.6439380388509283,1.5740707616356027,0.6439380388509283,2.4326548134368404,9.644312015085431,4.552308874157112
82.0,2021,3,29,22,20,16,31,0,34,84,139765,69471,70294,8.442743176045505,2.074911458519658,1.5740707616356027,1.4309734196687296,1.1447787357349837,2.218008800486531,12.091376257719048,4.836828178791931
82.0,2021,4,33,20,30,18,20,1,44,76,139765,69471,70294,8.657389188995815,2.361106142453404,1.4309734196687296,2.1464601295030943,1.2878760777018565,1.4309734196687296,10.939816614126759,6.2594247019660285
82.0,2022,1,19,9,0,10,36,0,14,60,138518,68830,69688,5.34226598709193,1.3716628885776578,0.6497350524841538,0.0,0.7219278360935041,2.598940209936615,8.717129158797036,2.0089541958443347
82.0,2022,2,15,13,0,8,28,0,14,50,138518,68830,69688,4.6203381509984265,1.082891754140256,0.9385061869215554,0.0,0.5775422688748033,2.0213979410618115,7.26427429899753,2.0089541958443347
82.0,2022,3,16,2,0,10,41,0,18,51,138518,68830,69688,4.981302069045178,1.1550845377496066,0.14438556721870083,0.0,0.7219278360935041,2.959904127983367,7.409559784977481,2.5829411089427166
82.0,2022,4,20,7,0,9,29,0,15,50,138518,68830,69688,4.692530934607777,1.4438556721870082,0.5053494852654529,0.0,0.6497350524841538,2.093590724671162,7.26427429899753,2.15245092411893
82.0,2023,1,0,5,0,15,33,0,8,45,136941,68050,68891,3.870279901563447,0.0,0.3651207454305138,0.0,1.0953622362915416,2.4097969198413915,6.612784717119765,1.1612547357419691
82.0,2023,2,1,8,0,26,35,0,6,64,136941,68050,68891,5.111690436027194,0.07302414908610277,0.5841931926888222,0.0,1.898627876238672,2.555845218013597,9.404849375459222,0.870941051806477
82.0,2023,3,0,9,0,26,21,0,10,46,136941,68050,68891,4.089352348821755,0.0,0.657217341774925,0.0,1.898627876238672,1.5335071308081583,6.759735488611315,1.4515684196774614
83.0,2015,1,53,0,1,5,1,0,24,36,24130,11502,12628,24.865312888520513,21.964359718193123,0.0,0.41442188147534187,2.0721094073767095,0.41442188147534187,31.29890453834116,19.005384859043396
83.0,2015,2,37,0,3,2,1,0,14,29,24130,11502,12628,17.8201409034397,15.33360961458765,0.0,1.2432656444260257,0.8288437629506837,0.41442188147534187,25.21300643366371,11.086474501108647
83.0,2015,3,27,1,4,4,3,0,15,24,24130,11502,12628,16.162453377538334,11.18939079983423,0.41442188147534187,1.6576875259013675,1.6576875259013675,1.2432656444260257,20.865936358894103,11.878365536902121
83.0,2015,4,23,0,5,4,3,0,13,22,24130,11502,12628,14.504765851636966,9.531703273932864,0.0,2.0721094073767095,1.6576875259013675,1.2432656444260257,19.127108328986264,10.294583465315172
83.0,2016,1,30,0,0,6,2,0,5,33,25502,12155,13347,14.900792094737668,11.763783232687631,0.0,0.0,2.3527566465375265,0.7842522155125088,27.149321266968325,3.7461601858095452
83.0,2016,2,35,0,0,11,1,0,10,37,25502,12155,13347,18.429927064543957,13.724413771468903,0.0,0.0,4.313387185318798,0.3921261077562544,30.44014808720691,7.4923203716190905
83.0,2016,3,30,0,1,16,0,0,12,35,25502,12155,13347,18.429927064543957,11.763783232687631,0.0,0.3921261077562544,6.27401772410007,0.0,28.794734677087618,8.990784445942909
83.0,2016,4,24,0,2,3,2,0,11,20,25502,12155,13347,12.155909340443886,9.411026586150106,0.0,0.7842522155125088,1.1763783232687632,0.7842522155125088,16.454134101192924,8.241552408780999
83.0,2017,1,46,0,7,9,1,0,23,40,26932,12844,14088,23.39224714094757,17.080053467993466,0.0,2.599138571216397,3.341749591563939,0.37130551017377095,31.142946122703208,16.3259511641113
83.0,2017,2,40,0,3,6,3,0,15,37,26932,12844,14088,19.30788652903609,14.852220406950838,0.0,1.113916530521313,2.227833061042626,1.113916530521313,28.807225163500465,10.647359454855195
83.0,2017,3,64,0,2,8,4,0,25,53,26932,12844,14088,28.961829793554138,23.76355265112134,0.0,0.7426110203475419,2.9704440813901676,1.4852220406950838,41.264403612581745,17.745599091425326
83.0,2017,4,103,0,4,7,3,0,36,81,26932,12844,14088,43.4427446903312,38.24446754789841,0.0,1.4852220406950838,2.599138571216397,1.113916530521313,63.064465898474,25.55366269165247
83.0,2018,1,55,4,2,22,6,0,27,62,28531,13522,15009,31.194139707686375,19.27727734744664,1.401983807087028,0.700991903543514,7.710910938978655,2.1029757106305422,45.85120544298181,17.98920647611433
83.0,2018,2,78,8,15,8,8,0,39,78,28531,13522,15009,41.00802635729557,27.33868423819705,2.803967614174056,5.257439276576355,2.803967614174056,2.803967614174056,57.68377458955776,25.98440935438737
83.0,2018,3,64,4,4,6,12,0,27,63,28531,13522,15009,31.544635659458134,22.43174091339245,1.401983807087028,1.401983807087028,2.1029757106305422,4.2059514212610845,46.59074101464281,17.98920647611433
83.0,2018,4,92,0,8,16,8,0,47,77,28531,13522,15009,43.46149801969787,32.24562756300165,0.0,2.803967614174056,5.607935228348112,2.803967614174056,56.94423901789676,31.31454460656939
83.0,2019,1,59,0,9,6,7,0,28,53,29613,14096,15517,27.35285178806605,19.923682166616015,0.0,3.0392057542295614,2.026137169486374,2.3638266977341034,37.59931895573212,18.044725140168847
83.0,2019,2,8,1,4,2,4,0,5,14,29613,14096,15517,6.416101036706851,2.701516225981832,0.337689528247729,1.350758112990916,0.675379056495458,1.350758112990916,9.931895573212259,3.2222723464587224
83.0,2019,3,8,0,4,5,2,0,7,12,29613,14096,15517,6.416101036706851,2.701516225981832,0.0,1.350758112990916,1.6884476412386453,0.675379056495458,8.51305334846765,4.511181285042212
83.0,2019,4,7,0,2,4,2,0,4,11,29613,14096,15517,5.065342923715935,2.3638266977341034,0.0,0.675379056495458,1.350758112990916,0.675379056495458,7.803632236095346,2.577817877166978
83.0,2020,1,3,1,3,6,4,0,10,7,31532,15032,16500,5.391348471394139,0.9514144361283775,0.31713814537612584,0.9514144361283775,1.902828872256755,1.2685525815045033,4.656732304417243,6.0606060606060606
83.0,2020,2,3,1,2,5,1,0,3,9,31532,15032,16500,3.80565774451351,0.9514144361283775,0.31713814537612584,0.6342762907522517,1.5856907268806293,0.31713814537612584,5.987227248536455,1.8181818181818181
83.0,2020,3,0,0,3,2,4,0,4,5,31532,15032,16500,2.854243308385133,0.0,0.0,0.9514144361283775,0.6342762907522517,1.2685525815045033,3.326237360298031,2.4242424242424243
83.0,2020,4,3,2,2,5,7,0,3,16,31532,15032,16500,6.025624762146391,0.9514144361283775,0.6342762907522517,0.6342762907522517,1.5856907268806293,2.219967017632881,10.643959552953698,1.8181818181818181
83.0,2021,1,2,0,11,4,3,0,11,9,33332,15905,17427,6.000240009600383,0.6000240009600384,0.0,3.300132005280211,1.2000480019200768,0.9000360014400577,5.658597925180761,6.312044528605037
83.0,2021,2,5,1,3,3,0,0,3,9,33332,15905,17427,3.6001440057602307,1.5000600024000958,0.3000120004800192,0.9000360014400577,0.9000360014400577,0.0,5.658597925180761,1.7214666896195558
83.0,2021,3,2,3,2,5,4,0,4,12,33332,15905,17427,4.800192007680307,0.6000240009600384,0.9000360014400577,0.6000240009600384,1.5000600024000958,1.2000480019200768,7.544797233574347,2.2952889194927413
83.0,2021,4,6,2,2,4,2,0,4,12,33332,15905,17427,4.800192007680307,1.8000720028801154,0.6000240009600384,0.6000240009600384,1.2000480019200768,0.6000240009600384,7.544797233574347,2.2952889194927413
83.0,2022,1,7,1,0,4,4,0,1,15,34964,16691,18273,4.576135453609427,2.002059260954124,0.2860084658505892,0.0,1.1440338634023568,1.1440338634023568,8.98687915643161,0.5472555135992995
83.0,2022,2,4,3,0,8,6,0,0,21,34964,16691,18273,6.006177782862372,1.1440338634023568,0.8580253975517675,0.0,2.2880677268047136,1.716050795103535,12.581630819004253,0.0
83.0,2022,3,4,0,0,9,4,0,1,16,34964,16691,18273,4.862143919460016,1.1440338634023568,0.0,0.0,2.5740761926553026,1.1440338634023568,9.58600443352705,0.5472555135992995
83.0,2022,4,2,0,0,7,7,0,3,13,34964,16691,18273,4.576135453609427,0.5720169317011784,0.0,0.0,2.002059260954124,2.002059260954124,7.7886286022407285,1.6417665407978985
83.0,2023,1,0,3,0,10,3,0,2,14,36519,17447,19072,4.381280977025658,0.0,0.8214901831923109,0.0,2.738300610641036,0.8214901831923109,8.02430217229323,1.0486577181208054
83.0,2023,2,0,1,0,6,5,0,0,12,36519,17447,19072,3.2859607327692437,0.0,0.2738300610641036,0.0,1.6429803663846219,1.369150305320518,6.877973290537055,0.0
83.0,2023,3,0,1,0,6,2,0,0,9,36519,17447,19072,2.4644705495769323,0.0,0.2738300610641036,0.0,1.6429803663846219,0.5476601221282072,5.1584799679027915,0.0
84.0,2015,1,82,7,16,4,26,0,52,83,196849,96671,100178,6.858048554983769,4.165629492656808,0.35560251766582507,0.812805754664743,0.20320143866618576,1.3208093513302073,8.585822014875195,5.190760446405398
84.0,2015,2,61,13,13,5,34,0,33,93,196849,96671,100178,6.400845317984851,3.0988219396593326,0.6604046756651036,0.6604046756651036,0.2540017983327322,1.7272122286625788,9.620258402209556,3.2941364371418875
84.0,2015,3,79,4,18,9,37,0,43,104,196849,96671,100178,7.467652870982327,4.013228413657169,0.20320143866618576,0.9144064739978359,0.45720323699891796,1.8796133076622183,10.758138428277352,4.292359599912157
84.0,2015,4,66,12,17,12,38,0,35,110,196849,96671,100178,7.366052151649234,3.352823737992065,0.6096043159985572,0.8636061143312894,0.6096043159985572,1.9304136673287646,11.37880026067797,3.4937810696959413
84.0,2016,1,123,10,21,5,40,0,69,130,196269,96215,100054,10.139145764231742,6.266909190957309,0.509504812272952,1.069960105773199,0.254752406136476,2.038019249091808,13.511406745309984,6.896276010954085
84.0,2016,2,85,10,20,6,31,0,40,112,196269,96215,100054,7.744473146548869,4.330790904320091,0.509504812272952,1.019009624545904,0.30570288736377116,1.579464918046151,11.640596580574755,3.9978411657704838
84.0,2016,3,100,11,18,8,33,0,61,109,196269,96215,100054,8.661581808640182,5.095048122729519,0.5604552935002471,0.9171086620913135,0.4076038498183615,1.6813658805007412,11.328794886452215,6.096707777799988
84.0,2016,4,105,11,11,11,23,0,46,115,196269,96215,100054,8.203027477594526,5.349800528865995,0.5604552935002471,0.5604552935002471,0.5604552935002471,1.1718610682277895,11.952398274697293,4.597517340636056
84.0,2017,1,184,7,23,10,30,0,88,166,195649,95780,99869,12.982432826132513,9.404597007907016,0.35778358182254955,1.175574625988377,0.5111194026036422,1.5333582078109267,17.331384422635203,8.811543121489152
84.0,2017,2,170,13,23,8,25,0,79,159,195649,95780,99869,12.215753722227051,8.689029844261917,0.664455223384735,1.175574625988377,0.40889552208291374,1.2777985065091055,16.600542910837333,7.910362574973215
84.0,2017,3,186,12,17,8,33,0,105,151,195649,95780,99869,13.08465670665324,9.506820888427747,0.6133432831243707,0.8689029844261918,0.40889552208291374,1.6866940285920196,15.765295468782627,10.51377304268592
84.0,2017,4,221,12,19,12,27,0,90,199,195649,95780,99869,14.873574615765989,11.295738797540494,0.6133432831243707,0.9711268649469202,0.6133432831243707,1.380022387029834,20.776780121110882,9.011805465159359
84.0,2018,1,225,20,65,25,86,0,146,275,195836,95646,100190,21.49757960742662,11.489205253375273,1.0212626891889132,3.319103739863968,1.2765783614861415,4.391429563512326,28.75185580160174,14.57231260604851
84.0,2018,2,294,16,78,22,104,0,189,325,195836,95646,100190,26.246451112155068,15.012561531077024,0.8170101513511305,3.9829244878367613,1.1233889581078045,5.310565983782349,33.979465947347514,18.86415809961074
84.0,2018,3,242,28,100,33,106,0,202,307,195836,95646,100190,25.99113543985784,12.35727853918585,1.4297677648644784,5.106313445944566,1.6850834371617067,5.41269225270124,32.09752629487903,20.161692783710947
84.0,2018,4,303,26,53,24,107,3,174,333,195836,95646,100190,26.195387977695624,15.472129741212035,1.3276414959455873,2.70634612635062,1.2255152270266958,5.463755387160686,34.815883570666834,17.36700269487973
84.0,2019,1,174,7,28,15,83,0,96,211,197601,96425,101176,15.536358621666894,8.805623453322605,0.3542492193865415,1.416996877546166,0.7591054701140176,4.200383601297564,21.882291936738397,9.488416225191745
84.0,2019,2,18,5,45,17,38,0,56,67,197601,96425,101176,6.224664854934945,0.9109265641368212,0.2530351567046726,2.277316410342053,0.8603195327958867,1.9230671909555115,6.948405496499871,5.534909464695184
84.0,2019,3,16,8,41,14,34,0,42,71,197601,96425,101176,5.718594541525599,0.8097125014549521,0.40485625072747605,2.074888284978315,0.708498438773083,1.7206390655917734,7.3632356753953845,4.151182098521389
84.0,2019,4,27,14,49,17,43,0,58,92,197601,96425,101176,7.591054701140177,1.3663898462052317,0.708498438773083,2.479744535705791,0.8603195327958867,2.176102347660184,9.541094114596836,5.732584802720013
84.0,2020,1,14,8,44,15,29,0,44,66,199301,97341,101960,5.5192899182643345,0.7024550805063697,0.401402903146497,2.2077159673057336,0.752630443399682,1.4550855239060516,6.780287854038894,4.315417810906238
84.0,2020,2,9,7,21,10,27,0,25,49,199301,97341,101960,3.7129768541050976,0.45157826603980916,0.35122754025318487,1.0536826207595547,0.5017536289331213,1.3547347981194275,5.033850073453118,2.4519419380149077
84.0,2020,3,17,2,31,20,36,0,50,56,199301,97341,101960,5.318588466691085,0.8529811691863062,0.10035072578662425,1.555436249692676,1.0035072578662425,1.8063130641592366,5.75297151251785,4.903883876029815
84.0,2020,4,24,7,44,16,39,0,52,78,199301,97341,101960,6.522797176130576,1.2042087094394909,0.35122754025318487,2.2077159673057336,0.802805806292994,1.9568391528391729,8.013067463864148,5.100039231071008
84.0,2021,1,15,7,36,18,42,0,51,67,199961,97662,102299,5.901150724391257,0.7501462785243123,0.3500682633113457,1.8003510684583492,0.9001755342291746,2.1004095798680744,6.860396059879994,4.985385976402506
84.0,2021,2,25,18,37,12,34,0,52,74,199961,97662,102299,6.301228739604222,1.2502437975405205,0.9001755342291746,1.8503608203599702,0.6001170228194498,1.7003315646551078,7.577153857180889,5.083138642606476
84.0,2021,3,30,12,47,22,54,0,57,108,199961,97662,102299,8.251609063767434,1.5002925570486245,0.6001170228194498,2.3504583393761784,1.100214541835658,2.700526602687524,11.058548872642378,5.57190197362633
84.0,2021,4,23,8,39,37,38,0,51,94,199961,97662,102299,7.251414025735019,1.1502242937372789,0.40007801521296654,1.9503803241632118,1.8503608203599702,1.9003705722615911,9.62503327804059,4.985385976402506
84.0,2022,1,16,6,0,19,39,0,12,68,199880,97718,102162,4.002401440864519,0.8004802881729037,0.3001801080648389,0.0,0.9505703422053231,1.9511707024214529,6.958799811703064,1.1746050390556175
84.0,2022,2,11,15,0,17,51,0,8,86,199880,97718,102162,4.702821693015809,0.5503301981188713,0.7504502701620973,0.0,0.8505103061837103,2.551530918551131,8.800835055977405,0.7830700260370784
84.0,2022,3,17,7,0,21,40,0,14,71,199880,97718,102162,4.252551530918551,0.8505103061837103,0.3502101260756454,0.0,1.0506303782269362,2.0012007204322595,7.265805685748787,1.3703725455648872
84.0,2022,4,29,11,0,20,33,0,19,74,199880,97718,102162,4.652791675005004,1.450870522313388,0.5503301981188713,0.0,1.0006003602161297,1.650990594356614,7.572811559794511,1.8597913118380611
84.0,2023,1,0,7,0,15,33,0,4,51,199433,97624,101809,2.757818415207112,0.0,0.35099507102635974,0.0,0.752132295056485,1.6546910491242675,5.224125215111038,0.3928925733481323
84.0,2023,2,0,12,0,15,23,0,3,47,199433,97624,101809,2.5071076501882836,0.0,0.6017058360451881,0.0,0.752132295056485,1.1532695190866105,4.814389904121937,0.29466943001109924
84.0,2023,3,0,7,0,10,41,0,7,51,199433,97624,101809,2.908244874218409,0.0,0.35099507102635974,0.0,0.5014215300376568,2.055828273154393,5.224125215111038,0.6875620033592315
85.0,2015,1,122,15,34,5,19,0,58,136,239097,115658,123439,8.155685767700975,5.102531608510354,0.6273604436693057,1.4220170056504264,0.2091201478897686,0.7946565619811207,11.758806135330024,4.698677079367137
85.0,2015,2,80,14,10,6,29,0,38,101,239097,115658,123439,5.813540111335567,3.3459223662362976,0.585536414091352,0.4182402957795372,0.2509441774677223,1.2128968577606578,8.732642791678915,3.0784436037232967
85.0,2015,3,144,13,42,5,32,0,101,135,239097,115658,123439,9.870470980397076,6.022660259225335,0.5437123845133983,1.756609242274056,0.2091201478897686,1.338368946494519,11.672344325511421,8.182179052001393
85.0,2015,4,122,14,16,17,28,0,66,131,239097,115658,123439,8.239333826856882,5.102531608510354,0.585536414091352,0.6691844732472595,0.7110085028252132,1.171072828182704,11.326497086237008,5.346770469624674
85.0,2016,1,207,12,36,11,32,0,127,171,236890,114433,122457,12.579678331715142,8.738232935117566,0.5065642281227574,1.519692684368272,0.46435054244586094,1.3508379416606864,14.943241897005235,10.370987366994129
85.0,2016,2,146,15,24,8,20,0,75,138,236890,114433,122457,8.991515049178943,6.163198108826882,0.6332052851534468,1.0131284562455147,0.3377094854151716,0.844273713537929,12.059458373021767,6.12459883877606
85.0,2016,3,194,9,33,6,30,0,100,172,236890,114433,122457,11.482122504115834,8.189455021317912,0.379923171092068,1.393051627337583,0.2532821140613787,1.2664105703068935,15.030629276519885,8.166131785034747
85.0,2016,4,141,16,22,6,23,0,74,134,236890,114433,122457,8.780446620794462,5.9521296804423995,0.6754189708303432,0.9287010848917219,0.2532821140613787,0.9709147705686184,11.709908854963167,6.042937520925713
85.0,2017,1,276,12,35,10,27,0,146,214,234628,113235,121393,15.343437270913956,11.7633019077007,0.5114479090304652,1.4917230680055238,0.42620659085872103,1.1507577953185468,18.89875038636464,12.027052630711822
85.0,2017,2,297,12,37,12,27,0,158,227,234628,113235,121393,16.40895374806076,12.658335748504015,0.5114479090304652,1.5769643861772678,0.5114479090304652,1.1507577953185468,20.046805316377448,13.015577504468956
85.0,2017,3,330,12,19,16,32,0,188,221,234628,113235,121393,17.43184956612169,14.064817498337796,0.5114479090304652,0.8097925226315701,0.6819305453739537,1.3638610907479074,19.516933810217687,15.486889688861796
85.0,2017,4,393,10,13,12,28,0,172,284,234628,113235,121393,19.43502054315768,16.749919020747736,0.42620659085872103,0.5540685681163373,0.5114479090304652,1.193378454404419,25.080584624895128,14.168856523852282
85.0,2018,1,397,12,90,33,74,0,249,357,233322,112383,120939,25.972690102090674,17.015112162590754,0.5143106950909044,3.857330213181783,1.4143544114999873,3.1715826197272436,31.76637035850618,20.58889192072036
85.0,2018,2,449,16,109,26,96,0,327,369,233322,112383,120939,29.830020315272453,19.243791841318007,0.6857475934545392,4.671655480409048,1.1143398393636261,4.1144855607272355,32.83414751341395,27.038424329620717
85.0,2018,3,506,18,166,53,106,1,334,513,233322,112383,120939,36.387481677681485,21.6867676429998,0.7714660426363567,7.114631282090845,2.271538903318161,4.543077806636322,45.647473372307196,27.61722852016306
85.0,2018,4,546,12,73,21,96,1,311,435,233322,112383,120939,32.05869999399971,23.40113662663615,0.5143106950909044,3.128723395136335,0.9000437164090828,4.1144855607272355,38.70692186540669,25.715443322666797
85.0,2019,1,372,16,71,8,81,1,219,327,235147,113170,121977,23.304571183132254,15.819891387089777,0.6804254360038614,3.0193878722671355,0.3402127180019307,3.4446537697695483,28.8945833701511,17.95420448117268
85.0,2019,2,27,8,52,18,40,0,62,83,235147,113170,121977,6.166355513784994,1.1482179232565162,0.3402127180019307,2.2113826670125496,0.7654786155043442,1.7010635900096536,7.33409914288239,5.082925469555736
85.0,2019,3,34,10,64,19,34,0,75,86,235147,113170,121977,6.846780949788855,1.4459040515082056,0.4252658975024134,2.7217017440154456,0.8080052052545854,1.4459040515082056,7.599187063709464,6.148700164785165
85.0,2019,4,31,6,50,17,39,0,57,86,235147,113170,121977,6.081302334284512,1.3183242822574814,0.255159538501448,2.126329487512067,0.7229520257541028,1.6585370002594122,7.599187063709464,4.673012125236725
85.0,2020,1,22,5,50,24,43,0,61,83,235571,113527,122044,6.112806754651463,0.9339010319606403,0.21225023453650915,2.1225023453650915,1.018801125775244,1.8253520170139788,7.3110361411822735,4.998197371439808
85.0,2020,2,24,4,32,16,44,0,45,75,235571,113527,122044,5.09400562887622,1.018801125775244,0.16980018762920732,1.3584015010336585,0.6792007505168293,1.8678020639212807,6.606357958899645,3.687194782209695
85.0,2020,3,40,12,52,20,62,0,62,124,235571,113527,122044,7.8957087247581415,1.6980018762920732,0.509400562887622,2.2074024391796954,0.8490009381460366,2.6319029082527137,10.922511825380747,5.08013503326669
85.0,2020,4,33,5,62,25,68,0,76,117,235571,113527,122044,8.192859053109254,1.4008515479409605,0.21225023453650915,2.6319029082527137,1.0612511726825458,2.8866031896965243,10.305918415883445,6.227262298843041
85.0,2021,1,36,8,50,18,51,0,62,101,234732,113175,121557,6.944089429647427,1.5336639231123155,0.3408142051360701,2.130088782100438,0.7668319615561577,2.1726905577424467,8.924232383476916,5.100487836981828
85.0,2021,2,47,5,53,25,44,0,73,101,234732,113175,121557,7.412708961709524,2.0022834551744118,0.2130088782100438,2.257894109026464,1.065044391050219,1.8744781282483853,8.924232383476916,6.005413098381829
85.0,2021,3,40,5,66,18,72,0,81,120,234732,113175,121557,8.56295690404376,1.7040710256803504,0.2130088782100438,2.8117171923725777,0.7668319615561577,3.067327846224631,10.603048376408218,6.663540561218194
85.0,2021,4,46,14,60,37,60,1,79,137,234732,113175,121557,9.2445853143159,1.959681679532403,0.5964248589881226,2.5561065385205257,1.5762656987543242,2.5561065385205257,12.105146896399383,6.499008695509103
85.0,2022,1,28,8,0,16,39,0,17,74,233006,112514,120492,3.9054788288713596,1.2016857934988798,0.3433387981425371,0.0,0.6866775962850742,1.6737766409448684,6.576959311730096,1.410882050260598
85.0,2022,2,25,8,0,30,41,0,24,80,233006,112514,120492,4.463404375852982,1.0729337441954285,0.3433387981425371,0.0,1.287520493034514,1.7596113404805025,7.110226282951455,1.9918334827208446
85.0,2022,3,33,7,0,24,49,0,16,97,233006,112514,120492,4.849660523763337,1.4162725423379654,0.30042144837471996,0.0,1.0300163944276113,2.10295013862304,8.621149368078639,1.327888988480563
85.0,2022,4,47,11,0,39,30,0,30,97,233006,112514,120492,5.450503420512777,2.0171154390874055,0.4720908474459885,0.0,1.6737766409448684,1.287520493034514,8.621149368078639,2.4897918534010555
85.0,2023,1,0,6,0,16,41,0,9,54,230830,111661,119169,2.729281289260495,0.0,0.25993155135814233,0.0,0.693150803621713,1.7761989342806392,4.836066307842487,0.7552299675251114
85.0,2023,2,0,9,0,20,35,0,6,58,230830,111661,119169,2.772603214486852,0.0,0.3898973270372135,0.0,0.8664385045271411,1.516267382922497,5.194293441756746,0.5034866450167409
85.0,2023,3,0,10,0,16,31,0,5,52,230830,111661,119169,2.4693497379023523,0.0,0.43321925226357055,0.0,0.693150803621713,1.342979682017069,4.656952740885359,0.4195722041806174
86.0,2015,1,41,6,7,5,16,0,19,56,118531,57290,61241,6.3274586395120265,3.4590107229332414,0.5061966911609621,0.5905628063544558,0.4218305759674684,1.349857843095899,9.77482981323093,3.102496693391682
86.0,2015,2,17,7,10,2,8,0,19,25,118531,57290,61241,3.712109068513722,1.4342239582893928,0.5905628063544558,0.8436611519349368,0.16873223038698737,0.6749289215479495,4.363763309478094,3.102496693391682
86.0,2015,3,36,4,13,4,23,0,29,51,118531,57290,61241,6.749289215479495,3.0371801469657727,0.33746446077397474,1.0967594975154178,0.33746446077397474,1.9404206494503546,8.90207715133531,4.73538968991362
86.0,2015,4,37,8,8,3,16,0,19,53,118531,57290,61241,6.074360293931545,3.1215462621592662,0.6749289215479495,0.6749289215479495,0.25309834558048105,1.349857843095899,9.251178216093559,3.102496693391682
86.0,2016,1,79,1,10,6,7,0,37,66,122669,59104,63565,8.396579412891603,6.440094889499385,0.08152018847467575,0.8152018847467576,0.48912113084805453,0.5706413193227303,11.166756903086085,5.820813340674899
86.0,2016,2,50,8,10,7,12,0,30,57,122669,59104,63565,7.09225639729679,4.076009423733788,0.652161507797406,0.8152018847467576,0.5706413193227303,0.9782422616961091,9.644017325392529,4.719578384330999
86.0,2016,3,60,11,14,7,15,0,28,79,122669,59104,63565,8.722660166790305,4.891211308480545,0.8967220732214333,1.1412826386454606,0.5706413193227303,1.2228028271201363,13.366269626421223,4.4049398253756
86.0,2016,4,53,6,7,5,9,0,24,56,122669,59104,63565,6.521615077974061,4.320569989157815,0.48912113084805453,0.5706413193227303,0.4076009423733788,0.7336816962720817,9.474824038982133,3.7756627074648
86.0,2017,1,77,2,10,3,16,0,39,69,126779,60921,65858,8.51876099353994,6.07356107872755,0.1577548332137026,0.7887741660685129,0.2366322498205539,1.2620386657096208,11.32614369429261,5.921831819976313
86.0,2017,2,59,4,19,7,12,0,44,57,126779,60921,65858,7.9666190772919805,4.653767579804226,0.3155096664274052,1.4986709155301745,0.552141916247959,0.9465289992822156,9.356379573546068,6.681041027665584
86.0,2017,3,100,6,10,8,12,0,49,87,126779,60921,65858,10.727328658531777,7.887741660685129,0.4732644996411078,0.7887741660685129,0.6310193328548104,0.9465289992822156,14.280789875412419,7.4402502353548545
86.0,2017,4,88,4,5,12,15,0,44,80,126779,60921,65858,9.780799659249562,6.941212661402914,0.3155096664274052,0.39438708303425646,0.9465289992822156,1.1831612491027694,13.131760804976937,6.681041027665584
86.0,2018,1,119,12,30,22,32,1,81,132,131429,62925,68504,16.358642308775078,9.054318301135975,0.9130405009548882,2.2826012523872206,1.6739075850839615,2.434774669213035,20.977353992848627,11.824127058273968
86.0,2018,2,147,6,41,14,64,0,100,172,131429,62925,68504,20.6955846883108,11.184746136697381,0.4565202504774441,3.1195550449292013,1.065213917780703,4.86954933842607,27.334127930075486,14.597687726264159
86.0,2018,3,141,4,59,19,44,0,111,156,131429,62925,68504,20.315151146246265,10.728225886219935,0.3043468336516294,4.489115796361533,1.4456474598452396,3.347815170167923,24.791418355184746,16.203433376153217
86.0,2018,4,162,10,48,25,43,2,109,175,131429,62925,68504,21.912972022917316,12.326046762890991,0.7608670841290734,3.652162003819553,1.9021677103226837,3.271728461755016,27.8108859753675,15.911479621627935
86.0,2019,1,98,7,29,21,44,0,69,130,135550,64820,70730,14.68092954629288,7.229804500184434,0.516414607156031,2.1394319439321285,1.5492438214680928,3.2460346735521948,20.055538414069733,9.755407889155945
86.0,2019,2,12,3,20,19,21,0,25,50,135550,64820,70730,5.533013648100332,0.885282183696053,0.22132054592401326,1.4754703061600885,1.401696790852084,1.5492438214680928,7.713668620796051,3.5345680757811397
86.0,2019,3,10,7,32,9,25,0,43,40,135550,64820,70730,6.123201770564368,0.7377351530800442,0.516414607156031,2.3607524898561416,0.6639616377720399,1.8443378827001107,6.17093489663684,6.07945709034356
86.0,2019,4,8,5,34,12,25,0,43,41,135550,64820,70730,6.196975285872371,0.5901881224640354,0.3688675765400221,2.5082995204721503,0.885282183696053,1.8443378827001107,6.325208269052761,6.07945709034356
86.0,2020,1,11,5,30,11,15,0,34,38,141294,67547,73747,5.095757781646779,0.7785185499738135,0.35387206816991523,2.1232324090194914,0.7785185499738135,1.0616162045097457,5.625712466874917,4.610357031472467
86.0,2020,2,4,7,10,9,12,0,10,32,141294,67547,73747,2.9725253726272878,0.28309765453593216,0.4954208954378813,0.7077441363398305,0.6369697227058474,0.8492929636077965,4.7374420773683505,1.3559873621977843
86.0,2020,3,9,4,18,15,21,0,25,42,141294,67547,73747,4.741885713476864,0.6369697227058474,0.28309765453593216,1.2739394454116948,1.0616162045097457,1.4862626863136439,6.21789272654596,3.3899684054944608
86.0,2020,4,8,7,39,12,23,0,40,49,141294,67547,73747,6.298922813424491,0.5661953090718643,0.4954208954378813,2.7602021317253387,0.8492929636077965,1.62781151358161,7.254208180970288,5.423949448791137
86.0,2021,1,10,10,21,12,11,0,26,38,146365,69893,76472,4.372630068663956,0.6832234482287431,0.6832234482287431,1.4347692412803608,0.8198681378744919,0.7515457930516175,5.4368820911965425,3.399937231928026
86.0,2021,2,17,6,26,7,22,0,31,47,146365,69893,76472,5.329142896184197,1.1614798619888635,0.40993406893724593,1.7763809653947322,0.47825641376012024,1.503091586103235,6.724564691743093,4.053771314991107
86.0,2021,3,13,3,29,14,37,0,41,55,146365,69893,76472,6.558945102995935,0.8881904826973661,0.20496703446862297,1.9813479998633554,0.9565128275202405,2.5279267584463496,7.8691714477844705,5.361439481117271
86.0,2021,4,19,1,24,10,20,0,32,42,146365,69893,76472,5.055853516892699,1.298124551634612,0.06832234482287432,1.6397362757489837,0.6832234482287431,1.3664468964574863,6.009185469217232,4.184538131603724
86.0,2022,1,11,3,0,12,7,0,9,24,150905,72055,78850,2.1868062688446375,0.7289354229482123,0.19880056989496703,0.0,0.7952022795798681,0.4638679964215897,3.330788980639789,1.14140773620799
86.0,2022,2,8,1,0,8,17,0,8,26,150905,72055,78850,2.253073125476293,0.5301348530532454,0.06626685663165567,0.0,0.5301348530532454,1.1265365627381465,3.608354729026438,1.0145846544071022
86.0,2022,3,10,2,0,12,21,0,7,38,150905,72055,78850,2.9820085484245054,0.6626685663165567,0.13253371326331134,0.0,0.7952022795798681,1.3916039892647691,5.273749219346333,0.8877615726062142
86.0,2022,4,9,1,0,12,10,0,3,29,150905,72055,78850,2.1205394122129815,0.5964017096849011,0.06626685663165567,0.0,0.7952022795798681,0.6626685663165567,4.024703351606412,0.38046924540266325
86.0,2023,1,0,3,0,16,15,0,4,30,155152,74100,81052,2.191399401876869,0.0,0.1933587707538414,0.0,1.0312467773538208,0.966793853769207,4.048582995951417,0.4935103390416029
86.0,2023,2,0,2,0,10,12,0,1,23,155152,74100,81052,1.5468701660307311,0.0,0.1289058471692276,0.0,0.644529235846138,0.7734350830153656,3.1039136302294197,0.12337758476040073
86.0,2023,3,0,8,0,7,13,0,3,25,155152,74100,81052,1.8046818603691863,0.0,0.5156233886769104,0.0,0.4511704650922966,0.8378880065999794,3.3738191632928474,0.3701327542812022
87.0,2015,1,17,1,3,1,0,0,9,13,77392,36620,40772,2.842671077113913,2.1966094686789335,0.12921232168699606,0.3876369650609882,0.12921232168699606,0.0,3.5499726925177497,2.2073972333954677
87.0,2015,2,11,2,3,1,6,0,9,14,77392,36620,40772,2.9718833988009097,1.4213355385569566,0.2584246433739921,0.3876369650609882,0.12921232168699606,0.7752739301219764,3.823047515019115,2.2073972333954677
87.0,2015,3,20,3,9,0,8,0,15,25,77392,36620,40772,5.168492867479843,2.5842464337399216,0.3876369650609882,1.1629108951829645,0.0,1.0336985734959685,6.826870562534134,3.678995388992446
87.0,2015,4,16,4,1,1,5,0,8,19,77392,36620,40772,3.4887326855488943,2.067397146991937,0.5168492867479842,0.12921232168699606,0.12921232168699606,0.6460616084349804,5.188421627525942,1.9621308741293044
87.0,2016,1,37,0,3,0,4,0,19,25,83527,39447,44080,5.267757731033079,4.429705364732362,0.0,0.3591652998431645,0.0,0.47888706645755263,6.33761756280579,4.310344827586206
87.0,2016,2,24,0,5,2,4,0,13,22,83527,39447,44080,4.1902618315035856,2.873322398745316,0.0,0.5986088330719408,0.23944353322877632,0.47888706645755263,5.577103455269095,2.9491833030852996
87.0,2016,3,23,1,2,2,3,0,10,21,83527,39447,44080,3.711374765046033,2.753600632130928,0.11972176661438816,0.23944353322877632,0.23944353322877632,0.3591652998431645,5.323598752756864,2.268602540834846
87.0,2016,4,28,2,5,1,5,0,16,25,83527,39447,44080,4.9085924311899145,3.3522094652028684,0.23944353322877632,0.5986088330719408,0.11972176661438816,0.5986088330719408,6.33761756280579,3.629764065335753
87.0,2017,1,58,3,5,5,7,0,29,49,89932,42405,47527,8.673219766045456,6.449317261931237,0.333585375617133,0.555975626028555,0.555975626028555,0.7783658764399769,11.555241127225564,6.101794769289036
87.0,2017,2,36,3,6,1,5,0,16,35,89932,42405,47527,5.670951385491261,4.003024507405595,0.333585375617133,0.667170751234266,0.11119512520571098,0.555975626028555,8.253743662303973,3.3665074589180883
87.0,2017,3,51,3,1,4,8,0,20,47,89932,42405,47527,7.450073388782636,5.670951385491261,0.333585375617133,0.11119512520571098,0.4447805008228439,0.8895610016456879,11.083598632236765,4.208134323647611
87.0,2017,4,69,5,2,3,7,0,38,48,89932,42405,47527,9.562780767691144,7.672463639194057,0.555975626028555,0.22239025041142196,0.333585375617133,0.7783658764399769,11.319419879731162,7.995455214930461
87.0,2018,1,62,2,26,4,20,0,51,63,97019,45633,51386,11.750275719189025,6.390500829734382,0.2061451880559478,2.6798874447273215,0.4122903761118956,2.061451880559478,13.805798435342844,9.924882263651579
87.0,2018,2,87,8,43,10,18,0,77,89,97019,45633,51386,17.110050608643668,8.96731568043373,0.8245807522237912,4.432121543202878,1.030725940279739,1.8553066925035302,19.503429535643065,14.984626162768068
87.0,2018,3,80,4,28,8,10,0,62,68,97019,45633,51386,13.399437223636607,8.245807522237913,0.4122903761118956,2.8860326327832695,0.8245807522237912,1.030725940279739,14.901496723862117,12.065543144047016
87.0,2018,4,79,2,22,20,20,1,55,86,97019,45633,51386,14.739380946000267,8.142734928209938,0.2061451880559478,2.267597068615426,2.061451880559478,2.061451880559478,18.846010562531504,10.703304401977192
87.0,2019,1,54,4,19,7,25,0,38,71,102194,48023,54171,10.665988218486408,5.284067557782257,0.3914124116875746,1.8592089555159794,0.6849717204532556,2.4463275730473413,14.784582387605939,7.014823429510255
87.0,2019,2,3,2,32,5,9,0,30,21,102194,48023,54171,4.990508249016576,0.2935593087656809,0.1957062058437873,3.131299293500597,0.48926551460946827,0.8806779262970429,4.372904649855278,5.538018496981779
87.0,2019,3,6,5,45,2,2,0,39,21,102194,48023,54171,5.871186175313619,0.5871186175313619,0.48926551460946827,4.403389631485215,0.1957062058437873,0.1957062058437873,4.372904649855278,7.199424046076314
87.0,2019,4,8,9,25,8,10,0,30,30,102194,48023,54171,5.871186175313619,0.7828248233751492,0.8806779262970429,2.4463275730473413,0.7828248233751492,0.9785310292189365,6.247006642650396,5.538018496981779
87.0,2020,1,7,3,24,2,5,0,25,16,110561,51998,58563,3.7083600908095984,0.6331346496504193,0.2713434212787511,2.170747370230009,0.18089561418583405,0.45223903546458516,3.0770414246701794,4.268906989054522
87.0,2020,2,6,1,10,3,6,0,13,13,110561,51998,58563,2.3516429844158426,0.5426868425575022,0.09044780709291703,0.9044780709291703,0.2713434212787511,0.5426868425575022,2.5000961575445206,2.2198316343083517
87.0,2020,3,4,0,19,0,6,0,17,12,110561,51998,58563,2.622986405694594,0.3617912283716681,0.0,1.7185083347654238,0.0,0.5426868425575022,2.307781068502635,2.902856752557075
87.0,2020,4,6,5,19,7,14,0,20,31,110561,51998,58563,4.612838161738768,0.5426868425575022,0.45223903546458516,1.7185083347654238,0.6331346496504193,1.2662692993008386,5.961767760298473,3.4151255912436183
87.0,2021,1,7,6,15,8,9,0,17,28,118700,55819,62881,3.791069924178602,0.5897219882055602,0.5054759898904803,1.2636899747262005,0.6739679865206403,0.7582139848357203,5.016213117397302,2.7035193460663796
87.0,2021,2,9,2,14,5,10,0,18,22,118700,55819,62881,3.3698399326032016,0.7582139848357203,0.16849199663016007,1.1794439764111204,0.4212299915754002,0.8424599831508004,3.941310306526452,2.8625498958349898
87.0,2021,3,6,1,18,2,11,0,20,18,118700,55819,62881,3.201347935973041,0.5054759898904803,0.08424599831508003,1.5164279696714407,0.16849199663016007,0.9267059814658803,3.2247084326125512,3.180610995372211
87.0,2021,4,5,3,16,8,9,0,21,20,118700,55819,62881,3.4540859309182816,0.4212299915754002,0.25273799494524013,1.3479359730412805,0.6739679865206403,0.7582139848357203,3.583009369569502,3.3396415451408217
87.0,2022,1,7,1,0,3,18,0,5,24,126657,59614,67043,2.2896484205373566,0.5526737566814309,0.078953393811633,0.0,0.23686018143489898,1.4211610886093937,4.025899956386084,0.7457900153632743
87.0,2022,2,8,3,0,10,12,0,8,25,126657,59614,67043,2.6054619957838887,0.631627150493064,0.23686018143489898,0.0,0.7895339381163299,0.9474407257395959,4.19364578790217,1.193264024581239
87.0,2022,3,7,2,0,5,10,0,7,17,126657,59614,67043,1.8948814514791918,0.5526737566814309,0.157906787623266,0.0,0.39476696905816494,0.7895339381163299,2.851679135773476,1.044106021508584
87.0,2022,4,4,2,0,8,9,0,5,18,126657,59614,67043,1.815928057667559,0.315813575246532,0.157906787623266,0.0,0.631627150493064,0.7105805443046969,3.019424967289563,0.7457900153632743
87.0,2023,1,0,11,0,9,20,0,5,35,134567,63412,71155,2.97249697176871,0.0,0.8174366672363952,0.0,0.6688118186479598,1.486248485884355,5.519460039109317,0.7026913077085236
87.0,2023,2,0,7,0,3,12,0,3,19,134567,63412,71155,1.6348733344727904,0.0,0.5201869700595243,0.0,0.22293727288265325,0.891749091530613,2.9962783069450576,0.42161478462511415
87.0,2023,3,0,1,0,3,14,0,1,17,134567,63412,71155,1.3376236372959196,0.0,0.07431242429421775,0.0,0.22293727288265325,1.0403739401190486,2.6808805904245254,0.14053826154170473
88.0,2015,1,76,0,2,1,0,0,27,52,35938,15805,20133,21.9823028549168,21.147531860426287,0.0,0.5565139963270076,0.2782569981635038,0.0,32.9009807023094,13.410818059901654
88.0,2015,2,79,0,7,1,0,0,43,44,35938,15805,20133,24.208358840224832,21.9823028549168,0.0,1.9477989871445267,0.2782569981635038,0.0,27.839291363492567,21.357969502806338
88.0,2015,3,65,0,10,2,1,0,39,39,35938,15805,20133,21.704045856753297,18.086704880627746,0.0,2.782569981635038,0.5565139963270076,0.2782569981635038,24.675735526732048,19.371181642080167
88.0,2015,4,73,0,3,0,0,0,30,46,35938,15805,20133,21.147531860426287,20.312760865935775,0.0,0.8347709944905114,0.0,0.0,29.104713698196775,14.900908955446281
88.0,2016,1,87,0,4,0,3,0,38,56,36121,15968,20153,26.023642756291352,24.085711912737743,0.0,1.1073890534592066,0.0,0.830541790094405,35.07014028056112,18.855753485833375
88.0,2016,2,68,0,2,0,1,0,32,39,36121,15968,20153,19.656155698900918,18.825613908806513,0.0,0.5536945267296033,0.0,0.27684726336480164,24.42384769539078,15.878529251228105
88.0,2016,3,57,1,2,1,1,0,31,31,36121,15968,20153,17.1645303286177,15.780294011793693,0.27684726336480164,0.5536945267296033,0.27684726336480164,0.27684726336480164,19.41382765531062,15.382325212127228
88.0,2016,4,61,0,2,1,0,0,27,37,36121,15968,20153,17.718224855347305,16.8876830652529,0.0,0.5536945267296033,0.27684726336480164,0.0,23.171342685370742,13.397509055723715
88.0,2017,1,102,0,3,1,1,0,39,68,36326,16142,20184,29.455486428453447,28.07906182899301,0.0,0.8258547596762649,0.2752849198920883,0.2752849198920883,42.12613059100483,19.322235434007133
88.0,2017,2,93,0,3,1,0,0,36,61,36326,16142,20184,26.702637229532566,25.60149754996421,0.0,0.8258547596762649,0.2752849198920883,0.0,37.78961714781315,17.8359096313912
88.0,2017,3,177,0,2,3,2,0,80,104,36326,16142,20184,50.65242526014425,48.72543082089963,0.0,0.5505698397841766,0.8258547596762649,0.5505698397841766,64.42819972741916,39.63535473642489
88.0,2017,4,202,1,1,1,2,0,97,110,36326,16142,20184,56.98397841766228,55.607553818201836,0.2752849198920883,0.2752849198920883,0.2752849198920883,0.5505698397841766,68.14521125015487,48.05786761791518
88.0,2018,1,162,0,8,7,2,0,90,89,36695,16397,20298,48.78048780487805,44.147704046872875,0.0,2.1801335331789073,1.907616841531544,0.5450333832947268,54.27822162590717,44.33934377771209
88.0,2018,2,216,0,4,0,0,0,118,102,36695,16397,20298,59.95367216241994,58.8636053958305,0.0,1.0900667665894537,0.0,0.0,62.20650118924194,58.13380628633363
88.0,2018,3,243,0,8,0,0,0,102,149,36695,16397,20298,68.40168960348821,66.2215560703093,0.0,2.1801335331789073,0.0,0.0,90.87028114899067,50.25125628140704
88.0,2018,4,243,0,0,2,0,0,114,131,36695,16397,20298,66.76658945360403,66.2215560703093,0.0,0.0,0.5450333832947268,0.0,79.89266329206562,56.16316878510198
88.0,2019,1,159,0,8,1,1,0,88,81,38133,17147,20986,44.3185692182624,41.69616867280308,0.0,2.097920436367451,0.26224005454593136,0.26224005454593136,47.23858400886453,41.932717049461544
88.0,2019,2,8,0,3,1,0,0,8,4,38133,17147,20986,3.146880654551176,2.097920436367451,0.0,0.786720163637794,0.26224005454593136,0.0,2.3327695806846678,3.812065186314686
88.0,2019,3,19,0,1,1,1,0,10,12,38133,17147,20986,5.769281200010489,4.9825610363726955,0.0,0.26224005454593136,0.26224005454593136,0.26224005454593136,6.998308742054004,4.765081482893358
88.0,2019,4,15,0,1,3,1,0,7,13,38133,17147,20986,5.244801090918627,3.93360081818897,0.0,0.26224005454593136,0.786720163637794,0.26224005454593136,7.58150113722517,3.33555703802535
88.0,2020,1,15,0,3,1,0,0,11,8,38690,17433,21257,4.910829671749807,3.8769707934866893,0.0,0.7753941586973379,0.25846471956577927,0.0,4.588997877588481,5.174765959448652
88.0,2020,2,2,0,1,2,0,0,1,4,38690,17433,21257,1.2923235978288963,0.5169294391315585,0.0,0.25846471956577927,0.5169294391315585,0.0,2.2944989387942405,0.4704332690407866
88.0,2020,3,7,0,5,1,1,0,8,6,38690,17433,21257,3.61850607392091,1.809253036960455,0.0,1.2923235978288963,0.25846471956577927,0.25846471956577927,3.4417484081913616,3.7634661523262927
88.0,2020,4,9,0,3,0,0,0,8,4,38690,17433,21257,3.1015766347893514,2.3261824760920136,0.0,0.7753941586973379,0.0,0.0,2.2944989387942405,3.7634661523262927
88.0,2021,1,11,1,1,1,1,0,5,10,38828,17502,21326,3.863191511280519,2.8330071082723807,0.2575461007520346,0.2575461007520346,0.2575461007520346,0.2575461007520346,5.713632727688264,2.3445559411047547
88.0,2021,2,13,1,6,0,3,0,12,11,38828,17502,21326,5.923560317296796,3.34809930977645,0.2575461007520346,1.5452766045122077,0.0,0.7726383022561039,6.284996000457091,5.626934258651412
88.0,2021,3,10,0,3,1,1,0,9,6,38828,17502,21326,3.863191511280519,2.5754610075203463,0.0,0.7726383022561039,0.2575461007520346,0.2575461007520346,3.428179636612959,4.220200693988558
88.0,2021,4,12,0,3,2,0,0,10,7,38828,17502,21326,4.378283712784588,3.0905532090244154,0.0,0.7726383022561039,0.5150922015040692,0.0,3.999542909381785,4.6891118822095095
88.0,2022,1,13,0,0,0,0,0,5,8,38675,17397,21278,3.361344537815126,3.361344537815126,0.0,0.0,0.0,0.0,4.598493993217222,2.3498449102359245
88.0,2022,2,12,0,0,2,1,0,6,9,38675,17397,21278,3.878474466709761,3.1027795733678087,0.0,0.0,0.5171299288946348,0.2585649644473174,5.173305742369374,2.819813892283109
88.0,2022,3,5,0,0,1,2,0,1,7,38675,17397,21278,2.0685197155785393,1.292824822236587,0.0,0.0,0.2585649644473174,0.5171299288946348,4.023682244065069,0.4699689820471849
88.0,2022,4,12,0,0,3,0,0,6,9,38675,17397,21278,3.878474466709761,3.1027795733678087,0.0,0.0,0.7756948933419522,0.0,5.173305742369374,2.819813892283109
88.0,2023,1,0,0,0,0,1,0,0,1,38433,17254,21179,0.2601930632529337,0.0,0.0,0.0,0.0,0.2601930632529337,0.579575750550597,0.0
88.0,2023,2,0,0,0,2,4,0,1,5,38433,17254,21179,1.5611583795176023,0.0,0.0,0.0,0.5203861265058674,1.0407722530117347,2.897878752752985,0.47216582463761275
88.0,2023,3,0,0,0,0,2,0,1,1,38433,17254,21179,0.5203861265058674,0.0,0.0,0.0,0.0,0.5203861265058674,0.579575750550597,0.47216582463761275
89.0,2015,1,3,0,1,0,0,0,2,2,14537,7178,7359,2.7515993671321457,2.0636995253491093,0.0,0.6878998417830364,0.0,0.0,2.7862914460852606,2.7177605652941974
89.0,2015,2,2,1,2,0,0,0,3,2,14537,7178,7359,3.4394992089151817,1.3757996835660729,0.6878998417830364,1.3757996835660729,0.0,0.0,2.7862914460852606,4.076640847941296
89.0,2015,3,2,0,1,0,0,0,1,2,14537,7178,7359,2.0636995253491093,1.3757996835660729,0.0,0.6878998417830364,0.0,0.0,2.7862914460852606,1.3588802826470987
89.0,2015,4,7,1,1,0,0,0,3,6,14537,7178,7359,6.191098576047327,4.8152988924812545,0.6878998417830364,0.6878998417830364,0.0,0.0,8.35887433825578,4.076640847941296
89.0,2016,1,7,1,1,0,0,0,4,5,14743,7281,7462,6.104592009767347,4.748016007596826,0.6782880010852608,0.6782880010852608,0.0,0.0,6.867188572998214,5.3604931653712145
89.0,2016,2,3,0,2,0,0,0,4,1,14743,7281,7462,3.3914400054263036,2.0348640032557825,0.0,1.3565760021705215,0.0,0.0,1.373437714599643,5.3604931653712145
89.0,2016,3,8,0,0,0,0,0,5,3,14743,7281,7462,5.426304008682086,5.426304008682086,0.0,0.0,0.0,0.0,4.120313143798929,6.700616456714018
89.0,2016,4,3,0,2,0,0,0,2,3,14743,7281,7462,3.3914400054263036,2.0348640032557825,0.0,1.3565760021705215,0.0,0.0,4.120313143798929,2.6802465826856072
89.0,2017,1,15,0,1,0,1,0,4,13,14950,7386,7564,11.371237458193981,10.03344481605351,0.0,0.6688963210702341,0.0,0.6688963210702341,17.60086650419713,5.288207297726071
89.0,2017,2,12,0,2,0,1,0,4,11,14950,7386,7564,10.03344481605351,8.02675585284281,0.0,1.3377926421404682,0.0,0.6688963210702341,14.893040888166803,5.288207297726071
89.0,2017,3,10,0,5,0,0,0,10,5,14950,7386,7564,10.03344481605351,6.688963210702341,0.0,3.3444816053511706,0.0,0.0,6.769564040075819,13.220518244315176
89.0,2017,4,6,0,3,2,0,0,6,5,14950,7386,7564,7.357859531772575,4.013377926421405,0.0,2.0066889632107023,1.3377926421404682,0.0,6.769564040075819,7.932310946589106
89.0,2018,1,6,0,6,2,2,0,7,9,15231,7533,7698,10.504891340030202,3.9393342525113253,0.0,3.9393342525113253,1.3131114175037752,1.3131114175037752,11.947431302270012,9.093270979475188
89.0,2018,2,8,0,3,0,0,0,5,6,15231,7533,7698,7.222112796270763,5.252445670015101,0.0,1.9696671262556626,0.0,0.0,7.964954201513341,6.495193556767992
89.0,2018,3,13,0,4,0,0,0,13,4,15231,7533,7698,11.161447048782088,8.535224213774539,0.0,2.6262228350075505,0.0,0.0,5.309969467675561,16.88750324759678
89.0,2018,4,12,2,11,0,0,0,15,10,15231,7533,7698,16.41389271879719,7.878668505022651,1.3131114175037752,7.222112796270763,0.0,0.0,13.274923669188903,19.485580670303975
89.0,2019,1,13,0,8,2,0,0,13,10,15994,7940,8054,14.380392647242717,8.128048018006751,0.0,5.00187570338877,1.2504689258471926,0.0,12.594458438287154,16.14104792649615
89.0,2019,2,2,0,2,0,1,0,2,3,15994,7940,8054,3.126172314617982,1.2504689258471926,0.0,1.2504689258471926,0.0,0.6252344629235963,3.778337531486146,2.4832381425378696
89.0,2019,3,1,1,4,1,0,0,5,2,15994,7940,8054,4.376641240465174,0.6252344629235963,0.6252344629235963,2.500937851694385,0.6252344629235963,0.0,2.5188916876574305,6.208095356344674
89.0,2019,4,2,1,1,1,1,0,3,3,15994,7940,8054,3.751406777541578,1.2504689258471926,0.6252344629235963,0.6252344629235963,0.6252344629235963,0.6252344629235963,3.778337531486146,3.7248572138068043
89.0,2020,1,1,0,1,2,0,0,1,3,16346,8099,8247,2.447081854888046,0.6117704637220115,0.0,0.6117704637220115,1.223540927444023,0.0,3.704161007531794,1.2125621438098702
89.0,2020,2,0,0,3,1,0,0,4,0,16346,8099,8247,2.447081854888046,0.0,0.0,1.8353113911660346,0.6117704637220115,0.0,0.0,4.850248575239481
89.0,2020,3,0,1,3,3,0,0,3,4,16346,8099,8247,4.28239324605408,0.0,0.6117704637220115,1.8353113911660346,1.8353113911660346,0.0,4.9388813433757255,3.6376864314296107
89.0,2020,4,0,1,2,0,1,0,3,1,16346,8099,8247,2.447081854888046,0.0,0.6117704637220115,1.223540927444023,0.0,0.6117704637220115,1.2347203358439314,3.6376864314296107
89.0,2021,1,0,0,6,1,1,0,6,2,16520,8159,8361,4.842615012106537,0.0,0.0,3.631961259079903,0.6053268765133172,0.6053268765133172,2.4512807942149775,7.176175098672408
89.0,2021,2,0,1,7,0,0,0,2,6,16520,8159,8361,4.842615012106537,0.0,0.6053268765133172,4.237288135593221,0.0,0.0,7.353842382644932,2.392058366224136
89.0,2021,3,0,1,1,1,2,0,1,4,16520,8159,8361,3.026634382566586,0.0,0.6053268765133172,0.6053268765133172,0.6053268765133172,1.2106537530266344,4.902561588429955,1.196029183112068
89.0,2021,4,2,3,2,0,0,0,3,4,16520,8159,8361,4.237288135593221,1.2106537530266344,1.8159806295399514,1.2106537530266344,0.0,0.0,4.902561588429955,3.588087549336204
89.0,2022,2,1,0,0,1,1,0,0,3,16570,8137,8433,1.8105009052504526,0.6035003017501508,0.0,0.0,0.6035003017501508,0.6035003017501508,3.6868624800294953,0.0
89.0,2022,3,1,2,0,0,3,0,2,4,16570,8137,8433,3.621001810500905,0.6035003017501508,1.2070006035003016,0.0,0.0,1.8105009052504526,4.915816640039326,2.3716352424997034
89.0,2022,4,1,0,0,0,0,0,0,1,16570,8137,8433,0.6035003017501508,0.6035003017501508,0.0,0.0,0.0,0.0,1.2289541600098315,0.0
89.0,2023,1,0,2,0,0,1,0,0,3,16570,8094,8476,1.8105009052504526,0.0,1.2070006035003016,0.0,0.0,0.6035003017501508,3.7064492216456633,0.0
89.0,2023,2,0,1,0,0,1,0,1,1,16570,8094,8476,1.2070006035003016,0.0,0.6035003017501508,0.0,0.0,0.6035003017501508,1.2354830738818878,1.179801793298726
89.0,2023,3,0,1,0,0,0,0,0,1,16570,8094,8476,0.6035003017501508,0.0,0.6035003017501508,0.0,0.0,0.0,1.2354830738818878,0.0
90.0,2015,1,295,1,7,0,3,0,116,190,44638,21636,23002,68.55145839867377,66.08719028630316,0.2240243738518751,1.5681706169631258,0.0,0.6720731215556253,87.8166019596968,50.43039735675159
90.0,2015,2,214,5,16,0,1,0,92,144,44638,21636,23002,52.86975222904252,47.94121600430127,1.1201218692593753,3.5843899816300016,0.0,0.2240243738518751,66.55574043261231,39.996522041561605
90.0,2015,3,116,2,15,1,3,0,55,82,44638,21636,23002,30.691339217706886,25.986827366817508,0.4480487477037502,3.3603656077781263,0.2240243738518751,0.6720731215556253,37.899796635237564,23.910964263977046
90.0,2015,4,83,2,16,2,1,0,41,63,44638,21636,23002,23.29853488059501,18.59402302970563,0.4480487477037502,3.5843899816300016,0.4480487477037502,0.2240243738518751,29.118136439267886,17.82453699678289
90.0,2016,1,123,4,10,1,5,0,64,79,45110,21916,23194,31.70028818443804,27.266681445355793,0.8867213478164486,2.216803369541122,0.22168033695411216,1.108401684770561,36.04672385471801,27.593343105975684
90.0,2016,2,92,3,4,1,2,0,36,66,45110,21916,23194,22.61139436931944,20.39459099977832,0.6650410108623365,0.8867213478164486,0.22168033695411216,0.4433606739082243,30.114984486220113,15.521255497111323
90.0,2016,3,140,7,7,4,1,0,60,99,45110,21916,23194,35.24717357570383,31.035247173575705,1.5517623586787852,1.5517623586787852,0.8867213478164486,0.22168033695411216,45.17247672933017,25.868759161852203
90.0,2016,4,122,14,9,4,7,0,62,94,45110,21916,23194,34.5821325648415,27.045001108401685,3.1035247173575704,1.9951230325870095,0.8867213478164486,1.5517623586787852,42.89103851067713,26.73105113391394
90.0,2017,1,169,2,15,2,8,0,85,111,45607,22212,23395,42.975858969017914,37.05571513144912,0.438529173153244,3.28896879864933,0.438529173153244,1.754116692612976,49.97298757428417,36.33254969010473
90.0,2017,2,218,1,12,2,7,0,90,150,45607,22212,23395,52.62350077838928,47.799679873703596,0.219264586576622,2.631175038919464,0.438529173153244,1.5348521060363542,67.53106428957321,38.469758495405
90.0,2017,3,266,1,9,3,5,0,119,165,45607,22212,23395,62.27114258776066,58.32438002938145,0.219264586576622,1.9733812791895982,0.657793759729866,1.0963229328831101,74.28417071853053,50.86556956614662
90.0,2017,4,259,8,20,4,1,0,117,175,45607,22212,23395,64.02525928037362,56.7895279233451,1.754116692612976,4.3852917315324405,0.877058346306488,0.219264586576622,78.78624167116872,50.01068604402651
90.0,2018,1,261,4,39,10,6,0,141,179,46307,22621,23686,69.10402314984776,56.362968881594576,0.8638002893730969,8.422052821387695,2.1595007234327426,1.2957004340596456,79.13001193581185,59.52883559908807
90.0,2018,2,288,6,54,2,2,0,158,194,46307,22621,23686,76.01442546483253,62.193620834862976,1.2957004340596456,11.661303906536808,0.43190014468654847,0.43190014468654847,85.76101852261174,66.70607109685047
90.0,2018,3,224,6,113,6,4,0,196,157,46307,22621,23686,76.2303755371758,48.372816204893425,1.2957004340596456,24.40235817478999,1.2957004340596456,0.8638002893730969,69.40453560850537,82.7493033859664
90.0,2018,4,244,4,58,6,4,1,143,171,46307,22621,23686,68.24022286047466,52.69181765175891,0.8638002893730969,12.525104195909906,1.2957004340596456,0.8638002893730969,75.59347508951859,60.37321624588365
90.0,2019,1,162,2,30,1,2,0,84,113,48445,23772,24673,40.66467127670555,33.439983486427906,0.41283930230157906,6.1925895345236865,0.20641965115078953,0.41283930230157906,47.5349150260811,34.045312689985
90.0,2019,2,17,1,17,9,5,0,25,24,48445,23772,24673,10.114562906388688,3.509134069563422,0.20641965115078953,3.509134069563422,1.8577768603571059,1.0320982557539478,10.095911155981828,10.132533538686014
90.0,2019,3,15,5,32,8,6,0,35,31,48445,23772,24673,13.62369697595211,3.0962947672618433,1.0320982557539478,6.605428836825265,1.6513572092063162,1.2385179069047372,13.04055190980986,14.185546954160419
90.0,2019,4,11,3,15,4,2,0,21,14,48445,23772,24673,7.224687790277634,2.270616162658685,0.6192589534523686,3.0962947672618433,0.8256786046031581,0.41283930230157906,5.889281507656065,8.51132817249625
90.0,2020,1,11,4,12,6,4,0,15,22,49381,24226,25155,7.492760373422977,2.227577408314939,0.8100281484781596,2.430084445434479,1.2150422227172395,0.8100281484781596,9.081152480805745,5.963029218843172
90.0,2020,2,5,4,6,2,2,0,8,11,49381,24226,25155,3.8476337052712584,1.0125351855976996,0.8100281484781596,1.2150422227172395,0.4050140742390798,0.4050140742390798,4.540576240402872,3.1802822500496917
90.0,2020,3,5,4,12,2,4,0,12,15,49381,24226,25155,5.4676900022275765,1.0125351855976996,0.8100281484781596,2.430084445434479,0.4050140742390798,0.8100281484781596,6.191694873276645,4.770423375074538
90.0,2020,4,8,1,9,2,8,0,8,20,49381,24226,25155,5.6701970393471175,1.6200562969563193,0.2025070371195399,1.8225633340758591,0.4050140742390798,1.6200562969563193,8.255593164368861,3.1802822500496917
90.0,2021,1,8,0,19,1,3,0,18,13,49773,24378,25395,6.228276374741326,1.6072971289655034,0.0,3.8173306812930705,0.20091214112068792,0.6027364233620638,5.3326770038559355,7.088009450679268
90.0,2021,2,6,2,10,0,4,0,12,10,49773,24378,25395,4.420067104655135,1.2054728467241276,0.40182428224137584,2.009121411206879,0.0,0.8036485644827517,4.102059233735336,4.725339633786178
90.0,2021,3,26,2,9,8,7,0,20,32,49773,24378,25395,10.447431338275772,5.223715669137886,0.40182428224137584,1.8082092700861914,1.6072971289655034,1.4063849878448156,13.126589547953072,7.875566056310297
90.0,2021,4,25,2,14,7,1,0,25,24,49773,24378,25395,9.844694914913708,5.0228035280171985,0.40182428224137584,2.812769975689631,1.4063849878448156,0.20091214112068792,9.844942160964804,9.844457570387872
90.0,2022,1,7,1,0,4,7,0,4,15,49804,24291,25513,3.814954622118705,1.4055095976226808,0.20078708537466872,0.0,0.8031483414986749,1.4055095976226808,6.175126590095097,1.567828166033003
90.0,2022,2,5,0,0,2,7,0,5,9,49804,24291,25513,2.8110191952453616,1.0039354268733434,0.0,0.0,0.40157417074933743,1.4055095976226808,3.705075954057058,1.9597852075412534
90.0,2022,3,14,1,0,6,10,0,9,22,49804,24291,25513,6.22439964661473,2.8110191952453616,0.20078708537466872,0.0,1.2047225122480123,2.0078708537466867,9.056852332139476,3.527613373574256
90.0,2022,4,34,2,0,4,9,0,20,29,49804,24291,25513,9.838567183358766,6.8267609027387355,0.40157417074933743,0.0,0.8031483414986749,1.8070837683720185,11.938578074183853,7.839140830165014
90.0,2023,1,0,1,0,5,4,0,1,9,49682,24144,25538,2.0128014170121977,0.0,0.20128014170121977,0.0,1.0064007085060989,0.8051205668048791,3.7276341948310137,0.39157334168689795
90.0,2023,2,0,0,0,2,2,0,1,3,49682,24144,25538,0.8051205668048791,0.0,0.0,0.0,0.40256028340243954,0.40256028340243954,1.2425447316103377,0.39157334168689795
90.0,2023,3,0,0,0,4,4,0,0,8,49682,24144,25538,1.6102411336097582,0.0,0.0,0.0,0.8051205668048791,0.8051205668048791,3.313452617627568,0.0
91.0,2015,1,102,0,2,1,0,0,44,61,8934,4452,4482,117.52854264607119,114.17058428475487,0.0,2.238638907544213,1.1193194537721065,0.0,137.01707097933513,98.17045961624275
91.0,2015,2,87,0,5,0,2,0,53,41,8934,4452,4482,105.21602865457803,97.38079247817328,0.0,5.596597268860533,0.0,2.238638907544213,92.09344115004491,118.25078090138332
91.0,2015,3,97,0,1,0,1,0,41,58,8934,4452,4482,110.81262592343855,108.57398701589433,0.0,1.1193194537721065,0.0,1.1193194537721065,130.2785265049416,91.47701918786257
91.0,2015,4,76,0,4,0,4,0,34,50,8934,4452,4482,94.02283411685696,85.0682784866801,0.0,4.477277815088426,0.0,4.477277815088426,112.30907457322552,75.85899152164212
91.0,2016,1,118,1,1,0,2,0,53,68,9270,4618,4652,131.60733549083062,127.2923408845739,1.0787486515641855,1.0787486515641855,0.0,2.157497303128371,147.2498917280208,113.92949269131557
91.0,2016,2,109,1,6,2,2,0,61,59,9270,4618,4652,129.44983818770228,117.58360302049623,1.0787486515641855,6.472491909385114,2.157497303128371,2.157497303128371,127.76093546990039,131.12639724849527
91.0,2016,3,103,0,2,0,3,0,41,67,9270,4618,4652,116.50485436893204,111.11111111111111,0.0,2.157497303128371,0.0,3.236245954692557,145.08445214378517,88.134135855546
91.0,2016,4,106,0,3,0,1,0,42,68,9270,4618,4652,118.66235167206041,114.34735706580366,0.0,3.236245954692557,0.0,1.0787486515641855,147.2498917280208,90.28374892519346
91.0,2017,1,260,0,8,10,4,0,124,158,9622,4793,4829,293.0783620868842,270.21409270421947,0.0,8.314279775514446,10.392849719393059,4.157139887757223,329.64740246192366,256.7819424311452
91.0,2017,2,450,0,18,22,17,0,187,320,9622,4793,4829,526.917480773228,467.6782373726876,0.0,18.707129494907505,22.864269382664727,17.6678445229682,667.6403087836428,387.24373576309796
91.0,2017,3,412,0,21,14,12,0,201,256,9622,4793,4829,477.0318021201413,428.185408438994,0.0,21.82498441072542,14.54998960715028,12.47141966327167,534.1122470269142,416.2352453924208
91.0,2017,4,399,0,23,16,7,0,227,218,9622,4793,4829,462.48181251299104,414.67470380378296,0.0,23.903554354604033,16.628559551028893,7.27499480357514,454.8299603588567,470.07662041830605
91.0,2018,1,401,0,30,2,4,1,221,214,10027,4998,5029,435.82327715169043,399.92021541837045,0.0,29.919218111100033,1.994614540740002,3.989229081480004,428.17126850740294,439.45118313780074
91.0,2018,2,422,0,22,2,7,1,207,244,10027,4998,5029,451.7801934776104,420.86366809614043,0.0,21.940759948140023,1.994614540740002,6.981150892590007,488.1952781112445,411.61264664943326
91.0,2018,3,421,0,12,2,2,0,211,226,10027,4998,5029,435.82327715169043,419.8663608257704,0.0,11.967687244440013,1.994614540740002,1.994614540740002,452.18087234893954,419.5665142175383
91.0,2018,4,408,0,9,12,0,0,193,236,10027,4998,5029,427.8448189887304,406.9013663109604,0.0,8.97576543333001,11.967687244440013,0.0,472.1888755502201,383.77411016106583
91.0,2019,1,309,0,4,2,1,0,137,179,10453,5227,5226,302.3055582129532,295.60891610064095,0.0,3.8266526356070023,1.9133263178035012,0.9566631589017506,342.4526497034628,262.1507845388442
91.0,2019,2,24,0,5,1,1,0,14,17,10453,5227,5226,29.65655792595427,22.95991581364202,0.0,4.783315794508753,0.9566631589017506,0.9566631589017506,32.5234360053568,26.789131266743205
91.0,2019,3,24,0,3,2,0,0,13,16,10453,5227,5226,27.74323160815077,22.95991581364202,0.0,2.8699894767052525,1.9133263178035012,0.0,30.61029271092405,24.87562189054726
91.0,2019,4,34,0,12,1,1,0,27,21,10453,5227,5226,45.91983162728404,32.526547402659524,0.0,11.47995790682101,0.9566631589017506,0.9566631589017506,40.176009183087814,51.66475315729047
91.0,2020,1,22,0,7,0,0,0,15,14,10950,5474,5476,26.484018264840184,20.09132420091324,0.0,6.392694063926941,0.0,0.0,25.575447570332482,27.39225712198685
91.0,2020,2,4,1,4,1,2,0,7,5,10950,5474,5476,10.95890410958904,3.6529680365296806,0.9132420091324202,3.6529680365296806,0.9132420091324202,1.8264840182648403,9.134088417975885,12.783053323593865
91.0,2020,3,7,1,4,1,0,0,6,7,10950,5474,5476,11.87214611872146,6.392694063926941,0.9132420091324202,3.6529680365296806,0.9132420091324202,0.0,12.787723785166241,10.95690284879474
91.0,2020,4,13,0,15,3,0,0,18,13,10950,5474,5476,28.310502283105023,11.87214611872146,0.0,13.698630136986301,2.73972602739726,0.0,23.7486298867373,32.87070854638422
91.0,2021,1,15,0,34,3,2,0,32,22,11465,5724,5741,47.099869167030086,13.083296990841692,0.0,29.65547317924117,2.6166593981683386,1.7444395987788923,38.43466107617051,55.739418219822326
91.0,2021,2,14,0,41,2,3,0,35,25,11465,5724,5741,52.33318796336677,12.211077191452246,0.0,35.761011774967294,1.7444395987788923,2.6166593981683386,43.675751222921036,60.96498867793067
91.0,2021,3,18,1,23,3,7,0,24,28,11465,5724,5741,45.3554295682512,15.699956389010032,0.8722197993894462,20.06105538595726,2.6166593981683386,6.105538595726123,48.91684136967156,41.80456366486675
91.0,2021,4,20,1,47,4,1,3,28,42,11465,5724,5741,63.67204535542957,17.444395987788923,0.8722197993894462,40.99433057130397,3.4888791975577846,0.8722197993894462,73.37526205450735,48.77199094234454
91.0,2022,1,12,1,0,2,1,0,2,14,11907,5937,5970,13.437473754934071,10.078105316200554,0.8398421096833795,0.0,1.679684219366759,0.8398421096833795,23.58093313121105,3.3500837520938025
91.0,2022,2,14,0,0,2,0,0,8,8,11907,5937,5970,13.437473754934071,11.757789535567314,0.0,0.0,1.679684219366759,0.0,13.4748189321206,13.40033500837521
91.0,2022,3,16,0,0,4,5,0,7,18,11907,5937,5970,20.99605274208449,13.437473754934071,0.0,0.0,3.359368438733518,4.199210548416898,30.31834259727135,11.725293132328307
91.0,2022,4,16,1,0,3,5,0,6,19,11907,5937,5970,20.99605274208449,13.437473754934071,0.8398421096833795,0.0,2.5195263290501386,4.199210548416898,32.002694963786425,10.050251256281408
91.0,2023,1,0,1,0,2,1,0,0,4,12332,6149,6183,3.243593902043464,0.0,0.810898475510866,0.0,1.621796951021732,0.810898475510866,6.505122784192552,0.0
91.0,2023,2,0,1,0,2,1,0,0,4,12332,6149,6183,3.243593902043464,0.0,0.810898475510866,0.0,1.621796951021732,0.810898475510866,6.505122784192552,0.0
91.0,2023,3,0,0,0,3,4,0,1,6,12332,6149,6183,5.676289328576062,0.0,0.0,0.0,2.432695426532598,3.243593902043464,9.757684176288828,1.6173378618793466
92.0,2015,1,67,4,1,1,2,0,26,49,12122,5885,6237,61.870978386404886,55.2714073585217,3.2997855139415937,0.8249463784853984,0.8249463784853984,1.6498927569707968,83.2625318606627,41.68670835337502
92.0,2015,2,42,0,5,1,0,0,28,20,12122,5885,6237,39.597426167299126,34.64774789638673,0.0,4.1247318924269925,0.8249463784853984,0.0,33.98470688190314,44.89337822671156
92.0,2015,3,45,0,4,0,1,0,29,21,12122,5885,6237,41.24731892426992,37.122587031842926,0.0,3.2997855139415937,0.0,0.8249463784853984,35.6839422259983,46.49671316337983
92.0,2015,4,44,0,4,1,2,0,22,29,12122,5885,6237,42.072265302755326,36.29764065335753,0.0,3.2997855139415937,0.8249463784853984,1.6498927569707968,49.27782497875956,35.273368606701936
92.0,2016,1,51,0,1,1,1,0,27,27,12062,5861,6201,44.768695075443546,42.28154534903001,0.0,0.82904990880451,0.82904990880451,0.82904990880451,46.06722402320423,43.54136429608128
92.0,2016,2,46,0,2,0,0,0,18,30,12062,5861,6201,39.794395622616484,38.136295805007464,0.0,1.65809981760902,0.0,0.0,51.18580447022693,29.027576197387518
92.0,2016,3,45,2,2,0,2,0,21,30,12062,5861,6201,42.28154534903001,37.30724589620295,1.65809981760902,1.65809981760902,0.0,1.65809981760902,51.18580447022693,33.86550556361877
92.0,2016,4,49,2,0,1,0,0,20,32,12062,5861,6201,43.110595257834525,40.62344553142099,1.65809981760902,0.0,0.82904990880451,0.0,54.59819143490872,32.25286244154169
92.0,2017,1,86,1,1,1,0,0,36,53,12023,5848,6175,74.02478582716459,71.52956832737253,0.831739166597355,0.831739166597355,0.831739166597355,0.0,90.62927496580028,58.29959514170041
92.0,2017,2,102,0,2,0,1,0,34,71,12023,5848,6175,87.33261249272229,84.83739499293023,0.0,1.66347833319471,0.0,0.831739166597355,121.40902872777018,55.06072874493927
92.0,2017,3,108,0,1,0,0,0,54,55,12023,5848,6175,90.6595691591117,89.82782999251435,0.0,0.831739166597355,0.0,0.0,94.04924760601915,87.4493927125506
92.0,2017,4,141,0,1,1,0,0,80,63,12023,5848,6175,118.93870082342177,117.27522249022707,0.0,0.831739166597355,0.831739166597355,0.0,107.72913816689466,129.55465587044534
92.0,2018,1,150,0,8,4,6,0,73,95,12041,5866,6175,139.5232954073582,124.57437089942695,0.0,6.643966447969437,3.3219832239847187,4.982974835977078,161.95022161609273,118.21862348178138
92.0,2018,2,149,0,3,2,0,0,67,87,12041,5866,6175,127.89635412341167,123.74387509343077,0.0,2.491487417988539,1.6609916119923593,0.0,148.3123082168428,108.50202429149797
92.0,2018,3,175,2,10,0,2,0,90,99,12041,5866,6175,156.96370733327797,145.33676604933146,1.6609916119923593,8.304958059961796,0.0,1.6609916119923593,168.76917831571768,145.748987854251
92.0,2018,4,114,0,20,0,2,1,56,78,12041,5866,6175,112.94742961548044,94.67652188356449,0.0,16.609916119923593,0.0,1.6609916119923593,132.96965564268666,90.68825910931173
92.0,2019,1,93,0,5,0,0,0,36,62,12200,5967,6233,80.327868852459,76.22950819672131,0.0,4.098360655737705,0.0,0.0,103.90480978716273,57.757099310123536
92.0,2019,2,2,0,5,1,0,0,4,4,12200,5967,6233,6.557377049180328,1.639344262295082,0.0,4.098360655737705,0.819672131147541,0.0,6.703536115300822,6.417455478902615
92.0,2019,3,6,0,3,0,2,0,5,6,12200,5967,6233,9.01639344262295,4.918032786885246,0.0,2.459016393442623,0.0,1.639344262295082,10.055304172951232,8.02181934862827
92.0,2019,4,12,1,4,2,1,0,9,11,12200,5967,6233,16.39344262295082,9.836065573770492,0.819672131147541,3.278688524590164,1.639344262295082,0.819672131147541,18.434724317077258,14.439274827530884
92.0,2020,1,9,0,3,0,0,0,8,4,12322,6030,6292,9.738678785911377,7.304009089433534,0.0,2.4346696964778443,0.0,0.0,6.633499170812604,12.714558169103624
92.0,2020,2,2,1,3,1,2,0,3,6,12322,6030,6292,7.304009089433534,1.6231131309852296,0.8115565654926148,2.4346696964778443,0.8115565654926148,1.6231131309852296,9.950248756218905,4.767959313413859
92.0,2020,3,6,0,11,0,0,0,12,5,12322,6030,6292,13.79646161337445,4.8693393929556885,0.0,8.927122220418763,0.0,0.0,8.291873963515755,19.071837253655435
92.0,2020,4,1,0,3,1,1,0,2,4,12322,6030,6292,4.8693393929556885,0.8115565654926148,0.0,2.4346696964778443,0.8115565654926148,0.8115565654926148,6.633499170812604,3.178639542275906
92.0,2021,1,7,1,0,0,0,0,3,5,12452,6093,6359,6.4246707356248,5.621586893671699,0.8030838419531,0.0,0.0,0.0,8.206138191367144,4.717722912407611
92.0,2021,2,0,1,3,0,0,0,1,3,12452,6093,6359,3.2123353678124,0.0,0.8030838419531,2.4092515258592995,0.0,0.0,4.923682914820286,1.5725743041358704
92.0,2021,3,4,1,2,1,1,0,3,6,12452,6093,6359,7.227754577577899,3.2123353678124,0.8030838419531,1.6061676839062,0.8030838419531,0.8030838419531,9.847365829640571,4.717722912407611
92.0,2021,4,7,1,2,1,0,0,5,6,12452,6093,6359,8.8339222614841,5.621586893671699,0.8030838419531,1.6061676839062,0.8030838419531,0.0,9.847365829640571,7.862871520679351
92.0,2022,1,5,3,0,1,1,0,2,8,12502,6119,6383,7.9987202047672366,3.9993601023836183,2.399616061430171,0.0,0.7998720204767237,0.7998720204767237,13.074031704526885,3.1333228889237037
92.0,2022,2,5,2,0,1,0,0,3,5,12502,6119,6383,6.398976163813789,3.9993601023836183,1.5997440409534474,0.0,0.7998720204767237,0.0,8.171269815329302,4.699984333385555
92.0,2022,3,7,1,0,0,0,0,1,7,12502,6119,6383,6.398976163813789,5.599104143337066,0.7998720204767237,0.0,0.0,0.0,11.439777741461024,1.5666614444618518
92.0,2022,4,11,0,0,0,6,0,5,12,12502,6119,6383,13.597824348104304,8.798592225243961,0.0,0.0,0.0,4.799232122860342,19.611047556790325,7.8333072223092595
92.0,2023,1,0,1,0,0,3,0,0,4,12525,6138,6387,3.193612774451098,0.0,0.7984031936127745,0.0,0.0,2.395209580838323,6.516780710329098,0.0
92.0,2023,2,1,1,0,2,1,0,1,4,12525,6138,6387,3.992015968063872,0.7984031936127745,0.7984031936127745,0.0,1.596806387225549,0.7984031936127745,6.516780710329098,1.565680288085173
92.0,2023,3,0,0,0,1,2,0,1,2,12525,6138,6387,2.395209580838323,0.0,0.0,0.0,0.7984031936127745,1.596806387225549,3.258390355164549,1.565680288085173
93.0,2015,1,238,4,7,0,0,0,79,170,15558,8117,7441,160.04627844195912,152.9759609204268,2.571024553284484,4.499292968247847,0.0,0.0,209.43698410742886,106.1685257357882
93.0,2015,2,245,6,9,1,3,0,99,165,15558,8117,7441,169.68762051677595,157.47525388867464,3.8565368299267258,5.784805244890089,0.642756138321121,1.9282684149633629,203.27707281015154,133.0466335170004
93.0,2015,3,231,1,11,1,2,0,106,140,15558,8117,7441,158.11801002699576,148.47666795217893,0.642756138321121,7.07031752153233,0.642756138321121,1.285512276642242,172.47751632376495,142.45397124042466
93.0,2015,4,181,6,11,0,3,0,79,122,15558,8117,7441,129.19398380254532,116.3388610361229,3.8565368299267258,7.07031752153233,0.0,1.9282684149633629,150.30183565356657,106.1685257357882
93.0,2016,1,319,2,3,0,2,0,113,213,15774,8206,7568,206.66920248510206,202.23152022315202,1.2679092177000129,1.9018638265500192,0.0,1.2679092177000129,259.56617109432125,149.31289640591967
93.0,2016,2,235,5,5,0,0,0,89,156,15774,8206,7568,155.31887916825156,148.97933307975148,3.169773044250032,3.169773044250032,0.0,0.0,190.104801364855,117.60042283298097
93.0,2016,3,246,6,12,1,2,0,101,166,15774,8206,7568,169.26588056295168,155.95283377710157,3.8037276531000384,7.607455306200077,0.6339546088500064,1.2679092177000129,202.29100658055083,133.4566596194503
93.0,2016,4,291,4,5,2,0,0,116,186,15774,8206,7568,191.4542918727019,184.48079117535187,2.5358184354000257,3.169773044250032,1.2679092177000129,0.0,226.66341701194247,153.276955602537
93.0,2017,1,505,5,4,10,9,0,211,322,16007,8306,7701,332.97932154682326,315.4869744486787,3.1236334103829577,2.4989067283063657,6.247266820765915,5.622540138689324,387.67156272574044,273.9903908583301
93.0,2017,2,490,2,7,4,1,0,216,288,16007,8306,7701,314.8622477666021,306.11607421752984,1.2494533641531829,4.373086774536141,2.4989067283063657,0.6247266820765914,346.7372983385505,280.48305414881185
93.0,2017,3,742,3,12,4,4,0,368,397,16007,8306,7701,477.9159117885925,463.5471981008309,1.8741800462297744,7.496720184919098,2.4989067283063657,2.4989067283063657,477.9677341680712,477.8600181794572
93.0,2017,4,962,2,10,7,3,0,458,526,16007,8306,7701,614.731055163366,600.987068157681,1.2494533641531829,6.247266820765915,4.373086774536141,1.8741800462297744,633.2771490488803,594.7279574081288
93.0,2018,1,972,4,18,6,4,0,464,540,16323,8457,7866,615.0830117012804,595.4787722845065,2.450529927096735,11.027384671935307,3.675794890645102,2.450529927096735,638.5242993969492,589.8804983473176
93.0,2018,2,1175,6,30,4,8,0,572,651,16323,8457,7866,749.2495252098266,719.8431660846658,3.675794890645102,18.37897445322551,2.450529927096735,4.90105985419347,769.7765164952111,727.1802695143656
93.0,2018,3,1155,4,18,4,4,0,577,608,16323,8457,7866,725.9694909024076,707.5905164491822,2.450529927096735,11.027384671935307,2.450529927096735,2.450529927096735,718.9310630247132,733.536740401729
93.0,2018,4,1286,8,24,7,0,0,599,726,16323,8457,7866,811.7380383507934,787.8453715616001,4.90105985419347,14.703179562580408,4.288427372419285,0.0,858.4604469670096,761.5052123061276
93.0,2019,1,674,7,16,4,5,1,309,395,16733,8688,8045,421.9207553935338,402.7968684635152,4.183350265941552,9.561943465009263,2.3904858662523156,2.9881073328153946,454.65009208103135,384.08949658172776
93.0,2019,2,57,1,12,3,3,0,39,37,16733,8688,8045,45.419231458794,34.0644235940955,0.5976214665630789,7.171457598756948,1.792864399689237,1.792864399689237,42.58747697974218,48.47731510254817
93.0,2019,3,61,3,8,5,4,0,32,49,16733,8688,8045,48.40733879160939,36.454909460347814,1.792864399689237,4.780971732504631,2.9881073328153946,2.3904858662523156,56.39963167587477,39.77625854568055
93.0,2019,4,101,7,11,5,4,0,54,74,16733,8688,8045,76.4955477200741,60.359768122870975,4.183350265941552,6.573836132193868,2.9881073328153946,2.3904858662523156,85.17495395948436,67.12243629583593
93.0,2020,1,45,3,12,6,1,0,25,42,17187,8904,8283,38.98295223133764,26.182579856868564,1.7455053237912377,6.982021295164951,3.4910106475824754,0.5818351079304126,47.16981132075472,30.182301098635758
93.0,2020,2,17,6,4,1,1,0,13,16,17187,8904,8283,16.873218129981964,9.891196834817013,3.4910106475824754,2.3273404317216504,0.5818351079304126,0.5818351079304126,17.969451931716083,15.694796571290594
93.0,2020,3,21,1,3,3,0,0,11,17,17187,8904,8283,16.29138302205155,12.218537266538664,0.5818351079304126,1.7455053237912377,1.7455053237912377,0.0,19.09254267744834,13.280212483399733
93.0,2020,4,47,2,10,2,4,0,29,36,17187,8904,8283,37.819282015476816,27.34625007272939,1.1636702158608252,5.818351079304125,1.1636702158608252,2.3273404317216504,40.43126684636119,35.01146927441748
93.0,2021,1,21,3,9,1,4,0,18,20,17660,9118,8542,21.517553793884485,11.891279728199322,1.6987542468856172,5.096262740656852,0.5662514156285391,2.2650056625141564,21.934634788330776,21.07234839616015
93.0,2021,2,38,11,10,1,6,0,26,40,17660,9118,8542,37.37259343148358,21.517553793884485,6.2287655719139305,5.662514156285391,0.5662514156285391,3.3975084937712343,43.86926957666155,30.437836572231326
93.0,2021,3,37,3,10,4,5,0,27,32,17660,9118,8542,33.40883352208381,20.951302378255946,1.6987542468856172,5.662514156285391,2.2650056625141564,2.8312570781426953,35.09541566132924,31.608522594240227
93.0,2021,4,35,5,8,5,3,0,19,37,17660,9118,8542,31.710079275198186,19.818799546998868,2.8312570781426953,4.530011325028313,2.8312570781426953,1.6987542468856172,40.57907435841194,22.243034418169046
93.0,2022,1,39,4,0,4,5,0,16,36,18006,9271,8735,28.8792624680662,21.659446851049648,2.2214817283127846,0.0,2.2214817283127846,2.776852160390981,38.830762593032034,18.317115054378935
93.0,2022,2,38,4,0,0,3,0,17,28,18006,9271,8735,24.991669443518827,21.104076418971456,2.2214817283127846,0.0,0.0,1.6661112962345885,30.201704239024917,19.461934745277617
93.0,2022,3,61,8,0,3,2,0,18,56,18006,9271,8735,41.097411973786514,33.87759635676996,4.442963456625569,0.0,1.6661112962345885,1.1107408641563923,60.40340847804983,20.606754436176303
93.0,2022,4,37,6,0,4,6,0,21,32,18006,9271,8735,29.434632900144393,20.548705986893257,3.332222592469177,0.0,2.2214817283127846,3.332222592469177,34.51623341602848,24.041213508872353
93.0,2023,1,0,5,0,1,3,0,4,5,18327,9421,8906,4.910787362907186,0.0,2.7282152016151033,0.0,0.5456430403230207,1.636929120969062,5.307292219509606,4.491354143274197
93.0,2023,2,0,3,0,2,6,0,1,10,18327,9421,8906,6.002073443553227,0.0,1.636929120969062,0.0,1.0912860806460414,3.273858241938124,10.614584439019213,1.1228385358185493
93.0,2023,3,0,3,0,1,5,0,1,8,18327,9421,8906,4.910787362907186,0.0,1.636929120969062,0.0,0.5456430403230207,2.7282152016151033,8.49166755121537,1.1228385358185493
94.0,2015,1,161,2,5,0,0,0,79,89,17290,8831,8459,97.16599190283401,93.1174089068826,1.156737998843262,2.891844997108155,0.0,0.0,100.78133846676481,93.3916538597943
94.0,2015,2,113,0,6,1,1,0,57,64,17290,8831,8459,69.98264893001735,65.3556969346443,0.0,3.470213996529786,0.578368999421631,0.578368999421631,72.47197372890952,67.38385151909209
94.0,2015,3,118,1,7,0,1,0,61,66,17290,8831,8459,73.45286292654713,68.24754193175245,0.578368999421631,4.048582995951417,0.0,0.578368999421631,74.73672290793795,72.11254285376522
94.0,2015,4,81,1,10,1,0,0,41,52,17290,8831,8459,53.78831694621169,46.847888953152115,0.578368999421631,5.78368999421631,0.578368999421631,0.0,58.88347865473899,48.46908618039957
94.0,2016,1,183,1,2,1,0,0,74,113,17141,8776,8365,109.09515197479728,106.76156583629894,0.5833965346245843,1.1667930692491686,0.5833965346245843,0.0,128.76025524156793,88.46383741781231
94.0,2016,2,119,1,10,2,0,0,69,63,17141,8776,8365,77.00834257044514,69.42418762032554,0.5833965346245843,5.833965346245844,1.1667930692491686,0.0,71.78669097538742,82.48655110579797
94.0,2016,3,92,1,9,0,1,0,52,51,17141,8776,8365,60.08984306633219,53.67248118546176,0.5833965346245843,5.2505688116212585,0.0,0.5833965346245843,58.113035551504105,62.16377764494919
94.0,2016,4,104,0,6,1,0,0,53,57,17141,8776,8365,64.75701534332886,60.67323960095677,0.0,3.500379207747506,0.5833965346245843,0.0,64.94986326344576,63.35923490735206
94.0,2017,1,191,3,8,2,5,0,99,110,17049,8761,8288,122.5878350636401,112.03003108686725,1.7596339961288052,4.692357323010147,1.1730893307525367,2.932723326881342,125.55644332838718,119.44980694980696
94.0,2017,2,219,2,14,4,1,0,133,107,17049,8761,8288,140.77071969030442,128.45328171740277,1.1730893307525367,8.211625315267758,2.3461786615050735,0.5865446653762684,122.13217669215842,160.47297297297297
94.0,2017,3,349,0,4,5,0,0,189,169,17049,8761,8288,209.9829902047041,204.70408821631767,0.0,2.3461786615050735,2.932723326881342,0.0,192.90035384088574,228.04054054054055
94.0,2017,4,355,1,4,0,5,0,179,186,17049,8761,8288,214.08880286233796,208.2233562085753,0.5865446653762684,2.3461786615050735,0.0,2.932723326881342,212.30453144618195,215.97490347490347
94.0,2018,1,364,0,20,7,0,0,210,181,17075,9012,8063,228.98975109809663,213.1771595900439,0.0,11.71303074670571,4.099560761346998,0.0,200.8433200177541,260.4489644053082
94.0,2018,2,441,0,24,5,4,0,275,199,17075,9012,8063,277.59882869692535,258.2723279648609,0.0,14.055636896046853,2.9282576866764276,2.342606149341142,220.8166888592987,341.06412005457025
94.0,2018,3,425,6,35,0,4,0,269,201,17075,9012,8063,275.2562225475842,248.90190336749635,3.513909224011713,20.497803806734993,0.0,2.342606149341142,223.0359520639148,333.62272107156144
94.0,2018,4,420,0,24,2,2,1,230,216,17075,9012,8063,262.3718887262079,245.9736456808199,0.0,14.055636896046853,1.171303074670571,1.171303074670571,239.68042609853526,285.2536276820042
94.0,2019,1,248,0,55,7,1,0,164,147,17345,9085,8260,179.3023926203517,142.98068607667918,0.0,31.70942634765062,4.03574517151917,0.5765350245027385,161.80517336268574,198.54721549636804
94.0,2019,2,35,0,38,7,1,1,46,34,17345,9085,8260,46.699336984721825,20.17872585759585,0.0,21.908330931104068,4.03574517151917,0.5765350245027385,37.424325811777656,55.690072639225185
94.0,2019,3,24,1,80,15,1,0,81,40,17345,9085,8260,69.76073796483136,13.836840588065725,0.5765350245027385,46.122801960219086,8.648025367541077,0.5765350245027385,44.028618602091356,98.06295399515737
94.0,2019,4,39,1,136,6,4,0,126,60,17345,9085,8260,107.23551455750936,22.484865955606804,0.5765350245027385,78.40876333237243,3.459210147016431,2.306140098010954,66.04292790313704,152.54237288135593
94.0,2020,1,17,1,66,8,2,0,64,30,17508,9175,8333,53.68974183230523,9.709846927119031,0.5711674663011195,37.697052775873885,4.569339730408956,1.142334932602239,32.69754768392371,76.80307212288491
94.0,2020,2,3,0,12,1,2,0,12,6,17508,9175,8333,10.28101439342015,1.7135023989033586,0.0,6.854009595613435,0.5711674663011195,1.142334932602239,6.539509536784741,14.400576023040923
94.0,2020,3,16,1,25,4,6,0,22,30,17508,9175,8333,29.700708247658213,9.138679460817912,0.5711674663011195,14.279186657527987,2.284669865204478,3.4270047978067173,32.69754768392371,26.401056042241688
94.0,2020,4,14,1,83,3,6,0,70,37,17508,9175,8333,61.11491889421979,7.996344528215673,0.5711674663011195,47.406899702992916,1.7135023989033586,3.4270047978067173,40.32697547683924,84.00336013440538
94.0,2021,1,14,3,46,3,3,0,37,32,17361,9066,8295,39.744254363227924,8.064051609930305,1.7280110592707794,26.496169575485283,1.7280110592707794,1.7280110592707794,35.29671299360247,44.60518384569017
94.0,2021,2,16,2,80,2,2,0,71,31,17361,9066,8295,58.752376015206494,9.21605898277749,1.1520073728471862,46.08029491388745,1.1520073728471862,1.1520073728471862,34.193690712552396,85.59373116335142
94.0,2021,3,14,1,69,3,3,0,62,28,17361,9066,8295,51.84033177812338,8.064051609930305,0.5760036864235931,39.744254363227924,1.7280110592707794,1.7280110592707794,30.884623869402162,74.74382157926462
94.0,2021,4,19,0,46,4,4,1,37,35,17361,9066,8295,42.0482691089223,10.944070042048269,0.0,26.496169575485283,2.3040147456943725,2.3040147456943725,38.6057798367527,44.60518384569017
94.0,2022,1,15,1,0,6,4,0,11,15,17171,8942,8229,15.141808863781959,8.735658959874206,0.5823772639916137,0.0,3.494263583949683,2.329509055966455,16.774770744799824,13.36735933892332
94.0,2022,2,19,1,0,7,2,0,11,18,17171,8942,8229,16.888940655756798,11.065168015840662,0.5823772639916137,0.0,4.076640847941296,1.1647545279832274,20.129724893759786,13.36735933892332
94.0,2022,3,17,0,0,3,2,0,5,17,17171,8942,8229,12.812299807815503,9.900413487857435,0.0,0.0,1.7471317919748415,1.1647545279832274,19.011406844106464,6.076072426783328
94.0,2022,4,20,1,0,3,5,0,10,19,17171,8942,8229,16.888940655756798,11.647545279832276,0.5823772639916137,0.0,1.7471317919748415,2.911886319958069,21.248042943413104,12.152144853566655
94.0,2023,1,0,2,0,3,2,0,1,6,17047,8857,8190,4.106294362644453,0.0,1.173226960755558,0.0,1.759840441133337,1.173226960755558,6.774302811335667,1.221001221001221
94.0,2023,3,0,1,0,0,0,0,0,1,17047,8857,8190,0.586613480377779,0.0,0.586613480377779,0.0,0.0,0.0,1.1290504685559444,0.0
95.0,2015,1,40,5,4,1,6,0,26,30,20209,10207,10002,27.710426047800485,19.793161462714632,2.474145182839329,1.979316146271463,0.49482903656786575,2.968974219407195,29.391594004114825,25.99480103979204
95.0,2015,2,31,3,3,0,4,0,15,26,20209,10207,10002,20.2879904992825,15.33970013360384,1.4844871097035974,1.4844871097035974,0.0,1.979316146271463,25.47271480356618,14.997000599880025
95.0,2015,3,23,8,3,2,1,0,13,24,20209,10207,10002,18.308674353011035,11.381067841060913,3.958632292542926,1.4844871097035974,0.9896580731357315,0.49482903656786575,23.513275203291858,12.99740051989602
95.0,2015,4,28,9,3,0,2,0,13,29,20209,10207,10002,20.782819535850365,13.855213023900243,4.453461329110792,1.4844871097035974,0.0,0.9896580731357315,28.411874203977664,12.99740051989602
95.0,2016,1,80,5,6,0,2,0,37,56,20218,10201,10017,45.99861509545949,39.56870115738451,2.473043822336532,2.967652586803838,0.0,0.9892175289346128,54.89657876678757,36.9372067485275
95.0,2016,2,65,8,6,0,1,0,33,47,20218,10201,10017,39.56870115738451,32.14956969037492,3.956870115738451,2.967652586803838,0.0,0.4946087644673064,46.07391432212528,32.943995208146156
95.0,2016,3,46,5,9,1,2,0,21,42,20218,10201,10017,31.160352161440304,22.75200316549609,2.473043822336532,4.451478880205757,0.4946087644673064,0.9892175289346128,41.17243407509068,20.964360587002098
95.0,2016,4,37,2,2,0,1,0,15,27,20218,10201,10017,20.77356810762687,18.300524285290336,0.9892175289346128,0.9892175289346128,0.0,0.4946087644673064,26.46799333398686,14.97454327643007
95.0,2017,1,67,4,3,4,4,0,28,54,20257,10212,10045,40.479834131411366,33.07498642444587,1.9746260551907981,1.4809695413930986,1.9746260551907981,1.9746260551907981,52.87896592244419,27.874564459930312
95.0,2017,2,50,1,2,4,1,0,16,42,20257,10212,10045,28.632077800266575,24.68282568988498,0.49365651379769954,0.9873130275953991,1.9746260551907981,0.49365651379769954,41.128084606345475,15.928322548531607
95.0,2017,3,87,2,2,5,2,0,38,60,20257,10212,10045,48.37833835217456,42.94811670039986,0.9873130275953991,0.9873130275953991,2.468282568988498,0.9873130275953991,58.75440658049354,37.82976605276257
95.0,2017,4,96,4,6,4,2,0,41,71,20257,10212,10045,55.28952954534235,47.391025324579154,1.9746260551907981,2.961939082786197,1.9746260551907981,0.9873130275953991,69.52604778691736,40.81632653061225
95.0,2018,1,119,0,12,6,4,0,62,79,20406,10293,10113,69.09732431637754,58.316181515240615,0.0,5.8806233460746835,2.9403116730373418,1.9602077820248947,76.75119012921402,61.307228319984176
95.0,2018,2,126,2,6,2,6,0,53,89,20406,10293,10113,69.58737626188376,61.74654513378418,0.9801038910124473,2.9403116730373418,0.9801038910124473,2.9403116730373418,86.46653065189936,52.40779195095422
95.0,2018,3,155,8,12,0,4,0,76,103,20406,10293,10113,87.71929824561403,75.95805155346466,3.9204155640497893,5.8806233460746835,0.0,1.9602077820248947,100.06800738365881,75.1507960051419
95.0,2018,4,129,12,10,0,0,0,64,87,20406,10293,10113,73.99784377143978,63.21670097030285,5.8806233460746835,4.900519455062237,0.0,0.0,84.52346254736229,63.284880846435286
95.0,2019,1,87,5,19,1,3,0,53,62,20700,10469,10231,55.55555555555556,42.028985507246375,2.4154589371980677,9.178743961352657,0.4830917874396135,1.4492753623188406,59.22246632916229,51.80334278174176
95.0,2019,2,7,5,11,2,1,0,16,10,20700,10469,10231,12.56038647342995,3.381642512077295,2.4154589371980677,5.314009661835749,0.966183574879227,0.4830917874396135,9.552010698251982,15.638744990714496
95.0,2019,3,11,1,10,1,0,0,14,9,20700,10469,10231,11.11111111111111,5.314009661835749,0.4830917874396135,4.830917874396135,0.4830917874396135,0.0,8.596809628426783,13.683901866875182
95.0,2019,4,6,3,8,1,2,0,8,12,20700,10469,10231,9.66183574879227,2.898550724637681,1.4492753623188406,3.864734299516908,0.4830917874396135,0.966183574879227,11.462412837902379,7.819372495357248
95.0,2020,1,11,1,2,2,1,0,6,11,21017,10622,10395,8.088690108007803,5.23385830518152,0.47580530047104724,0.9516106009420945,0.9516106009420945,0.47580530047104724,10.35586518546413,5.772005772005772
95.0,2020,2,9,3,4,2,2,0,5,15,21017,10622,10395,9.516106009420945,4.282247704239425,1.4274159014131418,1.903221201884189,0.9516106009420945,0.9516106009420945,14.121634343814723,4.81000481000481
95.0,2020,3,10,2,2,2,0,0,7,9,21017,10622,10395,7.612884807536756,4.758053004710472,0.9516106009420945,0.9516106009420945,0.9516106009420945,0.0,8.472980606288834,6.734006734006734
95.0,2020,4,9,1,8,3,3,0,12,12,21017,10622,10395,11.419327211305134,4.282247704239425,0.47580530047104724,3.806442403768378,1.4274159014131418,1.4274159014131418,11.29730747505178,11.544011544011545
95.0,2021,1,8,3,4,1,1,0,6,11,21364,10777,10587,7.957311364912938,3.7446171129002064,1.4042314173375772,1.8723085564501032,0.4680771391125258,0.4680771391125258,10.206922149021064,5.667327854916407
95.0,2021,2,10,1,3,3,2,0,9,10,21364,10777,10587,8.893465643137988,4.6807713911252575,0.4680771391125258,1.4042314173375772,1.4042314173375772,0.9361542782250516,9.279020135473694,8.50099178237461
95.0,2021,3,11,4,10,0,2,0,12,15,21364,10777,10587,12.638082756038195,5.148848530237783,1.8723085564501032,4.6807713911252575,0.0,0.9361542782250516,13.91853020321054,11.334655709832814
95.0,2021,4,2,1,3,1,6,0,3,10,21364,10777,10587,6.085002808462835,0.9361542782250516,0.4680771391125258,1.4042314173375772,0.4680771391125258,2.8084628346751543,9.279020135473694,2.8336639274582036
95.0,2022,1,7,2,0,1,2,0,2,10,21556,10859,10697,5.56689552792726,3.2473557246242346,0.9278159213212098,0.0,0.4639079606606049,0.9278159213212098,9.208951100469656,1.8696830887164626
95.0,2022,2,5,9,0,1,1,0,0,16,21556,10859,10697,7.422527370569679,2.319539803303025,4.175171645945444,0.0,0.4639079606606049,0.4639079606606049,14.73432176075145,0.0
95.0,2022,3,8,5,0,0,6,0,5,14,21556,10859,10697,8.814251252551493,3.7112636852848393,2.319539803303025,0.0,0.0,2.78344776396363,12.892531540657519,4.674207721791157
95.0,2022,4,7,10,0,1,5,0,5,18,21556,10859,10697,10.669883095193914,3.2473557246242346,4.63907960660605,0.0,0.4639079606606049,2.319539803303025,16.576111980845383,4.674207721791157
95.0,2023,1,0,5,0,0,1,0,0,6,21723,10939,10784,2.7620494406849883,0.0,2.30170786723749,0.0,0.0,0.46034157344749804,5.484962062345736,0.0
95.0,2023,2,0,6,0,0,0,0,0,6,21723,10939,10784,2.7620494406849883,0.0,2.7620494406849883,0.0,0.0,0.0,5.484962062345736,0.0
95.0,2023,3,0,4,0,1,2,0,0,7,21723,10939,10784,3.2223910141324863,0.0,1.8413662937899922,0.0,0.46034157344749804,0.9206831468949961,6.399122406070025,0.0
96.0,2015,1,35,3,2,1,0,0,13,28,44546,21724,22822,9.203968930992682,7.857046648408387,0.6734611412921475,0.44897409419476497,0.22448704709738249,0.0,12.888970723623641,5.69625799666988
96.0,2015,2,20,0,2,0,4,0,9,17,44546,21724,22822,5.836663224531944,4.48974094194765,0.0,0.44897409419476497,0.0,0.8979481883895299,7.8254465107714966,3.943563228463763
96.0,2015,3,26,4,7,0,1,0,14,24,44546,21724,22822,8.530507789700534,5.836663224531944,0.8979481883895299,1.5714093296816773,0.0,0.22448704709738249,11.047689191677406,6.13443168872141
96.0,2015,4,14,5,3,0,3,0,7,18,44546,21724,22822,5.612176177434563,3.1428186593633547,1.1224352354869125,0.6734611412921475,0.0,0.6734611412921475,8.285766893758057,3.067215844360705
96.0,2016,1,43,5,5,3,1,0,15,42,44343,21597,22746,12.854340031121035,9.697133707687797,1.1275736869404416,1.1275736869404416,0.676544212164265,0.2255147373880883,19.447145436866233,6.594566077552098
96.0,2016,2,24,7,4,1,2,0,13,25,44343,21597,22746,8.569560020747355,5.41235369731412,1.578603161716618,0.9020589495523532,0.2255147373880883,0.4510294747761766,11.575681807658471,5.715290600545151
96.0,2016,3,17,2,7,4,2,0,12,20,44343,21597,22746,7.216471596418826,3.8337505355975017,0.4510294747761766,1.578603161716618,0.9020589495523532,0.4510294747761766,9.260545446126777,5.275652862041678
96.0,2016,4,19,1,6,0,2,0,16,12,44343,21597,22746,6.314412646866472,4.2847800103736775,0.2255147373880883,1.35308842432853,0.0,0.4510294747761766,5.556327267676067,7.03420381605557
96.0,2017,1,37,9,7,3,1,0,14,43,44205,21513,22692,12.894468951476078,8.370093880782717,2.035968781812012,1.5835312747426762,0.6786562606040041,0.226218753534668,19.987914284386186,6.169575180680416
96.0,2017,2,32,3,15,0,2,0,23,29,44205,21513,22692,11.763375183802738,7.239000113109376,0.6786562606040041,3.3932813030200206,0.0,0.452437507069336,13.480221261562777,10.135730653974969
96.0,2017,3,63,3,0,1,3,0,30,40,44205,21513,22692,15.83531274742676,14.251781472684087,0.6786562606040041,0.0,0.226218753534668,0.6786562606040041,18.593408636638312,13.220518244315176
96.0,2017,4,53,2,1,2,4,0,15,47,44205,21513,22692,14.025562719149418,11.989593937337405,0.452437507069336,0.226218753534668,0.452437507069336,0.904875014138672,21.847255148050017,6.610259122157588
96.0,2018,1,49,6,10,10,10,0,27,58,44303,21564,22739,19.186059634787714,11.060199083583505,1.3543100918673678,2.257183486445613,2.257183486445613,2.257183486445613,26.896679651270635,11.87387308148995
96.0,2018,2,62,4,22,4,12,0,41,63,44303,21564,22739,23.474708259034376,13.994537615962802,0.9028733945782453,4.96580367018035,0.9028733945782453,2.7086201837347357,29.215358931552586,18.030696160781037
96.0,2018,3,58,2,16,4,6,0,41,45,44303,21564,22739,19.411777983432273,13.091664221384555,0.45143669728912267,3.6114935783129813,0.9028733945782453,1.3543100918673678,20.868113522537563,18.030696160781037
96.0,2018,4,63,4,19,2,2,0,47,43,44303,21564,22739,20.31465137801052,14.220255964607363,0.9028733945782453,4.288648624246665,0.45143669728912267,0.45143669728912267,19.940641810424783,20.669334623334358
96.0,2019,1,32,4,3,2,8,0,16,33,44918,21928,22990,10.908767086691306,7.124092791308607,0.8905115989135759,0.6678836991851819,0.44525579945678795,1.7810231978271518,15.049252097774534,6.959547629404089
96.0,2019,2,1,2,8,2,1,0,10,4,44918,21928,22990,3.1167905961975158,0.22262789972839397,0.44525579945678795,1.7810231978271518,0.44525579945678795,0.22262789972839397,1.8241517694272162,4.349717268377556
96.0,2019,3,3,1,8,1,1,0,9,5,44918,21928,22990,3.1167905961975158,0.6678836991851819,0.22262789972839397,1.7810231978271518,0.22262789972839397,0.22262789972839397,2.2801897117840206,3.9147455415397996
96.0,2019,4,3,7,14,2,2,0,10,18,44918,21928,22990,6.2335811923950315,0.6678836991851819,1.5583952980987579,3.1167905961975158,0.44525579945678795,0.44525579945678795,8.208682962422474,4.349717268377556
96.0,2020,1,1,1,11,3,2,0,11,7,45384,22140,23244,3.966155473294553,0.22034197073858627,0.22034197073858627,2.4237616781244493,0.6610259122157589,0.44068394147717255,3.161698283649503,4.7324040612631215
96.0,2020,2,2,3,12,3,3,0,12,11,45384,22140,23244,5.0678653269874845,0.44068394147717255,0.6610259122157589,2.6441036488630356,0.6610259122157589,0.6610259122157589,4.968383017163505,5.162622612287042
96.0,2020,3,2,8,5,1,2,0,5,13,45384,22140,23244,3.966155473294553,0.44068394147717255,1.7627357659086902,1.1017098536929315,0.22034197073858627,0.44068394147717255,5.871725383920507,2.151092755119601
96.0,2020,4,3,1,8,1,10,0,10,13,45384,22140,23244,5.0678653269874845,0.6610259122157589,0.22034197073858627,1.7627357659086902,0.22034197073858627,2.203419707385863,5.871725383920507,4.302185510239202
96.0,2021,1,6,2,6,2,6,0,6,16,45879,22331,23548,4.795222214956734,1.307787876806382,0.435929292268794,1.307787876806382,0.435929292268794,1.307787876806382,7.16492767901124,2.547987090198743
96.0,2021,2,0,4,16,1,2,0,15,8,45879,22331,23548,5.013186861091132,0.0,0.871858584537588,3.487434338150352,0.217964646134397,0.435929292268794,3.58246383950562,6.369967725496857
96.0,2021,3,5,2,13,1,5,0,14,12,45879,22331,23548,5.667080799494323,1.089823230671985,0.435929292268794,2.8335403997471613,0.217964646134397,1.089823230671985,5.37369575925843,5.945303210463734
96.0,2021,4,3,2,14,2,5,0,16,10,45879,22331,23548,5.667080799494323,0.653893938403191,0.435929292268794,3.051505045881558,0.435929292268794,1.089823230671985,4.478079799382025,6.794632240529981
96.0,2022,1,4,0,0,2,6,0,5,7,46044,22372,23672,2.6062027625749282,0.8687342541916427,0.0,0.0,0.43436712709582137,1.3031013812874641,3.128911138923655,2.1122000675904022
96.0,2022,2,4,1,0,4,5,0,2,12,46044,22372,23672,3.04056988967075,0.8687342541916427,0.21718356354791069,0.0,0.8687342541916427,1.0859178177395534,5.363847666726265,0.8448800270361608
96.0,2022,3,2,3,0,3,3,0,3,8,46044,22372,23672,2.3890191990270173,0.43436712709582137,0.6515506906437321,0.0,0.6515506906437321,0.6515506906437321,3.5758984444841766,1.2673200405542413
96.0,2022,4,11,1,0,7,4,0,7,16,46044,22372,23672,4.995221961601946,2.3890191990270173,0.21718356354791069,0.0,1.520284944835375,0.8687342541916427,7.151796888968353,2.957080094626563
96.0,2023,1,0,4,0,1,2,0,0,7,46155,22423,23732,1.516628750947893,0.0,0.866645000541653,0.0,0.21666125013541326,0.4333225002708265,3.121794585916247,0.0
96.0,2023,2,0,4,0,1,3,0,0,8,46155,22423,23732,1.733290001083306,0.0,0.866645000541653,0.0,0.21666125013541326,0.6499837504062398,3.5677652410471388,0.0
96.0,2023,3,0,2,0,1,2,0,0,5,46155,22423,23732,1.0833062506770663,0.0,0.4333225002708265,0.0,0.21666125013541326,0.4333225002708265,2.229853275654462,0.0
97.0,2015,1,325,1,4,0,7,0,147,190,33047,15114,17933,101.97597361333858,98.34478167458468,0.3025993282294913,1.2103973129179653,0.0,2.1181952976064395,125.71126108244013,81.97178386215357
97.0,2015,2,326,0,18,0,3,0,148,199,33047,15114,17933,105.00196689563349,98.64738100281419,0.0,5.446787908130845,0.0,0.9077979846884741,131.66600502845043,82.52941504488932
97.0,2015,3,311,1,7,0,9,0,142,186,33047,15114,17933,99.25257965927315,94.10839107937181,0.3025993282294913,2.1181952976064395,0.0,2.7233939540654224,123.06470821754664,79.18362794847488
97.0,2015,4,281,0,9,1,9,0,115,185,33047,15114,17933,90.77979846884739,85.03041123248705,0.0,2.7233939540654224,0.3025993282294913,2.7233939540654224,122.40307000132327,64.12758601460995
97.0,2016,1,415,0,5,1,3,0,146,278,33283,15303,17980,127.39236246732565,124.68827930174564,0.0,1.5022684253222367,0.3004536850644473,0.9013610551933419,181.6637260667843,81.20133481646273
97.0,2016,2,339,0,6,1,5,0,154,197,33283,15303,17980,105.45924345762101,101.85379923684764,0.0,1.8027221103866837,0.3004536850644473,1.5022684253222367,128.7329281840162,85.65072302558399
97.0,2016,3,309,0,3,1,8,0,147,174,33283,15303,17980,96.44563290568759,92.84018868491422,0.0,0.9013610551933419,0.3004536850644473,2.4036294805155785,113.70319545187219,81.7575083426029
97.0,2016,4,329,0,6,6,6,0,168,179,33283,15303,17980,104.25742871736323,98.84926238620316,0.0,1.8027221103866837,1.8027221103866837,1.8027221103866837,116.9705286545122,93.43715239154616
97.0,2017,1,614,0,4,5,8,0,283,348,33535,15501,18034,188.16162218577605,183.0922916356046,0.0,1.1927836588638736,1.4909795735798421,2.385567317727747,224.50164505515772,156.9258068093601
97.0,2017,2,577,3,2,4,6,0,267,325,33535,15501,18034,176.5319815118533,172.05904279111377,0.8945877441479052,0.5963918294319368,1.1927836588638736,1.7891754882958104,209.663892652087,148.05367638904292
97.0,2017,3,867,1,4,7,4,0,369,514,33535,15501,18034,263.3069926942001,258.53585805874457,0.2981959147159684,1.1927836588638736,2.0873714030117787,1.1927836588638736,331.59151022514675,204.61350781856493
97.0,2017,4,1209,0,6,8,1,0,634,590,33535,15501,18034,364.9917996123453,360.5188608916058,0.0,1.7891754882958104,2.385567317727747,0.2981959147159684,380.6206051222502,351.5581679050682
97.0,2018,1,1104,0,16,6,10,0,558,578,33942,15780,18162,334.6885864121148,325.2607389075482,0.0,4.713923752283307,1.7677214071062402,2.946202345177067,366.28643852978456,307.2348860257681
97.0,2018,2,1333,4,25,11,2,1,730,643,33942,15780,18162,405.10282246184664,392.728772612103,1.1784809380708268,7.365505862942667,3.240822579694773,0.5892404690354134,407.4778200253486,401.93811254267155
97.0,2018,3,1388,2,14,8,8,0,729,691,33942,15780,18162,418.3607330151435,408.93288551057685,0.5892404690354134,4.124683283247893,2.3569618761416535,2.3569618761416535,437.89607097591886,401.38751238850347
97.0,2018,4,1483,2,12,12,4,0,724,789,33942,15780,18162,445.7604148252902,436.92180778975904,0.5892404690354134,3.5354428142124803,3.5354428142124803,1.1784809380708268,500.0,398.63451161766324
97.0,2019,1,982,0,8,4,6,0,488,512,35313,16528,18785,283.1818310537196,278.08455809475265,0.0,2.2654546484297566,1.1327273242148783,1.6990909863223176,309.77734753146177,259.7817407505989
97.0,2019,2,109,1,7,1,4,0,50,72,35313,16528,18785,34.548183388553795,30.866819584855435,0.2831818310537196,1.982272817376037,0.2831818310537196,1.1327273242148783,43.562439496611816,26.61698163428267
97.0,2019,3,98,2,8,2,2,0,57,55,35313,16528,18785,31.716365078016594,27.75181944326452,0.5663636621074392,2.2654546484297566,0.5663636621074392,0.5663636621074392,33.27686350435624,30.343359063082247
97.0,2019,4,119,1,2,3,3,0,66,62,35313,16528,18785,36.247274374876106,33.69863789539263,0.2831818310537196,0.5663636621074392,0.8495454931611588,0.8495454931611588,37.512100677637946,35.13441575725313
97.0,2020,1,89,0,5,7,3,0,50,54,35901,16841,19060,28.968552408010922,24.790395810701654,0.0,1.3927188657697558,1.949806412077658,0.8356313194618534,32.06460423965323,26.232948583420775
97.0,2020,2,16,0,6,0,0,0,11,11,35901,16841,19060,6.127963009386925,4.456700370463219,0.0,1.6712626389237069,0.0,0.0,6.531678641410843,5.77124868835257
97.0,2020,3,20,1,12,2,1,0,21,15,35901,16841,19060,10.02757583354224,5.570875463079023,0.2785437731539512,3.3425252778474137,0.5570875463079024,0.2785437731539512,8.906834511014786,11.017838405036725
97.0,2020,4,52,2,8,2,3,0,32,35,35901,16841,19060,18.662432801314726,14.484276204005461,0.5570875463079024,2.2283501852316094,0.5570875463079024,0.8356313194618534,20.782613859034498,16.789087093389295
97.0,2021,1,35,0,4,4,2,0,19,26,36082,16937,19145,12.47159248378693,9.700127487389834,0.0,1.1085859985588382,1.1085859985588382,0.5542929992794191,15.35100667178367,9.924262209454165
97.0,2021,2,55,0,14,5,1,0,37,38,36082,16937,19145,20.785987472978217,15.243057480184026,0.0,3.880050994955934,1.385732498198548,0.27714649963970955,22.43608667414536,19.32619482893706
97.0,2021,3,85,0,10,5,3,0,54,49,36082,16937,19145,28.546089462890084,23.55745246937531,0.0,2.771464996397096,1.385732498198548,0.8314394989191286,28.930743342976914,28.20579785844868
97.0,2021,4,96,2,18,6,3,0,57,68,36082,16937,19145,34.6433124549637,26.606063965412115,0.5542929992794191,4.988636993514772,1.6628789978382572,0.8314394989191286,40.1487866800496,29.772786628362496
97.0,2022,1,53,0,0,5,2,0,19,41,36008,16870,19138,16.662963785825372,14.718951344145745,0.0,0.0,1.3885803154854477,0.555432126194179,24.303497332542975,9.927892151739993
97.0,2022,2,59,1,0,3,2,0,25,40,36008,16870,19138,18.051544101310817,16.385247722728284,0.2777160630970895,0.0,0.8331481892912685,0.555432126194179,23.710729104919974,13.063015989131571
97.0,2022,3,68,0,0,4,1,0,31,42,36008,16870,19138,20.273272606087534,18.88469229060209,0.0,0.0,1.110864252388358,0.2777160630970895,24.896265560165972,16.198139826523146
97.0,2022,4,64,0,0,5,0,0,27,42,36008,16870,19138,19.162408353699178,17.77382803821373,0.0,0.0,1.3885803154854477,0.0,24.896265560165972,14.108057268262097
97.0,2023,1,1,0,0,5,1,0,1,6,35832,16761,19071,1.953561062737218,0.2790801518196026,0.0,0.0,1.3954007590980129,0.2790801518196026,3.579738679076428,0.5243563525772115
97.0,2023,2,0,0,0,5,5,0,0,10,35832,16761,19071,2.7908015181960257,0.0,0.0,0.0,1.3954007590980129,1.3954007590980129,5.9662311317940455,0.0
97.0,2023,3,1,2,0,3,9,0,2,13,35832,16761,19071,4.186202277294039,0.2790801518196026,0.5581603036392052,0.0,0.8372404554588078,2.511721366376423,7.756100471332259,1.048712705154423
98.0,2015,1,176,0,11,5,18,0,87,123,43116,21066,22050,48.705816866128586,40.820113183041094,0.0,2.5512570739400684,1.1596623063363949,4.174784302811021,58.38792366847053,39.45578231292517
98.0,2015,2,130,0,18,4,15,0,64,103,43116,21066,22050,38.73272103163559,30.151219964746268,0.0,4.174784302811021,0.9277298450691158,3.4789869190091847,48.89395234026393,29.024943310657598
98.0,2015,3,161,2,14,4,6,0,82,105,43116,21066,22050,43.371370256981166,37.341126264031914,0.4638649225345579,3.2470544577419056,0.9277298450691158,1.3915947676036737,49.843349473084594,37.188208616780045
98.0,2015,4,137,3,11,3,7,0,63,98,43116,21066,22050,37.341126264031914,31.774747193617216,0.6957973838018369,2.5512570739400684,0.6957973838018369,1.6235272288709528,46.520459508212284,28.571428571428573
98.0,2016,1,223,1,11,5,15,0,90,165,41720,20398,21322,61.121764141898375,53.45158197507191,0.23969319271332692,2.6366251198465966,1.1984659635666346,3.5953978906999042,80.89028336111383,42.20992402213676
98.0,2016,2,203,1,6,8,10,0,64,164,41720,20398,21322,54.65004793863854,48.65771812080537,0.23969319271332692,1.4381591562799616,1.9175455417066154,2.396931927133269,80.40003921953132,30.015945971297253
98.0,2016,3,205,2,5,6,14,0,82,150,41720,20398,21322,55.60882070949185,49.13710450623202,0.47938638542665385,1.1984659635666346,1.4381591562799616,3.355704697986577,73.53662123737621,38.457930775724606
98.0,2016,4,162,0,8,4,9,0,70,113,41720,20398,21322,43.86385426653883,38.830297219558965,0.0,1.9175455417066154,0.9587727708533077,2.157238734419942,55.39758799882341,32.82994090610637
98.0,2017,1,332,1,12,8,8,0,125,236,40555,19838,20717,89.0149180125755,81.8641351251387,0.24657872025644187,2.9589446430773023,1.972629762051535,1.972629762051535,118.96360520213732,60.336921368924074
98.0,2017,2,295,1,11,7,8,0,126,196,40555,19838,20717,79.39834792257427,72.74072247565034,0.24657872025644187,2.7123659228208608,1.726051041795093,1.972629762051535,98.80028228652083,60.819616739875464
98.0,2017,3,428,2,17,9,13,0,174,295,40555,19838,20717,115.64541980027123,105.5356922697571,0.49315744051288374,4.191838244359512,2.2192084823079767,3.2055233633337443,148.70450650267162,83.98899454554231
98.0,2017,4,509,1,20,9,5,0,224,320,40555,19838,20717,134.13882381950438,125.50856861052891,0.24657872025644187,4.931574405128837,2.2192084823079767,1.2328936012822092,161.30658332493195,108.12376309311193
98.0,2018,1,465,4,26,30,14,0,224,315,39720,18906,20814,135.69989929506545,117.06948640483384,1.0070493454179255,6.545820745216516,7.552870090634441,3.524672708962739,166.61377340526818,107.61987124051119
98.0,2018,2,555,0,24,14,16,0,251,358,39720,18906,20814,153.32326283987916,139.72809667673715,0.0,6.042296072507553,3.524672708962739,4.028197381671702,189.35787580662222,120.5919092918228
98.0,2018,3,602,2,23,28,30,0,283,402,39720,18906,20814,172.45720040281975,151.5609264853978,0.5035246727089627,5.790533736153072,7.049345417925478,7.552870090634441,212.6309108219613,135.96617661189583
98.0,2018,4,670,8,31,15,16,0,293,447,39720,18906,20814,186.3041289023162,168.68076535750254,2.014098690835851,7.804632426988922,3.7764350453172204,4.028197381671702,236.43287845128532,140.77063514941867
98.0,2019,1,411,0,15,13,14,0,201,252,40963,19865,21098,110.58760344701315,100.33444816053512,0.0,3.6618411737421575,3.17359568390987,3.4177184288260136,126.85627988925245,95.26969380983981
98.0,2019,2,44,0,5,17,9,0,21,54,40963,19865,21098,18.309205868710787,10.741400776310329,0.0,1.2206137245807192,4.150086663574445,2.1971047042452945,27.183488547696953,9.953550099535502
98.0,2019,3,53,3,15,9,13,0,44,49,40963,19865,21098,22.703415277201376,12.938505480555623,0.7323682347484315,3.6618411737421575,2.1971047042452945,3.17359568390987,24.666498867354647,20.855057351407716
98.0,2019,4,51,3,12,9,8,1,28,54,40963,19865,21098,20.262187828039938,12.450259990723337,0.7323682347484315,2.929472938993726,2.1971047042452945,1.9529819593291506,27.183488547696953,13.271400132714001
98.0,2020,1,39,0,12,14,18,0,29,54,40934,19897,21037,20.276542727317146,9.52753212488396,0.0,2.931548346118141,3.4201397371378315,4.397322519177212,27.139769814544906,13.785235537386509
98.0,2020,2,15,3,12,5,1,0,14,22,40934,19897,21037,8.794645038354425,3.664435432647677,0.7328870865295353,2.931548346118141,1.2214784775492258,0.24429569550984512,11.056943257777554,6.6549412939107295
98.0,2020,3,23,0,7,11,6,0,16,31,40934,19897,21037,11.481897688962722,5.618800996726438,0.0,1.7100698685689157,2.687252650608296,1.4657741730590705,15.580238226868373,7.6056471930408325
98.0,2020,4,26,3,4,11,11,0,20,35,40934,19897,21037,13.436263253041481,6.351688083255973,0.7328870865295353,0.9771827820393805,2.687252650608296,2.687252650608296,17.59059154646429,9.50705899130104
98.0,2021,1,27,2,10,14,12,1,20,44,40566,19750,20816,16.023270719321598,6.655820144948972,0.4930237144406646,2.465118572203323,3.451166001084652,2.9581422866439877,22.278481012658226,9.607993850883934
98.0,2021,2,33,4,14,8,15,0,27,47,40566,19750,20816,18.24187743430459,8.134891288270966,0.9860474288813292,3.451166001084652,1.9720948577626585,3.6976778583049845,23.79746835443038,12.970791698693313
98.0,2021,3,39,1,17,18,10,0,33,52,40566,19750,20816,20.953507863728248,9.61396243159296,0.2465118572203323,4.190701572745649,4.437213429965982,2.465118572203323,26.32911392405063,15.853189853958494
98.0,2021,4,31,1,17,16,21,1,27,58,40566,19750,20816,21.200019720948575,7.641867573830301,0.2465118572203323,4.190701572745649,3.944189715525317,5.176749001626979,29.367088607594937,12.970791698693313
98.0,2022,1,17,0,0,8,22,0,10,37,39961,19462,20499,11.761467430744977,4.2541477940992465,0.0,0.0,2.0019519031055277,5.505367733540202,19.011406844106464,4.878286745694912
98.0,2022,2,28,3,0,6,10,0,10,37,39961,19462,20499,11.761467430744977,7.006831660869348,0.750731963664573,0.0,1.501463927329146,2.5024398788819098,19.011406844106464,4.878286745694912
98.0,2022,3,19,4,0,9,9,0,15,26,39961,19462,20499,10.26000350341583,4.7546357698756285,1.0009759515527639,0.0,2.2521958909937188,2.2521958909937188,13.359366971534273,7.317430118542368
98.0,2022,4,33,1,0,8,9,0,16,35,39961,19462,20499,12.76244338229774,8.258051600310303,0.25024398788819097,0.0,2.0019519031055277,2.2521958909937188,17.983763230911517,7.805258793111859
98.0,2023,1,0,3,0,9,13,0,4,21,39311,19146,20165,6.35954313042151,0.0,0.7631451756505813,0.0,2.2894355269517437,3.3069624278191854,10.968348480100282,1.983635011157947
98.0,2023,2,1,10,0,15,16,0,5,37,39311,19146,20165,10.684032459108137,0.2543817252168604,2.5438172521686044,0.0,3.815725878252906,4.070107603469767,19.325185417319545,2.479543763947434
98.0,2023,3,0,0,0,11,13,1,2,21,39311,19146,20165,6.10516140520465,0.0,0.0,0.0,2.7981989773854647,3.3069624278191854,10.968348480100282,0.9918175055789735
99.0,2015,1,285,1,10,3,3,0,139,163,23081,11315,11766,130.8435509726615,123.47818552055804,0.4332567913002036,4.332567913002036,1.2997703739006108,1.2997703739006108,144.0565620857269,118.13700492945776
99.0,2015,2,307,2,10,3,0,0,143,179,23081,11315,11766,139.50868679866556,133.0098349291625,0.8665135826004072,4.332567913002036,1.2997703739006108,0.0,158.1970835174547,121.53663097059322
99.0,2015,3,253,0,7,1,7,0,121,147,23081,11315,11766,116.11282006845457,109.61396819895151,0.0,3.0327975391014252,0.4332567913002036,3.0327975391014252,129.91604065399912,102.83868774434814
99.0,2015,4,238,1,8,2,6,0,94,161,23081,11315,11766,110.48048178155193,103.11511632944847,0.4332567913002036,3.466054330401629,0.8665135826004072,2.5995407478012216,142.28899690676093,79.89121196668366
99.0,2016,1,321,0,7,1,6,0,126,208,23157,11392,11765,144.66468022628146,138.61899209742194,0.0,3.022844064429762,0.4318348663471088,2.591009198082653,182.58426966292134,107.09732256693583
99.0,2016,2,278,1,11,2,5,0,124,172,23157,11392,11765,128.25495530509133,120.05009284449626,0.4318348663471088,4.750183529818197,0.8636697326942177,2.1591743317355445,150.98314606741573,105.39736506587336
99.0,2016,3,299,0,6,0,21,0,97,229,23157,11392,11765,140.7781664291575,129.11862503778556,0.0,2.591009198082653,0.0,9.068532193289286,201.01825842696627,82.44793880152996
99.0,2016,4,214,1,2,2,5,0,87,137,23157,11392,11765,96.73101006175239,92.4126613982813,0.4318348663471088,0.8636697326942177,0.8636697326942177,2.1591743317355445,120.25983146067415,73.94815129621759
99.0,2017,1,397,0,6,2,3,0,175,233,23247,11478,11769,175.50651696993162,170.77472362025208,0.0,2.580978190734288,0.860326063578096,1.290489095367144,202.99703781146542,148.69572605998812
99.0,2017,2,463,2,7,7,13,0,188,304,23247,11478,11769,211.64021164021162,199.16548371832926,0.860326063578096,3.0111412225233365,3.0111412225233365,5.592119413257625,264.8545042690364,159.74169428158723
99.0,2017,3,645,0,7,6,6,0,264,400,23247,11478,11769,285.6282531079279,277.455155503936,0.0,3.0111412225233365,2.580978190734288,2.580978190734288,348.4927687750479,224.31812388478207
99.0,2017,4,770,2,8,9,7,0,354,442,23247,11478,11769,342.40977330408225,331.225534477567,0.860326063578096,3.441304254312384,3.8714672861014323,3.0111412225233365,385.0845094964279,300.79021157277595
99.0,2018,1,763,6,22,8,4,0,348,455,23444,11623,11821,342.51834157993517,325.4564067565262,2.559290223511346,9.384064152874936,3.412386964681795,1.7061934823408975,391.4651983136884,294.3913374503003
99.0,2018,2,960,2,14,16,10,0,472,530,23444,11623,11821,427.4014673263948,409.4864357618154,0.8530967411704488,5.971677188193141,6.82477392936359,4.265483705852244,455.9924288049557,399.28940021994754
99.0,2018,3,875,0,8,10,8,0,380,521,23444,11623,11821,384.32008189728714,373.2298242620713,0.0,3.412386964681795,4.265483705852244,3.412386964681795,448.24916114600364,321.4618052618222
99.0,2018,4,1079,2,9,8,6,0,452,652,23444,11623,11821,470.9094011260877,460.2456918614571,0.8530967411704488,3.8389353352670192,3.412386964681795,2.559290223511346,560.9567237374172,382.3703578377464
99.0,2019,1,657,2,10,6,7,0,285,397,24347,12130,12217,280.1166468148026,269.84844128640077,0.8214564422721485,4.107282211360743,2.4643693268164455,2.87509754795252,327.2877164056059,233.28149300155522
99.0,2019,2,73,2,6,4,2,0,34,53,24347,12130,12217,35.73335523883846,29.98316014293342,0.8214564422721485,2.4643693268164455,1.642912884544297,0.8214564422721485,43.693322341302554,27.830072849308344
99.0,2019,3,56,3,10,3,1,0,26,47,24347,12130,12217,29.98316014293342,23.00078038362016,1.2321846634082227,4.107282211360743,1.2321846634082227,0.41072822113607427,38.746908491343774,21.281820414176966
99.0,2019,4,60,3,9,3,3,0,31,47,24347,12130,12217,32.03680124861379,24.643693268164455,1.2321846634082227,3.6965539902246687,1.2321846634082227,1.2321846634082227,38.746908491343774,25.374478186134073
99.0,2020,1,40,1,10,7,2,0,29,31,24656,12293,12363,24.334847501622324,16.223231667748216,0.40558079169370537,4.055807916937054,2.839065541855938,0.8111615833874107,25.21760351419507,23.457089703146487
99.0,2020,2,9,0,4,0,1,0,8,6,24656,12293,12363,5.678131083711876,3.6502271252433482,0.0,1.6223231667748215,0.0,0.40558079169370537,4.880826486618401,6.47092129741972
99.0,2020,3,19,0,8,3,0,0,16,14,24656,12293,12363,12.167423750811162,7.706035042180403,0.0,3.244646333549643,1.2167423750811162,0.0,11.388595135442936,12.94184259483944
99.0,2020,4,29,2,10,1,4,0,20,26,24656,12293,12363,18.65671641791045,11.761842959117457,0.8111615833874107,4.055807916937054,0.40558079169370537,1.6223231667748215,21.150248108679737,16.1773032435493
99.0,2021,1,28,0,11,0,2,0,18,23,24681,12298,12383,16.61196872087841,11.344759126453548,0.0,4.456869656821037,0.0,0.8103399376038247,18.702228004553586,14.536057498182991
99.0,2021,2,31,1,2,1,4,0,18,21,24681,12298,12383,15.801628783274582,12.560269032859283,0.40516996880191236,0.8103399376038247,0.40516996880191236,1.6206798752076494,17.075947308505448,14.536057498182991
99.0,2021,3,38,0,7,11,4,0,22,38,24681,12298,12383,24.310198128114745,15.39645881447267,0.0,2.836189781613387,4.456869656821037,1.6206798752076494,30.89933322491462,17.76629249777921
99.0,2021,4,41,1,10,2,2,0,24,32,24681,12298,12383,22.689518252907096,16.61196872087841,0.40516996880191236,4.0516996880191245,0.8103399376038247,0.8103399376038247,26.020491136770207,19.381409997577325
99.0,2022,1,38,1,0,2,6,0,14,33,24533,12186,12347,19.15786899278523,15.4893408877838,0.4076142338890474,0.0,0.8152284677780948,2.4456854033342847,27.080256031511574,11.33878674981777
99.0,2022,2,44,3,0,5,5,0,15,42,24533,12186,12347,23.234011331675703,17.935026291118085,1.2228427016671424,0.0,2.038071169445237,2.038071169445237,34.465780403741995,12.148700089090468
99.0,2022,3,46,4,0,5,8,0,28,35,24533,12186,12347,25.679696735009987,18.75025475889618,1.6304569355561895,0.0,2.038071169445237,3.260913871112379,28.721483669785,22.67757349963554
99.0,2022,4,33,2,0,8,5,0,10,38,24533,12186,12347,19.565483226674278,13.451269718338565,0.8152284677780948,0.0,3.260913871112379,2.038071169445237,31.18332512719514,8.099133392726978
99.0,2023,1,0,1,0,1,5,0,1,6,24313,12044,12269,2.879118167235635,0.0,0.4113025953193765,0.0,0.4113025953193765,2.0565129765968826,4.981733643307871,0.8150623522699487
99.0,2023,2,1,0,0,1,7,0,2,7,24313,12044,12269,3.701723357874388,0.4113025953193765,0.0,0.0,0.4113025953193765,2.879118167235635,5.812022583859183,1.6301247045398974
99.0,2023,3,0,2,0,2,5,0,2,7,24313,12044,12269,3.701723357874388,0.0,0.822605190638753,0.0,0.822605190638753,2.0565129765968826,5.812022583859183,1.6301247045398974
100.0,2015,1,119,0,5,5,5,0,51,83,33449,15280,18169,40.06098837035486,35.57654937367335,0.0,1.4948129988938383,1.4948129988938383,1.4948129988938383,54.319371727748695,28.06978920138698
100.0,2015,2,136,1,12,2,8,0,67,92,33449,15280,18169,47.53505336482406,40.65891356991241,0.29896259977876766,3.587551197345212,0.5979251995575353,2.3917007982301413,60.209424083769626,36.8759975782927
100.0,2015,3,129,0,14,1,8,0,66,86,33449,15280,18169,45.44231516637269,38.56617537146103,0.0,4.1854763969027475,0.29896259977876766,2.3917007982301413,56.282722513089006,36.32560955473609
100.0,2015,4,124,2,2,9,4,0,56,85,33449,15280,18169,42.15372656880624,37.071362372567194,0.5979251995575353,0.5979251995575353,2.690663398008909,1.1958503991150706,55.6282722513089,30.821729319170018
100.0,2016,1,180,1,7,4,6,0,50,147,33457,15238,18219,59.18044056550198,53.800400514092715,0.29889111396718177,2.0922377977702724,1.195564455868727,1.7933466838030905,96.46935293345582,27.443877270980845
100.0,2016,2,162,2,19,4,4,0,70,121,33457,15238,18219,57.08820276773172,48.42036046268344,0.5977822279343635,5.6789311653764525,1.195564455868727,1.195564455868727,79.40674629216433,38.42142817937318
100.0,2016,3,162,1,10,1,4,0,74,104,33457,15238,18219,53.202618286158355,48.42036046268344,0.29889111396718177,2.9889111396718175,0.29889111396718177,1.195564455868727,68.25042656516604,40.61693836105165
100.0,2016,4,131,0,8,5,4,0,54,94,33457,15238,18219,44.23588486714291,39.15473592970081,0.0,2.391128911737454,1.4944555698359088,1.195564455868727,61.68788554928469,29.63938745265931
100.0,2017,1,240,0,5,8,3,0,105,151,33503,15209,18294,76.41106766558218,71.6353759364833,0.0,1.492403665343402,2.387845864549443,0.8954421992060413,99.28331908738247,57.39586749754018
100.0,2017,2,238,1,9,3,7,0,111,147,33503,15209,18294,77.00802913171954,71.03841447034594,0.2984807330686804,2.686326597618124,0.8954421992060413,2.0893651314807626,96.65329738970347,60.675631354542475
100.0,2017,3,364,1,7,5,6,0,147,236,33503,15209,18294,114.3181207653046,108.64698683699967,0.2984807330686804,2.0893651314807626,1.492403665343402,1.7908843984120826,155.17128016306134,80.35421449655624
100.0,2017,4,494,0,11,5,3,0,225,288,33503,15209,18294,153.12061606423305,147.44948213592812,0.0,3.283288063755484,1.492403665343402,0.8954421992060413,189.36156223288842,122.99114463758609
100.0,2018,1,384,0,22,12,13,0,189,242,33749,16059,17690,127.70748762926308,113.78114907108359,0.0,6.51871166553083,3.555660908471362,3.851965984177309,150.69431471449033,106.840022611645
100.0,2018,2,464,2,16,20,6,0,232,276,33749,16059,17690,150.522978458621,137.48555512755934,0.5926101514118937,4.740881211295149,5.926101514118937,1.777830454235681,171.8662432280964,131.14754098360655
100.0,2018,3,472,0,12,8,2,0,201,293,33749,16059,17690,146.37470739873774,139.8559957332069,0.0,3.555660908471362,2.3704406056475746,0.5926101514118937,182.45220748489942,113.62351611079706
100.0,2018,4,565,4,6,26,0,1,241,358,33749,16059,17690,178.07935049927406,167.41236777385996,1.1852203028237873,1.777830454235681,7.703931968354618,0.0,222.92795317267579,136.2351611079706
100.0,2019,1,346,1,20,11,11,0,141,248,35496,16396,19100,109.58981293666892,97.47577191796258,0.2817218841559612,5.634437683119225,3.098940725715573,3.098940725715573,151.25640400097583,73.82198952879581
100.0,2019,2,47,1,12,7,1,0,29,39,35496,16396,19100,19.157088122605362,13.240928555330177,0.2817218841559612,3.3806626098715347,1.9720531890917286,0.2817218841559612,23.786289338863135,15.183246073298431
100.0,2019,3,31,0,6,8,2,0,23,24,35496,16396,19100,13.240928555330177,8.733378408834797,0.0,1.6903313049357673,2.2537750732476898,0.5634437683119224,14.63771651622347,12.041884816753926
100.0,2019,4,35,1,5,2,6,0,18,31,35496,16396,19100,13.8043723236421,9.860265945458643,0.2817218841559612,1.4086094207798063,0.5634437683119224,1.6903313049357673,18.90705050012198,9.424083769633508
100.0,2020,1,28,0,2,6,3,0,9,30,35859,16599,19260,10.87593072868736,7.808360523160155,0.0,0.5577400373685826,1.6732201121057475,0.8366100560528738,18.073377914332188,4.672897196261682
100.0,2020,2,12,2,4,2,2,0,5,17,35859,16599,19260,6.135140411054408,3.346440224211495,0.5577400373685826,1.1154800747371652,0.5577400373685826,0.5577400373685826,10.241580818121573,2.596053997923157
100.0,2020,3,10,0,3,4,2,0,6,13,35859,16599,19260,5.298530355001534,2.7887001868429127,0.0,0.8366100560528738,1.1154800747371652,0.5577400373685826,7.831797096210615,3.1152647975077885
100.0,2020,4,22,0,4,2,7,0,15,20,35859,16599,19260,9.760450653950194,6.135140411054408,0.0,1.1154800747371652,0.5577400373685826,1.9520901307900387,12.048918609554793,7.78816199376947
100.0,2021,1,17,0,8,2,4,0,17,14,36268,16800,19468,8.547479872063526,4.687327671776774,0.0,2.205801257306717,0.5514503143266792,1.1029006286533585,8.333333333333334,8.732278611054037
100.0,2021,2,21,2,10,9,4,1,19,26,36268,16800,19468,12.683357229513621,5.790228300430131,0.5514503143266792,2.757251571633396,2.481526414470056,1.1029006286533585,15.476190476190476,9.759605506472159
100.0,2021,3,33,0,10,4,7,0,31,23,36268,16800,19468,14.889158486820337,9.098930186390206,0.0,2.757251571633396,1.1029006286533585,1.930076100143377,13.690476190476192,15.923566878980893
100.0,2021,4,38,2,7,9,8,0,18,46,36268,16800,19468,17.646410058453736,10.477555972206904,0.5514503143266792,1.930076100143377,2.481526414470056,2.205801257306717,27.380952380952383,9.245942058763099
100.0,2022,1,23,2,0,5,10,0,9,31,36472,16947,19525,10.967317394165388,6.306207501645098,0.5483658697082694,0.0,1.3709146742706735,2.741829348541347,18.29232312503688,4.609475032010243
100.0,2022,2,15,1,0,3,6,0,5,20,36472,16947,19525,6.854573371353367,4.11274402281202,0.2741829348541347,0.0,0.822548804562404,1.645097609124808,11.801498790346374,2.560819462227913
100.0,2022,3,31,3,0,5,6,0,10,35,36472,16947,19525,12.33823206843606,8.499670980478175,0.822548804562404,0.0,1.3709146742706735,1.645097609124808,20.652622883106154,5.121638924455826
100.0,2022,4,28,1,0,11,7,0,11,36,36472,16947,19525,12.88659793814433,7.677122175915771,0.2741829348541347,0.0,3.0160122833954817,1.9192805439789427,21.242697822623473,5.633802816901409
100.0,2023,1,0,1,0,15,6,0,3,19,36452,16968,19484,6.0353341380445515,0.0,0.274333369911116,0.0,4.11500054866674,1.646000219466696,11.197548326261197,1.5397249024840896
100.0,2023,2,0,4,0,4,8,0,1,15,36452,16968,19484,4.389333918577856,0.0,1.097333479644464,0.0,1.097333479644464,2.194666959288928,8.84016973125884,0.5132416341613631
100.0,2023,3,0,3,0,7,7,0,1,16,36452,16968,19484,4.663667288488972,0.0,0.823000109733348,0.0,1.920333589377812,1.920333589377812,9.42951438000943,0.5132416341613631
101.0,2015,1,178,3,2,4,9,0,73,123,25575,11819,13756,76.63734115347019,69.59921798631476,1.1730205278592376,0.7820136852394917,1.5640273704789833,3.5190615835777126,104.06971825027499,53.067752253562084
101.0,2015,2,173,0,5,3,1,0,70,112,25575,11819,13756,71.16324535679374,67.64418377321603,0.0,1.9550342130987293,1.1730205278592376,0.39100684261974583,94.76267027667315,50.88688572259378
101.0,2015,3,141,0,6,5,11,0,71,92,25575,11819,13756,63.73411534701857,55.131964809384165,0.0,2.346041055718475,1.9550342130987293,4.301075268817204,77.84076487012437,51.61384123291654
101.0,2015,4,139,0,4,13,5,0,67,94,25575,11819,13756,62.95210166177908,54.349951124144674,0.0,1.5640273704789833,5.083088954056696,1.9550342130987293,79.53295541077925,48.706019191625465
101.0,2016,1,199,0,4,4,11,0,89,129,25484,11742,13742,85.543870663946,78.08821221158374,0.0,1.5696123057604772,1.5696123057604772,4.316433840841312,109.86203372508942,64.7649541551448
101.0,2016,2,174,1,8,5,7,0,75,120,25484,11742,13742,76.51859990582325,68.27813530058076,0.3924030764401193,3.1392246115209543,1.9620153822005966,2.7468215350808354,102.19724067450178,54.5772085577063
101.0,2016,3,180,0,5,2,8,0,80,115,25484,11742,13742,76.51859990582325,70.63255375922148,0.0,1.9620153822005966,0.7848061528802386,3.1392246115209543,97.93902231306421,58.215689128220056
101.0,2016,4,151,1,9,9,2,0,83,89,25484,11742,13742,67.49332914770052,59.25286454245801,0.3924030764401193,3.5316276879610737,3.5316276879610737,0.7848061528802386,75.79628683358882,60.39877747052831
101.0,2017,1,265,0,5,9,9,0,111,177,25429,11682,13747,113.25651814857052,104.21172676864998,0.0,1.966258995634905,3.539266192142829,3.539266192142829,151.51515151515153,80.7448897941369
101.0,2017,2,335,0,7,9,13,0,141,223,25429,11682,13747,143.14365488222109,131.73935270753864,0.0,2.752762593888867,3.539266192142829,5.1122733886507525,190.89197055298752,102.56783298174147
101.0,2017,3,397,1,20,7,8,0,185,248,25429,11682,13747,170.27802902198275,156.12096425341147,0.39325179912698105,7.86503598253962,2.752762593888867,3.1460143930158484,212.2924156822462,134.5748163235615
101.0,2017,4,462,1,8,11,4,0,213,273,25429,11682,13747,191.12037437571277,181.68233119666522,0.39325179912698105,3.1460143930158484,4.325769790396791,1.5730071965079242,233.6928608115049,154.94289663199243
101.0,2018,1,420,0,12,15,2,0,193,256,25536,12292,13244,175.83020050125316,164.4736842105263,0.0,4.6992481203007515,5.874060150375939,0.7832080200501252,208.26553856166612,145.72636665659923
101.0,2018,2,578,0,22,24,6,0,272,358,25536,12292,13244,246.71052631578948,226.34711779448622,0.0,8.615288220551378,9.398496240601503,2.3496240601503757,291.24633908232994,205.3760193295077
101.0,2018,3,514,0,6,19,10,0,229,320,25536,12292,13244,214.99060150375942,201.28446115288222,0.0,2.3496240601503757,7.44047619047619,3.916040100250626,260.33192320208263,172.90848686197523
101.0,2018,4,552,0,12,18,12,0,233,361,25536,12292,13244,232.61278195488723,216.16541353383457,0.0,4.6992481203007515,7.048872180451127,4.6992481203007515,293.6869508623495,175.92872244035036
101.0,2019,1,344,0,11,15,10,0,156,224,26793,12524,14269,141.8280894263427,128.39174411226813,0.0,4.105549957078342,5.598477214197738,3.732318142798492,178.85659533695303,109.327913658981
101.0,2019,2,47,1,6,7,4,0,27,38,26793,12524,14269,24.260067928190196,17.541895271152914,0.3732318142798492,2.239390885679095,2.6126226999589446,1.4929272571193968,30.341743851804537,18.922138902515943
101.0,2019,3,40,0,7,8,4,0,25,34,26793,12524,14269,22.020677042511103,14.929272571193968,0.0,2.6126226999589446,2.9858545142387936,1.4929272571193968,27.147876077930373,17.52049898381106
101.0,2019,4,37,0,4,6,1,0,24,24,26793,12524,14269,17.91512708543276,13.809577128354421,0.0,1.4929272571193968,2.239390885679095,0.3732318142798492,19.16320664324497,16.819679024458615
101.0,2020,1,32,0,6,4,4,0,18,28,26970,12636,14334,17.055988134964778,11.865035224323321,0.0,2.224694104560623,1.4831294030404152,1.4831294030404152,22.158911047799936,12.557555462536627
101.0,2020,2,11,0,7,0,2,0,9,11,26970,12636,14334,7.415647015202076,4.078605858361143,0.0,2.5954764553207266,0.0,0.7415647015202076,8.705286483064262,6.278777731268313
101.0,2020,3,14,0,3,10,1,0,11,17,26970,12636,14334,10.381905821282906,5.190952910641453,0.0,1.1123470522803116,3.707823507601038,0.3707823507601038,13.453624564735676,7.67406167155016
101.0,2020,4,28,0,7,10,7,0,17,35,26970,12636,14334,19.280682239525397,10.381905821282906,0.0,2.5954764553207266,3.707823507601038,2.5954764553207266,27.698638809749923,11.859913492395702
101.0,2021,1,20,1,5,8,7,0,9,32,27179,12742,14437,15.085176055042496,7.358622465874388,0.36793112329371946,1.839655616468597,2.9434489863497557,2.575517863056036,25.113796892167635,6.233982129251229
101.0,2021,2,27,1,10,7,1,0,17,29,27179,12742,14437,16.924831671511093,9.934140328930424,0.36793112329371946,3.679311232937194,2.575517863056036,0.36793112329371946,22.75937843352692,11.775299577474545
101.0,2021,3,16,0,9,10,9,1,11,32,27179,12742,14437,16.188969424923656,5.886897972699511,0.0,3.3113801096434745,3.679311232937194,3.3113801096434745,25.113796892167635,7.619311491307058
101.0,2021,4,28,3,4,10,4,0,16,33,27179,12742,14437,18.02862504139225,10.302071452224144,1.1037933698811582,1.4717244931748779,3.679311232937194,1.4717244931748779,25.898603045047874,11.082634896446631
101.0,2022,1,27,2,0,7,6,0,13,29,27236,12809,14427,15.420766632398296,9.913349977970332,0.734322220590395,0.0,2.5701277720663827,2.2029666617711854,22.640331017253494,9.010882373327789
101.0,2022,2,18,2,0,2,6,0,9,19,27236,12809,14427,10.28051108826553,6.608899985313556,0.734322220590395,0.0,0.734322220590395,2.2029666617711854,14.83332032164884,6.238303181534622
101.0,2022,3,21,1,0,6,5,0,12,21,27236,12809,14427,12.116316639741518,7.710383316199148,0.3671611102951975,0.0,2.2029666617711854,1.8358055514759877,16.39472246076977,8.317737575379496
101.0,2022,4,48,0,0,8,5,0,23,38,27236,12809,14427,22.39682772800705,17.623733294169483,0.0,0.0,2.93728888236158,1.8358055514759877,29.66664064329768,15.942330352810702
101.0,2023,1,0,0,0,8,3,1,3,7,27124,12781,14343,4.055449048812859,0.0,0.0,0.0,2.949417490045716,1.1060315587671434,5.4768797433690635,2.0916126333403056
101.0,2023,2,0,1,0,10,11,0,3,19,27124,12781,14343,8.110898097625718,0.0,0.3686771862557145,0.0,3.686771862557145,4.055449048812859,14.86581644628746,2.0916126333403056
101.0,2023,3,0,1,0,6,7,0,2,12,27124,12781,14343,5.161480607580003,0.0,0.3686771862557145,0.0,2.212063117534287,2.5807403037900016,9.388936702918395,1.3944084222268702
102.0,2015,1,372,22,12,3,14,0,123,299,36187,17240,18947,116.8928068090751,102.7993478320944,6.079531323403431,3.31610799458369,0.8290269986459226,3.8687926603476384,173.4338747099768,64.91792895972976
102.0,2015,2,270,11,19,6,6,0,96,216,36187,17240,18947,86.21880785917595,74.61242987813303,3.0397656617017157,5.250504324757509,1.658053997291845,1.658053997291845,125.29002320185614,50.6676518710086
102.0,2015,3,184,18,24,6,15,0,72,175,36187,17240,18947,68.25655622184763,50.84698925028325,4.974161991875536,6.63221598916738,1.658053997291845,4.145134993229613,101.50812064965197,38.000738903256455
102.0,2015,4,153,17,15,3,6,0,63,131,36187,17240,18947,53.61041257910299,42.28037693094205,4.697819658993561,4.145134993229613,0.8290269986459226,1.658053997291845,75.9860788863109,33.25064654034939
102.0,2016,1,338,12,19,8,10,0,119,268,35646,16830,18816,108.56758121528361,94.82129832239242,3.3664366268305,5.330191325814958,2.2442910845536663,2.805363855692083,159.23945335710042,63.24404761904762
102.0,2016,2,257,8,19,6,11,0,89,212,35646,16830,18816,84.4414520563317,72.09785109128654,2.2442910845536663,5.330191325814958,1.68321831341525,3.085900241261292,125.96553773024361,47.300170068027214
102.0,2016,3,292,13,44,5,10,0,137,226,35646,16830,18816,102.11524434719183,81.91662458620883,3.6469730123997084,12.343600965045168,1.4026819278460414,2.805363855692083,134.28401663695783,72.81037414965986
102.0,2016,4,251,12,13,8,10,0,95,199,35646,16830,18816,82.47769735734725,70.41463277787129,3.3664366268305,3.6469730123997084,2.2442910845536663,2.805363855692083,118.24123588829472,50.488945578231295
102.0,2017,1,481,10,14,9,7,0,182,339,35219,16497,18722,147.93151423947302,136.57400834776683,2.839376472926545,3.9751270620971635,2.5554388256338907,1.9875635310485817,205.49190761956717,97.21183634227113
102.0,2017,2,552,8,13,13,18,0,195,409,35219,16497,18722,171.49833896476335,156.7335813055453,2.271501178341236,3.6911894148045086,3.6911894148045086,5.110877651267781,247.92386494514156,104.15553893814763
102.0,2017,3,675,12,19,12,23,0,266,474,35219,16497,18722,210.39779664385702,191.65791192254179,3.4072517675118545,5.394815298560436,3.4072517675118545,6.530565887731054,287.324968176032,142.07883773101165
102.0,2017,4,876,19,10,15,23,0,318,624,35219,16497,18722,267.7532013969732,248.72937902836537,5.394815298560436,2.839376472926545,4.259064709389818,6.530565887731054,378.25059101654847,169.8536481145177
102.0,2018,1,753,20,50,25,35,0,298,584,35073,17460,17613,251.7606135773957,214.69506457959113,5.702392153508397,14.255980383770991,7.1279901918854955,9.979186268639694,334.47880870561283,169.19320956111963
102.0,2018,2,990,42,41,22,18,2,427,682,35073,17460,17613,317.3381233427423,282.26841159866564,11.975023522367632,11.689903914692213,6.272631368859237,5.1321529381575575,390.60710194730814,242.4345653778459
102.0,2018,3,1024,18,39,26,22,0,392,737,35073,17460,17613,321.900037065549,291.9624782596299,5.1321529381575575,11.119664699341374,7.413109799560916,6.272631368859237,422.1076746849943,222.56287969113723
102.0,2018,4,1160,18,16,11,10,1,477,736,35073,17460,17613,346.4203233256351,330.73874490348703,5.1321529381575575,4.561913722806717,3.1363156844296185,2.8511960767541984,421.53493699885456,270.82268778742974
102.0,2019,1,700,24,10,14,10,0,272,486,39473,18761,20712,192.02999518658322,177.33640716439083,6.0801053884934,2.5333772452055836,3.546728143287817,2.5333772452055836,259.04802515857364,131.3248358439552
102.0,2019,2,65,12,36,5,10,0,57,71,39473,18761,20712,32.42722873863147,16.46695209383629,3.0400526942467,9.120158082740101,1.2666886226027918,2.5333772452055836,37.844464580779274,27.520278099652373
102.0,2019,3,83,8,29,15,20,0,57,98,39473,18761,20712,39.267347300686545,21.027031135206343,2.026701796164467,7.3467940110961925,3.8000658678083754,5.066754490411167,52.23602153403337,27.520278099652373
102.0,2019,4,80,20,17,6,17,0,55,85,39473,18761,20712,35.46728143287817,20.26701796164467,5.066754490411167,4.306741316849492,1.52002634712335,4.306741316849492,45.30675337135548,26.554654306682117
102.0,2020,1,72,21,31,5,14,0,53,90,39822,18926,20896,35.909798603786854,18.0804580382703,5.273466927828839,7.784641655366381,1.255587363768771,3.515644618552559,47.55362992708443,25.363705972434918
102.0,2020,2,17,5,23,9,7,1,20,40,39822,18926,20896,15.318165837979008,4.268997036813822,1.255587363768771,5.775701873336346,2.2600572547837876,1.7578223092762795,21.134946634259748,9.571209800918837
102.0,2020,3,41,8,40,23,16,0,30,98,39822,18926,20896,32.143036512480535,10.295816382903922,2.0089397820300334,10.044698910150167,5.775701873336346,4.017879564060067,51.780619253936386,14.356814701378255
102.0,2020,4,40,14,46,12,21,0,35,98,39822,18926,20896,33.39862387624931,10.044698910150167,3.515644618552559,11.551403746672692,3.01340967304505,5.273466927828839,51.780619253936386,16.74961715160796
102.0,2021,1,62,16,23,20,20,0,36,105,39716,18779,20937,35.502064659079466,15.61083694229026,4.028603081881358,5.791116930204452,5.035753852351697,5.035753852351697,55.9135204217477,17.19444046424989
102.0,2021,2,53,16,33,12,24,0,35,103,39716,18779,20937,34.74670158122671,13.344747708731997,4.028603081881358,8.308993856380301,3.0214523114110183,6.042904622822037,54.84850098514298,16.716817118020728
102.0,2021,3,44,13,71,18,18,2,48,114,39716,18779,20937,41.29318158928391,11.078658475173734,3.2732400040286027,17.876926175848524,4.532178467116528,4.532178467116528,60.706107886468935,22.925920618999857
102.0,2021,4,69,14,80,15,25,2,44,157,39716,18779,20937,51.11290160136972,17.373350790613355,3.525027696646188,20.14301540940679,3.7768153892637724,6.294692315439621,83.60402577347035,21.0154272340832
102.0,2022,1,37,11,0,9,21,0,16,62,39345,18509,20836,19.824628288219596,9.403990341847758,2.795780912441225,0.0,2.287457110179184,5.33739992375143,33.497217569830894,7.679017085813015
102.0,2022,2,47,12,0,15,34,0,24,84,39345,18509,20836,27.44948532215021,11.94560935315796,3.0499428135722457,0.0,3.8124285169653067,8.641504638454697,45.38332703009347,11.518525628719525
102.0,2022,3,50,14,0,9,28,0,20,81,39345,18509,20836,25.670352014233064,12.708095056551024,3.558266615834287,0.0,2.287457110179184,7.116533231668574,43.762493921875844,9.598771357266271
102.0,2022,4,61,9,0,15,24,0,29,80,39345,18509,20836,27.70364722328123,15.503875968992247,2.287457110179184,0.0,3.8124285169653067,6.0998856271444915,43.22221621913664,13.918218468036091
102.0,2023,1,1,8,0,8,23,0,6,34,39019,18312,20707,10.2514159768318,0.256285399420795,2.05028319536636,0.0,2.05028319536636,5.894564186678285,18.56705985146352,2.897570869754189
102.0,2023,2,0,11,0,13,29,0,3,50,39019,18312,20707,13.583126169302135,0.0,2.819139393628745,0.0,3.331710192470335,7.432276583203055,27.304499781564004,1.4487854348770945
102.0,2023,3,1,14,0,8,18,0,7,34,39019,18312,20707,10.507701376252594,0.256285399420795,3.58799559189113,0.0,2.05028319536636,4.61313718957431,18.56705985146352,3.380499348046554
103.0,2015,1,10,0,1,0,0,0,3,8,1566,825,741,70.242656449553,63.85696040868455,0.0,6.385696040868455,0.0,0.0,96.96969696969697,40.48582995951417
103.0,2015,2,10,0,1,0,4,0,3,12,1566,825,741,95.78544061302681,63.85696040868455,0.0,6.385696040868455,0.0,25.54278416347382,145.45454545454547,40.48582995951417
103.0,2015,3,18,0,0,0,1,0,7,12,1566,825,741,121.32822477650063,114.94252873563218,0.0,0.0,0.0,6.385696040868455,145.45454545454547,94.46693657219974
103.0,2015,4,12,0,0,0,1,0,4,9,1566,825,741,83.01404853128992,76.62835249042145,0.0,0.0,0.0,6.385696040868455,109.0909090909091,53.98110661268556
103.0,2016,1,17,1,0,0,0,0,6,12,1476,779,697,121.95121951219512,115.17615176151762,6.775067750677507,0.0,0.0,0.0,154.0436456996149,86.0832137733142
103.0,2016,2,15,0,0,2,1,0,9,9,1476,779,697,121.95121951219512,101.6260162601626,0.0,0.0,13.550135501355014,6.775067750677507,115.53273427471117,129.1248206599713
103.0,2016,3,14,0,0,0,1,0,5,10,1476,779,697,101.6260162601626,94.8509485094851,0.0,0.0,0.0,6.775067750677507,128.36970474967907,71.73601147776183
103.0,2016,4,14,1,0,0,0,0,8,7,1476,779,697,101.6260162601626,94.8509485094851,6.775067750677507,0.0,0.0,0.0,89.85879332477535,114.77761836441894
103.0,2017,1,17,1,1,1,2,0,9,13,1404,740,664,156.6951566951567,121.08262108262107,7.122507122507123,7.122507122507123,7.122507122507123,14.245014245014247,175.67567567567568,135.5421686746988
103.0,2017,2,39,1,4,0,1,0,23,22,1404,740,664,320.5128205128205,277.77777777777777,7.122507122507123,28.490028490028493,0.0,7.122507122507123,297.2972972972973,346.3855421686747
103.0,2017,3,69,0,4,1,0,0,37,37,1404,740,664,527.0655270655271,491.45299145299145,0.0,28.490028490028493,7.122507122507123,0.0,500.0,557.2289156626506
103.0,2017,4,72,0,11,1,1,0,30,55,1404,740,664,605.4131054131054,512.8205128205128,0.0,78.34757834757835,7.122507122507123,7.122507122507123,743.2432432432432,451.8072289156626
103.0,2018,1,35,2,2,2,0,0,16,25,1339,688,651,306.19865571321884,261.38909634055267,14.936519790888724,14.936519790888724,14.936519790888724,0.0,363.37209302325584,245.77572964669739
103.0,2018,2,40,0,0,0,0,0,17,23,1339,688,651,298.7303958177745,298.7303958177745,0.0,0.0,0.0,0.0,334.30232558139534,261.136712749616
103.0,2018,3,60,0,0,4,0,0,20,44,1339,688,651,477.96863330843917,448.09559372666166,0.0,0.0,29.873039581777448,0.0,639.5348837209302,307.21966205837174
103.0,2018,4,42,0,2,0,2,0,18,28,1339,688,651,343.53995519044065,313.6669156086632,0.0,14.936519790888724,0.0,14.936519790888724,406.9767441860465,276.4976958525346
103.0,2019,1,41,0,1,3,2,0,17,30,1356,709,647,346.6076696165192,302.3598820058997,0.0,7.374631268436578,22.123893805309734,14.749262536873156,423.13117066290545,262.7511591962906
103.0,2019,2,3,0,3,0,0,0,3,3,1356,709,647,44.24778761061947,22.123893805309734,0.0,22.123893805309734,0.0,0.0,42.31311706629055,46.3678516228748
103.0,2019,3,3,0,0,1,0,0,1,3,1356,709,647,29.49852507374631,22.123893805309734,0.0,0.0,7.374631268436578,0.0,42.31311706629055,15.455950540958268
103.0,2019,4,4,0,3,1,0,0,4,4,1356,709,647,58.99705014749262,29.49852507374631,0.0,22.123893805309734,7.374631268436578,0.0,56.41748942172073,61.82380216383307
103.0,2020,1,2,0,1,1,0,0,1,3,1325,693,632,30.188679245283016,15.094339622641508,0.0,7.547169811320754,7.547169811320754,0.0,43.29004329004329,15.822784810126581
103.0,2020,2,1,0,0,0,0,0,1,0,1325,693,632,7.547169811320754,7.547169811320754,0.0,0.0,0.0,0.0,0.0,15.822784810126581
103.0,2020,3,1,0,0,0,0,0,1,0,1325,693,632,7.547169811320754,7.547169811320754,0.0,0.0,0.0,0.0,0.0,15.822784810126581
103.0,2020,4,2,0,1,0,1,0,1,3,1325,693,632,30.188679245283016,15.094339622641508,0.0,7.547169811320754,0.0,7.547169811320754,43.29004329004329,15.822784810126581
103.0,2021,1,3,0,0,0,1,0,1,3,1282,673,609,31.201248049921997,23.400936037441497,0.0,0.0,0.0,7.800312012480499,44.576523031203564,16.420361247947454
103.0,2021,2,4,0,2,0,0,0,2,4,1282,673,609,46.80187207488299,31.201248049921997,0.0,15.600624024960998,0.0,0.0,59.43536404160475,32.84072249589491
103.0,2021,3,1,0,7,2,0,0,7,3,1282,673,609,78.003120124805,7.800312012480499,0.0,54.6021840873635,15.600624024960998,0.0,44.576523031203564,114.94252873563218
103.0,2021,4,2,0,0,0,0,0,1,1,1282,673,609,15.600624024960998,15.600624024960998,0.0,0.0,0.0,0.0,14.858841010401187,16.420361247947454
103.0,2022,1,2,0,0,0,0,0,0,2,1233,647,586,16.220600162206,16.220600162206,0.0,0.0,0.0,0.0,30.911901081916536,0.0
103.0,2022,2,2,0,0,0,0,0,1,1,1233,647,586,16.220600162206,16.220600162206,0.0,0.0,0.0,0.0,15.455950540958268,17.064846416382252
103.0,2022,3,3,0,0,1,3,0,2,5,1233,647,586,56.772100567721004,24.330900243309003,0.0,0.0,8.110300081103,24.330900243309003,77.27975270479135,34.129692832764505
103.0,2022,4,2,0,0,0,1,0,1,2,1233,647,586,24.330900243309003,16.220600162206,0.0,0.0,0.0,8.110300081103,30.911901081916536,17.064846416382252
103.0,2023,1,0,1,0,2,0,0,0,3,1187,624,563,25.27379949452401,0.0,8.424599831508003,0.0,16.849199663016005,0.0,48.07692307692308,0.0
103.0,2023,2,0,0,0,3,0,0,0,3,1187,624,563,25.27379949452401,0.0,0.0,0.0,25.27379949452401,0.0,48.07692307692308,0.0
104.0,2015,1,37,2,3,0,4,0,15,31,2932,1459,1473,156.88949522510234,126.193724420191,6.8212824010914055,10.231923601637106,0.0,13.642564802182811,212.47429746401644,101.83299389002038
104.0,2015,2,40,0,6,1,2,0,16,33,2932,1459,1473,167.12141882673944,136.4256480218281,0.0,20.463847203274213,3.4106412005457027,6.8212824010914055,226.1823166552433,108.62186014935506
104.0,2015,3,44,1,2,1,0,0,25,23,2932,1459,1473,163.7107776261937,150.0682128240109,3.4106412005457027,6.8212824010914055,3.4106412005457027,0.0,157.64222069910898,169.7216564833673
104.0,2015,4,31,0,2,2,3,0,16,22,2932,1459,1473,129.6043656207367,105.72987721691678,0.0,6.8212824010914055,6.8212824010914055,10.231923601637106,150.78821110349554,108.62186014935506
104.0,2016,1,89,0,2,0,1,0,36,56,2919,1456,1463,315.176430284344,304.8989379924632,0.0,6.851661527920521,0.0,3.4258307639602603,384.61538461538464,246.0697197539303
104.0,2016,2,37,0,1,3,2,0,15,28,2919,1456,1463,147.3107228502912,126.75573826652963,0.0,3.4258307639602603,10.277492291880781,6.851661527920521,192.30769230769232,102.52904989747095
104.0,2016,3,70,1,1,5,1,0,25,53,2919,1456,1463,267.2147995889003,239.8081534772182,3.4258307639602603,3.4258307639602603,17.129153819801303,3.4258307639602603,364.010989010989,170.88174982911826
104.0,2016,4,51,0,4,5,2,0,27,35,2919,1456,1463,212.40150736553613,174.71736896197325,0.0,13.703323055841041,17.129153819801303,6.851661527920521,240.3846153846154,184.5522898154477
104.0,2017,1,125,1,9,1,1,0,68,69,2912,1459,1453,470.46703296703294,429.25824175824175,3.4340659340659343,30.906593406593405,3.4340659340659343,3.4340659340659343,472.9266620973269,467.9972470750172
104.0,2017,2,125,0,12,0,2,0,58,81,2912,1459,1453,477.3351648351648,429.25824175824175,0.0,41.20879120879121,0.0,6.868131868131869,555.1747772446881,399.1741225051618
104.0,2017,3,214,0,21,3,0,0,115,123,2912,1459,1453,817.3076923076923,734.8901098901099,0.0,72.11538461538461,10.302197802197803,0.0,843.0431802604523,791.465932553338
104.0,2017,4,224,1,23,4,1,0,122,131,2912,1459,1453,868.8186813186812,769.2307692307693,3.4340659340659343,78.98351648351648,13.736263736263737,3.4340659340659343,897.8752570253598,839.6421197522368
104.0,2018,1,193,0,4,2,2,0,98,103,2937,1546,1391,684.3718079673137,657.1331290432414,0.0,13.61933946203609,6.809669731018045,6.809669731018045,666.235446313066,704.529115744069
104.0,2018,2,194,0,8,2,0,0,99,105,2937,1546,1391,694.5863125638406,660.5379639087504,0.0,27.23867892407218,6.809669731018045,0.0,679.1720569210867,711.7181883537024
104.0,2018,3,239,0,26,4,6,1,111,162,2937,1546,1391,936.3295880149814,813.7555328566565,0.0,88.52570650323459,13.61933946203609,20.42900919305414,1047.8654592496766,797.9870596693027
104.0,2018,4,217,0,17,0,0,0,108,126,2937,1546,1391,796.7313585291114,738.8491658154579,0.0,57.88219271365339,0.0,0.0,815.006468305304,776.4198418404026
104.0,2019,1,146,0,21,1,2,0,80,90,3087,1586,1501,550.696469063816,472.9510851959832,0.0,68.02721088435374,3.2393909944930352,6.4787819889860705,567.4653215636822,532.9780146568954
104.0,2019,2,19,0,15,4,1,0,22,17,3087,1586,1501,126.33624878522838,61.54842889536767,0.0,48.59086491739553,12.957563977972141,3.2393909944930352,107.18789407313997,146.56895403064624
104.0,2019,3,24,0,8,3,1,0,18,18,3087,1586,1501,116.61807580174927,77.74538386783284,0.0,25.915127955944282,9.718172983479105,3.2393909944930352,113.49306431273645,119.92005329780146
104.0,2019,4,11,0,8,0,2,0,11,10,3087,1586,1501,68.02721088435374,35.633300939423386,0.0,25.915127955944282,0.0,6.4787819889860705,63.05170239596469,73.28447701532312
104.0,2020,1,13,0,10,1,0,0,11,13,3109,1610,1499,77.19523962688967,41.814088131231905,0.0,32.1646831778707,3.21646831778707,0.0,80.74534161490683,73.3822548365577
104.0,2020,2,9,0,2,1,0,0,5,7,3109,1610,1499,38.59761981344484,28.94821486008363,0.0,6.43293663557414,3.21646831778707,0.0,43.47826086956522,33.3555703802535
104.0,2020,3,6,0,2,2,2,0,3,9,3109,1610,1499,38.59761981344484,19.29880990672242,0.0,6.43293663557414,6.43293663557414,6.43293663557414,55.900621118012424,20.0133422281521
104.0,2020,4,6,0,6,1,0,0,6,7,3109,1610,1499,41.814088131231905,19.29880990672242,0.0,19.29880990672242,3.21646831778707,0.0,43.47826086956522,40.0266844563042
104.0,2021,1,4,0,4,1,0,0,5,4,3131,1633,1498,28.744809964867457,12.775471095496647,0.0,12.775471095496647,3.1938677738741617,0.0,24.49479485609308,33.37783711615487
104.0,2021,2,6,0,7,0,1,0,9,5,3131,1633,1498,44.71414883423826,19.16320664324497,0.0,22.35707441711913,0.0,3.1938677738741617,30.61849357011635,60.08010680907877
104.0,2021,3,5,0,15,0,3,0,16,7,3131,1633,1498,73.45895879910572,15.969338869370809,0.0,47.908016608112426,0.0,9.581603321622485,42.86589099816289,106.8090787716956
104.0,2021,4,10,1,2,2,0,0,3,12,3131,1633,1498,47.908016608112426,31.938677738741617,3.1938677738741617,6.387735547748323,6.387735547748323,0.0,73.48438456827924,20.026702269692926
104.0,2022,1,8,0,0,0,0,0,4,4,3139,1650,1489,25.48582351067219,25.48582351067219,0.0,0.0,0.0,0.0,24.242424242424242,26.86366689053056
104.0,2022,2,3,0,0,0,2,0,2,3,3139,1650,1489,15.92863969417012,9.55718381650207,0.0,0.0,0.0,6.371455877668048,18.181818181818183,13.43183344526528
104.0,2022,3,8,1,0,0,1,0,2,8,3139,1650,1489,31.85727938834024,25.48582351067219,3.185727938834024,0.0,0.0,3.185727938834024,48.484848484848484,13.43183344526528
104.0,2022,4,8,1,0,1,1,0,4,7,3139,1650,1489,35.04300732717426,25.48582351067219,3.185727938834024,0.0,3.185727938834024,3.185727938834024,42.42424242424243,26.86366689053056
104.0,2023,1,0,0,0,5,2,0,1,6,3126,1658,1468,22.392834293026233,0.0,0.0,0.0,15.99488163787588,6.397952655150352,36.18817852834741,6.8119891008174385
104.0,2023,2,0,0,0,2,2,0,1,3,3126,1658,1468,12.795905310300704,0.0,0.0,0.0,6.397952655150352,6.397952655150352,18.094089264173704,6.8119891008174385
105.0,2015,1,6,0,2,0,2,0,6,4,1908,1049,859,52.41090146750524,31.446540880503147,0.0,10.482180293501049,0.0,10.482180293501049,38.13155386081983,69.84866123399301
105.0,2015,2,6,0,0,0,0,0,1,5,1908,1049,859,31.446540880503147,31.446540880503147,0.0,0.0,0.0,0.0,47.66444232602479,11.641443538998836
105.0,2015,3,12,0,0,0,2,0,8,6,1908,1049,859,73.37526205450735,62.89308176100629,0.0,0.0,0.0,10.482180293501049,57.19733079122974,93.13154831199068
105.0,2015,4,15,0,0,1,3,0,7,12,1908,1049,859,99.58071278825996,78.61635220125787,0.0,0.0,5.241090146750524,15.723270440251573,114.39466158245948,81.49010477299184
105.0,2016,1,16,0,0,2,2,0,5,15,2083,1162,921,96.01536245799328,76.81228996639462,0.0,0.0,9.601536245799327,9.601536245799327,129.08777969018934,54.28881650380021
105.0,2016,2,10,0,0,2,3,0,6,9,2083,1162,921,72.01152184349496,48.00768122899664,0.0,0.0,9.601536245799327,14.402304368698992,77.4526678141136,65.14657980456026
105.0,2016,3,23,0,1,4,4,0,11,21,2083,1162,921,153.62457993278923,110.41766682669227,0.0,4.8007681228996635,19.203072491598654,19.203072491598654,180.72289156626505,119.43539630836048
105.0,2016,4,15,0,2,4,2,0,13,10,2083,1162,921,110.41766682669227,72.01152184349496,0.0,9.601536245799327,19.203072491598654,9.601536245799327,86.05851979345954,141.15092290988056
105.0,2017,1,33,0,1,0,2,0,16,20,2269,1284,985,158.66020273248128,145.43851917144116,0.0,4.407227853680036,0.0,8.814455707360072,155.76323987538942,162.43654822335026
105.0,2017,2,42,0,2,1,1,0,19,27,2269,1284,985,202.73248126928164,185.1035698545615,0.0,8.814455707360072,4.407227853680036,4.407227853680036,210.28037383177568,192.89340101522845
105.0,2017,3,51,1,11,2,1,0,29,37,2269,1284,985,290.8770383428823,224.7686205376818,4.407227853680036,48.47950639048039,8.814455707360072,4.407227853680036,288.1619937694704,294.4162436548223
105.0,2017,4,66,0,11,2,0,0,36,43,2269,1284,985,348.17100044072276,290.8770383428823,0.0,48.47950639048039,8.814455707360072,0.0,334.8909657320872,365.4822335025381
105.0,2018,1,61,0,0,0,0,0,33,28,2482,1423,1059,245.76954069298952,245.76954069298952,0.0,0.0,0.0,0.0,196.76739283204498,311.61473087818695
105.0,2018,2,62,0,2,0,2,0,38,28,2482,1423,1059,265.914585012087,249.798549556809,0.0,8.058017727639001,0.0,8.058017727639001,196.76739283204498,358.8290840415486
105.0,2018,3,65,0,0,2,0,0,30,37,2482,1423,1059,269.9435938759065,261.88557614826755,0.0,0.0,8.058017727639001,0.0,260.0140548137737,283.28611898017
105.0,2018,4,45,0,0,0,0,0,20,25,2482,1423,1059,181.30539887187751,181.30539887187751,0.0,0.0,0.0,0.0,175.68517217146874,188.85741265344663
105.0,2019,1,45,0,2,0,0,0,23,24,2616,1504,1112,179.6636085626911,172.01834862385323,0.0,7.6452599388379205,0.0,0.0,159.57446808510636,206.83453237410072
105.0,2019,2,5,0,0,0,1,0,4,2,2616,1504,1112,22.93577981651376,19.1131498470948,0.0,0.0,0.0,3.8226299694189603,13.297872340425531,35.97122302158274
105.0,2019,3,4,0,3,0,0,0,4,3,2616,1504,1112,26.75840978593272,15.290519877675841,0.0,11.46788990825688,0.0,0.0,19.946808510638295,35.97122302158274
105.0,2019,4,2,0,0,0,0,0,2,0,2616,1504,1112,7.6452599388379205,7.6452599388379205,0.0,0.0,0.0,0.0,0.0,17.98561151079137
105.0,2020,1,4,0,0,0,0,0,1,3,2874,1678,1196,13.917884481558804,13.917884481558804,0.0,0.0,0.0,0.0,17.878426698450536,8.361204013377927
105.0,2020,2,1,0,0,0,0,0,0,1,2874,1678,1196,3.479471120389701,3.479471120389701,0.0,0.0,0.0,0.0,5.959475566150179,0.0
105.0,2020,3,2,0,0,0,0,0,1,1,2874,1678,1196,6.958942240779402,6.958942240779402,0.0,0.0,0.0,0.0,5.959475566150179,8.361204013377927
105.0,2020,4,1,0,0,0,0,0,1,0,2874,1678,1196,3.479471120389701,3.479471120389701,0.0,0.0,0.0,0.0,0.0,8.361204013377927
105.0,2021,1,1,0,1,0,1,0,2,1,3136,1854,1282,9.566326530612244,3.1887755102040813,0.0,3.1887755102040813,0.0,3.1887755102040813,5.393743257820927,15.600624024960998
105.0,2021,2,2,1,0,0,1,0,2,2,3136,1854,1282,12.755102040816325,6.377551020408163,3.1887755102040813,0.0,0.0,3.1887755102040813,10.787486515641854,15.600624024960998
105.0,2021,3,3,0,2,0,0,0,3,2,3136,1854,1282,15.943877551020408,9.566326530612244,0.0,6.377551020408163,0.0,0.0,10.787486515641854,23.400936037441497
105.0,2021,4,3,0,0,0,0,0,3,0,3136,1854,1282,9.566326530612244,9.566326530612244,0.0,0.0,0.0,0.0,0.0,23.400936037441497
105.0,2022,1,1,0,0,0,0,0,1,0,3379,2022,1357,2.9594554601953242,2.9594554601953242,0.0,0.0,0.0,0.0,0.0,7.369196757553427
105.0,2022,2,2,0,0,2,0,0,0,4,3379,2022,1357,11.837821840781297,5.9189109203906485,0.0,0.0,5.9189109203906485,0.0,19.782393669634025,0.0
105.0,2022,3,1,0,0,0,0,0,0,1,3379,2022,1357,2.9594554601953242,2.9594554601953242,0.0,0.0,0.0,0.0,4.945598417408506,0.0
105.0,2022,4,0,0,0,0,1,0,0,1,3379,2022,1357,2.9594554601953242,0.0,0.0,0.0,0.0,2.9594554601953242,4.945598417408506,0.0
105.0,2023,1,0,0,0,1,0,0,0,1,3625,2195,1430,2.7586206896551726,0.0,0.0,0.0,2.7586206896551726,0.0,4.555808656036446,0.0
106.0,2015,1,32,0,4,2,2,0,16,24,35069,15445,19624,11.40608514642562,9.124868117140496,0.0,1.140608514642562,0.570304257321281,0.570304257321281,15.539009388151506,8.153281695882592
106.0,2015,2,36,0,5,0,0,0,21,20,35069,15445,19624,11.691237275086259,10.265476631783057,0.0,1.4257606433032024,0.0,0.0,12.949174490126255,10.701182225845901
106.0,2015,3,48,0,2,4,2,0,23,33,35069,15445,19624,15.968519204995866,13.687302175710741,0.0,0.570304257321281,1.140608514642562,0.570304257321281,21.366137908708318,11.720342437831228
106.0,2015,4,33,0,4,4,1,0,22,20,35069,15445,19624,11.976389403746898,9.410020245801135,0.0,1.140608514642562,1.140608514642562,0.2851521286606405,12.949174490126255,11.210762331838565
106.0,2016,1,61,1,4,6,1,0,26,47,35167,15426,19741,20.758097079648536,17.345807148747404,0.28435749424176077,1.137429976967043,1.7061449654505643,0.28435749424176077,30.468040969791264,13.170558735626361
106.0,2016,2,43,0,4,2,0,0,25,24,35167,15426,19741,13.933517217846276,12.22737225239571,0.0,1.137429976967043,0.5687149884835215,0.0,15.558148580318942,12.663998784256115
106.0,2016,3,49,0,0,6,3,0,14,44,35167,15426,19741,16.492734666022123,13.933517217846276,0.0,0.0,1.7061449654505643,0.8530724827252821,28.523272397251393,7.091839319183426
106.0,2016,4,57,0,4,3,2,0,23,43,35167,15426,19741,18.76759461995621,16.208377171780363,0.0,1.137429976967043,0.8530724827252821,0.5687149884835215,27.87501620640477,11.650878881515627
106.0,2017,1,80,0,4,4,1,0,29,60,35321,15437,19884,25.19747459018714,22.64941536196597,0.0,1.1324707680982984,1.1324707680982984,0.2831176920245746,38.8676556325711,14.584590625628646
106.0,2017,2,93,0,6,5,3,0,42,65,35321,15437,19884,30.293593046629482,26.32994535828544,0.0,1.6987061521474476,1.4155884601228732,0.8493530760737238,42.106626935285355,21.122510561255282
106.0,2017,3,106,0,6,3,3,0,63,55,35321,15437,19884,33.4078876588998,30.010475354604907,0.0,1.6987061521474476,0.8493530760737238,0.8493530760737238,35.62868432985684,31.68376584188292
106.0,2017,4,152,1,7,2,1,0,64,99,35321,15437,19884,46.14818380000566,43.03388918773534,0.2831176920245746,1.9818238441720224,0.5662353840491492,0.2831176920245746,64.13163179374232,32.18668276000805
106.0,2018,1,140,0,4,2,0,0,58,88,35620,16336,19284,40.98820887142055,39.30376193149915,0.0,1.1229646266142617,0.5614823133071308,0.0,53.86875612144956,30.07674756274632
106.0,2018,2,134,0,2,6,0,0,66,76,35620,16336,19284,39.865244244806284,37.61931499157777,0.0,0.5614823133071308,1.6844469399213924,0.0,46.523016650342804,34.22526446795271
106.0,2018,3,137,0,0,10,4,0,60,91,35620,16336,19284,42.39191465468838,38.46153846153847,0.0,0.0,2.8074115665356545,1.1229646266142617,55.705190989226246,31.113876789047914
106.0,2018,4,108,0,5,2,0,0,60,55,35620,16336,19284,32.285233015160024,30.320044918585065,0.0,1.4037057832678272,0.5614823133071308,0.0,33.66797257590598,31.113876789047914
106.0,2019,1,100,0,1,3,4,0,43,65,37578,16706,20872,28.740220341689284,26.611315131193784,0.0,0.26611315131193786,0.7983394539358135,1.0644526052477514,38.90817670298097,20.601763127635106
106.0,2019,2,9,0,1,3,1,0,5,9,37578,16706,20872,3.7255841183671294,2.3950183618074403,0.0,0.26611315131193786,0.7983394539358135,0.26611315131193786,5.387286005028133,2.395553852050594
106.0,2019,3,13,0,1,2,3,0,6,13,37578,16706,20872,5.0561498749268186,3.459470967055192,0.0,0.26611315131193786,0.5322263026238757,0.7983394539358135,7.7816353405961936,2.874664622460713
106.0,2019,4,11,0,3,4,1,0,6,13,37578,16706,20872,5.0561498749268186,2.927244664431316,0.0,0.7983394539358135,1.0644526052477514,0.26611315131193786,7.7816353405961936,2.874664622460713
106.0,2020,1,10,0,5,3,1,0,11,8,38073,16960,21113,4.9904131536784595,2.6265332387781366,0.0,1.3132666193890683,0.787959971633441,0.2626533238778137,4.716981132075472,5.21006015251267
106.0,2020,2,2,1,2,1,1,0,1,6,38073,16960,21113,1.8385732671446957,0.5253066477556274,0.2626533238778137,0.5253066477556274,0.2626533238778137,0.2626533238778137,3.5377358490566033,0.4736418320466063
106.0,2020,3,5,0,6,3,2,0,9,7,38073,16960,21113,4.202453182045019,1.3132666193890683,0.0,1.575919943266882,0.787959971633441,0.5253066477556274,4.127358490566038,4.262776488419457
106.0,2020,4,8,0,2,6,2,0,9,9,38073,16960,21113,4.727759829800647,2.1012265910225096,0.0,0.5253066477556274,1.575919943266882,0.5253066477556274,5.306603773584905,4.262776488419457
106.0,2021,1,3,0,1,5,0,0,4,5,38617,17206,21411,2.3305797964626978,0.7768599321542327,0.0,0.25895331071807753,1.2947665535903876,0.0,2.90596303615018,1.868198589510065
106.0,2021,2,4,1,5,3,3,0,5,11,38617,17206,21411,4.1432529714892405,1.0358132428723101,0.25895331071807753,1.2947665535903876,0.7768599321542327,0.7768599321542327,6.393118679530397,2.335248236887581
106.0,2021,3,9,3,9,5,1,0,10,17,38617,17206,21411,6.991739389388092,2.3305797964626978,0.7768599321542327,2.3305797964626978,1.2947665535903876,0.25895331071807753,9.880274322910612,4.670496473775162
106.0,2021,4,9,0,1,4,7,0,6,15,38617,17206,21411,5.438019525079628,2.3305797964626978,0.0,0.25895331071807753,1.0358132428723101,1.8126731750265428,8.71788910845054,2.8022978842650974
106.0,2022,1,6,1,0,0,2,0,3,6,38932,17394,21538,2.3117230042124732,1.541148669474982,0.25685811157916366,0.0,0.0,0.5137162231583273,3.4494653328734044,1.3928869904355095
106.0,2022,2,5,0,0,2,0,0,2,5,38932,17394,21538,1.7980067810541458,1.2842905578958184,0.0,0.0,0.5137162231583273,0.0,2.8745544440611703,0.9285913269570062
106.0,2022,3,12,0,0,6,0,0,6,12,38932,17394,21538,4.6234460084249465,3.082297338949964,0.0,0.0,1.541148669474982,0.0,6.898930665746809,2.785773980871019
106.0,2022,4,10,0,0,5,0,0,3,12,38932,17394,21538,3.852871673687455,2.5685811157916367,0.0,0.0,1.2842905578958184,0.0,6.898930665746809,1.3928869904355095
106.0,2023,1,0,0,0,4,1,0,1,4,39019,17454,21565,1.281426997103975,0.0,0.0,0.0,1.02514159768318,0.256285399420795,2.291738283488026,0.46371435195919314
106.0,2023,2,0,0,0,3,4,0,1,6,39019,17454,21565,1.793997795945565,0.0,0.0,0.0,0.768856198262385,1.02514159768318,3.4376074252320388,0.46371435195919314
106.0,2023,3,0,0,0,7,1,0,2,6,39019,17454,21565,2.05028319536636,0.0,0.0,0.0,1.793997795945565,0.256285399420795,3.4376074252320388,0.9274287039183863
107.0,2015,1,62,0,6,5,3,0,34,42,25472,11346,14126,29.836683417085425,24.340452261306535,0.0,2.3555276381909547,1.9629396984924623,1.1777638190954773,37.017451084082495,24.0690924536316
107.0,2015,2,54,0,1,0,1,0,24,32,25472,11346,14126,21.984924623115578,21.199748743718594,0.0,0.3925879396984925,0.0,0.3925879396984925,28.203772254539043,16.989947614328187
107.0,2015,3,58,0,0,0,1,0,23,36,25472,11346,14126,23.162688442211056,22.770100502512562,0.0,0.0,0.0,0.3925879396984925,31.729243786356424,16.28203313039785
107.0,2015,4,60,0,0,6,2,0,24,44,25472,11346,14126,26.695979899497488,23.555276381909547,0.0,0.0,2.3555276381909547,0.785175879396985,38.78018684999119,16.989947614328187
107.0,2016,1,93,0,0,4,1,0,37,61,25405,11256,14149,38.57508364495178,36.606967132454244,0.0,0.0,1.574493209998032,0.393623302499508,54.19331911869225,26.150257968761043
107.0,2016,2,81,0,4,1,5,0,38,53,25405,11256,14149,35.819720527455225,31.88348750246015,0.0,1.574493209998032,0.393623302499508,1.96811651249754,47.08599857853589,26.857021697646477
107.0,2016,3,70,0,1,1,0,0,33,39,25405,11256,14149,28.340877779964575,27.553631174965556,0.0,0.393623302499508,0.393623302499508,0.0,34.64818763326226,23.32320305321931
107.0,2016,4,80,0,4,5,2,0,36,55,25405,11256,14149,35.819720527455225,31.48986419996064,0.0,1.574493209998032,1.96811651249754,0.787246604999016,48.86282871357498,25.44349423987561
107.0,2017,1,120,0,5,7,2,0,59,75,25370,11184,14186,52.81828931809223,47.29996058336618,0.0,1.9708316909735908,2.7591643673630273,0.7883326763894364,67.06008583690988,41.590300296066545
107.0,2017,2,152,0,4,2,5,0,61,102,25370,11184,14186,64.24911312573906,59.91328340559716,0.0,1.5766653527788728,0.7883326763894364,1.9708316909735908,91.20171673819743,43.0001409840688
107.0,2017,3,189,0,19,2,2,0,101,111,25370,11184,14186,83.56326369728025,74.49743791880174,0.0,7.489160425699645,0.7883326763894364,0.7883326763894364,99.2489270386266,71.19695474411392
107.0,2017,4,267,1,16,4,7,0,132,163,25370,11184,14186,116.27906976744185,105.24241229798974,0.3941663381947182,6.306661411115491,1.5766653527788728,2.7591643673630273,145.74391988555078,93.04948540814888
107.0,2018,1,254,2,7,3,6,0,106,166,25448,11749,13699,106.88462747563659,99.81138006916063,0.7859163784973279,2.750707324740648,1.178874567745992,2.357749135491984,141.28862030811132,77.3779107964085
107.0,2018,2,383,0,4,6,0,0,198,195,25448,11749,13699,154.43256837472492,150.5029864822383,0.0,1.5718327569946557,2.357749135491984,0.0,165.97157204868498,144.5360975253668
107.0,2018,3,260,2,8,6,10,0,122,164,25448,11749,13699,112.38604212511788,102.16912920465263,0.7859163784973279,3.1436655139893115,2.357749135491984,3.9295818924866395,139.58634777427866,89.057595444923
107.0,2018,4,347,0,5,8,10,0,158,212,25448,11749,13699,145.39453002200565,136.35649166928638,0.0,1.9647909462433197,3.1436655139893115,3.9295818924866395,180.44088858626267,115.33688590408059
107.0,2019,1,148,0,4,2,2,0,49,107,26739,11967,14772,58.34174800852687,55.34986349526908,0.0,1.495942256628894,0.747971128314447,0.747971128314447,89.41255118241831,33.17086379637151
107.0,2019,2,25,0,0,3,0,0,16,12,26739,11967,14772,10.47159579640226,9.349639103930588,0.0,0.0,1.1219566924716706,0.0,10.02757583354224,10.83130246412131
107.0,2019,3,16,0,5,3,1,0,12,13,26739,11967,14772,9.349639103930588,5.983769026515576,0.0,1.8699278207861176,1.1219566924716706,0.3739855641572235,10.863207153004094,8.123476848090982
107.0,2019,4,12,0,2,2,1,0,7,10,26739,11967,14772,6.3577545906728,4.4878267698866825,0.0,0.747971128314447,0.747971128314447,0.3739855641572235,8.356313194618535,4.738694828053073
107.0,2020,1,22,0,4,2,0,0,9,19,26931,12057,14874,10.396940328988899,8.169024544205563,0.0,1.4852771898555568,0.7426385949277784,0.0,15.758480550717426,6.050826946349334
107.0,2020,2,6,1,0,0,1,0,2,6,26931,12057,14874,2.9705543797111136,2.227915784783335,0.3713192974638892,0.0,0.0,0.3713192974638892,4.976362279173924,1.344628210299852
107.0,2020,3,3,0,1,1,1,0,3,3,26931,12057,14874,2.227915784783335,1.1139578923916675,0.0,0.3713192974638892,0.3713192974638892,0.3713192974638892,2.488181139586962,2.016942315449778
107.0,2020,4,5,1,3,4,1,0,3,11,26931,12057,14874,5.1984701644944495,1.856596487319446,0.3713192974638892,1.1139578923916675,1.4852771898555568,0.3713192974638892,9.123330845152193,2.016942315449778
107.0,2021,1,13,0,3,3,0,0,6,13,27157,12142,15015,6.996354531060132,4.786979415988511,0.0,1.1046875575358104,1.1046875575358104,0.0,10.706638115631693,3.996003996003996
107.0,2021,2,10,2,3,2,0,0,5,12,27157,12142,15015,6.259896159369592,3.6822918584527007,0.7364583716905402,1.1046875575358104,0.7364583716905402,0.0,9.883050568275408,3.33000333000333
107.0,2021,3,17,0,2,4,0,0,7,16,27157,12142,15015,8.469271274441212,6.259896159369592,0.0,0.7364583716905402,1.4729167433810804,0.0,13.177400757700543,4.662004662004662
107.0,2021,4,9,0,5,2,3,0,9,10,27157,12142,15015,6.996354531060132,3.3140626726074305,0.0,1.8411459292263503,0.7364583716905402,1.1046875575358104,8.23587547356284,5.994005994005994
107.0,2022,1,10,0,0,2,0,0,3,9,27235,12192,15043,4.406095098219203,3.6717459151826692,0.0,0.0,0.7343491830365338,0.0,7.381889763779528,1.9942830552416408
107.0,2022,2,11,0,0,4,3,0,8,10,27235,12192,15043,6.609142647328804,4.038920506700936,0.0,0.0,1.4686983660730677,1.1015237745548008,8.202099737532809,5.318088147311041
107.0,2022,3,17,0,0,4,3,0,8,16,27235,12192,15043,8.812190196438406,6.241968055810538,0.0,0.0,1.4686983660730677,1.1015237745548008,13.123359580052494,5.318088147311041
107.0,2022,4,7,0,0,1,2,0,5,5,27235,12192,15043,3.6717459151826692,2.5702221406278682,0.0,0.0,0.3671745915182669,0.7343491830365338,4.101049868766404,3.3238050920694007
107.0,2023,1,0,0,0,3,1,0,0,4,27130,12142,14988,1.474382602285293,0.0,0.0,0.0,1.1057869517139698,0.36859565057132326,3.2943501894251357,0.0
107.0,2023,2,0,0,0,2,0,0,0,2,27130,12142,14988,0.7371913011426465,0.0,0.0,0.0,0.7371913011426465,0.0,1.6471750947125678,0.0
107.0,2023,3,0,2,0,4,1,0,0,7,27130,12142,14988,2.580169553999263,0.0,0.7371913011426465,0.0,1.474382602285293,0.36859565057132326,5.765112831493989,0.0
108.0,2015,1,117,2,4,5,7,0,49,86,5506,2769,2737,245.1870686523792,212.49545949872865,3.632401017072285,7.26480203414457,9.081002542680713,12.713403559752997,310.5814373420007,179.02813299232736
108.0,2015,2,78,1,3,6,2,0,24,66,5506,2769,2737,163.45804576825282,141.66363966581912,1.8162005085361426,5.448601525608427,10.897203051216854,3.632401017072285,238.35319609967496,87.68724881256851
108.0,2015,3,37,0,4,8,5,0,15,39,5506,2769,2737,98.0748274609517,67.19941881583728,0.0,7.26480203414457,14.52960406828914,9.081002542680713,140.8450704225352,54.80453050785532
108.0,2015,4,40,1,3,3,5,0,14,38,5506,2769,2737,94.44242644387941,72.6480203414457,1.8162005085361426,5.448601525608427,5.448601525608427,9.081002542680713,137.23365836041893,51.150895140664964
108.0,2016,1,138,3,1,6,4,0,47,105,5650,2837,2813,269.0265486725664,244.24778761061947,5.3097345132743365,1.7699115044247788,10.619469026548673,7.079646017699115,370.10927035600986,167.0814077497334
108.0,2016,2,65,1,10,8,7,0,28,63,5650,2837,2813,161.06194690265488,115.04424778761062,1.7699115044247788,17.699115044247787,14.15929203539823,12.389380530973451,222.06556221360592,99.53785993601137
108.0,2016,3,67,2,1,4,7,0,26,55,5650,2837,2813,143.36283185840708,118.58407079646017,3.5398230088495577,1.7699115044247788,7.079646017699115,12.389380530973451,193.86676066267185,92.42801279772485
108.0,2016,4,64,1,8,5,7,0,30,55,5650,2837,2813,150.44247787610618,113.27433628318585,1.7699115044247788,14.15929203539823,8.849557522123893,12.389380530973451,193.86676066267185,106.64770707429791
108.0,2017,1,157,0,7,7,9,0,64,116,5797,2907,2890,310.5054338450923,270.8297395204416,0.0,12.075211316198034,12.075211316198034,15.525271692254615,399.0368077055383,221.45328719723182
108.0,2017,2,139,3,8,11,9,0,69,101,5797,2907,2890,293.2551319648094,239.77919613593238,5.175090564084871,13.800241504226323,18.975332068311197,15.525271692254615,347.437220502236,238.75432525951558
108.0,2017,3,195,0,27,14,7,0,102,141,5797,2907,2890,419.1823356908746,336.38088666551664,0.0,46.575815076763845,24.15042263239607,12.075211316198034,485.0361197110423,352.94117647058823
108.0,2017,4,212,2,10,11,7,0,88,154,5797,2907,2890,417.45730550284634,365.70639986199757,3.4500603760565807,17.250301880282905,18.975332068311197,12.075211316198034,529.7557619539043,304.4982698961938
108.0,2018,1,244,2,36,12,10,0,127,177,5977,2974,3003,508.6163627237745,408.23155429145055,3.3461602810774638,60.230885059394346,20.07696168646478,16.730801405387318,595.1580363147276,422.9104229104229
108.0,2018,2,228,8,27,6,10,0,113,166,5977,2974,3003,466.7893592103062,381.4622720428309,13.384641124309855,45.17316379454576,10.03848084323239,16.730801405387318,558.1708137188971,376.29037629037634
108.0,2018,3,244,2,55,24,9,0,121,213,5977,2974,3003,558.8087669399364,408.23155429145055,3.3461602810774638,92.01940772963026,40.15392337292956,15.057721264848587,716.2071284465367,402.930402930403
108.0,2018,4,315,4,37,15,11,0,152,230,5977,2974,3003,639.1166136857955,527.0202442697005,6.6923205621549275,61.903965199933076,25.096202108080977,18.40388154592605,773.369199731002,506.16050616050615
108.0,2019,1,233,1,60,5,7,2,111,192,6185,3095,3090,494.74535165723523,376.7178658043654,1.6168148746968474,97.00889248181085,8.084074373484235,11.317704122877931,620.3554119547657,359.22330097087377
108.0,2019,2,17,2,52,3,7,0,47,34,6185,3095,3090,130.96200485044463,27.4858528698464,3.2336297493936947,84.07437348423606,4.8504446240905414,11.317704122877931,109.8546042003231,152.10355987055016
108.0,2019,3,29,2,35,8,9,0,41,42,6185,3095,3090,134.19563459983831,46.88763136620857,3.2336297493936947,56.58852061438965,12.934518997574779,14.551333872271623,135.702746365105,132.68608414239483
108.0,2019,4,18,1,17,5,4,0,23,22,6185,3095,3090,72.75666936135812,29.102667744543247,1.6168148746968474,27.4858528698464,8.084074373484235,6.4672594987873895,71.08239095315024,74.4336569579288
108.0,2020,1,12,2,24,5,7,0,21,29,6407,3194,3213,78.03964413922273,18.729514593413455,3.121585765568909,37.45902918682691,7.803964413922273,10.925550179491182,90.79524107701941,65.359477124183
108.0,2020,2,2,1,5,3,1,0,4,8,6407,3194,3213,18.729514593413455,3.121585765568909,1.5607928827844546,7.803964413922273,4.682378648353364,1.5607928827844546,25.046963055729492,12.449424214130097
108.0,2020,3,15,1,11,3,2,0,16,16,6407,3194,3213,49.94537224910255,23.411893241766816,1.5607928827844546,17.168721710628997,4.682378648353364,3.121585765568909,50.093926111458984,49.79769685652039
108.0,2020,4,12,3,8,7,1,0,12,19,6407,3194,3213,48.384579366318086,18.729514593413455,4.682378648353364,12.486343062275637,10.925550179491182,1.5607928827844546,59.48653725735755,37.34827264239029
108.0,2021,1,10,1,10,3,7,0,13,18,6571,3269,3302,47.17698980368285,15.21838380763963,1.5218383807639628,15.21838380763963,4.565515142291889,10.65286866534774,55.062710308962984,39.37007874015748
108.0,2021,2,12,1,16,6,7,0,15,27,6571,3269,3302,63.917211992086436,18.262060569167556,1.5218383807639628,24.349414092223405,9.131030284583778,10.65286866534774,82.59406546344448,45.427013930950935
108.0,2021,3,12,1,12,3,8,0,12,24,6571,3269,3302,54.786181707502664,18.262060569167556,1.5218383807639628,18.262060569167556,4.565515142291889,12.174707046111703,73.41694707861731,36.341611144760755
108.0,2021,4,12,0,7,6,8,0,7,26,6571,3269,3302,50.22066656521078,18.262060569167556,0.0,10.65286866534774,9.131030284583778,12.174707046111703,79.53502600183543,21.199273167777108
108.0,2022,1,8,2,0,4,12,0,7,19,6710,3325,3385,38.74813710879285,11.922503725782414,2.9806259314456036,0.0,5.961251862891207,17.883755588673623,57.142857142857146,20.6794682422452
108.0,2022,2,11,0,0,7,6,0,8,16,6710,3325,3385,35.767511177347245,16.39344262295082,0.0,0.0,10.432190760059612,8.941877794336811,48.1203007518797,23.63367799113737
108.0,2022,3,12,1,0,8,18,0,7,32,6710,3325,3385,58.12220566318928,17.883755588673623,1.4903129657228018,0.0,11.922503725782414,26.825633383010434,96.2406015037594,20.6794682422452
108.0,2022,4,11,1,0,16,8,0,10,26,6710,3325,3385,53.65126676602087,16.39344262295082,1.4903129657228018,0.0,23.84500745156483,11.922503725782414,78.19548872180452,29.542097488921716
108.0,2023,1,0,2,0,8,8,0,1,17,6832,3373,3459,26.346604215456672,0.0,2.927400468384075,0.0,11.7096018735363,11.7096018735363,50.400237177586725,2.891008962127783
108.0,2023,2,1,1,0,8,7,0,2,15,6832,3373,3459,24.88290398126464,1.4637002341920375,1.4637002341920375,0.0,11.7096018735363,10.245901639344263,44.47079750963534,5.782017924255566
108.0,2023,3,0,0,0,12,4,0,2,14,6832,3373,3459,23.4192037470726,0.0,0.0,0.0,17.56440281030445,5.85480093676815,41.506077675659654,5.782017924255566
109.0,2015,1,32,0,2,0,9,0,16,27,19748,8759,10989,21.77435689690095,16.20417257443792,0.0,1.01276078590237,0.0,4.557423536560664,30.825436693686495,14.56001456001456
109.0,2015,2,31,0,2,0,2,0,14,21,19748,8759,10989,17.723313753291475,15.697792181486733,0.0,1.01276078590237,0.0,1.01276078590237,23.97533965064505,12.740012740012741
109.0,2015,3,32,0,3,1,4,0,23,17,19748,8759,10989,20.255215718047396,16.20417257443792,0.0,1.519141178853555,0.506380392951185,2.02552157180474,19.408608288617422,20.93002093002093
109.0,2015,4,39,0,1,2,7,0,17,32,19748,8759,10989,24.81263925460806,19.748835325096213,0.0,0.506380392951185,1.01276078590237,3.5446627506582944,36.53385089622103,15.47001547001547
109.0,2016,1,78,1,4,3,9,0,43,52,20201,8910,11291,47.02737488243156,38.611949903470126,0.4950249987624375,1.98009999504975,1.4850749962873124,4.4552249888619375,58.36139169472503,38.08342927995749
109.0,2016,2,49,0,1,0,4,0,24,30,20201,8910,11291,26.731349933171625,24.256224939359438,0.0,0.4950249987624375,0.0,1.98009999504975,33.67003367003367,21.25586750509255
109.0,2016,3,59,0,2,1,3,0,28,37,20201,8910,11291,32.176624919558435,29.206474926983812,0.0,0.990049997524875,0.4950249987624375,1.4850749962873124,41.52637485970819,24.79851208927464
109.0,2016,4,49,0,0,3,1,0,26,27,20201,8910,11291,26.236324934409186,24.256224939359438,0.0,0.0,1.4850749962873124,0.4950249987624375,30.303030303030305,23.0271897971836
109.0,2017,1,72,0,4,4,3,0,36,47,20676,9074,11602,40.14316115302767,34.82298316889147,0.0,1.934610176049526,1.934610176049526,1.4509576320371445,51.796341194621995,31.02913290811929
109.0,2017,2,97,0,5,2,1,0,54,51,20676,9074,11602,50.78351712130006,46.914296769201,0.0,2.418262720061908,0.967305088024763,0.4836525440123815,56.20454044522812,46.543699362178934
109.0,2017,3,154,0,11,1,2,0,92,76,20676,9074,11602,81.2536273940801,74.48249177790674,0.0,5.320177984136197,0.4836525440123815,0.967305088024763,83.75578576151642,79.29667298741597
109.0,2017,4,207,0,11,3,0,0,107,114,20676,9074,11602,106.88721222673631,100.11607661056297,0.0,5.320177984136197,1.4509576320371445,0.0,125.63367864227463,92.225478365799
109.0,2018,1,195,0,4,0,2,0,109,92,21236,9763,11473,94.65059333207759,91.82520248634394,0.0,1.8835938971557733,0.0,0.9417969485778867,94.23332991908225,95.00566547546413
109.0,2018,2,214,0,14,0,4,0,126,106,21236,9763,11473,109.24844603503485,100.77227349783388,0.0,6.592578640045206,0.0,1.8835938971557733,108.57318447198608,109.82306284319708
109.0,2018,3,203,2,6,0,2,0,100,113,21236,9763,11473,100.30137502354494,95.5923902806555,0.9417969485778867,2.82539084573366,0.0,0.9417969485778867,115.74311174843798,87.16116098666434
109.0,2018,4,246,0,7,2,4,0,127,132,21236,9763,11473,121.96270484083631,115.84102467508005,0.0,3.296289320022603,0.9417969485778867,1.8835938971557733,135.20434292737886,110.69467445306371
109.0,2019,1,132,0,0,2,0,0,63,71,22721,10122,12599,58.976277452576916,58.09603450552353,0.0,0.0,0.8802429470533868,0.0,70.1442402687216,50.00396856893404
109.0,2019,2,11,0,1,0,1,0,7,6,22721,10122,12599,5.721579155847014,4.841336208793627,0.0,0.4401214735266934,0.0,0.4401214735266934,5.927682276229993,5.555996507659338
109.0,2019,3,16,0,2,2,1,0,7,14,22721,10122,12599,9.24255094406056,7.041943576427094,0.0,0.8802429470533868,0.8802429470533868,0.4401214735266934,13.831258644536653,5.555996507659338
109.0,2019,4,9,0,3,3,2,0,8,9,22721,10122,12599,7.482065049953787,3.9610932617402406,0.0,1.3203644205800802,1.3203644205800802,0.8802429470533868,8.891523414344991,6.349710294467815
109.0,2020,1,13,0,5,1,1,0,11,9,23397,10426,12971,8.548104457836475,5.556267897593709,0.0,2.1370261144591187,0.42740522289182376,0.42740522289182376,8.63226549012085,8.480456402744585
109.0,2020,2,4,0,1,0,0,0,3,2,23397,10426,12971,2.1370261144591187,1.709620891567295,0.0,0.42740522289182376,0.0,0.0,1.918281220026856,2.3128517462030684
109.0,2020,3,12,0,2,1,1,0,9,7,23397,10426,12971,6.83848356626918,5.128862674701885,0.0,0.8548104457836475,0.42740522289182376,0.42740522289182376,6.713984270093995,6.938555238609205
109.0,2020,4,5,0,0,0,2,0,3,4,23397,10426,12971,2.9918365602427666,2.1370261144591187,0.0,0.0,0.0,0.8548104457836475,3.836562440053712,2.3128517462030684
109.0,2021,1,7,0,4,1,3,0,6,9,24099,10726,13373,6.224324660774306,2.904684841694676,0.0,1.659819909539815,0.41495497738495374,1.2448649321548613,8.390826030206973,4.486652209676214
109.0,2021,2,14,0,5,1,0,0,10,10,24099,10726,13373,8.299099547699074,5.809369683389352,0.0,2.0747748869247684,0.41495497738495374,0.0,9.323140033563305,7.477753682793689
109.0,2021,3,8,0,4,0,1,0,5,8,24099,10726,13373,5.394414706004399,3.31963981907963,0.0,1.659819909539815,0.0,0.41495497738495374,7.458512026850643,3.7388768413968445
109.0,2021,4,12,0,1,3,1,0,4,13,24099,10726,13373,7.054234615544214,4.979459728619445,0.0,0.41495497738495374,1.2448649321548613,0.41495497738495374,12.120082043632296,2.9911014731174754
109.0,2022,1,10,0,0,3,1,0,4,10,24661,10992,13669,5.676979846721544,4.054985604801103,0.0,0.0,1.216495681440331,0.4054985604801103,9.097525473071325,2.9263296510351893
109.0,2022,2,4,0,0,4,1,0,2,7,24661,10992,13669,3.649487044320993,1.6219942419204412,0.0,0.0,1.6219942419204412,0.4054985604801103,6.368267831149927,1.4631648255175946
109.0,2022,3,7,0,0,0,2,0,3,6,24661,10992,13669,3.649487044320993,2.838489923360772,0.0,0.0,0.0,0.8109971209602206,5.458515283842795,2.194747238276392
109.0,2022,4,12,0,0,3,3,0,6,12,24661,10992,13669,7.298974088641986,4.865982725761324,0.0,0.0,1.216495681440331,1.216495681440331,10.91703056768559,4.389494476552784
109.0,2023,1,0,0,0,2,0,1,0,1,25063,11176,13887,0.7979890675497746,0.0,0.0,0.0,0.7979890675497746,0.0,0.8947745168217609,0.0
109.0,2023,2,0,0,0,2,3,0,2,3,25063,11176,13887,1.9949726688744365,0.0,0.0,0.0,0.7979890675497746,1.1969836013246618,2.6843235504652827,1.4401958666378627
109.0,2023,3,0,0,0,2,3,0,0,5,25063,11176,13887,1.9949726688744365,0.0,0.0,0.0,0.7979890675497746,1.1969836013246618,4.473872584108805,0.0
110.0,2015,1,53,0,1,3,4,0,21,40,42001,19634,22367,14.523463727054118,12.618747172686366,0.0,0.23808956929596914,0.7142687078879074,0.9523582771838766,20.372822654578794,9.388831761076586
110.0,2015,2,43,0,4,0,2,0,20,29,42001,19634,22367,11.666388895502488,10.237851479726672,0.0,0.9523582771838766,0.0,0.4761791385919383,14.770296424569624,8.941744534358653
110.0,2015,3,62,0,0,3,3,0,26,42,42001,19634,22367,16.1900907121259,14.761553296350089,0.0,0.0,0.7142687078879074,0.7142687078879074,21.391463787307732,11.62426789466625
110.0,2015,4,85,0,3,10,5,0,38,65,42001,19634,22367,24.52322563748482,20.237613390157374,0.0,0.7142687078879074,2.3808956929596916,1.1904478464798458,33.10583681369054,16.98931461528144
110.0,2016,1,93,0,1,5,2,0,28,73,42204,19736,22468,23.93138091176192,22.035825988058004,0.0,0.2369443654629893,1.1847218273149465,0.4738887309259786,36.98824483177949,12.46216841730461
110.0,2016,2,71,0,0,3,4,0,23,55,42204,19736,22468,18.481660506113165,16.82304994787224,0.0,0.0,0.7108330963889679,0.9477774618519572,27.867855695176328,10.236781199928787
110.0,2016,3,77,0,0,2,2,0,21,60,42204,19736,22468,19.192493602502132,18.244716140650176,0.0,0.0,0.4738887309259786,0.4738887309259786,30.401297122010536,9.346626312978458
110.0,2016,4,69,0,1,2,4,0,24,52,42204,19736,22468,18.007771775187187,16.34916121694626,0.0,0.2369443654629893,0.4738887309259786,0.9477774618519572,26.3477908390758,10.681858643403952
110.0,2017,1,126,0,12,3,1,0,54,88,42435,19854,22581,33.462943325085426,29.692470837751856,0.0,2.8278543655001767,0.7069635913750442,0.23565453045834808,44.32356200261912,23.913909924272616
110.0,2017,2,141,0,9,6,4,0,57,103,42435,19854,22581,37.704724873335685,33.22728879462708,0.0,2.1208907741251326,1.4139271827500883,0.9426181218333923,51.87871461670193,25.242460475621098
110.0,2017,3,195,0,6,8,3,0,97,115,42435,19854,22581,49.95876045716979,45.95263343937788,0.0,1.4139271827500883,1.8852362436667847,0.7069635913750442,57.92283670796817,42.956467826934144
110.0,2017,4,280,0,12,8,2,0,148,153,42435,19854,22581,71.16766819842111,65.98326852833745,0.0,2.8278543655001767,1.8852362436667847,0.47130906091669617,77.0625566636446,65.54182719985829
110.0,2018,1,290,0,8,6,8,0,161,151,42871,20206,22665,72.77646894170884,67.64479484966527,0.0,1.8660633061976628,1.399547479648247,1.8660633061976628,74.73027813520736,71.03463489962498
110.0,2018,2,285,0,0,0,6,0,140,151,42871,20206,22665,67.87805276293999,66.47850528329174,0.0,0.0,0.0,1.399547479648247,74.73027813520736,61.769247738804324
110.0,2018,3,318,0,4,8,6,0,148,188,42871,20206,22665,78.37465886030184,74.17601642135709,0.0,0.9330316530988314,1.8660633061976628,1.399547479648247,93.04167079085421,65.29891903816457
110.0,2018,4,314,0,12,0,2,0,159,169,42871,20206,22665,76.50859555410418,73.24298476825827,0.0,2.799094959296494,0.0,0.4665158265494157,83.63852321092745,70.15221707478491
110.0,2019,1,224,1,4,0,4,0,98,135,44029,20708,23321,52.91966658338822,50.87555929046765,0.22712303254673058,0.9084921301869223,0.0,0.9084921301869223,65.19219625265598,42.02221174049141
110.0,2019,2,14,1,6,2,4,0,15,12,44029,20708,23321,6.132321878761726,3.179722455654228,0.22712303254673058,1.3627381952803832,0.45424606509346116,0.9084921301869223,5.7948618891249755,6.431971184769092
110.0,2019,3,22,0,2,4,1,0,11,18,44029,20708,23321,6.586567943855186,4.996706716028072,0.0,0.45424606509346116,0.9084921301869223,0.22712303254673058,8.692292833687464,4.7167788688306675
110.0,2019,4,24,0,3,6,2,0,13,22,44029,20708,23321,7.94930613913557,5.450952781121533,0.0,0.6813690976401916,1.3627381952803832,0.45424606509346116,10.62391346339579,5.5743750267998795
110.0,2020,1,17,0,2,0,4,0,10,13,44709,21075,23634,5.144378089422711,3.802366413921135,0.0,0.4473372251671923,0.0,0.8946744503343846,6.168446026097271,4.231192350004231
110.0,2020,2,6,0,2,1,2,0,0,11,44709,21075,23634,2.4603547384195577,1.342011675501577,0.0,0.4473372251671923,0.22366861258359616,0.4473372251671923,5.219454329774614,0.0
110.0,2020,3,7,1,5,4,2,0,5,14,44709,21075,23634,4.2497036390883265,1.565680288085173,0.22366861258359616,1.1183430629179807,0.8946744503343846,0.4473372251671923,6.6429418742586,2.1155961750021155
110.0,2020,4,6,0,5,9,1,0,5,16,44709,21075,23634,4.697040864255519,1.342011675501577,0.0,1.1183430629179807,2.0130175132523656,0.22366861258359616,7.591933570581257,2.1155961750021155
110.0,2021,1,11,0,3,1,1,0,7,9,45154,21304,23850,3.543429153563361,2.4361075430748107,0.0,0.6643929662931303,0.22146432209771005,0.22146432209771005,4.224558768306421,2.935010482180293
110.0,2021,2,5,0,3,2,3,0,7,6,45154,21304,23850,2.8790361872702306,1.1073216104885504,0.0,0.6643929662931303,0.4429286441954201,0.6643929662931303,2.816372512204281,2.935010482180293
110.0,2021,3,21,0,2,3,1,0,13,14,45154,21304,23850,5.9795366966381716,4.650750764051911,0.0,0.4429286441954201,0.6643929662931303,0.22146432209771005,6.571535861809989,5.450733752620545
110.0,2021,4,24,1,8,5,1,0,15,24,45154,21304,23850,8.637108561810692,5.315143730345042,0.22146432209771005,1.7717145767816804,1.1073216104885504,0.22146432209771005,11.265490048817124,6.289308176100628
110.0,2022,1,15,0,0,4,2,0,6,15,45341,21403,23938,4.631569661013211,3.308264043580865,0.0,0.0,0.8822037449548973,0.44110187247744864,7.008363313554174,2.506475060573147
110.0,2022,2,14,0,0,2,4,0,5,15,45341,21403,23938,4.411018724774487,3.087713107342141,0.0,0.0,0.44110187247744864,0.8822037449548973,7.008363313554174,2.0887292171442895
110.0,2022,3,8,0,0,1,4,0,4,9,45341,21403,23938,2.8671621711034163,1.7644074899097946,0.0,0.0,0.22055093623872432,0.8822037449548973,4.2050179881325045,1.6709833737154316
110.0,2022,4,12,0,0,0,7,0,5,14,45341,21403,23938,4.190467788535762,2.646611234864692,0.0,0.0,0.0,1.5438565536710704,6.541139092650563,2.0887292171442895
110.0,2023,1,0,0,0,3,1,0,0,4,45423,21466,23957,0.880611144134029,0.0,0.0,0.0,0.6604583581005218,0.22015278603350724,1.863411907202087,0.0
110.0,2023,2,0,2,0,3,2,0,0,7,45423,21466,23957,1.5410695022345509,0.0,0.4403055720670145,0.0,0.6604583581005218,0.4403055720670145,3.2609708376036526,0.0
110.0,2023,3,0,0,0,4,2,0,0,6,45423,21466,23957,1.3209167162010436,0.0,0.0,0.0,0.880611144134029,0.4403055720670145,2.795117860803131,0.0
111.0,2015,1,60,0,9,2,3,0,28,46,9493,6848,2645,77.95217528705362,63.20446644896239,0.0,9.480669967344358,2.1068155482987465,3.1602233224481195,67.17289719626169,105.8601134215501
111.0,2015,2,46,0,5,1,9,0,14,47,9493,6848,2645,64.25787422311177,48.456757610871165,0.0,5.267038870746866,1.0534077741493733,9.480669967344358,68.63317757009345,52.93005671077505
111.0,2015,3,23,1,6,1,6,0,17,20,9493,6848,2645,38.97608764352681,24.228378805435582,1.0534077741493733,6.320446644896239,1.0534077741493733,6.320446644896239,29.205607476635514,64.27221172022685
111.0,2015,4,26,0,6,0,16,0,15,33,9493,6848,2645,50.56357315916991,27.388602127883704,0.0,6.320446644896239,0.0,16.854524386389972,48.1892523364486,56.710775047258984
111.0,2016,1,89,1,4,2,8,0,27,77,9863,7285,2578,105.44459089526514,90.23623643921728,1.0138902970698571,4.0555611882794285,2.0277805941397142,8.111122376558857,105.69663692518874,104.7323506594259
111.0,2016,2,51,0,5,3,14,0,21,52,9863,7285,2578,74.01399168609956,51.708405150562704,0.0,5.069451485349286,3.0416708912095713,14.194464158977999,71.37954701441318,81.45849495733127
111.0,2016,3,60,1,7,3,10,0,29,52,9863,7285,2578,82.12511406265843,60.83341782419142,1.0138902970698571,7.097232079488999,3.0416708912095713,10.138902970698572,71.37954701441318,112.49030256012412
111.0,2016,4,50,2,5,2,7,0,17,48,9863,7285,2578,66.91675960661055,50.69451485349285,2.0277805941397142,5.069451485349286,2.0277805941397142,7.097232079488999,65.88881262868908,65.94259115593484
111.0,2017,1,123,0,7,6,3,0,46,93,10261,7743,2518,135.4643796900887,119.87135756748856,0.0,6.82194717863756,5.847383295975051,2.9236916479875257,120.10848508330105,182.68467037331214
111.0,2017,2,104,3,13,4,1,0,49,76,10261,7743,2518,121.82048533281358,101.35464379690089,2.9236916479875257,12.669330474612611,3.898255530650034,0.9745638826625085,98.15317060570838,194.59888800635423
111.0,2017,3,176,0,25,8,8,0,99,118,10261,7743,2518,211.48036253776436,171.5232433486015,0.0,24.364097066562714,7.796511061300068,7.796511061300068,152.39571225623143,393.1691818903892
111.0,2017,4,229,1,19,5,5,0,116,143,10261,7743,2518,252.4120456095897,223.17512912971446,0.9745638826625085,18.51671377058766,4.872819413312542,4.872819413312542,184.68293942916182,460.6830818109611
111.0,2018,1,169,0,4,2,14,0,80,109,10700,8209,2491,176.6355140186916,157.94392523364485,0.0,3.7383177570093458,1.8691588785046729,13.08411214953271,132.78109392130588,321.1561621838619
111.0,2018,2,209,4,18,7,22,0,101,159,10700,8209,2491,242.99065420560748,195.3271028037383,3.7383177570093458,16.822429906542055,6.542056074766355,20.5607476635514,193.689852600804,405.45965475712563
111.0,2018,3,195,2,6,16,6,0,90,135,10700,8209,2491,210.28037383177568,182.2429906542056,1.8691588785046729,5.607476635514018,14.953271028037383,5.607476635514018,164.4536484346449,361.3006824568447
111.0,2018,4,276,4,6,8,8,0,137,165,10700,8209,2491,282.2429906542056,257.94392523364485,3.7383177570093458,5.607476635514018,7.4766355140186915,7.4766355140186915,200.99890364234378,549.9799277398635
111.0,2019,1,171,0,5,5,15,0,78,118,11206,8709,2497,174.9063001963234,152.59682313046582,0.0,4.461895413171515,4.461895413171515,13.385686239514545,135.49201974968423,312.3748498197837
111.0,2019,2,14,1,6,6,5,0,11,21,11206,8709,2497,28.556130644297696,12.493307156880244,0.892379082634303,5.354274495805819,5.354274495805819,4.461895413171515,24.11298656562177,44.05286343612335
111.0,2019,3,18,0,7,4,4,0,21,12,11206,8709,2497,29.448509726932,16.062823487417454,0.0,6.246653578440122,3.569516330537212,3.569516330537212,13.778849466069584,84.10092110532639
111.0,2019,4,17,2,4,4,7,0,13,21,11206,8709,2497,30.340888809566305,15.170444404783153,1.784758165268606,3.569516330537212,3.569516330537212,6.246653578440122,24.11298656562177,52.06247496996396
111.0,2020,1,21,10,3,1,2,0,9,28,11775,9297,2478,31.422505307855626,17.8343949044586,8.492569002123142,2.5477707006369426,0.8492569002123143,1.6985138004246285,30.117242121114337,36.31961259079903
111.0,2020,2,3,0,1,1,3,0,2,6,11775,9297,2478,6.794055201698514,2.5477707006369426,0.0,0.8492569002123143,0.8492569002123143,2.5477707006369426,6.453694740238786,8.071025020177562
111.0,2020,3,10,1,4,8,7,0,10,20,11775,9297,2478,25.477707006369425,8.492569002123142,0.8492569002123143,3.397027600849257,6.794055201698514,5.944798301486199,21.512315800795953,40.35512510088781
111.0,2020,4,8,1,5,2,6,0,9,13,11775,9297,2478,18.683651804670912,6.794055201698514,0.8492569002123143,4.246284501061571,1.6985138004246285,5.095541401273885,13.983005270517372,36.31961259079903
111.0,2021,1,14,0,11,4,12,0,14,27,12255,9822,2433,33.45573235414117,11.42390860873113,0.0,8.97592819257446,3.263973888208894,9.791921664626683,27.48930971288943,57.54212905877518
111.0,2021,2,10,0,2,3,10,0,7,18,12255,9822,2433,20.39983680130559,8.159934720522235,0.0,1.631986944104447,2.4479804161566707,8.159934720522235,18.32620647525962,28.77106452938759
111.0,2021,3,8,0,5,5,8,0,9,17,12255,9822,2433,21.215830273357813,6.527947776417788,0.0,4.079967360261118,4.079967360261118,6.527947776417788,17.308083893300754,36.99136868064119
111.0,2021,4,21,2,4,3,11,0,15,26,12255,9822,2433,33.45573235414117,17.135862913096695,1.631986944104447,3.263973888208894,2.4479804161566707,8.97592819257446,26.471187130930563,61.652281134401974
111.0,2022,1,7,1,0,9,13,0,5,25,12670,10287,2383,23.677979479084453,5.524861878453039,0.7892659826361483,0.0,7.103393843725335,10.260457774269929,24.30251774083795,20.981955518254303
111.0,2022,2,8,0,0,4,10,0,6,16,12670,10287,2383,17.363851617995266,6.314127861089187,0.0,0.0,3.1570639305445933,7.892659826361484,15.553611354136288,25.17834662190516
111.0,2022,3,11,1,0,3,16,0,5,26,12670,10287,2383,24.467245461720598,8.681925808997633,0.7892659826361483,0.0,2.3677979479084454,12.628255722178373,25.27461845047147,20.981955518254303
111.0,2022,4,28,1,0,4,13,0,12,34,12670,10287,2383,36.30623520126283,22.099447513812155,0.7892659826361483,0.0,3.1570639305445933,10.260457774269929,33.05142412753961,50.35669324381032
111.0,2023,1,2,0,0,8,10,0,2,18,13076,10743,2333,15.295197308045275,1.5295197308045274,0.0,0.0,6.11807892321811,7.647598654022637,16.755096341803966,8.572653236176597
111.0,2023,2,0,1,0,6,8,0,5,10,13076,10743,2333,11.471397981033956,0.0,0.7647598654022637,0.0,4.588559192413582,6.11807892321811,9.308386856557759,21.431633090441494
111.0,2023,3,0,1,0,6,6,0,3,10,13076,10743,2333,9.94187825022943,0.0,0.7647598654022637,0.0,4.588559192413582,4.588559192413582,9.308386856557759,12.858979854264895
112.0,2015,1,52,1,1,6,5,0,22,43,37231,17208,20023,17.458569471676828,13.966855577341464,0.26859337648733583,0.26859337648733583,1.611560258924015,1.3429668824366792,24.988377498837753,10.987364530789593
112.0,2015,2,68,0,4,2,4,0,22,56,37231,17208,20023,20.950283366012194,18.264349601138836,0.0,1.0743735059493433,0.5371867529746717,1.0743735059493433,32.543003254300324,10.987364530789593
112.0,2015,3,65,0,5,6,7,0,32,51,37231,17208,20023,22.293250248448874,17.458569471676828,0.0,1.3429668824366792,1.611560258924015,1.8801536354113508,29.637377963737794,15.981621135693953
112.0,2015,4,79,0,3,2,3,0,32,55,37231,17208,20023,23.367623754398217,21.21887674249953,0.0,0.8057801294620075,0.5371867529746717,0.8057801294620075,31.96187819618782,15.981621135693953
112.0,2016,1,126,0,5,6,5,0,46,96,39243,18122,21121,36.18479728868843,32.10763703080804,0.0,1.2741125805876206,1.5289350967051447,1.2741125805876206,52.974285398962586,21.7792718147815
112.0,2016,2,67,0,3,3,7,0,27,53,39243,18122,21121,20.38580128940193,17.073108579874116,0.0,0.7644675483525724,0.7644675483525724,1.7837576128226689,29.246220064010593,12.783485630415226
112.0,2016,3,92,1,4,5,1,0,32,71,39243,18122,21121,26.246719160104988,23.44367148281222,0.25482251611752416,1.0192900644700966,1.2741125805876206,0.25482251611752416,39.17889857631608,15.150797784195824
112.0,2016,4,101,0,4,3,3,0,48,63,39243,18122,21121,28.28529928904518,25.73707412786994,0.0,1.0192900644700966,0.7644675483525724,0.7644675483525724,34.7643747930692,22.726196676293736
112.0,2017,1,148,0,6,9,2,0,67,98,41316,19068,22248,39.936102236421725,35.82147352115403,0.0,1.4522218995062446,2.1783328492593665,0.48407396650208157,51.395007342143906,30.115066522833512
112.0,2017,2,160,1,10,6,6,0,81,102,41316,19068,22248,44.29276793494046,38.72591732016652,0.24203698325104078,2.4203698325104077,1.4522218995062446,1.4522218995062446,53.49276274386407,36.407766990291265
112.0,2017,3,273,0,15,2,4,0,128,166,41316,19068,22248,71.15887307580599,66.07609642753413,0.0,3.6305547487656114,0.48407396650208157,0.9681479330041631,87.05684917138662,57.53326141675656
112.0,2017,4,331,1,16,5,2,0,186,169,41316,19068,22248,85.92312905411946,80.11424145609449,0.24203698325104078,3.8725917320166525,1.2101849162552039,0.48407396650208157,88.63016572267674,83.60302049622437
112.0,2018,1,311,2,2,10,12,0,146,191,43620,20259,23361,77.25813846859239,71.2975699220541,0.4585052728106373,0.4585052728106373,2.2925263640531863,2.7510316368638237,94.27908583839282,62.497324600830446
112.0,2018,2,336,0,10,11,12,0,166,203,43620,20259,23361,84.59422283356258,77.02888583218707,0.0,2.2925263640531863,2.5217790004585052,2.7510316368638237,100.20237918949603,71.05860194340995
112.0,2018,3,340,2,10,6,24,0,153,229,43620,20259,23361,87.57450710683172,77.94589637780834,0.4585052728106373,2.2925263640531863,1.3755158184319118,5.502063273727647,113.03618145021966,65.49377167073328
112.0,2018,4,420,2,4,11,16,0,199,254,43620,20259,23361,103.85144429160935,96.28610729023384,0.4585052728106373,0.9170105456212746,2.5217790004585052,3.6680421824850984,125.37637593168468,85.18470955866616
112.0,2019,1,276,1,8,17,9,0,129,182,46245,21402,24843,67.25051356903448,59.68212779759974,0.21623959346956428,1.7299167477565143,3.676073088982593,1.9461563412260783,85.03878142229698,51.92609588213983
112.0,2019,2,21,1,4,5,4,0,10,25,46245,21402,24843,7.56838577143475,4.54103146286085,0.21623959346956428,0.8649583738782571,1.0811979673478214,0.8649583738782571,11.681151294271565,4.0252787505534755
112.0,2019,3,27,1,2,9,8,0,15,32,46245,21402,24843,10.163260893069522,5.838469023678235,0.21623959346956428,0.43247918693912857,1.9461563412260783,1.7299167477565143,14.951873656667601,6.037918125830214
112.0,2019,4,26,1,3,7,4,0,13,28,46245,21402,24843,8.865823332252136,5.622229430208671,0.21623959346956428,0.6487187804086928,1.5136771542869498,0.8649583738782571,13.082889449584151,5.2328623757195185
112.0,2020,1,23,1,6,6,8,0,17,27,48912,22660,26252,8.995747464834805,4.702322538436376,0.20444880601897286,1.226692836113837,1.226692836113837,1.635590448151783,11.915269196822594,6.475697089745543
112.0,2020,2,19,1,1,7,4,0,10,22,48912,22660,26252,6.542361792607132,3.884527314360484,0.20444880601897286,0.20444880601897286,1.43114164213281,0.8177952240758914,9.70873786407767,3.809233582203261
112.0,2020,3,12,0,3,10,7,0,11,21,48912,22660,26252,6.542361792607132,2.453385672227674,0.0,0.6133464180569185,2.0444880601897286,1.43114164213281,9.267431597528686,4.190156940423587
112.0,2020,4,21,0,4,10,5,0,12,28,48912,22660,26252,8.177952240758914,4.29342492639843,0.0,0.8177952240758914,2.0444880601897286,1.0222440300948643,12.35657546337158,4.571080298643913
112.0,2021,1,21,0,1,4,4,0,11,19,51360,23789,27571,5.841121495327102,4.088785046728972,0.0,0.19470404984423678,0.7788161993769471,0.7788161993769471,7.986884694606751,3.989699321751115
112.0,2021,2,17,2,3,7,11,0,10,30,51360,23789,27571,7.78816199376947,3.309968847352025,0.38940809968847356,0.5841121495327103,1.3629283489096573,2.141744548286604,12.610870570431711,3.626999383410105
112.0,2021,3,25,1,6,9,7,0,17,31,51360,23789,27571,9.345794392523365,4.867601246105919,0.19470404984423678,1.1682242990654206,1.7523364485981308,1.3629283489096573,13.031232922779436,6.165898951797178
112.0,2021,4,24,0,10,10,9,0,23,30,51360,23789,27571,10.319314641744548,4.672897196261682,0.0,1.9470404984423675,1.9470404984423675,1.7523364485981308,12.610870570431711,8.34209858184324
112.0,2022,1,17,0,0,10,9,0,11,25,53534,24780,28754,6.724698322561363,3.175551985653977,0.0,0.0,1.8679717562670453,1.6811745806403406,10.088781275221953,3.8255547054322876
112.0,2022,2,12,0,0,10,13,0,13,22,53534,24780,28754,6.537901146934658,2.2415661075204545,0.0,0.0,1.8679717562670453,2.4283632831471587,8.878127522195319,4.521110106419976
112.0,2022,3,14,0,0,8,7,0,7,22,53534,24780,28754,5.417118093174431,2.6151604587738637,0.0,0.0,1.494377405013636,1.3075802293869319,8.878127522195319,2.4344439034569105
112.0,2022,4,16,1,0,3,15,0,7,28,53534,24780,28754,6.537901146934658,2.988754810027272,0.1867971756267045,0.0,0.5603915268801136,2.801957634400568,11.299435028248588,2.4344439034569105
112.0,2023,1,1,0,0,10,12,0,3,20,55562,25714,29848,4.139519815701378,0.1799791224217991,0.0,0.0,1.7997912242179908,2.159749469061589,7.777864198491094,1.0050924685071025
112.0,2023,2,0,1,0,9,3,0,3,10,55562,25714,29848,2.339728591483388,0.0,0.1799791224217991,0.0,1.6198121017961915,0.5399373672653972,3.888932099245547,1.0050924685071025
112.0,2023,3,1,3,0,6,8,0,1,17,55562,25714,29848,3.239624203592383,0.1799791224217991,0.5399373672653972,0.0,1.0798747345307944,1.4398329793743927,6.61118456871743,0.3350308228357009
113.0,2015,1,35,0,1,5,2,0,17,26,33712,15893,17819,12.755102040816325,10.382059800664452,0.0,0.29663028001898434,1.4831514000949217,0.5932605600379687,16.35940351097968,9.540378247937594
113.0,2015,2,32,0,2,5,5,0,16,28,33712,15893,17819,13.051732320835312,9.492168960607499,0.0,0.5932605600379687,1.4831514000949217,1.4831514000949217,17.617819165670422,8.979179527470677
113.0,2015,3,31,1,2,9,5,0,15,33,33712,15893,17819,14.23825344091125,9.195538680588514,0.29663028001898434,0.5932605600379687,2.669672520170859,1.4831514000949217,20.76385830239728,8.41798080700376
113.0,2015,4,32,0,1,2,4,0,15,24,33712,15893,17819,11.56858092074039,9.492168960607499,0.0,0.29663028001898434,0.5932605600379687,1.1865211200759374,15.100987856288931,8.41798080700376
113.0,2016,1,78,0,3,5,1,0,21,66,34992,16455,18537,24.862825788751717,22.290809327846365,0.0,0.8573388203017832,1.4288980338363055,0.28577960676726105,40.109389243391064,11.328693963424502
113.0,2016,2,37,0,1,13,5,0,10,46,34992,16455,18537,16.00365797896662,10.57384545038866,0.0,0.28577960676726105,3.715134887974394,1.4288980338363055,27.955028866605897,5.394616173059287
113.0,2016,3,48,2,2,5,0,0,20,37,34992,16455,18537,16.289437585733882,13.717421124828531,0.5715592135345221,0.5715592135345221,1.4288980338363055,0.0,22.485566697052565,10.789232346118574
113.0,2016,4,48,1,1,12,0,0,24,38,34992,16455,18537,17.718335619570187,13.717421124828531,0.28577960676726105,0.28577960676726105,3.429355281207133,0.0,23.093284715891823,12.947078815342289
113.0,2017,1,93,0,7,7,3,0,50,60,36312,17037,19275,30.29301608283763,25.61136814276272,0.0,1.9277373870896672,1.9277373870896672,0.8261731658955717,35.21746786406057,25.940337224383917
113.0,2017,2,73,0,7,5,1,0,34,52,36312,17037,19275,23.683630755673054,20.103547036792246,0.0,1.9277373870896672,1.3769552764926194,0.27539105529852387,30.521805482185833,17.639429312581065
113.0,2017,3,118,0,13,5,0,0,64,71,36312,17037,19275,37.453183520599254,32.49614452522582,0.0,3.580083718880811,1.3769552764926194,0.0,41.67400363913835,33.20363164721142
113.0,2017,4,160,0,16,8,6,0,86,104,36312,17037,19275,52.324300506719545,44.06256884776382,0.0,4.406256884776382,2.203128442388191,1.6523463317911433,61.043610964371666,44.617380025940335
113.0,2018,1,142,2,10,10,10,0,64,110,37827,17598,20229,45.99888968197319,37.53932376344939,0.5287228699077379,2.6436143495386895,2.6436143495386895,2.6436143495386895,62.507103079895444,31.637747787829355
113.0,2018,2,167,0,7,18,6,0,86,112,37827,17598,20229,52.34356412086605,44.14835963729612,0.0,1.8505300446770825,4.758505829169641,1.5861686097232137,63.64359586316627,42.51322358989569
113.0,2018,3,190,0,12,12,2,0,89,127,37827,17598,20229,57.10206995003569,50.2286726412351,0.0,3.1723372194464274,3.1723372194464274,0.5287228699077379,72.16729173769747,43.99624301745019
113.0,2018,4,175,0,2,8,4,0,71,118,37827,17598,20229,49.96431120628123,46.26325111692706,0.0,0.5287228699077379,2.1148914796309515,1.0574457398154757,67.05307421297874,35.09812645212319
113.0,2019,1,112,3,2,9,6,0,58,74,38880,18156,20724,33.95061728395062,28.80658436213992,0.7716049382716049,0.51440329218107,2.314814814814815,1.5432098765432098,40.757876184181534,27.986875120633083
113.0,2019,2,12,0,6,10,8,0,13,23,38880,18156,20724,9.25925925925926,3.0864197530864197,0.0,1.5432098765432098,2.57201646090535,2.05761316872428,12.667988543732099,6.27292028565914
113.0,2019,3,15,1,5,12,9,0,14,28,38880,18156,20724,10.802469135802468,3.8580246913580245,0.257201646090535,1.286008230452675,3.0864197530864197,2.314814814814815,15.421899096717338,6.755452615325227
113.0,2019,4,13,0,4,8,9,0,9,25,38880,18156,20724,8.74485596707819,3.343621399176955,0.0,1.02880658436214,2.05761316872428,2.314814814814815,13.769552764926196,4.342790966994789
113.0,2020,1,9,0,3,4,3,0,8,11,40752,19017,21735,4.662347860227719,2.208480565371025,0.0,0.7361601884570081,0.9815469179426777,0.7361601884570081,5.784298259452069,3.680699332873246
113.0,2020,2,7,0,4,1,4,0,10,6,40752,19017,21735,3.9261876717707107,1.717707106399686,0.0,0.9815469179426777,0.24538672948566942,0.9815469179426777,3.155071777882947,4.6008741660915575
113.0,2020,3,13,0,1,5,7,0,9,17,40752,19017,21735,6.380054966627405,3.1900274833137026,0.0,0.24538672948566942,1.226933647428347,1.717707106399686,8.939370037335015,4.140786749482402
113.0,2020,4,8,0,7,8,3,0,14,12,40752,19017,21735,6.380054966627405,1.9630938358853554,0.0,1.717707106399686,1.9630938358853554,0.7361601884570081,6.310143555765894,6.4412238325281805
113.0,2021,1,5,1,4,7,7,0,6,18,42429,19776,22653,5.656508520115958,1.1784392750241581,0.23568785500483158,0.9427514200193263,1.6498149850338213,1.6498149850338213,9.101941747572816,2.648655807177857
113.0,2021,2,8,0,4,6,8,0,10,16,42429,19776,22653,6.127884230125622,1.8855028400386526,0.0,0.9427514200193263,1.4141271300289895,1.8855028400386526,8.090614886731393,4.4144263452964285
113.0,2021,3,3,0,4,7,6,0,4,16,42429,19776,22653,4.7137571000966325,0.7070635650144947,0.0,0.9427514200193263,1.6498149850338213,1.4141271300289895,8.090614886731393,1.7657705381185715
113.0,2021,4,10,1,4,11,2,0,10,18,42429,19776,22653,6.599259940135285,2.3568785500483163,0.23568785500483158,0.9427514200193263,2.5925664050531476,0.47137571000966316,9.101941747572816,4.4144263452964285
113.0,2022,1,3,0,0,6,4,0,3,10,43863,20414,23449,2.9637735676994277,0.6839477463921757,0.0,0.0,1.3678954927843514,0.9119303285229008,4.898599000685803,1.27937225468037
113.0,2022,2,8,0,0,9,9,0,6,20,43863,20414,23449,5.927547135398855,1.8238606570458016,0.0,0.0,2.051843239176527,2.051843239176527,9.797198001371607,2.55874450936074
113.0,2022,3,6,0,0,3,5,0,4,10,43863,20414,23449,3.191756149830153,1.3678954927843514,0.0,0.0,0.6839477463921757,1.139912910653626,4.898599000685803,1.7058296729071603
113.0,2022,4,5,0,0,8,9,0,3,19,43863,20414,23449,5.015616806875955,1.139912910653626,0.0,0.0,1.8238606570458016,2.051843239176527,9.307338101303026,1.27937225468037
113.0,2023,1,0,0,0,10,11,0,2,19,45175,20999,24176,4.648588821250692,0.0,0.0,0.0,2.213613724405091,2.4349750968456005,9.048049907138434,0.8272667107875579
113.0,2023,2,0,0,0,9,8,0,0,17,45175,20999,24176,3.763143331488655,0.0,0.0,0.0,1.992252351964582,1.7708909795240728,8.095623601123863,0.0
113.0,2023,3,0,1,0,3,7,0,1,10,45175,20999,24176,2.4349750968456005,0.0,0.2213613724405091,0.0,0.6640841173215275,1.549529607083564,4.76213153007286,0.41363335539377893
114.0,2015,1,53,0,4,8,1,0,27,39,41956,19382,22574,15.73076556392411,12.632281437696633,0.0,0.9533797311469158,1.9067594622938315,0.23834493278672894,20.121762460014445,11.960662709311597
114.0,2015,2,51,0,4,5,5,0,23,42,41956,19382,22574,15.492420631137382,12.155591572123178,0.0,0.9533797311469158,1.1917246639336447,1.1917246639336447,21.66959034155402,10.18871267830247
114.0,2015,3,48,2,1,4,2,0,13,44,41956,19382,22574,13.58566116884355,11.440556773762989,0.4766898655734579,0.23834493278672894,0.9533797311469158,0.4766898655734579,22.701475595913735,5.758837600779658
114.0,2015,4,55,0,4,9,1,0,24,45,41956,19382,22574,16.4458003622843,13.108971303270092,0.0,0.9533797311469158,2.1451043950805606,0.23834493278672894,23.217418223093592,10.631700186054752
114.0,2016,1,88,0,3,7,1,0,39,60,41894,19326,22568,23.631068888146277,21.005394567241133,0.0,0.7160929966104931,1.6708836587578173,0.23869766553683106,31.046258925799442,17.281105990783413
114.0,2016,2,47,1,2,7,2,0,24,35,41894,19326,22568,14.083162266673032,11.218790280231058,0.23869766553683106,0.4773953310736621,1.6708836587578173,0.4773953310736621,18.11031770671634,10.634526763559021
114.0,2016,3,74,1,3,5,2,0,34,51,41894,19326,22568,20.289301570630638,17.663627249725497,0.23869766553683106,0.7160929966104931,1.1934883276841552,0.4773953310736621,26.389320086929526,15.065579581708613
114.0,2016,4,72,1,3,7,3,0,34,52,41894,19326,22568,20.52799923616747,17.186231918651835,0.23869766553683106,0.7160929966104931,1.6708836587578173,0.7160929966104931,26.90675773569285,15.065579581708613
114.0,2017,1,112,0,4,4,2,0,47,75,41852,19283,22569,29.15033929083437,26.760967217815157,0.0,0.9557488292076843,0.9557488292076843,0.47787441460384217,38.89436291033553,20.825025477424784
114.0,2017,2,117,0,7,8,5,0,68,69,41852,19283,22569,32.734397400363186,27.955653254324766,0.0,1.6725604511134473,1.9114976584153687,1.1946860365096053,35.78281387750869,30.129824094997563
114.0,2017,3,169,1,6,7,3,0,93,93,41852,19283,22569,44.44232055815731,40.38038803402466,0.23893720730192108,1.4336232438115262,1.6725604511134473,0.7168116219057631,48.229010008816054,41.20696530639373
114.0,2017,4,206,0,17,6,4,0,107,125,41852,19283,22569,55.67236930134761,49.22106470419574,0.0,4.061932524132658,1.4336232438115262,0.9557488292076843,64.82393818389255,47.41016438477558
114.0,2018,1,180,0,4,8,6,0,92,106,42000,19461,22539,47.142857142857146,42.85714285714286,0.0,0.9523809523809524,1.9047619047619049,1.4285714285714286,54.467910179333025,40.81813745064111
114.0,2018,2,204,0,10,10,2,0,107,119,42000,19461,22539,53.80952380952381,48.57142857142857,0.0,2.380952380952381,2.380952380952381,0.4761904761904762,61.147936899439905,47.4732685567239
114.0,2018,3,235,0,8,14,6,0,120,143,42000,19461,22539,62.61904761904762,55.95238095238095,0.0,1.9047619047619049,3.333333333333333,1.4285714285714286,73.48029392117569,53.24104884866232
114.0,2018,4,243,0,2,12,2,0,113,146,42000,19461,22539,61.666666666666664,57.857142857142854,0.0,0.4761904761904762,2.857142857142857,0.4761904761904762,75.02183854889266,50.13532099915702
114.0,2019,1,164,1,12,4,4,0,76,109,42974,19838,23136,43.04928561455764,38.162609950202445,0.23269884115977102,2.7923860939172522,0.9307953646390841,0.9307953646390841,54.94505494505495,32.84923928077455
114.0,2019,2,18,0,1,2,3,0,9,15,42974,19838,23136,5.5847721878345045,4.188579140875879,0.0,0.23269884115977102,0.46539768231954204,0.6980965234793131,7.561246093356185,3.8900414937759336
114.0,2019,3,15,1,4,5,4,0,6,23,42974,19838,23136,6.74826639363336,3.4904826173965655,0.23269884115977102,0.9307953646390841,1.163494205798855,0.9307953646390841,11.593910676479483,2.5933609958506225
114.0,2019,4,12,0,2,4,2,0,8,12,42974,19838,23136,4.65397682319542,2.7923860939172522,0.0,0.46539768231954204,0.9307953646390841,0.46539768231954204,6.048996874684947,3.4578146611341634
114.0,2020,1,12,0,2,8,4,0,11,15,43349,20021,23328,5.9978315532076865,2.768229947634317,0.0,0.46137165793905277,1.845486631756211,0.9227433158781055,7.49213326007692,4.715363511659808
114.0,2020,2,5,0,4,1,3,0,6,7,43349,20021,23328,2.9989157766038432,1.1534291448476321,0.0,0.9227433158781055,0.23068582896952639,0.6920574869085793,3.4963288547025626,2.57201646090535
114.0,2020,3,9,2,3,2,1,0,5,12,43349,20021,23328,3.9216590924819488,2.0761724607257377,0.46137165793905277,0.6920574869085793,0.46137165793905277,0.23068582896952639,5.993706608061535,2.143347050754458
114.0,2020,4,13,0,1,14,1,0,9,20,43349,20021,23328,6.689889040116266,2.9989157766038432,0.0,0.23068582896952639,3.22960160557337,0.23068582896952639,9.989511013435893,3.8580246913580245
114.0,2021,1,7,0,3,9,4,1,8,14,43500,20076,23424,5.287356321839081,1.6091954022988506,0.0,0.6896551724137931,2.0689655172413794,0.9195402298850575,6.97350069735007,3.4153005464480874
114.0,2021,2,4,0,8,9,1,0,9,13,43500,20076,23424,5.057471264367816,0.9195402298850575,0.0,1.839080459770115,2.0689655172413794,0.22988505747126436,6.4753935046822075,3.8422131147540983
114.0,2021,3,18,0,5,9,6,0,10,28,43500,20076,23424,8.735632183908047,4.137931034482759,0.0,1.1494252873563218,2.0689655172413794,1.3793103448275863,13.94700139470014,4.269125683060109
114.0,2021,4,18,3,5,14,5,0,16,29,43500,20076,23424,10.344827586206897,4.137931034482759,0.6896551724137931,1.1494252873563218,3.218390804597701,1.1494252873563218,14.445108587368003,6.830601092896175
114.0,2022,1,8,0,0,8,2,0,5,13,43395,20004,23391,4.14794331144141,1.8435303606406268,0.0,0.0,1.8435303606406268,0.4608825901601567,6.49870025994801,2.1375742807062545
114.0,2022,2,15,0,0,7,4,0,10,16,43395,20004,23391,5.991473672082037,3.456619426201175,0.0,0.0,1.6130890655605483,0.9217651803203134,7.998400319936012,4.275148561412509
114.0,2022,3,10,1,0,11,3,0,9,16,43395,20004,23391,5.761032377001959,2.3044129508007836,0.23044129508007835,0.0,2.5348542458808616,0.691323885240235,7.998400319936012,3.8476337052712584
114.0,2022,4,12,0,0,12,5,0,10,19,43395,20004,23391,6.682797557322273,2.76529554096094,0.0,0.0,2.76529554096094,1.1522064754003918,9.498100379924015,4.275148561412509
114.0,2023,1,0,2,0,6,2,0,2,8,43185,19895,23290,2.315618849137432,0.0,0.4631237698274864,0.0,1.3893713094824593,0.4631237698274864,4.021110831867303,0.8587376556462001
114.0,2023,2,0,1,0,5,5,0,2,9,43185,19895,23290,2.547180734051175,0.0,0.2315618849137432,0.0,1.157809424568716,1.157809424568716,4.523749685850716,0.8587376556462001
114.0,2023,3,1,0,0,9,3,0,2,11,43185,19895,23290,3.0103045038786616,0.2315618849137432,0.0,0.0,2.084056964223689,0.6946856547412297,5.529027393817542,0.8587376556462001
115.0,2015,1,27,0,0,3,1,0,15,16,17116,8093,9023,18.11170834307081,15.774713718158448,0.0,0.0,1.752745968684272,0.5842486562280907,19.770171753367105,16.62418264435332
115.0,2015,2,31,0,2,4,4,0,12,29,17116,8093,9023,23.954194905351716,18.11170834307081,0.0,1.1684973124561815,2.336994624912363,2.336994624912363,35.83343630297788,13.299346115482656
115.0,2015,3,30,0,4,0,2,0,14,22,17116,8093,9023,21.03295162421126,17.52745968684272,0.0,2.336994624912363,0.0,1.1684973124561815,27.183986160879773,15.515903801396432
115.0,2015,4,39,0,0,1,0,0,11,29,17116,8093,9023,23.369946249123625,22.785697592895538,0.0,0.0,0.5842486562280907,0.0,35.83343630297788,12.191067272525768
115.0,2016,1,68,1,4,0,2,0,28,47,17109,8069,9040,43.836577240049095,39.74516336431118,0.5844876965339879,2.3379507861359516,0.0,1.1689753930679758,58.2476143264345,30.97345132743363
115.0,2016,2,43,0,2,0,3,0,20,28,17109,8069,9040,28.055409433631425,25.132970950961482,0.0,1.1689753930679758,0.0,1.753463089601964,34.700706407237575,22.123893805309734
115.0,2016,3,42,0,1,2,3,0,18,30,17109,8069,9040,28.055409433631425,24.548483254427495,0.0,0.5844876965339879,1.1689753930679758,1.753463089601964,37.17932829346883,19.911504424778762
115.0,2016,4,56,0,1,2,2,0,18,43,17109,8069,9040,35.65374948857327,32.73131100590332,0.0,0.5844876965339879,1.1689753930679758,1.1689753930679758,53.29037055397199,19.911504424778762
115.0,2017,1,97,4,4,2,2,0,36,73,17108,8053,9055,63.71288286181903,56.698620528407766,2.3380874444704234,2.3380874444704234,1.1690437222352117,1.1690437222352117,90.64944741090277,39.75704030922142
115.0,2017,2,79,0,2,0,3,0,36,48,17108,8053,9055,49.09983633387889,46.17722702829086,0.0,1.1690437222352117,0.0,1.7535655833528172,59.60511610579908,39.75704030922142
115.0,2017,3,147,1,5,2,1,0,66,90,17108,8053,9055,91.1854103343465,85.92471358428804,0.5845218611176058,2.922609305588029,1.1690437222352117,0.5845218611176058,111.75959269837327,72.8879072335726
115.0,2017,4,200,0,8,0,1,0,108,101,17108,8053,9055,122.16506897357961,116.90437222352115,0.0,4.676174888940847,0.0,0.5845218611176058,125.4190984726189,119.27112092766427
115.0,2018,1,169,0,4,0,4,0,88,89,17190,8131,9059,102.96684118673647,98.31297265852241,0.0,2.326934264107039,0.0,2.326934264107039,109.4576312876645,97.14096478640027
115.0,2018,2,258,0,3,0,2,0,116,147,17190,8131,9059,152.9959278650378,150.087260034904,0.0,1.7452006980802792,0.0,1.1634671320535195,180.78957077850202,128.04945358207308
115.0,2018,3,194,2,10,4,2,0,107,105,17190,8131,9059,123.32751599767306,112.8563118091914,1.1634671320535195,5.817335660267597,2.326934264107039,1.1634671320535195,129.13540769893004,118.11458218346395
115.0,2018,4,215,0,11,6,8,1,110,128,17190,8131,9059,139.61605584642234,125.07271669575334,0.0,6.399069226294357,3.4904013961605584,4.653868528214078,157.42221129012424,121.42620598300033
115.0,2019,1,151,0,6,7,6,0,53,117,17600,8297,9303,96.5909090909091,85.79545454545455,0.0,3.409090909090909,3.9772727272727275,3.409090909090909,141.01482463541038,56.970869611953134
115.0,2019,2,18,0,0,2,5,0,8,17,17600,8297,9303,14.204545454545455,10.227272727272728,0.0,0.0,1.1363636363636365,2.840909090909091,20.48933349403399,8.599376545200473
115.0,2019,3,22,1,2,4,4,0,15,18,17600,8297,9303,18.75,12.5,0.5681818181818182,1.1363636363636365,2.272727272727273,2.272727272727273,21.694588405447753,16.123831022250886
115.0,2019,4,18,0,2,2,2,0,8,16,17600,8297,9303,13.636363636363637,10.227272727272728,0.0,1.1363636363636365,1.1363636363636365,1.1363636363636365,19.284078582620225,8.599376545200473
115.0,2020,1,13,1,2,2,3,0,9,12,17775,8377,9398,11.814345991561181,7.313642756680731,0.5625879043600562,1.1251758087201125,1.1251758087201125,1.6877637130801686,14.324937328399189,9.576505639497766
115.0,2020,2,2,0,1,1,1,0,1,4,17775,8377,9398,2.8129395218002813,1.1251758087201125,0.0,0.5625879043600562,0.5625879043600562,0.5625879043600562,4.774979109466396,1.0640561821664185
115.0,2020,3,4,0,1,0,1,0,0,6,17775,8377,9398,3.375527426160337,2.250351617440225,0.0,0.5625879043600562,0.0,0.5625879043600562,7.1624686641995945,0.0
115.0,2020,4,11,0,0,4,3,0,8,10,17775,8377,9398,10.126582278481013,6.1884669479606185,0.0,0.0,2.250351617440225,1.6877637130801686,11.93744777366599,8.512449457331348
115.0,2021,1,10,0,3,2,2,0,6,11,17858,8402,9456,9.519543061933026,5.599731212901781,0.0,1.679919363870534,1.1199462425803561,1.1199462425803561,13.092120923589622,6.345177664974619
115.0,2021,2,6,1,5,4,2,0,7,11,17858,8402,9456,10.079516183223207,3.359838727741068,0.5599731212901781,2.7998656064508904,2.2398924851607123,1.1199462425803561,13.092120923589622,7.4027072758037225
115.0,2021,3,15,0,0,2,4,0,7,14,17858,8402,9456,11.759435547093739,8.39959681935267,0.0,0.0,1.1199462425803561,2.2398924851607123,16.66269935729588,7.4027072758037225
115.0,2021,4,17,1,1,2,1,1,6,15,17858,8402,9456,12.319408668383918,9.519543061933026,0.5599731212901781,0.5599731212901781,1.1199462425803561,0.5599731212901781,17.8528921685313,6.345177664974619
115.0,2022,1,5,0,0,2,1,0,2,6,17835,8373,9462,4.4855620970002805,2.803476310625175,0.0,0.0,1.1213905242500701,0.5606952621250351,7.165890361877462,2.113718030014796
115.0,2022,2,7,0,0,1,5,0,8,5,17835,8373,9462,7.289038407625456,3.9248668348752456,0.0,0.0,0.5606952621250351,2.803476310625175,5.9715753015645525,8.454872120059184
115.0,2022,3,5,2,0,0,2,0,4,5,17835,8373,9462,5.046257359125315,2.803476310625175,1.1213905242500701,0.0,0.0,1.1213905242500701,5.9715753015645525,4.227436060029592
115.0,2022,4,8,1,0,0,8,0,6,11,17835,8373,9462,9.531819456125596,4.4855620970002805,0.5606952621250351,0.0,0.0,4.4855620970002805,13.137465663442015,6.341154090044388
115.0,2023,1,0,0,0,2,2,0,0,4,17770,8332,9438,2.2509848058525606,0.0,0.0,0.0,1.1254924029262803,1.1254924029262803,4.8007681228996635,0.0
115.0,2023,2,0,0,0,1,4,0,1,4,17770,8332,9438,2.8137310073157007,0.0,0.0,0.0,0.5627462014631401,2.2509848058525606,4.8007681228996635,1.0595465140919686
115.0,2023,3,0,0,0,1,5,0,0,6,17770,8332,9438,3.376477208778841,0.0,0.0,0.0,0.5627462014631401,2.8137310073157007,7.201152184349496,0.0
116.0,2015,1,19,0,4,5,1,0,15,14,11648,5508,6140,24.896978021978022,16.311813186813186,0.0,3.4340659340659343,4.292582417582418,0.8585164835164836,25.417574437182278,24.429967426710096
116.0,2015,2,15,0,6,2,3,0,8,18,11648,5508,6140,22.32142857142857,12.877747252747252,0.0,5.1510989010989015,1.7170329670329672,2.5755494505494507,32.6797385620915,13.029315960912053
116.0,2015,3,12,0,4,3,0,0,4,15,11648,5508,6140,16.311813186813186,10.302197802197803,0.0,3.4340659340659343,2.5755494505494507,0.0,27.233115468409586,6.514657980456026
116.0,2015,4,30,0,9,6,3,0,13,35,11648,5508,6140,41.20879120879121,25.755494505494504,0.0,7.726648351648351,5.1510989010989015,2.5755494505494507,63.543936092955704,21.172638436482085
116.0,2016,1,55,0,6,6,3,0,30,40,11669,5506,6163,59.9880023995201,47.13343045676579,0.0,5.141828777101723,5.141828777101723,2.5709143885508614,72.6480203414457,48.67759208177836
116.0,2016,2,34,0,3,3,3,0,12,31,11669,5506,6163,36.84977290256234,29.13702973690976,0.0,2.5709143885508614,2.5709143885508614,2.5709143885508614,56.30221576462041,19.47103683271134
116.0,2016,3,40,0,0,5,3,0,15,33,11669,5506,6163,41.13463021681378,34.27885851401148,0.0,0.0,4.284857314251435,2.5709143885508614,59.934616781692704,24.33879604088918
116.0,2016,4,41,0,0,1,1,0,23,20,11669,5506,6163,36.84977290256234,35.13582997686177,0.0,0.0,0.856971462850287,0.856971462850287,36.32401017072285,37.31948726269674
116.0,2017,1,67,0,3,6,1,0,28,49,11711,5519,6192,65.7501494321578,57.21116898642302,0.0,2.561694133720434,5.123388267440868,0.8538980445734778,88.78420003623846,45.21963824289406
116.0,2017,2,49,0,6,3,4,0,22,40,11711,5519,6192,52.941678763555636,41.84100418410041,0.0,5.123388267440868,2.561694133720434,3.4155921782939114,72.47689798876608,35.5297157622739
116.0,2017,3,87,0,3,6,1,0,41,56,11711,5519,6192,82.82811032362736,74.28912987789258,0.0,2.561694133720434,5.123388267440868,0.8538980445734778,101.46765718427253,66.21447028423773
116.0,2017,4,137,3,2,5,4,0,71,80,11711,5519,6192,128.93860473059516,116.98403210656647,2.561694133720434,1.7077960891469557,4.26949022286739,3.4155921782939114,144.95379597753217,114.6640826873385
116.0,2018,1,156,0,2,17,10,0,75,110,11820,5550,6270,156.51438240270727,131.9796954314721,0.0,1.6920473773265652,14.382402707275805,8.460236886632826,198.19819819819818,119.61722488038278
116.0,2018,2,146,0,2,4,2,0,55,99,11820,5550,6270,130.2876480541455,123.51945854483925,0.0,1.6920473773265652,3.3840947546531304,1.6920473773265652,178.3783783783784,87.71929824561403
116.0,2018,3,185,2,6,14,6,0,92,121,11820,5550,6270,180.2030456852792,156.51438240270727,1.6920473773265652,5.0761421319796955,11.844331641285956,5.0761421319796955,218.018018018018,146.7304625199362
116.0,2018,4,166,0,2,15,2,0,83,102,11820,5550,6270,156.51438240270727,140.4399323181049,0.0,1.6920473773265652,12.690355329949238,1.6920473773265652,183.78378378378378,132.37639553429028
116.0,2019,1,146,1,4,11,6,0,65,103,11944,5613,6331,140.6563965170797,122.23710649698594,0.8372404554588078,3.348961821835231,9.209645010046884,5.023442732752846,183.50258328879386,102.6694045174538
116.0,2019,2,13,0,4,7,1,0,13,12,11944,5613,6331,20.931011386470196,10.884125920964502,0.0,3.348961821835231,5.860683188211655,0.8372404554588078,21.378941742383752,20.53388090349076
116.0,2019,3,8,1,2,3,2,0,5,11,11944,5613,6331,13.395847287340924,6.697923643670462,0.8372404554588078,1.6744809109176155,2.511721366376423,1.6744809109176155,19.597363263851772,7.8976465013426
116.0,2019,4,18,0,0,3,4,0,12,13,11944,5613,6331,20.931011386470196,15.07032819825854,0.0,0.0,2.511721366376423,3.348961821835231,23.160520220915732,18.95435160322224
116.0,2020,1,14,0,1,4,3,0,5,17,12159,5711,6448,18.093593223126902,11.514104778353484,0.0,0.8224360555966773,3.2897442223867093,2.467308166790032,29.767116091752758,7.7543424317617875
116.0,2020,2,9,1,0,2,0,0,4,8,12159,5711,6448,9.869232667160128,7.401924500370096,0.8224360555966773,0.0,1.6448721111933546,0.0,14.008054631413064,6.20347394540943
116.0,2020,3,12,1,3,3,3,0,6,16,12159,5711,6448,18.093593223126902,9.869232667160128,0.8224360555966773,2.467308166790032,2.467308166790032,2.467308166790032,28.016109262826127,9.305210918114144
116.0,2020,4,8,1,2,4,4,0,6,13,12159,5711,6448,15.62628505633687,6.5794884447734185,0.8224360555966773,1.6448721111933546,3.2897442223867093,3.2897442223867093,22.763088776046224,9.305210918114144
116.0,2021,1,6,0,0,0,2,0,3,5,12296,5772,6524,6.506180871828238,4.879635653871178,0.0,0.0,0.0,1.6265452179570594,8.662508662508662,4.598405885959534
116.0,2021,2,12,2,1,5,4,0,11,13,12296,5772,6524,19.518542615484712,9.759271307742356,1.6265452179570594,0.8132726089785297,4.066363044892648,3.253090435914119,22.52252252252252,16.860821581851624
116.0,2021,3,6,0,2,3,0,0,3,8,12296,5772,6524,8.945998698763825,4.879635653871178,0.0,1.6265452179570594,2.439817826935589,0.0,13.86001386001386,4.598405885959534
116.0,2021,4,13,2,2,3,1,0,6,15,12296,5772,6524,17.07872478854912,10.572543916720885,1.6265452179570594,1.6265452179570594,2.439817826935589,0.8132726089785297,25.987525987525988,9.196811771919068
116.0,2022,1,9,0,0,1,3,0,5,8,12361,5789,6572,10.516948466952512,7.280964323274816,0.0,0.0,0.808996035919424,2.426988107758272,13.819312489203663,7.608034083992696
116.0,2022,2,7,0,0,7,1,0,3,12,12361,5789,6572,12.13494053879136,5.662972251435968,0.0,0.0,5.662972251435968,0.808996035919424,20.72896873380549,4.564820450395618
116.0,2022,3,4,0,0,3,3,0,3,7,12361,5789,6572,8.08996035919424,3.235984143677696,0.0,0.0,2.426988107758272,2.426988107758272,12.091898428053204,4.564820450395618
116.0,2022,4,8,1,0,1,3,0,5,8,12361,5789,6572,10.516948466952512,6.471968287355392,0.808996035919424,0.0,0.808996035919424,2.426988107758272,13.819312489203663,7.608034083992696
116.0,2023,1,0,0,0,1,4,0,0,5,12392,5797,6595,4.034861200774693,0.0,0.0,0.0,0.8069722401549386,3.2278889606197545,8.625150940141452,0.0
116.0,2023,2,0,2,0,5,3,0,0,10,12392,5797,6595,8.069722401549386,0.0,1.6139444803098772,0.0,4.034861200774693,2.4209167204648163,17.250301880282905,0.0
116.0,2023,3,0,1,0,1,2,0,0,4,12392,5797,6595,3.2278889606197545,0.0,0.8069722401549386,0.0,0.8069722401549386,1.6139444803098772,6.900120752113161,0.0
117.0,2015,1,17,0,3,0,1,0,10,11,680,429,251,308.8235294117647,250.0,0.0,44.11764705882353,0.0,14.705882352941176,256.4102564102564,398.40637450199205
117.0,2015,2,12,0,1,0,0,0,1,12,680,429,251,191.1764705882353,176.47058823529412,0.0,14.705882352941176,0.0,0.0,279.72027972027973,39.8406374501992
117.0,2015,3,16,0,0,0,0,0,8,8,680,429,251,235.2941176470588,235.2941176470588,0.0,0.0,0.0,0.0,186.4801864801865,318.7250996015936
117.0,2015,4,22,0,0,1,0,0,11,12,680,429,251,338.235294117647,323.5294117647059,0.0,0.0,14.705882352941176,0.0,279.72027972027973,438.24701195219126
117.0,2016,1,29,0,1,0,1,0,11,20,702,451,251,441.59544159544157,413.10541310541305,0.0,14.245014245014247,0.0,14.245014245014247,443.45898004434594,438.24701195219126
117.0,2016,2,22,0,1,0,0,0,8,15,702,451,251,327.63532763532766,313.3903133903134,0.0,14.245014245014247,0.0,0.0,332.5942350332594,318.7250996015936
117.0,2016,3,26,0,2,0,2,0,10,20,702,451,251,427.35042735042737,370.3703703703703,0.0,28.490028490028493,0.0,28.490028490028493,443.45898004434594,398.40637450199205
117.0,2016,4,26,0,0,1,0,0,9,18,702,451,251,384.61538461538464,370.3703703703703,0.0,0.0,14.245014245014247,0.0,399.11308203991126,358.56573705179284
117.0,2017,1,27,0,0,0,2,0,14,15,729,472,257,397.8052126200275,370.3703703703703,0.0,0.0,0.0,27.434842249657063,317.7966101694915,544.7470817120623
117.0,2017,2,25,0,0,0,0,0,5,20,729,472,257,342.93552812071334,342.93552812071334,0.0,0.0,0.0,0.0,423.728813559322,194.55252918287937
117.0,2017,3,39,0,4,0,0,0,25,18,729,472,257,589.8491083676269,534.9794238683128,0.0,54.869684499314126,0.0,0.0,381.35593220338984,972.7626459143969
117.0,2017,4,59,0,0,0,1,0,29,31,729,472,257,823.0452674897119,809.3278463648834,0.0,0.0,0.0,13.717421124828531,656.7796610169493,1128.4046692607003
117.0,2018,1,55,0,18,0,2,0,35,40,756,499,257,992.063492063492,727.5132275132274,0.0,238.09523809523807,0.0,26.455026455026452,801.6032064128257,1361.8677042801555
117.0,2018,2,37,0,12,0,0,0,25,24,756,499,257,648.1481481481482,489.4179894179894,0.0,158.73015873015873,0.0,0.0,480.9619238476954,972.7626459143969
117.0,2018,3,44,0,22,2,2,0,41,29,756,499,257,925.9259259259259,582.010582010582,0.0,291.005291005291,26.455026455026452,26.455026455026452,581.1623246492986,1595.3307392996107
117.0,2018,4,75,0,4,2,0,0,33,48,756,499,257,1071.4285714285713,992.063492063492,0.0,52.910052910052904,26.455026455026452,0.0,961.9238476953908,1284.0466926070037
117.0,2019,1,66,0,1,0,0,0,33,34,790,522,268,848.1012658227847,835.4430379746835,0.0,12.658227848101266,0.0,0.0,651.3409961685824,1231.3432835820895
117.0,2019,2,4,0,0,0,0,0,1,3,790,522,268,50.63291139240506,50.63291139240506,0.0,0.0,0.0,0.0,57.47126436781609,37.3134328358209
117.0,2019,3,7,0,1,1,0,0,1,8,790,522,268,113.92405063291139,88.60759493670886,0.0,12.658227848101266,12.658227848101266,0.0,153.2567049808429,37.3134328358209
117.0,2019,4,14,0,0,0,0,0,9,5,790,522,268,177.21518987341773,177.21518987341773,0.0,0.0,0.0,0.0,95.78544061302681,335.82089552238807
117.0,2020,1,8,0,0,0,2,0,4,6,823,550,273,121.50668286755771,97.20534629404617,0.0,0.0,0.0,24.30133657351154,109.0909090909091,146.5201465201465
117.0,2020,2,0,0,2,0,1,0,1,2,823,550,273,36.452004860267316,0.0,0.0,24.30133657351154,0.0,12.15066828675577,36.36363636363637,36.63003663003663
117.0,2020,3,0,0,0,1,1,0,1,1,823,550,273,24.30133657351154,0.0,0.0,0.0,12.15066828675577,12.15066828675577,18.181818181818183,36.63003663003663
117.0,2020,4,7,0,2,1,1,0,5,6,823,550,273,133.6573511543135,85.05467800729039,0.0,24.30133657351154,12.15066828675577,12.15066828675577,109.0909090909091,183.15018315018315
117.0,2021,1,5,0,1,0,0,0,2,4,853,576,277,70.33997655334116,58.61664712778429,0.0,11.723329425556857,0.0,0.0,69.44444444444444,72.20216606498195
117.0,2021,2,2,1,1,2,0,0,0,6,853,576,277,70.33997655334116,23.446658851113714,11.723329425556857,11.723329425556857,23.446658851113714,0.0,104.16666666666666,0.0
117.0,2021,3,5,1,1,0,1,0,4,4,853,576,277,93.78663540445486,58.61664712778429,11.723329425556857,11.723329425556857,0.0,11.723329425556857,69.44444444444444,144.4043321299639
117.0,2021,4,6,0,1,0,0,0,4,3,853,576,277,82.06330597889801,70.33997655334116,0.0,11.723329425556857,0.0,0.0,52.08333333333333,144.4043321299639
117.0,2022,1,6,0,0,1,0,0,3,4,876,596,280,79.90867579908675,68.4931506849315,0.0,0.0,11.415525114155251,0.0,67.11409395973155,107.14285714285714
117.0,2022,3,2,0,0,1,1,0,1,3,876,596,280,45.662100456621005,22.831050228310502,0.0,0.0,11.415525114155251,11.415525114155251,50.335570469798654,35.714285714285715
117.0,2022,4,5,0,0,1,3,0,0,9,876,596,280,102.73972602739725,57.077625570776256,0.0,0.0,11.415525114155251,34.24657534246575,151.006711409396,0.0
117.0,2023,1,0,0,0,1,4,0,1,4,899,616,283,55.61735261401557,0.0,0.0,0.0,11.123470522803114,44.493882091212456,64.93506493506494,35.3356890459364
117.0,2023,2,0,0,0,4,3,1,1,5,899,616,283,77.8642936596218,0.0,0.0,0.0,44.493882091212456,33.370411568409345,81.16883116883116,35.3356890459364
117.0,2023,3,0,0,0,1,2,0,1,2,899,616,283,33.370411568409345,0.0,0.0,0.0,11.123470522803114,22.246941045606228,32.46753246753247,35.3356890459364
