"Nombre","Cámara de Comercio","Número de Matrícula","Fecha de Matrícula","Estado de la matrícula","Fecha de renovación","Último año renovado","latitud","longitud","direccion"
"OXXO LA DOCTORA","ABURRA SUR","280619","2025/02/03","ACTIVA","2025/02/03","2025","","",""
"OXXO ZABAN","ABURRA SUR","276550","2024/08/29","ACTIVA","2025/03/27","2025","","",""
"OXXO S48 TOWER","ABURRA SUR","276021","2024/08/12","ACTIVA","2025/03/27","2025","6.162716","-75.6016787","Cl 49 Sur #45A - 300, Zona 8, Envigado, Antioquia, Colombia"
"OXXO AVES MARIA","ABURRA SUR","275672","2024/07/30","ACTIVA","2025/03/27","2025","6.147398099999999","-75.6129571","Cl 71Sur #39-78, Sabaneta, Antioquia, Colombia"
"OXXO EDS OTRAPARTE","ABURRA SUR","276691","2024/09/02","ACTIVA","2025/03/27","2025","","",""
"OXXO ESMERALDAL","ABURRA SUR","273203","2024/05/09","ACTIVA","2025/03/27","2025","6.1730065","-75.5687435","Cl. 27 Sur #2754, Montiel II, Envigado, Antioquia, Colombia"
"OXXO SANTA MARIA NO 1","ABURRA SUR","274076","2024/06/11","CANCELADA","2024/06/11","2024","","",""
"OXXO TERRAZINO SUR","ABURRA SUR","278921","2024/11/14","ACTIVA","2025/03/27","2025","6.1602228","-75.6017062","Cra. 43A #49D Sur-68 Local 3, Zona 7, Envigado, Antioquia, Colombia"
"OXXO SABANETA CARMELO","ABURRA SUR","274075","2024/06/11","ACTIVA","2025/03/27","2025","6.1520623","-75.61179899999999","Cra. 43A #65 sur 146, Alto Las Flores, Medellín, Sabaneta, Antioquia, Colombia"
"OXXO NUEVA CALLE","ABURRA SUR","278955","2024/11/15","ACTIVA","2025/03/27","2025","","",""
"OXXO PARQUE FUNDADORES","ARMENIA","274718","2023/10/26","ACTIVA","2025/03/27","2025","","",""
"OXXO LA FOGATA","ARMENIA","274717","2023/10/26","ACTIVA","2025/03/27","2025","","",""
"OXXO PROFESIONALES","ARMENIA","272033","2023/06/26","CANCELADA","2024/03/22","2024","","",""
"OXXO BOLIVAR","ARMENIA","271343","2023/05/26","ACTIVA","2025/03/27","2025","","",""
"OXXO PRIVILEGIO","ARMENIA","279772","2024/05/15","CANCELADA","2024/05/15","2024","","",""
"OXXO CARRERA 14","ARMENIA","273771","2023/09/11","ACTIVA","2025/03/27","2025","4.5463339","-75.6623456","Cl. 2 Nte. #14 - 8, Armenia, Quindío, Colombia"
"OXXO ESQUINA LAURELES","ARMENIA","280334","2024/06/04","ACTIVA","2025/03/27","2025","4.560110799999999","-75.6556648","Cl. 22 Nte. #15 - 7, Armenia, Quindío, Colombia"
"OXXO VERANERA","ARMENIA","284617","2024/12/26","ACTIVA","2025/03/27","2025","4.5314228","-75.6945202","Cl. 30 #15, Armenia, Quindío, Colombia"
"OXXO LOS ARCES","ARMENIA","274184","2023/09/29","ACTIVA","2025/03/27","2025","","",""
"OXXO ALTAVISTA","ARMENIA","277079","2024/02/19","ACTIVA","2025/03/27","2025","4.5326872","-75.6720086","Cra. 12 #18-30, Armenia, Quindío, Colombia"
"OXXO PORTAL QUINDIO","ARMENIA","280591","2024/06/14","ACTIVA","2025/03/27","2025","4.5574353","-75.65616360000001","Cra. 14 #18n69, Armenia, Quindío, Colombia"
"OXXO MALL ZONA ORO","ARMENIA","275862","2024/01/11","ACTIVA","2025/03/27","2025","4.575275299999999","-75.6447854","Armenia, Quindío, Colombia"
"OXXO BANCA","ARMENIA","279346","2024/04/29","ACTIVA","2025/03/27","2025","","",""
"OXXO AQUAZUL","ARMENIA","282876","2024/09/11","ACTIVA","2025/03/27","2025","4.5616832","-75.6578552","Cra. 19 #24 NORTE 09, Armenia, Quindío, Colombia"
"OXXO EDS GALAN","ARMENIA","280335","2024/06/04","ACTIVA","2025/03/27","2025","4.5428551","-75.66704469999999","Cra. 19 #3-81, Armenia, Quindío, Colombia"
"OXXO FORESTA NORTE","ARMENIA","276973","2024/02/14","ACTIVA","2025/03/27","2025","4.5684406","-75.6507244","Cra. 19 #35 Norte-859 a 35 Norte-625, Armenia, Quindío, Colombia"
"OXXO CENTENARIO MALL","ARMENIA","275217","2023/11/27","ACTIVA","2025/03/27","2025","4.5359546","-75.66337349999999","Cra. 6 #7 - 05, Armenia, Quindío, Colombia"
"OXXO LA 50","BARRANCABERMEJA","139566","2024/04/01","ACTIVA","2025/03/27","2025","7.0602996","-73.85428910000002","Cl. 50 #24-12, Barrancabermeja, Santander, Colombia"
"OXXO LA VIDA","BARRANCABERMEJA","139877","2024/04/18","ACTIVA","2025/04/02","2025","","",""
"OXXO VIA FERROCARRIL","BARRANCABERMEJA","139433","2024/03/20","ACTIVA","2025/03/27","2025","","",""
"OXXO MEDICAL TOWER","BARRANQUILLA","905533","2024/12/26","ACTIVA","2025/03/27","2025","","",""
"OXXO TORRE ATLANTICA","BARRANQUILLA","887179","2024/03/06","ACTIVA","2025/03/27","2025","11.0053572","-74.8102248","Cra. 53 #80 - 198, Nte. Centro Historico, Barranquilla, Atlántico, Colombia"
"OXXO SERVICAMPESTRE","BARRANQUILLA","883798","2024/01/16","ACTIVA","2025/03/27","2025","11.0161619","-74.8467695","2583+85, Sabanilla Montecarmelo, Barranquilla, Atlántico, Colombia"
"OXXO METROPOLIS","BARRANQUILLA","885544","2024/02/13","ACTIVA","2025/03/27","2025","10.9982275","-74.819906","Av. 20 de Julio #82 209, Nte. Centro Historico, Barranquilla, Atlántico, Colombia"
"OXXO DELICIAS 43","BARRANQUILLA","895930","2024/07/16","ACTIVA","2025/03/27","2025","10.9982275","-74.819906","Av. 20 de Julio #82 209, Nte. Centro Historico, Barranquilla, Atlántico, Colombia"
"OXXO EDS EL PARQUE","BARRANQUILLA","893431","2024/06/06","ACTIVA","2025/03/27","2025","","",""
"OXXO PLAZA DE LA PAZ","BARRANQUILLA","904966","2024/12/10","ACTIVA","2025/03/27","2025","10.9872411","-74.7899146","Cl. 53 #45, Nte. Centro Historico, Barranquilla, Atlántico, Colombia"
"OXXO SURISALCEDO","BARRANQUILLA","903525","2024/11/14","ACTIVA","2025/03/27","2025","10.9941863","-74.8029957","Cl. 70 #47-23, Nte. Centro Historico, Barranquilla, Atlántico, Colombia"
"OXXO FRUTERA","BARRANQUILLA","890236","2024/04/17","ACTIVA","2025/03/27","2025","","",""
"OXXO REGISTRADURIA 58","BARRANQUILLA","904216","2024/11/26","ACTIVA","2025/03/27","2025","","",""
"OXXO LA CONCEPCION","BARRANQUILLA","891825","2024/05/09","ACTIVA","2025/03/27","2025","","",""
"OXXO PLATINUM 47","BARRANQUILLA","893485","2024/06/06","ACTIVA","2025/03/27","2025","","",""
"OXXO BATALLON PARAISO","BARRANQUILLA","903879","2024/11/20","ACTIVA","2025/03/27","2025","11.0138046","-74.8057822","Cl. 80 #68-08, Riomar, Barranquilla, Atlántico, Colombia"
"OXXO EDS PARAISO","BARRANQUILLA","893453","2024/06/06","ACTIVA","2025/03/27","2025","10.9835238","-74.7871522","Cl. 47 #43-48, Nte. Centro Historico, Barranquilla, Atlántico, Colombia"
"OXXO BARCELONA PLAZA","BARRANQUILLA","893434","2024/06/06","ACTIVA","2025/03/27","2025","10.9982275","-74.819906","Av. 20 de Julio #82 209, Nte. Centro Historico, Barranquilla, Atlántico, Colombia"
"OXXO ALTOS DE RIOMAR","BARRANQUILLA","888577","2024/03/26","ACTIVA","2025/03/27","2025","11.020305","-74.8214982","Cl. 98 #65 Esquina Local 3, Riomar, Barranquilla, Atlántico, Colombia"
"OXXO EDS VIA AL MAR","BARRANQUILLA","895914","2024/07/16","ACTIVA","2025/03/27","2025","","",""
"OXXO LUXURY BUENAVISTA","BARRANQUILLA","890181","2024/04/16","ACTIVA","2025/03/27","2025","","",""
"OXXO RIO ALTO","BARRANQUILLA","898995","2024/09/03","ACTIVA","2025/03/27","2025","11.020305","-74.8214982","Cl. 98 #65 Esquina Local 3, Riomar, Barranquilla, Atlántico, Colombia"
"OXXO EDS EL LIMON","BARRANQUILLA","886783","2024/02/28","ACTIVA","2025/03/27","2025","","",""
"OXXO LA 21","BARRANQUILLA","891819","2024/05/08","ACTIVA","2025/03/27","2025","10.9687072","-74.8048463","Cra 21B #63-50, Suroccidente, Barranquilla, Atlántico, Colombia"
"OXXO GARTEN PARK 93","BARRANQUILLA","904327","2024/11/28","ACTIVA","2025/03/27","2025","","",""
"OXXO PRADOMAR","BARRANQUILLA","902251","2024/10/24","ACTIVA","2025/03/27","2025","","",""
"OXXO AMERICANO","BARRANQUILLA","900135","2024/09/20","ACTIVA","2025/03/27","2025","10.9864443","-74.8150522","Cra. 38 #74-284, Las Mercedes, Barranquilla, Atlántico, Colombia"
"OXXO DISTRITO 90","BARRANQUILLA","883776","2024/01/18","ACTIVA","2025/03/27","2025","11.0034585","-74.8247762","Cra. 46 #90-17, Barranquilla, Atlántico, Colombia"
"OXXO NAXOS","BARRANQUILLA","903271","2024/11/08","ACTIVA","2025/03/27","2025","","",""
"OXXO ROMELIO 74","BARRANQUILLA","903292","2024/11/08","ACTIVA","2025/03/27","2025","10.9982275","-74.819906","Av. 20 de Julio #82 209, Nte. Centro Historico, Barranquilla, Atlántico, Colombia"
"OXXO ALTO PRADO 49C","BARRANQUILLA","902249","2024/10/24","ACTIVA","2025/03/27","2025","11.0005754","-74.8082884","Cra. 50 #76-10, Nte. Centro Historico, Barranquilla, Atlántico, Colombia"
"OXXO ALTO PRADO 76","BARRANQUILLA","901699","2024/10/15","ACTIVA","2025/03/27","2025","11.0005754","-74.8082884","Cra. 50 #76-10, Nte. Centro Historico, Barranquilla, Atlántico, Colombia"
"OXXO LE CHAMP","BARRANQUILLA","898569","2024/08/27","ACTIVA","2025/03/27","2025","11.0186226","-74.8647123","Cra. 51B #135, Sabanilla Montecarmelo, Barranquilla, Puerto Colombia, Atlántico, Colombia"
"OXXO BLUE GARDENS","BARRANQUILLA","902801","2024/10/31","ACTIVA","2025/03/27","2025","11.016152","-74.8311569","Cra. 53 #100-50, Riomar, Barranquilla, Atlántico, Colombia"
"OXXO VIEJO PRADO","BARRANQUILLA","903272","2024/11/08","ACTIVA","2025/03/27","2025","10.9928984","-74.7935047","Cra. 53 #60-86, Nte. Centro Historico, Barranquilla, Atlántico, Colombia"
"OXXO VILLA COUNTRY","BARRANQUILLA","895123","2024/07/03","ACTIVA","2025/03/27","2025","11.0067456","-74.80292659999999","Cra. 59b #77-151, Nte. Centro Historico, Barranquilla, Atlántico, Colombia"
"OXXO EDS SAN ANTONIO","BARRANQUILLA","883567","2024/01/16","ACTIVA","2025/03/27","2025","","",""
"OXXO MEGA PLAZA","BARRANQUILLA","893487","2024/06/06","ACTIVA","2025/03/27","2025","","",""
"OXXO PLAZA MAYOR","BARRANQUILLA","883563","2024/01/16","ACTIVA","2025/03/27","2025","11.0047264","-74.8143834","Nte. Plaza mayor, Cl. 82 #51B-11, Nte. Centro Historico, Barranquilla, Atlántico, Colombia"
"OXXO PREMIUM PLAZA","BARRANQUILLA","890178","2024/04/16","ACTIVA","2025/03/27","2025","","",""
"OXXO EDS PAPIOS PARK 2","BARRANQUILLA","891824","2024/05/08","ACTIVA","2025/03/27","2025","","",""
"OXXO EDS PORVENIR","BARRANQUILLA","893432","2024/06/06","ACTIVA","2025/03/27","2025","","",""
"OXXO ZOOLOGICO","BARRANQUILLA","902242","2024/10/24","ACTIVA","2025/03/27","2025","","",""
"OXXO LA CORONA","BOGOTA","3759951","2023/12/12","ACTIVA","2025/03/20","2025","4.670970231325083","-74.06604991963738","Cra. 28a # 79-2, Barrios Unidos, Bogotá, D.C., Bogotá, Bogotá, D.C., Colombia"
"OXXO PALMA REAL 28","BOGOTA","3967909","2025/05/28","ACTIVA","2025/05/28","2025","4.615013591516589","-74.06954100086796","Cra. 10 #27-75, Bogotá"
"OXXO SAN ANDRESITO","BOGOTA","2149863","2011/10/12","CANCELADA","2016/03/31","2016","4.6162633283352745","-74.10150543335578","# a 37a-98,, Cl. 10 Sur #372, Bogotá, Colombia"
"OXXO EL DORADO","BOGOTA","2751152","2016/11/02","ACTIVA","2025/03/20","2025","4.6578174","-74.10772109999999","#52 a 98, Cra 69, Bogotá, Colombia"
"OXXO FIESTA SUBA","BOGOTA","3802084","2024/03/27","ACTIVA","2025/03/20","2025","4.7451173","-74.0933366","101, Ac 145 #56, Bogotá, Colombia"
"OXXO SANTA MARGARITA","BOGOTA","2281811","2012/12/20","ACTIVA","2025/03/20","2025","4.693008499999999","-74.0566394","104 A, Autonorte #73, Suba, Bogotá, Colombia"
"OXXO BOYACÁ 53","BOGOTA","3736957","2023/09/29","ACTIVA","2025/03/20","2025","4.6716542","-74.106886","13 Boyacá #53, Bogotá, Colombia"
"OXXO QUIRIGUA","BOGOTA","3197709","2019/12/13","ACTIVA","2025/03/20","2025","4.7064388","-74.1073495","20, Tv. 94 #80, Bogotá, Colombia"
"OXXO QUIROGA","BOGOTA","2338271","2013/07/05","ACTIVA","2025/03/20","2025","4.581015499999999","-74.1151776","33, Cl. 32 Sur #23, Tunjuelito, Bogotá, Colombia"
"OXXO ALSACIA","BOGOTA","3467697","2022/01/13","ACTIVA","2025/03/20","2025","4.6481625","-74.1349474","401A07_Ciudad, Bogotá, Colombia"
"OXXO BRITALIA","BOGOTA","3392129","2021/06/24","ACTIVA","2025/03/20","2025","4.618666187311806","-74.16958426178842","48a Sur-9, Cra. 80, Bogotá"
"OXXO RINCON DE LOS ANDES","BOGOTA","3757234","2023/11/29","ACTIVA","2025/03/20","2025","4.687544","-74.0649595","50, Cra. 60 #98A, Bogotá, Colombia"
"OXXO EDS VIA SOPO","BOGOTA","3601229","2022/10/27","ACTIVA","2025/03/20","2025","4.920479299999999","-73.9479855","50C, Sopo, Cundinamarca, Colombia"
"OXXO BOSA LOS NARANJOS","BOGOTA","3678688","2023/05/10","ACTIVA","2025/03/20","2025","4.6048265","-74.1962428","71d Sur-3, Cra. 79, Bogotá, Colombia"
"OXXO PASEO SEVILLA","BOGOTA","3753392","2023/11/16","ACTIVA","2025/03/20","2025","4.643848699999999","-74.1535162","AV. C. de Cali, Cl. 6d, Kennedy, Bogotá, Colombia"
"OXXO BOSA MARYLAND","BOGOTA","3851534","2024/07/29","ACTIVA","2025/03/20","2025","4.6121682","-74.2013168","AV. C. de Cali, Cra. 81f, Bosa, Bogotá, Colombia"
"OXXO CHICO 100 CON 11","BOGOTA","3609637","2022/11/22","ACTIVA","2025/03/20","2025","4.6822006","-74.0433493","Ac 100 #10-59, Bogotá, Colombia"
"OXXO CALLE 116","BOGOTA","3297967","2020/10/16","ACTIVA","2025/03/20","2025","4.6981405","-74.0473952","Ac 116 #17a-30, Usaquén, Bogotá, Colombia"
"OXXO PUENTE 116","BOGOTA","3392127","2021/06/24","ACTIVA","2025/03/20","2025","4.699392","-74.0532276","Ac 116 #22-34, Bogotá, Colombia"
"OXXO GRADECO","BOGOTA","3476457","2022/01/31","ACTIVA","2025/03/20","2025","4.7043533","-74.0417006","Ac 127 #14-54, Bogotá, Colombia"
"OXXO ACOMEDICA 2","BOGOTA","3505978","2022/03/28","ACTIVA","2025/03/20","2025","4.7061614","-74.05006019999999","Ac 127 #19A-44, Bogotá, Colombia"
"OXXO NORMANDIA 53","BOGOTA","3866294","2024/09/04","ACTIVA","2025/03/20","2025","4.669478799999999","-74.1052204","Ac 53 #70d-55, Bogotá, Colombia"
"OXXO ARRAYANES","BOGOTA","3709882","2023/07/26","ACTIVA","2025/03/20","2025","4.6804119","-74.1141635","Ac 53 #85g-4, Bogotá, Colombia"
"OXXO CALIMA","BOGOTA","3134873","2019/07/04","ACTIVA","2025/03/20","2025","4.667809850921188", "-74.05900159066076","Cra 19 #20 a 80, Chapinero, Bogotá, Cundinamarca"
"OXXO CALLE 138","BOGOTA","3451553","2021/11/08","ACTIVA","2025/03/20","2025","4.7274211","-74.06330369999999","Ac. 138 #57 -31, Bogotá, Colombia"
"OXXO CANCILLERIA","BOGOTA","3992668","2025/07/28","ACTIVA","2025/07/28","2025","","",""
"OXXO CATAMA","BOGOTA","3759934","2023/12/12","ACTIVA","2025/03/20","2025","4.329251519334162", "-74.38259896740793","Cl. 22 #44 – 73, Fusagasugá, La Serena, Fusagasugá, Cundinamarca"
"OXXO DEFENSORIA","BOGOTA","3920437","2025/02/12","ACTIVA","2025/02/12","2025","4.643499520677408","-74.06267861494707","Cl. 56 #7-36, Bogotá"
"OXXO ESCUELA GENERAL SANTANDER","BOGOTA","3920469","2025/02/12","ACTIVA","2025/02/12","2025","4.5954130927742085", "-74.12958345515933","Cra. 50c # 41-43, Puente Aranda, Bogotá, D.C., Bogotá, Bogotá, D.C."
"OXXO IKARA","BOGOTA","3983323","2025/07/08","ACTIVA","2025/07/08","2025","","",""
"OXXO MIDTOWN","BOGOTA","3596647","2022/10/15","ACTIVA","2025/03/20","2025","4.9109532","-74.0302036","Cra. 6 #4-65, Cajicá, Cundinamarca, Colombia"
"OXXO MODELO NORTE","BOGOTA","3855534","2024/08/08","ACTIVA","2025/03/20","2025","4.6612932","-74.0811279","Cl. 64a #52-7, Bogotá, Colombia"
"OXXO MONTES","BOGOTA","3889977","2024/11/08","ACTIVA","2025/03/20","2025","4.611543455916014", "-74.11406757240118","Cra. 41 #2B-05, Puente Aranda, Bogotá"
"OXXO OPTIMUS","BOGOTA","3958564","2025/05/06","ACTIVA","2025/05/06","2025","4.687234167605708","-74.12713298567743","Ac. 26 #96j-66, Bogotá"
"OXXO ZONA IN","BOGOTA","3230551","2020/03/06","ACTIVA","2025/03/20","2025","4.634637608599539","-74.11612972943719","Cl. 13 #65B7, Bogotá"
"OXXO MODELIA 24","BOGOTA","3469294","2022/01/17","ACTIVA","2025/03/20","2025","4.6654262","-74.1190652","Ac. 24 #74-4, Bogotá, Colombia"
"OXXO ELEMENTO","BOGOTA","3284666","2020/09/15","ACTIVA","2025/03/20","2025","4.659375900000001","-74.1061915","Ac. 26 #69-76, Bogotá, Colombia"
"OXXO CALLE 85","BOGOTA","3886440","2024/10/28","ACTIVA","2025/03/20","2025","4.6696133","-74.05475170000001","Ac. 85, Bogotá, Colombia"
"OXXO SANTA BARBARA CR 7","BOGOTA","3868752","2024/09/11","ACTIVA","2025/03/20","2025","4.7004892","-74.0288954","Ak 7 #124-93, Usaquén, Bogotá, Cundinamarca, Colombia"
"OXXO RESERVA DEL CEDRO","BOGOTA","3822896","2024/05/20","ACTIVA","2025/03/20","2025","4.7285334","-74.02454469999999","Ak 7 #153 - 85, Bogotá, Colombia"
"OXXO CALLE 45","BOGOTA","3468178","2022/01/13","ACTIVA","2025/03/20","2025","4.63850385460297","-74.07893676322703","Ave Cra 30 # 48-30, Teusaquillo, Bogotá, D.C., Bogotá, Bogotá, D.C."
"OXXO JAVERIANA","BOGOTA","2119831","2011/07/12","ACTIVA","2025/03/20","2025","4.6287397","-74.065196","7, Ak 7 #41, Bogotá, Colombia"
"OXXO PORTAL JAVERIANA","BOGOTA","3513267","2022/04/09","ACTIVA","2025/03/20","2025","4.6316523","-74.06399379999999","Ak 7 #45 10, Chapinero, Bogotá, Cundinamarca, Colombia"
"OXXO SEPTIMA 49","BOGOTA","3802076","2024/03/27","ACTIVA","2025/03/20","2025","4.6360582","-74.0635504","Ak 7 #48-32, Chapinero, Bogotá, Colombia"
"OXXO CASTILLO 72","BOGOTA","3895660","2024/11/28","ACTIVA","2025/03/20","2025","4.659679370094742","-74.05504528836246","Ak 7 #72-48, Bogotá"
"OXXO UNIQUE","BOGOTA","3938155","2025/03/19","ACTIVA","2025/03/19","2025","4.6858426","-74.0472027","Cra. 9 #100-77, Usaquén, Bogotá, Cundinamarca, Colombia"
"OXXO JAZMIN","BOGOTA","3756475","2023/11/27","ACTIVA","2025/03/20","2025","4.6081044","-74.1184507","Ak. 50, Bogotá, Colombia"
"OXXO VILLA DEL RIO","BOGOTA","3757239","2023/11/29","ACTIVA","2025/03/20","2025","4.599841","-74.16178699999999","Ak. 71b #22, Bogotá, Colombia"
"OXXO AUTONORTE 100","BOGOTA","3564924","2022/08/04","ACTIVA","2025/03/20","2025","4.6877076","-74.0565195","Auto. Norte #100-34, Bogotá, Colombia"
"OXXO PEPE SIERRA","BOGOTA","3001843","2018/08/22","ACTIVA","2025/03/20","2025","4.6983089","-74.0548089","Auto. Norte #114-44, Bogotá, Colombia"
"OXXO HEROES","BOGOTA","2040054","2010/10/29","ACTIVA","2025/03/20","2025","4.6647089","-74.06062969999999","Autopista Nte. #7627, Bogotá, Colombia"
"OXXO EDS HERGOS","BOGOTA","3662213","2023/04/03","ACTIVA","2025/03/20","2025","4.6980363","-74.1050238","Av Ciudad de Cali #3943, Bogotá, Colombia"
"OXXO TRANSMIHEROES","BOGOTA","3542627","2022/06/13","ACTIVA","2025/03/20","2025","4.6677346","-74.0595726","Av Cl 80 #19-39, Bogotá, Colombia"
"OXXO PRIMAVERA","BOGOTA","1938539","2009/10/15","ACTIVA","2025/03/20","2025","4.70458","-74.103408","Av Cl 80 #40, Bogotá, Colombia"
"OXXO MINUTO 80","BOGOTA","3684882","2023/05/25","ACTIVA","2025/03/20","2025","4.6972339","-74.0920417","Av Cl 80 #74a-20, Bogotá, Colombia"
"OXXO PALOQUEMAO","BOGOTA","2040053","2010/10/29","ACTIVA","2025/03/20","2025","4.6175902","-74.0884538","Av NQS #18A-56, Los Mártires, Bogotá, Colombia"
"OXXO CALATRAVA","BOGOTA","2171836","2012/01/18","ACTIVA","2025/03/20","2025","4.714033","-74.073064","Av Suba #69S97, Bogotá, Colombia"
"OXXO AVENIDA CONSTITUCION","BOGOTA","3761285","2023/12/20","ACTIVA","2025/03/20","2025","4.6926199","-74.07725359999999","Av de la Constitución #4, Bogotá, Colombia"
"OXXO MORATO","BOGOTA","2751168","2016/11/02","ACTIVA","2025/03/20","2025","4.698627500000001","-74.07191499999999","Cl 112 #6 a 38, Bogotá, Colombia"
"OXXO 1ERO DE MAYO","BOGOTA","3150639","2019/08/09","ACTIVA","2025/03/20","2025","4.576120599999999","-74.0946252","Av. 1 de Mayo #10-22, Bogotá, Colombia"
"OXXO PRIMERA 27","BOGOTA","3698754","2023/06/28","ACTIVA","2025/03/20","2025","4.5892336","-74.1092547","Av. 1 de Mayo #27-41, Bogotá, Colombia"
"OXXO VARGAS AV 68","BOGOTA","3554902","2022/07/13","ACTIVA","2025/03/20","2025","4.6751836718227","-74.08709723295198","Av. 68 #67c-80, Bogotá"
"OXXO BARRIOS UNIDOS CRA 68","BOGOTA","3888355","2024/11/02","ACTIVA","2025/03/20","2025","4.689541449046923","-74.06943647708198","Ac 100 #64-35, Barrios Unidos, Bogotá, Cundinamarca"
"OXXO EDS AVENIDA 68","BOGOTA","3928416","2025/02/27","ACTIVA","2025/02/27","2025","4.6875652","-74.07521009999999","Av. 68 #95-85, Suba, Bogotá, Cundinamarca, Colombia"
"OXXO ROJAS","BOGOTA","3513263","2022/04/09","ACTIVA","2025/03/20","2025","4.6720294","-74.0999851","Av. 70 #63 A-54, Bogotá, Colombia"
"OXXO ESTRADA","BOGOTA","3542624","2022/06/13","ACTIVA","2025/03/20","2025","4.6755698","-74.0972165","Av. 70 #64g, Bogotá, Colombia"
"OXXO EDS CARVAJAL","BOGOTA","3662184","2023/04/03","ACTIVA","2025/03/20","2025","4.6106786","-74.1415248","Av. Boyacá #37d Sur-21, Bogotá, Colombia"
"OXXO CLUB POLICIA COLINA","BOGOTA","3855553","2024/08/08","ACTIVA","2025/03/20","2025","4.7332914","-74.0675407","Av. Boyacá #55 No 142a, Bogotá, Colombia"
"OXXO MIRADOR DE PONTEVEDRA","BOGOTA","3588657","2022/09/27","ACTIVA","2025/03/20","2025","4.696250000000001","-74.0842167","Av. Boyacá #93-72, Bogotá, Colombia"
"OXXO COLON","BOGOTA","2459173","2014/05/28","CANCELADA","2016/03/31","2016","","",""
"OXXO ESTACION RICAURTE","BOGOTA","3662195","2023/04/03","ACTIVA","2025/03/20","2025","4.611831","-74.0895458","Av. Calle 13 #26-91, Bogotá, Colombia"
"OXXO CENTRIK VIEW","BOGOTA","3759377","2023/12/11","ACTIVA","2025/03/20","2025","4.620130899999999","-74.0980991","Av. Calle 13 #Kr 38, Puente Aranda, Bogotá, Colombia"
"OXXO LUNA PARK","BOGOTA","3662206","2023/04/03","ACTIVA","2025/03/20","2025","4.585916999999999","-74.0945395","Av Caracas #10-73 sur, Antonio Nariño, Bogotá, Colombia"
"OXXO INFINITUM","BOGOTA","3580574","2022/09/08","ACTIVA","2025/03/20","2025","4.6455046","-74.0652051","Av Caracas #58-62, Bogotá, Colombia"
"OXXO PORVENIR 72","BOGOTA","3812912","2024/04/23","ACTIVA","2025/03/20","2025","4.6810553","-74.0891424","Av. Chile #69 - 35, Bogotá, Colombia"
"OXXO CALLE 19","BOGOTA","2380582","2013/10/24","ACTIVA","2025/03/20","2025","4.604966999999999","-74.0713572","Av. Ciudad de Lima #35 #6, Bogotá, Colombia"
"OXXO FRANCO 19","BOGOTA","3948032","2025/04/08","ACTIVA","2025/04/08","2025","","",""
"OXXO CONCEJO","BOGOTA","3568869","2022/08/12","ACTIVA","2025/03/20","2025","4.626174970128607","-74.08008823651147","Av. El Dorado #29a-62, Bogotá"
"OXXO DORADO PLAZA","BOGOTA","3226147","2020/02/27","ACTIVA","2025/03/20","2025","4.6765764","-74.119252","Av. El Dorado #85d-55, Bogotá, Colombia"
"OXXO QUINTA PAREDES","BOGOTA","3411980","2021/08/11","ACTIVA","2025/03/20","2025","4.630862899999999","-74.0930192","Av. La Esperanza #40-11, Bogotá, Colombia"
"OXXO AV PRADILLA","BOGOTA","3514131","2022/04/12","ACTIVA","2025/03/20","2025","4.865371500000001","-74.0388998","Av. Pradilla, Chía, Cundinamarca, Colombia"
"OXXO EDS VERAGUAS","BOGOTA","3778075","2024/02/06","ACTIVA","2025/03/20","2025","4.603177415822563", "-74.10124963059566","Ave Cra 30 #2-18, Bogotá"
"OXXO CALLE 48","BOGOTA","3698760","2023/06/28","ACTIVA","2025/03/20","2025","4.6385714","-74.0786967","Ave Cra 30 #48-30, Bogotá, Colombia"
"OXXO ARRECIFE","BOGOTA","3938153","2025/03/19","ACTIVA","2025/03/19","2025","4.6615646","-74.1099552","Hotel Holiday Inn, Ac. 26 #69D-91, Bogotá, Colombia"
"OXXO BRITANIA","BOGOTA","1923870","2009/08/21","ACTIVA","2025/03/20","2025","4.7222134","-74.06681460000001","Avenida 58 #131a-46, Bogotá, Colombia"
"OXXO BURO 24 II","BOGOTA","3839103","2024/06/28","ACTIVA","2025/03/20","2025","4.672437503397389", "-74.12629075687718","Ac. 24 #86-49, Bogotá"
"OXXO GLOBAL CENTER","BOGOTA","3958577","2025/05/06","ACTIVA","2025/05/06","2025","","",""
"OXXO HOSPITAL REGIONAL","BOGOTA","3851537","2024/07/29","ACTIVA","2024/07/29","2024","5.015346699999999","-74.0023372","Cra. 15 #1-136, Zipaquirá, Cundinamarca, Colombia"
"OXXO LA RIVIERA","BOGOTA","3882649","2024/10/18","ACTIVA","2025/03/20","2025","4.708406229340378", "-74.1294335452184","Cra. 111c #70B - 02, Bogotá"
"OXXO TIERRA GRATA","BOGOTA","3998842","2025/08/12","ACTIVA","2025/08/12","2025","","",""
"OXXO BELLA SUIZA 127","BOGOTA","3945983","2025/04/03","ACTIVA","2025/04/03","2025","4.70295704957593","-74.02979850411569","Ac 127 #7a-28, Bogotá"
"OXXO CENTRAL POINT","BOGOTA","3036379","2018/11/13","ACTIVA","2025/03/20","2025","4.6691594","-74.11397939999999","Bogotá, Colombia"
"OXXO CRA 24","BOGOTA","3451564","2021/11/08","ACTIVA","2025/03/20","2025","4.6365529486811266","-74.0751654999068","Cra. 24 #45b 45, Bogotá"
"OXXO GRECO","BOGOTA","3434216","2021/09/27","ACTIVA","2025/03/20","2025","4.655711","-74.1013182","Bogotá, Colombia"
"OXXO LOS ANDES","BOGOTA","3609633","2022/11/22","ACTIVA","2025/03/20","2025","4.690985599999999","-74.0675691","Cra. 64 # 103-6, Suba, Bogotá, D.C., Bogotá, Bogotá, D.C."
"OXXO NORTH POINT","BOGOTA","3198752","2019/12/20","ACTIVA","2025/03/20","2025","4.7317034","-74.0234941","Bogotá, Colombia"
"OXXO SANTO TOMAS","BOGOTA","3024929","2018/10/12","ACTIVA","2025/03/20","2025","4.6382901","-74.0655057","Bogotá, Colombia"
"OXXO SAUZALITO","BOGOTA","3121471","2019/06/04","ACTIVA","2025/03/20","2025","4.6546325","-74.1119255","Bogotá, Colombia"
"OXXO TIBANA OPORTO","BOGOTA","3756477","2023/11/27","ACTIVA","2025/03/20","2025","4.6095013","-74.1083517","Bogotá, Colombia"
"OXXO TORRE CIEN","BOGOTA","3182980","2019/10/23","ACTIVA","2025/03/20","2025","4.683055511204735","-74.04492232037276","Ac 100 #11b - 01, Bogotá"
"OXXO TORRE SAPIENCIA","BOGOTA","3798297","2024/03/19","ACTIVA","2025/03/20","2025","4.704775199999999","-74.05371579999999","Bogotá, Colombia"
"OXXO TORRE VIVA 26","BOGOTA","3094559","2019/04/03","ACTIVA","2025/03/20","2025","4.6735837","-74.11711389999999","Bogotá, Colombia"
"OXXO VILLAS 95 15","BOGOTA","3895015","2024/11/26","ACTIVA","2025/03/20","2025","4.680882299999999","-74.0501127","C/MARCA, Cl. 95 #15-09, Chapinero, Bogotá, Cundinamarca, Colombia"
"OXXO MILLA DE ORO","BOGOTA","3678685","2023/05/10","ACTIVA","2025/03/20","2025","4.8982449","-74.0321493","Cajicá, Cundinamarca, Colombia"
"OXXO CONNECTA 80","BOGOTA","3958566","2025/05/06","ACTIVA","2025/05/06","2025","4.6971076","-74.0870916","Calle 81 B con, Av. Boyacá, Bogotá, Colombia"
"OXXO TRES ESQUINAS","BOGOTA","3654712","2023/03/17","ACTIVA","2025/03/20","2025","4.8786619","-74.0382271","Chía, Cundinamarca, Colombia"
"OXXO ATABANZA","BOGOTA","3035196","2018/11/08","ACTIVA","2025/03/20","2025","4.7095169","-74.0624507","Cl 127 A #53A-45, Bogotá, Colombia"
"OXXO VALPARAISO 127","BOGOTA","3998844","2025/08/12","ACTIVA","2025/08/12","2025","4.7027432","-74.02979850000001","Ac 127 #7a-28, Bogotá, Colombia"
"OXXO 147","BOGOTA","2040045","2010/10/29","CANCELADA","2019/03/29","2019","4.7267963","-74.0348571","Cl 147 #12-01, Usaquén, Bogotá, Cundinamarca, Colombia"
"OXXO CEDRO","BOGOTA","2149862","2011/10/12","ACTIVA","2025/03/20","2025","4.7267963","-74.0348571","Cl 147 #12-01, Usaquén, Bogotá, Cundinamarca, Colombia"
"OXXO CEDRO EXPRESS 148","BOGOTA","3994551","2025/07/31","ACTIVA","2025/07/31","2025","","",""
"OXXO SOACHA BOCHICA","BOGOTA","3699577","2023/06/30","ACTIVA","2025/03/20","2025","4.578989","-74.21922359999999","Cl 15 #10-24, Soacha, Cundinamarca, Colombia"
"OXXO LA FRAGUA","BOGOTA","3828049","2024/05/31","ACTIVA","2025/03/20","2025","4.593960399999999","-74.1082545","Cl 17 Sur #29a49, Bogotá, Colombia"
"OXXO CALLE 34","BOGOTA","3513266","2022/04/09","ACTIVA","2025/03/20","2025","4.6235643","-74.0738269","Cl 34 #19, Teusaquillo, Bogotá, Cundinamarca, Colombia"
"OXXO 72 CARACAS","BOGOTA","3992661","2025/07/28","ACTIVA","2025/07/28","2025","4.658774","-74.061517","Cl 72 #14 - 33, Bogotá, Colombia"
"OXXO ALAMOS NORTE","BOGOTA","3601236","2022/10/27","ACTIVA","2025/03/20","2025","4.7044049","-74.1169594","Cl 72 #100b-28, Bogotá, Colombia"
"OXXO SANTA HELENITA","BOGOTA","2626008","2015/10/20","ACTIVA","2025/03/20","2025","4.691799899999999","-74.1010002","Cl 72 #10778, Bogotá, Colombia"
"OXXO BONANZA","BOGOTA","3568862","2022/08/12","ACTIVA","2025/03/20","2025","4.6845205","-74.0918615","Cl 72 #70-22, Bogotá, Colombia"
"OXXO SAN PATRICIO 106","BOGOTA","3554894","2022/07/13","ACTIVA","2025/03/20","2025","4.6908528","-74.0463549","Cl. 106 #15-52, Bogotá, Colombia"
"OXXO ESTACION 106","BOGOTA","3928533","2025/02/27","ACTIVA","2025/02/27","2025","4.6934129","-74.05558769999999","Cl. 106 #23-61, Bogotá, Colombia"
"OXXO LUSITANIA AV 68","BOGOTA","3736966","2023/09/29","ACTIVA","2025/03/20","2025","4.6342428","-74.12055870000002","Cl. 11 #68, Bogotá, Colombia"
"OXXO LA CANDELARIA","BOGOTA","2230345","2012/07/03","ACTIVA","2025/03/20","2025","4.5962426","-74.07231329999999","Cl. 11, Bogotá, Colombia"
"OXXO EMPRESARIAL SANTA BARBARA","BOGOTA","3888354","2024/11/02","ACTIVA","2025/03/20","2025","4.692934699999999","-74.0339503","Cl. 114 #9-01, Usaquén, Bogotá, Cundinamarca, Colombia"
"OXXO SAN VICTORINO","BOGOTA","3007543","2018/09/04","ACTIVA","2025/03/20","2025","4.6012601","-74.0781994","Cl. 12 #10-95 a 10, 1, Bogotá, Colombia"
"OXXO MULTICENTRO","BOGOTA","3159640","2019/08/29","ACTIVA","2025/03/20","2025","4.702159099999999","-74.0433243","Cl. 124, Bogotá, Colombia"
"OXXO VILLA RINCON","BOGOTA","3789140","2024/02/28","ACTIVA","2025/03/20","2025","4.726023303563574","-74.096054459935","Cl. 128c #95b40, Bogotá"
"OXXO PRADO 129","BOGOTA","3467684","2022/01/13","ACTIVA","2025/03/20","2025","4.716275","-74.0586758","Cl. 129 #52-26, Bogotá, Colombia"
"OXXO CENTRO COMERCIAL CARACAS","BOGOTA","3893094","2024/11/19","ACTIVA","2025/03/20","2025","","",""
"OXXO CENTRO CRA 7","BOGOTA","3035180","2018/11/08","ACTIVA","2025/03/20","2025","4.5998607","-74.07434549999999","Cl. 12b #6-99, Bogotá, Colombia"
"OXXO MAGDALENA","BOGOTA","2206294","2012/04/20","ACTIVA","2025/03/20","2025","4.6245276","-74.0678555","Cl. 13 #36, Bogotá, Colombia"
"OXXO EDS NOVOTECH","BOGOTA","3641462","2023/02/21","ACTIVA","2025/03/20","2025","4.768668","-74.16862619999999","La Isla, Tenjo, Cundinamarca, Colombia"
"OXXO EDS ZONA INDUSTRIAL","BOGOTA","3657120","2023/03/23","ACTIVA","2025/03/20","2025","4.6351358","-74.1146413","Cl. 13 #65-18, Bogotá, Colombia"
"OXXO ANTIGUA","BOGOTA","3771485","2024/01/24","ACTIVA","2025/03/20","2025","4.7143459","-74.0368392","Cl. 134 #11-10, Bogotá, Colombia"
"OXXO EDS COMERCIAL","BOGOTA","3771647","2024/01/24","ACTIVA","2025/03/20","2025","5.023432133181161","-74.00146746327921","Cra. 10 #5-84, Zipaquirá, Cundinamarca"
"OXXO EDS EL PIRE","BOGOTA","3709865","2023/07/26","ACTIVA","2025/03/20","2025","4.5709085","-74.22673379999999","Cra. 4 #47, Soacha, Cundinamarca, Colombia"
"OXXO EDS EL ROBLE","BOGOTA","3778077","2024/02/06","ACTIVA","2025/03/20","2025","","",""
"OXXO EDS ESTACION CENTRAL","BOGOTA","3698767","2023/06/28","ACTIVA","2025/03/20","2025","4.622358542157723","-74.09109537465679","Cra. 34 #1917, Puente Aranda, Bogotá"
"OXXO EDS IBERIA","BOGOTA","3528856","2022/05/16","ACTIVA","2025/03/20","2025","4.7198907","-74.0588791","Cl. 134 #53-51, Bogotá, Colombia"
"OXXO COSTA AZUL","BOGOTA","3411963","2021/08/11","ACTIVA","2025/03/20","2025","4.740114999999999","-74.0943705","Cl. 139 #10113, Bogotá, Colombia"
"OXXO VILLAMARIA","BOGOTA","3094575","2019/04/03","ACTIVA","2025/03/20","2025","4.7429286","-74.1024419","Cl. 139 #110b-29, Bogotá, Colombia"
"OXXO EL RINCON","BOGOTA","3411970","2021/08/11","ACTIVA","2025/03/20","2025","4.7385687","-74.0890594","Cl. 139 #95a30, Bogotá, Colombia"
"OXXO SIMCA","BOGOTA","3573763","2022/08/25","ACTIVA","2025/03/20","2025","4.8636853","-74.0612277","Cl. 14, Chía, Cundinamarca, Colombia"
"OXXO 140","BOGOTA","2037456","2010/10/21","ACTIVA","2025/03/20","2025","4.723955360726377","-74.04471655723002","Cra. 18 #140-27, Bogotá"
"OXXO CEDRITOS","BOGOTA","2119829","2011/07/12","ACTIVA","2025/03/20","2025","4.7209429","-74.03994829999999","Cl. 140 #13-06, Bogotá, Colombia"
"OXXO CONTADOR","BOGOTA","3916189","2025/02/04","ACTIVA","2025/02/04","2025","4.7187819","-74.0467692","Cra 19 #13476, Bogotá, Colombia"
"OXXO FERIA 140","BOGOTA","2149861","2011/10/12","CANCELADA","2019/03/29","2019","","",""
"OXXO SUBA NAVETAS","BOGOTA","3651707","2023/03/13","ACTIVA","2025/03/20","2025","4.744619399999999","-74.08956200000002","Cl. 147c #99 - 15, Bogotá, Colombia"
"OXXO SUBA 151","BOGOTA","3458214","2021/11/25","ACTIVA","2025/03/20","2025","4.7480218","-74.0856043","Cl. 151 #94, Suba, Bogotá, Colombia"
"OXXO IMPERIAL","BOGOTA","3756478","2023/11/27","ACTIVA","2025/03/20","2025","4.7519421","-74.0931303","Cl. 152 #152-35, Suba, Bogotá, Colombia"
"OXXO NATIONAL PARK","BOGOTA","3816583","2024/05/03","ACTIVA","2025/03/20","2025","4.622769267882575", "-74.06683907466844","Ak 7 #35-11, Bogotá"
"OXXO RESERVA DE COLINA","BOGOTA","3533282","2022/05/24","ACTIVA","2025/03/20","2025","4.7408854378453205","-74.0600292041154"1,"Cl. 153 #56-90, Suba, Bogotá"
"OXXO ESTRELLA NORTE","BOGOTA","3577988","2022/09/02","ACTIVA","2025/03/20","2025","4.7413192","-74.0457842","Cl. 161 #21 - 09, Bogotá, Colombia"
"OXXO LA ESTRELLA 1","BOGOTA","3513265","2022/04/09","ACTIVA","2025/03/20","2025","4.626865044655052","-74.07433298376046","Cl 34 #19, Teusaquillo, Bogotá, Cundinamarca"
"OXXO USAQUEN PLAZA","BOGOTA","3994549","2025/07/31","ACTIVA","2025/07/31","2025","4.6947237","-74.032468","Ak 7 #117-4, Bogotá, Colombia"
"OXXO JARDINES DEL ORIENTE","BOGOTA","3746986","2023/10/26","ACTIVA","2025/03/20","2025","4.7409303","-74.0410632","Cl. 161a #17-07, Bogotá, Colombia"
"OXXO PARALELA MEDICO","BOGOTA","3958578","2025/05/06","ACTIVA","2025/05/06","2025","4.744439499999999","-74.0470574","Cl. 163a #22-80, Usaquén, Bogotá, D.C, Bogotá, Colombia"
"OXXO BARCELONA","BOGOTA","3468905","2022/01/17","ACTIVA","2025/03/20","2025","4.865596356537641","-74.03892905860356","Av. Pradilla, Chía, Cundinamarca"
"OXXO BRITALIA NORTE","BOGOTA","3832641","2024/06/13","ACTIVA","2025/03/20","2025","4.7455767","-74.05035579999999","Cl. 163b #48 - 80, Bogotá, Colombia"
"OXXO PIJAO","BOGOTA","3980617","2025/07/01","ACTIVA","2025/07/01","2025","","",""
"OXXO URBAN 165","BOGOTA","3880521","2024/10/11","ACTIVA","2025/03/20","2025","4.7464549","-74.0483248","Cl. 165 #45-46, Bogotá, Colombia"
"OXXO CALLE 166","BOGOTA","3513264","2022/04/09","ACTIVA","2025/03/20","2025","4.7457167","-74.0399012","Cra. 17 #166-08, Usaquén, Bogotá, Cundinamarca, Colombia"
"OXXO TOBERIN CENTRO","BOGOTA","2040050","2010/10/29","ACTIVA","2025/03/20","2025","4.746781599999999","-74.04424399999999","Cl. 166 #20-72, Usaquén, Bogotá, Cundinamarca, Colombia"
"OXXO LA LAGUNA","BOGOTA","3444113","2021/10/19","ACTIVA","2025/03/20","2025","4.6715861","-74.1479288","Cl. 16h #100-03, Bogotá, Colombia"
"OXXO SOLUZONA","BOGOTA","3264426","2020/07/23","ACTIVA","2025/03/20","2025","4.639500099999999","-74.1157279","Cl. 17 #60-65, Puente Aranda, Bogotá, Cundinamarca, Colombia"
"OXXO VILLA PRADO","BOGOTA","3444123","2021/10/19","ACTIVA","2025/03/20","2025","4.7554302","-74.0543775","Cl. 173, Bogotá, Colombia"
"OXXO BAVIERA 174","BOGOTA","3533276","2022/05/24","ACTIVA","2025/03/20","2025","4.755760299999999","-74.05016049999999","Cl. 174 #51-04, Bogotá, Colombia"
"OXXO LA FELICIDAD 75","BOGOTA","3880720","2024/10/11","ACTIVA","2025/03/20","2025","4.6560674","-74.12496569999999","Cra. 75A #20, Bogotá, Colombia"
"OXXO MERIDIANO 13 DEL ESTE","BOGOTA","3807383","2024/04/10","ACTIVA","2025/03/20","2025","4.6537675","-74.1302383","Cl. 18 #77-51, Fontibón, Bogotá, Cundinamarca, Colombia"
"OXXO PLAZA RESTREPO","BOGOTA","3444114","2021/10/19","ACTIVA","2025/03/20","2025","4.586033","-74.1023948","Cl. 18 Sur #22-02, Bogotá, Colombia"
"OXXO TERRAZE 183","BOGOTA","3807396","2024/04/10","ACTIVA","2025/03/20","2025","4.760325799999999","-74.0299059","Cl. 183 #8A-71, Bogotá, Colombia"
"OXXO PARQUE RESTREPO","BOGOTA","3411976","2021/08/11","ACTIVA","2025/03/20","2025","4.5837651","-74.10159469999999","Cl. 19 Sur, Bogotá, Colombia"
"OXXO CAMINO DEL NORTE","BOGOTA","3453752","2021/11/12","ACTIVA","2025/03/20","2025","4.7698155","-74.0306663","Cl. 193 #8d-91, Bogotá, Colombia"
"OXXO EDS LAS AGUAS","BOGOTA","3698758","2023/06/28","ACTIVA","2025/03/20","2025","4.603932","-74.06716879999999","Cl 20 #226, Bogotá, Colombia"
"OXXO SEPTIMA NIEVES","BOGOTA","3182966","2019/10/23","ACTIVA","2025/03/20","2025","4.6069885","-74.07093200000001","Cl. 21 #6-99 a 6-97, Bogotá, Colombia"
"OXXO TADEO","BOGOTA","3873094","2024/09/23","ACTIVA","2025/03/20","2025","4.6072684","-74.0673703","Cl. 23 #4-06, Bogotá, Colombia"
"OXXO MEDERI 24","BOGOTA","3958574","2025/05/06","ACTIVA","2025/05/06","2025","4.6228205","-74.08111029999999","Cl. 24 #27A-68, Los Mártires, Bogotá, D.C, Bogotá, Colombia"
"OXXO PASEO GRAN AMERICA","BOGOTA","3757246","2023/11/29","ACTIVA","2025/03/20","2025","4.626066799999999","-74.08624619999999","Cl. 24 #32-67, Bogotá, Colombia"
"OXXO 7-24","BOGOTA","3839128","2024/06/28","ACTIVA","2025/03/20","2025","4.6101924","-74.0707486","Cl. 24 #7-43, Bogotá, Colombia"
"OXXO SALITRE","BOGOTA","3528865","2022/05/16","ACTIVA","2025/03/20","2025","4.6725681777461165","-74.0998098878701","Cl. 63c #70-05, Engativá, Bogotá"
"OXXO PARQUE MODELIA","BOGOTA","3554886","2022/07/13","ACTIVA","2025/03/20","2025","4.6669603","-74.1190012","Cl. 24b #75-02, Bogotá, Colombia"
"OXXO KENNEDY CLL 26","BOGOTA","3385610","2021/06/08","ACTIVA","2025/03/20","2025","4.6246293","-74.1472473","Cl. 26 Sur #78-7, Bogotá, Colombia"
"OXXO COUNTRY SUR","BOGOTA","3816589","2024/05/03","ACTIVA","2025/03/20","2025","4.5723997","-74.098168","Cl. 27 Sur #10-02, Bogotá, Colombia"
"OXXO SANTIAGO PEREZ","BOGOTA","3746991","2023/10/26","ACTIVA","2025/03/20","2025","4.5845705","-74.10996659999999","Cl. 27 Sur #24-15, Bogotá, Colombia"
"OXXO TEUSAQUILLO 27-25","BOGOTA","3709869","2023/07/26","ACTIVA","2025/03/20","2025","4.6233376","-74.0765978","Cl. 27a #24-62, Bogotá, Colombia"
"OXXO JORGE GAITAN","BOGOTA","3739236","2023/10/05","ACTIVA","2025/03/20","2025","4.6091475","-74.1117009","Cl. 2b #39-7, Bogotá, Colombia"
"OXXO SEVILLA","BOGOTA","3855548","2024/08/08","ACTIVA","2025/03/20","2025","4.5894476","-74.0911327","Cl. 3 Sur #1382, Bogotá, Colombia"
"OXXO 73 KENNEDY","BOGOTA","3464569","2022/01/03","ACTIVA","2025/03/20","2025","4.6210096","-74.14736429999999","Cl. 35c Sur #73c-2 a 73c-48, Bogotá, Colombia"
"OXXO 78 KENNEDY","BOGOTA","3500854","2022/03/17","ACTIVA","2025/03/20","2025","4.6222216","-74.14995549999999","Cl. 36 Sur #78-37, Kennedy, Bogotá, Colombia"
"OXXO SAN ESTEBAN","BOGOTA","3632301","2023/02/02","ACTIVA","2025/03/20","2025","4.6021636","-74.1291117","Cl. 37 Sur #20, Bogotá, Colombia"
"OXXO AV. QUIMBAYA","BOGOTA","3753388","2023/11/16","ACTIVA","2025/03/20","2025","4.6080364","-74.1466372","Cl. 39b Sur #72j-45 local 33 34, Kennedy, Bogotá, Cundinamarca, Colombia"
"OXXO ZIPAQUIRA ESTACION DEL TREN","BOGOTA","3723821","2023/08/30","ACTIVA","2025/03/20","2025","5.021685199999999","-74.0016622","Cl. 4 #10-98, Zipaquirá, Cundinamarca, Colombia"
"OXXO KENNEDY CENTRAL","BOGOTA","3134868","2019/07/04","ACTIVA","2025/03/20","2025","4.6181056","-74.1530976","Cl. 40 Sur #73d, Bogotá, Colombia"
"OXXO KENNEDY SUR","BOGOTA","3641487","2023/02/21","ACTIVA","2025/03/20","2025","4.617997093485051","-74.1639764771329","Av. Cdad. de Villavicencio #36 78 L, Kennedy, Bogotá"
"OXXO TORRES DE TIMIZA","BOGOTA","3655758","2023/03/22","ACTIVA","2025/03/20","2025","4.6108554","-74.1582387","Cl. 42 Sur #74-30, Bogotá, Colombia"
"OXXO CALLE 44","BOGOTA","3365731","2021/04/13","ACTIVA","2025/03/20","2025","4.6466745","-74.09296599999999","Cl. 44, Bogotá, Colombia"
"OXXO MARSELLA 70","BOGOTA","3880669","2024/10/11","ACTIVA","2025/03/20","2025","4.6270903","-74.13202120000001","Cl. 5 #70A-43, Bogotá, Colombia"
"OXXO QUESADA 52","BOGOTA","3699583","2023/06/30","ACTIVA","2025/03/20","2025","4.6396372","-74.0673935","Cl. 52 #14-72, Bogotá, Colombia"
"OXXO ALFONSO LOPEZ","BOGOTA","3846649","2024/07/17","ACTIVA","2025/03/20","2025","4.635782799999999","-74.07516509999999","Cra. 24 #45b 45, Bogotá, Colombia"
"OXXO GALERIAS 28","BOGOTA","3741577","2023/10/11","ACTIVA","2025/03/20","2025","4.6416571","-74.0771661","Cl. 52a #27A-63, Bogotá, Colombia"
"OXXO PAULO VI","BOGOTA","3920444","2025/02/12","ACTIVA","2025/02/12","2025","4.649491241811377","-74.09009597047084","Cl. 53 #55-91, Bogotá"
"OXXO GALERIAS 53","BOGOTA","3464565","2022/01/03","ACTIVA","2025/03/20","2025","4.6414633","-74.0731325","Cl. 53 #79, Bogotá, Colombia"
"OXXO CALLE 57","BOGOTA","2712742","2016/07/22","CANCELADA","2019/03/29","2019","4.6443214316860795","-74.06507676926448","Ac. 57 #13-60, Bogotá"
"OXXO PALMAS","BOGOTA","2119832","2011/07/12","ACTIVA","2025/03/20","2025","4.6445348","-74.06773009999999","C. 56A #15A-13, Teusaquillo, Bogotá, Colombia"
"OXXO SAN LUIS","BOGOTA","3523579","2022/05/04","ACTIVA","2025/03/20","2025","4.645665","-74.0738337","Ac. 57 #26-12, Bogotá, Colombia"
"OXXO FEDERMAN","BOGOTA","3528859","2022/05/16","ACTIVA","2025/03/20","2025","4.648103","-74.0815992","Cl. 57b #36a-33 a 36a-1, Bogotá, Colombia"
"OXXO OLARTE","BOGOTA","3839059","2024/06/28","ACTIVA","2025/03/20","2025","4.599832775279507","-74.1669694752802","Cl. 57b Sur #8, Bogotá"
"OXXO CAJICA FONTANA COMERCIAL","BOGOTA","3669840","2023/04/20","ACTIVA","2025/03/20","2025","4.923630999999999","-74.0329697","Cl. 6 #14-65 Local 106, Cajicá, Cajicá, Cundinamarca, Colombia"
"OXXO GUATOQUE","BOGOTA","3513262","2022/04/09","ACTIVA","2025/03/20","2025","4.6047269","-74.0950526","Cl. 6 #26-74, Bogotá, Colombia"
"OXXO BONAVISTA","BOGOTA","2604035","2015/08/14","ACTIVA","2025/03/20","2025","4.5890966","-74.162379","Cl. 63 Sur #70b89, Bogotá, Colombia"
"OXXO SAN SEBASTIAN","BOGOTA","3467686","2022/01/13","ACTIVA","2025/03/20","2025","4.679785799999999","-74.1088912","Cl. 63b, Bogotá, Colombia"
"OXXO COSMOS 64","BOGOTA","1930656","2009/09/15","ACTIVA","2025/03/20","2025","4.650510400000001","-74.06324339999999","Cl. 64 #11-37, Chapinero, Bogotá, Cundinamarca, Colombia"
"OXXO CARACAS 64","BOGOTA","3866913","2024/09/06","ACTIVA","2025/03/20","2025","4.6515979","-74.064493","Cl. 64 #14-10, Barrios Unidos, Bogotá, Cundinamarca, Colombia"
"OXXO SAN MIGUEL","BOGOTA","3588662","2022/09/27","ACTIVA","2025/03/20","2025","4.6613799","-74.0812572","Cl. 64a #52-53, Bogotá, Colombia"
"OXXO BOSA ZONA BANCARIA","BOGOTA","3007531","2018/09/04","ACTIVA","2025/03/20","2025","4.6060471","-74.18430940000002","Cl. 65 Sur #78l-65, Bogotá, Colombia"
"OXXO CALLE 67","BOGOTA","2243263","2012/08/10","ACTIVA","2025/03/20","2025","4.652807999999999","-74.06128319999999","Cl. 67 #10a-56, Bogotá, Colombia"
"OXXO PLAZA FID","BOGOTA","3818893","2024/05/08","ACTIVA","2025/03/20","2025","4.6507832","-74.05878059999999","Cl. 67 #7 - 35, Chapinero, Bogotá, Cundinamarca, Colombia"
"OXXO AMERICA OCCIDENTAL","BOGOTA","3063347","2019/02/06","ACTIVA","2025/03/20","2025","4.6185877","-74.1385399","Cl. 6a Sur #71d-2 a, Cra. 71d #98, Bogotá, Colombia"
"OXXO AMERICAS 72","BOGOTA","3871649","2024/09/18","ACTIVA","2025/03/20","2025","4.625702795434202","-74.13800327038693","Ac. 3 #71g-67, Cra. 71g #1 a, Bogotá"
"OXXO AMERICAS BOYACA","BOGOTA","3978153","2025/06/24","ACTIVA","2025/06/24","2025","4.61707364701993","-74.13727123764272","Cra. 71d # 8-52, Kennedy, Bogotá, D.C., Bogotá, Bogotá, D.C."
"OXXO BOG AMERICAS","BOGOTA","3994545","2025/07/31","ACTIVA","2025/07/31","2025","","",""
"OXXO CENTRAL PARK","BOGOTA","3554877","2022/07/13","ACTIVA","2025/03/20","2025","4.857459599999999","-74.0609904","Cl. 7 #10-05, Chía, Cundinamarca, Colombia"
"OXXO LOS ALAMOS 90","BOGOTA","3911440","2025/01/27","ACTIVA","2025/01/27","2025","4.6955842","-74.1102356","Cl. 70A #90-6, Engativá, Bogotá, D.C, Bogotá, Colombia"
"OXXO DIVERPLAZA","BOGOTA","3016713","2018/09/24","ACTIVA","2025/03/20","2025","4.702213899999999","-74.1173654","Cl. 71B #100-11, Bogotá, Colombia"
"OXXO PEDREGAL","BOGOTA","3946950","2025/04/07","ACTIVA","2025/04/07","2025","4.705915255716538","-74.09631461134093","Dg. 84a #82-49, Bogotá"
"OXXO SANTA MARIA 73","BOGOTA","3802075","2024/03/27","ACTIVA","2025/03/20","2025","4.6910478","-74.0981242","Cl. 73 #7563, Bogotá, Colombia"
"OXXO NEPAL 73","BOGOTA","3984119","2025/07/09","ACTIVA","2025/07/09","2025","","",""
"OXXO URBAN DISTRICT","BOGOTA","3900715","2024/12/26","ACTIVA","2025/03/20","2025","4.6635304","-74.0635595","Cl. 74 #20C-04, Bogotá, Colombia"
"OXXO MERCADO LAS FERIAS","BOGOTA","3662203","2023/04/03","ACTIVA","2025/03/20","2025","4.6882858","-74.0887303","Cl. 75 #70-04, Engativá, Bogotá, Colombia"
"OXXO GARCES NAVAS","BOGOTA","3727916","2023/09/07","ACTIVA","2025/03/20","2025","4.7099375","-74.1205995","Cl. 75a #106-4, Bogotá, Colombia"
"OXXO NOGALES 76","BOGOTA","3533285","2022/05/24","ACTIVA","2025/03/20","2025","4.6590432","-74.0529813","Cl. 76 #7-8, Bogotá, Colombia"
"OXXO PARQUE CENTRAL","BOGOTA","3762158","2024/01/02","ACTIVA","2025/03/20","2025","4.7241899","-74.13650659999999","Cl. 77 #129, Bogotá, Colombia"
"OXXO CASTILLA 78","BOGOTA","3469288","2022/01/17","ACTIVA","2025/03/20","2025","4.6365809","-74.1429186","Cl. 7b #78-2 a 78-98, Bogotá, Colombia"
"OXXO SANTA MATILDE","BOGOTA","3264429","2020/07/23","ACTIVA","2025/03/20","2025","4.6017773","-74.1103957","Cl. 8 Sur #35a-8, Bogotá, Colombia"
"OXXO HIPOTECHO SUR","BOGOTA","3367672","2021/04/16","ACTIVA","2025/03/20","2025","4.6180765","-74.12954669999999","Cl. 8 Sur #69a-2 a, Cra. 69a #12, Bogotá, Colombia"
"OXXO ANDINO","BOGOTA","2037443","2010/10/21","CANCELADA","2016/03/31","2016","","",""
"OXXO LA 82","BOGOTA","3498378","2022/03/14","ACTIVA","2025/03/20","2025","4.668440299999999","-74.0584804","Cl. 82 #18-49, Bogotá, Colombia"
"OXXO SAN BASILIO","BOGOTA","3763673","2024/01/09","ACTIVA","2025/03/20","2025","4.7185973","-74.1127709","Cl. 83 #1083, Bogotá, Colombia"
"OXXO EL RETIRO","BOGOTA","2751164","2016/11/02","ACTIVA","2025/03/20","2025","4.6686444","-74.05418089999999","Cl. 84 #13-17, Bogotá, Colombia"
"OXXO POLO","BOGOTA","3444093","2021/10/19","ACTIVA","2025/03/20","2025","4.674333600000001","-74.06284990000002","Cl. 86 #2414, Bogotá, Colombia"
"OXXO SAN ANDRESITO 38","BOGOTA","3134876","2019/07/04","ACTIVA","2025/03/20","2025","","",""
"OXXO BARRIO BAVARIA","BOGOTA","3523578","2022/05/04","ACTIVA","2025/03/20","2025","4.6416147","-74.1401047","Cl. 9 #78-16, Kennedy, Bogotá, Colombia"
"OXXO CHICO","BOGOTA","2567602","2015/04/28","ACTIVA","2025/03/20","2025","4.674383199999999","-74.053457","Cl. 90 #15-21, Bogotá, Colombia"
"OXXO VIRREY 90","BOGOTA","3870595","2024/09/16","ACTIVA","2025/03/20","2025","4.6760394","-74.0564457","Cl. 90 #19-29, Chapinero, Bogotá, Cundinamarca, Colombia"
"OXXO CASTELLANA","BOGOTA","3444106","2021/10/19","ACTIVA","2025/03/20","2025","4.68403386922849", "-74.06005403379204","Cl. 95 #47-22, Bogotá"
"OXXO PARQUE CASTELLANA","BOGOTA","3992685","2025/07/28","ACTIVA","2025/07/28","2025","4.6840189","-74.06005619999999","Cl. 95 #47-22, Bogotá, Colombia"
"OXXO AUTO 100","BOGOTA","2751161","2016/11/02","ACTIVA","2025/03/20","2025","4.6858679","-74.0558211","Cl. 98 # 22-64, Bogotá, Colombia"
"OXXO EDS COTA","BOGOTA","3699586","2023/06/30","ACTIVA","2025/03/20","2025","4.8023751","-74.09682889999999","Cota, Cundinamarca, Colombia"
"OXXO SANTA BIBIANA 106","BOGOTA","3624193","2023/01/18","ACTIVA","2025/03/20","2025","4.6934678","-74.0510311","Cra 19 #106a, Bogotá, Colombia"
"OXXO NAVARRA 114","BOGOTA","3568874","2022/08/12","ACTIVA","2025/03/20","2025","4.6969503","-74.0504136","Cra 19 #114-1, Bogotá, Colombia"
"OXXO LA URIBE","BOGOTA","3759940","2023/12/12","ACTIVA","2025/03/20","2025","4.7528589","-74.04357209999999","Cra 21a #172-57, Usaquén, Bogotá, D.C, Bogotá, Colombia"
"OXXO MONTEVIDEO","BOGOTA","2751165","2016/11/02","ACTIVA","2025/03/20","2025","4.6448539","-74.120635","Cra 69 #18A-95, Teusaquillo, Bogotá, Colombia"
"OXXO SAN GABRIEL","BOGOTA","3385614","2021/06/08","ACTIVA","2025/03/20","2025","4.643236799999999","-74.1462416","Cra 80C #8A-25, Kennedy, Bogotá, Cundinamarca, Colombia"
"OXXO PALERMO","BOGOTA","2171834","2012/01/18","ACTIVA","2025/03/20","2025","4.632695099999999","-74.0696416","Cra, 16 #44-60, Bogotá, Colombia"
"OXXO LAGO PERCALES","BOGOTA","3979671","2025/06/27","ACTIVA","2025/06/27","2025","4.663711699999999","-74.057912","Cra. 14 #77-17, Bogotá, Colombia"
"OXXO UNILAGO","BOGOTA","3613010","2022/12/02","ACTIVA","2025/03/20","2025","4.6658748","-74.0581052","Cra, 16 #79-20, Bogotá, Colombia"
"OXXO DECIMA SAN DIEGO","BOGOTA","2230348","2012/07/03","ACTIVA","2025/03/20","2025","4.614983","-74.069557","Cra. 10 #27-75, Bogotá, Colombia"
"OXXO SAN JOSE","BOGOTA","3463308","2021/12/17","ACTIVA","2025/03/20","2025","4.6850106","-74.1311601","Cra. 100 #25C-30, Bogotá, Colombia"
"OXXO SUBA 103","BOGOTA","3444090","2021/10/19","ACTIVA","2025/03/20","2025","4.750468","-74.0923766","Cra. 103b #151-17, Bogotá, Colombia"
"OXXO BOSTON","BOGOTA","3756481","2023/11/27","ACTIVA","2025/03/20","2025","4.6801495","-74.1429577","Cra. 104b #22f-6, Bogotá, Colombia"
"OXXO ADMINISTRATIVO ZONA FRANCA","BOGOTA","3698765","2023/06/28","ACTIVA","2025/03/20","2025","","",""
"OXXO ZONA FRANCA","BOGOTA","3035204","2018/11/08","ACTIVA","2025/03/20","2025","4.6755552","-74.1548308","Cra. 106 #15a-25, Bogotá, Colombia"
"OXXO PLAZUELA DEL VIRREY","BOGOTA","3789139","2024/02/28","ACTIVA","2025/03/20","2025","4.7064499","-74.1233906","Cra. 106a #70D 21, Bogotá, Colombia"
"OXXO EDS EL CARMEN","BOGOTA","3736971","2023/09/29","ACTIVA","2025/03/20","2025","4.6776579","-74.149957","Cra. 107a #Cl 17, Fontibón, Bogotá, Colombia"
"OXXO MODERNO","BOGOTA","1946325","2009/11/18","ACTIVA","2025/03/20","2025","4.6587741","-74.0574613","Cra. 11 #7398, Bogotá, Colombia"
"OXXO BRIDGE 93","BOGOTA","3919228","2025/02/11","ACTIVA","2025/02/11","2025","4.678716723822327","-74.05539762228578","Cl. 93 #18-50, Bogotá"
"OXXO CALLE 93","BOGOTA","2476754","2014/07/18","ACTIVA","2025/03/20","2025","4.6753958","-74.0472783","Cra. 11 #93-92, Bogotá, Colombia"
"OXXO CHICO NORTE 93","BOGOTA","3911444","2025/01/27","ACTIVA","2025/01/27","2025","4.6771309795703235","-74.05223544598672","Cl. 93 #13-59, Bogotá"
"OXXO VERSALLES","BOGOTA","3596646","2022/10/15","ACTIVA","2025/03/20","2025","4.6855449","-74.1456815","Cra. 111a #22i-90, Bogotá, Colombia"
"OXXO CIRCASIA","BOGOTA","3604988","2022/11/08","ACTIVA","2025/03/20","2025","4.8553698","-74.0651847","Cra. 12 #3-59, Chía, Cundinamarca, Colombia"
"OXXO UAN SUR","BOGOTA","3146160","2019/07/31","ACTIVA","2025/03/20","2025","4.579439499999999","-74.1000457","Cra. 13 #22 Sur-56 a 22 Sur-2, Bogotá, Colombia"
"OXXO LAGO GAITAN","BOGOTA","2628626","2015/10/28","ACTIVA","2025/03/20","2025","4.6661298","-74.0563877","Cra. 14 #29 # 80, Bogotá, Colombia"
"OXXO HOSPITAL REGIONAL ZIP","BOGOTA","3870580","2024/09/16","ACTIVA","2025/03/20","2025","5.015528386831129","-74.00229428876933","Cra. 15 #1-136, Zipaquirá, Cundinamarca"
"OXXO MOLINOS DEL NORTE 102","BOGOTA","3641512","2023/02/21","ACTIVA","2025/03/20","2025","4.687709700000001","-74.04721119999999","Ak 15 #103-24, Bogotá, Colombia"
"OXXO SANTA BARBARA","BOGOTA","3264428","2020/07/23","ACTIVA","2025/03/20","2025","4.7009441","-74.04316220000001","Ak 15 #122-07, Bogotá, Colombia"
"OXXO TIME 122","BOGOTA","3970965","2025/06/05","ACTIVA","2025/06/05","2025","","",""
"OXXO CALLE 95","BOGOTA","2711215","2016/07/18","ACTIVA","2025/03/20","2025","4.6810718","-74.0495136","Ak 15 #95-85, Bogotá, Colombia"
"OXXO CHICO 97","BOGOTA","3756469","2023/11/27","ACTIVA","2025/03/20","2025","4.6830308","-74.04851289999999","Ak 15 #9808, Bogotá, Colombia"
"OXXO FIJAR 93","BOGOTA","3564935","2022/08/04","ACTIVA","2025/03/20","2025","4.6792171","-74.05247","Cra. 17 #93a85, Bogotá, Colombia"
"OXXO CALERA HILLS","BOGOTA","3605001","2022/11/08","ACTIVA","2025/03/20","2025","4.7209365","-73.9658863","Cra. 2 #9-40, La Calera, Cundinamarca, Colombia"
"OXXO PARQUE ALCAZARES","BOGOTA","3542618","2022/06/13","ACTIVA","2025/03/20","2025","4.6634538","-74.06796779999999","Cra. 26 #71b-30, Bogotá, Colombia"
"OXXO ISABEL 28","BOGOTA","3792677","2024/03/07","ACTIVA","2025/03/20","2025","4.597436099999999","-74.10277959999999","Cra. 28 #1A-70, Bogotá, Colombia"
"OXXO LA MERCED NORTE","BOGOTA","3568857","2022/08/12","ACTIVA","2025/03/20","2025","4.663312299999999","-74.07272569999999","Cra. 28b #70-2, Bogotá, Colombia"
"OXXO MERCED 71","BOGOTA","3906523","2025/01/17","ACTIVA","2025/01/17","2025","4.6666914995887785", "-74.07352790734774","71, Cra 29c #71A, Barrios Unidos, Bogotá"
"OXXO UNIVERSITARIO","BOGOTA","2900636","2017/12/22","ACTIVA","2025/03/20","2025","4.603324212354766","-74.06860711887308","Cra. 3 #18-19, Bogotá"
"OXXO CALERA CRA 3","BOGOTA","3564926","2022/08/04","ACTIVA","2025/03/20","2025","4.7187503","-73.968914","Cra. 3 #4-28, La Calera, Cundinamarca, Colombia"
"OXXO CATEDRAL","BOGOTA","2554591","2015/03/17","ACTIVA","2025/03/20","2025","4.597961728335404","-74.07311874333574","Cl. 12 #6 55, Bogotá"
"OXXO EJE AMBIENTAL","BOGOTA","2628628","2015/10/28","ACTIVA","2025/03/20","2025","4.6007466","-74.0687829","Cra. 3 #8654, Bogotá, Colombia"
"OXXO CIUDAD UNIVERSITARIA","BOGOTA","3554871","2022/07/13","ACTIVA","2025/03/20","2025","4.630375","-74.0827719","Cra. 33 #17, Bogotá, Colombia"
"OXXO UNI 32","BOGOTA","3992671","2025/07/28","ACTIVA","2025/07/28","2025","4.621936843783437", "-74.07239132318452","Cra. 17 #32-18, Teusaquillo, Bogotá"
"OXXO CUAN","BOGOTA","3179714","2019/10/15","ACTIVA","2025/03/20","2025","4.6276174","-74.09096079999999","Cra. 36 #23A-51, Bogotá, Colombia"
"OXXO CAMPINCITO","BOGOTA","3609630","2022/11/22","ACTIVA","2025/03/20","2025","4.855512399999999","-74.0560493","Cra. 4 #7-21, Chía, Cundinamarca, Colombia"
"OXXO SAN BERNABÉ","BOGOTA","3412005","2021/08/11","ACTIVA","2025/03/20","2025","4.614103","-74.1107545","Cra. 41A #4-20, Bogotá, Colombia"
"OXXO EL EJIDO","BOGOTA","3775137","2024/01/31","ACTIVA","2025/03/20","2025","4.6261053","-74.1000668","Cra. 43 #17-65, Bogotá, Colombia"
"OXXO TORRE 108","BOGOTA","3911434","2025/01/27","ACTIVA","2025/01/27","2025","4.6959214","-74.05703849999999","Cra. 45 #108, Bogotá, Colombia"
"OXXO ALCABAMA CIIEN","BOGOTA","3948039","2025/04/08","ACTIVA","2025/04/08","2025","4.6886448","-74.0626292","Ac 100 #99, Bogotá, Colombia"
"OXXO ALCALA","BOGOTA","3723917","2023/08/30","ACTIVA","2025/03/20","2025","4.7228498","-74.05179799999999","Cra. 45 #137-61, Bogotá, Colombia"
"OXXO GRANADA HILLS","BOGOTA","3843591","2024/07/10","ACTIVA","2025/03/20","2025","4.729248999999999","-74.0495822","Cra. 45 #146-48, Bogotá, Colombia"
"OXXO AUTOPISTA 97","BOGOTA","3759956","2023/12/12","ACTIVA","2025/03/20","2025","4.6858005","-74.05690899999999","Cra. 45 #97-80, Bogotá, Colombia"
"OXXO BATAN","BOGOTA","3161251","2019/09/03","ACTIVA","2025/03/20","2025","4.705358299999999","-74.0552617","Cra. 45a #124-43, Suba, Bogotá, Colombia"
"OXXO AUTOPISTA","BOGOTA","1946324","2009/11/18","ACTIVA","2025/03/20","2025","4.7138217","-74.05367609999999","Cra. 45a #73 # 128 a, Suba, Bogotá, Cundinamarca, Colombia"
"OXXO RIONEGRO","BOGOTA","3434556","2021/09/27","ACTIVA","2025/03/20","2025","4.681155","-74.06397729999999","Cra. 49 #93, Bogotá, Colombia"
"OXXO CALLE 100","BOGOTA","3228383","2020/03/02","ACTIVA","2025/03/20","2025","4.6874951","-74.0609825","Cra. 49 #99-29, Bogotá, Colombia"
"OXXO EL LIBERTADOR","BOGOTA","3725008","2023/08/31","ACTIVA","2025/03/20","2025","4.8117503","-74.10004789999999","Cra. 5 #14 - 11, Cota, Cundinamarca, Colombia"
"OXXO PROCURADURIA","BOGOTA","2243266","2012/08/10","ACTIVA","2025/03/20","2025","4.601687699999999","-74.0718823","Cra. 5 #1514, Bogotá, Colombia"
"OXXO BOSQUE IZQUIERDO","BOGOTA","3657122","2023/03/23","ACTIVA","2025/03/20","2025","4.6063921","-74.0692707","Cra. 5 #21-38, Bogotá, Colombia"
"OXXO EL TREBOL","BOGOTA","3736974","2023/09/29","ACTIVA","2025/03/20","2025","4.8076541","-74.1035373","Cra. 5 #24, Cota, Cundinamarca, Colombia"
"OXXO TEJAR 3","BOGOTA","3568853","2022/08/12","ACTIVA","2025/03/20","2025","4.6062246","-74.1264108","Cra. 52a #26 Sur, Bogotá, Colombia"
"OXXO MURANO","BOGOTA","3523583","2022/05/04","ACTIVA","2025/03/20","2025","4.5932221","-74.1413761","Cra. 54 #47 Sur, Bogotá, Colombia"
"OXXO VENECIA","BOGOTA","2498426","2014/09/15","CANCELADA","2016/03/31","2016","","",""
"OXXO VENECIA KRA 54","BOGOTA","3723830","2023/08/30","ACTIVA","2025/03/20","2025","4.589106622315277","-74.14222570731795","Dg. 52b #Sur #3, Bogotá"
"OXXO TRINIDAD GALAN","BOGOTA","3828575","2024/06/04","ACTIVA","2025/03/20","2025","4.619077799999999","-74.119993","Cra. 56 #2B-68, Puente Aranda, Bogotá, Colombia"
"OXXO TORRE AMERICAS","BOGOTA","3124495","2019/06/10","ACTIVA","2025/03/20","2025","4.6285405","-74.112224","Cra. 56 #9-9, Bogotá, Colombia"
"OXXO PARQUE VILLAS","BOGOTA","3451567","2021/11/08","ACTIVA","2025/03/20","2025","4.7174856","-74.0693166","Cra. 58 #128b-67, Bogotá, Colombia"
"OXXO SOLEDAD PARK","BOGOTA","3967902","2025/05/28","ACTIVA","2025/05/28","2025","4.626869822218247", "-74.0749426284392","Kr 24 #37 34, Bogotá"
"OXXO CIUDAD JARDIN","BOGOTA","3605002","2022/11/08","ACTIVA","2025/03/20","2025","4.720554","-74.07064729999999","Cra. 59 #129b-76, Bogotá, Colombia"
"OXXO CIUDAD JARDIN SUR","BOGOTA","3886435","2024/10/28","ACTIVA","2025/03/20","2025","4.5760761","-74.09463889999999","Cra. 10 #17-85, Bogotá, Colombia"
"OXXO JARDIN","BOGOTA","3617836","2022/12/30","ACTIVA","2025/03/20","2025","4.332001655740909", "-74.37583041760944","Av. Manuel Humberto #14 21, La Serena, Fusagasugá, Cundinamarca"
"OXXO MUSEO DEL ORO","BOGOTA","3893093","2024/11/19","ACTIVA","2025/03/20","2025","4.6013784","-74.07240949999999","Cra. 6 #15-10, Bogotá, Colombia"
"OXXO SALAZAR GOMEZ","BOGOTA","3678690","2023/05/10","ACTIVA","2025/03/20","2025","4.632541799999999","-74.11353509999999","Cra. 62 #12-70, Bogotá, Colombia"
"OXXO PASEO VILLA DEL RIO","BOGOTA","3958568","2025/05/06","ACTIVA","2025/05/06","2025","4.598523699999999","-74.1538877","Cra. 63 #57g - 46 Sur Local 245B, Bogotá, Colombia"
"OXXO JJ VARGAS","BOGOTA","2230563","2012/07/04","ACTIVA","2025/03/20","2025","4.673833999999999","-74.08353199999999","Cra. 64 #67D-98, Bogotá, Colombia"
"OXXO VISCAYA","BOGOTA","3601234","2022/10/27","ACTIVA","2025/03/20","2025","4.687082999999999","-74.0731304","Cra. 67a #95-63, Bogotá, Colombia"
"OXXO FLORESTA 68 NORTE","BOGOTA","3886437","2024/10/28","ACTIVA","2025/03/20","2025","4.6875652","-74.07521009999999","Av. 68 #95-85, Suba, Bogotá, Cundinamarca, Colombia"
"OXXO PROVIVIENDA ORIENTAL","BOGOTA","3657127","2023/03/23","ACTIVA","2025/03/20","2025","4.6137481","-74.1298394","Cra. 68h #20 Sur-15, Bogotá, Colombia"
"OXXO GRANJAS 69","BOGOTA","3822890","2024/05/20","ACTIVA","2025/03/20","2025","4.6487368","-74.1196374","Cra. 69b #19-80, Bogotá, Colombia"
"OXXO LOS FUNDADORES","BOGOTA","3746980","2023/10/26","ACTIVA","2025/03/20","2025","4.6155941","-74.13234349999999","Cra. 69b #22-10, Bogotá, Colombia"
"OXXO LAS FERIAS","BOGOTA","3641511","2023/02/21","ACTIVA","2025/03/20","2025","4.6851872","-74.08634599999999","Cra. 69h #74B - 99, Engativá, Bogotá, Cundinamarca, Colombia"
"OXXO ARZOBISPO","BOGOTA","3998849","2025/08/12","ACTIVA","2025/08/12","2025","","",""
"OXXO SHAIO","BOGOTA","1946314","2009/11/18","ACTIVA","2025/03/20","2025","4.6994927928079235", "-74.07682064829628","Cra. 70h #116-35, Suba, Bogotá, Cundinamarca"
"OXXO ACAPULCO","BOGOTA","3806918","2024/04/09","ACTIVA","2025/03/20","2025","4.685271283249721","-74.09504868552207","Cra. 71B # 71-67, Engativá, Bogotá, D.C., Bogotá, Bogotá, D.C., Colombia"
"OXXO 72 CASTILLA","BOGOTA","3500839","2022/03/17","ACTIVA","2025/03/20","2025", "4.689631012573692", "-74.07163080208976","Cra. 68a #100- 16 local 16, Suba, Bogotá, Cundinamarca"
"OXXO BOYACA PARQUE","BOGOTA","3832644","2024/06/13","ACTIVA","2025/03/20","2025","4.6868021","-74.09776029999999","Cra. 73a #70-96, Bogotá, Colombia"
"OXXO UNIMINUTO","BOGOTA","3802071","2024/03/27","ACTIVA","2025/03/20","2025","4.697840999999999","-74.0903688","Cra. 73a #81-37, Bogotá, Colombia"
"OXXO BACATÁ","BOGOTA","3497587","2022/03/11","ACTIVA","2025/03/20","2025","4.7495639","-74.0678222","Cra. 74 #163 - 74, Suba, Bogotá, Cundinamarca, Colombia"
"OXXO VILLA LUZ 77","BOGOTA","3589791","2022/09/29","ACTIVA","2025/03/20","2025","4.6829577","-74.1060762","Cra. 77A #64h-4, Bogotá, Colombia"
"OXXO NUEVO KENNEDY","BOGOTA","3604992","2022/11/08","ACTIVA","2025/03/20","2025","4.6208645","-74.1519965","Cra. 78B #38b - 09, Bogotá, Colombia"
"OXXO CIUDAD ROMA","BOGOTA","3756472","2023/11/27","ACTIVA","2025/03/20","2025","4.610787699999999","-74.1741798","Cra. 78p #56 C-28 Sur, Kennedy, Bogotá, Colombia"
"OXXO EL BOSQUE","BOGOTA","3103085","2019/04/24","ACTIVA","2025/03/20","2025","4.71103197686127"," -74.03011318790551","Cra. 7b Bis #132-28, Bogotá"
"OXXO LIMA 19","BOGOTA","3695713","2023/06/22","ACTIVA","2025/03/20","2025","4.605881999999999","-74.0721439","Cra 8 #19-35, Bogotá, Colombia"
"OXXO KENNEDY 36","BOGOTA","3870594","2024/09/16","ACTIVA","2025/03/20","2025","4.6249345","-74.1526927","Cra. 80 #35b Sur, Bogotá, Colombia"
"OXXO CARRERA 80","BOGOTA","3771641","2024/01/24","ACTIVA","2025/03/20","2025","4.6208547","-74.1660796","Cra. 80, Bogotá, Colombia"
"OXXO CAPELLANIA","BOGOTA","3564932","2022/08/04","ACTIVA","2025/03/20","2025","4.6634072","-74.1238024","Cra. 80a Bis #22d-72, Bogotá, Colombia"
"OXXO BALEARES","BOGOTA","3467689","2022/01/13","ACTIVA","2025/03/20","2025","4.665316199999999","-74.12695529999999","Cra. 82 22 C - 04, Bogotá, Colombia"
"OXXO LOS MONJES","BOGOTA","3596645","2022/10/15","ACTIVA","2025/03/20","2025","4.680349","-74.1168838","Cra. 85k #46a-20 a, Cl. 46a #58, Bogotá, Colombia"
"OXXO CAMPO ALTO","BOGOTA","3828578","2024/06/04","ACTIVA","2025/03/20","2025","4.7361683","-74.0289829","Cra. 8b #160, Cra. 2a #160-20, Bogotá, Colombia"
"OXXO CHIA FIQUE","BOGOTA","3641463","2023/02/21","ACTIVA","2025/03/20","2025","4.8764506","-74.050229","Cra. 9 #2770, Chía, Cundinamarca, Colombia"
"OXXO CARRERA 9 QC","BOGOTA","3601228","2022/10/27","ACTIVA","2025/03/20","2025","4.6549284","-74.05789349999999","Cra. 9 #70a-41, Bogotá, Colombia"
"OXXO PLAZA SUBA","BOGOTA","2230356","2012/07/03","ACTIVA","2025/03/20","2025","4.740690799999999","-74.0843903","Cra. 91 #146 B 41, Suba, Bogotá, Colombia"
"OXXO CONECTA","BOGOTA","2554592","2015/03/17","ACTIVA","2025/03/20","2025", "4.683359366146003","-74.11961603117724","Av. Cra. 91, Bogotá"
"OXXO LA CAMPIÑA","BOGOTA","3684875","2023/05/25","ACTIVA","2025/03/20","2025","4.7426514","-74.0849116","Cra. 92 #147-69, Suba, Bogotá, Colombia"
"OXXO EDS SUBA SALITRE","BOGOTA","3846656","2024/07/17","ACTIVA","2025/03/20","2025","","",""
"OXXO FLORIDA 89","BOGOTA","3775132","2024/01/31","ACTIVA","2025/03/20","2025","4.6974437","-74.11362419999999","Cra. 94 #70-20, Bogotá, Colombia"
"OXXO MAR","BOGOTA","3500840","2022/03/17","ACTIVA","2025/03/20","2025","4.669185","-74.1403729","Cra. 96c #18-12, Bogotá, Colombia"
"OXXO FONTIBON 18","BOGOTA","3792672","2024/03/07","ACTIVA","2025/03/20","2025","4.675360274708351", "-74.14563954153265","Cra. 103a #18-22, Fontibón, Bogotá, Cundinamarca"
"OXXO FONTIBON CENTRAL","BOGOTA","3554884","2022/07/13","ACTIVA","2025/03/20","2025","4.6747853","-74.14220220000001","Cra. 99 #20-60, Bogotá, Colombia"
"OXXO CANTABRIA","BOGOTA","3723833","2023/08/30","ACTIVA","2025/03/20","2025","4.6730006","-74.1150983","Dg. 46 #76-39, Bogotá, Colombia"
"OXXO BELMONTE","BOGOTA","3763688","2024/01/09","ACTIVA","2025/03/20","2025","4.7034927","-74.0921331","Dg. 82g #75-94, Bogotá, Colombia"
"OXXO SERENA","BOGOTA","3870597","2024/09/16","ACTIVA","2025/03/20","2025","4.3266034","-74.40886549999999","La Serena, Fusagasugá, Cundinamarca, Colombia"
"OXXO PARIS GAITAN","BOGOTA","3832639","2024/06/13","ACTIVA","2025/03/20","2025","4.7058501","-74.0963012","Dg. 84a #82-49, Bogotá, Colombia"
"OXXO HIPPIES CRA 7","BOGOTA","3709864","2023/07/26","ACTIVA","2025/03/20","2025","4.644695899999999","-74.0620991","Edificio Fabe, Cl. 59 #10- 59 Oficina 303, Chapinero, Bogotá, Colombia"
"OXXO TRADE CENTER","BOGOTA","3179771","2019/10/15","ACTIVA","2025/03/20","2025","4.680756100000001","-74.0433371","Edifico Pixel 98, Cl. 98 #10 2, Bogotá, Colombia"
"OXXO ALAMEDA 13","BOGOTA","3662216","2023/04/03","ACTIVA","2025/03/20","2025","4.6104939","-74.0730969","Kr 13 #23-06, Bogotá, Colombia"
"OXXO MARLY 13","BOGOTA","3946959","2025/04/07","ACTIVA","2025/04/07","2025","4.6341313","-74.0661085","Kr 13 #46-91, Bogotá, Colombia"
"OXXO PILOTO","BOGOTA","2230350","2012/07/03","ACTIVA","2025/03/20","2025","4.6324263","-74.0662622","Kr 13 #4518, Bogotá, Colombia"
"OXXO CHAPINERO","BOGOTA","2037448","2010/10/21","ACTIVA","2025/03/20","2025","4.6424767","-74.064808","Kr 13 #55 - 45, Bogotá, Colombia"
"OXXO FLORES 68","BOGOTA","3806913","2024/04/09","ACTIVA","2025/03/20","2025","4.654013099999999","-74.062632","Kr 13 #6736, Bogotá, Colombia"
"OXXO CALLE 77","BOGOTA","3573758","2022/08/25","ACTIVA","2025/03/20","2025","4.6625171","-74.05767139999999","Kr 13 #76-47, Bogotá, Colombia"
"OXXO EL PROGRESO","BOGOTA","3699574","2023/06/30","ACTIVA","2025/03/20","2025","4.6002402","-74.0945997","Kr 24 #4B - 20, Bogotá, Colombia"
"OXXO LA FRAGUITA","BOGOTA","3651703","2023/03/13","ACTIVA","2025/03/20","2025","4.5917498","-74.09810829999999","Kr 24 #7-13, Bogotá, Colombia"
"OXXO ROTONDA 60","BOGOTA","3747001","2023/10/26","ACTIVA","2025/03/20","2025","4.6259576","-74.1176198","Puente Aranda, Bogotá, Colombia"
"OXXO EDS NUEVA GRANADA","BOGOTA","3771644","2024/01/24","ACTIVA","2025/03/20","2025","4.7555296","-74.1514653","QR4X+C8, Cota, Cundinamarca, Colombia"
"OXXO EDS EL GATO","BOGOTA","3747005","2023/10/26","ACTIVA","2025/03/20","2025","","",""
"OXXO RESTREPO CARRERA 18","BOGOTA","3756474","2023/11/27","ACTIVA","2025/03/20","2025","4.5864698","-74.0997077","Restrepo, Bogotá, Colombia"
"OXXO CALLE 59","BOGOTA","3289420","2020/09/25","ACTIVA","2025/03/20","2025","4.6457416","-74.06406430000001","Santa Fé, Bogotá, Colombia"
"OXXO SUBAZAR 92","BOGOTA","3451560","2021/11/08","ACTIVA","2025/03/20","2025","4.738813599999999","-74.0853559","Suba, Bogotá, Colombia"
"OXXO EDS TIMIZA","BOGOTA","3839151","2024/06/28","ACTIVA","2025/03/20","2025","4.6186356","-74.1463158","Sur-99, Av. 1 de Mayo #35d Sur-55 a 35d, Bogotá, Colombia"
"OXXO CAJICA EL EDEN","BOGOTA","3746994","2023/10/26","ACTIVA","2025/03/20","2025","4.9056884","-74.0250369","Tahormina, Cajicá, Cundinamarca, Colombia"
"OXXO TERMINAL TERRESTRE","BOGOTA","3605010","2022/11/08","ACTIVA","2025/03/20","2025","4.747923699999999","-74.14482079999999","Terminal Terrestre de Carga, Cota, Cundinamarca, Colombia"
"OXXO CAPITAL CENTER","BOGOTA","3197711","2019/12/13","ACTIVA","2025/03/20","2025","4.660472899999999","-74.1085736","Teusaquillo, Bogotá, Colombia"
"OXXO CAPITAL TOWERS","BOGOTA","3684878","2023/05/25","ACTIVA","2025/03/20","2025","4.639140363069694", "-74.09798060383382","Av. La Esperanza #51 40, Teusaquillo, Bogotá"
"OXXO SALVADOR","BOGOTA","3588665","2022/09/27","ACTIVA","2025/03/20","2025","4.6445812","-74.072583","Tv. 24 #54-8, Teusaquillo, Bogotá, Colombia"
"OXXO RESTREPO OCCIDENTAL","BOGOTA","3723826","2023/08/30","ACTIVA","2025/03/20","2025","4.5935007","-74.103748","Tv. 24I #13-02, Bogotá, Colombia"
"OXXO AZAFRANES","BOGOTA","3533275","2022/05/24","ACTIVA","2025/03/20","2025","4.684678799999999","-74.1106157","Tv. 85 #64c-2, Bogotá, Colombia"
"OXXO ALAMOS INDUSTRIAL","BOGOTA","3709875","2023/07/26","ACTIVA","2025/03/20","2025","4.6900534","-74.11754619999999","Tv. 93 #64-41, Bogotá, Colombia"
"OXXO SANTA MARIANA","BOGOTA","3367682","2021/04/16","ACTIVA","2025/03/20","2025","4.7087752","-74.1037884","Tv. 94 #82A36, Bogotá, Colombia"
"OXXO EDS EL DIAMANTE","BOGOTA","3775123","2024/01/31","ACTIVA","2025/03/20","2025","4.7995877","-74.11007339999999","Variante Cota, Cota, Cundinamarca, Colombia"
"OXXO TERRANOVA","BOGOTA","3624196","2023/01/18","ACTIVA","2025/03/20","2025","4.9238471","-74.0423615","Via Rio frio cajica, El Tejar, la palma, Cajicá, Cundinamarca, Colombia"
"OXXO EDS WELLNESS HOTEL","BOGOTA","3662228","2023/04/03","ACTIVA","2025/03/20","2025","4.958862799999999","-74.0099674","XX5R+G2, Cajicá, Cundinamarca, Colombia"
"OXXO HACIENDA LA QUINTA","BOGOTA","3759952","2023/12/12","ACTIVA","2025/03/20","2025","5.0235762","-73.9949768","Zipaquirá, Cundinamarca, Colombia"
"OXXO ZONA 41","BOGOTA","2751157","2016/11/02","ACTIVA","2025/03/20","2025","4.6291492","-74.0669667","a 41-99 Carrera 13 #41-1, Bogotá, Colombia"
"OXXO SAN MATEO","BOGOTA","3818892","2024/05/08","ACTIVA","2025/03/20","2025","4.581519399999999","-74.203895","ካሬራ 4 ኤስቴ #30-51, Soacha, Cundinamarca, Colombia"
"OXXO ALDEA COMERCIAL","BUCARAMANGA","9000667845","2024/03/08","ACTIVA","2025/03/25","2025","7.023589100000001","-73.0825859","2WF8+CX, Piedecuesta, Loma Mesa de Ruitoque, Piedecuesta, Santander, Colombia"
"OXXO ANILLO VIAL","BUCARAMANGA","9000642668","2023/03/16","ACTIVA","2025/03/25","2025","","",""
"OXXO MOLINO","BUCARAMANGA","9000443378","2019/09/26","ACTIVA","2025/03/25","2025","6.9840041","-73.0441117","45A, Piedecuesta, Santander, Colombia"
"OXXO EDS PALENQUE","BUCARAMANGA","9000661619","2023/12/15","ACTIVA","2025/03/25","2025","","",""
"OXXO SAN ALONSO","BUCARAMANGA","9000604964","2021/11/08","ACTIVA","2025/03/25","2025","7.1312301","-73.1198953","Ak 27 #18 - 12, Bucaramanga, Santander, Colombia"
"OXXO CARRERA 30","BUCARAMANGA","9000644310","2023/04/04","ACTIVA","2025/03/25","2025","","",""
"OXXO EDS LA 27","BUCARAMANGA","9000661618","2023/12/15","CANCELADA","2025/03/25","2025","7.131228999999999","-73.1198951","Ak 27 #18-02, Bucaramanga, Santander, Colombia"
"OXXO LA INDUSTRIAL","BUCARAMANGA","9000617813","2022/04/22","ACTIVA","2025/03/25","2025","7.1386563","-73.12041409999999","Ak 27 #9-10, Bucaramanga, Santander, Colombia"
"OXXO HUS","BUCARAMANGA","9000414054","2018/09/25","CANCELADA","2019/03/29","2019","","",""
"OXXO MENSULI HIC","BUCARAMANGA","9000665849","2024/02/14","ACTIVA","2025/03/25","2025","7.0359272","-73.0685891","Vereda de Menzuly, Terrazas De Menzuly #Km 7, Piedecuesta, La Parcela, Piedecuesta, Santander, Colombia"
"OXXO UNIVERSIDAD","BUCARAMANGA","9000446489","2019/11/14","INACTIVA POR CIERRE DEL ESTABLECIMIENTO","2022/03/30","2022","","",""
"OXXO VALENCIA 27","BUCARAMANGA","9000664660","2024/02/02","ACTIVA","2025/03/25","2025","7.1384881","-73.1204685","Ak 27 #9-14, Bucaramanga, Santander, Colombia"
"OXXO QUEBRADASECA 32","BUCARAMANGA","9000627420","2022/08/18","ACTIVA","2025/03/25","2025","7.129029399999999","-73.1154908","Av. Quebrada Seca #32 - 36, Bucaramanga, Santander, Colombia"
"OXXO TATIKA","BUCARAMANGA","9000497510","2021/08/11","ACTIVA","2025/03/25","2025","7.0942026","-73.10382919999999","Avenida Circular #36 A # 104, Sotomayor, Floridablanca, Santander, Colombia"
"OXXO BOULEVAR BOLIVAR","BUCARAMANGA","9000623025","2022/06/22","CANCELADA","2024/03/26","2024","7.1316223","-73.1263094","Cl. 16 #19 - 62, Comuna 4 Occidental, Bucaramanga, Santander, Colombia"
"OXXO MESA MALL","BUCARAMANGA","9000653950","2023/08/09","CANCELADA","2024/03/26","2024","","",""
"OXXO REAL DE MINAS","BUCARAMANGA","9000402071","2018/04/19","ACTIVA","2025/03/25","2025","7.1042586","-73.1234247","Bucaramanga, Santander, Colombia"
"OXXO SANTANDER","BUCARAMANGA","9000653209","2023/07/31","CANCELADA","2024/03/26","2024","","",""
"OXXO ARIZONA","BUCARAMANGA","9000653951","2023/08/09","CANCELADA","2024/03/26","2024","","",""
"OXXO PROVENZA 106","BUCARAMANGA","9000658158","2023/10/06","CANCELADA","2024/03/26","2024","","",""
"OXXO SAN JORGE","BUCARAMANGA","9000645912","2023/04/24","ACTIVA","2025/03/25","2025","7.0646431","-73.164582","Cl 25 #17A-21, Girón, Santander, Colombia"
"OXXO GALAN","BUCARAMANGA","9000444566","2019/10/11","ACTIVA","2025/03/25","2025","7.117630699999999","-73.12803889999999","Av. Rafael Uribe Uribe #13-9, Centro, Bucaramanga, Santander, Colombia"
"OXXO AGUSTIN","BUCARAMANGA","9000429189","2019/04/05","ACTIVA","2025/03/25","2025","7.119828800000001","-73.1206206","Cl 36 #22-16, Bolívar, Bucaramanga, Santander, Colombia"
"OXXO LA 34","BUCARAMANGA","9000667835","2024/03/08","ACTIVA","2025/03/25","2025","7.1240343","-73.1117416","Cl 36 #33 -54, Bucaramanga, Santander, Colombia"
"OXXO LA FAVORITA","BUCARAMANGA","9000677629","2024/07/12","ACTIVA","2025/03/25","2025","7.137362","-73.1234968","Cl. 10 #24-01, Bucaramanga, Santander, Colombia"
"OXXO TRIVENZA","BUCARAMANGA","9000620177","2022/05/18","ACTIVA","2025/03/25","2025","7.0819119","-73.115104","Cl. 111 #22 B - 34, Floridablanca, Bucaramanga, Santander, Colombia"
"OXXO PUERTO MADERO","BUCARAMANGA","9000635840","2023/01/04","ACTIVA","2025/03/25","2025","7.059275","-73.1613167","Cl. 14B #14 A - 44, Girón, Santander, Colombia"
"OXXO GRAND BOULEVAR","BUCARAMANGA","9000651088","2023/06/30","ACTIVA","2025/03/25","2025","7.1316223","-73.1263094","Cl. 16 #19 - 62, Comuna 4 Occidental, Bucaramanga, Santander, Colombia"
"OXXO ALONSO CALLE 19","BUCARAMANGA","9000658157","2023/10/06","ACTIVA","2025/03/25","2025","7.1312864","-73.1151111","Cl. 19 #32-74, Bucaramanga, Santander, Colombia"
"OXXO LIFE 200","BUCARAMANGA","9000629419","2022/09/12","ACTIVA","2025/03/25","2025","7.0606559","-73.09399739999999","Cl. 200 #25-10, Floridablanca, Santander, Colombia"
"OXXO SAN FRANCIS","BUCARAMANGA","9000650840","2023/06/28","ACTIVA","2025/03/25","2025","7.1273465","-73.1214215","Cl. 22 #24 - 02, Comuna 4 Occidental, Bucaramanga, Santander, Colombia"
"OXXO CAÑAVERAL","BUCARAMANGA","9000346844","2016/05/12","ACTIVA","2025/03/25","2025","7.0694978","-73.107287","Cl. 30 #24-40, Cañaveral, Floridablanca, Santander, Colombia"
"OXXO ESTACION CAÑAVERAL","BUCARAMANGA","9000676290","2024/06/25","ACTIVA","2025/03/25","2025","7.0694978","-73.107287","Cl. 30 #24-40, Cañaveral, Floridablanca, Santander, Colombia"
"OXXO GAIRA","BUCARAMANGA","9000346896","2016/05/13","ACTIVA","2025/03/25","2025","","",""
"OXXO DIVINO NIÑO","BUCARAMANGA","9000661228","2023/12/04","ACTIVA","2025/03/25","2025","7.1240247","-73.1194228","Cl. 32 #25-45, Antonia Santos, Bucaramanga, Santander, Colombia"
"OXXO LA NOVENA","BUCARAMANGA","9000641561","2023/03/03","CANCELADA","2024/03/26","2024","","",""
"OXXO PARQUE DE LOS NIÑOS","BUCARAMANGA","9000360693","2016/11/09","ACTIVA","2025/03/25","2025","7.1240247","-73.1194228","Cl. 32 #25-45, Antonia Santos, Bucaramanga, Santander, Colombia"
"OXXO PARQUE GIORDANO","BUCARAMANGA","9000651544","2023/07/07","CANCELADA","2025/03/25","2025","","",""
"OXXO PASEO ESPAÑA","BUCARAMANGA","9000655543","2023/08/31","CANCELADA","2025/03/25","2025","","",""
"OXXO PLAZA 32","BUCARAMANGA","9000655517","2023/08/31","CANCELADA","2024/03/26","2024","","",""
"OXXO AURORA 2","BUCARAMANGA","9000655516","2023/08/31","ACTIVA","2025/03/25","2025","7.124284899999999","-73.11678239999999","Cl. 33 #27-80, Mejoras Públicas, Bucaramanga, Santander, Colombia"
"OXXO ESMERALDA","BUCARAMANGA","9000446573","2019/11/18","ACTIVA","2025/03/25","2025","7.1175402","-73.1245242","Cl. 37 #16-78, Bolívar, Bucaramanga, Santander, Colombia"
"OXXO PRADO ALTO","BUCARAMANGA","9000661114","2023/11/30","ACTIVA","2025/03/25","2025","7.1235977","-73.1100676","Cl. 37 #35 52, Bucaramanga, Santander, Colombia"
"OXXO LA JOYA","BUCARAMANGA","9000644325","2023/04/04","CANCELADA","2024/03/26","2024","","",""
"OXXO SOTO 42","BUCARAMANGA","9000659406","2023/10/27","ACTIVA","2025/03/25","2025","7.119301399999999","-73.1149758","Cl. 42 #27-59, Sotomayor, Bucaramanga, Santander, Colombia"
"OXXO ALTOS DE CABECERA 2","BUCARAMANGA","9000664558","2024/02/01","ACTIVA","2025/03/25","2025","7.121247400000001","-73.1101511","Cl. 42 #35-06, Cabecera del llano, Bucaramanga, Santander, Colombia"
"OXXO BARROBLANCO","BUCARAMANGA","9000641560","2023/03/03","CANCELADA","2024/03/26","2024","","",""
"OXXO CC CABECERA ET II","BUCARAMANGA","9000415145","2018/10/10","ACTIVA","2025/03/25","2025","7.121247400000001","-73.1101511","Cl. 42 #35-06, Cabecera del llano, Bucaramanga, Santander, Colombia"
"OXXO EDS CANEYES II","BUCARAMANGA","9000667635","2024/03/06","ACTIVA","2025/03/25","2025","","",""
"OXXO LAS CLARISAS","BUCARAMANGA","9000641497","2023/03/03","CANCELADA","2024/03/26","2024","","",""
"OXXO SAN LUIS","BUCARAMANGA","9000459396","2020/05/28","INACTIVA POR CIERRE DEL ESTABLECIMIENTO","2022/03/30","2022","","",""
"OXXO EDS SAN RAFAEL","BUCARAMANGA","9000406576","2018/06/18","ACTIVA","2025/03/25","2025","","",""
"OXXO CABECERA","BUCARAMANGA","9000346839","2016/05/12","ACTIVA","2025/03/25","2025","7.121247400000001","-73.1101511","Cl. 42 #35-06, Cabecera del llano, Bucaramanga, Santander, Colombia"
"OXXO CALLE 52","BUCARAMANGA","9000346890","2016/05/13","CANCELADA","2019/03/29","2019","","",""
"OXXO CEDIS BUCARAMANGA","BUCARAMANGA","9000682339","2024/09/16","ACTIVA","2025/03/25","2025","7.1240247","-73.1194228","Cl. 32 #25-45, Antonia Santos, Bucaramanga, Santander, Colombia"
"OXXO PARQUE FLORIDABLANCA","BUCARAMANGA","9000446488","2019/11/14","ACTIVA","2025/03/25","2025","7.0629054","-73.08633619999999","Cl. 5 #8-13, Floridablanca, Santander, Colombia"
"OXXO CONCORDIA 21","BUCARAMANGA","9000659408","2023/10/27","ACTIVA","2025/03/25","2025","7.109404199999999","-73.11652409999999","Cl. 55 #21-12, Bucaramanga, Santander, Colombia"
"OXXO LA VICTORIA","BUCARAMANGA","9000658155","2023/10/06","ACTIVA","2025/03/25","2025","7.099817","-73.1164519","Cl. 67 #17-32, Bucaramanga, Santander, Colombia"
"OXXO PIEDECUESTA CENTRAL","BUCARAMANGA","9000633960","2022/11/17","CANCELADA","2024/03/26","2024","","",""
"OXXO LA 61","BUCARAMANGA","9000622990","2022/06/22","ACTIVA","2025/03/25","2025","7.1058895","-73.1192562","Cra 17 #59-14, Bucaramanga, Santander, Colombia"
"OXXO EDS PLANEY","BUCARAMANGA","9000664659","2024/02/02","CANCELADA","2024/02/02","2024","","",""
"OXXO VITERRA","BUCARAMANGA","9000620903","2022/05/25","ACTIVA","2025/03/25","2025","7.121321699999999","-73.1213437","Cra 22 #34-02, Antonia Santos, Bucaramanga, Santander, Colombia"
"OXXO ESTADIO","BUCARAMANGA","9000346889","2016/05/13","ACTIVA","2025/03/25","2025","7.1348596","-73.1182224","Cra 29 #13A-16, Bucaramanga, Santander, Colombia"
"OXXO SOTOMAYOR","BUCARAMANGA","9000346843","2016/05/12","ACTIVA","2025/03/25","2025","7.119301399999999","-73.1149758","Cl. 42 #27-59, Sotomayor, Bucaramanga, Santander, Colombia"
"OXXO CRISTO COMUNEROS","BUCARAMANGA","9000664116","2024/01/26","ACTIVA","2025/03/25","2025","7.135771","-73.1278056","Cra. 19 #10 - 74, Bucaramanga, Santander, Colombia"
"OXXO ALARCON","BUCARAMANGA","9000637331","2023/01/23","CANCELADA","2024/03/26","2024","7.1273465","-73.1214215","Cl. 22 #24 - 02, Comuna 4 Occidental, Bucaramanga, Santander, Colombia"
"OXXO FRANCA SANTANDER","BUCARAMANGA","9000664115","2024/01/26","CANCELADA","2024/01/26","2024","7.061353299999999","-73.125961","Km 4, Anillo Víal, Bucaramanga, Santander, Colombia"
"OXXO GRAN PROVENZA","BUCARAMANGA","9000627419","2022/08/18","ACTIVA","2025/03/25","2025","7.0855","-73.1136219","Cra. 23 #104-38, Bucaramanga, Santander, Colombia"
"OXXO SAN ARCANGEL","BUCARAMANGA","9000642924","2023/03/21","CANCELADA","2024/03/26","2024","","",""
"OXXO EDS BUCAROS","BUCARAMANGA","9000661118","2023/12/01","CANCELADA","2024/03/26","2024","7.116580399999999","-73.1099801","Cra. 35 #48-12, Cabecera del llano, Bucaramanga, Santander, Colombia"
"OXXO GIRON BASILICA","BUCARAMANGA","9000414053","2018/09/25","CANCELADA","2020/05/27","2020","7.0736205","-73.1694323","Cra. 26 #42-01, Girón, Santander, Colombia"
"OXXO GIRON EL POBLADO","BUCARAMANGA","9000360686","2016/11/09","ACTIVA","2025/03/25","2025","7.0736205","-73.1694323","Cra. 26 #42-01, Girón, Santander, Colombia"
"OXXO LENGUERKE","BUCARAMANGA","9000627421","2022/08/18","CANCELADA","2024/03/26","2024","7.0648548","-73.1680365","Cra. 26B #21D-03, Girón, Santander, Colombia"
"OXXO CHICAMOCHA","BUCARAMANGA","9000436449","2019/07/03","ACTIVA","2025/03/25","2025","7.1251656","-73.11386689999999","Cra. 32 #33-110, Mejoras Públicas, Bucaramanga, Santander, Colombia"
"OXXO CALLE 38","BUCARAMANGA","9000600818","2021/09/16","CANCELADA","2024/03/26","2024","","",""
"OXXO CARRERA 33","BUCARAMANGA","9000346840","2016/05/12","CANCELADA","2017/03/28","2017","7.110169099999999","-73.1100644","Cra. 33 #55 - 10, Sotomayor, Bucaramanga, Santander, Colombia"
"OXXO PARQUE LAS PALMAS","BUCARAMANGA","9000488048","2021/04/09","ACTIVA","2025/03/25","2025","7.1199281","-73.11160389999999","Cra. 33 #44 - 04, Bucaramanga, Santander, Colombia"
"OXXO RACE 33","BUCARAMANGA","9000661106","2023/11/30","ACTIVA","2025/03/25","2025","7.110169099999999","-73.1100644","Cra. 33 #55 - 10, Sotomayor, Bucaramanga, Santander, Colombia"
"OXXO CACIQUE PLAZA","BUCARAMANGA","9000650771","2023/06/27","ACTIVA","2025/03/25","2025","7.0982454","-73.109068","Cra. 33 #86-148, Sotomayor, Bucaramanga, Santander, Colombia"
"OXXO PEATONAL 35","BUCARAMANGA","9000346893","2016/05/13","CANCELADA","2017/03/28","2017","","",""
"OXXO BUCARA PLAY","BUCARAMANGA","9000655577","2023/08/31","ACTIVA","2025/03/25","2025","7.114988299999999","-73.1104561","Cl. 49 #33-36, Cabecera del llano, Bucaramanga, Santander, Colombia"
"OXXO PALERMO PIEDECUESTA","BUCARAMANGA","9000635277","2022/12/15","ACTIVA","2025/03/25","2025","6.9925926","-73.0567659","Cra. 4 #0 - 14, Piedecuesta, Santander, Colombia"
"OXXO MIRADOR DE LAS AMERICAS","BUCARAMANGA","9000653212","2023/07/31","CANCELADA","2024/03/26","2024","","",""
"OXXO ASTURIAS","BUCARAMANGA","9000632204","2022/10/19","ACTIVA","2025/03/25","2025","7.089761299999999","-73.1078234","Tv. 28 #104-115, Sotomayor, Bucaramanga, Santander, Colombia"
"OXXO CITY CENTER","BUCARAMANGA","9000644081","2023/04/01","CANCELADA","2024/03/26","2024","","",""
"OXXO ARANZOQUE","BUCARAMANGA","9000437713","2019/07/16","ACTIVA","2025/03/25","2025","7.0584362","-73.08765489999999","Floridablanca, Santander, Colombia"
"OXXO LAGOS","BUCARAMANGA","9000360694","2016/11/09","CANCELADA","2017/03/28","2017","","",""
"OXXO PARQUE DEL RIO","BUCARAMANGA","9000661104","2023/11/30","ACTIVA","2025/03/25","2025","7.0587224","-73.1707139","Girón, Santander, Colombia"
"OXXO CENTAUROS","BUCARAMANGA","9000661115","2023/11/30","ACTIVA","2025/03/25","2025","7.102574600000001","-73.1279661","La Concordia, Bucaramanga, Santander, Colombia"
"OXXO JUNIN","BUCARAMANGA","9000637206","2023/01/20","ACTIVA","2025/03/25","2025","6.99987","-73.0574015","Piedecuesta, Santander, Colombia"
"OXXO GONZALEZ VALENCIA","BUCARAMANGA","9000414052","2018/09/25","ACTIVA","2025/03/25","2025","7.110493399999999","-73.1115695","Sotomayor, Bucaramanga, Santander, Colombia"
"OXXO VALENCIANA","BUCARAMANGA","9000655542","2023/08/31","ACTIVA","2025/03/25","2025","7.074852","-73.1043093","Cl. 22 #12-02, Floridablanca, Santander, Colombia"
"OXXO SAN LORENZO","BUCARAMANGA","9000620176","2022/05/18","CANCELADA","2024/03/26","2024","","",""
"OXXO TORRES DEL BOSQUE","BUCARAMANGA","9000635055","2022/12/09","ACTIVA","2025/03/25","2025","7.075778400000001","-73.1086311","Tv. 154 #150-26, Floridablanca, Santander, Colombia"
"OXXO AVENIDA SEXTA","CALI","1197416","2023/08/31","ACTIVA","2025/03/27","2025","3.4714625","-76.5268516","Av 6 N #30 - 10, San Vicente, Cali, Valle del Cauca, Colombia"
"OXXO BRISAS DE LA SEXTA","CALI","1212645","2024/02/29","ACTIVA","2025/03/27","2025","3.4592179","-76.53210709999999","Av 6a N #17 N 73, San Vicente, Cali, Valle del Cauca, Colombia"
"OXXO FLORA 586","CALI","1197413","2023/08/31","ACTIVA","2025/03/27","2025","3.4903743","-76.5232935","Av 6a N, Menga, Cali, Valle del Cauca, Colombia"
"OXXO 34 NORTE MALL","CALI","1206588","2024/01/10","ACTIVA","2025/03/27","2025","3.4701614","-76.5193756","Av. 2b Nte. #34 Norte-19, Prados Norte, Cali, Valle del Cauca, Colombia"
"OXXO PRADOS DEL NORTE","CALI","1212650","2024/02/29","CANCELADA","2025/03/27","2025","","",""
"OXXO VIPASA","CALI","1197422","2023/08/31","CANCELADA","2024/03/22","2024","","",""
"OXXO PORTUS 352","CALI","1220321","2024/05/14","ACTIVA","2025/03/27","2025","","",""
"OXXO PORTAL ALAMOS","CALI","1223436","2024/06/17","ACTIVA","2025/03/27","2025","3.4853664","-76.5123026","Av. 3 Nte. #52-180, Cali, Valle del Cauca, Colombia"
"OXXO NOVA FLORA","CALI","1228216","2024/08/05","ACTIVA","2025/03/27","2025","3.4885443","-76.5111503","Av. 3 Nte. #60-09, El Rincon, Cali, Valle del Cauca, Colombia"
"OXXO LA 44","CALI","1197420","2023/08/31","ACTIVA","2025/03/27","2025","","",""
"OXXO AV ROOSEVELT","CALI","1202769","2023/10/30","ACTIVA","2025/03/27","2025","3.4250724","-76.5402964","Av. Roosevelt #36 A Bis -07, Eucaristico, Cali, Valle del Cauca, Colombia"
"OXXO TERTULIA","CALI","1235669","2024/10/24","ACTIVA","2025/03/27","2025","3.450998","-76.5462787","Avenida 1 Oe #5-291, Normandia Sebastian de Belalcazar, Cali, Valle del Cauca, Colombia"
"OXXO CERRO PLAZA","CALI","1232293","2024/09/17","ACTIVA","2025/03/27","2025","","",""
"OXXO CLINICA VERSALLES","CALI","1202785","2023/10/30","ACTIVA","2025/03/27","2025","3.4635878","-76.5281901","Cl. 23 Nte. #5 - 95, San Vicente, Cali, Valle del Cauca, Colombia"
"OXXO EDS CANEY PLAZA","CALI","1205615","2023/12/14","ACTIVA","2025/03/27","2025","3.3843928","-76.5240783","Cl. 25 #83-51, Comuna 17, Cali, Valle del Cauca, Colombia"
"OXXO NORTE 626","CALI","1197421","2023/08/31","ACTIVA","2025/03/27","2025","3.4684116","-76.52920929999999","Cl. 26 Nte. #6 - 16, San Vicente, Cali, Valle del Cauca, Colombia"
"OXXO AFE REFUGIO","CALI","1222847","2024/06/11","ACTIVA","2025/03/27","2025","","",""
"OXXO ARBOLATTA MALL","CALI","1212144","2024/02/26","ACTIVA","2025/03/27","2025","3.3603225","-76.5155204","Cl. 48 #106 -83, Cali, Valle del Cauca, Colombia"
"OXXO QDS MALL","CALI","1231211","2024/09/04","ACTIVA","2025/03/27","2025","","",""
"OXXO EDS CALLE QUINTA","CALI","1238719","2024/12/05","ACTIVA","2025/03/27","2025","","",""
"OXXO EDS EL LIDO","CALI","1194137","2023/07/28","ACTIVA","2025/03/27","2025","3.4199843","-76.54858050000001","Cl. 5 #44-24, Cali, Valle del Cauca, Colombia"
"OXXO CAÑAVERALEJO","CALI","1211875","2024/02/23","ACTIVA","2025/03/27","2025","3.408806","-76.5479814","Cl. 5 #56-26, Cuarto de Legua, Cali, Valle del Cauca, Colombia"
"OXXO EDS CAPRI","CALI","1223426","2024/06/17","ACTIVA","2025/03/27","2025","3.4171428","-76.5396049","Cl. 9 #43-09, Los Cambulos, Cali, Valle del Cauca, Colombia"
"OXXO AV COLOMBIA CENTENARIO","CALI","1206751","2024/01/11","ACTIVA","2025/03/27","2025","3.4521364","-76.536846","Cl. 7 Nte. #1N-15, Granada, Cali, Valle del Cauca, Colombia"
"OXXO EDS CAMBULOS","CALI","1202795","2023/10/30","ACTIVA","2025/03/27","2025","3.4171428","-76.5396049","Cl. 9 #43-09, Los Cambulos, Cali, Valle del Cauca, Colombia"
"OXXO NOVENA PLUS","CALI","1235613","2024/10/24","ACTIVA","2025/03/27","2025","3.4003374","-76.5445611","Cl. 9 #64-24, Gran Limonar, Cali, Valle del Cauca, Colombia"
"OXXO HOLGUINES","CALI","1228211","2024/08/05","ACTIVA","2025/03/27","2025","3.3711413","-76.5396864","Cra. 100b #11 A, Ciudad Jardín, Cali, Valle del Cauca, Colombia"
"OXXO PARQUE DEL PERRO 34","CALI","1233438","2024/09/30","ACTIVA","2025/03/27","2025","3.4344175","-76.5446529","Cra. 34 #4-26, El Sindicato, Cali, Valle del Cauca, Colombia"
"OXXO PASCUAL","CALI","1237099","2024/11/14","ACTIVA","2025/03/27","2025","","",""
"OXXO TEQUENDAMA 42","CALI","1238935","2024/12/10","ACTIVA","2025/03/27","2025","3.4221082","-76.5468131","Cra. 42 #5b, Cali, Valle del Cauca, Colombia"
"OXXO LAS PILAS","CALI","1230905","2024/09/02","ACTIVA","2025/05/20","2025","","",""
"OXXO LA MARTINA II","CALI","1242845","2025/02/03","ACTIVA","2025/02/03","2025","3.3934699","-76.541035","Cra. 70 #10A 88, Comuna 17, Cali, Valle del Cauca, Colombia"
"OXXO PODIUM","CALI","1255091","2025/05/30","ACTIVA","2025/05/30","2025","","",""
"OXXO ENTRE RIOS","CALI","1236341","2024/11/01","ACTIVA","2025/03/27","2025","","",""
"OXXO PASARELA III","CALI","1206879","2024/01/11","ACTIVA","2025/03/27","2025","3.4657881","-76.5254709","esquina con Avenida La Estación, Avenida 3ª Norte #3AN-31, San Vicente, Cali, Valle del Cauca, Colombia"
"OXXO EDS NEXOS","DOSQUEBRADAS","74015","2025/06/24","ACTIVA","2025/06/24","2025","","",""
"OXXO PARQUE NATURA","DOSQUEBRADAS","68065","2023/04/26","ACTIVA","2025/03/27","2025","4.8267144","-75.68836499999999","Cl. 15 #754, Dosquebradas, Pereira, Risaralda, Colombia"
"OXXO OPALO","DOSQUEBRADAS","69003","2023/09/07","ACTIVA","2025/03/27","2025","4.826253599999999","-75.683627","Cl. 17 #10 - 33, Dosquebradas, Risaralda, Colombia"
"OXXO AV SANTA MONICA","DOSQUEBRADAS","68939","2023/08/30","ACTIVA","2025/03/27","2025","4.825578999999999","-75.680506","Cl. 18 #17 - 65, Dosquebradas, Risaralda, Colombia"
"OXXO PRADERA PRINCIPAL","DOSQUEBRADAS","73405","2025/04/08","ACTIVA","2025/04/08","2025","4.8263094","-75.6783756","Cl. 21 #19-50, Dosquebradas, Risaralda, Colombia"
"OXXO EL JAPON","DOSQUEBRADAS","71151","2024/06/12","ACTIVA","2025/03/27","2025","","",""
"OXXO PORTAL","DOSQUEBRADAS","69389","2023/11/02","ACTIVA","2025/03/27","2025","","",""
"OXXO EDS AV SIMON BOLIVAR","DOSQUEBRADAS","69729","2024/01/15","ACTIVA","2025/03/27","2025","4.8291277","-75.6791635","Cra. 16 #25-126, Dosquebradas, Risaralda, Colombia"
"OXXO ACUARELA","DOSQUEBRADAS","69804","2024/01/19","ACTIVA","2025/03/27","2025","4.8515061","-75.66247059999999","Dg. 68, Dosquebradas, Risaralda, Colombia"
"OXXO CEDIS EJE CAFETERO","DOSQUEBRADAS","73488","2025/04/15","ACTIVA","2025/04/15","2025","4.7966104","-75.6907816","Cra. 27 #11-53, Pereira, Risaralda, Colombia"
"OXXO EDS LA BADEA","DOSQUEBRADAS","68859","2023/08/16","ACTIVA","2025/03/27","2025","4.8246045","-75.7004481","Dosquebradas, Risaralda, Colombia"
"OXXO SKY PLAZA","DOSQUEBRADAS","66360","2022/09/23","CANCELADA","2024/03/22","2024","4.808317499999999","-75.69143009999999","Calle 15 Este #13-110, Pereira, Risaralda, Colombia"
"OXXO VAHLER","DOSQUEBRADAS","66093","2022/08/18","ACTIVA","2025/03/27","2025","4.8210283","-75.6830322","Villa Carina, Cra. 7 #Lote 7, Dosquebradas, Risaralda, Colombia"
"OXXO EDS QUITO 2000","FACATATIVA","179056","2023/08/29","ACTIVA","2025/03/27","2025","","",""
"OXXO EL SOL","FACATATIVA","177211","2023/06/30","CANCELADA","2024/03/22","2024","4.639500099999999","-74.1157279","Cl. 17 #60-65, Puente Aranda, Bogotá, Cundinamarca, Colombia"
"OXXO LA FORTUNA","FACATATIVA","176019","2023/05/26","CANCELADA","2024/03/22","2024","","",""
"OXXO EDS SANTO DOMINGO","FACATATIVA","180260","2023/10/06","ACTIVA","2025/03/27","2025","4.7211681","-74.2392574","AV TRONCAL DE OCCIDENTE #18 76 Mz A Lot 2, Mosquera, Cundinamarca, Colombia"
"OXXO EDS PUERTO VALLARTA","FACATATIVA","181259","2023/11/30","ACTIVA","2025/03/27","2025","4.701116499999999","-74.2265432","Ak. 5 Este, Mosquera, Cundinamarca, Colombia"
"OXXO SALMANTINA","FACATATIVA","182235","2024/01/26","CANCELADA","2024/01/26","2024","4.7495639","-74.0678222","Cra. 74 #163 - 74, Suba, Bogotá, Cundinamarca, Colombia"
"OXXO VILLA DIANA","FACATATIVA","182240","2024/01/26","ACTIVA","2025/03/27","2025","4.721583","-74.2159396","Cl. 13 #20a-47 a 20a-1, Funza, Cundinamarca, Colombia"
"OXXO VILLA DE LOS ALPES","FACATATIVA","180711","2023/10/31","CANCELADA","2024/03/26","2024","4.721583","-74.2159396","Cl. 13 #20a-47 a 20a-1, Funza, Cundinamarca, Colombia"
"OXXO PORTONES","FACATATIVA","181451","2023/12/15","CANCELADA","2025/03/31","2025","4.7495639","-74.0678222","Cra. 74 #163 - 74, Suba, Bogotá, Cundinamarca, Colombia"
"OXXO LA SABANA","FACATATIVA","180705","2023/10/31","ACTIVA","2025/03/27","2025","4.7495639","-74.0678222","Cra. 74 #163 - 74, Suba, Bogotá, Cundinamarca, Colombia"
"OXXO QUINTAS DE MADRID","FACATATIVA","181402","2023/12/11","ACTIVA","2025/03/31","2025","4.7299411","-74.2589428","Cra. 1 #7 - 49, Madrid, Cundinamarca, Colombia"
"OXXO GUALI","FACATATIVA","180267","2023/10/06","ACTIVA","2025/03/27","2025","4.7030974","-74.215932","Cra. 11 Este #17, Mosquera, Cundinamarca, Colombia"
"OXXO PARQUE LAS AGUAS","FACATATIVA","181452","2023/12/15","ACTIVA","2025/03/31","2025","4.717509499999999","-74.2286495","Cra. 13a #11-09, Mosquera, Cundinamarca, Colombia"
"OXXO LA PROMESA","FACATATIVA","179068","2023/08/29","ACTIVA","2025/03/27","2025","4.704191499999999","-74.2316008","Cra. 3 #1-11, Mosquera, Cundinamarca, Colombia"
"OXXO ALTOS DEL CICLISTA","FACATATIVA","185748","2024/04/30","ACTIVA","2025/03/27","2025","","",""
"OXXO EDS SAN PEDRO","FACATATIVA","177137","2023/06/29","ACTIVA","2025/03/27","2025","4.7351648","-74.18328679999999","PRP8+2M, Funza, Ceuta, Funza, Cundinamarca, Colombia"
"OXXO LA GRAN VIA","GIRARDOT","117091","2024/02/06","ACTIVA","2025/03/27","2025","4.650699299999999","-74.4136858","Cl 3A #3-21, La Gran Via, Tena, Cundinamarca, Colombia"
"OXXO FERROCARRIL","GIRARDOT","112417","2023/01/27","ACTIVA","2025/03/27","2025","4.7495639","-74.0678222","Cra. 74 #163 - 74, Suba, Bogotá, Cundinamarca, Colombia"
"OXXO ALTOS DE LA CRUZ","GIRARDOT","115702","2023/09/07","CANCELADA","2024/03/26","2024","4.7495639","-74.0678222","Cra. 74 #163 - 74, Suba, Bogotá, Cundinamarca, Colombia"
"OXXO EDS CAMINOS","GIRARDOT","115990","2023/10/03","CANCELADA","2024/03/26","2024","4.7495639","-74.0678222","Cra. 74 #163 - 74, Suba, Bogotá, Cundinamarca, Colombia"
"OXXO ENCANTO","GIRARDOT","116102","2023/10/11","ACTIVA","2025/03/27","2025","4.7495639","-74.0678222","Cra. 74 #163 - 74, Suba, Bogotá, Cundinamarca, Colombia"
"OXXO LAS QUINTAS","GIRARDOT","114444","2023/06/05","CANCELADA","2024/03/26","2024","","",""
"OXXO RICAURTE PLAZA","GIRARDOT","116010","2023/10/03","ACTIVA","2025/03/27","2025","4.2775873","-74.7712525","Cra. 16 #6-84, Ricaurte, Cundinamarca, Colombia"
"OXXO EL LEON","GIRARDOT","113108","2023/03/08","ACTIVA","2025/03/27","2025","4.7457167","-74.0399012","Cra. 17 #166-08, Usaquén, Bogotá, Cundinamarca, Colombia"
"OXXO EDS LA PEÑA","GIRARDOT","115693","2023/09/06","ACTIVA","2025/03/27","2025","4.6875652","-74.07521009999999","Av. 68 #95-85, Suba, Bogotá, Cundinamarca, Colombia"
"OXXO EL PEÑON","GIRARDOT","113115","2023/03/08","ACTIVA","2025/03/27","2025","4.3117315","-74.793934","Dg. 38, Girardot, Cundinamarca, Colombia"
"OXXO PEÑALISA.","GIRARDOT","115290","2023/08/01","ACTIVA","2025/03/27","2025","4.7495639","-74.0678222","Cra. 74 #163 - 74, Suba, Bogotá, Cundinamarca, Colombia"
"OXXO ACACIAS","GIRARDOT","116082","2023/10/10","ACTIVA","2025/03/27","2025","","",""
"OXXO MONTEBONITO","IBAGUE","372252","2024/06/05","ACTIVA","2025/03/27","2025","4.448004399999999","-75.15782039999999","730017, Ibagué, Tolima, Colombia"
"OXXO LA SAMARIA","IBAGUE","373988","2024/07/24","ACTIVA","2025/03/27","2025","4.425408400000001","-75.1759484","Clinica Medicadiz, La samaria, Carrera 12 sur, Vía Aeropuerto Perales #No. 93-21 Cons. 403, Ibagué, Tolima, Colombia"
"OXXO VARSOVIA","IBAGUE","372363","2024/06/07","ACTIVA","2025/03/27","2025","","",""
"OXXO CADIZ 34","IBAGUE","386573","2025/06/12","ACTIVA","2025/06/12","2025","4.4373689","-75.2200699","Cra. 4c #32-98, Ibagué, Tolima, Colombia"
"OXXO INSTITUCIONAL","IBAGUE","378517","2024/11/28","CANCELADA","2025/03/27","2025","","",""
"OXXO PIEDRA PINTADA 42","IBAGUE","371608","2024/05/20","ACTIVA","2025/03/27","2025","4.4338358","-75.2105855","Cra. 5 #43, Ibagué, Tolima, Colombia"
"OXXO PARALELA CALDAS","MANIZALES","237529","2024/05/21","ACTIVA","2025/03/27","2025","5.063642","-75.5003649","Av. Paralela #47-68 a 47-112, Manizales, Caldas, Colombia"
"OXXO AVENIDA PALERMO","MANIZALES","242807","2025/02/20","ACTIVA","2025/02/20","2025","4.632695099999999","-74.0696416","Cra, 16 #44-60, Bogotá, Colombia"
"OXXO LA CAMELIA","MANIZALES","234368","2024/01/12","ACTIVA","2025/03/27","2025","5.051226799999999","-75.4842401","Av. Santander #70 A -09, Manizales, Caldas, Colombia"
"OXXO MILAN 23","MANIZALES","240557","2024/10/11","ACTIVA","2025/03/27","2025","4.7274211","-74.06330369999999","Ac. 138 #57 -31, Bogotá, Colombia"
"OXXO EL CABLE","MANIZALES","240648","2024/10/18","ACTIVA","2025/03/27","2025","4.740690799999999","-74.0843903","Cra. 91 #146 B 41, Suba, Bogotá, Colombia"
"OXXO EL TRIANGULO","MANIZALES","233857","2023/11/28","ACTIVA","2025/03/27","2025","5.0622053","-75.49271449999999","Av. Santander, Manizales, Caldas, Colombia"
"OXXO BELEN","MANIZALES","240203","2024/09/24","ACTIVA","2025/03/27","2025","5.060521","-75.49246289999999","Cl. 56 #24 - 05, Manizales, Caldas, Colombia"
"OXXO COLINAS","MANIZALES","237194","2024/05/03","ACTIVA","2025/03/27","2025","4.7222134","-74.06681460000001","Avenida 58 #131a-46, Bogotá, Colombia"
"OXXO EL COLISEO","MANIZALES","233859","2023/11/28","ACTIVA","2025/03/27","2025","5.0569746","-75.4877357","Cl. 64 #24 - 60, Manizales, Caldas, Colombia"
"OXXO LINDSAY","MANIZALES","233858","2023/11/28","ACTIVA","2025/03/27","2025","5.0555618","-75.487189","Cl. 65 #23B - 16B, Manizales, Caldas, Colombia"
"OXXO ALTA SUIZA","MANIZALES","238877","2024/07/23","ACTIVA","2025/03/27","2025","5.0493407","-75.4794905","Cra. 19A #74A-25, Manizales, Caldas, Colombia"
"OXXO MONTEVEDRA","MANIZALES","239643","2024/08/28","ACTIVA","2025/03/27","2025","5.056657599999999","-75.48334109999999","Cra. 20 Bis #65A-101, Manizales, Caldas, Colombia"
"OXXO LA FLORIDA CALLE 71","MANIZALES","236164","2024/03/19","ACTIVA","2025/03/27","2025","4.6756766","-74.0563714","Cra 19 #89-21, Bogotá, Colombia"
"OXXO LAS LOMAS 2","MEDELLIN PARA ANTIOQUIA","80731802","2024/11/20","ACTIVA","2025/03/27","2025","6.212772999999999","-75.5640365","Cra. 34 #11B7, El Poblado, Medellín, El Poblado, Medellín, Antioquia, Colombia"
"OXXO SQUARE","MEDELLIN PARA ANTIOQUIA","80559502","2024/10/22","ACTIVA","2025/03/27","2025","6.1947208","-75.57615249999999","El Poblado, Medellín, El Poblado, Medellín, Antioquia, Colombia"
"OXXO AV LIBERTADORES","MEDELLIN PARA ANTIOQUIA","80025402","2024/07/29","ACTIVA","2025/03/27","2025","","",""
"OXXO MEDELLIN LA 50","MEDELLIN PARA ANTIOQUIA","80609502","2024/10/29","ACTIVA","2025/03/27","2025","6.2616934","-75.59326779999999","Cra. 77B #49B-32, Laureles - Estadio, Medellín, Laureles, Medellín, Antioquia, Colombia"
"OXXO ALMACENTRO","MEDELLIN PARA ANTIOQUIA","79854802","2024/07/04","ACTIVA","2025/03/27","2025","6.2356984","-75.5703844","Centro Comercial Almacentro Torre Norte, Cra. 43A #34-95 Consultorio 707, La Candelaria, Medellín, La Candelaria, Medellín, Antioquia, Colombia"
"OXXO LA NUBIA","MEDELLIN PARA ANTIOQUIA","81979502","2025/05/29","ACTIVA","2025/05/29","2025","","",""
"OXXO DISTRITO POBLADO","MEDELLIN PARA ANTIOQUIA","82130902","2025/06/24","ACTIVA","2025/06/24","2025","6.1996014","-75.5723336","Cra. 42 #3 sur 81 Torre 1 Piso 15, El Poblado, Medellín, El Poblado, Medellín, Antioquia, Colombia"
"OXXO MAZANTI","MEDELLIN PARA ANTIOQUIA","79496102","2024/05/09","ACTIVA","2025/03/27","2025","6.217086699999999","-75.5564134","Cl. 17 #27B 22, El Poblado, Medellín, El Poblado, Medellín, Antioquia, Colombia"
"OXXO PATIO BONITO","MEDELLIN PARA ANTIOQUIA","80387502","2024/09/24","ACTIVA","2025/03/27","2025","","",""
"OXXO YORK","MEDELLIN PARA ANTIOQUIA","80851602","2024/12/18","ACTIVA","2025/03/27","2025","6.186996799999999","-75.5782396","Cl. 17 Sur &, Cra. 43A, El Poblado, Medellín, Antioquia, Colombia"
"OXXO PUNTO CLAVE","MEDELLIN PARA ANTIOQUIA","82131002","2025/06/24","ACTIVA","2025/06/24","2025","6.2297246","-75.5740648","Cl. 27 #46-70, El Poblado, Medellín, El Poblado, Medellín, Antioquia, Colombia"
"OXXO BULEVAR 70","MEDELLIN PARA ANTIOQUIA","81467502","2025/03/17","ACTIVA","2025/03/17","2025","","",""
"OXXO CIUDAD DEL RIO","MEDELLIN PARA ANTIOQUIA","81894202","2025/05/16","ACTIVA","2025/05/16","2025","6.2254562","-75.5747061","Cra. 48 #20-144, El Poblado, Medellín, El Poblado, Medellín, Antioquia, Colombia"
"OXXO EDS ESTACION FLORESTA","MEDELLIN PARA ANTIOQUIA","79202102","2024/03/26","ACTIVA","2025/03/27","2025","6.2587684","-75.5972075","Cl. 48 # 79 - 32 Int 101, Laureles - Estadio, Medellín, Laureles, Medellín, Antioquia, Colombia"
"OXXO EDS MAYORAL","MEDELLIN PARA ANTIOQUIA","78853502","2024/02/13","ACTIVA","2025/03/27","2025","","",""
"OXXO FLORIDA NUEVA","MEDELLIN PARA ANTIOQUIA","80239902","2024/09/02","ACTIVA","2025/03/27","2025","6.252927000000001","-75.59252839999999","Cra. 75 #45F-23, Laureles - Estadio, Medellín, Laureles, Medellín, Antioquia, Colombia"
"OXXO PARQUE CONQUISTADORES","MEDELLIN PARA ANTIOQUIA","81467602","2025/03/17","ACTIVA","2025/03/17","2025","","",""
"OXXO PIES DESCALZOS","MEDELLIN PARA ANTIOQUIA","82093102","2025/06/17","ACTIVA","2025/06/17","2025","6.2445867","-75.57687829999999","Cra. 57a #42-125, La Candelaria, Medellín, La Candelaria, Medellín, Antioquia, Colombia"
"OXXO LA PLAYA","MEDELLIN PARA ANTIOQUIA","80025502","2024/07/29","ACTIVA","2025/03/27","2025","6.2488972","-75.5633926","Cl. 52 #43-127, La Candelaria, Medellín, La Candelaria, Medellín, Antioquia, Colombia"
"OXXO LAURELES LA CASTELLANA","MEDELLIN PARA ANTIOQUIA","80547202","2024/10/18","ACTIVA","2025/03/27","2025","6.238887","-75.6059889","Cra 83 #33-16, Simón Bolívar, Medellín, Laureles, Medellín, Antioquia, Colombia"
"OXXO ROSE POBLADO","MEDELLIN PARA ANTIOQUIA","81979802","2025/05/29","ACTIVA","2025/05/29","2025","6.2076555","-75.5676614","Cra. 37a #8-2 a 8-88, El Poblado, Medellín, El Poblado, Medellín, Antioquia, Colombia"
"OXXO SAN FERNANDO PLAZA","MEDELLIN PARA ANTIOQUIA","79069602","2024/03/08","ACTIVA","2025/03/27","2025","6.2040687","-75.57081029999999","Av. El Poblado #1-50, El Poblado, Medellín, El Poblado, Medellín, Antioquia, Colombia"
"OXXO CEOH","MEDELLIN PARA ANTIOQUIA","81894502","2025/05/16","ACTIVA","2025/05/16","2025","","",""
"OXXO ORIENTAL 54","MEDELLIN PARA ANTIOQUIA","79907802","2024/07/11","ACTIVA","2025/03/27","2025","6.2514946","-75.5636342","Cra. 46 #54-01, La Candelaria, Medellín, La Candelaria, Medellín, Antioquia, Colombia"
"OXXO TERMINAL DEL SUR","MEDELLIN PARA ANTIOQUIA","82131102","2025/06/24","ACTIVA","2025/06/24","2025","6.216318999999999","-75.586877","Cra. 65 #8B-91, Guayabal, Medellín, Guayabal, Medellín, Antioquia, Colombia"
"OXXO DIAMANTE COLORES","MEDELLIN PARA ANTIOQUIA","78892102","2024/02/16","ACTIVA","2025/03/27","2025","6.260872699999999","-75.5887616","Cra. 73 #51-31, Laureles - Estadio, Medellín, Laureles, Medellín, Antioquia, Colombia"
"OXXO HERMOSA PROVINCIA","MEDELLIN PARA ANTIOQUIA","80731702","2024/11/20","ACTIVA","2025/03/27","2025","6.3396832","-75.5454462","Dg. 55 #38-21, Hermosa Provincia, Bello, Antioquia, Colombia"
"OXXO EDS PORTAL DE NIQUIA","MEDELLIN PARA ANTIOQUIA","78892202","2024/02/16","ACTIVA","2025/03/27","2025","6.3396832","-75.5454462","Dg. 55 #38-21, Hermosa Provincia, Bello, Antioquia, Colombia"
"OXXO MEDELLIN GRAN VIA","MEDELLIN PARA ANTIOQUIA","80516002","2024/10/11","ACTIVA","2025/03/27","2025","6.2171623","-75.5984969","Mall la Gran Vía, Medellín, Belén, Medellín, Antioquia, Colombia"
"OXXO SAN PEDRO","MEDELLIN PARA ANTIOQUIA","79727902","2024/06/14","ACTIVA","2025/03/27","2025","6.2562276","-75.598452","La América, Av. 80 #45G - 67 Oficina 301, La Floresta, Medellín, La América, Medellín, Antioquia, Colombia"
"OXXO NUTIBARA CIRCULAR 4","MEDELLIN PARA ANTIOQUIA","80609602","2024/10/29","ACTIVA","2025/03/27","2025","6.243761999999999","-75.5938011","Tv. 39B #4-30, Laureles - Estadio, Medellín, Laureles, Medellín, Antioquia, Colombia"
"OXXO UNIVERSITARIO LEON XII","MEDELLIN PARA ANTIOQUIA","80217402","2024/08/28","ACTIVA","2025/03/27","2025","","",""
"OXXO CHOFERES","PEREIRA","18200903","2022/09/08","CANCELADA","2024/03/22","2024","","",""
"OXXO MATECAÑA","PEREIRA","18207415","2023/04/04","CANCELADA","2024/03/27","2024","","",""
"OXXO PISTA AEROPUERTO","PEREIRA","18200025","2022/08/12","ACTIVA","2025/03/20","2025","","",""
"OXXO GARZAS","PEREIRA","18212637","2023/10/05","ACTIVA","2025/03/20","2025","","",""
"OXXO CIRCUNVALAR PLAZUELA","PEREIRA","18223262","2024/11/19","ACTIVA","2025/03/20","2025","","",""
"OXXO PEREIRA PLAZA","PEREIRA","18204396","2023/01/04","ACTIVA","2025/03/20","2025","4.808317499999999","-75.69143009999999","Calle 15 Este #13-110, Pereira, Risaralda, Colombia"
"OXXO SAN VICENTE","PEREIRA","18200008","2022/08/12","ACTIVA","2025/03/20","2025","","",""
"OXXO DIARIO EL OTÚN","PEREIRA","18200007","2022/08/12","ACTIVA","2025/03/20","2025","4.812492499999999","-75.6945403","Cl 19 #Carrera 9, Pereira, Risaralda, Colombia"
"OXXO INVICO","PEREIRA","18210783","2023/08/08","ACTIVA","2025/03/20","2025","4.807570999999999","-75.69058690000001","Cl. 14 #14-23, Pereira, Risaralda, Colombia"
"OXXO U 17","PEREIRA","18213162","2023/10/26","ACTIVA","2025/03/20","2025","","",""
"OXXO SANTIAGO LONDOÑO","PEREIRA","18219373","2024/06/13","ACTIVA","2025/03/20","2025","4.8101975","-75.69371459999999","Cl. 18 #1205, Pereira, Risaralda, Colombia"
"OXXO LA LORENA","PEREIRA","18213161","2023/10/26","ACTIVA","2025/03/20","2025","4.8055914","-75.6969482","Cl. 21 #21 17B - 07, Pereira, Risaralda, Colombia"
"OXXO JERONIMO","PEREIRA","18207414","2023/04/04","CANCELADA","2024/03/22","2024","","",""
"OXXO GUADALUPE ZAPATA","PEREIRA","18218473","2024/05/09","ACTIVA","2025/03/20","2025","4.8044874","-75.73882909999999","Cra. 25 #72c72, Pereira, Risaralda, Colombia"
"OXXO VILLA VERDE","PEREIRA","18222681","2024/10/21","ACTIVA","2025/03/20","2025","","",""
"OXXO MARAYA","PEREIRA","18219823","2024/06/28","ACTIVA","2025/03/20","2025","4.8136025","-75.7168496","Cra. 11 #44-140, Pereira, Risaralda, Colombia"
"OXXO GALICIA","PEREIRA","18203422","2022/11/22","ACTIVA","2025/03/20","2025","4.8115236","-75.7970224","Cra. 15A #15-140, Pereira, Risaralda, Colombia"
"OXXO PALACIO DE JUSTICIA","PEREIRA","18200005","2022/08/12","CANCELADA","2024/03/22","2024","","",""
"OXXO PLAZA U","PEREIRA","18220896","2024/08/08","ACTIVA","2025/03/20","2025","4.796575799999999","-75.6909818","Cra. 27 #11-53, Pereira, Risaralda, Colombia"
"OXXO POBLADO MALL","PEREIRA","18204390","2023/01/04","ACTIVA","2025/03/20","2025","4.8005321","-75.70873809999999","Cra. 29 #33-55, Pereira, Risaralda, Colombia"
"OXXO AVENIDA SUR","PEREIRA","18209735","2023/06/29","ACTIVA","2025/03/20","2025","4.8081666","-75.7101899","EL JARDIN, Pereira, Risaralda, Colombia"
"OXXO PINARES DE SAN MARTIN","PEREIRA","18203423","2022/11/22","CANCELADA","2024/03/27","2024","4.8024434","-75.6856835","Edificio Tripoli, Cl. 8 #19-12 Local 6, Pereira, Risaralda, Colombia"
"OXXO TRIPOLI","PEREIRA","18218291","2024/05/03","ACTIVA","2025/03/20","2025","4.8024434","-75.6856835","Edificio Tripoli, Cl. 8 #19-12 Local 6, Pereira, Risaralda, Colombia"
"OXXO TRIBUNAS","PEREIRA","18204393","2023/01/04","ACTIVA","2025/03/20","2025","4.7785131","-75.69561170000001","Huertas, Pereira, Risaralda, Colombia"
"OXXO CORALES CRA 25","PEREIRA","18219322","2024/06/12","ACTIVA","2025/03/20","2025","4.8006323","-75.7429709","Manzana 46 #casa 15 3 piso, Pereira, Risaralda, Colombia"
"OXXO LLANO GRANDE","PEREIRA","18214393","2024/01/09","ACTIVA","2025/03/20","2025","4.8267687","-75.73495799999999","Mirador de Llano Grande, CRA 1E #65-15, Pereira, Risaralda, Colombia"
"OXXO TOSCANA","PEREIRA","18213842","2023/11/27","ACTIVA","2025/03/20","2025","4.8083292","-75.7572981","Villa Olímpica #94 Lote 5, Pereira, Risaralda, Colombia"
"OXXO VILLA OLIMPICA","PEREIRA","18219090","2024/06/04","ACTIVA","2025/03/20","2025","4.8083292","-75.7572981","Villa Olímpica #94 Lote 5, Pereira, Risaralda, Colombia"
"OXXO BASE AEREA","SUR Y ORIENTE DEL TOLIMA","122968","2024/01/31","ACTIVA","2025/03/27","2025","","",""
"OXXO SUNDAY","SUR Y ORIENTE DEL TOLIMA","121858","2023/10/06","ACTIVA","2025/03/27","2025","","",""
"OXXO KARMEL","SUR Y ORIENTE DEL TOLIMA","119250","2023/03/15","ACTIVA","2025/03/27","2025","4.2040991","-74.64458309999999","Melgar, Tolima, Colombia"
"OXXO ALAMEDA DE UNICENTRO","TUNJA","220595","2024/04/13","ACTIVA","2025/03/27","2025","5.5479192","-73.3464757","Av Universitaria #42A-60, Tunja, Boyacá, Colombia"
"OXXO ROTONDA BICENTENARIO","TUNJA","222112","2024/05/21","ACTIVA","2025/03/27","2025","","",""
"OXXO EDS MALDONADO","TUNJA","219727","2024/03/15","ACTIVA","2025/03/27","2025","5.54278","-73.3594251","Cl. 26a #10-59, Tunja, Boyacá, Colombia"
"OXXO TORRES DE SION","TUNJA","220210","2024/04/02","ACTIVA","2025/03/27","2025","5.5496167","-73.358295","Cl. 38 #12-5, Tunja, Boyacá, Colombia"
"OXXO JUAN CASTELLANOS","TUNJA","223388","2024/07/02","ACTIVA","2025/03/27","2025","","",""
"OXXO DAVINCI","TUNJA","221476","2024/05/03","ACTIVA","2025/03/27","2025","","",""
"OXXO NOGAL PLAZA","TUNJA","222663","2024/06/06","ACTIVA","2025/03/27","2025","5.5707309","-73.343159","Cra. 6 #64B-195, Tunja, Boyacá, Colombia"
"OXXO BAVARO PLAZA","TUNJA","223032","2024/06/18","ACTIVA","2025/03/27","2025","5.551499499999999","-73.3466497","Edificio Bávaro Plaza, Av Universitaria #46-21, Tunja, Boyacá, Colombia"
"OXXO POZO DE DONATO","TUNJA","221475","2024/05/03","ACTIVA","2025/03/27","2025","5.5519129","-73.3524322","Tunja, Boyacá, Colombia"